ISO-10303-21;
HEADER;
FILE_DESCRIPTION(('Open CASCADE Model'),'2;1');
FILE_NAME('Open CASCADE Shape Model','2026-05-05T11:04:58',('Author'),(
    'Open CASCADE'),'Open CASCADE STEP processor 7.9','Open CASCADE 7.9'
  ,'Unknown');
FILE_SCHEMA(('AUTOMOTIVE_DESIGN { 1 0 10303 214 1 1 1 1 }'));
ENDSEC;
DATA;
#1 = APPLICATION_PROTOCOL_DEFINITION('international standard',
  'automotive_design',2000,#2);
#2 = APPLICATION_CONTEXT(
  'core data for automotive mechanical design processes');
#3 = SHAPE_DEFINITION_REPRESENTATION(#4,#10);
#4 = PRODUCT_DEFINITION_SHAPE('','',#5);
#5 = PRODUCT_DEFINITION('design','',#6,#9);
#6 = PRODUCT_DEFINITION_FORMATION('','',#7);
#7 = PRODUCT('SOLID','SOLID','',(#8));
#8 = PRODUCT_CONTEXT('',#2,'mechanical');
#9 = PRODUCT_DEFINITION_CONTEXT('part definition',#2,'design');
#10 = ADVANCED_BREP_SHAPE_REPRESENTATION('',(#11,#15),#9030);
#11 = AXIS2_PLACEMENT_3D('',#12,#13,#14);
#12 = CARTESIAN_POINT('',(0.,0.,0.));
#13 = DIRECTION('',(0.,0.,1.));
#14 = DIRECTION('',(1.,0.,-0.));
#15 = MANIFOLD_SOLID_BREP('',#16);
#16 = CLOSED_SHELL('',(#17,#72,#109,#170,#225,#269,#295,#335,#372,#1805,
    #1869,#1933,#1965,#2005,#2045,#2109,#2199,#2219,#2239,#2259,#2279,
    #2315,#2351,#2382,#2413,#2475,#2537,#2581,#2593,#2605,#2617,#2629,
    #2647,#2665,#2688,#2710,#2742,#2754,#2766,#2782,#2798,#2810,#2826,
    #2842,#2854,#2882,#2911,#2933,#2956,#2972,#2984,#3012,#3041,#3063,
    #3086,#3102,#3114,#3137,#3160,#3189,#3221,#3237,#3247,#3275,#3297,
    #3319,#3341,#3363,#3379,#3393,#3427,#3449,#3477,#3505,#3533,#3561,
    #3589,#3617,#3639,#3667,#3695,#3723,#3751,#3773,#3795,#3823,#3845,
    #3867,#3889,#3911,#3933,#3955,#3977,#3999,#4021,#4043,#4059,#4079,
    #4203,#4223,#4243,#4263,#4283,#4303,#4319,#4331,#4359,#4381,#4403,
    #4431,#4459,#4487,#4509,#4524,#4636,#4656,#4672,#4688,#4704,#4720,
    #4736,#4752,#4764,#4792,#4814,#4842,#4864,#4892,#4908,#4922,#4950,
    #4972,#4994,#5016,#5038,#5060,#5082,#5104,#5126,#5148,#5170,#5186,
    #5206,#5398,#5422,#5438,#5458,#5478,#5494,#5514,#5534,#5554,#5574,
    #5590,#5606,#5622,#5638,#5654,#5688,#5716,#5744,#5772,#5800,#5828,
    #5850,#5866,#5882,#5916,#5938,#5966,#5994,#6022,#6050,#6078,#6106,
    #6134,#6162,#6190,#6218,#6240,#6268,#6296,#6324,#6352,#6380,#6408,
    #6436,#6458,#6487,#6515,#6537,#6565,#6587,#6609,#6631,#6653,#6675,
    #6697,#6725,#6753,#6775,#6803,#6831,#6847,#6870,#6898,#6920,#6942,
    #6964,#6986,#7008,#7030,#7052,#7074,#7096,#7118,#7134,#7154,#7278,
    #7298,#7318,#7338,#7358,#7378,#7394,#7406,#7434,#7456,#7478,#7506,
    #7534,#7562,#7584,#7599,#7711,#7731,#7747,#7763,#7779,#7795,#7811,
    #7827,#7839,#7867,#7889,#7917,#7939,#7967,#7983,#7997,#8317,#8341,
    #8361,#8381,#8401,#8421,#8441,#8461,#8481,#8501,#8521,#8541,#8561,
    #8577,#8593,#8609,#8625,#8645,#8665,#8685,#8705,#8725,#8745,#8765,
    #8781,#8801,#8821,#8837,#8857,#8877,#8897,#8913,#8933,#8949,#8992,
    #9020));
#17 = ADVANCED_FACE('',(#18),#56,.F.);
#18 = FACE_BOUND('',#19,.F.);
#19 = EDGE_LOOP('',(#20,#32,#40,#50));
#20 = ORIENTED_EDGE('',*,*,#21,.F.);
#21 = EDGE_CURVE('',#22,#24,#26,.T.);
#22 = VERTEX_POINT('',#23);
#23 = CARTESIAN_POINT('',(-3.046720541058,3.731156558503E-16,
    1.565002881949));
#24 = VERTEX_POINT('',#25);
#25 = CARTESIAN_POINT('',(3.046720541058,0.,1.565002881949));
#26 = ( BOUNDED_CURVE() B_SPLINE_CURVE(2,(#27,#28,#29,#30,#31),
.UNSPECIFIED.,.F.,.F.) B_SPLINE_CURVE_WITH_KNOTS((3,2,3),(0.,
1.570796326795,3.14159265359),.PIECEWISE_BEZIER_KNOTS.) CURVE() 
GEOMETRIC_REPRESENTATION_ITEM() RATIONAL_B_SPLINE_CURVE((1.,
0.707106781187,1.,0.707106781187,1.)) REPRESENTATION_ITEM('') );
#27 = CARTESIAN_POINT('',(-3.046720541058,0.,1.565002881949));
#28 = CARTESIAN_POINT('',(-3.046720541058,3.046720541058,1.565002881949)
  );
#29 = CARTESIAN_POINT('',(2.575313819249E-16,3.046720541058,
    1.565002881949));
#30 = CARTESIAN_POINT('',(3.046720541058,3.046720541058,1.565002881949)
  );
#31 = CARTESIAN_POINT('',(3.046720541058,3.731156558503E-16,
    1.565002881949));
#32 = ORIENTED_EDGE('',*,*,#33,.T.);
#33 = EDGE_CURVE('',#22,#34,#36,.T.);
#34 = VERTEX_POINT('',#35);
#35 = CARTESIAN_POINT('',(-2.959032796249,3.623770042499E-16,
    1.341942049411));
#36 = ( BOUNDED_CURVE() B_SPLINE_CURVE(2,(#37,#38,#39),.UNSPECIFIED.,.F.
,.F.) B_SPLINE_CURVE_WITH_KNOTS((3,3),(2.392485022809,3.14159265359),
.PIECEWISE_BEZIER_KNOTS.) CURVE() GEOMETRIC_REPRESENTATION_ITEM() 
RATIONAL_B_SPLINE_CURVE((1.,0.930670954449,1.)) REPRESENTATION_ITEM('') 
  );
#37 = CARTESIAN_POINT('',(-3.046720541058,3.731156558503E-16,
    1.565002881949));
#38 = CARTESIAN_POINT('',(-2.959032796249,3.623770042499E-16,
    1.47070798951));
#39 = CARTESIAN_POINT('',(-2.959032796249,3.623770042499E-16,
    1.341942049411));
#40 = ORIENTED_EDGE('',*,*,#41,.F.);
#41 = EDGE_CURVE('',#42,#34,#44,.T.);
#42 = VERTEX_POINT('',#43);
#43 = CARTESIAN_POINT('',(2.959032796249,0.,1.341942049411));
#44 = ( BOUNDED_CURVE() B_SPLINE_CURVE(2,(#45,#46,#47,#48,#49),
.UNSPECIFIED.,.F.,.F.) B_SPLINE_CURVE_WITH_KNOTS((3,2,3),(0.,
1.570796326795,3.14159265359),.PIECEWISE_BEZIER_KNOTS.) CURVE() 
GEOMETRIC_REPRESENTATION_ITEM() RATIONAL_B_SPLINE_CURVE((1.,
0.707106781187,1.,0.707106781187,1.)) REPRESENTATION_ITEM('') );
#45 = CARTESIAN_POINT('',(2.959032796249,0.,1.341942049411));
#46 = CARTESIAN_POINT('',(2.959032796249,2.959032796249,1.341942049411)
  );
#47 = CARTESIAN_POINT('',(6.25277711975E-16,2.959032796249,
    1.341942049411));
#48 = CARTESIAN_POINT('',(-2.959032796249,2.959032796249,1.341942049411)
  );
#49 = CARTESIAN_POINT('',(-2.959032796249,3.623770042499E-16,
    1.341942049411));
#50 = ORIENTED_EDGE('',*,*,#51,.F.);
#51 = EDGE_CURVE('',#24,#42,#52,.T.);
#52 = ( BOUNDED_CURVE() B_SPLINE_CURVE(2,(#53,#54,#55),.UNSPECIFIED.,.F.
,.F.) B_SPLINE_CURVE_WITH_KNOTS((3,3),(3.963281349603,4.712388980385),
.PIECEWISE_BEZIER_KNOTS.) CURVE() GEOMETRIC_REPRESENTATION_ITEM() 
RATIONAL_B_SPLINE_CURVE((1.,0.930670954449,1.)) REPRESENTATION_ITEM('') 
  );
#53 = CARTESIAN_POINT('',(3.046720541058,0.,1.565002881949));
#54 = CARTESIAN_POINT('',(2.959032796249,0.,1.47070798951));
#55 = CARTESIAN_POINT('',(2.959032796249,0.,1.341942049411));
#56 = ( BOUNDED_SURFACE() B_SPLINE_SURFACE(2,2,(
    (#57,#58,#59)
    ,(#60,#61,#62)
    ,(#63,#64,#65)
    ,(#66,#67,#68)
    ,(#69,#70,#71
)),.UNSPECIFIED.,.F.,.F.,.F.) B_SPLINE_SURFACE_WITH_KNOTS((3,2,3),(3,3),
  (0.,1.570796326795,3.14159265359),(2.392485022809,3.14159265359),
.PIECEWISE_BEZIER_KNOTS.) GEOMETRIC_REPRESENTATION_ITEM() 
RATIONAL_B_SPLINE_SURFACE((
    (1.,0.930670954449,1.)
    ,(0.707106781187,0.658083742944,0.707106781187)
    ,(1.,0.930670954449,1.)
    ,(0.707106781187,0.658083742944,0.707106781187)
,(1.,0.930670954449,1.))) REPRESENTATION_ITEM('') SURFACE() );
#57 = CARTESIAN_POINT('',(3.046720541058,0.,1.565002881949));
#58 = CARTESIAN_POINT('',(2.959032796249,0.,1.47070798951));
#59 = CARTESIAN_POINT('',(2.959032796249,0.,1.341942049411));
#60 = CARTESIAN_POINT('',(3.046720541058,3.046720541058,1.565002881949)
  );
#61 = CARTESIAN_POINT('',(2.959032796249,2.959032796249,1.47070798951));
#62 = CARTESIAN_POINT('',(2.959032796249,2.959032796249,1.341942049411)
  );
#63 = CARTESIAN_POINT('',(6.306470377752E-16,3.046720541058,
    1.565002881949));
#64 = CARTESIAN_POINT('',(6.25277711975E-16,2.959032796249,1.47070798951
    ));
#65 = CARTESIAN_POINT('',(6.25277711975E-16,2.959032796249,
    1.341942049411));
#66 = CARTESIAN_POINT('',(-3.046720541058,3.046720541058,1.565002881949)
  );
#67 = CARTESIAN_POINT('',(-2.959032796249,2.959032796249,1.47070798951)
  );
#68 = CARTESIAN_POINT('',(-2.959032796249,2.959032796249,1.341942049411)
  );
#69 = CARTESIAN_POINT('',(-3.046720541058,3.731156558503E-16,
    1.565002881949));
#70 = CARTESIAN_POINT('',(-2.959032796249,3.623770042499E-16,
    1.47070798951));
#71 = CARTESIAN_POINT('',(-2.959032796249,3.623770042499E-16,
    1.341942049411));
#72 = ADVANCED_FACE('',(#73),#93,.F.);
#73 = FACE_BOUND('',#74,.F.);
#74 = EDGE_LOOP('',(#75,#83,#84,#92));
#75 = ORIENTED_EDGE('',*,*,#76,.F.);
#76 = EDGE_CURVE('',#24,#22,#77,.T.);
#77 = ( BOUNDED_CURVE() B_SPLINE_CURVE(2,(#78,#79,#80,#81,#82),
.UNSPECIFIED.,.F.,.F.) B_SPLINE_CURVE_WITH_KNOTS((3,2,3),(3.14159265359,
4.712388980385,6.28318530718),.PIECEWISE_BEZIER_KNOTS.) CURVE() 
GEOMETRIC_REPRESENTATION_ITEM() RATIONAL_B_SPLINE_CURVE((1.,
0.707106781187,1.,0.707106781187,1.)) REPRESENTATION_ITEM('') );
#78 = CARTESIAN_POINT('',(3.046720541058,3.731156558503E-16,
    1.565002881949));
#79 = CARTESIAN_POINT('',(3.046720541058,-3.046720541058,1.565002881949)
  );
#80 = CARTESIAN_POINT('',(1.003762693625E-15,-3.046720541058,
    1.565002881949));
#81 = CARTESIAN_POINT('',(-3.046720541058,-3.046720541058,1.565002881949
    ));
#82 = CARTESIAN_POINT('',(-3.046720541058,-7.462313117005E-16,
    1.565002881949));
#83 = ORIENTED_EDGE('',*,*,#51,.T.);
#84 = ORIENTED_EDGE('',*,*,#85,.F.);
#85 = EDGE_CURVE('',#34,#42,#86,.T.);
#86 = ( BOUNDED_CURVE() B_SPLINE_CURVE(2,(#87,#88,#89,#90,#91),
.UNSPECIFIED.,.F.,.F.) B_SPLINE_CURVE_WITH_KNOTS((3,2,3),(3.14159265359,
4.712388980385,6.28318530718),.PIECEWISE_BEZIER_KNOTS.) CURVE() 
GEOMETRIC_REPRESENTATION_ITEM() RATIONAL_B_SPLINE_CURVE((1.,
0.707106781187,1.,0.707106781187,1.)) REPRESENTATION_ITEM('') );
#87 = CARTESIAN_POINT('',(-2.959032796249,3.623770042499E-16,
    1.341942049411));
#88 = CARTESIAN_POINT('',(-2.959032796249,-2.959032796249,1.341942049411
    ));
#89 = CARTESIAN_POINT('',(-9.947629652477E-17,-2.959032796249,
    1.341942049411));
#90 = CARTESIAN_POINT('',(2.959032796249,-2.959032796249,1.341942049411)
  );
#91 = CARTESIAN_POINT('',(2.959032796249,-7.247540084998E-16,
    1.341942049411));
#92 = ORIENTED_EDGE('',*,*,#33,.F.);
#93 = ( BOUNDED_SURFACE() B_SPLINE_SURFACE(2,2,(
    (#94,#95,#96)
    ,(#97,#98,#99)
    ,(#100,#101,#102)
    ,(#103,#104,#105)
    ,(#106,#107,#108
)),.UNSPECIFIED.,.F.,.F.,.F.) B_SPLINE_SURFACE_WITH_KNOTS((3,2,3),(3,3),
  (3.14159265359,4.712388980385,6.28318530718),(2.392485022809,
    3.14159265359),.PIECEWISE_BEZIER_KNOTS.) 
GEOMETRIC_REPRESENTATION_ITEM() RATIONAL_B_SPLINE_SURFACE((
    (1.,0.930670954449,1.)
    ,(0.707106781187,0.658083742944,0.707106781187)
    ,(1.,0.930670954449,1.)
    ,(0.707106781187,0.658083742944,0.707106781187)
,(1.,0.930670954449,1.))) REPRESENTATION_ITEM('') SURFACE() );
#94 = CARTESIAN_POINT('',(-3.046720541058,3.731156558503E-16,
    1.565002881949));
#95 = CARTESIAN_POINT('',(-2.959032796249,3.623770042499E-16,
    1.47070798951));
#96 = CARTESIAN_POINT('',(-2.959032796249,3.623770042499E-16,
    1.341942049411));
#97 = CARTESIAN_POINT('',(-3.046720541058,-3.046720541058,1.565002881949
    ));
#98 = CARTESIAN_POINT('',(-2.959032796249,-2.959032796249,1.47070798951)
  );
#99 = CARTESIAN_POINT('',(-2.959032796249,-2.959032796249,1.341942049411
    ));
#100 = CARTESIAN_POINT('',(-1.155842739253E-16,-3.046720541058,
    1.565002881949));
#101 = CARTESIAN_POINT('',(-9.947629652477E-17,-2.959032796249,
    1.47070798951));
#102 = CARTESIAN_POINT('',(-9.947629652477E-17,-2.959032796249,
    1.341942049411));
#103 = CARTESIAN_POINT('',(3.046720541058,-3.046720541058,1.565002881949
    ));
#104 = CARTESIAN_POINT('',(2.959032796249,-2.959032796249,1.47070798951)
  );
#105 = CARTESIAN_POINT('',(2.959032796249,-2.959032796249,1.341942049411
    ));
#106 = CARTESIAN_POINT('',(3.046720541058,-7.462313117005E-16,
    1.565002881949));
#107 = CARTESIAN_POINT('',(2.959032796249,-7.247540084998E-16,
    1.47070798951));
#108 = CARTESIAN_POINT('',(2.959032796249,-7.247540084998E-16,
    1.341942049411));
#109 = ADVANCED_FACE('',(#110),#154,.T.);
#110 = FACE_BOUND('',#111,.T.);
#111 = EDGE_LOOP('',(#112,#124,#132,#140,#148));
#112 = ORIENTED_EDGE('',*,*,#113,.F.);
#113 = EDGE_CURVE('',#114,#116,#118,.T.);
#114 = VERTEX_POINT('',#115);
#115 = CARTESIAN_POINT('',(-3.099401140783,0.,5.529725309905));
#116 = VERTEX_POINT('',#117);
#117 = CARTESIAN_POINT('',(3.099401140783,3.795671686333E-16,
    5.529725309905));
#118 = ( BOUNDED_CURVE() B_SPLINE_CURVE(2,(#119,#120,#121,#122,#123),
.UNSPECIFIED.,.F.,.F.) B_SPLINE_CURVE_WITH_KNOTS((3,2,3),(3.14159265359,
4.712388980385,6.28318530718),.PIECEWISE_BEZIER_KNOTS.) CURVE() 
GEOMETRIC_REPRESENTATION_ITEM() RATIONAL_B_SPLINE_CURVE((1.,
0.707106781187,1.,0.707106781187,1.)) REPRESENTATION_ITEM('') );
#119 = CARTESIAN_POINT('',(-3.099401140783,-3.795671686333E-16,
    5.529725309905));
#120 = CARTESIAN_POINT('',(-3.099401140783,3.099401140783,5.529725309905
    ));
#121 = CARTESIAN_POINT('',(-1.252615431E-16,3.099401140783,
    5.529725309905));
#122 = CARTESIAN_POINT('',(3.099401140783,3.099401140783,5.529725309905)
  );
#123 = CARTESIAN_POINT('',(3.099401140783,7.591343372667E-16,
    5.529725309905));
#124 = ORIENTED_EDGE('',*,*,#125,.T.);
#125 = EDGE_CURVE('',#114,#126,#128,.T.);
#126 = VERTEX_POINT('',#127);
#127 = CARTESIAN_POINT('',(-2.902613766765,3.675174172482E-16,
    5.726512683923));
#128 = ( BOUNDED_CURVE() B_SPLINE_CURVE(2,(#129,#130,#131),
.UNSPECIFIED.,.F.,.F.) B_SPLINE_CURVE_WITH_KNOTS((3,3),(0.,
1.570796326795),.PIECEWISE_BEZIER_KNOTS.) CURVE() 
GEOMETRIC_REPRESENTATION_ITEM() RATIONAL_B_SPLINE_CURVE((1.,
0.707106781187,1.)) REPRESENTATION_ITEM('') );
#129 = CARTESIAN_POINT('',(-3.099401140783,3.795671686333E-16,
    5.529725309905));
#130 = CARTESIAN_POINT('',(-3.099401140783,3.795671686333E-16,
    5.726512683923));
#131 = CARTESIAN_POINT('',(-2.902613766765,3.55467665863E-16,
    5.726512683923));
#132 = ORIENTED_EDGE('',*,*,#133,.F.);
#133 = EDGE_CURVE('',#134,#126,#136,.T.);
#134 = VERTEX_POINT('',#135);
#135 = CARTESIAN_POINT('',(-1.414497185172,2.534632989637,5.726512683923
    ));
#136 = ( BOUNDED_CURVE() B_SPLINE_CURVE(2,(#137,#138,#139),
.UNSPECIFIED.,.F.,.F.) B_SPLINE_CURVE_WITH_KNOTS((3,3),(2.079812556307,
3.14159265359),.PIECEWISE_BEZIER_KNOTS.) CURVE() 
GEOMETRIC_REPRESENTATION_ITEM() RATIONAL_B_SPLINE_CURVE((1.,
0.862356779559,1.)) REPRESENTATION_ITEM('') );
#137 = CARTESIAN_POINT('',(-1.414497185172,2.534632989637,5.726512683923
    ));
#138 = CARTESIAN_POINT('',(-2.902613766765,1.704162967161,5.726512683923
    ));
#139 = CARTESIAN_POINT('',(-2.902613766765,3.55467665863E-16,
    5.726512683923));
#140 = ORIENTED_EDGE('',*,*,#141,.F.);
#141 = EDGE_CURVE('',#142,#134,#144,.T.);
#142 = VERTEX_POINT('',#143);
#143 = CARTESIAN_POINT('',(2.902613766765,0.,5.726512683923));
#144 = ( BOUNDED_CURVE() B_SPLINE_CURVE(2,(#145,#146,#147),
.UNSPECIFIED.,.F.,.F.) B_SPLINE_CURVE_WITH_KNOTS((3,3),(0.,
2.079812556307),.PIECEWISE_BEZIER_KNOTS.) CURVE() 
GEOMETRIC_REPRESENTATION_ITEM() RATIONAL_B_SPLINE_CURVE((1.,
0.506301081126,1.)) REPRESENTATION_ITEM('') );
#145 = CARTESIAN_POINT('',(2.902613766765,0.,5.726512683923));
#146 = CARTESIAN_POINT('',(2.902613766765,4.943873820383,5.726512683923)
  );
#147 = CARTESIAN_POINT('',(-1.414497185172,2.534632989637,5.726512683923
    ));
#148 = ORIENTED_EDGE('',*,*,#149,.F.);
#149 = EDGE_CURVE('',#116,#142,#150,.T.);
#150 = ( BOUNDED_CURVE() B_SPLINE_CURVE(2,(#151,#152,#153),
.UNSPECIFIED.,.F.,.F.) B_SPLINE_CURVE_WITH_KNOTS((3,3),(1.570796326795,
3.14159265359),.PIECEWISE_BEZIER_KNOTS.) CURVE() 
GEOMETRIC_REPRESENTATION_ITEM() RATIONAL_B_SPLINE_CURVE((1.,
0.707106781187,1.)) REPRESENTATION_ITEM('') );
#151 = CARTESIAN_POINT('',(3.099401140783,0.,5.529725309905));
#152 = CARTESIAN_POINT('',(3.099401140783,0.,5.726512683923));
#153 = CARTESIAN_POINT('',(2.902613766765,0.,5.726512683923));
#154 = ( BOUNDED_SURFACE() B_SPLINE_SURFACE(2,2,(
    (#155,#156,#157)
    ,(#158,#159,#160)
    ,(#161,#162,#163)
    ,(#164,#165,#166)
    ,(#167,#168,#169
)),.UNSPECIFIED.,.F.,.F.,.F.) B_SPLINE_SURFACE_WITH_KNOTS((3,2,3),(3,3),
  (0.,1.570796326795,3.14159265359),(0.,1.570796326795),
.PIECEWISE_BEZIER_KNOTS.) GEOMETRIC_REPRESENTATION_ITEM() 
RATIONAL_B_SPLINE_SURFACE((
    (1.,0.707106781187,1.)
    ,(0.707106781187,0.5,0.707106781187)
    ,(1.,0.707106781187,1.)
    ,(0.707106781187,0.5,0.707106781187)
,(1.,0.707106781187,1.))) REPRESENTATION_ITEM('') SURFACE() );
#155 = CARTESIAN_POINT('',(3.099401140783,0.,5.529725309905));
#156 = CARTESIAN_POINT('',(3.099401140783,0.,5.726512683923));
#157 = CARTESIAN_POINT('',(2.902613766765,0.,5.726512683923));
#158 = CARTESIAN_POINT('',(3.099401140783,3.099401140783,5.529725309905)
  );
#159 = CARTESIAN_POINT('',(3.099401140783,3.099401140783,5.726512683923)
  );
#160 = CARTESIAN_POINT('',(2.902613766765,2.902613766765,5.726512683923)
  );
#161 = CARTESIAN_POINT('',(6.338727941667E-16,3.099401140783,
    5.529725309905));
#162 = CARTESIAN_POINT('',(6.338727941667E-16,3.099401140783,
    5.726512683923));
#163 = CARTESIAN_POINT('',(6.218230427816E-16,2.902613766765,
    5.726512683923));
#164 = CARTESIAN_POINT('',(-3.099401140783,3.099401140783,5.529725309905
    ));
#165 = CARTESIAN_POINT('',(-3.099401140783,3.099401140783,5.726512683923
    ));
#166 = CARTESIAN_POINT('',(-2.902613766765,2.902613766765,5.726512683923
    ));
#167 = CARTESIAN_POINT('',(-3.099401140783,3.795671686333E-16,
    5.529725309905));
#168 = CARTESIAN_POINT('',(-3.099401140783,3.795671686333E-16,
    5.726512683923));
#169 = CARTESIAN_POINT('',(-2.902613766765,3.55467665863E-16,
    5.726512683923));
#170 = ADVANCED_FACE('',(#171),#209,.T.);
#171 = FACE_BOUND('',#172,.T.);
#172 = EDGE_LOOP('',(#173,#185,#193,#203));
#173 = ORIENTED_EDGE('',*,*,#174,.F.);
#174 = EDGE_CURVE('',#175,#177,#179,.T.);
#175 = VERTEX_POINT('',#176);
#176 = CARTESIAN_POINT('',(3.046720541058,0.,1.118881216872));
#177 = VERTEX_POINT('',#178);
#178 = CARTESIAN_POINT('',(-3.046720541058,3.731156558503E-16,
    1.118881216872));
#179 = ( BOUNDED_CURVE() B_SPLINE_CURVE(2,(#180,#181,#182,#183,#184),
.UNSPECIFIED.,.F.,.F.) B_SPLINE_CURVE_WITH_KNOTS((3,2,3),(0.,
1.570796326795,3.14159265359),.PIECEWISE_BEZIER_KNOTS.) CURVE() 
GEOMETRIC_REPRESENTATION_ITEM() RATIONAL_B_SPLINE_CURVE((1.,
0.707106781187,1.,0.707106781187,1.)) REPRESENTATION_ITEM('') );
#180 = CARTESIAN_POINT('',(3.046720541058,0.,1.118881216872));
#181 = CARTESIAN_POINT('',(3.046720541058,3.046720541058,1.118881216872)
  );
#182 = CARTESIAN_POINT('',(6.306470377752E-16,3.046720541058,
    1.118881216872));
#183 = CARTESIAN_POINT('',(-3.046720541058,3.046720541058,1.118881216872
    ));
#184 = CARTESIAN_POINT('',(-3.046720541058,3.731156558503E-16,
    1.118881216872));
#185 = ORIENTED_EDGE('',*,*,#186,.T.);
#186 = EDGE_CURVE('',#175,#187,#189,.T.);
#187 = VERTEX_POINT('',#188);
#188 = CARTESIAN_POINT('',(3.099401140783,3.795671686333E-16,
    0.984871858333));
#189 = ( BOUNDED_CURVE() B_SPLINE_CURVE(2,(#190,#191,#192),
.UNSPECIFIED.,.F.,.F.) B_SPLINE_CURVE_WITH_KNOTS((3,3),(2.392485022809,
3.14159265359),.PIECEWISE_BEZIER_KNOTS.) CURVE() 
GEOMETRIC_REPRESENTATION_ITEM() RATIONAL_B_SPLINE_CURVE((1.,
0.930670954449,1.)) REPRESENTATION_ITEM('') );
#190 = CARTESIAN_POINT('',(3.046720541057,3.731156558502E-16,
    1.118881216872));
#191 = CARTESIAN_POINT('',(3.099401140783,3.795671686334E-16,
    1.062231208417));
#192 = CARTESIAN_POINT('',(3.099401140783,3.795671686334E-16,
    0.984871858333));
#193 = ORIENTED_EDGE('',*,*,#194,.F.);
#194 = EDGE_CURVE('',#195,#187,#197,.T.);
#195 = VERTEX_POINT('',#196);
#196 = CARTESIAN_POINT('',(-3.099401140783,0.,0.984871858333));
#197 = ( BOUNDED_CURVE() B_SPLINE_CURVE(2,(#198,#199,#200,#201,#202),
.UNSPECIFIED.,.F.,.F.) B_SPLINE_CURVE_WITH_KNOTS((3,2,3),(0.,
1.570796326795,3.14159265359),.PIECEWISE_BEZIER_KNOTS.) CURVE() 
GEOMETRIC_REPRESENTATION_ITEM() RATIONAL_B_SPLINE_CURVE((1.,
0.707106781187,1.,0.707106781187,1.)) REPRESENTATION_ITEM('') );
#198 = CARTESIAN_POINT('',(-3.099401140783,0.,0.984871858333));
#199 = CARTESIAN_POINT('',(-3.099401140783,3.099401140783,0.984871858333
    ));
#200 = CARTESIAN_POINT('',(2.543056255334E-16,3.099401140783,
    0.984871858333));
#201 = CARTESIAN_POINT('',(3.099401140783,3.099401140783,0.984871858333)
  );
#202 = CARTESIAN_POINT('',(3.099401140783,3.795671686333E-16,
    0.984871858333));
#203 = ORIENTED_EDGE('',*,*,#204,.F.);
#204 = EDGE_CURVE('',#177,#195,#205,.T.);
#205 = ( BOUNDED_CURVE() B_SPLINE_CURVE(2,(#206,#207,#208),
.UNSPECIFIED.,.F.,.F.) B_SPLINE_CURVE_WITH_KNOTS((3,3),(3.963281349603,
4.712388980385),.PIECEWISE_BEZIER_KNOTS.) CURVE() 
GEOMETRIC_REPRESENTATION_ITEM() RATIONAL_B_SPLINE_CURVE((1.,
0.930670954449,1.)) REPRESENTATION_ITEM('') );
#206 = CARTESIAN_POINT('',(-3.046720541057,0.,1.118881216872));
#207 = CARTESIAN_POINT('',(-3.099401140783,0.,1.062231208417));
#208 = CARTESIAN_POINT('',(-3.099401140783,0.,0.984871858333));
#209 = ( BOUNDED_SURFACE() B_SPLINE_SURFACE(2,2,(
    (#210,#211,#212)
    ,(#213,#214,#215)
    ,(#216,#217,#218)
    ,(#219,#220,#221)
    ,(#222,#223,#224
)),.UNSPECIFIED.,.F.,.F.,.F.) B_SPLINE_SURFACE_WITH_KNOTS((3,2,3),(3,3),
  (0.,1.570796326795,3.14159265359),(5.534077676398,6.28318530718),
.PIECEWISE_BEZIER_KNOTS.) GEOMETRIC_REPRESENTATION_ITEM() 
RATIONAL_B_SPLINE_SURFACE((
    (1.,0.930670954449,1.)
    ,(0.707106781187,0.658083742944,0.707106781187)
    ,(1.,0.930670954449,1.)
    ,(0.707106781187,0.658083742944,0.707106781187)
,(1.,0.930670954449,1.))) REPRESENTATION_ITEM('') SURFACE() );
#210 = CARTESIAN_POINT('',(-3.046720541057,0.,1.118881216872));
#211 = CARTESIAN_POINT('',(-3.099401140783,0.,1.062231208417));
#212 = CARTESIAN_POINT('',(-3.099401140783,0.,0.984871858333));
#213 = CARTESIAN_POINT('',(-3.046720541057,3.046720541057,1.118881216872
    ));
#214 = CARTESIAN_POINT('',(-3.099401140783,3.099401140783,1.062231208417
    ));
#215 = CARTESIAN_POINT('',(-3.099401140783,3.099401140783,0.984871858333
    ));
#216 = CARTESIAN_POINT('',(2.575313819249E-16,3.046720541057,
    1.118881216872));
#217 = CARTESIAN_POINT('',(2.543056255334E-16,3.099401140783,
    1.062231208417));
#218 = CARTESIAN_POINT('',(2.543056255334E-16,3.099401140783,
    0.984871858333));
#219 = CARTESIAN_POINT('',(3.046720541057,3.046720541057,1.118881216872)
  );
#220 = CARTESIAN_POINT('',(3.099401140783,3.099401140783,1.062231208417)
  );
#221 = CARTESIAN_POINT('',(3.099401140783,3.099401140783,0.984871858333)
  );
#222 = CARTESIAN_POINT('',(3.046720541057,3.731156558502E-16,
    1.118881216872));
#223 = CARTESIAN_POINT('',(3.099401140783,3.795671686334E-16,
    1.062231208417));
#224 = CARTESIAN_POINT('',(3.099401140783,3.795671686334E-16,
    0.984871858333));
#225 = ADVANCED_FACE('',(#226),#253,.T.);
#226 = FACE_BOUND('',#227,.T.);
#227 = EDGE_LOOP('',(#228,#240,#246,#247));
#228 = ORIENTED_EDGE('',*,*,#229,.F.);
#229 = EDGE_CURVE('',#230,#232,#234,.T.);
#230 = VERTEX_POINT('',#231);
#231 = CARTESIAN_POINT('',(3.099401140783,3.795671686333E-16,
    1.699012240488));
#232 = VERTEX_POINT('',#233);
#233 = CARTESIAN_POINT('',(-3.099401140783,0.,1.699012240488));
#234 = ( BOUNDED_CURVE() B_SPLINE_CURVE(2,(#235,#236,#237,#238,#239),
.UNSPECIFIED.,.F.,.F.) B_SPLINE_CURVE_WITH_KNOTS((3,2,3),(3.14159265359,
4.712388980385,6.28318530718),.PIECEWISE_BEZIER_KNOTS.) CURVE() 
GEOMETRIC_REPRESENTATION_ITEM() RATIONAL_B_SPLINE_CURVE((1.,
0.707106781187,1.,0.707106781187,1.)) REPRESENTATION_ITEM('') );
#235 = CARTESIAN_POINT('',(3.099401140783,-3.795671686333E-16,
    1.699012240488));
#236 = CARTESIAN_POINT('',(3.099401140783,3.099401140783,1.699012240488)
  );
#237 = CARTESIAN_POINT('',(1.0134399628E-15,3.099401140783,
    1.699012240488));
#238 = CARTESIAN_POINT('',(-3.099401140783,3.099401140783,1.699012240488
    ));
#239 = CARTESIAN_POINT('',(-3.099401140783,7.591343372667E-16,
    1.699012240488));
#240 = ORIENTED_EDGE('',*,*,#241,.T.);
#241 = EDGE_CURVE('',#230,#24,#242,.T.);
#242 = ( BOUNDED_CURVE() B_SPLINE_CURVE(2,(#243,#244,#245),
.UNSPECIFIED.,.F.,.F.) B_SPLINE_CURVE_WITH_KNOTS((3,3),(3.14159265359,
3.890700284371),.PIECEWISE_BEZIER_KNOTS.) CURVE() 
GEOMETRIC_REPRESENTATION_ITEM() RATIONAL_B_SPLINE_CURVE((1.,
0.930670954449,1.)) REPRESENTATION_ITEM('') );
#243 = CARTESIAN_POINT('',(3.099401140783,3.795671686334E-16,
    1.699012240488));
#244 = CARTESIAN_POINT('',(3.099401140783,3.795671686334E-16,
    1.621652890404));
#245 = CARTESIAN_POINT('',(3.046720541057,3.731156558502E-16,
    1.565002881949));
#246 = ORIENTED_EDGE('',*,*,#21,.F.);
#247 = ORIENTED_EDGE('',*,*,#248,.F.);
#248 = EDGE_CURVE('',#232,#22,#249,.T.);
#249 = ( BOUNDED_CURVE() B_SPLINE_CURVE(2,(#250,#251,#252),
.UNSPECIFIED.,.F.,.F.) B_SPLINE_CURVE_WITH_KNOTS((3,3),(4.712388980385,
5.461496611166),.PIECEWISE_BEZIER_KNOTS.) CURVE() 
GEOMETRIC_REPRESENTATION_ITEM() RATIONAL_B_SPLINE_CURVE((1.,
0.930670954449,1.)) REPRESENTATION_ITEM('') );
#250 = CARTESIAN_POINT('',(-3.099401140783,0.,1.699012240488));
#251 = CARTESIAN_POINT('',(-3.099401140783,0.,1.621652890404));
#252 = CARTESIAN_POINT('',(-3.046720541057,0.,1.565002881949));
#253 = ( BOUNDED_SURFACE() B_SPLINE_SURFACE(2,2,(
    (#254,#255,#256)
    ,(#257,#258,#259)
    ,(#260,#261,#262)
    ,(#263,#264,#265)
    ,(#266,#267,#268
)),.UNSPECIFIED.,.F.,.F.,.F.) B_SPLINE_SURFACE_WITH_KNOTS((3,2,3),(3,3),
  (0.,1.570796326795,3.14159265359),(0.,0.749107630781),
.PIECEWISE_BEZIER_KNOTS.) GEOMETRIC_REPRESENTATION_ITEM() 
RATIONAL_B_SPLINE_SURFACE((
    (1.,0.930670954449,1.)
    ,(0.707106781187,0.658083742944,0.707106781187)
    ,(1.,0.930670954449,1.)
    ,(0.707106781187,0.658083742944,0.707106781187)
,(1.,0.930670954449,1.))) REPRESENTATION_ITEM('') SURFACE() );
#254 = CARTESIAN_POINT('',(-3.099401140783,0.,1.699012240488));
#255 = CARTESIAN_POINT('',(-3.099401140783,0.,1.621652890404));
#256 = CARTESIAN_POINT('',(-3.046720541057,0.,1.565002881949));
#257 = CARTESIAN_POINT('',(-3.099401140783,3.099401140783,1.699012240488
    ));
#258 = CARTESIAN_POINT('',(-3.099401140783,3.099401140783,1.621652890404
    ));
#259 = CARTESIAN_POINT('',(-3.046720541057,3.046720541057,1.565002881949
    ));
#260 = CARTESIAN_POINT('',(2.543056255334E-16,3.099401140783,
    1.699012240488));
#261 = CARTESIAN_POINT('',(2.543056255334E-16,3.099401140783,
    1.621652890404));
#262 = CARTESIAN_POINT('',(2.575313819249E-16,3.046720541057,
    1.565002881949));
#263 = CARTESIAN_POINT('',(3.099401140783,3.099401140783,1.699012240488)
  );
#264 = CARTESIAN_POINT('',(3.099401140783,3.099401140783,1.621652890404)
  );
#265 = CARTESIAN_POINT('',(3.046720541057,3.046720541057,1.565002881949)
  );
#266 = CARTESIAN_POINT('',(3.099401140783,3.795671686334E-16,
    1.699012240488));
#267 = CARTESIAN_POINT('',(3.099401140783,3.795671686334E-16,
    1.621652890404));
#268 = CARTESIAN_POINT('',(3.046720541057,3.731156558502E-16,
    1.565002881949));
#269 = ADVANCED_FACE('',(#270),#284,.T.);
#270 = FACE_BOUND('',#271,.T.);
#271 = EDGE_LOOP('',(#272,#273,#278,#279));
#272 = ORIENTED_EDGE('',*,*,#113,.T.);
#273 = ORIENTED_EDGE('',*,*,#274,.T.);
#274 = EDGE_CURVE('',#116,#230,#275,.T.);
#275 = B_SPLINE_CURVE_WITH_KNOTS('',1,(#276,#277),.UNSPECIFIED.,.F.,.F.,
  (2,2),(14.670051477599,18.500764547015),.PIECEWISE_BEZIER_KNOTS.);
#276 = CARTESIAN_POINT('',(3.099401140783,3.795671686333E-16,
    5.529725309905));
#277 = CARTESIAN_POINT('',(3.099401140783,3.795671686333E-16,
    1.699012240488));
#278 = ORIENTED_EDGE('',*,*,#229,.T.);
#279 = ORIENTED_EDGE('',*,*,#280,.F.);
#280 = EDGE_CURVE('',#114,#232,#281,.T.);
#281 = B_SPLINE_CURVE_WITH_KNOTS('',1,(#282,#283),.UNSPECIFIED.,.F.,.F.,
  (2,2),(14.670051477599,18.500764547015),.PIECEWISE_BEZIER_KNOTS.);
#282 = CARTESIAN_POINT('',(-3.099401140783,0.,5.529725309905));
#283 = CARTESIAN_POINT('',(-3.099401140783,0.,1.699012240488));
#284 = ( BOUNDED_SURFACE() B_SPLINE_SURFACE(2,1,(
    (#285,#286)
    ,(#287,#288)
    ,(#289,#290)
    ,(#291,#292)
,(#293,#294
    )),.UNSPECIFIED.,.F.,.F.,.F.) B_SPLINE_SURFACE_WITH_KNOTS((3,2,3),(2
    ,2),(0.,1.570796326795,3.14159265359),(14.670051477599,
    18.500764547015),.PIECEWISE_BEZIER_KNOTS.) 
GEOMETRIC_REPRESENTATION_ITEM() RATIONAL_B_SPLINE_SURFACE((
    (1.,1.)
    ,(0.707106781187,0.707106781187)
    ,(1.,1.)
    ,(0.707106781187,0.707106781187)
,(1.,1.))) REPRESENTATION_ITEM('') SURFACE() );
#285 = CARTESIAN_POINT('',(-3.099401140783,0.,5.529725309905));
#286 = CARTESIAN_POINT('',(-3.099401140783,0.,1.699012240488));
#287 = CARTESIAN_POINT('',(-3.099401140783,3.099401140783,5.529725309905
    ));
#288 = CARTESIAN_POINT('',(-3.099401140783,3.099401140783,1.699012240488
    ));
#289 = CARTESIAN_POINT('',(2.543056255334E-16,3.099401140783,
    5.529725309905));
#290 = CARTESIAN_POINT('',(2.543056255334E-16,3.099401140783,
    1.699012240488));
#291 = CARTESIAN_POINT('',(3.099401140783,3.099401140783,5.529725309905)
  );
#292 = CARTESIAN_POINT('',(3.099401140783,3.099401140783,1.699012240488)
  );
#293 = CARTESIAN_POINT('',(3.099401140783,3.795671686333E-16,
    5.529725309905));
#294 = CARTESIAN_POINT('',(3.099401140783,3.795671686333E-16,
    1.699012240488));
#295 = ADVANCED_FACE('',(#296),#319,.F.);
#296 = FACE_BOUND('',#297,.F.);
#297 = EDGE_LOOP('',(#298,#304,#312,#318));
#298 = ORIENTED_EDGE('',*,*,#299,.T.);
#299 = EDGE_CURVE('',#42,#175,#300,.T.);
#300 = ( BOUNDED_CURVE() B_SPLINE_CURVE(2,(#301,#302,#303),
.UNSPECIFIED.,.F.,.F.) B_SPLINE_CURVE_WITH_KNOTS((3,3),(4.712388980385,
5.461496611166),.PIECEWISE_BEZIER_KNOTS.) CURVE() 
GEOMETRIC_REPRESENTATION_ITEM() RATIONAL_B_SPLINE_CURVE((1.,
0.930670954449,1.)) REPRESENTATION_ITEM('') );
#301 = CARTESIAN_POINT('',(2.959032796249,0.,1.341942049411));
#302 = CARTESIAN_POINT('',(2.959032796249,0.,1.213176109311));
#303 = CARTESIAN_POINT('',(3.046720541058,0.,1.118881216872));
#304 = ORIENTED_EDGE('',*,*,#305,.F.);
#305 = EDGE_CURVE('',#177,#175,#306,.T.);
#306 = ( BOUNDED_CURVE() B_SPLINE_CURVE(2,(#307,#308,#309,#310,#311),
.UNSPECIFIED.,.F.,.F.) B_SPLINE_CURVE_WITH_KNOTS((3,2,3),(3.14159265359,
4.712388980385,6.28318530718),.PIECEWISE_BEZIER_KNOTS.) CURVE() 
GEOMETRIC_REPRESENTATION_ITEM() RATIONAL_B_SPLINE_CURVE((1.,
0.707106781187,1.,0.707106781187,1.)) REPRESENTATION_ITEM('') );
#307 = CARTESIAN_POINT('',(-3.046720541058,3.731156558503E-16,
    1.118881216872));
#308 = CARTESIAN_POINT('',(-3.046720541058,-3.046720541058,
    1.118881216872));
#309 = CARTESIAN_POINT('',(-1.155842739253E-16,-3.046720541058,
    1.118881216872));
#310 = CARTESIAN_POINT('',(3.046720541058,-3.046720541058,1.118881216872
    ));
#311 = CARTESIAN_POINT('',(3.046720541058,-7.462313117005E-16,
    1.118881216872));
#312 = ORIENTED_EDGE('',*,*,#313,.F.);
#313 = EDGE_CURVE('',#34,#177,#314,.T.);
#314 = ( BOUNDED_CURVE() B_SPLINE_CURVE(2,(#315,#316,#317),
.UNSPECIFIED.,.F.,.F.) B_SPLINE_CURVE_WITH_KNOTS((3,3),(3.14159265359,
3.890700284371),.PIECEWISE_BEZIER_KNOTS.) CURVE() 
GEOMETRIC_REPRESENTATION_ITEM() RATIONAL_B_SPLINE_CURVE((1.,
0.930670954449,1.)) REPRESENTATION_ITEM('') );
#315 = CARTESIAN_POINT('',(-2.959032796249,3.623770042499E-16,
    1.341942049411));
#316 = CARTESIAN_POINT('',(-2.959032796249,3.623770042499E-16,
    1.213176109311));
#317 = CARTESIAN_POINT('',(-3.046720541058,3.731156558503E-16,
    1.118881216872));
#318 = ORIENTED_EDGE('',*,*,#85,.T.);
#319 = ( BOUNDED_SURFACE() B_SPLINE_SURFACE(2,2,(
    (#320,#321,#322)
    ,(#323,#324,#325)
    ,(#326,#327,#328)
    ,(#329,#330,#331)
    ,(#332,#333,#334
)),.UNSPECIFIED.,.F.,.F.,.F.) B_SPLINE_SURFACE_WITH_KNOTS((3,2,3),(3,3),
  (3.14159265359,4.712388980385,6.28318530718),(3.14159265359,
    3.890700284371),.PIECEWISE_BEZIER_KNOTS.) 
GEOMETRIC_REPRESENTATION_ITEM() RATIONAL_B_SPLINE_SURFACE((
    (1.,0.930670954449,1.)
    ,(0.707106781187,0.658083742944,0.707106781187)
    ,(1.,0.930670954449,1.)
    ,(0.707106781187,0.658083742944,0.707106781187)
,(1.,0.930670954449,1.))) REPRESENTATION_ITEM('') SURFACE() );
#320 = CARTESIAN_POINT('',(-2.959032796249,3.623770042499E-16,
    1.341942049411));
#321 = CARTESIAN_POINT('',(-2.959032796249,3.623770042499E-16,
    1.213176109311));
#322 = CARTESIAN_POINT('',(-3.046720541058,3.731156558503E-16,
    1.118881216872));
#323 = CARTESIAN_POINT('',(-2.959032796249,-2.959032796249,
    1.341942049411));
#324 = CARTESIAN_POINT('',(-2.959032796249,-2.959032796249,
    1.213176109311));
#325 = CARTESIAN_POINT('',(-3.046720541058,-3.046720541058,
    1.118881216872));
#326 = CARTESIAN_POINT('',(-9.947629652477E-17,-2.959032796249,
    1.341942049411));
#327 = CARTESIAN_POINT('',(-9.947629652477E-17,-2.959032796249,
    1.213176109311));
#328 = CARTESIAN_POINT('',(-1.155842739253E-16,-3.046720541058,
    1.118881216872));
#329 = CARTESIAN_POINT('',(2.959032796249,-2.959032796249,1.341942049411
    ));
#330 = CARTESIAN_POINT('',(2.959032796249,-2.959032796249,1.213176109311
    ));
#331 = CARTESIAN_POINT('',(3.046720541058,-3.046720541058,1.118881216872
    ));
#332 = CARTESIAN_POINT('',(2.959032796249,-7.247540084998E-16,
    1.341942049411));
#333 = CARTESIAN_POINT('',(2.959032796249,-7.247540084998E-16,
    1.213176109311));
#334 = CARTESIAN_POINT('',(3.046720541058,-7.462313117005E-16,
    1.118881216872));
#335 = ADVANCED_FACE('',(#336),#361,.T.);
#336 = FACE_BOUND('',#337,.T.);
#337 = EDGE_LOOP('',(#338,#339,#346,#356));
#338 = ORIENTED_EDGE('',*,*,#194,.T.);
#339 = ORIENTED_EDGE('',*,*,#340,.T.);
#340 = EDGE_CURVE('',#187,#341,#343,.T.);
#341 = VERTEX_POINT('',#342);
#342 = CARTESIAN_POINT('',(3.099401140783,3.795671686333E-16,
    0.511647272447));
#343 = B_SPLINE_CURVE_WITH_KNOTS('',1,(#344,#345),.UNSPECIFIED.,.F.,.F.,
  (2,2),(19.21490492917,19.688129515057),.PIECEWISE_BEZIER_KNOTS.);
#344 = CARTESIAN_POINT('',(3.099401140783,3.795671686333E-16,
    0.984871858333));
#345 = CARTESIAN_POINT('',(3.099401140783,3.795671686333E-16,
    0.511647272447));
#346 = ORIENTED_EDGE('',*,*,#347,.T.);
#347 = EDGE_CURVE('',#341,#348,#350,.T.);
#348 = VERTEX_POINT('',#349);
#349 = CARTESIAN_POINT('',(-3.099401140783,0.,0.511647272447));
#350 = ( BOUNDED_CURVE() B_SPLINE_CURVE(2,(#351,#352,#353,#354,#355),
.UNSPECIFIED.,.F.,.F.) B_SPLINE_CURVE_WITH_KNOTS((3,2,3),(0.,
1.570796326795,3.14159265359),.PIECEWISE_BEZIER_KNOTS.) CURVE() 
GEOMETRIC_REPRESENTATION_ITEM() RATIONAL_B_SPLINE_CURVE((1.,
0.707106781187,1.,0.707106781187,1.)) REPRESENTATION_ITEM('') );
#351 = CARTESIAN_POINT('',(3.099401140783,0.,0.511647272447));
#352 = CARTESIAN_POINT('',(3.099401140783,3.099401140783,0.511647272447)
  );
#353 = CARTESIAN_POINT('',(6.338727941667E-16,3.099401140783,
    0.511647272447));
#354 = CARTESIAN_POINT('',(-3.099401140783,3.099401140783,0.511647272447
    ));
#355 = CARTESIAN_POINT('',(-3.099401140783,3.795671686333E-16,
    0.511647272447));
#356 = ORIENTED_EDGE('',*,*,#357,.F.);
#357 = EDGE_CURVE('',#195,#348,#358,.T.);
#358 = B_SPLINE_CURVE_WITH_KNOTS('',1,(#359,#360),.UNSPECIFIED.,.F.,.F.,
  (2,2),(19.21490492917,19.688129515057),.PIECEWISE_BEZIER_KNOTS.);
#359 = CARTESIAN_POINT('',(-3.099401140783,0.,0.984871858333));
#360 = CARTESIAN_POINT('',(-3.099401140783,0.,0.511647272447));
#361 = ( BOUNDED_SURFACE() B_SPLINE_SURFACE(2,1,(
    (#362,#363)
    ,(#364,#365)
    ,(#366,#367)
    ,(#368,#369)
,(#370,#371
    )),.UNSPECIFIED.,.F.,.F.,.F.) B_SPLINE_SURFACE_WITH_KNOTS((3,2,3),(2
    ,2),(0.,1.570796326795,3.14159265359),(19.21490492917,
    19.688129515057),.PIECEWISE_BEZIER_KNOTS.) 
GEOMETRIC_REPRESENTATION_ITEM() RATIONAL_B_SPLINE_SURFACE((
    (1.,1.)
    ,(0.707106781187,0.707106781187)
    ,(1.,1.)
    ,(0.707106781187,0.707106781187)
,(1.,1.))) REPRESENTATION_ITEM('') SURFACE() );
#362 = CARTESIAN_POINT('',(-3.099401140783,0.,0.984871858333));
#363 = CARTESIAN_POINT('',(-3.099401140783,0.,0.511647272447));
#364 = CARTESIAN_POINT('',(-3.099401140783,3.099401140783,0.984871858333
    ));
#365 = CARTESIAN_POINT('',(-3.099401140783,3.099401140783,0.511647272447
    ));
#366 = CARTESIAN_POINT('',(2.543056255334E-16,3.099401140783,
    0.984871858333));
#367 = CARTESIAN_POINT('',(2.543056255334E-16,3.099401140783,
    0.511647272447));
#368 = CARTESIAN_POINT('',(3.099401140783,3.099401140783,0.984871858333)
  );
#369 = CARTESIAN_POINT('',(3.099401140783,3.099401140783,0.511647272447)
  );
#370 = CARTESIAN_POINT('',(3.099401140783,3.795671686333E-16,
    0.984871858333));
#371 = CARTESIAN_POINT('',(3.099401140783,3.795671686333E-16,
    0.511647272447));
#372 = ADVANCED_FACE('',(#373,#490,#606,#692,#816,#874,#918,#1004,#1063,
    #1121,#1308,#1394,#1453,#1511),#1800,.F.);
#373 = FACE_BOUND('',#374,.T.);
#374 = EDGE_LOOP('',(#375,#384,#391,#400,#409,#416,#425,#434,#441,#448,
    #455,#462,#469,#476,#485));
#375 = ORIENTED_EDGE('',*,*,#376,.F.);
#376 = EDGE_CURVE('',#377,#379,#381,.T.);
#377 = VERTEX_POINT('',#378);
#378 = CARTESIAN_POINT('',(-2.549471423939,3.246991671296,0.412079745746
    ));
#379 = VERTEX_POINT('',#380);
#380 = CARTESIAN_POINT('',(-2.523486451268,3.246991671296,0.412264040445
    ));
#381 = B_SPLINE_CURVE_WITH_KNOTS('',1,(#382,#383),.UNSPECIFIED.,.F.,.F.,
  (2,2),(-2.598562620477E-02,0.),.PIECEWISE_BEZIER_KNOTS.);
#382 = CARTESIAN_POINT('',(-2.549471423939,3.246991671296,0.412079745746
    ));
#383 = CARTESIAN_POINT('',(-2.523486451268,3.246991671296,0.412264040445
    ));
#384 = ORIENTED_EDGE('',*,*,#385,.F.);
#385 = EDGE_CURVE('',#386,#377,#388,.T.);
#386 = VERTEX_POINT('',#387);
#387 = CARTESIAN_POINT('',(-2.483444579249,3.246991671296,0.248036465364
    ));
#388 = B_SPLINE_CURVE_WITH_KNOTS('',1,(#389,#390),.UNSPECIFIED.,.F.,.F.,
  (2,2),(-0.176832525453,0.),.PIECEWISE_BEZIER_KNOTS.);
#389 = CARTESIAN_POINT('',(-2.483444579249,3.246991671296,0.248036465364
    ));
#390 = CARTESIAN_POINT('',(-2.549471423939,3.246991671296,0.412079745746
    ));
#391 = ORIENTED_EDGE('',*,*,#392,.F.);
#392 = EDGE_CURVE('',#393,#386,#395,.T.);
#393 = VERTEX_POINT('',#394);
#394 = CARTESIAN_POINT('',(-2.432122183156,3.246991671296,0.202668702069
    ));
#395 = B_SPLINE_CURVE_WITH_KNOTS('',3,(#396,#397,#398,#399),
  .UNSPECIFIED.,.F.,.F.,(4,4),(1.,2.),.PIECEWISE_BEZIER_KNOTS.);
#396 = CARTESIAN_POINT('',(-2.432122183156,3.246991671296,0.202668702069
    ));
#397 = CARTESIAN_POINT('',(-2.454066185668,3.246991671296,0.202513067372
    ));
#398 = CARTESIAN_POINT('',(-2.471156600526,3.246991671296,0.217635776065
    ));
#399 = CARTESIAN_POINT('',(-2.483444579249,3.246991671296,0.248036465364
    ));
#400 = ORIENTED_EDGE('',*,*,#401,.F.);
#401 = EDGE_CURVE('',#402,#393,#404,.T.);
#402 = VERTEX_POINT('',#403);
#403 = CARTESIAN_POINT('',(-2.415972813911,3.246991671296,0.20482940292)
  );
#404 = B_SPLINE_CURVE_WITH_KNOTS('',3,(#405,#406,#407,#408),
  .UNSPECIFIED.,.F.,.F.,(4,4),(2.,3.),.PIECEWISE_BEZIER_KNOTS.);
#405 = CARTESIAN_POINT('',(-2.415972813911,3.246991671296,0.20482940292)
  );
#406 = CARTESIAN_POINT('',(-2.420413563832,3.246991671296,0.203467901093
    ));
#407 = CARTESIAN_POINT('',(-2.425830546071,3.246991671296,0.202713324605
    ));
#408 = CARTESIAN_POINT('',(-2.432122183156,3.246991671296,0.202668702069
    ));
#409 = ORIENTED_EDGE('',*,*,#410,.F.);
#410 = EDGE_CURVE('',#411,#402,#413,.T.);
#411 = VERTEX_POINT('',#412);
#412 = CARTESIAN_POINT('',(-2.416130988102,3.246991671296,0.22713146608)
  );
#413 = B_SPLINE_CURVE_WITH_KNOTS('',1,(#414,#415),.UNSPECIFIED.,.F.,.F.,
  (2,2),(-2.230262406684E-02,-2.730904736404E-17),
  .PIECEWISE_BEZIER_KNOTS.);
#414 = CARTESIAN_POINT('',(-2.416130988102,3.246991671296,0.22713146608)
  );
#415 = CARTESIAN_POINT('',(-2.415972813911,3.246991671296,0.20482940292)
  );
#416 = ORIENTED_EDGE('',*,*,#417,.F.);
#417 = EDGE_CURVE('',#418,#411,#420,.T.);
#418 = VERTEX_POINT('',#419);
#419 = CARTESIAN_POINT('',(-2.43033079499,3.246991671296,0.224166126717)
  );
#420 = B_SPLINE_CURVE_WITH_KNOTS('',3,(#421,#422,#423,#424),
  .UNSPECIFIED.,.F.,.F.,(4,4),(4.,5.),.PIECEWISE_BEZIER_KNOTS.);
#421 = CARTESIAN_POINT('',(-2.43033079499,3.246991671296,0.224166126717)
  );
#422 = CARTESIAN_POINT('',(-2.4257271581,3.246991671296,0.224198777353)
  );
#423 = CARTESIAN_POINT('',(-2.421027748295,3.246991671296,0.225152880937
    ));
#424 = CARTESIAN_POINT('',(-2.416130988102,3.246991671296,0.22713146608)
  );
#425 = ORIENTED_EDGE('',*,*,#426,.F.);
#426 = EDGE_CURVE('',#427,#418,#429,.T.);
#427 = VERTEX_POINT('',#428);
#428 = CARTESIAN_POINT('',(-2.456151795764,3.246991671296,0.244137708004
    ));
#429 = B_SPLINE_CURVE_WITH_KNOTS('',3,(#430,#431,#432,#433),
  .UNSPECIFIED.,.F.,.F.,(4,4),(5.,6.),.PIECEWISE_BEZIER_KNOTS.);
#430 = CARTESIAN_POINT('',(-2.456151795764,3.246991671296,0.244137708004
    ));
#431 = CARTESIAN_POINT('',(-2.450378201734,3.246991671296,0.230673975575
    ));
#432 = CARTESIAN_POINT('',(-2.441788735697,3.246991671296,0.224084862912
    ));
#433 = CARTESIAN_POINT('',(-2.43033079499,3.246991671296,0.224166126717)
  );
#434 = ORIENTED_EDGE('',*,*,#435,.F.);
#435 = EDGE_CURVE('',#436,#427,#438,.T.);
#436 = VERTEX_POINT('',#437);
#437 = CARTESIAN_POINT('',(-2.467333667481,3.246991671296,0.270044681935
    ));
#438 = B_SPLINE_CURVE_WITH_KNOTS('',1,(#439,#440),.UNSPECIFIED.,.F.,.F.,
  (2,2),(-2.821711454732E-02,2.507388098721E-17),
  .PIECEWISE_BEZIER_KNOTS.);
#439 = CARTESIAN_POINT('',(-2.467333667481,3.246991671296,0.270044681935
    ));
#440 = CARTESIAN_POINT('',(-2.456151795764,3.246991671296,0.244137708004
    ));
#441 = ORIENTED_EDGE('',*,*,#442,.F.);
#442 = EDGE_CURVE('',#443,#436,#445,.T.);
#443 = VERTEX_POINT('',#444);
#444 = CARTESIAN_POINT('',(-2.412283044596,3.246991671296,0.413052734692
    ));
#445 = B_SPLINE_CURVE_WITH_KNOTS('',1,(#446,#447),.UNSPECIFIED.,.F.,.F.,
  (2,2),(-0.153237966031,-0.),.PIECEWISE_BEZIER_KNOTS.);
#446 = CARTESIAN_POINT('',(-2.412283044596,3.246991671296,0.413052734692
    ));
#447 = CARTESIAN_POINT('',(-2.467333667481,3.246991671296,0.270044681935
    ));
#448 = ORIENTED_EDGE('',*,*,#449,.F.);
#449 = EDGE_CURVE('',#450,#443,#452,.T.);
#450 = VERTEX_POINT('',#451);
#451 = CARTESIAN_POINT('',(-2.440314078108,3.246991671296,0.412853928598
    ));
#452 = B_SPLINE_CURVE_WITH_KNOTS('',1,(#453,#454),.UNSPECIFIED.,.F.,.F.,
  (2,2),(-2.803173850551E-02,-7.747420399895E-19),
  .PIECEWISE_BEZIER_KNOTS.);
#453 = CARTESIAN_POINT('',(-2.440314078108,3.246991671296,0.412853928598
    ));
#454 = CARTESIAN_POINT('',(-2.412283044596,3.246991671296,0.413052734692
    ));
#455 = ORIENTED_EDGE('',*,*,#456,.F.);
#456 = EDGE_CURVE('',#457,#450,#459,.T.);
#457 = VERTEX_POINT('',#458);
#458 = CARTESIAN_POINT('',(-2.476892840276,3.246991671296,0.305170901547
    ));
#459 = B_SPLINE_CURVE_WITH_KNOTS('',1,(#460,#461),.UNSPECIFIED.,.F.,.F.,
  (2,2),(-0.113726163027,-1.034342412773E-16),.PIECEWISE_BEZIER_KNOTS.);
#460 = CARTESIAN_POINT('',(-2.476892840276,3.246991671296,0.305170901547
    ));
#461 = CARTESIAN_POINT('',(-2.440314078108,3.246991671296,0.412853928598
    ));
#462 = ORIENTED_EDGE('',*,*,#463,.F.);
#463 = EDGE_CURVE('',#464,#457,#466,.T.);
#464 = VERTEX_POINT('',#465);
#465 = CARTESIAN_POINT('',(-2.479878491023,3.246991671296,0.293384284624
    ));
#466 = B_SPLINE_CURVE_WITH_KNOTS('',1,(#467,#468),.UNSPECIFIED.,.F.,.F.,
  (2,2),(-1.215888353697E-02,5.29471927715E-17),
  .PIECEWISE_BEZIER_KNOTS.);
#467 = CARTESIAN_POINT('',(-2.479878491023,3.246991671296,0.293384284624
    ));
#468 = CARTESIAN_POINT('',(-2.476892840276,3.246991671296,0.305170901547
    ));
#469 = ORIENTED_EDGE('',*,*,#470,.F.);
#470 = EDGE_CURVE('',#471,#464,#473,.T.);
#471 = VERTEX_POINT('',#472);
#472 = CARTESIAN_POINT('',(-2.480543460795,3.246991671296,0.293379568421
    ));
#473 = B_SPLINE_CURVE_WITH_KNOTS('',1,(#474,#475),.UNSPECIFIED.,.F.,.F.,
  (2,2),(-6.649864966318E-04,0.),.PIECEWISE_BEZIER_KNOTS.);
#474 = CARTESIAN_POINT('',(-2.480543460795,3.246991671296,0.293379568421
    ));
#475 = CARTESIAN_POINT('',(-2.479878491023,3.246991671296,0.293384284624
    ));
#476 = ORIENTED_EDGE('',*,*,#477,.F.);
#477 = EDGE_CURVE('',#478,#471,#480,.T.);
#478 = VERTEX_POINT('',#479);
#479 = CARTESIAN_POINT('',(-2.483694541431,3.246991671296,0.304918045079
    ));
#480 = B_SPLINE_CURVE_WITH_KNOTS('',3,(#481,#482,#483,#484),
  .UNSPECIFIED.,.F.,.F.,(4,4),(12.,13.),.PIECEWISE_BEZIER_KNOTS.);
#481 = CARTESIAN_POINT('',(-2.483694541431,3.246991671296,0.304918045079
    ));
#482 = CARTESIAN_POINT('',(-2.482124442886,3.246991671296,0.299916079566
    ));
#483 = CARTESIAN_POINT('',(-2.481073840817,3.246991671296,0.296035819666
    ));
#484 = CARTESIAN_POINT('',(-2.480543460795,3.246991671296,0.293379568421
    ));
#485 = ORIENTED_EDGE('',*,*,#486,.F.);
#486 = EDGE_CURVE('',#379,#478,#487,.T.);
#487 = B_SPLINE_CURVE_WITH_KNOTS('',1,(#488,#489),.UNSPECIFIED.,.F.,.F.,
  (2,2),(-0.11448388013,2.03089595406E-16),.PIECEWISE_BEZIER_KNOTS.);
#488 = CARTESIAN_POINT('',(-2.523486451268,3.246991671296,0.412264040445
    ));
#489 = CARTESIAN_POINT('',(-2.483694541431,3.246991671296,0.304918045079
    ));
#490 = FACE_BOUND('',#491,.T.);
#491 = EDGE_LOOP('',(#492,#503,#512,#519,#526,#533,#540,#549,#558,#567,
    #576,#583,#592,#601));
#492 = ORIENTED_EDGE('',*,*,#493,.F.);
#493 = EDGE_CURVE('',#494,#496,#498,.T.);
#494 = VERTEX_POINT('',#495);
#495 = CARTESIAN_POINT('',(-2.217112058659,3.246991671296,0.417710818994
    ));
#496 = VERTEX_POINT('',#497);
#497 = CARTESIAN_POINT('',(-2.16780997139,3.246991671296,0.40476042255)
  );
#498 = B_SPLINE_CURVE_WITH_KNOTS('',3,(#499,#500,#501,#502),
  .UNSPECIFIED.,.F.,.F.,(4,4),(0.,1.),.PIECEWISE_BEZIER_KNOTS.);
#499 = CARTESIAN_POINT('',(-2.217112058659,3.246991671296,0.417710818994
    ));
#500 = CARTESIAN_POINT('',(-2.198492905012,3.246991671296,0.417842872676
    ));
#501 = CARTESIAN_POINT('',(-2.182042067272,3.246991671296,0.413560295804
    ));
#502 = CARTESIAN_POINT('',(-2.16780997139,3.246991671296,0.40476042255)
  );
#503 = ORIENTED_EDGE('',*,*,#504,.F.);
#504 = EDGE_CURVE('',#505,#494,#507,.T.);
#505 = VERTEX_POINT('',#506);
#506 = CARTESIAN_POINT('',(-2.268390542945,3.246991671296,0.363123794034
    ));
#507 = B_SPLINE_CURVE_WITH_KNOTS('',3,(#508,#509,#510,#511),
  .UNSPECIFIED.,.F.,.F.,(4,4),(1.,2.),.PIECEWISE_BEZIER_KNOTS.);
#508 = CARTESIAN_POINT('',(-2.268390542945,3.246991671296,0.363123794034
    ));
#509 = CARTESIAN_POINT('',(-2.268647394613,3.246991671296,0.399339070909
    ));
#510 = CARTESIAN_POINT('',(-2.251537032297,3.246991671296,0.417466664795
    ));
#511 = CARTESIAN_POINT('',(-2.217112058659,3.246991671296,0.417710818994
    ));
#512 = ORIENTED_EDGE('',*,*,#513,.F.);
#513 = EDGE_CURVE('',#514,#505,#516,.T.);
#514 = VERTEX_POINT('',#515);
#515 = CARTESIAN_POINT('',(-2.267738255799,3.246991671296,0.271153359263
    ));
#516 = B_SPLINE_CURVE_WITH_KNOTS('',1,(#517,#518),.UNSPECIFIED.,.F.,.F.,
  (2,2),(-9.197274786875E-02,-3.09896815996E-18),
  .PIECEWISE_BEZIER_KNOTS.);
#517 = CARTESIAN_POINT('',(-2.267738255799,3.246991671296,0.271153359263
    ));
#518 = CARTESIAN_POINT('',(-2.268390542945,3.246991671296,0.363123794034
    ));
#519 = ORIENTED_EDGE('',*,*,#520,.F.);
#520 = EDGE_CURVE('',#521,#514,#523,.T.);
#521 = VERTEX_POINT('',#522);
#522 = CARTESIAN_POINT('',(-2.242674010505,3.246991671296,0.271331123835
    ));
#523 = B_SPLINE_CURVE_WITH_KNOTS('',1,(#524,#525),.UNSPECIFIED.,.F.,.F.,
  (2,2),(-2.506487567097E-02,-4.369447578246E-16),
  .PIECEWISE_BEZIER_KNOTS.);
#524 = CARTESIAN_POINT('',(-2.242674010505,3.246991671296,0.271331123835
    ));
#525 = CARTESIAN_POINT('',(-2.267738255799,3.246991671296,0.271153359263
    ));
#526 = ORIENTED_EDGE('',*,*,#527,.F.);
#527 = EDGE_CURVE('',#528,#521,#530,.T.);
#528 = VERTEX_POINT('',#529);
#529 = CARTESIAN_POINT('',(-2.242830733556,3.246991671296,0.29342858091)
  );
#530 = B_SPLINE_CURVE_WITH_KNOTS('',1,(#531,#532),.UNSPECIFIED.,.F.,.F.,
  (2,2),(-2.209801283574E-02,0.),.PIECEWISE_BEZIER_KNOTS.);
#531 = CARTESIAN_POINT('',(-2.242830733556,3.246991671296,0.29342858091)
  );
#532 = CARTESIAN_POINT('',(-2.242674010505,3.246991671296,0.271331123835
    ));
#533 = ORIENTED_EDGE('',*,*,#534,.F.);
#534 = EDGE_CURVE('',#535,#528,#537,.T.);
#535 = VERTEX_POINT('',#536);
#536 = CARTESIAN_POINT('',(-2.242165763783,3.246991671296,0.293433297113
    ));
#537 = B_SPLINE_CURVE_WITH_KNOTS('',1,(#538,#539),.UNSPECIFIED.,.F.,.F.,
  (2,2),(-6.649864973135E-04,4.373321288446E-16),
  .PIECEWISE_BEZIER_KNOTS.);
#538 = CARTESIAN_POINT('',(-2.242165763783,3.246991671296,0.293433297113
    ));
#539 = CARTESIAN_POINT('',(-2.242830733556,3.246991671296,0.29342858091)
  );
#540 = ORIENTED_EDGE('',*,*,#541,.F.);
#541 = EDGE_CURVE('',#542,#535,#544,.T.);
#542 = VERTEX_POINT('',#543);
#543 = CARTESIAN_POINT('',(-2.198199394949,3.246991671296,0.268270383476
    ));
#544 = B_SPLINE_CURVE_WITH_KNOTS('',3,(#545,#546,#547,#548),
  .UNSPECIFIED.,.F.,.F.,(4,4),(6.,7.),.PIECEWISE_BEZIER_KNOTS.);
#545 = CARTESIAN_POINT('',(-2.198199394949,3.246991671296,0.268270383476
    ));
#546 = CARTESIAN_POINT('',(-2.217483518369,3.246991671296,0.268133613591
    ));
#547 = CARTESIAN_POINT('',(-2.232173075662,3.246991671296,0.276521009613
    ));
#548 = CARTESIAN_POINT('',(-2.242165763783,3.246991671296,0.293433297113
    ));
#549 = ORIENTED_EDGE('',*,*,#550,.F.);
#550 = EDGE_CURVE('',#551,#542,#553,.T.);
#551 = VERTEX_POINT('',#552);
#552 = CARTESIAN_POINT('',(-2.165235325044,3.246991671296,0.279758077105
    ));
#553 = B_SPLINE_CURVE_WITH_KNOTS('',3,(#554,#555,#556,#557),
  .UNSPECIFIED.,.F.,.F.,(4,4),(7.,8.),.PIECEWISE_BEZIER_KNOTS.);
#554 = CARTESIAN_POINT('',(-2.165235325044,3.246991671296,0.279758077105
    ));
#555 = CARTESIAN_POINT('',(-2.173366601817,3.246991671296,0.272231909464
    ));
#556 = CARTESIAN_POINT('',(-2.184337332756,3.246991671296,0.268368698168
    ));
#557 = CARTESIAN_POINT('',(-2.198199394949,3.246991671296,0.268270383476
    ));
#558 = ORIENTED_EDGE('',*,*,#559,.F.);
#559 = EDGE_CURVE('',#560,#551,#562,.T.);
#560 = VERTEX_POINT('',#561);
#561 = CARTESIAN_POINT('',(-2.153174454197,3.246991671296,0.310229148947
    ));
#562 = B_SPLINE_CURVE_WITH_KNOTS('',3,(#563,#564,#565,#566),
  .UNSPECIFIED.,.F.,.F.,(4,4),(8.,9.),.PIECEWISE_BEZIER_KNOTS.);
#563 = CARTESIAN_POINT('',(-2.153174454197,3.246991671296,0.310229148947
    ));
#564 = CARTESIAN_POINT('',(-2.153083757987,3.246991671296,0.297441268695
    ));
#565 = CARTESIAN_POINT('',(-2.157104048269,3.246991671296,0.287284244747
    ));
#566 = CARTESIAN_POINT('',(-2.165235325044,3.246991671296,0.279758077105
    ));
#567 = ORIENTED_EDGE('',*,*,#568,.F.);
#568 = EDGE_CURVE('',#569,#560,#571,.T.);
#569 = VERTEX_POINT('',#570);
#570 = CARTESIAN_POINT('',(-2.200922773948,3.246991671296,0.356543034558
    ));
#571 = B_SPLINE_CURVE_WITH_KNOTS('',3,(#572,#573,#574,#575),
  .UNSPECIFIED.,.F.,.F.,(4,4),(9.,10.),.PIECEWISE_BEZIER_KNOTS.);
#572 = CARTESIAN_POINT('',(-2.200922773948,3.246991671296,0.356543034558
    ));
#573 = CARTESIAN_POINT('',(-2.169279934469,3.246991671296,0.352368204783
    ));
#574 = CARTESIAN_POINT('',(-2.153363827885,3.246991671296,0.336930242913
    ));
#575 = CARTESIAN_POINT('',(-2.153174454197,3.246991671296,0.310229148947
    ));
#576 = ORIENTED_EDGE('',*,*,#577,.F.);
#577 = EDGE_CURVE('',#578,#569,#580,.T.);
#578 = VERTEX_POINT('',#579);
#579 = CARTESIAN_POINT('',(-2.243318316384,3.246991671296,0.362176225146
    ));
#580 = B_SPLINE_CURVE_WITH_KNOTS('',1,(#581,#582),.UNSPECIFIED.,.F.,.F.,
  (2,2),(-4.276815234119E-02,0.),.PIECEWISE_BEZIER_KNOTS.);
#581 = CARTESIAN_POINT('',(-2.243318316384,3.246991671296,0.362176225146
    ));
#582 = CARTESIAN_POINT('',(-2.200922773948,3.246991671296,0.356543034558
    ));
#583 = ORIENTED_EDGE('',*,*,#584,.F.);
#584 = EDGE_CURVE('',#585,#578,#587,.T.);
#585 = VERTEX_POINT('',#586);
#586 = CARTESIAN_POINT('',(-2.214614700326,3.246991671296,0.397369201735
    ));
#587 = B_SPLINE_CURVE_WITH_KNOTS('',3,(#588,#589,#590,#591),
  .UNSPECIFIED.,.F.,.F.,(4,4),(11.,12.),.PIECEWISE_BEZIER_KNOTS.);
#588 = CARTESIAN_POINT('',(-2.214614700326,3.246991671296,0.397369201735
    ));
#589 = CARTESIAN_POINT('',(-2.233898823746,3.246991671296,0.39723243185)
  );
#590 = CARTESIAN_POINT('',(-2.243483746272,3.246991671296,0.385501318725
    ));
#591 = CARTESIAN_POINT('',(-2.243318316384,3.246991671296,0.362176225146
    ));
#592 = ORIENTED_EDGE('',*,*,#593,.F.);
#593 = EDGE_CURVE('',#594,#585,#596,.T.);
#594 = VERTEX_POINT('',#595);
#595 = CARTESIAN_POINT('',(-2.167637285805,3.246991671296,0.380412298549
    ));
#596 = B_SPLINE_CURVE_WITH_KNOTS('',3,(#597,#598,#599,#600),
  .UNSPECIFIED.,.F.,.F.,(4,4),(12.,13.),.PIECEWISE_BEZIER_KNOTS.);
#597 = CARTESIAN_POINT('',(-2.167637285805,3.246991671296,0.380412298549
    ));
#598 = CARTESIAN_POINT('',(-2.181836369408,3.246991671296,0.391770110639
    ));
#599 = CARTESIAN_POINT('',(-2.197478940788,3.246991671296,0.397490734658
    ));
#600 = CARTESIAN_POINT('',(-2.214614700326,3.246991671296,0.397369201735
    ));
#601 = ORIENTED_EDGE('',*,*,#602,.F.);
#602 = EDGE_CURVE('',#496,#594,#603,.T.);
#603 = B_SPLINE_CURVE_WITH_KNOTS('',1,(#604,#605),.UNSPECIFIED.,.F.,.F.,
  (2,2),(-2.43487363669E-02,0.),.PIECEWISE_BEZIER_KNOTS.);
#604 = CARTESIAN_POINT('',(-2.16780997139,3.246991671296,0.40476042255)
  );
#605 = CARTESIAN_POINT('',(-2.167637285805,3.246991671296,0.380412298549
    ));
#606 = FACE_BOUND('',#607,.T.);
#607 = EDGE_LOOP('',(#608,#617,#624,#631,#638,#645,#652,#659,#666,#673,
    #680,#687));
#608 = ORIENTED_EDGE('',*,*,#609,.F.);
#609 = EDGE_CURVE('',#610,#612,#614,.T.);
#610 = VERTEX_POINT('',#611);
#611 = CARTESIAN_POINT('',(-2.128913027783,3.246991671296,0.272137957324
    ));
#612 = VERTEX_POINT('',#613);
#613 = CARTESIAN_POINT('',(-2.129074829822,3.246991671296,0.294951535694
    ));
#614 = B_SPLINE_CURVE_WITH_KNOTS('',1,(#615,#616),.UNSPECIFIED.,.F.,.F.,
  (2,2),(-2.281415214118E-02,0.),.PIECEWISE_BEZIER_KNOTS.);
#615 = CARTESIAN_POINT('',(-2.128913027783,3.246991671296,0.272137957324
    ));
#616 = CARTESIAN_POINT('',(-2.129074829822,3.246991671296,0.294951535694
    ));
#617 = ORIENTED_EDGE('',*,*,#618,.F.);
#618 = EDGE_CURVE('',#619,#610,#621,.T.);
#619 = VERTEX_POINT('',#620);
#620 = CARTESIAN_POINT('',(-2.021290227582,3.246991671296,0.272901256632
    ));
#621 = B_SPLINE_CURVE_WITH_KNOTS('',1,(#622,#623),.UNSPECIFIED.,.F.,.F.,
  (2,2),(-0.107625506962,-0.),.PIECEWISE_BEZIER_KNOTS.);
#622 = CARTESIAN_POINT('',(-2.021290227582,3.246991671296,0.272901256632
    ));
#623 = CARTESIAN_POINT('',(-2.128913027783,3.246991671296,0.272137957324
    ));
#624 = ORIENTED_EDGE('',*,*,#625,.F.);
#625 = EDGE_CURVE('',#626,#619,#628,.T.);
#626 = VERTEX_POINT('',#627);
#627 = CARTESIAN_POINT('',(-2.022709441884,3.246991671296,0.473006006815
    ));
#628 = B_SPLINE_CURVE_WITH_KNOTS('',1,(#629,#630),.UNSPECIFIED.,.F.,.F.,
  (2,2),(-0.200109782907,5.461809472808E-17),.PIECEWISE_BEZIER_KNOTS.);
#629 = CARTESIAN_POINT('',(-2.022709441884,3.246991671296,0.473006006815
    ));
#630 = CARTESIAN_POINT('',(-2.021290227582,3.246991671296,0.272901256632
    ));
#631 = ORIENTED_EDGE('',*,*,#632,.F.);
#632 = EDGE_CURVE('',#633,#626,#635,.T.);
#633 = VERTEX_POINT('',#634);
#634 = CARTESIAN_POINT('',(-2.125779756715,3.246991671296,0.472274995358
    ));
#635 = B_SPLINE_CURVE_WITH_KNOTS('',1,(#636,#637),.UNSPECIFIED.,.F.,.F.,
  (2,2),(-0.103072907095,-7.747420399897E-19),.PIECEWISE_BEZIER_KNOTS.);
#636 = CARTESIAN_POINT('',(-2.125779756715,3.246991671296,0.472274995358
    ));
#637 = CARTESIAN_POINT('',(-2.022709441884,3.246991671296,0.473006006815
    ));
#638 = ORIENTED_EDGE('',*,*,#639,.F.);
#639 = EDGE_CURVE('',#640,#633,#642,.T.);
#640 = VERTEX_POINT('',#641);
#641 = CARTESIAN_POINT('',(-2.125616503536,3.246991671296,0.449256810905
    ));
#642 = B_SPLINE_CURVE_WITH_KNOTS('',1,(#643,#644),.UNSPECIFIED.,.F.,.F.,
  (2,2),(-2.30187633709E-02,-5.151912656813E-17),
  .PIECEWISE_BEZIER_KNOTS.);
#643 = CARTESIAN_POINT('',(-2.125616503536,3.246991671296,0.449256810905
    ));
#644 = CARTESIAN_POINT('',(-2.125779756715,3.246991671296,0.472274995358
    ));
#645 = ORIENTED_EDGE('',*,*,#646,.F.);
#646 = EDGE_CURVE('',#647,#640,#649,.T.);
#647 = VERTEX_POINT('',#648);
#648 = CARTESIAN_POINT('',(-2.048377706814,3.246991671296,0.449804616016
    ));
#649 = B_SPLINE_CURVE_WITH_KNOTS('',1,(#650,#651),.UNSPECIFIED.,.F.,.F.,
  (2,2),(-7.724073931227E-02,4.361700157847E-16),
  .PIECEWISE_BEZIER_KNOTS.);
#650 = CARTESIAN_POINT('',(-2.048377706814,3.246991671296,0.449804616016
    ));
#651 = CARTESIAN_POINT('',(-2.125616503536,3.246991671296,0.449256810905
    ));
#652 = ORIENTED_EDGE('',*,*,#653,.F.);
#653 = EDGE_CURVE('',#654,#647,#656,.T.);
#654 = VERTEX_POINT('',#655);
#655 = CARTESIAN_POINT('',(-2.047923500192,3.246991671296,0.385762911713
    ));
#656 = B_SPLINE_CURVE_WITH_KNOTS('',1,(#657,#658),.UNSPECIFIED.,.F.,.F.,
  (2,2),(-6.404331498016E-02,0.),.PIECEWISE_BEZIER_KNOTS.);
#657 = CARTESIAN_POINT('',(-2.047923500192,3.246991671296,0.385762911713
    ));
#658 = CARTESIAN_POINT('',(-2.048377706814,3.246991671296,0.449804616016
    ));
#659 = ORIENTED_EDGE('',*,*,#660,.F.);
#660 = EDGE_CURVE('',#661,#654,#663,.T.);
#661 = VERTEX_POINT('',#662);
#662 = CARTESIAN_POINT('',(-2.119484478082,3.246991671296,0.385255375719
    ));
#663 = B_SPLINE_CURVE_WITH_KNOTS('',1,(#664,#665),.UNSPECIFIED.,.F.,.F.,
  (2,2),(-7.156277768103E-02,-3.873710199949E-19),
  .PIECEWISE_BEZIER_KNOTS.);
#664 = CARTESIAN_POINT('',(-2.119484478082,3.246991671296,0.385255375719
    ));
#665 = CARTESIAN_POINT('',(-2.047923500192,3.246991671296,0.385762911713
    ));
#666 = ORIENTED_EDGE('',*,*,#667,.F.);
#667 = EDGE_CURVE('',#668,#661,#670,.T.);
#668 = VERTEX_POINT('',#669);
#669 = CARTESIAN_POINT('',(-2.119321950473,3.246991671296,0.362339494308
    ));
#670 = B_SPLINE_CURVE_WITH_KNOTS('',1,(#671,#672),.UNSPECIFIED.,.F.,.F.,
  (2,2),(-2.291645775604E-02,-5.461809472808E-17),
  .PIECEWISE_BEZIER_KNOTS.);
#671 = CARTESIAN_POINT('',(-2.119321950473,3.246991671296,0.362339494308
    ));
#672 = CARTESIAN_POINT('',(-2.119484478082,3.246991671296,0.385255375719
    ));
#673 = ORIENTED_EDGE('',*,*,#674,.F.);
#674 = EDGE_CURVE('',#675,#668,#677,.T.);
#675 = VERTEX_POINT('',#676);
#676 = CARTESIAN_POINT('',(-2.047760972583,3.246991671296,0.362847030302
    ));
#677 = B_SPLINE_CURVE_WITH_KNOTS('',1,(#678,#679),.UNSPECIFIED.,.F.,.F.,
  (2,2),(-7.156277768103E-02,-0.),.PIECEWISE_BEZIER_KNOTS.);
#678 = CARTESIAN_POINT('',(-2.047760972583,3.246991671296,0.362847030302
    ));
#679 = CARTESIAN_POINT('',(-2.119321950473,3.246991671296,0.362339494308
    ));
#680 = ORIENTED_EDGE('',*,*,#681,.F.);
#681 = EDGE_CURVE('',#682,#675,#684,.T.);
#682 = VERTEX_POINT('',#683);
#683 = CARTESIAN_POINT('',(-2.04728354773,3.246991671296,0.295531628656)
  );
#684 = B_SPLINE_CURVE_WITH_KNOTS('',1,(#685,#686),.UNSPECIFIED.,.F.,.F.,
  (2,2),(-6.731709465861E-02,0.),.PIECEWISE_BEZIER_KNOTS.);
#685 = CARTESIAN_POINT('',(-2.04728354773,3.246991671296,0.295531628656)
  );
#686 = CARTESIAN_POINT('',(-2.047760972583,3.246991671296,0.362847030302
    ));
#687 = ORIENTED_EDGE('',*,*,#688,.F.);
#688 = EDGE_CURVE('',#612,#682,#689,.T.);
#689 = B_SPLINE_CURVE_WITH_KNOTS('',1,(#690,#691),.UNSPECIFIED.,.F.,.F.,
  (2,2),(-8.179333917929E-02,4.361700157847E-16),
  .PIECEWISE_BEZIER_KNOTS.);
#690 = CARTESIAN_POINT('',(-2.129074829822,3.246991671296,0.294951535694
    ));
#691 = CARTESIAN_POINT('',(-2.04728354773,3.246991671296,0.295531628656)
  );
#692 = FACE_BOUND('',#693,.T.);
#693 = EDGE_LOOP('',(#694,#705,#714,#723,#732,#741,#750,#757,#766,#775,
    #784,#793,#802,#811));
#694 = ORIENTED_EDGE('',*,*,#695,.F.);
#695 = EDGE_CURVE('',#696,#698,#700,.T.);
#696 = VERTEX_POINT('',#697);
#697 = CARTESIAN_POINT('',(-2.231653265494,3.246991671296,0.585495424098
    ));
#698 = VERTEX_POINT('',#699);
#699 = CARTESIAN_POINT('',(-2.28713307769,3.246991671296,0.596765074904)
  );
#700 = B_SPLINE_CURVE_WITH_KNOTS('',3,(#701,#702,#703,#704),
  .UNSPECIFIED.,.F.,.F.,(4,4),(0.,1.),.PIECEWISE_BEZIER_KNOTS.);
#701 = CARTESIAN_POINT('',(-2.231653265494,3.246991671296,0.585495424098
    ));
#702 = CARTESIAN_POINT('',(-2.253853025611,3.246991671296,0.585337975477
    ));
#703 = CARTESIAN_POINT('',(-2.272346296343,3.246991671296,0.589094525745
    ));
#704 = CARTESIAN_POINT('',(-2.28713307769,3.246991671296,0.596765074904)
  );
#705 = ORIENTED_EDGE('',*,*,#706,.F.);
#706 = EDGE_CURVE('',#707,#696,#709,.T.);
#707 = VERTEX_POINT('',#708);
#708 = CARTESIAN_POINT('',(-2.163099348364,3.246991671296,0.613297919144
    ));
#709 = B_SPLINE_CURVE_WITH_KNOTS('',3,(#710,#711,#712,#713),
  .UNSPECIFIED.,.F.,.F.,(4,4),(1.,2.),.PIECEWISE_BEZIER_KNOTS.);
#710 = CARTESIAN_POINT('',(-2.163099348364,3.246991671296,0.613297919144
    ));
#711 = CARTESIAN_POINT('',(-2.180105956499,3.246991671296,0.594966444744
    ));
#712 = CARTESIAN_POINT('',(-2.202957262208,3.246991671296,0.585698946394
    ));
#713 = CARTESIAN_POINT('',(-2.231653265494,3.246991671296,0.585495424098
    ));
#714 = ORIENTED_EDGE('',*,*,#715,.F.);
#715 = EDGE_CURVE('',#716,#707,#718,.T.);
#716 = VERTEX_POINT('',#717);
#717 = CARTESIAN_POINT('',(-2.137934262585,3.246991671296,0.68580828784)
  );
#718 = B_SPLINE_CURVE_WITH_KNOTS('',3,(#719,#720,#721,#722),
  .UNSPECIFIED.,.F.,.F.,(4,4),(2.,3.),.PIECEWISE_BEZIER_KNOTS.);
#719 = CARTESIAN_POINT('',(-2.137934262585,3.246991671296,0.68580828784)
  );
#720 = CARTESIAN_POINT('',(-2.137721670668,3.246991671296,0.655833496529
    ));
#721 = CARTESIAN_POINT('',(-2.14609274023,3.246991671296,0.631629393545)
  );
#722 = CARTESIAN_POINT('',(-2.163099348364,3.246991671296,0.613297919144
    ));
#723 = ORIENTED_EDGE('',*,*,#724,.F.);
#724 = EDGE_CURVE('',#725,#716,#727,.T.);
#725 = VERTEX_POINT('',#726);
#726 = CARTESIAN_POINT('',(-2.167386304914,3.246991671296,0.763353626336
    ));
#727 = B_SPLINE_CURVE_WITH_KNOTS('',3,(#728,#729,#730,#731),
  .UNSPECIFIED.,.F.,.F.,(4,4),(3.,4.),.PIECEWISE_BEZIER_KNOTS.);
#728 = CARTESIAN_POINT('',(-2.167386304914,3.246991671296,0.763353626336
    ));
#729 = CARTESIAN_POINT('',(-2.147962872115,3.246991671296,0.743848212155
    ));
#730 = CARTESIAN_POINT('',(-2.138162817035,3.246991671296,0.718033746075
    ));
#731 = CARTESIAN_POINT('',(-2.137934262585,3.246991671296,0.68580828784)
  );
#732 = ORIENTED_EDGE('',*,*,#733,.F.);
#733 = EDGE_CURVE('',#734,#725,#736,.T.);
#734 = VERTEX_POINT('',#735);
#735 = CARTESIAN_POINT('',(-2.241100004672,3.246991671296,0.792295580619
    ));
#736 = B_SPLINE_CURVE_WITH_KNOTS('',3,(#737,#738,#739,#740),
  .UNSPECIFIED.,.F.,.F.,(4,4),(4.,5.),.PIECEWISE_BEZIER_KNOTS.);
#737 = CARTESIAN_POINT('',(-2.241100004672,3.246991671296,0.792295580619
    ));
#738 = CARTESIAN_POINT('',(-2.211380970967,3.246991671296,0.792506358612
    ));
#739 = CARTESIAN_POINT('',(-2.186809737714,3.246991671296,0.782859040518
    ));
#740 = CARTESIAN_POINT('',(-2.167386304914,3.246991671296,0.763353626336
    ));
#741 = ORIENTED_EDGE('',*,*,#742,.F.);
#742 = EDGE_CURVE('',#743,#734,#745,.T.);
#743 = VERTEX_POINT('',#744);
#744 = CARTESIAN_POINT('',(-2.288459419072,3.246991671296,0.783775035709
    ));
#745 = B_SPLINE_CURVE_WITH_KNOTS('',3,(#746,#747,#748,#749),
  .UNSPECIFIED.,.F.,.F.,(4,4),(5.,6.),.PIECEWISE_BEZIER_KNOTS.);
#746 = CARTESIAN_POINT('',(-2.288459419072,3.246991671296,0.783775035709
    ));
#747 = CARTESIAN_POINT('',(-2.276016903139,3.246991671296,0.789285616438
    ));
#748 = CARTESIAN_POINT('',(-2.260230673529,3.246991671296,0.792159899088
    ));
#749 = CARTESIAN_POINT('',(-2.241100004672,3.246991671296,0.792295580619
    ));
#750 = ORIENTED_EDGE('',*,*,#751,.F.);
#751 = EDGE_CURVE('',#752,#743,#754,.T.);
#752 = VERTEX_POINT('',#753);
#753 = CARTESIAN_POINT('',(-2.288267868675,3.246991671296,0.756767032618
    ));
#754 = B_SPLINE_CURVE_WITH_KNOTS('',1,(#755,#756),.UNSPECIFIED.,.F.,.F.,
  (2,2),(-2.700868235479E-02,1.061372212962E-16),
  .PIECEWISE_BEZIER_KNOTS.);
#755 = CARTESIAN_POINT('',(-2.288267868675,3.246991671296,0.756767032618
    ));
#756 = CARTESIAN_POINT('',(-2.288459419072,3.246991671296,0.783775035709
    ));
#757 = ORIENTED_EDGE('',*,*,#758,.F.);
#758 = EDGE_CURVE('',#759,#752,#761,.T.);
#759 = VERTEX_POINT('',#760);
#760 = CARTESIAN_POINT('',(-2.241190332389,3.246991671296,0.768968673115
    ));
#761 = B_SPLINE_CURVE_WITH_KNOTS('',3,(#762,#763,#764,#765),
  .UNSPECIFIED.,.F.,.F.,(4,4),(7.,8.),.PIECEWISE_BEZIER_KNOTS.);
#762 = CARTESIAN_POINT('',(-2.241190332389,3.246991671296,0.768968673115
    ));
#763 = CARTESIAN_POINT('',(-2.258326091926,3.246991671296,0.768847140193
    ));
#764 = CARTESIAN_POINT('',(-2.274002037228,3.246991671296,0.76484824965)
  );
#765 = CARTESIAN_POINT('',(-2.288267868675,3.246991671296,0.756767032618
    ));
#766 = ORIENTED_EDGE('',*,*,#767,.F.);
#767 = EDGE_CURVE('',#768,#759,#770,.T.);
#768 = VERTEX_POINT('',#769);
#769 = CARTESIAN_POINT('',(-2.186505362373,3.246991671296,0.747155641639
    ));
#770 = B_SPLINE_CURVE_WITH_KNOTS('',3,(#771,#772,#773,#774),
  .UNSPECIFIED.,.F.,.F.,(4,4),(8.,9.),.PIECEWISE_BEZIER_KNOTS.);
#771 = CARTESIAN_POINT('',(-2.186505362373,3.246991671296,0.747155641639
    ));
#772 = CARTESIAN_POINT('',(-2.200677238254,3.246991671296,0.7618898169)
  );
#773 = CARTESIAN_POINT('',(-2.21888826923,3.246991671296,0.769126847306)
  );
#774 = CARTESIAN_POINT('',(-2.241190332389,3.246991671296,0.768968673115
    ));
#775 = ORIENTED_EDGE('',*,*,#776,.F.);
#776 = EDGE_CURVE('',#777,#768,#779,.T.);
#777 = VERTEX_POINT('',#778);
#778 = CARTESIAN_POINT('',(-2.165055452265,3.246991671296,0.687150557505
    ));
#779 = B_SPLINE_CURVE_WITH_KNOTS('',3,(#780,#781,#782,#783),
  .UNSPECIFIED.,.F.,.F.,(4,4),(9.,10.),.PIECEWISE_BEZIER_KNOTS.);
#780 = CARTESIAN_POINT('',(-2.165055452265,3.246991671296,0.687150557505
    ));
#781 = CARTESIAN_POINT('',(-2.165233942407,3.246991671296,0.71231710584)
  );
#782 = CARTESIAN_POINT('',(-2.172383912443,3.246991671296,0.732318800551
    ));
#783 = CARTESIAN_POINT('',(-2.186505362373,3.246991671296,0.747155641639
    ));
#784 = ORIENTED_EDGE('',*,*,#785,.F.);
#785 = EDGE_CURVE('',#786,#777,#788,.T.);
#786 = VERTEX_POINT('',#787);
#787 = CARTESIAN_POINT('',(-2.184292768448,3.246991671296,0.62992615068)
  );
#788 = B_SPLINE_CURVE_WITH_KNOTS('',3,(#789,#790,#791,#792),
  .UNSPECIFIED.,.F.,.F.,(4,4),(10.,11.),.PIECEWISE_BEZIER_KNOTS.);
#789 = CARTESIAN_POINT('',(-2.184292768448,3.246991671296,0.62992615068)
  );
#790 = CARTESIAN_POINT('',(-2.171298107686,3.246991671296,0.644136843398
    ));
#791 = CARTESIAN_POINT('',(-2.164885668959,3.246991671296,0.663211645673
    ));
#792 = CARTESIAN_POINT('',(-2.165055452265,3.246991671296,0.687150557505
    ));
#793 = ORIENTED_EDGE('',*,*,#794,.F.);
#794 = EDGE_CURVE('',#795,#786,#797,.T.);
#795 = VERTEX_POINT('',#796);
#796 = CARTESIAN_POINT('',(-2.235550579706,3.246991671296,0.608487125258
    ));
#797 = B_SPLINE_CURVE_WITH_KNOTS('',3,(#798,#799,#800,#801),
  .UNSPECIFIED.,.F.,.F.,(4,4),(11.,12.),.PIECEWISE_BEZIER_KNOTS.);
#798 = CARTESIAN_POINT('',(-2.235550579706,3.246991671296,0.608487125258
    ));
#799 = CARTESIAN_POINT('',(-2.214373850009,3.246991671296,0.608637318182
    ));
#800 = CARTESIAN_POINT('',(-2.197288154779,3.246991671296,0.615817761004
    ));
#801 = CARTESIAN_POINT('',(-2.184292768448,3.246991671296,0.62992615068)
  );
#802 = ORIENTED_EDGE('',*,*,#803,.F.);
#803 = EDGE_CURVE('',#804,#795,#806,.T.);
#804 = VERTEX_POINT('',#805);
#805 = CARTESIAN_POINT('',(-2.287308665553,3.246991671296,0.621522411073
    ));
#806 = B_SPLINE_CURVE_WITH_KNOTS('',3,(#807,#808,#809,#810),
  .UNSPECIFIED.,.F.,.F.,(4,4),(12.,13.),.PIECEWISE_BEZIER_KNOTS.);
#807 = CARTESIAN_POINT('',(-2.287308665553,3.246991671296,0.621522411073
    ));
#808 = CARTESIAN_POINT('',(-2.272616205982,3.246991671296,0.612725802881
    ));
#809 = CARTESIAN_POINT('',(-2.255346218336,3.246991671296,0.608346727524
    ));
#810 = CARTESIAN_POINT('',(-2.235550579706,3.246991671296,0.608487125258
    ));
#811 = ORIENTED_EDGE('',*,*,#812,.F.);
#812 = EDGE_CURVE('',#698,#804,#813,.T.);
#813 = B_SPLINE_CURVE_WITH_KNOTS('',1,(#814,#815),.UNSPECIFIED.,.F.,.F.,
  (2,2),(-2.475795882636E-02,1.061372212962E-16),
  .PIECEWISE_BEZIER_KNOTS.);
#814 = CARTESIAN_POINT('',(-2.28713307769,3.246991671296,0.596765074904)
  );
#815 = CARTESIAN_POINT('',(-2.287308665553,3.246991671296,0.621522411073
    ));
#816 = FACE_BOUND('',#817,.T.);
#817 = EDGE_LOOP('',(#818,#827,#834,#841,#848,#855,#862,#869));
#818 = ORIENTED_EDGE('',*,*,#819,.F.);
#819 = EDGE_CURVE('',#820,#822,#824,.T.);
#820 = VERTEX_POINT('',#821);
#821 = CARTESIAN_POINT('',(2.066267427189,3.246991671296,0.806828333474)
  );
#822 = VERTEX_POINT('',#823);
#823 = CARTESIAN_POINT('',(0.737952652567,3.246991671296,0.806828333474)
  );
#824 = B_SPLINE_CURVE_WITH_KNOTS('',1,(#825,#826),.UNSPECIFIED.,.F.,.F.,
  (2,2),(1.180724244108,2.509039018729),.PIECEWISE_BEZIER_KNOTS.);
#825 = CARTESIAN_POINT('',(2.066267427189,3.246991671296,0.806828333474)
  );
#826 = CARTESIAN_POINT('',(0.737952652567,3.246991671296,0.806828333474)
  );
#827 = ORIENTED_EDGE('',*,*,#828,.T.);
#828 = EDGE_CURVE('',#820,#829,#831,.T.);
#829 = VERTEX_POINT('',#830);
#830 = CARTESIAN_POINT('',(2.066267427189,3.246991671296,
    1.96788374018E-02));
#831 = B_SPLINE_CURVE_WITH_KNOTS('',1,(#832,#833),.UNSPECIFIED.,.F.,.F.,
  (2,2),(0.196787374018,0.98393687009),.PIECEWISE_BEZIER_KNOTS.);
#832 = CARTESIAN_POINT('',(2.066267427189,3.246991671296,0.806828333474)
  );
#833 = CARTESIAN_POINT('',(2.066267427189,3.246991671296,
    1.96788374018E-02));
#834 = ORIENTED_EDGE('',*,*,#835,.T.);
#835 = EDGE_CURVE('',#829,#836,#838,.T.);
#836 = VERTEX_POINT('',#837);
#837 = CARTESIAN_POINT('',(-3.246991671296,3.246991671296,
    1.96788374018E-02));
#838 = B_SPLINE_CURVE_WITH_KNOTS('',1,(#839,#840),.UNSPECIFIED.,.F.,.F.,
  (2,2),(-5.313259098485,-0.),.PIECEWISE_BEZIER_KNOTS.);
#839 = CARTESIAN_POINT('',(2.066267427189,3.246991671296,
    1.96788374018E-02));
#840 = CARTESIAN_POINT('',(-3.246991671296,3.246991671296,
    1.96788374018E-02));
#841 = ORIENTED_EDGE('',*,*,#842,.F.);
#842 = EDGE_CURVE('',#843,#836,#845,.T.);
#843 = VERTEX_POINT('',#844);
#844 = CARTESIAN_POINT('',(-3.246991671296,3.246991671296,1.003615707492
    ));
#845 = B_SPLINE_CURVE_WITH_KNOTS('',1,(#846,#847),.UNSPECIFIED.,.F.,.F.,
  (2,2),(-0.,0.98393687009),.PIECEWISE_BEZIER_KNOTS.);
#846 = CARTESIAN_POINT('',(-3.246991671296,3.246991671296,1.003615707492
    ));
#847 = CARTESIAN_POINT('',(-3.246991671296,3.246991671296,
    1.96788374018E-02));
#848 = ORIENTED_EDGE('',*,*,#849,.F.);
#849 = EDGE_CURVE('',#850,#843,#852,.T.);
#850 = VERTEX_POINT('',#851);
#851 = CARTESIAN_POINT('',(-0.737952652567,3.246991671296,1.003615707492
    ));
#852 = B_SPLINE_CURVE_WITH_KNOTS('',1,(#853,#854),.UNSPECIFIED.,.F.,.F.,
  (2,2),(-2.509039018729,-0.),.PIECEWISE_BEZIER_KNOTS.);
#853 = CARTESIAN_POINT('',(-0.737952652567,3.246991671296,1.003615707492
    ));
#854 = CARTESIAN_POINT('',(-3.246991671296,3.246991671296,1.003615707492
    ));
#855 = ORIENTED_EDGE('',*,*,#856,.F.);
#856 = EDGE_CURVE('',#857,#850,#859,.T.);
#857 = VERTEX_POINT('',#858);
#858 = CARTESIAN_POINT('',(-0.737952652567,3.246991671296,0.511647272447
    ));
#859 = B_SPLINE_CURVE_WITH_KNOTS('',1,(#860,#861),.UNSPECIFIED.,.F.,.F.,
  (2,2),(-0.491968435045,0.),.PIECEWISE_BEZIER_KNOTS.);
#860 = CARTESIAN_POINT('',(-0.737952652567,3.246991671296,0.511647272447
    ));
#861 = CARTESIAN_POINT('',(-0.737952652567,3.246991671296,1.003615707492
    ));
#862 = ORIENTED_EDGE('',*,*,#863,.F.);
#863 = EDGE_CURVE('',#864,#857,#866,.T.);
#864 = VERTEX_POINT('',#865);
#865 = CARTESIAN_POINT('',(0.737952652567,3.246991671296,0.511647272447)
  );
#866 = B_SPLINE_CURVE_WITH_KNOTS('',1,(#867,#868),.UNSPECIFIED.,.F.,.F.,
  (2,2),(-3.984944323864,-2.509039018729),.PIECEWISE_BEZIER_KNOTS.);
#867 = CARTESIAN_POINT('',(0.737952652567,3.246991671296,0.511647272447)
  );
#868 = CARTESIAN_POINT('',(-0.737952652567,3.246991671296,0.511647272447
    ));
#869 = ORIENTED_EDGE('',*,*,#870,.F.);
#870 = EDGE_CURVE('',#822,#864,#871,.T.);
#871 = B_SPLINE_CURVE_WITH_KNOTS('',1,(#872,#873),.UNSPECIFIED.,.F.,.F.,
  (2,2),(0.196787374018,0.491968435045),.PIECEWISE_BEZIER_KNOTS.);
#872 = CARTESIAN_POINT('',(0.737952652567,3.246991671296,0.806828333474)
  );
#873 = CARTESIAN_POINT('',(0.737952652567,3.246991671296,0.511647272447)
  );
#874 = FACE_BOUND('',#875,.T.);
#875 = EDGE_LOOP('',(#876,#885,#892,#899,#906,#913));
#876 = ORIENTED_EDGE('',*,*,#877,.F.);
#877 = EDGE_CURVE('',#878,#880,#882,.T.);
#878 = VERTEX_POINT('',#879);
#879 = CARTESIAN_POINT('',(-2.129067258151,3.246991671296,0.589599170878
    ));
#880 = VERTEX_POINT('',#881);
#881 = CARTESIAN_POINT('',(-2.129229060191,3.246991671296,0.612412749247
    ));
#882 = B_SPLINE_CURVE_WITH_KNOTS('',1,(#883,#884),.UNSPECIFIED.,.F.,.F.,
  (2,2),(-2.281415214117E-02,0.),.PIECEWISE_BEZIER_KNOTS.);
#883 = CARTESIAN_POINT('',(-2.129067258151,3.246991671296,0.589599170878
    ));
#884 = CARTESIAN_POINT('',(-2.129229060191,3.246991671296,0.612412749247
    ));
#885 = ORIENTED_EDGE('',*,*,#886,.F.);
#886 = EDGE_CURVE('',#887,#878,#889,.T.);
#887 = VERTEX_POINT('',#888);
#888 = CARTESIAN_POINT('',(-2.023541670312,3.246991671296,0.590347596007
    ));
#889 = B_SPLINE_CURVE_WITH_KNOTS('',1,(#890,#891),.UNSPECIFIED.,.F.,.F.,
  (2,2),(-0.105528241856,-0.),.PIECEWISE_BEZIER_KNOTS.);
#890 = CARTESIAN_POINT('',(-2.023541670312,3.246991671296,0.590347596007
    ));
#891 = CARTESIAN_POINT('',(-2.129067258151,3.246991671296,0.589599170878
    ));
#892 = ORIENTED_EDGE('',*,*,#893,.F.);
#893 = EDGE_CURVE('',#894,#887,#896,.T.);
#894 = VERTEX_POINT('',#895);
#895 = CARTESIAN_POINT('',(-2.024960884614,3.246991671296,0.79045234619)
  );
#896 = B_SPLINE_CURVE_WITH_KNOTS('',1,(#897,#898),.UNSPECIFIED.,.F.,.F.,
  (2,2),(-0.200109782907,0.),.PIECEWISE_BEZIER_KNOTS.);
#897 = CARTESIAN_POINT('',(-2.024960884614,3.246991671296,0.79045234619)
  );
#898 = CARTESIAN_POINT('',(-2.023541670312,3.246991671296,0.590347596007
    ));
#899 = ORIENTED_EDGE('',*,*,#900,.F.);
#900 = EDGE_CURVE('',#901,#894,#903,.T.);
#901 = VERTEX_POINT('',#902);
#902 = CARTESIAN_POINT('',(-2.050792402722,3.246991671296,0.790269139845
    ));
#903 = B_SPLINE_CURVE_WITH_KNOTS('',1,(#904,#905),.UNSPECIFIED.,.F.,.F.,
  (2,2),(-2.583216778315E-02,4.369447578246E-16),
  .PIECEWISE_BEZIER_KNOTS.);
#904 = CARTESIAN_POINT('',(-2.050792402722,3.246991671296,0.790269139845
    ));
#905 = CARTESIAN_POINT('',(-2.024960884614,3.246991671296,0.79045234619)
  );
#906 = ORIENTED_EDGE('',*,*,#907,.F.);
#907 = EDGE_CURVE('',#908,#901,#910,.T.);
#908 = VERTEX_POINT('',#909);
#909 = CARTESIAN_POINT('',(-2.04953499046,3.246991671296,0.612977968031)
  );
#910 = B_SPLINE_CURVE_WITH_KNOTS('',1,(#911,#912),.UNSPECIFIED.,.F.,.F.,
  (2,2),(-0.177295630766,0.),.PIECEWISE_BEZIER_KNOTS.);
#911 = CARTESIAN_POINT('',(-2.04953499046,3.246991671296,0.612977968031)
  );
#912 = CARTESIAN_POINT('',(-2.050792402722,3.246991671296,0.790269139845
    ));
#913 = ORIENTED_EDGE('',*,*,#914,.F.);
#914 = EDGE_CURVE('',#880,#908,#915,.T.);
#915 = B_SPLINE_CURVE_WITH_KNOTS('',1,(#916,#917),.UNSPECIFIED.,.F.,.F.,
  (2,2),(-7.969607407248E-02,0.),.PIECEWISE_BEZIER_KNOTS.);
#916 = CARTESIAN_POINT('',(-2.129229060191,3.246991671296,0.612412749247
    ));
#917 = CARTESIAN_POINT('',(-2.04953499046,3.246991671296,0.612977968031)
  );
#918 = FACE_BOUND('',#919,.T.);
#919 = EDGE_LOOP('',(#920,#929,#936,#943,#950,#957,#964,#971,#978,#985,
    #992,#999));
#920 = ORIENTED_EDGE('',*,*,#921,.F.);
#921 = EDGE_CURVE('',#922,#924,#926,.T.);
#922 = VERTEX_POINT('',#923);
#923 = CARTESIAN_POINT('',(-2.434748747695,3.246991671296,0.587431168662
    ));
#924 = VERTEX_POINT('',#925);
#925 = CARTESIAN_POINT('',(-2.434910549734,3.246991671296,0.610244747031
    ));
#926 = B_SPLINE_CURVE_WITH_KNOTS('',1,(#927,#928),.UNSPECIFIED.,.F.,.F.,
  (2,2),(-2.281415214117E-02,0.),.PIECEWISE_BEZIER_KNOTS.);
#927 = CARTESIAN_POINT('',(-2.434748747695,3.246991671296,0.587431168662
    ));
#928 = CARTESIAN_POINT('',(-2.434910549734,3.246991671296,0.610244747031
    ));
#929 = ORIENTED_EDGE('',*,*,#930,.F.);
#930 = EDGE_CURVE('',#931,#922,#933,.T.);
#931 = VERTEX_POINT('',#932);
#932 = CARTESIAN_POINT('',(-2.327125947494,3.246991671296,0.58819446797)
  );
#933 = B_SPLINE_CURVE_WITH_KNOTS('',1,(#934,#935),.UNSPECIFIED.,.F.,.F.,
  (2,2),(-0.107625506962,-0.),.PIECEWISE_BEZIER_KNOTS.);
#934 = CARTESIAN_POINT('',(-2.327125947494,3.246991671296,0.58819446797)
  );
#935 = CARTESIAN_POINT('',(-2.434748747695,3.246991671296,0.587431168662
    ));
#936 = ORIENTED_EDGE('',*,*,#937,.F.);
#937 = EDGE_CURVE('',#938,#931,#940,.T.);
#938 = VERTEX_POINT('',#939);
#939 = CARTESIAN_POINT('',(-2.328545161796,3.246991671296,0.788299218153
    ));
#940 = B_SPLINE_CURVE_WITH_KNOTS('',1,(#941,#942),.UNSPECIFIED.,.F.,.F.,
  (2,2),(-0.200109782907,0.),.PIECEWISE_BEZIER_KNOTS.);
#941 = CARTESIAN_POINT('',(-2.328545161796,3.246991671296,0.788299218153
    ));
#942 = CARTESIAN_POINT('',(-2.327125947494,3.246991671296,0.58819446797)
  );
#943 = ORIENTED_EDGE('',*,*,#944,.F.);
#944 = EDGE_CURVE('',#945,#938,#947,.T.);
#945 = VERTEX_POINT('',#946);
#946 = CARTESIAN_POINT('',(-2.431615476627,3.246991671296,0.787568206696
    ));
#947 = B_SPLINE_CURVE_WITH_KNOTS('',1,(#948,#949),.UNSPECIFIED.,.F.,.F.,
  (2,2),(-0.103072907095,4.369447578246E-16),.PIECEWISE_BEZIER_KNOTS.);
#948 = CARTESIAN_POINT('',(-2.431615476627,3.246991671296,0.787568206696
    ));
#949 = CARTESIAN_POINT('',(-2.328545161796,3.246991671296,0.788299218153
    ));
#950 = ORIENTED_EDGE('',*,*,#951,.F.);
#951 = EDGE_CURVE('',#952,#945,#954,.T.);
#952 = VERTEX_POINT('',#953);
#953 = CARTESIAN_POINT('',(-2.431452223448,3.246991671296,0.764550022243
    ));
#954 = B_SPLINE_CURVE_WITH_KNOTS('',1,(#955,#956),.UNSPECIFIED.,.F.,.F.,
  (2,2),(-2.30187633709E-02,3.098968159955E-18),
  .PIECEWISE_BEZIER_KNOTS.);
#955 = CARTESIAN_POINT('',(-2.431452223448,3.246991671296,0.764550022243
    ));
#956 = CARTESIAN_POINT('',(-2.431615476627,3.246991671296,0.787568206696
    ));
#957 = ORIENTED_EDGE('',*,*,#958,.F.);
#958 = EDGE_CURVE('',#959,#952,#961,.T.);
#959 = VERTEX_POINT('',#960);
#960 = CARTESIAN_POINT('',(-2.354213426726,3.246991671296,0.765097827354
    ));
#961 = B_SPLINE_CURVE_WITH_KNOTS('',1,(#962,#963),.UNSPECIFIED.,.F.,.F.,
  (2,2),(-7.724073931228E-02,-0.),.PIECEWISE_BEZIER_KNOTS.);
#962 = CARTESIAN_POINT('',(-2.354213426726,3.246991671296,0.765097827354
    ));
#963 = CARTESIAN_POINT('',(-2.431452223448,3.246991671296,0.764550022243
    ));
#964 = ORIENTED_EDGE('',*,*,#965,.F.);
#965 = EDGE_CURVE('',#966,#959,#968,.T.);
#966 = VERTEX_POINT('',#967);
#967 = CARTESIAN_POINT('',(-2.353759220104,3.246991671296,0.701056123051
    ));
#968 = B_SPLINE_CURVE_WITH_KNOTS('',1,(#969,#970),.UNSPECIFIED.,.F.,.F.,
  (2,2),(-6.404331498016E-02,-1.092361894562E-16),
  .PIECEWISE_BEZIER_KNOTS.);
#969 = CARTESIAN_POINT('',(-2.353759220104,3.246991671296,0.701056123051
    ));
#970 = CARTESIAN_POINT('',(-2.354213426726,3.246991671296,0.765097827354
    ));
#971 = ORIENTED_EDGE('',*,*,#972,.F.);
#972 = EDGE_CURVE('',#973,#966,#975,.T.);
#973 = VERTEX_POINT('',#974);
#974 = CARTESIAN_POINT('',(-2.425320197994,3.246991671296,0.700548587057
    ));
#975 = B_SPLINE_CURVE_WITH_KNOTS('',1,(#976,#977),.UNSPECIFIED.,.F.,.F.,
  (2,2),(-7.156277768036E-02,0.),.PIECEWISE_BEZIER_KNOTS.);
#976 = CARTESIAN_POINT('',(-2.425320197994,3.246991671296,0.700548587057
    ));
#977 = CARTESIAN_POINT('',(-2.353759220104,3.246991671296,0.701056123051
    ));
#978 = ORIENTED_EDGE('',*,*,#979,.F.);
#979 = EDGE_CURVE('',#980,#973,#982,.T.);
#980 = VERTEX_POINT('',#981);
#981 = CARTESIAN_POINT('',(-2.425157670385,3.246991671296,0.677632705646
    ));
#982 = B_SPLINE_CURVE_WITH_KNOTS('',1,(#983,#984),.UNSPECIFIED.,.F.,.F.,
  (2,2),(-2.291645775604E-02,0.),.PIECEWISE_BEZIER_KNOTS.);
#983 = CARTESIAN_POINT('',(-2.425157670385,3.246991671296,0.677632705646
    ));
#984 = CARTESIAN_POINT('',(-2.425320197994,3.246991671296,0.700548587057
    ));
#985 = ORIENTED_EDGE('',*,*,#986,.F.);
#986 = EDGE_CURVE('',#987,#980,#989,.T.);
#987 = VERTEX_POINT('',#988);
#988 = CARTESIAN_POINT('',(-2.353596692495,3.246991671296,0.67814024164)
  );
#989 = B_SPLINE_CURVE_WITH_KNOTS('',1,(#990,#991),.UNSPECIFIED.,.F.,.F.,
  (2,2),(-7.156277768036E-02,7.747420399899E-19),
  .PIECEWISE_BEZIER_KNOTS.);
#990 = CARTESIAN_POINT('',(-2.353596692495,3.246991671296,0.67814024164)
  );
#991 = CARTESIAN_POINT('',(-2.425157670385,3.246991671296,0.677632705646
    ));
#992 = ORIENTED_EDGE('',*,*,#993,.F.);
#993 = EDGE_CURVE('',#994,#987,#996,.T.);
#994 = VERTEX_POINT('',#995);
#995 = CARTESIAN_POINT('',(-2.353119267643,3.246991671296,0.610824839994
    ));
#996 = B_SPLINE_CURVE_WITH_KNOTS('',1,(#997,#998),.UNSPECIFIED.,.F.,.F.,
  (2,2),(-6.731709465862E-02,0.),.PIECEWISE_BEZIER_KNOTS.);
#997 = CARTESIAN_POINT('',(-2.353119267643,3.246991671296,0.610824839994
    ));
#998 = CARTESIAN_POINT('',(-2.353596692495,3.246991671296,0.67814024164)
  );
#999 = ORIENTED_EDGE('',*,*,#1000,.F.);
#1000 = EDGE_CURVE('',#924,#994,#1001,.T.);
#1001 = B_SPLINE_CURVE_WITH_KNOTS('',1,(#1002,#1003),.UNSPECIFIED.,.F.,
  .F.,(2,2),(-8.179333917861E-02,0.),.PIECEWISE_BEZIER_KNOTS.);
#1002 = CARTESIAN_POINT('',(-2.434910549734,3.246991671296,
    0.610244747031));
#1003 = CARTESIAN_POINT('',(-2.353119267643,3.246991671296,
    0.610824839994));
#1004 = FACE_BOUND('',#1005,.T.);
#1005 = EDGE_LOOP('',(#1006,#1015,#1022,#1029,#1038,#1047,#1056));
#1006 = ORIENTED_EDGE('',*,*,#1007,.F.);
#1007 = EDGE_CURVE('',#1008,#1010,#1012,.T.);
#1008 = VERTEX_POINT('',#1009);
#1009 = CARTESIAN_POINT('',(-2.47254972172,3.246991671296,0.587163070664
    ));
#1010 = VERTEX_POINT('',#1011);
#1011 = CARTESIAN_POINT('',(-2.527588758325,3.246991671296,
    0.586772714174));
#1012 = B_SPLINE_CURVE_WITH_KNOTS('',1,(#1013,#1014),.UNSPECIFIED.,.F.,
  .F.,(2,2),(-5.504042086099E-02,-0.),.PIECEWISE_BEZIER_KNOTS.);
#1013 = CARTESIAN_POINT('',(-2.47254972172,3.246991671296,0.587163070664
    ));
#1014 = CARTESIAN_POINT('',(-2.527588758325,3.246991671296,
    0.586772714174));
#1015 = ORIENTED_EDGE('',*,*,#1016,.F.);
#1016 = EDGE_CURVE('',#1017,#1008,#1019,.T.);
#1017 = VERTEX_POINT('',#1018);
#1018 = CARTESIAN_POINT('',(-2.473968936022,3.246991671296,
    0.787267820847));
#1019 = B_SPLINE_CURVE_WITH_KNOTS('',1,(#1020,#1021),.UNSPECIFIED.,.F.,
  .F.,(2,2),(-0.200109782907,0.),.PIECEWISE_BEZIER_KNOTS.);
#1020 = CARTESIAN_POINT('',(-2.473968936022,3.246991671296,
    0.787267820847));
#1021 = CARTESIAN_POINT('',(-2.47254972172,3.246991671296,0.587163070664
    ));
#1022 = ORIENTED_EDGE('',*,*,#1023,.F.);
#1023 = EDGE_CURVE('',#1024,#1017,#1026,.T.);
#1024 = VERTEX_POINT('',#1025);
#1025 = CARTESIAN_POINT('',(-2.531054033467,3.246991671296,
    0.786862952963));
#1026 = B_SPLINE_CURVE_WITH_KNOTS('',1,(#1027,#1028),.UNSPECIFIED.,.F.,
  .F.,(2,2),(-5.708653316104E-02,4.369447578246E-16),
  .PIECEWISE_BEZIER_KNOTS.);
#1027 = CARTESIAN_POINT('',(-2.531054033467,3.246991671296,
    0.786862952963));
#1028 = CARTESIAN_POINT('',(-2.473968936022,3.246991671296,
    0.787267820847));
#1029 = ORIENTED_EDGE('',*,*,#1030,.F.);
#1030 = EDGE_CURVE('',#1031,#1024,#1033,.T.);
#1031 = VERTEX_POINT('',#1032);
#1032 = CARTESIAN_POINT('',(-2.60651921049,3.246991671296,0.7598299063)
  );
#1033 = B_SPLINE_CURVE_WITH_KNOTS('',3,(#1034,#1035,#1036,#1037),
  .UNSPECIFIED.,.F.,.F.,(4,4),(2.,3.),.PIECEWISE_BEZIER_KNOTS.);
#1034 = CARTESIAN_POINT('',(-2.60651921049,3.246991671296,0.7598299063)
  );
#1035 = CARTESIAN_POINT('',(-2.586542186289,3.246991671296,
    0.777670907012));
#1036 = CARTESIAN_POINT('',(-2.561386885425,3.246991671296,
    0.786647821552));
#1037 = CARTESIAN_POINT('',(-2.531054033467,3.246991671296,
    0.786862952963));
#1038 = ORIENTED_EDGE('',*,*,#1039,.F.);
#1039 = EDGE_CURVE('',#1040,#1031,#1042,.T.);
#1040 = VERTEX_POINT('',#1041);
#1041 = CARTESIAN_POINT('',(-2.636195062524,3.246991671296,
    0.688617552084));
#1042 = B_SPLINE_CURVE_WITH_KNOTS('',3,(#1043,#1044,#1045,#1046),
  .UNSPECIFIED.,.F.,.F.,(4,4),(3.,4.),.PIECEWISE_BEZIER_KNOTS.);
#1043 = CARTESIAN_POINT('',(-2.636195062524,3.246991671296,
    0.688617552084));
#1044 = CARTESIAN_POINT('',(-2.636405477732,3.246991671296,
    0.718285434268));
#1045 = CARTESIAN_POINT('',(-2.626496234691,3.246991671296,
    0.741988905588));
#1046 = CARTESIAN_POINT('',(-2.60651921049,3.246991671296,0.7598299063)
  );
#1047 = ORIENTED_EDGE('',*,*,#1048,.F.);
#1048 = EDGE_CURVE('',#1049,#1040,#1051,.T.);
#1049 = VERTEX_POINT('',#1050);
#1050 = CARTESIAN_POINT('',(-2.605486724829,3.246991671296,0.61425267751
    ));
#1051 = B_SPLINE_CURVE_WITH_KNOTS('',3,(#1052,#1053,#1054,#1055),
  .UNSPECIFIED.,.F.,.F.,(4,4),(4.,5.),.PIECEWISE_BEZIER_KNOTS.);
#1052 = CARTESIAN_POINT('',(-2.605486724829,3.246991671296,0.61425267751
    ));
#1053 = CARTESIAN_POINT('',(-2.625722051838,3.246991671296,
    0.632831559757));
#1054 = CARTESIAN_POINT('',(-2.635975214909,3.246991671296,
    0.657619730353));
#1055 = CARTESIAN_POINT('',(-2.636195062524,3.246991671296,
    0.688617552084));
#1056 = ORIENTED_EDGE('',*,*,#1057,.F.);
#1057 = EDGE_CURVE('',#1010,#1049,#1058,.T.);
#1058 = B_SPLINE_CURVE_WITH_KNOTS('',3,(#1059,#1060,#1061,#1062),
  .UNSPECIFIED.,.F.,.F.,(4,4),(5.,6.),.PIECEWISE_BEZIER_KNOTS.);
#1059 = CARTESIAN_POINT('',(-2.527588758325,3.246991671296,
    0.586772714174));
#1060 = CARTESIAN_POINT('',(-2.559251549828,3.246991671296,
    0.586548150356));
#1061 = CARTESIAN_POINT('',(-2.585251397821,3.246991671296,
    0.595673795265));
#1062 = CARTESIAN_POINT('',(-2.605486724829,3.246991671296,0.61425267751
    ));
#1063 = FACE_BOUND('',#1064,.T.);
#1064 = EDGE_LOOP('',(#1065,#1074,#1081,#1088,#1095,#1102,#1109,#1116));
#1065 = ORIENTED_EDGE('',*,*,#1066,.F.);
#1066 = EDGE_CURVE('',#1067,#1069,#1071,.T.);
#1067 = VERTEX_POINT('',#1068);
#1068 = CARTESIAN_POINT('',(-2.826620550138,3.246991671296,
    0.584651873987));
#1069 = VERTEX_POINT('',#1070);
#1070 = CARTESIAN_POINT('',(-2.751823998137,3.246991671296,
    0.785297173585));
#1071 = B_SPLINE_CURVE_WITH_KNOTS('',1,(#1072,#1073),.UNSPECIFIED.,.F.,
  .F.,(2,2),(-0.214133277287,0.),.PIECEWISE_BEZIER_KNOTS.);
#1072 = CARTESIAN_POINT('',(-2.826620550138,3.246991671296,
    0.584651873987));
#1073 = CARTESIAN_POINT('',(-2.751823998137,3.246991671296,
    0.785297173585));
#1074 = ORIENTED_EDGE('',*,*,#1075,.F.);
#1075 = EDGE_CURVE('',#1076,#1067,#1078,.T.);
#1076 = VERTEX_POINT('',#1077);
#1077 = CARTESIAN_POINT('',(-2.798078001415,3.246991671296,
    0.584854307929));
#1078 = B_SPLINE_CURVE_WITH_KNOTS('',1,(#1079,#1080),.UNSPECIFIED.,.F.,
  .F.,(2,2),(-2.854326658052E-02,-0.),.PIECEWISE_BEZIER_KNOTS.);
#1079 = CARTESIAN_POINT('',(-2.798078001415,3.246991671296,
    0.584854307929));
#1080 = CARTESIAN_POINT('',(-2.826620550138,3.246991671296,
    0.584651873987));
#1081 = ORIENTED_EDGE('',*,*,#1082,.F.);
#1082 = EDGE_CURVE('',#1083,#1076,#1085,.T.);
#1083 = VERTEX_POINT('',#1084);
#1084 = CARTESIAN_POINT('',(-2.778056724314,3.246991671296,0.63973118656
    ));
#1085 = B_SPLINE_CURVE_WITH_KNOTS('',1,(#1086,#1087),.UNSPECIFIED.,.F.,
  .F.,(2,2),(-5.841509518121E-02,1.02622307773E-16),
  .PIECEWISE_BEZIER_KNOTS.);
#1086 = CARTESIAN_POINT('',(-2.778056724314,3.246991671296,0.63973118656
    ));
#1087 = CARTESIAN_POINT('',(-2.798078001415,3.246991671296,
    0.584854307929));
#1088 = ORIENTED_EDGE('',*,*,#1089,.F.);
#1089 = EDGE_CURVE('',#1090,#1083,#1092,.T.);
#1090 = VERTEX_POINT('',#1091);
#1091 = CARTESIAN_POINT('',(-2.694730896591,3.246991671296,
    0.640322163068));
#1092 = B_SPLINE_CURVE_WITH_KNOTS('',1,(#1093,#1094),.UNSPECIFIED.,.F.,
  .F.,(2,2),(-8.332792340433E-02,-0.),.PIECEWISE_BEZIER_KNOTS.);
#1093 = CARTESIAN_POINT('',(-2.694730896591,3.246991671296,
    0.640322163068));
#1094 = CARTESIAN_POINT('',(-2.778056724314,3.246991671296,0.63973118656
    ));
#1095 = ORIENTED_EDGE('',*,*,#1096,.F.);
#1096 = EDGE_CURVE('',#1097,#1090,#1099,.T.);
#1097 = VERTEX_POINT('',#1098);
#1098 = CARTESIAN_POINT('',(-2.675109744912,3.246991671296,
    0.585726442689));
#1099 = B_SPLINE_CURVE_WITH_KNOTS('',1,(#1100,#1101),.UNSPECIFIED.,.F.,
  .F.,(2,2),(-5.801450057419E-02,0.),.PIECEWISE_BEZIER_KNOTS.);
#1100 = CARTESIAN_POINT('',(-2.675109744912,3.246991671296,
    0.585726442689));
#1101 = CARTESIAN_POINT('',(-2.694730896591,3.246991671296,
    0.640322163068));
#1102 = ORIENTED_EDGE('',*,*,#1103,.F.);
#1103 = EDGE_CURVE('',#1104,#1097,#1106,.T.);
#1104 = VERTEX_POINT('',#1105);
#1105 = CARTESIAN_POINT('',(-2.64656719619,3.246991671296,0.585928876631
    ));
#1106 = B_SPLINE_CURVE_WITH_KNOTS('',1,(#1107,#1108),.UNSPECIFIED.,.F.,
  .F.,(2,2),(-2.854326657916E-02,7.747420399893E-19),
  .PIECEWISE_BEZIER_KNOTS.);
#1107 = CARTESIAN_POINT('',(-2.64656719619,3.246991671296,0.585928876631
    ));
#1108 = CARTESIAN_POINT('',(-2.675109744912,3.246991671296,
    0.585726442689));
#1109 = ORIENTED_EDGE('',*,*,#1110,.F.);
#1110 = EDGE_CURVE('',#1111,#1104,#1113,.T.);
#1111 = VERTEX_POINT('',#1112);
#1112 = CARTESIAN_POINT('',(-2.724202176793,3.246991671296,0.7854930774)
  );
#1113 = B_SPLINE_CURVE_WITH_KNOTS('',1,(#1114,#1115),.UNSPECIFIED.,.F.,
  .F.,(2,2),(-0.214133277287,-1.018066009662E-16),
  .PIECEWISE_BEZIER_KNOTS.);
#1114 = CARTESIAN_POINT('',(-2.724202176793,3.246991671296,0.7854930774)
  );
#1115 = CARTESIAN_POINT('',(-2.64656719619,3.246991671296,0.585928876631
    ));
#1116 = ORIENTED_EDGE('',*,*,#1117,.F.);
#1117 = EDGE_CURVE('',#1069,#1111,#1118,.T.);
#1118 = B_SPLINE_CURVE_WITH_KNOTS('',1,(#1119,#1120),.UNSPECIFIED.,.F.,
  .F.,(2,2),(-2.762251604536E-02,7.747420399898E-19),
  .PIECEWISE_BEZIER_KNOTS.);
#1119 = CARTESIAN_POINT('',(-2.751823998137,3.246991671296,
    0.785297173585));
#1120 = CARTESIAN_POINT('',(-2.724202176793,3.246991671296,0.7854930774)
  );
#1121 = FACE_BOUND('',#1122,.T.);
#1122 = EDGE_LOOP('',(#1123,#1134,#1143,#1152,#1161,#1170,#1179,#1188,
    #1197,#1206,#1213,#1222,#1231,#1240,#1249,#1258,#1267,#1276,#1285,
    #1294,#1303));
#1123 = ORIENTED_EDGE('',*,*,#1124,.F.);
#1124 = EDGE_CURVE('',#1125,#1127,#1129,.T.);
#1125 = VERTEX_POINT('',#1126);
#1126 = CARTESIAN_POINT('',(-2.343052161818,3.246991671296,
    0.287704673561));
#1127 = VERTEX_POINT('',#1128);
#1128 = CARTESIAN_POINT('',(-2.301921987793,3.246991671296,
    0.301807988815));
#1129 = B_SPLINE_CURVE_WITH_KNOTS('',3,(#1130,#1131,#1132,#1133),
  .UNSPECIFIED.,.F.,.F.,(4,4),(0.,1.),.PIECEWISE_BEZIER_KNOTS.);
#1130 = CARTESIAN_POINT('',(-2.343052161818,3.246991671296,
    0.287704673561));
#1131 = CARTESIAN_POINT('',(-2.328320523767,3.246991671296,
    0.287809155596));
#1132 = CARTESIAN_POINT('',(-2.314644566773,3.246991671296,
    0.292510018824));
#1133 = CARTESIAN_POINT('',(-2.301921987793,3.246991671296,
    0.301807988815));
#1134 = ORIENTED_EDGE('',*,*,#1135,.F.);
#1135 = EDGE_CURVE('',#1136,#1125,#1138,.T.);
#1136 = VERTEX_POINT('',#1137);
#1137 = CARTESIAN_POINT('',(-2.37275487363,3.246991671296,0.306830258863
    ));
#1138 = B_SPLINE_CURVE_WITH_KNOTS('',3,(#1139,#1140,#1141,#1142),
  .UNSPECIFIED.,.F.,.F.,(4,4),(1.,2.),.PIECEWISE_BEZIER_KNOTS.);
#1139 = CARTESIAN_POINT('',(-2.37275487363,3.246991671296,0.306830258863
    ));
#1140 = CARTESIAN_POINT('',(-2.37266345185,3.246991671296,0.293940075569
    ));
#1141 = CARTESIAN_POINT('',(-2.362745497406,3.246991671296,
    0.287565001397));
#1142 = CARTESIAN_POINT('',(-2.343052161818,3.246991671296,
    0.287704673561));
#1143 = ORIENTED_EDGE('',*,*,#1144,.F.);
#1144 = EDGE_CURVE('',#1145,#1136,#1147,.T.);
#1145 = VERTEX_POINT('',#1146);
#1146 = CARTESIAN_POINT('',(-2.366406282751,3.246991671296,
    0.320482274341));
#1147 = B_SPLINE_CURVE_WITH_KNOTS('',3,(#1148,#1149,#1150,#1151),
  .UNSPECIFIED.,.F.,.F.,(4,4),(2.,3.),.PIECEWISE_BEZIER_KNOTS.);
#1148 = CARTESIAN_POINT('',(-2.366406282751,3.246991671296,
    0.320482274341));
#1149 = CARTESIAN_POINT('',(-2.370677615578,3.246991671296,
    0.316871193944));
#1150 = CARTESIAN_POINT('',(-2.372794054393,3.246991671296,
    0.312354623133));
#1151 = CARTESIAN_POINT('',(-2.37275487363,3.246991671296,0.306830258863
    ));
#1152 = ORIENTED_EDGE('',*,*,#1153,.F.);
#1153 = EDGE_CURVE('',#1154,#1145,#1156,.T.);
#1154 = VERTEX_POINT('',#1155);
#1155 = CARTESIAN_POINT('',(-2.340256248685,3.246991671296,
    0.333456263218));
#1156 = B_SPLINE_CURVE_WITH_KNOTS('',3,(#1157,#1158,#1159,#1160),
  .UNSPECIFIED.,.F.,.F.,(4,4),(3.,4.),.PIECEWISE_BEZIER_KNOTS.);
#1157 = CARTESIAN_POINT('',(-2.340256248685,3.246991671296,
    0.333456263218));
#1158 = CARTESIAN_POINT('',(-2.35341851376,3.246991671296,0.328452118712
    ));
#1159 = CARTESIAN_POINT('',(-2.362134949926,3.246991671296,
    0.324093354738));
#1160 = CARTESIAN_POINT('',(-2.366406282751,3.246991671296,
    0.320482274341));
#1161 = ORIENTED_EDGE('',*,*,#1162,.F.);
#1162 = EDGE_CURVE('',#1163,#1154,#1165,.T.);
#1163 = VERTEX_POINT('',#1164);
#1164 = CARTESIAN_POINT('',(-2.309546111909,3.246991671296,0.35260108525
    ));
#1165 = B_SPLINE_CURVE_WITH_KNOTS('',3,(#1166,#1167,#1168,#1169),
  .UNSPECIFIED.,.F.,.F.,(4,4),(4.,5.),.PIECEWISE_BEZIER_KNOTS.);
#1166 = CARTESIAN_POINT('',(-2.309546111909,3.246991671296,0.35260108525
    ));
#1167 = CARTESIAN_POINT('',(-2.314207792091,3.246991671296,
    0.346327223482));
#1168 = CARTESIAN_POINT('',(-2.324495414014,3.246991671296,
    0.339911152338));
#1169 = CARTESIAN_POINT('',(-2.340256248685,3.246991671296,
    0.333456263218));
#1170 = ORIENTED_EDGE('',*,*,#1171,.F.);
#1171 = EDGE_CURVE('',#1172,#1163,#1174,.T.);
#1172 = VERTEX_POINT('',#1173);
#1173 = CARTESIAN_POINT('',(-2.302596401389,3.246991671296,
    0.375260484629));
#1174 = B_SPLINE_CURVE_WITH_KNOTS('',3,(#1175,#1176,#1177,#1178),
  .UNSPECIFIED.,.F.,.F.,(4,4),(5.,6.),.PIECEWISE_BEZIER_KNOTS.);
#1175 = CARTESIAN_POINT('',(-2.302596401389,3.246991671296,
    0.375260484629));
#1176 = CARTESIAN_POINT('',(-2.302534002396,3.246991671296,
    0.366462423015));
#1177 = CARTESIAN_POINT('',(-2.304833280206,3.246991671296,
    0.358875309803));
#1178 = CARTESIAN_POINT('',(-2.309546111909,3.246991671296,0.35260108525
    ));
#1179 = ORIENTED_EDGE('',*,*,#1180,.F.);
#1180 = EDGE_CURVE('',#1181,#1172,#1183,.T.);
#1181 = VERTEX_POINT('',#1182);
#1182 = CARTESIAN_POINT('',(-2.318874198751,3.246991671296,
    0.405632876709));
#1183 = B_SPLINE_CURVE_WITH_KNOTS('',3,(#1184,#1185,#1186,#1187),
  .UNSPECIFIED.,.F.,.F.,(4,4),(6.,7.),.PIECEWISE_BEZIER_KNOTS.);
#1184 = CARTESIAN_POINT('',(-2.318874198751,3.246991671296,
    0.405632876709));
#1185 = CARTESIAN_POINT('',(-2.308129113134,3.246991671296,0.39803597059
    ));
#1186 = CARTESIAN_POINT('',(-2.302686372029,3.246991671296,
    0.387946061838));
#1187 = CARTESIAN_POINT('',(-2.302596401389,3.246991671296,
    0.375260484629));
#1188 = ORIENTED_EDGE('',*,*,#1189,.F.);
#1189 = EDGE_CURVE('',#1190,#1181,#1192,.T.);
#1190 = VERTEX_POINT('',#1191);
#1191 = CARTESIAN_POINT('',(-2.358546014246,3.246991671296,
    0.416707718906));
#1192 = B_SPLINE_CURVE_WITH_KNOTS('',3,(#1193,#1194,#1195,#1196),
  .UNSPECIFIED.,.F.,.F.,(4,4),(7.,8.),.PIECEWISE_BEZIER_KNOTS.);
#1193 = CARTESIAN_POINT('',(-2.358546014246,3.246991671296,
    0.416707718906));
#1194 = CARTESIAN_POINT('',(-2.342893648818,3.246991671296,
    0.416818731067));
#1195 = CARTESIAN_POINT('',(-2.329669710319,3.246991671296,
    0.413127117002));
#1196 = CARTESIAN_POINT('',(-2.318874198751,3.246991671296,
    0.405632876709));
#1197 = ORIENTED_EDGE('',*,*,#1198,.F.);
#1198 = EDGE_CURVE('',#1199,#1190,#1201,.T.);
#1199 = VERTEX_POINT('',#1200);
#1200 = CARTESIAN_POINT('',(-2.392363335833,3.246991671296,
    0.410124766734));
#1201 = B_SPLINE_CURVE_WITH_KNOTS('',3,(#1202,#1203,#1204,#1205),
  .UNSPECIFIED.,.F.,.F.,(4,4),(8.,9.),.PIECEWISE_BEZIER_KNOTS.);
#1202 = CARTESIAN_POINT('',(-2.392363335833,3.246991671296,
    0.410124766734));
#1203 = CARTESIAN_POINT('',(-2.381958899474,3.246991671296,
    0.414495502607));
#1204 = CARTESIAN_POINT('',(-2.370720076246,3.246991671296,
    0.416621376113));
#1205 = CARTESIAN_POINT('',(-2.358546014246,3.246991671296,
    0.416707718906));
#1206 = ORIENTED_EDGE('',*,*,#1207,.F.);
#1207 = EDGE_CURVE('',#1208,#1199,#1210,.T.);
#1208 = VERTEX_POINT('',#1209);
#1209 = CARTESIAN_POINT('',(-2.392190650248,3.246991671296,
    0.385776642735));
#1210 = B_SPLINE_CURVE_WITH_KNOTS('',1,(#1211,#1212),.UNSPECIFIED.,.F.,
  .F.,(2,2),(-2.434873636553E-02,5.151912656812E-17),
  .PIECEWISE_BEZIER_KNOTS.);
#1211 = CARTESIAN_POINT('',(-2.392190650248,3.246991671296,
    0.385776642735));
#1212 = CARTESIAN_POINT('',(-2.392363335833,3.246991671296,
    0.410124766734));
#1213 = ORIENTED_EDGE('',*,*,#1214,.F.);
#1214 = EDGE_CURVE('',#1215,#1208,#1217,.T.);
#1215 = VERTEX_POINT('',#1216);
#1216 = CARTESIAN_POINT('',(-2.355946352871,3.246991671296,
    0.396366827217));
#1217 = B_SPLINE_CURVE_WITH_KNOTS('',3,(#1218,#1219,#1220,#1221),
  .UNSPECIFIED.,.F.,.F.,(4,4),(10.,11.),.PIECEWISE_BEZIER_KNOTS.);
#1218 = CARTESIAN_POINT('',(-2.355946352871,3.246991671296,
    0.396366827217));
#1219 = CARTESIAN_POINT('',(-2.369501505938,3.246991671296,
    0.396270689234));
#1220 = CARTESIAN_POINT('',(-2.381548595527,3.246991671296,
    0.392706768582));
#1221 = CARTESIAN_POINT('',(-2.392190650248,3.246991671296,
    0.385776642735));
#1222 = ORIENTED_EDGE('',*,*,#1223,.F.);
#1223 = EDGE_CURVE('',#1224,#1215,#1226,.T.);
#1224 = VERTEX_POINT('',#1225);
#1225 = CARTESIAN_POINT('',(-2.336164136138,3.246991671296,0.39118710398
    ));
#1226 = B_SPLINE_CURVE_WITH_KNOTS('',3,(#1227,#1228,#1229,#1230),
  .UNSPECIFIED.,.F.,.F.,(4,4),(11.,12.),.PIECEWISE_BEZIER_KNOTS.);
#1227 = CARTESIAN_POINT('',(-2.336164136138,3.246991671296,0.39118710398
    ));
#1228 = CARTESIAN_POINT('',(-2.341253531656,3.246991671296,
    0.394731794752));
#1229 = CARTESIAN_POINT('',(-2.347864412552,3.246991671296,
    0.396424147222));
#1230 = CARTESIAN_POINT('',(-2.355946352871,3.246991671296,
    0.396366827217));
#1231 = ORIENTED_EDGE('',*,*,#1232,.F.);
#1232 = EDGE_CURVE('',#1233,#1224,#1235,.T.);
#1233 = VERTEX_POINT('',#1234);
#1234 = CARTESIAN_POINT('',(-2.328443882031,3.246991671296,
    0.377327945209));
#1235 = B_SPLINE_CURVE_WITH_KNOTS('',3,(#1236,#1237,#1238,#1239),
  .UNSPECIFIED.,.F.,.F.,(4,4),(12.,13.),.PIECEWISE_BEZIER_KNOTS.);
#1236 = CARTESIAN_POINT('',(-2.328443882031,3.246991671296,
    0.377327945209));
#1237 = CARTESIAN_POINT('',(-2.328484513933,3.246991671296,0.38305691556
    ));
#1238 = CARTESIAN_POINT('',(-2.331075466189,3.246991671296,
    0.387744716251));
#1239 = CARTESIAN_POINT('',(-2.336164136138,3.246991671296,0.39118710398
    ));
#1240 = ORIENTED_EDGE('',*,*,#1241,.F.);
#1241 = EDGE_CURVE('',#1242,#1233,#1244,.T.);
#1242 = VERTEX_POINT('',#1243);
#1243 = CARTESIAN_POINT('',(-2.333822770719,3.246991671296,
    0.363989731768));
#1244 = B_SPLINE_CURVE_WITH_KNOTS('',3,(#1245,#1246,#1247,#1248),
  .UNSPECIFIED.,.F.,.F.,(4,4),(13.,14.),.PIECEWISE_BEZIER_KNOTS.);
#1245 = CARTESIAN_POINT('',(-2.333822770719,3.246991671296,
    0.363989731768));
#1246 = CARTESIAN_POINT('',(-2.330213505388,3.246991671296,
    0.367186883794));
#1247 = CARTESIAN_POINT('',(-2.328403250128,3.246991671296,
    0.371598974855));
#1248 = CARTESIAN_POINT('',(-2.328443882031,3.246991671296,
    0.377327945209));
#1249 = ORIENTED_EDGE('',*,*,#1250,.F.);
#1250 = EDGE_CURVE('',#1251,#1242,#1253,.T.);
#1251 = VERTEX_POINT('',#1252);
#1252 = CARTESIAN_POINT('',(-2.358083826357,3.246991671296,
    0.351540681141));
#1253 = B_SPLINE_CURVE_WITH_KNOTS('',3,(#1254,#1255,#1256,#1257),
  .UNSPECIFIED.,.F.,.F.,(4,4),(14.,15.),.PIECEWISE_BEZIER_KNOTS.);
#1254 = CARTESIAN_POINT('',(-2.358083826357,3.246991671296,
    0.351540681141));
#1255 = CARTESIAN_POINT('',(-2.345535379534,3.246991671296,
    0.356540472229));
#1256 = CARTESIAN_POINT('',(-2.337482462003,3.246991671296,
    0.360689913915));
#1257 = CARTESIAN_POINT('',(-2.333822770719,3.246991671296,
    0.363989731768));
#1258 = ORIENTED_EDGE('',*,*,#1259,.F.);
#1259 = EDGE_CURVE('',#1260,#1251,#1262,.T.);
#1260 = VERTEX_POINT('',#1261);
#1261 = CARTESIAN_POINT('',(-2.390280259522,3.246991671296,
    0.332794550516));
#1262 = B_SPLINE_CURVE_WITH_KNOTS('',3,(#1263,#1264,#1265,#1266),
  .UNSPECIFIED.,.F.,.F.,(4,4),(15.,16.),.PIECEWISE_BEZIER_KNOTS.);
#1263 = CARTESIAN_POINT('',(-2.390280259522,3.246991671296,
    0.332794550516));
#1264 = CARTESIAN_POINT('',(-2.384698577531,3.246991671296,
    0.339177245454));
#1265 = CARTESIAN_POINT('',(-2.37400101787,3.246991671296,0.345493915833
    ));
#1266 = CARTESIAN_POINT('',(-2.358083826357,3.246991671296,
    0.351540681141));
#1267 = ORIENTED_EDGE('',*,*,#1268,.F.);
#1268 = EDGE_CURVE('',#1269,#1260,#1271,.T.);
#1269 = VERTEX_POINT('',#1270);
#1270 = CARTESIAN_POINT('',(-2.39850150237,3.246991671296,0.309103051096
    ));
#1271 = B_SPLINE_CURVE_WITH_KNOTS('',3,(#1272,#1273,#1274,#1275),
  .UNSPECIFIED.,.F.,.F.,(4,4),(16.,17.),.PIECEWISE_BEZIER_KNOTS.);
#1272 = CARTESIAN_POINT('',(-2.39850150237,3.246991671296,0.309103051096
    ));
#1273 = CARTESIAN_POINT('',(-2.398568254781,3.246991671296,
    0.318514930962));
#1274 = CARTESIAN_POINT('',(-2.395810789991,3.246991671296,
    0.326412218364));
#1275 = CARTESIAN_POINT('',(-2.390280259522,3.246991671296,
    0.332794550516));
#1276 = ORIENTED_EDGE('',*,*,#1277,.F.);
#1277 = EDGE_CURVE('',#1278,#1269,#1280,.T.);
#1278 = VERTEX_POINT('',#1279);
#1279 = CARTESIAN_POINT('',(-2.382169651208,3.246991671296,
    0.278321809632));
#1280 = B_SPLINE_CURVE_WITH_KNOTS('',3,(#1281,#1282,#1283,#1284),
  .UNSPECIFIED.,.F.,.F.,(4,4),(17.,18.),.PIECEWISE_BEZIER_KNOTS.);
#1281 = CARTESIAN_POINT('',(-2.382169651208,3.246991671296,
    0.278321809632));
#1282 = CARTESIAN_POINT('',(-2.392964437206,3.246991671296,
    0.285713746884));
#1283 = CARTESIAN_POINT('',(-2.39840862945,3.246991671296,0.296008261718
    ));
#1284 = CARTESIAN_POINT('',(-2.39850150237,3.246991671296,0.309103051096
    ));
#1285 = ORIENTED_EDGE('',*,*,#1286,.F.);
#1286 = EDGE_CURVE('',#1287,#1278,#1289,.T.);
#1287 = VERTEX_POINT('',#1288);
#1288 = CARTESIAN_POINT('',(-2.340451774873,3.246991671296,
    0.267261478831));
#1289 = B_SPLINE_CURVE_WITH_KNOTS('',3,(#1290,#1291,#1292,#1293),
  .UNSPECIFIED.,.F.,.F.,(4,4),(18.,19.),.PIECEWISE_BEZIER_KNOTS.);
#1290 = CARTESIAN_POINT('',(-2.340451774873,3.246991671296,
    0.267261478831));
#1291 = CARTESIAN_POINT('',(-2.357485231368,3.246991671296,
    0.267140671478));
#1292 = CARTESIAN_POINT('',(-2.37142529116,3.246991671296,0.270827206556
    ));
#1293 = CARTESIAN_POINT('',(-2.382169651208,3.246991671296,
    0.278321809632));
#1294 = ORIENTED_EDGE('',*,*,#1295,.F.);
#1295 = EDGE_CURVE('',#1296,#1287,#1298,.T.);
#1296 = VERTEX_POINT('',#1297);
#1297 = CARTESIAN_POINT('',(-2.301738418663,3.246991671296,
    0.275925319186));
#1298 = B_SPLINE_CURVE_WITH_KNOTS('',3,(#1299,#1300,#1301,#1302),
  .UNSPECIFIED.,.F.,.F.,(4,4),(19.,20.),.PIECEWISE_BEZIER_KNOTS.);
#1299 = CARTESIAN_POINT('',(-2.301738418663,3.246991671296,
    0.275925319186));
#1300 = CARTESIAN_POINT('',(-2.312747966437,3.246991671296,
    0.270322593391));
#1301 = CARTESIAN_POINT('',(-2.32561783378,3.246991671296,0.267366686435
    ));
#1302 = CARTESIAN_POINT('',(-2.340451774873,3.246991671296,
    0.267261478831));
#1303 = ORIENTED_EDGE('',*,*,#1304,.F.);
#1304 = EDGE_CURVE('',#1127,#1296,#1305,.T.);
#1305 = B_SPLINE_CURVE_WITH_KNOTS('',1,(#1306,#1307),.UNSPECIFIED.,.F.,
  .F.,(2,2),(-2.588332058989E-02,3.09896815996E-18),
  .PIECEWISE_BEZIER_KNOTS.);
#1306 = CARTESIAN_POINT('',(-2.301921987793,3.246991671296,
    0.301807988815));
#1307 = CARTESIAN_POINT('',(-2.301738418663,3.246991671296,
    0.275925319186));
#1308 = FACE_BOUND('',#1309,.T.);
#1309 = EDGE_LOOP('',(#1310,#1319,#1326,#1333,#1340,#1347,#1354,#1361,
    #1368,#1375,#1382,#1389));
#1310 = ORIENTED_EDGE('',*,*,#1311,.F.);
#1311 = EDGE_CURVE('',#1312,#1314,#1316,.T.);
#1312 = VERTEX_POINT('',#1313);
#1313 = CARTESIAN_POINT('',(-2.683088606384,3.246991671296,
    0.268207546346));
#1314 = VERTEX_POINT('',#1315);
#1315 = CARTESIAN_POINT('',(-2.683250408424,3.246991671296,
    0.291021124715));
#1316 = B_SPLINE_CURVE_WITH_KNOTS('',1,(#1317,#1318),.UNSPECIFIED.,.F.,
  .F.,(2,2),(-2.281415214118E-02,0.),.PIECEWISE_BEZIER_KNOTS.);
#1317 = CARTESIAN_POINT('',(-2.683088606384,3.246991671296,
    0.268207546346));
#1318 = CARTESIAN_POINT('',(-2.683250408424,3.246991671296,
    0.291021124715));
#1319 = ORIENTED_EDGE('',*,*,#1320,.F.);
#1320 = EDGE_CURVE('',#1321,#1312,#1323,.T.);
#1321 = VERTEX_POINT('',#1322);
#1322 = CARTESIAN_POINT('',(-2.575465806183,3.246991671296,
    0.268970845653));
#1323 = B_SPLINE_CURVE_WITH_KNOTS('',1,(#1324,#1325),.UNSPECIFIED.,.F.,
  .F.,(2,2),(-0.107625506962,-0.),.PIECEWISE_BEZIER_KNOTS.);
#1324 = CARTESIAN_POINT('',(-2.575465806183,3.246991671296,
    0.268970845653));
#1325 = CARTESIAN_POINT('',(-2.683088606384,3.246991671296,
    0.268207546346));
#1326 = ORIENTED_EDGE('',*,*,#1327,.F.);
#1327 = EDGE_CURVE('',#1328,#1321,#1330,.T.);
#1328 = VERTEX_POINT('',#1329);
#1329 = CARTESIAN_POINT('',(-2.576885020485,3.246991671296,
    0.469075595836));
#1330 = B_SPLINE_CURVE_WITH_KNOTS('',1,(#1331,#1332),.UNSPECIFIED.,.F.,
  .F.,(2,2),(-0.200109782907,5.461809472808E-17),
  .PIECEWISE_BEZIER_KNOTS.);
#1331 = CARTESIAN_POINT('',(-2.576885020485,3.246991671296,
    0.469075595836));
#1332 = CARTESIAN_POINT('',(-2.575465806183,3.246991671296,
    0.268970845653));
#1333 = ORIENTED_EDGE('',*,*,#1334,.F.);
#1334 = EDGE_CURVE('',#1335,#1328,#1337,.T.);
#1335 = VERTEX_POINT('',#1336);
#1336 = CARTESIAN_POINT('',(-2.679955335316,3.246991671296,0.46834458438
    ));
#1337 = B_SPLINE_CURVE_WITH_KNOTS('',1,(#1338,#1339),.UNSPECIFIED.,.F.,
  .F.,(2,2),(-0.103072907095,-3.873710199949E-19),
  .PIECEWISE_BEZIER_KNOTS.);
#1338 = CARTESIAN_POINT('',(-2.679955335316,3.246991671296,0.46834458438
    ));
#1339 = CARTESIAN_POINT('',(-2.576885020485,3.246991671296,
    0.469075595836));
#1340 = ORIENTED_EDGE('',*,*,#1341,.F.);
#1341 = EDGE_CURVE('',#1342,#1335,#1344,.T.);
#1342 = VERTEX_POINT('',#1343);
#1343 = CARTESIAN_POINT('',(-2.679792082137,3.246991671296,
    0.445326399926));
#1344 = B_SPLINE_CURVE_WITH_KNOTS('',1,(#1345,#1346),.UNSPECIFIED.,.F.,
  .F.,(2,2),(-2.30187633709E-02,-5.461809472808E-17),
  .PIECEWISE_BEZIER_KNOTS.);
#1345 = CARTESIAN_POINT('',(-2.679792082137,3.246991671296,
    0.445326399926));
#1346 = CARTESIAN_POINT('',(-2.679955335316,3.246991671296,0.46834458438
    ));
#1347 = ORIENTED_EDGE('',*,*,#1348,.F.);
#1348 = EDGE_CURVE('',#1349,#1342,#1351,.T.);
#1349 = VERTEX_POINT('',#1350);
#1350 = CARTESIAN_POINT('',(-2.602553285416,3.246991671296,
    0.445874205038));
#1351 = B_SPLINE_CURVE_WITH_KNOTS('',1,(#1352,#1353),.UNSPECIFIED.,.F.,
  .F.,(2,2),(-7.724073931159E-02,7.747420399897E-19),
  .PIECEWISE_BEZIER_KNOTS.);
#1352 = CARTESIAN_POINT('',(-2.602553285416,3.246991671296,
    0.445874205038));
#1353 = CARTESIAN_POINT('',(-2.679792082137,3.246991671296,
    0.445326399926));
#1354 = ORIENTED_EDGE('',*,*,#1355,.F.);
#1355 = EDGE_CURVE('',#1356,#1349,#1358,.T.);
#1356 = VERTEX_POINT('',#1357);
#1357 = CARTESIAN_POINT('',(-2.602099078794,3.246991671296,
    0.381832500735));
#1358 = B_SPLINE_CURVE_WITH_KNOTS('',1,(#1359,#1360),.UNSPECIFIED.,.F.,
  .F.,(2,2),(-6.404331498016E-02,0.),.PIECEWISE_BEZIER_KNOTS.);
#1359 = CARTESIAN_POINT('',(-2.602099078794,3.246991671296,
    0.381832500735));
#1360 = CARTESIAN_POINT('',(-2.602553285416,3.246991671296,
    0.445874205038));
#1361 = ORIENTED_EDGE('',*,*,#1362,.F.);
#1362 = EDGE_CURVE('',#1363,#1356,#1365,.T.);
#1363 = VERTEX_POINT('',#1364);
#1364 = CARTESIAN_POINT('',(-2.673660056683,3.246991671296,
    0.381324964741));
#1365 = B_SPLINE_CURVE_WITH_KNOTS('',1,(#1366,#1367),.UNSPECIFIED.,.F.,
  .F.,(2,2),(-7.156277767967E-02,0.),.PIECEWISE_BEZIER_KNOTS.);
#1366 = CARTESIAN_POINT('',(-2.673660056683,3.246991671296,
    0.381324964741));
#1367 = CARTESIAN_POINT('',(-2.602099078794,3.246991671296,
    0.381832500735));
#1368 = ORIENTED_EDGE('',*,*,#1369,.F.);
#1369 = EDGE_CURVE('',#1370,#1363,#1372,.T.);
#1370 = VERTEX_POINT('',#1371);
#1371 = CARTESIAN_POINT('',(-2.673497529074,3.246991671296,0.35840908333
    ));
#1372 = B_SPLINE_CURVE_WITH_KNOTS('',1,(#1373,#1374),.UNSPECIFIED.,.F.,
  .F.,(2,2),(-2.291645775604E-02,0.),.PIECEWISE_BEZIER_KNOTS.);
#1373 = CARTESIAN_POINT('',(-2.673497529074,3.246991671296,0.35840908333
    ));
#1374 = CARTESIAN_POINT('',(-2.673660056683,3.246991671296,
    0.381324964741));
#1375 = ORIENTED_EDGE('',*,*,#1376,.F.);
#1376 = EDGE_CURVE('',#1377,#1370,#1379,.T.);
#1377 = VERTEX_POINT('',#1378);
#1378 = CARTESIAN_POINT('',(-2.601936551184,3.246991671296,
    0.358916619324));
#1379 = B_SPLINE_CURVE_WITH_KNOTS('',1,(#1380,#1381),.UNSPECIFIED.,.F.,
  .F.,(2,2),(-7.156277767967E-02,-0.),.PIECEWISE_BEZIER_KNOTS.);
#1380 = CARTESIAN_POINT('',(-2.601936551184,3.246991671296,
    0.358916619324));
#1381 = CARTESIAN_POINT('',(-2.673497529074,3.246991671296,0.35840908333
    ));
#1382 = ORIENTED_EDGE('',*,*,#1383,.F.);
#1383 = EDGE_CURVE('',#1384,#1377,#1386,.T.);
#1384 = VERTEX_POINT('',#1385);
#1385 = CARTESIAN_POINT('',(-2.601459126332,3.246991671296,
    0.291601217677));
#1386 = B_SPLINE_CURVE_WITH_KNOTS('',1,(#1387,#1388),.UNSPECIFIED.,.F.,
  .F.,(2,2),(-6.731709465861E-02,0.),.PIECEWISE_BEZIER_KNOTS.);
#1387 = CARTESIAN_POINT('',(-2.601459126332,3.246991671296,
    0.291601217677));
#1388 = CARTESIAN_POINT('',(-2.601936551184,3.246991671296,
    0.358916619324));
#1389 = ORIENTED_EDGE('',*,*,#1390,.F.);
#1390 = EDGE_CURVE('',#1314,#1384,#1391,.T.);
#1391 = B_SPLINE_CURVE_WITH_KNOTS('',1,(#1392,#1393),.UNSPECIFIED.,.F.,
  .F.,(2,2),(-8.179333917861E-02,-4.373321288446E-16),
  .PIECEWISE_BEZIER_KNOTS.);
#1392 = CARTESIAN_POINT('',(-2.683250408424,3.246991671296,
    0.291021124715));
#1393 = CARTESIAN_POINT('',(-2.601459126332,3.246991671296,
    0.291601217677));
#1394 = FACE_BOUND('',#1395,.T.);
#1395 = EDGE_LOOP('',(#1396,#1405,#1412,#1419,#1428,#1437,#1446));
#1396 = ORIENTED_EDGE('',*,*,#1397,.F.);
#1397 = EDGE_CURVE('',#1398,#1400,#1402,.T.);
#1398 = VERTEX_POINT('',#1399);
#1399 = CARTESIAN_POINT('',(-2.72088958041,3.246991671296,0.267939448347
    ));
#1400 = VERTEX_POINT('',#1401);
#1401 = CARTESIAN_POINT('',(-2.775928617014,3.246991671296,
    0.267549091857));
#1402 = B_SPLINE_CURVE_WITH_KNOTS('',1,(#1403,#1404),.UNSPECIFIED.,.F.,
  .F.,(2,2),(-5.504042086098E-02,-0.),.PIECEWISE_BEZIER_KNOTS.);
#1403 = CARTESIAN_POINT('',(-2.72088958041,3.246991671296,0.267939448347
    ));
#1404 = CARTESIAN_POINT('',(-2.775928617014,3.246991671296,
    0.267549091857));
#1405 = ORIENTED_EDGE('',*,*,#1406,.F.);
#1406 = EDGE_CURVE('',#1407,#1398,#1409,.T.);
#1407 = VERTEX_POINT('',#1408);
#1408 = CARTESIAN_POINT('',(-2.722308794712,3.246991671296,0.46804419853
    ));
#1409 = B_SPLINE_CURVE_WITH_KNOTS('',1,(#1410,#1411),.UNSPECIFIED.,.F.,
  .F.,(2,2),(-0.200109782907,0.),.PIECEWISE_BEZIER_KNOTS.);
#1410 = CARTESIAN_POINT('',(-2.722308794712,3.246991671296,0.46804419853
    ));
#1411 = CARTESIAN_POINT('',(-2.72088958041,3.246991671296,0.267939448347
    ));
#1412 = ORIENTED_EDGE('',*,*,#1413,.F.);
#1413 = EDGE_CURVE('',#1414,#1407,#1416,.T.);
#1414 = VERTEX_POINT('',#1415);
#1415 = CARTESIAN_POINT('',(-2.779393892156,3.246991671296,
    0.467639330647));
#1416 = B_SPLINE_CURVE_WITH_KNOTS('',1,(#1417,#1418),.UNSPECIFIED.,.F.,
  .F.,(2,2),(-5.708653315968E-02,-3.873710199949E-19),
  .PIECEWISE_BEZIER_KNOTS.);
#1417 = CARTESIAN_POINT('',(-2.779393892156,3.246991671296,
    0.467639330647));
#1418 = CARTESIAN_POINT('',(-2.722308794712,3.246991671296,0.46804419853
    ));
#1419 = ORIENTED_EDGE('',*,*,#1420,.F.);
#1420 = EDGE_CURVE('',#1421,#1414,#1423,.T.);
#1421 = VERTEX_POINT('',#1422);
#1422 = CARTESIAN_POINT('',(-2.854859069178,3.246991671296,
    0.440606283983));
#1423 = B_SPLINE_CURVE_WITH_KNOTS('',3,(#1424,#1425,#1426,#1427),
  .UNSPECIFIED.,.F.,.F.,(4,4),(2.,3.),.PIECEWISE_BEZIER_KNOTS.);
#1424 = CARTESIAN_POINT('',(-2.854859069178,3.246991671296,
    0.440606283983));
#1425 = CARTESIAN_POINT('',(-2.834882044978,3.246991671296,
    0.458447284694));
#1426 = CARTESIAN_POINT('',(-2.809726744113,3.246991671296,
    0.467424199235));
#1427 = CARTESIAN_POINT('',(-2.779393892156,3.246991671296,
    0.467639330647));
#1428 = ORIENTED_EDGE('',*,*,#1429,.F.);
#1429 = EDGE_CURVE('',#1430,#1421,#1432,.T.);
#1430 = VERTEX_POINT('',#1431);
#1431 = CARTESIAN_POINT('',(-2.884534921213,3.246991671296,
    0.369393929767));
#1432 = B_SPLINE_CURVE_WITH_KNOTS('',3,(#1433,#1434,#1435,#1436),
  .UNSPECIFIED.,.F.,.F.,(4,4),(3.,4.),.PIECEWISE_BEZIER_KNOTS.);
#1433 = CARTESIAN_POINT('',(-2.884534921213,3.246991671296,
    0.369393929767));
#1434 = CARTESIAN_POINT('',(-2.884745336421,3.246991671296,
    0.399061811951));
#1435 = CARTESIAN_POINT('',(-2.874836093379,3.246991671296,
    0.422765283271));
#1436 = CARTESIAN_POINT('',(-2.854859069178,3.246991671296,
    0.440606283983));
#1437 = ORIENTED_EDGE('',*,*,#1438,.F.);
#1438 = EDGE_CURVE('',#1439,#1430,#1441,.T.);
#1439 = VERTEX_POINT('',#1440);
#1440 = CARTESIAN_POINT('',(-2.853826583518,3.246991671296,
    0.295029055194));
#1441 = B_SPLINE_CURVE_WITH_KNOTS('',3,(#1442,#1443,#1444,#1445),
  .UNSPECIFIED.,.F.,.F.,(4,4),(4.,5.),.PIECEWISE_BEZIER_KNOTS.);
#1442 = CARTESIAN_POINT('',(-2.853826583518,3.246991671296,
    0.295029055194));
#1443 = CARTESIAN_POINT('',(-2.874061910526,3.246991671296,
    0.313607937441));
#1444 = CARTESIAN_POINT('',(-2.884315073599,3.246991671296,
    0.338396108036));
#1445 = CARTESIAN_POINT('',(-2.884534921213,3.246991671296,
    0.369393929767));
#1446 = ORIENTED_EDGE('',*,*,#1447,.F.);
#1447 = EDGE_CURVE('',#1400,#1439,#1448,.T.);
#1448 = B_SPLINE_CURVE_WITH_KNOTS('',3,(#1449,#1450,#1451,#1452),
  .UNSPECIFIED.,.F.,.F.,(4,4),(5.,6.),.PIECEWISE_BEZIER_KNOTS.);
#1449 = CARTESIAN_POINT('',(-2.775928617014,3.246991671296,
    0.267549091857));
#1450 = CARTESIAN_POINT('',(-2.807591408518,3.246991671296,0.26732452804
    ));
#1451 = CARTESIAN_POINT('',(-2.83359125651,3.246991671296,0.276450172948
    ));
#1452 = CARTESIAN_POINT('',(-2.853826583518,3.246991671296,
    0.295029055194));
#1453 = FACE_BOUND('',#1454,.T.);
#1454 = EDGE_LOOP('',(#1455,#1464,#1471,#1478,#1485,#1492,#1499,#1506));
#1455 = ORIENTED_EDGE('',*,*,#1456,.F.);
#1456 = EDGE_CURVE('',#1457,#1459,#1461,.T.);
#1457 = VERTEX_POINT('',#1458);
#1458 = CARTESIAN_POINT('',(-3.074960408826,3.246991671296,
    0.265428251671));
#1459 = VERTEX_POINT('',#1460);
#1460 = CARTESIAN_POINT('',(-3.000163856827,3.246991671296,
    0.466073551269));
#1461 = B_SPLINE_CURVE_WITH_KNOTS('',1,(#1462,#1463),.UNSPECIFIED.,.F.,
  .F.,(2,2),(-0.214133277287,-1.023581177046E-16),
  .PIECEWISE_BEZIER_KNOTS.);
#1462 = CARTESIAN_POINT('',(-3.074960408826,3.246991671296,
    0.265428251671));
#1463 = CARTESIAN_POINT('',(-3.000163856827,3.246991671296,
    0.466073551269));
#1464 = ORIENTED_EDGE('',*,*,#1465,.F.);
#1465 = EDGE_CURVE('',#1466,#1457,#1468,.T.);
#1466 = VERTEX_POINT('',#1467);
#1467 = CARTESIAN_POINT('',(-3.046417860105,3.246991671296,
    0.265630685613));
#1468 = B_SPLINE_CURVE_WITH_KNOTS('',1,(#1469,#1470),.UNSPECIFIED.,.F.,
  .F.,(2,2),(-2.854326657916E-02,-0.),.PIECEWISE_BEZIER_KNOTS.);
#1469 = CARTESIAN_POINT('',(-3.046417860105,3.246991671296,
    0.265630685613));
#1470 = CARTESIAN_POINT('',(-3.074960408826,3.246991671296,
    0.265428251671));
#1471 = ORIENTED_EDGE('',*,*,#1472,.F.);
#1472 = EDGE_CURVE('',#1473,#1466,#1475,.T.);
#1473 = VERTEX_POINT('',#1474);
#1474 = CARTESIAN_POINT('',(-3.026396583002,3.246991671296,
    0.320507564242));
#1475 = B_SPLINE_CURVE_WITH_KNOTS('',1,(#1476,#1477),.UNSPECIFIED.,.F.,
  .F.,(2,2),(-5.841509518041E-02,1.026223077718E-16),
  .PIECEWISE_BEZIER_KNOTS.);
#1476 = CARTESIAN_POINT('',(-3.026396583002,3.246991671296,
    0.320507564242));
#1477 = CARTESIAN_POINT('',(-3.046417860105,3.246991671296,
    0.265630685613));
#1478 = ORIENTED_EDGE('',*,*,#1479,.F.);
#1479 = EDGE_CURVE('',#1480,#1473,#1482,.T.);
#1480 = VERTEX_POINT('',#1481);
#1481 = CARTESIAN_POINT('',(-2.943070755279,3.246991671296,0.32109854075
    ));
#1482 = B_SPLINE_CURVE_WITH_KNOTS('',1,(#1483,#1484),.UNSPECIFIED.,.F.,
  .F.,(2,2),(-8.332792340434E-02,-3.873710199949E-19),
  .PIECEWISE_BEZIER_KNOTS.);
#1483 = CARTESIAN_POINT('',(-2.943070755279,3.246991671296,0.32109854075
    ));
#1484 = CARTESIAN_POINT('',(-3.026396583002,3.246991671296,
    0.320507564242));
#1485 = ORIENTED_EDGE('',*,*,#1486,.F.);
#1486 = EDGE_CURVE('',#1487,#1480,#1489,.T.);
#1487 = VERTEX_POINT('',#1488);
#1488 = CARTESIAN_POINT('',(-2.9234496036,3.246991671296,0.266502820373)
  );
#1489 = B_SPLINE_CURVE_WITH_KNOTS('',1,(#1490,#1491),.UNSPECIFIED.,.F.,
  .F.,(2,2),(-5.80145005729E-02,-5.140075660954E-17),
  .PIECEWISE_BEZIER_KNOTS.);
#1490 = CARTESIAN_POINT('',(-2.9234496036,3.246991671296,0.266502820373)
  );
#1491 = CARTESIAN_POINT('',(-2.943070755279,3.246991671296,0.32109854075
    ));
#1492 = ORIENTED_EDGE('',*,*,#1493,.F.);
#1493 = EDGE_CURVE('',#1494,#1487,#1496,.T.);
#1494 = VERTEX_POINT('',#1495);
#1495 = CARTESIAN_POINT('',(-2.894907054877,3.246991671296,
    0.266705254315));
#1496 = B_SPLINE_CURVE_WITH_KNOTS('',1,(#1497,#1498),.UNSPECIFIED.,.F.,
  .F.,(2,2),(-2.854326658052E-02,-0.),.PIECEWISE_BEZIER_KNOTS.);
#1497 = CARTESIAN_POINT('',(-2.894907054877,3.246991671296,
    0.266705254315));
#1498 = CARTESIAN_POINT('',(-2.9234496036,3.246991671296,0.266502820373)
  );
#1499 = ORIENTED_EDGE('',*,*,#1500,.F.);
#1500 = EDGE_CURVE('',#1501,#1494,#1503,.T.);
#1501 = VERTEX_POINT('',#1502);
#1502 = CARTESIAN_POINT('',(-2.972542035481,3.246991671296,
    0.466269455083));
#1503 = B_SPLINE_CURVE_WITH_KNOTS('',1,(#1504,#1505),.UNSPECIFIED.,.F.,
  .F.,(2,2),(-0.214133277287,5.090330048298E-17),
  .PIECEWISE_BEZIER_KNOTS.);
#1504 = CARTESIAN_POINT('',(-2.972542035481,3.246991671296,
    0.466269455083));
#1505 = CARTESIAN_POINT('',(-2.894907054877,3.246991671296,
    0.266705254315));
#1506 = ORIENTED_EDGE('',*,*,#1507,.F.);
#1507 = EDGE_CURVE('',#1459,#1501,#1508,.T.);
#1508 = B_SPLINE_CURVE_WITH_KNOTS('',1,(#1509,#1510),.UNSPECIFIED.,.F.,
  .F.,(2,2),(-2.762251604673E-02,4.369447578246E-16),
  .PIECEWISE_BEZIER_KNOTS.);
#1509 = CARTESIAN_POINT('',(-3.000163856827,3.246991671296,
    0.466073551269));
#1510 = CARTESIAN_POINT('',(-2.972542035481,3.246991671296,
    0.466269455083));
#1511 = FACE_BOUND('',#1512,.T.);
#1512 = EDGE_LOOP('',(#1513,#1524,#1533,#1542,#1549,#1558,#1567,#1576,
    #1583,#1592,#1601,#1610,#1619,#1628,#1637,#1646,#1655,#1664,#1673,
    #1680,#1687,#1694,#1703,#1712,#1721,#1730,#1739,#1748,#1757,#1766,
    #1775,#1784,#1793));
#1513 = ORIENTED_EDGE('',*,*,#1514,.F.);
#1514 = EDGE_CURVE('',#1515,#1517,#1519,.T.);
#1515 = VERTEX_POINT('',#1516);
#1516 = CARTESIAN_POINT('',(-1.858816062018,3.246991671296,
    0.472550972864));
#1517 = VERTEX_POINT('',#1518);
#1518 = CARTESIAN_POINT('',(-1.719288239058,3.246991671296,
    0.659926764608));
#1519 = B_SPLINE_CURVE_WITH_KNOTS('',3,(#1520,#1521,#1522,#1523),
  .UNSPECIFIED.,.F.,.F.,(4,4),(35.,36.),.PIECEWISE_BEZIER_KNOTS.);
#1520 = CARTESIAN_POINT('',(-1.858816062018,3.246991671296,
    0.472550972864));
#1521 = CARTESIAN_POINT('',(-1.857998787146,3.246991671296,
    0.557924467425));
#1522 = CARTESIAN_POINT('',(-1.800201852876,3.246991671296,
    0.633742581506));
#1523 = CARTESIAN_POINT('',(-1.719288239058,3.246991671296,
    0.659926764608));
#1524 = ORIENTED_EDGE('',*,*,#1525,.F.);
#1525 = EDGE_CURVE('',#1526,#1515,#1528,.T.);
#1526 = VERTEX_POINT('',#1527);
#1527 = CARTESIAN_POINT('',(-1.805216657232,3.246991671296,
    0.337765510956));
#1528 = B_SPLINE_CURVE_WITH_KNOTS('',3,(#1529,#1530,#1531,#1532),
  .UNSPECIFIED.,.F.,.F.,(4,4),(34.,35.),.PIECEWISE_BEZIER_KNOTS.);
#1529 = CARTESIAN_POINT('',(-1.805216657232,3.246991671296,
    0.337765510956));
#1530 = CARTESIAN_POINT('',(-1.839624414377,3.246991671296,
    0.374514149872));
#1531 = CARTESIAN_POINT('',(-1.858462895619,3.246991671296,
    0.422755622062));
#1532 = CARTESIAN_POINT('',(-1.858816062018,3.246991671296,
    0.472550972864));
#1533 = ORIENTED_EDGE('',*,*,#1534,.F.);
#1534 = EDGE_CURVE('',#1535,#1526,#1537,.T.);
#1535 = VERTEX_POINT('',#1536);
#1536 = CARTESIAN_POINT('',(-1.67529469577,3.246991671296,0.274661149549
    ));
#1537 = B_SPLINE_CURVE_WITH_KNOTS('',3,(#1538,#1539,#1540,#1541),
  .UNSPECIFIED.,.F.,.F.,(4,4),(33.,34.),.PIECEWISE_BEZIER_KNOTS.);
#1538 = CARTESIAN_POINT('',(-1.67529469577,3.246991671296,0.274661149549
    ));
#1539 = CARTESIAN_POINT('',(-1.725120317901,3.246991671296,
    0.278576145222));
#1540 = CARTESIAN_POINT('',(-1.77080895436,3.246991671296,0.301016871654
    ));
#1541 = CARTESIAN_POINT('',(-1.805216657232,3.246991671296,
    0.337765510956));
#1542 = ORIENTED_EDGE('',*,*,#1543,.F.);
#1543 = EDGE_CURVE('',#1544,#1535,#1546,.T.);
#1544 = VERTEX_POINT('',#1545);
#1545 = CARTESIAN_POINT('',(-1.591353994123,3.246991671296,
    0.275256486962));
#1546 = B_SPLINE_CURVE_WITH_KNOTS('',1,(#1547,#1548),.UNSPECIFIED.,.F.,
  .F.,(2,2),(-7.967454337538E-02,4.268269418023E-03),
  .PIECEWISE_BEZIER_KNOTS.);
#1547 = CARTESIAN_POINT('',(-1.591353994123,3.246991671296,
    0.275256486962));
#1548 = CARTESIAN_POINT('',(-1.67529469577,3.246991671296,0.274661149549
    ));
#1549 = ORIENTED_EDGE('',*,*,#1550,.F.);
#1550 = EDGE_CURVE('',#1551,#1544,#1553,.T.);
#1551 = VERTEX_POINT('',#1552);
#1552 = CARTESIAN_POINT('',(-1.550407771834,3.246991671296,
    0.319653542564));
#1553 = B_SPLINE_CURVE_WITH_KNOTS('',3,(#1554,#1555,#1556,#1557),
  .UNSPECIFIED.,.F.,.F.,(4,4),(28.,29.),.PIECEWISE_BEZIER_KNOTS.);
#1554 = CARTESIAN_POINT('',(-1.550407771834,3.246991671296,
    0.319653542564));
#1555 = CARTESIAN_POINT('',(-1.550246324491,3.246991671296,
    0.296889975334));
#1556 = CARTESIAN_POINT('',(-1.568600462935,3.246991671296,
    0.276840637289));
#1557 = CARTESIAN_POINT('',(-1.591353994123,3.246991671296,
    0.275256486962));
#1558 = ORIENTED_EDGE('',*,*,#1559,.F.);
#1559 = EDGE_CURVE('',#1560,#1551,#1562,.T.);
#1560 = VERTEX_POINT('',#1561);
#1561 = CARTESIAN_POINT('',(-1.594825008064,3.246991671296,
    0.363445170052));
#1562 = B_SPLINE_CURVE_WITH_KNOTS('',3,(#1563,#1564,#1565,#1566),
  .UNSPECIFIED.,.F.,.F.,(4,4),(27.,28.),.PIECEWISE_BEZIER_KNOTS.);
#1563 = CARTESIAN_POINT('',(-1.594825008064,3.246991671296,
    0.363445170052));
#1564 = CARTESIAN_POINT('',(-1.570638683962,3.246991671296,
    0.363616708094));
#1565 = CARTESIAN_POINT('',(-1.550579309491,3.246991671296,
    0.343839812393));
#1566 = CARTESIAN_POINT('',(-1.550407771834,3.246991671296,
    0.319653542564));
#1567 = ORIENTED_EDGE('',*,*,#1568,.F.);
#1568 = EDGE_CURVE('',#1569,#1560,#1571,.T.);
#1569 = VERTEX_POINT('',#1570);
#1570 = CARTESIAN_POINT('',(-1.603351241892,3.246991671296,
    0.361961924795));
#1571 = B_SPLINE_CURVE_WITH_KNOTS('',3,(#1572,#1573,#1574,#1575),
  .UNSPECIFIED.,.F.,.F.,(4,4),(26.,27.),.PIECEWISE_BEZIER_KNOTS.);
#1572 = CARTESIAN_POINT('',(-1.603351241892,3.246991671296,
    0.361961924795));
#1573 = CARTESIAN_POINT('',(-1.60050578242,3.246991671296,0.361982105809
    ));
#1574 = CARTESIAN_POINT('',(-1.597670413263,3.246991671296,
    0.363424989422));
#1575 = CARTESIAN_POINT('',(-1.594825008064,3.246991671296,
    0.363445170052));
#1576 = ORIENTED_EDGE('',*,*,#1577,.F.);
#1577 = EDGE_CURVE('',#1578,#1569,#1580,.T.);
#1578 = VERTEX_POINT('',#1579);
#1579 = CARTESIAN_POINT('',(-1.667373835781,3.246991671296,
    0.361507853711));
#1580 = B_SPLINE_CURVE_WITH_KNOTS('',1,(#1581,#1582),.UNSPECIFIED.,.F.,
  .F.,(2,2),(7.747420399898E-19,6.402420408621E-02),
  .PIECEWISE_BEZIER_KNOTS.);
#1581 = CARTESIAN_POINT('',(-1.667373835781,3.246991671296,
    0.361507853711));
#1582 = CARTESIAN_POINT('',(-1.603351241892,3.246991671296,
    0.361961924795));
#1583 = ORIENTED_EDGE('',*,*,#1584,.F.);
#1584 = EDGE_CURVE('',#1585,#1578,#1587,.T.);
#1585 = VERTEX_POINT('',#1586);
#1586 = CARTESIAN_POINT('',(-1.770597053328,3.246991671296,
    0.471753825119));
#1587 = B_SPLINE_CURVE_WITH_KNOTS('',3,(#1588,#1589,#1590,#1591),
  .UNSPECIFIED.,.F.,.F.,(4,4),(24.,25.),.PIECEWISE_BEZIER_KNOTS.);
#1588 = CARTESIAN_POINT('',(-1.770597053328,3.246991671296,
    0.471753825119));
#1589 = CARTESIAN_POINT('',(-1.770183344079,3.246991671296,
    0.413422123036));
#1590 = CARTESIAN_POINT('',(-1.725735836328,3.246991671296,
    0.365362306341));
#1591 = CARTESIAN_POINT('',(-1.667373835781,3.246991671296,
    0.361507853711));
#1592 = ORIENTED_EDGE('',*,*,#1593,.F.);
#1593 = EDGE_CURVE('',#1594,#1585,#1596,.T.);
#1594 = VERTEX_POINT('',#1595);
#1595 = CARTESIAN_POINT('',(-1.660411624577,3.246991671296,
    0.583513366808));
#1596 = B_SPLINE_CURVE_WITH_KNOTS('',3,(#1597,#1598,#1599,#1600),
  .UNSPECIFIED.,.F.,.F.,(4,4),(23.,24.),.PIECEWISE_BEZIER_KNOTS.);
#1597 = CARTESIAN_POINT('',(-1.660411624577,3.246991671296,
    0.583513366808));
#1598 = CARTESIAN_POINT('',(-1.721588758994,3.246991671296,
    0.583079476738));
#1599 = CARTESIAN_POINT('',(-1.771030943398,3.246991671296,
    0.532930959536));
#1600 = CARTESIAN_POINT('',(-1.770597053328,3.246991671296,
    0.471753825119));
#1601 = ORIENTED_EDGE('',*,*,#1602,.F.);
#1602 = EDGE_CURVE('',#1603,#1594,#1605,.T.);
#1603 = VERTEX_POINT('',#1604);
#1604 = CARTESIAN_POINT('',(-1.649029840962,3.246991671296,0.58359409048
    ));
#1605 = B_SPLINE_CURVE_WITH_KNOTS('',3,(#1606,#1607,#1608,#1609),
  .UNSPECIFIED.,.F.,.F.,(4,4),(22.,23.),.PIECEWISE_BEZIER_KNOTS.);
#1606 = CARTESIAN_POINT('',(-1.649029840962,3.246991671296,0.58359409048
    ));
#1607 = CARTESIAN_POINT('',(-1.653298003033,3.246991671296,
    0.583563819151));
#1608 = CARTESIAN_POINT('',(-1.656143462505,3.246991671296,
    0.583543638137));
#1609 = CARTESIAN_POINT('',(-1.660411624577,3.246991671296,
    0.583513366808));
#1610 = ORIENTED_EDGE('',*,*,#1611,.F.);
#1611 = EDGE_CURVE('',#1612,#1603,#1614,.T.);
#1612 = VERTEX_POINT('',#1613);
#1613 = CARTESIAN_POINT('',(-1.451109746318,3.246991671296,
    0.762847294657));
#1614 = B_SPLINE_CURVE_WITH_KNOTS('',3,(#1615,#1616,#1617,#1618),
  .UNSPECIFIED.,.F.,.F.,(4,4),(21.,22.),.PIECEWISE_BEZIER_KNOTS.);
#1615 = CARTESIAN_POINT('',(-1.451109746318,3.246991671296,
    0.762847294657));
#1616 = CARTESIAN_POINT('',(-1.553545907396,3.246991671296,
    0.762120780845));
#1617 = CARTESIAN_POINT('',(-1.638354390145,3.246991671296,
    0.683265515756));
#1618 = CARTESIAN_POINT('',(-1.649029840962,3.246991671296,0.58359409048
    ));
#1619 = ORIENTED_EDGE('',*,*,#1620,.F.);
#1620 = EDGE_CURVE('',#1621,#1612,#1623,.T.);
#1621 = VERTEX_POINT('',#1622);
#1622 = CARTESIAN_POINT('',(-1.259496037081,3.246991671296,0.62761795956
    ));
#1623 = B_SPLINE_CURVE_WITH_KNOTS('',3,(#1624,#1625,#1626,#1627),
  .UNSPECIFIED.,.F.,.F.,(4,4),(20.,21.),.PIECEWISE_BEZIER_KNOTS.);
#1624 = CARTESIAN_POINT('',(-1.259496037081,3.246991671296,0.62761795956
    ));
#1625 = CARTESIAN_POINT('',(-1.287092832081,3.246991671296,
    0.707098726193));
#1626 = CARTESIAN_POINT('',(-1.361478125727,3.246991671296,
    0.763482994098));
#1627 = CARTESIAN_POINT('',(-1.451109746318,3.246991671296,
    0.762847294657));
#1628 = ORIENTED_EDGE('',*,*,#1629,.F.);
#1629 = EDGE_CURVE('',#1630,#1621,#1632,.T.);
#1630 = VERTEX_POINT('',#1631);
#1631 = CARTESIAN_POINT('',(-1.184243016605,3.246991671296,
    0.649493618947));
#1632 = B_SPLINE_CURVE_WITH_KNOTS('',3,(#1633,#1634,#1635,#1636),
  .UNSPECIFIED.,.F.,.F.,(4,4),(19.,20.),.PIECEWISE_BEZIER_KNOTS.);
#1633 = CARTESIAN_POINT('',(-1.184243016605,3.246991671296,
    0.649493618947));
#1634 = CARTESIAN_POINT('',(-1.211274773043,3.246991671296,
    0.649301900083));
#1635 = CARTESIAN_POINT('',(-1.23824598663,3.246991671296,0.64057382994)
  );
#1636 = CARTESIAN_POINT('',(-1.259496037081,3.246991671296,0.62761795956
    ));
#1637 = ORIENTED_EDGE('',*,*,#1638,.F.);
#1638 = EDGE_CURVE('',#1639,#1630,#1641,.T.);
#1639 = VERTEX_POINT('',#1640);
#1640 = CARTESIAN_POINT('',(-1.040961538886,3.246991671296,
    0.508230234936));
#1641 = B_SPLINE_CURVE_WITH_KNOTS('',3,(#1642,#1643,#1644,#1645),
  .UNSPECIFIED.,.F.,.F.,(4,4),(18.,19.),.PIECEWISE_BEZIER_KNOTS.);
#1642 = CARTESIAN_POINT('',(-1.040961538886,3.246991671296,
    0.508230234936));
#1643 = CARTESIAN_POINT('',(-1.041516514656,3.246991671296,
    0.586480071912));
#1644 = CARTESIAN_POINT('',(-1.105993179629,3.246991671296,
    0.650048594716));
#1645 = CARTESIAN_POINT('',(-1.184243016605,3.246991671296,
    0.649493618947));
#1646 = ORIENTED_EDGE('',*,*,#1647,.F.);
#1647 = EDGE_CURVE('',#1648,#1639,#1650,.T.);
#1648 = VERTEX_POINT('',#1649);
#1649 = CARTESIAN_POINT('',(-1.125396674222,3.246991671296,
    0.376734159573));
#1650 = B_SPLINE_CURVE_WITH_KNOTS('',3,(#1651,#1652,#1653,#1654),
  .UNSPECIFIED.,.F.,.F.,(4,4),(17.,18.),.PIECEWISE_BEZIER_KNOTS.);
#1651 = CARTESIAN_POINT('',(-1.125396674222,3.246991671296,
    0.376734159573));
#1652 = CARTESIAN_POINT('',(-1.075762770955,3.246991671296,
    0.399850920337));
#1653 = CARTESIAN_POINT('',(-1.040547829637,3.246991671296,
    0.449898532853));
#1654 = CARTESIAN_POINT('',(-1.040961538886,3.246991671296,
    0.508230234936));
#1655 = ORIENTED_EDGE('',*,*,#1656,.F.);
#1656 = EDGE_CURVE('',#1657,#1648,#1659,.T.);
#1657 = VERTEX_POINT('',#1658);
#1658 = CARTESIAN_POINT('',(-1.259798724771,3.246991671296,
    0.469685465367));
#1659 = B_SPLINE_CURVE_WITH_KNOTS('',3,(#1660,#1661,#1662,#1663),
  .UNSPECIFIED.,.F.,.F.,(4,4),(16.,17.),.PIECEWISE_BEZIER_KNOTS.);
#1660 = CARTESIAN_POINT('',(-1.259798724771,3.246991671296,
    0.469685465367));
#1661 = CARTESIAN_POINT('',(-1.198621563217,3.246991671296,0.47011935563
    ));
#1662 = CARTESIAN_POINT('',(-1.145698247037,3.246991671296,
    0.430656433063));
#1663 = CARTESIAN_POINT('',(-1.125396674222,3.246991671296,
    0.376734159573));
#1664 = ORIENTED_EDGE('',*,*,#1665,.F.);
#1665 = EDGE_CURVE('',#1666,#1657,#1668,.T.);
#1666 = VERTEX_POINT('',#1667);
#1667 = CARTESIAN_POINT('',(-1.366159972028,3.246991671296,
    0.420556059159));
#1668 = B_SPLINE_CURVE_WITH_KNOTS('',3,(#1669,#1670,#1671,#1672),
  .UNSPECIFIED.,.F.,.F.,(4,4),(15.,16.),.PIECEWISE_BEZIER_KNOTS.);
#1669 = CARTESIAN_POINT('',(-1.366159972028,3.246991671296,
    0.420556059159));
#1670 = CARTESIAN_POINT('',(-1.340762845204,3.246991671296,
    0.450614903425));
#1671 = CARTESIAN_POINT('',(-1.30248045403,3.246991671296,0.469382751311
    ));
#1672 = CARTESIAN_POINT('',(-1.259798724771,3.246991671296,
    0.469685465367));
#1673 = ORIENTED_EDGE('',*,*,#1674,.F.);
#1674 = EDGE_CURVE('',#1675,#1666,#1677,.T.);
#1675 = VERTEX_POINT('',#1676);
#1676 = CARTESIAN_POINT('',(-1.557511356758,3.246991671296,
    0.518794638019));
#1677 = B_SPLINE_CURVE_WITH_KNOTS('',1,(#1678,#1679),.UNSPECIFIED.,.F.,
  .F.,(2,2),(1.444685419513E-16,0.21509572477),
  .PIECEWISE_BEZIER_KNOTS.);
#1678 = CARTESIAN_POINT('',(-1.557511356758,3.246991671296,
    0.518794638019));
#1679 = CARTESIAN_POINT('',(-1.366159972028,3.246991671296,
    0.420556059159));
#1680 = ORIENTED_EDGE('',*,*,#1681,.F.);
#1681 = EDGE_CURVE('',#1682,#1675,#1684,.T.);
#1682 = VERTEX_POINT('',#1683);
#1683 = CARTESIAN_POINT('',(-1.601080993669,3.246991671296,
    0.443077429008));
#1684 = B_SPLINE_CURVE_WITH_KNOTS('',1,(#1685,#1686),.UNSPECIFIED.,.F.,
  .F.,(2,2),(-1.089655050205E-16,8.735793610749E-02),
  .PIECEWISE_BEZIER_KNOTS.);
#1685 = CARTESIAN_POINT('',(-1.601080993669,3.246991671296,
    0.443077429008));
#1686 = CARTESIAN_POINT('',(-1.557511356758,3.246991671296,
    0.518794638019));
#1687 = ORIENTED_EDGE('',*,*,#1688,.F.);
#1688 = EDGE_CURVE('',#1689,#1682,#1691,.T.);
#1689 = VERTEX_POINT('',#1690);
#1690 = CARTESIAN_POINT('',(-1.401152895824,3.246991671296,
    0.339208501191));
#1691 = B_SPLINE_CURVE_WITH_KNOTS('',1,(#1692,#1693),.UNSPECIFIED.,.F.,
  .F.,(2,2),(5.036192396959E-17,0.225299796879),
  .PIECEWISE_BEZIER_KNOTS.);
#1692 = CARTESIAN_POINT('',(-1.401152895824,3.246991671296,
    0.339208501191));
#1693 = CARTESIAN_POINT('',(-1.601080993669,3.246991671296,
    0.443077429008));
#1694 = ORIENTED_EDGE('',*,*,#1695,.F.);
#1695 = EDGE_CURVE('',#1696,#1689,#1698,.T.);
#1696 = VERTEX_POINT('',#1697);
#1697 = CARTESIAN_POINT('',(-1.401051991139,3.246991671296,
    0.324981258103));
#1698 = B_SPLINE_CURVE_WITH_KNOTS('',3,(#1699,#1700,#1701,#1702),
  .UNSPECIFIED.,.F.,.F.,(4,4),(11.,12.),.PIECEWISE_BEZIER_KNOTS.);
#1699 = CARTESIAN_POINT('',(-1.401051991139,3.246991671296,
    0.324981258103));
#1700 = CARTESIAN_POINT('',(-1.401082262468,3.246991671296,
    0.329249420175));
#1701 = CARTESIAN_POINT('',(-1.401112533796,3.246991671296,
    0.333517582247));
#1702 = CARTESIAN_POINT('',(-1.401152895824,3.246991671296,
    0.339208501191));
#1703 = ORIENTED_EDGE('',*,*,#1704,.F.);
#1704 = EDGE_CURVE('',#1705,#1696,#1707,.T.);
#1705 = VERTEX_POINT('',#1706);
#1706 = CARTESIAN_POINT('',(-1.257770513419,3.246991671296,
    0.183717874093));
#1707 = B_SPLINE_CURVE_WITH_KNOTS('',3,(#1708,#1709,#1710,#1711),
  .UNSPECIFIED.,.F.,.F.,(4,4),(10.,11.),.PIECEWISE_BEZIER_KNOTS.);
#1708 = CARTESIAN_POINT('',(-1.257770513419,3.246991671296,
    0.183717874093));
#1709 = CARTESIAN_POINT('',(-1.336020350395,3.246991671296,
    0.183162898323));
#1710 = CARTESIAN_POINT('',(-1.400497015369,3.246991671296,
    0.246731421127));
#1711 = CARTESIAN_POINT('',(-1.401051991139,3.246991671296,
    0.324981258103));
#1712 = ORIENTED_EDGE('',*,*,#1713,.F.);
#1713 = EDGE_CURVE('',#1714,#1705,#1716,.T.);
#1714 = VERTEX_POINT('',#1715);
#1715 = CARTESIAN_POINT('',(-1.123297842312,3.246991671296,
    0.281421710834));
#1716 = B_SPLINE_CURVE_WITH_KNOTS('',3,(#1717,#1718,#1719,#1720),
  .UNSPECIFIED.,.F.,.F.,(4,4),(9.,10.),.PIECEWISE_BEZIER_KNOTS.);
#1717 = CARTESIAN_POINT('',(-1.123297842312,3.246991671296,
    0.281421710834));
#1718 = CARTESIAN_POINT('',(-1.141389642297,3.246991671296,
    0.224381562377));
#1719 = CARTESIAN_POINT('',(-1.195170622129,3.246991671296,
    0.184161854862));
#1720 = CARTESIAN_POINT('',(-1.257770513419,3.246991671296,
    0.183717874093));
#1721 = ORIENTED_EDGE('',*,*,#1722,.F.);
#1722 = EDGE_CURVE('',#1723,#1714,#1725,.T.);
#1723 = VERTEX_POINT('',#1724);
#1724 = CARTESIAN_POINT('',(-1.009964240034,3.246991671296,
    0.350519704278));
#1725 = B_SPLINE_CURVE_WITH_KNOTS('',3,(#1726,#1727,#1728,#1729),
  .UNSPECIFIED.,.F.,.F.,(4,4),(8.,9.),.PIECEWISE_BEZIER_KNOTS.);
#1726 = CARTESIAN_POINT('',(-1.009964240034,3.246991671296,
    0.350519704278));
#1727 = CARTESIAN_POINT('',(-1.041022000711,3.246991671296,
    0.316152308872));
#1728 = CARTESIAN_POINT('',(-1.079274120557,3.246991671296,
    0.293116298916));
#1729 = CARTESIAN_POINT('',(-1.123297842312,3.246991671296,
    0.281421710834));
#1730 = ORIENTED_EDGE('',*,*,#1731,.F.);
#1731 = EDGE_CURVE('',#1732,#1723,#1734,.T.);
#1732 = VERTEX_POINT('',#1733);
#1733 = CARTESIAN_POINT('',(-0.951309682624,3.246991671296,
    0.506020421018));
#1734 = B_SPLINE_CURVE_WITH_KNOTS('',3,(#1735,#1736,#1737,#1738),
  .UNSPECIFIED.,.F.,.F.,(4,4),(7.,8.),.PIECEWISE_BEZIER_KNOTS.);
#1735 = CARTESIAN_POINT('',(-0.951309682624,3.246991671296,
    0.506020421018));
#1736 = CARTESIAN_POINT('',(-0.950906063882,3.246991671296,
    0.449111448671));
#1737 = CARTESIAN_POINT('',(-0.971853400085,3.246991671296,
    0.393473821896));
#1738 = CARTESIAN_POINT('',(-1.009964240034,3.246991671296,
    0.350519704278));
#1739 = ORIENTED_EDGE('',*,*,#1740,.F.);
#1740 = EDGE_CURVE('',#1741,#1732,#1743,.T.);
#1741 = VERTEX_POINT('',#1742);
#1742 = CARTESIAN_POINT('',(-1.019328076401,3.246991671296,
    0.667736720917));
#1743 = B_SPLINE_CURVE_WITH_KNOTS('',3,(#1744,#1745,#1746,#1747),
  .UNSPECIFIED.,.F.,.F.,(4,4),(6.,7.),.PIECEWISE_BEZIER_KNOTS.);
#1744 = CARTESIAN_POINT('',(-1.019328076401,3.246991671296,
    0.667736720917));
#1745 = CARTESIAN_POINT('',(-0.976343595868,3.246991671296,
    0.625357719547));
#1746 = CARTESIAN_POINT('',(-0.951743572694,3.246991671296,
    0.567197555434));
#1747 = CARTESIAN_POINT('',(-0.951309682624,3.246991671296,
    0.506020421018));
#1748 = ORIENTED_EDGE('',*,*,#1749,.F.);
#1749 = EDGE_CURVE('',#1750,#1741,#1752,.T.);
#1750 = VERTEX_POINT('',#1751);
#1751 = CARTESIAN_POINT('',(-1.183425714404,3.246991671296,
    0.734867086564));
#1752 = B_SPLINE_CURVE_WITH_KNOTS('',3,(#1753,#1754,#1755,#1756),
  .UNSPECIFIED.,.F.,.F.,(4,4),(5.,6.),.PIECEWISE_BEZIER_KNOTS.);
#1753 = CARTESIAN_POINT('',(-1.183425714404,3.246991671296,
    0.734867086564));
#1754 = CARTESIAN_POINT('',(-1.122248566419,3.246991671296,0.73530097673
    ));
#1755 = CARTESIAN_POINT('',(-1.063745339959,3.246991671296,
    0.711528375351));
#1756 = CARTESIAN_POINT('',(-1.019328076401,3.246991671296,
    0.667736720917));
#1757 = ORIENTED_EDGE('',*,*,#1758,.F.);
#1758 = EDGE_CURVE('',#1759,#1750,#1761,.T.);
#1759 = VERTEX_POINT('',#1760);
#1760 = CARTESIAN_POINT('',(-1.216128181731,3.246991671296,
    0.731789559961));
#1761 = B_SPLINE_CURVE_WITH_KNOTS('',3,(#1762,#1763,#1764,#1765),
  .UNSPECIFIED.,.F.,.F.,(4,4),(4.,5.),.PIECEWISE_BEZIER_KNOTS.);
#1762 = CARTESIAN_POINT('',(-1.216128181731,3.246991671296,
    0.731789559961));
#1763 = CARTESIAN_POINT('',(-1.204756488623,3.246991671296,
    0.733293013368));
#1764 = CARTESIAN_POINT('',(-1.194807498019,3.246991671296,
    0.734786362892));
#1765 = CARTESIAN_POINT('',(-1.183425714404,3.246991671296,
    0.734867086564));
#1766 = ORIENTED_EDGE('',*,*,#1767,.F.);
#1767 = EDGE_CURVE('',#1768,#1759,#1770,.T.);
#1768 = VERTEX_POINT('',#1769);
#1769 = CARTESIAN_POINT('',(-1.27917202651,3.246991671296,0.79394545032)
  );
#1770 = B_SPLINE_CURVE_WITH_KNOTS('',3,(#1771,#1772,#1773,#1774),
  .UNSPECIFIED.,.F.,.F.,(4,4),(3.,4.),.PIECEWISE_BEZIER_KNOTS.);
#1771 = CARTESIAN_POINT('',(-1.27917202651,3.246991671296,0.79394545032)
  );
#1772 = CARTESIAN_POINT('',(-1.254864616757,3.246991671296,
    0.777044292589));
#1773 = CARTESIAN_POINT('',(-1.234795124835,3.246991671296,
    0.755844694481));
#1774 = CARTESIAN_POINT('',(-1.216128181731,3.246991671296,
    0.731789559961));
#1775 = ORIENTED_EDGE('',*,*,#1776,.F.);
#1776 = EDGE_CURVE('',#1777,#1768,#1779,.T.);
#1777 = VERTEX_POINT('',#1778);
#1778 = CARTESIAN_POINT('',(-1.450292471831,3.246991671296,0.84822084349
    ));
#1779 = B_SPLINE_CURVE_WITH_KNOTS('',3,(#1780,#1781,#1782,#1783),
  .UNSPECIFIED.,.F.,.F.,(4,4),(2.,3.),.PIECEWISE_BEZIER_KNOTS.);
#1780 = CARTESIAN_POINT('',(-1.450292471831,3.246991671296,0.84822084349
    ));
#1781 = CARTESIAN_POINT('',(-1.387692607678,3.246991671296,
    0.848664824068));
#1782 = CARTESIAN_POINT('',(-1.329219639039,3.246991671296,
    0.829160393335));
#1783 = CARTESIAN_POINT('',(-1.27917202651,3.246991671296,0.79394545032)
  );
#1784 = ORIENTED_EDGE('',*,*,#1785,.F.);
#1785 = EDGE_CURVE('',#1786,#1777,#1788,.T.);
#1786 = VERTEX_POINT('',#1787);
#1787 = CARTESIAN_POINT('',(-1.643258251706,3.246991671296,
    0.772866871802));
#1788 = B_SPLINE_CURVE_WITH_KNOTS('',3,(#1789,#1790,#1791,#1792),
  .UNSPECIFIED.,.F.,.F.,(4,4),(1.,2.),.PIECEWISE_BEZIER_KNOTS.);
#1789 = CARTESIAN_POINT('',(-1.643258251706,3.246991671296,
    0.772866871802));
#1790 = CARTESIAN_POINT('',(-1.589527724325,3.246991671296,
    0.820200216126));
#1791 = CARTESIAN_POINT('',(-1.521428687263,3.246991671296,
    0.847716320063));
#1792 = CARTESIAN_POINT('',(-1.450292471831,3.246991671296,0.84822084349
    ));
#1793 = ORIENTED_EDGE('',*,*,#1794,.F.);
#1794 = EDGE_CURVE('',#1517,#1786,#1795,.T.);
#1795 = B_SPLINE_CURVE_WITH_KNOTS('',3,(#1796,#1797,#1798,#1799),
  .UNSPECIFIED.,.F.,.F.,(4,4),(0.,1.),.PIECEWISE_BEZIER_KNOTS.);
#1796 = CARTESIAN_POINT('',(-1.719288239058,3.246991671296,
    0.659926764608));
#1797 = CARTESIAN_POINT('',(-1.703941007428,3.246991671296,
    0.702719488866));
#1798 = CARTESIAN_POINT('',(-1.677181666486,3.246991671296,
    0.741324761543));
#1799 = CARTESIAN_POINT('',(-1.643258251706,3.246991671296,
    0.772866871802));
#1800 = B_SPLINE_SURFACE_WITH_KNOTS('',1,1,(
    (#1801,#1802)
    ,(#1803,#1804
    )),.UNSPECIFIED.,.F.,.F.,.F.,(2,2),(2,2),(0.,0.98393687009),(0.,
    5.313259098485),.PIECEWISE_BEZIER_KNOTS.);
#1801 = CARTESIAN_POINT('',(-3.246991671296,3.246991671296,
    1.003615707492));
#1802 = CARTESIAN_POINT('',(2.066267427189,3.246991671296,1.003615707492
    ));
#1803 = CARTESIAN_POINT('',(-3.246991671296,3.246991671296,
    1.96788374018E-02));
#1804 = CARTESIAN_POINT('',(2.066267427189,3.246991671296,
    1.96788374018E-02));
#1805 = ADVANCED_FACE('',(#1806),#1864,.F.);
#1806 = FACE_BOUND('',#1807,.T.);
#1807 = EDGE_LOOP('',(#1808,#1817,#1824,#1831,#1838,#1845,#1852,#1859));
#1808 = ORIENTED_EDGE('',*,*,#1809,.F.);
#1809 = EDGE_CURVE('',#1810,#1812,#1814,.T.);
#1810 = VERTEX_POINT('',#1811);
#1811 = CARTESIAN_POINT('',(1.033133713594,0.319779482779,0.21646621142)
  );
#1812 = VERTEX_POINT('',#1813);
#1813 = CARTESIAN_POINT('',(3.246991671296,0.319779482779,0.21646621142)
  );
#1814 = B_SPLINE_CURVE_WITH_KNOTS('',1,(#1815,#1816),.UNSPECIFIED.,.F.,
  .F.,(2,2),(-2.558235862234,-0.344377904531),.PIECEWISE_BEZIER_KNOTS.);
#1815 = CARTESIAN_POINT('',(1.033133713594,0.319779482779,0.21646621142)
  );
#1816 = CARTESIAN_POINT('',(3.246991671296,0.319779482779,0.21646621142)
  );
#1817 = ORIENTED_EDGE('',*,*,#1818,.F.);
#1818 = EDGE_CURVE('',#1819,#1810,#1821,.T.);
#1819 = VERTEX_POINT('',#1820);
#1820 = CARTESIAN_POINT('',(1.033133713594,-0.319779482779,0.21646621142
    ));
#1821 = B_SPLINE_CURVE_WITH_KNOTS('',1,(#1822,#1823),.UNSPECIFIED.,.F.,
  .F.,(2,2),(0.,0.639558965558),.PIECEWISE_BEZIER_KNOTS.);
#1822 = CARTESIAN_POINT('',(1.033133713594,-0.319779482779,0.21646621142
    ));
#1823 = CARTESIAN_POINT('',(1.033133713594,0.319779482779,0.21646621142)
  );
#1824 = ORIENTED_EDGE('',*,*,#1825,.F.);
#1825 = EDGE_CURVE('',#1826,#1819,#1828,.T.);
#1826 = VERTEX_POINT('',#1827);
#1827 = CARTESIAN_POINT('',(3.246991671296,-0.319779482779,0.21646621142
    ));
#1828 = B_SPLINE_CURVE_WITH_KNOTS('',1,(#1829,#1830),.UNSPECIFIED.,.F.,
  .F.,(2,2),(-3.246991671296,-1.033133713594),.PIECEWISE_BEZIER_KNOTS.);
#1829 = CARTESIAN_POINT('',(3.246991671296,-0.319779482779,0.21646621142
    ));
#1830 = CARTESIAN_POINT('',(1.033133713594,-0.319779482779,0.21646621142
    ));
#1831 = ORIENTED_EDGE('',*,*,#1832,.F.);
#1832 = EDGE_CURVE('',#1833,#1826,#1835,.T.);
#1833 = VERTEX_POINT('',#1834);
#1834 = CARTESIAN_POINT('',(3.246991671296,-0.393574748036,0.21646621142
    ));
#1835 = B_SPLINE_CURVE_WITH_KNOTS('',1,(#1836,#1837),.UNSPECIFIED.,.F.,
  .F.,(2,2),(-3.640566419332,-3.566771154076),.PIECEWISE_BEZIER_KNOTS.);
#1836 = CARTESIAN_POINT('',(3.246991671296,-0.393574748036,0.21646621142
    ));
#1837 = CARTESIAN_POINT('',(3.246991671296,-0.319779482779,0.21646621142
    ));
#1838 = ORIENTED_EDGE('',*,*,#1839,.T.);
#1839 = EDGE_CURVE('',#1833,#1840,#1842,.T.);
#1840 = VERTEX_POINT('',#1841);
#1841 = CARTESIAN_POINT('',(0.393574748036,-0.393574748036,0.21646621142
    ));
#1842 = B_SPLINE_CURVE_WITH_KNOTS('',1,(#1843,#1844),.UNSPECIFIED.,.F.,
  .F.,(2,2),(2.85341692326,5.706833846521),.PIECEWISE_BEZIER_KNOTS.);
#1843 = CARTESIAN_POINT('',(3.246991671296,-0.393574748036,0.21646621142
    ));
#1844 = CARTESIAN_POINT('',(0.393574748036,-0.393574748036,0.21646621142
    ));
#1845 = ORIENTED_EDGE('',*,*,#1846,.T.);
#1846 = EDGE_CURVE('',#1840,#1847,#1849,.T.);
#1847 = VERTEX_POINT('',#1848);
#1848 = CARTESIAN_POINT('',(0.393574748036,0.393574748036,0.21646621142)
  );
#1849 = B_SPLINE_CURVE_WITH_KNOTS('',1,(#1850,#1851),.UNSPECIFIED.,.F.,
  .F.,(2,2),(0.,0.787149496072),.PIECEWISE_BEZIER_KNOTS.);
#1850 = CARTESIAN_POINT('',(0.393574748036,-0.393574748036,0.21646621142
    ));
#1851 = CARTESIAN_POINT('',(0.393574748036,0.393574748036,0.21646621142)
  );
#1852 = ORIENTED_EDGE('',*,*,#1853,.T.);
#1853 = EDGE_CURVE('',#1847,#1854,#1856,.T.);
#1854 = VERTEX_POINT('',#1855);
#1855 = CARTESIAN_POINT('',(3.246991671296,0.393574748036,0.21646621142)
  );
#1856 = B_SPLINE_CURVE_WITH_KNOTS('',1,(#1857,#1858),.UNSPECIFIED.,.F.,
  .F.,(2,2),(-5.706833846521,-2.85341692326),.PIECEWISE_BEZIER_KNOTS.);
#1857 = CARTESIAN_POINT('',(0.393574748036,0.393574748036,0.21646621142)
  );
#1858 = CARTESIAN_POINT('',(3.246991671296,0.393574748036,0.21646621142)
  );
#1859 = ORIENTED_EDGE('',*,*,#1860,.F.);
#1860 = EDGE_CURVE('',#1812,#1854,#1861,.T.);
#1861 = B_SPLINE_CURVE_WITH_KNOTS('',1,(#1862,#1863),.UNSPECIFIED.,.F.,
  .F.,(2,2),(-2.927212188517,-2.85341692326),.PIECEWISE_BEZIER_KNOTS.);
#1862 = CARTESIAN_POINT('',(3.246991671296,0.319779482779,0.21646621142)
  );
#1863 = CARTESIAN_POINT('',(3.246991671296,0.393574748036,0.21646621142)
  );
#1864 = B_SPLINE_SURFACE_WITH_KNOTS('',1,1,(
    (#1865,#1866)
    ,(#1867,#1868
    )),.UNSPECIFIED.,.F.,.F.,.F.,(2,2),(2,2),(0.393574748036,
    3.246991671296),(-0.393574748036,0.393574748036),
  .PIECEWISE_BEZIER_KNOTS.);
#1865 = CARTESIAN_POINT('',(0.393574748036,-0.393574748036,0.21646621142
    ));
#1866 = CARTESIAN_POINT('',(0.393574748036,0.393574748036,0.21646621142)
  );
#1867 = CARTESIAN_POINT('',(3.246991671296,-0.393574748036,0.21646621142
    ));
#1868 = CARTESIAN_POINT('',(3.246991671296,0.393574748036,0.21646621142)
  );
#1869 = ADVANCED_FACE('',(#1870),#1928,.T.);
#1870 = FACE_BOUND('',#1871,.T.);
#1871 = EDGE_LOOP('',(#1872,#1881,#1888,#1895,#1902,#1909,#1916,#1923));
#1872 = ORIENTED_EDGE('',*,*,#1873,.F.);
#1873 = EDGE_CURVE('',#1874,#1876,#1878,.T.);
#1874 = VERTEX_POINT('',#1875);
#1875 = CARTESIAN_POINT('',(-1.033133713594,0.319779482779,0.21646621142
    ));
#1876 = VERTEX_POINT('',#1877);
#1877 = CARTESIAN_POINT('',(-1.033133713594,-0.319779482779,
    0.21646621142));
#1878 = B_SPLINE_CURVE_WITH_KNOTS('',1,(#1879,#1880),.UNSPECIFIED.,.F.,
  .F.,(2,2),(-0.639558965558,0.),.PIECEWISE_BEZIER_KNOTS.);
#1879 = CARTESIAN_POINT('',(-1.033133713594,0.319779482779,0.21646621142
    ));
#1880 = CARTESIAN_POINT('',(-1.033133713594,-0.319779482779,
    0.21646621142));
#1881 = ORIENTED_EDGE('',*,*,#1882,.T.);
#1882 = EDGE_CURVE('',#1874,#1883,#1885,.T.);
#1883 = VERTEX_POINT('',#1884);
#1884 = CARTESIAN_POINT('',(-3.246991671296,0.319779482779,0.21646621142
    ));
#1885 = B_SPLINE_CURVE_WITH_KNOTS('',1,(#1886,#1887),.UNSPECIFIED.,.F.,
  .F.,(2,2),(1.033133713594,3.246991671296),.PIECEWISE_BEZIER_KNOTS.);
#1886 = CARTESIAN_POINT('',(-1.033133713594,0.319779482779,0.21646621142
    ));
#1887 = CARTESIAN_POINT('',(-3.246991671296,0.319779482779,0.21646621142
    ));
#1888 = ORIENTED_EDGE('',*,*,#1889,.T.);
#1889 = EDGE_CURVE('',#1883,#1890,#1892,.T.);
#1890 = VERTEX_POINT('',#1891);
#1891 = CARTESIAN_POINT('',(-3.246991671296,0.393574748036,0.21646621142
    ));
#1892 = B_SPLINE_CURVE_WITH_KNOTS('',1,(#1893,#1894),.UNSPECIFIED.,.F.,
  .F.,(2,2),(-2.927212188517,-2.85341692326),.PIECEWISE_BEZIER_KNOTS.);
#1893 = CARTESIAN_POINT('',(-3.246991671296,0.319779482779,0.21646621142
    ));
#1894 = CARTESIAN_POINT('',(-3.246991671296,0.393574748036,0.21646621142
    ));
#1895 = ORIENTED_EDGE('',*,*,#1896,.T.);
#1896 = EDGE_CURVE('',#1890,#1897,#1899,.T.);
#1897 = VERTEX_POINT('',#1898);
#1898 = CARTESIAN_POINT('',(-0.393574748036,0.393574748036,0.21646621142
    ));
#1899 = B_SPLINE_CURVE_WITH_KNOTS('',1,(#1900,#1901),.UNSPECIFIED.,.F.,
  .F.,(2,2),(2.85341692326,5.706833846521),.PIECEWISE_BEZIER_KNOTS.);
#1900 = CARTESIAN_POINT('',(-3.246991671296,0.393574748036,0.21646621142
    ));
#1901 = CARTESIAN_POINT('',(-0.393574748036,0.393574748036,0.21646621142
    ));
#1902 = ORIENTED_EDGE('',*,*,#1903,.T.);
#1903 = EDGE_CURVE('',#1897,#1904,#1906,.T.);
#1904 = VERTEX_POINT('',#1905);
#1905 = CARTESIAN_POINT('',(-0.393574748036,-0.393574748036,
    0.21646621142));
#1906 = B_SPLINE_CURVE_WITH_KNOTS('',1,(#1907,#1908),.UNSPECIFIED.,.F.,
  .F.,(2,2),(-0.787149496072,-0.),.PIECEWISE_BEZIER_KNOTS.);
#1907 = CARTESIAN_POINT('',(-0.393574748036,0.393574748036,0.21646621142
    ));
#1908 = CARTESIAN_POINT('',(-0.393574748036,-0.393574748036,
    0.21646621142));
#1909 = ORIENTED_EDGE('',*,*,#1910,.T.);
#1910 = EDGE_CURVE('',#1904,#1911,#1913,.T.);
#1911 = VERTEX_POINT('',#1912);
#1912 = CARTESIAN_POINT('',(-3.246991671296,-0.393574748036,
    0.21646621142));
#1913 = B_SPLINE_CURVE_WITH_KNOTS('',1,(#1914,#1915),.UNSPECIFIED.,.F.,
  .F.,(2,2),(-5.706833846521,-2.85341692326),.PIECEWISE_BEZIER_KNOTS.);
#1914 = CARTESIAN_POINT('',(-0.393574748036,-0.393574748036,
    0.21646621142));
#1915 = CARTESIAN_POINT('',(-3.246991671296,-0.393574748036,
    0.21646621142));
#1916 = ORIENTED_EDGE('',*,*,#1917,.T.);
#1917 = EDGE_CURVE('',#1911,#1918,#1920,.T.);
#1918 = VERTEX_POINT('',#1919);
#1919 = CARTESIAN_POINT('',(-3.246991671296,-0.319779482779,
    0.21646621142));
#1920 = B_SPLINE_CURVE_WITH_KNOTS('',1,(#1921,#1922),.UNSPECIFIED.,.F.,
  .F.,(2,2),(-3.640566419332,-3.566771154076),.PIECEWISE_BEZIER_KNOTS.);
#1921 = CARTESIAN_POINT('',(-3.246991671296,-0.393574748036,
    0.21646621142));
#1922 = CARTESIAN_POINT('',(-3.246991671296,-0.319779482779,
    0.21646621142));
#1923 = ORIENTED_EDGE('',*,*,#1924,.F.);
#1924 = EDGE_CURVE('',#1876,#1918,#1925,.T.);
#1925 = B_SPLINE_CURVE_WITH_KNOTS('',1,(#1926,#1927),.UNSPECIFIED.,.F.,
  .F.,(2,2),(-2.558235862234,-0.344377904531),.PIECEWISE_BEZIER_KNOTS.);
#1926 = CARTESIAN_POINT('',(-1.033133713594,-0.319779482779,
    0.21646621142));
#1927 = CARTESIAN_POINT('',(-3.246991671296,-0.319779482779,
    0.21646621142));
#1928 = B_SPLINE_SURFACE_WITH_KNOTS('',1,1,(
    (#1929,#1930)
    ,(#1931,#1932
    )),.UNSPECIFIED.,.F.,.F.,.F.,(2,2),(2,2),(0.393574748036,
    3.246991671296),(-0.393574748036,0.393574748036),
  .PIECEWISE_BEZIER_KNOTS.);
#1929 = CARTESIAN_POINT('',(-0.393574748036,-0.393574748036,
    0.21646621142));
#1930 = CARTESIAN_POINT('',(-0.393574748036,0.393574748036,0.21646621142
    ));
#1931 = CARTESIAN_POINT('',(-3.246991671296,-0.393574748036,
    0.21646621142));
#1932 = CARTESIAN_POINT('',(-3.246991671296,0.393574748036,0.21646621142
    ));
#1933 = ADVANCED_FACE('',(#1934),#1954,.T.);
#1934 = FACE_BOUND('',#1935,.T.);
#1935 = EDGE_LOOP('',(#1936,#1937,#1945,#1946));
#1936 = ORIENTED_EDGE('',*,*,#340,.F.);
#1937 = ORIENTED_EDGE('',*,*,#1938,.T.);
#1938 = EDGE_CURVE('',#187,#195,#1939,.T.);
#1939 = ( BOUNDED_CURVE() B_SPLINE_CURVE(2,(#1940,#1941,#1942,#1943,
#1944),.UNSPECIFIED.,.F.,.F.) B_SPLINE_CURVE_WITH_KNOTS((3,2,3),(
    3.14159265359,4.712388980385,6.28318530718),
.PIECEWISE_BEZIER_KNOTS.) CURVE() GEOMETRIC_REPRESENTATION_ITEM() 
RATIONAL_B_SPLINE_CURVE((1.,0.707106781187,1.,0.707106781187,1.)) 
REPRESENTATION_ITEM('') );
#1940 = CARTESIAN_POINT('',(3.099401140783,3.795671686333E-16,
    0.984871858333));
#1941 = CARTESIAN_POINT('',(3.099401140783,-3.099401140783,
    0.984871858333));
#1942 = CARTESIAN_POINT('',(1.0134399628E-15,-3.099401140783,
    0.984871858333));
#1943 = CARTESIAN_POINT('',(-3.099401140783,-3.099401140783,
    0.984871858333));
#1944 = CARTESIAN_POINT('',(-3.099401140783,-7.591343372667E-16,
    0.984871858333));
#1945 = ORIENTED_EDGE('',*,*,#357,.T.);
#1946 = ORIENTED_EDGE('',*,*,#1947,.T.);
#1947 = EDGE_CURVE('',#348,#341,#1948,.T.);
#1948 = ( BOUNDED_CURVE() B_SPLINE_CURVE(2,(#1949,#1950,#1951,#1952,
#1953),.UNSPECIFIED.,.F.,.F.) B_SPLINE_CURVE_WITH_KNOTS((3,2,3),(
    3.14159265359,4.712388980385,6.28318530718),
.PIECEWISE_BEZIER_KNOTS.) CURVE() GEOMETRIC_REPRESENTATION_ITEM() 
RATIONAL_B_SPLINE_CURVE((1.,0.707106781187,1.,0.707106781187,1.)) 
REPRESENTATION_ITEM('') );
#1949 = CARTESIAN_POINT('',(-3.099401140783,3.795671686333E-16,
    0.511647272447));
#1950 = CARTESIAN_POINT('',(-3.099401140783,-3.099401140783,
    0.511647272447));
#1951 = CARTESIAN_POINT('',(-1.252615431E-16,-3.099401140783,
    0.511647272447));
#1952 = CARTESIAN_POINT('',(3.099401140783,-3.099401140783,
    0.511647272447));
#1953 = CARTESIAN_POINT('',(3.099401140783,-7.591343372667E-16,
    0.511647272447));
#1954 = ( BOUNDED_SURFACE() B_SPLINE_SURFACE(2,1,(
    (#1955,#1956)
    ,(#1957,#1958)
    ,(#1959,#1960)
    ,(#1961,#1962)
    ,(#1963,#1964
)),.UNSPECIFIED.,.F.,.F.,.F.) B_SPLINE_SURFACE_WITH_KNOTS((3,2,3),(2,2),
  (3.14159265359,4.712388980385,6.28318530718),(19.21490492917,
    19.688129515057),.PIECEWISE_BEZIER_KNOTS.) 
GEOMETRIC_REPRESENTATION_ITEM() RATIONAL_B_SPLINE_SURFACE((
    (1.,1.)
    ,(0.707106781187,0.707106781187)
    ,(1.,1.)
    ,(0.707106781187,0.707106781187)
,(1.,1.))) REPRESENTATION_ITEM('') SURFACE() );
#1955 = CARTESIAN_POINT('',(3.099401140783,3.795671686333E-16,
    0.984871858333));
#1956 = CARTESIAN_POINT('',(3.099401140783,3.795671686333E-16,
    0.511647272447));
#1957 = CARTESIAN_POINT('',(3.099401140783,-3.099401140783,
    0.984871858333));
#1958 = CARTESIAN_POINT('',(3.099401140783,-3.099401140783,
    0.511647272447));
#1959 = CARTESIAN_POINT('',(1.0134399628E-15,-3.099401140783,
    0.984871858333));
#1960 = CARTESIAN_POINT('',(1.0134399628E-15,-3.099401140783,
    0.511647272447));
#1961 = CARTESIAN_POINT('',(-3.099401140783,-3.099401140783,
    0.984871858333));
#1962 = CARTESIAN_POINT('',(-3.099401140783,-3.099401140783,
    0.511647272447));
#1963 = CARTESIAN_POINT('',(-3.099401140783,-7.591343372667E-16,
    0.984871858333));
#1964 = CARTESIAN_POINT('',(-3.099401140783,-7.591343372667E-16,
    0.511647272447));
#1965 = ADVANCED_FACE('',(#1966),#1998,.F.);
#1966 = FACE_BOUND('',#1967,.F.);
#1967 = EDGE_LOOP('',(#1968,#1977,#1985,#1992));
#1968 = ORIENTED_EDGE('',*,*,#1969,.T.);
#1969 = EDGE_CURVE('',#1970,#1972,#1974,.T.);
#1970 = VERTEX_POINT('',#1971);
#1971 = CARTESIAN_POINT('',(3.111481583301,0.737952652567,0.806828333474
    ));
#1972 = VERTEX_POINT('',#1973);
#1973 = CARTESIAN_POINT('',(3.111481583301,0.737952652567,0.511647272447
    ));
#1974 = B_SPLINE_CURVE_WITH_KNOTS('',1,(#1975,#1976),.UNSPECIFIED.,.F.,
  .F.,(2,2),(-0.295181061027,0.),.PIECEWISE_BEZIER_KNOTS.);
#1975 = CARTESIAN_POINT('',(3.111481583301,0.737952652567,0.806828333474
    ));
#1976 = CARTESIAN_POINT('',(3.111481583301,0.737952652567,0.511647272447
    ));
#1977 = ORIENTED_EDGE('',*,*,#1978,.T.);
#1978 = EDGE_CURVE('',#1972,#1979,#1981,.T.);
#1979 = VERTEX_POINT('',#1980);
#1980 = CARTESIAN_POINT('',(0.737952652567,3.111481583301,0.511647272447
    ));
#1981 = ( BOUNDED_CURVE() B_SPLINE_CURVE(2,(#1982,#1983,#1984),
.UNSPECIFIED.,.F.,.F.) B_SPLINE_CURVE_WITH_KNOTS((3,3),(0.232868178258,
1.337928148537),.PIECEWISE_BEZIER_KNOTS.) CURVE() 
GEOMETRIC_REPRESENTATION_ITEM() RATIONAL_B_SPLINE_CURVE((1.,
0.85119940412,1.)) REPRESENTATION_ITEM('') );
#1982 = CARTESIAN_POINT('',(3.111481583301,0.737952652567,0.511647272447
    ));
#1983 = CARTESIAN_POINT('',(2.656466154265,2.656466154265,0.511647272447
    ));
#1984 = CARTESIAN_POINT('',(0.737952652567,3.111481583301,0.511647272447
    ));
#1985 = ORIENTED_EDGE('',*,*,#1986,.T.);
#1986 = EDGE_CURVE('',#1979,#1987,#1989,.T.);
#1987 = VERTEX_POINT('',#1988);
#1988 = CARTESIAN_POINT('',(0.737952652567,3.111481583301,0.806828333474
    ));
#1989 = B_SPLINE_CURVE_WITH_KNOTS('',1,(#1990,#1991),.UNSPECIFIED.,.F.,
  .F.,(2,2),(0.,0.295181061027),.PIECEWISE_BEZIER_KNOTS.);
#1990 = CARTESIAN_POINT('',(0.737952652567,3.111481583301,0.511647272447
    ));
#1991 = CARTESIAN_POINT('',(0.737952652567,3.111481583301,0.806828333474
    ));
#1992 = ORIENTED_EDGE('',*,*,#1993,.T.);
#1993 = EDGE_CURVE('',#1987,#1970,#1994,.T.);
#1994 = ( BOUNDED_CURVE() B_SPLINE_CURVE(2,(#1995,#1996,#1997),
.UNSPECIFIED.,.F.,.F.) B_SPLINE_CURVE_WITH_KNOTS((3,3),(4.945257158643,
6.050317128922),.PIECEWISE_BEZIER_KNOTS.) CURVE() 
GEOMETRIC_REPRESENTATION_ITEM() RATIONAL_B_SPLINE_CURVE((1.,
0.85119940412,1.)) REPRESENTATION_ITEM('') );
#1995 = CARTESIAN_POINT('',(0.737952652567,3.111481583301,0.806828333474
    ));
#1996 = CARTESIAN_POINT('',(2.656466154265,2.656466154265,0.806828333474
    ));
#1997 = CARTESIAN_POINT('',(3.111481583301,0.737952652567,0.806828333474
    ));
#1998 = ( BOUNDED_SURFACE() B_SPLINE_SURFACE(2,1,(
    (#1999,#2000)
    ,(#2001,#2002)
    ,(#2003,#2004
)),.UNSPECIFIED.,.F.,.F.,.F.) B_SPLINE_SURFACE_WITH_KNOTS((3,3),(2,2),(
    0.232868178258,1.337928148537),(0.,0.295181061027),
.PIECEWISE_BEZIER_KNOTS.) GEOMETRIC_REPRESENTATION_ITEM() 
RATIONAL_B_SPLINE_SURFACE((
    (1.,1.)
    ,(0.85119940412,0.85119940412)
,(1.,1.))) REPRESENTATION_ITEM('') SURFACE() );
#1999 = CARTESIAN_POINT('',(3.111481583301,0.737952652567,0.511647272447
    ));
#2000 = CARTESIAN_POINT('',(3.111481583301,0.737952652567,0.806828333474
    ));
#2001 = CARTESIAN_POINT('',(2.656466154265,2.656466154265,0.511647272447
    ));
#2002 = CARTESIAN_POINT('',(2.656466154265,2.656466154265,0.806828333474
    ));
#2003 = CARTESIAN_POINT('',(0.737952652567,3.111481583301,0.511647272447
    ));
#2004 = CARTESIAN_POINT('',(0.737952652567,3.111481583301,0.806828333474
    ));
#2005 = ADVANCED_FACE('',(#2006),#2038,.F.);
#2006 = FACE_BOUND('',#2007,.F.);
#2007 = EDGE_LOOP('',(#2008,#2017,#2025,#2032));
#2008 = ORIENTED_EDGE('',*,*,#2009,.T.);
#2009 = EDGE_CURVE('',#2010,#2012,#2014,.T.);
#2010 = VERTEX_POINT('',#2011);
#2011 = CARTESIAN_POINT('',(0.737952652567,-3.111481583301,
    0.806828333474));
#2012 = VERTEX_POINT('',#2013);
#2013 = CARTESIAN_POINT('',(0.737952652567,-3.111481583301,
    0.511647272447));
#2014 = B_SPLINE_CURVE_WITH_KNOTS('',1,(#2015,#2016),.UNSPECIFIED.,.F.,
  .F.,(2,2),(-0.295181061027,0.),.PIECEWISE_BEZIER_KNOTS.);
#2015 = CARTESIAN_POINT('',(0.737952652567,-3.111481583301,
    0.806828333474));
#2016 = CARTESIAN_POINT('',(0.737952652567,-3.111481583301,
    0.511647272447));
#2017 = ORIENTED_EDGE('',*,*,#2018,.T.);
#2018 = EDGE_CURVE('',#2012,#2019,#2021,.T.);
#2019 = VERTEX_POINT('',#2020);
#2020 = CARTESIAN_POINT('',(3.111481583301,-0.737952652567,
    0.511647272447));
#2021 = ( BOUNDED_CURVE() B_SPLINE_CURVE(2,(#2022,#2023,#2024),
.UNSPECIFIED.,.F.,.F.) B_SPLINE_CURVE_WITH_KNOTS((3,3),(4.945257158643,
6.050317128922),.PIECEWISE_BEZIER_KNOTS.) CURVE() 
GEOMETRIC_REPRESENTATION_ITEM() RATIONAL_B_SPLINE_CURVE((1.,
0.85119940412,1.)) REPRESENTATION_ITEM('') );
#2022 = CARTESIAN_POINT('',(0.737952652567,-3.111481583301,
    0.511647272447));
#2023 = CARTESIAN_POINT('',(2.656466154265,-2.656466154265,
    0.511647272447));
#2024 = CARTESIAN_POINT('',(3.111481583301,-0.737952652567,
    0.511647272447));
#2025 = ORIENTED_EDGE('',*,*,#2026,.T.);
#2026 = EDGE_CURVE('',#2019,#2027,#2029,.T.);
#2027 = VERTEX_POINT('',#2028);
#2028 = CARTESIAN_POINT('',(3.111481583301,-0.737952652567,
    0.806828333474));
#2029 = B_SPLINE_CURVE_WITH_KNOTS('',1,(#2030,#2031),.UNSPECIFIED.,.F.,
  .F.,(2,2),(0.,0.295181061027),.PIECEWISE_BEZIER_KNOTS.);
#2030 = CARTESIAN_POINT('',(3.111481583301,-0.737952652567,
    0.511647272447));
#2031 = CARTESIAN_POINT('',(3.111481583301,-0.737952652567,
    0.806828333474));
#2032 = ORIENTED_EDGE('',*,*,#2033,.T.);
#2033 = EDGE_CURVE('',#2027,#2010,#2034,.T.);
#2034 = ( BOUNDED_CURVE() B_SPLINE_CURVE(2,(#2035,#2036,#2037),
.UNSPECIFIED.,.F.,.F.) B_SPLINE_CURVE_WITH_KNOTS((3,3),(0.232868178258,
1.337928148537),.PIECEWISE_BEZIER_KNOTS.) CURVE() 
GEOMETRIC_REPRESENTATION_ITEM() RATIONAL_B_SPLINE_CURVE((1.,
0.85119940412,1.)) REPRESENTATION_ITEM('') );
#2035 = CARTESIAN_POINT('',(3.111481583301,-0.737952652567,
    0.806828333474));
#2036 = CARTESIAN_POINT('',(2.656466154265,-2.656466154265,
    0.806828333474));
#2037 = CARTESIAN_POINT('',(0.737952652567,-3.111481583301,
    0.806828333474));
#2038 = ( BOUNDED_SURFACE() B_SPLINE_SURFACE(2,1,(
    (#2039,#2040)
    ,(#2041,#2042)
    ,(#2043,#2044
)),.UNSPECIFIED.,.F.,.F.,.F.) B_SPLINE_SURFACE_WITH_KNOTS((3,3),(2,2),(
    4.945257158643,6.050317128922),(0.,0.295181061027),
.PIECEWISE_BEZIER_KNOTS.) GEOMETRIC_REPRESENTATION_ITEM() 
RATIONAL_B_SPLINE_SURFACE((
    (1.,1.)
    ,(0.85119940412,0.85119940412)
,(1.,1.))) REPRESENTATION_ITEM('') SURFACE() );
#2039 = CARTESIAN_POINT('',(0.737952652567,-3.111481583301,
    0.511647272447));
#2040 = CARTESIAN_POINT('',(0.737952652567,-3.111481583301,
    0.806828333474));
#2041 = CARTESIAN_POINT('',(2.656466154265,-2.656466154265,
    0.511647272447));
#2042 = CARTESIAN_POINT('',(2.656466154265,-2.656466154265,
    0.806828333474));
#2043 = CARTESIAN_POINT('',(3.111481583301,-0.737952652567,
    0.511647272447));
#2044 = CARTESIAN_POINT('',(3.111481583301,-0.737952652567,
    0.806828333474));
#2045 = ADVANCED_FACE('',(#2046),#2104,.F.);
#2046 = FACE_BOUND('',#2047,.T.);
#2047 = EDGE_LOOP('',(#2048,#2057,#2064,#2071,#2078,#2085,#2092,#2099));
#2048 = ORIENTED_EDGE('',*,*,#2049,.T.);
#2049 = EDGE_CURVE('',#2050,#2052,#2054,.T.);
#2050 = VERTEX_POINT('',#2051);
#2051 = CARTESIAN_POINT('',(-3.246991671296,-3.246991671296,
    1.96788374018E-02));
#2052 = VERTEX_POINT('',#2053);
#2053 = CARTESIAN_POINT('',(2.066267427189,-3.246991671296,
    1.96788374018E-02));
#2054 = B_SPLINE_CURVE_WITH_KNOTS('',1,(#2055,#2056),.UNSPECIFIED.,.F.,
  .F.,(2,2),(0.,5.313259098485),.PIECEWISE_BEZIER_KNOTS.);
#2055 = CARTESIAN_POINT('',(-3.246991671296,-3.246991671296,
    1.96788374018E-02));
#2056 = CARTESIAN_POINT('',(2.066267427189,-3.246991671296,
    1.96788374018E-02));
#2057 = ORIENTED_EDGE('',*,*,#2058,.T.);
#2058 = EDGE_CURVE('',#2052,#2059,#2061,.T.);
#2059 = VERTEX_POINT('',#2060);
#2060 = CARTESIAN_POINT('',(2.066267427189,-3.246991671296,
    0.806828333474));
#2061 = B_SPLINE_CURVE_WITH_KNOTS('',1,(#2062,#2063),.UNSPECIFIED.,.F.,
  .F.,(2,2),(-0.98393687009,-0.196787374018),.PIECEWISE_BEZIER_KNOTS.);
#2062 = CARTESIAN_POINT('',(2.066267427189,-3.246991671296,
    1.96788374018E-02));
#2063 = CARTESIAN_POINT('',(2.066267427189,-3.246991671296,
    0.806828333474));
#2064 = ORIENTED_EDGE('',*,*,#2065,.F.);
#2065 = EDGE_CURVE('',#2066,#2059,#2068,.T.);
#2066 = VERTEX_POINT('',#2067);
#2067 = CARTESIAN_POINT('',(0.737952652567,-3.246991671296,
    0.806828333474));
#2068 = B_SPLINE_CURVE_WITH_KNOTS('',1,(#2069,#2070),.UNSPECIFIED.,.F.,
  .F.,(2,2),(0.,1.328314774621),.PIECEWISE_BEZIER_KNOTS.);
#2069 = CARTESIAN_POINT('',(0.737952652567,-3.246991671296,
    0.806828333474));
#2070 = CARTESIAN_POINT('',(2.066267427189,-3.246991671296,
    0.806828333474));
#2071 = ORIENTED_EDGE('',*,*,#2072,.F.);
#2072 = EDGE_CURVE('',#2073,#2066,#2075,.T.);
#2073 = VERTEX_POINT('',#2074);
#2074 = CARTESIAN_POINT('',(0.737952652567,-3.246991671296,
    0.511647272447));
#2075 = B_SPLINE_CURVE_WITH_KNOTS('',1,(#2076,#2077),.UNSPECIFIED.,.F.,
  .F.,(2,2),(-0.491968435045,-0.196787374018),.PIECEWISE_BEZIER_KNOTS.);
#2076 = CARTESIAN_POINT('',(0.737952652567,-3.246991671296,
    0.511647272447));
#2077 = CARTESIAN_POINT('',(0.737952652567,-3.246991671296,
    0.806828333474));
#2078 = ORIENTED_EDGE('',*,*,#2079,.F.);
#2079 = EDGE_CURVE('',#2080,#2073,#2082,.T.);
#2080 = VERTEX_POINT('',#2081);
#2081 = CARTESIAN_POINT('',(-0.737952652567,-3.246991671296,
    0.511647272447));
#2082 = B_SPLINE_CURVE_WITH_KNOTS('',1,(#2083,#2084),.UNSPECIFIED.,.F.,
  .F.,(2,2),(2.509039018729,3.984944323864),.PIECEWISE_BEZIER_KNOTS.);
#2083 = CARTESIAN_POINT('',(-0.737952652567,-3.246991671296,
    0.511647272447));
#2084 = CARTESIAN_POINT('',(0.737952652567,-3.246991671296,
    0.511647272447));
#2085 = ORIENTED_EDGE('',*,*,#2086,.F.);
#2086 = EDGE_CURVE('',#2087,#2080,#2089,.T.);
#2087 = VERTEX_POINT('',#2088);
#2088 = CARTESIAN_POINT('',(-0.737952652567,-3.246991671296,
    1.003615707492));
#2089 = B_SPLINE_CURVE_WITH_KNOTS('',1,(#2090,#2091),.UNSPECIFIED.,.F.,
  .F.,(2,2),(0.,0.491968435045),.PIECEWISE_BEZIER_KNOTS.);
#2090 = CARTESIAN_POINT('',(-0.737952652567,-3.246991671296,
    1.003615707492));
#2091 = CARTESIAN_POINT('',(-0.737952652567,-3.246991671296,
    0.511647272447));
#2092 = ORIENTED_EDGE('',*,*,#2093,.F.);
#2093 = EDGE_CURVE('',#2094,#2087,#2096,.T.);
#2094 = VERTEX_POINT('',#2095);
#2095 = CARTESIAN_POINT('',(-3.246991671296,-3.246991671296,
    1.003615707492));
#2096 = B_SPLINE_CURVE_WITH_KNOTS('',1,(#2097,#2098),.UNSPECIFIED.,.F.,
  .F.,(2,2),(0.,2.509039018729),.PIECEWISE_BEZIER_KNOTS.);
#2097 = CARTESIAN_POINT('',(-3.246991671296,-3.246991671296,
    1.003615707492));
#2098 = CARTESIAN_POINT('',(-0.737952652567,-3.246991671296,
    1.003615707492));
#2099 = ORIENTED_EDGE('',*,*,#2100,.T.);
#2100 = EDGE_CURVE('',#2094,#2050,#2101,.T.);
#2101 = B_SPLINE_CURVE_WITH_KNOTS('',1,(#2102,#2103),.UNSPECIFIED.,.F.,
  .F.,(2,2),(-0.,0.98393687009),.PIECEWISE_BEZIER_KNOTS.);
#2102 = CARTESIAN_POINT('',(-3.246991671296,-3.246991671296,
    1.003615707492));
#2103 = CARTESIAN_POINT('',(-3.246991671296,-3.246991671296,
    1.96788374018E-02));
#2104 = B_SPLINE_SURFACE_WITH_KNOTS('',1,1,(
    (#2105,#2106)
    ,(#2107,#2108
    )),.UNSPECIFIED.,.F.,.F.,.F.,(2,2),(2,2),(-0.98393687009,0.),(0.,
    5.313259098485),.PIECEWISE_BEZIER_KNOTS.);
#2105 = CARTESIAN_POINT('',(-3.246991671296,-3.246991671296,
    1.96788374018E-02));
#2106 = CARTESIAN_POINT('',(2.066267427189,-3.246991671296,
    1.96788374018E-02));
#2107 = CARTESIAN_POINT('',(-3.246991671296,-3.246991671296,
    1.003615707492));
#2108 = CARTESIAN_POINT('',(2.066267427189,-3.246991671296,
    1.003615707492));
#2109 = ADVANCED_FACE('',(#2110),#2194,.F.);
#2110 = FACE_BOUND('',#2111,.T.);
#2111 = EDGE_LOOP('',(#2112,#2113,#2118,#2119,#2126,#2133,#2140,#2147,
    #2154,#2161,#2168,#2175,#2182,#2189));
#2112 = ORIENTED_EDGE('',*,*,#1832,.T.);
#2113 = ORIENTED_EDGE('',*,*,#2114,.T.);
#2114 = EDGE_CURVE('',#1826,#1812,#2115,.T.);
#2115 = B_SPLINE_CURVE_WITH_KNOTS('',1,(#2116,#2117),.UNSPECIFIED.,.F.,
  .F.,(2,2),(-3.566771154076,-2.927212188517),.PIECEWISE_BEZIER_KNOTS.);
#2116 = CARTESIAN_POINT('',(3.246991671296,-0.319779482779,0.21646621142
    ));
#2117 = CARTESIAN_POINT('',(3.246991671296,0.319779482779,0.21646621142)
  );
#2118 = ORIENTED_EDGE('',*,*,#1860,.T.);
#2119 = ORIENTED_EDGE('',*,*,#2120,.T.);
#2120 = EDGE_CURVE('',#1854,#2121,#2123,.T.);
#2121 = VERTEX_POINT('',#2122);
#2122 = CARTESIAN_POINT('',(3.246991671296,0.393574748036,
    1.96788374018E-02));
#2123 = B_SPLINE_CURVE_WITH_KNOTS('',1,(#2124,#2125),.UNSPECIFIED.,.F.,
  .F.,(2,2),(0.787149496072,0.98393687009),.PIECEWISE_BEZIER_KNOTS.);
#2124 = CARTESIAN_POINT('',(3.246991671296,0.393574748036,0.21646621142)
  );
#2125 = CARTESIAN_POINT('',(3.246991671296,0.393574748036,
    1.96788374018E-02));
#2126 = ORIENTED_EDGE('',*,*,#2127,.T.);
#2127 = EDGE_CURVE('',#2121,#2128,#2130,.T.);
#2128 = VERTEX_POINT('',#2129);
#2129 = CARTESIAN_POINT('',(3.246991671296,2.066267427189,
    1.96788374018E-02));
#2130 = B_SPLINE_CURVE_WITH_KNOTS('',1,(#2131,#2132),.UNSPECIFIED.,.F.,
  .F.,(2,2),(-2.85341692326,-1.180724244108),.PIECEWISE_BEZIER_KNOTS.);
#2131 = CARTESIAN_POINT('',(3.246991671296,0.393574748036,
    1.96788374018E-02));
#2132 = CARTESIAN_POINT('',(3.246991671296,2.066267427189,
    1.96788374018E-02));
#2133 = ORIENTED_EDGE('',*,*,#2134,.T.);
#2134 = EDGE_CURVE('',#2128,#2135,#2137,.T.);
#2135 = VERTEX_POINT('',#2136);
#2136 = CARTESIAN_POINT('',(3.246991671296,2.066267427189,0.806828333474
    ));
#2137 = B_SPLINE_CURVE_WITH_KNOTS('',1,(#2138,#2139),.UNSPECIFIED.,.F.,
  .F.,(2,2),(-0.98393687009,-0.196787374018),.PIECEWISE_BEZIER_KNOTS.);
#2138 = CARTESIAN_POINT('',(3.246991671296,2.066267427189,
    1.96788374018E-02));
#2139 = CARTESIAN_POINT('',(3.246991671296,2.066267427189,0.806828333474
    ));
#2140 = ORIENTED_EDGE('',*,*,#2141,.F.);
#2141 = EDGE_CURVE('',#2142,#2135,#2144,.T.);
#2142 = VERTEX_POINT('',#2143);
#2143 = CARTESIAN_POINT('',(3.246991671296,0.737952652567,0.806828333474
    ));
#2144 = B_SPLINE_CURVE_WITH_KNOTS('',1,(#2145,#2146),.UNSPECIFIED.,.F.,
  .F.,(2,2),(0.,1.328314774621),.PIECEWISE_BEZIER_KNOTS.);
#2145 = CARTESIAN_POINT('',(3.246991671296,0.737952652567,0.806828333474
    ));
#2146 = CARTESIAN_POINT('',(3.246991671296,2.066267427189,0.806828333474
    ));
#2147 = ORIENTED_EDGE('',*,*,#2148,.T.);
#2148 = EDGE_CURVE('',#2142,#2149,#2151,.T.);
#2149 = VERTEX_POINT('',#2150);
#2150 = CARTESIAN_POINT('',(3.246991671296,0.737952652567,0.511647272447
    ));
#2151 = B_SPLINE_CURVE_WITH_KNOTS('',1,(#2152,#2153),.UNSPECIFIED.,.F.,
  .F.,(2,2),(1.672692679153,1.96787374018),.PIECEWISE_BEZIER_KNOTS.);
#2152 = CARTESIAN_POINT('',(3.246991671296,0.737952652567,0.806828333474
    ));
#2153 = CARTESIAN_POINT('',(3.246991671296,0.737952652567,0.511647272447
    ));
#2154 = ORIENTED_EDGE('',*,*,#2155,.F.);
#2155 = EDGE_CURVE('',#2156,#2149,#2158,.T.);
#2156 = VERTEX_POINT('',#2157);
#2157 = CARTESIAN_POINT('',(3.246991671296,-0.737952652567,
    0.511647272447));
#2158 = B_SPLINE_CURVE_WITH_KNOTS('',1,(#2159,#2160),.UNSPECIFIED.,.F.,
  .F.,(2,2),(-1.475905305135,0.),.PIECEWISE_BEZIER_KNOTS.);
#2159 = CARTESIAN_POINT('',(3.246991671296,-0.737952652567,
    0.511647272447));
#2160 = CARTESIAN_POINT('',(3.246991671296,0.737952652567,0.511647272447
    ));
#2161 = ORIENTED_EDGE('',*,*,#2162,.F.);
#2162 = EDGE_CURVE('',#2163,#2156,#2165,.T.);
#2163 = VERTEX_POINT('',#2164);
#2164 = CARTESIAN_POINT('',(3.246991671296,-0.737952652567,
    0.806828333474));
#2165 = B_SPLINE_CURVE_WITH_KNOTS('',1,(#2166,#2167),.UNSPECIFIED.,.F.,
  .F.,(2,2),(1.672692679153,1.96787374018),.PIECEWISE_BEZIER_KNOTS.);
#2166 = CARTESIAN_POINT('',(3.246991671296,-0.737952652567,
    0.806828333474));
#2167 = CARTESIAN_POINT('',(3.246991671296,-0.737952652567,
    0.511647272447));
#2168 = ORIENTED_EDGE('',*,*,#2169,.F.);
#2169 = EDGE_CURVE('',#2170,#2163,#2172,.T.);
#2170 = VERTEX_POINT('',#2171);
#2171 = CARTESIAN_POINT('',(3.246991671296,-2.066267427189,
    0.806828333474));
#2172 = B_SPLINE_CURVE_WITH_KNOTS('',1,(#2173,#2174),.UNSPECIFIED.,.F.,
  .F.,(2,2),(1.180724244108,2.509039018729),.PIECEWISE_BEZIER_KNOTS.);
#2173 = CARTESIAN_POINT('',(3.246991671296,-2.066267427189,
    0.806828333474));
#2174 = CARTESIAN_POINT('',(3.246991671296,-0.737952652567,
    0.806828333474));
#2175 = ORIENTED_EDGE('',*,*,#2176,.T.);
#2176 = EDGE_CURVE('',#2170,#2177,#2179,.T.);
#2177 = VERTEX_POINT('',#2178);
#2178 = CARTESIAN_POINT('',(3.246991671296,-2.066267427189,
    1.96788374018E-02));
#2179 = B_SPLINE_CURVE_WITH_KNOTS('',1,(#2180,#2181),.UNSPECIFIED.,.F.,
  .F.,(2,2),(0.196787374018,0.98393687009),.PIECEWISE_BEZIER_KNOTS.);
#2180 = CARTESIAN_POINT('',(3.246991671296,-2.066267427189,
    0.806828333474));
#2181 = CARTESIAN_POINT('',(3.246991671296,-2.066267427189,
    1.96788374018E-02));
#2182 = ORIENTED_EDGE('',*,*,#2183,.T.);
#2183 = EDGE_CURVE('',#2177,#2184,#2186,.T.);
#2184 = VERTEX_POINT('',#2185);
#2185 = CARTESIAN_POINT('',(3.246991671296,-0.393574748036,
    1.96788374018E-02));
#2186 = B_SPLINE_CURVE_WITH_KNOTS('',1,(#2187,#2188),.UNSPECIFIED.,.F.,
  .F.,(2,2),(-5.313259098485,-3.640566419332),.PIECEWISE_BEZIER_KNOTS.);
#2187 = CARTESIAN_POINT('',(3.246991671296,-2.066267427189,
    1.96788374018E-02));
#2188 = CARTESIAN_POINT('',(3.246991671296,-0.393574748036,
    1.96788374018E-02));
#2189 = ORIENTED_EDGE('',*,*,#2190,.T.);
#2190 = EDGE_CURVE('',#2184,#1833,#2191,.T.);
#2191 = B_SPLINE_CURVE_WITH_KNOTS('',1,(#2192,#2193),.UNSPECIFIED.,.F.,
  .F.,(2,2),(-0.98393687009,-0.787149496072),.PIECEWISE_BEZIER_KNOTS.);
#2192 = CARTESIAN_POINT('',(3.246991671296,-0.393574748036,
    1.96788374018E-02));
#2193 = CARTESIAN_POINT('',(3.246991671296,-0.393574748036,0.21646621142
    ));
#2194 = B_SPLINE_SURFACE_WITH_KNOTS('',1,1,(
    (#2195,#2196)
    ,(#2197,#2198
    )),.UNSPECIFIED.,.F.,.F.,.F.,(2,2),(2,2),(1.180724244108,
    5.313259098485),(-0.98393687009,-0.196787374018),
  .PIECEWISE_BEZIER_KNOTS.);
#2195 = CARTESIAN_POINT('',(3.246991671296,2.066267427189,
    1.96788374018E-02));
#2196 = CARTESIAN_POINT('',(3.246991671296,2.066267427189,0.806828333474
    ));
#2197 = CARTESIAN_POINT('',(3.246991671296,-2.066267427189,
    1.96788374018E-02));
#2198 = CARTESIAN_POINT('',(3.246991671296,-2.066267427189,
    0.806828333474));
#2199 = ADVANCED_FACE('',(#2200),#2214,.T.);
#2200 = FACE_BOUND('',#2201,.T.);
#2201 = EDGE_LOOP('',(#2202,#2203,#2208,#2209));
#2202 = ORIENTED_EDGE('',*,*,#2026,.T.);
#2203 = ORIENTED_EDGE('',*,*,#2204,.F.);
#2204 = EDGE_CURVE('',#2163,#2027,#2205,.T.);
#2205 = B_SPLINE_CURVE_WITH_KNOTS('',1,(#2206,#2207),.UNSPECIFIED.,.F.,
  .F.,(2,2),(0.,0.135510087995),.PIECEWISE_BEZIER_KNOTS.);
#2206 = CARTESIAN_POINT('',(3.246991671296,-0.737952652567,
    0.806828333474));
#2207 = CARTESIAN_POINT('',(3.111481583301,-0.737952652567,
    0.806828333474));
#2208 = ORIENTED_EDGE('',*,*,#2162,.T.);
#2209 = ORIENTED_EDGE('',*,*,#2210,.F.);
#2210 = EDGE_CURVE('',#2019,#2156,#2211,.T.);
#2211 = B_SPLINE_CURVE_WITH_KNOTS('',1,(#2212,#2213),.UNSPECIFIED.,.F.,
  .F.,(2,2),(6.358473254597,6.493983342593),.PIECEWISE_BEZIER_KNOTS.);
#2212 = CARTESIAN_POINT('',(3.111481583301,-0.737952652567,
    0.511647272447));
#2213 = CARTESIAN_POINT('',(3.246991671296,-0.737952652567,
    0.511647272447));
#2214 = B_SPLINE_SURFACE_WITH_KNOTS('',1,1,(
    (#2215,#2216)
    ,(#2217,#2218
    )),.UNSPECIFIED.,.F.,.F.,.F.,(2,2),(2,2),(-1.96787374018,
    -1.672692679153),(6.358473254597,6.493983342593),
  .PIECEWISE_BEZIER_KNOTS.);
#2215 = CARTESIAN_POINT('',(3.111481583301,-0.737952652567,
    0.511647272447));
#2216 = CARTESIAN_POINT('',(3.246991671296,-0.737952652567,
    0.511647272447));
#2217 = CARTESIAN_POINT('',(3.111481583301,-0.737952652567,
    0.806828333474));
#2218 = CARTESIAN_POINT('',(3.246991671296,-0.737952652567,
    0.806828333474));
#2219 = ADVANCED_FACE('',(#2220),#2234,.T.);
#2220 = FACE_BOUND('',#2221,.T.);
#2221 = EDGE_LOOP('',(#2222,#2223,#2228,#2229));
#2222 = ORIENTED_EDGE('',*,*,#2148,.F.);
#2223 = ORIENTED_EDGE('',*,*,#2224,.F.);
#2224 = EDGE_CURVE('',#1970,#2142,#2225,.T.);
#2225 = B_SPLINE_CURVE_WITH_KNOTS('',1,(#2226,#2227),.UNSPECIFIED.,.F.,
  .F.,(2,2),(0.,0.135510087995),.PIECEWISE_BEZIER_KNOTS.);
#2226 = CARTESIAN_POINT('',(3.111481583301,0.737952652567,0.806828333474
    ));
#2227 = CARTESIAN_POINT('',(3.246991671296,0.737952652567,0.806828333474
    ));
#2228 = ORIENTED_EDGE('',*,*,#1969,.T.);
#2229 = ORIENTED_EDGE('',*,*,#2230,.F.);
#2230 = EDGE_CURVE('',#2149,#1972,#2231,.T.);
#2231 = B_SPLINE_CURVE_WITH_KNOTS('',1,(#2232,#2233),.UNSPECIFIED.,.F.,
  .F.,(2,2),(-6.493983342593,-6.358473254597),.PIECEWISE_BEZIER_KNOTS.);
#2232 = CARTESIAN_POINT('',(3.246991671296,0.737952652567,0.511647272447
    ));
#2233 = CARTESIAN_POINT('',(3.111481583301,0.737952652567,0.511647272447
    ));
#2234 = B_SPLINE_SURFACE_WITH_KNOTS('',1,1,(
    (#2235,#2236)
    ,(#2237,#2238
    )),.UNSPECIFIED.,.F.,.F.,.F.,(2,2),(2,2),(1.672692679153,
    1.96787374018),(6.358473254597,6.493983342593),
  .PIECEWISE_BEZIER_KNOTS.);
#2235 = CARTESIAN_POINT('',(3.111481583301,0.737952652567,0.806828333474
    ));
#2236 = CARTESIAN_POINT('',(3.246991671296,0.737952652567,0.806828333474
    ));
#2237 = CARTESIAN_POINT('',(3.111481583301,0.737952652567,0.511647272447
    ));
#2238 = CARTESIAN_POINT('',(3.246991671296,0.737952652567,0.511647272447
    ));
#2239 = ADVANCED_FACE('',(#2240),#2254,.T.);
#2240 = FACE_BOUND('',#2241,.T.);
#2241 = EDGE_LOOP('',(#2242,#2243,#2248,#2249));
#2242 = ORIENTED_EDGE('',*,*,#2072,.T.);
#2243 = ORIENTED_EDGE('',*,*,#2244,.F.);
#2244 = EDGE_CURVE('',#2010,#2066,#2245,.T.);
#2245 = B_SPLINE_CURVE_WITH_KNOTS('',1,(#2246,#2247),.UNSPECIFIED.,.F.,
  .F.,(2,2),(2.941097698197E-29,0.135510087995),
  .PIECEWISE_BEZIER_KNOTS.);
#2246 = CARTESIAN_POINT('',(0.737952652567,-3.111481583301,
    0.806828333474));
#2247 = CARTESIAN_POINT('',(0.737952652567,-3.246991671296,
    0.806828333474));
#2248 = ORIENTED_EDGE('',*,*,#2009,.T.);
#2249 = ORIENTED_EDGE('',*,*,#2250,.F.);
#2250 = EDGE_CURVE('',#2073,#2012,#2251,.T.);
#2251 = B_SPLINE_CURVE_WITH_KNOTS('',1,(#2252,#2253),.UNSPECIFIED.,.F.,
  .F.,(2,2),(-9.888565544403,-9.753055456407),.PIECEWISE_BEZIER_KNOTS.);
#2252 = CARTESIAN_POINT('',(0.737952652567,-3.246991671296,
    0.511647272447));
#2253 = CARTESIAN_POINT('',(0.737952652567,-3.111481583301,
    0.511647272447));
#2254 = B_SPLINE_SURFACE_WITH_KNOTS('',1,1,(
    (#2255,#2256)
    ,(#2257,#2258
    )),.UNSPECIFIED.,.F.,.F.,.F.,(2,2),(2,2),(9.753055456407,
    9.888565544403),(-0.491968435045,-0.196787374018),
  .PIECEWISE_BEZIER_KNOTS.);
#2255 = CARTESIAN_POINT('',(0.737952652567,-3.111481583301,
    0.511647272447));
#2256 = CARTESIAN_POINT('',(0.737952652567,-3.111481583301,
    0.806828333474));
#2257 = CARTESIAN_POINT('',(0.737952652567,-3.246991671296,
    0.511647272447));
#2258 = CARTESIAN_POINT('',(0.737952652567,-3.246991671296,
    0.806828333474));
#2259 = ADVANCED_FACE('',(#2260),#2274,.T.);
#2260 = FACE_BOUND('',#2261,.T.);
#2261 = EDGE_LOOP('',(#2262,#2263,#2268,#2269));
#2262 = ORIENTED_EDGE('',*,*,#1986,.T.);
#2263 = ORIENTED_EDGE('',*,*,#2264,.F.);
#2264 = EDGE_CURVE('',#822,#1987,#2265,.T.);
#2265 = B_SPLINE_CURVE_WITH_KNOTS('',1,(#2266,#2267),.UNSPECIFIED.,.F.,
  .F.,(2,2),(0.,0.135510087995),.PIECEWISE_BEZIER_KNOTS.);
#2266 = CARTESIAN_POINT('',(0.737952652567,3.246991671296,0.806828333474
    ));
#2267 = CARTESIAN_POINT('',(0.737952652567,3.111481583301,0.806828333474
    ));
#2268 = ORIENTED_EDGE('',*,*,#870,.T.);
#2269 = ORIENTED_EDGE('',*,*,#2270,.F.);
#2270 = EDGE_CURVE('',#1979,#864,#2271,.T.);
#2271 = B_SPLINE_CURVE_WITH_KNOTS('',1,(#2272,#2273),.UNSPECIFIED.,.F.,
  .F.,(2,2),(-3.530092289805,-3.39458220181),.PIECEWISE_BEZIER_KNOTS.);
#2272 = CARTESIAN_POINT('',(0.737952652567,3.111481583301,0.511647272447
    ));
#2273 = CARTESIAN_POINT('',(0.737952652567,3.246991671296,0.511647272447
    ));
#2274 = B_SPLINE_SURFACE_WITH_KNOTS('',1,1,(
    (#2275,#2276)
    ,(#2277,#2278
    )),.UNSPECIFIED.,.F.,.F.,.F.,(2,2),(2,2),(3.39458220181,
    3.530092289805),(-0.491968435045,-0.196787374018),
  .PIECEWISE_BEZIER_KNOTS.);
#2275 = CARTESIAN_POINT('',(0.737952652567,3.246991671296,0.511647272447
    ));
#2276 = CARTESIAN_POINT('',(0.737952652567,3.246991671296,0.806828333474
    ));
#2277 = CARTESIAN_POINT('',(0.737952652567,3.111481583301,0.511647272447
    ));
#2278 = CARTESIAN_POINT('',(0.737952652567,3.111481583301,0.806828333474
    ));
#2279 = ADVANCED_FACE('',(#2280),#2310,.T.);
#2280 = FACE_BOUND('',#2281,.T.);
#2281 = EDGE_LOOP('',(#2282,#2292,#2297,#2298,#2305));
#2282 = ORIENTED_EDGE('',*,*,#2283,.F.);
#2283 = EDGE_CURVE('',#2284,#2286,#2288,.T.);
#2284 = VERTEX_POINT('',#2285);
#2285 = CARTESIAN_POINT('',(-0.737952652567,3.111481583301,
    1.003615707492));
#2286 = VERTEX_POINT('',#2287);
#2287 = CARTESIAN_POINT('',(-3.111481583301,0.737952652567,
    1.003615707492));
#2288 = ( BOUNDED_CURVE() B_SPLINE_CURVE(2,(#2289,#2290,#2291),
.UNSPECIFIED.,.F.,.F.) B_SPLINE_CURVE_WITH_KNOTS((3,3),(1.803664505053,
2.908724475332),.PIECEWISE_BEZIER_KNOTS.) CURVE() 
GEOMETRIC_REPRESENTATION_ITEM() RATIONAL_B_SPLINE_CURVE((1.,
0.85119940412,1.)) REPRESENTATION_ITEM('') );
#2289 = CARTESIAN_POINT('',(-0.737952652567,3.111481583301,
    1.003615707492));
#2290 = CARTESIAN_POINT('',(-2.656466154265,2.656466154265,
    1.003615707492));
#2291 = CARTESIAN_POINT('',(-3.111481583301,0.737952652567,
    1.003615707492));
#2292 = ORIENTED_EDGE('',*,*,#2293,.F.);
#2293 = EDGE_CURVE('',#850,#2284,#2294,.T.);
#2294 = B_SPLINE_CURVE_WITH_KNOTS('',1,(#2295,#2296),.UNSPECIFIED.,.F.,
  .F.,(2,2),(3.39458220181,3.530092289805),.PIECEWISE_BEZIER_KNOTS.);
#2295 = CARTESIAN_POINT('',(-0.737952652567,3.246991671296,
    1.003615707492));
#2296 = CARTESIAN_POINT('',(-0.737952652567,3.111481583301,
    1.003615707492));
#2297 = ORIENTED_EDGE('',*,*,#849,.T.);
#2298 = ORIENTED_EDGE('',*,*,#2299,.T.);
#2299 = EDGE_CURVE('',#843,#2300,#2302,.T.);
#2300 = VERTEX_POINT('',#2301);
#2301 = CARTESIAN_POINT('',(-3.246991671296,0.737952652567,
    1.003615707492));
#2302 = B_SPLINE_CURVE_WITH_KNOTS('',1,(#2303,#2304),.UNSPECIFIED.,.F.,
  .F.,(2,2),(0.,2.509039018729),.PIECEWISE_BEZIER_KNOTS.);
#2303 = CARTESIAN_POINT('',(-3.246991671296,3.246991671296,
    1.003615707492));
#2304 = CARTESIAN_POINT('',(-3.246991671296,0.737952652567,
    1.003615707492));
#2305 = ORIENTED_EDGE('',*,*,#2306,.T.);
#2306 = EDGE_CURVE('',#2300,#2286,#2307,.T.);
#2307 = B_SPLINE_CURVE_WITH_KNOTS('',1,(#2308,#2309),.UNSPECIFIED.,.F.,
  .F.,(2,2),(-3.246991671296,-3.111481583301),.PIECEWISE_BEZIER_KNOTS.);
#2308 = CARTESIAN_POINT('',(-3.246991671296,0.737952652567,
    1.003615707492));
#2309 = CARTESIAN_POINT('',(-3.111481583301,0.737952652567,
    1.003615707492));
#2310 = B_SPLINE_SURFACE_WITH_KNOTS('',1,1,(
    (#2311,#2312)
    ,(#2313,#2314
    )),.UNSPECIFIED.,.F.,.F.,.F.,(2,2),(2,2),(-3.246991671296,
    -0.737952652567),(0.737952652567,3.246991671296),
  .PIECEWISE_BEZIER_KNOTS.);
#2311 = CARTESIAN_POINT('',(-3.246991671296,0.737952652567,
    1.003615707492));
#2312 = CARTESIAN_POINT('',(-3.246991671296,3.246991671296,
    1.003615707492));
#2313 = CARTESIAN_POINT('',(-0.737952652567,0.737952652567,
    1.003615707492));
#2314 = CARTESIAN_POINT('',(-0.737952652567,3.246991671296,
    1.003615707492));
#2315 = ADVANCED_FACE('',(#2316),#2346,.T.);
#2316 = FACE_BOUND('',#2317,.T.);
#2317 = EDGE_LOOP('',(#2318,#2319,#2326,#2334,#2341));
#2318 = ORIENTED_EDGE('',*,*,#2093,.T.);
#2319 = ORIENTED_EDGE('',*,*,#2320,.F.);
#2320 = EDGE_CURVE('',#2321,#2087,#2323,.T.);
#2321 = VERTEX_POINT('',#2322);
#2322 = CARTESIAN_POINT('',(-0.737952652567,-3.111481583301,
    1.003615707492));
#2323 = B_SPLINE_CURVE_WITH_KNOTS('',1,(#2324,#2325),.UNSPECIFIED.,.F.,
  .F.,(2,2),(9.753055456407,9.888565544403),.PIECEWISE_BEZIER_KNOTS.);
#2324 = CARTESIAN_POINT('',(-0.737952652567,-3.111481583301,
    1.003615707492));
#2325 = CARTESIAN_POINT('',(-0.737952652567,-3.246991671296,
    1.003615707492));
#2326 = ORIENTED_EDGE('',*,*,#2327,.F.);
#2327 = EDGE_CURVE('',#2328,#2321,#2330,.T.);
#2328 = VERTEX_POINT('',#2329);
#2329 = CARTESIAN_POINT('',(-3.111481583301,-0.737952652567,
    1.003615707492));
#2330 = ( BOUNDED_CURVE() B_SPLINE_CURVE(2,(#2331,#2332,#2333),
.UNSPECIFIED.,.F.,.F.) B_SPLINE_CURVE_WITH_KNOTS((3,3),(3.374460831848,
4.479520802127),.PIECEWISE_BEZIER_KNOTS.) CURVE() 
GEOMETRIC_REPRESENTATION_ITEM() RATIONAL_B_SPLINE_CURVE((1.,
0.85119940412,1.)) REPRESENTATION_ITEM('') );
#2331 = CARTESIAN_POINT('',(-3.111481583301,-0.737952652567,
    1.003615707492));
#2332 = CARTESIAN_POINT('',(-2.656466154265,-2.656466154265,
    1.003615707492));
#2333 = CARTESIAN_POINT('',(-0.737952652567,-3.111481583301,
    1.003615707492));
#2334 = ORIENTED_EDGE('',*,*,#2335,.T.);
#2335 = EDGE_CURVE('',#2328,#2336,#2338,.T.);
#2336 = VERTEX_POINT('',#2337);
#2337 = CARTESIAN_POINT('',(-3.246991671296,-0.737952652567,
    1.003615707492));
#2338 = B_SPLINE_CURVE_WITH_KNOTS('',1,(#2339,#2340),.UNSPECIFIED.,.F.,
  .F.,(2,2),(3.111481583301,3.246991671296),.PIECEWISE_BEZIER_KNOTS.);
#2339 = CARTESIAN_POINT('',(-3.111481583301,-0.737952652567,
    1.003615707492));
#2340 = CARTESIAN_POINT('',(-3.246991671296,-0.737952652567,
    1.003615707492));
#2341 = ORIENTED_EDGE('',*,*,#2342,.T.);
#2342 = EDGE_CURVE('',#2336,#2094,#2343,.T.);
#2343 = B_SPLINE_CURVE_WITH_KNOTS('',1,(#2344,#2345),.UNSPECIFIED.,.F.,
  .F.,(2,2),(3.984944323864,6.493983342593),.PIECEWISE_BEZIER_KNOTS.);
#2344 = CARTESIAN_POINT('',(-3.246991671296,-0.737952652567,
    1.003615707492));
#2345 = CARTESIAN_POINT('',(-3.246991671296,-3.246991671296,
    1.003615707492));
#2346 = B_SPLINE_SURFACE_WITH_KNOTS('',1,1,(
    (#2347,#2348)
    ,(#2349,#2350
    )),.UNSPECIFIED.,.F.,.F.,.F.,(2,2),(2,2),(-3.246991671296,
    -0.737952652567),(-3.246991671296,-0.737952652567),
  .PIECEWISE_BEZIER_KNOTS.);
#2347 = CARTESIAN_POINT('',(-3.246991671296,-3.246991671296,
    1.003615707492));
#2348 = CARTESIAN_POINT('',(-3.246991671296,-0.737952652567,
    1.003615707492));
#2349 = CARTESIAN_POINT('',(-0.737952652567,-3.246991671296,
    1.003615707492));
#2350 = CARTESIAN_POINT('',(-0.737952652567,-0.737952652567,
    1.003615707492));
#2351 = ADVANCED_FACE('',(#2352),#2375,.F.);
#2352 = FACE_BOUND('',#2353,.F.);
#2353 = EDGE_LOOP('',(#2354,#2364,#2369,#2370));
#2354 = ORIENTED_EDGE('',*,*,#2355,.T.);
#2355 = EDGE_CURVE('',#2356,#2358,#2360,.T.);
#2356 = VERTEX_POINT('',#2357);
#2357 = CARTESIAN_POINT('',(-0.737952652567,3.111481583301,
    0.511647272447));
#2358 = VERTEX_POINT('',#2359);
#2359 = CARTESIAN_POINT('',(-3.111481583301,0.737952652567,
    0.511647272447));
#2360 = ( BOUNDED_CURVE() B_SPLINE_CURVE(2,(#2361,#2362,#2363),
.UNSPECIFIED.,.F.,.F.) B_SPLINE_CURVE_WITH_KNOTS((3,3),(1.803664505053,
2.908724475332),.PIECEWISE_BEZIER_KNOTS.) CURVE() 
GEOMETRIC_REPRESENTATION_ITEM() RATIONAL_B_SPLINE_CURVE((1.,
0.85119940412,1.)) REPRESENTATION_ITEM('') );
#2361 = CARTESIAN_POINT('',(-0.737952652567,3.111481583301,
    0.511647272447));
#2362 = CARTESIAN_POINT('',(-2.656466154265,2.656466154265,
    0.511647272447));
#2363 = CARTESIAN_POINT('',(-3.111481583301,0.737952652567,
    0.511647272447));
#2364 = ORIENTED_EDGE('',*,*,#2365,.T.);
#2365 = EDGE_CURVE('',#2358,#2286,#2366,.T.);
#2366 = B_SPLINE_CURVE_WITH_KNOTS('',1,(#2367,#2368),.UNSPECIFIED.,.F.,
  .F.,(2,2),(0.,0.491968435045),.PIECEWISE_BEZIER_KNOTS.);
#2367 = CARTESIAN_POINT('',(-3.111481583301,0.737952652567,
    0.511647272447));
#2368 = CARTESIAN_POINT('',(-3.111481583301,0.737952652567,
    1.003615707492));
#2369 = ORIENTED_EDGE('',*,*,#2283,.F.);
#2370 = ORIENTED_EDGE('',*,*,#2371,.T.);
#2371 = EDGE_CURVE('',#2284,#2356,#2372,.T.);
#2372 = B_SPLINE_CURVE_WITH_KNOTS('',1,(#2373,#2374),.UNSPECIFIED.,.F.,
  .F.,(2,2),(-0.491968435045,0.),.PIECEWISE_BEZIER_KNOTS.);
#2373 = CARTESIAN_POINT('',(-0.737952652567,3.111481583301,
    1.003615707492));
#2374 = CARTESIAN_POINT('',(-0.737952652567,3.111481583301,
    0.511647272447));
#2375 = ( BOUNDED_SURFACE() B_SPLINE_SURFACE(2,1,(
    (#2376,#2377)
    ,(#2378,#2379)
    ,(#2380,#2381
)),.UNSPECIFIED.,.F.,.F.,.F.) B_SPLINE_SURFACE_WITH_KNOTS((3,3),(2,2),(
    1.803664505053,2.908724475332),(0.,0.491968435045),
.PIECEWISE_BEZIER_KNOTS.) GEOMETRIC_REPRESENTATION_ITEM() 
RATIONAL_B_SPLINE_SURFACE((
    (1.,1.)
    ,(0.85119940412,0.85119940412)
,(1.,1.))) REPRESENTATION_ITEM('') SURFACE() );
#2376 = CARTESIAN_POINT('',(-0.737952652567,3.111481583301,
    0.511647272447));
#2377 = CARTESIAN_POINT('',(-0.737952652567,3.111481583301,
    1.003615707492));
#2378 = CARTESIAN_POINT('',(-2.656466154265,2.656466154265,
    0.511647272447));
#2379 = CARTESIAN_POINT('',(-2.656466154265,2.656466154265,
    1.003615707492));
#2380 = CARTESIAN_POINT('',(-3.111481583301,0.737952652567,
    0.511647272447));
#2381 = CARTESIAN_POINT('',(-3.111481583301,0.737952652567,
    1.003615707492));
#2382 = ADVANCED_FACE('',(#2383),#2406,.F.);
#2383 = FACE_BOUND('',#2384,.F.);
#2384 = EDGE_LOOP('',(#2385,#2386,#2393,#2401));
#2385 = ORIENTED_EDGE('',*,*,#2327,.F.);
#2386 = ORIENTED_EDGE('',*,*,#2387,.T.);
#2387 = EDGE_CURVE('',#2328,#2388,#2390,.T.);
#2388 = VERTEX_POINT('',#2389);
#2389 = CARTESIAN_POINT('',(-3.111481583301,-0.737952652567,
    0.511647272447));
#2390 = B_SPLINE_CURVE_WITH_KNOTS('',1,(#2391,#2392),.UNSPECIFIED.,.F.,
  .F.,(2,2),(-0.491968435045,0.),.PIECEWISE_BEZIER_KNOTS.);
#2391 = CARTESIAN_POINT('',(-3.111481583301,-0.737952652567,
    1.003615707492));
#2392 = CARTESIAN_POINT('',(-3.111481583301,-0.737952652567,
    0.511647272447));
#2393 = ORIENTED_EDGE('',*,*,#2394,.T.);
#2394 = EDGE_CURVE('',#2388,#2395,#2397,.T.);
#2395 = VERTEX_POINT('',#2396);
#2396 = CARTESIAN_POINT('',(-0.737952652567,-3.111481583301,
    0.511647272447));
#2397 = ( BOUNDED_CURVE() B_SPLINE_CURVE(2,(#2398,#2399,#2400),
.UNSPECIFIED.,.F.,.F.) B_SPLINE_CURVE_WITH_KNOTS((3,3),(3.374460831848,
4.479520802127),.PIECEWISE_BEZIER_KNOTS.) CURVE() 
GEOMETRIC_REPRESENTATION_ITEM() RATIONAL_B_SPLINE_CURVE((1.,
0.85119940412,1.)) REPRESENTATION_ITEM('') );
#2398 = CARTESIAN_POINT('',(-3.111481583301,-0.737952652567,
    0.511647272447));
#2399 = CARTESIAN_POINT('',(-2.656466154265,-2.656466154265,
    0.511647272447));
#2400 = CARTESIAN_POINT('',(-0.737952652567,-3.111481583301,
    0.511647272447));
#2401 = ORIENTED_EDGE('',*,*,#2402,.T.);
#2402 = EDGE_CURVE('',#2395,#2321,#2403,.T.);
#2403 = B_SPLINE_CURVE_WITH_KNOTS('',1,(#2404,#2405),.UNSPECIFIED.,.F.,
  .F.,(2,2),(0.,0.491968435045),.PIECEWISE_BEZIER_KNOTS.);
#2404 = CARTESIAN_POINT('',(-0.737952652567,-3.111481583301,
    0.511647272447));
#2405 = CARTESIAN_POINT('',(-0.737952652567,-3.111481583301,
    1.003615707492));
#2406 = ( BOUNDED_SURFACE() B_SPLINE_SURFACE(2,1,(
    (#2407,#2408)
    ,(#2409,#2410)
    ,(#2411,#2412
)),.UNSPECIFIED.,.F.,.F.,.F.) B_SPLINE_SURFACE_WITH_KNOTS((3,3),(2,2),(
    3.374460831848,4.479520802127),(0.,0.491968435045),
.PIECEWISE_BEZIER_KNOTS.) GEOMETRIC_REPRESENTATION_ITEM() 
RATIONAL_B_SPLINE_SURFACE((
    (1.,1.)
    ,(0.85119940412,0.85119940412)
,(1.,1.))) REPRESENTATION_ITEM('') SURFACE() );
#2407 = CARTESIAN_POINT('',(-3.111481583301,-0.737952652567,
    0.511647272447));
#2408 = CARTESIAN_POINT('',(-3.111481583301,-0.737952652567,
    1.003615707492));
#2409 = CARTESIAN_POINT('',(-2.656466154265,-2.656466154265,
    0.511647272447));
#2410 = CARTESIAN_POINT('',(-2.656466154265,-2.656466154265,
    1.003615707492));
#2411 = CARTESIAN_POINT('',(-0.737952652567,-3.111481583301,
    0.511647272447));
#2412 = CARTESIAN_POINT('',(-0.737952652567,-3.111481583301,
    1.003615707492));
#2413 = ADVANCED_FACE('',(#2414),#2470,.F.);
#2414 = FACE_BOUND('',#2415,.T.);
#2415 = EDGE_LOOP('',(#2416,#2423,#2428,#2429,#2434,#2435,#2442,#2447,
    #2448,#2449,#2456,#2463,#2468,#2469));
#2416 = ORIENTED_EDGE('',*,*,#2417,.T.);
#2417 = EDGE_CURVE('',#836,#2418,#2420,.T.);
#2418 = VERTEX_POINT('',#2419);
#2419 = CARTESIAN_POINT('',(-3.246991671296,0.393574748036,
    1.96788374018E-02));
#2420 = B_SPLINE_CURVE_WITH_KNOTS('',1,(#2421,#2422),.UNSPECIFIED.,.F.,
  .F.,(2,2),(0.,2.85341692326),.PIECEWISE_BEZIER_KNOTS.);
#2421 = CARTESIAN_POINT('',(-3.246991671296,3.246991671296,
    1.96788374018E-02));
#2422 = CARTESIAN_POINT('',(-3.246991671296,0.393574748036,
    1.96788374018E-02));
#2423 = ORIENTED_EDGE('',*,*,#2424,.T.);
#2424 = EDGE_CURVE('',#2418,#1890,#2425,.T.);
#2425 = B_SPLINE_CURVE_WITH_KNOTS('',1,(#2426,#2427),.UNSPECIFIED.,.F.,
  .F.,(2,2),(-0.98393687009,-0.787149496072),.PIECEWISE_BEZIER_KNOTS.);
#2426 = CARTESIAN_POINT('',(-3.246991671296,0.393574748036,
    1.96788374018E-02));
#2427 = CARTESIAN_POINT('',(-3.246991671296,0.393574748036,0.21646621142
    ));
#2428 = ORIENTED_EDGE('',*,*,#1889,.F.);
#2429 = ORIENTED_EDGE('',*,*,#2430,.F.);
#2430 = EDGE_CURVE('',#1918,#1883,#2431,.T.);
#2431 = B_SPLINE_CURVE_WITH_KNOTS('',1,(#2432,#2433),.UNSPECIFIED.,.F.,
  .F.,(2,2),(-3.566771154076,-2.927212188517),.PIECEWISE_BEZIER_KNOTS.);
#2432 = CARTESIAN_POINT('',(-3.246991671296,-0.319779482779,
    0.21646621142));
#2433 = CARTESIAN_POINT('',(-3.246991671296,0.319779482779,0.21646621142
    ));
#2434 = ORIENTED_EDGE('',*,*,#1917,.F.);
#2435 = ORIENTED_EDGE('',*,*,#2436,.T.);
#2436 = EDGE_CURVE('',#1911,#2437,#2439,.T.);
#2437 = VERTEX_POINT('',#2438);
#2438 = CARTESIAN_POINT('',(-3.246991671296,-0.393574748036,
    1.96788374018E-02));
#2439 = B_SPLINE_CURVE_WITH_KNOTS('',1,(#2440,#2441),.UNSPECIFIED.,.F.,
  .F.,(2,2),(0.787149496072,0.98393687009),.PIECEWISE_BEZIER_KNOTS.);
#2440 = CARTESIAN_POINT('',(-3.246991671296,-0.393574748036,
    0.21646621142));
#2441 = CARTESIAN_POINT('',(-3.246991671296,-0.393574748036,
    1.96788374018E-02));
#2442 = ORIENTED_EDGE('',*,*,#2443,.T.);
#2443 = EDGE_CURVE('',#2437,#2050,#2444,.T.);
#2444 = B_SPLINE_CURVE_WITH_KNOTS('',1,(#2445,#2446),.UNSPECIFIED.,.F.,
  .F.,(2,2),(3.640566419332,6.493983342593),.PIECEWISE_BEZIER_KNOTS.);
#2445 = CARTESIAN_POINT('',(-3.246991671296,-0.393574748036,
    1.96788374018E-02));
#2446 = CARTESIAN_POINT('',(-3.246991671296,-3.246991671296,
    1.96788374018E-02));
#2447 = ORIENTED_EDGE('',*,*,#2100,.F.);
#2448 = ORIENTED_EDGE('',*,*,#2342,.F.);
#2449 = ORIENTED_EDGE('',*,*,#2450,.T.);
#2450 = EDGE_CURVE('',#2336,#2451,#2453,.T.);
#2451 = VERTEX_POINT('',#2452);
#2452 = CARTESIAN_POINT('',(-3.246991671296,-0.737952652567,
    0.511647272447));
#2453 = B_SPLINE_CURVE_WITH_KNOTS('',1,(#2454,#2455),.UNSPECIFIED.,.F.,
  .F.,(2,2),(1.475905305135,1.96787374018),.PIECEWISE_BEZIER_KNOTS.);
#2454 = CARTESIAN_POINT('',(-3.246991671296,-0.737952652567,
    1.003615707492));
#2455 = CARTESIAN_POINT('',(-3.246991671296,-0.737952652567,
    0.511647272447));
#2456 = ORIENTED_EDGE('',*,*,#2457,.F.);
#2457 = EDGE_CURVE('',#2458,#2451,#2460,.T.);
#2458 = VERTEX_POINT('',#2459);
#2459 = CARTESIAN_POINT('',(-3.246991671296,0.737952652567,
    0.511647272447));
#2460 = B_SPLINE_CURVE_WITH_KNOTS('',1,(#2461,#2462),.UNSPECIFIED.,.F.,
  .F.,(2,2),(0.,1.475905305135),.PIECEWISE_BEZIER_KNOTS.);
#2461 = CARTESIAN_POINT('',(-3.246991671296,0.737952652567,
    0.511647272447));
#2462 = CARTESIAN_POINT('',(-3.246991671296,-0.737952652567,
    0.511647272447));
#2463 = ORIENTED_EDGE('',*,*,#2464,.F.);
#2464 = EDGE_CURVE('',#2300,#2458,#2465,.T.);
#2465 = B_SPLINE_CURVE_WITH_KNOTS('',1,(#2466,#2467),.UNSPECIFIED.,.F.,
  .F.,(2,2),(1.475905305135,1.96787374018),.PIECEWISE_BEZIER_KNOTS.);
#2466 = CARTESIAN_POINT('',(-3.246991671296,0.737952652567,
    1.003615707492));
#2467 = CARTESIAN_POINT('',(-3.246991671296,0.737952652567,
    0.511647272447));
#2468 = ORIENTED_EDGE('',*,*,#2299,.F.);
#2469 = ORIENTED_EDGE('',*,*,#842,.T.);
#2470 = B_SPLINE_SURFACE_WITH_KNOTS('',1,1,(
    (#2471,#2472)
    ,(#2473,#2474
    )),.UNSPECIFIED.,.F.,.F.,.F.,(2,2),(2,2),(-6.493983342593,0.),(
    -0.98393687009,0.),.PIECEWISE_BEZIER_KNOTS.);
#2471 = CARTESIAN_POINT('',(-3.246991671296,-3.246991671296,
    1.96788374018E-02));
#2472 = CARTESIAN_POINT('',(-3.246991671296,-3.246991671296,
    1.003615707492));
#2473 = CARTESIAN_POINT('',(-3.246991671296,3.246991671296,
    1.96788374018E-02));
#2474 = CARTESIAN_POINT('',(-3.246991671296,3.246991671296,
    1.003615707492));
#2475 = ADVANCED_FACE('',(#2476),#2532,.F.);
#2476 = FACE_BOUND('',#2477,.T.);
#2477 = EDGE_LOOP('',(#2478,#2487,#2492,#2493,#2494,#2499,#2500,#2507,
    #2514,#2519,#2520,#2525,#2526,#2527));
#2478 = ORIENTED_EDGE('',*,*,#2479,.F.);
#2479 = EDGE_CURVE('',#2480,#2482,#2484,.T.);
#2480 = VERTEX_POINT('',#2481);
#2481 = CARTESIAN_POINT('',(-0.393574748036,0.393574748036,
    1.96788374018E-02));
#2482 = VERTEX_POINT('',#2483);
#2483 = CARTESIAN_POINT('',(-0.393574748036,-0.393574748036,
    1.96788374018E-02));
#2484 = B_SPLINE_CURVE_WITH_KNOTS('',1,(#2485,#2486),.UNSPECIFIED.,.F.,
  .F.,(2,2),(-0.787149496072,-0.),.PIECEWISE_BEZIER_KNOTS.);
#2485 = CARTESIAN_POINT('',(-0.393574748036,0.393574748036,
    1.96788374018E-02));
#2486 = CARTESIAN_POINT('',(-0.393574748036,-0.393574748036,
    1.96788374018E-02));
#2487 = ORIENTED_EDGE('',*,*,#2488,.T.);
#2488 = EDGE_CURVE('',#2480,#2418,#2489,.T.);
#2489 = B_SPLINE_CURVE_WITH_KNOTS('',1,(#2490,#2491),.UNSPECIFIED.,.F.,
  .F.,(2,2),(0.393574748036,3.246991671296),.PIECEWISE_BEZIER_KNOTS.);
#2490 = CARTESIAN_POINT('',(-0.393574748036,0.393574748036,
    1.96788374018E-02));
#2491 = CARTESIAN_POINT('',(-3.246991671296,0.393574748036,
    1.96788374018E-02));
#2492 = ORIENTED_EDGE('',*,*,#2417,.F.);
#2493 = ORIENTED_EDGE('',*,*,#835,.F.);
#2494 = ORIENTED_EDGE('',*,*,#2495,.T.);
#2495 = EDGE_CURVE('',#829,#2128,#2496,.T.);
#2496 = B_SPLINE_CURVE_WITH_KNOTS('',1,(#2497,#2498),.UNSPECIFIED.,.F.,
  .F.,(2,2),(0.,1.66979623944),.PIECEWISE_BEZIER_KNOTS.);
#2497 = CARTESIAN_POINT('',(2.066267427189,3.246991671296,
    1.96788374018E-02));
#2498 = CARTESIAN_POINT('',(3.246991671296,2.066267427189,
    1.96788374018E-02));
#2499 = ORIENTED_EDGE('',*,*,#2127,.F.);
#2500 = ORIENTED_EDGE('',*,*,#2501,.F.);
#2501 = EDGE_CURVE('',#2502,#2121,#2504,.T.);
#2502 = VERTEX_POINT('',#2503);
#2503 = CARTESIAN_POINT('',(0.393574748036,0.393574748036,
    1.96788374018E-02));
#2504 = B_SPLINE_CURVE_WITH_KNOTS('',1,(#2505,#2506),.UNSPECIFIED.,.F.,
  .F.,(2,2),(-5.706833846521,-2.85341692326),.PIECEWISE_BEZIER_KNOTS.);
#2505 = CARTESIAN_POINT('',(0.393574748036,0.393574748036,
    1.96788374018E-02));
#2506 = CARTESIAN_POINT('',(3.246991671296,0.393574748036,
    1.96788374018E-02));
#2507 = ORIENTED_EDGE('',*,*,#2508,.F.);
#2508 = EDGE_CURVE('',#2509,#2502,#2511,.T.);
#2509 = VERTEX_POINT('',#2510);
#2510 = CARTESIAN_POINT('',(0.393574748036,-0.393574748036,
    1.96788374018E-02));
#2511 = B_SPLINE_CURVE_WITH_KNOTS('',1,(#2512,#2513),.UNSPECIFIED.,.F.,
  .F.,(2,2),(0.,0.787149496072),.PIECEWISE_BEZIER_KNOTS.);
#2512 = CARTESIAN_POINT('',(0.393574748036,-0.393574748036,
    1.96788374018E-02));
#2513 = CARTESIAN_POINT('',(0.393574748036,0.393574748036,
    1.96788374018E-02));
#2514 = ORIENTED_EDGE('',*,*,#2515,.T.);
#2515 = EDGE_CURVE('',#2509,#2184,#2516,.T.);
#2516 = B_SPLINE_CURVE_WITH_KNOTS('',1,(#2517,#2518),.UNSPECIFIED.,.F.,
  .F.,(2,2),(0.393574748036,3.246991671296),.PIECEWISE_BEZIER_KNOTS.);
#2517 = CARTESIAN_POINT('',(0.393574748036,-0.393574748036,
    1.96788374018E-02));
#2518 = CARTESIAN_POINT('',(3.246991671296,-0.393574748036,
    1.96788374018E-02));
#2519 = ORIENTED_EDGE('',*,*,#2183,.F.);
#2520 = ORIENTED_EDGE('',*,*,#2521,.T.);
#2521 = EDGE_CURVE('',#2177,#2052,#2522,.T.);
#2522 = B_SPLINE_CURVE_WITH_KNOTS('',1,(#2523,#2524),.UNSPECIFIED.,.F.,
  .F.,(2,2),(-0.,1.66979623944),.PIECEWISE_BEZIER_KNOTS.);
#2523 = CARTESIAN_POINT('',(3.246991671296,-2.066267427189,
    1.96788374018E-02));
#2524 = CARTESIAN_POINT('',(2.066267427189,-3.246991671296,
    1.96788374018E-02));
#2525 = ORIENTED_EDGE('',*,*,#2049,.F.);
#2526 = ORIENTED_EDGE('',*,*,#2443,.F.);
#2527 = ORIENTED_EDGE('',*,*,#2528,.F.);
#2528 = EDGE_CURVE('',#2482,#2437,#2529,.T.);
#2529 = B_SPLINE_CURVE_WITH_KNOTS('',1,(#2530,#2531),.UNSPECIFIED.,.F.,
  .F.,(2,2),(-5.706833846521,-2.85341692326),.PIECEWISE_BEZIER_KNOTS.);
#2530 = CARTESIAN_POINT('',(-0.393574748036,-0.393574748036,
    1.96788374018E-02));
#2531 = CARTESIAN_POINT('',(-3.246991671296,-0.393574748036,
    1.96788374018E-02));
#2532 = B_SPLINE_SURFACE_WITH_KNOTS('',1,1,(
    (#2533,#2534)
    ,(#2535,#2536
    )),.UNSPECIFIED.,.F.,.F.,.F.,(2,2),(2,2),(-3.246991671296,
    3.246991671296),(-3.246991671296,3.246991671296),
  .PIECEWISE_BEZIER_KNOTS.);
#2533 = CARTESIAN_POINT('',(-3.246991671296,-3.246991671296,
    1.96788374018E-02));
#2534 = CARTESIAN_POINT('',(-3.246991671296,3.246991671296,
    1.96788374018E-02));
#2535 = CARTESIAN_POINT('',(3.246991671296,-3.246991671296,
    1.96788374018E-02));
#2536 = CARTESIAN_POINT('',(3.246991671296,3.246991671296,
    1.96788374018E-02));
#2537 = ADVANCED_FACE('',(#2538,#2542),#2576,.T.);
#2538 = FACE_BOUND('',#2539,.T.);
#2539 = EDGE_LOOP('',(#2540,#2541));
#2540 = ORIENTED_EDGE('',*,*,#1947,.F.);
#2541 = ORIENTED_EDGE('',*,*,#347,.F.);
#2542 = FACE_BOUND('',#2543,.T.);
#2543 = EDGE_LOOP('',(#2544,#2545,#2550,#2551,#2552,#2553,#2554,#2555,
    #2556,#2557,#2558,#2559,#2564,#2565,#2570,#2571));
#2544 = ORIENTED_EDGE('',*,*,#2394,.T.);
#2545 = ORIENTED_EDGE('',*,*,#2546,.T.);
#2546 = EDGE_CURVE('',#2395,#2080,#2547,.T.);
#2547 = B_SPLINE_CURVE_WITH_KNOTS('',1,(#2548,#2549),.UNSPECIFIED.,.F.,
  .F.,(2,2),(9.753055456407,9.888565544403),.PIECEWISE_BEZIER_KNOTS.);
#2548 = CARTESIAN_POINT('',(-0.737952652567,-3.111481583301,
    0.511647272447));
#2549 = CARTESIAN_POINT('',(-0.737952652567,-3.246991671296,
    0.511647272447));
#2550 = ORIENTED_EDGE('',*,*,#2079,.T.);
#2551 = ORIENTED_EDGE('',*,*,#2250,.T.);
#2552 = ORIENTED_EDGE('',*,*,#2018,.T.);
#2553 = ORIENTED_EDGE('',*,*,#2210,.T.);
#2554 = ORIENTED_EDGE('',*,*,#2155,.T.);
#2555 = ORIENTED_EDGE('',*,*,#2230,.T.);
#2556 = ORIENTED_EDGE('',*,*,#1978,.T.);
#2557 = ORIENTED_EDGE('',*,*,#2270,.T.);
#2558 = ORIENTED_EDGE('',*,*,#863,.T.);
#2559 = ORIENTED_EDGE('',*,*,#2560,.T.);
#2560 = EDGE_CURVE('',#857,#2356,#2561,.T.);
#2561 = B_SPLINE_CURVE_WITH_KNOTS('',1,(#2562,#2563),.UNSPECIFIED.,.F.,
  .F.,(2,2),(3.39458220181,3.530092289805),.PIECEWISE_BEZIER_KNOTS.);
#2562 = CARTESIAN_POINT('',(-0.737952652567,3.246991671296,
    0.511647272447));
#2563 = CARTESIAN_POINT('',(-0.737952652567,3.111481583301,
    0.511647272447));
#2564 = ORIENTED_EDGE('',*,*,#2355,.T.);
#2565 = ORIENTED_EDGE('',*,*,#2566,.T.);
#2566 = EDGE_CURVE('',#2358,#2458,#2567,.T.);
#2567 = B_SPLINE_CURVE_WITH_KNOTS('',1,(#2568,#2569),.UNSPECIFIED.,.F.,
  .F.,(2,2),(-0.135510087995,-0.),.PIECEWISE_BEZIER_KNOTS.);
#2568 = CARTESIAN_POINT('',(-3.111481583301,0.737952652567,
    0.511647272447));
#2569 = CARTESIAN_POINT('',(-3.246991671296,0.737952652567,
    0.511647272447));
#2570 = ORIENTED_EDGE('',*,*,#2457,.T.);
#2571 = ORIENTED_EDGE('',*,*,#2572,.T.);
#2572 = EDGE_CURVE('',#2451,#2388,#2573,.T.);
#2573 = B_SPLINE_CURVE_WITH_KNOTS('',1,(#2574,#2575),.UNSPECIFIED.,.F.,
  .F.,(2,2),(0.,0.135510087995),.PIECEWISE_BEZIER_KNOTS.);
#2574 = CARTESIAN_POINT('',(-3.246991671296,-0.737952652567,
    0.511647272447));
#2575 = CARTESIAN_POINT('',(-3.111481583301,-0.737952652567,
    0.511647272447));
#2576 = B_SPLINE_SURFACE_WITH_KNOTS('',1,1,(
    (#2577,#2578)
    ,(#2579,#2580
    )),.UNSPECIFIED.,.F.,.F.,.F.,(2,2),(2,2),(-3.246991671296,
    3.246991671296),(-3.246991671296,3.246991671296),
  .PIECEWISE_BEZIER_KNOTS.);
#2577 = CARTESIAN_POINT('',(-3.246991671296,-3.246991671296,
    0.511647272447));
#2578 = CARTESIAN_POINT('',(-3.246991671296,3.246991671296,
    0.511647272447));
#2579 = CARTESIAN_POINT('',(3.246991671296,-3.246991671296,
    0.511647272447));
#2580 = CARTESIAN_POINT('',(3.246991671296,3.246991671296,0.511647272447
    ));
#2581 = ADVANCED_FACE('',(#2582),#2588,.T.);
#2582 = FACE_BOUND('',#2583,.T.);
#2583 = EDGE_LOOP('',(#2584,#2585,#2586,#2587));
#2584 = ORIENTED_EDGE('',*,*,#2387,.T.);
#2585 = ORIENTED_EDGE('',*,*,#2572,.F.);
#2586 = ORIENTED_EDGE('',*,*,#2450,.F.);
#2587 = ORIENTED_EDGE('',*,*,#2335,.F.);
#2588 = B_SPLINE_SURFACE_WITH_KNOTS('',1,1,(
    (#2589,#2590)
    ,(#2591,#2592
    )),.UNSPECIFIED.,.F.,.F.,.F.,(2,2),(2,2),(-1.96787374018,
    -1.475905305135),(0.,0.135510087995),.PIECEWISE_BEZIER_KNOTS.);
#2589 = CARTESIAN_POINT('',(-3.246991671296,-0.737952652567,
    0.511647272447));
#2590 = CARTESIAN_POINT('',(-3.111481583301,-0.737952652567,
    0.511647272447));
#2591 = CARTESIAN_POINT('',(-3.246991671296,-0.737952652567,
    1.003615707492));
#2592 = CARTESIAN_POINT('',(-3.111481583301,-0.737952652567,
    1.003615707492));
#2593 = ADVANCED_FACE('',(#2594),#2600,.T.);
#2594 = FACE_BOUND('',#2595,.T.);
#2595 = EDGE_LOOP('',(#2596,#2597,#2598,#2599));
#2596 = ORIENTED_EDGE('',*,*,#2464,.T.);
#2597 = ORIENTED_EDGE('',*,*,#2566,.F.);
#2598 = ORIENTED_EDGE('',*,*,#2365,.T.);
#2599 = ORIENTED_EDGE('',*,*,#2306,.F.);
#2600 = B_SPLINE_SURFACE_WITH_KNOTS('',1,1,(
    (#2601,#2602)
    ,(#2603,#2604
    )),.UNSPECIFIED.,.F.,.F.,.F.,(2,2),(2,2),(1.475905305135,
    1.96787374018),(0.,0.135510087995),.PIECEWISE_BEZIER_KNOTS.);
#2601 = CARTESIAN_POINT('',(-3.246991671296,0.737952652567,
    1.003615707492));
#2602 = CARTESIAN_POINT('',(-3.111481583301,0.737952652567,
    1.003615707492));
#2603 = CARTESIAN_POINT('',(-3.246991671296,0.737952652567,
    0.511647272447));
#2604 = CARTESIAN_POINT('',(-3.111481583301,0.737952652567,
    0.511647272447));
#2605 = ADVANCED_FACE('',(#2606),#2612,.T.);
#2606 = FACE_BOUND('',#2607,.T.);
#2607 = EDGE_LOOP('',(#2608,#2609,#2610,#2611));
#2608 = ORIENTED_EDGE('',*,*,#2402,.T.);
#2609 = ORIENTED_EDGE('',*,*,#2320,.T.);
#2610 = ORIENTED_EDGE('',*,*,#2086,.T.);
#2611 = ORIENTED_EDGE('',*,*,#2546,.F.);
#2612 = B_SPLINE_SURFACE_WITH_KNOTS('',1,1,(
    (#2613,#2614)
    ,(#2615,#2616
    )),.UNSPECIFIED.,.F.,.F.,.F.,(2,2),(2,2),(-9.888565544403,
    -9.753055456407),(-0.491968435045,0.),.PIECEWISE_BEZIER_KNOTS.);
#2613 = CARTESIAN_POINT('',(-0.737952652567,-3.246991671296,
    0.511647272447));
#2614 = CARTESIAN_POINT('',(-0.737952652567,-3.246991671296,
    1.003615707492));
#2615 = CARTESIAN_POINT('',(-0.737952652567,-3.111481583301,
    0.511647272447));
#2616 = CARTESIAN_POINT('',(-0.737952652567,-3.111481583301,
    1.003615707492));
#2617 = ADVANCED_FACE('',(#2618),#2624,.T.);
#2618 = FACE_BOUND('',#2619,.T.);
#2619 = EDGE_LOOP('',(#2620,#2621,#2622,#2623));
#2620 = ORIENTED_EDGE('',*,*,#2371,.T.);
#2621 = ORIENTED_EDGE('',*,*,#2560,.F.);
#2622 = ORIENTED_EDGE('',*,*,#856,.T.);
#2623 = ORIENTED_EDGE('',*,*,#2293,.T.);
#2624 = B_SPLINE_SURFACE_WITH_KNOTS('',1,1,(
    (#2625,#2626)
    ,(#2627,#2628
    )),.UNSPECIFIED.,.F.,.F.,.F.,(2,2),(2,2),(-3.530092289805,
    -3.39458220181),(-0.491968435045,0.),.PIECEWISE_BEZIER_KNOTS.);
#2625 = CARTESIAN_POINT('',(-0.737952652567,3.111481583301,
    0.511647272447));
#2626 = CARTESIAN_POINT('',(-0.737952652567,3.111481583301,
    1.003615707492));
#2627 = CARTESIAN_POINT('',(-0.737952652567,3.246991671296,
    0.511647272447));
#2628 = CARTESIAN_POINT('',(-0.737952652567,3.246991671296,
    1.003615707492));
#2629 = ADVANCED_FACE('',(#2630),#2642,.T.);
#2630 = FACE_BOUND('',#2631,.T.);
#2631 = EDGE_LOOP('',(#2632,#2633,#2638,#2639,#2640,#2641));
#2632 = ORIENTED_EDGE('',*,*,#2141,.T.);
#2633 = ORIENTED_EDGE('',*,*,#2634,.T.);
#2634 = EDGE_CURVE('',#2135,#820,#2635,.T.);
#2635 = B_SPLINE_CURVE_WITH_KNOTS('',1,(#2636,#2637),.UNSPECIFIED.,.F.,
  .F.,(2,2),(-0.83489811972,0.83489811972),.PIECEWISE_BEZIER_KNOTS.);
#2636 = CARTESIAN_POINT('',(3.246991671296,2.066267427189,0.806828333474
    ));
#2637 = CARTESIAN_POINT('',(2.066267427189,3.246991671296,0.806828333474
    ));
#2638 = ORIENTED_EDGE('',*,*,#819,.T.);
#2639 = ORIENTED_EDGE('',*,*,#2264,.T.);
#2640 = ORIENTED_EDGE('',*,*,#1993,.T.);
#2641 = ORIENTED_EDGE('',*,*,#2224,.T.);
#2642 = B_SPLINE_SURFACE_WITH_KNOTS('',1,1,(
    (#2643,#2644)
    ,(#2645,#2646
    )),.UNSPECIFIED.,.F.,.F.,.F.,(2,2),(2,2),(0.737952652567,
    3.246991671296),(0.737952652567,3.246991671296),
  .PIECEWISE_BEZIER_KNOTS.);
#2643 = CARTESIAN_POINT('',(0.737952652567,0.737952652567,0.806828333474
    ));
#2644 = CARTESIAN_POINT('',(0.737952652567,3.246991671296,0.806828333474
    ));
#2645 = CARTESIAN_POINT('',(3.246991671296,0.737952652567,0.806828333474
    ));
#2646 = CARTESIAN_POINT('',(3.246991671296,3.246991671296,0.806828333474
    ));
#2647 = ADVANCED_FACE('',(#2648),#2660,.T.);
#2648 = FACE_BOUND('',#2649,.T.);
#2649 = EDGE_LOOP('',(#2650,#2651,#2656,#2657,#2658,#2659));
#2650 = ORIENTED_EDGE('',*,*,#2065,.T.);
#2651 = ORIENTED_EDGE('',*,*,#2652,.T.);
#2652 = EDGE_CURVE('',#2059,#2170,#2653,.T.);
#2653 = B_SPLINE_CURVE_WITH_KNOTS('',1,(#2654,#2655),.UNSPECIFIED.,.F.,
  .F.,(2,2),(-0.83489811972,0.83489811972),.PIECEWISE_BEZIER_KNOTS.);
#2654 = CARTESIAN_POINT('',(2.066267427189,-3.246991671296,
    0.806828333474));
#2655 = CARTESIAN_POINT('',(3.246991671296,-2.066267427189,
    0.806828333474));
#2656 = ORIENTED_EDGE('',*,*,#2169,.T.);
#2657 = ORIENTED_EDGE('',*,*,#2204,.T.);
#2658 = ORIENTED_EDGE('',*,*,#2033,.T.);
#2659 = ORIENTED_EDGE('',*,*,#2244,.T.);
#2660 = B_SPLINE_SURFACE_WITH_KNOTS('',1,1,(
    (#2661,#2662)
    ,(#2663,#2664
    )),.UNSPECIFIED.,.F.,.F.,.F.,(2,2),(2,2),(0.737952652567,
    3.246991671296),(-3.246991671296,-0.737952652567),
  .PIECEWISE_BEZIER_KNOTS.);
#2661 = CARTESIAN_POINT('',(0.737952652567,-3.246991671296,
    0.806828333474));
#2662 = CARTESIAN_POINT('',(0.737952652567,-0.737952652567,
    0.806828333474));
#2663 = CARTESIAN_POINT('',(3.246991671296,-3.246991671296,
    0.806828333474));
#2664 = CARTESIAN_POINT('',(3.246991671296,-0.737952652567,
    0.806828333474));
#2665 = ADVANCED_FACE('',(#2666),#2672,.F.);
#2666 = FACE_BOUND('',#2667,.F.);
#2667 = EDGE_LOOP('',(#2668,#2669,#2670,#2671));
#2668 = ORIENTED_EDGE('',*,*,#313,.T.);
#2669 = ORIENTED_EDGE('',*,*,#174,.F.);
#2670 = ORIENTED_EDGE('',*,*,#299,.F.);
#2671 = ORIENTED_EDGE('',*,*,#41,.T.);
#2672 = ( BOUNDED_SURFACE() B_SPLINE_SURFACE(2,2,(
    (#2673,#2674,#2675)
    ,(#2676,#2677,#2678)
    ,(#2679,#2680,#2681)
    ,(#2682,#2683,#2684)
    ,(#2685,#2686,#2687
)),.UNSPECIFIED.,.F.,.F.,.F.) B_SPLINE_SURFACE_WITH_KNOTS((3,2,3),(3,3),
  (0.,1.570796326795,3.14159265359),(3.14159265359,3.890700284371),
.PIECEWISE_BEZIER_KNOTS.) GEOMETRIC_REPRESENTATION_ITEM() 
RATIONAL_B_SPLINE_SURFACE((
    (1.,0.930670954449,1.)
    ,(0.707106781187,0.658083742944,0.707106781187)
    ,(1.,0.930670954449,1.)
    ,(0.707106781187,0.658083742944,0.707106781187)
,(1.,0.930670954449,1.))) REPRESENTATION_ITEM('') SURFACE() );
#2673 = CARTESIAN_POINT('',(2.959032796249,0.,1.341942049411));
#2674 = CARTESIAN_POINT('',(2.959032796249,0.,1.213176109311));
#2675 = CARTESIAN_POINT('',(3.046720541058,0.,1.118881216872));
#2676 = CARTESIAN_POINT('',(2.959032796249,2.959032796249,1.341942049411
    ));
#2677 = CARTESIAN_POINT('',(2.959032796249,2.959032796249,1.213176109311
    ));
#2678 = CARTESIAN_POINT('',(3.046720541058,3.046720541058,1.118881216872
    ));
#2679 = CARTESIAN_POINT('',(6.25277711975E-16,2.959032796249,
    1.341942049411));
#2680 = CARTESIAN_POINT('',(6.25277711975E-16,2.959032796249,
    1.213176109311));
#2681 = CARTESIAN_POINT('',(6.306470377752E-16,3.046720541058,
    1.118881216872));
#2682 = CARTESIAN_POINT('',(-2.959032796249,2.959032796249,
    1.341942049411));
#2683 = CARTESIAN_POINT('',(-2.959032796249,2.959032796249,
    1.213176109311));
#2684 = CARTESIAN_POINT('',(-3.046720541058,3.046720541058,
    1.118881216872));
#2685 = CARTESIAN_POINT('',(-2.959032796249,3.623770042499E-16,
    1.341942049411));
#2686 = CARTESIAN_POINT('',(-2.959032796249,3.623770042499E-16,
    1.213176109311));
#2687 = CARTESIAN_POINT('',(-3.046720541058,3.731156558503E-16,
    1.118881216872));
#2688 = ADVANCED_FACE('',(#2689),#2705,.T.);
#2689 = FACE_BOUND('',#2690,.T.);
#2690 = EDGE_LOOP('',(#2691,#2698,#2704));
#2691 = ORIENTED_EDGE('',*,*,#2692,.F.);
#2692 = EDGE_CURVE('',#2693,#134,#2695,.T.);
#2693 = VERTEX_POINT('',#2694);
#2694 = CARTESIAN_POINT('',(-1.414497185172,-2.534632989637,
    5.726512683923));
#2695 = B_SPLINE_CURVE_WITH_KNOTS('',1,(#2696,#2697),.UNSPECIFIED.,.F.,
  .F.,(2,2),(-5.069265979274,0.),.PIECEWISE_BEZIER_KNOTS.);
#2696 = CARTESIAN_POINT('',(-1.414497185172,-2.534632989637,
    5.726512683923));
#2697 = CARTESIAN_POINT('',(-1.414497185172,2.534632989637,
    5.726512683923));
#2698 = ORIENTED_EDGE('',*,*,#2699,.T.);
#2699 = EDGE_CURVE('',#2693,#142,#2700,.T.);
#2700 = ( BOUNDED_CURVE() B_SPLINE_CURVE(2,(#2701,#2702,#2703),
.UNSPECIFIED.,.F.,.F.) B_SPLINE_CURVE_WITH_KNOTS((3,3),(4.203372750872,
6.28318530718),.PIECEWISE_BEZIER_KNOTS.) CURVE() 
GEOMETRIC_REPRESENTATION_ITEM() RATIONAL_B_SPLINE_CURVE((1.,
0.506301081126,1.)) REPRESENTATION_ITEM('') );
#2701 = CARTESIAN_POINT('',(-1.414497185172,-2.534632989637,
    5.726512683923));
#2702 = CARTESIAN_POINT('',(2.902613766765,-4.943873820383,
    5.726512683923));
#2703 = CARTESIAN_POINT('',(2.902613766765,-7.10935331726E-16,
    5.726512683923));
#2704 = ORIENTED_EDGE('',*,*,#141,.T.);
#2705 = B_SPLINE_SURFACE_WITH_KNOTS('',1,1,(
    (#2706,#2707)
    ,(#2708,#2709
    )),.UNSPECIFIED.,.F.,.F.,.F.,(2,2),(2,2),(-1.414497185172,
    2.902613766765),(-2.902613766765,2.902613766765),
  .PIECEWISE_BEZIER_KNOTS.);
#2706 = CARTESIAN_POINT('',(-1.414497185172,-2.902613766765,
    5.726512683923));
#2707 = CARTESIAN_POINT('',(-1.414497185172,2.902613766765,
    5.726512683923));
#2708 = CARTESIAN_POINT('',(2.902613766765,-2.902613766765,
    5.726512683923));
#2709 = CARTESIAN_POINT('',(2.902613766765,2.902613766765,5.726512683923
    ));
#2710 = ADVANCED_FACE('',(#2711),#2731,.T.);
#2711 = FACE_BOUND('',#2712,.T.);
#2712 = EDGE_LOOP('',(#2713,#2714,#2722,#2723));
#2713 = ORIENTED_EDGE('',*,*,#274,.F.);
#2714 = ORIENTED_EDGE('',*,*,#2715,.T.);
#2715 = EDGE_CURVE('',#116,#114,#2716,.T.);
#2716 = ( BOUNDED_CURVE() B_SPLINE_CURVE(2,(#2717,#2718,#2719,#2720,
#2721),.UNSPECIFIED.,.F.,.F.) B_SPLINE_CURVE_WITH_KNOTS((3,2,3),(0.,
1.570796326795,3.14159265359),.PIECEWISE_BEZIER_KNOTS.) CURVE() 
GEOMETRIC_REPRESENTATION_ITEM() RATIONAL_B_SPLINE_CURVE((1.,
0.707106781187,1.,0.707106781187,1.)) REPRESENTATION_ITEM('') );
#2717 = CARTESIAN_POINT('',(3.099401140783,0.,5.529725309905));
#2718 = CARTESIAN_POINT('',(3.099401140783,-3.099401140783,
    5.529725309905));
#2719 = CARTESIAN_POINT('',(6.338727941667E-16,-3.099401140783,
    5.529725309905));
#2720 = CARTESIAN_POINT('',(-3.099401140783,-3.099401140783,
    5.529725309905));
#2721 = CARTESIAN_POINT('',(-3.099401140783,-3.795671686333E-16,
    5.529725309905));
#2722 = ORIENTED_EDGE('',*,*,#280,.T.);
#2723 = ORIENTED_EDGE('',*,*,#2724,.T.);
#2724 = EDGE_CURVE('',#232,#230,#2725,.T.);
#2725 = ( BOUNDED_CURVE() B_SPLINE_CURVE(2,(#2726,#2727,#2728,#2729,
#2730),.UNSPECIFIED.,.F.,.F.) B_SPLINE_CURVE_WITH_KNOTS((3,2,3),(0.,
1.570796326795,3.14159265359),.PIECEWISE_BEZIER_KNOTS.) CURVE() 
GEOMETRIC_REPRESENTATION_ITEM() RATIONAL_B_SPLINE_CURVE((1.,
0.707106781187,1.,0.707106781187,1.)) REPRESENTATION_ITEM('') );
#2726 = CARTESIAN_POINT('',(-3.099401140783,0.,1.699012240488));
#2727 = CARTESIAN_POINT('',(-3.099401140783,-3.099401140783,
    1.699012240488));
#2728 = CARTESIAN_POINT('',(2.543056255334E-16,-3.099401140783,
    1.699012240488));
#2729 = CARTESIAN_POINT('',(3.099401140783,-3.099401140783,
    1.699012240488));
#2730 = CARTESIAN_POINT('',(3.099401140783,-3.795671686333E-16,
    1.699012240488));
#2731 = ( BOUNDED_SURFACE() B_SPLINE_SURFACE(2,1,(
    (#2732,#2733)
    ,(#2734,#2735)
    ,(#2736,#2737)
    ,(#2738,#2739)
    ,(#2740,#2741
)),.UNSPECIFIED.,.F.,.F.,.F.) B_SPLINE_SURFACE_WITH_KNOTS((3,2,3),(2,2),
  (3.14159265359,4.712388980385,6.28318530718),(14.670051477599,
    18.500764547015),.PIECEWISE_BEZIER_KNOTS.) 
GEOMETRIC_REPRESENTATION_ITEM() RATIONAL_B_SPLINE_SURFACE((
    (1.,1.)
    ,(0.707106781187,0.707106781187)
    ,(1.,1.)
    ,(0.707106781187,0.707106781187)
,(1.,1.))) REPRESENTATION_ITEM('') SURFACE() );
#2732 = CARTESIAN_POINT('',(3.099401140783,3.795671686333E-16,
    5.529725309905));
#2733 = CARTESIAN_POINT('',(3.099401140783,3.795671686333E-16,
    1.699012240488));
#2734 = CARTESIAN_POINT('',(3.099401140783,-3.099401140783,
    5.529725309905));
#2735 = CARTESIAN_POINT('',(3.099401140783,-3.099401140783,
    1.699012240488));
#2736 = CARTESIAN_POINT('',(1.0134399628E-15,-3.099401140783,
    5.529725309905));
#2737 = CARTESIAN_POINT('',(1.0134399628E-15,-3.099401140783,
    1.699012240488));
#2738 = CARTESIAN_POINT('',(-3.099401140783,-3.099401140783,
    5.529725309905));
#2739 = CARTESIAN_POINT('',(-3.099401140783,-3.099401140783,
    1.699012240488));
#2740 = CARTESIAN_POINT('',(-3.099401140783,-7.591343372667E-16,
    5.529725309905));
#2741 = CARTESIAN_POINT('',(-3.099401140783,-7.591343372667E-16,
    1.699012240488));
#2742 = ADVANCED_FACE('',(#2743),#2749,.F.);
#2743 = FACE_BOUND('',#2744,.T.);
#2744 = EDGE_LOOP('',(#2745,#2746,#2747,#2748));
#2745 = ORIENTED_EDGE('',*,*,#2634,.F.);
#2746 = ORIENTED_EDGE('',*,*,#2134,.F.);
#2747 = ORIENTED_EDGE('',*,*,#2495,.F.);
#2748 = ORIENTED_EDGE('',*,*,#828,.F.);
#2749 = B_SPLINE_SURFACE_WITH_KNOTS('',1,1,(
    (#2750,#2751)
    ,(#2752,#2753
    )),.UNSPECIFIED.,.F.,.F.,.F.,(2,2),(2,2),(0.196787374018,
    0.98393687009),(0.,1.66979623944),.PIECEWISE_BEZIER_KNOTS.);
#2750 = CARTESIAN_POINT('',(2.066267427189,3.246991671296,0.806828333474
    ));
#2751 = CARTESIAN_POINT('',(3.246991671296,2.066267427189,0.806828333474
    ));
#2752 = CARTESIAN_POINT('',(2.066267427189,3.246991671296,
    1.96788374018E-02));
#2753 = CARTESIAN_POINT('',(3.246991671296,2.066267427189,
    1.96788374018E-02));
#2754 = ADVANCED_FACE('',(#2755),#2761,.F.);
#2755 = FACE_BOUND('',#2756,.T.);
#2756 = EDGE_LOOP('',(#2757,#2758,#2759,#2760));
#2757 = ORIENTED_EDGE('',*,*,#2652,.F.);
#2758 = ORIENTED_EDGE('',*,*,#2058,.F.);
#2759 = ORIENTED_EDGE('',*,*,#2521,.F.);
#2760 = ORIENTED_EDGE('',*,*,#2176,.F.);
#2761 = B_SPLINE_SURFACE_WITH_KNOTS('',1,1,(
    (#2762,#2763)
    ,(#2764,#2765
    )),.UNSPECIFIED.,.F.,.F.,.F.,(2,2),(2,2),(0.196787374018,
    0.98393687009),(0.,1.66979623944),.PIECEWISE_BEZIER_KNOTS.);
#2762 = CARTESIAN_POINT('',(3.246991671296,-2.066267427189,
    0.806828333474));
#2763 = CARTESIAN_POINT('',(2.066267427189,-3.246991671296,
    0.806828333474));
#2764 = CARTESIAN_POINT('',(3.246991671296,-2.066267427189,
    1.96788374018E-02));
#2765 = CARTESIAN_POINT('',(2.066267427189,-3.246991671296,
    1.96788374018E-02));
#2766 = ADVANCED_FACE('',(#2767),#2777,.F.);
#2767 = FACE_BOUND('',#2768,.T.);
#2768 = EDGE_LOOP('',(#2769,#2770,#2775,#2776));
#2769 = ORIENTED_EDGE('',*,*,#1853,.F.);
#2770 = ORIENTED_EDGE('',*,*,#2771,.T.);
#2771 = EDGE_CURVE('',#1847,#2502,#2772,.T.);
#2772 = B_SPLINE_CURVE_WITH_KNOTS('',1,(#2773,#2774),.UNSPECIFIED.,.F.,
  .F.,(2,2),(-0.,0.196787374018),.PIECEWISE_BEZIER_KNOTS.);
#2773 = CARTESIAN_POINT('',(0.393574748036,0.393574748036,0.21646621142)
  );
#2774 = CARTESIAN_POINT('',(0.393574748036,0.393574748036,
    1.96788374018E-02));
#2775 = ORIENTED_EDGE('',*,*,#2501,.T.);
#2776 = ORIENTED_EDGE('',*,*,#2120,.F.);
#2777 = B_SPLINE_SURFACE_WITH_KNOTS('',1,1,(
    (#2778,#2779)
    ,(#2780,#2781
    )),.UNSPECIFIED.,.F.,.F.,.F.,(2,2),(2,2),(-0.196787374018,0.),(
    -5.706833846521,-2.85341692326),.PIECEWISE_BEZIER_KNOTS.);
#2778 = CARTESIAN_POINT('',(0.393574748036,0.393574748036,
    1.96788374018E-02));
#2779 = CARTESIAN_POINT('',(3.246991671296,0.393574748036,
    1.96788374018E-02));
#2780 = CARTESIAN_POINT('',(0.393574748036,0.393574748036,0.21646621142)
  );
#2781 = CARTESIAN_POINT('',(3.246991671296,0.393574748036,0.21646621142)
  );
#2782 = ADVANCED_FACE('',(#2783),#2793,.F.);
#2783 = FACE_BOUND('',#2784,.T.);
#2784 = EDGE_LOOP('',(#2785,#2786,#2791,#2792));
#2785 = ORIENTED_EDGE('',*,*,#2515,.F.);
#2786 = ORIENTED_EDGE('',*,*,#2787,.F.);
#2787 = EDGE_CURVE('',#1840,#2509,#2788,.T.);
#2788 = B_SPLINE_CURVE_WITH_KNOTS('',1,(#2789,#2790),.UNSPECIFIED.,.F.,
  .F.,(2,2),(-0.,0.196787374018),.PIECEWISE_BEZIER_KNOTS.);
#2789 = CARTESIAN_POINT('',(0.393574748036,-0.393574748036,0.21646621142
    ));
#2790 = CARTESIAN_POINT('',(0.393574748036,-0.393574748036,
    1.96788374018E-02));
#2791 = ORIENTED_EDGE('',*,*,#1839,.F.);
#2792 = ORIENTED_EDGE('',*,*,#2190,.F.);
#2793 = B_SPLINE_SURFACE_WITH_KNOTS('',1,1,(
    (#2794,#2795)
    ,(#2796,#2797
    )),.UNSPECIFIED.,.F.,.F.,.F.,(2,2),(2,2),(-0.,0.196787374018),(
    -5.706833846521,-2.85341692326),.PIECEWISE_BEZIER_KNOTS.);
#2794 = CARTESIAN_POINT('',(0.393574748036,-0.393574748036,0.21646621142
    ));
#2795 = CARTESIAN_POINT('',(3.246991671296,-0.393574748036,0.21646621142
    ));
#2796 = CARTESIAN_POINT('',(0.393574748036,-0.393574748036,
    1.96788374018E-02));
#2797 = CARTESIAN_POINT('',(3.246991671296,-0.393574748036,
    1.96788374018E-02));
#2798 = ADVANCED_FACE('',(#2799),#2805,.F.);
#2799 = FACE_BOUND('',#2800,.T.);
#2800 = EDGE_LOOP('',(#2801,#2802,#2803,#2804));
#2801 = ORIENTED_EDGE('',*,*,#2508,.T.);
#2802 = ORIENTED_EDGE('',*,*,#2771,.F.);
#2803 = ORIENTED_EDGE('',*,*,#1846,.F.);
#2804 = ORIENTED_EDGE('',*,*,#2787,.T.);
#2805 = B_SPLINE_SURFACE_WITH_KNOTS('',1,1,(
    (#2806,#2807)
    ,(#2808,#2809
    )),.UNSPECIFIED.,.F.,.F.,.F.,(2,2),(2,2),(-0.196787374018,0.),(0.,
    0.787149496072),.PIECEWISE_BEZIER_KNOTS.);
#2806 = CARTESIAN_POINT('',(0.393574748036,-0.393574748036,
    1.96788374018E-02));
#2807 = CARTESIAN_POINT('',(0.393574748036,0.393574748036,
    1.96788374018E-02));
#2808 = CARTESIAN_POINT('',(0.393574748036,-0.393574748036,0.21646621142
    ));
#2809 = CARTESIAN_POINT('',(0.393574748036,0.393574748036,0.21646621142)
  );
#2810 = ADVANCED_FACE('',(#2811),#2821,.F.);
#2811 = FACE_BOUND('',#2812,.T.);
#2812 = EDGE_LOOP('',(#2813,#2814,#2819,#2820));
#2813 = ORIENTED_EDGE('',*,*,#2488,.F.);
#2814 = ORIENTED_EDGE('',*,*,#2815,.F.);
#2815 = EDGE_CURVE('',#1897,#2480,#2816,.T.);
#2816 = B_SPLINE_CURVE_WITH_KNOTS('',1,(#2817,#2818),.UNSPECIFIED.,.F.,
  .F.,(2,2),(-0.,0.196787374018),.PIECEWISE_BEZIER_KNOTS.);
#2817 = CARTESIAN_POINT('',(-0.393574748036,0.393574748036,0.21646621142
    ));
#2818 = CARTESIAN_POINT('',(-0.393574748036,0.393574748036,
    1.96788374018E-02));
#2819 = ORIENTED_EDGE('',*,*,#1896,.F.);
#2820 = ORIENTED_EDGE('',*,*,#2424,.F.);
#2821 = B_SPLINE_SURFACE_WITH_KNOTS('',1,1,(
    (#2822,#2823)
    ,(#2824,#2825
    )),.UNSPECIFIED.,.F.,.F.,.F.,(2,2),(2,2),(-0.196787374018,0.),(
    2.85341692326,5.706833846521),.PIECEWISE_BEZIER_KNOTS.);
#2822 = CARTESIAN_POINT('',(-3.246991671296,0.393574748036,
    1.96788374018E-02));
#2823 = CARTESIAN_POINT('',(-0.393574748036,0.393574748036,
    1.96788374018E-02));
#2824 = CARTESIAN_POINT('',(-3.246991671296,0.393574748036,0.21646621142
    ));
#2825 = CARTESIAN_POINT('',(-0.393574748036,0.393574748036,0.21646621142
    ));
#2826 = ADVANCED_FACE('',(#2827),#2837,.F.);
#2827 = FACE_BOUND('',#2828,.T.);
#2828 = EDGE_LOOP('',(#2829,#2830,#2835,#2836));
#2829 = ORIENTED_EDGE('',*,*,#1910,.F.);
#2830 = ORIENTED_EDGE('',*,*,#2831,.T.);
#2831 = EDGE_CURVE('',#1904,#2482,#2832,.T.);
#2832 = B_SPLINE_CURVE_WITH_KNOTS('',1,(#2833,#2834),.UNSPECIFIED.,.F.,
  .F.,(2,2),(-0.,0.196787374018),.PIECEWISE_BEZIER_KNOTS.);
#2833 = CARTESIAN_POINT('',(-0.393574748036,-0.393574748036,
    0.21646621142));
#2834 = CARTESIAN_POINT('',(-0.393574748036,-0.393574748036,
    1.96788374018E-02));
#2835 = ORIENTED_EDGE('',*,*,#2528,.T.);
#2836 = ORIENTED_EDGE('',*,*,#2436,.F.);
#2837 = B_SPLINE_SURFACE_WITH_KNOTS('',1,1,(
    (#2838,#2839)
    ,(#2840,#2841
    )),.UNSPECIFIED.,.F.,.F.,.F.,(2,2),(2,2),(0.,0.196787374018),(
    2.85341692326,5.706833846521),.PIECEWISE_BEZIER_KNOTS.);
#2838 = CARTESIAN_POINT('',(-3.246991671296,-0.393574748036,
    0.21646621142));
#2839 = CARTESIAN_POINT('',(-0.393574748036,-0.393574748036,
    0.21646621142));
#2840 = CARTESIAN_POINT('',(-3.246991671296,-0.393574748036,
    1.96788374018E-02));
#2841 = CARTESIAN_POINT('',(-0.393574748036,-0.393574748036,
    1.96788374018E-02));
#2842 = ADVANCED_FACE('',(#2843),#2849,.F.);
#2843 = FACE_BOUND('',#2844,.T.);
#2844 = EDGE_LOOP('',(#2845,#2846,#2847,#2848));
#2845 = ORIENTED_EDGE('',*,*,#2479,.T.);
#2846 = ORIENTED_EDGE('',*,*,#2831,.F.);
#2847 = ORIENTED_EDGE('',*,*,#1903,.F.);
#2848 = ORIENTED_EDGE('',*,*,#2815,.T.);
#2849 = B_SPLINE_SURFACE_WITH_KNOTS('',1,1,(
    (#2850,#2851)
    ,(#2852,#2853
    )),.UNSPECIFIED.,.F.,.F.,.F.,(2,2),(2,2),(0.,0.196787374018),(0.,
    0.787149496072),.PIECEWISE_BEZIER_KNOTS.);
#2850 = CARTESIAN_POINT('',(-0.393574748036,-0.393574748036,
    0.21646621142));
#2851 = CARTESIAN_POINT('',(-0.393574748036,0.393574748036,0.21646621142
    ));
#2852 = CARTESIAN_POINT('',(-0.393574748036,-0.393574748036,
    1.96788374018E-02));
#2853 = CARTESIAN_POINT('',(-0.393574748036,0.393574748036,
    1.96788374018E-02));
#2854 = ADVANCED_FACE('',(#2855),#2877,.F.);
#2855 = FACE_BOUND('',#2856,.T.);
#2856 = EDGE_LOOP('',(#2857,#2864,#2865,#2872));
#2857 = ORIENTED_EDGE('',*,*,#2858,.F.);
#2858 = EDGE_CURVE('',#1918,#2859,#2861,.T.);
#2859 = VERTEX_POINT('',#2860);
#2860 = CARTESIAN_POINT('',(-3.591369575828,-0.319779482779,
    0.21646621142));
#2861 = B_SPLINE_CURVE_WITH_KNOTS('',1,(#2862,#2863),.UNSPECIFIED.,.F.,
  .F.,(2,2),(-0.344377904531,0.),.PIECEWISE_BEZIER_KNOTS.);
#2862 = CARTESIAN_POINT('',(-3.246991671296,-0.319779482779,
    0.21646621142));
#2863 = CARTESIAN_POINT('',(-3.591369575828,-0.319779482779,
    0.21646621142));
#2864 = ORIENTED_EDGE('',*,*,#2430,.T.);
#2865 = ORIENTED_EDGE('',*,*,#2866,.F.);
#2866 = EDGE_CURVE('',#2867,#1883,#2869,.T.);
#2867 = VERTEX_POINT('',#2868);
#2868 = CARTESIAN_POINT('',(-3.591369575828,0.319779482779,0.21646621142
    ));
#2869 = B_SPLINE_CURVE_WITH_KNOTS('',1,(#2870,#2871),.UNSPECIFIED.,.F.,
  .F.,(2,2),(0.,0.344377904531),.PIECEWISE_BEZIER_KNOTS.);
#2870 = CARTESIAN_POINT('',(-3.591369575828,0.319779482779,0.21646621142
    ));
#2871 = CARTESIAN_POINT('',(-3.246991671296,0.319779482779,0.21646621142
    ));
#2872 = ORIENTED_EDGE('',*,*,#2873,.F.);
#2873 = EDGE_CURVE('',#2859,#2867,#2874,.T.);
#2874 = B_SPLINE_CURVE_WITH_KNOTS('',1,(#2875,#2876),.UNSPECIFIED.,.F.,
  .F.,(2,2),(0.,0.639558965558),.PIECEWISE_BEZIER_KNOTS.);
#2875 = CARTESIAN_POINT('',(-3.591369575828,-0.319779482779,
    0.21646621142));
#2876 = CARTESIAN_POINT('',(-3.591369575828,0.319779482779,0.21646621142
    ));
#2877 = B_SPLINE_SURFACE_WITH_KNOTS('',1,1,(
    (#2878,#2879)
    ,(#2880,#2881
    )),.UNSPECIFIED.,.F.,.F.,.F.,(2,2),(2,2),(3.246991671296,
    3.591369575828),(-0.319779482779,0.319779482779),
  .PIECEWISE_BEZIER_KNOTS.);
#2878 = CARTESIAN_POINT('',(-3.246991671296,-0.319779482779,
    0.21646621142));
#2879 = CARTESIAN_POINT('',(-3.246991671296,0.319779482779,0.21646621142
    ));
#2880 = CARTESIAN_POINT('',(-3.591369575828,-0.319779482779,
    0.21646621142));
#2881 = CARTESIAN_POINT('',(-3.591369575828,0.319779482779,0.21646621142
    ));
#2882 = ADVANCED_FACE('',(#2883),#2906,.F.);
#2883 = FACE_BOUND('',#2884,.T.);
#2884 = EDGE_LOOP('',(#2885,#2892,#2899,#2904,#2905));
#2885 = ORIENTED_EDGE('',*,*,#2886,.F.);
#2886 = EDGE_CURVE('',#2887,#1874,#2889,.T.);
#2887 = VERTEX_POINT('',#2888);
#2888 = CARTESIAN_POINT('',(-1.033133713594,0.319779482779,
    1.000000007557E-07));
#2889 = B_SPLINE_CURVE_WITH_KNOTS('',1,(#2890,#2891),.UNSPECIFIED.,.F.,
  .F.,(2,2),(2.65664790621,2.87311401763),.PIECEWISE_BEZIER_KNOTS.);
#2890 = CARTESIAN_POINT('',(-1.033133713594,0.319779482779,
    1.000000008876E-07));
#2891 = CARTESIAN_POINT('',(-1.033133713594,0.319779482779,0.21646621142
    ));
#2892 = ORIENTED_EDGE('',*,*,#2893,.T.);
#2893 = EDGE_CURVE('',#2887,#2894,#2896,.T.);
#2894 = VERTEX_POINT('',#2895);
#2895 = CARTESIAN_POINT('',(-3.591369575828,0.319779482779,
    9.999999990226E-08));
#2896 = B_SPLINE_CURVE_WITH_KNOTS('',1,(#2897,#2898),.UNSPECIFIED.,.F.,
  .F.,(2,2),(-2.558235862234,0.),.PIECEWISE_BEZIER_KNOTS.);
#2897 = CARTESIAN_POINT('',(-1.033133713594,0.319779482779,
    1.000000007557E-07));
#2898 = CARTESIAN_POINT('',(-3.591369575828,0.319779482779,
    1.000000007557E-07));
#2899 = ORIENTED_EDGE('',*,*,#2900,.T.);
#2900 = EDGE_CURVE('',#2894,#2867,#2901,.T.);
#2901 = B_SPLINE_CURVE_WITH_KNOTS('',1,(#2902,#2903),.UNSPECIFIED.,.F.,
  .F.,(2,2),(2.65664790621,2.87311401763),.PIECEWISE_BEZIER_KNOTS.);
#2902 = CARTESIAN_POINT('',(-3.591369575828,0.319779482779,
    9.999999999941E-08));
#2903 = CARTESIAN_POINT('',(-3.591369575828,0.319779482779,0.21646621142
    ));
#2904 = ORIENTED_EDGE('',*,*,#2866,.T.);
#2905 = ORIENTED_EDGE('',*,*,#1882,.F.);
#2906 = B_SPLINE_SURFACE_WITH_KNOTS('',1,1,(
    (#2907,#2908)
    ,(#2909,#2910
    )),.UNSPECIFIED.,.F.,.F.,.F.,(2,2),(2,2),(0.,2.558235862234),(
    2.65664790621,2.87311401763),.PIECEWISE_BEZIER_KNOTS.);
#2907 = CARTESIAN_POINT('',(-3.591369575828,0.319779482779,
    9.999999999941E-08));
#2908 = CARTESIAN_POINT('',(-3.591369575828,0.319779482779,0.21646621142
    ));
#2909 = CARTESIAN_POINT('',(-1.033133713594,0.319779482779,
    9.999999999941E-08));
#2910 = CARTESIAN_POINT('',(-1.033133713594,0.319779482779,0.21646621142
    ));
#2911 = ADVANCED_FACE('',(#2912),#2928,.F.);
#2912 = FACE_BOUND('',#2913,.T.);
#2913 = EDGE_LOOP('',(#2914,#2915,#2922,#2927));
#2914 = ORIENTED_EDGE('',*,*,#2900,.F.);
#2915 = ORIENTED_EDGE('',*,*,#2916,.T.);
#2916 = EDGE_CURVE('',#2894,#2917,#2919,.T.);
#2917 = VERTEX_POINT('',#2918);
#2918 = CARTESIAN_POINT('',(-3.591369575828,-0.319779482779,
    1.000000007557E-07));
#2919 = B_SPLINE_CURVE_WITH_KNOTS('',1,(#2920,#2921),.UNSPECIFIED.,.F.,
  .F.,(2,2),(-0.639558965558,0.),.PIECEWISE_BEZIER_KNOTS.);
#2920 = CARTESIAN_POINT('',(-3.591369575828,0.319779482779,
    1.000000007557E-07));
#2921 = CARTESIAN_POINT('',(-3.591369575828,-0.319779482779,
    1.000000007557E-07));
#2922 = ORIENTED_EDGE('',*,*,#2923,.T.);
#2923 = EDGE_CURVE('',#2917,#2859,#2924,.T.);
#2924 = B_SPLINE_CURVE_WITH_KNOTS('',1,(#2925,#2926),.UNSPECIFIED.,.F.,
  .F.,(2,2),(2.65664790621,2.87311401763),.PIECEWISE_BEZIER_KNOTS.);
#2925 = CARTESIAN_POINT('',(-3.591369575828,-0.319779482779,
    1.000000008876E-07));
#2926 = CARTESIAN_POINT('',(-3.591369575828,-0.319779482779,
    0.21646621142));
#2927 = ORIENTED_EDGE('',*,*,#2873,.T.);
#2928 = B_SPLINE_SURFACE_WITH_KNOTS('',1,1,(
    (#2929,#2930)
    ,(#2931,#2932
    )),.UNSPECIFIED.,.F.,.F.,.F.,(2,2),(2,2),(0.,0.639558965558),(
    2.65664790621,2.87311401763),.PIECEWISE_BEZIER_KNOTS.);
#2929 = CARTESIAN_POINT('',(-3.591369575828,-0.319779482779,
    9.999999999941E-08));
#2930 = CARTESIAN_POINT('',(-3.591369575828,-0.319779482779,
    0.21646621142));
#2931 = CARTESIAN_POINT('',(-3.591369575828,0.319779482779,
    9.999999999941E-08));
#2932 = CARTESIAN_POINT('',(-3.591369575828,0.319779482779,0.21646621142
    ));
#2933 = ADVANCED_FACE('',(#2934),#2951,.F.);
#2934 = FACE_BOUND('',#2935,.T.);
#2935 = EDGE_LOOP('',(#2936,#2937,#2944,#2949,#2950));
#2936 = ORIENTED_EDGE('',*,*,#2923,.F.);
#2937 = ORIENTED_EDGE('',*,*,#2938,.T.);
#2938 = EDGE_CURVE('',#2917,#2939,#2941,.T.);
#2939 = VERTEX_POINT('',#2940);
#2940 = CARTESIAN_POINT('',(-1.033133713594,-0.319779482779,
    1.000000007557E-07));
#2941 = B_SPLINE_CURVE_WITH_KNOTS('',1,(#2942,#2943),.UNSPECIFIED.,.F.,
  .F.,(2,2),(0.,2.558235862234),.PIECEWISE_BEZIER_KNOTS.);
#2942 = CARTESIAN_POINT('',(-3.591369575828,-0.319779482779,
    1.000000007557E-07));
#2943 = CARTESIAN_POINT('',(-1.033133713594,-0.319779482779,
    1.000000007557E-07));
#2944 = ORIENTED_EDGE('',*,*,#2945,.T.);
#2945 = EDGE_CURVE('',#2939,#1876,#2946,.T.);
#2946 = B_SPLINE_CURVE_WITH_KNOTS('',1,(#2947,#2948),.UNSPECIFIED.,.F.,
  .F.,(2,2),(2.65664790621,2.87311401763),.PIECEWISE_BEZIER_KNOTS.);
#2947 = CARTESIAN_POINT('',(-1.033133713594,-0.319779482779,
    1.000000008876E-07));
#2948 = CARTESIAN_POINT('',(-1.033133713594,-0.319779482779,
    0.21646621142));
#2949 = ORIENTED_EDGE('',*,*,#1924,.T.);
#2950 = ORIENTED_EDGE('',*,*,#2858,.T.);
#2951 = B_SPLINE_SURFACE_WITH_KNOTS('',1,1,(
    (#2952,#2953)
    ,(#2954,#2955
    )),.UNSPECIFIED.,.F.,.F.,.F.,(2,2),(2,2),(-2.558235862234,0.),(
    2.65664790621,2.87311401763),.PIECEWISE_BEZIER_KNOTS.);
#2952 = CARTESIAN_POINT('',(-1.033133713594,-0.319779482779,
    1.000000008876E-07));
#2953 = CARTESIAN_POINT('',(-1.033133713594,-0.319779482779,
    0.21646621142));
#2954 = CARTESIAN_POINT('',(-3.591369575828,-0.319779482779,
    1.000000008876E-07));
#2955 = CARTESIAN_POINT('',(-3.591369575828,-0.319779482779,
    0.21646621142));
#2956 = ADVANCED_FACE('',(#2957),#2967,.F.);
#2957 = FACE_BOUND('',#2958,.T.);
#2958 = EDGE_LOOP('',(#2959,#2960,#2965,#2966));
#2959 = ORIENTED_EDGE('',*,*,#2945,.F.);
#2960 = ORIENTED_EDGE('',*,*,#2961,.T.);
#2961 = EDGE_CURVE('',#2939,#2887,#2962,.T.);
#2962 = B_SPLINE_CURVE_WITH_KNOTS('',1,(#2963,#2964),.UNSPECIFIED.,.F.,
  .F.,(2,2),(0.,0.639558965558),.PIECEWISE_BEZIER_KNOTS.);
#2963 = CARTESIAN_POINT('',(-1.033133713594,-0.319779482779,
    1.000000007557E-07));
#2964 = CARTESIAN_POINT('',(-1.033133713594,0.319779482779,
    1.000000007557E-07));
#2965 = ORIENTED_EDGE('',*,*,#2886,.T.);
#2966 = ORIENTED_EDGE('',*,*,#1873,.T.);
#2967 = B_SPLINE_SURFACE_WITH_KNOTS('',1,1,(
    (#2968,#2969)
    ,(#2970,#2971
    )),.UNSPECIFIED.,.F.,.F.,.F.,(2,2),(2,2),(-0.639558965558,0.),(
    2.65664790621,2.87311401763),.PIECEWISE_BEZIER_KNOTS.);
#2968 = CARTESIAN_POINT('',(-1.033133713594,0.319779482779,
    1.000000008876E-07));
#2969 = CARTESIAN_POINT('',(-1.033133713594,0.319779482779,0.21646621142
    ));
#2970 = CARTESIAN_POINT('',(-1.033133713594,-0.319779482779,
    1.000000008876E-07));
#2971 = CARTESIAN_POINT('',(-1.033133713594,-0.319779482779,
    0.21646621142));
#2972 = ADVANCED_FACE('',(#2973),#2979,.F.);
#2973 = FACE_BOUND('',#2974,.T.);
#2974 = EDGE_LOOP('',(#2975,#2976,#2977,#2978));
#2975 = ORIENTED_EDGE('',*,*,#2938,.F.);
#2976 = ORIENTED_EDGE('',*,*,#2916,.F.);
#2977 = ORIENTED_EDGE('',*,*,#2893,.F.);
#2978 = ORIENTED_EDGE('',*,*,#2961,.F.);
#2979 = B_SPLINE_SURFACE_WITH_KNOTS('',1,1,(
    (#2980,#2981)
    ,(#2982,#2983
    )),.UNSPECIFIED.,.F.,.F.,.F.,(2,2),(2,2),(-3.591369575828,
    -1.033133713594),(-0.319779482779,0.319779482779),
  .PIECEWISE_BEZIER_KNOTS.);
#2980 = CARTESIAN_POINT('',(-3.591369575828,-0.319779482779,
    1.000000008078E-07));
#2981 = CARTESIAN_POINT('',(-3.591369575828,0.319779482779,
    1.000000008078E-07));
#2982 = CARTESIAN_POINT('',(-1.033133713594,-0.319779482779,
    1.000000008078E-07));
#2983 = CARTESIAN_POINT('',(-1.033133713594,0.319779482779,
    1.000000008078E-07));
#2984 = ADVANCED_FACE('',(#2985),#3007,.T.);
#2985 = FACE_BOUND('',#2986,.T.);
#2986 = EDGE_LOOP('',(#2987,#2988,#2995,#3002));
#2987 = ORIENTED_EDGE('',*,*,#2114,.F.);
#2988 = ORIENTED_EDGE('',*,*,#2989,.F.);
#2989 = EDGE_CURVE('',#2990,#1826,#2992,.T.);
#2990 = VERTEX_POINT('',#2991);
#2991 = CARTESIAN_POINT('',(3.591369575828,-0.319779482779,0.21646621142
    ));
#2992 = B_SPLINE_CURVE_WITH_KNOTS('',1,(#2993,#2994),.UNSPECIFIED.,.F.,
  .F.,(2,2),(0.,0.344377904531),.PIECEWISE_BEZIER_KNOTS.);
#2993 = CARTESIAN_POINT('',(3.591369575828,-0.319779482779,0.21646621142
    ));
#2994 = CARTESIAN_POINT('',(3.246991671296,-0.319779482779,0.21646621142
    ));
#2995 = ORIENTED_EDGE('',*,*,#2996,.F.);
#2996 = EDGE_CURVE('',#2997,#2990,#2999,.T.);
#2997 = VERTEX_POINT('',#2998);
#2998 = CARTESIAN_POINT('',(3.591369575828,0.319779482779,0.21646621142)
  );
#2999 = B_SPLINE_CURVE_WITH_KNOTS('',1,(#3000,#3001),.UNSPECIFIED.,.F.,
  .F.,(2,2),(-0.639558965558,-0.),.PIECEWISE_BEZIER_KNOTS.);
#3000 = CARTESIAN_POINT('',(3.591369575828,0.319779482779,0.21646621142)
  );
#3001 = CARTESIAN_POINT('',(3.591369575828,-0.319779482779,0.21646621142
    ));
#3002 = ORIENTED_EDGE('',*,*,#3003,.F.);
#3003 = EDGE_CURVE('',#1812,#2997,#3004,.T.);
#3004 = B_SPLINE_CURVE_WITH_KNOTS('',1,(#3005,#3006),.UNSPECIFIED.,.F.,
  .F.,(2,2),(-0.344377904531,0.),.PIECEWISE_BEZIER_KNOTS.);
#3005 = CARTESIAN_POINT('',(3.246991671296,0.319779482779,0.21646621142)
  );
#3006 = CARTESIAN_POINT('',(3.591369575828,0.319779482779,0.21646621142)
  );
#3007 = B_SPLINE_SURFACE_WITH_KNOTS('',1,1,(
    (#3008,#3009)
    ,(#3010,#3011
    )),.UNSPECIFIED.,.F.,.F.,.F.,(2,2),(2,2),(3.246991671296,
    3.591369575828),(-0.319779482779,0.319779482779),
  .PIECEWISE_BEZIER_KNOTS.);
#3008 = CARTESIAN_POINT('',(3.246991671296,-0.319779482779,0.21646621142
    ));
#3009 = CARTESIAN_POINT('',(3.246991671296,0.319779482779,0.21646621142)
  );
#3010 = CARTESIAN_POINT('',(3.591369575828,-0.319779482779,0.21646621142
    ));
#3011 = CARTESIAN_POINT('',(3.591369575828,0.319779482779,0.21646621142)
  );
#3012 = ADVANCED_FACE('',(#3013),#3036,.F.);
#3013 = FACE_BOUND('',#3014,.T.);
#3014 = EDGE_LOOP('',(#3015,#3022,#3029,#3034,#3035));
#3015 = ORIENTED_EDGE('',*,*,#3016,.F.);
#3016 = EDGE_CURVE('',#3017,#2997,#3019,.T.);
#3017 = VERTEX_POINT('',#3018);
#3018 = CARTESIAN_POINT('',(3.591369575828,0.319779482779,
    1.000000007557E-07));
#3019 = B_SPLINE_CURVE_WITH_KNOTS('',1,(#3020,#3021),.UNSPECIFIED.,.F.,
  .F.,(2,2),(2.65664790621,2.87311401763),.PIECEWISE_BEZIER_KNOTS.);
#3020 = CARTESIAN_POINT('',(3.591369575828,0.319779482779,
    1.000000008876E-07));
#3021 = CARTESIAN_POINT('',(3.591369575828,0.319779482779,0.21646621142)
  );
#3022 = ORIENTED_EDGE('',*,*,#3023,.T.);
#3023 = EDGE_CURVE('',#3017,#3024,#3026,.T.);
#3024 = VERTEX_POINT('',#3025);
#3025 = CARTESIAN_POINT('',(1.033133713594,0.319779482779,
    9.999999990226E-08));
#3026 = B_SPLINE_CURVE_WITH_KNOTS('',1,(#3027,#3028),.UNSPECIFIED.,.F.,
  .F.,(2,2),(0.,2.558235862234),.PIECEWISE_BEZIER_KNOTS.);
#3027 = CARTESIAN_POINT('',(3.591369575828,0.319779482779,
    1.000000007557E-07));
#3028 = CARTESIAN_POINT('',(1.033133713594,0.319779482779,
    1.000000007557E-07));
#3029 = ORIENTED_EDGE('',*,*,#3030,.T.);
#3030 = EDGE_CURVE('',#3024,#1810,#3031,.T.);
#3031 = B_SPLINE_CURVE_WITH_KNOTS('',1,(#3032,#3033),.UNSPECIFIED.,.F.,
  .F.,(2,2),(2.65664790621,2.87311401763),.PIECEWISE_BEZIER_KNOTS.);
#3032 = CARTESIAN_POINT('',(1.033133713594,0.319779482779,
    9.999999999941E-08));
#3033 = CARTESIAN_POINT('',(1.033133713594,0.319779482779,0.21646621142)
  );
#3034 = ORIENTED_EDGE('',*,*,#1809,.T.);
#3035 = ORIENTED_EDGE('',*,*,#3003,.T.);
#3036 = B_SPLINE_SURFACE_WITH_KNOTS('',1,1,(
    (#3037,#3038)
    ,(#3039,#3040
    )),.UNSPECIFIED.,.F.,.F.,.F.,(2,2),(2,2),(-2.558235862234,0.),(
    2.65664790621,2.87311401763),.PIECEWISE_BEZIER_KNOTS.);
#3037 = CARTESIAN_POINT('',(1.033133713594,0.319779482779,
    9.999999999941E-08));
#3038 = CARTESIAN_POINT('',(1.033133713594,0.319779482779,0.21646621142)
  );
#3039 = CARTESIAN_POINT('',(3.591369575828,0.319779482779,
    9.999999999941E-08));
#3040 = CARTESIAN_POINT('',(3.591369575828,0.319779482779,0.21646621142)
  );
#3041 = ADVANCED_FACE('',(#3042),#3058,.F.);
#3042 = FACE_BOUND('',#3043,.T.);
#3043 = EDGE_LOOP('',(#3044,#3045,#3052,#3057));
#3044 = ORIENTED_EDGE('',*,*,#3030,.F.);
#3045 = ORIENTED_EDGE('',*,*,#3046,.T.);
#3046 = EDGE_CURVE('',#3024,#3047,#3049,.T.);
#3047 = VERTEX_POINT('',#3048);
#3048 = CARTESIAN_POINT('',(1.033133713594,-0.319779482779,
    1.000000007557E-07));
#3049 = B_SPLINE_CURVE_WITH_KNOTS('',1,(#3050,#3051),.UNSPECIFIED.,.F.,
  .F.,(2,2),(-0.639558965558,0.),.PIECEWISE_BEZIER_KNOTS.);
#3050 = CARTESIAN_POINT('',(1.033133713594,0.319779482779,
    1.000000007557E-07));
#3051 = CARTESIAN_POINT('',(1.033133713594,-0.319779482779,
    1.000000007557E-07));
#3052 = ORIENTED_EDGE('',*,*,#3053,.T.);
#3053 = EDGE_CURVE('',#3047,#1819,#3054,.T.);
#3054 = B_SPLINE_CURVE_WITH_KNOTS('',1,(#3055,#3056),.UNSPECIFIED.,.F.,
  .F.,(2,2),(2.65664790621,2.87311401763),.PIECEWISE_BEZIER_KNOTS.);
#3055 = CARTESIAN_POINT('',(1.033133713594,-0.319779482779,
    1.000000008876E-07));
#3056 = CARTESIAN_POINT('',(1.033133713594,-0.319779482779,0.21646621142
    ));
#3057 = ORIENTED_EDGE('',*,*,#1818,.T.);
#3058 = B_SPLINE_SURFACE_WITH_KNOTS('',1,1,(
    (#3059,#3060)
    ,(#3061,#3062
    )),.UNSPECIFIED.,.F.,.F.,.F.,(2,2),(2,2),(0.,0.639558965558),(
    2.65664790621,2.87311401763),.PIECEWISE_BEZIER_KNOTS.);
#3059 = CARTESIAN_POINT('',(1.033133713594,-0.319779482779,
    9.999999999941E-08));
#3060 = CARTESIAN_POINT('',(1.033133713594,-0.319779482779,0.21646621142
    ));
#3061 = CARTESIAN_POINT('',(1.033133713594,0.319779482779,
    9.999999999941E-08));
#3062 = CARTESIAN_POINT('',(1.033133713594,0.319779482779,0.21646621142)
  );
#3063 = ADVANCED_FACE('',(#3064),#3081,.F.);
#3064 = FACE_BOUND('',#3065,.T.);
#3065 = EDGE_LOOP('',(#3066,#3067,#3074,#3079,#3080));
#3066 = ORIENTED_EDGE('',*,*,#3053,.F.);
#3067 = ORIENTED_EDGE('',*,*,#3068,.T.);
#3068 = EDGE_CURVE('',#3047,#3069,#3071,.T.);
#3069 = VERTEX_POINT('',#3070);
#3070 = CARTESIAN_POINT('',(3.591369575828,-0.319779482779,
    1.000000007557E-07));
#3071 = B_SPLINE_CURVE_WITH_KNOTS('',1,(#3072,#3073),.UNSPECIFIED.,.F.,
  .F.,(2,2),(-2.558235862234,0.),.PIECEWISE_BEZIER_KNOTS.);
#3072 = CARTESIAN_POINT('',(1.033133713594,-0.319779482779,
    1.000000007557E-07));
#3073 = CARTESIAN_POINT('',(3.591369575828,-0.319779482779,
    1.000000007557E-07));
#3074 = ORIENTED_EDGE('',*,*,#3075,.T.);
#3075 = EDGE_CURVE('',#3069,#2990,#3076,.T.);
#3076 = B_SPLINE_CURVE_WITH_KNOTS('',1,(#3077,#3078),.UNSPECIFIED.,.F.,
  .F.,(2,2),(2.65664790621,2.87311401763),.PIECEWISE_BEZIER_KNOTS.);
#3077 = CARTESIAN_POINT('',(3.591369575828,-0.319779482779,
    1.000000008876E-07));
#3078 = CARTESIAN_POINT('',(3.591369575828,-0.319779482779,0.21646621142
    ));
#3079 = ORIENTED_EDGE('',*,*,#2989,.T.);
#3080 = ORIENTED_EDGE('',*,*,#1825,.T.);
#3081 = B_SPLINE_SURFACE_WITH_KNOTS('',1,1,(
    (#3082,#3083)
    ,(#3084,#3085
    )),.UNSPECIFIED.,.F.,.F.,.F.,(2,2),(2,2),(0.,2.558235862234),(
    2.65664790621,2.87311401763),.PIECEWISE_BEZIER_KNOTS.);
#3082 = CARTESIAN_POINT('',(3.591369575828,-0.319779482779,
    1.000000008876E-07));
#3083 = CARTESIAN_POINT('',(3.591369575828,-0.319779482779,0.21646621142
    ));
#3084 = CARTESIAN_POINT('',(1.033133713594,-0.319779482779,
    1.000000008876E-07));
#3085 = CARTESIAN_POINT('',(1.033133713594,-0.319779482779,0.21646621142
    ));
#3086 = ADVANCED_FACE('',(#3087),#3097,.F.);
#3087 = FACE_BOUND('',#3088,.T.);
#3088 = EDGE_LOOP('',(#3089,#3090,#3095,#3096));
#3089 = ORIENTED_EDGE('',*,*,#3075,.F.);
#3090 = ORIENTED_EDGE('',*,*,#3091,.T.);
#3091 = EDGE_CURVE('',#3069,#3017,#3092,.T.);
#3092 = B_SPLINE_CURVE_WITH_KNOTS('',1,(#3093,#3094),.UNSPECIFIED.,.F.,
  .F.,(2,2),(0.,0.639558965558),.PIECEWISE_BEZIER_KNOTS.);
#3093 = CARTESIAN_POINT('',(3.591369575828,-0.319779482779,
    1.000000007557E-07));
#3094 = CARTESIAN_POINT('',(3.591369575828,0.319779482779,
    1.000000007557E-07));
#3095 = ORIENTED_EDGE('',*,*,#3016,.T.);
#3096 = ORIENTED_EDGE('',*,*,#2996,.T.);
#3097 = B_SPLINE_SURFACE_WITH_KNOTS('',1,1,(
    (#3098,#3099)
    ,(#3100,#3101
    )),.UNSPECIFIED.,.F.,.F.,.F.,(2,2),(2,2),(-0.639558965558,0.),(
    2.65664790621,2.87311401763),.PIECEWISE_BEZIER_KNOTS.);
#3098 = CARTESIAN_POINT('',(3.591369575828,0.319779482779,
    1.000000008876E-07));
#3099 = CARTESIAN_POINT('',(3.591369575828,0.319779482779,0.21646621142)
  );
#3100 = CARTESIAN_POINT('',(3.591369575828,-0.319779482779,
    1.000000008876E-07));
#3101 = CARTESIAN_POINT('',(3.591369575828,-0.319779482779,0.21646621142
    ));
#3102 = ADVANCED_FACE('',(#3103),#3109,.F.);
#3103 = FACE_BOUND('',#3104,.T.);
#3104 = EDGE_LOOP('',(#3105,#3106,#3107,#3108));
#3105 = ORIENTED_EDGE('',*,*,#3068,.F.);
#3106 = ORIENTED_EDGE('',*,*,#3046,.F.);
#3107 = ORIENTED_EDGE('',*,*,#3023,.F.);
#3108 = ORIENTED_EDGE('',*,*,#3091,.F.);
#3109 = B_SPLINE_SURFACE_WITH_KNOTS('',1,1,(
    (#3110,#3111)
    ,(#3112,#3113
    )),.UNSPECIFIED.,.F.,.F.,.F.,(2,2),(2,2),(1.033133713594,
    3.591369575828),(-0.319779482779,0.319779482779),
  .PIECEWISE_BEZIER_KNOTS.);
#3110 = CARTESIAN_POINT('',(1.033133713594,-0.319779482779,
    1.000000008078E-07));
#3111 = CARTESIAN_POINT('',(1.033133713594,0.319779482779,
    1.000000008078E-07));
#3112 = CARTESIAN_POINT('',(3.591369575828,-0.319779482779,
    1.000000008078E-07));
#3113 = CARTESIAN_POINT('',(3.591369575828,0.319779482779,
    1.000000008078E-07));
#3114 = ADVANCED_FACE('',(#3115),#3121,.T.);
#3115 = FACE_BOUND('',#3116,.T.);
#3116 = EDGE_LOOP('',(#3117,#3118,#3119,#3120));
#3117 = ORIENTED_EDGE('',*,*,#241,.F.);
#3118 = ORIENTED_EDGE('',*,*,#2724,.F.);
#3119 = ORIENTED_EDGE('',*,*,#248,.T.);
#3120 = ORIENTED_EDGE('',*,*,#76,.F.);
#3121 = ( BOUNDED_SURFACE() B_SPLINE_SURFACE(2,2,(
    (#3122,#3123,#3124)
    ,(#3125,#3126,#3127)
    ,(#3128,#3129,#3130)
    ,(#3131,#3132,#3133)
    ,(#3134,#3135,#3136
)),.UNSPECIFIED.,.F.,.F.,.F.) B_SPLINE_SURFACE_WITH_KNOTS((3,2,3),(3,3),
  (3.14159265359,4.712388980385,6.28318530718),(0.,0.749107630781),
.PIECEWISE_BEZIER_KNOTS.) GEOMETRIC_REPRESENTATION_ITEM() 
RATIONAL_B_SPLINE_SURFACE((
    (1.,0.930670954449,1.)
    ,(0.707106781187,0.658083742944,0.707106781187)
    ,(1.,0.930670954449,1.)
    ,(0.707106781187,0.658083742944,0.707106781187)
,(1.,0.930670954449,1.))) REPRESENTATION_ITEM('') SURFACE() );
#3122 = CARTESIAN_POINT('',(3.099401140783,3.795671686334E-16,
    1.699012240488));
#3123 = CARTESIAN_POINT('',(3.099401140783,3.795671686334E-16,
    1.621652890404));
#3124 = CARTESIAN_POINT('',(3.046720541057,3.731156558502E-16,
    1.565002881949));
#3125 = CARTESIAN_POINT('',(3.099401140783,-3.099401140783,
    1.699012240488));
#3126 = CARTESIAN_POINT('',(3.099401140783,-3.099401140783,
    1.621652890404));
#3127 = CARTESIAN_POINT('',(3.046720541057,-3.046720541057,
    1.565002881949));
#3128 = CARTESIAN_POINT('',(1.0134399628E-15,-3.099401140783,
    1.699012240488));
#3129 = CARTESIAN_POINT('',(1.0134399628E-15,-3.099401140783,
    1.621652890404));
#3130 = CARTESIAN_POINT('',(1.003762693625E-15,-3.046720541057,
    1.565002881949));
#3131 = CARTESIAN_POINT('',(-3.099401140783,-3.099401140783,
    1.699012240488));
#3132 = CARTESIAN_POINT('',(-3.099401140783,-3.099401140783,
    1.621652890404));
#3133 = CARTESIAN_POINT('',(-3.046720541057,-3.046720541057,
    1.565002881949));
#3134 = CARTESIAN_POINT('',(-3.099401140783,-7.591343372667E-16,
    1.699012240488));
#3135 = CARTESIAN_POINT('',(-3.099401140783,-7.591343372667E-16,
    1.621652890404));
#3136 = CARTESIAN_POINT('',(-3.046720541057,-7.462313117005E-16,
    1.565002881949));
#3137 = ADVANCED_FACE('',(#3138),#3144,.T.);
#3138 = FACE_BOUND('',#3139,.T.);
#3139 = EDGE_LOOP('',(#3140,#3141,#3142,#3143));
#3140 = ORIENTED_EDGE('',*,*,#186,.F.);
#3141 = ORIENTED_EDGE('',*,*,#305,.F.);
#3142 = ORIENTED_EDGE('',*,*,#204,.T.);
#3143 = ORIENTED_EDGE('',*,*,#1938,.F.);
#3144 = ( BOUNDED_SURFACE() B_SPLINE_SURFACE(2,2,(
    (#3145,#3146,#3147)
    ,(#3148,#3149,#3150)
    ,(#3151,#3152,#3153)
    ,(#3154,#3155,#3156)
    ,(#3157,#3158,#3159
)),.UNSPECIFIED.,.F.,.F.,.F.) B_SPLINE_SURFACE_WITH_KNOTS((3,2,3),(3,3),
  (3.14159265359,4.712388980385,6.28318530718),(5.534077676398,
    6.28318530718),.PIECEWISE_BEZIER_KNOTS.) 
GEOMETRIC_REPRESENTATION_ITEM() RATIONAL_B_SPLINE_SURFACE((
    (1.,0.930670954449,1.)
    ,(0.707106781187,0.658083742944,0.707106781187)
    ,(1.,0.930670954449,1.)
    ,(0.707106781187,0.658083742944,0.707106781187)
,(1.,0.930670954449,1.))) REPRESENTATION_ITEM('') SURFACE() );
#3145 = CARTESIAN_POINT('',(3.046720541057,3.731156558502E-16,
    1.118881216872));
#3146 = CARTESIAN_POINT('',(3.099401140783,3.795671686334E-16,
    1.062231208417));
#3147 = CARTESIAN_POINT('',(3.099401140783,3.795671686334E-16,
    0.984871858333));
#3148 = CARTESIAN_POINT('',(3.046720541057,-3.046720541057,
    1.118881216872));
#3149 = CARTESIAN_POINT('',(3.099401140783,-3.099401140783,
    1.062231208417));
#3150 = CARTESIAN_POINT('',(3.099401140783,-3.099401140783,
    0.984871858333));
#3151 = CARTESIAN_POINT('',(1.003762693625E-15,-3.046720541057,
    1.118881216872));
#3152 = CARTESIAN_POINT('',(1.0134399628E-15,-3.099401140783,
    1.062231208417));
#3153 = CARTESIAN_POINT('',(1.0134399628E-15,-3.099401140783,
    0.984871858333));
#3154 = CARTESIAN_POINT('',(-3.046720541057,-3.046720541057,
    1.118881216872));
#3155 = CARTESIAN_POINT('',(-3.099401140783,-3.099401140783,
    1.062231208417));
#3156 = CARTESIAN_POINT('',(-3.099401140783,-3.099401140783,
    0.984871858333));
#3157 = CARTESIAN_POINT('',(-3.046720541057,-7.462313117005E-16,
    1.118881216872));
#3158 = CARTESIAN_POINT('',(-3.099401140783,-7.591343372667E-16,
    1.062231208417));
#3159 = CARTESIAN_POINT('',(-3.099401140783,-7.591343372667E-16,
    0.984871858333));
#3160 = ADVANCED_FACE('',(#3161),#3173,.T.);
#3161 = FACE_BOUND('',#3162,.T.);
#3162 = EDGE_LOOP('',(#3163,#3164,#3165,#3166,#3167));
#3163 = ORIENTED_EDGE('',*,*,#125,.F.);
#3164 = ORIENTED_EDGE('',*,*,#2715,.F.);
#3165 = ORIENTED_EDGE('',*,*,#149,.T.);
#3166 = ORIENTED_EDGE('',*,*,#2699,.F.);
#3167 = ORIENTED_EDGE('',*,*,#3168,.F.);
#3168 = EDGE_CURVE('',#126,#2693,#3169,.T.);
#3169 = ( BOUNDED_CURVE() B_SPLINE_CURVE(2,(#3170,#3171,#3172),
.UNSPECIFIED.,.F.,.F.) B_SPLINE_CURVE_WITH_KNOTS((3,3),(3.14159265359,
4.203372750872),.PIECEWISE_BEZIER_KNOTS.) CURVE() 
GEOMETRIC_REPRESENTATION_ITEM() RATIONAL_B_SPLINE_CURVE((1.,
0.862356779559,1.)) REPRESENTATION_ITEM('') );
#3170 = CARTESIAN_POINT('',(-2.902613766765,3.55467665863E-16,
    5.726512683923));
#3171 = CARTESIAN_POINT('',(-2.902613766765,-1.704162967161,
    5.726512683923));
#3172 = CARTESIAN_POINT('',(-1.414497185172,-2.534632989637,
    5.726512683923));
#3173 = ( BOUNDED_SURFACE() B_SPLINE_SURFACE(2,2,(
    (#3174,#3175,#3176)
    ,(#3177,#3178,#3179)
    ,(#3180,#3181,#3182)
    ,(#3183,#3184,#3185)
    ,(#3186,#3187,#3188
)),.UNSPECIFIED.,.F.,.F.,.F.) B_SPLINE_SURFACE_WITH_KNOTS((3,2,3),(3,3),
  (3.14159265359,4.712388980385,6.28318530718),(0.,1.570796326795),
.PIECEWISE_BEZIER_KNOTS.) GEOMETRIC_REPRESENTATION_ITEM() 
RATIONAL_B_SPLINE_SURFACE((
    (1.,0.707106781187,1.)
    ,(0.707106781187,0.5,0.707106781187)
    ,(1.,0.707106781187,1.)
    ,(0.707106781187,0.5,0.707106781187)
,(1.,0.707106781187,1.))) REPRESENTATION_ITEM('') SURFACE() );
#3174 = CARTESIAN_POINT('',(-3.099401140783,3.795671686333E-16,
    5.529725309905));
#3175 = CARTESIAN_POINT('',(-3.099401140783,3.795671686333E-16,
    5.726512683923));
#3176 = CARTESIAN_POINT('',(-2.902613766765,3.55467665863E-16,
    5.726512683923));
#3177 = CARTESIAN_POINT('',(-3.099401140783,-3.099401140783,
    5.529725309905));
#3178 = CARTESIAN_POINT('',(-3.099401140783,-3.099401140783,
    5.726512683923));
#3179 = CARTESIAN_POINT('',(-2.902613766765,-2.902613766765,
    5.726512683923));
#3180 = CARTESIAN_POINT('',(-1.252615431E-16,-3.099401140783,
    5.529725309905));
#3181 = CARTESIAN_POINT('',(-1.252615431E-16,-3.099401140783,
    5.726512683923));
#3182 = CARTESIAN_POINT('',(-8.91122889444E-17,-2.902613766765,
    5.726512683923));
#3183 = CARTESIAN_POINT('',(3.099401140783,-3.099401140783,
    5.529725309905));
#3184 = CARTESIAN_POINT('',(3.099401140783,-3.099401140783,
    5.726512683923));
#3185 = CARTESIAN_POINT('',(2.902613766765,-2.902613766765,
    5.726512683923));
#3186 = CARTESIAN_POINT('',(3.099401140783,-7.591343372667E-16,
    5.529725309905));
#3187 = CARTESIAN_POINT('',(3.099401140783,-7.591343372667E-16,
    5.726512683923));
#3188 = CARTESIAN_POINT('',(2.902613766765,-7.10935331726E-16,
    5.726512683923));
#3189 = ADVANCED_FACE('',(#3190),#3214,.F.);
#3190 = FACE_BOUND('',#3191,.F.);
#3191 = EDGE_LOOP('',(#3192,#3199,#3207,#3212,#3213));
#3192 = ORIENTED_EDGE('',*,*,#3193,.F.);
#3193 = EDGE_CURVE('',#3194,#134,#3196,.T.);
#3194 = VERTEX_POINT('',#3195);
#3195 = CARTESIAN_POINT('',(-1.414497185172,2.534632989637,
    5.725528747053));
#3196 = B_SPLINE_CURVE_WITH_KNOTS('',1,(#3197,#3198),.UNSPECIFIED.,.F.,
  .F.,(2,2),(0.,9.839368700902E-04),.PIECEWISE_BEZIER_KNOTS.);
#3197 = CARTESIAN_POINT('',(-1.414497185172,2.534632989637,
    5.725528747053));
#3198 = CARTESIAN_POINT('',(-1.414497185172,2.534632989637,
    5.726512683923));
#3199 = ORIENTED_EDGE('',*,*,#3200,.T.);
#3200 = EDGE_CURVE('',#3194,#3201,#3203,.T.);
#3201 = VERTEX_POINT('',#3202);
#3202 = CARTESIAN_POINT('',(-1.414497185172,-2.534632989637,
    5.725528747053));
#3203 = ( BOUNDED_CURVE() B_SPLINE_CURVE(2,(#3204,#3205,#3206),
.UNSPECIFIED.,.F.,.F.) B_SPLINE_CURVE_WITH_KNOTS((3,3),(2.079812556307,
4.203372750872),.PIECEWISE_BEZIER_KNOTS.) CURVE() 
GEOMETRIC_REPRESENTATION_ITEM() RATIONAL_B_SPLINE_CURVE((1.,
0.487318430501,1.)) REPRESENTATION_ITEM('') );
#3204 = CARTESIAN_POINT('',(-1.414497185172,2.534632989637,
    5.725528747053));
#3205 = CARTESIAN_POINT('',(-5.956297946249,7.294361214642E-16,
    5.725528747053));
#3206 = CARTESIAN_POINT('',(-1.414497185172,-2.534632989637,
    5.725528747053));
#3207 = ORIENTED_EDGE('',*,*,#3208,.T.);
#3208 = EDGE_CURVE('',#3201,#2693,#3209,.T.);
#3209 = B_SPLINE_CURVE_WITH_KNOTS('',1,(#3210,#3211),.UNSPECIFIED.,.F.,
  .F.,(2,2),(0.,9.839368700902E-04),.PIECEWISE_BEZIER_KNOTS.);
#3210 = CARTESIAN_POINT('',(-1.414497185172,-2.534632989637,
    5.725528747053));
#3211 = CARTESIAN_POINT('',(-1.414497185172,-2.534632989637,
    5.726512683923));
#3212 = ORIENTED_EDGE('',*,*,#3168,.F.);
#3213 = ORIENTED_EDGE('',*,*,#133,.F.);
#3214 = ( BOUNDED_SURFACE() B_SPLINE_SURFACE(2,1,(
    (#3215,#3216)
    ,(#3217,#3218)
    ,(#3219,#3220
)),.UNSPECIFIED.,.F.,.F.,.F.) B_SPLINE_SURFACE_WITH_KNOTS((3,3),(2,2),(
    2.079812556307,4.203372750872),(0.,9.839368700902E-04),
.PIECEWISE_BEZIER_KNOTS.) GEOMETRIC_REPRESENTATION_ITEM() 
RATIONAL_B_SPLINE_SURFACE((
    (1.,1.)
    ,(0.487318430501,0.487318430501)
,(1.,1.))) REPRESENTATION_ITEM('') SURFACE() );
#3215 = CARTESIAN_POINT('',(-1.414497185172,2.534632989637,
    5.725528747053));
#3216 = CARTESIAN_POINT('',(-1.414497185172,2.534632989637,
    5.726512683923));
#3217 = CARTESIAN_POINT('',(-5.956297946249,7.294361214642E-16,
    5.725528747053));
#3218 = CARTESIAN_POINT('',(-5.956297946249,7.294361214642E-16,
    5.726512683923));
#3219 = CARTESIAN_POINT('',(-1.414497185172,-2.534632989637,
    5.725528747053));
#3220 = CARTESIAN_POINT('',(-1.414497185172,-2.534632989637,
    5.726512683923));
#3221 = ADVANCED_FACE('',(#3222),#3232,.F.);
#3222 = FACE_BOUND('',#3223,.T.);
#3223 = EDGE_LOOP('',(#3224,#3225,#3226,#3231));
#3224 = ORIENTED_EDGE('',*,*,#2692,.T.);
#3225 = ORIENTED_EDGE('',*,*,#3193,.F.);
#3226 = ORIENTED_EDGE('',*,*,#3227,.F.);
#3227 = EDGE_CURVE('',#3201,#3194,#3228,.T.);
#3228 = B_SPLINE_CURVE_WITH_KNOTS('',1,(#3229,#3230),.UNSPECIFIED.,.F.,
  .F.,(2,2),(-5.069265979274,0.),.PIECEWISE_BEZIER_KNOTS.);
#3229 = CARTESIAN_POINT('',(-1.414497185172,-2.534632989637,
    5.725528747053));
#3230 = CARTESIAN_POINT('',(-1.414497185172,2.534632989637,
    5.725528747053));
#3231 = ORIENTED_EDGE('',*,*,#3208,.T.);
#3232 = B_SPLINE_SURFACE_WITH_KNOTS('',1,1,(
    (#3233,#3234)
    ,(#3235,#3236
    )),.UNSPECIFIED.,.F.,.F.,.F.,(2,2),(2,2),(-9.839368700906E-04,0.),(
    -5.069265979274,0.),.PIECEWISE_BEZIER_KNOTS.);
#3233 = CARTESIAN_POINT('',(-1.414497185172,-2.534632989637,
    5.726512683923));
#3234 = CARTESIAN_POINT('',(-1.414497185172,2.534632989637,
    5.726512683923));
#3235 = CARTESIAN_POINT('',(-1.414497185172,-2.534632989637,
    5.725528747053));
#3236 = CARTESIAN_POINT('',(-1.414497185172,2.534632989637,
    5.725528747053));
#3237 = ADVANCED_FACE('',(#3238),#3242,.T.);
#3238 = FACE_BOUND('',#3239,.T.);
#3239 = EDGE_LOOP('',(#3240,#3241));
#3240 = ORIENTED_EDGE('',*,*,#3200,.T.);
#3241 = ORIENTED_EDGE('',*,*,#3227,.T.);
#3242 = B_SPLINE_SURFACE_WITH_KNOTS('',1,1,(
    (#3243,#3244)
    ,(#3245,#3246
    )),.UNSPECIFIED.,.F.,.F.,.F.,(2,2),(2,2),(-2.902613766765,
    -1.414497185172),(-2.534632989637,2.534632989637),
  .PIECEWISE_BEZIER_KNOTS.);
#3243 = CARTESIAN_POINT('',(-2.902613766765,-2.534632989637,
    5.725528747053));
#3244 = CARTESIAN_POINT('',(-2.902613766765,2.534632989637,
    5.725528747053));
#3245 = CARTESIAN_POINT('',(-1.414497185172,-2.534632989637,
    5.725528747053));
#3246 = CARTESIAN_POINT('',(-1.414497185172,2.534632989637,
    5.725528747053));
#3247 = ADVANCED_FACE('',(#3248),#3270,.F.);
#3248 = FACE_BOUND('',#3249,.T.);
#3249 = EDGE_LOOP('',(#3250,#3251,#3258,#3265));
#3250 = ORIENTED_EDGE('',*,*,#877,.T.);
#3251 = ORIENTED_EDGE('',*,*,#3252,.F.);
#3252 = EDGE_CURVE('',#3253,#880,#3255,.T.);
#3253 = VERTEX_POINT('',#3254);
#3254 = CARTESIAN_POINT('',(-2.129229060191,3.247975608167,
    0.612412749247));
#3255 = B_SPLINE_CURVE_WITH_KNOTS('',1,(#3256,#3257),.UNSPECIFIED.,.F.,
  .F.,(2,2),(-0.,9.839368700902E-04),.PIECEWISE_BEZIER_KNOTS.);
#3256 = CARTESIAN_POINT('',(-2.129229060191,3.247975608167,
    0.612412749247));
#3257 = CARTESIAN_POINT('',(-2.129229060191,3.246991671296,
    0.612412749247));
#3258 = ORIENTED_EDGE('',*,*,#3259,.F.);
#3259 = EDGE_CURVE('',#3260,#3253,#3262,.T.);
#3260 = VERTEX_POINT('',#3261);
#3261 = CARTESIAN_POINT('',(-2.129067258151,3.247975608167,
    0.589599170878));
#3262 = B_SPLINE_CURVE_WITH_KNOTS('',1,(#3263,#3264),.UNSPECIFIED.,.F.,
  .F.,(2,2),(-2.281415214117E-02,0.),.PIECEWISE_BEZIER_KNOTS.);
#3263 = CARTESIAN_POINT('',(-2.129067258151,3.247975608167,
    0.589599170878));
#3264 = CARTESIAN_POINT('',(-2.129229060191,3.247975608167,
    0.612412749247));
#3265 = ORIENTED_EDGE('',*,*,#3266,.T.);
#3266 = EDGE_CURVE('',#3260,#878,#3267,.T.);
#3267 = B_SPLINE_CURVE_WITH_KNOTS('',1,(#3268,#3269),.UNSPECIFIED.,.F.,
  .F.,(2,2),(-0.,9.839368700902E-04),.PIECEWISE_BEZIER_KNOTS.);
#3268 = CARTESIAN_POINT('',(-2.129067258151,3.247975608167,
    0.589599170878));
#3269 = CARTESIAN_POINT('',(-2.129067258151,3.246991671296,
    0.589599170878));
#3270 = B_SPLINE_SURFACE_WITH_KNOTS('',1,1,(
    (#3271,#3272)
    ,(#3273,#3274
    )),.UNSPECIFIED.,.F.,.F.,.F.,(2,2),(2,2),(0.,2.281415214117E-02),(
    -9.839368700902E-04,0.),.PIECEWISE_BEZIER_KNOTS.);
#3271 = CARTESIAN_POINT('',(-2.129229060191,3.246991671296,
    0.612412749247));
#3272 = CARTESIAN_POINT('',(-2.129229060191,3.247975608167,
    0.612412749247));
#3273 = CARTESIAN_POINT('',(-2.129067258151,3.246991671296,
    0.589599170878));
#3274 = CARTESIAN_POINT('',(-2.129067258151,3.247975608167,
    0.589599170878));
#3275 = ADVANCED_FACE('',(#3276),#3292,.F.);
#3276 = FACE_BOUND('',#3277,.T.);
#3277 = EDGE_LOOP('',(#3278,#3279,#3286,#3291));
#3278 = ORIENTED_EDGE('',*,*,#914,.T.);
#3279 = ORIENTED_EDGE('',*,*,#3280,.F.);
#3280 = EDGE_CURVE('',#3281,#908,#3283,.T.);
#3281 = VERTEX_POINT('',#3282);
#3282 = CARTESIAN_POINT('',(-2.04953499046,3.247975608167,0.612977968031
    ));
#3283 = B_SPLINE_CURVE_WITH_KNOTS('',1,(#3284,#3285),.UNSPECIFIED.,.F.,
  .F.,(2,2),(-0.,9.839368700902E-04),.PIECEWISE_BEZIER_KNOTS.);
#3284 = CARTESIAN_POINT('',(-2.04953499046,3.247975608167,0.612977968031
    ));
#3285 = CARTESIAN_POINT('',(-2.04953499046,3.246991671296,0.612977968031
    ));
#3286 = ORIENTED_EDGE('',*,*,#3287,.F.);
#3287 = EDGE_CURVE('',#3253,#3281,#3288,.T.);
#3288 = B_SPLINE_CURVE_WITH_KNOTS('',1,(#3289,#3290),.UNSPECIFIED.,.F.,
  .F.,(2,2),(-7.969607407248E-02,0.),.PIECEWISE_BEZIER_KNOTS.);
#3289 = CARTESIAN_POINT('',(-2.129229060191,3.247975608167,
    0.612412749247));
#3290 = CARTESIAN_POINT('',(-2.04953499046,3.247975608167,0.612977968031
    ));
#3291 = ORIENTED_EDGE('',*,*,#3252,.T.);
#3292 = B_SPLINE_SURFACE_WITH_KNOTS('',1,1,(
    (#3293,#3294)
    ,(#3295,#3296
    )),.UNSPECIFIED.,.F.,.F.,.F.,(2,2),(2,2),(-0.,7.969607407248E-02),(
    -9.839368700902E-04,0.),.PIECEWISE_BEZIER_KNOTS.);
#3293 = CARTESIAN_POINT('',(-2.04953499046,3.246991671296,0.612977968031
    ));
#3294 = CARTESIAN_POINT('',(-2.04953499046,3.247975608167,0.612977968031
    ));
#3295 = CARTESIAN_POINT('',(-2.129229060191,3.246991671296,
    0.612412749247));
#3296 = CARTESIAN_POINT('',(-2.129229060191,3.247975608167,
    0.612412749247));
#3297 = ADVANCED_FACE('',(#3298),#3314,.F.);
#3298 = FACE_BOUND('',#3299,.T.);
#3299 = EDGE_LOOP('',(#3300,#3301,#3308,#3313));
#3300 = ORIENTED_EDGE('',*,*,#907,.T.);
#3301 = ORIENTED_EDGE('',*,*,#3302,.F.);
#3302 = EDGE_CURVE('',#3303,#901,#3305,.T.);
#3303 = VERTEX_POINT('',#3304);
#3304 = CARTESIAN_POINT('',(-2.050792402722,3.247975608167,
    0.790269139845));
#3305 = B_SPLINE_CURVE_WITH_KNOTS('',1,(#3306,#3307),.UNSPECIFIED.,.F.,
  .F.,(2,2),(-0.,9.839368700902E-04),.PIECEWISE_BEZIER_KNOTS.);
#3306 = CARTESIAN_POINT('',(-2.050792402722,3.247975608167,
    0.790269139845));
#3307 = CARTESIAN_POINT('',(-2.050792402722,3.246991671296,
    0.790269139845));
#3308 = ORIENTED_EDGE('',*,*,#3309,.F.);
#3309 = EDGE_CURVE('',#3281,#3303,#3310,.T.);
#3310 = B_SPLINE_CURVE_WITH_KNOTS('',1,(#3311,#3312),.UNSPECIFIED.,.F.,
  .F.,(2,2),(-0.177295630766,0.),.PIECEWISE_BEZIER_KNOTS.);
#3311 = CARTESIAN_POINT('',(-2.04953499046,3.247975608167,0.612977968031
    ));
#3312 = CARTESIAN_POINT('',(-2.050792402722,3.247975608167,
    0.790269139845));
#3313 = ORIENTED_EDGE('',*,*,#3280,.T.);
#3314 = B_SPLINE_SURFACE_WITH_KNOTS('',1,1,(
    (#3315,#3316)
    ,(#3317,#3318
    )),.UNSPECIFIED.,.F.,.F.,.F.,(2,2),(2,2),(0.,0.177295630766),(
    -9.839368700902E-04,0.),.PIECEWISE_BEZIER_KNOTS.);
#3315 = CARTESIAN_POINT('',(-2.050792402722,3.246991671296,
    0.790269139845));
#3316 = CARTESIAN_POINT('',(-2.050792402722,3.247975608167,
    0.790269139845));
#3317 = CARTESIAN_POINT('',(-2.04953499046,3.246991671296,0.612977968031
    ));
#3318 = CARTESIAN_POINT('',(-2.04953499046,3.247975608167,0.612977968031
    ));
#3319 = ADVANCED_FACE('',(#3320),#3336,.F.);
#3320 = FACE_BOUND('',#3321,.T.);
#3321 = EDGE_LOOP('',(#3322,#3323,#3330,#3335));
#3322 = ORIENTED_EDGE('',*,*,#900,.T.);
#3323 = ORIENTED_EDGE('',*,*,#3324,.F.);
#3324 = EDGE_CURVE('',#3325,#894,#3327,.T.);
#3325 = VERTEX_POINT('',#3326);
#3326 = CARTESIAN_POINT('',(-2.024960884614,3.247975608167,0.79045234619
    ));
#3327 = B_SPLINE_CURVE_WITH_KNOTS('',1,(#3328,#3329),.UNSPECIFIED.,.F.,
  .F.,(2,2),(-0.,9.839368700902E-04),.PIECEWISE_BEZIER_KNOTS.);
#3328 = CARTESIAN_POINT('',(-2.024960884614,3.247975608167,0.79045234619
    ));
#3329 = CARTESIAN_POINT('',(-2.024960884614,3.246991671296,0.79045234619
    ));
#3330 = ORIENTED_EDGE('',*,*,#3331,.F.);
#3331 = EDGE_CURVE('',#3303,#3325,#3332,.T.);
#3332 = B_SPLINE_CURVE_WITH_KNOTS('',1,(#3333,#3334),.UNSPECIFIED.,.F.,
  .F.,(2,2),(-2.583216778315E-02,0.),.PIECEWISE_BEZIER_KNOTS.);
#3333 = CARTESIAN_POINT('',(-2.050792402722,3.247975608167,
    0.790269139845));
#3334 = CARTESIAN_POINT('',(-2.024960884614,3.247975608167,0.79045234619
    ));
#3335 = ORIENTED_EDGE('',*,*,#3302,.T.);
#3336 = B_SPLINE_SURFACE_WITH_KNOTS('',1,1,(
    (#3337,#3338)
    ,(#3339,#3340
    )),.UNSPECIFIED.,.F.,.F.,.F.,(2,2),(2,2),(-4.369447578246E-16,
    2.583216778315E-02),(-9.839368700902E-04,0.),
  .PIECEWISE_BEZIER_KNOTS.);
#3337 = CARTESIAN_POINT('',(-2.024960884614,3.246991671296,0.79045234619
    ));
#3338 = CARTESIAN_POINT('',(-2.024960884614,3.247975608167,0.79045234619
    ));
#3339 = CARTESIAN_POINT('',(-2.050792402722,3.246991671296,
    0.790269139845));
#3340 = CARTESIAN_POINT('',(-2.050792402722,3.247975608167,
    0.790269139845));
#3341 = ADVANCED_FACE('',(#3342),#3358,.F.);
#3342 = FACE_BOUND('',#3343,.T.);
#3343 = EDGE_LOOP('',(#3344,#3345,#3352,#3357));
#3344 = ORIENTED_EDGE('',*,*,#893,.T.);
#3345 = ORIENTED_EDGE('',*,*,#3346,.F.);
#3346 = EDGE_CURVE('',#3347,#887,#3349,.T.);
#3347 = VERTEX_POINT('',#3348);
#3348 = CARTESIAN_POINT('',(-2.023541670312,3.247975608167,
    0.590347596007));
#3349 = B_SPLINE_CURVE_WITH_KNOTS('',1,(#3350,#3351),.UNSPECIFIED.,.F.,
  .F.,(2,2),(-0.,9.839368700902E-04),.PIECEWISE_BEZIER_KNOTS.);
#3350 = CARTESIAN_POINT('',(-2.023541670312,3.247975608167,
    0.590347596007));
#3351 = CARTESIAN_POINT('',(-2.023541670312,3.246991671296,
    0.590347596007));
#3352 = ORIENTED_EDGE('',*,*,#3353,.F.);
#3353 = EDGE_CURVE('',#3325,#3347,#3354,.T.);
#3354 = B_SPLINE_CURVE_WITH_KNOTS('',1,(#3355,#3356),.UNSPECIFIED.,.F.,
  .F.,(2,2),(-0.200109782907,0.),.PIECEWISE_BEZIER_KNOTS.);
#3355 = CARTESIAN_POINT('',(-2.024960884614,3.247975608167,0.79045234619
    ));
#3356 = CARTESIAN_POINT('',(-2.023541670312,3.247975608167,
    0.590347596007));
#3357 = ORIENTED_EDGE('',*,*,#3324,.T.);
#3358 = B_SPLINE_SURFACE_WITH_KNOTS('',1,1,(
    (#3359,#3360)
    ,(#3361,#3362
    )),.UNSPECIFIED.,.F.,.F.,.F.,(2,2),(2,2),(0.,0.200109782907),(
    -9.839368700902E-04,0.),.PIECEWISE_BEZIER_KNOTS.);
#3359 = CARTESIAN_POINT('',(-2.023541670312,3.246991671296,
    0.590347596007));
#3360 = CARTESIAN_POINT('',(-2.023541670312,3.247975608167,
    0.590347596007));
#3361 = CARTESIAN_POINT('',(-2.024960884614,3.246991671296,0.79045234619
    ));
#3362 = CARTESIAN_POINT('',(-2.024960884614,3.247975608167,0.79045234619
    ));
#3363 = ADVANCED_FACE('',(#3364),#3374,.F.);
#3364 = FACE_BOUND('',#3365,.T.);
#3365 = EDGE_LOOP('',(#3366,#3367,#3368,#3373));
#3366 = ORIENTED_EDGE('',*,*,#886,.T.);
#3367 = ORIENTED_EDGE('',*,*,#3266,.F.);
#3368 = ORIENTED_EDGE('',*,*,#3369,.F.);
#3369 = EDGE_CURVE('',#3347,#3260,#3370,.T.);
#3370 = B_SPLINE_CURVE_WITH_KNOTS('',1,(#3371,#3372),.UNSPECIFIED.,.F.,
  .F.,(2,2),(-0.105528241856,-0.),.PIECEWISE_BEZIER_KNOTS.);
#3371 = CARTESIAN_POINT('',(-2.023541670312,3.247975608167,
    0.590347596007));
#3372 = CARTESIAN_POINT('',(-2.129067258151,3.247975608167,
    0.589599170878));
#3373 = ORIENTED_EDGE('',*,*,#3346,.T.);
#3374 = B_SPLINE_SURFACE_WITH_KNOTS('',1,1,(
    (#3375,#3376)
    ,(#3377,#3378
    )),.UNSPECIFIED.,.F.,.F.,.F.,(2,2),(2,2),(0.,0.105528241856),(
    -9.839368700902E-04,0.),.PIECEWISE_BEZIER_KNOTS.);
#3375 = CARTESIAN_POINT('',(-2.129067258151,3.246991671296,
    0.589599170878));
#3376 = CARTESIAN_POINT('',(-2.129067258151,3.247975608167,
    0.589599170878));
#3377 = CARTESIAN_POINT('',(-2.023541670312,3.246991671296,
    0.590347596007));
#3378 = CARTESIAN_POINT('',(-2.023541670312,3.247975608167,
    0.590347596007));
#3379 = ADVANCED_FACE('',(#3380),#3388,.F.);
#3380 = FACE_BOUND('',#3381,.T.);
#3381 = EDGE_LOOP('',(#3382,#3383,#3384,#3385,#3386,#3387));
#3382 = ORIENTED_EDGE('',*,*,#3259,.T.);
#3383 = ORIENTED_EDGE('',*,*,#3287,.T.);
#3384 = ORIENTED_EDGE('',*,*,#3309,.T.);
#3385 = ORIENTED_EDGE('',*,*,#3331,.T.);
#3386 = ORIENTED_EDGE('',*,*,#3353,.T.);
#3387 = ORIENTED_EDGE('',*,*,#3369,.T.);
#3388 = B_SPLINE_SURFACE_WITH_KNOTS('',1,1,(
    (#3389,#3390)
    ,(#3391,#3392
    )),.UNSPECIFIED.,.F.,.F.,.F.,(2,2),(2,2),(-0.770773508788,
    -0.569920333476),(-2.129229060191,-2.023541670312),
  .PIECEWISE_BEZIER_KNOTS.);
#3389 = CARTESIAN_POINT('',(-2.129229060191,3.247975608167,0.79045234619
    ));
#3390 = CARTESIAN_POINT('',(-2.023541670312,3.247975608167,0.79045234619
    ));
#3391 = CARTESIAN_POINT('',(-2.129229060191,3.247975608167,
    0.589599170878));
#3392 = CARTESIAN_POINT('',(-2.023541670312,3.247975608167,
    0.589599170878));
#3393 = ADVANCED_FACE('',(#3394),#3418,.F.);
#3394 = FACE_BOUND('',#3395,.F.);
#3395 = EDGE_LOOP('',(#3396,#3403,#3412,#3417));
#3396 = ORIENTED_EDGE('',*,*,#3397,.F.);
#3397 = EDGE_CURVE('',#3398,#696,#3400,.T.);
#3398 = VERTEX_POINT('',#3399);
#3399 = CARTESIAN_POINT('',(-2.231653265494,3.247975608167,
    0.585495424098));
#3400 = B_SPLINE_CURVE_WITH_KNOTS('',1,(#3401,#3402),.UNSPECIFIED.,.F.,
  .F.,(2,2),(-0.,9.839368700902E-04),.PIECEWISE_BEZIER_KNOTS.);
#3401 = CARTESIAN_POINT('',(-2.231653265494,3.247975608167,
    0.585495424098));
#3402 = CARTESIAN_POINT('',(-2.231653265494,3.246991671296,
    0.585495424098));
#3403 = ORIENTED_EDGE('',*,*,#3404,.T.);
#3404 = EDGE_CURVE('',#3398,#3405,#3407,.T.);
#3405 = VERTEX_POINT('',#3406);
#3406 = CARTESIAN_POINT('',(-2.28713307769,3.247975608167,0.596765074904
    ));
#3407 = B_SPLINE_CURVE_WITH_KNOTS('',3,(#3408,#3409,#3410,#3411),
  .UNSPECIFIED.,.F.,.F.,(4,4),(0.,1.),.PIECEWISE_BEZIER_KNOTS.);
#3408 = CARTESIAN_POINT('',(-2.231653265494,3.247975608167,
    0.585495424098));
#3409 = CARTESIAN_POINT('',(-2.253853025611,3.247975608167,
    0.585337975477));
#3410 = CARTESIAN_POINT('',(-2.272346296343,3.247975608167,
    0.589094525745));
#3411 = CARTESIAN_POINT('',(-2.28713307769,3.247975608167,0.596765074904
    ));
#3412 = ORIENTED_EDGE('',*,*,#3413,.T.);
#3413 = EDGE_CURVE('',#3405,#698,#3414,.T.);
#3414 = B_SPLINE_CURVE_WITH_KNOTS('',1,(#3415,#3416),.UNSPECIFIED.,.F.,
  .F.,(2,2),(-0.,9.839368700902E-04),.PIECEWISE_BEZIER_KNOTS.);
#3415 = CARTESIAN_POINT('',(-2.28713307769,3.247975608167,0.596765074904
    ));
#3416 = CARTESIAN_POINT('',(-2.28713307769,3.246991671296,0.596765074904
    ));
#3417 = ORIENTED_EDGE('',*,*,#695,.F.);
#3418 = B_SPLINE_SURFACE_WITH_KNOTS('',3,1,(
    (#3419,#3420)
    ,(#3421,#3422)
    ,(#3423,#3424)
    ,(#3425,#3426
    )),.UNSPECIFIED.,.F.,.F.,.F.,(4,4),(2,2),(0.,1.),(0.,1.),
  .PIECEWISE_BEZIER_KNOTS.);
#3419 = CARTESIAN_POINT('',(-2.231653265494,3.247975608167,
    0.585495424098));
#3420 = CARTESIAN_POINT('',(-2.231653265494,3.246991671296,
    0.585495424098));
#3421 = CARTESIAN_POINT('',(-2.253853025611,3.247975608167,
    0.585337975477));
#3422 = CARTESIAN_POINT('',(-2.253853025611,3.246991671296,
    0.585337975477));
#3423 = CARTESIAN_POINT('',(-2.272346296343,3.247975608167,
    0.589094525745));
#3424 = CARTESIAN_POINT('',(-2.272346296343,3.246991671296,
    0.589094525745));
#3425 = CARTESIAN_POINT('',(-2.28713307769,3.247975608167,0.596765074904
    ));
#3426 = CARTESIAN_POINT('',(-2.28713307769,3.246991671296,0.596765074904
    ));
#3427 = ADVANCED_FACE('',(#3428),#3444,.F.);
#3428 = FACE_BOUND('',#3429,.T.);
#3429 = EDGE_LOOP('',(#3430,#3431,#3438,#3443));
#3430 = ORIENTED_EDGE('',*,*,#812,.T.);
#3431 = ORIENTED_EDGE('',*,*,#3432,.F.);
#3432 = EDGE_CURVE('',#3433,#804,#3435,.T.);
#3433 = VERTEX_POINT('',#3434);
#3434 = CARTESIAN_POINT('',(-2.287308665553,3.247975608167,
    0.621522411073));
#3435 = B_SPLINE_CURVE_WITH_KNOTS('',1,(#3436,#3437),.UNSPECIFIED.,.F.,
  .F.,(2,2),(-0.,9.839368700902E-04),.PIECEWISE_BEZIER_KNOTS.);
#3436 = CARTESIAN_POINT('',(-2.287308665553,3.247975608167,
    0.621522411073));
#3437 = CARTESIAN_POINT('',(-2.287308665553,3.246991671296,
    0.621522411073));
#3438 = ORIENTED_EDGE('',*,*,#3439,.F.);
#3439 = EDGE_CURVE('',#3405,#3433,#3440,.T.);
#3440 = B_SPLINE_CURVE_WITH_KNOTS('',1,(#3441,#3442),.UNSPECIFIED.,.F.,
  .F.,(2,2),(-2.475795882636E-02,0.),.PIECEWISE_BEZIER_KNOTS.);
#3441 = CARTESIAN_POINT('',(-2.28713307769,3.247975608167,0.596765074904
    ));
#3442 = CARTESIAN_POINT('',(-2.287308665553,3.247975608167,
    0.621522411073));
#3443 = ORIENTED_EDGE('',*,*,#3413,.T.);
#3444 = B_SPLINE_SURFACE_WITH_KNOTS('',1,1,(
    (#3445,#3446)
    ,(#3447,#3448
    )),.UNSPECIFIED.,.F.,.F.,.F.,(2,2),(2,2),(-1.061372212962E-16,
    2.475795882636E-02),(-9.839368700902E-04,0.),
  .PIECEWISE_BEZIER_KNOTS.);
#3445 = CARTESIAN_POINT('',(-2.287308665553,3.246991671296,
    0.621522411073));
#3446 = CARTESIAN_POINT('',(-2.287308665553,3.247975608167,
    0.621522411073));
#3447 = CARTESIAN_POINT('',(-2.28713307769,3.246991671296,0.596765074904
    ));
#3448 = CARTESIAN_POINT('',(-2.28713307769,3.247975608167,0.596765074904
    ));
#3449 = ADVANCED_FACE('',(#3450),#3468,.F.);
#3450 = FACE_BOUND('',#3451,.F.);
#3451 = EDGE_LOOP('',(#3452,#3453,#3462,#3467));
#3452 = ORIENTED_EDGE('',*,*,#3432,.F.);
#3453 = ORIENTED_EDGE('',*,*,#3454,.T.);
#3454 = EDGE_CURVE('',#3433,#3455,#3457,.T.);
#3455 = VERTEX_POINT('',#3456);
#3456 = CARTESIAN_POINT('',(-2.235550579706,3.247975608167,
    0.608487125258));
#3457 = B_SPLINE_CURVE_WITH_KNOTS('',3,(#3458,#3459,#3460,#3461),
  .UNSPECIFIED.,.F.,.F.,(4,4),(12.,13.),.PIECEWISE_BEZIER_KNOTS.);
#3458 = CARTESIAN_POINT('',(-2.287308665553,3.247975608167,
    0.621522411073));
#3459 = CARTESIAN_POINT('',(-2.272616205982,3.247975608167,
    0.612725802881));
#3460 = CARTESIAN_POINT('',(-2.255346218336,3.247975608167,
    0.608346727524));
#3461 = CARTESIAN_POINT('',(-2.235550579706,3.247975608167,
    0.608487125258));
#3462 = ORIENTED_EDGE('',*,*,#3463,.T.);
#3463 = EDGE_CURVE('',#3455,#795,#3464,.T.);
#3464 = B_SPLINE_CURVE_WITH_KNOTS('',1,(#3465,#3466),.UNSPECIFIED.,.F.,
  .F.,(2,2),(-0.,9.839368700902E-04),.PIECEWISE_BEZIER_KNOTS.);
#3465 = CARTESIAN_POINT('',(-2.235550579706,3.247975608167,
    0.608487125258));
#3466 = CARTESIAN_POINT('',(-2.235550579706,3.246991671296,
    0.608487125258));
#3467 = ORIENTED_EDGE('',*,*,#803,.F.);
#3468 = B_SPLINE_SURFACE_WITH_KNOTS('',3,1,(
    (#3469,#3470)
    ,(#3471,#3472)
    ,(#3473,#3474)
    ,(#3475,#3476
    )),.UNSPECIFIED.,.F.,.F.,.F.,(4,4),(2,2),(12.,13.),(0.,1.),
  .PIECEWISE_BEZIER_KNOTS.);
#3469 = CARTESIAN_POINT('',(-2.287308665553,3.247975608167,
    0.621522411073));
#3470 = CARTESIAN_POINT('',(-2.287308665553,3.246991671296,
    0.621522411073));
#3471 = CARTESIAN_POINT('',(-2.272616205982,3.247975608167,
    0.612725802881));
#3472 = CARTESIAN_POINT('',(-2.272616205982,3.246991671296,
    0.612725802881));
#3473 = CARTESIAN_POINT('',(-2.255346218336,3.247975608167,
    0.608346727524));
#3474 = CARTESIAN_POINT('',(-2.255346218336,3.246991671296,
    0.608346727524));
#3475 = CARTESIAN_POINT('',(-2.235550579706,3.247975608167,
    0.608487125258));
#3476 = CARTESIAN_POINT('',(-2.235550579706,3.246991671296,
    0.608487125258));
#3477 = ADVANCED_FACE('',(#3478),#3496,.F.);
#3478 = FACE_BOUND('',#3479,.F.);
#3479 = EDGE_LOOP('',(#3480,#3481,#3490,#3495));
#3480 = ORIENTED_EDGE('',*,*,#3463,.F.);
#3481 = ORIENTED_EDGE('',*,*,#3482,.T.);
#3482 = EDGE_CURVE('',#3455,#3483,#3485,.T.);
#3483 = VERTEX_POINT('',#3484);
#3484 = CARTESIAN_POINT('',(-2.184292768448,3.247975608167,0.62992615068
    ));
#3485 = B_SPLINE_CURVE_WITH_KNOTS('',3,(#3486,#3487,#3488,#3489),
  .UNSPECIFIED.,.F.,.F.,(4,4),(11.,12.),.PIECEWISE_BEZIER_KNOTS.);
#3486 = CARTESIAN_POINT('',(-2.235550579706,3.247975608167,
    0.608487125258));
#3487 = CARTESIAN_POINT('',(-2.214373850009,3.247975608167,
    0.608637318182));
#3488 = CARTESIAN_POINT('',(-2.197288154779,3.247975608167,
    0.615817761004));
#3489 = CARTESIAN_POINT('',(-2.184292768448,3.247975608167,0.62992615068
    ));
#3490 = ORIENTED_EDGE('',*,*,#3491,.T.);
#3491 = EDGE_CURVE('',#3483,#786,#3492,.T.);
#3492 = B_SPLINE_CURVE_WITH_KNOTS('',1,(#3493,#3494),.UNSPECIFIED.,.F.,
  .F.,(2,2),(-0.,9.839368700902E-04),.PIECEWISE_BEZIER_KNOTS.);
#3493 = CARTESIAN_POINT('',(-2.184292768448,3.247975608167,0.62992615068
    ));
#3494 = CARTESIAN_POINT('',(-2.184292768448,3.246991671296,0.62992615068
    ));
#3495 = ORIENTED_EDGE('',*,*,#794,.F.);
#3496 = B_SPLINE_SURFACE_WITH_KNOTS('',3,1,(
    (#3497,#3498)
    ,(#3499,#3500)
    ,(#3501,#3502)
    ,(#3503,#3504
    )),.UNSPECIFIED.,.F.,.F.,.F.,(4,4),(2,2),(11.,12.),(0.,1.),
  .PIECEWISE_BEZIER_KNOTS.);
#3497 = CARTESIAN_POINT('',(-2.235550579706,3.247975608167,
    0.608487125258));
#3498 = CARTESIAN_POINT('',(-2.235550579706,3.246991671296,
    0.608487125258));
#3499 = CARTESIAN_POINT('',(-2.214373850009,3.247975608167,
    0.608637318182));
#3500 = CARTESIAN_POINT('',(-2.214373850009,3.246991671296,
    0.608637318182));
#3501 = CARTESIAN_POINT('',(-2.197288154779,3.247975608167,
    0.615817761004));
#3502 = CARTESIAN_POINT('',(-2.197288154779,3.246991671296,
    0.615817761004));
#3503 = CARTESIAN_POINT('',(-2.184292768448,3.247975608167,0.62992615068
    ));
#3504 = CARTESIAN_POINT('',(-2.184292768448,3.246991671296,0.62992615068
    ));
#3505 = ADVANCED_FACE('',(#3506),#3524,.F.);
#3506 = FACE_BOUND('',#3507,.F.);
#3507 = EDGE_LOOP('',(#3508,#3509,#3518,#3523));
#3508 = ORIENTED_EDGE('',*,*,#3491,.F.);
#3509 = ORIENTED_EDGE('',*,*,#3510,.T.);
#3510 = EDGE_CURVE('',#3483,#3511,#3513,.T.);
#3511 = VERTEX_POINT('',#3512);
#3512 = CARTESIAN_POINT('',(-2.165055452265,3.247975608167,
    0.687150557505));
#3513 = B_SPLINE_CURVE_WITH_KNOTS('',3,(#3514,#3515,#3516,#3517),
  .UNSPECIFIED.,.F.,.F.,(4,4),(10.,11.),.PIECEWISE_BEZIER_KNOTS.);
#3514 = CARTESIAN_POINT('',(-2.184292768448,3.247975608167,0.62992615068
    ));
#3515 = CARTESIAN_POINT('',(-2.171298107686,3.247975608167,
    0.644136843398));
#3516 = CARTESIAN_POINT('',(-2.164885668959,3.247975608167,
    0.663211645673));
#3517 = CARTESIAN_POINT('',(-2.165055452265,3.247975608167,
    0.687150557505));
#3518 = ORIENTED_EDGE('',*,*,#3519,.T.);
#3519 = EDGE_CURVE('',#3511,#777,#3520,.T.);
#3520 = B_SPLINE_CURVE_WITH_KNOTS('',1,(#3521,#3522),.UNSPECIFIED.,.F.,
  .F.,(2,2),(-0.,9.839368700902E-04),.PIECEWISE_BEZIER_KNOTS.);
#3521 = CARTESIAN_POINT('',(-2.165055452265,3.247975608167,
    0.687150557505));
#3522 = CARTESIAN_POINT('',(-2.165055452265,3.246991671296,
    0.687150557505));
#3523 = ORIENTED_EDGE('',*,*,#785,.F.);
#3524 = B_SPLINE_SURFACE_WITH_KNOTS('',3,1,(
    (#3525,#3526)
    ,(#3527,#3528)
    ,(#3529,#3530)
    ,(#3531,#3532
    )),.UNSPECIFIED.,.F.,.F.,.F.,(4,4),(2,2),(10.,11.),(0.,1.),
  .PIECEWISE_BEZIER_KNOTS.);
#3525 = CARTESIAN_POINT('',(-2.184292768448,3.247975608167,0.62992615068
    ));
#3526 = CARTESIAN_POINT('',(-2.184292768448,3.246991671296,0.62992615068
    ));
#3527 = CARTESIAN_POINT('',(-2.171298107686,3.247975608167,
    0.644136843398));
#3528 = CARTESIAN_POINT('',(-2.171298107686,3.246991671296,
    0.644136843398));
#3529 = CARTESIAN_POINT('',(-2.164885668959,3.247975608167,
    0.663211645673));
#3530 = CARTESIAN_POINT('',(-2.164885668959,3.246991671296,
    0.663211645673));
#3531 = CARTESIAN_POINT('',(-2.165055452265,3.247975608167,
    0.687150557505));
#3532 = CARTESIAN_POINT('',(-2.165055452265,3.246991671296,
    0.687150557505));
#3533 = ADVANCED_FACE('',(#3534),#3552,.F.);
#3534 = FACE_BOUND('',#3535,.F.);
#3535 = EDGE_LOOP('',(#3536,#3537,#3546,#3551));
#3536 = ORIENTED_EDGE('',*,*,#3519,.F.);
#3537 = ORIENTED_EDGE('',*,*,#3538,.T.);
#3538 = EDGE_CURVE('',#3511,#3539,#3541,.T.);
#3539 = VERTEX_POINT('',#3540);
#3540 = CARTESIAN_POINT('',(-2.186505362373,3.247975608167,
    0.747155641639));
#3541 = B_SPLINE_CURVE_WITH_KNOTS('',3,(#3542,#3543,#3544,#3545),
  .UNSPECIFIED.,.F.,.F.,(4,4),(9.,10.),.PIECEWISE_BEZIER_KNOTS.);
#3542 = CARTESIAN_POINT('',(-2.165055452265,3.247975608167,
    0.687150557505));
#3543 = CARTESIAN_POINT('',(-2.165233942407,3.247975608167,0.71231710584
    ));
#3544 = CARTESIAN_POINT('',(-2.172383912443,3.247975608167,
    0.732318800551));
#3545 = CARTESIAN_POINT('',(-2.186505362373,3.247975608167,
    0.747155641639));
#3546 = ORIENTED_EDGE('',*,*,#3547,.T.);
#3547 = EDGE_CURVE('',#3539,#768,#3548,.T.);
#3548 = B_SPLINE_CURVE_WITH_KNOTS('',1,(#3549,#3550),.UNSPECIFIED.,.F.,
  .F.,(2,2),(-0.,9.839368700902E-04),.PIECEWISE_BEZIER_KNOTS.);
#3549 = CARTESIAN_POINT('',(-2.186505362373,3.247975608167,
    0.747155641639));
#3550 = CARTESIAN_POINT('',(-2.186505362373,3.246991671296,
    0.747155641639));
#3551 = ORIENTED_EDGE('',*,*,#776,.F.);
#3552 = B_SPLINE_SURFACE_WITH_KNOTS('',3,1,(
    (#3553,#3554)
    ,(#3555,#3556)
    ,(#3557,#3558)
    ,(#3559,#3560
    )),.UNSPECIFIED.,.F.,.F.,.F.,(4,4),(2,2),(9.,10.),(0.,1.),
  .PIECEWISE_BEZIER_KNOTS.);
#3553 = CARTESIAN_POINT('',(-2.165055452265,3.247975608167,
    0.687150557505));
#3554 = CARTESIAN_POINT('',(-2.165055452265,3.246991671296,
    0.687150557505));
#3555 = CARTESIAN_POINT('',(-2.165233942407,3.247975608167,0.71231710584
    ));
#3556 = CARTESIAN_POINT('',(-2.165233942407,3.246991671296,0.71231710584
    ));
#3557 = CARTESIAN_POINT('',(-2.172383912443,3.247975608167,
    0.732318800551));
#3558 = CARTESIAN_POINT('',(-2.172383912443,3.246991671296,
    0.732318800551));
#3559 = CARTESIAN_POINT('',(-2.186505362373,3.247975608167,
    0.747155641639));
#3560 = CARTESIAN_POINT('',(-2.186505362373,3.246991671296,
    0.747155641639));
#3561 = ADVANCED_FACE('',(#3562),#3580,.F.);
#3562 = FACE_BOUND('',#3563,.F.);
#3563 = EDGE_LOOP('',(#3564,#3565,#3574,#3579));
#3564 = ORIENTED_EDGE('',*,*,#3547,.F.);
#3565 = ORIENTED_EDGE('',*,*,#3566,.T.);
#3566 = EDGE_CURVE('',#3539,#3567,#3569,.T.);
#3567 = VERTEX_POINT('',#3568);
#3568 = CARTESIAN_POINT('',(-2.241190332389,3.247975608167,
    0.768968673115));
#3569 = B_SPLINE_CURVE_WITH_KNOTS('',3,(#3570,#3571,#3572,#3573),
  .UNSPECIFIED.,.F.,.F.,(4,4),(8.,9.),.PIECEWISE_BEZIER_KNOTS.);
#3570 = CARTESIAN_POINT('',(-2.186505362373,3.247975608167,
    0.747155641639));
#3571 = CARTESIAN_POINT('',(-2.200677238254,3.247975608167,0.7618898169)
  );
#3572 = CARTESIAN_POINT('',(-2.21888826923,3.247975608167,0.769126847306
    ));
#3573 = CARTESIAN_POINT('',(-2.241190332389,3.247975608167,
    0.768968673115));
#3574 = ORIENTED_EDGE('',*,*,#3575,.T.);
#3575 = EDGE_CURVE('',#3567,#759,#3576,.T.);
#3576 = B_SPLINE_CURVE_WITH_KNOTS('',1,(#3577,#3578),.UNSPECIFIED.,.F.,
  .F.,(2,2),(-0.,9.839368700902E-04),.PIECEWISE_BEZIER_KNOTS.);
#3577 = CARTESIAN_POINT('',(-2.241190332389,3.247975608167,
    0.768968673115));
#3578 = CARTESIAN_POINT('',(-2.241190332389,3.246991671296,
    0.768968673115));
#3579 = ORIENTED_EDGE('',*,*,#767,.F.);
#3580 = B_SPLINE_SURFACE_WITH_KNOTS('',3,1,(
    (#3581,#3582)
    ,(#3583,#3584)
    ,(#3585,#3586)
    ,(#3587,#3588
    )),.UNSPECIFIED.,.F.,.F.,.F.,(4,4),(2,2),(8.,9.),(0.,1.),
  .PIECEWISE_BEZIER_KNOTS.);
#3581 = CARTESIAN_POINT('',(-2.186505362373,3.247975608167,
    0.747155641639));
#3582 = CARTESIAN_POINT('',(-2.186505362373,3.246991671296,
    0.747155641639));
#3583 = CARTESIAN_POINT('',(-2.200677238254,3.247975608167,0.7618898169)
  );
#3584 = CARTESIAN_POINT('',(-2.200677238254,3.246991671296,0.7618898169)
  );
#3585 = CARTESIAN_POINT('',(-2.21888826923,3.247975608167,0.769126847306
    ));
#3586 = CARTESIAN_POINT('',(-2.21888826923,3.246991671296,0.769126847306
    ));
#3587 = CARTESIAN_POINT('',(-2.241190332389,3.247975608167,
    0.768968673115));
#3588 = CARTESIAN_POINT('',(-2.241190332389,3.246991671296,
    0.768968673115));
#3589 = ADVANCED_FACE('',(#3590),#3608,.F.);
#3590 = FACE_BOUND('',#3591,.F.);
#3591 = EDGE_LOOP('',(#3592,#3593,#3602,#3607));
#3592 = ORIENTED_EDGE('',*,*,#3575,.F.);
#3593 = ORIENTED_EDGE('',*,*,#3594,.T.);
#3594 = EDGE_CURVE('',#3567,#3595,#3597,.T.);
#3595 = VERTEX_POINT('',#3596);
#3596 = CARTESIAN_POINT('',(-2.288267868675,3.247975608167,
    0.756767032618));
#3597 = B_SPLINE_CURVE_WITH_KNOTS('',3,(#3598,#3599,#3600,#3601),
  .UNSPECIFIED.,.F.,.F.,(4,4),(7.,8.),.PIECEWISE_BEZIER_KNOTS.);
#3598 = CARTESIAN_POINT('',(-2.241190332389,3.247975608167,
    0.768968673115));
#3599 = CARTESIAN_POINT('',(-2.258326091926,3.247975608167,
    0.768847140193));
#3600 = CARTESIAN_POINT('',(-2.274002037228,3.247975608167,0.76484824965
    ));
#3601 = CARTESIAN_POINT('',(-2.288267868675,3.247975608167,
    0.756767032618));
#3602 = ORIENTED_EDGE('',*,*,#3603,.T.);
#3603 = EDGE_CURVE('',#3595,#752,#3604,.T.);
#3604 = B_SPLINE_CURVE_WITH_KNOTS('',1,(#3605,#3606),.UNSPECIFIED.,.F.,
  .F.,(2,2),(-0.,9.839368700902E-04),.PIECEWISE_BEZIER_KNOTS.);
#3605 = CARTESIAN_POINT('',(-2.288267868675,3.247975608167,
    0.756767032618));
#3606 = CARTESIAN_POINT('',(-2.288267868675,3.246991671296,
    0.756767032618));
#3607 = ORIENTED_EDGE('',*,*,#758,.F.);
#3608 = B_SPLINE_SURFACE_WITH_KNOTS('',3,1,(
    (#3609,#3610)
    ,(#3611,#3612)
    ,(#3613,#3614)
    ,(#3615,#3616
    )),.UNSPECIFIED.,.F.,.F.,.F.,(4,4),(2,2),(7.,8.),(0.,1.),
  .PIECEWISE_BEZIER_KNOTS.);
#3609 = CARTESIAN_POINT('',(-2.241190332389,3.247975608167,
    0.768968673115));
#3610 = CARTESIAN_POINT('',(-2.241190332389,3.246991671296,
    0.768968673115));
#3611 = CARTESIAN_POINT('',(-2.258326091926,3.247975608167,
    0.768847140193));
#3612 = CARTESIAN_POINT('',(-2.258326091926,3.246991671296,
    0.768847140193));
#3613 = CARTESIAN_POINT('',(-2.274002037228,3.247975608167,0.76484824965
    ));
#3614 = CARTESIAN_POINT('',(-2.274002037228,3.246991671296,0.76484824965
    ));
#3615 = CARTESIAN_POINT('',(-2.288267868675,3.247975608167,
    0.756767032618));
#3616 = CARTESIAN_POINT('',(-2.288267868675,3.246991671296,
    0.756767032618));
#3617 = ADVANCED_FACE('',(#3618),#3634,.F.);
#3618 = FACE_BOUND('',#3619,.T.);
#3619 = EDGE_LOOP('',(#3620,#3621,#3628,#3633));
#3620 = ORIENTED_EDGE('',*,*,#751,.T.);
#3621 = ORIENTED_EDGE('',*,*,#3622,.F.);
#3622 = EDGE_CURVE('',#3623,#743,#3625,.T.);
#3623 = VERTEX_POINT('',#3624);
#3624 = CARTESIAN_POINT('',(-2.288459419072,3.247975608167,
    0.783775035709));
#3625 = B_SPLINE_CURVE_WITH_KNOTS('',1,(#3626,#3627),.UNSPECIFIED.,.F.,
  .F.,(2,2),(-0.,9.839368700902E-04),.PIECEWISE_BEZIER_KNOTS.);
#3626 = CARTESIAN_POINT('',(-2.288459419072,3.247975608167,
    0.783775035709));
#3627 = CARTESIAN_POINT('',(-2.288459419072,3.246991671296,
    0.783775035709));
#3628 = ORIENTED_EDGE('',*,*,#3629,.F.);
#3629 = EDGE_CURVE('',#3595,#3623,#3630,.T.);
#3630 = B_SPLINE_CURVE_WITH_KNOTS('',1,(#3631,#3632),.UNSPECIFIED.,.F.,
  .F.,(2,2),(-2.700868235479E-02,0.),.PIECEWISE_BEZIER_KNOTS.);
#3631 = CARTESIAN_POINT('',(-2.288267868675,3.247975608167,
    0.756767032618));
#3632 = CARTESIAN_POINT('',(-2.288459419072,3.247975608167,
    0.783775035709));
#3633 = ORIENTED_EDGE('',*,*,#3603,.T.);
#3634 = B_SPLINE_SURFACE_WITH_KNOTS('',1,1,(
    (#3635,#3636)
    ,(#3637,#3638
    )),.UNSPECIFIED.,.F.,.F.,.F.,(2,2),(2,2),(-1.061372212962E-16,
    2.700868235479E-02),(-9.839368700902E-04,0.),
  .PIECEWISE_BEZIER_KNOTS.);
#3635 = CARTESIAN_POINT('',(-2.288459419072,3.246991671296,
    0.783775035709));
#3636 = CARTESIAN_POINT('',(-2.288459419072,3.247975608167,
    0.783775035709));
#3637 = CARTESIAN_POINT('',(-2.288267868675,3.246991671296,
    0.756767032618));
#3638 = CARTESIAN_POINT('',(-2.288267868675,3.247975608167,
    0.756767032618));
#3639 = ADVANCED_FACE('',(#3640),#3658,.F.);
#3640 = FACE_BOUND('',#3641,.F.);
#3641 = EDGE_LOOP('',(#3642,#3643,#3652,#3657));
#3642 = ORIENTED_EDGE('',*,*,#3622,.F.);
#3643 = ORIENTED_EDGE('',*,*,#3644,.T.);
#3644 = EDGE_CURVE('',#3623,#3645,#3647,.T.);
#3645 = VERTEX_POINT('',#3646);
#3646 = CARTESIAN_POINT('',(-2.241100004672,3.247975608167,
    0.792295580619));
#3647 = B_SPLINE_CURVE_WITH_KNOTS('',3,(#3648,#3649,#3650,#3651),
  .UNSPECIFIED.,.F.,.F.,(4,4),(5.,6.),.PIECEWISE_BEZIER_KNOTS.);
#3648 = CARTESIAN_POINT('',(-2.288459419072,3.247975608167,
    0.783775035709));
#3649 = CARTESIAN_POINT('',(-2.276016903139,3.247975608167,
    0.789285616438));
#3650 = CARTESIAN_POINT('',(-2.260230673529,3.247975608167,
    0.792159899088));
#3651 = CARTESIAN_POINT('',(-2.241100004672,3.247975608167,
    0.792295580619));
#3652 = ORIENTED_EDGE('',*,*,#3653,.T.);
#3653 = EDGE_CURVE('',#3645,#734,#3654,.T.);
#3654 = B_SPLINE_CURVE_WITH_KNOTS('',1,(#3655,#3656),.UNSPECIFIED.,.F.,
  .F.,(2,2),(-0.,9.839368700902E-04),.PIECEWISE_BEZIER_KNOTS.);
#3655 = CARTESIAN_POINT('',(-2.241100004672,3.247975608167,
    0.792295580619));
#3656 = CARTESIAN_POINT('',(-2.241100004672,3.246991671296,
    0.792295580619));
#3657 = ORIENTED_EDGE('',*,*,#742,.F.);
#3658 = B_SPLINE_SURFACE_WITH_KNOTS('',3,1,(
    (#3659,#3660)
    ,(#3661,#3662)
    ,(#3663,#3664)
    ,(#3665,#3666
    )),.UNSPECIFIED.,.F.,.F.,.F.,(4,4),(2,2),(5.,6.),(0.,1.),
  .PIECEWISE_BEZIER_KNOTS.);
#3659 = CARTESIAN_POINT('',(-2.288459419072,3.247975608167,
    0.783775035709));
#3660 = CARTESIAN_POINT('',(-2.288459419072,3.246991671296,
    0.783775035709));
#3661 = CARTESIAN_POINT('',(-2.276016903139,3.247975608167,
    0.789285616438));
#3662 = CARTESIAN_POINT('',(-2.276016903139,3.246991671296,
    0.789285616438));
#3663 = CARTESIAN_POINT('',(-2.260230673529,3.247975608167,
    0.792159899088));
#3664 = CARTESIAN_POINT('',(-2.260230673529,3.246991671296,
    0.792159899088));
#3665 = CARTESIAN_POINT('',(-2.241100004672,3.247975608167,
    0.792295580619));
#3666 = CARTESIAN_POINT('',(-2.241100004672,3.246991671296,
    0.792295580619));
#3667 = ADVANCED_FACE('',(#3668),#3686,.F.);
#3668 = FACE_BOUND('',#3669,.F.);
#3669 = EDGE_LOOP('',(#3670,#3671,#3680,#3685));
#3670 = ORIENTED_EDGE('',*,*,#3653,.F.);
#3671 = ORIENTED_EDGE('',*,*,#3672,.T.);
#3672 = EDGE_CURVE('',#3645,#3673,#3675,.T.);
#3673 = VERTEX_POINT('',#3674);
#3674 = CARTESIAN_POINT('',(-2.167386304914,3.247975608167,
    0.763353626336));
#3675 = B_SPLINE_CURVE_WITH_KNOTS('',3,(#3676,#3677,#3678,#3679),
  .UNSPECIFIED.,.F.,.F.,(4,4),(4.,5.),.PIECEWISE_BEZIER_KNOTS.);
#3676 = CARTESIAN_POINT('',(-2.241100004672,3.247975608167,
    0.792295580619));
#3677 = CARTESIAN_POINT('',(-2.211380970967,3.247975608167,
    0.792506358612));
#3678 = CARTESIAN_POINT('',(-2.186809737714,3.247975608167,
    0.782859040518));
#3679 = CARTESIAN_POINT('',(-2.167386304914,3.247975608167,
    0.763353626336));
#3680 = ORIENTED_EDGE('',*,*,#3681,.T.);
#3681 = EDGE_CURVE('',#3673,#725,#3682,.T.);
#3682 = B_SPLINE_CURVE_WITH_KNOTS('',1,(#3683,#3684),.UNSPECIFIED.,.F.,
  .F.,(2,2),(-0.,9.839368700902E-04),.PIECEWISE_BEZIER_KNOTS.);
#3683 = CARTESIAN_POINT('',(-2.167386304914,3.247975608167,
    0.763353626336));
#3684 = CARTESIAN_POINT('',(-2.167386304914,3.246991671296,
    0.763353626336));
#3685 = ORIENTED_EDGE('',*,*,#733,.F.);
#3686 = B_SPLINE_SURFACE_WITH_KNOTS('',3,1,(
    (#3687,#3688)
    ,(#3689,#3690)
    ,(#3691,#3692)
    ,(#3693,#3694
    )),.UNSPECIFIED.,.F.,.F.,.F.,(4,4),(2,2),(4.,5.),(0.,1.),
  .PIECEWISE_BEZIER_KNOTS.);
#3687 = CARTESIAN_POINT('',(-2.241100004672,3.247975608167,
    0.792295580619));
#3688 = CARTESIAN_POINT('',(-2.241100004672,3.246991671296,
    0.792295580619));
#3689 = CARTESIAN_POINT('',(-2.211380970967,3.247975608167,
    0.792506358612));
#3690 = CARTESIAN_POINT('',(-2.211380970967,3.246991671296,
    0.792506358612));
#3691 = CARTESIAN_POINT('',(-2.186809737714,3.247975608167,
    0.782859040518));
#3692 = CARTESIAN_POINT('',(-2.186809737714,3.246991671296,
    0.782859040518));
#3693 = CARTESIAN_POINT('',(-2.167386304914,3.247975608167,
    0.763353626336));
#3694 = CARTESIAN_POINT('',(-2.167386304914,3.246991671296,
    0.763353626336));
#3695 = ADVANCED_FACE('',(#3696),#3714,.F.);
#3696 = FACE_BOUND('',#3697,.F.);
#3697 = EDGE_LOOP('',(#3698,#3699,#3708,#3713));
#3698 = ORIENTED_EDGE('',*,*,#3681,.F.);
#3699 = ORIENTED_EDGE('',*,*,#3700,.T.);
#3700 = EDGE_CURVE('',#3673,#3701,#3703,.T.);
#3701 = VERTEX_POINT('',#3702);
#3702 = CARTESIAN_POINT('',(-2.137934262585,3.247975608167,0.68580828784
    ));
#3703 = B_SPLINE_CURVE_WITH_KNOTS('',3,(#3704,#3705,#3706,#3707),
  .UNSPECIFIED.,.F.,.F.,(4,4),(3.,4.),.PIECEWISE_BEZIER_KNOTS.);
#3704 = CARTESIAN_POINT('',(-2.167386304914,3.247975608167,
    0.763353626336));
#3705 = CARTESIAN_POINT('',(-2.147962872115,3.247975608167,
    0.743848212155));
#3706 = CARTESIAN_POINT('',(-2.138162817035,3.247975608167,
    0.718033746075));
#3707 = CARTESIAN_POINT('',(-2.137934262585,3.247975608167,0.68580828784
    ));
#3708 = ORIENTED_EDGE('',*,*,#3709,.T.);
#3709 = EDGE_CURVE('',#3701,#716,#3710,.T.);
#3710 = B_SPLINE_CURVE_WITH_KNOTS('',1,(#3711,#3712),.UNSPECIFIED.,.F.,
  .F.,(2,2),(-0.,9.839368700902E-04),.PIECEWISE_BEZIER_KNOTS.);
#3711 = CARTESIAN_POINT('',(-2.137934262585,3.247975608167,0.68580828784
    ));
#3712 = CARTESIAN_POINT('',(-2.137934262585,3.246991671296,0.68580828784
    ));
#3713 = ORIENTED_EDGE('',*,*,#724,.F.);
#3714 = B_SPLINE_SURFACE_WITH_KNOTS('',3,1,(
    (#3715,#3716)
    ,(#3717,#3718)
    ,(#3719,#3720)
    ,(#3721,#3722
    )),.UNSPECIFIED.,.F.,.F.,.F.,(4,4),(2,2),(3.,4.),(0.,1.),
  .PIECEWISE_BEZIER_KNOTS.);
#3715 = CARTESIAN_POINT('',(-2.167386304914,3.247975608167,
    0.763353626336));
#3716 = CARTESIAN_POINT('',(-2.167386304914,3.246991671296,
    0.763353626336));
#3717 = CARTESIAN_POINT('',(-2.147962872115,3.247975608167,
    0.743848212155));
#3718 = CARTESIAN_POINT('',(-2.147962872115,3.246991671296,
    0.743848212155));
#3719 = CARTESIAN_POINT('',(-2.138162817035,3.247975608167,
    0.718033746075));
#3720 = CARTESIAN_POINT('',(-2.138162817035,3.246991671296,
    0.718033746075));
#3721 = CARTESIAN_POINT('',(-2.137934262585,3.247975608167,0.68580828784
    ));
#3722 = CARTESIAN_POINT('',(-2.137934262585,3.246991671296,0.68580828784
    ));
#3723 = ADVANCED_FACE('',(#3724),#3742,.F.);
#3724 = FACE_BOUND('',#3725,.F.);
#3725 = EDGE_LOOP('',(#3726,#3727,#3736,#3741));
#3726 = ORIENTED_EDGE('',*,*,#3709,.F.);
#3727 = ORIENTED_EDGE('',*,*,#3728,.T.);
#3728 = EDGE_CURVE('',#3701,#3729,#3731,.T.);
#3729 = VERTEX_POINT('',#3730);
#3730 = CARTESIAN_POINT('',(-2.163099348364,3.247975608167,
    0.613297919144));
#3731 = B_SPLINE_CURVE_WITH_KNOTS('',3,(#3732,#3733,#3734,#3735),
  .UNSPECIFIED.,.F.,.F.,(4,4),(2.,3.),.PIECEWISE_BEZIER_KNOTS.);
#3732 = CARTESIAN_POINT('',(-2.137934262585,3.247975608167,0.68580828784
    ));
#3733 = CARTESIAN_POINT('',(-2.137721670668,3.247975608167,
    0.655833496529));
#3734 = CARTESIAN_POINT('',(-2.14609274023,3.247975608167,0.631629393545
    ));
#3735 = CARTESIAN_POINT('',(-2.163099348364,3.247975608167,
    0.613297919144));
#3736 = ORIENTED_EDGE('',*,*,#3737,.T.);
#3737 = EDGE_CURVE('',#3729,#707,#3738,.T.);
#3738 = B_SPLINE_CURVE_WITH_KNOTS('',1,(#3739,#3740),.UNSPECIFIED.,.F.,
  .F.,(2,2),(-0.,9.839368700902E-04),.PIECEWISE_BEZIER_KNOTS.);
#3739 = CARTESIAN_POINT('',(-2.163099348364,3.247975608167,
    0.613297919144));
#3740 = CARTESIAN_POINT('',(-2.163099348364,3.246991671296,
    0.613297919144));
#3741 = ORIENTED_EDGE('',*,*,#715,.F.);
#3742 = B_SPLINE_SURFACE_WITH_KNOTS('',3,1,(
    (#3743,#3744)
    ,(#3745,#3746)
    ,(#3747,#3748)
    ,(#3749,#3750
    )),.UNSPECIFIED.,.F.,.F.,.F.,(4,4),(2,2),(2.,3.),(0.,1.),
  .PIECEWISE_BEZIER_KNOTS.);
#3743 = CARTESIAN_POINT('',(-2.137934262585,3.247975608167,0.68580828784
    ));
#3744 = CARTESIAN_POINT('',(-2.137934262585,3.246991671296,0.68580828784
    ));
#3745 = CARTESIAN_POINT('',(-2.137721670668,3.247975608167,
    0.655833496529));
#3746 = CARTESIAN_POINT('',(-2.137721670668,3.246991671296,
    0.655833496529));
#3747 = CARTESIAN_POINT('',(-2.14609274023,3.247975608167,0.631629393545
    ));
#3748 = CARTESIAN_POINT('',(-2.14609274023,3.246991671296,0.631629393545
    ));
#3749 = CARTESIAN_POINT('',(-2.163099348364,3.247975608167,
    0.613297919144));
#3750 = CARTESIAN_POINT('',(-2.163099348364,3.246991671296,
    0.613297919144));
#3751 = ADVANCED_FACE('',(#3752),#3764,.F.);
#3752 = FACE_BOUND('',#3753,.F.);
#3753 = EDGE_LOOP('',(#3754,#3755,#3762,#3763));
#3754 = ORIENTED_EDGE('',*,*,#3737,.F.);
#3755 = ORIENTED_EDGE('',*,*,#3756,.T.);
#3756 = EDGE_CURVE('',#3729,#3398,#3757,.T.);
#3757 = B_SPLINE_CURVE_WITH_KNOTS('',3,(#3758,#3759,#3760,#3761),
  .UNSPECIFIED.,.F.,.F.,(4,4),(1.,2.),.PIECEWISE_BEZIER_KNOTS.);
#3758 = CARTESIAN_POINT('',(-2.163099348364,3.247975608167,
    0.613297919144));
#3759 = CARTESIAN_POINT('',(-2.180105956499,3.247975608167,
    0.594966444744));
#3760 = CARTESIAN_POINT('',(-2.202957262208,3.247975608167,
    0.585698946394));
#3761 = CARTESIAN_POINT('',(-2.231653265494,3.247975608167,
    0.585495424098));
#3762 = ORIENTED_EDGE('',*,*,#3397,.T.);
#3763 = ORIENTED_EDGE('',*,*,#706,.F.);
#3764 = B_SPLINE_SURFACE_WITH_KNOTS('',3,1,(
    (#3765,#3766)
    ,(#3767,#3768)
    ,(#3769,#3770)
    ,(#3771,#3772
    )),.UNSPECIFIED.,.F.,.F.,.F.,(4,4),(2,2),(1.,2.),(0.,1.),
  .PIECEWISE_BEZIER_KNOTS.);
#3765 = CARTESIAN_POINT('',(-2.163099348364,3.247975608167,
    0.613297919144));
#3766 = CARTESIAN_POINT('',(-2.163099348364,3.246991671296,
    0.613297919144));
#3767 = CARTESIAN_POINT('',(-2.180105956499,3.247975608167,
    0.594966444744));
#3768 = CARTESIAN_POINT('',(-2.180105956499,3.246991671296,
    0.594966444744));
#3769 = CARTESIAN_POINT('',(-2.202957262208,3.247975608167,
    0.585698946394));
#3770 = CARTESIAN_POINT('',(-2.202957262208,3.246991671296,
    0.585698946394));
#3771 = CARTESIAN_POINT('',(-2.231653265494,3.247975608167,
    0.585495424098));
#3772 = CARTESIAN_POINT('',(-2.231653265494,3.246991671296,
    0.585495424098));
#3773 = ADVANCED_FACE('',(#3774),#3790,.T.);
#3774 = FACE_BOUND('',#3775,.T.);
#3775 = EDGE_LOOP('',(#3776,#3777,#3778,#3779,#3780,#3781,#3782,#3783,
    #3784,#3785,#3786,#3787,#3788,#3789));
#3776 = ORIENTED_EDGE('',*,*,#3404,.T.);
#3777 = ORIENTED_EDGE('',*,*,#3439,.T.);
#3778 = ORIENTED_EDGE('',*,*,#3454,.T.);
#3779 = ORIENTED_EDGE('',*,*,#3482,.T.);
#3780 = ORIENTED_EDGE('',*,*,#3510,.T.);
#3781 = ORIENTED_EDGE('',*,*,#3538,.T.);
#3782 = ORIENTED_EDGE('',*,*,#3566,.T.);
#3783 = ORIENTED_EDGE('',*,*,#3594,.T.);
#3784 = ORIENTED_EDGE('',*,*,#3629,.T.);
#3785 = ORIENTED_EDGE('',*,*,#3644,.T.);
#3786 = ORIENTED_EDGE('',*,*,#3672,.T.);
#3787 = ORIENTED_EDGE('',*,*,#3700,.T.);
#3788 = ORIENTED_EDGE('',*,*,#3728,.T.);
#3789 = ORIENTED_EDGE('',*,*,#3756,.T.);
#3790 = B_SPLINE_SURFACE_WITH_KNOTS('',1,1,(
    (#3791,#3792)
    ,(#3793,#3794
    )),.UNSPECIFIED.,.F.,.F.,.F.,(2,2),(2,2),(-2.856774856755E-03,
    0.204311608279),(-2.628638044131E-02,0.124451367963),
  .PIECEWISE_BEZIER_KNOTS.);
#3791 = CARTESIAN_POINT('',(-2.288459419072,3.247975608167,
    0.585337975477));
#3792 = CARTESIAN_POINT('',(-2.137721670668,3.247975608167,
    0.585337975477));
#3793 = CARTESIAN_POINT('',(-2.288459419072,3.247975608167,
    0.792506358612));
#3794 = CARTESIAN_POINT('',(-2.137721670668,3.247975608167,
    0.792506358612));
#3795 = ADVANCED_FACE('',(#3796),#3818,.F.);
#3796 = FACE_BOUND('',#3797,.T.);
#3797 = EDGE_LOOP('',(#3798,#3799,#3806,#3813));
#3798 = ORIENTED_EDGE('',*,*,#921,.T.);
#3799 = ORIENTED_EDGE('',*,*,#3800,.F.);
#3800 = EDGE_CURVE('',#3801,#924,#3803,.T.);
#3801 = VERTEX_POINT('',#3802);
#3802 = CARTESIAN_POINT('',(-2.434910549734,3.247975608167,
    0.610244747031));
#3803 = B_SPLINE_CURVE_WITH_KNOTS('',1,(#3804,#3805),.UNSPECIFIED.,.F.,
  .F.,(2,2),(-0.,9.839368700902E-04),.PIECEWISE_BEZIER_KNOTS.);
#3804 = CARTESIAN_POINT('',(-2.434910549734,3.247975608167,
    0.610244747031));
#3805 = CARTESIAN_POINT('',(-2.434910549734,3.246991671296,
    0.610244747031));
#3806 = ORIENTED_EDGE('',*,*,#3807,.F.);
#3807 = EDGE_CURVE('',#3808,#3801,#3810,.T.);
#3808 = VERTEX_POINT('',#3809);
#3809 = CARTESIAN_POINT('',(-2.434748747695,3.247975608167,
    0.587431168662));
#3810 = B_SPLINE_CURVE_WITH_KNOTS('',1,(#3811,#3812),.UNSPECIFIED.,.F.,
  .F.,(2,2),(-2.281415214117E-02,0.),.PIECEWISE_BEZIER_KNOTS.);
#3811 = CARTESIAN_POINT('',(-2.434748747695,3.247975608167,
    0.587431168662));
#3812 = CARTESIAN_POINT('',(-2.434910549734,3.247975608167,
    0.610244747031));
#3813 = ORIENTED_EDGE('',*,*,#3814,.T.);
#3814 = EDGE_CURVE('',#3808,#922,#3815,.T.);
#3815 = B_SPLINE_CURVE_WITH_KNOTS('',1,(#3816,#3817),.UNSPECIFIED.,.F.,
  .F.,(2,2),(-0.,9.839368700902E-04),.PIECEWISE_BEZIER_KNOTS.);
#3816 = CARTESIAN_POINT('',(-2.434748747695,3.247975608167,
    0.587431168662));
#3817 = CARTESIAN_POINT('',(-2.434748747695,3.246991671296,
    0.587431168662));
#3818 = B_SPLINE_SURFACE_WITH_KNOTS('',1,1,(
    (#3819,#3820)
    ,(#3821,#3822
    )),.UNSPECIFIED.,.F.,.F.,.F.,(2,2),(2,2),(0.,2.281415214117E-02),(
    -9.839368700902E-04,0.),.PIECEWISE_BEZIER_KNOTS.);
#3819 = CARTESIAN_POINT('',(-2.434910549734,3.246991671296,
    0.610244747031));
#3820 = CARTESIAN_POINT('',(-2.434910549734,3.247975608167,
    0.610244747031));
#3821 = CARTESIAN_POINT('',(-2.434748747695,3.246991671296,
    0.587431168662));
#3822 = CARTESIAN_POINT('',(-2.434748747695,3.247975608167,
    0.587431168662));
#3823 = ADVANCED_FACE('',(#3824),#3840,.F.);
#3824 = FACE_BOUND('',#3825,.T.);
#3825 = EDGE_LOOP('',(#3826,#3827,#3834,#3839));
#3826 = ORIENTED_EDGE('',*,*,#1000,.T.);
#3827 = ORIENTED_EDGE('',*,*,#3828,.F.);
#3828 = EDGE_CURVE('',#3829,#994,#3831,.T.);
#3829 = VERTEX_POINT('',#3830);
#3830 = CARTESIAN_POINT('',(-2.353119267643,3.247975608167,
    0.610824839994));
#3831 = B_SPLINE_CURVE_WITH_KNOTS('',1,(#3832,#3833),.UNSPECIFIED.,.F.,
  .F.,(2,2),(-0.,9.839368700902E-04),.PIECEWISE_BEZIER_KNOTS.);
#3832 = CARTESIAN_POINT('',(-2.353119267643,3.247975608167,
    0.610824839994));
#3833 = CARTESIAN_POINT('',(-2.353119267643,3.246991671296,
    0.610824839994));
#3834 = ORIENTED_EDGE('',*,*,#3835,.F.);
#3835 = EDGE_CURVE('',#3801,#3829,#3836,.T.);
#3836 = B_SPLINE_CURVE_WITH_KNOTS('',1,(#3837,#3838),.UNSPECIFIED.,.F.,
  .F.,(2,2),(-8.179333917861E-02,0.),.PIECEWISE_BEZIER_KNOTS.);
#3837 = CARTESIAN_POINT('',(-2.434910549734,3.247975608167,
    0.610244747031));
#3838 = CARTESIAN_POINT('',(-2.353119267643,3.247975608167,
    0.610824839994));
#3839 = ORIENTED_EDGE('',*,*,#3800,.T.);
#3840 = B_SPLINE_SURFACE_WITH_KNOTS('',1,1,(
    (#3841,#3842)
    ,(#3843,#3844
    )),.UNSPECIFIED.,.F.,.F.,.F.,(2,2),(2,2),(-0.,8.179333917861E-02),(
    -9.839368700902E-04,0.),.PIECEWISE_BEZIER_KNOTS.);
#3841 = CARTESIAN_POINT('',(-2.353119267643,3.246991671296,
    0.610824839994));
#3842 = CARTESIAN_POINT('',(-2.353119267643,3.247975608167,
    0.610824839994));
#3843 = CARTESIAN_POINT('',(-2.434910549734,3.246991671296,
    0.610244747031));
#3844 = CARTESIAN_POINT('',(-2.434910549734,3.247975608167,
    0.610244747031));
#3845 = ADVANCED_FACE('',(#3846),#3862,.F.);
#3846 = FACE_BOUND('',#3847,.T.);
#3847 = EDGE_LOOP('',(#3848,#3849,#3856,#3861));
#3848 = ORIENTED_EDGE('',*,*,#993,.T.);
#3849 = ORIENTED_EDGE('',*,*,#3850,.F.);
#3850 = EDGE_CURVE('',#3851,#987,#3853,.T.);
#3851 = VERTEX_POINT('',#3852);
#3852 = CARTESIAN_POINT('',(-2.353596692495,3.247975608167,0.67814024164
    ));
#3853 = B_SPLINE_CURVE_WITH_KNOTS('',1,(#3854,#3855),.UNSPECIFIED.,.F.,
  .F.,(2,2),(-0.,9.839368700902E-04),.PIECEWISE_BEZIER_KNOTS.);
#3854 = CARTESIAN_POINT('',(-2.353596692495,3.247975608167,0.67814024164
    ));
#3855 = CARTESIAN_POINT('',(-2.353596692495,3.246991671296,0.67814024164
    ));
#3856 = ORIENTED_EDGE('',*,*,#3857,.F.);
#3857 = EDGE_CURVE('',#3829,#3851,#3858,.T.);
#3858 = B_SPLINE_CURVE_WITH_KNOTS('',1,(#3859,#3860),.UNSPECIFIED.,.F.,
  .F.,(2,2),(-6.731709465862E-02,0.),.PIECEWISE_BEZIER_KNOTS.);
#3859 = CARTESIAN_POINT('',(-2.353119267643,3.247975608167,
    0.610824839994));
#3860 = CARTESIAN_POINT('',(-2.353596692495,3.247975608167,0.67814024164
    ));
#3861 = ORIENTED_EDGE('',*,*,#3828,.T.);
#3862 = B_SPLINE_SURFACE_WITH_KNOTS('',1,1,(
    (#3863,#3864)
    ,(#3865,#3866
    )),.UNSPECIFIED.,.F.,.F.,.F.,(2,2),(2,2),(0.,6.731709465862E-02),(
    -9.839368700902E-04,0.),.PIECEWISE_BEZIER_KNOTS.);
#3863 = CARTESIAN_POINT('',(-2.353596692495,3.246991671296,0.67814024164
    ));
#3864 = CARTESIAN_POINT('',(-2.353596692495,3.247975608167,0.67814024164
    ));
#3865 = CARTESIAN_POINT('',(-2.353119267643,3.246991671296,
    0.610824839994));
#3866 = CARTESIAN_POINT('',(-2.353119267643,3.247975608167,
    0.610824839994));
#3867 = ADVANCED_FACE('',(#3868),#3884,.F.);
#3868 = FACE_BOUND('',#3869,.T.);
#3869 = EDGE_LOOP('',(#3870,#3871,#3878,#3883));
#3870 = ORIENTED_EDGE('',*,*,#986,.T.);
#3871 = ORIENTED_EDGE('',*,*,#3872,.F.);
#3872 = EDGE_CURVE('',#3873,#980,#3875,.T.);
#3873 = VERTEX_POINT('',#3874);
#3874 = CARTESIAN_POINT('',(-2.425157670385,3.247975608167,
    0.677632705646));
#3875 = B_SPLINE_CURVE_WITH_KNOTS('',1,(#3876,#3877),.UNSPECIFIED.,.F.,
  .F.,(2,2),(-0.,9.839368700902E-04),.PIECEWISE_BEZIER_KNOTS.);
#3876 = CARTESIAN_POINT('',(-2.425157670385,3.247975608167,
    0.677632705646));
#3877 = CARTESIAN_POINT('',(-2.425157670385,3.246991671296,
    0.677632705646));
#3878 = ORIENTED_EDGE('',*,*,#3879,.F.);
#3879 = EDGE_CURVE('',#3851,#3873,#3880,.T.);
#3880 = B_SPLINE_CURVE_WITH_KNOTS('',1,(#3881,#3882),.UNSPECIFIED.,.F.,
  .F.,(2,2),(-7.156277768036E-02,-0.),.PIECEWISE_BEZIER_KNOTS.);
#3881 = CARTESIAN_POINT('',(-2.353596692495,3.247975608167,0.67814024164
    ));
#3882 = CARTESIAN_POINT('',(-2.425157670385,3.247975608167,
    0.677632705646));
#3883 = ORIENTED_EDGE('',*,*,#3850,.T.);
#3884 = B_SPLINE_SURFACE_WITH_KNOTS('',1,1,(
    (#3885,#3886)
    ,(#3887,#3888
    )),.UNSPECIFIED.,.F.,.F.,.F.,(2,2),(2,2),(-7.747420399899E-19,
    7.156277768036E-02),(-9.839368700902E-04,0.),
  .PIECEWISE_BEZIER_KNOTS.);
#3885 = CARTESIAN_POINT('',(-2.425157670385,3.246991671296,
    0.677632705646));
#3886 = CARTESIAN_POINT('',(-2.425157670385,3.247975608167,
    0.677632705646));
#3887 = CARTESIAN_POINT('',(-2.353596692495,3.246991671296,0.67814024164
    ));
#3888 = CARTESIAN_POINT('',(-2.353596692495,3.247975608167,0.67814024164
    ));
#3889 = ADVANCED_FACE('',(#3890),#3906,.F.);
#3890 = FACE_BOUND('',#3891,.T.);
#3891 = EDGE_LOOP('',(#3892,#3893,#3900,#3905));
#3892 = ORIENTED_EDGE('',*,*,#979,.T.);
#3893 = ORIENTED_EDGE('',*,*,#3894,.F.);
#3894 = EDGE_CURVE('',#3895,#973,#3897,.T.);
#3895 = VERTEX_POINT('',#3896);
#3896 = CARTESIAN_POINT('',(-2.425320197994,3.247975608167,
    0.700548587057));
#3897 = B_SPLINE_CURVE_WITH_KNOTS('',1,(#3898,#3899),.UNSPECIFIED.,.F.,
  .F.,(2,2),(-0.,9.839368700902E-04),.PIECEWISE_BEZIER_KNOTS.);
#3898 = CARTESIAN_POINT('',(-2.425320197994,3.247975608167,
    0.700548587057));
#3899 = CARTESIAN_POINT('',(-2.425320197994,3.246991671296,
    0.700548587057));
#3900 = ORIENTED_EDGE('',*,*,#3901,.F.);
#3901 = EDGE_CURVE('',#3873,#3895,#3902,.T.);
#3902 = B_SPLINE_CURVE_WITH_KNOTS('',1,(#3903,#3904),.UNSPECIFIED.,.F.,
  .F.,(2,2),(-2.291645775604E-02,0.),.PIECEWISE_BEZIER_KNOTS.);
#3903 = CARTESIAN_POINT('',(-2.425157670385,3.247975608167,
    0.677632705646));
#3904 = CARTESIAN_POINT('',(-2.425320197994,3.247975608167,
    0.700548587057));
#3905 = ORIENTED_EDGE('',*,*,#3872,.T.);
#3906 = B_SPLINE_SURFACE_WITH_KNOTS('',1,1,(
    (#3907,#3908)
    ,(#3909,#3910
    )),.UNSPECIFIED.,.F.,.F.,.F.,(2,2),(2,2),(0.,2.291645775604E-02),(
    -9.839368700902E-04,0.),.PIECEWISE_BEZIER_KNOTS.);
#3907 = CARTESIAN_POINT('',(-2.425320197994,3.246991671296,
    0.700548587057));
#3908 = CARTESIAN_POINT('',(-2.425320197994,3.247975608167,
    0.700548587057));
#3909 = CARTESIAN_POINT('',(-2.425157670385,3.246991671296,
    0.677632705646));
#3910 = CARTESIAN_POINT('',(-2.425157670385,3.247975608167,
    0.677632705646));
#3911 = ADVANCED_FACE('',(#3912),#3928,.F.);
#3912 = FACE_BOUND('',#3913,.T.);
#3913 = EDGE_LOOP('',(#3914,#3915,#3922,#3927));
#3914 = ORIENTED_EDGE('',*,*,#972,.T.);
#3915 = ORIENTED_EDGE('',*,*,#3916,.F.);
#3916 = EDGE_CURVE('',#3917,#966,#3919,.T.);
#3917 = VERTEX_POINT('',#3918);
#3918 = CARTESIAN_POINT('',(-2.353759220104,3.247975608167,
    0.701056123051));
#3919 = B_SPLINE_CURVE_WITH_KNOTS('',1,(#3920,#3921),.UNSPECIFIED.,.F.,
  .F.,(2,2),(-0.,9.839368700902E-04),.PIECEWISE_BEZIER_KNOTS.);
#3920 = CARTESIAN_POINT('',(-2.353759220104,3.247975608167,
    0.701056123051));
#3921 = CARTESIAN_POINT('',(-2.353759220104,3.246991671296,
    0.701056123051));
#3922 = ORIENTED_EDGE('',*,*,#3923,.F.);
#3923 = EDGE_CURVE('',#3895,#3917,#3924,.T.);
#3924 = B_SPLINE_CURVE_WITH_KNOTS('',1,(#3925,#3926),.UNSPECIFIED.,.F.,
  .F.,(2,2),(-7.156277768036E-02,0.),.PIECEWISE_BEZIER_KNOTS.);
#3925 = CARTESIAN_POINT('',(-2.425320197994,3.247975608167,
    0.700548587057));
#3926 = CARTESIAN_POINT('',(-2.353759220104,3.247975608167,
    0.701056123051));
#3927 = ORIENTED_EDGE('',*,*,#3894,.T.);
#3928 = B_SPLINE_SURFACE_WITH_KNOTS('',1,1,(
    (#3929,#3930)
    ,(#3931,#3932
    )),.UNSPECIFIED.,.F.,.F.,.F.,(2,2),(2,2),(-0.,7.156277768036E-02),(
    -9.839368700902E-04,0.),.PIECEWISE_BEZIER_KNOTS.);
#3929 = CARTESIAN_POINT('',(-2.353759220104,3.246991671296,
    0.701056123051));
#3930 = CARTESIAN_POINT('',(-2.353759220104,3.247975608167,
    0.701056123051));
#3931 = CARTESIAN_POINT('',(-2.425320197994,3.246991671296,
    0.700548587057));
#3932 = CARTESIAN_POINT('',(-2.425320197994,3.247975608167,
    0.700548587057));
#3933 = ADVANCED_FACE('',(#3934),#3950,.F.);
#3934 = FACE_BOUND('',#3935,.T.);
#3935 = EDGE_LOOP('',(#3936,#3937,#3944,#3949));
#3936 = ORIENTED_EDGE('',*,*,#965,.T.);
#3937 = ORIENTED_EDGE('',*,*,#3938,.F.);
#3938 = EDGE_CURVE('',#3939,#959,#3941,.T.);
#3939 = VERTEX_POINT('',#3940);
#3940 = CARTESIAN_POINT('',(-2.354213426726,3.247975608167,
    0.765097827354));
#3941 = B_SPLINE_CURVE_WITH_KNOTS('',1,(#3942,#3943),.UNSPECIFIED.,.F.,
  .F.,(2,2),(-0.,9.839368700902E-04),.PIECEWISE_BEZIER_KNOTS.);
#3942 = CARTESIAN_POINT('',(-2.354213426726,3.247975608167,
    0.765097827354));
#3943 = CARTESIAN_POINT('',(-2.354213426726,3.246991671296,
    0.765097827354));
#3944 = ORIENTED_EDGE('',*,*,#3945,.F.);
#3945 = EDGE_CURVE('',#3917,#3939,#3946,.T.);
#3946 = B_SPLINE_CURVE_WITH_KNOTS('',1,(#3947,#3948),.UNSPECIFIED.,.F.,
  .F.,(2,2),(-6.404331498016E-02,0.),.PIECEWISE_BEZIER_KNOTS.);
#3947 = CARTESIAN_POINT('',(-2.353759220104,3.247975608167,
    0.701056123051));
#3948 = CARTESIAN_POINT('',(-2.354213426726,3.247975608167,
    0.765097827354));
#3949 = ORIENTED_EDGE('',*,*,#3916,.T.);
#3950 = B_SPLINE_SURFACE_WITH_KNOTS('',1,1,(
    (#3951,#3952)
    ,(#3953,#3954
    )),.UNSPECIFIED.,.F.,.F.,.F.,(2,2),(2,2),(0.,6.404331498016E-02),(
    -9.839368700902E-04,0.),.PIECEWISE_BEZIER_KNOTS.);
#3951 = CARTESIAN_POINT('',(-2.354213426726,3.246991671296,
    0.765097827354));
#3952 = CARTESIAN_POINT('',(-2.354213426726,3.247975608167,
    0.765097827354));
#3953 = CARTESIAN_POINT('',(-2.353759220104,3.246991671296,
    0.701056123051));
#3954 = CARTESIAN_POINT('',(-2.353759220104,3.247975608167,
    0.701056123051));
#3955 = ADVANCED_FACE('',(#3956),#3972,.F.);
#3956 = FACE_BOUND('',#3957,.T.);
#3957 = EDGE_LOOP('',(#3958,#3959,#3966,#3971));
#3958 = ORIENTED_EDGE('',*,*,#958,.T.);
#3959 = ORIENTED_EDGE('',*,*,#3960,.F.);
#3960 = EDGE_CURVE('',#3961,#952,#3963,.T.);
#3961 = VERTEX_POINT('',#3962);
#3962 = CARTESIAN_POINT('',(-2.431452223448,3.247975608167,
    0.764550022243));
#3963 = B_SPLINE_CURVE_WITH_KNOTS('',1,(#3964,#3965),.UNSPECIFIED.,.F.,
  .F.,(2,2),(-0.,9.839368700902E-04),.PIECEWISE_BEZIER_KNOTS.);
#3964 = CARTESIAN_POINT('',(-2.431452223448,3.247975608167,
    0.764550022243));
#3965 = CARTESIAN_POINT('',(-2.431452223448,3.246991671296,
    0.764550022243));
#3966 = ORIENTED_EDGE('',*,*,#3967,.F.);
#3967 = EDGE_CURVE('',#3939,#3961,#3968,.T.);
#3968 = B_SPLINE_CURVE_WITH_KNOTS('',1,(#3969,#3970),.UNSPECIFIED.,.F.,
  .F.,(2,2),(-7.724073931228E-02,-0.),.PIECEWISE_BEZIER_KNOTS.);
#3969 = CARTESIAN_POINT('',(-2.354213426726,3.247975608167,
    0.765097827354));
#3970 = CARTESIAN_POINT('',(-2.431452223448,3.247975608167,
    0.764550022243));
#3971 = ORIENTED_EDGE('',*,*,#3938,.T.);
#3972 = B_SPLINE_SURFACE_WITH_KNOTS('',1,1,(
    (#3973,#3974)
    ,(#3975,#3976
    )),.UNSPECIFIED.,.F.,.F.,.F.,(2,2),(2,2),(0.,7.724073931228E-02),(
    -9.839368700902E-04,0.),.PIECEWISE_BEZIER_KNOTS.);
#3973 = CARTESIAN_POINT('',(-2.431452223448,3.246991671296,
    0.764550022243));
#3974 = CARTESIAN_POINT('',(-2.431452223448,3.247975608167,
    0.764550022243));
#3975 = CARTESIAN_POINT('',(-2.354213426726,3.246991671296,
    0.765097827354));
#3976 = CARTESIAN_POINT('',(-2.354213426726,3.247975608167,
    0.765097827354));
#3977 = ADVANCED_FACE('',(#3978),#3994,.F.);
#3978 = FACE_BOUND('',#3979,.T.);
#3979 = EDGE_LOOP('',(#3980,#3981,#3988,#3993));
#3980 = ORIENTED_EDGE('',*,*,#951,.T.);
#3981 = ORIENTED_EDGE('',*,*,#3982,.F.);
#3982 = EDGE_CURVE('',#3983,#945,#3985,.T.);
#3983 = VERTEX_POINT('',#3984);
#3984 = CARTESIAN_POINT('',(-2.431615476627,3.247975608167,
    0.787568206696));
#3985 = B_SPLINE_CURVE_WITH_KNOTS('',1,(#3986,#3987),.UNSPECIFIED.,.F.,
  .F.,(2,2),(-0.,9.839368700902E-04),.PIECEWISE_BEZIER_KNOTS.);
#3986 = CARTESIAN_POINT('',(-2.431615476627,3.247975608167,
    0.787568206696));
#3987 = CARTESIAN_POINT('',(-2.431615476627,3.246991671296,
    0.787568206696));
#3988 = ORIENTED_EDGE('',*,*,#3989,.F.);
#3989 = EDGE_CURVE('',#3961,#3983,#3990,.T.);
#3990 = B_SPLINE_CURVE_WITH_KNOTS('',1,(#3991,#3992),.UNSPECIFIED.,.F.,
  .F.,(2,2),(-2.30187633709E-02,0.),.PIECEWISE_BEZIER_KNOTS.);
#3991 = CARTESIAN_POINT('',(-2.431452223448,3.247975608167,
    0.764550022243));
#3992 = CARTESIAN_POINT('',(-2.431615476627,3.247975608167,
    0.787568206696));
#3993 = ORIENTED_EDGE('',*,*,#3960,.T.);
#3994 = B_SPLINE_SURFACE_WITH_KNOTS('',1,1,(
    (#3995,#3996)
    ,(#3997,#3998
    )),.UNSPECIFIED.,.F.,.F.,.F.,(2,2),(2,2),(-3.098968159955E-18,
    2.30187633709E-02),(-9.839368700902E-04,0.),
  .PIECEWISE_BEZIER_KNOTS.);
#3995 = CARTESIAN_POINT('',(-2.431615476627,3.246991671296,
    0.787568206696));
#3996 = CARTESIAN_POINT('',(-2.431615476627,3.247975608167,
    0.787568206696));
#3997 = CARTESIAN_POINT('',(-2.431452223448,3.246991671296,
    0.764550022243));
#3998 = CARTESIAN_POINT('',(-2.431452223448,3.247975608167,
    0.764550022243));
#3999 = ADVANCED_FACE('',(#4000),#4016,.F.);
#4000 = FACE_BOUND('',#4001,.T.);
#4001 = EDGE_LOOP('',(#4002,#4003,#4010,#4015));
#4002 = ORIENTED_EDGE('',*,*,#944,.T.);
#4003 = ORIENTED_EDGE('',*,*,#4004,.F.);
#4004 = EDGE_CURVE('',#4005,#938,#4007,.T.);
#4005 = VERTEX_POINT('',#4006);
#4006 = CARTESIAN_POINT('',(-2.328545161796,3.247975608167,
    0.788299218153));
#4007 = B_SPLINE_CURVE_WITH_KNOTS('',1,(#4008,#4009),.UNSPECIFIED.,.F.,
  .F.,(2,2),(-0.,9.839368700902E-04),.PIECEWISE_BEZIER_KNOTS.);
#4008 = CARTESIAN_POINT('',(-2.328545161796,3.247975608167,
    0.788299218153));
#4009 = CARTESIAN_POINT('',(-2.328545161796,3.246991671296,
    0.788299218153));
#4010 = ORIENTED_EDGE('',*,*,#4011,.F.);
#4011 = EDGE_CURVE('',#3983,#4005,#4012,.T.);
#4012 = B_SPLINE_CURVE_WITH_KNOTS('',1,(#4013,#4014),.UNSPECIFIED.,.F.,
  .F.,(2,2),(-0.103072907095,0.),.PIECEWISE_BEZIER_KNOTS.);
#4013 = CARTESIAN_POINT('',(-2.431615476627,3.247975608167,
    0.787568206696));
#4014 = CARTESIAN_POINT('',(-2.328545161796,3.247975608167,
    0.788299218153));
#4015 = ORIENTED_EDGE('',*,*,#3982,.T.);
#4016 = B_SPLINE_SURFACE_WITH_KNOTS('',1,1,(
    (#4017,#4018)
    ,(#4019,#4020
    )),.UNSPECIFIED.,.F.,.F.,.F.,(2,2),(2,2),(-4.369447578246E-16,
    0.103072907095),(-9.839368700902E-04,0.),.PIECEWISE_BEZIER_KNOTS.);
#4017 = CARTESIAN_POINT('',(-2.328545161796,3.246991671296,
    0.788299218153));
#4018 = CARTESIAN_POINT('',(-2.328545161796,3.247975608167,
    0.788299218153));
#4019 = CARTESIAN_POINT('',(-2.431615476627,3.246991671296,
    0.787568206696));
#4020 = CARTESIAN_POINT('',(-2.431615476627,3.247975608167,
    0.787568206696));
#4021 = ADVANCED_FACE('',(#4022),#4038,.F.);
#4022 = FACE_BOUND('',#4023,.T.);
#4023 = EDGE_LOOP('',(#4024,#4025,#4032,#4037));
#4024 = ORIENTED_EDGE('',*,*,#937,.T.);
#4025 = ORIENTED_EDGE('',*,*,#4026,.F.);
#4026 = EDGE_CURVE('',#4027,#931,#4029,.T.);
#4027 = VERTEX_POINT('',#4028);
#4028 = CARTESIAN_POINT('',(-2.327125947494,3.247975608167,0.58819446797
    ));
#4029 = B_SPLINE_CURVE_WITH_KNOTS('',1,(#4030,#4031),.UNSPECIFIED.,.F.,
  .F.,(2,2),(-0.,9.839368700902E-04),.PIECEWISE_BEZIER_KNOTS.);
#4030 = CARTESIAN_POINT('',(-2.327125947494,3.247975608167,0.58819446797
    ));
#4031 = CARTESIAN_POINT('',(-2.327125947494,3.246991671296,0.58819446797
    ));
#4032 = ORIENTED_EDGE('',*,*,#4033,.F.);
#4033 = EDGE_CURVE('',#4005,#4027,#4034,.T.);
#4034 = B_SPLINE_CURVE_WITH_KNOTS('',1,(#4035,#4036),.UNSPECIFIED.,.F.,
  .F.,(2,2),(-0.200109782907,0.),.PIECEWISE_BEZIER_KNOTS.);
#4035 = CARTESIAN_POINT('',(-2.328545161796,3.247975608167,
    0.788299218153));
#4036 = CARTESIAN_POINT('',(-2.327125947494,3.247975608167,0.58819446797
    ));
#4037 = ORIENTED_EDGE('',*,*,#4004,.T.);
#4038 = B_SPLINE_SURFACE_WITH_KNOTS('',1,1,(
    (#4039,#4040)
    ,(#4041,#4042
    )),.UNSPECIFIED.,.F.,.F.,.F.,(2,2),(2,2),(0.,0.200109782907),(
    -9.839368700902E-04,0.),.PIECEWISE_BEZIER_KNOTS.);
#4039 = CARTESIAN_POINT('',(-2.327125947494,3.246991671296,0.58819446797
    ));
#4040 = CARTESIAN_POINT('',(-2.327125947494,3.247975608167,0.58819446797
    ));
#4041 = CARTESIAN_POINT('',(-2.328545161796,3.246991671296,
    0.788299218153));
#4042 = CARTESIAN_POINT('',(-2.328545161796,3.247975608167,
    0.788299218153));
#4043 = ADVANCED_FACE('',(#4044),#4054,.F.);
#4044 = FACE_BOUND('',#4045,.T.);
#4045 = EDGE_LOOP('',(#4046,#4047,#4048,#4053));
#4046 = ORIENTED_EDGE('',*,*,#930,.T.);
#4047 = ORIENTED_EDGE('',*,*,#3814,.F.);
#4048 = ORIENTED_EDGE('',*,*,#4049,.F.);
#4049 = EDGE_CURVE('',#4027,#3808,#4050,.T.);
#4050 = B_SPLINE_CURVE_WITH_KNOTS('',1,(#4051,#4052),.UNSPECIFIED.,.F.,
  .F.,(2,2),(-0.107625506962,-0.),.PIECEWISE_BEZIER_KNOTS.);
#4051 = CARTESIAN_POINT('',(-2.327125947494,3.247975608167,0.58819446797
    ));
#4052 = CARTESIAN_POINT('',(-2.434748747695,3.247975608167,
    0.587431168662));
#4053 = ORIENTED_EDGE('',*,*,#4026,.T.);
#4054 = B_SPLINE_SURFACE_WITH_KNOTS('',1,1,(
    (#4055,#4056)
    ,(#4057,#4058
    )),.UNSPECIFIED.,.F.,.F.,.F.,(2,2),(2,2),(0.,0.107625506962),(
    -9.839368700902E-04,0.),.PIECEWISE_BEZIER_KNOTS.);
#4055 = CARTESIAN_POINT('',(-2.434748747695,3.246991671296,
    0.587431168662));
#4056 = CARTESIAN_POINT('',(-2.434748747695,3.247975608167,
    0.587431168662));
#4057 = CARTESIAN_POINT('',(-2.327125947494,3.246991671296,0.58819446797
    ));
#4058 = CARTESIAN_POINT('',(-2.327125947494,3.247975608167,0.58819446797
    ));
#4059 = ADVANCED_FACE('',(#4060),#4074,.F.);
#4060 = FACE_BOUND('',#4061,.T.);
#4061 = EDGE_LOOP('',(#4062,#4063,#4064,#4065,#4066,#4067,#4068,#4069,
    #4070,#4071,#4072,#4073));
#4062 = ORIENTED_EDGE('',*,*,#3807,.T.);
#4063 = ORIENTED_EDGE('',*,*,#3835,.T.);
#4064 = ORIENTED_EDGE('',*,*,#3857,.T.);
#4065 = ORIENTED_EDGE('',*,*,#3879,.T.);
#4066 = ORIENTED_EDGE('',*,*,#3901,.T.);
#4067 = ORIENTED_EDGE('',*,*,#3923,.T.);
#4068 = ORIENTED_EDGE('',*,*,#3945,.T.);
#4069 = ORIENTED_EDGE('',*,*,#3967,.T.);
#4070 = ORIENTED_EDGE('',*,*,#3989,.T.);
#4071 = ORIENTED_EDGE('',*,*,#4011,.T.);
#4072 = ORIENTED_EDGE('',*,*,#4033,.T.);
#4073 = ORIENTED_EDGE('',*,*,#4049,.T.);
#4074 = B_SPLINE_SURFACE_WITH_KNOTS('',1,1,(
    (#4075,#4076)
    ,(#4077,#4078
    )),.UNSPECIFIED.,.F.,.F.,.F.,(2,2),(2,2),(-0.768620380751,
    -0.56775233126),(-2.434910549734,-2.327125947494),
  .PIECEWISE_BEZIER_KNOTS.);
#4075 = CARTESIAN_POINT('',(-2.434910549734,3.247975608167,
    0.788299218153));
#4076 = CARTESIAN_POINT('',(-2.327125947494,3.247975608167,
    0.788299218153));
#4077 = CARTESIAN_POINT('',(-2.434910549734,3.247975608167,
    0.587431168662));
#4078 = CARTESIAN_POINT('',(-2.327125947494,3.247975608167,
    0.587431168662));
#4079 = ADVANCED_FACE('',(#4080,#4139),#4198,.T.);
#4080 = FACE_BOUND('',#4081,.T.);
#4081 = EDGE_LOOP('',(#4082,#4091,#4100,#4109,#4118,#4127,#4134));
#4082 = ORIENTED_EDGE('',*,*,#4083,.T.);
#4083 = EDGE_CURVE('',#4084,#4086,#4088,.T.);
#4084 = VERTEX_POINT('',#4085);
#4085 = CARTESIAN_POINT('',(-2.47254972172,3.247975608167,0.587163070664
    ));
#4086 = VERTEX_POINT('',#4087);
#4087 = CARTESIAN_POINT('',(-2.527588758325,3.247975608167,
    0.586772714174));
#4088 = B_SPLINE_CURVE_WITH_KNOTS('',1,(#4089,#4090),.UNSPECIFIED.,.F.,
  .F.,(2,2),(-5.504042086099E-02,-0.),.PIECEWISE_BEZIER_KNOTS.);
#4089 = CARTESIAN_POINT('',(-2.47254972172,3.247975608167,0.587163070664
    ));
#4090 = CARTESIAN_POINT('',(-2.527588758325,3.247975608167,
    0.586772714174));
#4091 = ORIENTED_EDGE('',*,*,#4092,.T.);
#4092 = EDGE_CURVE('',#4086,#4093,#4095,.T.);
#4093 = VERTEX_POINT('',#4094);
#4094 = CARTESIAN_POINT('',(-2.605486724829,3.247975608167,0.61425267751
    ));
#4095 = B_SPLINE_CURVE_WITH_KNOTS('',3,(#4096,#4097,#4098,#4099),
  .UNSPECIFIED.,.F.,.F.,(4,4),(5.,6.),.PIECEWISE_BEZIER_KNOTS.);
#4096 = CARTESIAN_POINT('',(-2.527588758325,3.247975608167,
    0.586772714174));
#4097 = CARTESIAN_POINT('',(-2.559251549828,3.247975608167,
    0.586548150356));
#4098 = CARTESIAN_POINT('',(-2.585251397821,3.247975608167,
    0.595673795265));
#4099 = CARTESIAN_POINT('',(-2.605486724829,3.247975608167,0.61425267751
    ));
#4100 = ORIENTED_EDGE('',*,*,#4101,.T.);
#4101 = EDGE_CURVE('',#4093,#4102,#4104,.T.);
#4102 = VERTEX_POINT('',#4103);
#4103 = CARTESIAN_POINT('',(-2.636195062524,3.247975608167,
    0.688617552084));
#4104 = B_SPLINE_CURVE_WITH_KNOTS('',3,(#4105,#4106,#4107,#4108),
  .UNSPECIFIED.,.F.,.F.,(4,4),(4.,5.),.PIECEWISE_BEZIER_KNOTS.);
#4105 = CARTESIAN_POINT('',(-2.605486724829,3.247975608167,0.61425267751
    ));
#4106 = CARTESIAN_POINT('',(-2.625722051838,3.247975608167,
    0.632831559757));
#4107 = CARTESIAN_POINT('',(-2.635975214909,3.247975608167,
    0.657619730353));
#4108 = CARTESIAN_POINT('',(-2.636195062524,3.247975608167,
    0.688617552084));
#4109 = ORIENTED_EDGE('',*,*,#4110,.T.);
#4110 = EDGE_CURVE('',#4102,#4111,#4113,.T.);
#4111 = VERTEX_POINT('',#4112);
#4112 = CARTESIAN_POINT('',(-2.60651921049,3.247975608167,0.7598299063)
  );
#4113 = B_SPLINE_CURVE_WITH_KNOTS('',3,(#4114,#4115,#4116,#4117),
  .UNSPECIFIED.,.F.,.F.,(4,4),(3.,4.),.PIECEWISE_BEZIER_KNOTS.);
#4114 = CARTESIAN_POINT('',(-2.636195062524,3.247975608167,
    0.688617552084));
#4115 = CARTESIAN_POINT('',(-2.636405477732,3.247975608167,
    0.718285434268));
#4116 = CARTESIAN_POINT('',(-2.626496234691,3.247975608167,
    0.741988905588));
#4117 = CARTESIAN_POINT('',(-2.60651921049,3.247975608167,0.7598299063)
  );
#4118 = ORIENTED_EDGE('',*,*,#4119,.T.);
#4119 = EDGE_CURVE('',#4111,#4120,#4122,.T.);
#4120 = VERTEX_POINT('',#4121);
#4121 = CARTESIAN_POINT('',(-2.531054033467,3.247975608167,
    0.786862952963));
#4122 = B_SPLINE_CURVE_WITH_KNOTS('',3,(#4123,#4124,#4125,#4126),
  .UNSPECIFIED.,.F.,.F.,(4,4),(2.,3.),.PIECEWISE_BEZIER_KNOTS.);
#4123 = CARTESIAN_POINT('',(-2.60651921049,3.247975608167,0.7598299063)
  );
#4124 = CARTESIAN_POINT('',(-2.586542186289,3.247975608167,
    0.777670907012));
#4125 = CARTESIAN_POINT('',(-2.561386885425,3.247975608167,
    0.786647821552));
#4126 = CARTESIAN_POINT('',(-2.531054033467,3.247975608167,
    0.786862952963));
#4127 = ORIENTED_EDGE('',*,*,#4128,.T.);
#4128 = EDGE_CURVE('',#4120,#4129,#4131,.T.);
#4129 = VERTEX_POINT('',#4130);
#4130 = CARTESIAN_POINT('',(-2.473968936022,3.247975608167,
    0.787267820847));
#4131 = B_SPLINE_CURVE_WITH_KNOTS('',1,(#4132,#4133),.UNSPECIFIED.,.F.,
  .F.,(2,2),(-5.708653316104E-02,0.),.PIECEWISE_BEZIER_KNOTS.);
#4132 = CARTESIAN_POINT('',(-2.531054033467,3.247975608167,
    0.786862952963));
#4133 = CARTESIAN_POINT('',(-2.473968936022,3.247975608167,
    0.787267820847));
#4134 = ORIENTED_EDGE('',*,*,#4135,.T.);
#4135 = EDGE_CURVE('',#4129,#4084,#4136,.T.);
#4136 = B_SPLINE_CURVE_WITH_KNOTS('',1,(#4137,#4138),.UNSPECIFIED.,.F.,
  .F.,(2,2),(-0.200109782907,0.),.PIECEWISE_BEZIER_KNOTS.);
#4137 = CARTESIAN_POINT('',(-2.473968936022,3.247975608167,
    0.787267820847));
#4138 = CARTESIAN_POINT('',(-2.47254972172,3.247975608167,0.587163070664
    ));
#4139 = FACE_BOUND('',#4140,.T.);
#4140 = EDGE_LOOP('',(#4141,#4150,#4157,#4166,#4175,#4184,#4193));
#4141 = ORIENTED_EDGE('',*,*,#4142,.F.);
#4142 = EDGE_CURVE('',#4143,#4145,#4147,.T.);
#4143 = VERTEX_POINT('',#4144);
#4144 = CARTESIAN_POINT('',(-2.499637200953,3.247975608167,
    0.764066430048));
#4145 = VERTEX_POINT('',#4146);
#4146 = CARTESIAN_POINT('',(-2.498543041869,3.247975608167,
    0.609793442688));
#4147 = B_SPLINE_CURVE_WITH_KNOTS('',1,(#4148,#4149),.UNSPECIFIED.,.F.,
  .F.,(2,2),(0.,0.154276867395),.PIECEWISE_BEZIER_KNOTS.);
#4148 = CARTESIAN_POINT('',(-2.499637200953,3.247975608167,
    0.764066430048));
#4149 = CARTESIAN_POINT('',(-2.498543041869,3.247975608167,
    0.609793442688));
#4150 = ORIENTED_EDGE('',*,*,#4151,.F.);
#4151 = EDGE_CURVE('',#4152,#4143,#4154,.T.);
#4152 = VERTEX_POINT('',#4153);
#4153 = CARTESIAN_POINT('',(-2.529867749867,3.247975608167,
    0.763852024207));
#4154 = B_SPLINE_CURVE_WITH_KNOTS('',1,(#4155,#4156),.UNSPECIFIED.,.F.,
  .F.,(2,2),(-4.369447578246E-16,3.023130922582E-02),
  .PIECEWISE_BEZIER_KNOTS.);
#4155 = CARTESIAN_POINT('',(-2.529867749867,3.247975608167,
    0.763852024207));
#4156 = CARTESIAN_POINT('',(-2.499637200953,3.247975608167,
    0.764066430048));
#4157 = ORIENTED_EDGE('',*,*,#4158,.F.);
#4158 = EDGE_CURVE('',#4159,#4152,#4161,.T.);
#4159 = VERTEX_POINT('',#4160);
#4160 = CARTESIAN_POINT('',(-2.587484312264,3.247975608167,
    0.744618680389));
#4161 = B_SPLINE_CURVE_WITH_KNOTS('',3,(#4162,#4163,#4164,#4165),
  .UNSPECIFIED.,.F.,.F.,(4,4),(5.,6.),.PIECEWISE_BEZIER_KNOTS.);
#4162 = CARTESIAN_POINT('',(-2.587484312264,3.247975608167,
    0.744618680389));
#4163 = CARTESIAN_POINT('',(-2.572944222326,3.247975608167,
    0.757305711022));
#4164 = CARTESIAN_POINT('',(-2.553704358657,3.247975608167,0.76368296647
    ));
#4165 = CARTESIAN_POINT('',(-2.529867749867,3.247975608167,
    0.763852024207));
#4166 = ORIENTED_EDGE('',*,*,#4167,.F.);
#4167 = EDGE_CURVE('',#4168,#4159,#4170,.T.);
#4168 = VERTEX_POINT('',#4169);
#4169 = CARTESIAN_POINT('',(-2.609028525881,3.247975608167,
    0.688094069541));
#4170 = B_SPLINE_CURVE_WITH_KNOTS('',3,(#4171,#4172,#4173,#4174),
  .UNSPECIFIED.,.F.,.F.,(4,4),(4.,5.),.PIECEWISE_BEZIER_KNOTS.);
#4171 = CARTESIAN_POINT('',(-2.609028525881,3.247975608167,
    0.688094069541));
#4172 = CARTESIAN_POINT('',(-2.609205564884,3.247975608167,
    0.713056011793));
#4173 = CARTESIAN_POINT('',(-2.602024402201,3.247975608167,
    0.731931649757));
#4174 = CARTESIAN_POINT('',(-2.587484312264,3.247975608167,
    0.744618680389));
#4175 = ORIENTED_EDGE('',*,*,#4176,.F.);
#4176 = EDGE_CURVE('',#4177,#4168,#4179,.T.);
#4177 = VERTEX_POINT('',#4178);
#4178 = CARTESIAN_POINT('',(-2.58723434095,3.247975608167,0.630035282697
    ));
#4179 = B_SPLINE_CURVE_WITH_KNOTS('',3,(#4180,#4181,#4182,#4183),
  .UNSPECIFIED.,.F.,.F.,(4,4),(3.,4.),.PIECEWISE_BEZIER_KNOTS.);
#4180 = CARTESIAN_POINT('',(-2.58723434095,3.247975608167,0.630035282697
    ));
#4181 = CARTESIAN_POINT('',(-2.601603567218,3.247975608167,
    0.643744976399));
#4182 = CARTESIAN_POINT('',(-2.608851486879,3.247975608167,
    0.663132127289));
#4183 = CARTESIAN_POINT('',(-2.609028525881,3.247975608167,
    0.688094069541));
#4184 = ORIENTED_EDGE('',*,*,#4185,.F.);
#4185 = EDGE_CURVE('',#4186,#4177,#4188,.T.);
#4186 = VERTEX_POINT('',#4187);
#4187 = CARTESIAN_POINT('',(-2.527597105801,3.247975608167,
    0.609587380898));
#4188 = B_SPLINE_CURVE_WITH_KNOTS('',3,(#4189,#4190,#4191,#4192),
  .UNSPECIFIED.,.F.,.F.,(4,4),(2.,3.),.PIECEWISE_BEZIER_KNOTS.);
#4189 = CARTESIAN_POINT('',(-2.527597105801,3.247975608167,
    0.609587380898));
#4190 = CARTESIAN_POINT('',(-2.553019411742,3.247975608167,
    0.609407076831));
#4191 = CARTESIAN_POINT('',(-2.572915540632,3.247975608167,0.61622292317
    ));
#4192 = CARTESIAN_POINT('',(-2.58723434095,3.247975608167,0.630035282697
    ));
#4193 = ORIENTED_EDGE('',*,*,#4194,.F.);
#4194 = EDGE_CURVE('',#4145,#4186,#4195,.T.);
#4195 = B_SPLINE_CURVE_WITH_KNOTS('',1,(#4196,#4197),.UNSPECIFIED.,.F.,
  .F.,(2,2),(0.,2.905479465485E-02),.PIECEWISE_BEZIER_KNOTS.);
#4196 = CARTESIAN_POINT('',(-2.498543041869,3.247975608167,
    0.609793442688));
#4197 = CARTESIAN_POINT('',(-2.527597105801,3.247975608167,
    0.609587380898));
#4198 = B_SPLINE_SURFACE_WITH_KNOTS('',1,1,(
    (#4199,#4200)
    ,(#4201,#4202
    )),.UNSPECIFIED.,.F.,.F.,.F.,(2,2),(2,2),(-0.193407980263,
    7.311690227593E-03),(-6.373542034469E-02,0.100120335667),
  .PIECEWISE_BEZIER_KNOTS.);
#4199 = CARTESIAN_POINT('',(-2.636405477732,3.247975608167,
    0.586548150356));
#4200 = CARTESIAN_POINT('',(-2.47254972172,3.247975608167,0.586548150356
    ));
#4201 = CARTESIAN_POINT('',(-2.636405477732,3.247975608167,
    0.787267820847));
#4202 = CARTESIAN_POINT('',(-2.47254972172,3.247975608167,0.787267820847
    ));
#4203 = ADVANCED_FACE('',(#4204),#4218,.F.);
#4204 = FACE_BOUND('',#4205,.T.);
#4205 = EDGE_LOOP('',(#4206,#4207,#4212,#4213));
#4206 = ORIENTED_EDGE('',*,*,#1007,.T.);
#4207 = ORIENTED_EDGE('',*,*,#4208,.F.);
#4208 = EDGE_CURVE('',#4086,#1010,#4209,.T.);
#4209 = B_SPLINE_CURVE_WITH_KNOTS('',1,(#4210,#4211),.UNSPECIFIED.,.F.,
  .F.,(2,2),(-0.,9.839368700902E-04),.PIECEWISE_BEZIER_KNOTS.);
#4210 = CARTESIAN_POINT('',(-2.527588758325,3.247975608167,
    0.586772714174));
#4211 = CARTESIAN_POINT('',(-2.527588758325,3.246991671296,
    0.586772714174));
#4212 = ORIENTED_EDGE('',*,*,#4083,.F.);
#4213 = ORIENTED_EDGE('',*,*,#4214,.T.);
#4214 = EDGE_CURVE('',#4084,#1008,#4215,.T.);
#4215 = B_SPLINE_CURVE_WITH_KNOTS('',1,(#4216,#4217),.UNSPECIFIED.,.F.,
  .F.,(2,2),(-0.,9.839368700902E-04),.PIECEWISE_BEZIER_KNOTS.);
#4216 = CARTESIAN_POINT('',(-2.47254972172,3.247975608167,0.587163070664
    ));
#4217 = CARTESIAN_POINT('',(-2.47254972172,3.246991671296,0.587163070664
    ));
#4218 = B_SPLINE_SURFACE_WITH_KNOTS('',1,1,(
    (#4219,#4220)
    ,(#4221,#4222
    )),.UNSPECIFIED.,.F.,.F.,.F.,(2,2),(2,2),(0.,5.504042086099E-02),(
    -9.839368700902E-04,0.),.PIECEWISE_BEZIER_KNOTS.);
#4219 = CARTESIAN_POINT('',(-2.527588758325,3.246991671296,
    0.586772714174));
#4220 = CARTESIAN_POINT('',(-2.527588758325,3.247975608167,
    0.586772714174));
#4221 = CARTESIAN_POINT('',(-2.47254972172,3.246991671296,0.587163070664
    ));
#4222 = CARTESIAN_POINT('',(-2.47254972172,3.247975608167,0.587163070664
    ));
#4223 = ADVANCED_FACE('',(#4224),#4234,.F.);
#4224 = FACE_BOUND('',#4225,.F.);
#4225 = EDGE_LOOP('',(#4226,#4227,#4228,#4233));
#4226 = ORIENTED_EDGE('',*,*,#4208,.F.);
#4227 = ORIENTED_EDGE('',*,*,#4092,.T.);
#4228 = ORIENTED_EDGE('',*,*,#4229,.T.);
#4229 = EDGE_CURVE('',#4093,#1049,#4230,.T.);
#4230 = B_SPLINE_CURVE_WITH_KNOTS('',1,(#4231,#4232),.UNSPECIFIED.,.F.,
  .F.,(2,2),(-0.,9.839368700902E-04),.PIECEWISE_BEZIER_KNOTS.);
#4231 = CARTESIAN_POINT('',(-2.605486724829,3.247975608167,0.61425267751
    ));
#4232 = CARTESIAN_POINT('',(-2.605486724829,3.246991671296,0.61425267751
    ));
#4233 = ORIENTED_EDGE('',*,*,#1057,.F.);
#4234 = B_SPLINE_SURFACE_WITH_KNOTS('',3,1,(
    (#4235,#4236)
    ,(#4237,#4238)
    ,(#4239,#4240)
    ,(#4241,#4242
    )),.UNSPECIFIED.,.F.,.F.,.F.,(4,4),(2,2),(5.,6.),(0.,1.),
  .PIECEWISE_BEZIER_KNOTS.);
#4235 = CARTESIAN_POINT('',(-2.527588758325,3.247975608167,
    0.586772714174));
#4236 = CARTESIAN_POINT('',(-2.527588758325,3.246991671296,
    0.586772714174));
#4237 = CARTESIAN_POINT('',(-2.559251549828,3.247975608167,
    0.586548150356));
#4238 = CARTESIAN_POINT('',(-2.559251549828,3.246991671296,
    0.586548150356));
#4239 = CARTESIAN_POINT('',(-2.585251397821,3.247975608167,
    0.595673795265));
#4240 = CARTESIAN_POINT('',(-2.585251397821,3.246991671296,
    0.595673795265));
#4241 = CARTESIAN_POINT('',(-2.605486724829,3.247975608167,0.61425267751
    ));
#4242 = CARTESIAN_POINT('',(-2.605486724829,3.246991671296,0.61425267751
    ));
#4243 = ADVANCED_FACE('',(#4244),#4254,.F.);
#4244 = FACE_BOUND('',#4245,.F.);
#4245 = EDGE_LOOP('',(#4246,#4247,#4248,#4253));
#4246 = ORIENTED_EDGE('',*,*,#4229,.F.);
#4247 = ORIENTED_EDGE('',*,*,#4101,.T.);
#4248 = ORIENTED_EDGE('',*,*,#4249,.T.);
#4249 = EDGE_CURVE('',#4102,#1040,#4250,.T.);
#4250 = B_SPLINE_CURVE_WITH_KNOTS('',1,(#4251,#4252),.UNSPECIFIED.,.F.,
  .F.,(2,2),(-0.,9.839368700902E-04),.PIECEWISE_BEZIER_KNOTS.);
#4251 = CARTESIAN_POINT('',(-2.636195062524,3.247975608167,
    0.688617552084));
#4252 = CARTESIAN_POINT('',(-2.636195062524,3.246991671296,
    0.688617552084));
#4253 = ORIENTED_EDGE('',*,*,#1048,.F.);
#4254 = B_SPLINE_SURFACE_WITH_KNOTS('',3,1,(
    (#4255,#4256)
    ,(#4257,#4258)
    ,(#4259,#4260)
    ,(#4261,#4262
    )),.UNSPECIFIED.,.F.,.F.,.F.,(4,4),(2,2),(4.,5.),(0.,1.),
  .PIECEWISE_BEZIER_KNOTS.);
#4255 = CARTESIAN_POINT('',(-2.605486724829,3.247975608167,0.61425267751
    ));
#4256 = CARTESIAN_POINT('',(-2.605486724829,3.246991671296,0.61425267751
    ));
#4257 = CARTESIAN_POINT('',(-2.625722051838,3.247975608167,
    0.632831559757));
#4258 = CARTESIAN_POINT('',(-2.625722051838,3.246991671296,
    0.632831559757));
#4259 = CARTESIAN_POINT('',(-2.635975214909,3.247975608167,
    0.657619730353));
#4260 = CARTESIAN_POINT('',(-2.635975214909,3.246991671296,
    0.657619730353));
#4261 = CARTESIAN_POINT('',(-2.636195062524,3.247975608167,
    0.688617552084));
#4262 = CARTESIAN_POINT('',(-2.636195062524,3.246991671296,
    0.688617552084));
#4263 = ADVANCED_FACE('',(#4264),#4274,.F.);
#4264 = FACE_BOUND('',#4265,.F.);
#4265 = EDGE_LOOP('',(#4266,#4267,#4268,#4273));
#4266 = ORIENTED_EDGE('',*,*,#4249,.F.);
#4267 = ORIENTED_EDGE('',*,*,#4110,.T.);
#4268 = ORIENTED_EDGE('',*,*,#4269,.T.);
#4269 = EDGE_CURVE('',#4111,#1031,#4270,.T.);
#4270 = B_SPLINE_CURVE_WITH_KNOTS('',1,(#4271,#4272),.UNSPECIFIED.,.F.,
  .F.,(2,2),(-0.,9.839368700902E-04),.PIECEWISE_BEZIER_KNOTS.);
#4271 = CARTESIAN_POINT('',(-2.60651921049,3.247975608167,0.7598299063)
  );
#4272 = CARTESIAN_POINT('',(-2.60651921049,3.246991671296,0.7598299063)
  );
#4273 = ORIENTED_EDGE('',*,*,#1039,.F.);
#4274 = B_SPLINE_SURFACE_WITH_KNOTS('',3,1,(
    (#4275,#4276)
    ,(#4277,#4278)
    ,(#4279,#4280)
    ,(#4281,#4282
    )),.UNSPECIFIED.,.F.,.F.,.F.,(4,4),(2,2),(3.,4.),(0.,1.),
  .PIECEWISE_BEZIER_KNOTS.);
#4275 = CARTESIAN_POINT('',(-2.636195062524,3.247975608167,
    0.688617552084));
#4276 = CARTESIAN_POINT('',(-2.636195062524,3.246991671296,
    0.688617552084));
#4277 = CARTESIAN_POINT('',(-2.636405477732,3.247975608167,
    0.718285434268));
#4278 = CARTESIAN_POINT('',(-2.636405477732,3.246991671296,
    0.718285434268));
#4279 = CARTESIAN_POINT('',(-2.626496234691,3.247975608167,
    0.741988905588));
#4280 = CARTESIAN_POINT('',(-2.626496234691,3.246991671296,
    0.741988905588));
#4281 = CARTESIAN_POINT('',(-2.60651921049,3.247975608167,0.7598299063)
  );
#4282 = CARTESIAN_POINT('',(-2.60651921049,3.246991671296,0.7598299063)
  );
#4283 = ADVANCED_FACE('',(#4284),#4294,.F.);
#4284 = FACE_BOUND('',#4285,.F.);
#4285 = EDGE_LOOP('',(#4286,#4287,#4288,#4293));
#4286 = ORIENTED_EDGE('',*,*,#4269,.F.);
#4287 = ORIENTED_EDGE('',*,*,#4119,.T.);
#4288 = ORIENTED_EDGE('',*,*,#4289,.T.);
#4289 = EDGE_CURVE('',#4120,#1024,#4290,.T.);
#4290 = B_SPLINE_CURVE_WITH_KNOTS('',1,(#4291,#4292),.UNSPECIFIED.,.F.,
  .F.,(2,2),(-0.,9.839368700902E-04),.PIECEWISE_BEZIER_KNOTS.);
#4291 = CARTESIAN_POINT('',(-2.531054033467,3.247975608167,
    0.786862952963));
#4292 = CARTESIAN_POINT('',(-2.531054033467,3.246991671296,
    0.786862952963));
#4293 = ORIENTED_EDGE('',*,*,#1030,.F.);
#4294 = B_SPLINE_SURFACE_WITH_KNOTS('',3,1,(
    (#4295,#4296)
    ,(#4297,#4298)
    ,(#4299,#4300)
    ,(#4301,#4302
    )),.UNSPECIFIED.,.F.,.F.,.F.,(4,4),(2,2),(2.,3.),(0.,1.),
  .PIECEWISE_BEZIER_KNOTS.);
#4295 = CARTESIAN_POINT('',(-2.60651921049,3.247975608167,0.7598299063)
  );
#4296 = CARTESIAN_POINT('',(-2.60651921049,3.246991671296,0.7598299063)
  );
#4297 = CARTESIAN_POINT('',(-2.586542186289,3.247975608167,
    0.777670907012));
#4298 = CARTESIAN_POINT('',(-2.586542186289,3.246991671296,
    0.777670907012));
#4299 = CARTESIAN_POINT('',(-2.561386885425,3.247975608167,
    0.786647821552));
#4300 = CARTESIAN_POINT('',(-2.561386885425,3.246991671296,
    0.786647821552));
#4301 = CARTESIAN_POINT('',(-2.531054033467,3.247975608167,
    0.786862952963));
#4302 = CARTESIAN_POINT('',(-2.531054033467,3.246991671296,
    0.786862952963));
#4303 = ADVANCED_FACE('',(#4304),#4314,.F.);
#4304 = FACE_BOUND('',#4305,.T.);
#4305 = EDGE_LOOP('',(#4306,#4307,#4312,#4313));
#4306 = ORIENTED_EDGE('',*,*,#1023,.T.);
#4307 = ORIENTED_EDGE('',*,*,#4308,.F.);
#4308 = EDGE_CURVE('',#4129,#1017,#4309,.T.);
#4309 = B_SPLINE_CURVE_WITH_KNOTS('',1,(#4310,#4311),.UNSPECIFIED.,.F.,
  .F.,(2,2),(-0.,9.839368700902E-04),.PIECEWISE_BEZIER_KNOTS.);
#4310 = CARTESIAN_POINT('',(-2.473968936022,3.247975608167,
    0.787267820847));
#4311 = CARTESIAN_POINT('',(-2.473968936022,3.246991671296,
    0.787267820847));
#4312 = ORIENTED_EDGE('',*,*,#4128,.F.);
#4313 = ORIENTED_EDGE('',*,*,#4289,.T.);
#4314 = B_SPLINE_SURFACE_WITH_KNOTS('',1,1,(
    (#4315,#4316)
    ,(#4317,#4318
    )),.UNSPECIFIED.,.F.,.F.,.F.,(2,2),(2,2),(-4.369447578246E-16,
    5.708653316104E-02),(-9.839368700902E-04,0.),
  .PIECEWISE_BEZIER_KNOTS.);
#4315 = CARTESIAN_POINT('',(-2.473968936022,3.246991671296,
    0.787267820847));
#4316 = CARTESIAN_POINT('',(-2.473968936022,3.247975608167,
    0.787267820847));
#4317 = CARTESIAN_POINT('',(-2.531054033467,3.246991671296,
    0.786862952963));
#4318 = CARTESIAN_POINT('',(-2.531054033467,3.247975608167,
    0.786862952963));
#4319 = ADVANCED_FACE('',(#4320),#4326,.F.);
#4320 = FACE_BOUND('',#4321,.T.);
#4321 = EDGE_LOOP('',(#4322,#4323,#4324,#4325));
#4322 = ORIENTED_EDGE('',*,*,#1016,.T.);
#4323 = ORIENTED_EDGE('',*,*,#4214,.F.);
#4324 = ORIENTED_EDGE('',*,*,#4135,.F.);
#4325 = ORIENTED_EDGE('',*,*,#4308,.T.);
#4326 = B_SPLINE_SURFACE_WITH_KNOTS('',1,1,(
    (#4327,#4328)
    ,(#4329,#4330
    )),.UNSPECIFIED.,.F.,.F.,.F.,(2,2),(2,2),(0.,0.200109782907),(
    -9.839368700902E-04,0.),.PIECEWISE_BEZIER_KNOTS.);
#4327 = CARTESIAN_POINT('',(-2.47254972172,3.246991671296,0.587163070664
    ));
#4328 = CARTESIAN_POINT('',(-2.47254972172,3.247975608167,0.587163070664
    ));
#4329 = CARTESIAN_POINT('',(-2.473968936022,3.246991671296,
    0.787267820847));
#4330 = CARTESIAN_POINT('',(-2.473968936022,3.247975608167,
    0.787267820847));
#4331 = ADVANCED_FACE('',(#4332),#4354,.T.);
#4332 = FACE_BOUND('',#4333,.T.);
#4333 = EDGE_LOOP('',(#4334,#4343,#4348,#4349));
#4334 = ORIENTED_EDGE('',*,*,#4335,.F.);
#4335 = EDGE_CURVE('',#4336,#4338,#4340,.T.);
#4336 = VERTEX_POINT('',#4337);
#4337 = CARTESIAN_POINT('',(-2.529867749867,3.246991671296,
    0.763852024207));
#4338 = VERTEX_POINT('',#4339);
#4339 = CARTESIAN_POINT('',(-2.499637200953,3.246991671296,
    0.764066430048));
#4340 = B_SPLINE_CURVE_WITH_KNOTS('',1,(#4341,#4342),.UNSPECIFIED.,.F.,
  .F.,(2,2),(-4.369447578246E-16,3.023130922582E-02),
  .PIECEWISE_BEZIER_KNOTS.);
#4341 = CARTESIAN_POINT('',(-2.529867749867,3.246991671296,
    0.763852024207));
#4342 = CARTESIAN_POINT('',(-2.499637200953,3.246991671296,
    0.764066430048));
#4343 = ORIENTED_EDGE('',*,*,#4344,.F.);
#4344 = EDGE_CURVE('',#4152,#4336,#4345,.T.);
#4345 = B_SPLINE_CURVE_WITH_KNOTS('',1,(#4346,#4347),.UNSPECIFIED.,.F.,
  .F.,(2,2),(-0.,9.839368700902E-04),.PIECEWISE_BEZIER_KNOTS.);
#4346 = CARTESIAN_POINT('',(-2.529867749867,3.247975608167,
    0.763852024207));
#4347 = CARTESIAN_POINT('',(-2.529867749867,3.246991671296,
    0.763852024207));
#4348 = ORIENTED_EDGE('',*,*,#4151,.T.);
#4349 = ORIENTED_EDGE('',*,*,#4350,.T.);
#4350 = EDGE_CURVE('',#4143,#4338,#4351,.T.);
#4351 = B_SPLINE_CURVE_WITH_KNOTS('',1,(#4352,#4353),.UNSPECIFIED.,.F.,
  .F.,(2,2),(-0.,9.839368700902E-04),.PIECEWISE_BEZIER_KNOTS.);
#4352 = CARTESIAN_POINT('',(-2.499637200953,3.247975608167,
    0.764066430048));
#4353 = CARTESIAN_POINT('',(-2.499637200953,3.246991671296,
    0.764066430048));
#4354 = B_SPLINE_SURFACE_WITH_KNOTS('',1,1,(
    (#4355,#4356)
    ,(#4357,#4358
    )),.UNSPECIFIED.,.F.,.F.,.F.,(2,2),(2,2),(-3.023130922582E-02,
    4.440780410889E-16),(-9.839368700902E-04,0.),
  .PIECEWISE_BEZIER_KNOTS.);
#4355 = CARTESIAN_POINT('',(-2.499637200953,3.246991671296,
    0.764066430048));
#4356 = CARTESIAN_POINT('',(-2.499637200953,3.247975608167,
    0.764066430048));
#4357 = CARTESIAN_POINT('',(-2.529867749867,3.246991671296,
    0.763852024207));
#4358 = CARTESIAN_POINT('',(-2.529867749867,3.247975608167,
    0.763852024207));
#4359 = ADVANCED_FACE('',(#4360),#4376,.T.);
#4360 = FACE_BOUND('',#4361,.T.);
#4361 = EDGE_LOOP('',(#4362,#4369,#4370,#4371));
#4362 = ORIENTED_EDGE('',*,*,#4363,.F.);
#4363 = EDGE_CURVE('',#4338,#4364,#4366,.T.);
#4364 = VERTEX_POINT('',#4365);
#4365 = CARTESIAN_POINT('',(-2.498543041869,3.246991671296,
    0.609793442688));
#4366 = B_SPLINE_CURVE_WITH_KNOTS('',1,(#4367,#4368),.UNSPECIFIED.,.F.,
  .F.,(2,2),(0.,0.154276867395),.PIECEWISE_BEZIER_KNOTS.);
#4367 = CARTESIAN_POINT('',(-2.499637200953,3.246991671296,
    0.764066430048));
#4368 = CARTESIAN_POINT('',(-2.498543041869,3.246991671296,
    0.609793442688));
#4369 = ORIENTED_EDGE('',*,*,#4350,.F.);
#4370 = ORIENTED_EDGE('',*,*,#4142,.T.);
#4371 = ORIENTED_EDGE('',*,*,#4372,.T.);
#4372 = EDGE_CURVE('',#4145,#4364,#4373,.T.);
#4373 = B_SPLINE_CURVE_WITH_KNOTS('',1,(#4374,#4375),.UNSPECIFIED.,.F.,
  .F.,(2,2),(-0.,9.839368700902E-04),.PIECEWISE_BEZIER_KNOTS.);
#4374 = CARTESIAN_POINT('',(-2.498543041869,3.247975608167,
    0.609793442688));
#4375 = CARTESIAN_POINT('',(-2.498543041869,3.246991671296,
    0.609793442688));
#4376 = B_SPLINE_SURFACE_WITH_KNOTS('',1,1,(
    (#4377,#4378)
    ,(#4379,#4380
    )),.UNSPECIFIED.,.F.,.F.,.F.,(2,2),(2,2),(-0.154276867395,0.),(
    -9.839368700902E-04,0.),.PIECEWISE_BEZIER_KNOTS.);
#4377 = CARTESIAN_POINT('',(-2.498543041869,3.246991671296,
    0.609793442688));
#4378 = CARTESIAN_POINT('',(-2.498543041869,3.247975608167,
    0.609793442688));
#4379 = CARTESIAN_POINT('',(-2.499637200953,3.246991671296,
    0.764066430048));
#4380 = CARTESIAN_POINT('',(-2.499637200953,3.247975608167,
    0.764066430048));
#4381 = ADVANCED_FACE('',(#4382),#4398,.T.);
#4382 = FACE_BOUND('',#4383,.T.);
#4383 = EDGE_LOOP('',(#4384,#4391,#4392,#4393));
#4384 = ORIENTED_EDGE('',*,*,#4385,.F.);
#4385 = EDGE_CURVE('',#4364,#4386,#4388,.T.);
#4386 = VERTEX_POINT('',#4387);
#4387 = CARTESIAN_POINT('',(-2.527597105801,3.246991671296,
    0.609587380898));
#4388 = B_SPLINE_CURVE_WITH_KNOTS('',1,(#4389,#4390),.UNSPECIFIED.,.F.,
  .F.,(2,2),(0.,2.905479465485E-02),.PIECEWISE_BEZIER_KNOTS.);
#4389 = CARTESIAN_POINT('',(-2.498543041869,3.246991671296,
    0.609793442688));
#4390 = CARTESIAN_POINT('',(-2.527597105801,3.246991671296,
    0.609587380898));
#4391 = ORIENTED_EDGE('',*,*,#4372,.F.);
#4392 = ORIENTED_EDGE('',*,*,#4194,.T.);
#4393 = ORIENTED_EDGE('',*,*,#4394,.T.);
#4394 = EDGE_CURVE('',#4186,#4386,#4395,.T.);
#4395 = B_SPLINE_CURVE_WITH_KNOTS('',1,(#4396,#4397),.UNSPECIFIED.,.F.,
  .F.,(2,2),(-0.,9.839368700902E-04),.PIECEWISE_BEZIER_KNOTS.);
#4396 = CARTESIAN_POINT('',(-2.527597105801,3.247975608167,
    0.609587380898));
#4397 = CARTESIAN_POINT('',(-2.527597105801,3.246991671296,
    0.609587380898));
#4398 = B_SPLINE_SURFACE_WITH_KNOTS('',1,1,(
    (#4399,#4400)
    ,(#4401,#4402
    )),.UNSPECIFIED.,.F.,.F.,.F.,(2,2),(2,2),(-2.905479465485E-02,0.),(
    -9.839368700902E-04,0.),.PIECEWISE_BEZIER_KNOTS.);
#4399 = CARTESIAN_POINT('',(-2.527597105801,3.246991671296,
    0.609587380898));
#4400 = CARTESIAN_POINT('',(-2.527597105801,3.247975608167,
    0.609587380898));
#4401 = CARTESIAN_POINT('',(-2.498543041869,3.246991671296,
    0.609793442688));
#4402 = CARTESIAN_POINT('',(-2.498543041869,3.247975608167,
    0.609793442688));
#4403 = ADVANCED_FACE('',(#4404),#4422,.T.);
#4404 = FACE_BOUND('',#4405,.T.);
#4405 = EDGE_LOOP('',(#4406,#4415,#4416,#4417));
#4406 = ORIENTED_EDGE('',*,*,#4407,.F.);
#4407 = EDGE_CURVE('',#4386,#4408,#4410,.T.);
#4408 = VERTEX_POINT('',#4409);
#4409 = CARTESIAN_POINT('',(-2.58723434095,3.246991671296,0.630035282697
    ));
#4410 = B_SPLINE_CURVE_WITH_KNOTS('',3,(#4411,#4412,#4413,#4414),
  .UNSPECIFIED.,.F.,.F.,(4,4),(2.,3.),.PIECEWISE_BEZIER_KNOTS.);
#4411 = CARTESIAN_POINT('',(-2.527597105801,3.246991671296,
    0.609587380898));
#4412 = CARTESIAN_POINT('',(-2.553019411742,3.246991671296,
    0.609407076831));
#4413 = CARTESIAN_POINT('',(-2.572915540632,3.246991671296,0.61622292317
    ));
#4414 = CARTESIAN_POINT('',(-2.58723434095,3.246991671296,0.630035282697
    ));
#4415 = ORIENTED_EDGE('',*,*,#4394,.F.);
#4416 = ORIENTED_EDGE('',*,*,#4185,.T.);
#4417 = ORIENTED_EDGE('',*,*,#4418,.T.);
#4418 = EDGE_CURVE('',#4177,#4408,#4419,.T.);
#4419 = B_SPLINE_CURVE_WITH_KNOTS('',1,(#4420,#4421),.UNSPECIFIED.,.F.,
  .F.,(2,2),(-0.,9.839368700902E-04),.PIECEWISE_BEZIER_KNOTS.);
#4420 = CARTESIAN_POINT('',(-2.58723434095,3.247975608167,0.630035282697
    ));
#4421 = CARTESIAN_POINT('',(-2.58723434095,3.246991671296,0.630035282697
    ));
#4422 = B_SPLINE_SURFACE_WITH_KNOTS('',3,1,(
    (#4423,#4424)
    ,(#4425,#4426)
    ,(#4427,#4428)
    ,(#4429,#4430
    )),.UNSPECIFIED.,.F.,.F.,.F.,(4,4),(2,2),(2.,3.),(0.,1.),
  .PIECEWISE_BEZIER_KNOTS.);
#4423 = CARTESIAN_POINT('',(-2.527597105801,3.247975608167,
    0.609587380898));
#4424 = CARTESIAN_POINT('',(-2.527597105801,3.246991671296,
    0.609587380898));
#4425 = CARTESIAN_POINT('',(-2.553019411742,3.247975608167,
    0.609407076831));
#4426 = CARTESIAN_POINT('',(-2.553019411742,3.246991671296,
    0.609407076831));
#4427 = CARTESIAN_POINT('',(-2.572915540632,3.247975608167,0.61622292317
    ));
#4428 = CARTESIAN_POINT('',(-2.572915540632,3.246991671296,0.61622292317
    ));
#4429 = CARTESIAN_POINT('',(-2.58723434095,3.247975608167,0.630035282697
    ));
#4430 = CARTESIAN_POINT('',(-2.58723434095,3.246991671296,0.630035282697
    ));
#4431 = ADVANCED_FACE('',(#4432),#4450,.T.);
#4432 = FACE_BOUND('',#4433,.T.);
#4433 = EDGE_LOOP('',(#4434,#4443,#4444,#4445));
#4434 = ORIENTED_EDGE('',*,*,#4435,.F.);
#4435 = EDGE_CURVE('',#4408,#4436,#4438,.T.);
#4436 = VERTEX_POINT('',#4437);
#4437 = CARTESIAN_POINT('',(-2.609028525881,3.246991671296,
    0.688094069541));
#4438 = B_SPLINE_CURVE_WITH_KNOTS('',3,(#4439,#4440,#4441,#4442),
  .UNSPECIFIED.,.F.,.F.,(4,4),(3.,4.),.PIECEWISE_BEZIER_KNOTS.);
#4439 = CARTESIAN_POINT('',(-2.58723434095,3.246991671296,0.630035282697
    ));
#4440 = CARTESIAN_POINT('',(-2.601603567218,3.246991671296,
    0.643744976399));
#4441 = CARTESIAN_POINT('',(-2.608851486879,3.246991671296,
    0.663132127289));
#4442 = CARTESIAN_POINT('',(-2.609028525881,3.246991671296,
    0.688094069541));
#4443 = ORIENTED_EDGE('',*,*,#4418,.F.);
#4444 = ORIENTED_EDGE('',*,*,#4176,.T.);
#4445 = ORIENTED_EDGE('',*,*,#4446,.T.);
#4446 = EDGE_CURVE('',#4168,#4436,#4447,.T.);
#4447 = B_SPLINE_CURVE_WITH_KNOTS('',1,(#4448,#4449),.UNSPECIFIED.,.F.,
  .F.,(2,2),(-0.,9.839368700902E-04),.PIECEWISE_BEZIER_KNOTS.);
#4448 = CARTESIAN_POINT('',(-2.609028525881,3.247975608167,
    0.688094069541));
#4449 = CARTESIAN_POINT('',(-2.609028525881,3.246991671296,
    0.688094069541));
#4450 = B_SPLINE_SURFACE_WITH_KNOTS('',3,1,(
    (#4451,#4452)
    ,(#4453,#4454)
    ,(#4455,#4456)
    ,(#4457,#4458
    )),.UNSPECIFIED.,.F.,.F.,.F.,(4,4),(2,2),(3.,4.),(0.,1.),
  .PIECEWISE_BEZIER_KNOTS.);
#4451 = CARTESIAN_POINT('',(-2.58723434095,3.247975608167,0.630035282697
    ));
#4452 = CARTESIAN_POINT('',(-2.58723434095,3.246991671296,0.630035282697
    ));
#4453 = CARTESIAN_POINT('',(-2.601603567218,3.247975608167,
    0.643744976399));
#4454 = CARTESIAN_POINT('',(-2.601603567218,3.246991671296,
    0.643744976399));
#4455 = CARTESIAN_POINT('',(-2.608851486879,3.247975608167,
    0.663132127289));
#4456 = CARTESIAN_POINT('',(-2.608851486879,3.246991671296,
    0.663132127289));
#4457 = CARTESIAN_POINT('',(-2.609028525881,3.247975608167,
    0.688094069541));
#4458 = CARTESIAN_POINT('',(-2.609028525881,3.246991671296,
    0.688094069541));
#4459 = ADVANCED_FACE('',(#4460),#4478,.T.);
#4460 = FACE_BOUND('',#4461,.T.);
#4461 = EDGE_LOOP('',(#4462,#4471,#4472,#4473));
#4462 = ORIENTED_EDGE('',*,*,#4463,.F.);
#4463 = EDGE_CURVE('',#4436,#4464,#4466,.T.);
#4464 = VERTEX_POINT('',#4465);
#4465 = CARTESIAN_POINT('',(-2.587484312264,3.246991671296,
    0.744618680389));
#4466 = B_SPLINE_CURVE_WITH_KNOTS('',3,(#4467,#4468,#4469,#4470),
  .UNSPECIFIED.,.F.,.F.,(4,4),(4.,5.),.PIECEWISE_BEZIER_KNOTS.);
#4467 = CARTESIAN_POINT('',(-2.609028525881,3.246991671296,
    0.688094069541));
#4468 = CARTESIAN_POINT('',(-2.609205564884,3.246991671296,
    0.713056011793));
#4469 = CARTESIAN_POINT('',(-2.602024402201,3.246991671296,
    0.731931649757));
#4470 = CARTESIAN_POINT('',(-2.587484312264,3.246991671296,
    0.744618680389));
#4471 = ORIENTED_EDGE('',*,*,#4446,.F.);
#4472 = ORIENTED_EDGE('',*,*,#4167,.T.);
#4473 = ORIENTED_EDGE('',*,*,#4474,.T.);
#4474 = EDGE_CURVE('',#4159,#4464,#4475,.T.);
#4475 = B_SPLINE_CURVE_WITH_KNOTS('',1,(#4476,#4477),.UNSPECIFIED.,.F.,
  .F.,(2,2),(-0.,9.839368700902E-04),.PIECEWISE_BEZIER_KNOTS.);
#4476 = CARTESIAN_POINT('',(-2.587484312264,3.247975608167,
    0.744618680389));
#4477 = CARTESIAN_POINT('',(-2.587484312264,3.246991671296,
    0.744618680389));
#4478 = B_SPLINE_SURFACE_WITH_KNOTS('',3,1,(
    (#4479,#4480)
    ,(#4481,#4482)
    ,(#4483,#4484)
    ,(#4485,#4486
    )),.UNSPECIFIED.,.F.,.F.,.F.,(4,4),(2,2),(4.,5.),(0.,1.),
  .PIECEWISE_BEZIER_KNOTS.);
#4479 = CARTESIAN_POINT('',(-2.609028525881,3.247975608167,
    0.688094069541));
#4480 = CARTESIAN_POINT('',(-2.609028525881,3.246991671296,
    0.688094069541));
#4481 = CARTESIAN_POINT('',(-2.609205564884,3.247975608167,
    0.713056011793));
#4482 = CARTESIAN_POINT('',(-2.609205564884,3.246991671296,
    0.713056011793));
#4483 = CARTESIAN_POINT('',(-2.602024402201,3.247975608167,
    0.731931649757));
#4484 = CARTESIAN_POINT('',(-2.602024402201,3.246991671296,
    0.731931649757));
#4485 = CARTESIAN_POINT('',(-2.587484312264,3.247975608167,
    0.744618680389));
#4486 = CARTESIAN_POINT('',(-2.587484312264,3.246991671296,
    0.744618680389));
#4487 = ADVANCED_FACE('',(#4488),#4500,.T.);
#4488 = FACE_BOUND('',#4489,.T.);
#4489 = EDGE_LOOP('',(#4490,#4497,#4498,#4499));
#4490 = ORIENTED_EDGE('',*,*,#4491,.F.);
#4491 = EDGE_CURVE('',#4464,#4336,#4492,.T.);
#4492 = B_SPLINE_CURVE_WITH_KNOTS('',3,(#4493,#4494,#4495,#4496),
  .UNSPECIFIED.,.F.,.F.,(4,4),(5.,6.),.PIECEWISE_BEZIER_KNOTS.);
#4493 = CARTESIAN_POINT('',(-2.587484312264,3.246991671296,
    0.744618680389));
#4494 = CARTESIAN_POINT('',(-2.572944222326,3.246991671296,
    0.757305711022));
#4495 = CARTESIAN_POINT('',(-2.553704358657,3.246991671296,0.76368296647
    ));
#4496 = CARTESIAN_POINT('',(-2.529867749867,3.246991671296,
    0.763852024207));
#4497 = ORIENTED_EDGE('',*,*,#4474,.F.);
#4498 = ORIENTED_EDGE('',*,*,#4158,.T.);
#4499 = ORIENTED_EDGE('',*,*,#4344,.T.);
#4500 = B_SPLINE_SURFACE_WITH_KNOTS('',3,1,(
    (#4501,#4502)
    ,(#4503,#4504)
    ,(#4505,#4506)
    ,(#4507,#4508
    )),.UNSPECIFIED.,.F.,.F.,.F.,(4,4),(2,2),(5.,6.),(0.,1.),
  .PIECEWISE_BEZIER_KNOTS.);
#4501 = CARTESIAN_POINT('',(-2.587484312264,3.247975608167,
    0.744618680389));
#4502 = CARTESIAN_POINT('',(-2.587484312264,3.246991671296,
    0.744618680389));
#4503 = CARTESIAN_POINT('',(-2.572944222326,3.247975608167,
    0.757305711022));
#4504 = CARTESIAN_POINT('',(-2.572944222326,3.246991671296,
    0.757305711022));
#4505 = CARTESIAN_POINT('',(-2.553704358657,3.247975608167,0.76368296647
    ));
#4506 = CARTESIAN_POINT('',(-2.553704358657,3.246991671296,0.76368296647
    ));
#4507 = CARTESIAN_POINT('',(-2.529867749867,3.247975608167,
    0.763852024207));
#4508 = CARTESIAN_POINT('',(-2.529867749867,3.246991671296,
    0.763852024207));
#4509 = ADVANCED_FACE('',(#4510),#4519,.F.);
#4510 = FACE_BOUND('',#4511,.T.);
#4511 = EDGE_LOOP('',(#4512,#4513,#4514,#4515,#4516,#4517,#4518));
#4512 = ORIENTED_EDGE('',*,*,#4491,.T.);
#4513 = ORIENTED_EDGE('',*,*,#4335,.T.);
#4514 = ORIENTED_EDGE('',*,*,#4363,.T.);
#4515 = ORIENTED_EDGE('',*,*,#4385,.T.);
#4516 = ORIENTED_EDGE('',*,*,#4407,.T.);
#4517 = ORIENTED_EDGE('',*,*,#4435,.T.);
#4518 = ORIENTED_EDGE('',*,*,#4463,.T.);
#4519 = B_SPLINE_SURFACE_WITH_KNOTS('',1,1,(
    (#4520,#4521)
    ,(#4522,#4523
    )),.UNSPECIFIED.,.F.,.F.,.F.,(2,2),(2,2),(0.239549277443,
    0.39420863066),(0.637786106412,0.748448629427),
  .PIECEWISE_BEZIER_KNOTS.);
#4520 = CARTESIAN_POINT('',(-2.609205564884,3.246991671296,
    0.764066430048));
#4521 = CARTESIAN_POINT('',(-2.498543041869,3.246991671296,
    0.764066430048));
#4522 = CARTESIAN_POINT('',(-2.609205564884,3.246991671296,
    0.609407076831));
#4523 = CARTESIAN_POINT('',(-2.498543041869,3.246991671296,
    0.609407076831));
#4524 = ADVANCED_FACE('',(#4525,#4583),#4631,.F.);
#4525 = FACE_BOUND('',#4526,.T.);
#4526 = EDGE_LOOP('',(#4527,#4536,#4543,#4550,#4557,#4564,#4571,#4578));
#4527 = ORIENTED_EDGE('',*,*,#4528,.T.);
#4528 = EDGE_CURVE('',#4529,#4531,#4533,.T.);
#4529 = VERTEX_POINT('',#4530);
#4530 = CARTESIAN_POINT('',(-2.826620550138,3.247975608167,
    0.584651873987));
#4531 = VERTEX_POINT('',#4532);
#4532 = CARTESIAN_POINT('',(-2.751823998137,3.247975608167,
    0.785297173585));
#4533 = B_SPLINE_CURVE_WITH_KNOTS('',1,(#4534,#4535),.UNSPECIFIED.,.F.,
  .F.,(2,2),(-0.214133277287,0.),.PIECEWISE_BEZIER_KNOTS.);
#4534 = CARTESIAN_POINT('',(-2.826620550138,3.247975608167,
    0.584651873987));
#4535 = CARTESIAN_POINT('',(-2.751823998137,3.247975608167,
    0.785297173585));
#4536 = ORIENTED_EDGE('',*,*,#4537,.T.);
#4537 = EDGE_CURVE('',#4531,#4538,#4540,.T.);
#4538 = VERTEX_POINT('',#4539);
#4539 = CARTESIAN_POINT('',(-2.724202176793,3.247975608167,0.7854930774)
  );
#4540 = B_SPLINE_CURVE_WITH_KNOTS('',1,(#4541,#4542),.UNSPECIFIED.,.F.,
  .F.,(2,2),(-2.762251604536E-02,0.),.PIECEWISE_BEZIER_KNOTS.);
#4541 = CARTESIAN_POINT('',(-2.751823998137,3.247975608167,
    0.785297173585));
#4542 = CARTESIAN_POINT('',(-2.724202176793,3.247975608167,0.7854930774)
  );
#4543 = ORIENTED_EDGE('',*,*,#4544,.T.);
#4544 = EDGE_CURVE('',#4538,#4545,#4547,.T.);
#4545 = VERTEX_POINT('',#4546);
#4546 = CARTESIAN_POINT('',(-2.64656719619,3.247975608167,0.585928876631
    ));
#4547 = B_SPLINE_CURVE_WITH_KNOTS('',1,(#4548,#4549),.UNSPECIFIED.,.F.,
  .F.,(2,2),(-0.214133277287,0.),.PIECEWISE_BEZIER_KNOTS.);
#4548 = CARTESIAN_POINT('',(-2.724202176793,3.247975608167,0.7854930774)
  );
#4549 = CARTESIAN_POINT('',(-2.64656719619,3.247975608167,0.585928876631
    ));
#4550 = ORIENTED_EDGE('',*,*,#4551,.T.);
#4551 = EDGE_CURVE('',#4545,#4552,#4554,.T.);
#4552 = VERTEX_POINT('',#4553);
#4553 = CARTESIAN_POINT('',(-2.675109744912,3.247975608167,
    0.585726442689));
#4554 = B_SPLINE_CURVE_WITH_KNOTS('',1,(#4555,#4556),.UNSPECIFIED.,.F.,
  .F.,(2,2),(-2.854326657916E-02,-0.),.PIECEWISE_BEZIER_KNOTS.);
#4555 = CARTESIAN_POINT('',(-2.64656719619,3.247975608167,0.585928876631
    ));
#4556 = CARTESIAN_POINT('',(-2.675109744912,3.247975608167,
    0.585726442689));
#4557 = ORIENTED_EDGE('',*,*,#4558,.T.);
#4558 = EDGE_CURVE('',#4552,#4559,#4561,.T.);
#4559 = VERTEX_POINT('',#4560);
#4560 = CARTESIAN_POINT('',(-2.694730896591,3.247975608167,
    0.640322163068));
#4561 = B_SPLINE_CURVE_WITH_KNOTS('',1,(#4562,#4563),.UNSPECIFIED.,.F.,
  .F.,(2,2),(-5.801450057419E-02,0.),.PIECEWISE_BEZIER_KNOTS.);
#4562 = CARTESIAN_POINT('',(-2.675109744912,3.247975608167,
    0.585726442689));
#4563 = CARTESIAN_POINT('',(-2.694730896591,3.247975608167,
    0.640322163068));
#4564 = ORIENTED_EDGE('',*,*,#4565,.T.);
#4565 = EDGE_CURVE('',#4559,#4566,#4568,.T.);
#4566 = VERTEX_POINT('',#4567);
#4567 = CARTESIAN_POINT('',(-2.778056724314,3.247975608167,0.63973118656
    ));
#4568 = B_SPLINE_CURVE_WITH_KNOTS('',1,(#4569,#4570),.UNSPECIFIED.,.F.,
  .F.,(2,2),(-8.332792340433E-02,-0.),.PIECEWISE_BEZIER_KNOTS.);
#4569 = CARTESIAN_POINT('',(-2.694730896591,3.247975608167,
    0.640322163068));
#4570 = CARTESIAN_POINT('',(-2.778056724314,3.247975608167,0.63973118656
    ));
#4571 = ORIENTED_EDGE('',*,*,#4572,.T.);
#4572 = EDGE_CURVE('',#4566,#4573,#4575,.T.);
#4573 = VERTEX_POINT('',#4574);
#4574 = CARTESIAN_POINT('',(-2.798078001415,3.247975608167,
    0.584854307929));
#4575 = B_SPLINE_CURVE_WITH_KNOTS('',1,(#4576,#4577),.UNSPECIFIED.,.F.,
  .F.,(2,2),(-5.841509518121E-02,-0.),.PIECEWISE_BEZIER_KNOTS.);
#4576 = CARTESIAN_POINT('',(-2.778056724314,3.247975608167,0.63973118656
    ));
#4577 = CARTESIAN_POINT('',(-2.798078001415,3.247975608167,
    0.584854307929));
#4578 = ORIENTED_EDGE('',*,*,#4579,.T.);
#4579 = EDGE_CURVE('',#4573,#4529,#4580,.T.);
#4580 = B_SPLINE_CURVE_WITH_KNOTS('',1,(#4581,#4582),.UNSPECIFIED.,.F.,
  .F.,(2,2),(-2.854326658052E-02,-0.),.PIECEWISE_BEZIER_KNOTS.);
#4581 = CARTESIAN_POINT('',(-2.798078001415,3.247975608167,
    0.584854307929));
#4582 = CARTESIAN_POINT('',(-2.826620550138,3.247975608167,
    0.584651873987));
#4583 = FACE_BOUND('',#4584,.T.);
#4584 = EDGE_LOOP('',(#4585,#4594,#4601,#4610,#4617,#4626));
#4585 = ORIENTED_EDGE('',*,*,#4586,.F.);
#4586 = EDGE_CURVE('',#4587,#4589,#4591,.T.);
#4587 = VERTEX_POINT('',#4588);
#4588 = CARTESIAN_POINT('',(-2.703075490853,3.247975608167,
    0.662873089779));
#4589 = VERTEX_POINT('',#4590);
#4590 = CARTESIAN_POINT('',(-2.770237437936,3.247975608167,
    0.662396753281));
#4591 = B_SPLINE_CURVE_WITH_KNOTS('',1,(#4592,#4593),.UNSPECIFIED.,.F.,
  .F.,(2,2),(0.,6.716363623631E-02),.PIECEWISE_BEZIER_KNOTS.);
#4592 = CARTESIAN_POINT('',(-2.703075490853,3.247975608167,
    0.662873089779));
#4593 = CARTESIAN_POINT('',(-2.770237437936,3.247975608167,
    0.662396753281));
#4594 = ORIENTED_EDGE('',*,*,#4595,.F.);
#4595 = EDGE_CURVE('',#4596,#4587,#4598,.T.);
#4596 = VERTEX_POINT('',#4597);
#4597 = CARTESIAN_POINT('',(-2.733589018796,3.247975608167,
    0.745833233804));
#4598 = B_SPLINE_CURVE_WITH_KNOTS('',1,(#4599,#4600),.UNSPECIFIED.,.F.,
  .F.,(2,2),(2.05047857794E-16,8.839378306356E-02),
  .PIECEWISE_BEZIER_KNOTS.);
#4599 = CARTESIAN_POINT('',(-2.733589018796,3.247975608167,
    0.745833233804));
#4600 = CARTESIAN_POINT('',(-2.703075490853,3.247975608167,
    0.662873089779));
#4601 = ORIENTED_EDGE('',*,*,#4602,.F.);
#4602 = EDGE_CURVE('',#4603,#4596,#4605,.T.);
#4603 = VERTEX_POINT('',#4604);
#4604 = CARTESIAN_POINT('',(-2.736962119187,3.247975608167,
    0.759825532331));
#4605 = B_SPLINE_CURVE_WITH_KNOTS('',3,(#4606,#4607,#4608,#4609),
  .UNSPECIFIED.,.F.,.F.,(4,4),(3.,4.),.PIECEWISE_BEZIER_KNOTS.);
#4606 = CARTESIAN_POINT('',(-2.736962119187,3.247975608167,
    0.759825532331));
#4607 = CARTESIAN_POINT('',(-2.735947431677,3.247975608167,
    0.753796545764));
#4608 = CARTESIAN_POINT('',(-2.73483987353,3.247975608167,0.749098224313
    ));
#4609 = CARTESIAN_POINT('',(-2.733589018796,3.247975608167,
    0.745833233804));
#4610 = ORIENTED_EDGE('',*,*,#4611,.F.);
#4611 = EDGE_CURVE('',#4612,#4603,#4614,.T.);
#4612 = VERTEX_POINT('',#4613);
#4613 = CARTESIAN_POINT('',(-2.737575937439,3.247975608167,
    0.759821178913));
#4614 = B_SPLINE_CURVE_WITH_KNOTS('',1,(#4615,#4616),.UNSPECIFIED.,.F.,
  .F.,(2,2),(4.369447578246E-16,6.138336891994E-04),
  .PIECEWISE_BEZIER_KNOTS.);
#4615 = CARTESIAN_POINT('',(-2.737575937439,3.247975608167,
    0.759821178913));
#4616 = CARTESIAN_POINT('',(-2.736962119187,3.247975608167,
    0.759825532331));
#4617 = ORIENTED_EDGE('',*,*,#4618,.F.);
#4618 = EDGE_CURVE('',#4619,#4612,#4621,.T.);
#4619 = VERTEX_POINT('',#4620);
#4620 = CARTESIAN_POINT('',(-2.740596777174,3.247975608167,
    0.745783532281));
#4621 = B_SPLINE_CURVE_WITH_KNOTS('',3,(#4622,#4623,#4624,#4625),
  .UNSPECIFIED.,.F.,.F.,(4,4),(1.,2.),.PIECEWISE_BEZIER_KNOTS.);
#4622 = CARTESIAN_POINT('',(-2.740596777174,3.247975608167,
    0.745783532281));
#4623 = CARTESIAN_POINT('',(-2.739644488656,3.247975608167,
    0.748552607327));
#4624 = CARTESIAN_POINT('',(-2.738654108872,3.247975608167,
    0.753163499915));
#4625 = CARTESIAN_POINT('',(-2.737575937439,3.247975608167,
    0.759821178913));
#4626 = ORIENTED_EDGE('',*,*,#4627,.F.);
#4627 = EDGE_CURVE('',#4589,#4619,#4628,.T.);
#4628 = B_SPLINE_CURVE_WITH_KNOTS('',1,(#4629,#4630),.UNSPECIFIED.,.F.,
  .F.,(2,2),(0.,8.84981563786E-02),.PIECEWISE_BEZIER_KNOTS.);
#4629 = CARTESIAN_POINT('',(-2.770237437936,3.247975608167,
    0.662396753281));
#4630 = CARTESIAN_POINT('',(-2.740596777174,3.247975608167,
    0.745783532281));
#4631 = B_SPLINE_SURFACE_WITH_KNOTS('',1,1,(
    (#4632,#4633)
    ,(#4634,#4635
    )),.UNSPECIFIED.,.F.,.F.,.F.,(2,2),(2,2),(-0.765814239998,
    -0.564973036585),(-2.826620550138,-2.64656719619),
  .PIECEWISE_BEZIER_KNOTS.);
#4632 = CARTESIAN_POINT('',(-2.826620550138,3.247975608167,0.7854930774)
  );
#4633 = CARTESIAN_POINT('',(-2.64656719619,3.247975608167,0.7854930774)
  );
#4634 = CARTESIAN_POINT('',(-2.826620550138,3.247975608167,
    0.584651873987));
#4635 = CARTESIAN_POINT('',(-2.64656719619,3.247975608167,0.584651873987
    ));
#4636 = ADVANCED_FACE('',(#4637),#4651,.F.);
#4637 = FACE_BOUND('',#4638,.T.);
#4638 = EDGE_LOOP('',(#4639,#4640,#4645,#4646));
#4639 = ORIENTED_EDGE('',*,*,#1066,.T.);
#4640 = ORIENTED_EDGE('',*,*,#4641,.F.);
#4641 = EDGE_CURVE('',#4531,#1069,#4642,.T.);
#4642 = B_SPLINE_CURVE_WITH_KNOTS('',1,(#4643,#4644),.UNSPECIFIED.,.F.,
  .F.,(2,2),(-0.,9.839368700902E-04),.PIECEWISE_BEZIER_KNOTS.);
#4643 = CARTESIAN_POINT('',(-2.751823998137,3.247975608167,
    0.785297173585));
#4644 = CARTESIAN_POINT('',(-2.751823998137,3.246991671296,
    0.785297173585));
#4645 = ORIENTED_EDGE('',*,*,#4528,.F.);
#4646 = ORIENTED_EDGE('',*,*,#4647,.T.);
#4647 = EDGE_CURVE('',#4529,#1067,#4648,.T.);
#4648 = B_SPLINE_CURVE_WITH_KNOTS('',1,(#4649,#4650),.UNSPECIFIED.,.F.,
  .F.,(2,2),(-0.,9.839368700902E-04),.PIECEWISE_BEZIER_KNOTS.);
#4649 = CARTESIAN_POINT('',(-2.826620550138,3.247975608167,
    0.584651873987));
#4650 = CARTESIAN_POINT('',(-2.826620550138,3.246991671296,
    0.584651873987));
#4651 = B_SPLINE_SURFACE_WITH_KNOTS('',1,1,(
    (#4652,#4653)
    ,(#4654,#4655
    )),.UNSPECIFIED.,.F.,.F.,.F.,(2,2),(2,2),(-0.,0.214133277287),(
    -9.839368700902E-04,0.),.PIECEWISE_BEZIER_KNOTS.);
#4652 = CARTESIAN_POINT('',(-2.751823998137,3.246991671296,
    0.785297173585));
#4653 = CARTESIAN_POINT('',(-2.751823998137,3.247975608167,
    0.785297173585));
#4654 = CARTESIAN_POINT('',(-2.826620550138,3.246991671296,
    0.584651873987));
#4655 = CARTESIAN_POINT('',(-2.826620550138,3.247975608167,
    0.584651873987));
#4656 = ADVANCED_FACE('',(#4657),#4667,.F.);
#4657 = FACE_BOUND('',#4658,.T.);
#4658 = EDGE_LOOP('',(#4659,#4660,#4665,#4666));
#4659 = ORIENTED_EDGE('',*,*,#1117,.T.);
#4660 = ORIENTED_EDGE('',*,*,#4661,.F.);
#4661 = EDGE_CURVE('',#4538,#1111,#4662,.T.);
#4662 = B_SPLINE_CURVE_WITH_KNOTS('',1,(#4663,#4664),.UNSPECIFIED.,.F.,
  .F.,(2,2),(-0.,9.839368700902E-04),.PIECEWISE_BEZIER_KNOTS.);
#4663 = CARTESIAN_POINT('',(-2.724202176793,3.247975608167,0.7854930774)
  );
#4664 = CARTESIAN_POINT('',(-2.724202176793,3.246991671296,0.7854930774)
  );
#4665 = ORIENTED_EDGE('',*,*,#4537,.F.);
#4666 = ORIENTED_EDGE('',*,*,#4641,.T.);
#4667 = B_SPLINE_SURFACE_WITH_KNOTS('',1,1,(
    (#4668,#4669)
    ,(#4670,#4671
    )),.UNSPECIFIED.,.F.,.F.,.F.,(2,2),(2,2),(-7.747420399898E-19,
    2.762251604536E-02),(-9.839368700902E-04,0.),
  .PIECEWISE_BEZIER_KNOTS.);
#4668 = CARTESIAN_POINT('',(-2.724202176793,3.246991671296,0.7854930774)
  );
#4669 = CARTESIAN_POINT('',(-2.724202176793,3.247975608167,0.7854930774)
  );
#4670 = CARTESIAN_POINT('',(-2.751823998137,3.246991671296,
    0.785297173585));
#4671 = CARTESIAN_POINT('',(-2.751823998137,3.247975608167,
    0.785297173585));
#4672 = ADVANCED_FACE('',(#4673),#4683,.F.);
#4673 = FACE_BOUND('',#4674,.T.);
#4674 = EDGE_LOOP('',(#4675,#4676,#4681,#4682));
#4675 = ORIENTED_EDGE('',*,*,#1110,.T.);
#4676 = ORIENTED_EDGE('',*,*,#4677,.F.);
#4677 = EDGE_CURVE('',#4545,#1104,#4678,.T.);
#4678 = B_SPLINE_CURVE_WITH_KNOTS('',1,(#4679,#4680),.UNSPECIFIED.,.F.,
  .F.,(2,2),(-0.,9.839368700902E-04),.PIECEWISE_BEZIER_KNOTS.);
#4679 = CARTESIAN_POINT('',(-2.64656719619,3.247975608167,0.585928876631
    ));
#4680 = CARTESIAN_POINT('',(-2.64656719619,3.246991671296,0.585928876631
    ));
#4681 = ORIENTED_EDGE('',*,*,#4544,.F.);
#4682 = ORIENTED_EDGE('',*,*,#4661,.T.);
#4683 = B_SPLINE_SURFACE_WITH_KNOTS('',1,1,(
    (#4684,#4685)
    ,(#4686,#4687
    )),.UNSPECIFIED.,.F.,.F.,.F.,(2,2),(2,2),(0.,0.214133277287),(
    -9.839368700902E-04,0.),.PIECEWISE_BEZIER_KNOTS.);
#4684 = CARTESIAN_POINT('',(-2.64656719619,3.246991671296,0.585928876631
    ));
#4685 = CARTESIAN_POINT('',(-2.64656719619,3.247975608167,0.585928876631
    ));
#4686 = CARTESIAN_POINT('',(-2.724202176793,3.246991671296,0.7854930774)
  );
#4687 = CARTESIAN_POINT('',(-2.724202176793,3.247975608167,0.7854930774)
  );
#4688 = ADVANCED_FACE('',(#4689),#4699,.F.);
#4689 = FACE_BOUND('',#4690,.T.);
#4690 = EDGE_LOOP('',(#4691,#4692,#4697,#4698));
#4691 = ORIENTED_EDGE('',*,*,#1103,.T.);
#4692 = ORIENTED_EDGE('',*,*,#4693,.F.);
#4693 = EDGE_CURVE('',#4552,#1097,#4694,.T.);
#4694 = B_SPLINE_CURVE_WITH_KNOTS('',1,(#4695,#4696),.UNSPECIFIED.,.F.,
  .F.,(2,2),(-0.,9.839368700902E-04),.PIECEWISE_BEZIER_KNOTS.);
#4695 = CARTESIAN_POINT('',(-2.675109744912,3.247975608167,
    0.585726442689));
#4696 = CARTESIAN_POINT('',(-2.675109744912,3.246991671296,
    0.585726442689));
#4697 = ORIENTED_EDGE('',*,*,#4551,.F.);
#4698 = ORIENTED_EDGE('',*,*,#4677,.T.);
#4699 = B_SPLINE_SURFACE_WITH_KNOTS('',1,1,(
    (#4700,#4701)
    ,(#4702,#4703
    )),.UNSPECIFIED.,.F.,.F.,.F.,(2,2),(2,2),(-7.747420399893E-19,
    2.854326657916E-02),(-9.839368700902E-04,0.),
  .PIECEWISE_BEZIER_KNOTS.);
#4700 = CARTESIAN_POINT('',(-2.675109744912,3.246991671296,
    0.585726442689));
#4701 = CARTESIAN_POINT('',(-2.675109744912,3.247975608167,
    0.585726442689));
#4702 = CARTESIAN_POINT('',(-2.64656719619,3.246991671296,0.585928876631
    ));
#4703 = CARTESIAN_POINT('',(-2.64656719619,3.247975608167,0.585928876631
    ));
#4704 = ADVANCED_FACE('',(#4705),#4715,.F.);
#4705 = FACE_BOUND('',#4706,.T.);
#4706 = EDGE_LOOP('',(#4707,#4708,#4713,#4714));
#4707 = ORIENTED_EDGE('',*,*,#1096,.T.);
#4708 = ORIENTED_EDGE('',*,*,#4709,.F.);
#4709 = EDGE_CURVE('',#4559,#1090,#4710,.T.);
#4710 = B_SPLINE_CURVE_WITH_KNOTS('',1,(#4711,#4712),.UNSPECIFIED.,.F.,
  .F.,(2,2),(-0.,9.839368700902E-04),.PIECEWISE_BEZIER_KNOTS.);
#4711 = CARTESIAN_POINT('',(-2.694730896591,3.247975608167,
    0.640322163068));
#4712 = CARTESIAN_POINT('',(-2.694730896591,3.246991671296,
    0.640322163068));
#4713 = ORIENTED_EDGE('',*,*,#4558,.F.);
#4714 = ORIENTED_EDGE('',*,*,#4693,.T.);
#4715 = B_SPLINE_SURFACE_WITH_KNOTS('',1,1,(
    (#4716,#4717)
    ,(#4718,#4719
    )),.UNSPECIFIED.,.F.,.F.,.F.,(2,2),(2,2),(0.,5.801450057419E-02),(
    -9.839368700902E-04,0.),.PIECEWISE_BEZIER_KNOTS.);
#4716 = CARTESIAN_POINT('',(-2.694730896591,3.246991671296,
    0.640322163068));
#4717 = CARTESIAN_POINT('',(-2.694730896591,3.247975608167,
    0.640322163068));
#4718 = CARTESIAN_POINT('',(-2.675109744912,3.246991671296,
    0.585726442689));
#4719 = CARTESIAN_POINT('',(-2.675109744912,3.247975608167,
    0.585726442689));
#4720 = ADVANCED_FACE('',(#4721),#4731,.F.);
#4721 = FACE_BOUND('',#4722,.T.);
#4722 = EDGE_LOOP('',(#4723,#4724,#4729,#4730));
#4723 = ORIENTED_EDGE('',*,*,#1089,.T.);
#4724 = ORIENTED_EDGE('',*,*,#4725,.F.);
#4725 = EDGE_CURVE('',#4566,#1083,#4726,.T.);
#4726 = B_SPLINE_CURVE_WITH_KNOTS('',1,(#4727,#4728),.UNSPECIFIED.,.F.,
  .F.,(2,2),(-0.,9.839368700902E-04),.PIECEWISE_BEZIER_KNOTS.);
#4727 = CARTESIAN_POINT('',(-2.778056724314,3.247975608167,0.63973118656
    ));
#4728 = CARTESIAN_POINT('',(-2.778056724314,3.246991671296,0.63973118656
    ));
#4729 = ORIENTED_EDGE('',*,*,#4565,.F.);
#4730 = ORIENTED_EDGE('',*,*,#4709,.T.);
#4731 = B_SPLINE_SURFACE_WITH_KNOTS('',1,1,(
    (#4732,#4733)
    ,(#4734,#4735
    )),.UNSPECIFIED.,.F.,.F.,.F.,(2,2),(2,2),(0.,8.332792340433E-02),(
    -9.839368700902E-04,0.),.PIECEWISE_BEZIER_KNOTS.);
#4732 = CARTESIAN_POINT('',(-2.778056724314,3.246991671296,0.63973118656
    ));
#4733 = CARTESIAN_POINT('',(-2.778056724314,3.247975608167,0.63973118656
    ));
#4734 = CARTESIAN_POINT('',(-2.694730896591,3.246991671296,
    0.640322163068));
#4735 = CARTESIAN_POINT('',(-2.694730896591,3.247975608167,
    0.640322163068));
#4736 = ADVANCED_FACE('',(#4737),#4747,.F.);
#4737 = FACE_BOUND('',#4738,.T.);
#4738 = EDGE_LOOP('',(#4739,#4740,#4745,#4746));
#4739 = ORIENTED_EDGE('',*,*,#1082,.T.);
#4740 = ORIENTED_EDGE('',*,*,#4741,.F.);
#4741 = EDGE_CURVE('',#4573,#1076,#4742,.T.);
#4742 = B_SPLINE_CURVE_WITH_KNOTS('',1,(#4743,#4744),.UNSPECIFIED.,.F.,
  .F.,(2,2),(-0.,9.839368700902E-04),.PIECEWISE_BEZIER_KNOTS.);
#4743 = CARTESIAN_POINT('',(-2.798078001415,3.247975608167,
    0.584854307929));
#4744 = CARTESIAN_POINT('',(-2.798078001415,3.246991671296,
    0.584854307929));
#4745 = ORIENTED_EDGE('',*,*,#4572,.F.);
#4746 = ORIENTED_EDGE('',*,*,#4725,.T.);
#4747 = B_SPLINE_SURFACE_WITH_KNOTS('',1,1,(
    (#4748,#4749)
    ,(#4750,#4751
    )),.UNSPECIFIED.,.F.,.F.,.F.,(2,2),(2,2),(-1.02622307773E-16,
    5.841509518121E-02),(-9.839368700902E-04,0.),
  .PIECEWISE_BEZIER_KNOTS.);
#4748 = CARTESIAN_POINT('',(-2.798078001415,3.246991671296,
    0.584854307929));
#4749 = CARTESIAN_POINT('',(-2.798078001415,3.247975608167,
    0.584854307929));
#4750 = CARTESIAN_POINT('',(-2.778056724314,3.246991671296,0.63973118656
    ));
#4751 = CARTESIAN_POINT('',(-2.778056724314,3.247975608167,0.63973118656
    ));
#4752 = ADVANCED_FACE('',(#4753),#4759,.F.);
#4753 = FACE_BOUND('',#4754,.T.);
#4754 = EDGE_LOOP('',(#4755,#4756,#4757,#4758));
#4755 = ORIENTED_EDGE('',*,*,#1075,.T.);
#4756 = ORIENTED_EDGE('',*,*,#4647,.F.);
#4757 = ORIENTED_EDGE('',*,*,#4579,.F.);
#4758 = ORIENTED_EDGE('',*,*,#4741,.T.);
#4759 = B_SPLINE_SURFACE_WITH_KNOTS('',1,1,(
    (#4760,#4761)
    ,(#4762,#4763
    )),.UNSPECIFIED.,.F.,.F.,.F.,(2,2),(2,2),(0.,2.854326658052E-02),(
    -9.839368700902E-04,0.),.PIECEWISE_BEZIER_KNOTS.);
#4760 = CARTESIAN_POINT('',(-2.826620550138,3.246991671296,
    0.584651873987));
#4761 = CARTESIAN_POINT('',(-2.826620550138,3.247975608167,
    0.584651873987));
#4762 = CARTESIAN_POINT('',(-2.798078001415,3.246991671296,
    0.584854307929));
#4763 = CARTESIAN_POINT('',(-2.798078001415,3.247975608167,
    0.584854307929));
#4764 = ADVANCED_FACE('',(#4765),#4787,.T.);
#4765 = FACE_BOUND('',#4766,.T.);
#4766 = EDGE_LOOP('',(#4767,#4776,#4781,#4782));
#4767 = ORIENTED_EDGE('',*,*,#4768,.F.);
#4768 = EDGE_CURVE('',#4769,#4771,#4773,.T.);
#4769 = VERTEX_POINT('',#4770);
#4770 = CARTESIAN_POINT('',(-2.703075490853,3.246991671296,
    0.662873089779));
#4771 = VERTEX_POINT('',#4772);
#4772 = CARTESIAN_POINT('',(-2.770237437936,3.246991671296,
    0.662396753281));
#4773 = B_SPLINE_CURVE_WITH_KNOTS('',1,(#4774,#4775),.UNSPECIFIED.,.F.,
  .F.,(2,2),(7.747420399899E-19,6.716363623631E-02),
  .PIECEWISE_BEZIER_KNOTS.);
#4774 = CARTESIAN_POINT('',(-2.703075490853,3.246991671296,
    0.662873089779));
#4775 = CARTESIAN_POINT('',(-2.770237437936,3.246991671296,
    0.662396753281));
#4776 = ORIENTED_EDGE('',*,*,#4777,.F.);
#4777 = EDGE_CURVE('',#4587,#4769,#4778,.T.);
#4778 = B_SPLINE_CURVE_WITH_KNOTS('',1,(#4779,#4780),.UNSPECIFIED.,.F.,
  .F.,(2,2),(-0.,9.839368700902E-04),.PIECEWISE_BEZIER_KNOTS.);
#4779 = CARTESIAN_POINT('',(-2.703075490853,3.247975608167,
    0.662873089779));
#4780 = CARTESIAN_POINT('',(-2.703075490853,3.246991671296,
    0.662873089779));
#4781 = ORIENTED_EDGE('',*,*,#4586,.T.);
#4782 = ORIENTED_EDGE('',*,*,#4783,.T.);
#4783 = EDGE_CURVE('',#4589,#4771,#4784,.T.);
#4784 = B_SPLINE_CURVE_WITH_KNOTS('',1,(#4785,#4786),.UNSPECIFIED.,.F.,
  .F.,(2,2),(-0.,9.839368700902E-04),.PIECEWISE_BEZIER_KNOTS.);
#4785 = CARTESIAN_POINT('',(-2.770237437936,3.247975608167,
    0.662396753281));
#4786 = CARTESIAN_POINT('',(-2.770237437936,3.246991671296,
    0.662396753281));
#4787 = B_SPLINE_SURFACE_WITH_KNOTS('',1,1,(
    (#4788,#4789)
    ,(#4790,#4791
    )),.UNSPECIFIED.,.F.,.F.,.F.,(2,2),(2,2),(-6.716363623632E-02,0.),(
    -9.839368700902E-04,0.),.PIECEWISE_BEZIER_KNOTS.);
#4788 = CARTESIAN_POINT('',(-2.770237437936,3.246991671296,
    0.662396753281));
#4789 = CARTESIAN_POINT('',(-2.770237437936,3.247975608167,
    0.662396753281));
#4790 = CARTESIAN_POINT('',(-2.703075490853,3.246991671296,
    0.662873089779));
#4791 = CARTESIAN_POINT('',(-2.703075490853,3.247975608167,
    0.662873089779));
#4792 = ADVANCED_FACE('',(#4793),#4809,.T.);
#4793 = FACE_BOUND('',#4794,.T.);
#4794 = EDGE_LOOP('',(#4795,#4802,#4803,#4804));
#4795 = ORIENTED_EDGE('',*,*,#4796,.F.);
#4796 = EDGE_CURVE('',#4771,#4797,#4799,.T.);
#4797 = VERTEX_POINT('',#4798);
#4798 = CARTESIAN_POINT('',(-2.740596777174,3.246991671296,
    0.745783532281));
#4799 = B_SPLINE_CURVE_WITH_KNOTS('',1,(#4800,#4801),.UNSPECIFIED.,.F.,
  .F.,(2,2),(0.,8.84981563786E-02),.PIECEWISE_BEZIER_KNOTS.);
#4800 = CARTESIAN_POINT('',(-2.770237437936,3.246991671296,
    0.662396753281));
#4801 = CARTESIAN_POINT('',(-2.740596777174,3.246991671296,
    0.745783532281));
#4802 = ORIENTED_EDGE('',*,*,#4783,.F.);
#4803 = ORIENTED_EDGE('',*,*,#4627,.T.);
#4804 = ORIENTED_EDGE('',*,*,#4805,.T.);
#4805 = EDGE_CURVE('',#4619,#4797,#4806,.T.);
#4806 = B_SPLINE_CURVE_WITH_KNOTS('',1,(#4807,#4808),.UNSPECIFIED.,.F.,
  .F.,(2,2),(-0.,9.839368700902E-04),.PIECEWISE_BEZIER_KNOTS.);
#4807 = CARTESIAN_POINT('',(-2.740596777174,3.247975608167,
    0.745783532281));
#4808 = CARTESIAN_POINT('',(-2.740596777174,3.246991671296,
    0.745783532281));
#4809 = B_SPLINE_SURFACE_WITH_KNOTS('',1,1,(
    (#4810,#4811)
    ,(#4812,#4813
    )),.UNSPECIFIED.,.F.,.F.,.F.,(2,2),(2,2),(-8.84981563786E-02,0.),(
    -9.839368700902E-04,0.),.PIECEWISE_BEZIER_KNOTS.);
#4810 = CARTESIAN_POINT('',(-2.740596777174,3.246991671296,
    0.745783532281));
#4811 = CARTESIAN_POINT('',(-2.740596777174,3.247975608167,
    0.745783532281));
#4812 = CARTESIAN_POINT('',(-2.770237437936,3.246991671296,
    0.662396753281));
#4813 = CARTESIAN_POINT('',(-2.770237437936,3.247975608167,
    0.662396753281));
#4814 = ADVANCED_FACE('',(#4815),#4833,.T.);
#4815 = FACE_BOUND('',#4816,.T.);
#4816 = EDGE_LOOP('',(#4817,#4826,#4827,#4828));
#4817 = ORIENTED_EDGE('',*,*,#4818,.F.);
#4818 = EDGE_CURVE('',#4797,#4819,#4821,.T.);
#4819 = VERTEX_POINT('',#4820);
#4820 = CARTESIAN_POINT('',(-2.737575937439,3.246991671296,
    0.759821178913));
#4821 = B_SPLINE_CURVE_WITH_KNOTS('',3,(#4822,#4823,#4824,#4825),
  .UNSPECIFIED.,.F.,.F.,(4,4),(1.,2.),.PIECEWISE_BEZIER_KNOTS.);
#4822 = CARTESIAN_POINT('',(-2.740596777174,3.246991671296,
    0.745783532281));
#4823 = CARTESIAN_POINT('',(-2.739644488656,3.246991671296,
    0.748552607327));
#4824 = CARTESIAN_POINT('',(-2.738654108872,3.246991671296,
    0.753163499915));
#4825 = CARTESIAN_POINT('',(-2.737575937439,3.246991671296,
    0.759821178913));
#4826 = ORIENTED_EDGE('',*,*,#4805,.F.);
#4827 = ORIENTED_EDGE('',*,*,#4618,.T.);
#4828 = ORIENTED_EDGE('',*,*,#4829,.T.);
#4829 = EDGE_CURVE('',#4612,#4819,#4830,.T.);
#4830 = B_SPLINE_CURVE_WITH_KNOTS('',1,(#4831,#4832),.UNSPECIFIED.,.F.,
  .F.,(2,2),(-0.,9.839368700902E-04),.PIECEWISE_BEZIER_KNOTS.);
#4831 = CARTESIAN_POINT('',(-2.737575937439,3.247975608167,
    0.759821178913));
#4832 = CARTESIAN_POINT('',(-2.737575937439,3.246991671296,
    0.759821178913));
#4833 = B_SPLINE_SURFACE_WITH_KNOTS('',3,1,(
    (#4834,#4835)
    ,(#4836,#4837)
    ,(#4838,#4839)
    ,(#4840,#4841
    )),.UNSPECIFIED.,.F.,.F.,.F.,(4,4),(2,2),(1.,2.),(0.,1.),
  .PIECEWISE_BEZIER_KNOTS.);
#4834 = CARTESIAN_POINT('',(-2.740596777174,3.247975608167,
    0.745783532281));
#4835 = CARTESIAN_POINT('',(-2.740596777174,3.246991671296,
    0.745783532281));
#4836 = CARTESIAN_POINT('',(-2.739644488656,3.247975608167,
    0.748552607327));
#4837 = CARTESIAN_POINT('',(-2.739644488656,3.246991671296,
    0.748552607327));
#4838 = CARTESIAN_POINT('',(-2.738654108872,3.247975608167,
    0.753163499915));
#4839 = CARTESIAN_POINT('',(-2.738654108872,3.246991671296,
    0.753163499915));
#4840 = CARTESIAN_POINT('',(-2.737575937439,3.247975608167,
    0.759821178913));
#4841 = CARTESIAN_POINT('',(-2.737575937439,3.246991671296,
    0.759821178913));
#4842 = ADVANCED_FACE('',(#4843),#4859,.T.);
#4843 = FACE_BOUND('',#4844,.T.);
#4844 = EDGE_LOOP('',(#4845,#4852,#4853,#4854));
#4845 = ORIENTED_EDGE('',*,*,#4846,.F.);
#4846 = EDGE_CURVE('',#4819,#4847,#4849,.T.);
#4847 = VERTEX_POINT('',#4848);
#4848 = CARTESIAN_POINT('',(-2.736962119187,3.246991671296,
    0.759825532331));
#4849 = B_SPLINE_CURVE_WITH_KNOTS('',1,(#4850,#4851),.UNSPECIFIED.,.F.,
  .F.,(2,2),(4.369447578246E-16,6.138336891994E-04),
  .PIECEWISE_BEZIER_KNOTS.);
#4850 = CARTESIAN_POINT('',(-2.737575937439,3.246991671296,
    0.759821178913));
#4851 = CARTESIAN_POINT('',(-2.736962119187,3.246991671296,
    0.759825532331));
#4852 = ORIENTED_EDGE('',*,*,#4829,.F.);
#4853 = ORIENTED_EDGE('',*,*,#4611,.T.);
#4854 = ORIENTED_EDGE('',*,*,#4855,.T.);
#4855 = EDGE_CURVE('',#4603,#4847,#4856,.T.);
#4856 = B_SPLINE_CURVE_WITH_KNOTS('',1,(#4857,#4858),.UNSPECIFIED.,.F.,
  .F.,(2,2),(-0.,9.839368700902E-04),.PIECEWISE_BEZIER_KNOTS.);
#4857 = CARTESIAN_POINT('',(-2.736962119187,3.247975608167,
    0.759825532331));
#4858 = CARTESIAN_POINT('',(-2.736962119187,3.246991671296,
    0.759825532331));
#4859 = B_SPLINE_SURFACE_WITH_KNOTS('',1,1,(
    (#4860,#4861)
    ,(#4862,#4863
    )),.UNSPECIFIED.,.F.,.F.,.F.,(2,2),(2,2),(-6.138336891994E-04,
    -4.369447578246E-16),(-9.839368700902E-04,0.),
  .PIECEWISE_BEZIER_KNOTS.);
#4860 = CARTESIAN_POINT('',(-2.736962119187,3.246991671296,
    0.759825532331));
#4861 = CARTESIAN_POINT('',(-2.736962119187,3.247975608167,
    0.759825532331));
#4862 = CARTESIAN_POINT('',(-2.737575937439,3.246991671296,
    0.759821178913));
#4863 = CARTESIAN_POINT('',(-2.737575937439,3.247975608167,
    0.759821178913));
#4864 = ADVANCED_FACE('',(#4865),#4883,.T.);
#4865 = FACE_BOUND('',#4866,.T.);
#4866 = EDGE_LOOP('',(#4867,#4876,#4877,#4878));
#4867 = ORIENTED_EDGE('',*,*,#4868,.F.);
#4868 = EDGE_CURVE('',#4847,#4869,#4871,.T.);
#4869 = VERTEX_POINT('',#4870);
#4870 = CARTESIAN_POINT('',(-2.733589018796,3.246991671296,
    0.745833233804));
#4871 = B_SPLINE_CURVE_WITH_KNOTS('',3,(#4872,#4873,#4874,#4875),
  .UNSPECIFIED.,.F.,.F.,(4,4),(3.,4.),.PIECEWISE_BEZIER_KNOTS.);
#4872 = CARTESIAN_POINT('',(-2.736962119187,3.246991671296,
    0.759825532331));
#4873 = CARTESIAN_POINT('',(-2.735947431677,3.246991671296,
    0.753796545764));
#4874 = CARTESIAN_POINT('',(-2.73483987353,3.246991671296,0.749098224313
    ));
#4875 = CARTESIAN_POINT('',(-2.733589018796,3.246991671296,
    0.745833233804));
#4876 = ORIENTED_EDGE('',*,*,#4855,.F.);
#4877 = ORIENTED_EDGE('',*,*,#4602,.T.);
#4878 = ORIENTED_EDGE('',*,*,#4879,.T.);
#4879 = EDGE_CURVE('',#4596,#4869,#4880,.T.);
#4880 = B_SPLINE_CURVE_WITH_KNOTS('',1,(#4881,#4882),.UNSPECIFIED.,.F.,
  .F.,(2,2),(8.739114943611E-16,9.839368700902E-04),
  .PIECEWISE_BEZIER_KNOTS.);
#4881 = CARTESIAN_POINT('',(-2.733589018796,3.247975608167,
    0.745833233804));
#4882 = CARTESIAN_POINT('',(-2.733589018796,3.246991671296,
    0.745833233804));
#4883 = B_SPLINE_SURFACE_WITH_KNOTS('',3,1,(
    (#4884,#4885)
    ,(#4886,#4887)
    ,(#4888,#4889)
    ,(#4890,#4891
    )),.UNSPECIFIED.,.F.,.F.,.F.,(4,4),(2,2),(3.,4.),(0.,1.),
  .PIECEWISE_BEZIER_KNOTS.);
#4884 = CARTESIAN_POINT('',(-2.736962119187,3.247975608167,
    0.759825532331));
#4885 = CARTESIAN_POINT('',(-2.736962119187,3.246991671296,
    0.759825532331));
#4886 = CARTESIAN_POINT('',(-2.735947431677,3.247975608167,
    0.753796545764));
#4887 = CARTESIAN_POINT('',(-2.735947431677,3.246991671296,
    0.753796545764));
#4888 = CARTESIAN_POINT('',(-2.73483987353,3.247975608167,0.749098224313
    ));
#4889 = CARTESIAN_POINT('',(-2.73483987353,3.246991671296,0.749098224313
    ));
#4890 = CARTESIAN_POINT('',(-2.733589018796,3.247975608167,
    0.745833233804));
#4891 = CARTESIAN_POINT('',(-2.733589018796,3.246991671296,
    0.745833233804));
#4892 = ADVANCED_FACE('',(#4893),#4903,.T.);
#4893 = FACE_BOUND('',#4894,.T.);
#4894 = EDGE_LOOP('',(#4895,#4900,#4901,#4902));
#4895 = ORIENTED_EDGE('',*,*,#4896,.F.);
#4896 = EDGE_CURVE('',#4869,#4769,#4897,.T.);
#4897 = B_SPLINE_CURVE_WITH_KNOTS('',1,(#4898,#4899),.UNSPECIFIED.,.F.,
  .F.,(2,2),(1.508370944116E-16,8.839378306356E-02),
  .PIECEWISE_BEZIER_KNOTS.);
#4898 = CARTESIAN_POINT('',(-2.733589018796,3.246991671296,
    0.745833233804));
#4899 = CARTESIAN_POINT('',(-2.703075490853,3.246991671296,
    0.662873089779));
#4900 = ORIENTED_EDGE('',*,*,#4879,.F.);
#4901 = ORIENTED_EDGE('',*,*,#4595,.T.);
#4902 = ORIENTED_EDGE('',*,*,#4777,.T.);
#4903 = B_SPLINE_SURFACE_WITH_KNOTS('',1,1,(
    (#4904,#4905)
    ,(#4906,#4907
    )),.UNSPECIFIED.,.F.,.F.,.F.,(2,2),(2,2),(-8.839378306356E-02,
    -1.041976696001E-16),(-9.839368700902E-04,0.),
  .PIECEWISE_BEZIER_KNOTS.);
#4904 = CARTESIAN_POINT('',(-2.703075490853,3.246991671296,
    0.662873089779));
#4905 = CARTESIAN_POINT('',(-2.703075490853,3.247975608167,
    0.662873089779));
#4906 = CARTESIAN_POINT('',(-2.733589018796,3.246991671296,
    0.745833233804));
#4907 = CARTESIAN_POINT('',(-2.733589018796,3.247975608167,
    0.745833233804));
#4908 = ADVANCED_FACE('',(#4909),#4917,.F.);
#4909 = FACE_BOUND('',#4910,.T.);
#4910 = EDGE_LOOP('',(#4911,#4912,#4913,#4914,#4915,#4916));
#4911 = ORIENTED_EDGE('',*,*,#4896,.T.);
#4912 = ORIENTED_EDGE('',*,*,#4768,.T.);
#4913 = ORIENTED_EDGE('',*,*,#4796,.T.);
#4914 = ORIENTED_EDGE('',*,*,#4818,.T.);
#4915 = ORIENTED_EDGE('',*,*,#4846,.T.);
#4916 = ORIENTED_EDGE('',*,*,#4868,.T.);
#4917 = B_SPLINE_SURFACE_WITH_KNOTS('',1,1,(
    (#4918,#4919)
    ,(#4920,#4921
    )),.UNSPECIFIED.,.F.,.F.,.F.,(2,2),(2,2),(0.243790175161,
    0.341218954211),(0.47675423336,0.543916180443),
  .PIECEWISE_BEZIER_KNOTS.);
#4918 = CARTESIAN_POINT('',(-2.770237437936,3.246991671296,
    0.759825532331));
#4919 = CARTESIAN_POINT('',(-2.703075490853,3.246991671296,
    0.759825532331));
#4920 = CARTESIAN_POINT('',(-2.770237437936,3.246991671296,
    0.662396753281));
#4921 = CARTESIAN_POINT('',(-2.703075490853,3.246991671296,
    0.662396753281));
#4922 = ADVANCED_FACE('',(#4923),#4945,.F.);
#4923 = FACE_BOUND('',#4924,.T.);
#4924 = EDGE_LOOP('',(#4925,#4926,#4933,#4940));
#4925 = ORIENTED_EDGE('',*,*,#609,.T.);
#4926 = ORIENTED_EDGE('',*,*,#4927,.F.);
#4927 = EDGE_CURVE('',#4928,#612,#4930,.T.);
#4928 = VERTEX_POINT('',#4929);
#4929 = CARTESIAN_POINT('',(-2.129074829822,3.247975608167,
    0.294951535694));
#4930 = B_SPLINE_CURVE_WITH_KNOTS('',1,(#4931,#4932),.UNSPECIFIED.,.F.,
  .F.,(2,2),(-0.,9.839368700902E-04),.PIECEWISE_BEZIER_KNOTS.);
#4931 = CARTESIAN_POINT('',(-2.129074829822,3.247975608167,
    0.294951535694));
#4932 = CARTESIAN_POINT('',(-2.129074829822,3.246991671296,
    0.294951535694));
#4933 = ORIENTED_EDGE('',*,*,#4934,.F.);
#4934 = EDGE_CURVE('',#4935,#4928,#4937,.T.);
#4935 = VERTEX_POINT('',#4936);
#4936 = CARTESIAN_POINT('',(-2.128913027783,3.247975608167,
    0.272137957324));
#4937 = B_SPLINE_CURVE_WITH_KNOTS('',1,(#4938,#4939),.UNSPECIFIED.,.F.,
  .F.,(2,2),(-2.281415214118E-02,0.),.PIECEWISE_BEZIER_KNOTS.);
#4938 = CARTESIAN_POINT('',(-2.128913027783,3.247975608167,
    0.272137957324));
#4939 = CARTESIAN_POINT('',(-2.129074829822,3.247975608167,
    0.294951535694));
#4940 = ORIENTED_EDGE('',*,*,#4941,.T.);
#4941 = EDGE_CURVE('',#4935,#610,#4942,.T.);
#4942 = B_SPLINE_CURVE_WITH_KNOTS('',1,(#4943,#4944),.UNSPECIFIED.,.F.,
  .F.,(2,2),(-0.,9.839368700902E-04),.PIECEWISE_BEZIER_KNOTS.);
#4943 = CARTESIAN_POINT('',(-2.128913027783,3.247975608167,
    0.272137957324));
#4944 = CARTESIAN_POINT('',(-2.128913027783,3.246991671296,
    0.272137957324));
#4945 = B_SPLINE_SURFACE_WITH_KNOTS('',1,1,(
    (#4946,#4947)
    ,(#4948,#4949
    )),.UNSPECIFIED.,.F.,.F.,.F.,(2,2),(2,2),(0.,2.281415214118E-02),(
    -9.839368700902E-04,0.),.PIECEWISE_BEZIER_KNOTS.);
#4946 = CARTESIAN_POINT('',(-2.129074829822,3.246991671296,
    0.294951535694));
#4947 = CARTESIAN_POINT('',(-2.129074829822,3.247975608167,
    0.294951535694));
#4948 = CARTESIAN_POINT('',(-2.128913027783,3.246991671296,
    0.272137957324));
#4949 = CARTESIAN_POINT('',(-2.128913027783,3.247975608167,
    0.272137957324));
#4950 = ADVANCED_FACE('',(#4951),#4967,.F.);
#4951 = FACE_BOUND('',#4952,.T.);
#4952 = EDGE_LOOP('',(#4953,#4954,#4961,#4966));
#4953 = ORIENTED_EDGE('',*,*,#688,.T.);
#4954 = ORIENTED_EDGE('',*,*,#4955,.F.);
#4955 = EDGE_CURVE('',#4956,#682,#4958,.T.);
#4956 = VERTEX_POINT('',#4957);
#4957 = CARTESIAN_POINT('',(-2.04728354773,3.247975608167,0.295531628656
    ));
#4958 = B_SPLINE_CURVE_WITH_KNOTS('',1,(#4959,#4960),.UNSPECIFIED.,.F.,
  .F.,(2,2),(-0.,9.839368700902E-04),.PIECEWISE_BEZIER_KNOTS.);
#4959 = CARTESIAN_POINT('',(-2.04728354773,3.247975608167,0.295531628656
    ));
#4960 = CARTESIAN_POINT('',(-2.04728354773,3.246991671296,0.295531628656
    ));
#4961 = ORIENTED_EDGE('',*,*,#4962,.F.);
#4962 = EDGE_CURVE('',#4928,#4956,#4963,.T.);
#4963 = B_SPLINE_CURVE_WITH_KNOTS('',1,(#4964,#4965),.UNSPECIFIED.,.F.,
  .F.,(2,2),(-8.179333917929E-02,0.),.PIECEWISE_BEZIER_KNOTS.);
#4964 = CARTESIAN_POINT('',(-2.129074829822,3.247975608167,
    0.294951535694));
#4965 = CARTESIAN_POINT('',(-2.04728354773,3.247975608167,0.295531628656
    ));
#4966 = ORIENTED_EDGE('',*,*,#4927,.T.);
#4967 = B_SPLINE_SURFACE_WITH_KNOTS('',1,1,(
    (#4968,#4969)
    ,(#4970,#4971
    )),.UNSPECIFIED.,.F.,.F.,.F.,(2,2),(2,2),(-4.361700157847E-16,
    8.179333917929E-02),(-9.839368700902E-04,0.),
  .PIECEWISE_BEZIER_KNOTS.);
#4968 = CARTESIAN_POINT('',(-2.04728354773,3.246991671296,0.295531628656
    ));
#4969 = CARTESIAN_POINT('',(-2.04728354773,3.247975608167,0.295531628656
    ));
#4970 = CARTESIAN_POINT('',(-2.129074829822,3.246991671296,
    0.294951535694));
#4971 = CARTESIAN_POINT('',(-2.129074829822,3.247975608167,
    0.294951535694));
#4972 = ADVANCED_FACE('',(#4973),#4989,.F.);
#4973 = FACE_BOUND('',#4974,.T.);
#4974 = EDGE_LOOP('',(#4975,#4976,#4983,#4988));
#4975 = ORIENTED_EDGE('',*,*,#681,.T.);
#4976 = ORIENTED_EDGE('',*,*,#4977,.F.);
#4977 = EDGE_CURVE('',#4978,#675,#4980,.T.);
#4978 = VERTEX_POINT('',#4979);
#4979 = CARTESIAN_POINT('',(-2.047760972583,3.247975608167,
    0.362847030302));
#4980 = B_SPLINE_CURVE_WITH_KNOTS('',1,(#4981,#4982),.UNSPECIFIED.,.F.,
  .F.,(2,2),(-0.,9.839368700902E-04),.PIECEWISE_BEZIER_KNOTS.);
#4981 = CARTESIAN_POINT('',(-2.047760972583,3.247975608167,
    0.362847030302));
#4982 = CARTESIAN_POINT('',(-2.047760972583,3.246991671296,
    0.362847030302));
#4983 = ORIENTED_EDGE('',*,*,#4984,.F.);
#4984 = EDGE_CURVE('',#4956,#4978,#4985,.T.);
#4985 = B_SPLINE_CURVE_WITH_KNOTS('',1,(#4986,#4987),.UNSPECIFIED.,.F.,
  .F.,(2,2),(-6.731709465861E-02,0.),.PIECEWISE_BEZIER_KNOTS.);
#4986 = CARTESIAN_POINT('',(-2.04728354773,3.247975608167,0.295531628656
    ));
#4987 = CARTESIAN_POINT('',(-2.047760972583,3.247975608167,
    0.362847030302));
#4988 = ORIENTED_EDGE('',*,*,#4955,.T.);
#4989 = B_SPLINE_SURFACE_WITH_KNOTS('',1,1,(
    (#4990,#4991)
    ,(#4992,#4993
    )),.UNSPECIFIED.,.F.,.F.,.F.,(2,2),(2,2),(0.,6.731709465861E-02),(
    -9.839368700902E-04,0.),.PIECEWISE_BEZIER_KNOTS.);
#4990 = CARTESIAN_POINT('',(-2.047760972583,3.246991671296,
    0.362847030302));
#4991 = CARTESIAN_POINT('',(-2.047760972583,3.247975608167,
    0.362847030302));
#4992 = CARTESIAN_POINT('',(-2.04728354773,3.246991671296,0.295531628656
    ));
#4993 = CARTESIAN_POINT('',(-2.04728354773,3.247975608167,0.295531628656
    ));
#4994 = ADVANCED_FACE('',(#4995),#5011,.F.);
#4995 = FACE_BOUND('',#4996,.T.);
#4996 = EDGE_LOOP('',(#4997,#4998,#5005,#5010));
#4997 = ORIENTED_EDGE('',*,*,#674,.T.);
#4998 = ORIENTED_EDGE('',*,*,#4999,.F.);
#4999 = EDGE_CURVE('',#5000,#668,#5002,.T.);
#5000 = VERTEX_POINT('',#5001);
#5001 = CARTESIAN_POINT('',(-2.119321950473,3.247975608167,
    0.362339494308));
#5002 = B_SPLINE_CURVE_WITH_KNOTS('',1,(#5003,#5004),.UNSPECIFIED.,.F.,
  .F.,(2,2),(-0.,9.839368700902E-04),.PIECEWISE_BEZIER_KNOTS.);
#5003 = CARTESIAN_POINT('',(-2.119321950473,3.247975608167,
    0.362339494308));
#5004 = CARTESIAN_POINT('',(-2.119321950473,3.246991671296,
    0.362339494308));
#5005 = ORIENTED_EDGE('',*,*,#5006,.F.);
#5006 = EDGE_CURVE('',#4978,#5000,#5007,.T.);
#5007 = B_SPLINE_CURVE_WITH_KNOTS('',1,(#5008,#5009),.UNSPECIFIED.,.F.,
  .F.,(2,2),(-7.156277768103E-02,-0.),.PIECEWISE_BEZIER_KNOTS.);
#5008 = CARTESIAN_POINT('',(-2.047760972583,3.247975608167,
    0.362847030302));
#5009 = CARTESIAN_POINT('',(-2.119321950473,3.247975608167,
    0.362339494308));
#5010 = ORIENTED_EDGE('',*,*,#4977,.T.);
#5011 = B_SPLINE_SURFACE_WITH_KNOTS('',1,1,(
    (#5012,#5013)
    ,(#5014,#5015
    )),.UNSPECIFIED.,.F.,.F.,.F.,(2,2),(2,2),(0.,7.156277768103E-02),(
    -9.839368700902E-04,0.),.PIECEWISE_BEZIER_KNOTS.);
#5012 = CARTESIAN_POINT('',(-2.119321950473,3.246991671296,
    0.362339494308));
#5013 = CARTESIAN_POINT('',(-2.119321950473,3.247975608167,
    0.362339494308));
#5014 = CARTESIAN_POINT('',(-2.047760972583,3.246991671296,
    0.362847030302));
#5015 = CARTESIAN_POINT('',(-2.047760972583,3.247975608167,
    0.362847030302));
#5016 = ADVANCED_FACE('',(#5017),#5033,.F.);
#5017 = FACE_BOUND('',#5018,.T.);
#5018 = EDGE_LOOP('',(#5019,#5020,#5027,#5032));
#5019 = ORIENTED_EDGE('',*,*,#667,.T.);
#5020 = ORIENTED_EDGE('',*,*,#5021,.F.);
#5021 = EDGE_CURVE('',#5022,#661,#5024,.T.);
#5022 = VERTEX_POINT('',#5023);
#5023 = CARTESIAN_POINT('',(-2.119484478082,3.247975608167,
    0.385255375719));
#5024 = B_SPLINE_CURVE_WITH_KNOTS('',1,(#5025,#5026),.UNSPECIFIED.,.F.,
  .F.,(2,2),(-0.,9.839368700902E-04),.PIECEWISE_BEZIER_KNOTS.);
#5025 = CARTESIAN_POINT('',(-2.119484478082,3.247975608167,
    0.385255375719));
#5026 = CARTESIAN_POINT('',(-2.119484478082,3.246991671296,
    0.385255375719));
#5027 = ORIENTED_EDGE('',*,*,#5028,.F.);
#5028 = EDGE_CURVE('',#5000,#5022,#5029,.T.);
#5029 = B_SPLINE_CURVE_WITH_KNOTS('',1,(#5030,#5031),.UNSPECIFIED.,.F.,
  .F.,(2,2),(-2.291645775604E-02,0.),.PIECEWISE_BEZIER_KNOTS.);
#5030 = CARTESIAN_POINT('',(-2.119321950473,3.247975608167,
    0.362339494308));
#5031 = CARTESIAN_POINT('',(-2.119484478082,3.247975608167,
    0.385255375719));
#5032 = ORIENTED_EDGE('',*,*,#4999,.T.);
#5033 = B_SPLINE_SURFACE_WITH_KNOTS('',1,1,(
    (#5034,#5035)
    ,(#5036,#5037
    )),.UNSPECIFIED.,.F.,.F.,.F.,(2,2),(2,2),(0.,2.291645775604E-02),(
    -9.839368700902E-04,0.),.PIECEWISE_BEZIER_KNOTS.);
#5034 = CARTESIAN_POINT('',(-2.119484478082,3.246991671296,
    0.385255375719));
#5035 = CARTESIAN_POINT('',(-2.119484478082,3.247975608167,
    0.385255375719));
#5036 = CARTESIAN_POINT('',(-2.119321950473,3.246991671296,
    0.362339494308));
#5037 = CARTESIAN_POINT('',(-2.119321950473,3.247975608167,
    0.362339494308));
#5038 = ADVANCED_FACE('',(#5039),#5055,.F.);
#5039 = FACE_BOUND('',#5040,.T.);
#5040 = EDGE_LOOP('',(#5041,#5042,#5049,#5054));
#5041 = ORIENTED_EDGE('',*,*,#660,.T.);
#5042 = ORIENTED_EDGE('',*,*,#5043,.F.);
#5043 = EDGE_CURVE('',#5044,#654,#5046,.T.);
#5044 = VERTEX_POINT('',#5045);
#5045 = CARTESIAN_POINT('',(-2.047923500192,3.247975608167,
    0.385762911713));
#5046 = B_SPLINE_CURVE_WITH_KNOTS('',1,(#5047,#5048),.UNSPECIFIED.,.F.,
  .F.,(2,2),(-0.,9.839368700902E-04),.PIECEWISE_BEZIER_KNOTS.);
#5047 = CARTESIAN_POINT('',(-2.047923500192,3.247975608167,
    0.385762911713));
#5048 = CARTESIAN_POINT('',(-2.047923500192,3.246991671296,
    0.385762911713));
#5049 = ORIENTED_EDGE('',*,*,#5050,.F.);
#5050 = EDGE_CURVE('',#5022,#5044,#5051,.T.);
#5051 = B_SPLINE_CURVE_WITH_KNOTS('',1,(#5052,#5053),.UNSPECIFIED.,.F.,
  .F.,(2,2),(-7.156277768103E-02,0.),.PIECEWISE_BEZIER_KNOTS.);
#5052 = CARTESIAN_POINT('',(-2.119484478082,3.247975608167,
    0.385255375719));
#5053 = CARTESIAN_POINT('',(-2.047923500192,3.247975608167,
    0.385762911713));
#5054 = ORIENTED_EDGE('',*,*,#5021,.T.);
#5055 = B_SPLINE_SURFACE_WITH_KNOTS('',1,1,(
    (#5056,#5057)
    ,(#5058,#5059
    )),.UNSPECIFIED.,.F.,.F.,.F.,(2,2),(2,2),(0.,7.156277768103E-02),(
    -9.839368700902E-04,0.),.PIECEWISE_BEZIER_KNOTS.);
#5056 = CARTESIAN_POINT('',(-2.047923500192,3.246991671296,
    0.385762911713));
#5057 = CARTESIAN_POINT('',(-2.047923500192,3.247975608167,
    0.385762911713));
#5058 = CARTESIAN_POINT('',(-2.119484478082,3.246991671296,
    0.385255375719));
#5059 = CARTESIAN_POINT('',(-2.119484478082,3.247975608167,
    0.385255375719));
#5060 = ADVANCED_FACE('',(#5061),#5077,.F.);
#5061 = FACE_BOUND('',#5062,.T.);
#5062 = EDGE_LOOP('',(#5063,#5064,#5071,#5076));
#5063 = ORIENTED_EDGE('',*,*,#653,.T.);
#5064 = ORIENTED_EDGE('',*,*,#5065,.F.);
#5065 = EDGE_CURVE('',#5066,#647,#5068,.T.);
#5066 = VERTEX_POINT('',#5067);
#5067 = CARTESIAN_POINT('',(-2.048377706814,3.247975608167,
    0.449804616016));
#5068 = B_SPLINE_CURVE_WITH_KNOTS('',1,(#5069,#5070),.UNSPECIFIED.,.F.,
  .F.,(2,2),(-0.,9.839368700902E-04),.PIECEWISE_BEZIER_KNOTS.);
#5069 = CARTESIAN_POINT('',(-2.048377706814,3.247975608167,
    0.449804616016));
#5070 = CARTESIAN_POINT('',(-2.048377706814,3.246991671296,
    0.449804616016));
#5071 = ORIENTED_EDGE('',*,*,#5072,.F.);
#5072 = EDGE_CURVE('',#5044,#5066,#5073,.T.);
#5073 = B_SPLINE_CURVE_WITH_KNOTS('',1,(#5074,#5075),.UNSPECIFIED.,.F.,
  .F.,(2,2),(-6.404331498016E-02,0.),.PIECEWISE_BEZIER_KNOTS.);
#5074 = CARTESIAN_POINT('',(-2.047923500192,3.247975608167,
    0.385762911713));
#5075 = CARTESIAN_POINT('',(-2.048377706814,3.247975608167,
    0.449804616016));
#5076 = ORIENTED_EDGE('',*,*,#5043,.T.);
#5077 = B_SPLINE_SURFACE_WITH_KNOTS('',1,1,(
    (#5078,#5079)
    ,(#5080,#5081
    )),.UNSPECIFIED.,.F.,.F.,.F.,(2,2),(2,2),(0.,6.404331498016E-02),(
    -9.839368700902E-04,0.),.PIECEWISE_BEZIER_KNOTS.);
#5078 = CARTESIAN_POINT('',(-2.048377706814,3.246991671296,
    0.449804616016));
#5079 = CARTESIAN_POINT('',(-2.048377706814,3.247975608167,
    0.449804616016));
#5080 = CARTESIAN_POINT('',(-2.047923500192,3.246991671296,
    0.385762911713));
#5081 = CARTESIAN_POINT('',(-2.047923500192,3.247975608167,
    0.385762911713));
#5082 = ADVANCED_FACE('',(#5083),#5099,.F.);
#5083 = FACE_BOUND('',#5084,.T.);
#5084 = EDGE_LOOP('',(#5085,#5086,#5093,#5098));
#5085 = ORIENTED_EDGE('',*,*,#646,.T.);
#5086 = ORIENTED_EDGE('',*,*,#5087,.F.);
#5087 = EDGE_CURVE('',#5088,#640,#5090,.T.);
#5088 = VERTEX_POINT('',#5089);
#5089 = CARTESIAN_POINT('',(-2.125616503536,3.247975608167,
    0.449256810905));
#5090 = B_SPLINE_CURVE_WITH_KNOTS('',1,(#5091,#5092),.UNSPECIFIED.,.F.,
  .F.,(2,2),(-0.,9.839368700902E-04),.PIECEWISE_BEZIER_KNOTS.);
#5091 = CARTESIAN_POINT('',(-2.125616503536,3.247975608167,
    0.449256810905));
#5092 = CARTESIAN_POINT('',(-2.125616503536,3.246991671296,
    0.449256810905));
#5093 = ORIENTED_EDGE('',*,*,#5094,.F.);
#5094 = EDGE_CURVE('',#5066,#5088,#5095,.T.);
#5095 = B_SPLINE_CURVE_WITH_KNOTS('',1,(#5096,#5097),.UNSPECIFIED.,.F.,
  .F.,(2,2),(-7.724073931227E-02,-0.),.PIECEWISE_BEZIER_KNOTS.);
#5096 = CARTESIAN_POINT('',(-2.048377706814,3.247975608167,
    0.449804616016));
#5097 = CARTESIAN_POINT('',(-2.125616503536,3.247975608167,
    0.449256810905));
#5098 = ORIENTED_EDGE('',*,*,#5065,.T.);
#5099 = B_SPLINE_SURFACE_WITH_KNOTS('',1,1,(
    (#5100,#5101)
    ,(#5102,#5103
    )),.UNSPECIFIED.,.F.,.F.,.F.,(2,2),(2,2),(-4.361700157847E-16,
    7.724073931227E-02),(-9.839368700902E-04,0.),
  .PIECEWISE_BEZIER_KNOTS.);
#5100 = CARTESIAN_POINT('',(-2.125616503536,3.246991671296,
    0.449256810905));
#5101 = CARTESIAN_POINT('',(-2.125616503536,3.247975608167,
    0.449256810905));
#5102 = CARTESIAN_POINT('',(-2.048377706814,3.246991671296,
    0.449804616016));
#5103 = CARTESIAN_POINT('',(-2.048377706814,3.247975608167,
    0.449804616016));
#5104 = ADVANCED_FACE('',(#5105),#5121,.F.);
#5105 = FACE_BOUND('',#5106,.T.);
#5106 = EDGE_LOOP('',(#5107,#5108,#5115,#5120));
#5107 = ORIENTED_EDGE('',*,*,#639,.T.);
#5108 = ORIENTED_EDGE('',*,*,#5109,.F.);
#5109 = EDGE_CURVE('',#5110,#633,#5112,.T.);
#5110 = VERTEX_POINT('',#5111);
#5111 = CARTESIAN_POINT('',(-2.125779756715,3.247975608167,
    0.472274995358));
#5112 = B_SPLINE_CURVE_WITH_KNOTS('',1,(#5113,#5114),.UNSPECIFIED.,.F.,
  .F.,(2,2),(-0.,9.839368700902E-04),.PIECEWISE_BEZIER_KNOTS.);
#5113 = CARTESIAN_POINT('',(-2.125779756715,3.247975608167,
    0.472274995358));
#5114 = CARTESIAN_POINT('',(-2.125779756715,3.246991671296,
    0.472274995358));
#5115 = ORIENTED_EDGE('',*,*,#5116,.F.);
#5116 = EDGE_CURVE('',#5088,#5110,#5117,.T.);
#5117 = B_SPLINE_CURVE_WITH_KNOTS('',1,(#5118,#5119),.UNSPECIFIED.,.F.,
  .F.,(2,2),(-2.30187633709E-02,0.),.PIECEWISE_BEZIER_KNOTS.);
#5118 = CARTESIAN_POINT('',(-2.125616503536,3.247975608167,
    0.449256810905));
#5119 = CARTESIAN_POINT('',(-2.125779756715,3.247975608167,
    0.472274995358));
#5120 = ORIENTED_EDGE('',*,*,#5087,.T.);
#5121 = B_SPLINE_SURFACE_WITH_KNOTS('',1,1,(
    (#5122,#5123)
    ,(#5124,#5125
    )),.UNSPECIFIED.,.F.,.F.,.F.,(2,2),(2,2),(0.,2.30187633709E-02),(
    -9.839368700902E-04,0.),.PIECEWISE_BEZIER_KNOTS.);
#5122 = CARTESIAN_POINT('',(-2.125779756715,3.246991671296,
    0.472274995358));
#5123 = CARTESIAN_POINT('',(-2.125779756715,3.247975608167,
    0.472274995358));
#5124 = CARTESIAN_POINT('',(-2.125616503536,3.246991671296,
    0.449256810905));
#5125 = CARTESIAN_POINT('',(-2.125616503536,3.247975608167,
    0.449256810905));
#5126 = ADVANCED_FACE('',(#5127),#5143,.F.);
#5127 = FACE_BOUND('',#5128,.T.);
#5128 = EDGE_LOOP('',(#5129,#5130,#5137,#5142));
#5129 = ORIENTED_EDGE('',*,*,#632,.T.);
#5130 = ORIENTED_EDGE('',*,*,#5131,.F.);
#5131 = EDGE_CURVE('',#5132,#626,#5134,.T.);
#5132 = VERTEX_POINT('',#5133);
#5133 = CARTESIAN_POINT('',(-2.022709441884,3.247975608167,
    0.473006006815));
#5134 = B_SPLINE_CURVE_WITH_KNOTS('',1,(#5135,#5136),.UNSPECIFIED.,.F.,
  .F.,(2,2),(-0.,9.839368700902E-04),.PIECEWISE_BEZIER_KNOTS.);
#5135 = CARTESIAN_POINT('',(-2.022709441884,3.247975608167,
    0.473006006815));
#5136 = CARTESIAN_POINT('',(-2.022709441884,3.246991671296,
    0.473006006815));
#5137 = ORIENTED_EDGE('',*,*,#5138,.F.);
#5138 = EDGE_CURVE('',#5110,#5132,#5139,.T.);
#5139 = B_SPLINE_CURVE_WITH_KNOTS('',1,(#5140,#5141),.UNSPECIFIED.,.F.,
  .F.,(2,2),(-0.103072907095,0.),.PIECEWISE_BEZIER_KNOTS.);
#5140 = CARTESIAN_POINT('',(-2.125779756715,3.247975608167,
    0.472274995358));
#5141 = CARTESIAN_POINT('',(-2.022709441884,3.247975608167,
    0.473006006815));
#5142 = ORIENTED_EDGE('',*,*,#5109,.T.);
#5143 = B_SPLINE_SURFACE_WITH_KNOTS('',1,1,(
    (#5144,#5145)
    ,(#5146,#5147
    )),.UNSPECIFIED.,.F.,.F.,.F.,(2,2),(2,2),(0.,0.103072907095),(
    -9.839368700902E-04,0.),.PIECEWISE_BEZIER_KNOTS.);
#5144 = CARTESIAN_POINT('',(-2.022709441884,3.246991671296,
    0.473006006815));
#5145 = CARTESIAN_POINT('',(-2.022709441884,3.247975608167,
    0.473006006815));
#5146 = CARTESIAN_POINT('',(-2.125779756715,3.246991671296,
    0.472274995358));
#5147 = CARTESIAN_POINT('',(-2.125779756715,3.247975608167,
    0.472274995358));
#5148 = ADVANCED_FACE('',(#5149),#5165,.F.);
#5149 = FACE_BOUND('',#5150,.T.);
#5150 = EDGE_LOOP('',(#5151,#5152,#5159,#5164));
#5151 = ORIENTED_EDGE('',*,*,#625,.T.);
#5152 = ORIENTED_EDGE('',*,*,#5153,.F.);
#5153 = EDGE_CURVE('',#5154,#619,#5156,.T.);
#5154 = VERTEX_POINT('',#5155);
#5155 = CARTESIAN_POINT('',(-2.021290227582,3.247975608167,
    0.272901256632));
#5156 = B_SPLINE_CURVE_WITH_KNOTS('',1,(#5157,#5158),.UNSPECIFIED.,.F.,
  .F.,(2,2),(-0.,9.839368700902E-04),.PIECEWISE_BEZIER_KNOTS.);
#5157 = CARTESIAN_POINT('',(-2.021290227582,3.247975608167,
    0.272901256632));
#5158 = CARTESIAN_POINT('',(-2.021290227582,3.246991671296,
    0.272901256632));
#5159 = ORIENTED_EDGE('',*,*,#5160,.F.);
#5160 = EDGE_CURVE('',#5132,#5154,#5161,.T.);
#5161 = B_SPLINE_CURVE_WITH_KNOTS('',1,(#5162,#5163),.UNSPECIFIED.,.F.,
  .F.,(2,2),(-0.200109782907,0.),.PIECEWISE_BEZIER_KNOTS.);
#5162 = CARTESIAN_POINT('',(-2.022709441884,3.247975608167,
    0.473006006815));
#5163 = CARTESIAN_POINT('',(-2.021290227582,3.247975608167,
    0.272901256632));
#5164 = ORIENTED_EDGE('',*,*,#5131,.T.);
#5165 = B_SPLINE_SURFACE_WITH_KNOTS('',1,1,(
    (#5166,#5167)
    ,(#5168,#5169
    )),.UNSPECIFIED.,.F.,.F.,.F.,(2,2),(2,2),(-5.461809472808E-17,
    0.200109782907),(-9.839368700902E-04,0.),.PIECEWISE_BEZIER_KNOTS.);
#5166 = CARTESIAN_POINT('',(-2.021290227582,3.246991671296,
    0.272901256632));
#5167 = CARTESIAN_POINT('',(-2.021290227582,3.247975608167,
    0.272901256632));
#5168 = CARTESIAN_POINT('',(-2.022709441884,3.246991671296,
    0.473006006815));
#5169 = CARTESIAN_POINT('',(-2.022709441884,3.247975608167,
    0.473006006815));
#5170 = ADVANCED_FACE('',(#5171),#5181,.F.);
#5171 = FACE_BOUND('',#5172,.T.);
#5172 = EDGE_LOOP('',(#5173,#5174,#5175,#5180));
#5173 = ORIENTED_EDGE('',*,*,#618,.T.);
#5174 = ORIENTED_EDGE('',*,*,#4941,.F.);
#5175 = ORIENTED_EDGE('',*,*,#5176,.F.);
#5176 = EDGE_CURVE('',#5154,#4935,#5177,.T.);
#5177 = B_SPLINE_CURVE_WITH_KNOTS('',1,(#5178,#5179),.UNSPECIFIED.,.F.,
  .F.,(2,2),(-0.107625506962,-0.),.PIECEWISE_BEZIER_KNOTS.);
#5178 = CARTESIAN_POINT('',(-2.021290227582,3.247975608167,
    0.272901256632));
#5179 = CARTESIAN_POINT('',(-2.128913027783,3.247975608167,
    0.272137957324));
#5180 = ORIENTED_EDGE('',*,*,#5153,.T.);
#5181 = B_SPLINE_SURFACE_WITH_KNOTS('',1,1,(
    (#5182,#5183)
    ,(#5184,#5185
    )),.UNSPECIFIED.,.F.,.F.,.F.,(2,2),(2,2),(0.,0.107625506962),(
    -9.839368700902E-04,0.),.PIECEWISE_BEZIER_KNOTS.);
#5182 = CARTESIAN_POINT('',(-2.128913027783,3.246991671296,
    0.272137957324));
#5183 = CARTESIAN_POINT('',(-2.128913027783,3.247975608167,
    0.272137957324));
#5184 = CARTESIAN_POINT('',(-2.021290227582,3.246991671296,
    0.272901256632));
#5185 = CARTESIAN_POINT('',(-2.021290227582,3.247975608167,
    0.272901256632));
#5186 = ADVANCED_FACE('',(#5187),#5201,.F.);
#5187 = FACE_BOUND('',#5188,.T.);
#5188 = EDGE_LOOP('',(#5189,#5190,#5191,#5192,#5193,#5194,#5195,#5196,
    #5197,#5198,#5199,#5200));
#5189 = ORIENTED_EDGE('',*,*,#4934,.T.);
#5190 = ORIENTED_EDGE('',*,*,#4962,.T.);
#5191 = ORIENTED_EDGE('',*,*,#4984,.T.);
#5192 = ORIENTED_EDGE('',*,*,#5006,.T.);
#5193 = ORIENTED_EDGE('',*,*,#5028,.T.);
#5194 = ORIENTED_EDGE('',*,*,#5050,.T.);
#5195 = ORIENTED_EDGE('',*,*,#5072,.T.);
#5196 = ORIENTED_EDGE('',*,*,#5094,.T.);
#5197 = ORIENTED_EDGE('',*,*,#5116,.T.);
#5198 = ORIENTED_EDGE('',*,*,#5138,.T.);
#5199 = ORIENTED_EDGE('',*,*,#5160,.T.);
#5200 = ORIENTED_EDGE('',*,*,#5176,.T.);
#5201 = B_SPLINE_SURFACE_WITH_KNOTS('',1,1,(
    (#5202,#5203)
    ,(#5204,#5205
    )),.UNSPECIFIED.,.F.,.F.,.F.,(2,2),(2,2),(-0.453327169413,
    -0.252459119922),(-2.129074829822,-2.021290227582),
  .PIECEWISE_BEZIER_KNOTS.);
#5202 = CARTESIAN_POINT('',(-2.129074829822,3.247975608167,
    0.473006006815));
#5203 = CARTESIAN_POINT('',(-2.021290227582,3.247975608167,
    0.473006006815));
#5204 = CARTESIAN_POINT('',(-2.129074829822,3.247975608167,
    0.272137957324));
#5205 = CARTESIAN_POINT('',(-2.021290227582,3.247975608167,
    0.272137957324));
#5206 = ADVANCED_FACE('',(#5207,#5323),#5393,.T.);
#5207 = FACE_BOUND('',#5208,.T.);
#5208 = EDGE_LOOP('',(#5209,#5220,#5227,#5236,#5245,#5252,#5261,#5270,
    #5279,#5288,#5295,#5302,#5309,#5316));
#5209 = ORIENTED_EDGE('',*,*,#5210,.T.);
#5210 = EDGE_CURVE('',#5211,#5213,#5215,.T.);
#5211 = VERTEX_POINT('',#5212);
#5212 = CARTESIAN_POINT('',(-2.217112058659,3.247975608167,
    0.417710818994));
#5213 = VERTEX_POINT('',#5214);
#5214 = CARTESIAN_POINT('',(-2.16780997139,3.247975608167,0.40476042255)
  );
#5215 = B_SPLINE_CURVE_WITH_KNOTS('',3,(#5216,#5217,#5218,#5219),
  .UNSPECIFIED.,.F.,.F.,(4,4),(0.,1.),.PIECEWISE_BEZIER_KNOTS.);
#5216 = CARTESIAN_POINT('',(-2.217112058659,3.247975608167,
    0.417710818994));
#5217 = CARTESIAN_POINT('',(-2.198492905012,3.247975608167,
    0.417842872676));
#5218 = CARTESIAN_POINT('',(-2.182042067272,3.247975608167,
    0.413560295804));
#5219 = CARTESIAN_POINT('',(-2.16780997139,3.247975608167,0.40476042255)
  );
#5220 = ORIENTED_EDGE('',*,*,#5221,.T.);
#5221 = EDGE_CURVE('',#5213,#5222,#5224,.T.);
#5222 = VERTEX_POINT('',#5223);
#5223 = CARTESIAN_POINT('',(-2.167637285805,3.247975608167,
    0.380412298549));
#5224 = B_SPLINE_CURVE_WITH_KNOTS('',1,(#5225,#5226),.UNSPECIFIED.,.F.,
  .F.,(2,2),(-2.43487363669E-02,0.),.PIECEWISE_BEZIER_KNOTS.);
#5225 = CARTESIAN_POINT('',(-2.16780997139,3.247975608167,0.40476042255)
  );
#5226 = CARTESIAN_POINT('',(-2.167637285805,3.247975608167,
    0.380412298549));
#5227 = ORIENTED_EDGE('',*,*,#5228,.T.);
#5228 = EDGE_CURVE('',#5222,#5229,#5231,.T.);
#5229 = VERTEX_POINT('',#5230);
#5230 = CARTESIAN_POINT('',(-2.214614700326,3.247975608167,
    0.397369201735));
#5231 = B_SPLINE_CURVE_WITH_KNOTS('',3,(#5232,#5233,#5234,#5235),
  .UNSPECIFIED.,.F.,.F.,(4,4),(12.,13.),.PIECEWISE_BEZIER_KNOTS.);
#5232 = CARTESIAN_POINT('',(-2.167637285805,3.247975608167,
    0.380412298549));
#5233 = CARTESIAN_POINT('',(-2.181836369408,3.247975608167,
    0.391770110639));
#5234 = CARTESIAN_POINT('',(-2.197478940788,3.247975608167,
    0.397490734658));
#5235 = CARTESIAN_POINT('',(-2.214614700326,3.247975608167,
    0.397369201735));
#5236 = ORIENTED_EDGE('',*,*,#5237,.T.);
#5237 = EDGE_CURVE('',#5229,#5238,#5240,.T.);
#5238 = VERTEX_POINT('',#5239);
#5239 = CARTESIAN_POINT('',(-2.243318316384,3.247975608167,
    0.362176225146));
#5240 = B_SPLINE_CURVE_WITH_KNOTS('',3,(#5241,#5242,#5243,#5244),
  .UNSPECIFIED.,.F.,.F.,(4,4),(11.,12.),.PIECEWISE_BEZIER_KNOTS.);
#5241 = CARTESIAN_POINT('',(-2.214614700326,3.247975608167,
    0.397369201735));
#5242 = CARTESIAN_POINT('',(-2.233898823746,3.247975608167,0.39723243185
    ));
#5243 = CARTESIAN_POINT('',(-2.243483746272,3.247975608167,
    0.385501318725));
#5244 = CARTESIAN_POINT('',(-2.243318316384,3.247975608167,
    0.362176225146));
#5245 = ORIENTED_EDGE('',*,*,#5246,.T.);
#5246 = EDGE_CURVE('',#5238,#5247,#5249,.T.);
#5247 = VERTEX_POINT('',#5248);
#5248 = CARTESIAN_POINT('',(-2.200922773948,3.247975608167,
    0.356543034558));
#5249 = B_SPLINE_CURVE_WITH_KNOTS('',1,(#5250,#5251),.UNSPECIFIED.,.F.,
  .F.,(2,2),(-4.276815234119E-02,0.),.PIECEWISE_BEZIER_KNOTS.);
#5250 = CARTESIAN_POINT('',(-2.243318316384,3.247975608167,
    0.362176225146));
#5251 = CARTESIAN_POINT('',(-2.200922773948,3.247975608167,
    0.356543034558));
#5252 = ORIENTED_EDGE('',*,*,#5253,.T.);
#5253 = EDGE_CURVE('',#5247,#5254,#5256,.T.);
#5254 = VERTEX_POINT('',#5255);
#5255 = CARTESIAN_POINT('',(-2.153174454197,3.247975608167,
    0.310229148947));
#5256 = B_SPLINE_CURVE_WITH_KNOTS('',3,(#5257,#5258,#5259,#5260),
  .UNSPECIFIED.,.F.,.F.,(4,4),(9.,10.),.PIECEWISE_BEZIER_KNOTS.);
#5257 = CARTESIAN_POINT('',(-2.200922773948,3.247975608167,
    0.356543034558));
#5258 = CARTESIAN_POINT('',(-2.169279934469,3.247975608167,
    0.352368204783));
#5259 = CARTESIAN_POINT('',(-2.153363827885,3.247975608167,
    0.336930242913));
#5260 = CARTESIAN_POINT('',(-2.153174454197,3.247975608167,
    0.310229148947));
#5261 = ORIENTED_EDGE('',*,*,#5262,.T.);
#5262 = EDGE_CURVE('',#5254,#5263,#5265,.T.);
#5263 = VERTEX_POINT('',#5264);
#5264 = CARTESIAN_POINT('',(-2.165235325044,3.247975608167,
    0.279758077105));
#5265 = B_SPLINE_CURVE_WITH_KNOTS('',3,(#5266,#5267,#5268,#5269),
  .UNSPECIFIED.,.F.,.F.,(4,4),(8.,9.),.PIECEWISE_BEZIER_KNOTS.);
#5266 = CARTESIAN_POINT('',(-2.153174454197,3.247975608167,
    0.310229148947));
#5267 = CARTESIAN_POINT('',(-2.153083757987,3.247975608167,
    0.297441268695));
#5268 = CARTESIAN_POINT('',(-2.157104048269,3.247975608167,
    0.287284244747));
#5269 = CARTESIAN_POINT('',(-2.165235325044,3.247975608167,
    0.279758077105));
#5270 = ORIENTED_EDGE('',*,*,#5271,.T.);
#5271 = EDGE_CURVE('',#5263,#5272,#5274,.T.);
#5272 = VERTEX_POINT('',#5273);
#5273 = CARTESIAN_POINT('',(-2.198199394949,3.247975608167,
    0.268270383476));
#5274 = B_SPLINE_CURVE_WITH_KNOTS('',3,(#5275,#5276,#5277,#5278),
  .UNSPECIFIED.,.F.,.F.,(4,4),(7.,8.),.PIECEWISE_BEZIER_KNOTS.);
#5275 = CARTESIAN_POINT('',(-2.165235325044,3.247975608167,
    0.279758077105));
#5276 = CARTESIAN_POINT('',(-2.173366601817,3.247975608167,
    0.272231909464));
#5277 = CARTESIAN_POINT('',(-2.184337332756,3.247975608167,
    0.268368698168));
#5278 = CARTESIAN_POINT('',(-2.198199394949,3.247975608167,
    0.268270383476));
#5279 = ORIENTED_EDGE('',*,*,#5280,.T.);
#5280 = EDGE_CURVE('',#5272,#5281,#5283,.T.);
#5281 = VERTEX_POINT('',#5282);
#5282 = CARTESIAN_POINT('',(-2.242165763783,3.247975608167,
    0.293433297113));
#5283 = B_SPLINE_CURVE_WITH_KNOTS('',3,(#5284,#5285,#5286,#5287),
  .UNSPECIFIED.,.F.,.F.,(4,4),(6.,7.),.PIECEWISE_BEZIER_KNOTS.);
#5284 = CARTESIAN_POINT('',(-2.198199394949,3.247975608167,
    0.268270383476));
#5285 = CARTESIAN_POINT('',(-2.217483518369,3.247975608167,
    0.268133613591));
#5286 = CARTESIAN_POINT('',(-2.232173075662,3.247975608167,
    0.276521009613));
#5287 = CARTESIAN_POINT('',(-2.242165763783,3.247975608167,
    0.293433297113));
#5288 = ORIENTED_EDGE('',*,*,#5289,.T.);
#5289 = EDGE_CURVE('',#5281,#5290,#5292,.T.);
#5290 = VERTEX_POINT('',#5291);
#5291 = CARTESIAN_POINT('',(-2.242830733556,3.247975608167,0.29342858091
    ));
#5292 = B_SPLINE_CURVE_WITH_KNOTS('',1,(#5293,#5294),.UNSPECIFIED.,.F.,
  .F.,(2,2),(-6.649864973135E-04,-0.),.PIECEWISE_BEZIER_KNOTS.);
#5293 = CARTESIAN_POINT('',(-2.242165763783,3.247975608167,
    0.293433297113));
#5294 = CARTESIAN_POINT('',(-2.242830733556,3.247975608167,0.29342858091
    ));
#5295 = ORIENTED_EDGE('',*,*,#5296,.T.);
#5296 = EDGE_CURVE('',#5290,#5297,#5299,.T.);
#5297 = VERTEX_POINT('',#5298);
#5298 = CARTESIAN_POINT('',(-2.242674010505,3.247975608167,
    0.271331123835));
#5299 = B_SPLINE_CURVE_WITH_KNOTS('',1,(#5300,#5301),.UNSPECIFIED.,.F.,
  .F.,(2,2),(-2.209801283574E-02,0.),.PIECEWISE_BEZIER_KNOTS.);
#5300 = CARTESIAN_POINT('',(-2.242830733556,3.247975608167,0.29342858091
    ));
#5301 = CARTESIAN_POINT('',(-2.242674010505,3.247975608167,
    0.271331123835));
#5302 = ORIENTED_EDGE('',*,*,#5303,.T.);
#5303 = EDGE_CURVE('',#5297,#5304,#5306,.T.);
#5304 = VERTEX_POINT('',#5305);
#5305 = CARTESIAN_POINT('',(-2.267738255799,3.247975608167,
    0.271153359263));
#5306 = B_SPLINE_CURVE_WITH_KNOTS('',1,(#5307,#5308),.UNSPECIFIED.,.F.,
  .F.,(2,2),(-2.506487567097E-02,-0.),.PIECEWISE_BEZIER_KNOTS.);
#5307 = CARTESIAN_POINT('',(-2.242674010505,3.247975608167,
    0.271331123835));
#5308 = CARTESIAN_POINT('',(-2.267738255799,3.247975608167,
    0.271153359263));
#5309 = ORIENTED_EDGE('',*,*,#5310,.T.);
#5310 = EDGE_CURVE('',#5304,#5311,#5313,.T.);
#5311 = VERTEX_POINT('',#5312);
#5312 = CARTESIAN_POINT('',(-2.268390542945,3.247975608167,
    0.363123794034));
#5313 = B_SPLINE_CURVE_WITH_KNOTS('',1,(#5314,#5315),.UNSPECIFIED.,.F.,
  .F.,(2,2),(-9.197274786875E-02,0.),.PIECEWISE_BEZIER_KNOTS.);
#5314 = CARTESIAN_POINT('',(-2.267738255799,3.247975608167,
    0.271153359263));
#5315 = CARTESIAN_POINT('',(-2.268390542945,3.247975608167,
    0.363123794034));
#5316 = ORIENTED_EDGE('',*,*,#5317,.T.);
#5317 = EDGE_CURVE('',#5311,#5211,#5318,.T.);
#5318 = B_SPLINE_CURVE_WITH_KNOTS('',3,(#5319,#5320,#5321,#5322),
  .UNSPECIFIED.,.F.,.F.,(4,4),(1.,2.),.PIECEWISE_BEZIER_KNOTS.);
#5319 = CARTESIAN_POINT('',(-2.268390542945,3.247975608167,
    0.363123794034));
#5320 = CARTESIAN_POINT('',(-2.268647394613,3.247975608167,
    0.399339070909));
#5321 = CARTESIAN_POINT('',(-2.251537032297,3.247975608167,
    0.417466664795));
#5322 = CARTESIAN_POINT('',(-2.217112058659,3.247975608167,
    0.417710818994));
#5323 = FACE_BOUND('',#5324,.T.);
#5324 = EDGE_LOOP('',(#5325,#5336,#5345,#5352,#5359,#5368,#5377,#5386));
#5325 = ORIENTED_EDGE('',*,*,#5326,.F.);
#5326 = EDGE_CURVE('',#5327,#5329,#5331,.T.);
#5327 = VERTEX_POINT('',#5328);
#5328 = CARTESIAN_POINT('',(-2.185389395097,3.247975608167,
    0.330155382127));
#5329 = VERTEX_POINT('',#5330);
#5330 = CARTESIAN_POINT('',(-2.178611271532,3.247975608167,0.31209490572
    ));
#5331 = B_SPLINE_CURVE_WITH_KNOTS('',3,(#5332,#5333,#5334,#5335),
  .UNSPECIFIED.,.F.,.F.,(4,4),(1.,2.),.PIECEWISE_BEZIER_KNOTS.);
#5332 = CARTESIAN_POINT('',(-2.185389395097,3.247975608167,
    0.330155382127));
#5333 = CARTESIAN_POINT('',(-2.180959890364,3.247975608167,0.32588985386
    ));
#5334 = CARTESIAN_POINT('',(-2.178666414828,3.247975608167,
    0.319869936914));
#5335 = CARTESIAN_POINT('',(-2.178611271532,3.247975608167,0.31209490572
    ));
#5336 = ORIENTED_EDGE('',*,*,#5337,.F.);
#5337 = EDGE_CURVE('',#5338,#5327,#5340,.T.);
#5338 = VERTEX_POINT('',#5339);
#5339 = CARTESIAN_POINT('',(-2.209697615048,3.247975608167,
    0.338781483726));
#5340 = B_SPLINE_CURVE_WITH_KNOTS('',3,(#5341,#5342,#5343,#5344),
  .UNSPECIFIED.,.F.,.F.,(4,4),(0.,1.),.PIECEWISE_BEZIER_KNOTS.);
#5341 = CARTESIAN_POINT('',(-2.209697615048,3.247975608167,
    0.338781483726));
#5342 = CARTESIAN_POINT('',(-2.197972307622,3.247975608167,
    0.337227712782));
#5343 = CARTESIAN_POINT('',(-2.189870051352,3.247975608167,
    0.334420547611));
#5344 = CARTESIAN_POINT('',(-2.185389395097,3.247975608167,
    0.330155382127));
#5345 = ORIENTED_EDGE('',*,*,#5346,.F.);
#5346 = EDGE_CURVE('',#5347,#5338,#5349,.T.);
#5347 = VERTEX_POINT('',#5348);
#5348 = CARTESIAN_POINT('',(-2.243182634853,3.247975608167,
    0.343045556289));
#5349 = B_SPLINE_CURVE_WITH_KNOTS('',1,(#5350,#5351),.UNSPECIFIED.,.F.,
  .F.,(2,2),(0.,3.375542721082E-02),.PIECEWISE_BEZIER_KNOTS.);
#5350 = CARTESIAN_POINT('',(-2.243182634853,3.247975608167,
    0.343045556289));
#5351 = CARTESIAN_POINT('',(-2.209697615048,3.247975608167,
    0.338781483726));
#5352 = ORIENTED_EDGE('',*,*,#5353,.F.);
#5353 = EDGE_CURVE('',#5354,#5347,#5356,.T.);
#5354 = VERTEX_POINT('',#5355);
#5355 = CARTESIAN_POINT('',(-2.243085408515,3.247975608167,
    0.329336948658));
#5356 = B_SPLINE_CURVE_WITH_KNOTS('',1,(#5357,#5358),.UNSPECIFIED.,.F.,
  .F.,(2,2),(0.,1.370895240849E-02),.PIECEWISE_BEZIER_KNOTS.);
#5357 = CARTESIAN_POINT('',(-2.243085408515,3.247975608167,
    0.329336948658));
#5358 = CARTESIAN_POINT('',(-2.243182634853,3.247975608167,
    0.343045556289));
#5359 = ORIENTED_EDGE('',*,*,#5360,.F.);
#5360 = EDGE_CURVE('',#5361,#5354,#5363,.T.);
#5361 = VERTEX_POINT('',#5362);
#5362 = CARTESIAN_POINT('',(-2.232136801744,3.247975608167,
    0.300256766501));
#5363 = B_SPLINE_CURVE_WITH_KNOTS('',3,(#5364,#5365,#5366,#5367),
  .UNSPECIFIED.,.F.,.F.,(4,4),(5.,6.),.PIECEWISE_BEZIER_KNOTS.);
#5364 = CARTESIAN_POINT('',(-2.232136801744,3.247975608167,
    0.300256766501));
#5365 = CARTESIAN_POINT('',(-2.239352432411,3.247975608167,
    0.307878704773));
#5366 = CARTESIAN_POINT('',(-2.243001968002,3.247975608167,
    0.317572098826));
#5367 = CARTESIAN_POINT('',(-2.243085408515,3.247975608167,
    0.329336948658));
#5368 = ORIENTED_EDGE('',*,*,#5369,.F.);
#5369 = EDGE_CURVE('',#5370,#5361,#5372,.T.);
#5370 = VERTEX_POINT('',#5371);
#5371 = CARTESIAN_POINT('',(-2.204841477624,3.247975608167,
    0.288787221246));
#5372 = B_SPLINE_CURVE_WITH_KNOTS('',3,(#5373,#5374,#5375,#5376),
  .UNSPECIFIED.,.F.,.F.,(4,4),(4.,5.),.PIECEWISE_BEZIER_KNOTS.);
#5373 = CARTESIAN_POINT('',(-2.204841477624,3.247975608167,
    0.288787221246));
#5374 = CARTESIAN_POINT('',(-2.21583905464,3.247975608167,0.288709222505
    ));
#5375 = CARTESIAN_POINT('',(-2.224971597028,3.247975608167,0.2925321624)
  );
#5376 = CARTESIAN_POINT('',(-2.232136801744,3.247975608167,
    0.300256766501));
#5377 = ORIENTED_EDGE('',*,*,#5378,.F.);
#5378 = EDGE_CURVE('',#5379,#5370,#5381,.T.);
#5379 = VERTEX_POINT('',#5380);
#5380 = CARTESIAN_POINT('',(-2.185756519657,3.247975608167,
    0.295367994424));
#5381 = B_SPLINE_CURVE_WITH_KNOTS('',3,(#5382,#5383,#5384,#5385),
  .UNSPECIFIED.,.F.,.F.,(4,4),(3.,4.),.PIECEWISE_BEZIER_KNOTS.);
#5382 = CARTESIAN_POINT('',(-2.185756519657,3.247975608167,
    0.295367994424));
#5383 = CARTESIAN_POINT('',(-2.190534288705,3.247975608167,
    0.291037164885));
#5384 = CARTESIAN_POINT('',(-2.196912991867,3.247975608167,
    0.288843452897));
#5385 = CARTESIAN_POINT('',(-2.204841477624,3.247975608167,
    0.288787221246));
#5386 = ORIENTED_EDGE('',*,*,#5387,.F.);
#5387 = EDGE_CURVE('',#5329,#5379,#5388,.T.);
#5388 = B_SPLINE_CURVE_WITH_KNOTS('',3,(#5389,#5390,#5391,#5392),
  .UNSPECIFIED.,.F.,.F.,(4,4),(2.,3.),.PIECEWISE_BEZIER_KNOTS.);
#5389 = CARTESIAN_POINT('',(-2.178611271532,3.247975608167,0.31209490572
    ));
#5390 = CARTESIAN_POINT('',(-2.178562658364,3.247975608167,
    0.305240601906));
#5391 = CARTESIAN_POINT('',(-2.180927599088,3.247975608167,
    0.299699186749));
#5392 = CARTESIAN_POINT('',(-2.185756519657,3.247975608167,
    0.295367994424));
#5393 = B_SPLINE_SURFACE_WITH_KNOTS('',1,1,(
    (#5394,#5395)
    ,(#5396,#5397
    )),.UNSPECIFIED.,.F.,.F.,.F.,(2,2),(2,2),(-0.146451479782,
    3.257779303428E-03),(-7.783152624987E-02,3.773211037593E-02),
  .PIECEWISE_BEZIER_KNOTS.);
#5394 = CARTESIAN_POINT('',(-2.268647394613,3.247975608167,
    0.268133613591));
#5395 = CARTESIAN_POINT('',(-2.153083757987,3.247975608167,
    0.268133613591));
#5396 = CARTESIAN_POINT('',(-2.268647394613,3.247975608167,
    0.417842872676));
#5397 = CARTESIAN_POINT('',(-2.153083757987,3.247975608167,
    0.417842872676));
#5398 = ADVANCED_FACE('',(#5399),#5413,.F.);
#5399 = FACE_BOUND('',#5400,.F.);
#5400 = EDGE_LOOP('',(#5401,#5406,#5407,#5412));
#5401 = ORIENTED_EDGE('',*,*,#5402,.F.);
#5402 = EDGE_CURVE('',#5211,#494,#5403,.T.);
#5403 = B_SPLINE_CURVE_WITH_KNOTS('',1,(#5404,#5405),.UNSPECIFIED.,.F.,
  .F.,(2,2),(-0.,9.839368700902E-04),.PIECEWISE_BEZIER_KNOTS.);
#5404 = CARTESIAN_POINT('',(-2.217112058659,3.247975608167,
    0.417710818994));
#5405 = CARTESIAN_POINT('',(-2.217112058659,3.246991671296,
    0.417710818994));
#5406 = ORIENTED_EDGE('',*,*,#5210,.T.);
#5407 = ORIENTED_EDGE('',*,*,#5408,.T.);
#5408 = EDGE_CURVE('',#5213,#496,#5409,.T.);
#5409 = B_SPLINE_CURVE_WITH_KNOTS('',1,(#5410,#5411),.UNSPECIFIED.,.F.,
  .F.,(2,2),(-0.,9.839368700902E-04),.PIECEWISE_BEZIER_KNOTS.);
#5410 = CARTESIAN_POINT('',(-2.16780997139,3.247975608167,0.40476042255)
  );
#5411 = CARTESIAN_POINT('',(-2.16780997139,3.246991671296,0.40476042255)
  );
#5412 = ORIENTED_EDGE('',*,*,#493,.F.);
#5413 = B_SPLINE_SURFACE_WITH_KNOTS('',3,1,(
    (#5414,#5415)
    ,(#5416,#5417)
    ,(#5418,#5419)
    ,(#5420,#5421
    )),.UNSPECIFIED.,.F.,.F.,.F.,(4,4),(2,2),(0.,1.),(0.,1.),
  .PIECEWISE_BEZIER_KNOTS.);
#5414 = CARTESIAN_POINT('',(-2.217112058659,3.247975608167,
    0.417710818994));
#5415 = CARTESIAN_POINT('',(-2.217112058659,3.246991671296,
    0.417710818994));
#5416 = CARTESIAN_POINT('',(-2.198492905012,3.247975608167,
    0.417842872676));
#5417 = CARTESIAN_POINT('',(-2.198492905012,3.246991671296,
    0.417842872676));
#5418 = CARTESIAN_POINT('',(-2.182042067272,3.247975608167,
    0.413560295804));
#5419 = CARTESIAN_POINT('',(-2.182042067272,3.246991671296,
    0.413560295804));
#5420 = CARTESIAN_POINT('',(-2.16780997139,3.247975608167,0.40476042255)
  );
#5421 = CARTESIAN_POINT('',(-2.16780997139,3.246991671296,0.40476042255)
  );
#5422 = ADVANCED_FACE('',(#5423),#5433,.F.);
#5423 = FACE_BOUND('',#5424,.T.);
#5424 = EDGE_LOOP('',(#5425,#5426,#5431,#5432));
#5425 = ORIENTED_EDGE('',*,*,#602,.T.);
#5426 = ORIENTED_EDGE('',*,*,#5427,.F.);
#5427 = EDGE_CURVE('',#5222,#594,#5428,.T.);
#5428 = B_SPLINE_CURVE_WITH_KNOTS('',1,(#5429,#5430),.UNSPECIFIED.,.F.,
  .F.,(2,2),(-0.,9.839368700902E-04),.PIECEWISE_BEZIER_KNOTS.);
#5429 = CARTESIAN_POINT('',(-2.167637285805,3.247975608167,
    0.380412298549));
#5430 = CARTESIAN_POINT('',(-2.167637285805,3.246991671296,
    0.380412298549));
#5431 = ORIENTED_EDGE('',*,*,#5221,.F.);
#5432 = ORIENTED_EDGE('',*,*,#5408,.T.);
#5433 = B_SPLINE_SURFACE_WITH_KNOTS('',1,1,(
    (#5434,#5435)
    ,(#5436,#5437
    )),.UNSPECIFIED.,.F.,.F.,.F.,(2,2),(2,2),(0.,2.43487363669E-02),(
    -9.839368700902E-04,0.),.PIECEWISE_BEZIER_KNOTS.);
#5434 = CARTESIAN_POINT('',(-2.167637285805,3.246991671296,
    0.380412298549));
#5435 = CARTESIAN_POINT('',(-2.167637285805,3.247975608167,
    0.380412298549));
#5436 = CARTESIAN_POINT('',(-2.16780997139,3.246991671296,0.40476042255)
  );
#5437 = CARTESIAN_POINT('',(-2.16780997139,3.247975608167,0.40476042255)
  );
#5438 = ADVANCED_FACE('',(#5439),#5449,.F.);
#5439 = FACE_BOUND('',#5440,.F.);
#5440 = EDGE_LOOP('',(#5441,#5442,#5443,#5448));
#5441 = ORIENTED_EDGE('',*,*,#5427,.F.);
#5442 = ORIENTED_EDGE('',*,*,#5228,.T.);
#5443 = ORIENTED_EDGE('',*,*,#5444,.T.);
#5444 = EDGE_CURVE('',#5229,#585,#5445,.T.);
#5445 = B_SPLINE_CURVE_WITH_KNOTS('',1,(#5446,#5447),.UNSPECIFIED.,.F.,
  .F.,(2,2),(-0.,9.839368700902E-04),.PIECEWISE_BEZIER_KNOTS.);
#5446 = CARTESIAN_POINT('',(-2.214614700326,3.247975608167,
    0.397369201735));
#5447 = CARTESIAN_POINT('',(-2.214614700326,3.246991671296,
    0.397369201735));
#5448 = ORIENTED_EDGE('',*,*,#593,.F.);
#5449 = B_SPLINE_SURFACE_WITH_KNOTS('',3,1,(
    (#5450,#5451)
    ,(#5452,#5453)
    ,(#5454,#5455)
    ,(#5456,#5457
    )),.UNSPECIFIED.,.F.,.F.,.F.,(4,4),(2,2),(12.,13.),(0.,1.),
  .PIECEWISE_BEZIER_KNOTS.);
#5450 = CARTESIAN_POINT('',(-2.167637285805,3.247975608167,
    0.380412298549));
#5451 = CARTESIAN_POINT('',(-2.167637285805,3.246991671296,
    0.380412298549));
#5452 = CARTESIAN_POINT('',(-2.181836369408,3.247975608167,
    0.391770110639));
#5453 = CARTESIAN_POINT('',(-2.181836369408,3.246991671296,
    0.391770110639));
#5454 = CARTESIAN_POINT('',(-2.197478940788,3.247975608167,
    0.397490734658));
#5455 = CARTESIAN_POINT('',(-2.197478940788,3.246991671296,
    0.397490734658));
#5456 = CARTESIAN_POINT('',(-2.214614700326,3.247975608167,
    0.397369201735));
#5457 = CARTESIAN_POINT('',(-2.214614700326,3.246991671296,
    0.397369201735));
#5458 = ADVANCED_FACE('',(#5459),#5469,.F.);
#5459 = FACE_BOUND('',#5460,.F.);
#5460 = EDGE_LOOP('',(#5461,#5462,#5463,#5468));
#5461 = ORIENTED_EDGE('',*,*,#5444,.F.);
#5462 = ORIENTED_EDGE('',*,*,#5237,.T.);
#5463 = ORIENTED_EDGE('',*,*,#5464,.T.);
#5464 = EDGE_CURVE('',#5238,#578,#5465,.T.);
#5465 = B_SPLINE_CURVE_WITH_KNOTS('',1,(#5466,#5467),.UNSPECIFIED.,.F.,
  .F.,(2,2),(-0.,9.839368700902E-04),.PIECEWISE_BEZIER_KNOTS.);
#5466 = CARTESIAN_POINT('',(-2.243318316384,3.247975608167,
    0.362176225146));
#5467 = CARTESIAN_POINT('',(-2.243318316384,3.246991671296,
    0.362176225146));
#5468 = ORIENTED_EDGE('',*,*,#584,.F.);
#5469 = B_SPLINE_SURFACE_WITH_KNOTS('',3,1,(
    (#5470,#5471)
    ,(#5472,#5473)
    ,(#5474,#5475)
    ,(#5476,#5477
    )),.UNSPECIFIED.,.F.,.F.,.F.,(4,4),(2,2),(11.,12.),(0.,1.),
  .PIECEWISE_BEZIER_KNOTS.);
#5470 = CARTESIAN_POINT('',(-2.214614700326,3.247975608167,
    0.397369201735));
#5471 = CARTESIAN_POINT('',(-2.214614700326,3.246991671296,
    0.397369201735));
#5472 = CARTESIAN_POINT('',(-2.233898823746,3.247975608167,0.39723243185
    ));
#5473 = CARTESIAN_POINT('',(-2.233898823746,3.246991671296,0.39723243185
    ));
#5474 = CARTESIAN_POINT('',(-2.243483746272,3.247975608167,
    0.385501318725));
#5475 = CARTESIAN_POINT('',(-2.243483746272,3.246991671296,
    0.385501318725));
#5476 = CARTESIAN_POINT('',(-2.243318316384,3.247975608167,
    0.362176225146));
#5477 = CARTESIAN_POINT('',(-2.243318316384,3.246991671296,
    0.362176225146));
#5478 = ADVANCED_FACE('',(#5479),#5489,.F.);
#5479 = FACE_BOUND('',#5480,.T.);
#5480 = EDGE_LOOP('',(#5481,#5482,#5487,#5488));
#5481 = ORIENTED_EDGE('',*,*,#577,.T.);
#5482 = ORIENTED_EDGE('',*,*,#5483,.F.);
#5483 = EDGE_CURVE('',#5247,#569,#5484,.T.);
#5484 = B_SPLINE_CURVE_WITH_KNOTS('',1,(#5485,#5486),.UNSPECIFIED.,.F.,
  .F.,(2,2),(-0.,9.839368700902E-04),.PIECEWISE_BEZIER_KNOTS.);
#5485 = CARTESIAN_POINT('',(-2.200922773948,3.247975608167,
    0.356543034558));
#5486 = CARTESIAN_POINT('',(-2.200922773948,3.246991671296,
    0.356543034558));
#5487 = ORIENTED_EDGE('',*,*,#5246,.F.);
#5488 = ORIENTED_EDGE('',*,*,#5464,.T.);
#5489 = B_SPLINE_SURFACE_WITH_KNOTS('',1,1,(
    (#5490,#5491)
    ,(#5492,#5493
    )),.UNSPECIFIED.,.F.,.F.,.F.,(2,2),(2,2),(0.,4.276815234119E-02),(
    -9.839368700902E-04,0.),.PIECEWISE_BEZIER_KNOTS.);
#5490 = CARTESIAN_POINT('',(-2.200922773948,3.246991671296,
    0.356543034558));
#5491 = CARTESIAN_POINT('',(-2.200922773948,3.247975608167,
    0.356543034558));
#5492 = CARTESIAN_POINT('',(-2.243318316384,3.246991671296,
    0.362176225146));
#5493 = CARTESIAN_POINT('',(-2.243318316384,3.247975608167,
    0.362176225146));
#5494 = ADVANCED_FACE('',(#5495),#5505,.F.);
#5495 = FACE_BOUND('',#5496,.F.);
#5496 = EDGE_LOOP('',(#5497,#5498,#5499,#5504));
#5497 = ORIENTED_EDGE('',*,*,#5483,.F.);
#5498 = ORIENTED_EDGE('',*,*,#5253,.T.);
#5499 = ORIENTED_EDGE('',*,*,#5500,.T.);
#5500 = EDGE_CURVE('',#5254,#560,#5501,.T.);
#5501 = B_SPLINE_CURVE_WITH_KNOTS('',1,(#5502,#5503),.UNSPECIFIED.,.F.,
  .F.,(2,2),(-0.,9.839368700902E-04),.PIECEWISE_BEZIER_KNOTS.);
#5502 = CARTESIAN_POINT('',(-2.153174454197,3.247975608167,
    0.310229148947));
#5503 = CARTESIAN_POINT('',(-2.153174454197,3.246991671296,
    0.310229148947));
#5504 = ORIENTED_EDGE('',*,*,#568,.F.);
#5505 = B_SPLINE_SURFACE_WITH_KNOTS('',3,1,(
    (#5506,#5507)
    ,(#5508,#5509)
    ,(#5510,#5511)
    ,(#5512,#5513
    )),.UNSPECIFIED.,.F.,.F.,.F.,(4,4),(2,2),(9.,10.),(0.,1.),
  .PIECEWISE_BEZIER_KNOTS.);
#5506 = CARTESIAN_POINT('',(-2.200922773948,3.247975608167,
    0.356543034558));
#5507 = CARTESIAN_POINT('',(-2.200922773948,3.246991671296,
    0.356543034558));
#5508 = CARTESIAN_POINT('',(-2.169279934469,3.247975608167,
    0.352368204783));
#5509 = CARTESIAN_POINT('',(-2.169279934469,3.246991671296,
    0.352368204783));
#5510 = CARTESIAN_POINT('',(-2.153363827885,3.247975608167,
    0.336930242913));
#5511 = CARTESIAN_POINT('',(-2.153363827885,3.246991671296,
    0.336930242913));
#5512 = CARTESIAN_POINT('',(-2.153174454197,3.247975608167,
    0.310229148947));
#5513 = CARTESIAN_POINT('',(-2.153174454197,3.246991671296,
    0.310229148947));
#5514 = ADVANCED_FACE('',(#5515),#5525,.F.);
#5515 = FACE_BOUND('',#5516,.F.);
#5516 = EDGE_LOOP('',(#5517,#5518,#5519,#5524));
#5517 = ORIENTED_EDGE('',*,*,#5500,.F.);
#5518 = ORIENTED_EDGE('',*,*,#5262,.T.);
#5519 = ORIENTED_EDGE('',*,*,#5520,.T.);
#5520 = EDGE_CURVE('',#5263,#551,#5521,.T.);
#5521 = B_SPLINE_CURVE_WITH_KNOTS('',1,(#5522,#5523),.UNSPECIFIED.,.F.,
  .F.,(2,2),(-0.,9.839368700902E-04),.PIECEWISE_BEZIER_KNOTS.);
#5522 = CARTESIAN_POINT('',(-2.165235325044,3.247975608167,
    0.279758077105));
#5523 = CARTESIAN_POINT('',(-2.165235325044,3.246991671296,
    0.279758077105));
#5524 = ORIENTED_EDGE('',*,*,#559,.F.);
#5525 = B_SPLINE_SURFACE_WITH_KNOTS('',3,1,(
    (#5526,#5527)
    ,(#5528,#5529)
    ,(#5530,#5531)
    ,(#5532,#5533
    )),.UNSPECIFIED.,.F.,.F.,.F.,(4,4),(2,2),(8.,9.),(0.,1.),
  .PIECEWISE_BEZIER_KNOTS.);
#5526 = CARTESIAN_POINT('',(-2.153174454197,3.247975608167,
    0.310229148947));
#5527 = CARTESIAN_POINT('',(-2.153174454197,3.246991671296,
    0.310229148947));
#5528 = CARTESIAN_POINT('',(-2.153083757987,3.247975608167,
    0.297441268695));
#5529 = CARTESIAN_POINT('',(-2.153083757987,3.246991671296,
    0.297441268695));
#5530 = CARTESIAN_POINT('',(-2.157104048269,3.247975608167,
    0.287284244747));
#5531 = CARTESIAN_POINT('',(-2.157104048269,3.246991671296,
    0.287284244747));
#5532 = CARTESIAN_POINT('',(-2.165235325044,3.247975608167,
    0.279758077105));
#5533 = CARTESIAN_POINT('',(-2.165235325044,3.246991671296,
    0.279758077105));
#5534 = ADVANCED_FACE('',(#5535),#5545,.F.);
#5535 = FACE_BOUND('',#5536,.F.);
#5536 = EDGE_LOOP('',(#5537,#5538,#5539,#5544));
#5537 = ORIENTED_EDGE('',*,*,#5520,.F.);
#5538 = ORIENTED_EDGE('',*,*,#5271,.T.);
#5539 = ORIENTED_EDGE('',*,*,#5540,.T.);
#5540 = EDGE_CURVE('',#5272,#542,#5541,.T.);
#5541 = B_SPLINE_CURVE_WITH_KNOTS('',1,(#5542,#5543),.UNSPECIFIED.,.F.,
  .F.,(2,2),(-0.,9.839368700902E-04),.PIECEWISE_BEZIER_KNOTS.);
#5542 = CARTESIAN_POINT('',(-2.198199394949,3.247975608167,
    0.268270383476));
#5543 = CARTESIAN_POINT('',(-2.198199394949,3.246991671296,
    0.268270383476));
#5544 = ORIENTED_EDGE('',*,*,#550,.F.);
#5545 = B_SPLINE_SURFACE_WITH_KNOTS('',3,1,(
    (#5546,#5547)
    ,(#5548,#5549)
    ,(#5550,#5551)
    ,(#5552,#5553
    )),.UNSPECIFIED.,.F.,.F.,.F.,(4,4),(2,2),(7.,8.),(0.,1.),
  .PIECEWISE_BEZIER_KNOTS.);
#5546 = CARTESIAN_POINT('',(-2.165235325044,3.247975608167,
    0.279758077105));
#5547 = CARTESIAN_POINT('',(-2.165235325044,3.246991671296,
    0.279758077105));
#5548 = CARTESIAN_POINT('',(-2.173366601817,3.247975608167,
    0.272231909464));
#5549 = CARTESIAN_POINT('',(-2.173366601817,3.246991671296,
    0.272231909464));
#5550 = CARTESIAN_POINT('',(-2.184337332756,3.247975608167,
    0.268368698168));
#5551 = CARTESIAN_POINT('',(-2.184337332756,3.246991671296,
    0.268368698168));
#5552 = CARTESIAN_POINT('',(-2.198199394949,3.247975608167,
    0.268270383476));
#5553 = CARTESIAN_POINT('',(-2.198199394949,3.246991671296,
    0.268270383476));
#5554 = ADVANCED_FACE('',(#5555),#5565,.F.);
#5555 = FACE_BOUND('',#5556,.F.);
#5556 = EDGE_LOOP('',(#5557,#5558,#5559,#5564));
#5557 = ORIENTED_EDGE('',*,*,#5540,.F.);
#5558 = ORIENTED_EDGE('',*,*,#5280,.T.);
#5559 = ORIENTED_EDGE('',*,*,#5560,.T.);
#5560 = EDGE_CURVE('',#5281,#535,#5561,.T.);
#5561 = B_SPLINE_CURVE_WITH_KNOTS('',1,(#5562,#5563),.UNSPECIFIED.,.F.,
  .F.,(2,2),(-0.,9.839368700902E-04),.PIECEWISE_BEZIER_KNOTS.);
#5562 = CARTESIAN_POINT('',(-2.242165763783,3.247975608167,
    0.293433297113));
#5563 = CARTESIAN_POINT('',(-2.242165763783,3.246991671296,
    0.293433297113));
#5564 = ORIENTED_EDGE('',*,*,#541,.F.);
#5565 = B_SPLINE_SURFACE_WITH_KNOTS('',3,1,(
    (#5566,#5567)
    ,(#5568,#5569)
    ,(#5570,#5571)
    ,(#5572,#5573
    )),.UNSPECIFIED.,.F.,.F.,.F.,(4,4),(2,2),(6.,7.),(0.,1.),
  .PIECEWISE_BEZIER_KNOTS.);
#5566 = CARTESIAN_POINT('',(-2.198199394949,3.247975608167,
    0.268270383476));
#5567 = CARTESIAN_POINT('',(-2.198199394949,3.246991671296,
    0.268270383476));
#5568 = CARTESIAN_POINT('',(-2.217483518369,3.247975608167,
    0.268133613591));
#5569 = CARTESIAN_POINT('',(-2.217483518369,3.246991671296,
    0.268133613591));
#5570 = CARTESIAN_POINT('',(-2.232173075662,3.247975608167,
    0.276521009613));
#5571 = CARTESIAN_POINT('',(-2.232173075662,3.246991671296,
    0.276521009613));
#5572 = CARTESIAN_POINT('',(-2.242165763783,3.247975608167,
    0.293433297113));
#5573 = CARTESIAN_POINT('',(-2.242165763783,3.246991671296,
    0.293433297113));
#5574 = ADVANCED_FACE('',(#5575),#5585,.F.);
#5575 = FACE_BOUND('',#5576,.T.);
#5576 = EDGE_LOOP('',(#5577,#5578,#5583,#5584));
#5577 = ORIENTED_EDGE('',*,*,#534,.T.);
#5578 = ORIENTED_EDGE('',*,*,#5579,.F.);
#5579 = EDGE_CURVE('',#5290,#528,#5580,.T.);
#5580 = B_SPLINE_CURVE_WITH_KNOTS('',1,(#5581,#5582),.UNSPECIFIED.,.F.,
  .F.,(2,2),(-0.,9.839368700902E-04),.PIECEWISE_BEZIER_KNOTS.);
#5581 = CARTESIAN_POINT('',(-2.242830733556,3.247975608167,0.29342858091
    ));
#5582 = CARTESIAN_POINT('',(-2.242830733556,3.246991671296,0.29342858091
    ));
#5583 = ORIENTED_EDGE('',*,*,#5289,.F.);
#5584 = ORIENTED_EDGE('',*,*,#5560,.T.);
#5585 = B_SPLINE_SURFACE_WITH_KNOTS('',1,1,(
    (#5586,#5587)
    ,(#5588,#5589
    )),.UNSPECIFIED.,.F.,.F.,.F.,(2,2),(2,2),(-4.373321288446E-16,
    6.649864973135E-04),(-9.839368700902E-04,0.),
  .PIECEWISE_BEZIER_KNOTS.);
#5586 = CARTESIAN_POINT('',(-2.242830733556,3.246991671296,0.29342858091
    ));
#5587 = CARTESIAN_POINT('',(-2.242830733556,3.247975608167,0.29342858091
    ));
#5588 = CARTESIAN_POINT('',(-2.242165763783,3.246991671296,
    0.293433297113));
#5589 = CARTESIAN_POINT('',(-2.242165763783,3.247975608167,
    0.293433297113));
#5590 = ADVANCED_FACE('',(#5591),#5601,.F.);
#5591 = FACE_BOUND('',#5592,.T.);
#5592 = EDGE_LOOP('',(#5593,#5594,#5599,#5600));
#5593 = ORIENTED_EDGE('',*,*,#527,.T.);
#5594 = ORIENTED_EDGE('',*,*,#5595,.F.);
#5595 = EDGE_CURVE('',#5297,#521,#5596,.T.);
#5596 = B_SPLINE_CURVE_WITH_KNOTS('',1,(#5597,#5598),.UNSPECIFIED.,.F.,
  .F.,(2,2),(-0.,9.839368700902E-04),.PIECEWISE_BEZIER_KNOTS.);
#5597 = CARTESIAN_POINT('',(-2.242674010505,3.247975608167,
    0.271331123835));
#5598 = CARTESIAN_POINT('',(-2.242674010505,3.246991671296,
    0.271331123835));
#5599 = ORIENTED_EDGE('',*,*,#5296,.F.);
#5600 = ORIENTED_EDGE('',*,*,#5579,.T.);
#5601 = B_SPLINE_SURFACE_WITH_KNOTS('',1,1,(
    (#5602,#5603)
    ,(#5604,#5605
    )),.UNSPECIFIED.,.F.,.F.,.F.,(2,2),(2,2),(0.,2.209801283574E-02),(
    -9.839368700902E-04,0.),.PIECEWISE_BEZIER_KNOTS.);
#5602 = CARTESIAN_POINT('',(-2.242674010505,3.246991671296,
    0.271331123835));
#5603 = CARTESIAN_POINT('',(-2.242674010505,3.247975608167,
    0.271331123835));
#5604 = CARTESIAN_POINT('',(-2.242830733556,3.246991671296,0.29342858091
    ));
#5605 = CARTESIAN_POINT('',(-2.242830733556,3.247975608167,0.29342858091
    ));
#5606 = ADVANCED_FACE('',(#5607),#5617,.F.);
#5607 = FACE_BOUND('',#5608,.T.);
#5608 = EDGE_LOOP('',(#5609,#5610,#5615,#5616));
#5609 = ORIENTED_EDGE('',*,*,#520,.T.);
#5610 = ORIENTED_EDGE('',*,*,#5611,.F.);
#5611 = EDGE_CURVE('',#5304,#514,#5612,.T.);
#5612 = B_SPLINE_CURVE_WITH_KNOTS('',1,(#5613,#5614),.UNSPECIFIED.,.F.,
  .F.,(2,2),(-0.,9.839368700902E-04),.PIECEWISE_BEZIER_KNOTS.);
#5613 = CARTESIAN_POINT('',(-2.267738255799,3.247975608167,
    0.271153359263));
#5614 = CARTESIAN_POINT('',(-2.267738255799,3.246991671296,
    0.271153359263));
#5615 = ORIENTED_EDGE('',*,*,#5303,.F.);
#5616 = ORIENTED_EDGE('',*,*,#5595,.T.);
#5617 = B_SPLINE_SURFACE_WITH_KNOTS('',1,1,(
    (#5618,#5619)
    ,(#5620,#5621
    )),.UNSPECIFIED.,.F.,.F.,.F.,(2,2),(2,2),(0.,2.506487567097E-02),(
    -9.839368700902E-04,0.),.PIECEWISE_BEZIER_KNOTS.);
#5618 = CARTESIAN_POINT('',(-2.267738255799,3.246991671296,
    0.271153359263));
#5619 = CARTESIAN_POINT('',(-2.267738255799,3.247975608167,
    0.271153359263));
#5620 = CARTESIAN_POINT('',(-2.242674010505,3.246991671296,
    0.271331123835));
#5621 = CARTESIAN_POINT('',(-2.242674010505,3.247975608167,
    0.271331123835));
#5622 = ADVANCED_FACE('',(#5623),#5633,.F.);
#5623 = FACE_BOUND('',#5624,.T.);
#5624 = EDGE_LOOP('',(#5625,#5626,#5631,#5632));
#5625 = ORIENTED_EDGE('',*,*,#513,.T.);
#5626 = ORIENTED_EDGE('',*,*,#5627,.F.);
#5627 = EDGE_CURVE('',#5311,#505,#5628,.T.);
#5628 = B_SPLINE_CURVE_WITH_KNOTS('',1,(#5629,#5630),.UNSPECIFIED.,.F.,
  .F.,(2,2),(-0.,9.839368700902E-04),.PIECEWISE_BEZIER_KNOTS.);
#5629 = CARTESIAN_POINT('',(-2.268390542945,3.247975608167,
    0.363123794034));
#5630 = CARTESIAN_POINT('',(-2.268390542945,3.246991671296,
    0.363123794034));
#5631 = ORIENTED_EDGE('',*,*,#5310,.F.);
#5632 = ORIENTED_EDGE('',*,*,#5611,.T.);
#5633 = B_SPLINE_SURFACE_WITH_KNOTS('',1,1,(
    (#5634,#5635)
    ,(#5636,#5637
    )),.UNSPECIFIED.,.F.,.F.,.F.,(2,2),(2,2),(0.,9.197274786875E-02),(
    -9.839368700902E-04,0.),.PIECEWISE_BEZIER_KNOTS.);
#5634 = CARTESIAN_POINT('',(-2.268390542945,3.246991671296,
    0.363123794034));
#5635 = CARTESIAN_POINT('',(-2.268390542945,3.247975608167,
    0.363123794034));
#5636 = CARTESIAN_POINT('',(-2.267738255799,3.246991671296,
    0.271153359263));
#5637 = CARTESIAN_POINT('',(-2.267738255799,3.247975608167,
    0.271153359263));
#5638 = ADVANCED_FACE('',(#5639),#5645,.F.);
#5639 = FACE_BOUND('',#5640,.F.);
#5640 = EDGE_LOOP('',(#5641,#5642,#5643,#5644));
#5641 = ORIENTED_EDGE('',*,*,#5627,.F.);
#5642 = ORIENTED_EDGE('',*,*,#5317,.T.);
#5643 = ORIENTED_EDGE('',*,*,#5402,.T.);
#5644 = ORIENTED_EDGE('',*,*,#504,.F.);
#5645 = B_SPLINE_SURFACE_WITH_KNOTS('',3,1,(
    (#5646,#5647)
    ,(#5648,#5649)
    ,(#5650,#5651)
    ,(#5652,#5653
    )),.UNSPECIFIED.,.F.,.F.,.F.,(4,4),(2,2),(1.,2.),(0.,1.),
  .PIECEWISE_BEZIER_KNOTS.);
#5646 = CARTESIAN_POINT('',(-2.268390542945,3.247975608167,
    0.363123794034));
#5647 = CARTESIAN_POINT('',(-2.268390542945,3.246991671296,
    0.363123794034));
#5648 = CARTESIAN_POINT('',(-2.268647394613,3.247975608167,
    0.399339070909));
#5649 = CARTESIAN_POINT('',(-2.268647394613,3.246991671296,
    0.399339070909));
#5650 = CARTESIAN_POINT('',(-2.251537032297,3.247975608167,
    0.417466664795));
#5651 = CARTESIAN_POINT('',(-2.251537032297,3.246991671296,
    0.417466664795));
#5652 = CARTESIAN_POINT('',(-2.217112058659,3.247975608167,
    0.417710818994));
#5653 = CARTESIAN_POINT('',(-2.217112058659,3.246991671296,
    0.417710818994));
#5654 = ADVANCED_FACE('',(#5655),#5679,.T.);
#5655 = FACE_BOUND('',#5656,.T.);
#5656 = EDGE_LOOP('',(#5657,#5668,#5673,#5674));
#5657 = ORIENTED_EDGE('',*,*,#5658,.F.);
#5658 = EDGE_CURVE('',#5659,#5661,#5663,.T.);
#5659 = VERTEX_POINT('',#5660);
#5660 = CARTESIAN_POINT('',(-2.209697615048,3.246991671296,
    0.338781483726));
#5661 = VERTEX_POINT('',#5662);
#5662 = CARTESIAN_POINT('',(-2.185389395097,3.246991671296,
    0.330155382127));
#5663 = B_SPLINE_CURVE_WITH_KNOTS('',3,(#5664,#5665,#5666,#5667),
  .UNSPECIFIED.,.F.,.F.,(4,4),(0.,1.),.PIECEWISE_BEZIER_KNOTS.);
#5664 = CARTESIAN_POINT('',(-2.209697615048,3.246991671296,
    0.338781483726));
#5665 = CARTESIAN_POINT('',(-2.197972307622,3.246991671296,
    0.337227712782));
#5666 = CARTESIAN_POINT('',(-2.189870051352,3.246991671296,
    0.334420547611));
#5667 = CARTESIAN_POINT('',(-2.185389395097,3.246991671296,
    0.330155382127));
#5668 = ORIENTED_EDGE('',*,*,#5669,.F.);
#5669 = EDGE_CURVE('',#5338,#5659,#5670,.T.);
#5670 = B_SPLINE_CURVE_WITH_KNOTS('',1,(#5671,#5672),.UNSPECIFIED.,.F.,
  .F.,(2,2),(-0.,9.839368700902E-04),.PIECEWISE_BEZIER_KNOTS.);
#5671 = CARTESIAN_POINT('',(-2.209697615048,3.247975608167,
    0.338781483726));
#5672 = CARTESIAN_POINT('',(-2.209697615048,3.246991671296,
    0.338781483726));
#5673 = ORIENTED_EDGE('',*,*,#5337,.T.);
#5674 = ORIENTED_EDGE('',*,*,#5675,.T.);
#5675 = EDGE_CURVE('',#5327,#5661,#5676,.T.);
#5676 = B_SPLINE_CURVE_WITH_KNOTS('',1,(#5677,#5678),.UNSPECIFIED.,.F.,
  .F.,(2,2),(-0.,9.839368700902E-04),.PIECEWISE_BEZIER_KNOTS.);
#5677 = CARTESIAN_POINT('',(-2.185389395097,3.247975608167,
    0.330155382127));
#5678 = CARTESIAN_POINT('',(-2.185389395097,3.246991671296,
    0.330155382127));
#5679 = B_SPLINE_SURFACE_WITH_KNOTS('',3,1,(
    (#5680,#5681)
    ,(#5682,#5683)
    ,(#5684,#5685)
    ,(#5686,#5687
    )),.UNSPECIFIED.,.F.,.F.,.F.,(4,4),(2,2),(0.,1.),(0.,1.),
  .PIECEWISE_BEZIER_KNOTS.);
#5680 = CARTESIAN_POINT('',(-2.209697615048,3.247975608167,
    0.338781483726));
#5681 = CARTESIAN_POINT('',(-2.209697615048,3.246991671296,
    0.338781483726));
#5682 = CARTESIAN_POINT('',(-2.197972307622,3.247975608167,
    0.337227712782));
#5683 = CARTESIAN_POINT('',(-2.197972307622,3.246991671296,
    0.337227712782));
#5684 = CARTESIAN_POINT('',(-2.189870051352,3.247975608167,
    0.334420547611));
#5685 = CARTESIAN_POINT('',(-2.189870051352,3.246991671296,
    0.334420547611));
#5686 = CARTESIAN_POINT('',(-2.185389395097,3.247975608167,
    0.330155382127));
#5687 = CARTESIAN_POINT('',(-2.185389395097,3.246991671296,
    0.330155382127));
#5688 = ADVANCED_FACE('',(#5689),#5707,.T.);
#5689 = FACE_BOUND('',#5690,.T.);
#5690 = EDGE_LOOP('',(#5691,#5700,#5701,#5702));
#5691 = ORIENTED_EDGE('',*,*,#5692,.F.);
#5692 = EDGE_CURVE('',#5661,#5693,#5695,.T.);
#5693 = VERTEX_POINT('',#5694);
#5694 = CARTESIAN_POINT('',(-2.178611271532,3.246991671296,0.31209490572
    ));
#5695 = B_SPLINE_CURVE_WITH_KNOTS('',3,(#5696,#5697,#5698,#5699),
  .UNSPECIFIED.,.F.,.F.,(4,4),(1.,2.),.PIECEWISE_BEZIER_KNOTS.);
#5696 = CARTESIAN_POINT('',(-2.185389395097,3.246991671296,
    0.330155382127));
#5697 = CARTESIAN_POINT('',(-2.180959890364,3.246991671296,0.32588985386
    ));
#5698 = CARTESIAN_POINT('',(-2.178666414828,3.246991671296,
    0.319869936914));
#5699 = CARTESIAN_POINT('',(-2.178611271532,3.246991671296,0.31209490572
    ));
#5700 = ORIENTED_EDGE('',*,*,#5675,.F.);
#5701 = ORIENTED_EDGE('',*,*,#5326,.T.);
#5702 = ORIENTED_EDGE('',*,*,#5703,.T.);
#5703 = EDGE_CURVE('',#5329,#5693,#5704,.T.);
#5704 = B_SPLINE_CURVE_WITH_KNOTS('',1,(#5705,#5706),.UNSPECIFIED.,.F.,
  .F.,(2,2),(-0.,9.839368700902E-04),.PIECEWISE_BEZIER_KNOTS.);
#5705 = CARTESIAN_POINT('',(-2.178611271532,3.247975608167,0.31209490572
    ));
#5706 = CARTESIAN_POINT('',(-2.178611271532,3.246991671296,0.31209490572
    ));
#5707 = B_SPLINE_SURFACE_WITH_KNOTS('',3,1,(
    (#5708,#5709)
    ,(#5710,#5711)
    ,(#5712,#5713)
    ,(#5714,#5715
    )),.UNSPECIFIED.,.F.,.F.,.F.,(4,4),(2,2),(1.,2.),(0.,1.),
  .PIECEWISE_BEZIER_KNOTS.);
#5708 = CARTESIAN_POINT('',(-2.185389395097,3.247975608167,
    0.330155382127));
#5709 = CARTESIAN_POINT('',(-2.185389395097,3.246991671296,
    0.330155382127));
#5710 = CARTESIAN_POINT('',(-2.180959890364,3.247975608167,0.32588985386
    ));
#5711 = CARTESIAN_POINT('',(-2.180959890364,3.246991671296,0.32588985386
    ));
#5712 = CARTESIAN_POINT('',(-2.178666414828,3.247975608167,
    0.319869936914));
#5713 = CARTESIAN_POINT('',(-2.178666414828,3.246991671296,
    0.319869936914));
#5714 = CARTESIAN_POINT('',(-2.178611271532,3.247975608167,0.31209490572
    ));
#5715 = CARTESIAN_POINT('',(-2.178611271532,3.246991671296,0.31209490572
    ));
#5716 = ADVANCED_FACE('',(#5717),#5735,.T.);
#5717 = FACE_BOUND('',#5718,.T.);
#5718 = EDGE_LOOP('',(#5719,#5728,#5729,#5730));
#5719 = ORIENTED_EDGE('',*,*,#5720,.F.);
#5720 = EDGE_CURVE('',#5693,#5721,#5723,.T.);
#5721 = VERTEX_POINT('',#5722);
#5722 = CARTESIAN_POINT('',(-2.185756519657,3.246991671296,
    0.295367994424));
#5723 = B_SPLINE_CURVE_WITH_KNOTS('',3,(#5724,#5725,#5726,#5727),
  .UNSPECIFIED.,.F.,.F.,(4,4),(2.,3.),.PIECEWISE_BEZIER_KNOTS.);
#5724 = CARTESIAN_POINT('',(-2.178611271532,3.246991671296,0.31209490572
    ));
#5725 = CARTESIAN_POINT('',(-2.178562658364,3.246991671296,
    0.305240601906));
#5726 = CARTESIAN_POINT('',(-2.180927599088,3.246991671296,
    0.299699186749));
#5727 = CARTESIAN_POINT('',(-2.185756519657,3.246991671296,
    0.295367994424));
#5728 = ORIENTED_EDGE('',*,*,#5703,.F.);
#5729 = ORIENTED_EDGE('',*,*,#5387,.T.);
#5730 = ORIENTED_EDGE('',*,*,#5731,.T.);
#5731 = EDGE_CURVE('',#5379,#5721,#5732,.T.);
#5732 = B_SPLINE_CURVE_WITH_KNOTS('',1,(#5733,#5734),.UNSPECIFIED.,.F.,
  .F.,(2,2),(-0.,9.839368700902E-04),.PIECEWISE_BEZIER_KNOTS.);
#5733 = CARTESIAN_POINT('',(-2.185756519657,3.247975608167,
    0.295367994424));
#5734 = CARTESIAN_POINT('',(-2.185756519657,3.246991671296,
    0.295367994424));
#5735 = B_SPLINE_SURFACE_WITH_KNOTS('',3,1,(
    (#5736,#5737)
    ,(#5738,#5739)
    ,(#5740,#5741)
    ,(#5742,#5743
    )),.UNSPECIFIED.,.F.,.F.,.F.,(4,4),(2,2),(2.,3.),(0.,1.),
  .PIECEWISE_BEZIER_KNOTS.);
#5736 = CARTESIAN_POINT('',(-2.178611271532,3.247975608167,0.31209490572
    ));
#5737 = CARTESIAN_POINT('',(-2.178611271532,3.246991671296,0.31209490572
    ));
#5738 = CARTESIAN_POINT('',(-2.178562658364,3.247975608167,
    0.305240601906));
#5739 = CARTESIAN_POINT('',(-2.178562658364,3.246991671296,
    0.305240601906));
#5740 = CARTESIAN_POINT('',(-2.180927599088,3.247975608167,
    0.299699186749));
#5741 = CARTESIAN_POINT('',(-2.180927599088,3.246991671296,
    0.299699186749));
#5742 = CARTESIAN_POINT('',(-2.185756519657,3.247975608167,
    0.295367994424));
#5743 = CARTESIAN_POINT('',(-2.185756519657,3.246991671296,
    0.295367994424));
#5744 = ADVANCED_FACE('',(#5745),#5763,.T.);
#5745 = FACE_BOUND('',#5746,.T.);
#5746 = EDGE_LOOP('',(#5747,#5756,#5757,#5758));
#5747 = ORIENTED_EDGE('',*,*,#5748,.F.);
#5748 = EDGE_CURVE('',#5721,#5749,#5751,.T.);
#5749 = VERTEX_POINT('',#5750);
#5750 = CARTESIAN_POINT('',(-2.204841477624,3.246991671296,
    0.288787221246));
#5751 = B_SPLINE_CURVE_WITH_KNOTS('',3,(#5752,#5753,#5754,#5755),
  .UNSPECIFIED.,.F.,.F.,(4,4),(3.,4.),.PIECEWISE_BEZIER_KNOTS.);
#5752 = CARTESIAN_POINT('',(-2.185756519657,3.246991671296,
    0.295367994424));
#5753 = CARTESIAN_POINT('',(-2.190534288705,3.246991671296,
    0.291037164885));
#5754 = CARTESIAN_POINT('',(-2.196912991867,3.246991671296,
    0.288843452897));
#5755 = CARTESIAN_POINT('',(-2.204841477624,3.246991671296,
    0.288787221246));
#5756 = ORIENTED_EDGE('',*,*,#5731,.F.);
#5757 = ORIENTED_EDGE('',*,*,#5378,.T.);
#5758 = ORIENTED_EDGE('',*,*,#5759,.T.);
#5759 = EDGE_CURVE('',#5370,#5749,#5760,.T.);
#5760 = B_SPLINE_CURVE_WITH_KNOTS('',1,(#5761,#5762),.UNSPECIFIED.,.F.,
  .F.,(2,2),(-0.,9.839368700902E-04),.PIECEWISE_BEZIER_KNOTS.);
#5761 = CARTESIAN_POINT('',(-2.204841477624,3.247975608167,
    0.288787221246));
#5762 = CARTESIAN_POINT('',(-2.204841477624,3.246991671296,
    0.288787221246));
#5763 = B_SPLINE_SURFACE_WITH_KNOTS('',3,1,(
    (#5764,#5765)
    ,(#5766,#5767)
    ,(#5768,#5769)
    ,(#5770,#5771
    )),.UNSPECIFIED.,.F.,.F.,.F.,(4,4),(2,2),(3.,4.),(0.,1.),
  .PIECEWISE_BEZIER_KNOTS.);
#5764 = CARTESIAN_POINT('',(-2.185756519657,3.247975608167,
    0.295367994424));
#5765 = CARTESIAN_POINT('',(-2.185756519657,3.246991671296,
    0.295367994424));
#5766 = CARTESIAN_POINT('',(-2.190534288705,3.247975608167,
    0.291037164885));
#5767 = CARTESIAN_POINT('',(-2.190534288705,3.246991671296,
    0.291037164885));
#5768 = CARTESIAN_POINT('',(-2.196912991867,3.247975608167,
    0.288843452897));
#5769 = CARTESIAN_POINT('',(-2.196912991867,3.246991671296,
    0.288843452897));
#5770 = CARTESIAN_POINT('',(-2.204841477624,3.247975608167,
    0.288787221246));
#5771 = CARTESIAN_POINT('',(-2.204841477624,3.246991671296,
    0.288787221246));
#5772 = ADVANCED_FACE('',(#5773),#5791,.T.);
#5773 = FACE_BOUND('',#5774,.T.);
#5774 = EDGE_LOOP('',(#5775,#5784,#5785,#5786));
#5775 = ORIENTED_EDGE('',*,*,#5776,.F.);
#5776 = EDGE_CURVE('',#5749,#5777,#5779,.T.);
#5777 = VERTEX_POINT('',#5778);
#5778 = CARTESIAN_POINT('',(-2.232136801744,3.246991671296,
    0.300256766501));
#5779 = B_SPLINE_CURVE_WITH_KNOTS('',3,(#5780,#5781,#5782,#5783),
  .UNSPECIFIED.,.F.,.F.,(4,4),(4.,5.),.PIECEWISE_BEZIER_KNOTS.);
#5780 = CARTESIAN_POINT('',(-2.204841477624,3.246991671296,
    0.288787221246));
#5781 = CARTESIAN_POINT('',(-2.21583905464,3.246991671296,0.288709222505
    ));
#5782 = CARTESIAN_POINT('',(-2.224971597028,3.246991671296,0.2925321624)
  );
#5783 = CARTESIAN_POINT('',(-2.232136801744,3.246991671296,
    0.300256766501));
#5784 = ORIENTED_EDGE('',*,*,#5759,.F.);
#5785 = ORIENTED_EDGE('',*,*,#5369,.T.);
#5786 = ORIENTED_EDGE('',*,*,#5787,.T.);
#5787 = EDGE_CURVE('',#5361,#5777,#5788,.T.);
#5788 = B_SPLINE_CURVE_WITH_KNOTS('',1,(#5789,#5790),.UNSPECIFIED.,.F.,
  .F.,(2,2),(-0.,9.839368700902E-04),.PIECEWISE_BEZIER_KNOTS.);
#5789 = CARTESIAN_POINT('',(-2.232136801744,3.247975608167,
    0.300256766501));
#5790 = CARTESIAN_POINT('',(-2.232136801744,3.246991671296,
    0.300256766501));
#5791 = B_SPLINE_SURFACE_WITH_KNOTS('',3,1,(
    (#5792,#5793)
    ,(#5794,#5795)
    ,(#5796,#5797)
    ,(#5798,#5799
    )),.UNSPECIFIED.,.F.,.F.,.F.,(4,4),(2,2),(4.,5.),(0.,1.),
  .PIECEWISE_BEZIER_KNOTS.);
#5792 = CARTESIAN_POINT('',(-2.204841477624,3.247975608167,
    0.288787221246));
#5793 = CARTESIAN_POINT('',(-2.204841477624,3.246991671296,
    0.288787221246));
#5794 = CARTESIAN_POINT('',(-2.21583905464,3.247975608167,0.288709222505
    ));
#5795 = CARTESIAN_POINT('',(-2.21583905464,3.246991671296,0.288709222505
    ));
#5796 = CARTESIAN_POINT('',(-2.224971597028,3.247975608167,0.2925321624)
  );
#5797 = CARTESIAN_POINT('',(-2.224971597028,3.246991671296,0.2925321624)
  );
#5798 = CARTESIAN_POINT('',(-2.232136801744,3.247975608167,
    0.300256766501));
#5799 = CARTESIAN_POINT('',(-2.232136801744,3.246991671296,
    0.300256766501));
#5800 = ADVANCED_FACE('',(#5801),#5819,.T.);
#5801 = FACE_BOUND('',#5802,.T.);
#5802 = EDGE_LOOP('',(#5803,#5812,#5813,#5814));
#5803 = ORIENTED_EDGE('',*,*,#5804,.F.);
#5804 = EDGE_CURVE('',#5777,#5805,#5807,.T.);
#5805 = VERTEX_POINT('',#5806);
#5806 = CARTESIAN_POINT('',(-2.243085408515,3.246991671296,
    0.329336948658));
#5807 = B_SPLINE_CURVE_WITH_KNOTS('',3,(#5808,#5809,#5810,#5811),
  .UNSPECIFIED.,.F.,.F.,(4,4),(5.,6.),.PIECEWISE_BEZIER_KNOTS.);
#5808 = CARTESIAN_POINT('',(-2.232136801744,3.246991671296,
    0.300256766501));
#5809 = CARTESIAN_POINT('',(-2.239352432411,3.246991671296,
    0.307878704773));
#5810 = CARTESIAN_POINT('',(-2.243001968002,3.246991671296,
    0.317572098826));
#5811 = CARTESIAN_POINT('',(-2.243085408515,3.246991671296,
    0.329336948658));
#5812 = ORIENTED_EDGE('',*,*,#5787,.F.);
#5813 = ORIENTED_EDGE('',*,*,#5360,.T.);
#5814 = ORIENTED_EDGE('',*,*,#5815,.T.);
#5815 = EDGE_CURVE('',#5354,#5805,#5816,.T.);
#5816 = B_SPLINE_CURVE_WITH_KNOTS('',1,(#5817,#5818),.UNSPECIFIED.,.F.,
  .F.,(2,2),(-0.,9.839368700902E-04),.PIECEWISE_BEZIER_KNOTS.);
#5817 = CARTESIAN_POINT('',(-2.243085408515,3.247975608167,
    0.329336948658));
#5818 = CARTESIAN_POINT('',(-2.243085408515,3.246991671296,
    0.329336948658));
#5819 = B_SPLINE_SURFACE_WITH_KNOTS('',3,1,(
    (#5820,#5821)
    ,(#5822,#5823)
    ,(#5824,#5825)
    ,(#5826,#5827
    )),.UNSPECIFIED.,.F.,.F.,.F.,(4,4),(2,2),(5.,6.),(0.,1.),
  .PIECEWISE_BEZIER_KNOTS.);
#5820 = CARTESIAN_POINT('',(-2.232136801744,3.247975608167,
    0.300256766501));
#5821 = CARTESIAN_POINT('',(-2.232136801744,3.246991671296,
    0.300256766501));
#5822 = CARTESIAN_POINT('',(-2.239352432411,3.247975608167,
    0.307878704773));
#5823 = CARTESIAN_POINT('',(-2.239352432411,3.246991671296,
    0.307878704773));
#5824 = CARTESIAN_POINT('',(-2.243001968002,3.247975608167,
    0.317572098826));
#5825 = CARTESIAN_POINT('',(-2.243001968002,3.246991671296,
    0.317572098826));
#5826 = CARTESIAN_POINT('',(-2.243085408515,3.247975608167,
    0.329336948658));
#5827 = CARTESIAN_POINT('',(-2.243085408515,3.246991671296,
    0.329336948658));
#5828 = ADVANCED_FACE('',(#5829),#5845,.T.);
#5829 = FACE_BOUND('',#5830,.T.);
#5830 = EDGE_LOOP('',(#5831,#5838,#5839,#5840));
#5831 = ORIENTED_EDGE('',*,*,#5832,.F.);
#5832 = EDGE_CURVE('',#5805,#5833,#5835,.T.);
#5833 = VERTEX_POINT('',#5834);
#5834 = CARTESIAN_POINT('',(-2.243182634853,3.246991671296,
    0.343045556289));
#5835 = B_SPLINE_CURVE_WITH_KNOTS('',1,(#5836,#5837),.UNSPECIFIED.,.F.,
  .F.,(2,2),(0.,1.370895240849E-02),.PIECEWISE_BEZIER_KNOTS.);
#5836 = CARTESIAN_POINT('',(-2.243085408515,3.246991671296,
    0.329336948658));
#5837 = CARTESIAN_POINT('',(-2.243182634853,3.246991671296,
    0.343045556289));
#5838 = ORIENTED_EDGE('',*,*,#5815,.F.);
#5839 = ORIENTED_EDGE('',*,*,#5353,.T.);
#5840 = ORIENTED_EDGE('',*,*,#5841,.T.);
#5841 = EDGE_CURVE('',#5347,#5833,#5842,.T.);
#5842 = B_SPLINE_CURVE_WITH_KNOTS('',1,(#5843,#5844),.UNSPECIFIED.,.F.,
  .F.,(2,2),(-0.,9.839368700902E-04),.PIECEWISE_BEZIER_KNOTS.);
#5843 = CARTESIAN_POINT('',(-2.243182634853,3.247975608167,
    0.343045556289));
#5844 = CARTESIAN_POINT('',(-2.243182634853,3.246991671296,
    0.343045556289));
#5845 = B_SPLINE_SURFACE_WITH_KNOTS('',1,1,(
    (#5846,#5847)
    ,(#5848,#5849
    )),.UNSPECIFIED.,.F.,.F.,.F.,(2,2),(2,2),(-1.370895240849E-02,0.),(
    -9.839368700902E-04,0.),.PIECEWISE_BEZIER_KNOTS.);
#5846 = CARTESIAN_POINT('',(-2.243182634853,3.246991671296,
    0.343045556289));
#5847 = CARTESIAN_POINT('',(-2.243182634853,3.247975608167,
    0.343045556289));
#5848 = CARTESIAN_POINT('',(-2.243085408515,3.246991671296,
    0.329336948658));
#5849 = CARTESIAN_POINT('',(-2.243085408515,3.247975608167,
    0.329336948658));
#5850 = ADVANCED_FACE('',(#5851),#5861,.T.);
#5851 = FACE_BOUND('',#5852,.T.);
#5852 = EDGE_LOOP('',(#5853,#5858,#5859,#5860));
#5853 = ORIENTED_EDGE('',*,*,#5854,.F.);
#5854 = EDGE_CURVE('',#5833,#5659,#5855,.T.);
#5855 = B_SPLINE_CURVE_WITH_KNOTS('',1,(#5856,#5857),.UNSPECIFIED.,.F.,
  .F.,(2,2),(0.,3.375542721082E-02),.PIECEWISE_BEZIER_KNOTS.);
#5856 = CARTESIAN_POINT('',(-2.243182634853,3.246991671296,
    0.343045556289));
#5857 = CARTESIAN_POINT('',(-2.209697615048,3.246991671296,
    0.338781483726));
#5858 = ORIENTED_EDGE('',*,*,#5841,.F.);
#5859 = ORIENTED_EDGE('',*,*,#5346,.T.);
#5860 = ORIENTED_EDGE('',*,*,#5669,.T.);
#5861 = B_SPLINE_SURFACE_WITH_KNOTS('',1,1,(
    (#5862,#5863)
    ,(#5864,#5865
    )),.UNSPECIFIED.,.F.,.F.,.F.,(2,2),(2,2),(-3.375542721082E-02,0.),(
    -9.839368700902E-04,0.),.PIECEWISE_BEZIER_KNOTS.);
#5862 = CARTESIAN_POINT('',(-2.209697615048,3.246991671296,
    0.338781483726));
#5863 = CARTESIAN_POINT('',(-2.209697615048,3.247975608167,
    0.338781483726));
#5864 = CARTESIAN_POINT('',(-2.243182634853,3.246991671296,
    0.343045556289));
#5865 = CARTESIAN_POINT('',(-2.243182634853,3.247975608167,
    0.343045556289));
#5866 = ADVANCED_FACE('',(#5867),#5877,.F.);
#5867 = FACE_BOUND('',#5868,.T.);
#5868 = EDGE_LOOP('',(#5869,#5870,#5871,#5872,#5873,#5874,#5875,#5876));
#5869 = ORIENTED_EDGE('',*,*,#5854,.T.);
#5870 = ORIENTED_EDGE('',*,*,#5658,.T.);
#5871 = ORIENTED_EDGE('',*,*,#5692,.T.);
#5872 = ORIENTED_EDGE('',*,*,#5720,.T.);
#5873 = ORIENTED_EDGE('',*,*,#5748,.T.);
#5874 = ORIENTED_EDGE('',*,*,#5776,.T.);
#5875 = ORIENTED_EDGE('',*,*,#5804,.T.);
#5876 = ORIENTED_EDGE('',*,*,#5832,.T.);
#5877 = B_SPLINE_SURFACE_WITH_KNOTS('',1,1,(
    (#5878,#5879)
    ,(#5880,#5881
    )),.UNSPECIFIED.,.F.,.F.,.F.,(2,2),(2,2),(0.660570151203,
    0.714906484986),(1.003809036443,1.068429012933),
  .PIECEWISE_BEZIER_KNOTS.);
#5878 = CARTESIAN_POINT('',(-2.243182634853,3.246991671296,
    0.343045556289));
#5879 = CARTESIAN_POINT('',(-2.178562658364,3.246991671296,
    0.343045556289));
#5880 = CARTESIAN_POINT('',(-2.243182634853,3.246991671296,
    0.288709222505));
#5881 = CARTESIAN_POINT('',(-2.178562658364,3.246991671296,
    0.288709222505));
#5882 = ADVANCED_FACE('',(#5883),#5907,.F.);
#5883 = FACE_BOUND('',#5884,.F.);
#5884 = EDGE_LOOP('',(#5885,#5892,#5901,#5906));
#5885 = ORIENTED_EDGE('',*,*,#5886,.F.);
#5886 = EDGE_CURVE('',#5887,#1125,#5889,.T.);
#5887 = VERTEX_POINT('',#5888);
#5888 = CARTESIAN_POINT('',(-2.343052161818,3.247975608167,
    0.287704673561));
#5889 = B_SPLINE_CURVE_WITH_KNOTS('',1,(#5890,#5891),.UNSPECIFIED.,.F.,
  .F.,(2,2),(-0.,9.839368700902E-04),.PIECEWISE_BEZIER_KNOTS.);
#5890 = CARTESIAN_POINT('',(-2.343052161818,3.247975608167,
    0.287704673561));
#5891 = CARTESIAN_POINT('',(-2.343052161818,3.246991671296,
    0.287704673561));
#5892 = ORIENTED_EDGE('',*,*,#5893,.T.);
#5893 = EDGE_CURVE('',#5887,#5894,#5896,.T.);
#5894 = VERTEX_POINT('',#5895);
#5895 = CARTESIAN_POINT('',(-2.301921987793,3.247975608167,
    0.301807988815));
#5896 = B_SPLINE_CURVE_WITH_KNOTS('',3,(#5897,#5898,#5899,#5900),
  .UNSPECIFIED.,.F.,.F.,(4,4),(0.,1.),.PIECEWISE_BEZIER_KNOTS.);
#5897 = CARTESIAN_POINT('',(-2.343052161818,3.247975608167,
    0.287704673561));
#5898 = CARTESIAN_POINT('',(-2.328320523767,3.247975608167,
    0.287809155596));
#5899 = CARTESIAN_POINT('',(-2.314644566773,3.247975608167,
    0.292510018824));
#5900 = CARTESIAN_POINT('',(-2.301921987793,3.247975608167,
    0.301807988815));
#5901 = ORIENTED_EDGE('',*,*,#5902,.T.);
#5902 = EDGE_CURVE('',#5894,#1127,#5903,.T.);
#5903 = B_SPLINE_CURVE_WITH_KNOTS('',1,(#5904,#5905),.UNSPECIFIED.,.F.,
  .F.,(2,2),(-0.,9.839368700902E-04),.PIECEWISE_BEZIER_KNOTS.);
#5904 = CARTESIAN_POINT('',(-2.301921987793,3.247975608167,
    0.301807988815));
#5905 = CARTESIAN_POINT('',(-2.301921987793,3.246991671296,
    0.301807988815));
#5906 = ORIENTED_EDGE('',*,*,#1124,.F.);
#5907 = B_SPLINE_SURFACE_WITH_KNOTS('',3,1,(
    (#5908,#5909)
    ,(#5910,#5911)
    ,(#5912,#5913)
    ,(#5914,#5915
    )),.UNSPECIFIED.,.F.,.F.,.F.,(4,4),(2,2),(0.,1.),(0.,1.),
  .PIECEWISE_BEZIER_KNOTS.);
#5908 = CARTESIAN_POINT('',(-2.343052161818,3.247975608167,
    0.287704673561));
#5909 = CARTESIAN_POINT('',(-2.343052161818,3.246991671296,
    0.287704673561));
#5910 = CARTESIAN_POINT('',(-2.328320523767,3.247975608167,
    0.287809155596));
#5911 = CARTESIAN_POINT('',(-2.328320523767,3.246991671296,
    0.287809155596));
#5912 = CARTESIAN_POINT('',(-2.314644566773,3.247975608167,
    0.292510018824));
#5913 = CARTESIAN_POINT('',(-2.314644566773,3.246991671296,
    0.292510018824));
#5914 = CARTESIAN_POINT('',(-2.301921987793,3.247975608167,
    0.301807988815));
#5915 = CARTESIAN_POINT('',(-2.301921987793,3.246991671296,
    0.301807988815));
#5916 = ADVANCED_FACE('',(#5917),#5933,.F.);
#5917 = FACE_BOUND('',#5918,.T.);
#5918 = EDGE_LOOP('',(#5919,#5920,#5927,#5932));
#5919 = ORIENTED_EDGE('',*,*,#1304,.T.);
#5920 = ORIENTED_EDGE('',*,*,#5921,.F.);
#5921 = EDGE_CURVE('',#5922,#1296,#5924,.T.);
#5922 = VERTEX_POINT('',#5923);
#5923 = CARTESIAN_POINT('',(-2.301738418663,3.247975608167,
    0.275925319186));
#5924 = B_SPLINE_CURVE_WITH_KNOTS('',1,(#5925,#5926),.UNSPECIFIED.,.F.,
  .F.,(2,2),(-0.,9.839368700902E-04),.PIECEWISE_BEZIER_KNOTS.);
#5925 = CARTESIAN_POINT('',(-2.301738418663,3.247975608167,
    0.275925319186));
#5926 = CARTESIAN_POINT('',(-2.301738418663,3.246991671296,
    0.275925319186));
#5927 = ORIENTED_EDGE('',*,*,#5928,.F.);
#5928 = EDGE_CURVE('',#5894,#5922,#5929,.T.);
#5929 = B_SPLINE_CURVE_WITH_KNOTS('',1,(#5930,#5931),.UNSPECIFIED.,.F.,
  .F.,(2,2),(-2.588332058989E-02,0.),.PIECEWISE_BEZIER_KNOTS.);
#5930 = CARTESIAN_POINT('',(-2.301921987793,3.247975608167,
    0.301807988815));
#5931 = CARTESIAN_POINT('',(-2.301738418663,3.247975608167,
    0.275925319186));
#5932 = ORIENTED_EDGE('',*,*,#5902,.T.);
#5933 = B_SPLINE_SURFACE_WITH_KNOTS('',1,1,(
    (#5934,#5935)
    ,(#5936,#5937
    )),.UNSPECIFIED.,.F.,.F.,.F.,(2,2),(2,2),(-3.09896815996E-18,
    2.588332058989E-02),(-9.839368700902E-04,0.),
  .PIECEWISE_BEZIER_KNOTS.);
#5934 = CARTESIAN_POINT('',(-2.301738418663,3.246991671296,
    0.275925319186));
#5935 = CARTESIAN_POINT('',(-2.301738418663,3.247975608167,
    0.275925319186));
#5936 = CARTESIAN_POINT('',(-2.301921987793,3.246991671296,
    0.301807988815));
#5937 = CARTESIAN_POINT('',(-2.301921987793,3.247975608167,
    0.301807988815));
#5938 = ADVANCED_FACE('',(#5939),#5957,.F.);
#5939 = FACE_BOUND('',#5940,.F.);
#5940 = EDGE_LOOP('',(#5941,#5942,#5951,#5956));
#5941 = ORIENTED_EDGE('',*,*,#5921,.F.);
#5942 = ORIENTED_EDGE('',*,*,#5943,.T.);
#5943 = EDGE_CURVE('',#5922,#5944,#5946,.T.);
#5944 = VERTEX_POINT('',#5945);
#5945 = CARTESIAN_POINT('',(-2.340451774873,3.247975608167,
    0.267261478831));
#5946 = B_SPLINE_CURVE_WITH_KNOTS('',3,(#5947,#5948,#5949,#5950),
  .UNSPECIFIED.,.F.,.F.,(4,4),(19.,20.),.PIECEWISE_BEZIER_KNOTS.);
#5947 = CARTESIAN_POINT('',(-2.301738418663,3.247975608167,
    0.275925319186));
#5948 = CARTESIAN_POINT('',(-2.312747966437,3.247975608167,
    0.270322593391));
#5949 = CARTESIAN_POINT('',(-2.32561783378,3.247975608167,0.267366686435
    ));
#5950 = CARTESIAN_POINT('',(-2.340451774873,3.247975608167,
    0.267261478831));
#5951 = ORIENTED_EDGE('',*,*,#5952,.T.);
#5952 = EDGE_CURVE('',#5944,#1287,#5953,.T.);
#5953 = B_SPLINE_CURVE_WITH_KNOTS('',1,(#5954,#5955),.UNSPECIFIED.,.F.,
  .F.,(2,2),(-0.,9.839368700902E-04),.PIECEWISE_BEZIER_KNOTS.);
#5954 = CARTESIAN_POINT('',(-2.340451774873,3.247975608167,
    0.267261478831));
#5955 = CARTESIAN_POINT('',(-2.340451774873,3.246991671296,
    0.267261478831));
#5956 = ORIENTED_EDGE('',*,*,#1295,.F.);
#5957 = B_SPLINE_SURFACE_WITH_KNOTS('',3,1,(
    (#5958,#5959)
    ,(#5960,#5961)
    ,(#5962,#5963)
    ,(#5964,#5965
    )),.UNSPECIFIED.,.F.,.F.,.F.,(4,4),(2,2),(19.,20.),(0.,1.),
  .PIECEWISE_BEZIER_KNOTS.);
#5958 = CARTESIAN_POINT('',(-2.301738418663,3.247975608167,
    0.275925319186));
#5959 = CARTESIAN_POINT('',(-2.301738418663,3.246991671296,
    0.275925319186));
#5960 = CARTESIAN_POINT('',(-2.312747966437,3.247975608167,
    0.270322593391));
#5961 = CARTESIAN_POINT('',(-2.312747966437,3.246991671296,
    0.270322593391));
#5962 = CARTESIAN_POINT('',(-2.32561783378,3.247975608167,0.267366686435
    ));
#5963 = CARTESIAN_POINT('',(-2.32561783378,3.246991671296,0.267366686435
    ));
#5964 = CARTESIAN_POINT('',(-2.340451774873,3.247975608167,
    0.267261478831));
#5965 = CARTESIAN_POINT('',(-2.340451774873,3.246991671296,
    0.267261478831));
#5966 = ADVANCED_FACE('',(#5967),#5985,.F.);
#5967 = FACE_BOUND('',#5968,.F.);
#5968 = EDGE_LOOP('',(#5969,#5970,#5979,#5984));
#5969 = ORIENTED_EDGE('',*,*,#5952,.F.);
#5970 = ORIENTED_EDGE('',*,*,#5971,.T.);
#5971 = EDGE_CURVE('',#5944,#5972,#5974,.T.);
#5972 = VERTEX_POINT('',#5973);
#5973 = CARTESIAN_POINT('',(-2.382169651208,3.247975608167,
    0.278321809632));
#5974 = B_SPLINE_CURVE_WITH_KNOTS('',3,(#5975,#5976,#5977,#5978),
  .UNSPECIFIED.,.F.,.F.,(4,4),(18.,19.),.PIECEWISE_BEZIER_KNOTS.);
#5975 = CARTESIAN_POINT('',(-2.340451774873,3.247975608167,
    0.267261478831));
#5976 = CARTESIAN_POINT('',(-2.357485231368,3.247975608167,
    0.267140671478));
#5977 = CARTESIAN_POINT('',(-2.37142529116,3.247975608167,0.270827206556
    ));
#5978 = CARTESIAN_POINT('',(-2.382169651208,3.247975608167,
    0.278321809632));
#5979 = ORIENTED_EDGE('',*,*,#5980,.T.);
#5980 = EDGE_CURVE('',#5972,#1278,#5981,.T.);
#5981 = B_SPLINE_CURVE_WITH_KNOTS('',1,(#5982,#5983),.UNSPECIFIED.,.F.,
  .F.,(2,2),(-0.,9.839368700902E-04),.PIECEWISE_BEZIER_KNOTS.);
#5982 = CARTESIAN_POINT('',(-2.382169651208,3.247975608167,
    0.278321809632));
#5983 = CARTESIAN_POINT('',(-2.382169651208,3.246991671296,
    0.278321809632));
#5984 = ORIENTED_EDGE('',*,*,#1286,.F.);
#5985 = B_SPLINE_SURFACE_WITH_KNOTS('',3,1,(
    (#5986,#5987)
    ,(#5988,#5989)
    ,(#5990,#5991)
    ,(#5992,#5993
    )),.UNSPECIFIED.,.F.,.F.,.F.,(4,4),(2,2),(18.,19.),(0.,1.),
  .PIECEWISE_BEZIER_KNOTS.);
#5986 = CARTESIAN_POINT('',(-2.340451774873,3.247975608167,
    0.267261478831));
#5987 = CARTESIAN_POINT('',(-2.340451774873,3.246991671296,
    0.267261478831));
#5988 = CARTESIAN_POINT('',(-2.357485231368,3.247975608167,
    0.267140671478));
#5989 = CARTESIAN_POINT('',(-2.357485231368,3.246991671296,
    0.267140671478));
#5990 = CARTESIAN_POINT('',(-2.37142529116,3.247975608167,0.270827206556
    ));
#5991 = CARTESIAN_POINT('',(-2.37142529116,3.246991671296,0.270827206556
    ));
#5992 = CARTESIAN_POINT('',(-2.382169651208,3.247975608167,
    0.278321809632));
#5993 = CARTESIAN_POINT('',(-2.382169651208,3.246991671296,
    0.278321809632));
#5994 = ADVANCED_FACE('',(#5995),#6013,.F.);
#5995 = FACE_BOUND('',#5996,.F.);
#5996 = EDGE_LOOP('',(#5997,#5998,#6007,#6012));
#5997 = ORIENTED_EDGE('',*,*,#5980,.F.);
#5998 = ORIENTED_EDGE('',*,*,#5999,.T.);
#5999 = EDGE_CURVE('',#5972,#6000,#6002,.T.);
#6000 = VERTEX_POINT('',#6001);
#6001 = CARTESIAN_POINT('',(-2.39850150237,3.247975608167,0.309103051096
    ));
#6002 = B_SPLINE_CURVE_WITH_KNOTS('',3,(#6003,#6004,#6005,#6006),
  .UNSPECIFIED.,.F.,.F.,(4,4),(17.,18.),.PIECEWISE_BEZIER_KNOTS.);
#6003 = CARTESIAN_POINT('',(-2.382169651208,3.247975608167,
    0.278321809632));
#6004 = CARTESIAN_POINT('',(-2.392964437206,3.247975608167,
    0.285713746884));
#6005 = CARTESIAN_POINT('',(-2.39840862945,3.247975608167,0.296008261718
    ));
#6006 = CARTESIAN_POINT('',(-2.39850150237,3.247975608167,0.309103051096
    ));
#6007 = ORIENTED_EDGE('',*,*,#6008,.T.);
#6008 = EDGE_CURVE('',#6000,#1269,#6009,.T.);
#6009 = B_SPLINE_CURVE_WITH_KNOTS('',1,(#6010,#6011),.UNSPECIFIED.,.F.,
  .F.,(2,2),(-0.,9.839368700902E-04),.PIECEWISE_BEZIER_KNOTS.);
#6010 = CARTESIAN_POINT('',(-2.39850150237,3.247975608167,0.309103051096
    ));
#6011 = CARTESIAN_POINT('',(-2.39850150237,3.246991671296,0.309103051096
    ));
#6012 = ORIENTED_EDGE('',*,*,#1277,.F.);
#6013 = B_SPLINE_SURFACE_WITH_KNOTS('',3,1,(
    (#6014,#6015)
    ,(#6016,#6017)
    ,(#6018,#6019)
    ,(#6020,#6021
    )),.UNSPECIFIED.,.F.,.F.,.F.,(4,4),(2,2),(17.,18.),(0.,1.),
  .PIECEWISE_BEZIER_KNOTS.);
#6014 = CARTESIAN_POINT('',(-2.382169651208,3.247975608167,
    0.278321809632));
#6015 = CARTESIAN_POINT('',(-2.382169651208,3.246991671296,
    0.278321809632));
#6016 = CARTESIAN_POINT('',(-2.392964437206,3.247975608167,
    0.285713746884));
#6017 = CARTESIAN_POINT('',(-2.392964437206,3.246991671296,
    0.285713746884));
#6018 = CARTESIAN_POINT('',(-2.39840862945,3.247975608167,0.296008261718
    ));
#6019 = CARTESIAN_POINT('',(-2.39840862945,3.246991671296,0.296008261718
    ));
#6020 = CARTESIAN_POINT('',(-2.39850150237,3.247975608167,0.309103051096
    ));
#6021 = CARTESIAN_POINT('',(-2.39850150237,3.246991671296,0.309103051096
    ));
#6022 = ADVANCED_FACE('',(#6023),#6041,.F.);
#6023 = FACE_BOUND('',#6024,.F.);
#6024 = EDGE_LOOP('',(#6025,#6026,#6035,#6040));
#6025 = ORIENTED_EDGE('',*,*,#6008,.F.);
#6026 = ORIENTED_EDGE('',*,*,#6027,.T.);
#6027 = EDGE_CURVE('',#6000,#6028,#6030,.T.);
#6028 = VERTEX_POINT('',#6029);
#6029 = CARTESIAN_POINT('',(-2.390280259522,3.247975608167,
    0.332794550516));
#6030 = B_SPLINE_CURVE_WITH_KNOTS('',3,(#6031,#6032,#6033,#6034),
  .UNSPECIFIED.,.F.,.F.,(4,4),(16.,17.),.PIECEWISE_BEZIER_KNOTS.);
#6031 = CARTESIAN_POINT('',(-2.39850150237,3.247975608167,0.309103051096
    ));
#6032 = CARTESIAN_POINT('',(-2.398568254781,3.247975608167,
    0.318514930962));
#6033 = CARTESIAN_POINT('',(-2.395810789991,3.247975608167,
    0.326412218364));
#6034 = CARTESIAN_POINT('',(-2.390280259522,3.247975608167,
    0.332794550516));
#6035 = ORIENTED_EDGE('',*,*,#6036,.T.);
#6036 = EDGE_CURVE('',#6028,#1260,#6037,.T.);
#6037 = B_SPLINE_CURVE_WITH_KNOTS('',1,(#6038,#6039),.UNSPECIFIED.,.F.,
  .F.,(2,2),(-0.,9.839368700902E-04),.PIECEWISE_BEZIER_KNOTS.);
#6038 = CARTESIAN_POINT('',(-2.390280259522,3.247975608167,
    0.332794550516));
#6039 = CARTESIAN_POINT('',(-2.390280259522,3.246991671296,
    0.332794550516));
#6040 = ORIENTED_EDGE('',*,*,#1268,.F.);
#6041 = B_SPLINE_SURFACE_WITH_KNOTS('',3,1,(
    (#6042,#6043)
    ,(#6044,#6045)
    ,(#6046,#6047)
    ,(#6048,#6049
    )),.UNSPECIFIED.,.F.,.F.,.F.,(4,4),(2,2),(16.,17.),(0.,1.),
  .PIECEWISE_BEZIER_KNOTS.);
#6042 = CARTESIAN_POINT('',(-2.39850150237,3.247975608167,0.309103051096
    ));
#6043 = CARTESIAN_POINT('',(-2.39850150237,3.246991671296,0.309103051096
    ));
#6044 = CARTESIAN_POINT('',(-2.398568254781,3.247975608167,
    0.318514930962));
#6045 = CARTESIAN_POINT('',(-2.398568254781,3.246991671296,
    0.318514930962));
#6046 = CARTESIAN_POINT('',(-2.395810789991,3.247975608167,
    0.326412218364));
#6047 = CARTESIAN_POINT('',(-2.395810789991,3.246991671296,
    0.326412218364));
#6048 = CARTESIAN_POINT('',(-2.390280259522,3.247975608167,
    0.332794550516));
#6049 = CARTESIAN_POINT('',(-2.390280259522,3.246991671296,
    0.332794550516));
#6050 = ADVANCED_FACE('',(#6051),#6069,.F.);
#6051 = FACE_BOUND('',#6052,.F.);
#6052 = EDGE_LOOP('',(#6053,#6054,#6063,#6068));
#6053 = ORIENTED_EDGE('',*,*,#6036,.F.);
#6054 = ORIENTED_EDGE('',*,*,#6055,.T.);
#6055 = EDGE_CURVE('',#6028,#6056,#6058,.T.);
#6056 = VERTEX_POINT('',#6057);
#6057 = CARTESIAN_POINT('',(-2.358083826357,3.247975608167,
    0.351540681141));
#6058 = B_SPLINE_CURVE_WITH_KNOTS('',3,(#6059,#6060,#6061,#6062),
  .UNSPECIFIED.,.F.,.F.,(4,4),(15.,16.),.PIECEWISE_BEZIER_KNOTS.);
#6059 = CARTESIAN_POINT('',(-2.390280259522,3.247975608167,
    0.332794550516));
#6060 = CARTESIAN_POINT('',(-2.384698577531,3.247975608167,
    0.339177245454));
#6061 = CARTESIAN_POINT('',(-2.37400101787,3.247975608167,0.345493915833
    ));
#6062 = CARTESIAN_POINT('',(-2.358083826357,3.247975608167,
    0.351540681141));
#6063 = ORIENTED_EDGE('',*,*,#6064,.T.);
#6064 = EDGE_CURVE('',#6056,#1251,#6065,.T.);
#6065 = B_SPLINE_CURVE_WITH_KNOTS('',1,(#6066,#6067),.UNSPECIFIED.,.F.,
  .F.,(2,2),(-0.,9.839368700902E-04),.PIECEWISE_BEZIER_KNOTS.);
#6066 = CARTESIAN_POINT('',(-2.358083826357,3.247975608167,
    0.351540681141));
#6067 = CARTESIAN_POINT('',(-2.358083826357,3.246991671296,
    0.351540681141));
#6068 = ORIENTED_EDGE('',*,*,#1259,.F.);
#6069 = B_SPLINE_SURFACE_WITH_KNOTS('',3,1,(
    (#6070,#6071)
    ,(#6072,#6073)
    ,(#6074,#6075)
    ,(#6076,#6077
    )),.UNSPECIFIED.,.F.,.F.,.F.,(4,4),(2,2),(15.,16.),(0.,1.),
  .PIECEWISE_BEZIER_KNOTS.);
#6070 = CARTESIAN_POINT('',(-2.390280259522,3.247975608167,
    0.332794550516));
#6071 = CARTESIAN_POINT('',(-2.390280259522,3.246991671296,
    0.332794550516));
#6072 = CARTESIAN_POINT('',(-2.384698577531,3.247975608167,
    0.339177245454));
#6073 = CARTESIAN_POINT('',(-2.384698577531,3.246991671296,
    0.339177245454));
#6074 = CARTESIAN_POINT('',(-2.37400101787,3.247975608167,0.345493915833
    ));
#6075 = CARTESIAN_POINT('',(-2.37400101787,3.246991671296,0.345493915833
    ));
#6076 = CARTESIAN_POINT('',(-2.358083826357,3.247975608167,
    0.351540681141));
#6077 = CARTESIAN_POINT('',(-2.358083826357,3.246991671296,
    0.351540681141));
#6078 = ADVANCED_FACE('',(#6079),#6097,.F.);
#6079 = FACE_BOUND('',#6080,.F.);
#6080 = EDGE_LOOP('',(#6081,#6082,#6091,#6096));
#6081 = ORIENTED_EDGE('',*,*,#6064,.F.);
#6082 = ORIENTED_EDGE('',*,*,#6083,.T.);
#6083 = EDGE_CURVE('',#6056,#6084,#6086,.T.);
#6084 = VERTEX_POINT('',#6085);
#6085 = CARTESIAN_POINT('',(-2.333822770719,3.247975608167,
    0.363989731768));
#6086 = B_SPLINE_CURVE_WITH_KNOTS('',3,(#6087,#6088,#6089,#6090),
  .UNSPECIFIED.,.F.,.F.,(4,4),(14.,15.),.PIECEWISE_BEZIER_KNOTS.);
#6087 = CARTESIAN_POINT('',(-2.358083826357,3.247975608167,
    0.351540681141));
#6088 = CARTESIAN_POINT('',(-2.345535379534,3.247975608167,
    0.356540472229));
#6089 = CARTESIAN_POINT('',(-2.337482462003,3.247975608167,
    0.360689913915));
#6090 = CARTESIAN_POINT('',(-2.333822770719,3.247975608167,
    0.363989731768));
#6091 = ORIENTED_EDGE('',*,*,#6092,.T.);
#6092 = EDGE_CURVE('',#6084,#1242,#6093,.T.);
#6093 = B_SPLINE_CURVE_WITH_KNOTS('',1,(#6094,#6095),.UNSPECIFIED.,.F.,
  .F.,(2,2),(-0.,9.839368700902E-04),.PIECEWISE_BEZIER_KNOTS.);
#6094 = CARTESIAN_POINT('',(-2.333822770719,3.247975608167,
    0.363989731768));
#6095 = CARTESIAN_POINT('',(-2.333822770719,3.246991671296,
    0.363989731768));
#6096 = ORIENTED_EDGE('',*,*,#1250,.F.);
#6097 = B_SPLINE_SURFACE_WITH_KNOTS('',3,1,(
    (#6098,#6099)
    ,(#6100,#6101)
    ,(#6102,#6103)
    ,(#6104,#6105
    )),.UNSPECIFIED.,.F.,.F.,.F.,(4,4),(2,2),(14.,15.),(0.,1.),
  .PIECEWISE_BEZIER_KNOTS.);
#6098 = CARTESIAN_POINT('',(-2.358083826357,3.247975608167,
    0.351540681141));
#6099 = CARTESIAN_POINT('',(-2.358083826357,3.246991671296,
    0.351540681141));
#6100 = CARTESIAN_POINT('',(-2.345535379534,3.247975608167,
    0.356540472229));
#6101 = CARTESIAN_POINT('',(-2.345535379534,3.246991671296,
    0.356540472229));
#6102 = CARTESIAN_POINT('',(-2.337482462003,3.247975608167,
    0.360689913915));
#6103 = CARTESIAN_POINT('',(-2.337482462003,3.246991671296,
    0.360689913915));
#6104 = CARTESIAN_POINT('',(-2.333822770719,3.247975608167,
    0.363989731768));
#6105 = CARTESIAN_POINT('',(-2.333822770719,3.246991671296,
    0.363989731768));
#6106 = ADVANCED_FACE('',(#6107),#6125,.F.);
#6107 = FACE_BOUND('',#6108,.F.);
#6108 = EDGE_LOOP('',(#6109,#6110,#6119,#6124));
#6109 = ORIENTED_EDGE('',*,*,#6092,.F.);
#6110 = ORIENTED_EDGE('',*,*,#6111,.T.);
#6111 = EDGE_CURVE('',#6084,#6112,#6114,.T.);
#6112 = VERTEX_POINT('',#6113);
#6113 = CARTESIAN_POINT('',(-2.328443882031,3.247975608167,
    0.377327945209));
#6114 = B_SPLINE_CURVE_WITH_KNOTS('',3,(#6115,#6116,#6117,#6118),
  .UNSPECIFIED.,.F.,.F.,(4,4),(13.,14.),.PIECEWISE_BEZIER_KNOTS.);
#6115 = CARTESIAN_POINT('',(-2.333822770719,3.247975608167,
    0.363989731768));
#6116 = CARTESIAN_POINT('',(-2.330213505388,3.247975608167,
    0.367186883794));
#6117 = CARTESIAN_POINT('',(-2.328403250128,3.247975608167,
    0.371598974855));
#6118 = CARTESIAN_POINT('',(-2.328443882031,3.247975608167,
    0.377327945209));
#6119 = ORIENTED_EDGE('',*,*,#6120,.T.);
#6120 = EDGE_CURVE('',#6112,#1233,#6121,.T.);
#6121 = B_SPLINE_CURVE_WITH_KNOTS('',1,(#6122,#6123),.UNSPECIFIED.,.F.,
  .F.,(2,2),(-0.,9.839368700902E-04),.PIECEWISE_BEZIER_KNOTS.);
#6122 = CARTESIAN_POINT('',(-2.328443882031,3.247975608167,
    0.377327945209));
#6123 = CARTESIAN_POINT('',(-2.328443882031,3.246991671296,
    0.377327945209));
#6124 = ORIENTED_EDGE('',*,*,#1241,.F.);
#6125 = B_SPLINE_SURFACE_WITH_KNOTS('',3,1,(
    (#6126,#6127)
    ,(#6128,#6129)
    ,(#6130,#6131)
    ,(#6132,#6133
    )),.UNSPECIFIED.,.F.,.F.,.F.,(4,4),(2,2),(13.,14.),(0.,1.),
  .PIECEWISE_BEZIER_KNOTS.);
#6126 = CARTESIAN_POINT('',(-2.333822770719,3.247975608167,
    0.363989731768));
#6127 = CARTESIAN_POINT('',(-2.333822770719,3.246991671296,
    0.363989731768));
#6128 = CARTESIAN_POINT('',(-2.330213505388,3.247975608167,
    0.367186883794));
#6129 = CARTESIAN_POINT('',(-2.330213505388,3.246991671296,
    0.367186883794));
#6130 = CARTESIAN_POINT('',(-2.328403250128,3.247975608167,
    0.371598974855));
#6131 = CARTESIAN_POINT('',(-2.328403250128,3.246991671296,
    0.371598974855));
#6132 = CARTESIAN_POINT('',(-2.328443882031,3.247975608167,
    0.377327945209));
#6133 = CARTESIAN_POINT('',(-2.328443882031,3.246991671296,
    0.377327945209));
#6134 = ADVANCED_FACE('',(#6135),#6153,.F.);
#6135 = FACE_BOUND('',#6136,.F.);
#6136 = EDGE_LOOP('',(#6137,#6138,#6147,#6152));
#6137 = ORIENTED_EDGE('',*,*,#6120,.F.);
#6138 = ORIENTED_EDGE('',*,*,#6139,.T.);
#6139 = EDGE_CURVE('',#6112,#6140,#6142,.T.);
#6140 = VERTEX_POINT('',#6141);
#6141 = CARTESIAN_POINT('',(-2.336164136138,3.247975608167,0.39118710398
    ));
#6142 = B_SPLINE_CURVE_WITH_KNOTS('',3,(#6143,#6144,#6145,#6146),
  .UNSPECIFIED.,.F.,.F.,(4,4),(12.,13.),.PIECEWISE_BEZIER_KNOTS.);
#6143 = CARTESIAN_POINT('',(-2.328443882031,3.247975608167,
    0.377327945209));
#6144 = CARTESIAN_POINT('',(-2.328484513933,3.247975608167,0.38305691556
    ));
#6145 = CARTESIAN_POINT('',(-2.331075466189,3.247975608167,
    0.387744716251));
#6146 = CARTESIAN_POINT('',(-2.336164136138,3.247975608167,0.39118710398
    ));
#6147 = ORIENTED_EDGE('',*,*,#6148,.T.);
#6148 = EDGE_CURVE('',#6140,#1224,#6149,.T.);
#6149 = B_SPLINE_CURVE_WITH_KNOTS('',1,(#6150,#6151),.UNSPECIFIED.,.F.,
  .F.,(2,2),(-0.,9.839368700902E-04),.PIECEWISE_BEZIER_KNOTS.);
#6150 = CARTESIAN_POINT('',(-2.336164136138,3.247975608167,0.39118710398
    ));
#6151 = CARTESIAN_POINT('',(-2.336164136138,3.246991671296,0.39118710398
    ));
#6152 = ORIENTED_EDGE('',*,*,#1232,.F.);
#6153 = B_SPLINE_SURFACE_WITH_KNOTS('',3,1,(
    (#6154,#6155)
    ,(#6156,#6157)
    ,(#6158,#6159)
    ,(#6160,#6161
    )),.UNSPECIFIED.,.F.,.F.,.F.,(4,4),(2,2),(12.,13.),(0.,1.),
  .PIECEWISE_BEZIER_KNOTS.);
#6154 = CARTESIAN_POINT('',(-2.328443882031,3.247975608167,
    0.377327945209));
#6155 = CARTESIAN_POINT('',(-2.328443882031,3.246991671296,
    0.377327945209));
#6156 = CARTESIAN_POINT('',(-2.328484513933,3.247975608167,0.38305691556
    ));
#6157 = CARTESIAN_POINT('',(-2.328484513933,3.246991671296,0.38305691556
    ));
#6158 = CARTESIAN_POINT('',(-2.331075466189,3.247975608167,
    0.387744716251));
#6159 = CARTESIAN_POINT('',(-2.331075466189,3.246991671296,
    0.387744716251));
#6160 = CARTESIAN_POINT('',(-2.336164136138,3.247975608167,0.39118710398
    ));
#6161 = CARTESIAN_POINT('',(-2.336164136138,3.246991671296,0.39118710398
    ));
#6162 = ADVANCED_FACE('',(#6163),#6181,.F.);
#6163 = FACE_BOUND('',#6164,.F.);
#6164 = EDGE_LOOP('',(#6165,#6166,#6175,#6180));
#6165 = ORIENTED_EDGE('',*,*,#6148,.F.);
#6166 = ORIENTED_EDGE('',*,*,#6167,.T.);
#6167 = EDGE_CURVE('',#6140,#6168,#6170,.T.);
#6168 = VERTEX_POINT('',#6169);
#6169 = CARTESIAN_POINT('',(-2.355946352871,3.247975608167,
    0.396366827217));
#6170 = B_SPLINE_CURVE_WITH_KNOTS('',3,(#6171,#6172,#6173,#6174),
  .UNSPECIFIED.,.F.,.F.,(4,4),(11.,12.),.PIECEWISE_BEZIER_KNOTS.);
#6171 = CARTESIAN_POINT('',(-2.336164136138,3.247975608167,0.39118710398
    ));
#6172 = CARTESIAN_POINT('',(-2.341253531656,3.247975608167,
    0.394731794752));
#6173 = CARTESIAN_POINT('',(-2.347864412552,3.247975608167,
    0.396424147222));
#6174 = CARTESIAN_POINT('',(-2.355946352871,3.247975608167,
    0.396366827217));
#6175 = ORIENTED_EDGE('',*,*,#6176,.T.);
#6176 = EDGE_CURVE('',#6168,#1215,#6177,.T.);
#6177 = B_SPLINE_CURVE_WITH_KNOTS('',1,(#6178,#6179),.UNSPECIFIED.,.F.,
  .F.,(2,2),(-0.,9.839368700902E-04),.PIECEWISE_BEZIER_KNOTS.);
#6178 = CARTESIAN_POINT('',(-2.355946352871,3.247975608167,
    0.396366827217));
#6179 = CARTESIAN_POINT('',(-2.355946352871,3.246991671296,
    0.396366827217));
#6180 = ORIENTED_EDGE('',*,*,#1223,.F.);
#6181 = B_SPLINE_SURFACE_WITH_KNOTS('',3,1,(
    (#6182,#6183)
    ,(#6184,#6185)
    ,(#6186,#6187)
    ,(#6188,#6189
    )),.UNSPECIFIED.,.F.,.F.,.F.,(4,4),(2,2),(11.,12.),(0.,1.),
  .PIECEWISE_BEZIER_KNOTS.);
#6182 = CARTESIAN_POINT('',(-2.336164136138,3.247975608167,0.39118710398
    ));
#6183 = CARTESIAN_POINT('',(-2.336164136138,3.246991671296,0.39118710398
    ));
#6184 = CARTESIAN_POINT('',(-2.341253531656,3.247975608167,
    0.394731794752));
#6185 = CARTESIAN_POINT('',(-2.341253531656,3.246991671296,
    0.394731794752));
#6186 = CARTESIAN_POINT('',(-2.347864412552,3.247975608167,
    0.396424147222));
#6187 = CARTESIAN_POINT('',(-2.347864412552,3.246991671296,
    0.396424147222));
#6188 = CARTESIAN_POINT('',(-2.355946352871,3.247975608167,
    0.396366827217));
#6189 = CARTESIAN_POINT('',(-2.355946352871,3.246991671296,
    0.396366827217));
#6190 = ADVANCED_FACE('',(#6191),#6209,.F.);
#6191 = FACE_BOUND('',#6192,.F.);
#6192 = EDGE_LOOP('',(#6193,#6194,#6203,#6208));
#6193 = ORIENTED_EDGE('',*,*,#6176,.F.);
#6194 = ORIENTED_EDGE('',*,*,#6195,.T.);
#6195 = EDGE_CURVE('',#6168,#6196,#6198,.T.);
#6196 = VERTEX_POINT('',#6197);
#6197 = CARTESIAN_POINT('',(-2.392190650248,3.247975608167,
    0.385776642735));
#6198 = B_SPLINE_CURVE_WITH_KNOTS('',3,(#6199,#6200,#6201,#6202),
  .UNSPECIFIED.,.F.,.F.,(4,4),(10.,11.),.PIECEWISE_BEZIER_KNOTS.);
#6199 = CARTESIAN_POINT('',(-2.355946352871,3.247975608167,
    0.396366827217));
#6200 = CARTESIAN_POINT('',(-2.369501505938,3.247975608167,
    0.396270689234));
#6201 = CARTESIAN_POINT('',(-2.381548595527,3.247975608167,
    0.392706768582));
#6202 = CARTESIAN_POINT('',(-2.392190650248,3.247975608167,
    0.385776642735));
#6203 = ORIENTED_EDGE('',*,*,#6204,.T.);
#6204 = EDGE_CURVE('',#6196,#1208,#6205,.T.);
#6205 = B_SPLINE_CURVE_WITH_KNOTS('',1,(#6206,#6207),.UNSPECIFIED.,.F.,
  .F.,(2,2),(-0.,9.839368700902E-04),.PIECEWISE_BEZIER_KNOTS.);
#6206 = CARTESIAN_POINT('',(-2.392190650248,3.247975608167,
    0.385776642735));
#6207 = CARTESIAN_POINT('',(-2.392190650248,3.246991671296,
    0.385776642735));
#6208 = ORIENTED_EDGE('',*,*,#1214,.F.);
#6209 = B_SPLINE_SURFACE_WITH_KNOTS('',3,1,(
    (#6210,#6211)
    ,(#6212,#6213)
    ,(#6214,#6215)
    ,(#6216,#6217
    )),.UNSPECIFIED.,.F.,.F.,.F.,(4,4),(2,2),(10.,11.),(0.,1.),
  .PIECEWISE_BEZIER_KNOTS.);
#6210 = CARTESIAN_POINT('',(-2.355946352871,3.247975608167,
    0.396366827217));
#6211 = CARTESIAN_POINT('',(-2.355946352871,3.246991671296,
    0.396366827217));
#6212 = CARTESIAN_POINT('',(-2.369501505938,3.247975608167,
    0.396270689234));
#6213 = CARTESIAN_POINT('',(-2.369501505938,3.246991671296,
    0.396270689234));
#6214 = CARTESIAN_POINT('',(-2.381548595527,3.247975608167,
    0.392706768582));
#6215 = CARTESIAN_POINT('',(-2.381548595527,3.246991671296,
    0.392706768582));
#6216 = CARTESIAN_POINT('',(-2.392190650248,3.247975608167,
    0.385776642735));
#6217 = CARTESIAN_POINT('',(-2.392190650248,3.246991671296,
    0.385776642735));
#6218 = ADVANCED_FACE('',(#6219),#6235,.F.);
#6219 = FACE_BOUND('',#6220,.T.);
#6220 = EDGE_LOOP('',(#6221,#6222,#6229,#6234));
#6221 = ORIENTED_EDGE('',*,*,#1207,.T.);
#6222 = ORIENTED_EDGE('',*,*,#6223,.F.);
#6223 = EDGE_CURVE('',#6224,#1199,#6226,.T.);
#6224 = VERTEX_POINT('',#6225);
#6225 = CARTESIAN_POINT('',(-2.392363335833,3.247975608167,
    0.410124766734));
#6226 = B_SPLINE_CURVE_WITH_KNOTS('',1,(#6227,#6228),.UNSPECIFIED.,.F.,
  .F.,(2,2),(-0.,9.839368700902E-04),.PIECEWISE_BEZIER_KNOTS.);
#6227 = CARTESIAN_POINT('',(-2.392363335833,3.247975608167,
    0.410124766734));
#6228 = CARTESIAN_POINT('',(-2.392363335833,3.246991671296,
    0.410124766734));
#6229 = ORIENTED_EDGE('',*,*,#6230,.F.);
#6230 = EDGE_CURVE('',#6196,#6224,#6231,.T.);
#6231 = B_SPLINE_CURVE_WITH_KNOTS('',1,(#6232,#6233),.UNSPECIFIED.,.F.,
  .F.,(2,2),(-2.434873636553E-02,0.),.PIECEWISE_BEZIER_KNOTS.);
#6232 = CARTESIAN_POINT('',(-2.392190650248,3.247975608167,
    0.385776642735));
#6233 = CARTESIAN_POINT('',(-2.392363335833,3.247975608167,
    0.410124766734));
#6234 = ORIENTED_EDGE('',*,*,#6204,.T.);
#6235 = B_SPLINE_SURFACE_WITH_KNOTS('',1,1,(
    (#6236,#6237)
    ,(#6238,#6239
    )),.UNSPECIFIED.,.F.,.F.,.F.,(2,2),(2,2),(-5.151912656812E-17,
    2.434873636553E-02),(-9.839368700902E-04,0.),
  .PIECEWISE_BEZIER_KNOTS.);
#6236 = CARTESIAN_POINT('',(-2.392363335833,3.246991671296,
    0.410124766734));
#6237 = CARTESIAN_POINT('',(-2.392363335833,3.247975608167,
    0.410124766734));
#6238 = CARTESIAN_POINT('',(-2.392190650248,3.246991671296,
    0.385776642735));
#6239 = CARTESIAN_POINT('',(-2.392190650248,3.247975608167,
    0.385776642735));
#6240 = ADVANCED_FACE('',(#6241),#6259,.F.);
#6241 = FACE_BOUND('',#6242,.F.);
#6242 = EDGE_LOOP('',(#6243,#6244,#6253,#6258));
#6243 = ORIENTED_EDGE('',*,*,#6223,.F.);
#6244 = ORIENTED_EDGE('',*,*,#6245,.T.);
#6245 = EDGE_CURVE('',#6224,#6246,#6248,.T.);
#6246 = VERTEX_POINT('',#6247);
#6247 = CARTESIAN_POINT('',(-2.358546014246,3.247975608167,
    0.416707718906));
#6248 = B_SPLINE_CURVE_WITH_KNOTS('',3,(#6249,#6250,#6251,#6252),
  .UNSPECIFIED.,.F.,.F.,(4,4),(8.,9.),.PIECEWISE_BEZIER_KNOTS.);
#6249 = CARTESIAN_POINT('',(-2.392363335833,3.247975608167,
    0.410124766734));
#6250 = CARTESIAN_POINT('',(-2.381958899474,3.247975608167,
    0.414495502607));
#6251 = CARTESIAN_POINT('',(-2.370720076246,3.247975608167,
    0.416621376113));
#6252 = CARTESIAN_POINT('',(-2.358546014246,3.247975608167,
    0.416707718906));
#6253 = ORIENTED_EDGE('',*,*,#6254,.T.);
#6254 = EDGE_CURVE('',#6246,#1190,#6255,.T.);
#6255 = B_SPLINE_CURVE_WITH_KNOTS('',1,(#6256,#6257),.UNSPECIFIED.,.F.,
  .F.,(2,2),(-0.,9.839368700902E-04),.PIECEWISE_BEZIER_KNOTS.);
#6256 = CARTESIAN_POINT('',(-2.358546014246,3.247975608167,
    0.416707718906));
#6257 = CARTESIAN_POINT('',(-2.358546014246,3.246991671296,
    0.416707718906));
#6258 = ORIENTED_EDGE('',*,*,#1198,.F.);
#6259 = B_SPLINE_SURFACE_WITH_KNOTS('',3,1,(
    (#6260,#6261)
    ,(#6262,#6263)
    ,(#6264,#6265)
    ,(#6266,#6267
    )),.UNSPECIFIED.,.F.,.F.,.F.,(4,4),(2,2),(8.,9.),(0.,1.),
  .PIECEWISE_BEZIER_KNOTS.);
#6260 = CARTESIAN_POINT('',(-2.392363335833,3.247975608167,
    0.410124766734));
#6261 = CARTESIAN_POINT('',(-2.392363335833,3.246991671296,
    0.410124766734));
#6262 = CARTESIAN_POINT('',(-2.381958899474,3.247975608167,
    0.414495502607));
#6263 = CARTESIAN_POINT('',(-2.381958899474,3.246991671296,
    0.414495502607));
#6264 = CARTESIAN_POINT('',(-2.370720076246,3.247975608167,
    0.416621376113));
#6265 = CARTESIAN_POINT('',(-2.370720076246,3.246991671296,
    0.416621376113));
#6266 = CARTESIAN_POINT('',(-2.358546014246,3.247975608167,
    0.416707718906));
#6267 = CARTESIAN_POINT('',(-2.358546014246,3.246991671296,
    0.416707718906));
#6268 = ADVANCED_FACE('',(#6269),#6287,.F.);
#6269 = FACE_BOUND('',#6270,.F.);
#6270 = EDGE_LOOP('',(#6271,#6272,#6281,#6286));
#6271 = ORIENTED_EDGE('',*,*,#6254,.F.);
#6272 = ORIENTED_EDGE('',*,*,#6273,.T.);
#6273 = EDGE_CURVE('',#6246,#6274,#6276,.T.);
#6274 = VERTEX_POINT('',#6275);
#6275 = CARTESIAN_POINT('',(-2.318874198751,3.247975608167,
    0.405632876709));
#6276 = B_SPLINE_CURVE_WITH_KNOTS('',3,(#6277,#6278,#6279,#6280),
  .UNSPECIFIED.,.F.,.F.,(4,4),(7.,8.),.PIECEWISE_BEZIER_KNOTS.);
#6277 = CARTESIAN_POINT('',(-2.358546014246,3.247975608167,
    0.416707718906));
#6278 = CARTESIAN_POINT('',(-2.342893648818,3.247975608167,
    0.416818731067));
#6279 = CARTESIAN_POINT('',(-2.329669710319,3.247975608167,
    0.413127117002));
#6280 = CARTESIAN_POINT('',(-2.318874198751,3.247975608167,
    0.405632876709));
#6281 = ORIENTED_EDGE('',*,*,#6282,.T.);
#6282 = EDGE_CURVE('',#6274,#1181,#6283,.T.);
#6283 = B_SPLINE_CURVE_WITH_KNOTS('',1,(#6284,#6285),.UNSPECIFIED.,.F.,
  .F.,(2,2),(-0.,9.839368700902E-04),.PIECEWISE_BEZIER_KNOTS.);
#6284 = CARTESIAN_POINT('',(-2.318874198751,3.247975608167,
    0.405632876709));
#6285 = CARTESIAN_POINT('',(-2.318874198751,3.246991671296,
    0.405632876709));
#6286 = ORIENTED_EDGE('',*,*,#1189,.F.);
#6287 = B_SPLINE_SURFACE_WITH_KNOTS('',3,1,(
    (#6288,#6289)
    ,(#6290,#6291)
    ,(#6292,#6293)
    ,(#6294,#6295
    )),.UNSPECIFIED.,.F.,.F.,.F.,(4,4),(2,2),(7.,8.),(0.,1.),
  .PIECEWISE_BEZIER_KNOTS.);
#6288 = CARTESIAN_POINT('',(-2.358546014246,3.247975608167,
    0.416707718906));
#6289 = CARTESIAN_POINT('',(-2.358546014246,3.246991671296,
    0.416707718906));
#6290 = CARTESIAN_POINT('',(-2.342893648818,3.247975608167,
    0.416818731067));
#6291 = CARTESIAN_POINT('',(-2.342893648818,3.246991671296,
    0.416818731067));
#6292 = CARTESIAN_POINT('',(-2.329669710319,3.247975608167,
    0.413127117002));
#6293 = CARTESIAN_POINT('',(-2.329669710319,3.246991671296,
    0.413127117002));
#6294 = CARTESIAN_POINT('',(-2.318874198751,3.247975608167,
    0.405632876709));
#6295 = CARTESIAN_POINT('',(-2.318874198751,3.246991671296,
    0.405632876709));
#6296 = ADVANCED_FACE('',(#6297),#6315,.F.);
#6297 = FACE_BOUND('',#6298,.F.);
#6298 = EDGE_LOOP('',(#6299,#6300,#6309,#6314));
#6299 = ORIENTED_EDGE('',*,*,#6282,.F.);
#6300 = ORIENTED_EDGE('',*,*,#6301,.T.);
#6301 = EDGE_CURVE('',#6274,#6302,#6304,.T.);
#6302 = VERTEX_POINT('',#6303);
#6303 = CARTESIAN_POINT('',(-2.302596401389,3.247975608167,
    0.375260484629));
#6304 = B_SPLINE_CURVE_WITH_KNOTS('',3,(#6305,#6306,#6307,#6308),
  .UNSPECIFIED.,.F.,.F.,(4,4),(6.,7.),.PIECEWISE_BEZIER_KNOTS.);
#6305 = CARTESIAN_POINT('',(-2.318874198751,3.247975608167,
    0.405632876709));
#6306 = CARTESIAN_POINT('',(-2.308129113134,3.247975608167,0.39803597059
    ));
#6307 = CARTESIAN_POINT('',(-2.302686372029,3.247975608167,
    0.387946061838));
#6308 = CARTESIAN_POINT('',(-2.302596401389,3.247975608167,
    0.375260484629));
#6309 = ORIENTED_EDGE('',*,*,#6310,.T.);
#6310 = EDGE_CURVE('',#6302,#1172,#6311,.T.);
#6311 = B_SPLINE_CURVE_WITH_KNOTS('',1,(#6312,#6313),.UNSPECIFIED.,.F.,
  .F.,(2,2),(-0.,9.839368700902E-04),.PIECEWISE_BEZIER_KNOTS.);
#6312 = CARTESIAN_POINT('',(-2.302596401389,3.247975608167,
    0.375260484629));
#6313 = CARTESIAN_POINT('',(-2.302596401389,3.246991671296,
    0.375260484629));
#6314 = ORIENTED_EDGE('',*,*,#1180,.F.);
#6315 = B_SPLINE_SURFACE_WITH_KNOTS('',3,1,(
    (#6316,#6317)
    ,(#6318,#6319)
    ,(#6320,#6321)
    ,(#6322,#6323
    )),.UNSPECIFIED.,.F.,.F.,.F.,(4,4),(2,2),(6.,7.),(0.,1.),
  .PIECEWISE_BEZIER_KNOTS.);
#6316 = CARTESIAN_POINT('',(-2.318874198751,3.247975608167,
    0.405632876709));
#6317 = CARTESIAN_POINT('',(-2.318874198751,3.246991671296,
    0.405632876709));
#6318 = CARTESIAN_POINT('',(-2.308129113134,3.247975608167,0.39803597059
    ));
#6319 = CARTESIAN_POINT('',(-2.308129113134,3.246991671296,0.39803597059
    ));
#6320 = CARTESIAN_POINT('',(-2.302686372029,3.247975608167,
    0.387946061838));
#6321 = CARTESIAN_POINT('',(-2.302686372029,3.246991671296,
    0.387946061838));
#6322 = CARTESIAN_POINT('',(-2.302596401389,3.247975608167,
    0.375260484629));
#6323 = CARTESIAN_POINT('',(-2.302596401389,3.246991671296,
    0.375260484629));
#6324 = ADVANCED_FACE('',(#6325),#6343,.F.);
#6325 = FACE_BOUND('',#6326,.F.);
#6326 = EDGE_LOOP('',(#6327,#6328,#6337,#6342));
#6327 = ORIENTED_EDGE('',*,*,#6310,.F.);
#6328 = ORIENTED_EDGE('',*,*,#6329,.T.);
#6329 = EDGE_CURVE('',#6302,#6330,#6332,.T.);
#6330 = VERTEX_POINT('',#6331);
#6331 = CARTESIAN_POINT('',(-2.309546111909,3.247975608167,0.35260108525
    ));
#6332 = B_SPLINE_CURVE_WITH_KNOTS('',3,(#6333,#6334,#6335,#6336),
  .UNSPECIFIED.,.F.,.F.,(4,4),(5.,6.),.PIECEWISE_BEZIER_KNOTS.);
#6333 = CARTESIAN_POINT('',(-2.302596401389,3.247975608167,
    0.375260484629));
#6334 = CARTESIAN_POINT('',(-2.302534002396,3.247975608167,
    0.366462423015));
#6335 = CARTESIAN_POINT('',(-2.304833280206,3.247975608167,
    0.358875309803));
#6336 = CARTESIAN_POINT('',(-2.309546111909,3.247975608167,0.35260108525
    ));
#6337 = ORIENTED_EDGE('',*,*,#6338,.T.);
#6338 = EDGE_CURVE('',#6330,#1163,#6339,.T.);
#6339 = B_SPLINE_CURVE_WITH_KNOTS('',1,(#6340,#6341),.UNSPECIFIED.,.F.,
  .F.,(2,2),(-0.,9.839368700902E-04),.PIECEWISE_BEZIER_KNOTS.);
#6340 = CARTESIAN_POINT('',(-2.309546111909,3.247975608167,0.35260108525
    ));
#6341 = CARTESIAN_POINT('',(-2.309546111909,3.246991671296,0.35260108525
    ));
#6342 = ORIENTED_EDGE('',*,*,#1171,.F.);
#6343 = B_SPLINE_SURFACE_WITH_KNOTS('',3,1,(
    (#6344,#6345)
    ,(#6346,#6347)
    ,(#6348,#6349)
    ,(#6350,#6351
    )),.UNSPECIFIED.,.F.,.F.,.F.,(4,4),(2,2),(5.,6.),(0.,1.),
  .PIECEWISE_BEZIER_KNOTS.);
#6344 = CARTESIAN_POINT('',(-2.302596401389,3.247975608167,
    0.375260484629));
#6345 = CARTESIAN_POINT('',(-2.302596401389,3.246991671296,
    0.375260484629));
#6346 = CARTESIAN_POINT('',(-2.302534002396,3.247975608167,
    0.366462423015));
#6347 = CARTESIAN_POINT('',(-2.302534002396,3.246991671296,
    0.366462423015));
#6348 = CARTESIAN_POINT('',(-2.304833280206,3.247975608167,
    0.358875309803));
#6349 = CARTESIAN_POINT('',(-2.304833280206,3.246991671296,
    0.358875309803));
#6350 = CARTESIAN_POINT('',(-2.309546111909,3.247975608167,0.35260108525
    ));
#6351 = CARTESIAN_POINT('',(-2.309546111909,3.246991671296,0.35260108525
    ));
#6352 = ADVANCED_FACE('',(#6353),#6371,.F.);
#6353 = FACE_BOUND('',#6354,.F.);
#6354 = EDGE_LOOP('',(#6355,#6356,#6365,#6370));
#6355 = ORIENTED_EDGE('',*,*,#6338,.F.);
#6356 = ORIENTED_EDGE('',*,*,#6357,.T.);
#6357 = EDGE_CURVE('',#6330,#6358,#6360,.T.);
#6358 = VERTEX_POINT('',#6359);
#6359 = CARTESIAN_POINT('',(-2.340256248685,3.247975608167,
    0.333456263218));
#6360 = B_SPLINE_CURVE_WITH_KNOTS('',3,(#6361,#6362,#6363,#6364),
  .UNSPECIFIED.,.F.,.F.,(4,4),(4.,5.),.PIECEWISE_BEZIER_KNOTS.);
#6361 = CARTESIAN_POINT('',(-2.309546111909,3.247975608167,0.35260108525
    ));
#6362 = CARTESIAN_POINT('',(-2.314207792091,3.247975608167,
    0.346327223482));
#6363 = CARTESIAN_POINT('',(-2.324495414014,3.247975608167,
    0.339911152338));
#6364 = CARTESIAN_POINT('',(-2.340256248685,3.247975608167,
    0.333456263218));
#6365 = ORIENTED_EDGE('',*,*,#6366,.T.);
#6366 = EDGE_CURVE('',#6358,#1154,#6367,.T.);
#6367 = B_SPLINE_CURVE_WITH_KNOTS('',1,(#6368,#6369),.UNSPECIFIED.,.F.,
  .F.,(2,2),(-0.,9.839368700902E-04),.PIECEWISE_BEZIER_KNOTS.);
#6368 = CARTESIAN_POINT('',(-2.340256248685,3.247975608167,
    0.333456263218));
#6369 = CARTESIAN_POINT('',(-2.340256248685,3.246991671296,
    0.333456263218));
#6370 = ORIENTED_EDGE('',*,*,#1162,.F.);
#6371 = B_SPLINE_SURFACE_WITH_KNOTS('',3,1,(
    (#6372,#6373)
    ,(#6374,#6375)
    ,(#6376,#6377)
    ,(#6378,#6379
    )),.UNSPECIFIED.,.F.,.F.,.F.,(4,4),(2,2),(4.,5.),(0.,1.),
  .PIECEWISE_BEZIER_KNOTS.);
#6372 = CARTESIAN_POINT('',(-2.309546111909,3.247975608167,0.35260108525
    ));
#6373 = CARTESIAN_POINT('',(-2.309546111909,3.246991671296,0.35260108525
    ));
#6374 = CARTESIAN_POINT('',(-2.314207792091,3.247975608167,
    0.346327223482));
#6375 = CARTESIAN_POINT('',(-2.314207792091,3.246991671296,
    0.346327223482));
#6376 = CARTESIAN_POINT('',(-2.324495414014,3.247975608167,
    0.339911152338));
#6377 = CARTESIAN_POINT('',(-2.324495414014,3.246991671296,
    0.339911152338));
#6378 = CARTESIAN_POINT('',(-2.340256248685,3.247975608167,
    0.333456263218));
#6379 = CARTESIAN_POINT('',(-2.340256248685,3.246991671296,
    0.333456263218));
#6380 = ADVANCED_FACE('',(#6381),#6399,.F.);
#6381 = FACE_BOUND('',#6382,.F.);
#6382 = EDGE_LOOP('',(#6383,#6384,#6393,#6398));
#6383 = ORIENTED_EDGE('',*,*,#6366,.F.);
#6384 = ORIENTED_EDGE('',*,*,#6385,.T.);
#6385 = EDGE_CURVE('',#6358,#6386,#6388,.T.);
#6386 = VERTEX_POINT('',#6387);
#6387 = CARTESIAN_POINT('',(-2.366406282751,3.247975608167,
    0.320482274341));
#6388 = B_SPLINE_CURVE_WITH_KNOTS('',3,(#6389,#6390,#6391,#6392),
  .UNSPECIFIED.,.F.,.F.,(4,4),(3.,4.),.PIECEWISE_BEZIER_KNOTS.);
#6389 = CARTESIAN_POINT('',(-2.340256248685,3.247975608167,
    0.333456263218));
#6390 = CARTESIAN_POINT('',(-2.35341851376,3.247975608167,0.328452118712
    ));
#6391 = CARTESIAN_POINT('',(-2.362134949926,3.247975608167,
    0.324093354738));
#6392 = CARTESIAN_POINT('',(-2.366406282751,3.247975608167,
    0.320482274341));
#6393 = ORIENTED_EDGE('',*,*,#6394,.T.);
#6394 = EDGE_CURVE('',#6386,#1145,#6395,.T.);
#6395 = B_SPLINE_CURVE_WITH_KNOTS('',1,(#6396,#6397),.UNSPECIFIED.,.F.,
  .F.,(2,2),(-0.,9.839368700902E-04),.PIECEWISE_BEZIER_KNOTS.);
#6396 = CARTESIAN_POINT('',(-2.366406282751,3.247975608167,
    0.320482274341));
#6397 = CARTESIAN_POINT('',(-2.366406282751,3.246991671296,
    0.320482274341));
#6398 = ORIENTED_EDGE('',*,*,#1153,.F.);
#6399 = B_SPLINE_SURFACE_WITH_KNOTS('',3,1,(
    (#6400,#6401)
    ,(#6402,#6403)
    ,(#6404,#6405)
    ,(#6406,#6407
    )),.UNSPECIFIED.,.F.,.F.,.F.,(4,4),(2,2),(3.,4.),(0.,1.),
  .PIECEWISE_BEZIER_KNOTS.);
#6400 = CARTESIAN_POINT('',(-2.340256248685,3.247975608167,
    0.333456263218));
#6401 = CARTESIAN_POINT('',(-2.340256248685,3.246991671296,
    0.333456263218));
#6402 = CARTESIAN_POINT('',(-2.35341851376,3.247975608167,0.328452118712
    ));
#6403 = CARTESIAN_POINT('',(-2.35341851376,3.246991671296,0.328452118712
    ));
#6404 = CARTESIAN_POINT('',(-2.362134949926,3.247975608167,
    0.324093354738));
#6405 = CARTESIAN_POINT('',(-2.362134949926,3.246991671296,
    0.324093354738));
#6406 = CARTESIAN_POINT('',(-2.366406282751,3.247975608167,
    0.320482274341));
#6407 = CARTESIAN_POINT('',(-2.366406282751,3.246991671296,
    0.320482274341));
#6408 = ADVANCED_FACE('',(#6409),#6427,.F.);
#6409 = FACE_BOUND('',#6410,.F.);
#6410 = EDGE_LOOP('',(#6411,#6412,#6421,#6426));
#6411 = ORIENTED_EDGE('',*,*,#6394,.F.);
#6412 = ORIENTED_EDGE('',*,*,#6413,.T.);
#6413 = EDGE_CURVE('',#6386,#6414,#6416,.T.);
#6414 = VERTEX_POINT('',#6415);
#6415 = CARTESIAN_POINT('',(-2.37275487363,3.247975608167,0.306830258863
    ));
#6416 = B_SPLINE_CURVE_WITH_KNOTS('',3,(#6417,#6418,#6419,#6420),
  .UNSPECIFIED.,.F.,.F.,(4,4),(2.,3.),.PIECEWISE_BEZIER_KNOTS.);
#6417 = CARTESIAN_POINT('',(-2.366406282751,3.247975608167,
    0.320482274341));
#6418 = CARTESIAN_POINT('',(-2.370677615578,3.247975608167,
    0.316871193944));
#6419 = CARTESIAN_POINT('',(-2.372794054393,3.247975608167,
    0.312354623133));
#6420 = CARTESIAN_POINT('',(-2.37275487363,3.247975608167,0.306830258863
    ));
#6421 = ORIENTED_EDGE('',*,*,#6422,.T.);
#6422 = EDGE_CURVE('',#6414,#1136,#6423,.T.);
#6423 = B_SPLINE_CURVE_WITH_KNOTS('',1,(#6424,#6425),.UNSPECIFIED.,.F.,
  .F.,(2,2),(-0.,9.839368700902E-04),.PIECEWISE_BEZIER_KNOTS.);
#6424 = CARTESIAN_POINT('',(-2.37275487363,3.247975608167,0.306830258863
    ));
#6425 = CARTESIAN_POINT('',(-2.37275487363,3.246991671296,0.306830258863
    ));
#6426 = ORIENTED_EDGE('',*,*,#1144,.F.);
#6427 = B_SPLINE_SURFACE_WITH_KNOTS('',3,1,(
    (#6428,#6429)
    ,(#6430,#6431)
    ,(#6432,#6433)
    ,(#6434,#6435
    )),.UNSPECIFIED.,.F.,.F.,.F.,(4,4),(2,2),(2.,3.),(0.,1.),
  .PIECEWISE_BEZIER_KNOTS.);
#6428 = CARTESIAN_POINT('',(-2.366406282751,3.247975608167,
    0.320482274341));
#6429 = CARTESIAN_POINT('',(-2.366406282751,3.246991671296,
    0.320482274341));
#6430 = CARTESIAN_POINT('',(-2.370677615578,3.247975608167,
    0.316871193944));
#6431 = CARTESIAN_POINT('',(-2.370677615578,3.246991671296,
    0.316871193944));
#6432 = CARTESIAN_POINT('',(-2.372794054393,3.247975608167,
    0.312354623133));
#6433 = CARTESIAN_POINT('',(-2.372794054393,3.246991671296,
    0.312354623133));
#6434 = CARTESIAN_POINT('',(-2.37275487363,3.247975608167,0.306830258863
    ));
#6435 = CARTESIAN_POINT('',(-2.37275487363,3.246991671296,0.306830258863
    ));
#6436 = ADVANCED_FACE('',(#6437),#6449,.F.);
#6437 = FACE_BOUND('',#6438,.F.);
#6438 = EDGE_LOOP('',(#6439,#6440,#6447,#6448));
#6439 = ORIENTED_EDGE('',*,*,#6422,.F.);
#6440 = ORIENTED_EDGE('',*,*,#6441,.T.);
#6441 = EDGE_CURVE('',#6414,#5887,#6442,.T.);
#6442 = B_SPLINE_CURVE_WITH_KNOTS('',3,(#6443,#6444,#6445,#6446),
  .UNSPECIFIED.,.F.,.F.,(4,4),(1.,2.),.PIECEWISE_BEZIER_KNOTS.);
#6443 = CARTESIAN_POINT('',(-2.37275487363,3.247975608167,0.306830258863
    ));
#6444 = CARTESIAN_POINT('',(-2.37266345185,3.247975608167,0.293940075569
    ));
#6445 = CARTESIAN_POINT('',(-2.362745497406,3.247975608167,
    0.287565001397));
#6446 = CARTESIAN_POINT('',(-2.343052161818,3.247975608167,
    0.287704673561));
#6447 = ORIENTED_EDGE('',*,*,#5886,.T.);
#6448 = ORIENTED_EDGE('',*,*,#1135,.F.);
#6449 = B_SPLINE_SURFACE_WITH_KNOTS('',3,1,(
    (#6450,#6451)
    ,(#6452,#6453)
    ,(#6454,#6455)
    ,(#6456,#6457
    )),.UNSPECIFIED.,.F.,.F.,.F.,(4,4),(2,2),(1.,2.),(0.,1.),
  .PIECEWISE_BEZIER_KNOTS.);
#6450 = CARTESIAN_POINT('',(-2.37275487363,3.247975608167,0.306830258863
    ));
#6451 = CARTESIAN_POINT('',(-2.37275487363,3.246991671296,0.306830258863
    ));
#6452 = CARTESIAN_POINT('',(-2.37266345185,3.247975608167,0.293940075569
    ));
#6453 = CARTESIAN_POINT('',(-2.37266345185,3.246991671296,0.293940075569
    ));
#6454 = CARTESIAN_POINT('',(-2.362745497406,3.247975608167,
    0.287565001397));
#6455 = CARTESIAN_POINT('',(-2.362745497406,3.246991671296,
    0.287565001397));
#6456 = CARTESIAN_POINT('',(-2.343052161818,3.247975608167,
    0.287704673561));
#6457 = CARTESIAN_POINT('',(-2.343052161818,3.246991671296,
    0.287704673561));
#6458 = ADVANCED_FACE('',(#6459),#6482,.F.);
#6459 = FACE_BOUND('',#6460,.T.);
#6460 = EDGE_LOOP('',(#6461,#6462,#6463,#6464,#6465,#6466,#6467,#6468,
    #6469,#6470,#6471,#6472,#6473,#6474,#6475,#6476,#6477,#6478,#6479,
    #6480,#6481));
#6461 = ORIENTED_EDGE('',*,*,#5893,.T.);
#6462 = ORIENTED_EDGE('',*,*,#5928,.T.);
#6463 = ORIENTED_EDGE('',*,*,#5943,.T.);
#6464 = ORIENTED_EDGE('',*,*,#5971,.T.);
#6465 = ORIENTED_EDGE('',*,*,#5999,.T.);
#6466 = ORIENTED_EDGE('',*,*,#6027,.T.);
#6467 = ORIENTED_EDGE('',*,*,#6055,.T.);
#6468 = ORIENTED_EDGE('',*,*,#6083,.T.);
#6469 = ORIENTED_EDGE('',*,*,#6111,.T.);
#6470 = ORIENTED_EDGE('',*,*,#6139,.T.);
#6471 = ORIENTED_EDGE('',*,*,#6167,.T.);
#6472 = ORIENTED_EDGE('',*,*,#6195,.T.);
#6473 = ORIENTED_EDGE('',*,*,#6230,.T.);
#6474 = ORIENTED_EDGE('',*,*,#6245,.T.);
#6475 = ORIENTED_EDGE('',*,*,#6273,.T.);
#6476 = ORIENTED_EDGE('',*,*,#6301,.T.);
#6477 = ORIENTED_EDGE('',*,*,#6329,.T.);
#6478 = ORIENTED_EDGE('',*,*,#6357,.T.);
#6479 = ORIENTED_EDGE('',*,*,#6385,.T.);
#6480 = ORIENTED_EDGE('',*,*,#6413,.T.);
#6481 = ORIENTED_EDGE('',*,*,#6441,.T.);
#6482 = B_SPLINE_SURFACE_WITH_KNOTS('',1,1,(
    (#6483,#6484)
    ,(#6485,#6486
    )),.UNSPECIFIED.,.F.,.F.,.F.,(2,2),(2,2),(-0.125509957863,
    2.41681017264E-02),(-7.683457712698E-02,1.999525899125E-02),
  .PIECEWISE_BEZIER_KNOTS.);
#6483 = CARTESIAN_POINT('',(-2.398568254781,3.247975608167,
    0.416818731067));
#6484 = CARTESIAN_POINT('',(-2.301738418663,3.247975608167,
    0.416818731067));
#6485 = CARTESIAN_POINT('',(-2.398568254781,3.247975608167,
    0.267140671478));
#6486 = CARTESIAN_POINT('',(-2.301738418663,3.247975608167,
    0.267140671478));
#6487 = ADVANCED_FACE('',(#6488),#6510,.F.);
#6488 = FACE_BOUND('',#6489,.T.);
#6489 = EDGE_LOOP('',(#6490,#6491,#6498,#6505));
#6490 = ORIENTED_EDGE('',*,*,#376,.T.);
#6491 = ORIENTED_EDGE('',*,*,#6492,.F.);
#6492 = EDGE_CURVE('',#6493,#379,#6495,.T.);
#6493 = VERTEX_POINT('',#6494);
#6494 = CARTESIAN_POINT('',(-2.523486451268,3.247975608167,
    0.412264040445));
#6495 = B_SPLINE_CURVE_WITH_KNOTS('',1,(#6496,#6497),.UNSPECIFIED.,.F.,
  .F.,(2,2),(-0.,9.839368700902E-04),.PIECEWISE_BEZIER_KNOTS.);
#6496 = CARTESIAN_POINT('',(-2.523486451268,3.247975608167,
    0.412264040445));
#6497 = CARTESIAN_POINT('',(-2.523486451268,3.246991671296,
    0.412264040445));
#6498 = ORIENTED_EDGE('',*,*,#6499,.F.);
#6499 = EDGE_CURVE('',#6500,#6493,#6502,.T.);
#6500 = VERTEX_POINT('',#6501);
#6501 = CARTESIAN_POINT('',(-2.549471423939,3.247975608167,
    0.412079745746));
#6502 = B_SPLINE_CURVE_WITH_KNOTS('',1,(#6503,#6504),.UNSPECIFIED.,.F.,
  .F.,(2,2),(-2.598562620477E-02,0.),.PIECEWISE_BEZIER_KNOTS.);
#6503 = CARTESIAN_POINT('',(-2.549471423939,3.247975608167,
    0.412079745746));
#6504 = CARTESIAN_POINT('',(-2.523486451268,3.247975608167,
    0.412264040445));
#6505 = ORIENTED_EDGE('',*,*,#6506,.T.);
#6506 = EDGE_CURVE('',#6500,#377,#6507,.T.);
#6507 = B_SPLINE_CURVE_WITH_KNOTS('',1,(#6508,#6509),.UNSPECIFIED.,.F.,
  .F.,(2,2),(-0.,9.839368700902E-04),.PIECEWISE_BEZIER_KNOTS.);
#6508 = CARTESIAN_POINT('',(-2.549471423939,3.247975608167,
    0.412079745746));
#6509 = CARTESIAN_POINT('',(-2.549471423939,3.246991671296,
    0.412079745746));
#6510 = B_SPLINE_SURFACE_WITH_KNOTS('',1,1,(
    (#6511,#6512)
    ,(#6513,#6514
    )),.UNSPECIFIED.,.F.,.F.,.F.,(2,2),(2,2),(-0.,2.598562620477E-02),(
    -9.839368700902E-04,0.),.PIECEWISE_BEZIER_KNOTS.);
#6511 = CARTESIAN_POINT('',(-2.523486451268,3.246991671296,
    0.412264040445));
#6512 = CARTESIAN_POINT('',(-2.523486451268,3.247975608167,
    0.412264040445));
#6513 = CARTESIAN_POINT('',(-2.549471423939,3.246991671296,
    0.412079745746));
#6514 = CARTESIAN_POINT('',(-2.549471423939,3.247975608167,
    0.412079745746));
#6515 = ADVANCED_FACE('',(#6516),#6532,.F.);
#6516 = FACE_BOUND('',#6517,.T.);
#6517 = EDGE_LOOP('',(#6518,#6519,#6526,#6531));
#6518 = ORIENTED_EDGE('',*,*,#486,.T.);
#6519 = ORIENTED_EDGE('',*,*,#6520,.F.);
#6520 = EDGE_CURVE('',#6521,#478,#6523,.T.);
#6521 = VERTEX_POINT('',#6522);
#6522 = CARTESIAN_POINT('',(-2.483694541431,3.247975608167,
    0.304918045079));
#6523 = B_SPLINE_CURVE_WITH_KNOTS('',1,(#6524,#6525),.UNSPECIFIED.,.F.,
  .F.,(2,2),(-0.,9.839368700902E-04),.PIECEWISE_BEZIER_KNOTS.);
#6524 = CARTESIAN_POINT('',(-2.483694541431,3.247975608167,
    0.304918045079));
#6525 = CARTESIAN_POINT('',(-2.483694541431,3.246991671296,
    0.304918045079));
#6526 = ORIENTED_EDGE('',*,*,#6527,.F.);
#6527 = EDGE_CURVE('',#6493,#6521,#6528,.T.);
#6528 = B_SPLINE_CURVE_WITH_KNOTS('',1,(#6529,#6530),.UNSPECIFIED.,.F.,
  .F.,(2,2),(-0.11448388013,2.03089595406E-16),
  .PIECEWISE_BEZIER_KNOTS.);
#6529 = CARTESIAN_POINT('',(-2.523486451268,3.247975608167,
    0.412264040445));
#6530 = CARTESIAN_POINT('',(-2.483694541431,3.247975608167,
    0.304918045079));
#6531 = ORIENTED_EDGE('',*,*,#6492,.T.);
#6532 = B_SPLINE_SURFACE_WITH_KNOTS('',1,1,(
    (#6533,#6534)
    ,(#6535,#6536
    )),.UNSPECIFIED.,.F.,.F.,.F.,(2,2),(2,2),(-2.03089595406E-16,
    0.11448388013),(-9.839368700902E-04,0.),.PIECEWISE_BEZIER_KNOTS.);
#6533 = CARTESIAN_POINT('',(-2.483694541431,3.246991671296,
    0.304918045079));
#6534 = CARTESIAN_POINT('',(-2.483694541431,3.247975608167,
    0.304918045079));
#6535 = CARTESIAN_POINT('',(-2.523486451268,3.246991671296,
    0.412264040445));
#6536 = CARTESIAN_POINT('',(-2.523486451268,3.247975608167,
    0.412264040445));
#6537 = ADVANCED_FACE('',(#6538),#6556,.F.);
#6538 = FACE_BOUND('',#6539,.F.);
#6539 = EDGE_LOOP('',(#6540,#6541,#6550,#6555));
#6540 = ORIENTED_EDGE('',*,*,#6520,.F.);
#6541 = ORIENTED_EDGE('',*,*,#6542,.T.);
#6542 = EDGE_CURVE('',#6521,#6543,#6545,.T.);
#6543 = VERTEX_POINT('',#6544);
#6544 = CARTESIAN_POINT('',(-2.480543460795,3.247975608167,
    0.293379568421));
#6545 = B_SPLINE_CURVE_WITH_KNOTS('',3,(#6546,#6547,#6548,#6549),
  .UNSPECIFIED.,.F.,.F.,(4,4),(12.,13.),.PIECEWISE_BEZIER_KNOTS.);
#6546 = CARTESIAN_POINT('',(-2.483694541431,3.247975608167,
    0.304918045079));
#6547 = CARTESIAN_POINT('',(-2.482124442886,3.247975608167,
    0.299916079566));
#6548 = CARTESIAN_POINT('',(-2.481073840817,3.247975608167,
    0.296035819666));
#6549 = CARTESIAN_POINT('',(-2.480543460795,3.247975608167,
    0.293379568421));
#6550 = ORIENTED_EDGE('',*,*,#6551,.T.);
#6551 = EDGE_CURVE('',#6543,#471,#6552,.T.);
#6552 = B_SPLINE_CURVE_WITH_KNOTS('',1,(#6553,#6554),.UNSPECIFIED.,.F.,
  .F.,(2,2),(-0.,9.839368700902E-04),.PIECEWISE_BEZIER_KNOTS.);
#6553 = CARTESIAN_POINT('',(-2.480543460795,3.247975608167,
    0.293379568421));
#6554 = CARTESIAN_POINT('',(-2.480543460795,3.246991671296,
    0.293379568421));
#6555 = ORIENTED_EDGE('',*,*,#477,.F.);
#6556 = B_SPLINE_SURFACE_WITH_KNOTS('',3,1,(
    (#6557,#6558)
    ,(#6559,#6560)
    ,(#6561,#6562)
    ,(#6563,#6564
    )),.UNSPECIFIED.,.F.,.F.,.F.,(4,4),(2,2),(12.,13.),(0.,1.),
  .PIECEWISE_BEZIER_KNOTS.);
#6557 = CARTESIAN_POINT('',(-2.483694541431,3.247975608167,
    0.304918045079));
#6558 = CARTESIAN_POINT('',(-2.483694541431,3.246991671296,
    0.304918045079));
#6559 = CARTESIAN_POINT('',(-2.482124442886,3.247975608167,
    0.299916079566));
#6560 = CARTESIAN_POINT('',(-2.482124442886,3.246991671296,
    0.299916079566));
#6561 = CARTESIAN_POINT('',(-2.481073840817,3.247975608167,
    0.296035819666));
#6562 = CARTESIAN_POINT('',(-2.481073840817,3.246991671296,
    0.296035819666));
#6563 = CARTESIAN_POINT('',(-2.480543460795,3.247975608167,
    0.293379568421));
#6564 = CARTESIAN_POINT('',(-2.480543460795,3.246991671296,
    0.293379568421));
#6565 = ADVANCED_FACE('',(#6566),#6582,.F.);
#6566 = FACE_BOUND('',#6567,.T.);
#6567 = EDGE_LOOP('',(#6568,#6569,#6576,#6581));
#6568 = ORIENTED_EDGE('',*,*,#470,.T.);
#6569 = ORIENTED_EDGE('',*,*,#6570,.F.);
#6570 = EDGE_CURVE('',#6571,#464,#6573,.T.);
#6571 = VERTEX_POINT('',#6572);
#6572 = CARTESIAN_POINT('',(-2.479878491023,3.247975608167,
    0.293384284624));
#6573 = B_SPLINE_CURVE_WITH_KNOTS('',1,(#6574,#6575),.UNSPECIFIED.,.F.,
  .F.,(2,2),(-0.,9.839368700902E-04),.PIECEWISE_BEZIER_KNOTS.);
#6574 = CARTESIAN_POINT('',(-2.479878491023,3.247975608167,
    0.293384284624));
#6575 = CARTESIAN_POINT('',(-2.479878491023,3.246991671296,
    0.293384284624));
#6576 = ORIENTED_EDGE('',*,*,#6577,.F.);
#6577 = EDGE_CURVE('',#6543,#6571,#6578,.T.);
#6578 = B_SPLINE_CURVE_WITH_KNOTS('',1,(#6579,#6580),.UNSPECIFIED.,.F.,
  .F.,(2,2),(-6.649864966318E-04,0.),.PIECEWISE_BEZIER_KNOTS.);
#6579 = CARTESIAN_POINT('',(-2.480543460795,3.247975608167,
    0.293379568421));
#6580 = CARTESIAN_POINT('',(-2.479878491023,3.247975608167,
    0.293384284624));
#6581 = ORIENTED_EDGE('',*,*,#6551,.T.);
#6582 = B_SPLINE_SURFACE_WITH_KNOTS('',1,1,(
    (#6583,#6584)
    ,(#6585,#6586
    )),.UNSPECIFIED.,.F.,.F.,.F.,(2,2),(2,2),(-0.,6.649864966318E-04),(
    -9.839368700902E-04,0.),.PIECEWISE_BEZIER_KNOTS.);
#6583 = CARTESIAN_POINT('',(-2.479878491023,3.246991671296,
    0.293384284624));
#6584 = CARTESIAN_POINT('',(-2.479878491023,3.247975608167,
    0.293384284624));
#6585 = CARTESIAN_POINT('',(-2.480543460795,3.246991671296,
    0.293379568421));
#6586 = CARTESIAN_POINT('',(-2.480543460795,3.247975608167,
    0.293379568421));
#6587 = ADVANCED_FACE('',(#6588),#6604,.F.);
#6588 = FACE_BOUND('',#6589,.T.);
#6589 = EDGE_LOOP('',(#6590,#6591,#6598,#6603));
#6590 = ORIENTED_EDGE('',*,*,#463,.T.);
#6591 = ORIENTED_EDGE('',*,*,#6592,.F.);
#6592 = EDGE_CURVE('',#6593,#457,#6595,.T.);
#6593 = VERTEX_POINT('',#6594);
#6594 = CARTESIAN_POINT('',(-2.476892840276,3.247975608167,
    0.305170901547));
#6595 = B_SPLINE_CURVE_WITH_KNOTS('',1,(#6596,#6597),.UNSPECIFIED.,.F.,
  .F.,(2,2),(-0.,9.839368700902E-04),.PIECEWISE_BEZIER_KNOTS.);
#6596 = CARTESIAN_POINT('',(-2.476892840276,3.247975608167,
    0.305170901547));
#6597 = CARTESIAN_POINT('',(-2.476892840276,3.246991671296,
    0.305170901547));
#6598 = ORIENTED_EDGE('',*,*,#6599,.F.);
#6599 = EDGE_CURVE('',#6571,#6593,#6600,.T.);
#6600 = B_SPLINE_CURVE_WITH_KNOTS('',1,(#6601,#6602),.UNSPECIFIED.,.F.,
  .F.,(2,2),(-1.215888353697E-02,0.),.PIECEWISE_BEZIER_KNOTS.);
#6601 = CARTESIAN_POINT('',(-2.479878491023,3.247975608167,
    0.293384284624));
#6602 = CARTESIAN_POINT('',(-2.476892840276,3.247975608167,
    0.305170901547));
#6603 = ORIENTED_EDGE('',*,*,#6570,.T.);
#6604 = B_SPLINE_SURFACE_WITH_KNOTS('',1,1,(
    (#6605,#6606)
    ,(#6607,#6608
    )),.UNSPECIFIED.,.F.,.F.,.F.,(2,2),(2,2),(-5.29471927715E-17,
    1.215888353697E-02),(-9.839368700902E-04,0.),
  .PIECEWISE_BEZIER_KNOTS.);
#6605 = CARTESIAN_POINT('',(-2.476892840276,3.246991671296,
    0.305170901547));
#6606 = CARTESIAN_POINT('',(-2.476892840276,3.247975608167,
    0.305170901547));
#6607 = CARTESIAN_POINT('',(-2.479878491023,3.246991671296,
    0.293384284624));
#6608 = CARTESIAN_POINT('',(-2.479878491023,3.247975608167,
    0.293384284624));
#6609 = ADVANCED_FACE('',(#6610),#6626,.F.);
#6610 = FACE_BOUND('',#6611,.T.);
#6611 = EDGE_LOOP('',(#6612,#6613,#6620,#6625));
#6612 = ORIENTED_EDGE('',*,*,#456,.T.);
#6613 = ORIENTED_EDGE('',*,*,#6614,.F.);
#6614 = EDGE_CURVE('',#6615,#450,#6617,.T.);
#6615 = VERTEX_POINT('',#6616);
#6616 = CARTESIAN_POINT('',(-2.440314078108,3.247975608167,
    0.412853928598));
#6617 = B_SPLINE_CURVE_WITH_KNOTS('',1,(#6618,#6619),.UNSPECIFIED.,.F.,
  .F.,(2,2),(-0.,9.839368700902E-04),.PIECEWISE_BEZIER_KNOTS.);
#6618 = CARTESIAN_POINT('',(-2.440314078108,3.247975608167,
    0.412853928598));
#6619 = CARTESIAN_POINT('',(-2.440314078108,3.246991671296,
    0.412853928598));
#6620 = ORIENTED_EDGE('',*,*,#6621,.F.);
#6621 = EDGE_CURVE('',#6593,#6615,#6622,.T.);
#6622 = B_SPLINE_CURVE_WITH_KNOTS('',1,(#6623,#6624),.UNSPECIFIED.,.F.,
  .F.,(2,2),(-0.113726163027,0.),.PIECEWISE_BEZIER_KNOTS.);
#6623 = CARTESIAN_POINT('',(-2.476892840276,3.247975608167,
    0.305170901547));
#6624 = CARTESIAN_POINT('',(-2.440314078108,3.247975608167,
    0.412853928598));
#6625 = ORIENTED_EDGE('',*,*,#6592,.T.);
#6626 = B_SPLINE_SURFACE_WITH_KNOTS('',1,1,(
    (#6627,#6628)
    ,(#6629,#6630
    )),.UNSPECIFIED.,.F.,.F.,.F.,(2,2),(2,2),(0.,0.113726163027),(
    -9.839368700902E-04,0.),.PIECEWISE_BEZIER_KNOTS.);
#6627 = CARTESIAN_POINT('',(-2.440314078108,3.246991671296,
    0.412853928598));
#6628 = CARTESIAN_POINT('',(-2.440314078108,3.247975608167,
    0.412853928598));
#6629 = CARTESIAN_POINT('',(-2.476892840276,3.246991671296,
    0.305170901547));
#6630 = CARTESIAN_POINT('',(-2.476892840276,3.247975608167,
    0.305170901547));
#6631 = ADVANCED_FACE('',(#6632),#6648,.F.);
#6632 = FACE_BOUND('',#6633,.T.);
#6633 = EDGE_LOOP('',(#6634,#6635,#6642,#6647));
#6634 = ORIENTED_EDGE('',*,*,#449,.T.);
#6635 = ORIENTED_EDGE('',*,*,#6636,.F.);
#6636 = EDGE_CURVE('',#6637,#443,#6639,.T.);
#6637 = VERTEX_POINT('',#6638);
#6638 = CARTESIAN_POINT('',(-2.412283044596,3.247975608167,
    0.413052734692));
#6639 = B_SPLINE_CURVE_WITH_KNOTS('',1,(#6640,#6641),.UNSPECIFIED.,.F.,
  .F.,(2,2),(-0.,9.839368700902E-04),.PIECEWISE_BEZIER_KNOTS.);
#6640 = CARTESIAN_POINT('',(-2.412283044596,3.247975608167,
    0.413052734692));
#6641 = CARTESIAN_POINT('',(-2.412283044596,3.246991671296,
    0.413052734692));
#6642 = ORIENTED_EDGE('',*,*,#6643,.F.);
#6643 = EDGE_CURVE('',#6615,#6637,#6644,.T.);
#6644 = B_SPLINE_CURVE_WITH_KNOTS('',1,(#6645,#6646),.UNSPECIFIED.,.F.,
  .F.,(2,2),(-2.803173850551E-02,0.),.PIECEWISE_BEZIER_KNOTS.);
#6645 = CARTESIAN_POINT('',(-2.440314078108,3.247975608167,
    0.412853928598));
#6646 = CARTESIAN_POINT('',(-2.412283044596,3.247975608167,
    0.413052734692));
#6647 = ORIENTED_EDGE('',*,*,#6614,.T.);
#6648 = B_SPLINE_SURFACE_WITH_KNOTS('',1,1,(
    (#6649,#6650)
    ,(#6651,#6652
    )),.UNSPECIFIED.,.F.,.F.,.F.,(2,2),(2,2),(0.,2.803173850551E-02),(
    -9.839368700902E-04,0.),.PIECEWISE_BEZIER_KNOTS.);
#6649 = CARTESIAN_POINT('',(-2.412283044596,3.246991671296,
    0.413052734692));
#6650 = CARTESIAN_POINT('',(-2.412283044596,3.247975608167,
    0.413052734692));
#6651 = CARTESIAN_POINT('',(-2.440314078108,3.246991671296,
    0.412853928598));
#6652 = CARTESIAN_POINT('',(-2.440314078108,3.247975608167,
    0.412853928598));
#6653 = ADVANCED_FACE('',(#6654),#6670,.F.);
#6654 = FACE_BOUND('',#6655,.T.);
#6655 = EDGE_LOOP('',(#6656,#6657,#6664,#6669));
#6656 = ORIENTED_EDGE('',*,*,#442,.T.);
#6657 = ORIENTED_EDGE('',*,*,#6658,.F.);
#6658 = EDGE_CURVE('',#6659,#436,#6661,.T.);
#6659 = VERTEX_POINT('',#6660);
#6660 = CARTESIAN_POINT('',(-2.467333667481,3.247975608167,
    0.270044681935));
#6661 = B_SPLINE_CURVE_WITH_KNOTS('',1,(#6662,#6663),.UNSPECIFIED.,.F.,
  .F.,(2,2),(-0.,9.839368700902E-04),.PIECEWISE_BEZIER_KNOTS.);
#6662 = CARTESIAN_POINT('',(-2.467333667481,3.247975608167,
    0.270044681935));
#6663 = CARTESIAN_POINT('',(-2.467333667481,3.246991671296,
    0.270044681935));
#6664 = ORIENTED_EDGE('',*,*,#6665,.F.);
#6665 = EDGE_CURVE('',#6637,#6659,#6666,.T.);
#6666 = B_SPLINE_CURVE_WITH_KNOTS('',1,(#6667,#6668),.UNSPECIFIED.,.F.,
  .F.,(2,2),(-0.153237966031,-0.),.PIECEWISE_BEZIER_KNOTS.);
#6667 = CARTESIAN_POINT('',(-2.412283044596,3.247975608167,
    0.413052734692));
#6668 = CARTESIAN_POINT('',(-2.467333667481,3.247975608167,
    0.270044681935));
#6669 = ORIENTED_EDGE('',*,*,#6636,.T.);
#6670 = B_SPLINE_SURFACE_WITH_KNOTS('',1,1,(
    (#6671,#6672)
    ,(#6673,#6674
    )),.UNSPECIFIED.,.F.,.F.,.F.,(2,2),(2,2),(0.,0.153237966031),(
    -9.839368700902E-04,0.),.PIECEWISE_BEZIER_KNOTS.);
#6671 = CARTESIAN_POINT('',(-2.467333667481,3.246991671296,
    0.270044681935));
#6672 = CARTESIAN_POINT('',(-2.467333667481,3.247975608167,
    0.270044681935));
#6673 = CARTESIAN_POINT('',(-2.412283044596,3.246991671296,
    0.413052734692));
#6674 = CARTESIAN_POINT('',(-2.412283044596,3.247975608167,
    0.413052734692));
#6675 = ADVANCED_FACE('',(#6676),#6692,.F.);
#6676 = FACE_BOUND('',#6677,.T.);
#6677 = EDGE_LOOP('',(#6678,#6679,#6686,#6691));
#6678 = ORIENTED_EDGE('',*,*,#435,.T.);
#6679 = ORIENTED_EDGE('',*,*,#6680,.F.);
#6680 = EDGE_CURVE('',#6681,#427,#6683,.T.);
#6681 = VERTEX_POINT('',#6682);
#6682 = CARTESIAN_POINT('',(-2.456151795764,3.247975608167,
    0.244137708004));
#6683 = B_SPLINE_CURVE_WITH_KNOTS('',1,(#6684,#6685),.UNSPECIFIED.,.F.,
  .F.,(2,2),(-0.,9.839368700902E-04),.PIECEWISE_BEZIER_KNOTS.);
#6684 = CARTESIAN_POINT('',(-2.456151795764,3.247975608167,
    0.244137708004));
#6685 = CARTESIAN_POINT('',(-2.456151795764,3.246991671296,
    0.244137708004));
#6686 = ORIENTED_EDGE('',*,*,#6687,.F.);
#6687 = EDGE_CURVE('',#6659,#6681,#6688,.T.);
#6688 = B_SPLINE_CURVE_WITH_KNOTS('',1,(#6689,#6690),.UNSPECIFIED.,.F.,
  .F.,(2,2),(-2.821711454732E-02,2.507388098721E-17),
  .PIECEWISE_BEZIER_KNOTS.);
#6689 = CARTESIAN_POINT('',(-2.467333667481,3.247975608167,
    0.270044681935));
#6690 = CARTESIAN_POINT('',(-2.456151795764,3.247975608167,
    0.244137708004));
#6691 = ORIENTED_EDGE('',*,*,#6658,.T.);
#6692 = B_SPLINE_SURFACE_WITH_KNOTS('',1,1,(
    (#6693,#6694)
    ,(#6695,#6696
    )),.UNSPECIFIED.,.F.,.F.,.F.,(2,2),(2,2),(-2.548322128118E-17,
    2.821711454732E-02),(-9.839368700902E-04,0.),
  .PIECEWISE_BEZIER_KNOTS.);
#6693 = CARTESIAN_POINT('',(-2.456151795764,3.246991671296,
    0.244137708004));
#6694 = CARTESIAN_POINT('',(-2.456151795764,3.247975608167,
    0.244137708004));
#6695 = CARTESIAN_POINT('',(-2.467333667481,3.246991671296,
    0.270044681935));
#6696 = CARTESIAN_POINT('',(-2.467333667481,3.247975608167,
    0.270044681935));
#6697 = ADVANCED_FACE('',(#6698),#6716,.F.);
#6698 = FACE_BOUND('',#6699,.F.);
#6699 = EDGE_LOOP('',(#6700,#6701,#6710,#6715));
#6700 = ORIENTED_EDGE('',*,*,#6680,.F.);
#6701 = ORIENTED_EDGE('',*,*,#6702,.T.);
#6702 = EDGE_CURVE('',#6681,#6703,#6705,.T.);
#6703 = VERTEX_POINT('',#6704);
#6704 = CARTESIAN_POINT('',(-2.43033079499,3.247975608167,0.224166126717
    ));
#6705 = B_SPLINE_CURVE_WITH_KNOTS('',3,(#6706,#6707,#6708,#6709),
  .UNSPECIFIED.,.F.,.F.,(4,4),(5.,6.),.PIECEWISE_BEZIER_KNOTS.);
#6706 = CARTESIAN_POINT('',(-2.456151795764,3.247975608167,
    0.244137708004));
#6707 = CARTESIAN_POINT('',(-2.450378201734,3.247975608167,
    0.230673975575));
#6708 = CARTESIAN_POINT('',(-2.441788735697,3.247975608167,
    0.224084862912));
#6709 = CARTESIAN_POINT('',(-2.43033079499,3.247975608167,0.224166126717
    ));
#6710 = ORIENTED_EDGE('',*,*,#6711,.T.);
#6711 = EDGE_CURVE('',#6703,#418,#6712,.T.);
#6712 = B_SPLINE_CURVE_WITH_KNOTS('',1,(#6713,#6714),.UNSPECIFIED.,.F.,
  .F.,(2,2),(-0.,9.839368700902E-04),.PIECEWISE_BEZIER_KNOTS.);
#6713 = CARTESIAN_POINT('',(-2.43033079499,3.247975608167,0.224166126717
    ));
#6714 = CARTESIAN_POINT('',(-2.43033079499,3.246991671296,0.224166126717
    ));
#6715 = ORIENTED_EDGE('',*,*,#426,.F.);
#6716 = B_SPLINE_SURFACE_WITH_KNOTS('',3,1,(
    (#6717,#6718)
    ,(#6719,#6720)
    ,(#6721,#6722)
    ,(#6723,#6724
    )),.UNSPECIFIED.,.F.,.F.,.F.,(4,4),(2,2),(5.,6.),(0.,1.),
  .PIECEWISE_BEZIER_KNOTS.);
#6717 = CARTESIAN_POINT('',(-2.456151795764,3.247975608167,
    0.244137708004));
#6718 = CARTESIAN_POINT('',(-2.456151795764,3.246991671296,
    0.244137708004));
#6719 = CARTESIAN_POINT('',(-2.450378201734,3.247975608167,
    0.230673975575));
#6720 = CARTESIAN_POINT('',(-2.450378201734,3.246991671296,
    0.230673975575));
#6721 = CARTESIAN_POINT('',(-2.441788735697,3.247975608167,
    0.224084862912));
#6722 = CARTESIAN_POINT('',(-2.441788735697,3.246991671296,
    0.224084862912));
#6723 = CARTESIAN_POINT('',(-2.43033079499,3.247975608167,0.224166126717
    ));
#6724 = CARTESIAN_POINT('',(-2.43033079499,3.246991671296,0.224166126717
    ));
#6725 = ADVANCED_FACE('',(#6726),#6744,.F.);
#6726 = FACE_BOUND('',#6727,.F.);
#6727 = EDGE_LOOP('',(#6728,#6729,#6738,#6743));
#6728 = ORIENTED_EDGE('',*,*,#6711,.F.);
#6729 = ORIENTED_EDGE('',*,*,#6730,.T.);
#6730 = EDGE_CURVE('',#6703,#6731,#6733,.T.);
#6731 = VERTEX_POINT('',#6732);
#6732 = CARTESIAN_POINT('',(-2.416130988102,3.247975608167,0.22713146608
    ));
#6733 = B_SPLINE_CURVE_WITH_KNOTS('',3,(#6734,#6735,#6736,#6737),
  .UNSPECIFIED.,.F.,.F.,(4,4),(4.,5.),.PIECEWISE_BEZIER_KNOTS.);
#6734 = CARTESIAN_POINT('',(-2.43033079499,3.247975608167,0.224166126717
    ));
#6735 = CARTESIAN_POINT('',(-2.4257271581,3.247975608167,0.224198777353)
  );
#6736 = CARTESIAN_POINT('',(-2.421027748295,3.247975608167,
    0.225152880937));
#6737 = CARTESIAN_POINT('',(-2.416130988102,3.247975608167,0.22713146608
    ));
#6738 = ORIENTED_EDGE('',*,*,#6739,.T.);
#6739 = EDGE_CURVE('',#6731,#411,#6740,.T.);
#6740 = B_SPLINE_CURVE_WITH_KNOTS('',1,(#6741,#6742),.UNSPECIFIED.,.F.,
  .F.,(2,2),(-0.,9.839368700902E-04),.PIECEWISE_BEZIER_KNOTS.);
#6741 = CARTESIAN_POINT('',(-2.416130988102,3.247975608167,0.22713146608
    ));
#6742 = CARTESIAN_POINT('',(-2.416130988102,3.246991671296,0.22713146608
    ));
#6743 = ORIENTED_EDGE('',*,*,#417,.F.);
#6744 = B_SPLINE_SURFACE_WITH_KNOTS('',3,1,(
    (#6745,#6746)
    ,(#6747,#6748)
    ,(#6749,#6750)
    ,(#6751,#6752
    )),.UNSPECIFIED.,.F.,.F.,.F.,(4,4),(2,2),(4.,5.),(0.,1.),
  .PIECEWISE_BEZIER_KNOTS.);
#6745 = CARTESIAN_POINT('',(-2.43033079499,3.247975608167,0.224166126717
    ));
#6746 = CARTESIAN_POINT('',(-2.43033079499,3.246991671296,0.224166126717
    ));
#6747 = CARTESIAN_POINT('',(-2.4257271581,3.247975608167,0.224198777353)
  );
#6748 = CARTESIAN_POINT('',(-2.4257271581,3.246991671296,0.224198777353)
  );
#6749 = CARTESIAN_POINT('',(-2.421027748295,3.247975608167,
    0.225152880937));
#6750 = CARTESIAN_POINT('',(-2.421027748295,3.246991671296,
    0.225152880937));
#6751 = CARTESIAN_POINT('',(-2.416130988102,3.247975608167,0.22713146608
    ));
#6752 = CARTESIAN_POINT('',(-2.416130988102,3.246991671296,0.22713146608
    ));
#6753 = ADVANCED_FACE('',(#6754),#6770,.F.);
#6754 = FACE_BOUND('',#6755,.T.);
#6755 = EDGE_LOOP('',(#6756,#6757,#6764,#6769));
#6756 = ORIENTED_EDGE('',*,*,#410,.T.);
#6757 = ORIENTED_EDGE('',*,*,#6758,.F.);
#6758 = EDGE_CURVE('',#6759,#402,#6761,.T.);
#6759 = VERTEX_POINT('',#6760);
#6760 = CARTESIAN_POINT('',(-2.415972813911,3.247975608167,0.20482940292
    ));
#6761 = B_SPLINE_CURVE_WITH_KNOTS('',1,(#6762,#6763),.UNSPECIFIED.,.F.,
  .F.,(2,2),(-0.,9.839368700902E-04),.PIECEWISE_BEZIER_KNOTS.);
#6762 = CARTESIAN_POINT('',(-2.415972813911,3.247975608167,0.20482940292
    ));
#6763 = CARTESIAN_POINT('',(-2.415972813911,3.246991671296,0.20482940292
    ));
#6764 = ORIENTED_EDGE('',*,*,#6765,.F.);
#6765 = EDGE_CURVE('',#6731,#6759,#6766,.T.);
#6766 = B_SPLINE_CURVE_WITH_KNOTS('',1,(#6767,#6768),.UNSPECIFIED.,.F.,
  .F.,(2,2),(-2.230262406684E-02,-2.730904736404E-17),
  .PIECEWISE_BEZIER_KNOTS.);
#6767 = CARTESIAN_POINT('',(-2.416130988102,3.247975608167,0.22713146608
    ));
#6768 = CARTESIAN_POINT('',(-2.415972813911,3.247975608167,0.20482940292
    ));
#6769 = ORIENTED_EDGE('',*,*,#6739,.T.);
#6770 = B_SPLINE_SURFACE_WITH_KNOTS('',1,1,(
    (#6771,#6772)
    ,(#6773,#6774
    )),.UNSPECIFIED.,.F.,.F.,.F.,(2,2),(2,2),(2.730904736404E-17,
    2.230262406684E-02),(-9.839368700902E-04,0.),
  .PIECEWISE_BEZIER_KNOTS.);
#6771 = CARTESIAN_POINT('',(-2.415972813911,3.246991671296,0.20482940292
    ));
#6772 = CARTESIAN_POINT('',(-2.415972813911,3.247975608167,0.20482940292
    ));
#6773 = CARTESIAN_POINT('',(-2.416130988102,3.246991671296,0.22713146608
    ));
#6774 = CARTESIAN_POINT('',(-2.416130988102,3.247975608167,0.22713146608
    ));
#6775 = ADVANCED_FACE('',(#6776),#6794,.F.);
#6776 = FACE_BOUND('',#6777,.F.);
#6777 = EDGE_LOOP('',(#6778,#6779,#6788,#6793));
#6778 = ORIENTED_EDGE('',*,*,#6758,.F.);
#6779 = ORIENTED_EDGE('',*,*,#6780,.T.);
#6780 = EDGE_CURVE('',#6759,#6781,#6783,.T.);
#6781 = VERTEX_POINT('',#6782);
#6782 = CARTESIAN_POINT('',(-2.432122183156,3.247975608167,
    0.202668702069));
#6783 = B_SPLINE_CURVE_WITH_KNOTS('',3,(#6784,#6785,#6786,#6787),
  .UNSPECIFIED.,.F.,.F.,(4,4),(2.,3.),.PIECEWISE_BEZIER_KNOTS.);
#6784 = CARTESIAN_POINT('',(-2.415972813911,3.247975608167,0.20482940292
    ));
#6785 = CARTESIAN_POINT('',(-2.420413563832,3.247975608167,
    0.203467901093));
#6786 = CARTESIAN_POINT('',(-2.425830546071,3.247975608167,
    0.202713324605));
#6787 = CARTESIAN_POINT('',(-2.432122183156,3.247975608167,
    0.202668702069));
#6788 = ORIENTED_EDGE('',*,*,#6789,.T.);
#6789 = EDGE_CURVE('',#6781,#393,#6790,.T.);
#6790 = B_SPLINE_CURVE_WITH_KNOTS('',1,(#6791,#6792),.UNSPECIFIED.,.F.,
  .F.,(2,2),(-0.,9.839368700902E-04),.PIECEWISE_BEZIER_KNOTS.);
#6791 = CARTESIAN_POINT('',(-2.432122183156,3.247975608167,
    0.202668702069));
#6792 = CARTESIAN_POINT('',(-2.432122183156,3.246991671296,
    0.202668702069));
#6793 = ORIENTED_EDGE('',*,*,#401,.F.);
#6794 = B_SPLINE_SURFACE_WITH_KNOTS('',3,1,(
    (#6795,#6796)
    ,(#6797,#6798)
    ,(#6799,#6800)
    ,(#6801,#6802
    )),.UNSPECIFIED.,.F.,.F.,.F.,(4,4),(2,2),(2.,3.),(0.,1.),
  .PIECEWISE_BEZIER_KNOTS.);
#6795 = CARTESIAN_POINT('',(-2.415972813911,3.247975608167,0.20482940292
    ));
#6796 = CARTESIAN_POINT('',(-2.415972813911,3.246991671296,0.20482940292
    ));
#6797 = CARTESIAN_POINT('',(-2.420413563832,3.247975608167,
    0.203467901093));
#6798 = CARTESIAN_POINT('',(-2.420413563832,3.246991671296,
    0.203467901093));
#6799 = CARTESIAN_POINT('',(-2.425830546071,3.247975608167,
    0.202713324605));
#6800 = CARTESIAN_POINT('',(-2.425830546071,3.246991671296,
    0.202713324605));
#6801 = CARTESIAN_POINT('',(-2.432122183156,3.247975608167,
    0.202668702069));
#6802 = CARTESIAN_POINT('',(-2.432122183156,3.246991671296,
    0.202668702069));
#6803 = ADVANCED_FACE('',(#6804),#6822,.F.);
#6804 = FACE_BOUND('',#6805,.F.);
#6805 = EDGE_LOOP('',(#6806,#6807,#6816,#6821));
#6806 = ORIENTED_EDGE('',*,*,#6789,.F.);
#6807 = ORIENTED_EDGE('',*,*,#6808,.T.);
#6808 = EDGE_CURVE('',#6781,#6809,#6811,.T.);
#6809 = VERTEX_POINT('',#6810);
#6810 = CARTESIAN_POINT('',(-2.483444579249,3.247975608167,
    0.248036465364));
#6811 = B_SPLINE_CURVE_WITH_KNOTS('',3,(#6812,#6813,#6814,#6815),
  .UNSPECIFIED.,.F.,.F.,(4,4),(1.,2.),.PIECEWISE_BEZIER_KNOTS.);
#6812 = CARTESIAN_POINT('',(-2.432122183156,3.247975608167,
    0.202668702069));
#6813 = CARTESIAN_POINT('',(-2.454066185668,3.247975608167,
    0.202513067372));
#6814 = CARTESIAN_POINT('',(-2.471156600526,3.247975608167,
    0.217635776065));
#6815 = CARTESIAN_POINT('',(-2.483444579249,3.247975608167,
    0.248036465364));
#6816 = ORIENTED_EDGE('',*,*,#6817,.T.);
#6817 = EDGE_CURVE('',#6809,#386,#6818,.T.);
#6818 = B_SPLINE_CURVE_WITH_KNOTS('',1,(#6819,#6820),.UNSPECIFIED.,.F.,
  .F.,(2,2),(-0.,9.839368700902E-04),.PIECEWISE_BEZIER_KNOTS.);
#6819 = CARTESIAN_POINT('',(-2.483444579249,3.247975608167,
    0.248036465364));
#6820 = CARTESIAN_POINT('',(-2.483444579249,3.246991671296,
    0.248036465364));
#6821 = ORIENTED_EDGE('',*,*,#392,.F.);
#6822 = B_SPLINE_SURFACE_WITH_KNOTS('',3,1,(
    (#6823,#6824)
    ,(#6825,#6826)
    ,(#6827,#6828)
    ,(#6829,#6830
    )),.UNSPECIFIED.,.F.,.F.,.F.,(4,4),(2,2),(1.,2.),(0.,1.),
  .PIECEWISE_BEZIER_KNOTS.);
#6823 = CARTESIAN_POINT('',(-2.432122183156,3.247975608167,
    0.202668702069));
#6824 = CARTESIAN_POINT('',(-2.432122183156,3.246991671296,
    0.202668702069));
#6825 = CARTESIAN_POINT('',(-2.454066185668,3.247975608167,
    0.202513067372));
#6826 = CARTESIAN_POINT('',(-2.454066185668,3.246991671296,
    0.202513067372));
#6827 = CARTESIAN_POINT('',(-2.471156600526,3.247975608167,
    0.217635776065));
#6828 = CARTESIAN_POINT('',(-2.471156600526,3.246991671296,
    0.217635776065));
#6829 = CARTESIAN_POINT('',(-2.483444579249,3.247975608167,
    0.248036465364));
#6830 = CARTESIAN_POINT('',(-2.483444579249,3.246991671296,
    0.248036465364));
#6831 = ADVANCED_FACE('',(#6832),#6842,.F.);
#6832 = FACE_BOUND('',#6833,.T.);
#6833 = EDGE_LOOP('',(#6834,#6835,#6836,#6841));
#6834 = ORIENTED_EDGE('',*,*,#385,.T.);
#6835 = ORIENTED_EDGE('',*,*,#6506,.F.);
#6836 = ORIENTED_EDGE('',*,*,#6837,.F.);
#6837 = EDGE_CURVE('',#6809,#6500,#6838,.T.);
#6838 = B_SPLINE_CURVE_WITH_KNOTS('',1,(#6839,#6840),.UNSPECIFIED.,.F.,
  .F.,(2,2),(-0.176832525453,0.),.PIECEWISE_BEZIER_KNOTS.);
#6839 = CARTESIAN_POINT('',(-2.483444579249,3.247975608167,
    0.248036465364));
#6840 = CARTESIAN_POINT('',(-2.549471423939,3.247975608167,
    0.412079745746));
#6841 = ORIENTED_EDGE('',*,*,#6817,.T.);
#6842 = B_SPLINE_SURFACE_WITH_KNOTS('',1,1,(
    (#6843,#6844)
    ,(#6845,#6846
    )),.UNSPECIFIED.,.F.,.F.,.F.,(2,2),(2,2),(0.,0.176832525453),(
    -9.839368700902E-04,0.),.PIECEWISE_BEZIER_KNOTS.);
#6843 = CARTESIAN_POINT('',(-2.549471423939,3.246991671296,
    0.412079745746));
#6844 = CARTESIAN_POINT('',(-2.549471423939,3.247975608167,
    0.412079745746));
#6845 = CARTESIAN_POINT('',(-2.483444579249,3.246991671296,
    0.248036465364));
#6846 = CARTESIAN_POINT('',(-2.483444579249,3.247975608167,
    0.248036465364));
#6847 = ADVANCED_FACE('',(#6848),#6865,.T.);
#6848 = FACE_BOUND('',#6849,.T.);
#6849 = EDGE_LOOP('',(#6850,#6851,#6852,#6853,#6854,#6855,#6856,#6857,
    #6858,#6859,#6860,#6861,#6862,#6863,#6864));
#6850 = ORIENTED_EDGE('',*,*,#6499,.T.);
#6851 = ORIENTED_EDGE('',*,*,#6527,.T.);
#6852 = ORIENTED_EDGE('',*,*,#6542,.T.);
#6853 = ORIENTED_EDGE('',*,*,#6577,.T.);
#6854 = ORIENTED_EDGE('',*,*,#6599,.T.);
#6855 = ORIENTED_EDGE('',*,*,#6621,.T.);
#6856 = ORIENTED_EDGE('',*,*,#6643,.T.);
#6857 = ORIENTED_EDGE('',*,*,#6665,.T.);
#6858 = ORIENTED_EDGE('',*,*,#6687,.T.);
#6859 = ORIENTED_EDGE('',*,*,#6702,.T.);
#6860 = ORIENTED_EDGE('',*,*,#6730,.T.);
#6861 = ORIENTED_EDGE('',*,*,#6765,.T.);
#6862 = ORIENTED_EDGE('',*,*,#6780,.T.);
#6863 = ORIENTED_EDGE('',*,*,#6808,.T.);
#6864 = ORIENTED_EDGE('',*,*,#6837,.T.);
#6865 = B_SPLINE_SURFACE_WITH_KNOTS('',1,1,(
    (#6866,#6867)
    ,(#6868,#6869
    )),.UNSPECIFIED.,.F.,.F.,.F.,(2,2),(2,2),(-1.138089484609E-02,
    0.199158772474),(-8.806703381596E-02,4.912134552732E-02),
  .PIECEWISE_BEZIER_KNOTS.);
#6866 = CARTESIAN_POINT('',(-2.549471423939,3.247975608167,
    0.202513067372));
#6867 = CARTESIAN_POINT('',(-2.412283044596,3.247975608167,
    0.202513067372));
#6868 = CARTESIAN_POINT('',(-2.549471423939,3.247975608167,
    0.413052734692));
#6869 = CARTESIAN_POINT('',(-2.412283044596,3.247975608167,
    0.413052734692));
#6870 = ADVANCED_FACE('',(#6871),#6893,.F.);
#6871 = FACE_BOUND('',#6872,.T.);
#6872 = EDGE_LOOP('',(#6873,#6874,#6881,#6888));
#6873 = ORIENTED_EDGE('',*,*,#1311,.T.);
#6874 = ORIENTED_EDGE('',*,*,#6875,.F.);
#6875 = EDGE_CURVE('',#6876,#1314,#6878,.T.);
#6876 = VERTEX_POINT('',#6877);
#6877 = CARTESIAN_POINT('',(-2.683250408424,3.247975608167,
    0.291021124715));
#6878 = B_SPLINE_CURVE_WITH_KNOTS('',1,(#6879,#6880),.UNSPECIFIED.,.F.,
  .F.,(2,2),(-0.,9.839368700902E-04),.PIECEWISE_BEZIER_KNOTS.);
#6879 = CARTESIAN_POINT('',(-2.683250408424,3.247975608167,
    0.291021124715));
#6880 = CARTESIAN_POINT('',(-2.683250408424,3.246991671296,
    0.291021124715));
#6881 = ORIENTED_EDGE('',*,*,#6882,.F.);
#6882 = EDGE_CURVE('',#6883,#6876,#6885,.T.);
#6883 = VERTEX_POINT('',#6884);
#6884 = CARTESIAN_POINT('',(-2.683088606384,3.247975608167,
    0.268207546346));
#6885 = B_SPLINE_CURVE_WITH_KNOTS('',1,(#6886,#6887),.UNSPECIFIED.,.F.,
  .F.,(2,2),(-2.281415214118E-02,0.),.PIECEWISE_BEZIER_KNOTS.);
#6886 = CARTESIAN_POINT('',(-2.683088606384,3.247975608167,
    0.268207546346));
#6887 = CARTESIAN_POINT('',(-2.683250408424,3.247975608167,
    0.291021124715));
#6888 = ORIENTED_EDGE('',*,*,#6889,.T.);
#6889 = EDGE_CURVE('',#6883,#1312,#6890,.T.);
#6890 = B_SPLINE_CURVE_WITH_KNOTS('',1,(#6891,#6892),.UNSPECIFIED.,.F.,
  .F.,(2,2),(-0.,9.839368700902E-04),.PIECEWISE_BEZIER_KNOTS.);
#6891 = CARTESIAN_POINT('',(-2.683088606384,3.247975608167,
    0.268207546346));
#6892 = CARTESIAN_POINT('',(-2.683088606384,3.246991671296,
    0.268207546346));
#6893 = B_SPLINE_SURFACE_WITH_KNOTS('',1,1,(
    (#6894,#6895)
    ,(#6896,#6897
    )),.UNSPECIFIED.,.F.,.F.,.F.,(2,2),(2,2),(0.,2.281415214118E-02),(
    -9.839368700902E-04,0.),.PIECEWISE_BEZIER_KNOTS.);
#6894 = CARTESIAN_POINT('',(-2.683250408424,3.246991671296,
    0.291021124715));
#6895 = CARTESIAN_POINT('',(-2.683250408424,3.247975608167,
    0.291021124715));
#6896 = CARTESIAN_POINT('',(-2.683088606384,3.246991671296,
    0.268207546346));
#6897 = CARTESIAN_POINT('',(-2.683088606384,3.247975608167,
    0.268207546346));
#6898 = ADVANCED_FACE('',(#6899),#6915,.F.);
#6899 = FACE_BOUND('',#6900,.T.);
#6900 = EDGE_LOOP('',(#6901,#6902,#6909,#6914));
#6901 = ORIENTED_EDGE('',*,*,#1390,.T.);
#6902 = ORIENTED_EDGE('',*,*,#6903,.F.);
#6903 = EDGE_CURVE('',#6904,#1384,#6906,.T.);
#6904 = VERTEX_POINT('',#6905);
#6905 = CARTESIAN_POINT('',(-2.601459126332,3.247975608167,
    0.291601217677));
#6906 = B_SPLINE_CURVE_WITH_KNOTS('',1,(#6907,#6908),.UNSPECIFIED.,.F.,
  .F.,(2,2),(-0.,9.839368700902E-04),.PIECEWISE_BEZIER_KNOTS.);
#6907 = CARTESIAN_POINT('',(-2.601459126332,3.247975608167,
    0.291601217677));
#6908 = CARTESIAN_POINT('',(-2.601459126332,3.246991671296,
    0.291601217677));
#6909 = ORIENTED_EDGE('',*,*,#6910,.F.);
#6910 = EDGE_CURVE('',#6876,#6904,#6911,.T.);
#6911 = B_SPLINE_CURVE_WITH_KNOTS('',1,(#6912,#6913),.UNSPECIFIED.,.F.,
  .F.,(2,2),(-8.179333917861E-02,0.),.PIECEWISE_BEZIER_KNOTS.);
#6912 = CARTESIAN_POINT('',(-2.683250408424,3.247975608167,
    0.291021124715));
#6913 = CARTESIAN_POINT('',(-2.601459126332,3.247975608167,
    0.291601217677));
#6914 = ORIENTED_EDGE('',*,*,#6875,.T.);
#6915 = B_SPLINE_SURFACE_WITH_KNOTS('',1,1,(
    (#6916,#6917)
    ,(#6918,#6919
    )),.UNSPECIFIED.,.F.,.F.,.F.,(2,2),(2,2),(0.,8.179333917861E-02),(
    -9.839368700902E-04,0.),.PIECEWISE_BEZIER_KNOTS.);
#6916 = CARTESIAN_POINT('',(-2.601459126332,3.246991671296,
    0.291601217677));
#6917 = CARTESIAN_POINT('',(-2.601459126332,3.247975608167,
    0.291601217677));
#6918 = CARTESIAN_POINT('',(-2.683250408424,3.246991671296,
    0.291021124715));
#6919 = CARTESIAN_POINT('',(-2.683250408424,3.247975608167,
    0.291021124715));
#6920 = ADVANCED_FACE('',(#6921),#6937,.F.);
#6921 = FACE_BOUND('',#6922,.T.);
#6922 = EDGE_LOOP('',(#6923,#6924,#6931,#6936));
#6923 = ORIENTED_EDGE('',*,*,#1383,.T.);
#6924 = ORIENTED_EDGE('',*,*,#6925,.F.);
#6925 = EDGE_CURVE('',#6926,#1377,#6928,.T.);
#6926 = VERTEX_POINT('',#6927);
#6927 = CARTESIAN_POINT('',(-2.601936551184,3.247975608167,
    0.358916619324));
#6928 = B_SPLINE_CURVE_WITH_KNOTS('',1,(#6929,#6930),.UNSPECIFIED.,.F.,
  .F.,(2,2),(-0.,9.839368700902E-04),.PIECEWISE_BEZIER_KNOTS.);
#6929 = CARTESIAN_POINT('',(-2.601936551184,3.247975608167,
    0.358916619324));
#6930 = CARTESIAN_POINT('',(-2.601936551184,3.246991671296,
    0.358916619324));
#6931 = ORIENTED_EDGE('',*,*,#6932,.F.);
#6932 = EDGE_CURVE('',#6904,#6926,#6933,.T.);
#6933 = B_SPLINE_CURVE_WITH_KNOTS('',1,(#6934,#6935),.UNSPECIFIED.,.F.,
  .F.,(2,2),(-6.731709465861E-02,0.),.PIECEWISE_BEZIER_KNOTS.);
#6934 = CARTESIAN_POINT('',(-2.601459126332,3.247975608167,
    0.291601217677));
#6935 = CARTESIAN_POINT('',(-2.601936551184,3.247975608167,
    0.358916619324));
#6936 = ORIENTED_EDGE('',*,*,#6903,.T.);
#6937 = B_SPLINE_SURFACE_WITH_KNOTS('',1,1,(
    (#6938,#6939)
    ,(#6940,#6941
    )),.UNSPECIFIED.,.F.,.F.,.F.,(2,2),(2,2),(0.,6.731709465861E-02),(
    -9.839368700902E-04,0.),.PIECEWISE_BEZIER_KNOTS.);
#6938 = CARTESIAN_POINT('',(-2.601936551184,3.246991671296,
    0.358916619324));
#6939 = CARTESIAN_POINT('',(-2.601936551184,3.247975608167,
    0.358916619324));
#6940 = CARTESIAN_POINT('',(-2.601459126332,3.246991671296,
    0.291601217677));
#6941 = CARTESIAN_POINT('',(-2.601459126332,3.247975608167,
    0.291601217677));
#6942 = ADVANCED_FACE('',(#6943),#6959,.F.);
#6943 = FACE_BOUND('',#6944,.T.);
#6944 = EDGE_LOOP('',(#6945,#6946,#6953,#6958));
#6945 = ORIENTED_EDGE('',*,*,#1376,.T.);
#6946 = ORIENTED_EDGE('',*,*,#6947,.F.);
#6947 = EDGE_CURVE('',#6948,#1370,#6950,.T.);
#6948 = VERTEX_POINT('',#6949);
#6949 = CARTESIAN_POINT('',(-2.673497529074,3.247975608167,0.35840908333
    ));
#6950 = B_SPLINE_CURVE_WITH_KNOTS('',1,(#6951,#6952),.UNSPECIFIED.,.F.,
  .F.,(2,2),(-0.,9.839368700902E-04),.PIECEWISE_BEZIER_KNOTS.);
#6951 = CARTESIAN_POINT('',(-2.673497529074,3.247975608167,0.35840908333
    ));
#6952 = CARTESIAN_POINT('',(-2.673497529074,3.246991671296,0.35840908333
    ));
#6953 = ORIENTED_EDGE('',*,*,#6954,.F.);
#6954 = EDGE_CURVE('',#6926,#6948,#6955,.T.);
#6955 = B_SPLINE_CURVE_WITH_KNOTS('',1,(#6956,#6957),.UNSPECIFIED.,.F.,
  .F.,(2,2),(-7.156277767967E-02,-0.),.PIECEWISE_BEZIER_KNOTS.);
#6956 = CARTESIAN_POINT('',(-2.601936551184,3.247975608167,
    0.358916619324));
#6957 = CARTESIAN_POINT('',(-2.673497529074,3.247975608167,0.35840908333
    ));
#6958 = ORIENTED_EDGE('',*,*,#6925,.T.);
#6959 = B_SPLINE_SURFACE_WITH_KNOTS('',1,1,(
    (#6960,#6961)
    ,(#6962,#6963
    )),.UNSPECIFIED.,.F.,.F.,.F.,(2,2),(2,2),(0.,7.156277767967E-02),(
    -9.839368700902E-04,0.),.PIECEWISE_BEZIER_KNOTS.);
#6960 = CARTESIAN_POINT('',(-2.673497529074,3.246991671296,0.35840908333
    ));
#6961 = CARTESIAN_POINT('',(-2.673497529074,3.247975608167,0.35840908333
    ));
#6962 = CARTESIAN_POINT('',(-2.601936551184,3.246991671296,
    0.358916619324));
#6963 = CARTESIAN_POINT('',(-2.601936551184,3.247975608167,
    0.358916619324));
#6964 = ADVANCED_FACE('',(#6965),#6981,.F.);
#6965 = FACE_BOUND('',#6966,.T.);
#6966 = EDGE_LOOP('',(#6967,#6968,#6975,#6980));
#6967 = ORIENTED_EDGE('',*,*,#1369,.T.);
#6968 = ORIENTED_EDGE('',*,*,#6969,.F.);
#6969 = EDGE_CURVE('',#6970,#1363,#6972,.T.);
#6970 = VERTEX_POINT('',#6971);
#6971 = CARTESIAN_POINT('',(-2.673660056683,3.247975608167,
    0.381324964741));
#6972 = B_SPLINE_CURVE_WITH_KNOTS('',1,(#6973,#6974),.UNSPECIFIED.,.F.,
  .F.,(2,2),(-0.,9.839368700902E-04),.PIECEWISE_BEZIER_KNOTS.);
#6973 = CARTESIAN_POINT('',(-2.673660056683,3.247975608167,
    0.381324964741));
#6974 = CARTESIAN_POINT('',(-2.673660056683,3.246991671296,
    0.381324964741));
#6975 = ORIENTED_EDGE('',*,*,#6976,.F.);
#6976 = EDGE_CURVE('',#6948,#6970,#6977,.T.);
#6977 = B_SPLINE_CURVE_WITH_KNOTS('',1,(#6978,#6979),.UNSPECIFIED.,.F.,
  .F.,(2,2),(-2.291645775604E-02,0.),.PIECEWISE_BEZIER_KNOTS.);
#6978 = CARTESIAN_POINT('',(-2.673497529074,3.247975608167,0.35840908333
    ));
#6979 = CARTESIAN_POINT('',(-2.673660056683,3.247975608167,
    0.381324964741));
#6980 = ORIENTED_EDGE('',*,*,#6947,.T.);
#6981 = B_SPLINE_SURFACE_WITH_KNOTS('',1,1,(
    (#6982,#6983)
    ,(#6984,#6985
    )),.UNSPECIFIED.,.F.,.F.,.F.,(2,2),(2,2),(0.,2.291645775604E-02),(
    -9.839368700902E-04,0.),.PIECEWISE_BEZIER_KNOTS.);
#6982 = CARTESIAN_POINT('',(-2.673660056683,3.246991671296,
    0.381324964741));
#6983 = CARTESIAN_POINT('',(-2.673660056683,3.247975608167,
    0.381324964741));
#6984 = CARTESIAN_POINT('',(-2.673497529074,3.246991671296,0.35840908333
    ));
#6985 = CARTESIAN_POINT('',(-2.673497529074,3.247975608167,0.35840908333
    ));
#6986 = ADVANCED_FACE('',(#6987),#7003,.F.);
#6987 = FACE_BOUND('',#6988,.T.);
#6988 = EDGE_LOOP('',(#6989,#6990,#6997,#7002));
#6989 = ORIENTED_EDGE('',*,*,#1362,.T.);
#6990 = ORIENTED_EDGE('',*,*,#6991,.F.);
#6991 = EDGE_CURVE('',#6992,#1356,#6994,.T.);
#6992 = VERTEX_POINT('',#6993);
#6993 = CARTESIAN_POINT('',(-2.602099078794,3.247975608167,
    0.381832500735));
#6994 = B_SPLINE_CURVE_WITH_KNOTS('',1,(#6995,#6996),.UNSPECIFIED.,.F.,
  .F.,(2,2),(-0.,9.839368700902E-04),.PIECEWISE_BEZIER_KNOTS.);
#6995 = CARTESIAN_POINT('',(-2.602099078794,3.247975608167,
    0.381832500735));
#6996 = CARTESIAN_POINT('',(-2.602099078794,3.246991671296,
    0.381832500735));
#6997 = ORIENTED_EDGE('',*,*,#6998,.F.);
#6998 = EDGE_CURVE('',#6970,#6992,#6999,.T.);
#6999 = B_SPLINE_CURVE_WITH_KNOTS('',1,(#7000,#7001),.UNSPECIFIED.,.F.,
  .F.,(2,2),(-7.156277767967E-02,0.),.PIECEWISE_BEZIER_KNOTS.);
#7000 = CARTESIAN_POINT('',(-2.673660056683,3.247975608167,
    0.381324964741));
#7001 = CARTESIAN_POINT('',(-2.602099078794,3.247975608167,
    0.381832500735));
#7002 = ORIENTED_EDGE('',*,*,#6969,.T.);
#7003 = B_SPLINE_SURFACE_WITH_KNOTS('',1,1,(
    (#7004,#7005)
    ,(#7006,#7007
    )),.UNSPECIFIED.,.F.,.F.,.F.,(2,2),(2,2),(-0.,7.156277767967E-02),(
    -9.839368700902E-04,0.),.PIECEWISE_BEZIER_KNOTS.);
#7004 = CARTESIAN_POINT('',(-2.602099078794,3.246991671296,
    0.381832500735));
#7005 = CARTESIAN_POINT('',(-2.602099078794,3.247975608167,
    0.381832500735));
#7006 = CARTESIAN_POINT('',(-2.673660056683,3.246991671296,
    0.381324964741));
#7007 = CARTESIAN_POINT('',(-2.673660056683,3.247975608167,
    0.381324964741));
#7008 = ADVANCED_FACE('',(#7009),#7025,.F.);
#7009 = FACE_BOUND('',#7010,.T.);
#7010 = EDGE_LOOP('',(#7011,#7012,#7019,#7024));
#7011 = ORIENTED_EDGE('',*,*,#1355,.T.);
#7012 = ORIENTED_EDGE('',*,*,#7013,.F.);
#7013 = EDGE_CURVE('',#7014,#1349,#7016,.T.);
#7014 = VERTEX_POINT('',#7015);
#7015 = CARTESIAN_POINT('',(-2.602553285416,3.247975608167,
    0.445874205038));
#7016 = B_SPLINE_CURVE_WITH_KNOTS('',1,(#7017,#7018),.UNSPECIFIED.,.F.,
  .F.,(2,2),(-0.,9.839368700902E-04),.PIECEWISE_BEZIER_KNOTS.);
#7017 = CARTESIAN_POINT('',(-2.602553285416,3.247975608167,
    0.445874205038));
#7018 = CARTESIAN_POINT('',(-2.602553285416,3.246991671296,
    0.445874205038));
#7019 = ORIENTED_EDGE('',*,*,#7020,.F.);
#7020 = EDGE_CURVE('',#6992,#7014,#7021,.T.);
#7021 = B_SPLINE_CURVE_WITH_KNOTS('',1,(#7022,#7023),.UNSPECIFIED.,.F.,
  .F.,(2,2),(-6.404331498016E-02,0.),.PIECEWISE_BEZIER_KNOTS.);
#7022 = CARTESIAN_POINT('',(-2.602099078794,3.247975608167,
    0.381832500735));
#7023 = CARTESIAN_POINT('',(-2.602553285416,3.247975608167,
    0.445874205038));
#7024 = ORIENTED_EDGE('',*,*,#6991,.T.);
#7025 = B_SPLINE_SURFACE_WITH_KNOTS('',1,1,(
    (#7026,#7027)
    ,(#7028,#7029
    )),.UNSPECIFIED.,.F.,.F.,.F.,(2,2),(2,2),(0.,6.404331498016E-02),(
    -9.839368700902E-04,0.),.PIECEWISE_BEZIER_KNOTS.);
#7026 = CARTESIAN_POINT('',(-2.602553285416,3.246991671296,
    0.445874205038));
#7027 = CARTESIAN_POINT('',(-2.602553285416,3.247975608167,
    0.445874205038));
#7028 = CARTESIAN_POINT('',(-2.602099078794,3.246991671296,
    0.381832500735));
#7029 = CARTESIAN_POINT('',(-2.602099078794,3.247975608167,
    0.381832500735));
#7030 = ADVANCED_FACE('',(#7031),#7047,.F.);
#7031 = FACE_BOUND('',#7032,.T.);
#7032 = EDGE_LOOP('',(#7033,#7034,#7041,#7046));
#7033 = ORIENTED_EDGE('',*,*,#1348,.T.);
#7034 = ORIENTED_EDGE('',*,*,#7035,.F.);
#7035 = EDGE_CURVE('',#7036,#1342,#7038,.T.);
#7036 = VERTEX_POINT('',#7037);
#7037 = CARTESIAN_POINT('',(-2.679792082137,3.247975608167,
    0.445326399926));
#7038 = B_SPLINE_CURVE_WITH_KNOTS('',1,(#7039,#7040),.UNSPECIFIED.,.F.,
  .F.,(2,2),(-0.,9.839368700902E-04),.PIECEWISE_BEZIER_KNOTS.);
#7039 = CARTESIAN_POINT('',(-2.679792082137,3.247975608167,
    0.445326399926));
#7040 = CARTESIAN_POINT('',(-2.679792082137,3.246991671296,
    0.445326399926));
#7041 = ORIENTED_EDGE('',*,*,#7042,.F.);
#7042 = EDGE_CURVE('',#7014,#7036,#7043,.T.);
#7043 = B_SPLINE_CURVE_WITH_KNOTS('',1,(#7044,#7045),.UNSPECIFIED.,.F.,
  .F.,(2,2),(-7.724073931159E-02,-0.),.PIECEWISE_BEZIER_KNOTS.);
#7044 = CARTESIAN_POINT('',(-2.602553285416,3.247975608167,
    0.445874205038));
#7045 = CARTESIAN_POINT('',(-2.679792082137,3.247975608167,
    0.445326399926));
#7046 = ORIENTED_EDGE('',*,*,#7013,.T.);
#7047 = B_SPLINE_SURFACE_WITH_KNOTS('',1,1,(
    (#7048,#7049)
    ,(#7050,#7051
    )),.UNSPECIFIED.,.F.,.F.,.F.,(2,2),(2,2),(-7.747420399897E-19,
    7.724073931159E-02),(-9.839368700902E-04,0.),
  .PIECEWISE_BEZIER_KNOTS.);
#7048 = CARTESIAN_POINT('',(-2.679792082137,3.246991671296,
    0.445326399926));
#7049 = CARTESIAN_POINT('',(-2.679792082137,3.247975608167,
    0.445326399926));
#7050 = CARTESIAN_POINT('',(-2.602553285416,3.246991671296,
    0.445874205038));
#7051 = CARTESIAN_POINT('',(-2.602553285416,3.247975608167,
    0.445874205038));
#7052 = ADVANCED_FACE('',(#7053),#7069,.F.);
#7053 = FACE_BOUND('',#7054,.T.);
#7054 = EDGE_LOOP('',(#7055,#7056,#7063,#7068));
#7055 = ORIENTED_EDGE('',*,*,#1341,.T.);
#7056 = ORIENTED_EDGE('',*,*,#7057,.F.);
#7057 = EDGE_CURVE('',#7058,#1335,#7060,.T.);
#7058 = VERTEX_POINT('',#7059);
#7059 = CARTESIAN_POINT('',(-2.679955335316,3.247975608167,0.46834458438
    ));
#7060 = B_SPLINE_CURVE_WITH_KNOTS('',1,(#7061,#7062),.UNSPECIFIED.,.F.,
  .F.,(2,2),(-0.,9.839368700902E-04),.PIECEWISE_BEZIER_KNOTS.);
#7061 = CARTESIAN_POINT('',(-2.679955335316,3.247975608167,0.46834458438
    ));
#7062 = CARTESIAN_POINT('',(-2.679955335316,3.246991671296,0.46834458438
    ));
#7063 = ORIENTED_EDGE('',*,*,#7064,.F.);
#7064 = EDGE_CURVE('',#7036,#7058,#7065,.T.);
#7065 = B_SPLINE_CURVE_WITH_KNOTS('',1,(#7066,#7067),.UNSPECIFIED.,.F.,
  .F.,(2,2),(-2.30187633709E-02,0.),.PIECEWISE_BEZIER_KNOTS.);
#7066 = CARTESIAN_POINT('',(-2.679792082137,3.247975608167,
    0.445326399926));
#7067 = CARTESIAN_POINT('',(-2.679955335316,3.247975608167,0.46834458438
    ));
#7068 = ORIENTED_EDGE('',*,*,#7035,.T.);
#7069 = B_SPLINE_SURFACE_WITH_KNOTS('',1,1,(
    (#7070,#7071)
    ,(#7072,#7073
    )),.UNSPECIFIED.,.F.,.F.,.F.,(2,2),(2,2),(0.,2.30187633709E-02),(
    -9.839368700902E-04,0.),.PIECEWISE_BEZIER_KNOTS.);
#7070 = CARTESIAN_POINT('',(-2.679955335316,3.246991671296,0.46834458438
    ));
#7071 = CARTESIAN_POINT('',(-2.679955335316,3.247975608167,0.46834458438
    ));
#7072 = CARTESIAN_POINT('',(-2.679792082137,3.246991671296,
    0.445326399926));
#7073 = CARTESIAN_POINT('',(-2.679792082137,3.247975608167,
    0.445326399926));
#7074 = ADVANCED_FACE('',(#7075),#7091,.F.);
#7075 = FACE_BOUND('',#7076,.T.);
#7076 = EDGE_LOOP('',(#7077,#7078,#7085,#7090));
#7077 = ORIENTED_EDGE('',*,*,#1334,.T.);
#7078 = ORIENTED_EDGE('',*,*,#7079,.F.);
#7079 = EDGE_CURVE('',#7080,#1328,#7082,.T.);
#7080 = VERTEX_POINT('',#7081);
#7081 = CARTESIAN_POINT('',(-2.576885020485,3.247975608167,
    0.469075595836));
#7082 = B_SPLINE_CURVE_WITH_KNOTS('',1,(#7083,#7084),.UNSPECIFIED.,.F.,
  .F.,(2,2),(-0.,9.839368700902E-04),.PIECEWISE_BEZIER_KNOTS.);
#7083 = CARTESIAN_POINT('',(-2.576885020485,3.247975608167,
    0.469075595836));
#7084 = CARTESIAN_POINT('',(-2.576885020485,3.246991671296,
    0.469075595836));
#7085 = ORIENTED_EDGE('',*,*,#7086,.F.);
#7086 = EDGE_CURVE('',#7058,#7080,#7087,.T.);
#7087 = B_SPLINE_CURVE_WITH_KNOTS('',1,(#7088,#7089),.UNSPECIFIED.,.F.,
  .F.,(2,2),(-0.103072907095,0.),.PIECEWISE_BEZIER_KNOTS.);
#7088 = CARTESIAN_POINT('',(-2.679955335316,3.247975608167,0.46834458438
    ));
#7089 = CARTESIAN_POINT('',(-2.576885020485,3.247975608167,
    0.469075595836));
#7090 = ORIENTED_EDGE('',*,*,#7057,.T.);
#7091 = B_SPLINE_SURFACE_WITH_KNOTS('',1,1,(
    (#7092,#7093)
    ,(#7094,#7095
    )),.UNSPECIFIED.,.F.,.F.,.F.,(2,2),(2,2),(0.,0.103072907095),(
    -9.839368700902E-04,0.),.PIECEWISE_BEZIER_KNOTS.);
#7092 = CARTESIAN_POINT('',(-2.576885020485,3.246991671296,
    0.469075595836));
#7093 = CARTESIAN_POINT('',(-2.576885020485,3.247975608167,
    0.469075595836));
#7094 = CARTESIAN_POINT('',(-2.679955335316,3.246991671296,0.46834458438
    ));
#7095 = CARTESIAN_POINT('',(-2.679955335316,3.247975608167,0.46834458438
    ));
#7096 = ADVANCED_FACE('',(#7097),#7113,.F.);
#7097 = FACE_BOUND('',#7098,.T.);
#7098 = EDGE_LOOP('',(#7099,#7100,#7107,#7112));
#7099 = ORIENTED_EDGE('',*,*,#1327,.T.);
#7100 = ORIENTED_EDGE('',*,*,#7101,.F.);
#7101 = EDGE_CURVE('',#7102,#1321,#7104,.T.);
#7102 = VERTEX_POINT('',#7103);
#7103 = CARTESIAN_POINT('',(-2.575465806183,3.247975608167,
    0.268970845653));
#7104 = B_SPLINE_CURVE_WITH_KNOTS('',1,(#7105,#7106),.UNSPECIFIED.,.F.,
  .F.,(2,2),(-0.,9.839368700902E-04),.PIECEWISE_BEZIER_KNOTS.);
#7105 = CARTESIAN_POINT('',(-2.575465806183,3.247975608167,
    0.268970845653));
#7106 = CARTESIAN_POINT('',(-2.575465806183,3.246991671296,
    0.268970845653));
#7107 = ORIENTED_EDGE('',*,*,#7108,.F.);
#7108 = EDGE_CURVE('',#7080,#7102,#7109,.T.);
#7109 = B_SPLINE_CURVE_WITH_KNOTS('',1,(#7110,#7111),.UNSPECIFIED.,.F.,
  .F.,(2,2),(-0.200109782907,0.),.PIECEWISE_BEZIER_KNOTS.);
#7110 = CARTESIAN_POINT('',(-2.576885020485,3.247975608167,
    0.469075595836));
#7111 = CARTESIAN_POINT('',(-2.575465806183,3.247975608167,
    0.268970845653));
#7112 = ORIENTED_EDGE('',*,*,#7079,.T.);
#7113 = B_SPLINE_SURFACE_WITH_KNOTS('',1,1,(
    (#7114,#7115)
    ,(#7116,#7117
    )),.UNSPECIFIED.,.F.,.F.,.F.,(2,2),(2,2),(-5.461809472808E-17,
    0.200109782907),(-9.839368700902E-04,0.),.PIECEWISE_BEZIER_KNOTS.);
#7114 = CARTESIAN_POINT('',(-2.575465806183,3.246991671296,
    0.268970845653));
#7115 = CARTESIAN_POINT('',(-2.575465806183,3.247975608167,
    0.268970845653));
#7116 = CARTESIAN_POINT('',(-2.576885020485,3.246991671296,
    0.469075595836));
#7117 = CARTESIAN_POINT('',(-2.576885020485,3.247975608167,
    0.469075595836));
#7118 = ADVANCED_FACE('',(#7119),#7129,.F.);
#7119 = FACE_BOUND('',#7120,.T.);
#7120 = EDGE_LOOP('',(#7121,#7122,#7123,#7128));
#7121 = ORIENTED_EDGE('',*,*,#1320,.T.);
#7122 = ORIENTED_EDGE('',*,*,#6889,.F.);
#7123 = ORIENTED_EDGE('',*,*,#7124,.F.);
#7124 = EDGE_CURVE('',#7102,#6883,#7125,.T.);
#7125 = B_SPLINE_CURVE_WITH_KNOTS('',1,(#7126,#7127),.UNSPECIFIED.,.F.,
  .F.,(2,2),(-0.107625506962,-0.),.PIECEWISE_BEZIER_KNOTS.);
#7126 = CARTESIAN_POINT('',(-2.575465806183,3.247975608167,
    0.268970845653));
#7127 = CARTESIAN_POINT('',(-2.683088606384,3.247975608167,
    0.268207546346));
#7128 = ORIENTED_EDGE('',*,*,#7101,.T.);
#7129 = B_SPLINE_SURFACE_WITH_KNOTS('',1,1,(
    (#7130,#7131)
    ,(#7132,#7133
    )),.UNSPECIFIED.,.F.,.F.,.F.,(2,2),(2,2),(0.,0.107625506962),(
    -9.839368700902E-04,0.),.PIECEWISE_BEZIER_KNOTS.);
#7130 = CARTESIAN_POINT('',(-2.683088606384,3.246991671296,
    0.268207546346));
#7131 = CARTESIAN_POINT('',(-2.683088606384,3.247975608167,
    0.268207546346));
#7132 = CARTESIAN_POINT('',(-2.575465806183,3.246991671296,
    0.268970845653));
#7133 = CARTESIAN_POINT('',(-2.575465806183,3.247975608167,
    0.268970845653));
#7134 = ADVANCED_FACE('',(#7135),#7149,.F.);
#7135 = FACE_BOUND('',#7136,.T.);
#7136 = EDGE_LOOP('',(#7137,#7138,#7139,#7140,#7141,#7142,#7143,#7144,
    #7145,#7146,#7147,#7148));
#7137 = ORIENTED_EDGE('',*,*,#6882,.T.);
#7138 = ORIENTED_EDGE('',*,*,#6910,.T.);
#7139 = ORIENTED_EDGE('',*,*,#6932,.T.);
#7140 = ORIENTED_EDGE('',*,*,#6954,.T.);
#7141 = ORIENTED_EDGE('',*,*,#6976,.T.);
#7142 = ORIENTED_EDGE('',*,*,#6998,.T.);
#7143 = ORIENTED_EDGE('',*,*,#7020,.T.);
#7144 = ORIENTED_EDGE('',*,*,#7042,.T.);
#7145 = ORIENTED_EDGE('',*,*,#7064,.T.);
#7146 = ORIENTED_EDGE('',*,*,#7086,.T.);
#7147 = ORIENTED_EDGE('',*,*,#7108,.T.);
#7148 = ORIENTED_EDGE('',*,*,#7124,.T.);
#7149 = B_SPLINE_SURFACE_WITH_KNOTS('',1,1,(
    (#7150,#7151)
    ,(#7152,#7153
    )),.UNSPECIFIED.,.F.,.F.,.F.,(2,2),(2,2),(-0.449396758434,
    -0.248528708944),(-2.683250408424,-2.575465806183),
  .PIECEWISE_BEZIER_KNOTS.);
#7150 = CARTESIAN_POINT('',(-2.683250408424,3.247975608167,
    0.469075595836));
#7151 = CARTESIAN_POINT('',(-2.575465806183,3.247975608167,
    0.469075595836));
#7152 = CARTESIAN_POINT('',(-2.683250408424,3.247975608167,
    0.268207546346));
#7153 = CARTESIAN_POINT('',(-2.575465806183,3.247975608167,
    0.268207546346));
#7154 = ADVANCED_FACE('',(#7155,#7214),#7273,.T.);
#7155 = FACE_BOUND('',#7156,.T.);
#7156 = EDGE_LOOP('',(#7157,#7166,#7175,#7184,#7193,#7202,#7209));
#7157 = ORIENTED_EDGE('',*,*,#7158,.T.);
#7158 = EDGE_CURVE('',#7159,#7161,#7163,.T.);
#7159 = VERTEX_POINT('',#7160);
#7160 = CARTESIAN_POINT('',(-2.72088958041,3.247975608167,0.267939448347
    ));
#7161 = VERTEX_POINT('',#7162);
#7162 = CARTESIAN_POINT('',(-2.775928617014,3.247975608167,
    0.267549091857));
#7163 = B_SPLINE_CURVE_WITH_KNOTS('',1,(#7164,#7165),.UNSPECIFIED.,.F.,
  .F.,(2,2),(-5.504042086098E-02,-0.),.PIECEWISE_BEZIER_KNOTS.);
#7164 = CARTESIAN_POINT('',(-2.72088958041,3.247975608167,0.267939448347
    ));
#7165 = CARTESIAN_POINT('',(-2.775928617014,3.247975608167,
    0.267549091857));
#7166 = ORIENTED_EDGE('',*,*,#7167,.T.);
#7167 = EDGE_CURVE('',#7161,#7168,#7170,.T.);
#7168 = VERTEX_POINT('',#7169);
#7169 = CARTESIAN_POINT('',(-2.853826583518,3.247975608167,
    0.295029055194));
#7170 = B_SPLINE_CURVE_WITH_KNOTS('',3,(#7171,#7172,#7173,#7174),
  .UNSPECIFIED.,.F.,.F.,(4,4),(5.,6.),.PIECEWISE_BEZIER_KNOTS.);
#7171 = CARTESIAN_POINT('',(-2.775928617014,3.247975608167,
    0.267549091857));
#7172 = CARTESIAN_POINT('',(-2.807591408518,3.247975608167,0.26732452804
    ));
#7173 = CARTESIAN_POINT('',(-2.83359125651,3.247975608167,0.276450172948
    ));
#7174 = CARTESIAN_POINT('',(-2.853826583518,3.247975608167,
    0.295029055194));
#7175 = ORIENTED_EDGE('',*,*,#7176,.T.);
#7176 = EDGE_CURVE('',#7168,#7177,#7179,.T.);
#7177 = VERTEX_POINT('',#7178);
#7178 = CARTESIAN_POINT('',(-2.884534921213,3.247975608167,
    0.369393929767));
#7179 = B_SPLINE_CURVE_WITH_KNOTS('',3,(#7180,#7181,#7182,#7183),
  .UNSPECIFIED.,.F.,.F.,(4,4),(4.,5.),.PIECEWISE_BEZIER_KNOTS.);
#7180 = CARTESIAN_POINT('',(-2.853826583518,3.247975608167,
    0.295029055194));
#7181 = CARTESIAN_POINT('',(-2.874061910526,3.247975608167,
    0.313607937441));
#7182 = CARTESIAN_POINT('',(-2.884315073599,3.247975608167,
    0.338396108036));
#7183 = CARTESIAN_POINT('',(-2.884534921213,3.247975608167,
    0.369393929767));
#7184 = ORIENTED_EDGE('',*,*,#7185,.T.);
#7185 = EDGE_CURVE('',#7177,#7186,#7188,.T.);
#7186 = VERTEX_POINT('',#7187);
#7187 = CARTESIAN_POINT('',(-2.854859069178,3.247975608167,
    0.440606283983));
#7188 = B_SPLINE_CURVE_WITH_KNOTS('',3,(#7189,#7190,#7191,#7192),
  .UNSPECIFIED.,.F.,.F.,(4,4),(3.,4.),.PIECEWISE_BEZIER_KNOTS.);
#7189 = CARTESIAN_POINT('',(-2.884534921213,3.247975608167,
    0.369393929767));
#7190 = CARTESIAN_POINT('',(-2.884745336421,3.247975608167,
    0.399061811951));
#7191 = CARTESIAN_POINT('',(-2.874836093379,3.247975608167,
    0.422765283271));
#7192 = CARTESIAN_POINT('',(-2.854859069178,3.247975608167,
    0.440606283983));
#7193 = ORIENTED_EDGE('',*,*,#7194,.T.);
#7194 = EDGE_CURVE('',#7186,#7195,#7197,.T.);
#7195 = VERTEX_POINT('',#7196);
#7196 = CARTESIAN_POINT('',(-2.779393892156,3.247975608167,
    0.467639330647));
#7197 = B_SPLINE_CURVE_WITH_KNOTS('',3,(#7198,#7199,#7200,#7201),
  .UNSPECIFIED.,.F.,.F.,(4,4),(2.,3.),.PIECEWISE_BEZIER_KNOTS.);
#7198 = CARTESIAN_POINT('',(-2.854859069178,3.247975608167,
    0.440606283983));
#7199 = CARTESIAN_POINT('',(-2.834882044978,3.247975608167,
    0.458447284694));
#7200 = CARTESIAN_POINT('',(-2.809726744113,3.247975608167,
    0.467424199235));
#7201 = CARTESIAN_POINT('',(-2.779393892156,3.247975608167,
    0.467639330647));
#7202 = ORIENTED_EDGE('',*,*,#7203,.T.);
#7203 = EDGE_CURVE('',#7195,#7204,#7206,.T.);
#7204 = VERTEX_POINT('',#7205);
#7205 = CARTESIAN_POINT('',(-2.722308794712,3.247975608167,0.46804419853
    ));
#7206 = B_SPLINE_CURVE_WITH_KNOTS('',1,(#7207,#7208),.UNSPECIFIED.,.F.,
  .F.,(2,2),(-5.708653315968E-02,0.),.PIECEWISE_BEZIER_KNOTS.);
#7207 = CARTESIAN_POINT('',(-2.779393892156,3.247975608167,
    0.467639330647));
#7208 = CARTESIAN_POINT('',(-2.722308794712,3.247975608167,0.46804419853
    ));
#7209 = ORIENTED_EDGE('',*,*,#7210,.T.);
#7210 = EDGE_CURVE('',#7204,#7159,#7211,.T.);
#7211 = B_SPLINE_CURVE_WITH_KNOTS('',1,(#7212,#7213),.UNSPECIFIED.,.F.,
  .F.,(2,2),(-0.200109782907,0.),.PIECEWISE_BEZIER_KNOTS.);
#7212 = CARTESIAN_POINT('',(-2.722308794712,3.247975608167,0.46804419853
    ));
#7213 = CARTESIAN_POINT('',(-2.72088958041,3.247975608167,0.267939448347
    ));
#7214 = FACE_BOUND('',#7215,.T.);
#7215 = EDGE_LOOP('',(#7216,#7225,#7232,#7241,#7250,#7259,#7268));
#7216 = ORIENTED_EDGE('',*,*,#7217,.F.);
#7217 = EDGE_CURVE('',#7218,#7220,#7222,.T.);
#7218 = VERTEX_POINT('',#7219);
#7219 = CARTESIAN_POINT('',(-2.747977059641,3.247975608167,
    0.444842807732));
#7220 = VERTEX_POINT('',#7221);
#7221 = CARTESIAN_POINT('',(-2.746882900557,3.247975608167,
    0.290569820372));
#7222 = B_SPLINE_CURVE_WITH_KNOTS('',1,(#7223,#7224),.UNSPECIFIED.,.F.,
  .F.,(2,2),(0.,0.154276867395),.PIECEWISE_BEZIER_KNOTS.);
#7223 = CARTESIAN_POINT('',(-2.747977059641,3.247975608167,
    0.444842807732));
#7224 = CARTESIAN_POINT('',(-2.746882900557,3.247975608167,
    0.290569820372));
#7225 = ORIENTED_EDGE('',*,*,#7226,.F.);
#7226 = EDGE_CURVE('',#7227,#7218,#7229,.T.);
#7227 = VERTEX_POINT('',#7228);
#7228 = CARTESIAN_POINT('',(-2.778207608556,3.247975608167,0.44462840189
    ));
#7229 = B_SPLINE_CURVE_WITH_KNOTS('',1,(#7230,#7231),.UNSPECIFIED.,.F.,
  .F.,(2,2),(0.,3.023130922718E-02),.PIECEWISE_BEZIER_KNOTS.);
#7230 = CARTESIAN_POINT('',(-2.778207608556,3.247975608167,0.44462840189
    ));
#7231 = CARTESIAN_POINT('',(-2.747977059641,3.247975608167,
    0.444842807732));
#7232 = ORIENTED_EDGE('',*,*,#7233,.F.);
#7233 = EDGE_CURVE('',#7234,#7227,#7236,.T.);
#7234 = VERTEX_POINT('',#7235);
#7235 = CARTESIAN_POINT('',(-2.835824170952,3.247975608167,
    0.425395058072));
#7236 = B_SPLINE_CURVE_WITH_KNOTS('',3,(#7237,#7238,#7239,#7240),
  .UNSPECIFIED.,.F.,.F.,(4,4),(5.,6.),.PIECEWISE_BEZIER_KNOTS.);
#7237 = CARTESIAN_POINT('',(-2.835824170952,3.247975608167,
    0.425395058072));
#7238 = CARTESIAN_POINT('',(-2.821284081015,3.247975608167,
    0.438082088704));
#7239 = CARTESIAN_POINT('',(-2.802044217346,3.247975608167,
    0.444459344154));
#7240 = CARTESIAN_POINT('',(-2.778207608556,3.247975608167,0.44462840189
    ));
#7241 = ORIENTED_EDGE('',*,*,#7242,.F.);
#7242 = EDGE_CURVE('',#7243,#7234,#7245,.T.);
#7243 = VERTEX_POINT('',#7244);
#7244 = CARTESIAN_POINT('',(-2.857368384568,3.247975608167,
    0.368870447224));
#7245 = B_SPLINE_CURVE_WITH_KNOTS('',3,(#7246,#7247,#7248,#7249),
  .UNSPECIFIED.,.F.,.F.,(4,4),(4.,5.),.PIECEWISE_BEZIER_KNOTS.);
#7246 = CARTESIAN_POINT('',(-2.857368384568,3.247975608167,
    0.368870447224));
#7247 = CARTESIAN_POINT('',(-2.857545423571,3.247975608167,
    0.393832389477));
#7248 = CARTESIAN_POINT('',(-2.850364260889,3.247975608167,
    0.412708027439));
#7249 = CARTESIAN_POINT('',(-2.835824170952,3.247975608167,
    0.425395058072));
#7250 = ORIENTED_EDGE('',*,*,#7251,.F.);
#7251 = EDGE_CURVE('',#7252,#7243,#7254,.T.);
#7252 = VERTEX_POINT('',#7253);
#7253 = CARTESIAN_POINT('',(-2.835574199638,3.247975608167,
    0.310811660381));
#7254 = B_SPLINE_CURVE_WITH_KNOTS('',3,(#7255,#7256,#7257,#7258),
  .UNSPECIFIED.,.F.,.F.,(4,4),(3.,4.),.PIECEWISE_BEZIER_KNOTS.);
#7255 = CARTESIAN_POINT('',(-2.835574199638,3.247975608167,
    0.310811660381));
#7256 = CARTESIAN_POINT('',(-2.849943425907,3.247975608167,
    0.324521354083));
#7257 = CARTESIAN_POINT('',(-2.857191345565,3.247975608167,
    0.343908504972));
#7258 = CARTESIAN_POINT('',(-2.857368384568,3.247975608167,
    0.368870447224));
#7259 = ORIENTED_EDGE('',*,*,#7260,.F.);
#7260 = EDGE_CURVE('',#7261,#7252,#7263,.T.);
#7261 = VERTEX_POINT('',#7262);
#7262 = CARTESIAN_POINT('',(-2.77593696449,3.247975608167,0.290363758581
    ));
#7263 = B_SPLINE_CURVE_WITH_KNOTS('',3,(#7264,#7265,#7266,#7267),
  .UNSPECIFIED.,.F.,.F.,(4,4),(2.,3.),.PIECEWISE_BEZIER_KNOTS.);
#7264 = CARTESIAN_POINT('',(-2.77593696449,3.247975608167,0.290363758581
    ));
#7265 = CARTESIAN_POINT('',(-2.80135927043,3.247975608167,0.290183454515
    ));
#7266 = CARTESIAN_POINT('',(-2.82125539932,3.247975608167,0.296999300852
    ));
#7267 = CARTESIAN_POINT('',(-2.835574199638,3.247975608167,
    0.310811660381));
#7268 = ORIENTED_EDGE('',*,*,#7269,.F.);
#7269 = EDGE_CURVE('',#7220,#7261,#7270,.T.);
#7270 = B_SPLINE_CURVE_WITH_KNOTS('',1,(#7271,#7272),.UNSPECIFIED.,.F.,
  .F.,(2,2),(0.,2.905479465486E-02),.PIECEWISE_BEZIER_KNOTS.);
#7271 = CARTESIAN_POINT('',(-2.746882900557,3.247975608167,
    0.290569820372));
#7272 = CARTESIAN_POINT('',(-2.77593696449,3.247975608167,0.290363758581
    ));
#7273 = B_SPLINE_SURFACE_WITH_KNOTS('',1,1,(
    (#7274,#7275)
    ,(#7276,#7277
    )),.UNSPECIFIED.,.F.,.F.,.F.,(2,2),(2,2),(-0.193407980262,
    7.311690228098E-03),(-6.373542034554E-02,0.100120335666),
  .PIECEWISE_BEZIER_KNOTS.);
#7274 = CARTESIAN_POINT('',(-2.884745336421,3.247975608167,0.26732452804
    ));
#7275 = CARTESIAN_POINT('',(-2.72088958041,3.247975608167,0.26732452804)
  );
#7276 = CARTESIAN_POINT('',(-2.884745336421,3.247975608167,0.46804419853
    ));
#7277 = CARTESIAN_POINT('',(-2.72088958041,3.247975608167,0.46804419853)
  );
#7278 = ADVANCED_FACE('',(#7279),#7293,.F.);
#7279 = FACE_BOUND('',#7280,.T.);
#7280 = EDGE_LOOP('',(#7281,#7282,#7287,#7288));
#7281 = ORIENTED_EDGE('',*,*,#1397,.T.);
#7282 = ORIENTED_EDGE('',*,*,#7283,.F.);
#7283 = EDGE_CURVE('',#7161,#1400,#7284,.T.);
#7284 = B_SPLINE_CURVE_WITH_KNOTS('',1,(#7285,#7286),.UNSPECIFIED.,.F.,
  .F.,(2,2),(-0.,9.839368700902E-04),.PIECEWISE_BEZIER_KNOTS.);
#7285 = CARTESIAN_POINT('',(-2.775928617014,3.247975608167,
    0.267549091857));
#7286 = CARTESIAN_POINT('',(-2.775928617014,3.246991671296,
    0.267549091857));
#7287 = ORIENTED_EDGE('',*,*,#7158,.F.);
#7288 = ORIENTED_EDGE('',*,*,#7289,.T.);
#7289 = EDGE_CURVE('',#7159,#1398,#7290,.T.);
#7290 = B_SPLINE_CURVE_WITH_KNOTS('',1,(#7291,#7292),.UNSPECIFIED.,.F.,
  .F.,(2,2),(-0.,9.839368700902E-04),.PIECEWISE_BEZIER_KNOTS.);
#7291 = CARTESIAN_POINT('',(-2.72088958041,3.247975608167,0.267939448347
    ));
#7292 = CARTESIAN_POINT('',(-2.72088958041,3.246991671296,0.267939448347
    ));
#7293 = B_SPLINE_SURFACE_WITH_KNOTS('',1,1,(
    (#7294,#7295)
    ,(#7296,#7297
    )),.UNSPECIFIED.,.F.,.F.,.F.,(2,2),(2,2),(0.,5.504042086098E-02),(
    -9.839368700902E-04,0.),.PIECEWISE_BEZIER_KNOTS.);
#7294 = CARTESIAN_POINT('',(-2.775928617014,3.246991671296,
    0.267549091857));
#7295 = CARTESIAN_POINT('',(-2.775928617014,3.247975608167,
    0.267549091857));
#7296 = CARTESIAN_POINT('',(-2.72088958041,3.246991671296,0.267939448347
    ));
#7297 = CARTESIAN_POINT('',(-2.72088958041,3.247975608167,0.267939448347
    ));
#7298 = ADVANCED_FACE('',(#7299),#7309,.F.);
#7299 = FACE_BOUND('',#7300,.F.);
#7300 = EDGE_LOOP('',(#7301,#7302,#7303,#7308));
#7301 = ORIENTED_EDGE('',*,*,#7283,.F.);
#7302 = ORIENTED_EDGE('',*,*,#7167,.T.);
#7303 = ORIENTED_EDGE('',*,*,#7304,.T.);
#7304 = EDGE_CURVE('',#7168,#1439,#7305,.T.);
#7305 = B_SPLINE_CURVE_WITH_KNOTS('',1,(#7306,#7307),.UNSPECIFIED.,.F.,
  .F.,(2,2),(-0.,9.839368700902E-04),.PIECEWISE_BEZIER_KNOTS.);
#7306 = CARTESIAN_POINT('',(-2.853826583518,3.247975608167,
    0.295029055194));
#7307 = CARTESIAN_POINT('',(-2.853826583518,3.246991671296,
    0.295029055194));
#7308 = ORIENTED_EDGE('',*,*,#1447,.F.);
#7309 = B_SPLINE_SURFACE_WITH_KNOTS('',3,1,(
    (#7310,#7311)
    ,(#7312,#7313)
    ,(#7314,#7315)
    ,(#7316,#7317
    )),.UNSPECIFIED.,.F.,.F.,.F.,(4,4),(2,2),(5.,6.),(0.,1.),
  .PIECEWISE_BEZIER_KNOTS.);
#7310 = CARTESIAN_POINT('',(-2.775928617014,3.247975608167,
    0.267549091857));
#7311 = CARTESIAN_POINT('',(-2.775928617014,3.246991671296,
    0.267549091857));
#7312 = CARTESIAN_POINT('',(-2.807591408518,3.247975608167,0.26732452804
    ));
#7313 = CARTESIAN_POINT('',(-2.807591408518,3.246991671296,0.26732452804
    ));
#7314 = CARTESIAN_POINT('',(-2.83359125651,3.247975608167,0.276450172948
    ));
#7315 = CARTESIAN_POINT('',(-2.83359125651,3.246991671296,0.276450172948
    ));
#7316 = CARTESIAN_POINT('',(-2.853826583518,3.247975608167,
    0.295029055194));
#7317 = CARTESIAN_POINT('',(-2.853826583518,3.246991671296,
    0.295029055194));
#7318 = ADVANCED_FACE('',(#7319),#7329,.F.);
#7319 = FACE_BOUND('',#7320,.F.);
#7320 = EDGE_LOOP('',(#7321,#7322,#7323,#7328));
#7321 = ORIENTED_EDGE('',*,*,#7304,.F.);
#7322 = ORIENTED_EDGE('',*,*,#7176,.T.);
#7323 = ORIENTED_EDGE('',*,*,#7324,.T.);
#7324 = EDGE_CURVE('',#7177,#1430,#7325,.T.);
#7325 = B_SPLINE_CURVE_WITH_KNOTS('',1,(#7326,#7327),.UNSPECIFIED.,.F.,
  .F.,(2,2),(-0.,9.839368700902E-04),.PIECEWISE_BEZIER_KNOTS.);
#7326 = CARTESIAN_POINT('',(-2.884534921213,3.247975608167,
    0.369393929767));
#7327 = CARTESIAN_POINT('',(-2.884534921213,3.246991671296,
    0.369393929767));
#7328 = ORIENTED_EDGE('',*,*,#1438,.F.);
#7329 = B_SPLINE_SURFACE_WITH_KNOTS('',3,1,(
    (#7330,#7331)
    ,(#7332,#7333)
    ,(#7334,#7335)
    ,(#7336,#7337
    )),.UNSPECIFIED.,.F.,.F.,.F.,(4,4),(2,2),(4.,5.),(0.,1.),
  .PIECEWISE_BEZIER_KNOTS.);
#7330 = CARTESIAN_POINT('',(-2.853826583518,3.247975608167,
    0.295029055194));
#7331 = CARTESIAN_POINT('',(-2.853826583518,3.246991671296,
    0.295029055194));
#7332 = CARTESIAN_POINT('',(-2.874061910526,3.247975608167,
    0.313607937441));
#7333 = CARTESIAN_POINT('',(-2.874061910526,3.246991671296,
    0.313607937441));
#7334 = CARTESIAN_POINT('',(-2.884315073599,3.247975608167,
    0.338396108036));
#7335 = CARTESIAN_POINT('',(-2.884315073599,3.246991671296,
    0.338396108036));
#7336 = CARTESIAN_POINT('',(-2.884534921213,3.247975608167,
    0.369393929767));
#7337 = CARTESIAN_POINT('',(-2.884534921213,3.246991671296,
    0.369393929767));
#7338 = ADVANCED_FACE('',(#7339),#7349,.F.);
#7339 = FACE_BOUND('',#7340,.F.);
#7340 = EDGE_LOOP('',(#7341,#7342,#7343,#7348));
#7341 = ORIENTED_EDGE('',*,*,#7324,.F.);
#7342 = ORIENTED_EDGE('',*,*,#7185,.T.);
#7343 = ORIENTED_EDGE('',*,*,#7344,.T.);
#7344 = EDGE_CURVE('',#7186,#1421,#7345,.T.);
#7345 = B_SPLINE_CURVE_WITH_KNOTS('',1,(#7346,#7347),.UNSPECIFIED.,.F.,
  .F.,(2,2),(-0.,9.839368700902E-04),.PIECEWISE_BEZIER_KNOTS.);
#7346 = CARTESIAN_POINT('',(-2.854859069178,3.247975608167,
    0.440606283983));
#7347 = CARTESIAN_POINT('',(-2.854859069178,3.246991671296,
    0.440606283983));
#7348 = ORIENTED_EDGE('',*,*,#1429,.F.);
#7349 = B_SPLINE_SURFACE_WITH_KNOTS('',3,1,(
    (#7350,#7351)
    ,(#7352,#7353)
    ,(#7354,#7355)
    ,(#7356,#7357
    )),.UNSPECIFIED.,.F.,.F.,.F.,(4,4),(2,2),(3.,4.),(0.,1.),
  .PIECEWISE_BEZIER_KNOTS.);
#7350 = CARTESIAN_POINT('',(-2.884534921213,3.247975608167,
    0.369393929767));
#7351 = CARTESIAN_POINT('',(-2.884534921213,3.246991671296,
    0.369393929767));
#7352 = CARTESIAN_POINT('',(-2.884745336421,3.247975608167,
    0.399061811951));
#7353 = CARTESIAN_POINT('',(-2.884745336421,3.246991671296,
    0.399061811951));
#7354 = CARTESIAN_POINT('',(-2.874836093379,3.247975608167,
    0.422765283271));
#7355 = CARTESIAN_POINT('',(-2.874836093379,3.246991671296,
    0.422765283271));
#7356 = CARTESIAN_POINT('',(-2.854859069178,3.247975608167,
    0.440606283983));
#7357 = CARTESIAN_POINT('',(-2.854859069178,3.246991671296,
    0.440606283983));
#7358 = ADVANCED_FACE('',(#7359),#7369,.F.);
#7359 = FACE_BOUND('',#7360,.F.);
#7360 = EDGE_LOOP('',(#7361,#7362,#7363,#7368));
#7361 = ORIENTED_EDGE('',*,*,#7344,.F.);
#7362 = ORIENTED_EDGE('',*,*,#7194,.T.);
#7363 = ORIENTED_EDGE('',*,*,#7364,.T.);
#7364 = EDGE_CURVE('',#7195,#1414,#7365,.T.);
#7365 = B_SPLINE_CURVE_WITH_KNOTS('',1,(#7366,#7367),.UNSPECIFIED.,.F.,
  .F.,(2,2),(-0.,9.839368700902E-04),.PIECEWISE_BEZIER_KNOTS.);
#7366 = CARTESIAN_POINT('',(-2.779393892156,3.247975608167,
    0.467639330647));
#7367 = CARTESIAN_POINT('',(-2.779393892156,3.246991671296,
    0.467639330647));
#7368 = ORIENTED_EDGE('',*,*,#1420,.F.);
#7369 = B_SPLINE_SURFACE_WITH_KNOTS('',3,1,(
    (#7370,#7371)
    ,(#7372,#7373)
    ,(#7374,#7375)
    ,(#7376,#7377
    )),.UNSPECIFIED.,.F.,.F.,.F.,(4,4),(2,2),(2.,3.),(0.,1.),
  .PIECEWISE_BEZIER_KNOTS.);
#7370 = CARTESIAN_POINT('',(-2.854859069178,3.247975608167,
    0.440606283983));
#7371 = CARTESIAN_POINT('',(-2.854859069178,3.246991671296,
    0.440606283983));
#7372 = CARTESIAN_POINT('',(-2.834882044978,3.247975608167,
    0.458447284694));
#7373 = CARTESIAN_POINT('',(-2.834882044978,3.246991671296,
    0.458447284694));
#7374 = CARTESIAN_POINT('',(-2.809726744113,3.247975608167,
    0.467424199235));
#7375 = CARTESIAN_POINT('',(-2.809726744113,3.246991671296,
    0.467424199235));
#7376 = CARTESIAN_POINT('',(-2.779393892156,3.247975608167,
    0.467639330647));
#7377 = CARTESIAN_POINT('',(-2.779393892156,3.246991671296,
    0.467639330647));
#7378 = ADVANCED_FACE('',(#7379),#7389,.F.);
#7379 = FACE_BOUND('',#7380,.T.);
#7380 = EDGE_LOOP('',(#7381,#7382,#7387,#7388));
#7381 = ORIENTED_EDGE('',*,*,#1413,.T.);
#7382 = ORIENTED_EDGE('',*,*,#7383,.F.);
#7383 = EDGE_CURVE('',#7204,#1407,#7384,.T.);
#7384 = B_SPLINE_CURVE_WITH_KNOTS('',1,(#7385,#7386),.UNSPECIFIED.,.F.,
  .F.,(2,2),(-0.,9.839368700902E-04),.PIECEWISE_BEZIER_KNOTS.);
#7385 = CARTESIAN_POINT('',(-2.722308794712,3.247975608167,0.46804419853
    ));
#7386 = CARTESIAN_POINT('',(-2.722308794712,3.246991671296,0.46804419853
    ));
#7387 = ORIENTED_EDGE('',*,*,#7203,.F.);
#7388 = ORIENTED_EDGE('',*,*,#7364,.T.);
#7389 = B_SPLINE_SURFACE_WITH_KNOTS('',1,1,(
    (#7390,#7391)
    ,(#7392,#7393
    )),.UNSPECIFIED.,.F.,.F.,.F.,(2,2),(2,2),(0.,5.708653315968E-02),(
    -9.839368700902E-04,0.),.PIECEWISE_BEZIER_KNOTS.);
#7390 = CARTESIAN_POINT('',(-2.722308794712,3.246991671296,0.46804419853
    ));
#7391 = CARTESIAN_POINT('',(-2.722308794712,3.247975608167,0.46804419853
    ));
#7392 = CARTESIAN_POINT('',(-2.779393892156,3.246991671296,
    0.467639330647));
#7393 = CARTESIAN_POINT('',(-2.779393892156,3.247975608167,
    0.467639330647));
#7394 = ADVANCED_FACE('',(#7395),#7401,.F.);
#7395 = FACE_BOUND('',#7396,.T.);
#7396 = EDGE_LOOP('',(#7397,#7398,#7399,#7400));
#7397 = ORIENTED_EDGE('',*,*,#1406,.T.);
#7398 = ORIENTED_EDGE('',*,*,#7289,.F.);
#7399 = ORIENTED_EDGE('',*,*,#7210,.F.);
#7400 = ORIENTED_EDGE('',*,*,#7383,.T.);
#7401 = B_SPLINE_SURFACE_WITH_KNOTS('',1,1,(
    (#7402,#7403)
    ,(#7404,#7405
    )),.UNSPECIFIED.,.F.,.F.,.F.,(2,2),(2,2),(0.,0.200109782907),(
    -9.839368700902E-04,0.),.PIECEWISE_BEZIER_KNOTS.);
#7402 = CARTESIAN_POINT('',(-2.72088958041,3.246991671296,0.267939448347
    ));
#7403 = CARTESIAN_POINT('',(-2.72088958041,3.247975608167,0.267939448347
    ));
#7404 = CARTESIAN_POINT('',(-2.722308794712,3.246991671296,0.46804419853
    ));
#7405 = CARTESIAN_POINT('',(-2.722308794712,3.247975608167,0.46804419853
    ));
#7406 = ADVANCED_FACE('',(#7407),#7429,.T.);
#7407 = FACE_BOUND('',#7408,.T.);
#7408 = EDGE_LOOP('',(#7409,#7418,#7423,#7424));
#7409 = ORIENTED_EDGE('',*,*,#7410,.F.);
#7410 = EDGE_CURVE('',#7411,#7413,#7415,.T.);
#7411 = VERTEX_POINT('',#7412);
#7412 = CARTESIAN_POINT('',(-2.778207608556,3.246991671296,0.44462840189
    ));
#7413 = VERTEX_POINT('',#7414);
#7414 = CARTESIAN_POINT('',(-2.747977059641,3.246991671296,
    0.444842807732));
#7415 = B_SPLINE_CURVE_WITH_KNOTS('',1,(#7416,#7417),.UNSPECIFIED.,.F.,
  .F.,(2,2),(0.,3.023130922718E-02),.PIECEWISE_BEZIER_KNOTS.);
#7416 = CARTESIAN_POINT('',(-2.778207608556,3.246991671296,0.44462840189
    ));
#7417 = CARTESIAN_POINT('',(-2.747977059641,3.246991671296,
    0.444842807732));
#7418 = ORIENTED_EDGE('',*,*,#7419,.F.);
#7419 = EDGE_CURVE('',#7227,#7411,#7420,.T.);
#7420 = B_SPLINE_CURVE_WITH_KNOTS('',1,(#7421,#7422),.UNSPECIFIED.,.F.,
  .F.,(2,2),(-0.,9.839368700902E-04),.PIECEWISE_BEZIER_KNOTS.);
#7421 = CARTESIAN_POINT('',(-2.778207608556,3.247975608167,0.44462840189
    ));
#7422 = CARTESIAN_POINT('',(-2.778207608556,3.246991671296,0.44462840189
    ));
#7423 = ORIENTED_EDGE('',*,*,#7226,.T.);
#7424 = ORIENTED_EDGE('',*,*,#7425,.T.);
#7425 = EDGE_CURVE('',#7218,#7413,#7426,.T.);
#7426 = B_SPLINE_CURVE_WITH_KNOTS('',1,(#7427,#7428),.UNSPECIFIED.,.F.,
  .F.,(2,2),(-0.,9.839368700902E-04),.PIECEWISE_BEZIER_KNOTS.);
#7427 = CARTESIAN_POINT('',(-2.747977059641,3.247975608167,
    0.444842807732));
#7428 = CARTESIAN_POINT('',(-2.747977059641,3.246991671296,
    0.444842807732));
#7429 = B_SPLINE_SURFACE_WITH_KNOTS('',1,1,(
    (#7430,#7431)
    ,(#7432,#7433
    )),.UNSPECIFIED.,.F.,.F.,.F.,(2,2),(2,2),(-3.023130922718E-02,0.),(
    -9.839368700902E-04,0.),.PIECEWISE_BEZIER_KNOTS.);
#7430 = CARTESIAN_POINT('',(-2.747977059641,3.246991671296,
    0.444842807732));
#7431 = CARTESIAN_POINT('',(-2.747977059641,3.247975608167,
    0.444842807732));
#7432 = CARTESIAN_POINT('',(-2.778207608556,3.246991671296,0.44462840189
    ));
#7433 = CARTESIAN_POINT('',(-2.778207608556,3.247975608167,0.44462840189
    ));
#7434 = ADVANCED_FACE('',(#7435),#7451,.T.);
#7435 = FACE_BOUND('',#7436,.T.);
#7436 = EDGE_LOOP('',(#7437,#7444,#7445,#7446));
#7437 = ORIENTED_EDGE('',*,*,#7438,.F.);
#7438 = EDGE_CURVE('',#7413,#7439,#7441,.T.);
#7439 = VERTEX_POINT('',#7440);
#7440 = CARTESIAN_POINT('',(-2.746882900557,3.246991671296,
    0.290569820372));
#7441 = B_SPLINE_CURVE_WITH_KNOTS('',1,(#7442,#7443),.UNSPECIFIED.,.F.,
  .F.,(2,2),(0.,0.154276867395),.PIECEWISE_BEZIER_KNOTS.);
#7442 = CARTESIAN_POINT('',(-2.747977059641,3.246991671296,
    0.444842807732));
#7443 = CARTESIAN_POINT('',(-2.746882900557,3.246991671296,
    0.290569820372));
#7444 = ORIENTED_EDGE('',*,*,#7425,.F.);
#7445 = ORIENTED_EDGE('',*,*,#7217,.T.);
#7446 = ORIENTED_EDGE('',*,*,#7447,.T.);
#7447 = EDGE_CURVE('',#7220,#7439,#7448,.T.);
#7448 = B_SPLINE_CURVE_WITH_KNOTS('',1,(#7449,#7450),.UNSPECIFIED.,.F.,
  .F.,(2,2),(-0.,9.839368700902E-04),.PIECEWISE_BEZIER_KNOTS.);
#7449 = CARTESIAN_POINT('',(-2.746882900557,3.247975608167,
    0.290569820372));
#7450 = CARTESIAN_POINT('',(-2.746882900557,3.246991671296,
    0.290569820372));
#7451 = B_SPLINE_SURFACE_WITH_KNOTS('',1,1,(
    (#7452,#7453)
    ,(#7454,#7455
    )),.UNSPECIFIED.,.F.,.F.,.F.,(2,2),(2,2),(-0.154276867395,0.),(
    -9.839368700902E-04,0.),.PIECEWISE_BEZIER_KNOTS.);
#7452 = CARTESIAN_POINT('',(-2.746882900557,3.246991671296,
    0.290569820372));
#7453 = CARTESIAN_POINT('',(-2.746882900557,3.247975608167,
    0.290569820372));
#7454 = CARTESIAN_POINT('',(-2.747977059641,3.246991671296,
    0.444842807732));
#7455 = CARTESIAN_POINT('',(-2.747977059641,3.247975608167,
    0.444842807732));
#7456 = ADVANCED_FACE('',(#7457),#7473,.T.);
#7457 = FACE_BOUND('',#7458,.T.);
#7458 = EDGE_LOOP('',(#7459,#7466,#7467,#7468));
#7459 = ORIENTED_EDGE('',*,*,#7460,.F.);
#7460 = EDGE_CURVE('',#7439,#7461,#7463,.T.);
#7461 = VERTEX_POINT('',#7462);
#7462 = CARTESIAN_POINT('',(-2.77593696449,3.246991671296,0.290363758581
    ));
#7463 = B_SPLINE_CURVE_WITH_KNOTS('',1,(#7464,#7465),.UNSPECIFIED.,.F.,
  .F.,(2,2),(0.,2.905479465486E-02),.PIECEWISE_BEZIER_KNOTS.);
#7464 = CARTESIAN_POINT('',(-2.746882900557,3.246991671296,
    0.290569820372));
#7465 = CARTESIAN_POINT('',(-2.77593696449,3.246991671296,0.290363758581
    ));
#7466 = ORIENTED_EDGE('',*,*,#7447,.F.);
#7467 = ORIENTED_EDGE('',*,*,#7269,.T.);
#7468 = ORIENTED_EDGE('',*,*,#7469,.T.);
#7469 = EDGE_CURVE('',#7261,#7461,#7470,.T.);
#7470 = B_SPLINE_CURVE_WITH_KNOTS('',1,(#7471,#7472),.UNSPECIFIED.,.F.,
  .F.,(2,2),(-0.,9.839368700902E-04),.PIECEWISE_BEZIER_KNOTS.);
#7471 = CARTESIAN_POINT('',(-2.77593696449,3.247975608167,0.290363758581
    ));
#7472 = CARTESIAN_POINT('',(-2.77593696449,3.246991671296,0.290363758581
    ));
#7473 = B_SPLINE_SURFACE_WITH_KNOTS('',1,1,(
    (#7474,#7475)
    ,(#7476,#7477
    )),.UNSPECIFIED.,.F.,.F.,.F.,(2,2),(2,2),(-2.905479465486E-02,0.),(
    -9.839368700902E-04,0.),.PIECEWISE_BEZIER_KNOTS.);
#7474 = CARTESIAN_POINT('',(-2.77593696449,3.246991671296,0.290363758581
    ));
#7475 = CARTESIAN_POINT('',(-2.77593696449,3.247975608167,0.290363758581
    ));
#7476 = CARTESIAN_POINT('',(-2.746882900557,3.246991671296,
    0.290569820372));
#7477 = CARTESIAN_POINT('',(-2.746882900557,3.247975608167,
    0.290569820372));
#7478 = ADVANCED_FACE('',(#7479),#7497,.T.);
#7479 = FACE_BOUND('',#7480,.T.);
#7480 = EDGE_LOOP('',(#7481,#7490,#7491,#7492));
#7481 = ORIENTED_EDGE('',*,*,#7482,.F.);
#7482 = EDGE_CURVE('',#7461,#7483,#7485,.T.);
#7483 = VERTEX_POINT('',#7484);
#7484 = CARTESIAN_POINT('',(-2.835574199638,3.246991671296,
    0.310811660381));
#7485 = B_SPLINE_CURVE_WITH_KNOTS('',3,(#7486,#7487,#7488,#7489),
  .UNSPECIFIED.,.F.,.F.,(4,4),(2.,3.),.PIECEWISE_BEZIER_KNOTS.);
#7486 = CARTESIAN_POINT('',(-2.77593696449,3.246991671296,0.290363758581
    ));
#7487 = CARTESIAN_POINT('',(-2.80135927043,3.246991671296,0.290183454515
    ));
#7488 = CARTESIAN_POINT('',(-2.82125539932,3.246991671296,0.296999300852
    ));
#7489 = CARTESIAN_POINT('',(-2.835574199638,3.246991671296,
    0.310811660381));
#7490 = ORIENTED_EDGE('',*,*,#7469,.F.);
#7491 = ORIENTED_EDGE('',*,*,#7260,.T.);
#7492 = ORIENTED_EDGE('',*,*,#7493,.T.);
#7493 = EDGE_CURVE('',#7252,#7483,#7494,.T.);
#7494 = B_SPLINE_CURVE_WITH_KNOTS('',1,(#7495,#7496),.UNSPECIFIED.,.F.,
  .F.,(2,2),(-0.,9.839368700902E-04),.PIECEWISE_BEZIER_KNOTS.);
#7495 = CARTESIAN_POINT('',(-2.835574199638,3.247975608167,
    0.310811660381));
#7496 = CARTESIAN_POINT('',(-2.835574199638,3.246991671296,
    0.310811660381));
#7497 = B_SPLINE_SURFACE_WITH_KNOTS('',3,1,(
    (#7498,#7499)
    ,(#7500,#7501)
    ,(#7502,#7503)
    ,(#7504,#7505
    )),.UNSPECIFIED.,.F.,.F.,.F.,(4,4),(2,2),(2.,3.),(0.,1.),
  .PIECEWISE_BEZIER_KNOTS.);
#7498 = CARTESIAN_POINT('',(-2.77593696449,3.247975608167,0.290363758581
    ));
#7499 = CARTESIAN_POINT('',(-2.77593696449,3.246991671296,0.290363758581
    ));
#7500 = CARTESIAN_POINT('',(-2.80135927043,3.247975608167,0.290183454515
    ));
#7501 = CARTESIAN_POINT('',(-2.80135927043,3.246991671296,0.290183454515
    ));
#7502 = CARTESIAN_POINT('',(-2.82125539932,3.247975608167,0.296999300852
    ));
#7503 = CARTESIAN_POINT('',(-2.82125539932,3.246991671296,0.296999300852
    ));
#7504 = CARTESIAN_POINT('',(-2.835574199638,3.247975608167,
    0.310811660381));
#7505 = CARTESIAN_POINT('',(-2.835574199638,3.246991671296,
    0.310811660381));
#7506 = ADVANCED_FACE('',(#7507),#7525,.T.);
#7507 = FACE_BOUND('',#7508,.T.);
#7508 = EDGE_LOOP('',(#7509,#7518,#7519,#7520));
#7509 = ORIENTED_EDGE('',*,*,#7510,.F.);
#7510 = EDGE_CURVE('',#7483,#7511,#7513,.T.);
#7511 = VERTEX_POINT('',#7512);
#7512 = CARTESIAN_POINT('',(-2.857368384568,3.246991671296,
    0.368870447224));
#7513 = B_SPLINE_CURVE_WITH_KNOTS('',3,(#7514,#7515,#7516,#7517),
  .UNSPECIFIED.,.F.,.F.,(4,4),(3.,4.),.PIECEWISE_BEZIER_KNOTS.);
#7514 = CARTESIAN_POINT('',(-2.835574199638,3.246991671296,
    0.310811660381));
#7515 = CARTESIAN_POINT('',(-2.849943425907,3.246991671296,
    0.324521354083));
#7516 = CARTESIAN_POINT('',(-2.857191345565,3.246991671296,
    0.343908504972));
#7517 = CARTESIAN_POINT('',(-2.857368384568,3.246991671296,
    0.368870447224));
#7518 = ORIENTED_EDGE('',*,*,#7493,.F.);
#7519 = ORIENTED_EDGE('',*,*,#7251,.T.);
#7520 = ORIENTED_EDGE('',*,*,#7521,.T.);
#7521 = EDGE_CURVE('',#7243,#7511,#7522,.T.);
#7522 = B_SPLINE_CURVE_WITH_KNOTS('',1,(#7523,#7524),.UNSPECIFIED.,.F.,
  .F.,(2,2),(-0.,9.839368700902E-04),.PIECEWISE_BEZIER_KNOTS.);
#7523 = CARTESIAN_POINT('',(-2.857368384568,3.247975608167,
    0.368870447224));
#7524 = CARTESIAN_POINT('',(-2.857368384568,3.246991671296,
    0.368870447224));
#7525 = B_SPLINE_SURFACE_WITH_KNOTS('',3,1,(
    (#7526,#7527)
    ,(#7528,#7529)
    ,(#7530,#7531)
    ,(#7532,#7533
    )),.UNSPECIFIED.,.F.,.F.,.F.,(4,4),(2,2),(3.,4.),(0.,1.),
  .PIECEWISE_BEZIER_KNOTS.);
#7526 = CARTESIAN_POINT('',(-2.835574199638,3.247975608167,
    0.310811660381));
#7527 = CARTESIAN_POINT('',(-2.835574199638,3.246991671296,
    0.310811660381));
#7528 = CARTESIAN_POINT('',(-2.849943425907,3.247975608167,
    0.324521354083));
#7529 = CARTESIAN_POINT('',(-2.849943425907,3.246991671296,
    0.324521354083));
#7530 = CARTESIAN_POINT('',(-2.857191345565,3.247975608167,
    0.343908504972));
#7531 = CARTESIAN_POINT('',(-2.857191345565,3.246991671296,
    0.343908504972));
#7532 = CARTESIAN_POINT('',(-2.857368384568,3.247975608167,
    0.368870447224));
#7533 = CARTESIAN_POINT('',(-2.857368384568,3.246991671296,
    0.368870447224));
#7534 = ADVANCED_FACE('',(#7535),#7553,.T.);
#7535 = FACE_BOUND('',#7536,.T.);
#7536 = EDGE_LOOP('',(#7537,#7546,#7547,#7548));
#7537 = ORIENTED_EDGE('',*,*,#7538,.F.);
#7538 = EDGE_CURVE('',#7511,#7539,#7541,.T.);
#7539 = VERTEX_POINT('',#7540);
#7540 = CARTESIAN_POINT('',(-2.835824170952,3.246991671296,
    0.425395058072));
#7541 = B_SPLINE_CURVE_WITH_KNOTS('',3,(#7542,#7543,#7544,#7545),
  .UNSPECIFIED.,.F.,.F.,(4,4),(4.,5.),.PIECEWISE_BEZIER_KNOTS.);
#7542 = CARTESIAN_POINT('',(-2.857368384568,3.246991671296,
    0.368870447224));
#7543 = CARTESIAN_POINT('',(-2.857545423571,3.246991671296,
    0.393832389477));
#7544 = CARTESIAN_POINT('',(-2.850364260889,3.246991671296,
    0.412708027439));
#7545 = CARTESIAN_POINT('',(-2.835824170952,3.246991671296,
    0.425395058072));
#7546 = ORIENTED_EDGE('',*,*,#7521,.F.);
#7547 = ORIENTED_EDGE('',*,*,#7242,.T.);
#7548 = ORIENTED_EDGE('',*,*,#7549,.T.);
#7549 = EDGE_CURVE('',#7234,#7539,#7550,.T.);
#7550 = B_SPLINE_CURVE_WITH_KNOTS('',1,(#7551,#7552),.UNSPECIFIED.,.F.,
  .F.,(2,2),(-0.,9.839368700902E-04),.PIECEWISE_BEZIER_KNOTS.);
#7551 = CARTESIAN_POINT('',(-2.835824170952,3.247975608167,
    0.425395058072));
#7552 = CARTESIAN_POINT('',(-2.835824170952,3.246991671296,
    0.425395058072));
#7553 = B_SPLINE_SURFACE_WITH_KNOTS('',3,1,(
    (#7554,#7555)
    ,(#7556,#7557)
    ,(#7558,#7559)
    ,(#7560,#7561
    )),.UNSPECIFIED.,.F.,.F.,.F.,(4,4),(2,2),(4.,5.),(0.,1.),
  .PIECEWISE_BEZIER_KNOTS.);
#7554 = CARTESIAN_POINT('',(-2.857368384568,3.247975608167,
    0.368870447224));
#7555 = CARTESIAN_POINT('',(-2.857368384568,3.246991671296,
    0.368870447224));
#7556 = CARTESIAN_POINT('',(-2.857545423571,3.247975608167,
    0.393832389477));
#7557 = CARTESIAN_POINT('',(-2.857545423571,3.246991671296,
    0.393832389477));
#7558 = CARTESIAN_POINT('',(-2.850364260889,3.247975608167,
    0.412708027439));
#7559 = CARTESIAN_POINT('',(-2.850364260889,3.246991671296,
    0.412708027439));
#7560 = CARTESIAN_POINT('',(-2.835824170952,3.247975608167,
    0.425395058072));
#7561 = CARTESIAN_POINT('',(-2.835824170952,3.246991671296,
    0.425395058072));
#7562 = ADVANCED_FACE('',(#7563),#7575,.T.);
#7563 = FACE_BOUND('',#7564,.T.);
#7564 = EDGE_LOOP('',(#7565,#7572,#7573,#7574));
#7565 = ORIENTED_EDGE('',*,*,#7566,.F.);
#7566 = EDGE_CURVE('',#7539,#7411,#7567,.T.);
#7567 = B_SPLINE_CURVE_WITH_KNOTS('',3,(#7568,#7569,#7570,#7571),
  .UNSPECIFIED.,.F.,.F.,(4,4),(5.,6.),.PIECEWISE_BEZIER_KNOTS.);
#7568 = CARTESIAN_POINT('',(-2.835824170952,3.246991671296,
    0.425395058072));
#7569 = CARTESIAN_POINT('',(-2.821284081015,3.246991671296,
    0.438082088704));
#7570 = CARTESIAN_POINT('',(-2.802044217346,3.246991671296,
    0.444459344154));
#7571 = CARTESIAN_POINT('',(-2.778207608556,3.246991671296,0.44462840189
    ));
#7572 = ORIENTED_EDGE('',*,*,#7549,.F.);
#7573 = ORIENTED_EDGE('',*,*,#7233,.T.);
#7574 = ORIENTED_EDGE('',*,*,#7419,.T.);
#7575 = B_SPLINE_SURFACE_WITH_KNOTS('',3,1,(
    (#7576,#7577)
    ,(#7578,#7579)
    ,(#7580,#7581)
    ,(#7582,#7583
    )),.UNSPECIFIED.,.F.,.F.,.F.,(4,4),(2,2),(5.,6.),(0.,1.),
  .PIECEWISE_BEZIER_KNOTS.);
#7576 = CARTESIAN_POINT('',(-2.835824170952,3.247975608167,
    0.425395058072));
#7577 = CARTESIAN_POINT('',(-2.835824170952,3.246991671296,
    0.425395058072));
#7578 = CARTESIAN_POINT('',(-2.821284081015,3.247975608167,
    0.438082088704));
#7579 = CARTESIAN_POINT('',(-2.821284081015,3.246991671296,
    0.438082088704));
#7580 = CARTESIAN_POINT('',(-2.802044217346,3.247975608167,
    0.444459344154));
#7581 = CARTESIAN_POINT('',(-2.802044217346,3.246991671296,
    0.444459344154));
#7582 = CARTESIAN_POINT('',(-2.778207608556,3.247975608167,0.44462840189
    ));
#7583 = CARTESIAN_POINT('',(-2.778207608556,3.246991671296,0.44462840189
    ));
#7584 = ADVANCED_FACE('',(#7585),#7594,.F.);
#7585 = FACE_BOUND('',#7586,.T.);
#7586 = EDGE_LOOP('',(#7587,#7588,#7589,#7590,#7591,#7592,#7593));
#7587 = ORIENTED_EDGE('',*,*,#7566,.T.);
#7588 = ORIENTED_EDGE('',*,*,#7410,.T.);
#7589 = ORIENTED_EDGE('',*,*,#7438,.T.);
#7590 = ORIENTED_EDGE('',*,*,#7460,.T.);
#7591 = ORIENTED_EDGE('',*,*,#7482,.T.);
#7592 = ORIENTED_EDGE('',*,*,#7510,.T.);
#7593 = ORIENTED_EDGE('',*,*,#7538,.T.);
#7594 = B_SPLINE_SURFACE_WITH_KNOTS('',1,1,(
    (#7595,#7596)
    ,(#7597,#7598
    )),.UNSPECIFIED.,.F.,.F.,.F.,(2,2),(2,2),(0.55877289976,
    0.713432252977),(0.389446247725,0.500108770739),
  .PIECEWISE_BEZIER_KNOTS.);
#7595 = CARTESIAN_POINT('',(-2.857545423571,3.246991671296,
    0.444842807732));
#7596 = CARTESIAN_POINT('',(-2.746882900557,3.246991671296,
    0.444842807732));
#7597 = CARTESIAN_POINT('',(-2.857545423571,3.246991671296,
    0.290183454515));
#7598 = CARTESIAN_POINT('',(-2.746882900557,3.246991671296,
    0.290183454515));
#7599 = ADVANCED_FACE('',(#7600,#7658),#7706,.F.);
#7600 = FACE_BOUND('',#7601,.T.);
#7601 = EDGE_LOOP('',(#7602,#7611,#7618,#7625,#7632,#7639,#7646,#7653));
#7602 = ORIENTED_EDGE('',*,*,#7603,.T.);
#7603 = EDGE_CURVE('',#7604,#7606,#7608,.T.);
#7604 = VERTEX_POINT('',#7605);
#7605 = CARTESIAN_POINT('',(-3.074960408826,3.247975608167,
    0.265428251671));
#7606 = VERTEX_POINT('',#7607);
#7607 = CARTESIAN_POINT('',(-3.000163856827,3.247975608167,
    0.466073551269));
#7608 = B_SPLINE_CURVE_WITH_KNOTS('',1,(#7609,#7610),.UNSPECIFIED.,.F.,
  .F.,(2,2),(-0.214133277287,0.),.PIECEWISE_BEZIER_KNOTS.);
#7609 = CARTESIAN_POINT('',(-3.074960408826,3.247975608167,
    0.265428251671));
#7610 = CARTESIAN_POINT('',(-3.000163856827,3.247975608167,
    0.466073551269));
#7611 = ORIENTED_EDGE('',*,*,#7612,.T.);
#7612 = EDGE_CURVE('',#7606,#7613,#7615,.T.);
#7613 = VERTEX_POINT('',#7614);
#7614 = CARTESIAN_POINT('',(-2.972542035481,3.247975608167,
    0.466269455083));
#7615 = B_SPLINE_CURVE_WITH_KNOTS('',1,(#7616,#7617),.UNSPECIFIED.,.F.,
  .F.,(2,2),(-2.762251604673E-02,0.),.PIECEWISE_BEZIER_KNOTS.);
#7616 = CARTESIAN_POINT('',(-3.000163856827,3.247975608167,
    0.466073551269));
#7617 = CARTESIAN_POINT('',(-2.972542035481,3.247975608167,
    0.466269455083));
#7618 = ORIENTED_EDGE('',*,*,#7619,.T.);
#7619 = EDGE_CURVE('',#7613,#7620,#7622,.T.);
#7620 = VERTEX_POINT('',#7621);
#7621 = CARTESIAN_POINT('',(-2.894907054877,3.247975608167,
    0.266705254315));
#7622 = B_SPLINE_CURVE_WITH_KNOTS('',1,(#7623,#7624),.UNSPECIFIED.,.F.,
  .F.,(2,2),(-0.214133277287,0.),.PIECEWISE_BEZIER_KNOTS.);
#7623 = CARTESIAN_POINT('',(-2.972542035481,3.247975608167,
    0.466269455083));
#7624 = CARTESIAN_POINT('',(-2.894907054877,3.247975608167,
    0.266705254315));
#7625 = ORIENTED_EDGE('',*,*,#7626,.T.);
#7626 = EDGE_CURVE('',#7620,#7627,#7629,.T.);
#7627 = VERTEX_POINT('',#7628);
#7628 = CARTESIAN_POINT('',(-2.9234496036,3.247975608167,0.266502820373)
  );
#7629 = B_SPLINE_CURVE_WITH_KNOTS('',1,(#7630,#7631),.UNSPECIFIED.,.F.,
  .F.,(2,2),(-2.854326658052E-02,-0.),.PIECEWISE_BEZIER_KNOTS.);
#7630 = CARTESIAN_POINT('',(-2.894907054877,3.247975608167,
    0.266705254315));
#7631 = CARTESIAN_POINT('',(-2.9234496036,3.247975608167,0.266502820373)
  );
#7632 = ORIENTED_EDGE('',*,*,#7633,.T.);
#7633 = EDGE_CURVE('',#7627,#7634,#7636,.T.);
#7634 = VERTEX_POINT('',#7635);
#7635 = CARTESIAN_POINT('',(-2.943070755279,3.247975608167,0.32109854075
    ));
#7636 = B_SPLINE_CURVE_WITH_KNOTS('',1,(#7637,#7638),.UNSPECIFIED.,.F.,
  .F.,(2,2),(-5.80145005729E-02,0.),.PIECEWISE_BEZIER_KNOTS.);
#7637 = CARTESIAN_POINT('',(-2.9234496036,3.247975608167,0.266502820373)
  );
#7638 = CARTESIAN_POINT('',(-2.943070755279,3.247975608167,0.32109854075
    ));
#7639 = ORIENTED_EDGE('',*,*,#7640,.T.);
#7640 = EDGE_CURVE('',#7634,#7641,#7643,.T.);
#7641 = VERTEX_POINT('',#7642);
#7642 = CARTESIAN_POINT('',(-3.026396583002,3.247975608167,
    0.320507564242));
#7643 = B_SPLINE_CURVE_WITH_KNOTS('',1,(#7644,#7645),.UNSPECIFIED.,.F.,
  .F.,(2,2),(-8.332792340434E-02,-0.),.PIECEWISE_BEZIER_KNOTS.);
#7644 = CARTESIAN_POINT('',(-2.943070755279,3.247975608167,0.32109854075
    ));
#7645 = CARTESIAN_POINT('',(-3.026396583002,3.247975608167,
    0.320507564242));
#7646 = ORIENTED_EDGE('',*,*,#7647,.T.);
#7647 = EDGE_CURVE('',#7641,#7648,#7650,.T.);
#7648 = VERTEX_POINT('',#7649);
#7649 = CARTESIAN_POINT('',(-3.046417860105,3.247975608167,
    0.265630685613));
#7650 = B_SPLINE_CURVE_WITH_KNOTS('',1,(#7651,#7652),.UNSPECIFIED.,.F.,
  .F.,(2,2),(-5.841509518041E-02,-0.),.PIECEWISE_BEZIER_KNOTS.);
#7651 = CARTESIAN_POINT('',(-3.026396583002,3.247975608167,
    0.320507564242));
#7652 = CARTESIAN_POINT('',(-3.046417860105,3.247975608167,
    0.265630685613));
#7653 = ORIENTED_EDGE('',*,*,#7654,.T.);
#7654 = EDGE_CURVE('',#7648,#7604,#7655,.T.);
#7655 = B_SPLINE_CURVE_WITH_KNOTS('',1,(#7656,#7657),.UNSPECIFIED.,.F.,
  .F.,(2,2),(-2.854326657916E-02,-0.),.PIECEWISE_BEZIER_KNOTS.);
#7656 = CARTESIAN_POINT('',(-3.046417860105,3.247975608167,
    0.265630685613));
#7657 = CARTESIAN_POINT('',(-3.074960408826,3.247975608167,
    0.265428251671));
#7658 = FACE_BOUND('',#7659,.T.);
#7659 = EDGE_LOOP('',(#7660,#7669,#7676,#7685,#7692,#7701));
#7660 = ORIENTED_EDGE('',*,*,#7661,.F.);
#7661 = EDGE_CURVE('',#7662,#7664,#7666,.T.);
#7662 = VERTEX_POINT('',#7663);
#7663 = CARTESIAN_POINT('',(-2.951415349543,3.247975608167,
    0.343649467461));
#7664 = VERTEX_POINT('',#7665);
#7665 = CARTESIAN_POINT('',(-3.018577296626,3.247975608167,
    0.343173130963));
#7666 = B_SPLINE_CURVE_WITH_KNOTS('',1,(#7667,#7668),.UNSPECIFIED.,.F.,
  .F.,(2,2),(0.,6.716363623632E-02),.PIECEWISE_BEZIER_KNOTS.);
#7667 = CARTESIAN_POINT('',(-2.951415349543,3.247975608167,
    0.343649467461));
#7668 = CARTESIAN_POINT('',(-3.018577296626,3.247975608167,
    0.343173130963));
#7669 = ORIENTED_EDGE('',*,*,#7670,.F.);
#7670 = EDGE_CURVE('',#7671,#7662,#7673,.T.);
#7671 = VERTEX_POINT('',#7672);
#7672 = CARTESIAN_POINT('',(-2.981928877484,3.247975608167,
    0.426609611488));
#7673 = B_SPLINE_CURVE_WITH_KNOTS('',1,(#7674,#7675),.UNSPECIFIED.,.F.,
  .F.,(2,2),(0.,8.839378306438E-02),.PIECEWISE_BEZIER_KNOTS.);
#7674 = CARTESIAN_POINT('',(-2.981928877484,3.247975608167,
    0.426609611488));
#7675 = CARTESIAN_POINT('',(-2.951415349543,3.247975608167,
    0.343649467461));
#7676 = ORIENTED_EDGE('',*,*,#7677,.F.);
#7677 = EDGE_CURVE('',#7678,#7671,#7680,.T.);
#7678 = VERTEX_POINT('',#7679);
#7679 = CARTESIAN_POINT('',(-2.985301977876,3.247975608167,
    0.440601910013));
#7680 = B_SPLINE_CURVE_WITH_KNOTS('',3,(#7681,#7682,#7683,#7684),
  .UNSPECIFIED.,.F.,.F.,(4,4),(3.,4.),.PIECEWISE_BEZIER_KNOTS.);
#7681 = CARTESIAN_POINT('',(-2.985301977876,3.247975608167,
    0.440601910013));
#7682 = CARTESIAN_POINT('',(-2.984287290365,3.247975608167,
    0.434572923446));
#7683 = CARTESIAN_POINT('',(-2.983179732219,3.247975608167,
    0.429874601995));
#7684 = CARTESIAN_POINT('',(-2.981928877484,3.247975608167,
    0.426609611488));
#7685 = ORIENTED_EDGE('',*,*,#7686,.F.);
#7686 = EDGE_CURVE('',#7687,#7678,#7689,.T.);
#7687 = VERTEX_POINT('',#7688);
#7688 = CARTESIAN_POINT('',(-2.985915796128,3.247975608167,
    0.440597556595));
#7689 = B_SPLINE_CURVE_WITH_KNOTS('',1,(#7690,#7691),.UNSPECIFIED.,.F.,
  .F.,(2,2),(4.369447578246E-16,6.138336905645E-04),
  .PIECEWISE_BEZIER_KNOTS.);
#7690 = CARTESIAN_POINT('',(-2.985915796128,3.247975608167,
    0.440597556595));
#7691 = CARTESIAN_POINT('',(-2.985301977876,3.247975608167,
    0.440601910013));
#7692 = ORIENTED_EDGE('',*,*,#7693,.F.);
#7693 = EDGE_CURVE('',#7694,#7687,#7696,.T.);
#7694 = VERTEX_POINT('',#7695);
#7695 = CARTESIAN_POINT('',(-2.988936635862,3.247975608167,
    0.426559909965));
#7696 = B_SPLINE_CURVE_WITH_KNOTS('',3,(#7697,#7698,#7699,#7700),
  .UNSPECIFIED.,.F.,.F.,(4,4),(1.,2.),.PIECEWISE_BEZIER_KNOTS.);
#7697 = CARTESIAN_POINT('',(-2.988936635862,3.247975608167,
    0.426559909965));
#7698 = CARTESIAN_POINT('',(-2.987984347346,3.247975608167,
    0.429328985011));
#7699 = CARTESIAN_POINT('',(-2.98699396756,3.247975608167,0.433939877598
    ));
#7700 = CARTESIAN_POINT('',(-2.985915796128,3.247975608167,
    0.440597556595));
#7701 = ORIENTED_EDGE('',*,*,#7702,.F.);
#7702 = EDGE_CURVE('',#7664,#7694,#7703,.T.);
#7703 = B_SPLINE_CURVE_WITH_KNOTS('',1,(#7704,#7705),.UNSPECIFIED.,.F.,
  .F.,(2,2),(0.,8.849815638034E-02),.PIECEWISE_BEZIER_KNOTS.);
#7704 = CARTESIAN_POINT('',(-3.018577296626,3.247975608167,
    0.343173130963));
#7705 = CARTESIAN_POINT('',(-2.988936635862,3.247975608167,
    0.426559909965));
#7706 = B_SPLINE_SURFACE_WITH_KNOTS('',1,1,(
    (#7707,#7708)
    ,(#7709,#7710
    )),.UNSPECIFIED.,.F.,.F.,.F.,(2,2),(2,2),(-0.446590617681,
    -0.245749414269),(-3.074960408826,-2.894907054877),
  .PIECEWISE_BEZIER_KNOTS.);
#7707 = CARTESIAN_POINT('',(-3.074960408826,3.247975608167,
    0.466269455083));
#7708 = CARTESIAN_POINT('',(-2.894907054877,3.247975608167,
    0.466269455083));
#7709 = CARTESIAN_POINT('',(-3.074960408826,3.247975608167,
    0.265428251671));
#7710 = CARTESIAN_POINT('',(-2.894907054877,3.247975608167,
    0.265428251671));
#7711 = ADVANCED_FACE('',(#7712),#7726,.F.);
#7712 = FACE_BOUND('',#7713,.T.);
#7713 = EDGE_LOOP('',(#7714,#7715,#7720,#7721));
#7714 = ORIENTED_EDGE('',*,*,#1456,.T.);
#7715 = ORIENTED_EDGE('',*,*,#7716,.F.);
#7716 = EDGE_CURVE('',#7606,#1459,#7717,.T.);
#7717 = B_SPLINE_CURVE_WITH_KNOTS('',1,(#7718,#7719),.UNSPECIFIED.,.F.,
  .F.,(2,2),(-0.,9.839368700902E-04),.PIECEWISE_BEZIER_KNOTS.);
#7718 = CARTESIAN_POINT('',(-3.000163856827,3.247975608167,
    0.466073551269));
#7719 = CARTESIAN_POINT('',(-3.000163856827,3.246991671296,
    0.466073551269));
#7720 = ORIENTED_EDGE('',*,*,#7603,.F.);
#7721 = ORIENTED_EDGE('',*,*,#7722,.T.);
#7722 = EDGE_CURVE('',#7604,#1457,#7723,.T.);
#7723 = B_SPLINE_CURVE_WITH_KNOTS('',1,(#7724,#7725),.UNSPECIFIED.,.F.,
  .F.,(2,2),(-0.,9.839368700902E-04),.PIECEWISE_BEZIER_KNOTS.);
#7724 = CARTESIAN_POINT('',(-3.074960408826,3.247975608167,
    0.265428251671));
#7725 = CARTESIAN_POINT('',(-3.074960408826,3.246991671296,
    0.265428251671));
#7726 = B_SPLINE_SURFACE_WITH_KNOTS('',1,1,(
    (#7727,#7728)
    ,(#7729,#7730
    )),.UNSPECIFIED.,.F.,.F.,.F.,(2,2),(2,2),(0.,0.214133277287),(
    -9.839368700902E-04,0.),.PIECEWISE_BEZIER_KNOTS.);
#7727 = CARTESIAN_POINT('',(-3.000163856827,3.246991671296,
    0.466073551269));
#7728 = CARTESIAN_POINT('',(-3.000163856827,3.247975608167,
    0.466073551269));
#7729 = CARTESIAN_POINT('',(-3.074960408826,3.246991671296,
    0.265428251671));
#7730 = CARTESIAN_POINT('',(-3.074960408826,3.247975608167,
    0.265428251671));
#7731 = ADVANCED_FACE('',(#7732),#7742,.F.);
#7732 = FACE_BOUND('',#7733,.T.);
#7733 = EDGE_LOOP('',(#7734,#7735,#7740,#7741));
#7734 = ORIENTED_EDGE('',*,*,#1507,.T.);
#7735 = ORIENTED_EDGE('',*,*,#7736,.F.);
#7736 = EDGE_CURVE('',#7613,#1501,#7737,.T.);
#7737 = B_SPLINE_CURVE_WITH_KNOTS('',1,(#7738,#7739),.UNSPECIFIED.,.F.,
  .F.,(2,2),(-0.,9.839368700902E-04),.PIECEWISE_BEZIER_KNOTS.);
#7738 = CARTESIAN_POINT('',(-2.972542035481,3.247975608167,
    0.466269455083));
#7739 = CARTESIAN_POINT('',(-2.972542035481,3.246991671296,
    0.466269455083));
#7740 = ORIENTED_EDGE('',*,*,#7612,.F.);
#7741 = ORIENTED_EDGE('',*,*,#7716,.T.);
#7742 = B_SPLINE_SURFACE_WITH_KNOTS('',1,1,(
    (#7743,#7744)
    ,(#7745,#7746
    )),.UNSPECIFIED.,.F.,.F.,.F.,(2,2),(2,2),(-4.369447578246E-16,
    2.762251604673E-02),(-9.839368700902E-04,0.),
  .PIECEWISE_BEZIER_KNOTS.);
#7743 = CARTESIAN_POINT('',(-2.972542035481,3.246991671296,
    0.466269455083));
#7744 = CARTESIAN_POINT('',(-2.972542035481,3.247975608167,
    0.466269455083));
#7745 = CARTESIAN_POINT('',(-3.000163856827,3.246991671296,
    0.466073551269));
#7746 = CARTESIAN_POINT('',(-3.000163856827,3.247975608167,
    0.466073551269));
#7747 = ADVANCED_FACE('',(#7748),#7758,.F.);
#7748 = FACE_BOUND('',#7749,.T.);
#7749 = EDGE_LOOP('',(#7750,#7751,#7756,#7757));
#7750 = ORIENTED_EDGE('',*,*,#1500,.T.);
#7751 = ORIENTED_EDGE('',*,*,#7752,.F.);
#7752 = EDGE_CURVE('',#7620,#1494,#7753,.T.);
#7753 = B_SPLINE_CURVE_WITH_KNOTS('',1,(#7754,#7755),.UNSPECIFIED.,.F.,
  .F.,(2,2),(-0.,9.839368700902E-04),.PIECEWISE_BEZIER_KNOTS.);
#7754 = CARTESIAN_POINT('',(-2.894907054877,3.247975608167,
    0.266705254315));
#7755 = CARTESIAN_POINT('',(-2.894907054877,3.246991671296,
    0.266705254315));
#7756 = ORIENTED_EDGE('',*,*,#7619,.F.);
#7757 = ORIENTED_EDGE('',*,*,#7736,.T.);
#7758 = B_SPLINE_SURFACE_WITH_KNOTS('',1,1,(
    (#7759,#7760)
    ,(#7761,#7762
    )),.UNSPECIFIED.,.F.,.F.,.F.,(2,2),(2,2),(-5.090330048298E-17,
    0.214133277287),(-9.839368700902E-04,0.),.PIECEWISE_BEZIER_KNOTS.);
#7759 = CARTESIAN_POINT('',(-2.894907054877,3.246991671296,
    0.266705254315));
#7760 = CARTESIAN_POINT('',(-2.894907054877,3.247975608167,
    0.266705254315));
#7761 = CARTESIAN_POINT('',(-2.972542035481,3.246991671296,
    0.466269455083));
#7762 = CARTESIAN_POINT('',(-2.972542035481,3.247975608167,
    0.466269455083));
#7763 = ADVANCED_FACE('',(#7764),#7774,.F.);
#7764 = FACE_BOUND('',#7765,.T.);
#7765 = EDGE_LOOP('',(#7766,#7767,#7772,#7773));
#7766 = ORIENTED_EDGE('',*,*,#1493,.T.);
#7767 = ORIENTED_EDGE('',*,*,#7768,.F.);
#7768 = EDGE_CURVE('',#7627,#1487,#7769,.T.);
#7769 = B_SPLINE_CURVE_WITH_KNOTS('',1,(#7770,#7771),.UNSPECIFIED.,.F.,
  .F.,(2,2),(-0.,9.839368700902E-04),.PIECEWISE_BEZIER_KNOTS.);
#7770 = CARTESIAN_POINT('',(-2.9234496036,3.247975608167,0.266502820373)
  );
#7771 = CARTESIAN_POINT('',(-2.9234496036,3.246991671296,0.266502820373)
  );
#7772 = ORIENTED_EDGE('',*,*,#7626,.F.);
#7773 = ORIENTED_EDGE('',*,*,#7752,.T.);
#7774 = B_SPLINE_SURFACE_WITH_KNOTS('',1,1,(
    (#7775,#7776)
    ,(#7777,#7778
    )),.UNSPECIFIED.,.F.,.F.,.F.,(2,2),(2,2),(0.,2.854326658052E-02),(
    -9.839368700902E-04,0.),.PIECEWISE_BEZIER_KNOTS.);
#7775 = CARTESIAN_POINT('',(-2.9234496036,3.246991671296,0.266502820373)
  );
#7776 = CARTESIAN_POINT('',(-2.9234496036,3.247975608167,0.266502820373)
  );
#7777 = CARTESIAN_POINT('',(-2.894907054877,3.246991671296,
    0.266705254315));
#7778 = CARTESIAN_POINT('',(-2.894907054877,3.247975608167,
    0.266705254315));
#7779 = ADVANCED_FACE('',(#7780),#7790,.F.);
#7780 = FACE_BOUND('',#7781,.T.);
#7781 = EDGE_LOOP('',(#7782,#7783,#7788,#7789));
#7782 = ORIENTED_EDGE('',*,*,#1486,.T.);
#7783 = ORIENTED_EDGE('',*,*,#7784,.F.);
#7784 = EDGE_CURVE('',#7634,#1480,#7785,.T.);
#7785 = B_SPLINE_CURVE_WITH_KNOTS('',1,(#7786,#7787),.UNSPECIFIED.,.F.,
  .F.,(2,2),(-0.,9.839368700902E-04),.PIECEWISE_BEZIER_KNOTS.);
#7786 = CARTESIAN_POINT('',(-2.943070755279,3.247975608167,0.32109854075
    ));
#7787 = CARTESIAN_POINT('',(-2.943070755279,3.246991671296,0.32109854075
    ));
#7788 = ORIENTED_EDGE('',*,*,#7633,.F.);
#7789 = ORIENTED_EDGE('',*,*,#7768,.T.);
#7790 = B_SPLINE_SURFACE_WITH_KNOTS('',1,1,(
    (#7791,#7792)
    ,(#7793,#7794
    )),.UNSPECIFIED.,.F.,.F.,.F.,(2,2),(2,2),(0.,5.80145005729E-02),(
    -9.839368700902E-04,0.),.PIECEWISE_BEZIER_KNOTS.);
#7791 = CARTESIAN_POINT('',(-2.943070755279,3.246991671296,0.32109854075
    ));
#7792 = CARTESIAN_POINT('',(-2.943070755279,3.247975608167,0.32109854075
    ));
#7793 = CARTESIAN_POINT('',(-2.9234496036,3.246991671296,0.266502820373)
  );
#7794 = CARTESIAN_POINT('',(-2.9234496036,3.247975608167,0.266502820373)
  );
#7795 = ADVANCED_FACE('',(#7796),#7806,.F.);
#7796 = FACE_BOUND('',#7797,.T.);
#7797 = EDGE_LOOP('',(#7798,#7799,#7804,#7805));
#7798 = ORIENTED_EDGE('',*,*,#1479,.T.);
#7799 = ORIENTED_EDGE('',*,*,#7800,.F.);
#7800 = EDGE_CURVE('',#7641,#1473,#7801,.T.);
#7801 = B_SPLINE_CURVE_WITH_KNOTS('',1,(#7802,#7803),.UNSPECIFIED.,.F.,
  .F.,(2,2),(-0.,9.839368700902E-04),.PIECEWISE_BEZIER_KNOTS.);
#7802 = CARTESIAN_POINT('',(-3.026396583002,3.247975608167,
    0.320507564242));
#7803 = CARTESIAN_POINT('',(-3.026396583002,3.246991671296,
    0.320507564242));
#7804 = ORIENTED_EDGE('',*,*,#7640,.F.);
#7805 = ORIENTED_EDGE('',*,*,#7784,.T.);
#7806 = B_SPLINE_SURFACE_WITH_KNOTS('',1,1,(
    (#7807,#7808)
    ,(#7809,#7810
    )),.UNSPECIFIED.,.F.,.F.,.F.,(2,2),(2,2),(0.,8.332792340434E-02),(
    -9.839368700902E-04,0.),.PIECEWISE_BEZIER_KNOTS.);
#7807 = CARTESIAN_POINT('',(-3.026396583002,3.246991671296,
    0.320507564242));
#7808 = CARTESIAN_POINT('',(-3.026396583002,3.247975608167,
    0.320507564242));
#7809 = CARTESIAN_POINT('',(-2.943070755279,3.246991671296,0.32109854075
    ));
#7810 = CARTESIAN_POINT('',(-2.943070755279,3.247975608167,0.32109854075
    ));
#7811 = ADVANCED_FACE('',(#7812),#7822,.F.);
#7812 = FACE_BOUND('',#7813,.T.);
#7813 = EDGE_LOOP('',(#7814,#7815,#7820,#7821));
#7814 = ORIENTED_EDGE('',*,*,#1472,.T.);
#7815 = ORIENTED_EDGE('',*,*,#7816,.F.);
#7816 = EDGE_CURVE('',#7648,#1466,#7817,.T.);
#7817 = B_SPLINE_CURVE_WITH_KNOTS('',1,(#7818,#7819),.UNSPECIFIED.,.F.,
  .F.,(2,2),(-0.,9.839368700902E-04),.PIECEWISE_BEZIER_KNOTS.);
#7818 = CARTESIAN_POINT('',(-3.046417860105,3.247975608167,
    0.265630685613));
#7819 = CARTESIAN_POINT('',(-3.046417860105,3.246991671296,
    0.265630685613));
#7820 = ORIENTED_EDGE('',*,*,#7647,.F.);
#7821 = ORIENTED_EDGE('',*,*,#7800,.T.);
#7822 = B_SPLINE_SURFACE_WITH_KNOTS('',1,1,(
    (#7823,#7824)
    ,(#7825,#7826
    )),.UNSPECIFIED.,.F.,.F.,.F.,(2,2),(2,2),(-1.026223077718E-16,
    5.841509518041E-02),(-9.839368700902E-04,0.),
  .PIECEWISE_BEZIER_KNOTS.);
#7823 = CARTESIAN_POINT('',(-3.046417860105,3.246991671296,
    0.265630685613));
#7824 = CARTESIAN_POINT('',(-3.046417860105,3.247975608167,
    0.265630685613));
#7825 = CARTESIAN_POINT('',(-3.026396583002,3.246991671296,
    0.320507564242));
#7826 = CARTESIAN_POINT('',(-3.026396583002,3.247975608167,
    0.320507564242));
#7827 = ADVANCED_FACE('',(#7828),#7834,.F.);
#7828 = FACE_BOUND('',#7829,.T.);
#7829 = EDGE_LOOP('',(#7830,#7831,#7832,#7833));
#7830 = ORIENTED_EDGE('',*,*,#1465,.T.);
#7831 = ORIENTED_EDGE('',*,*,#7722,.F.);
#7832 = ORIENTED_EDGE('',*,*,#7654,.F.);
#7833 = ORIENTED_EDGE('',*,*,#7816,.T.);
#7834 = B_SPLINE_SURFACE_WITH_KNOTS('',1,1,(
    (#7835,#7836)
    ,(#7837,#7838
    )),.UNSPECIFIED.,.F.,.F.,.F.,(2,2),(2,2),(0.,2.854326657916E-02),(
    -9.839368700902E-04,0.),.PIECEWISE_BEZIER_KNOTS.);
#7835 = CARTESIAN_POINT('',(-3.074960408826,3.246991671296,
    0.265428251671));
#7836 = CARTESIAN_POINT('',(-3.074960408826,3.247975608167,
    0.265428251671));
#7837 = CARTESIAN_POINT('',(-3.046417860105,3.246991671296,
    0.265630685613));
#7838 = CARTESIAN_POINT('',(-3.046417860105,3.247975608167,
    0.265630685613));
#7839 = ADVANCED_FACE('',(#7840),#7862,.T.);
#7840 = FACE_BOUND('',#7841,.T.);
#7841 = EDGE_LOOP('',(#7842,#7851,#7856,#7857));
#7842 = ORIENTED_EDGE('',*,*,#7843,.F.);
#7843 = EDGE_CURVE('',#7844,#7846,#7848,.T.);
#7844 = VERTEX_POINT('',#7845);
#7845 = CARTESIAN_POINT('',(-2.951415349543,3.246991671296,
    0.343649467461));
#7846 = VERTEX_POINT('',#7847);
#7847 = CARTESIAN_POINT('',(-3.018577296626,3.246991671296,
    0.343173130963));
#7848 = B_SPLINE_CURVE_WITH_KNOTS('',1,(#7849,#7850),.UNSPECIFIED.,.F.,
  .F.,(2,2),(0.,6.716363623632E-02),.PIECEWISE_BEZIER_KNOTS.);
#7849 = CARTESIAN_POINT('',(-2.951415349543,3.246991671296,
    0.343649467461));
#7850 = CARTESIAN_POINT('',(-3.018577296626,3.246991671296,
    0.343173130963));
#7851 = ORIENTED_EDGE('',*,*,#7852,.F.);
#7852 = EDGE_CURVE('',#7662,#7844,#7853,.T.);
#7853 = B_SPLINE_CURVE_WITH_KNOTS('',1,(#7854,#7855),.UNSPECIFIED.,.F.,
  .F.,(2,2),(-0.,9.839368700902E-04),.PIECEWISE_BEZIER_KNOTS.);
#7854 = CARTESIAN_POINT('',(-2.951415349543,3.247975608167,
    0.343649467461));
#7855 = CARTESIAN_POINT('',(-2.951415349543,3.246991671296,
    0.343649467461));
#7856 = ORIENTED_EDGE('',*,*,#7661,.T.);
#7857 = ORIENTED_EDGE('',*,*,#7858,.T.);
#7858 = EDGE_CURVE('',#7664,#7846,#7859,.T.);
#7859 = B_SPLINE_CURVE_WITH_KNOTS('',1,(#7860,#7861),.UNSPECIFIED.,.F.,
  .F.,(2,2),(-0.,9.839368700902E-04),.PIECEWISE_BEZIER_KNOTS.);
#7860 = CARTESIAN_POINT('',(-3.018577296626,3.247975608167,
    0.343173130963));
#7861 = CARTESIAN_POINT('',(-3.018577296626,3.246991671296,
    0.343173130963));
#7862 = B_SPLINE_SURFACE_WITH_KNOTS('',1,1,(
    (#7863,#7864)
    ,(#7865,#7866
    )),.UNSPECIFIED.,.F.,.F.,.F.,(2,2),(2,2),(-6.716363623632E-02,0.),(
    -9.839368700902E-04,0.),.PIECEWISE_BEZIER_KNOTS.);
#7863 = CARTESIAN_POINT('',(-3.018577296626,3.246991671296,
    0.343173130963));
#7864 = CARTESIAN_POINT('',(-3.018577296626,3.247975608167,
    0.343173130963));
#7865 = CARTESIAN_POINT('',(-2.951415349543,3.246991671296,
    0.343649467461));
#7866 = CARTESIAN_POINT('',(-2.951415349543,3.247975608167,
    0.343649467461));
#7867 = ADVANCED_FACE('',(#7868),#7884,.T.);
#7868 = FACE_BOUND('',#7869,.T.);
#7869 = EDGE_LOOP('',(#7870,#7877,#7878,#7879));
#7870 = ORIENTED_EDGE('',*,*,#7871,.F.);
#7871 = EDGE_CURVE('',#7846,#7872,#7874,.T.);
#7872 = VERTEX_POINT('',#7873);
#7873 = CARTESIAN_POINT('',(-2.988936635862,3.246991671296,
    0.426559909965));
#7874 = B_SPLINE_CURVE_WITH_KNOTS('',1,(#7875,#7876),.UNSPECIFIED.,.F.,
  .F.,(2,2),(0.,8.849815638034E-02),.PIECEWISE_BEZIER_KNOTS.);
#7875 = CARTESIAN_POINT('',(-3.018577296626,3.246991671296,
    0.343173130963));
#7876 = CARTESIAN_POINT('',(-2.988936635862,3.246991671296,
    0.426559909965));
#7877 = ORIENTED_EDGE('',*,*,#7858,.F.);
#7878 = ORIENTED_EDGE('',*,*,#7702,.T.);
#7879 = ORIENTED_EDGE('',*,*,#7880,.T.);
#7880 = EDGE_CURVE('',#7694,#7872,#7881,.T.);
#7881 = B_SPLINE_CURVE_WITH_KNOTS('',1,(#7882,#7883),.UNSPECIFIED.,.F.,
  .F.,(2,2),(-0.,9.839368700902E-04),.PIECEWISE_BEZIER_KNOTS.);
#7882 = CARTESIAN_POINT('',(-2.988936635862,3.247975608167,
    0.426559909965));
#7883 = CARTESIAN_POINT('',(-2.988936635862,3.246991671296,
    0.426559909965));
#7884 = B_SPLINE_SURFACE_WITH_KNOTS('',1,1,(
    (#7885,#7886)
    ,(#7887,#7888
    )),.UNSPECIFIED.,.F.,.F.,.F.,(2,2),(2,2),(-8.849815638034E-02,0.),(
    -9.839368700902E-04,0.),.PIECEWISE_BEZIER_KNOTS.);
#7885 = CARTESIAN_POINT('',(-2.988936635862,3.246991671296,
    0.426559909965));
#7886 = CARTESIAN_POINT('',(-2.988936635862,3.247975608167,
    0.426559909965));
#7887 = CARTESIAN_POINT('',(-3.018577296626,3.246991671296,
    0.343173130963));
#7888 = CARTESIAN_POINT('',(-3.018577296626,3.247975608167,
    0.343173130963));
#7889 = ADVANCED_FACE('',(#7890),#7908,.T.);
#7890 = FACE_BOUND('',#7891,.T.);
#7891 = EDGE_LOOP('',(#7892,#7901,#7902,#7903));
#7892 = ORIENTED_EDGE('',*,*,#7893,.F.);
#7893 = EDGE_CURVE('',#7872,#7894,#7896,.T.);
#7894 = VERTEX_POINT('',#7895);
#7895 = CARTESIAN_POINT('',(-2.985915796128,3.246991671296,
    0.440597556595));
#7896 = B_SPLINE_CURVE_WITH_KNOTS('',3,(#7897,#7898,#7899,#7900),
  .UNSPECIFIED.,.F.,.F.,(4,4),(1.,2.),.PIECEWISE_BEZIER_KNOTS.);
#7897 = CARTESIAN_POINT('',(-2.988936635862,3.246991671296,
    0.426559909965));
#7898 = CARTESIAN_POINT('',(-2.987984347346,3.246991671296,
    0.429328985011));
#7899 = CARTESIAN_POINT('',(-2.98699396756,3.246991671296,0.433939877598
    ));
#7900 = CARTESIAN_POINT('',(-2.985915796128,3.246991671296,
    0.440597556595));
#7901 = ORIENTED_EDGE('',*,*,#7880,.F.);
#7902 = ORIENTED_EDGE('',*,*,#7693,.T.);
#7903 = ORIENTED_EDGE('',*,*,#7904,.T.);
#7904 = EDGE_CURVE('',#7687,#7894,#7905,.T.);
#7905 = B_SPLINE_CURVE_WITH_KNOTS('',1,(#7906,#7907),.UNSPECIFIED.,.F.,
  .F.,(2,2),(-0.,9.839368700902E-04),.PIECEWISE_BEZIER_KNOTS.);
#7906 = CARTESIAN_POINT('',(-2.985915796128,3.247975608167,
    0.440597556595));
#7907 = CARTESIAN_POINT('',(-2.985915796128,3.246991671296,
    0.440597556595));
#7908 = B_SPLINE_SURFACE_WITH_KNOTS('',3,1,(
    (#7909,#7910)
    ,(#7911,#7912)
    ,(#7913,#7914)
    ,(#7915,#7916
    )),.UNSPECIFIED.,.F.,.F.,.F.,(4,4),(2,2),(1.,2.),(0.,1.),
  .PIECEWISE_BEZIER_KNOTS.);
#7909 = CARTESIAN_POINT('',(-2.988936635862,3.247975608167,
    0.426559909965));
#7910 = CARTESIAN_POINT('',(-2.988936635862,3.246991671296,
    0.426559909965));
#7911 = CARTESIAN_POINT('',(-2.987984347346,3.247975608167,
    0.429328985011));
#7912 = CARTESIAN_POINT('',(-2.987984347346,3.246991671296,
    0.429328985011));
#7913 = CARTESIAN_POINT('',(-2.98699396756,3.247975608167,0.433939877598
    ));
#7914 = CARTESIAN_POINT('',(-2.98699396756,3.246991671296,0.433939877598
    ));
#7915 = CARTESIAN_POINT('',(-2.985915796128,3.247975608167,
    0.440597556595));
#7916 = CARTESIAN_POINT('',(-2.985915796128,3.246991671296,
    0.440597556595));
#7917 = ADVANCED_FACE('',(#7918),#7934,.T.);
#7918 = FACE_BOUND('',#7919,.T.);
#7919 = EDGE_LOOP('',(#7920,#7927,#7928,#7929));
#7920 = ORIENTED_EDGE('',*,*,#7921,.F.);
#7921 = EDGE_CURVE('',#7894,#7922,#7924,.T.);
#7922 = VERTEX_POINT('',#7923);
#7923 = CARTESIAN_POINT('',(-2.985301977876,3.246991671296,
    0.440601910013));
#7924 = B_SPLINE_CURVE_WITH_KNOTS('',1,(#7925,#7926),.UNSPECIFIED.,.F.,
  .F.,(2,2),(4.369447578246E-16,6.138336905645E-04),
  .PIECEWISE_BEZIER_KNOTS.);
#7925 = CARTESIAN_POINT('',(-2.985915796128,3.246991671296,
    0.440597556595));
#7926 = CARTESIAN_POINT('',(-2.985301977876,3.246991671296,
    0.440601910013));
#7927 = ORIENTED_EDGE('',*,*,#7904,.F.);
#7928 = ORIENTED_EDGE('',*,*,#7686,.T.);
#7929 = ORIENTED_EDGE('',*,*,#7930,.T.);
#7930 = EDGE_CURVE('',#7678,#7922,#7931,.T.);
#7931 = B_SPLINE_CURVE_WITH_KNOTS('',1,(#7932,#7933),.UNSPECIFIED.,.F.,
  .F.,(2,2),(-0.,9.839368700902E-04),.PIECEWISE_BEZIER_KNOTS.);
#7932 = CARTESIAN_POINT('',(-2.985301977876,3.247975608167,
    0.440601910013));
#7933 = CARTESIAN_POINT('',(-2.985301977876,3.246991671296,
    0.440601910013));
#7934 = B_SPLINE_SURFACE_WITH_KNOTS('',1,1,(
    (#7935,#7936)
    ,(#7937,#7938
    )),.UNSPECIFIED.,.F.,.F.,.F.,(2,2),(2,2),(-6.138336905645E-04,
    -4.369447578246E-16),(-9.839368700902E-04,0.),
  .PIECEWISE_BEZIER_KNOTS.);
#7935 = CARTESIAN_POINT('',(-2.985301977876,3.246991671296,
    0.440601910013));
#7936 = CARTESIAN_POINT('',(-2.985301977876,3.247975608167,
    0.440601910013));
#7937 = CARTESIAN_POINT('',(-2.985915796128,3.246991671296,
    0.440597556595));
#7938 = CARTESIAN_POINT('',(-2.985915796128,3.247975608167,
    0.440597556595));
#7939 = ADVANCED_FACE('',(#7940),#7958,.T.);
#7940 = FACE_BOUND('',#7941,.T.);
#7941 = EDGE_LOOP('',(#7942,#7951,#7952,#7953));
#7942 = ORIENTED_EDGE('',*,*,#7943,.F.);
#7943 = EDGE_CURVE('',#7922,#7944,#7946,.T.);
#7944 = VERTEX_POINT('',#7945);
#7945 = CARTESIAN_POINT('',(-2.981928877484,3.246991671296,
    0.426609611488));
#7946 = B_SPLINE_CURVE_WITH_KNOTS('',3,(#7947,#7948,#7949,#7950),
  .UNSPECIFIED.,.F.,.F.,(4,4),(3.,4.),.PIECEWISE_BEZIER_KNOTS.);
#7947 = CARTESIAN_POINT('',(-2.985301977876,3.246991671296,
    0.440601910013));
#7948 = CARTESIAN_POINT('',(-2.984287290365,3.246991671296,
    0.434572923446));
#7949 = CARTESIAN_POINT('',(-2.983179732219,3.246991671296,
    0.429874601995));
#7950 = CARTESIAN_POINT('',(-2.981928877484,3.246991671296,
    0.426609611488));
#7951 = ORIENTED_EDGE('',*,*,#7930,.F.);
#7952 = ORIENTED_EDGE('',*,*,#7677,.T.);
#7953 = ORIENTED_EDGE('',*,*,#7954,.T.);
#7954 = EDGE_CURVE('',#7671,#7944,#7955,.T.);
#7955 = B_SPLINE_CURVE_WITH_KNOTS('',1,(#7956,#7957),.UNSPECIFIED.,.F.,
  .F.,(2,2),(-0.,9.839368700902E-04),.PIECEWISE_BEZIER_KNOTS.);
#7956 = CARTESIAN_POINT('',(-2.981928877484,3.247975608167,
    0.426609611488));
#7957 = CARTESIAN_POINT('',(-2.981928877484,3.246991671296,
    0.426609611488));
#7958 = B_SPLINE_SURFACE_WITH_KNOTS('',3,1,(
    (#7959,#7960)
    ,(#7961,#7962)
    ,(#7963,#7964)
    ,(#7965,#7966
    )),.UNSPECIFIED.,.F.,.F.,.F.,(4,4),(2,2),(3.,4.),(0.,1.),
  .PIECEWISE_BEZIER_KNOTS.);
#7959 = CARTESIAN_POINT('',(-2.985301977876,3.247975608167,
    0.440601910013));
#7960 = CARTESIAN_POINT('',(-2.985301977876,3.246991671296,
    0.440601910013));
#7961 = CARTESIAN_POINT('',(-2.984287290365,3.247975608167,
    0.434572923446));
#7962 = CARTESIAN_POINT('',(-2.984287290365,3.246991671296,
    0.434572923446));
#7963 = CARTESIAN_POINT('',(-2.983179732219,3.247975608167,
    0.429874601995));
#7964 = CARTESIAN_POINT('',(-2.983179732219,3.246991671296,
    0.429874601995));
#7965 = CARTESIAN_POINT('',(-2.981928877484,3.247975608167,
    0.426609611488));
#7966 = CARTESIAN_POINT('',(-2.981928877484,3.246991671296,
    0.426609611488));
#7967 = ADVANCED_FACE('',(#7968),#7978,.T.);
#7968 = FACE_BOUND('',#7969,.T.);
#7969 = EDGE_LOOP('',(#7970,#7975,#7976,#7977));
#7970 = ORIENTED_EDGE('',*,*,#7971,.F.);
#7971 = EDGE_CURVE('',#7944,#7844,#7972,.T.);
#7972 = B_SPLINE_CURVE_WITH_KNOTS('',1,(#7973,#7974),.UNSPECIFIED.,.F.,
  .F.,(2,2),(0.,8.839378306438E-02),.PIECEWISE_BEZIER_KNOTS.);
#7973 = CARTESIAN_POINT('',(-2.981928877484,3.246991671296,
    0.426609611488));
#7974 = CARTESIAN_POINT('',(-2.951415349543,3.246991671296,
    0.343649467461));
#7975 = ORIENTED_EDGE('',*,*,#7954,.F.);
#7976 = ORIENTED_EDGE('',*,*,#7670,.T.);
#7977 = ORIENTED_EDGE('',*,*,#7852,.T.);
#7978 = B_SPLINE_SURFACE_WITH_KNOTS('',1,1,(
    (#7979,#7980)
    ,(#7981,#7982
    )),.UNSPECIFIED.,.F.,.F.,.F.,(2,2),(2,2),(-8.839378306438E-02,0.),(
    -9.839368700902E-04,0.),.PIECEWISE_BEZIER_KNOTS.);
#7979 = CARTESIAN_POINT('',(-2.951415349543,3.246991671296,
    0.343649467461));
#7980 = CARTESIAN_POINT('',(-2.951415349543,3.247975608167,
    0.343649467461));
#7981 = CARTESIAN_POINT('',(-2.981928877484,3.246991671296,
    0.426609611488));
#7982 = CARTESIAN_POINT('',(-2.981928877484,3.247975608167,
    0.426609611488));
#7983 = ADVANCED_FACE('',(#7984),#7992,.F.);
#7984 = FACE_BOUND('',#7985,.T.);
#7985 = EDGE_LOOP('',(#7986,#7987,#7988,#7989,#7990,#7991));
#7986 = ORIENTED_EDGE('',*,*,#7971,.T.);
#7987 = ORIENTED_EDGE('',*,*,#7843,.T.);
#7988 = ORIENTED_EDGE('',*,*,#7871,.T.);
#7989 = ORIENTED_EDGE('',*,*,#7893,.T.);
#7990 = ORIENTED_EDGE('',*,*,#7921,.T.);
#7991 = ORIENTED_EDGE('',*,*,#7943,.T.);
#7992 = B_SPLINE_SURFACE_WITH_KNOTS('',1,1,(
    (#7993,#7994)
    ,(#7995,#7996
    )),.UNSPECIFIED.,.F.,.F.,.F.,(2,2),(2,2),(0.563013797478,
    0.660442576528),(0.228414374671,0.295576321754),
  .PIECEWISE_BEZIER_KNOTS.);
#7993 = CARTESIAN_POINT('',(-3.018577296626,3.246991671296,
    0.440601910013));
#7994 = CARTESIAN_POINT('',(-2.951415349543,3.246991671296,
    0.440601910013));
#7995 = CARTESIAN_POINT('',(-3.018577296626,3.246991671296,
    0.343173130963));
#7996 = CARTESIAN_POINT('',(-2.951415349543,3.246991671296,
    0.343173130963));
#7997 = ADVANCED_FACE('',(#7998,#8287),#8312,.F.);
#7998 = FACE_BOUND('',#7999,.T.);
#7999 = EDGE_LOOP('',(#8000,#8011,#8020,#8029,#8038,#8047,#8056,#8065,
    #8074,#8083,#8092,#8101,#8110,#8119,#8126,#8133,#8140,#8149,#8158,
    #8167,#8176,#8185,#8194,#8203,#8212,#8221,#8230,#8237,#8246,#8255,
    #8264,#8271,#8280));
#8000 = ORIENTED_EDGE('',*,*,#8001,.T.);
#8001 = EDGE_CURVE('',#8002,#8004,#8006,.T.);
#8002 = VERTEX_POINT('',#8003);
#8003 = CARTESIAN_POINT('',(-1.858816062018,3.247975608167,
    0.472550972864));
#8004 = VERTEX_POINT('',#8005);
#8005 = CARTESIAN_POINT('',(-1.719288239058,3.247975608167,
    0.659926764608));
#8006 = B_SPLINE_CURVE_WITH_KNOTS('',3,(#8007,#8008,#8009,#8010),
  .UNSPECIFIED.,.F.,.F.,(4,4),(35.,36.),.PIECEWISE_BEZIER_KNOTS.);
#8007 = CARTESIAN_POINT('',(-1.858816062018,3.247975608167,
    0.472550972864));
#8008 = CARTESIAN_POINT('',(-1.857998787146,3.247975608167,
    0.557924467425));
#8009 = CARTESIAN_POINT('',(-1.800201852876,3.247975608167,
    0.633742581506));
#8010 = CARTESIAN_POINT('',(-1.719288239058,3.247975608167,
    0.659926764608));
#8011 = ORIENTED_EDGE('',*,*,#8012,.T.);
#8012 = EDGE_CURVE('',#8004,#8013,#8015,.T.);
#8013 = VERTEX_POINT('',#8014);
#8014 = CARTESIAN_POINT('',(-1.643258251706,3.247975608167,
    0.772866871802));
#8015 = B_SPLINE_CURVE_WITH_KNOTS('',3,(#8016,#8017,#8018,#8019),
  .UNSPECIFIED.,.F.,.F.,(4,4),(0.,1.),.PIECEWISE_BEZIER_KNOTS.);
#8016 = CARTESIAN_POINT('',(-1.719288239058,3.247975608167,
    0.659926764608));
#8017 = CARTESIAN_POINT('',(-1.703941007428,3.247975608167,
    0.702719488866));
#8018 = CARTESIAN_POINT('',(-1.677181666486,3.247975608167,
    0.741324761543));
#8019 = CARTESIAN_POINT('',(-1.643258251706,3.247975608167,
    0.772866871802));
#8020 = ORIENTED_EDGE('',*,*,#8021,.T.);
#8021 = EDGE_CURVE('',#8013,#8022,#8024,.T.);
#8022 = VERTEX_POINT('',#8023);
#8023 = CARTESIAN_POINT('',(-1.450292471831,3.247975608167,0.84822084349
    ));
#8024 = B_SPLINE_CURVE_WITH_KNOTS('',3,(#8025,#8026,#8027,#8028),
  .UNSPECIFIED.,.F.,.F.,(4,4),(1.,2.),.PIECEWISE_BEZIER_KNOTS.);
#8025 = CARTESIAN_POINT('',(-1.643258251706,3.247975608167,
    0.772866871802));
#8026 = CARTESIAN_POINT('',(-1.589527724325,3.247975608167,
    0.820200216126));
#8027 = CARTESIAN_POINT('',(-1.521428687263,3.247975608167,
    0.847716320063));
#8028 = CARTESIAN_POINT('',(-1.450292471831,3.247975608167,0.84822084349
    ));
#8029 = ORIENTED_EDGE('',*,*,#8030,.T.);
#8030 = EDGE_CURVE('',#8022,#8031,#8033,.T.);
#8031 = VERTEX_POINT('',#8032);
#8032 = CARTESIAN_POINT('',(-1.27917202651,3.247975608167,0.79394545032)
  );
#8033 = B_SPLINE_CURVE_WITH_KNOTS('',3,(#8034,#8035,#8036,#8037),
  .UNSPECIFIED.,.F.,.F.,(4,4),(2.,3.),.PIECEWISE_BEZIER_KNOTS.);
#8034 = CARTESIAN_POINT('',(-1.450292471831,3.247975608167,0.84822084349
    ));
#8035 = CARTESIAN_POINT('',(-1.387692607678,3.247975608167,
    0.848664824068));
#8036 = CARTESIAN_POINT('',(-1.329219639039,3.247975608167,
    0.829160393335));
#8037 = CARTESIAN_POINT('',(-1.27917202651,3.247975608167,0.79394545032)
  );
#8038 = ORIENTED_EDGE('',*,*,#8039,.T.);
#8039 = EDGE_CURVE('',#8031,#8040,#8042,.T.);
#8040 = VERTEX_POINT('',#8041);
#8041 = CARTESIAN_POINT('',(-1.216128181731,3.247975608167,
    0.731789559961));
#8042 = B_SPLINE_CURVE_WITH_KNOTS('',3,(#8043,#8044,#8045,#8046),
  .UNSPECIFIED.,.F.,.F.,(4,4),(3.,4.),.PIECEWISE_BEZIER_KNOTS.);
#8043 = CARTESIAN_POINT('',(-1.27917202651,3.247975608167,0.79394545032)
  );
#8044 = CARTESIAN_POINT('',(-1.254864616757,3.247975608167,
    0.777044292589));
#8045 = CARTESIAN_POINT('',(-1.234795124835,3.247975608167,
    0.755844694481));
#8046 = CARTESIAN_POINT('',(-1.216128181731,3.247975608167,
    0.731789559961));
#8047 = ORIENTED_EDGE('',*,*,#8048,.T.);
#8048 = EDGE_CURVE('',#8040,#8049,#8051,.T.);
#8049 = VERTEX_POINT('',#8050);
#8050 = CARTESIAN_POINT('',(-1.183425714404,3.247975608167,
    0.734867086564));
#8051 = B_SPLINE_CURVE_WITH_KNOTS('',3,(#8052,#8053,#8054,#8055),
  .UNSPECIFIED.,.F.,.F.,(4,4),(4.,5.),.PIECEWISE_BEZIER_KNOTS.);
#8052 = CARTESIAN_POINT('',(-1.216128181731,3.247975608167,
    0.731789559961));
#8053 = CARTESIAN_POINT('',(-1.204756488623,3.247975608167,
    0.733293013368));
#8054 = CARTESIAN_POINT('',(-1.194807498019,3.247975608167,
    0.734786362892));
#8055 = CARTESIAN_POINT('',(-1.183425714404,3.247975608167,
    0.734867086564));
#8056 = ORIENTED_EDGE('',*,*,#8057,.T.);
#8057 = EDGE_CURVE('',#8049,#8058,#8060,.T.);
#8058 = VERTEX_POINT('',#8059);
#8059 = CARTESIAN_POINT('',(-1.019328076401,3.247975608167,
    0.667736720917));
#8060 = B_SPLINE_CURVE_WITH_KNOTS('',3,(#8061,#8062,#8063,#8064),
  .UNSPECIFIED.,.F.,.F.,(4,4),(5.,6.),.PIECEWISE_BEZIER_KNOTS.);
#8061 = CARTESIAN_POINT('',(-1.183425714404,3.247975608167,
    0.734867086564));
#8062 = CARTESIAN_POINT('',(-1.122248566419,3.247975608167,0.73530097673
    ));
#8063 = CARTESIAN_POINT('',(-1.063745339959,3.247975608167,
    0.711528375351));
#8064 = CARTESIAN_POINT('',(-1.019328076401,3.247975608167,
    0.667736720917));
#8065 = ORIENTED_EDGE('',*,*,#8066,.T.);
#8066 = EDGE_CURVE('',#8058,#8067,#8069,.T.);
#8067 = VERTEX_POINT('',#8068);
#8068 = CARTESIAN_POINT('',(-0.951309682624,3.247975608167,
    0.506020421018));
#8069 = B_SPLINE_CURVE_WITH_KNOTS('',3,(#8070,#8071,#8072,#8073),
  .UNSPECIFIED.,.F.,.F.,(4,4),(6.,7.),.PIECEWISE_BEZIER_KNOTS.);
#8070 = CARTESIAN_POINT('',(-1.019328076401,3.247975608167,
    0.667736720917));
#8071 = CARTESIAN_POINT('',(-0.976343595868,3.247975608167,
    0.625357719547));
#8072 = CARTESIAN_POINT('',(-0.951743572694,3.247975608167,
    0.567197555434));
#8073 = CARTESIAN_POINT('',(-0.951309682624,3.247975608167,
    0.506020421018));
#8074 = ORIENTED_EDGE('',*,*,#8075,.T.);
#8075 = EDGE_CURVE('',#8067,#8076,#8078,.T.);
#8076 = VERTEX_POINT('',#8077);
#8077 = CARTESIAN_POINT('',(-1.009964240034,3.247975608167,
    0.350519704278));
#8078 = B_SPLINE_CURVE_WITH_KNOTS('',3,(#8079,#8080,#8081,#8082),
  .UNSPECIFIED.,.F.,.F.,(4,4),(7.,8.),.PIECEWISE_BEZIER_KNOTS.);
#8079 = CARTESIAN_POINT('',(-0.951309682624,3.247975608167,
    0.506020421018));
#8080 = CARTESIAN_POINT('',(-0.950906063882,3.247975608167,
    0.449111448671));
#8081 = CARTESIAN_POINT('',(-0.971853400085,3.247975608167,
    0.393473821896));
#8082 = CARTESIAN_POINT('',(-1.009964240034,3.247975608167,
    0.350519704278));
#8083 = ORIENTED_EDGE('',*,*,#8084,.T.);
#8084 = EDGE_CURVE('',#8076,#8085,#8087,.T.);
#8085 = VERTEX_POINT('',#8086);
#8086 = CARTESIAN_POINT('',(-1.123297842312,3.247975608167,
    0.281421710834));
#8087 = B_SPLINE_CURVE_WITH_KNOTS('',3,(#8088,#8089,#8090,#8091),
  .UNSPECIFIED.,.F.,.F.,(4,4),(8.,9.),.PIECEWISE_BEZIER_KNOTS.);
#8088 = CARTESIAN_POINT('',(-1.009964240034,3.247975608167,
    0.350519704278));
#8089 = CARTESIAN_POINT('',(-1.041022000711,3.247975608167,
    0.316152308872));
#8090 = CARTESIAN_POINT('',(-1.079274120557,3.247975608167,
    0.293116298916));
#8091 = CARTESIAN_POINT('',(-1.123297842312,3.247975608167,
    0.281421710834));
#8092 = ORIENTED_EDGE('',*,*,#8093,.T.);
#8093 = EDGE_CURVE('',#8085,#8094,#8096,.T.);
#8094 = VERTEX_POINT('',#8095);
#8095 = CARTESIAN_POINT('',(-1.257770513419,3.247975608167,
    0.183717874093));
#8096 = B_SPLINE_CURVE_WITH_KNOTS('',3,(#8097,#8098,#8099,#8100),
  .UNSPECIFIED.,.F.,.F.,(4,4),(9.,10.),.PIECEWISE_BEZIER_KNOTS.);
#8097 = CARTESIAN_POINT('',(-1.123297842312,3.247975608167,
    0.281421710834));
#8098 = CARTESIAN_POINT('',(-1.141389642297,3.247975608167,
    0.224381562377));
#8099 = CARTESIAN_POINT('',(-1.195170622129,3.247975608167,
    0.184161854862));
#8100 = CARTESIAN_POINT('',(-1.257770513419,3.247975608167,
    0.183717874093));
#8101 = ORIENTED_EDGE('',*,*,#8102,.T.);
#8102 = EDGE_CURVE('',#8094,#8103,#8105,.T.);
#8103 = VERTEX_POINT('',#8104);
#8104 = CARTESIAN_POINT('',(-1.401051991139,3.247975608167,
    0.324981258103));
#8105 = B_SPLINE_CURVE_WITH_KNOTS('',3,(#8106,#8107,#8108,#8109),
  .UNSPECIFIED.,.F.,.F.,(4,4),(10.,11.),.PIECEWISE_BEZIER_KNOTS.);
#8106 = CARTESIAN_POINT('',(-1.257770513419,3.247975608167,
    0.183717874093));
#8107 = CARTESIAN_POINT('',(-1.336020350395,3.247975608167,
    0.183162898323));
#8108 = CARTESIAN_POINT('',(-1.400497015369,3.247975608167,
    0.246731421127));
#8109 = CARTESIAN_POINT('',(-1.401051991139,3.247975608167,
    0.324981258103));
#8110 = ORIENTED_EDGE('',*,*,#8111,.T.);
#8111 = EDGE_CURVE('',#8103,#8112,#8114,.T.);
#8112 = VERTEX_POINT('',#8113);
#8113 = CARTESIAN_POINT('',(-1.401152895824,3.247975608167,
    0.339208501191));
#8114 = B_SPLINE_CURVE_WITH_KNOTS('',3,(#8115,#8116,#8117,#8118),
  .UNSPECIFIED.,.F.,.F.,(4,4),(11.,12.),.PIECEWISE_BEZIER_KNOTS.);
#8115 = CARTESIAN_POINT('',(-1.401051991139,3.247975608167,
    0.324981258103));
#8116 = CARTESIAN_POINT('',(-1.401082262468,3.247975608167,
    0.329249420175));
#8117 = CARTESIAN_POINT('',(-1.401112533796,3.247975608167,
    0.333517582247));
#8118 = CARTESIAN_POINT('',(-1.401152895824,3.247975608167,
    0.339208501191));
#8119 = ORIENTED_EDGE('',*,*,#8120,.T.);
#8120 = EDGE_CURVE('',#8112,#8121,#8123,.T.);
#8121 = VERTEX_POINT('',#8122);
#8122 = CARTESIAN_POINT('',(-1.601080993669,3.247975608167,
    0.443077429008));
#8123 = B_SPLINE_CURVE_WITH_KNOTS('',1,(#8124,#8125),.UNSPECIFIED.,.F.,
  .F.,(2,2),(0.,0.225299796879),.PIECEWISE_BEZIER_KNOTS.);
#8124 = CARTESIAN_POINT('',(-1.401152895824,3.247975608167,
    0.339208501191));
#8125 = CARTESIAN_POINT('',(-1.601080993669,3.247975608167,
    0.443077429008));
#8126 = ORIENTED_EDGE('',*,*,#8127,.T.);
#8127 = EDGE_CURVE('',#8121,#8128,#8130,.T.);
#8128 = VERTEX_POINT('',#8129);
#8129 = CARTESIAN_POINT('',(-1.557511356758,3.247975608167,
    0.518794638019));
#8130 = B_SPLINE_CURVE_WITH_KNOTS('',1,(#8131,#8132),.UNSPECIFIED.,.F.,
  .F.,(2,2),(0.,8.735793610749E-02),.PIECEWISE_BEZIER_KNOTS.);
#8131 = CARTESIAN_POINT('',(-1.601080993669,3.247975608167,
    0.443077429008));
#8132 = CARTESIAN_POINT('',(-1.557511356758,3.247975608167,
    0.518794638019));
#8133 = ORIENTED_EDGE('',*,*,#8134,.T.);
#8134 = EDGE_CURVE('',#8128,#8135,#8137,.T.);
#8135 = VERTEX_POINT('',#8136);
#8136 = CARTESIAN_POINT('',(-1.366159972028,3.247975608167,
    0.420556059159));
#8137 = B_SPLINE_CURVE_WITH_KNOTS('',1,(#8138,#8139),.UNSPECIFIED.,.F.,
  .F.,(2,2),(0.,0.21509572477),.PIECEWISE_BEZIER_KNOTS.);
#8138 = CARTESIAN_POINT('',(-1.557511356758,3.247975608167,
    0.518794638019));
#8139 = CARTESIAN_POINT('',(-1.366159972028,3.247975608167,
    0.420556059159));
#8140 = ORIENTED_EDGE('',*,*,#8141,.T.);
#8141 = EDGE_CURVE('',#8135,#8142,#8144,.T.);
#8142 = VERTEX_POINT('',#8143);
#8143 = CARTESIAN_POINT('',(-1.259798724771,3.247975608167,
    0.469685465367));
#8144 = B_SPLINE_CURVE_WITH_KNOTS('',3,(#8145,#8146,#8147,#8148),
  .UNSPECIFIED.,.F.,.F.,(4,4),(15.,16.),.PIECEWISE_BEZIER_KNOTS.);
#8145 = CARTESIAN_POINT('',(-1.366159972028,3.247975608167,
    0.420556059159));
#8146 = CARTESIAN_POINT('',(-1.340762845204,3.247975608167,
    0.450614903425));
#8147 = CARTESIAN_POINT('',(-1.30248045403,3.247975608167,0.469382751311
    ));
#8148 = CARTESIAN_POINT('',(-1.259798724771,3.247975608167,
    0.469685465367));
#8149 = ORIENTED_EDGE('',*,*,#8150,.T.);
#8150 = EDGE_CURVE('',#8142,#8151,#8153,.T.);
#8151 = VERTEX_POINT('',#8152);
#8152 = CARTESIAN_POINT('',(-1.125396674222,3.247975608167,
    0.376734159573));
#8153 = B_SPLINE_CURVE_WITH_KNOTS('',3,(#8154,#8155,#8156,#8157),
  .UNSPECIFIED.,.F.,.F.,(4,4),(16.,17.),.PIECEWISE_BEZIER_KNOTS.);
#8154 = CARTESIAN_POINT('',(-1.259798724771,3.247975608167,
    0.469685465367));
#8155 = CARTESIAN_POINT('',(-1.198621563217,3.247975608167,0.47011935563
    ));
#8156 = CARTESIAN_POINT('',(-1.145698247037,3.247975608167,
    0.430656433063));
#8157 = CARTESIAN_POINT('',(-1.125396674222,3.247975608167,
    0.376734159573));
#8158 = ORIENTED_EDGE('',*,*,#8159,.T.);
#8159 = EDGE_CURVE('',#8151,#8160,#8162,.T.);
#8160 = VERTEX_POINT('',#8161);
#8161 = CARTESIAN_POINT('',(-1.040961538886,3.247975608167,
    0.508230234936));
#8162 = B_SPLINE_CURVE_WITH_KNOTS('',3,(#8163,#8164,#8165,#8166),
  .UNSPECIFIED.,.F.,.F.,(4,4),(17.,18.),.PIECEWISE_BEZIER_KNOTS.);
#8163 = CARTESIAN_POINT('',(-1.125396674222,3.247975608167,
    0.376734159573));
#8164 = CARTESIAN_POINT('',(-1.075762770955,3.247975608167,
    0.399850920337));
#8165 = CARTESIAN_POINT('',(-1.040547829637,3.247975608167,
    0.449898532853));
#8166 = CARTESIAN_POINT('',(-1.040961538886,3.247975608167,
    0.508230234936));
#8167 = ORIENTED_EDGE('',*,*,#8168,.T.);
#8168 = EDGE_CURVE('',#8160,#8169,#8171,.T.);
#8169 = VERTEX_POINT('',#8170);
#8170 = CARTESIAN_POINT('',(-1.184243016605,3.247975608167,
    0.649493618947));
#8171 = B_SPLINE_CURVE_WITH_KNOTS('',3,(#8172,#8173,#8174,#8175),
  .UNSPECIFIED.,.F.,.F.,(4,4),(18.,19.),.PIECEWISE_BEZIER_KNOTS.);
#8172 = CARTESIAN_POINT('',(-1.040961538886,3.247975608167,
    0.508230234936));
#8173 = CARTESIAN_POINT('',(-1.041516514656,3.247975608167,
    0.586480071912));
#8174 = CARTESIAN_POINT('',(-1.105993179629,3.247975608167,
    0.650048594716));
#8175 = CARTESIAN_POINT('',(-1.184243016605,3.247975608167,
    0.649493618947));
#8176 = ORIENTED_EDGE('',*,*,#8177,.T.);
#8177 = EDGE_CURVE('',#8169,#8178,#8180,.T.);
#8178 = VERTEX_POINT('',#8179);
#8179 = CARTESIAN_POINT('',(-1.259496037081,3.247975608167,0.62761795956
    ));
#8180 = B_SPLINE_CURVE_WITH_KNOTS('',3,(#8181,#8182,#8183,#8184),
  .UNSPECIFIED.,.F.,.F.,(4,4),(19.,20.),.PIECEWISE_BEZIER_KNOTS.);
#8181 = CARTESIAN_POINT('',(-1.184243016605,3.247975608167,
    0.649493618947));
#8182 = CARTESIAN_POINT('',(-1.211274773043,3.247975608167,
    0.649301900083));
#8183 = CARTESIAN_POINT('',(-1.23824598663,3.247975608167,0.64057382994)
  );
#8184 = CARTESIAN_POINT('',(-1.259496037081,3.247975608167,0.62761795956
    ));
#8185 = ORIENTED_EDGE('',*,*,#8186,.T.);
#8186 = EDGE_CURVE('',#8178,#8187,#8189,.T.);
#8187 = VERTEX_POINT('',#8188);
#8188 = CARTESIAN_POINT('',(-1.451109746318,3.247975608167,
    0.762847294657));
#8189 = B_SPLINE_CURVE_WITH_KNOTS('',3,(#8190,#8191,#8192,#8193),
  .UNSPECIFIED.,.F.,.F.,(4,4),(20.,21.),.PIECEWISE_BEZIER_KNOTS.);
#8190 = CARTESIAN_POINT('',(-1.259496037081,3.247975608167,0.62761795956
    ));
#8191 = CARTESIAN_POINT('',(-1.287092832081,3.247975608167,
    0.707098726193));
#8192 = CARTESIAN_POINT('',(-1.361478125727,3.247975608167,
    0.763482994098));
#8193 = CARTESIAN_POINT('',(-1.451109746318,3.247975608167,
    0.762847294657));
#8194 = ORIENTED_EDGE('',*,*,#8195,.T.);
#8195 = EDGE_CURVE('',#8187,#8196,#8198,.T.);
#8196 = VERTEX_POINT('',#8197);
#8197 = CARTESIAN_POINT('',(-1.649029840962,3.247975608167,0.58359409048
    ));
#8198 = B_SPLINE_CURVE_WITH_KNOTS('',3,(#8199,#8200,#8201,#8202),
  .UNSPECIFIED.,.F.,.F.,(4,4),(21.,22.),.PIECEWISE_BEZIER_KNOTS.);
#8199 = CARTESIAN_POINT('',(-1.451109746318,3.247975608167,
    0.762847294657));
#8200 = CARTESIAN_POINT('',(-1.553545907396,3.247975608167,
    0.762120780845));
#8201 = CARTESIAN_POINT('',(-1.638354390145,3.247975608167,
    0.683265515756));
#8202 = CARTESIAN_POINT('',(-1.649029840962,3.247975608167,0.58359409048
    ));
#8203 = ORIENTED_EDGE('',*,*,#8204,.T.);
#8204 = EDGE_CURVE('',#8196,#8205,#8207,.T.);
#8205 = VERTEX_POINT('',#8206);
#8206 = CARTESIAN_POINT('',(-1.660411624577,3.247975608167,
    0.583513366808));
#8207 = B_SPLINE_CURVE_WITH_KNOTS('',3,(#8208,#8209,#8210,#8211),
  .UNSPECIFIED.,.F.,.F.,(4,4),(22.,23.),.PIECEWISE_BEZIER_KNOTS.);
#8208 = CARTESIAN_POINT('',(-1.649029840962,3.247975608167,0.58359409048
    ));
#8209 = CARTESIAN_POINT('',(-1.653298003033,3.247975608167,
    0.583563819151));
#8210 = CARTESIAN_POINT('',(-1.656143462505,3.247975608167,
    0.583543638137));
#8211 = CARTESIAN_POINT('',(-1.660411624577,3.247975608167,
    0.583513366808));
#8212 = ORIENTED_EDGE('',*,*,#8213,.T.);
#8213 = EDGE_CURVE('',#8205,#8214,#8216,.T.);
#8214 = VERTEX_POINT('',#8215);
#8215 = CARTESIAN_POINT('',(-1.770597053328,3.247975608167,
    0.471753825119));
#8216 = B_SPLINE_CURVE_WITH_KNOTS('',3,(#8217,#8218,#8219,#8220),
  .UNSPECIFIED.,.F.,.F.,(4,4),(23.,24.),.PIECEWISE_BEZIER_KNOTS.);
#8217 = CARTESIAN_POINT('',(-1.660411624577,3.247975608167,
    0.583513366808));
#8218 = CARTESIAN_POINT('',(-1.721588758994,3.247975608167,
    0.583079476738));
#8219 = CARTESIAN_POINT('',(-1.771030943398,3.247975608167,
    0.532930959536));
#8220 = CARTESIAN_POINT('',(-1.770597053328,3.247975608167,
    0.471753825119));
#8221 = ORIENTED_EDGE('',*,*,#8222,.T.);
#8222 = EDGE_CURVE('',#8214,#8223,#8225,.T.);
#8223 = VERTEX_POINT('',#8224);
#8224 = CARTESIAN_POINT('',(-1.667373835781,3.247975608167,
    0.361507853711));
#8225 = B_SPLINE_CURVE_WITH_KNOTS('',3,(#8226,#8227,#8228,#8229),
  .UNSPECIFIED.,.F.,.F.,(4,4),(24.,25.),.PIECEWISE_BEZIER_KNOTS.);
#8226 = CARTESIAN_POINT('',(-1.770597053328,3.247975608167,
    0.471753825119));
#8227 = CARTESIAN_POINT('',(-1.770183344079,3.247975608167,
    0.413422123036));
#8228 = CARTESIAN_POINT('',(-1.725735836328,3.247975608167,
    0.365362306341));
#8229 = CARTESIAN_POINT('',(-1.667373835781,3.247975608167,
    0.361507853711));
#8230 = ORIENTED_EDGE('',*,*,#8231,.T.);
#8231 = EDGE_CURVE('',#8223,#8232,#8234,.T.);
#8232 = VERTEX_POINT('',#8233);
#8233 = CARTESIAN_POINT('',(-1.603351241892,3.247975608167,
    0.361961924795));
#8234 = B_SPLINE_CURVE_WITH_KNOTS('',1,(#8235,#8236),.UNSPECIFIED.,.F.,
  .F.,(2,2),(3.873710199949E-19,6.402420408621E-02),
  .PIECEWISE_BEZIER_KNOTS.);
#8235 = CARTESIAN_POINT('',(-1.667373835781,3.247975608167,
    0.361507853711));
#8236 = CARTESIAN_POINT('',(-1.603351241892,3.247975608167,
    0.361961924795));
#8237 = ORIENTED_EDGE('',*,*,#8238,.T.);
#8238 = EDGE_CURVE('',#8232,#8239,#8241,.T.);
#8239 = VERTEX_POINT('',#8240);
#8240 = CARTESIAN_POINT('',(-1.594825008064,3.247975608167,
    0.363445170052));
#8241 = B_SPLINE_CURVE_WITH_KNOTS('',3,(#8242,#8243,#8244,#8245),
  .UNSPECIFIED.,.F.,.F.,(4,4),(26.,27.),.PIECEWISE_BEZIER_KNOTS.);
#8242 = CARTESIAN_POINT('',(-1.603351241892,3.247975608167,
    0.361961924795));
#8243 = CARTESIAN_POINT('',(-1.60050578242,3.247975608167,0.361982105809
    ));
#8244 = CARTESIAN_POINT('',(-1.597670413263,3.247975608167,
    0.363424989422));
#8245 = CARTESIAN_POINT('',(-1.594825008064,3.247975608167,
    0.363445170052));
#8246 = ORIENTED_EDGE('',*,*,#8247,.T.);
#8247 = EDGE_CURVE('',#8239,#8248,#8250,.T.);
#8248 = VERTEX_POINT('',#8249);
#8249 = CARTESIAN_POINT('',(-1.550407771834,3.247975608167,
    0.319653542564));
#8250 = B_SPLINE_CURVE_WITH_KNOTS('',3,(#8251,#8252,#8253,#8254),
  .UNSPECIFIED.,.F.,.F.,(4,4),(27.,28.),.PIECEWISE_BEZIER_KNOTS.);
#8251 = CARTESIAN_POINT('',(-1.594825008064,3.247975608167,
    0.363445170052));
#8252 = CARTESIAN_POINT('',(-1.570638683962,3.247975608167,
    0.363616708094));
#8253 = CARTESIAN_POINT('',(-1.550579309491,3.247975608167,
    0.343839812393));
#8254 = CARTESIAN_POINT('',(-1.550407771834,3.247975608167,
    0.319653542564));
#8255 = ORIENTED_EDGE('',*,*,#8256,.T.);
#8256 = EDGE_CURVE('',#8248,#8257,#8259,.T.);
#8257 = VERTEX_POINT('',#8258);
#8258 = CARTESIAN_POINT('',(-1.591353994123,3.247975608167,
    0.275256486962));
#8259 = B_SPLINE_CURVE_WITH_KNOTS('',3,(#8260,#8261,#8262,#8263),
  .UNSPECIFIED.,.F.,.F.,(4,4),(28.,29.),.PIECEWISE_BEZIER_KNOTS.);
#8260 = CARTESIAN_POINT('',(-1.550407771834,3.247975608167,
    0.319653542564));
#8261 = CARTESIAN_POINT('',(-1.550246324491,3.247975608167,
    0.296889975334));
#8262 = CARTESIAN_POINT('',(-1.568600462935,3.247975608167,
    0.276840637289));
#8263 = CARTESIAN_POINT('',(-1.591353994123,3.247975608167,
    0.275256486962));
#8264 = ORIENTED_EDGE('',*,*,#8265,.T.);
#8265 = EDGE_CURVE('',#8257,#8266,#8268,.T.);
#8266 = VERTEX_POINT('',#8267);
#8267 = CARTESIAN_POINT('',(-1.67529469577,3.247975608167,0.274661149549
    ));
#8268 = B_SPLINE_CURVE_WITH_KNOTS('',1,(#8269,#8270),.UNSPECIFIED.,.F.,
  .F.,(2,2),(0.,8.39428127934E-02),.PIECEWISE_BEZIER_KNOTS.);
#8269 = CARTESIAN_POINT('',(-1.591353994123,3.247975608167,
    0.275256486962));
#8270 = CARTESIAN_POINT('',(-1.67529469577,3.247975608167,0.274661149549
    ));
#8271 = ORIENTED_EDGE('',*,*,#8272,.T.);
#8272 = EDGE_CURVE('',#8266,#8273,#8275,.T.);
#8273 = VERTEX_POINT('',#8274);
#8274 = CARTESIAN_POINT('',(-1.805216657232,3.247975608167,
    0.337765510956));
#8275 = B_SPLINE_CURVE_WITH_KNOTS('',3,(#8276,#8277,#8278,#8279),
  .UNSPECIFIED.,.F.,.F.,(4,4),(33.,34.),.PIECEWISE_BEZIER_KNOTS.);
#8276 = CARTESIAN_POINT('',(-1.67529469577,3.247975608167,0.274661149549
    ));
#8277 = CARTESIAN_POINT('',(-1.725120317901,3.247975608167,
    0.278576145222));
#8278 = CARTESIAN_POINT('',(-1.77080895436,3.247975608167,0.301016871654
    ));
#8279 = CARTESIAN_POINT('',(-1.805216657232,3.247975608167,
    0.337765510956));
#8280 = ORIENTED_EDGE('',*,*,#8281,.T.);
#8281 = EDGE_CURVE('',#8273,#8002,#8282,.T.);
#8282 = B_SPLINE_CURVE_WITH_KNOTS('',3,(#8283,#8284,#8285,#8286),
  .UNSPECIFIED.,.F.,.F.,(4,4),(34.,35.),.PIECEWISE_BEZIER_KNOTS.);
#8283 = CARTESIAN_POINT('',(-1.805216657232,3.247975608167,
    0.337765510956));
#8284 = CARTESIAN_POINT('',(-1.839624414377,3.247975608167,
    0.374514149872));
#8285 = CARTESIAN_POINT('',(-1.858462895619,3.247975608167,
    0.422755622062));
#8286 = CARTESIAN_POINT('',(-1.858816062018,3.247975608167,
    0.472550972864));
#8287 = FACE_BOUND('',#8288,.T.);
#8288 = EDGE_LOOP('',(#8289,#8303));
#8289 = ORIENTED_EDGE('',*,*,#8290,.F.);
#8290 = EDGE_CURVE('',#8291,#8293,#8295,.T.);
#8291 = VERTEX_POINT('',#8292);
#8292 = CARTESIAN_POINT('',(-1.256953211026,3.247975608167,
    0.269091314574));
#8293 = VERTEX_POINT('',#8294);
#8294 = CARTESIAN_POINT('',(-1.25774026788,3.247975608167,0.380063854066
    ));
#8295 = B_SPLINE_CURVE_WITH_KNOTS('',3,(#8296,#8297,#8298,#8299,#8300,
    #8301,#8302),.UNSPECIFIED.,.F.,.F.,(4,3,4),(0.,1.,2.),
  .PIECEWISE_BEZIER_KNOTS.);
#8296 = CARTESIAN_POINT('',(-1.256953211026,3.247975608167,
    0.269091314574));
#8297 = CARTESIAN_POINT('',(-1.288253129534,3.247975608167,
    0.268869324381));
#8298 = CARTESIAN_POINT('',(-1.312621082377,3.247975608167,
    0.294306867313));
#8299 = CARTESIAN_POINT('',(-1.312832982063,3.247975608167,
    0.324184056085));
#8300 = CARTESIAN_POINT('',(-1.313054972448,3.247975608167,0.35548400173
    ));
#8301 = CARTESIAN_POINT('',(-1.287617483789,3.247975608167,
    0.379851954189));
#8302 = CARTESIAN_POINT('',(-1.25774026788,3.247975608167,0.380063854066
    ));
#8303 = ORIENTED_EDGE('',*,*,#8304,.F.);
#8304 = EDGE_CURVE('',#8293,#8291,#8305,.T.);
#8305 = B_SPLINE_CURVE_WITH_KNOTS('',3,(#8306,#8307,#8308,#8309,#8310,
    #8311),.UNSPECIFIED.,.F.,.F.,(4,2,4),(2.,3.,4.),.UNSPECIFIED.);
#8306 = CARTESIAN_POINT('',(-1.25774026788,3.247975608167,0.380063854066
    ));
#8307 = CARTESIAN_POINT('',(-1.227863051971,3.247975608167,
    0.380275753944));
#8308 = CARTESIAN_POINT('',(-1.202082487228,3.247975608167,
    0.356271058199));
#8309 = CARTESIAN_POINT('',(-1.201638506458,3.247975608167,0.29367116691
    ));
#8310 = CARTESIAN_POINT('',(-1.227075995117,3.247975608167,
    0.269303214452));
#8311 = CARTESIAN_POINT('',(-1.256953211026,3.247975608167,
    0.269091314574));
#8312 = B_SPLINE_SURFACE_WITH_KNOTS('',1,1,(
    (#8313,#8314)
    ,(#8315,#8316
    )),.UNSPECIFIED.,.F.,.F.,.F.,(2,2),(2,2),(-0.260229963534,
    0.40527196221),(-3.972778437568E-02,0.86818221376),
  .PIECEWISE_BEZIER_KNOTS.);
#8313 = CARTESIAN_POINT('',(-1.858816062018,3.247975608167,
    0.848664824068));
#8314 = CARTESIAN_POINT('',(-0.950906063882,3.247975608167,
    0.848664824068));
#8315 = CARTESIAN_POINT('',(-1.858816062018,3.247975608167,
    0.183162898323));
#8316 = CARTESIAN_POINT('',(-0.950906063882,3.247975608167,
    0.183162898323));
#8317 = ADVANCED_FACE('',(#8318),#8332,.F.);
#8318 = FACE_BOUND('',#8319,.F.);
#8319 = EDGE_LOOP('',(#8320,#8325,#8326,#8331));
#8320 = ORIENTED_EDGE('',*,*,#8321,.F.);
#8321 = EDGE_CURVE('',#8002,#1515,#8322,.T.);
#8322 = B_SPLINE_CURVE_WITH_KNOTS('',1,(#8323,#8324),.UNSPECIFIED.,.F.,
  .F.,(2,2),(-0.,9.839368700902E-04),.PIECEWISE_BEZIER_KNOTS.);
#8323 = CARTESIAN_POINT('',(-1.858816062018,3.247975608167,
    0.472550972864));
#8324 = CARTESIAN_POINT('',(-1.858816062018,3.246991671296,
    0.472550972864));
#8325 = ORIENTED_EDGE('',*,*,#8001,.T.);
#8326 = ORIENTED_EDGE('',*,*,#8327,.T.);
#8327 = EDGE_CURVE('',#8004,#1517,#8328,.T.);
#8328 = B_SPLINE_CURVE_WITH_KNOTS('',1,(#8329,#8330),.UNSPECIFIED.,.F.,
  .F.,(2,2),(-0.,9.839368700902E-04),.PIECEWISE_BEZIER_KNOTS.);
#8329 = CARTESIAN_POINT('',(-1.719288239058,3.247975608167,
    0.659926764608));
#8330 = CARTESIAN_POINT('',(-1.719288239058,3.246991671296,
    0.659926764608));
#8331 = ORIENTED_EDGE('',*,*,#1514,.F.);
#8332 = B_SPLINE_SURFACE_WITH_KNOTS('',3,1,(
    (#8333,#8334)
    ,(#8335,#8336)
    ,(#8337,#8338)
    ,(#8339,#8340
    )),.UNSPECIFIED.,.F.,.F.,.F.,(4,4),(2,2),(35.,36.),(0.,1.),
  .PIECEWISE_BEZIER_KNOTS.);
#8333 = CARTESIAN_POINT('',(-1.858816062018,3.247975608167,
    0.472550972864));
#8334 = CARTESIAN_POINT('',(-1.858816062018,3.246991671296,
    0.472550972864));
#8335 = CARTESIAN_POINT('',(-1.857998787146,3.247975608167,
    0.557924467425));
#8336 = CARTESIAN_POINT('',(-1.857998787146,3.246991671296,
    0.557924467425));
#8337 = CARTESIAN_POINT('',(-1.800201852876,3.247975608167,
    0.633742581506));
#8338 = CARTESIAN_POINT('',(-1.800201852876,3.246991671296,
    0.633742581506));
#8339 = CARTESIAN_POINT('',(-1.719288239058,3.247975608167,
    0.659926764608));
#8340 = CARTESIAN_POINT('',(-1.719288239058,3.246991671296,
    0.659926764608));
#8341 = ADVANCED_FACE('',(#8342),#8352,.F.);
#8342 = FACE_BOUND('',#8343,.F.);
#8343 = EDGE_LOOP('',(#8344,#8345,#8346,#8351));
#8344 = ORIENTED_EDGE('',*,*,#8327,.F.);
#8345 = ORIENTED_EDGE('',*,*,#8012,.T.);
#8346 = ORIENTED_EDGE('',*,*,#8347,.T.);
#8347 = EDGE_CURVE('',#8013,#1786,#8348,.T.);
#8348 = B_SPLINE_CURVE_WITH_KNOTS('',1,(#8349,#8350),.UNSPECIFIED.,.F.,
  .F.,(2,2),(-0.,9.839368700902E-04),.PIECEWISE_BEZIER_KNOTS.);
#8349 = CARTESIAN_POINT('',(-1.643258251706,3.247975608167,
    0.772866871802));
#8350 = CARTESIAN_POINT('',(-1.643258251706,3.246991671296,
    0.772866871802));
#8351 = ORIENTED_EDGE('',*,*,#1794,.F.);
#8352 = B_SPLINE_SURFACE_WITH_KNOTS('',3,1,(
    (#8353,#8354)
    ,(#8355,#8356)
    ,(#8357,#8358)
    ,(#8359,#8360
    )),.UNSPECIFIED.,.F.,.F.,.F.,(4,4),(2,2),(0.,1.),(0.,1.),
  .PIECEWISE_BEZIER_KNOTS.);
#8353 = CARTESIAN_POINT('',(-1.719288239058,3.247975608167,
    0.659926764608));
#8354 = CARTESIAN_POINT('',(-1.719288239058,3.246991671296,
    0.659926764608));
#8355 = CARTESIAN_POINT('',(-1.703941007428,3.247975608167,
    0.702719488866));
#8356 = CARTESIAN_POINT('',(-1.703941007428,3.246991671296,
    0.702719488866));
#8357 = CARTESIAN_POINT('',(-1.677181666486,3.247975608167,
    0.741324761543));
#8358 = CARTESIAN_POINT('',(-1.677181666486,3.246991671296,
    0.741324761543));
#8359 = CARTESIAN_POINT('',(-1.643258251706,3.247975608167,
    0.772866871802));
#8360 = CARTESIAN_POINT('',(-1.643258251706,3.246991671296,
    0.772866871802));
#8361 = ADVANCED_FACE('',(#8362),#8372,.F.);
#8362 = FACE_BOUND('',#8363,.F.);
#8363 = EDGE_LOOP('',(#8364,#8365,#8366,#8371));
#8364 = ORIENTED_EDGE('',*,*,#8347,.F.);
#8365 = ORIENTED_EDGE('',*,*,#8021,.T.);
#8366 = ORIENTED_EDGE('',*,*,#8367,.T.);
#8367 = EDGE_CURVE('',#8022,#1777,#8368,.T.);
#8368 = B_SPLINE_CURVE_WITH_KNOTS('',1,(#8369,#8370),.UNSPECIFIED.,.F.,
  .F.,(2,2),(-0.,9.839368700902E-04),.PIECEWISE_BEZIER_KNOTS.);
#8369 = CARTESIAN_POINT('',(-1.450292471831,3.247975608167,0.84822084349
    ));
#8370 = CARTESIAN_POINT('',(-1.450292471831,3.246991671296,0.84822084349
    ));
#8371 = ORIENTED_EDGE('',*,*,#1785,.F.);
#8372 = B_SPLINE_SURFACE_WITH_KNOTS('',3,1,(
    (#8373,#8374)
    ,(#8375,#8376)
    ,(#8377,#8378)
    ,(#8379,#8380
    )),.UNSPECIFIED.,.F.,.F.,.F.,(4,4),(2,2),(1.,2.),(0.,1.),
  .PIECEWISE_BEZIER_KNOTS.);
#8373 = CARTESIAN_POINT('',(-1.643258251706,3.247975608167,
    0.772866871802));
#8374 = CARTESIAN_POINT('',(-1.643258251706,3.246991671296,
    0.772866871802));
#8375 = CARTESIAN_POINT('',(-1.589527724325,3.247975608167,
    0.820200216126));
#8376 = CARTESIAN_POINT('',(-1.589527724325,3.246991671296,
    0.820200216126));
#8377 = CARTESIAN_POINT('',(-1.521428687263,3.247975608167,
    0.847716320063));
#8378 = CARTESIAN_POINT('',(-1.521428687263,3.246991671296,
    0.847716320063));
#8379 = CARTESIAN_POINT('',(-1.450292471831,3.247975608167,0.84822084349
    ));
#8380 = CARTESIAN_POINT('',(-1.450292471831,3.246991671296,0.84822084349
    ));
#8381 = ADVANCED_FACE('',(#8382),#8392,.F.);
#8382 = FACE_BOUND('',#8383,.F.);
#8383 = EDGE_LOOP('',(#8384,#8385,#8386,#8391));
#8384 = ORIENTED_EDGE('',*,*,#8367,.F.);
#8385 = ORIENTED_EDGE('',*,*,#8030,.T.);
#8386 = ORIENTED_EDGE('',*,*,#8387,.T.);
#8387 = EDGE_CURVE('',#8031,#1768,#8388,.T.);
#8388 = B_SPLINE_CURVE_WITH_KNOTS('',1,(#8389,#8390),.UNSPECIFIED.,.F.,
  .F.,(2,2),(-0.,9.839368700902E-04),.PIECEWISE_BEZIER_KNOTS.);
#8389 = CARTESIAN_POINT('',(-1.27917202651,3.247975608167,0.79394545032)
  );
#8390 = CARTESIAN_POINT('',(-1.27917202651,3.246991671296,0.79394545032)
  );
#8391 = ORIENTED_EDGE('',*,*,#1776,.F.);
#8392 = B_SPLINE_SURFACE_WITH_KNOTS('',3,1,(
    (#8393,#8394)
    ,(#8395,#8396)
    ,(#8397,#8398)
    ,(#8399,#8400
    )),.UNSPECIFIED.,.F.,.F.,.F.,(4,4),(2,2),(2.,3.),(0.,1.),
  .PIECEWISE_BEZIER_KNOTS.);
#8393 = CARTESIAN_POINT('',(-1.450292471831,3.247975608167,0.84822084349
    ));
#8394 = CARTESIAN_POINT('',(-1.450292471831,3.246991671296,0.84822084349
    ));
#8395 = CARTESIAN_POINT('',(-1.387692607678,3.247975608167,
    0.848664824068));
#8396 = CARTESIAN_POINT('',(-1.387692607678,3.246991671296,
    0.848664824068));
#8397 = CARTESIAN_POINT('',(-1.329219639039,3.247975608167,
    0.829160393335));
#8398 = CARTESIAN_POINT('',(-1.329219639039,3.246991671296,
    0.829160393335));
#8399 = CARTESIAN_POINT('',(-1.27917202651,3.247975608167,0.79394545032)
  );
#8400 = CARTESIAN_POINT('',(-1.27917202651,3.246991671296,0.79394545032)
  );
#8401 = ADVANCED_FACE('',(#8402),#8412,.F.);
#8402 = FACE_BOUND('',#8403,.F.);
#8403 = EDGE_LOOP('',(#8404,#8405,#8406,#8411));
#8404 = ORIENTED_EDGE('',*,*,#8387,.F.);
#8405 = ORIENTED_EDGE('',*,*,#8039,.T.);
#8406 = ORIENTED_EDGE('',*,*,#8407,.T.);
#8407 = EDGE_CURVE('',#8040,#1759,#8408,.T.);
#8408 = B_SPLINE_CURVE_WITH_KNOTS('',1,(#8409,#8410),.UNSPECIFIED.,.F.,
  .F.,(2,2),(-0.,9.839368700902E-04),.PIECEWISE_BEZIER_KNOTS.);
#8409 = CARTESIAN_POINT('',(-1.216128181731,3.247975608167,
    0.731789559961));
#8410 = CARTESIAN_POINT('',(-1.216128181731,3.246991671296,
    0.731789559961));
#8411 = ORIENTED_EDGE('',*,*,#1767,.F.);
#8412 = B_SPLINE_SURFACE_WITH_KNOTS('',3,1,(
    (#8413,#8414)
    ,(#8415,#8416)
    ,(#8417,#8418)
    ,(#8419,#8420
    )),.UNSPECIFIED.,.F.,.F.,.F.,(4,4),(2,2),(3.,4.),(0.,1.),
  .PIECEWISE_BEZIER_KNOTS.);
#8413 = CARTESIAN_POINT('',(-1.27917202651,3.247975608167,0.79394545032)
  );
#8414 = CARTESIAN_POINT('',(-1.27917202651,3.246991671296,0.79394545032)
  );
#8415 = CARTESIAN_POINT('',(-1.254864616757,3.247975608167,
    0.777044292589));
#8416 = CARTESIAN_POINT('',(-1.254864616757,3.246991671296,
    0.777044292589));
#8417 = CARTESIAN_POINT('',(-1.234795124835,3.247975608167,
    0.755844694481));
#8418 = CARTESIAN_POINT('',(-1.234795124835,3.246991671296,
    0.755844694481));
#8419 = CARTESIAN_POINT('',(-1.216128181731,3.247975608167,
    0.731789559961));
#8420 = CARTESIAN_POINT('',(-1.216128181731,3.246991671296,
    0.731789559961));
#8421 = ADVANCED_FACE('',(#8422),#8432,.F.);
#8422 = FACE_BOUND('',#8423,.F.);
#8423 = EDGE_LOOP('',(#8424,#8425,#8426,#8431));
#8424 = ORIENTED_EDGE('',*,*,#8407,.F.);
#8425 = ORIENTED_EDGE('',*,*,#8048,.T.);
#8426 = ORIENTED_EDGE('',*,*,#8427,.T.);
#8427 = EDGE_CURVE('',#8049,#1750,#8428,.T.);
#8428 = B_SPLINE_CURVE_WITH_KNOTS('',1,(#8429,#8430),.UNSPECIFIED.,.F.,
  .F.,(2,2),(-0.,9.839368700902E-04),.PIECEWISE_BEZIER_KNOTS.);
#8429 = CARTESIAN_POINT('',(-1.183425714404,3.247975608167,
    0.734867086564));
#8430 = CARTESIAN_POINT('',(-1.183425714404,3.246991671296,
    0.734867086564));
#8431 = ORIENTED_EDGE('',*,*,#1758,.F.);
#8432 = B_SPLINE_SURFACE_WITH_KNOTS('',3,1,(
    (#8433,#8434)
    ,(#8435,#8436)
    ,(#8437,#8438)
    ,(#8439,#8440
    )),.UNSPECIFIED.,.F.,.F.,.F.,(4,4),(2,2),(4.,5.),(0.,1.),
  .PIECEWISE_BEZIER_KNOTS.);
#8433 = CARTESIAN_POINT('',(-1.216128181731,3.247975608167,
    0.731789559961));
#8434 = CARTESIAN_POINT('',(-1.216128181731,3.246991671296,
    0.731789559961));
#8435 = CARTESIAN_POINT('',(-1.204756488623,3.247975608167,
    0.733293013368));
#8436 = CARTESIAN_POINT('',(-1.204756488623,3.246991671296,
    0.733293013368));
#8437 = CARTESIAN_POINT('',(-1.194807498019,3.247975608167,
    0.734786362892));
#8438 = CARTESIAN_POINT('',(-1.194807498019,3.246991671296,
    0.734786362892));
#8439 = CARTESIAN_POINT('',(-1.183425714404,3.247975608167,
    0.734867086564));
#8440 = CARTESIAN_POINT('',(-1.183425714404,3.246991671296,
    0.734867086564));
#8441 = ADVANCED_FACE('',(#8442),#8452,.F.);
#8442 = FACE_BOUND('',#8443,.F.);
#8443 = EDGE_LOOP('',(#8444,#8445,#8446,#8451));
#8444 = ORIENTED_EDGE('',*,*,#8427,.F.);
#8445 = ORIENTED_EDGE('',*,*,#8057,.T.);
#8446 = ORIENTED_EDGE('',*,*,#8447,.T.);
#8447 = EDGE_CURVE('',#8058,#1741,#8448,.T.);
#8448 = B_SPLINE_CURVE_WITH_KNOTS('',1,(#8449,#8450),.UNSPECIFIED.,.F.,
  .F.,(2,2),(-0.,9.839368700902E-04),.PIECEWISE_BEZIER_KNOTS.);
#8449 = CARTESIAN_POINT('',(-1.019328076401,3.247975608167,
    0.667736720917));
#8450 = CARTESIAN_POINT('',(-1.019328076401,3.246991671296,
    0.667736720917));
#8451 = ORIENTED_EDGE('',*,*,#1749,.F.);
#8452 = B_SPLINE_SURFACE_WITH_KNOTS('',3,1,(
    (#8453,#8454)
    ,(#8455,#8456)
    ,(#8457,#8458)
    ,(#8459,#8460
    )),.UNSPECIFIED.,.F.,.F.,.F.,(4,4),(2,2),(5.,6.),(0.,1.),
  .PIECEWISE_BEZIER_KNOTS.);
#8453 = CARTESIAN_POINT('',(-1.183425714404,3.247975608167,
    0.734867086564));
#8454 = CARTESIAN_POINT('',(-1.183425714404,3.246991671296,
    0.734867086564));
#8455 = CARTESIAN_POINT('',(-1.122248566419,3.247975608167,0.73530097673
    ));
#8456 = CARTESIAN_POINT('',(-1.122248566419,3.246991671296,0.73530097673
    ));
#8457 = CARTESIAN_POINT('',(-1.063745339959,3.247975608167,
    0.711528375351));
#8458 = CARTESIAN_POINT('',(-1.063745339959,3.246991671296,
    0.711528375351));
#8459 = CARTESIAN_POINT('',(-1.019328076401,3.247975608167,
    0.667736720917));
#8460 = CARTESIAN_POINT('',(-1.019328076401,3.246991671296,
    0.667736720917));
#8461 = ADVANCED_FACE('',(#8462),#8472,.F.);
#8462 = FACE_BOUND('',#8463,.F.);
#8463 = EDGE_LOOP('',(#8464,#8465,#8466,#8471));
#8464 = ORIENTED_EDGE('',*,*,#8447,.F.);
#8465 = ORIENTED_EDGE('',*,*,#8066,.T.);
#8466 = ORIENTED_EDGE('',*,*,#8467,.T.);
#8467 = EDGE_CURVE('',#8067,#1732,#8468,.T.);
#8468 = B_SPLINE_CURVE_WITH_KNOTS('',1,(#8469,#8470),.UNSPECIFIED.,.F.,
  .F.,(2,2),(-0.,9.839368700902E-04),.PIECEWISE_BEZIER_KNOTS.);
#8469 = CARTESIAN_POINT('',(-0.951309682624,3.247975608167,
    0.506020421018));
#8470 = CARTESIAN_POINT('',(-0.951309682624,3.246991671296,
    0.506020421018));
#8471 = ORIENTED_EDGE('',*,*,#1740,.F.);
#8472 = B_SPLINE_SURFACE_WITH_KNOTS('',3,1,(
    (#8473,#8474)
    ,(#8475,#8476)
    ,(#8477,#8478)
    ,(#8479,#8480
    )),.UNSPECIFIED.,.F.,.F.,.F.,(4,4),(2,2),(6.,7.),(0.,1.),
  .PIECEWISE_BEZIER_KNOTS.);
#8473 = CARTESIAN_POINT('',(-1.019328076401,3.247975608167,
    0.667736720917));
#8474 = CARTESIAN_POINT('',(-1.019328076401,3.246991671296,
    0.667736720917));
#8475 = CARTESIAN_POINT('',(-0.976343595868,3.247975608167,
    0.625357719547));
#8476 = CARTESIAN_POINT('',(-0.976343595868,3.246991671296,
    0.625357719547));
#8477 = CARTESIAN_POINT('',(-0.951743572694,3.247975608167,
    0.567197555434));
#8478 = CARTESIAN_POINT('',(-0.951743572694,3.246991671296,
    0.567197555434));
#8479 = CARTESIAN_POINT('',(-0.951309682624,3.247975608167,
    0.506020421018));
#8480 = CARTESIAN_POINT('',(-0.951309682624,3.246991671296,
    0.506020421018));
#8481 = ADVANCED_FACE('',(#8482),#8492,.F.);
#8482 = FACE_BOUND('',#8483,.F.);
#8483 = EDGE_LOOP('',(#8484,#8485,#8486,#8491));
#8484 = ORIENTED_EDGE('',*,*,#8467,.F.);
#8485 = ORIENTED_EDGE('',*,*,#8075,.T.);
#8486 = ORIENTED_EDGE('',*,*,#8487,.T.);
#8487 = EDGE_CURVE('',#8076,#1723,#8488,.T.);
#8488 = B_SPLINE_CURVE_WITH_KNOTS('',1,(#8489,#8490),.UNSPECIFIED.,.F.,
  .F.,(2,2),(-0.,9.839368700902E-04),.PIECEWISE_BEZIER_KNOTS.);
#8489 = CARTESIAN_POINT('',(-1.009964240034,3.247975608167,
    0.350519704278));
#8490 = CARTESIAN_POINT('',(-1.009964240034,3.246991671296,
    0.350519704278));
#8491 = ORIENTED_EDGE('',*,*,#1731,.F.);
#8492 = B_SPLINE_SURFACE_WITH_KNOTS('',3,1,(
    (#8493,#8494)
    ,(#8495,#8496)
    ,(#8497,#8498)
    ,(#8499,#8500
    )),.UNSPECIFIED.,.F.,.F.,.F.,(4,4),(2,2),(7.,8.),(0.,1.),
  .PIECEWISE_BEZIER_KNOTS.);
#8493 = CARTESIAN_POINT('',(-0.951309682624,3.247975608167,
    0.506020421018));
#8494 = CARTESIAN_POINT('',(-0.951309682624,3.246991671296,
    0.506020421018));
#8495 = CARTESIAN_POINT('',(-0.950906063882,3.247975608167,
    0.449111448671));
#8496 = CARTESIAN_POINT('',(-0.950906063882,3.246991671296,
    0.449111448671));
#8497 = CARTESIAN_POINT('',(-0.971853400085,3.247975608167,
    0.393473821896));
#8498 = CARTESIAN_POINT('',(-0.971853400085,3.246991671296,
    0.393473821896));
#8499 = CARTESIAN_POINT('',(-1.009964240034,3.247975608167,
    0.350519704278));
#8500 = CARTESIAN_POINT('',(-1.009964240034,3.246991671296,
    0.350519704278));
#8501 = ADVANCED_FACE('',(#8502),#8512,.F.);
#8502 = FACE_BOUND('',#8503,.F.);
#8503 = EDGE_LOOP('',(#8504,#8505,#8506,#8511));
#8504 = ORIENTED_EDGE('',*,*,#8487,.F.);
#8505 = ORIENTED_EDGE('',*,*,#8084,.T.);
#8506 = ORIENTED_EDGE('',*,*,#8507,.T.);
#8507 = EDGE_CURVE('',#8085,#1714,#8508,.T.);
#8508 = B_SPLINE_CURVE_WITH_KNOTS('',1,(#8509,#8510),.UNSPECIFIED.,.F.,
  .F.,(2,2),(-0.,9.839368700902E-04),.PIECEWISE_BEZIER_KNOTS.);
#8509 = CARTESIAN_POINT('',(-1.123297842312,3.247975608167,
    0.281421710834));
#8510 = CARTESIAN_POINT('',(-1.123297842312,3.246991671296,
    0.281421710834));
#8511 = ORIENTED_EDGE('',*,*,#1722,.F.);
#8512 = B_SPLINE_SURFACE_WITH_KNOTS('',3,1,(
    (#8513,#8514)
    ,(#8515,#8516)
    ,(#8517,#8518)
    ,(#8519,#8520
    )),.UNSPECIFIED.,.F.,.F.,.F.,(4,4),(2,2),(8.,9.),(0.,1.),
  .PIECEWISE_BEZIER_KNOTS.);
#8513 = CARTESIAN_POINT('',(-1.009964240034,3.247975608167,
    0.350519704278));
#8514 = CARTESIAN_POINT('',(-1.009964240034,3.246991671296,
    0.350519704278));
#8515 = CARTESIAN_POINT('',(-1.041022000711,3.247975608167,
    0.316152308872));
#8516 = CARTESIAN_POINT('',(-1.041022000711,3.246991671296,
    0.316152308872));
#8517 = CARTESIAN_POINT('',(-1.079274120557,3.247975608167,
    0.293116298916));
#8518 = CARTESIAN_POINT('',(-1.079274120557,3.246991671296,
    0.293116298916));
#8519 = CARTESIAN_POINT('',(-1.123297842312,3.247975608167,
    0.281421710834));
#8520 = CARTESIAN_POINT('',(-1.123297842312,3.246991671296,
    0.281421710834));
#8521 = ADVANCED_FACE('',(#8522),#8532,.F.);
#8522 = FACE_BOUND('',#8523,.F.);
#8523 = EDGE_LOOP('',(#8524,#8525,#8526,#8531));
#8524 = ORIENTED_EDGE('',*,*,#8507,.F.);
#8525 = ORIENTED_EDGE('',*,*,#8093,.T.);
#8526 = ORIENTED_EDGE('',*,*,#8527,.T.);
#8527 = EDGE_CURVE('',#8094,#1705,#8528,.T.);
#8528 = B_SPLINE_CURVE_WITH_KNOTS('',1,(#8529,#8530),.UNSPECIFIED.,.F.,
  .F.,(2,2),(-0.,9.839368700902E-04),.PIECEWISE_BEZIER_KNOTS.);
#8529 = CARTESIAN_POINT('',(-1.257770513419,3.247975608167,
    0.183717874093));
#8530 = CARTESIAN_POINT('',(-1.257770513419,3.246991671296,
    0.183717874093));
#8531 = ORIENTED_EDGE('',*,*,#1713,.F.);
#8532 = B_SPLINE_SURFACE_WITH_KNOTS('',3,1,(
    (#8533,#8534)
    ,(#8535,#8536)
    ,(#8537,#8538)
    ,(#8539,#8540
    )),.UNSPECIFIED.,.F.,.F.,.F.,(4,4),(2,2),(9.,10.),(0.,1.),
  .PIECEWISE_BEZIER_KNOTS.);
#8533 = CARTESIAN_POINT('',(-1.123297842312,3.247975608167,
    0.281421710834));
#8534 = CARTESIAN_POINT('',(-1.123297842312,3.246991671296,
    0.281421710834));
#8535 = CARTESIAN_POINT('',(-1.141389642297,3.247975608167,
    0.224381562377));
#8536 = CARTESIAN_POINT('',(-1.141389642297,3.246991671296,
    0.224381562377));
#8537 = CARTESIAN_POINT('',(-1.195170622129,3.247975608167,
    0.184161854862));
#8538 = CARTESIAN_POINT('',(-1.195170622129,3.246991671296,
    0.184161854862));
#8539 = CARTESIAN_POINT('',(-1.257770513419,3.247975608167,
    0.183717874093));
#8540 = CARTESIAN_POINT('',(-1.257770513419,3.246991671296,
    0.183717874093));
#8541 = ADVANCED_FACE('',(#8542),#8552,.F.);
#8542 = FACE_BOUND('',#8543,.F.);
#8543 = EDGE_LOOP('',(#8544,#8545,#8546,#8551));
#8544 = ORIENTED_EDGE('',*,*,#8527,.F.);
#8545 = ORIENTED_EDGE('',*,*,#8102,.T.);
#8546 = ORIENTED_EDGE('',*,*,#8547,.T.);
#8547 = EDGE_CURVE('',#8103,#1696,#8548,.T.);
#8548 = B_SPLINE_CURVE_WITH_KNOTS('',1,(#8549,#8550),.UNSPECIFIED.,.F.,
  .F.,(2,2),(-0.,9.839368700902E-04),.PIECEWISE_BEZIER_KNOTS.);
#8549 = CARTESIAN_POINT('',(-1.401051991139,3.247975608167,
    0.324981258103));
#8550 = CARTESIAN_POINT('',(-1.401051991139,3.246991671296,
    0.324981258103));
#8551 = ORIENTED_EDGE('',*,*,#1704,.F.);
#8552 = B_SPLINE_SURFACE_WITH_KNOTS('',3,1,(
    (#8553,#8554)
    ,(#8555,#8556)
    ,(#8557,#8558)
    ,(#8559,#8560
    )),.UNSPECIFIED.,.F.,.F.,.F.,(4,4),(2,2),(10.,11.),(0.,1.),
  .PIECEWISE_BEZIER_KNOTS.);
#8553 = CARTESIAN_POINT('',(-1.257770513419,3.247975608167,
    0.183717874093));
#8554 = CARTESIAN_POINT('',(-1.257770513419,3.246991671296,
    0.183717874093));
#8555 = CARTESIAN_POINT('',(-1.336020350395,3.247975608167,
    0.183162898323));
#8556 = CARTESIAN_POINT('',(-1.336020350395,3.246991671296,
    0.183162898323));
#8557 = CARTESIAN_POINT('',(-1.400497015369,3.247975608167,
    0.246731421127));
#8558 = CARTESIAN_POINT('',(-1.400497015369,3.246991671296,
    0.246731421127));
#8559 = CARTESIAN_POINT('',(-1.401051991139,3.247975608167,
    0.324981258103));
#8560 = CARTESIAN_POINT('',(-1.401051991139,3.246991671296,
    0.324981258103));
#8561 = ADVANCED_FACE('',(#8562),#8572,.F.);
#8562 = FACE_BOUND('',#8563,.T.);
#8563 = EDGE_LOOP('',(#8564,#8565,#8570,#8571));
#8564 = ORIENTED_EDGE('',*,*,#1695,.T.);
#8565 = ORIENTED_EDGE('',*,*,#8566,.F.);
#8566 = EDGE_CURVE('',#8112,#1689,#8567,.T.);
#8567 = B_SPLINE_CURVE_WITH_KNOTS('',1,(#8568,#8569),.UNSPECIFIED.,.F.,
  .F.,(2,2),(-0.,9.839368700902E-04),.PIECEWISE_BEZIER_KNOTS.);
#8568 = CARTESIAN_POINT('',(-1.401152895824,3.247975608167,
    0.339208501191));
#8569 = CARTESIAN_POINT('',(-1.401152895824,3.246991671296,
    0.339208501191));
#8570 = ORIENTED_EDGE('',*,*,#8111,.F.);
#8571 = ORIENTED_EDGE('',*,*,#8547,.T.);
#8572 = B_SPLINE_SURFACE_WITH_KNOTS('',1,1,(
    (#8573,#8574)
    ,(#8575,#8576
    )),.UNSPECIFIED.,.F.,.F.,.F.,(2,2),(2,2),(-1.422760090896E-02,
    5.551115123126E-17),(-9.839368700902E-04,0.),
  .PIECEWISE_BEZIER_KNOTS.);
#8573 = CARTESIAN_POINT('',(-1.401152895824,3.246991671296,
    0.339208501191));
#8574 = CARTESIAN_POINT('',(-1.401152895824,3.247975608167,
    0.339208501191));
#8575 = CARTESIAN_POINT('',(-1.401051991139,3.246991671296,
    0.324981258103));
#8576 = CARTESIAN_POINT('',(-1.401051991139,3.247975608167,
    0.324981258103));
#8577 = ADVANCED_FACE('',(#8578),#8588,.F.);
#8578 = FACE_BOUND('',#8579,.T.);
#8579 = EDGE_LOOP('',(#8580,#8581,#8586,#8587));
#8580 = ORIENTED_EDGE('',*,*,#1688,.T.);
#8581 = ORIENTED_EDGE('',*,*,#8582,.F.);
#8582 = EDGE_CURVE('',#8121,#1682,#8583,.T.);
#8583 = B_SPLINE_CURVE_WITH_KNOTS('',1,(#8584,#8585),.UNSPECIFIED.,.F.,
  .F.,(2,2),(-0.,9.839368700902E-04),.PIECEWISE_BEZIER_KNOTS.);
#8584 = CARTESIAN_POINT('',(-1.601080993669,3.247975608167,
    0.443077429008));
#8585 = CARTESIAN_POINT('',(-1.601080993669,3.246991671296,
    0.443077429008));
#8586 = ORIENTED_EDGE('',*,*,#8120,.F.);
#8587 = ORIENTED_EDGE('',*,*,#8566,.T.);
#8588 = B_SPLINE_SURFACE_WITH_KNOTS('',1,1,(
    (#8589,#8590)
    ,(#8591,#8592
    )),.UNSPECIFIED.,.F.,.F.,.F.,(2,2),(2,2),(-0.225299796879,0.),(
    -9.839368700902E-04,0.),.PIECEWISE_BEZIER_KNOTS.);
#8589 = CARTESIAN_POINT('',(-1.601080993669,3.246991671296,
    0.443077429008));
#8590 = CARTESIAN_POINT('',(-1.601080993669,3.247975608167,
    0.443077429008));
#8591 = CARTESIAN_POINT('',(-1.401152895824,3.246991671296,
    0.339208501191));
#8592 = CARTESIAN_POINT('',(-1.401152895824,3.247975608167,
    0.339208501191));
#8593 = ADVANCED_FACE('',(#8594),#8604,.F.);
#8594 = FACE_BOUND('',#8595,.T.);
#8595 = EDGE_LOOP('',(#8596,#8597,#8602,#8603));
#8596 = ORIENTED_EDGE('',*,*,#1681,.T.);
#8597 = ORIENTED_EDGE('',*,*,#8598,.F.);
#8598 = EDGE_CURVE('',#8128,#1675,#8599,.T.);
#8599 = B_SPLINE_CURVE_WITH_KNOTS('',1,(#8600,#8601),.UNSPECIFIED.,.F.,
  .F.,(2,2),(-0.,9.839368700902E-04),.PIECEWISE_BEZIER_KNOTS.);
#8600 = CARTESIAN_POINT('',(-1.557511356758,3.247975608167,
    0.518794638019));
#8601 = CARTESIAN_POINT('',(-1.557511356758,3.246991671296,
    0.518794638019));
#8602 = ORIENTED_EDGE('',*,*,#8127,.F.);
#8603 = ORIENTED_EDGE('',*,*,#8582,.T.);
#8604 = B_SPLINE_SURFACE_WITH_KNOTS('',1,1,(
    (#8605,#8606)
    ,(#8607,#8608
    )),.UNSPECIFIED.,.F.,.F.,.F.,(2,2),(2,2),(-8.735793610749E-02,
    1.089655050205E-16),(-9.839368700902E-04,0.),
  .PIECEWISE_BEZIER_KNOTS.);
#8605 = CARTESIAN_POINT('',(-1.557511356758,3.246991671296,
    0.518794638019));
#8606 = CARTESIAN_POINT('',(-1.557511356758,3.247975608167,
    0.518794638019));
#8607 = CARTESIAN_POINT('',(-1.601080993669,3.246991671296,
    0.443077429008));
#8608 = CARTESIAN_POINT('',(-1.601080993669,3.247975608167,
    0.443077429008));
#8609 = ADVANCED_FACE('',(#8610),#8620,.F.);
#8610 = FACE_BOUND('',#8611,.T.);
#8611 = EDGE_LOOP('',(#8612,#8613,#8618,#8619));
#8612 = ORIENTED_EDGE('',*,*,#1674,.T.);
#8613 = ORIENTED_EDGE('',*,*,#8614,.F.);
#8614 = EDGE_CURVE('',#8135,#1666,#8615,.T.);
#8615 = B_SPLINE_CURVE_WITH_KNOTS('',1,(#8616,#8617),.UNSPECIFIED.,.F.,
  .F.,(2,2),(-0.,9.839368700902E-04),.PIECEWISE_BEZIER_KNOTS.);
#8616 = CARTESIAN_POINT('',(-1.366159972028,3.247975608167,
    0.420556059159));
#8617 = CARTESIAN_POINT('',(-1.366159972028,3.246991671296,
    0.420556059159));
#8618 = ORIENTED_EDGE('',*,*,#8134,.F.);
#8619 = ORIENTED_EDGE('',*,*,#8598,.T.);
#8620 = B_SPLINE_SURFACE_WITH_KNOTS('',1,1,(
    (#8621,#8622)
    ,(#8623,#8624
    )),.UNSPECIFIED.,.F.,.F.,.F.,(2,2),(2,2),(-0.21509572477,0.),(
    -9.839368700902E-04,0.),.PIECEWISE_BEZIER_KNOTS.);
#8621 = CARTESIAN_POINT('',(-1.366159972028,3.246991671296,
    0.420556059159));
#8622 = CARTESIAN_POINT('',(-1.366159972028,3.247975608167,
    0.420556059159));
#8623 = CARTESIAN_POINT('',(-1.557511356758,3.246991671296,
    0.518794638019));
#8624 = CARTESIAN_POINT('',(-1.557511356758,3.247975608167,
    0.518794638019));
#8625 = ADVANCED_FACE('',(#8626),#8636,.F.);
#8626 = FACE_BOUND('',#8627,.F.);
#8627 = EDGE_LOOP('',(#8628,#8629,#8630,#8635));
#8628 = ORIENTED_EDGE('',*,*,#8614,.F.);
#8629 = ORIENTED_EDGE('',*,*,#8141,.T.);
#8630 = ORIENTED_EDGE('',*,*,#8631,.T.);
#8631 = EDGE_CURVE('',#8142,#1657,#8632,.T.);
#8632 = B_SPLINE_CURVE_WITH_KNOTS('',1,(#8633,#8634),.UNSPECIFIED.,.F.,
  .F.,(2,2),(-0.,9.839368700902E-04),.PIECEWISE_BEZIER_KNOTS.);
#8633 = CARTESIAN_POINT('',(-1.259798724771,3.247975608167,
    0.469685465367));
#8634 = CARTESIAN_POINT('',(-1.259798724771,3.246991671296,
    0.469685465367));
#8635 = ORIENTED_EDGE('',*,*,#1665,.F.);
#8636 = B_SPLINE_SURFACE_WITH_KNOTS('',3,1,(
    (#8637,#8638)
    ,(#8639,#8640)
    ,(#8641,#8642)
    ,(#8643,#8644
    )),.UNSPECIFIED.,.F.,.F.,.F.,(4,4),(2,2),(15.,16.),(0.,1.),
  .PIECEWISE_BEZIER_KNOTS.);
#8637 = CARTESIAN_POINT('',(-1.366159972028,3.247975608167,
    0.420556059159));
#8638 = CARTESIAN_POINT('',(-1.366159972028,3.246991671296,
    0.420556059159));
#8639 = CARTESIAN_POINT('',(-1.340762845204,3.247975608167,
    0.450614903425));
#8640 = CARTESIAN_POINT('',(-1.340762845204,3.246991671296,
    0.450614903425));
#8641 = CARTESIAN_POINT('',(-1.30248045403,3.247975608167,0.469382751311
    ));
#8642 = CARTESIAN_POINT('',(-1.30248045403,3.246991671296,0.469382751311
    ));
#8643 = CARTESIAN_POINT('',(-1.259798724771,3.247975608167,
    0.469685465367));
#8644 = CARTESIAN_POINT('',(-1.259798724771,3.246991671296,
    0.469685465367));
#8645 = ADVANCED_FACE('',(#8646),#8656,.F.);
#8646 = FACE_BOUND('',#8647,.F.);
#8647 = EDGE_LOOP('',(#8648,#8649,#8650,#8655));
#8648 = ORIENTED_EDGE('',*,*,#8631,.F.);
#8649 = ORIENTED_EDGE('',*,*,#8150,.T.);
#8650 = ORIENTED_EDGE('',*,*,#8651,.T.);
#8651 = EDGE_CURVE('',#8151,#1648,#8652,.T.);
#8652 = B_SPLINE_CURVE_WITH_KNOTS('',1,(#8653,#8654),.UNSPECIFIED.,.F.,
  .F.,(2,2),(-0.,9.839368700902E-04),.PIECEWISE_BEZIER_KNOTS.);
#8653 = CARTESIAN_POINT('',(-1.125396674222,3.247975608167,
    0.376734159573));
#8654 = CARTESIAN_POINT('',(-1.125396674222,3.246991671296,
    0.376734159573));
#8655 = ORIENTED_EDGE('',*,*,#1656,.F.);
#8656 = B_SPLINE_SURFACE_WITH_KNOTS('',3,1,(
    (#8657,#8658)
    ,(#8659,#8660)
    ,(#8661,#8662)
    ,(#8663,#8664
    )),.UNSPECIFIED.,.F.,.F.,.F.,(4,4),(2,2),(16.,17.),(0.,1.),
  .PIECEWISE_BEZIER_KNOTS.);
#8657 = CARTESIAN_POINT('',(-1.259798724771,3.247975608167,
    0.469685465367));
#8658 = CARTESIAN_POINT('',(-1.259798724771,3.246991671296,
    0.469685465367));
#8659 = CARTESIAN_POINT('',(-1.198621563217,3.247975608167,0.47011935563
    ));
#8660 = CARTESIAN_POINT('',(-1.198621563217,3.246991671296,0.47011935563
    ));
#8661 = CARTESIAN_POINT('',(-1.145698247037,3.247975608167,
    0.430656433063));
#8662 = CARTESIAN_POINT('',(-1.145698247037,3.246991671296,
    0.430656433063));
#8663 = CARTESIAN_POINT('',(-1.125396674222,3.247975608167,
    0.376734159573));
#8664 = CARTESIAN_POINT('',(-1.125396674222,3.246991671296,
    0.376734159573));
#8665 = ADVANCED_FACE('',(#8666),#8676,.F.);
#8666 = FACE_BOUND('',#8667,.F.);
#8667 = EDGE_LOOP('',(#8668,#8669,#8670,#8675));
#8668 = ORIENTED_EDGE('',*,*,#8651,.F.);
#8669 = ORIENTED_EDGE('',*,*,#8159,.T.);
#8670 = ORIENTED_EDGE('',*,*,#8671,.T.);
#8671 = EDGE_CURVE('',#8160,#1639,#8672,.T.);
#8672 = B_SPLINE_CURVE_WITH_KNOTS('',1,(#8673,#8674),.UNSPECIFIED.,.F.,
  .F.,(2,2),(-0.,9.839368700902E-04),.PIECEWISE_BEZIER_KNOTS.);
#8673 = CARTESIAN_POINT('',(-1.040961538886,3.247975608167,
    0.508230234936));
#8674 = CARTESIAN_POINT('',(-1.040961538886,3.246991671296,
    0.508230234936));
#8675 = ORIENTED_EDGE('',*,*,#1647,.F.);
#8676 = B_SPLINE_SURFACE_WITH_KNOTS('',3,1,(
    (#8677,#8678)
    ,(#8679,#8680)
    ,(#8681,#8682)
    ,(#8683,#8684
    )),.UNSPECIFIED.,.F.,.F.,.F.,(4,4),(2,2),(17.,18.),(0.,1.),
  .PIECEWISE_BEZIER_KNOTS.);
#8677 = CARTESIAN_POINT('',(-1.125396674222,3.247975608167,
    0.376734159573));
#8678 = CARTESIAN_POINT('',(-1.125396674222,3.246991671296,
    0.376734159573));
#8679 = CARTESIAN_POINT('',(-1.075762770955,3.247975608167,
    0.399850920337));
#8680 = CARTESIAN_POINT('',(-1.075762770955,3.246991671296,
    0.399850920337));
#8681 = CARTESIAN_POINT('',(-1.040547829637,3.247975608167,
    0.449898532853));
#8682 = CARTESIAN_POINT('',(-1.040547829637,3.246991671296,
    0.449898532853));
#8683 = CARTESIAN_POINT('',(-1.040961538886,3.247975608167,
    0.508230234936));
#8684 = CARTESIAN_POINT('',(-1.040961538886,3.246991671296,
    0.508230234936));
#8685 = ADVANCED_FACE('',(#8686),#8696,.F.);
#8686 = FACE_BOUND('',#8687,.F.);
#8687 = EDGE_LOOP('',(#8688,#8689,#8690,#8695));
#8688 = ORIENTED_EDGE('',*,*,#8671,.F.);
#8689 = ORIENTED_EDGE('',*,*,#8168,.T.);
#8690 = ORIENTED_EDGE('',*,*,#8691,.T.);
#8691 = EDGE_CURVE('',#8169,#1630,#8692,.T.);
#8692 = B_SPLINE_CURVE_WITH_KNOTS('',1,(#8693,#8694),.UNSPECIFIED.,.F.,
  .F.,(2,2),(-0.,9.839368700902E-04),.PIECEWISE_BEZIER_KNOTS.);
#8693 = CARTESIAN_POINT('',(-1.184243016605,3.247975608167,
    0.649493618947));
#8694 = CARTESIAN_POINT('',(-1.184243016605,3.246991671296,
    0.649493618947));
#8695 = ORIENTED_EDGE('',*,*,#1638,.F.);
#8696 = B_SPLINE_SURFACE_WITH_KNOTS('',3,1,(
    (#8697,#8698)
    ,(#8699,#8700)
    ,(#8701,#8702)
    ,(#8703,#8704
    )),.UNSPECIFIED.,.F.,.F.,.F.,(4,4),(2,2),(18.,19.),(0.,1.),
  .PIECEWISE_BEZIER_KNOTS.);
#8697 = CARTESIAN_POINT('',(-1.040961538886,3.247975608167,
    0.508230234936));
#8698 = CARTESIAN_POINT('',(-1.040961538886,3.246991671296,
    0.508230234936));
#8699 = CARTESIAN_POINT('',(-1.041516514656,3.247975608167,
    0.586480071912));
#8700 = CARTESIAN_POINT('',(-1.041516514656,3.246991671296,
    0.586480071912));
#8701 = CARTESIAN_POINT('',(-1.105993179629,3.247975608167,
    0.650048594716));
#8702 = CARTESIAN_POINT('',(-1.105993179629,3.246991671296,
    0.650048594716));
#8703 = CARTESIAN_POINT('',(-1.184243016605,3.247975608167,
    0.649493618947));
#8704 = CARTESIAN_POINT('',(-1.184243016605,3.246991671296,
    0.649493618947));
#8705 = ADVANCED_FACE('',(#8706),#8716,.F.);
#8706 = FACE_BOUND('',#8707,.F.);
#8707 = EDGE_LOOP('',(#8708,#8709,#8710,#8715));
#8708 = ORIENTED_EDGE('',*,*,#8691,.F.);
#8709 = ORIENTED_EDGE('',*,*,#8177,.T.);
#8710 = ORIENTED_EDGE('',*,*,#8711,.T.);
#8711 = EDGE_CURVE('',#8178,#1621,#8712,.T.);
#8712 = B_SPLINE_CURVE_WITH_KNOTS('',1,(#8713,#8714),.UNSPECIFIED.,.F.,
  .F.,(2,2),(-0.,9.839368700902E-04),.PIECEWISE_BEZIER_KNOTS.);
#8713 = CARTESIAN_POINT('',(-1.259496037081,3.247975608167,0.62761795956
    ));
#8714 = CARTESIAN_POINT('',(-1.259496037081,3.246991671296,0.62761795956
    ));
#8715 = ORIENTED_EDGE('',*,*,#1629,.F.);
#8716 = B_SPLINE_SURFACE_WITH_KNOTS('',3,1,(
    (#8717,#8718)
    ,(#8719,#8720)
    ,(#8721,#8722)
    ,(#8723,#8724
    )),.UNSPECIFIED.,.F.,.F.,.F.,(4,4),(2,2),(19.,20.),(0.,1.),
  .PIECEWISE_BEZIER_KNOTS.);
#8717 = CARTESIAN_POINT('',(-1.184243016605,3.247975608167,
    0.649493618947));
#8718 = CARTESIAN_POINT('',(-1.184243016605,3.246991671296,
    0.649493618947));
#8719 = CARTESIAN_POINT('',(-1.211274773043,3.247975608167,
    0.649301900083));
#8720 = CARTESIAN_POINT('',(-1.211274773043,3.246991671296,
    0.649301900083));
#8721 = CARTESIAN_POINT('',(-1.23824598663,3.247975608167,0.64057382994)
  );
#8722 = CARTESIAN_POINT('',(-1.23824598663,3.246991671296,0.64057382994)
  );
#8723 = CARTESIAN_POINT('',(-1.259496037081,3.247975608167,0.62761795956
    ));
#8724 = CARTESIAN_POINT('',(-1.259496037081,3.246991671296,0.62761795956
    ));
#8725 = ADVANCED_FACE('',(#8726),#8736,.F.);
#8726 = FACE_BOUND('',#8727,.F.);
#8727 = EDGE_LOOP('',(#8728,#8729,#8730,#8735));
#8728 = ORIENTED_EDGE('',*,*,#8711,.F.);
#8729 = ORIENTED_EDGE('',*,*,#8186,.T.);
#8730 = ORIENTED_EDGE('',*,*,#8731,.T.);
#8731 = EDGE_CURVE('',#8187,#1612,#8732,.T.);
#8732 = B_SPLINE_CURVE_WITH_KNOTS('',1,(#8733,#8734),.UNSPECIFIED.,.F.,
  .F.,(2,2),(-0.,9.839368700902E-04),.PIECEWISE_BEZIER_KNOTS.);
#8733 = CARTESIAN_POINT('',(-1.451109746318,3.247975608167,
    0.762847294657));
#8734 = CARTESIAN_POINT('',(-1.451109746318,3.246991671296,
    0.762847294657));
#8735 = ORIENTED_EDGE('',*,*,#1620,.F.);
#8736 = B_SPLINE_SURFACE_WITH_KNOTS('',3,1,(
    (#8737,#8738)
    ,(#8739,#8740)
    ,(#8741,#8742)
    ,(#8743,#8744
    )),.UNSPECIFIED.,.F.,.F.,.F.,(4,4),(2,2),(20.,21.),(0.,1.),
  .PIECEWISE_BEZIER_KNOTS.);
#8737 = CARTESIAN_POINT('',(-1.259496037081,3.247975608167,0.62761795956
    ));
#8738 = CARTESIAN_POINT('',(-1.259496037081,3.246991671296,0.62761795956
    ));
#8739 = CARTESIAN_POINT('',(-1.287092832081,3.247975608167,
    0.707098726193));
#8740 = CARTESIAN_POINT('',(-1.287092832081,3.246991671296,
    0.707098726193));
#8741 = CARTESIAN_POINT('',(-1.361478125727,3.247975608167,
    0.763482994098));
#8742 = CARTESIAN_POINT('',(-1.361478125727,3.246991671296,
    0.763482994098));
#8743 = CARTESIAN_POINT('',(-1.451109746318,3.247975608167,
    0.762847294657));
#8744 = CARTESIAN_POINT('',(-1.451109746318,3.246991671296,
    0.762847294657));
#8745 = ADVANCED_FACE('',(#8746),#8756,.F.);
#8746 = FACE_BOUND('',#8747,.F.);
#8747 = EDGE_LOOP('',(#8748,#8749,#8750,#8755));
#8748 = ORIENTED_EDGE('',*,*,#8731,.F.);
#8749 = ORIENTED_EDGE('',*,*,#8195,.T.);
#8750 = ORIENTED_EDGE('',*,*,#8751,.T.);
#8751 = EDGE_CURVE('',#8196,#1603,#8752,.T.);
#8752 = B_SPLINE_CURVE_WITH_KNOTS('',1,(#8753,#8754),.UNSPECIFIED.,.F.,
  .F.,(2,2),(-0.,9.839368700902E-04),.PIECEWISE_BEZIER_KNOTS.);
#8753 = CARTESIAN_POINT('',(-1.649029840962,3.247975608167,0.58359409048
    ));
#8754 = CARTESIAN_POINT('',(-1.649029840962,3.246991671296,0.58359409048
    ));
#8755 = ORIENTED_EDGE('',*,*,#1611,.F.);
#8756 = B_SPLINE_SURFACE_WITH_KNOTS('',3,1,(
    (#8757,#8758)
    ,(#8759,#8760)
    ,(#8761,#8762)
    ,(#8763,#8764
    )),.UNSPECIFIED.,.F.,.F.,.F.,(4,4),(2,2),(21.,22.),(0.,1.),
  .PIECEWISE_BEZIER_KNOTS.);
#8757 = CARTESIAN_POINT('',(-1.451109746318,3.247975608167,
    0.762847294657));
#8758 = CARTESIAN_POINT('',(-1.451109746318,3.246991671296,
    0.762847294657));
#8759 = CARTESIAN_POINT('',(-1.553545907396,3.247975608167,
    0.762120780845));
#8760 = CARTESIAN_POINT('',(-1.553545907396,3.246991671296,
    0.762120780845));
#8761 = CARTESIAN_POINT('',(-1.638354390145,3.247975608167,
    0.683265515756));
#8762 = CARTESIAN_POINT('',(-1.638354390145,3.246991671296,
    0.683265515756));
#8763 = CARTESIAN_POINT('',(-1.649029840962,3.247975608167,0.58359409048
    ));
#8764 = CARTESIAN_POINT('',(-1.649029840962,3.246991671296,0.58359409048
    ));
#8765 = ADVANCED_FACE('',(#8766),#8776,.F.);
#8766 = FACE_BOUND('',#8767,.T.);
#8767 = EDGE_LOOP('',(#8768,#8769,#8774,#8775));
#8768 = ORIENTED_EDGE('',*,*,#1602,.T.);
#8769 = ORIENTED_EDGE('',*,*,#8770,.F.);
#8770 = EDGE_CURVE('',#8205,#1594,#8771,.T.);
#8771 = B_SPLINE_CURVE_WITH_KNOTS('',1,(#8772,#8773),.UNSPECIFIED.,.F.,
  .F.,(2,2),(-0.,9.839368700902E-04),.PIECEWISE_BEZIER_KNOTS.);
#8772 = CARTESIAN_POINT('',(-1.660411624577,3.247975608167,
    0.583513366808));
#8773 = CARTESIAN_POINT('',(-1.660411624577,3.246991671296,
    0.583513366808));
#8774 = ORIENTED_EDGE('',*,*,#8204,.F.);
#8775 = ORIENTED_EDGE('',*,*,#8751,.T.);
#8776 = B_SPLINE_SURFACE_WITH_KNOTS('',1,1,(
    (#8777,#8778)
    ,(#8779,#8780
    )),.UNSPECIFIED.,.F.,.F.,.F.,(2,2),(2,2),(-1.138206987182E-02,0.),(
    -9.839368700902E-04,0.),.PIECEWISE_BEZIER_KNOTS.);
#8777 = CARTESIAN_POINT('',(-1.660411624577,3.246991671296,
    0.583513366808));
#8778 = CARTESIAN_POINT('',(-1.660411624577,3.247975608167,
    0.583513366808));
#8779 = CARTESIAN_POINT('',(-1.649029840962,3.246991671296,0.58359409048
    ));
#8780 = CARTESIAN_POINT('',(-1.649029840962,3.247975608167,0.58359409048
    ));
#8781 = ADVANCED_FACE('',(#8782),#8792,.F.);
#8782 = FACE_BOUND('',#8783,.F.);
#8783 = EDGE_LOOP('',(#8784,#8785,#8786,#8791));
#8784 = ORIENTED_EDGE('',*,*,#8770,.F.);
#8785 = ORIENTED_EDGE('',*,*,#8213,.T.);
#8786 = ORIENTED_EDGE('',*,*,#8787,.T.);
#8787 = EDGE_CURVE('',#8214,#1585,#8788,.T.);
#8788 = B_SPLINE_CURVE_WITH_KNOTS('',1,(#8789,#8790),.UNSPECIFIED.,.F.,
  .F.,(2,2),(-0.,9.839368700902E-04),.PIECEWISE_BEZIER_KNOTS.);
#8789 = CARTESIAN_POINT('',(-1.770597053328,3.247975608167,
    0.471753825119));
#8790 = CARTESIAN_POINT('',(-1.770597053328,3.246991671296,
    0.471753825119));
#8791 = ORIENTED_EDGE('',*,*,#1593,.F.);
#8792 = B_SPLINE_SURFACE_WITH_KNOTS('',3,1,(
    (#8793,#8794)
    ,(#8795,#8796)
    ,(#8797,#8798)
    ,(#8799,#8800
    )),.UNSPECIFIED.,.F.,.F.,.F.,(4,4),(2,2),(23.,24.),(0.,1.),
  .PIECEWISE_BEZIER_KNOTS.);
#8793 = CARTESIAN_POINT('',(-1.660411624577,3.247975608167,
    0.583513366808));
#8794 = CARTESIAN_POINT('',(-1.660411624577,3.246991671296,
    0.583513366808));
#8795 = CARTESIAN_POINT('',(-1.721588758994,3.247975608167,
    0.583079476738));
#8796 = CARTESIAN_POINT('',(-1.721588758994,3.246991671296,
    0.583079476738));
#8797 = CARTESIAN_POINT('',(-1.771030943398,3.247975608167,
    0.532930959536));
#8798 = CARTESIAN_POINT('',(-1.771030943398,3.246991671296,
    0.532930959536));
#8799 = CARTESIAN_POINT('',(-1.770597053328,3.247975608167,
    0.471753825119));
#8800 = CARTESIAN_POINT('',(-1.770597053328,3.246991671296,
    0.471753825119));
#8801 = ADVANCED_FACE('',(#8802),#8812,.F.);
#8802 = FACE_BOUND('',#8803,.F.);
#8803 = EDGE_LOOP('',(#8804,#8805,#8806,#8811));
#8804 = ORIENTED_EDGE('',*,*,#8787,.F.);
#8805 = ORIENTED_EDGE('',*,*,#8222,.T.);
#8806 = ORIENTED_EDGE('',*,*,#8807,.T.);
#8807 = EDGE_CURVE('',#8223,#1578,#8808,.T.);
#8808 = B_SPLINE_CURVE_WITH_KNOTS('',1,(#8809,#8810),.UNSPECIFIED.,.F.,
  .F.,(2,2),(-0.,9.839368700902E-04),.PIECEWISE_BEZIER_KNOTS.);
#8809 = CARTESIAN_POINT('',(-1.667373835781,3.247975608167,
    0.361507853711));
#8810 = CARTESIAN_POINT('',(-1.667373835781,3.246991671296,
    0.361507853711));
#8811 = ORIENTED_EDGE('',*,*,#1584,.F.);
#8812 = B_SPLINE_SURFACE_WITH_KNOTS('',3,1,(
    (#8813,#8814)
    ,(#8815,#8816)
    ,(#8817,#8818)
    ,(#8819,#8820
    )),.UNSPECIFIED.,.F.,.F.,.F.,(4,4),(2,2),(24.,25.),(0.,1.),
  .PIECEWISE_BEZIER_KNOTS.);
#8813 = CARTESIAN_POINT('',(-1.770597053328,3.247975608167,
    0.471753825119));
#8814 = CARTESIAN_POINT('',(-1.770597053328,3.246991671296,
    0.471753825119));
#8815 = CARTESIAN_POINT('',(-1.770183344079,3.247975608167,
    0.413422123036));
#8816 = CARTESIAN_POINT('',(-1.770183344079,3.246991671296,
    0.413422123036));
#8817 = CARTESIAN_POINT('',(-1.725735836328,3.247975608167,
    0.365362306341));
#8818 = CARTESIAN_POINT('',(-1.725735836328,3.246991671296,
    0.365362306341));
#8819 = CARTESIAN_POINT('',(-1.667373835781,3.247975608167,
    0.361507853711));
#8820 = CARTESIAN_POINT('',(-1.667373835781,3.246991671296,
    0.361507853711));
#8821 = ADVANCED_FACE('',(#8822),#8832,.F.);
#8822 = FACE_BOUND('',#8823,.T.);
#8823 = EDGE_LOOP('',(#8824,#8825,#8830,#8831));
#8824 = ORIENTED_EDGE('',*,*,#1577,.T.);
#8825 = ORIENTED_EDGE('',*,*,#8826,.F.);
#8826 = EDGE_CURVE('',#8232,#1569,#8827,.T.);
#8827 = B_SPLINE_CURVE_WITH_KNOTS('',1,(#8828,#8829),.UNSPECIFIED.,.F.,
  .F.,(2,2),(-0.,9.839368700902E-04),.PIECEWISE_BEZIER_KNOTS.);
#8828 = CARTESIAN_POINT('',(-1.603351241892,3.247975608167,
    0.361961924795));
#8829 = CARTESIAN_POINT('',(-1.603351241892,3.246991671296,
    0.361961924795));
#8830 = ORIENTED_EDGE('',*,*,#8231,.F.);
#8831 = ORIENTED_EDGE('',*,*,#8807,.T.);
#8832 = B_SPLINE_SURFACE_WITH_KNOTS('',1,1,(
    (#8833,#8834)
    ,(#8835,#8836
    )),.UNSPECIFIED.,.F.,.F.,.F.,(2,2),(2,2),(-6.402420408621E-02,0.),(
    -9.839368700902E-04,0.),.PIECEWISE_BEZIER_KNOTS.);
#8833 = CARTESIAN_POINT('',(-1.603351241892,3.246991671296,
    0.361961924795));
#8834 = CARTESIAN_POINT('',(-1.603351241892,3.247975608167,
    0.361961924795));
#8835 = CARTESIAN_POINT('',(-1.667373835781,3.246991671296,
    0.361507853711));
#8836 = CARTESIAN_POINT('',(-1.667373835781,3.247975608167,
    0.361507853711));
#8837 = ADVANCED_FACE('',(#8838),#8848,.F.);
#8838 = FACE_BOUND('',#8839,.F.);
#8839 = EDGE_LOOP('',(#8840,#8841,#8842,#8847));
#8840 = ORIENTED_EDGE('',*,*,#8826,.F.);
#8841 = ORIENTED_EDGE('',*,*,#8238,.T.);
#8842 = ORIENTED_EDGE('',*,*,#8843,.T.);
#8843 = EDGE_CURVE('',#8239,#1560,#8844,.T.);
#8844 = B_SPLINE_CURVE_WITH_KNOTS('',1,(#8845,#8846),.UNSPECIFIED.,.F.,
  .F.,(2,2),(-0.,9.839368700902E-04),.PIECEWISE_BEZIER_KNOTS.);
#8845 = CARTESIAN_POINT('',(-1.594825008064,3.247975608167,
    0.363445170052));
#8846 = CARTESIAN_POINT('',(-1.594825008064,3.246991671296,
    0.363445170052));
#8847 = ORIENTED_EDGE('',*,*,#1568,.F.);
#8848 = B_SPLINE_SURFACE_WITH_KNOTS('',3,1,(
    (#8849,#8850)
    ,(#8851,#8852)
    ,(#8853,#8854)
    ,(#8855,#8856
    )),.UNSPECIFIED.,.F.,.F.,.F.,(4,4),(2,2),(26.,27.),(0.,1.),
  .PIECEWISE_BEZIER_KNOTS.);
#8849 = CARTESIAN_POINT('',(-1.603351241892,3.247975608167,
    0.361961924795));
#8850 = CARTESIAN_POINT('',(-1.603351241892,3.246991671296,
    0.361961924795));
#8851 = CARTESIAN_POINT('',(-1.60050578242,3.247975608167,0.361982105809
    ));
#8852 = CARTESIAN_POINT('',(-1.60050578242,3.246991671296,0.361982105809
    ));
#8853 = CARTESIAN_POINT('',(-1.597670413263,3.247975608167,
    0.363424989422));
#8854 = CARTESIAN_POINT('',(-1.597670413263,3.246991671296,
    0.363424989422));
#8855 = CARTESIAN_POINT('',(-1.594825008064,3.247975608167,
    0.363445170052));
#8856 = CARTESIAN_POINT('',(-1.594825008064,3.246991671296,
    0.363445170052));
#8857 = ADVANCED_FACE('',(#8858),#8868,.F.);
#8858 = FACE_BOUND('',#8859,.F.);
#8859 = EDGE_LOOP('',(#8860,#8861,#8862,#8867));
#8860 = ORIENTED_EDGE('',*,*,#8843,.F.);
#8861 = ORIENTED_EDGE('',*,*,#8247,.T.);
#8862 = ORIENTED_EDGE('',*,*,#8863,.T.);
#8863 = EDGE_CURVE('',#8248,#1551,#8864,.T.);
#8864 = B_SPLINE_CURVE_WITH_KNOTS('',1,(#8865,#8866),.UNSPECIFIED.,.F.,
  .F.,(2,2),(-0.,9.839368700902E-04),.PIECEWISE_BEZIER_KNOTS.);
#8865 = CARTESIAN_POINT('',(-1.550407771834,3.247975608167,
    0.319653542564));
#8866 = CARTESIAN_POINT('',(-1.550407771834,3.246991671296,
    0.319653542564));
#8867 = ORIENTED_EDGE('',*,*,#1559,.F.);
#8868 = B_SPLINE_SURFACE_WITH_KNOTS('',3,1,(
    (#8869,#8870)
    ,(#8871,#8872)
    ,(#8873,#8874)
    ,(#8875,#8876
    )),.UNSPECIFIED.,.F.,.F.,.F.,(4,4),(2,2),(27.,28.),(0.,1.),
  .PIECEWISE_BEZIER_KNOTS.);
#8869 = CARTESIAN_POINT('',(-1.594825008064,3.247975608167,
    0.363445170052));
#8870 = CARTESIAN_POINT('',(-1.594825008064,3.246991671296,
    0.363445170052));
#8871 = CARTESIAN_POINT('',(-1.570638683962,3.247975608167,
    0.363616708094));
#8872 = CARTESIAN_POINT('',(-1.570638683962,3.246991671296,
    0.363616708094));
#8873 = CARTESIAN_POINT('',(-1.550579309491,3.247975608167,
    0.343839812393));
#8874 = CARTESIAN_POINT('',(-1.550579309491,3.246991671296,
    0.343839812393));
#8875 = CARTESIAN_POINT('',(-1.550407771834,3.247975608167,
    0.319653542564));
#8876 = CARTESIAN_POINT('',(-1.550407771834,3.246991671296,
    0.319653542564));
#8877 = ADVANCED_FACE('',(#8878),#8888,.F.);
#8878 = FACE_BOUND('',#8879,.F.);
#8879 = EDGE_LOOP('',(#8880,#8881,#8882,#8887));
#8880 = ORIENTED_EDGE('',*,*,#8863,.F.);
#8881 = ORIENTED_EDGE('',*,*,#8256,.T.);
#8882 = ORIENTED_EDGE('',*,*,#8883,.T.);
#8883 = EDGE_CURVE('',#8257,#1544,#8884,.T.);
#8884 = B_SPLINE_CURVE_WITH_KNOTS('',1,(#8885,#8886),.UNSPECIFIED.,.F.,
  .F.,(2,2),(-0.,9.839368700902E-04),.PIECEWISE_BEZIER_KNOTS.);
#8885 = CARTESIAN_POINT('',(-1.591353994123,3.247975608167,
    0.275256486962));
#8886 = CARTESIAN_POINT('',(-1.591353994123,3.246991671296,
    0.275256486962));
#8887 = ORIENTED_EDGE('',*,*,#1550,.F.);
#8888 = B_SPLINE_SURFACE_WITH_KNOTS('',3,1,(
    (#8889,#8890)
    ,(#8891,#8892)
    ,(#8893,#8894)
    ,(#8895,#8896
    )),.UNSPECIFIED.,.F.,.F.,.F.,(4,4),(2,2),(28.,29.),(0.,1.),
  .PIECEWISE_BEZIER_KNOTS.);
#8889 = CARTESIAN_POINT('',(-1.550407771834,3.247975608167,
    0.319653542564));
#8890 = CARTESIAN_POINT('',(-1.550407771834,3.246991671296,
    0.319653542564));
#8891 = CARTESIAN_POINT('',(-1.550246324491,3.247975608167,
    0.296889975334));
#8892 = CARTESIAN_POINT('',(-1.550246324491,3.246991671296,
    0.296889975334));
#8893 = CARTESIAN_POINT('',(-1.568600462935,3.247975608167,
    0.276840637289));
#8894 = CARTESIAN_POINT('',(-1.568600462935,3.246991671296,
    0.276840637289));
#8895 = CARTESIAN_POINT('',(-1.591353994123,3.247975608167,
    0.275256486962));
#8896 = CARTESIAN_POINT('',(-1.591353994123,3.246991671296,
    0.275256486962));
#8897 = ADVANCED_FACE('',(#8898),#8908,.F.);
#8898 = FACE_BOUND('',#8899,.T.);
#8899 = EDGE_LOOP('',(#8900,#8901,#8906,#8907));
#8900 = ORIENTED_EDGE('',*,*,#1543,.T.);
#8901 = ORIENTED_EDGE('',*,*,#8902,.F.);
#8902 = EDGE_CURVE('',#8266,#1535,#8903,.T.);
#8903 = B_SPLINE_CURVE_WITH_KNOTS('',1,(#8904,#8905),.UNSPECIFIED.,.F.,
  .F.,(2,2),(-0.,9.839368700902E-04),.PIECEWISE_BEZIER_KNOTS.);
#8904 = CARTESIAN_POINT('',(-1.67529469577,3.247975608167,0.274661149549
    ));
#8905 = CARTESIAN_POINT('',(-1.67529469577,3.246991671296,0.274661149549
    ));
#8906 = ORIENTED_EDGE('',*,*,#8265,.F.);
#8907 = ORIENTED_EDGE('',*,*,#8883,.T.);
#8908 = B_SPLINE_SURFACE_WITH_KNOTS('',1,1,(
    (#8909,#8910)
    ,(#8911,#8912
    )),.UNSPECIFIED.,.F.,.F.,.F.,(2,2),(2,2),(-4.268269418023E-03,
    7.967454337538E-02),(-9.839368700902E-04,0.),
  .PIECEWISE_BEZIER_KNOTS.);
#8909 = CARTESIAN_POINT('',(-1.67529469577,3.246991671296,0.274661149549
    ));
#8910 = CARTESIAN_POINT('',(-1.67529469577,3.247975608167,0.274661149549
    ));
#8911 = CARTESIAN_POINT('',(-1.591353994123,3.246991671296,
    0.275256486962));
#8912 = CARTESIAN_POINT('',(-1.591353994123,3.247975608167,
    0.275256486962));
#8913 = ADVANCED_FACE('',(#8914),#8924,.F.);
#8914 = FACE_BOUND('',#8915,.F.);
#8915 = EDGE_LOOP('',(#8916,#8917,#8918,#8923));
#8916 = ORIENTED_EDGE('',*,*,#8902,.F.);
#8917 = ORIENTED_EDGE('',*,*,#8272,.T.);
#8918 = ORIENTED_EDGE('',*,*,#8919,.T.);
#8919 = EDGE_CURVE('',#8273,#1526,#8920,.T.);
#8920 = B_SPLINE_CURVE_WITH_KNOTS('',1,(#8921,#8922),.UNSPECIFIED.,.F.,
  .F.,(2,2),(-0.,9.839368700902E-04),.PIECEWISE_BEZIER_KNOTS.);
#8921 = CARTESIAN_POINT('',(-1.805216657232,3.247975608167,
    0.337765510956));
#8922 = CARTESIAN_POINT('',(-1.805216657232,3.246991671296,
    0.337765510956));
#8923 = ORIENTED_EDGE('',*,*,#1534,.F.);
#8924 = B_SPLINE_SURFACE_WITH_KNOTS('',3,1,(
    (#8925,#8926)
    ,(#8927,#8928)
    ,(#8929,#8930)
    ,(#8931,#8932
    )),.UNSPECIFIED.,.F.,.F.,.F.,(4,4),(2,2),(33.,34.),(0.,1.),
  .PIECEWISE_BEZIER_KNOTS.);
#8925 = CARTESIAN_POINT('',(-1.67529469577,3.247975608167,0.274661149549
    ));
#8926 = CARTESIAN_POINT('',(-1.67529469577,3.246991671296,0.274661149549
    ));
#8927 = CARTESIAN_POINT('',(-1.725120317901,3.247975608167,
    0.278576145222));
#8928 = CARTESIAN_POINT('',(-1.725120317901,3.246991671296,
    0.278576145222));
#8929 = CARTESIAN_POINT('',(-1.77080895436,3.247975608167,0.301016871654
    ));
#8930 = CARTESIAN_POINT('',(-1.77080895436,3.246991671296,0.301016871654
    ));
#8931 = CARTESIAN_POINT('',(-1.805216657232,3.247975608167,
    0.337765510956));
#8932 = CARTESIAN_POINT('',(-1.805216657232,3.246991671296,
    0.337765510956));
#8933 = ADVANCED_FACE('',(#8934),#8940,.F.);
#8934 = FACE_BOUND('',#8935,.F.);
#8935 = EDGE_LOOP('',(#8936,#8937,#8938,#8939));
#8936 = ORIENTED_EDGE('',*,*,#8919,.F.);
#8937 = ORIENTED_EDGE('',*,*,#8281,.T.);
#8938 = ORIENTED_EDGE('',*,*,#8321,.T.);
#8939 = ORIENTED_EDGE('',*,*,#1525,.F.);
#8940 = B_SPLINE_SURFACE_WITH_KNOTS('',3,1,(
    (#8941,#8942)
    ,(#8943,#8944)
    ,(#8945,#8946)
    ,(#8947,#8948
    )),.UNSPECIFIED.,.F.,.F.,.F.,(4,4),(2,2),(34.,35.),(0.,1.),
  .PIECEWISE_BEZIER_KNOTS.);
#8941 = CARTESIAN_POINT('',(-1.805216657232,3.247975608167,
    0.337765510956));
#8942 = CARTESIAN_POINT('',(-1.805216657232,3.246991671296,
    0.337765510956));
#8943 = CARTESIAN_POINT('',(-1.839624414377,3.247975608167,
    0.374514149872));
#8944 = CARTESIAN_POINT('',(-1.839624414377,3.246991671296,
    0.374514149872));
#8945 = CARTESIAN_POINT('',(-1.858462895619,3.247975608167,
    0.422755622062));
#8946 = CARTESIAN_POINT('',(-1.858462895619,3.246991671296,
    0.422755622062));
#8947 = CARTESIAN_POINT('',(-1.858816062018,3.247975608167,
    0.472550972864));
#8948 = CARTESIAN_POINT('',(-1.858816062018,3.246991671296,
    0.472550972864));
#8949 = ADVANCED_FACE('',(#8950),#8977,.T.);
#8950 = FACE_BOUND('',#8951,.T.);
#8951 = EDGE_LOOP('',(#8952,#8966,#8971,#8972));
#8952 = ORIENTED_EDGE('',*,*,#8953,.F.);
#8953 = EDGE_CURVE('',#8954,#8956,#8958,.T.);
#8954 = VERTEX_POINT('',#8955);
#8955 = CARTESIAN_POINT('',(-1.256953211026,3.246991671296,
    0.269091314574));
#8956 = VERTEX_POINT('',#8957);
#8957 = CARTESIAN_POINT('',(-1.25774026788,3.246991671296,0.380063854066
    ));
#8958 = B_SPLINE_CURVE_WITH_KNOTS('',3,(#8959,#8960,#8961,#8962,#8963,
    #8964,#8965),.UNSPECIFIED.,.F.,.F.,(4,3,4),(0.,1.,2.),
  .PIECEWISE_BEZIER_KNOTS.);
#8959 = CARTESIAN_POINT('',(-1.256953211026,3.246991671296,
    0.269091314574));
#8960 = CARTESIAN_POINT('',(-1.288253129534,3.246991671296,
    0.268869324381));
#8961 = CARTESIAN_POINT('',(-1.312621082377,3.246991671296,
    0.294306867313));
#8962 = CARTESIAN_POINT('',(-1.312832982063,3.246991671296,
    0.324184056085));
#8963 = CARTESIAN_POINT('',(-1.313054972448,3.246991671296,0.35548400173
    ));
#8964 = CARTESIAN_POINT('',(-1.287617483789,3.246991671296,
    0.379851954189));
#8965 = CARTESIAN_POINT('',(-1.25774026788,3.246991671296,0.380063854066
    ));
#8966 = ORIENTED_EDGE('',*,*,#8967,.F.);
#8967 = EDGE_CURVE('',#8291,#8954,#8968,.T.);
#8968 = B_SPLINE_CURVE_WITH_KNOTS('',1,(#8969,#8970),.UNSPECIFIED.,.F.,
  .F.,(2,2),(-0.,9.839368700902E-04),.PIECEWISE_BEZIER_KNOTS.);
#8969 = CARTESIAN_POINT('',(-1.256953211026,3.247975608167,
    0.269091314574));
#8970 = CARTESIAN_POINT('',(-1.256953211026,3.246991671296,
    0.269091314574));
#8971 = ORIENTED_EDGE('',*,*,#8290,.T.);
#8972 = ORIENTED_EDGE('',*,*,#8973,.T.);
#8973 = EDGE_CURVE('',#8293,#8956,#8974,.T.);
#8974 = B_SPLINE_CURVE_WITH_KNOTS('',1,(#8975,#8976),.UNSPECIFIED.,.F.,
  .F.,(2,2),(-0.,9.839368700902E-04),.PIECEWISE_BEZIER_KNOTS.);
#8975 = CARTESIAN_POINT('',(-1.25774026788,3.247975608167,0.380063854066
    ));
#8976 = CARTESIAN_POINT('',(-1.25774026788,3.246991671296,0.380063854066
    ));
#8977 = B_SPLINE_SURFACE_WITH_KNOTS('',3,1,(
    (#8978,#8979)
    ,(#8980,#8981)
    ,(#8982,#8983)
    ,(#8984,#8985)
    ,(#8986,#8987)
    ,(#8988,#8989)
    ,(#8990,#8991
    )),.UNSPECIFIED.,.F.,.F.,.F.,(4,3,4),(2,2),(0.,1.,2.),(0.,1.),
  .PIECEWISE_BEZIER_KNOTS.);
#8978 = CARTESIAN_POINT('',(-1.256953211026,3.247975608167,
    0.269091314574));
#8979 = CARTESIAN_POINT('',(-1.256953211026,3.246991671296,
    0.269091314574));
#8980 = CARTESIAN_POINT('',(-1.288253129534,3.247975608167,
    0.268869324381));
#8981 = CARTESIAN_POINT('',(-1.288253129534,3.246991671296,
    0.268869324381));
#8982 = CARTESIAN_POINT('',(-1.312621082377,3.247975608167,
    0.294306867313));
#8983 = CARTESIAN_POINT('',(-1.312621082377,3.246991671296,
    0.294306867313));
#8984 = CARTESIAN_POINT('',(-1.312832982063,3.247975608167,
    0.324184056085));
#8985 = CARTESIAN_POINT('',(-1.312832982063,3.246991671296,
    0.324184056085));
#8986 = CARTESIAN_POINT('',(-1.313054972448,3.247975608167,0.35548400173
    ));
#8987 = CARTESIAN_POINT('',(-1.313054972448,3.246991671296,0.35548400173
    ));
#8988 = CARTESIAN_POINT('',(-1.287617483789,3.247975608167,
    0.379851954189));
#8989 = CARTESIAN_POINT('',(-1.287617483789,3.246991671296,
    0.379851954189));
#8990 = CARTESIAN_POINT('',(-1.25774026788,3.247975608167,0.380063854066
    ));
#8991 = CARTESIAN_POINT('',(-1.25774026788,3.246991671296,0.380063854066
    ));
#8992 = ADVANCED_FACE('',(#8993),#9007,.T.);
#8993 = FACE_BOUND('',#8994,.T.);
#8994 = EDGE_LOOP('',(#8995,#9004,#9005,#9006));
#8995 = ORIENTED_EDGE('',*,*,#8996,.F.);
#8996 = EDGE_CURVE('',#8956,#8954,#8997,.T.);
#8997 = B_SPLINE_CURVE_WITH_KNOTS('',3,(#8998,#8999,#9000,#9001,#9002,
    #9003),.UNSPECIFIED.,.F.,.F.,(4,2,4),(2.,3.,4.),.UNSPECIFIED.);
#8998 = CARTESIAN_POINT('',(-1.25774026788,3.246991671296,0.380063854066
    ));
#8999 = CARTESIAN_POINT('',(-1.227863051971,3.246991671296,
    0.380275753944));
#9000 = CARTESIAN_POINT('',(-1.202082487228,3.246991671296,
    0.356271058199));
#9001 = CARTESIAN_POINT('',(-1.201638506458,3.246991671296,0.29367116691
    ));
#9002 = CARTESIAN_POINT('',(-1.227075995117,3.246991671296,
    0.269303214452));
#9003 = CARTESIAN_POINT('',(-1.256953211026,3.246991671296,
    0.269091314574));
#9004 = ORIENTED_EDGE('',*,*,#8973,.F.);
#9005 = ORIENTED_EDGE('',*,*,#8304,.T.);
#9006 = ORIENTED_EDGE('',*,*,#8967,.T.);
#9007 = B_SPLINE_SURFACE_WITH_KNOTS('',3,1,(
    (#9008,#9009)
    ,(#9010,#9011)
    ,(#9012,#9013)
    ,(#9014,#9015)
    ,(#9016,#9017)
    ,(#9018,#9019
    )),.UNSPECIFIED.,.F.,.F.,.F.,(4,2,4),(2,2),(2.,3.,4.),(0.,1.),
  .UNSPECIFIED.);
#9008 = CARTESIAN_POINT('',(-1.25774026788,3.247975608167,0.380063854066
    ));
#9009 = CARTESIAN_POINT('',(-1.25774026788,3.246991671296,0.380063854066
    ));
#9010 = CARTESIAN_POINT('',(-1.227863051971,3.247975608167,
    0.380275753944));
#9011 = CARTESIAN_POINT('',(-1.227863051971,3.246991671296,
    0.380275753944));
#9012 = CARTESIAN_POINT('',(-1.202082487228,3.247975608167,
    0.356271058199));
#9013 = CARTESIAN_POINT('',(-1.202082487228,3.246991671296,
    0.356271058199));
#9014 = CARTESIAN_POINT('',(-1.201638506458,3.247975608167,0.29367116691
    ));
#9015 = CARTESIAN_POINT('',(-1.201638506458,3.246991671296,0.29367116691
    ));
#9016 = CARTESIAN_POINT('',(-1.227075995117,3.247975608167,
    0.269303214452));
#9017 = CARTESIAN_POINT('',(-1.227075995117,3.246991671296,
    0.269303214452));
#9018 = CARTESIAN_POINT('',(-1.256953211026,3.247975608167,
    0.269091314574));
#9019 = CARTESIAN_POINT('',(-1.256953211026,3.246991671296,
    0.269091314574));
#9020 = ADVANCED_FACE('',(#9021),#9025,.F.);
#9021 = FACE_BOUND('',#9022,.T.);
#9022 = EDGE_LOOP('',(#9023,#9024));
#9023 = ORIENTED_EDGE('',*,*,#8996,.T.);
#9024 = ORIENTED_EDGE('',*,*,#8953,.T.);
#9025 = B_SPLINE_SURFACE_WITH_KNOTS('',1,1,(
    (#9026,#9027)
    ,(#9028,#9029
    )),.UNSPECIFIED.,.F.,.F.,.F.,(2,2),(2,2),(0.623339953547,
    0.73474638311),(1.933936698849,2.045353164839),
  .PIECEWISE_BEZIER_KNOTS.);
#9026 = CARTESIAN_POINT('',(-1.313054972448,3.246991671296,
    0.380275753944));
#9027 = CARTESIAN_POINT('',(-1.201638506458,3.246991671296,
    0.380275753944));
#9028 = CARTESIAN_POINT('',(-1.313054972448,3.246991671296,
    0.268869324381));
#9029 = CARTESIAN_POINT('',(-1.201638506458,3.246991671296,
    0.268869324381));
#9030 = ( GEOMETRIC_REPRESENTATION_CONTEXT(3) 
GLOBAL_UNCERTAINTY_ASSIGNED_CONTEXT((#9034)) 
GLOBAL_UNIT_ASSIGNED_CONTEXT((#9031,#9032,#9033)) REPRESENTATION_CONTEXT
('Context #1','3D Context with UNIT and UNCERTAINTY') );
#9031 = ( LENGTH_UNIT() NAMED_UNIT(*) SI_UNIT(.MILLI.,.METRE.) );
#9032 = ( NAMED_UNIT(*) PLANE_ANGLE_UNIT() SI_UNIT($,.RADIAN.) );
#9033 = ( NAMED_UNIT(*) SI_UNIT($,.STERADIAN.) SOLID_ANGLE_UNIT() );
#9034 = UNCERTAINTY_MEASURE_WITH_UNIT(LENGTH_MEASURE(1.E-07),#9031,
  'distance_accuracy_value','confusion accuracy');
#9035 = PRODUCT_RELATED_PRODUCT_CATEGORY('part',$,(#7));
#9036 = MECHANICAL_DESIGN_GEOMETRIC_PRESENTATION_REPRESENTATION('',(
    #9037,#9047,#9055,#9062,#9069,#9076,#9083,#9090,#9097,#9104,#9112,
    #9119,#9126,#9133,#9140,#9147,#9154,#9161,#9168,#9175,#9182,#9189,
    #9196,#9203,#9210,#9217,#9224,#9231,#9238,#9245,#9252,#9259,#9266,
    #9273,#9280,#9287,#9294,#9301,#9308,#9315,#9322,#9329,#9336,#9343,
    #9350,#9357,#9364,#9371,#9378,#9385,#9392,#9399,#9406,#9413,#9420,
    #9427,#9434,#9441,#9448,#9455,#9462,#9470,#9477,#9484,#9492,#9499,
    #9506,#9513,#9520,#9527,#9534,#9541,#9548,#9555,#9562,#9569,#9576,
    #9583,#9590,#9597,#9604,#9611,#9618,#9625,#9632,#9639,#9646,#9653,
    #9660,#9667,#9674,#9681,#9688,#9695,#9702,#9709,#9716,#9723,#9730,
    #9737,#9744,#9751,#9758,#9765,#9772,#9779,#9786,#9793,#9800,#9807,
    #9814,#9821,#9828,#9835,#9842,#9849,#9856,#9863,#9870,#9877,#9884,
    #9891,#9898,#9905,#9912,#9919,#9926,#9933,#9940,#9947,#9954,#9961,
    #9968,#9975,#9982,#9989,#9996,#10003,#10010,#10017,#10024,#10031,
    #10038,#10045,#10052,#10059,#10066,#10073,#10080,#10087,#10094,
    #10101,#10108,#10115,#10122,#10129,#10136,#10143,#10150,#10157,
    #10164,#10171,#10178,#10185,#10192,#10199,#10206,#10213,#10220,
    #10227,#10234,#10241,#10248,#10255,#10262,#10269,#10276,#10283,
    #10290,#10297,#10304,#10311,#10318,#10325,#10332,#10339,#10346,
    #10353,#10360,#10367,#10374,#10381,#10388,#10395,#10402,#10409,
    #10416,#10423,#10430,#10437,#10444,#10451,#10458,#10465,#10472,
    #10479,#10486,#10493,#10500,#10507,#10514,#10521,#10528,#10535,
    #10542,#10549,#10556,#10563,#10570,#10577,#10584,#10591,#10598,
    #10605,#10612,#10619,#10626,#10633,#10640,#10647,#10654,#10661,
    #10668,#10675,#10682,#10689,#10696,#10703,#10710,#10717,#10724,
    #10731,#10738,#10745,#10752,#10759,#10766,#10773,#10780,#10787,
    #10794,#10801,#10808,#10815,#10822,#10829,#10836,#10843,#10850,
    #10857,#10864,#10871,#10878,#10885,#10892,#10899,#10906,#10913,
    #10920,#10927,#10934,#10941,#10948,#10955,#10962,#10969,#10976,
    #10983,#10990,#10997,#11004,#11011,#11018,#11025,#11032,#11039,
    #11046),#9030);
#9037 = STYLED_ITEM('color',(#9038),#15);
#9038 = PRESENTATION_STYLE_ASSIGNMENT((#9039,#9045));
#9039 = SURFACE_STYLE_USAGE(.BOTH.,#9040);
#9040 = SURFACE_SIDE_STYLE('',(#9041));
#9041 = SURFACE_STYLE_FILL_AREA(#9042);
#9042 = FILL_AREA_STYLE('',(#9043));
#9043 = FILL_AREA_STYLE_COLOUR('',#9044);
#9044 = COLOUR_RGB('',0.501960785193,0.250980388104,0.250980388104);
#9045 = CURVE_STYLE('',#9046,POSITIVE_LENGTH_MEASURE(0.1),#9044);
#9046 = DRAUGHTING_PRE_DEFINED_CURVE_FONT('continuous');
#9047 = OVER_RIDING_STYLED_ITEM('overriding color',(#9048),#17,#9037);
#9048 = PRESENTATION_STYLE_ASSIGNMENT((#9049));
#9049 = SURFACE_STYLE_USAGE(.BOTH.,#9050);
#9050 = SURFACE_SIDE_STYLE('',(#9051));
#9051 = SURFACE_STYLE_FILL_AREA(#9052);
#9052 = FILL_AREA_STYLE('',(#9053));
#9053 = FILL_AREA_STYLE_COLOUR('',#9054);
#9054 = DRAUGHTING_PRE_DEFINED_COLOUR('white');
#9055 = OVER_RIDING_STYLED_ITEM('overriding color',(#9056),#72,#9037);
#9056 = PRESENTATION_STYLE_ASSIGNMENT((#9057));
#9057 = SURFACE_STYLE_USAGE(.BOTH.,#9058);
#9058 = SURFACE_SIDE_STYLE('',(#9059));
#9059 = SURFACE_STYLE_FILL_AREA(#9060);
#9060 = FILL_AREA_STYLE('',(#9061));
#9061 = FILL_AREA_STYLE_COLOUR('',#9054);
#9062 = OVER_RIDING_STYLED_ITEM('overriding color',(#9063),#109,#9037);
#9063 = PRESENTATION_STYLE_ASSIGNMENT((#9064));
#9064 = SURFACE_STYLE_USAGE(.BOTH.,#9065);
#9065 = SURFACE_SIDE_STYLE('',(#9066));
#9066 = SURFACE_STYLE_FILL_AREA(#9067);
#9067 = FILL_AREA_STYLE('',(#9068));
#9068 = FILL_AREA_STYLE_COLOUR('',#9054);
#9069 = OVER_RIDING_STYLED_ITEM('overriding color',(#9070),#170,#9037);
#9070 = PRESENTATION_STYLE_ASSIGNMENT((#9071));
#9071 = SURFACE_STYLE_USAGE(.BOTH.,#9072);
#9072 = SURFACE_SIDE_STYLE('',(#9073));
#9073 = SURFACE_STYLE_FILL_AREA(#9074);
#9074 = FILL_AREA_STYLE('',(#9075));
#9075 = FILL_AREA_STYLE_COLOUR('',#9054);
#9076 = OVER_RIDING_STYLED_ITEM('overriding color',(#9077),#225,#9037);
#9077 = PRESENTATION_STYLE_ASSIGNMENT((#9078));
#9078 = SURFACE_STYLE_USAGE(.BOTH.,#9079);
#9079 = SURFACE_SIDE_STYLE('',(#9080));
#9080 = SURFACE_STYLE_FILL_AREA(#9081);
#9081 = FILL_AREA_STYLE('',(#9082));
#9082 = FILL_AREA_STYLE_COLOUR('',#9054);
#9083 = OVER_RIDING_STYLED_ITEM('overriding color',(#9084),#269,#9037);
#9084 = PRESENTATION_STYLE_ASSIGNMENT((#9085));
#9085 = SURFACE_STYLE_USAGE(.BOTH.,#9086);
#9086 = SURFACE_SIDE_STYLE('',(#9087));
#9087 = SURFACE_STYLE_FILL_AREA(#9088);
#9088 = FILL_AREA_STYLE('',(#9089));
#9089 = FILL_AREA_STYLE_COLOUR('',#9054);
#9090 = OVER_RIDING_STYLED_ITEM('overriding color',(#9091),#295,#9037);
#9091 = PRESENTATION_STYLE_ASSIGNMENT((#9092));
#9092 = SURFACE_STYLE_USAGE(.BOTH.,#9093);
#9093 = SURFACE_SIDE_STYLE('',(#9094));
#9094 = SURFACE_STYLE_FILL_AREA(#9095);
#9095 = FILL_AREA_STYLE('',(#9096));
#9096 = FILL_AREA_STYLE_COLOUR('',#9054);
#9097 = OVER_RIDING_STYLED_ITEM('overriding color',(#9098),#335,#9037);
#9098 = PRESENTATION_STYLE_ASSIGNMENT((#9099));
#9099 = SURFACE_STYLE_USAGE(.BOTH.,#9100);
#9100 = SURFACE_SIDE_STYLE('',(#9101));
#9101 = SURFACE_STYLE_FILL_AREA(#9102);
#9102 = FILL_AREA_STYLE('',(#9103));
#9103 = FILL_AREA_STYLE_COLOUR('',#9054);
#9104 = OVER_RIDING_STYLED_ITEM('overriding color',(#9105),#372,#9037);
#9105 = PRESENTATION_STYLE_ASSIGNMENT((#9106));
#9106 = SURFACE_STYLE_USAGE(.BOTH.,#9107);
#9107 = SURFACE_SIDE_STYLE('',(#9108));
#9108 = SURFACE_STYLE_FILL_AREA(#9109);
#9109 = FILL_AREA_STYLE('',(#9110));
#9110 = FILL_AREA_STYLE_COLOUR('',#9111);
#9111 = COLOUR_RGB('',0.250980388104,0.250980388104,0.250980388104);
#9112 = OVER_RIDING_STYLED_ITEM('overriding color',(#9113),#1805,#9037);
#9113 = PRESENTATION_STYLE_ASSIGNMENT((#9114));
#9114 = SURFACE_STYLE_USAGE(.BOTH.,#9115);
#9115 = SURFACE_SIDE_STYLE('',(#9116));
#9116 = SURFACE_STYLE_FILL_AREA(#9117);
#9117 = FILL_AREA_STYLE('',(#9118));
#9118 = FILL_AREA_STYLE_COLOUR('',#9111);
#9119 = OVER_RIDING_STYLED_ITEM('overriding color',(#9120),#1869,#9037);
#9120 = PRESENTATION_STYLE_ASSIGNMENT((#9121));
#9121 = SURFACE_STYLE_USAGE(.BOTH.,#9122);
#9122 = SURFACE_SIDE_STYLE('',(#9123));
#9123 = SURFACE_STYLE_FILL_AREA(#9124);
#9124 = FILL_AREA_STYLE('',(#9125));
#9125 = FILL_AREA_STYLE_COLOUR('',#9111);
#9126 = OVER_RIDING_STYLED_ITEM('overriding color',(#9127),#1933,#9037);
#9127 = PRESENTATION_STYLE_ASSIGNMENT((#9128));
#9128 = SURFACE_STYLE_USAGE(.BOTH.,#9129);
#9129 = SURFACE_SIDE_STYLE('',(#9130));
#9130 = SURFACE_STYLE_FILL_AREA(#9131);
#9131 = FILL_AREA_STYLE('',(#9132));
#9132 = FILL_AREA_STYLE_COLOUR('',#9054);
#9133 = OVER_RIDING_STYLED_ITEM('overriding color',(#9134),#1965,#9037);
#9134 = PRESENTATION_STYLE_ASSIGNMENT((#9135));
#9135 = SURFACE_STYLE_USAGE(.BOTH.,#9136);
#9136 = SURFACE_SIDE_STYLE('',(#9137));
#9137 = SURFACE_STYLE_FILL_AREA(#9138);
#9138 = FILL_AREA_STYLE('',(#9139));
#9139 = FILL_AREA_STYLE_COLOUR('',#9111);
#9140 = OVER_RIDING_STYLED_ITEM('overriding color',(#9141),#2005,#9037);
#9141 = PRESENTATION_STYLE_ASSIGNMENT((#9142));
#9142 = SURFACE_STYLE_USAGE(.BOTH.,#9143);
#9143 = SURFACE_SIDE_STYLE('',(#9144));
#9144 = SURFACE_STYLE_FILL_AREA(#9145);
#9145 = FILL_AREA_STYLE('',(#9146));
#9146 = FILL_AREA_STYLE_COLOUR('',#9111);
#9147 = OVER_RIDING_STYLED_ITEM('overriding color',(#9148),#2045,#9037);
#9148 = PRESENTATION_STYLE_ASSIGNMENT((#9149));
#9149 = SURFACE_STYLE_USAGE(.BOTH.,#9150);
#9150 = SURFACE_SIDE_STYLE('',(#9151));
#9151 = SURFACE_STYLE_FILL_AREA(#9152);
#9152 = FILL_AREA_STYLE('',(#9153));
#9153 = FILL_AREA_STYLE_COLOUR('',#9111);
#9154 = OVER_RIDING_STYLED_ITEM('overriding color',(#9155),#2109,#9037);
#9155 = PRESENTATION_STYLE_ASSIGNMENT((#9156));
#9156 = SURFACE_STYLE_USAGE(.BOTH.,#9157);
#9157 = SURFACE_SIDE_STYLE('',(#9158));
#9158 = SURFACE_STYLE_FILL_AREA(#9159);
#9159 = FILL_AREA_STYLE('',(#9160));
#9160 = FILL_AREA_STYLE_COLOUR('',#9111);
#9161 = OVER_RIDING_STYLED_ITEM('overriding color',(#9162),#2199,#9037);
#9162 = PRESENTATION_STYLE_ASSIGNMENT((#9163));
#9163 = SURFACE_STYLE_USAGE(.BOTH.,#9164);
#9164 = SURFACE_SIDE_STYLE('',(#9165));
#9165 = SURFACE_STYLE_FILL_AREA(#9166);
#9166 = FILL_AREA_STYLE('',(#9167));
#9167 = FILL_AREA_STYLE_COLOUR('',#9111);
#9168 = OVER_RIDING_STYLED_ITEM('overriding color',(#9169),#2219,#9037);
#9169 = PRESENTATION_STYLE_ASSIGNMENT((#9170));
#9170 = SURFACE_STYLE_USAGE(.BOTH.,#9171);
#9171 = SURFACE_SIDE_STYLE('',(#9172));
#9172 = SURFACE_STYLE_FILL_AREA(#9173);
#9173 = FILL_AREA_STYLE('',(#9174));
#9174 = FILL_AREA_STYLE_COLOUR('',#9111);
#9175 = OVER_RIDING_STYLED_ITEM('overriding color',(#9176),#2239,#9037);
#9176 = PRESENTATION_STYLE_ASSIGNMENT((#9177));
#9177 = SURFACE_STYLE_USAGE(.BOTH.,#9178);
#9178 = SURFACE_SIDE_STYLE('',(#9179));
#9179 = SURFACE_STYLE_FILL_AREA(#9180);
#9180 = FILL_AREA_STYLE('',(#9181));
#9181 = FILL_AREA_STYLE_COLOUR('',#9111);
#9182 = OVER_RIDING_STYLED_ITEM('overriding color',(#9183),#2259,#9037);
#9183 = PRESENTATION_STYLE_ASSIGNMENT((#9184));
#9184 = SURFACE_STYLE_USAGE(.BOTH.,#9185);
#9185 = SURFACE_SIDE_STYLE('',(#9186));
#9186 = SURFACE_STYLE_FILL_AREA(#9187);
#9187 = FILL_AREA_STYLE('',(#9188));
#9188 = FILL_AREA_STYLE_COLOUR('',#9111);
#9189 = OVER_RIDING_STYLED_ITEM('overriding color',(#9190),#2279,#9037);
#9190 = PRESENTATION_STYLE_ASSIGNMENT((#9191));
#9191 = SURFACE_STYLE_USAGE(.BOTH.,#9192);
#9192 = SURFACE_SIDE_STYLE('',(#9193));
#9193 = SURFACE_STYLE_FILL_AREA(#9194);
#9194 = FILL_AREA_STYLE('',(#9195));
#9195 = FILL_AREA_STYLE_COLOUR('',#9111);
#9196 = OVER_RIDING_STYLED_ITEM('overriding color',(#9197),#2315,#9037);
#9197 = PRESENTATION_STYLE_ASSIGNMENT((#9198));
#9198 = SURFACE_STYLE_USAGE(.BOTH.,#9199);
#9199 = SURFACE_SIDE_STYLE('',(#9200));
#9200 = SURFACE_STYLE_FILL_AREA(#9201);
#9201 = FILL_AREA_STYLE('',(#9202));
#9202 = FILL_AREA_STYLE_COLOUR('',#9111);
#9203 = OVER_RIDING_STYLED_ITEM('overriding color',(#9204),#2351,#9037);
#9204 = PRESENTATION_STYLE_ASSIGNMENT((#9205));
#9205 = SURFACE_STYLE_USAGE(.BOTH.,#9206);
#9206 = SURFACE_SIDE_STYLE('',(#9207));
#9207 = SURFACE_STYLE_FILL_AREA(#9208);
#9208 = FILL_AREA_STYLE('',(#9209));
#9209 = FILL_AREA_STYLE_COLOUR('',#9111);
#9210 = OVER_RIDING_STYLED_ITEM('overriding color',(#9211),#2382,#9037);
#9211 = PRESENTATION_STYLE_ASSIGNMENT((#9212));
#9212 = SURFACE_STYLE_USAGE(.BOTH.,#9213);
#9213 = SURFACE_SIDE_STYLE('',(#9214));
#9214 = SURFACE_STYLE_FILL_AREA(#9215);
#9215 = FILL_AREA_STYLE('',(#9216));
#9216 = FILL_AREA_STYLE_COLOUR('',#9111);
#9217 = OVER_RIDING_STYLED_ITEM('overriding color',(#9218),#2413,#9037);
#9218 = PRESENTATION_STYLE_ASSIGNMENT((#9219));
#9219 = SURFACE_STYLE_USAGE(.BOTH.,#9220);
#9220 = SURFACE_SIDE_STYLE('',(#9221));
#9221 = SURFACE_STYLE_FILL_AREA(#9222);
#9222 = FILL_AREA_STYLE('',(#9223));
#9223 = FILL_AREA_STYLE_COLOUR('',#9111);
#9224 = OVER_RIDING_STYLED_ITEM('overriding color',(#9225),#2475,#9037);
#9225 = PRESENTATION_STYLE_ASSIGNMENT((#9226));
#9226 = SURFACE_STYLE_USAGE(.BOTH.,#9227);
#9227 = SURFACE_SIDE_STYLE('',(#9228));
#9228 = SURFACE_STYLE_FILL_AREA(#9229);
#9229 = FILL_AREA_STYLE('',(#9230));
#9230 = FILL_AREA_STYLE_COLOUR('',#9111);
#9231 = OVER_RIDING_STYLED_ITEM('overriding color',(#9232),#2537,#9037);
#9232 = PRESENTATION_STYLE_ASSIGNMENT((#9233));
#9233 = SURFACE_STYLE_USAGE(.BOTH.,#9234);
#9234 = SURFACE_SIDE_STYLE('',(#9235));
#9235 = SURFACE_STYLE_FILL_AREA(#9236);
#9236 = FILL_AREA_STYLE('',(#9237));
#9237 = FILL_AREA_STYLE_COLOUR('',#9111);
#9238 = OVER_RIDING_STYLED_ITEM('overriding color',(#9239),#2581,#9037);
#9239 = PRESENTATION_STYLE_ASSIGNMENT((#9240));
#9240 = SURFACE_STYLE_USAGE(.BOTH.,#9241);
#9241 = SURFACE_SIDE_STYLE('',(#9242));
#9242 = SURFACE_STYLE_FILL_AREA(#9243);
#9243 = FILL_AREA_STYLE('',(#9244));
#9244 = FILL_AREA_STYLE_COLOUR('',#9111);
#9245 = OVER_RIDING_STYLED_ITEM('overriding color',(#9246),#2593,#9037);
#9246 = PRESENTATION_STYLE_ASSIGNMENT((#9247));
#9247 = SURFACE_STYLE_USAGE(.BOTH.,#9248);
#9248 = SURFACE_SIDE_STYLE('',(#9249));
#9249 = SURFACE_STYLE_FILL_AREA(#9250);
#9250 = FILL_AREA_STYLE('',(#9251));
#9251 = FILL_AREA_STYLE_COLOUR('',#9111);
#9252 = OVER_RIDING_STYLED_ITEM('overriding color',(#9253),#2605,#9037);
#9253 = PRESENTATION_STYLE_ASSIGNMENT((#9254));
#9254 = SURFACE_STYLE_USAGE(.BOTH.,#9255);
#9255 = SURFACE_SIDE_STYLE('',(#9256));
#9256 = SURFACE_STYLE_FILL_AREA(#9257);
#9257 = FILL_AREA_STYLE('',(#9258));
#9258 = FILL_AREA_STYLE_COLOUR('',#9111);
#9259 = OVER_RIDING_STYLED_ITEM('overriding color',(#9260),#2617,#9037);
#9260 = PRESENTATION_STYLE_ASSIGNMENT((#9261));
#9261 = SURFACE_STYLE_USAGE(.BOTH.,#9262);
#9262 = SURFACE_SIDE_STYLE('',(#9263));
#9263 = SURFACE_STYLE_FILL_AREA(#9264);
#9264 = FILL_AREA_STYLE('',(#9265));
#9265 = FILL_AREA_STYLE_COLOUR('',#9111);
#9266 = OVER_RIDING_STYLED_ITEM('overriding color',(#9267),#2629,#9037);
#9267 = PRESENTATION_STYLE_ASSIGNMENT((#9268));
#9268 = SURFACE_STYLE_USAGE(.BOTH.,#9269);
#9269 = SURFACE_SIDE_STYLE('',(#9270));
#9270 = SURFACE_STYLE_FILL_AREA(#9271);
#9271 = FILL_AREA_STYLE('',(#9272));
#9272 = FILL_AREA_STYLE_COLOUR('',#9111);
#9273 = OVER_RIDING_STYLED_ITEM('overriding color',(#9274),#2647,#9037);
#9274 = PRESENTATION_STYLE_ASSIGNMENT((#9275));
#9275 = SURFACE_STYLE_USAGE(.BOTH.,#9276);
#9276 = SURFACE_SIDE_STYLE('',(#9277));
#9277 = SURFACE_STYLE_FILL_AREA(#9278);
#9278 = FILL_AREA_STYLE('',(#9279));
#9279 = FILL_AREA_STYLE_COLOUR('',#9111);
#9280 = OVER_RIDING_STYLED_ITEM('overriding color',(#9281),#2665,#9037);
#9281 = PRESENTATION_STYLE_ASSIGNMENT((#9282));
#9282 = SURFACE_STYLE_USAGE(.BOTH.,#9283);
#9283 = SURFACE_SIDE_STYLE('',(#9284));
#9284 = SURFACE_STYLE_FILL_AREA(#9285);
#9285 = FILL_AREA_STYLE('',(#9286));
#9286 = FILL_AREA_STYLE_COLOUR('',#9054);
#9287 = OVER_RIDING_STYLED_ITEM('overriding color',(#9288),#2688,#9037);
#9288 = PRESENTATION_STYLE_ASSIGNMENT((#9289));
#9289 = SURFACE_STYLE_USAGE(.BOTH.,#9290);
#9290 = SURFACE_SIDE_STYLE('',(#9291));
#9291 = SURFACE_STYLE_FILL_AREA(#9292);
#9292 = FILL_AREA_STYLE('',(#9293));
#9293 = FILL_AREA_STYLE_COLOUR('',#9054);
#9294 = OVER_RIDING_STYLED_ITEM('overriding color',(#9295),#2710,#9037);
#9295 = PRESENTATION_STYLE_ASSIGNMENT((#9296));
#9296 = SURFACE_STYLE_USAGE(.BOTH.,#9297);
#9297 = SURFACE_SIDE_STYLE('',(#9298));
#9298 = SURFACE_STYLE_FILL_AREA(#9299);
#9299 = FILL_AREA_STYLE('',(#9300));
#9300 = FILL_AREA_STYLE_COLOUR('',#9054);
#9301 = OVER_RIDING_STYLED_ITEM('overriding color',(#9302),#2742,#9037);
#9302 = PRESENTATION_STYLE_ASSIGNMENT((#9303));
#9303 = SURFACE_STYLE_USAGE(.BOTH.,#9304);
#9304 = SURFACE_SIDE_STYLE('',(#9305));
#9305 = SURFACE_STYLE_FILL_AREA(#9306);
#9306 = FILL_AREA_STYLE('',(#9307));
#9307 = FILL_AREA_STYLE_COLOUR('',#9111);
#9308 = OVER_RIDING_STYLED_ITEM('overriding color',(#9309),#2754,#9037);
#9309 = PRESENTATION_STYLE_ASSIGNMENT((#9310));
#9310 = SURFACE_STYLE_USAGE(.BOTH.,#9311);
#9311 = SURFACE_SIDE_STYLE('',(#9312));
#9312 = SURFACE_STYLE_FILL_AREA(#9313);
#9313 = FILL_AREA_STYLE('',(#9314));
#9314 = FILL_AREA_STYLE_COLOUR('',#9111);
#9315 = OVER_RIDING_STYLED_ITEM('overriding color',(#9316),#2766,#9037);
#9316 = PRESENTATION_STYLE_ASSIGNMENT((#9317));
#9317 = SURFACE_STYLE_USAGE(.BOTH.,#9318);
#9318 = SURFACE_SIDE_STYLE('',(#9319));
#9319 = SURFACE_STYLE_FILL_AREA(#9320);
#9320 = FILL_AREA_STYLE('',(#9321));
#9321 = FILL_AREA_STYLE_COLOUR('',#9111);
#9322 = OVER_RIDING_STYLED_ITEM('overriding color',(#9323),#2782,#9037);
#9323 = PRESENTATION_STYLE_ASSIGNMENT((#9324));
#9324 = SURFACE_STYLE_USAGE(.BOTH.,#9325);
#9325 = SURFACE_SIDE_STYLE('',(#9326));
#9326 = SURFACE_STYLE_FILL_AREA(#9327);
#9327 = FILL_AREA_STYLE('',(#9328));
#9328 = FILL_AREA_STYLE_COLOUR('',#9111);
#9329 = OVER_RIDING_STYLED_ITEM('overriding color',(#9330),#2798,#9037);
#9330 = PRESENTATION_STYLE_ASSIGNMENT((#9331));
#9331 = SURFACE_STYLE_USAGE(.BOTH.,#9332);
#9332 = SURFACE_SIDE_STYLE('',(#9333));
#9333 = SURFACE_STYLE_FILL_AREA(#9334);
#9334 = FILL_AREA_STYLE('',(#9335));
#9335 = FILL_AREA_STYLE_COLOUR('',#9111);
#9336 = OVER_RIDING_STYLED_ITEM('overriding color',(#9337),#2810,#9037);
#9337 = PRESENTATION_STYLE_ASSIGNMENT((#9338));
#9338 = SURFACE_STYLE_USAGE(.BOTH.,#9339);
#9339 = SURFACE_SIDE_STYLE('',(#9340));
#9340 = SURFACE_STYLE_FILL_AREA(#9341);
#9341 = FILL_AREA_STYLE('',(#9342));
#9342 = FILL_AREA_STYLE_COLOUR('',#9111);
#9343 = OVER_RIDING_STYLED_ITEM('overriding color',(#9344),#2826,#9037);
#9344 = PRESENTATION_STYLE_ASSIGNMENT((#9345));
#9345 = SURFACE_STYLE_USAGE(.BOTH.,#9346);
#9346 = SURFACE_SIDE_STYLE('',(#9347));
#9347 = SURFACE_STYLE_FILL_AREA(#9348);
#9348 = FILL_AREA_STYLE('',(#9349));
#9349 = FILL_AREA_STYLE_COLOUR('',#9111);
#9350 = OVER_RIDING_STYLED_ITEM('overriding color',(#9351),#2842,#9037);
#9351 = PRESENTATION_STYLE_ASSIGNMENT((#9352));
#9352 = SURFACE_STYLE_USAGE(.BOTH.,#9353);
#9353 = SURFACE_SIDE_STYLE('',(#9354));
#9354 = SURFACE_STYLE_FILL_AREA(#9355);
#9355 = FILL_AREA_STYLE('',(#9356));
#9356 = FILL_AREA_STYLE_COLOUR('',#9111);
#9357 = OVER_RIDING_STYLED_ITEM('overriding color',(#9358),#2854,#9037);
#9358 = PRESENTATION_STYLE_ASSIGNMENT((#9359));
#9359 = SURFACE_STYLE_USAGE(.BOTH.,#9360);
#9360 = SURFACE_SIDE_STYLE('',(#9361));
#9361 = SURFACE_STYLE_FILL_AREA(#9362);
#9362 = FILL_AREA_STYLE('',(#9363));
#9363 = FILL_AREA_STYLE_COLOUR('',#9054);
#9364 = OVER_RIDING_STYLED_ITEM('overriding color',(#9365),#2882,#9037);
#9365 = PRESENTATION_STYLE_ASSIGNMENT((#9366));
#9366 = SURFACE_STYLE_USAGE(.BOTH.,#9367);
#9367 = SURFACE_SIDE_STYLE('',(#9368));
#9368 = SURFACE_STYLE_FILL_AREA(#9369);
#9369 = FILL_AREA_STYLE('',(#9370));
#9370 = FILL_AREA_STYLE_COLOUR('',#9054);
#9371 = OVER_RIDING_STYLED_ITEM('overriding color',(#9372),#2911,#9037);
#9372 = PRESENTATION_STYLE_ASSIGNMENT((#9373));
#9373 = SURFACE_STYLE_USAGE(.BOTH.,#9374);
#9374 = SURFACE_SIDE_STYLE('',(#9375));
#9375 = SURFACE_STYLE_FILL_AREA(#9376);
#9376 = FILL_AREA_STYLE('',(#9377));
#9377 = FILL_AREA_STYLE_COLOUR('',#9054);
#9378 = OVER_RIDING_STYLED_ITEM('overriding color',(#9379),#2933,#9037);
#9379 = PRESENTATION_STYLE_ASSIGNMENT((#9380));
#9380 = SURFACE_STYLE_USAGE(.BOTH.,#9381);
#9381 = SURFACE_SIDE_STYLE('',(#9382));
#9382 = SURFACE_STYLE_FILL_AREA(#9383);
#9383 = FILL_AREA_STYLE('',(#9384));
#9384 = FILL_AREA_STYLE_COLOUR('',#9054);
#9385 = OVER_RIDING_STYLED_ITEM('overriding color',(#9386),#2956,#9037);
#9386 = PRESENTATION_STYLE_ASSIGNMENT((#9387));
#9387 = SURFACE_STYLE_USAGE(.BOTH.,#9388);
#9388 = SURFACE_SIDE_STYLE('',(#9389));
#9389 = SURFACE_STYLE_FILL_AREA(#9390);
#9390 = FILL_AREA_STYLE('',(#9391));
#9391 = FILL_AREA_STYLE_COLOUR('',#9054);
#9392 = OVER_RIDING_STYLED_ITEM('overriding color',(#9393),#2972,#9037);
#9393 = PRESENTATION_STYLE_ASSIGNMENT((#9394));
#9394 = SURFACE_STYLE_USAGE(.BOTH.,#9395);
#9395 = SURFACE_SIDE_STYLE('',(#9396));
#9396 = SURFACE_STYLE_FILL_AREA(#9397);
#9397 = FILL_AREA_STYLE('',(#9398));
#9398 = FILL_AREA_STYLE_COLOUR('',#9054);
#9399 = OVER_RIDING_STYLED_ITEM('overriding color',(#9400),#2984,#9037);
#9400 = PRESENTATION_STYLE_ASSIGNMENT((#9401));
#9401 = SURFACE_STYLE_USAGE(.BOTH.,#9402);
#9402 = SURFACE_SIDE_STYLE('',(#9403));
#9403 = SURFACE_STYLE_FILL_AREA(#9404);
#9404 = FILL_AREA_STYLE('',(#9405));
#9405 = FILL_AREA_STYLE_COLOUR('',#9054);
#9406 = OVER_RIDING_STYLED_ITEM('overriding color',(#9407),#3012,#9037);
#9407 = PRESENTATION_STYLE_ASSIGNMENT((#9408));
#9408 = SURFACE_STYLE_USAGE(.BOTH.,#9409);
#9409 = SURFACE_SIDE_STYLE('',(#9410));
#9410 = SURFACE_STYLE_FILL_AREA(#9411);
#9411 = FILL_AREA_STYLE('',(#9412));
#9412 = FILL_AREA_STYLE_COLOUR('',#9054);
#9413 = OVER_RIDING_STYLED_ITEM('overriding color',(#9414),#3041,#9037);
#9414 = PRESENTATION_STYLE_ASSIGNMENT((#9415));
#9415 = SURFACE_STYLE_USAGE(.BOTH.,#9416);
#9416 = SURFACE_SIDE_STYLE('',(#9417));
#9417 = SURFACE_STYLE_FILL_AREA(#9418);
#9418 = FILL_AREA_STYLE('',(#9419));
#9419 = FILL_AREA_STYLE_COLOUR('',#9054);
#9420 = OVER_RIDING_STYLED_ITEM('overriding color',(#9421),#3063,#9037);
#9421 = PRESENTATION_STYLE_ASSIGNMENT((#9422));
#9422 = SURFACE_STYLE_USAGE(.BOTH.,#9423);
#9423 = SURFACE_SIDE_STYLE('',(#9424));
#9424 = SURFACE_STYLE_FILL_AREA(#9425);
#9425 = FILL_AREA_STYLE('',(#9426));
#9426 = FILL_AREA_STYLE_COLOUR('',#9054);
#9427 = OVER_RIDING_STYLED_ITEM('overriding color',(#9428),#3086,#9037);
#9428 = PRESENTATION_STYLE_ASSIGNMENT((#9429));
#9429 = SURFACE_STYLE_USAGE(.BOTH.,#9430);
#9430 = SURFACE_SIDE_STYLE('',(#9431));
#9431 = SURFACE_STYLE_FILL_AREA(#9432);
#9432 = FILL_AREA_STYLE('',(#9433));
#9433 = FILL_AREA_STYLE_COLOUR('',#9054);
#9434 = OVER_RIDING_STYLED_ITEM('overriding color',(#9435),#3102,#9037);
#9435 = PRESENTATION_STYLE_ASSIGNMENT((#9436));
#9436 = SURFACE_STYLE_USAGE(.BOTH.,#9437);
#9437 = SURFACE_SIDE_STYLE('',(#9438));
#9438 = SURFACE_STYLE_FILL_AREA(#9439);
#9439 = FILL_AREA_STYLE('',(#9440));
#9440 = FILL_AREA_STYLE_COLOUR('',#9054);
#9441 = OVER_RIDING_STYLED_ITEM('overriding color',(#9442),#3114,#9037);
#9442 = PRESENTATION_STYLE_ASSIGNMENT((#9443));
#9443 = SURFACE_STYLE_USAGE(.BOTH.,#9444);
#9444 = SURFACE_SIDE_STYLE('',(#9445));
#9445 = SURFACE_STYLE_FILL_AREA(#9446);
#9446 = FILL_AREA_STYLE('',(#9447));
#9447 = FILL_AREA_STYLE_COLOUR('',#9054);
#9448 = OVER_RIDING_STYLED_ITEM('overriding color',(#9449),#3137,#9037);
#9449 = PRESENTATION_STYLE_ASSIGNMENT((#9450));
#9450 = SURFACE_STYLE_USAGE(.BOTH.,#9451);
#9451 = SURFACE_SIDE_STYLE('',(#9452));
#9452 = SURFACE_STYLE_FILL_AREA(#9453);
#9453 = FILL_AREA_STYLE('',(#9454));
#9454 = FILL_AREA_STYLE_COLOUR('',#9054);
#9455 = OVER_RIDING_STYLED_ITEM('overriding color',(#9456),#3160,#9037);
#9456 = PRESENTATION_STYLE_ASSIGNMENT((#9457));
#9457 = SURFACE_STYLE_USAGE(.BOTH.,#9458);
#9458 = SURFACE_SIDE_STYLE('',(#9459));
#9459 = SURFACE_STYLE_FILL_AREA(#9460);
#9460 = FILL_AREA_STYLE('',(#9461));
#9461 = FILL_AREA_STYLE_COLOUR('',#9054);
#9462 = OVER_RIDING_STYLED_ITEM('overriding color',(#9463),#3189,#9037);
#9463 = PRESENTATION_STYLE_ASSIGNMENT((#9464));
#9464 = SURFACE_STYLE_USAGE(.BOTH.,#9465);
#9465 = SURFACE_SIDE_STYLE('',(#9466));
#9466 = SURFACE_STYLE_FILL_AREA(#9467);
#9467 = FILL_AREA_STYLE('',(#9468));
#9468 = FILL_AREA_STYLE_COLOUR('',#9469);
#9469 = COLOUR_RGB('',1.,0.501960785193,1.);
#9470 = OVER_RIDING_STYLED_ITEM('overriding color',(#9471),#3221,#9037);
#9471 = PRESENTATION_STYLE_ASSIGNMENT((#9472));
#9472 = SURFACE_STYLE_USAGE(.BOTH.,#9473);
#9473 = SURFACE_SIDE_STYLE('',(#9474));
#9474 = SURFACE_STYLE_FILL_AREA(#9475);
#9475 = FILL_AREA_STYLE('',(#9476));
#9476 = FILL_AREA_STYLE_COLOUR('',#9469);
#9477 = OVER_RIDING_STYLED_ITEM('overriding color',(#9478),#3237,#9037);
#9478 = PRESENTATION_STYLE_ASSIGNMENT((#9479));
#9479 = SURFACE_STYLE_USAGE(.BOTH.,#9480);
#9480 = SURFACE_SIDE_STYLE('',(#9481));
#9481 = SURFACE_STYLE_FILL_AREA(#9482);
#9482 = FILL_AREA_STYLE('',(#9483));
#9483 = FILL_AREA_STYLE_COLOUR('',#9469);
#9484 = OVER_RIDING_STYLED_ITEM('overriding color',(#9485),#3247,#9037);
#9485 = PRESENTATION_STYLE_ASSIGNMENT((#9486));
#9486 = SURFACE_STYLE_USAGE(.BOTH.,#9487);
#9487 = SURFACE_SIDE_STYLE('',(#9488));
#9488 = SURFACE_STYLE_FILL_AREA(#9489);
#9489 = FILL_AREA_STYLE('',(#9490));
#9490 = FILL_AREA_STYLE_COLOUR('',#9491);
#9491 = COLOUR_RGB('',0.647058827698,0.619607835287,0.588235291739);
#9492 = OVER_RIDING_STYLED_ITEM('overriding color',(#9493),#3275,#9037);
#9493 = PRESENTATION_STYLE_ASSIGNMENT((#9494));
#9494 = SURFACE_STYLE_USAGE(.BOTH.,#9495);
#9495 = SURFACE_SIDE_STYLE('',(#9496));
#9496 = SURFACE_STYLE_FILL_AREA(#9497);
#9497 = FILL_AREA_STYLE('',(#9498));
#9498 = FILL_AREA_STYLE_COLOUR('',#9491);
#9499 = OVER_RIDING_STYLED_ITEM('overriding color',(#9500),#3297,#9037);
#9500 = PRESENTATION_STYLE_ASSIGNMENT((#9501));
#9501 = SURFACE_STYLE_USAGE(.BOTH.,#9502);
#9502 = SURFACE_SIDE_STYLE('',(#9503));
#9503 = SURFACE_STYLE_FILL_AREA(#9504);
#9504 = FILL_AREA_STYLE('',(#9505));
#9505 = FILL_AREA_STYLE_COLOUR('',#9491);
#9506 = OVER_RIDING_STYLED_ITEM('overriding color',(#9507),#3319,#9037);
#9507 = PRESENTATION_STYLE_ASSIGNMENT((#9508));
#9508 = SURFACE_STYLE_USAGE(.BOTH.,#9509);
#9509 = SURFACE_SIDE_STYLE('',(#9510));
#9510 = SURFACE_STYLE_FILL_AREA(#9511);
#9511 = FILL_AREA_STYLE('',(#9512));
#9512 = FILL_AREA_STYLE_COLOUR('',#9491);
#9513 = OVER_RIDING_STYLED_ITEM('overriding color',(#9514),#3341,#9037);
#9514 = PRESENTATION_STYLE_ASSIGNMENT((#9515));
#9515 = SURFACE_STYLE_USAGE(.BOTH.,#9516);
#9516 = SURFACE_SIDE_STYLE('',(#9517));
#9517 = SURFACE_STYLE_FILL_AREA(#9518);
#9518 = FILL_AREA_STYLE('',(#9519));
#9519 = FILL_AREA_STYLE_COLOUR('',#9491);
#9520 = OVER_RIDING_STYLED_ITEM('overriding color',(#9521),#3363,#9037);
#9521 = PRESENTATION_STYLE_ASSIGNMENT((#9522));
#9522 = SURFACE_STYLE_USAGE(.BOTH.,#9523);
#9523 = SURFACE_SIDE_STYLE('',(#9524));
#9524 = SURFACE_STYLE_FILL_AREA(#9525);
#9525 = FILL_AREA_STYLE('',(#9526));
#9526 = FILL_AREA_STYLE_COLOUR('',#9491);
#9527 = OVER_RIDING_STYLED_ITEM('overriding color',(#9528),#3379,#9037);
#9528 = PRESENTATION_STYLE_ASSIGNMENT((#9529));
#9529 = SURFACE_STYLE_USAGE(.BOTH.,#9530);
#9530 = SURFACE_SIDE_STYLE('',(#9531));
#9531 = SURFACE_STYLE_FILL_AREA(#9532);
#9532 = FILL_AREA_STYLE('',(#9533));
#9533 = FILL_AREA_STYLE_COLOUR('',#9491);
#9534 = OVER_RIDING_STYLED_ITEM('overriding color',(#9535),#3393,#9037);
#9535 = PRESENTATION_STYLE_ASSIGNMENT((#9536));
#9536 = SURFACE_STYLE_USAGE(.BOTH.,#9537);
#9537 = SURFACE_SIDE_STYLE('',(#9538));
#9538 = SURFACE_STYLE_FILL_AREA(#9539);
#9539 = FILL_AREA_STYLE('',(#9540));
#9540 = FILL_AREA_STYLE_COLOUR('',#9491);
#9541 = OVER_RIDING_STYLED_ITEM('overriding color',(#9542),#3427,#9037);
#9542 = PRESENTATION_STYLE_ASSIGNMENT((#9543));
#9543 = SURFACE_STYLE_USAGE(.BOTH.,#9544);
#9544 = SURFACE_SIDE_STYLE('',(#9545));
#9545 = SURFACE_STYLE_FILL_AREA(#9546);
#9546 = FILL_AREA_STYLE('',(#9547));
#9547 = FILL_AREA_STYLE_COLOUR('',#9491);
#9548 = OVER_RIDING_STYLED_ITEM('overriding color',(#9549),#3449,#9037);
#9549 = PRESENTATION_STYLE_ASSIGNMENT((#9550));
#9550 = SURFACE_STYLE_USAGE(.BOTH.,#9551);
#9551 = SURFACE_SIDE_STYLE('',(#9552));
#9552 = SURFACE_STYLE_FILL_AREA(#9553);
#9553 = FILL_AREA_STYLE('',(#9554));
#9554 = FILL_AREA_STYLE_COLOUR('',#9491);
#9555 = OVER_RIDING_STYLED_ITEM('overriding color',(#9556),#3477,#9037);
#9556 = PRESENTATION_STYLE_ASSIGNMENT((#9557));
#9557 = SURFACE_STYLE_USAGE(.BOTH.,#9558);
#9558 = SURFACE_SIDE_STYLE('',(#9559));
#9559 = SURFACE_STYLE_FILL_AREA(#9560);
#9560 = FILL_AREA_STYLE('',(#9561));
#9561 = FILL_AREA_STYLE_COLOUR('',#9491);
#9562 = OVER_RIDING_STYLED_ITEM('overriding color',(#9563),#3505,#9037);
#9563 = PRESENTATION_STYLE_ASSIGNMENT((#9564));
#9564 = SURFACE_STYLE_USAGE(.BOTH.,#9565);
#9565 = SURFACE_SIDE_STYLE('',(#9566));
#9566 = SURFACE_STYLE_FILL_AREA(#9567);
#9567 = FILL_AREA_STYLE('',(#9568));
#9568 = FILL_AREA_STYLE_COLOUR('',#9491);
#9569 = OVER_RIDING_STYLED_ITEM('overriding color',(#9570),#3533,#9037);
#9570 = PRESENTATION_STYLE_ASSIGNMENT((#9571));
#9571 = SURFACE_STYLE_USAGE(.BOTH.,#9572);
#9572 = SURFACE_SIDE_STYLE('',(#9573));
#9573 = SURFACE_STYLE_FILL_AREA(#9574);
#9574 = FILL_AREA_STYLE('',(#9575));
#9575 = FILL_AREA_STYLE_COLOUR('',#9491);
#9576 = OVER_RIDING_STYLED_ITEM('overriding color',(#9577),#3561,#9037);
#9577 = PRESENTATION_STYLE_ASSIGNMENT((#9578));
#9578 = SURFACE_STYLE_USAGE(.BOTH.,#9579);
#9579 = SURFACE_SIDE_STYLE('',(#9580));
#9580 = SURFACE_STYLE_FILL_AREA(#9581);
#9581 = FILL_AREA_STYLE('',(#9582));
#9582 = FILL_AREA_STYLE_COLOUR('',#9491);
#9583 = OVER_RIDING_STYLED_ITEM('overriding color',(#9584),#3589,#9037);
#9584 = PRESENTATION_STYLE_ASSIGNMENT((#9585));
#9585 = SURFACE_STYLE_USAGE(.BOTH.,#9586);
#9586 = SURFACE_SIDE_STYLE('',(#9587));
#9587 = SURFACE_STYLE_FILL_AREA(#9588);
#9588 = FILL_AREA_STYLE('',(#9589));
#9589 = FILL_AREA_STYLE_COLOUR('',#9491);
#9590 = OVER_RIDING_STYLED_ITEM('overriding color',(#9591),#3617,#9037);
#9591 = PRESENTATION_STYLE_ASSIGNMENT((#9592));
#9592 = SURFACE_STYLE_USAGE(.BOTH.,#9593);
#9593 = SURFACE_SIDE_STYLE('',(#9594));
#9594 = SURFACE_STYLE_FILL_AREA(#9595);
#9595 = FILL_AREA_STYLE('',(#9596));
#9596 = FILL_AREA_STYLE_COLOUR('',#9491);
#9597 = OVER_RIDING_STYLED_ITEM('overriding color',(#9598),#3639,#9037);
#9598 = PRESENTATION_STYLE_ASSIGNMENT((#9599));
#9599 = SURFACE_STYLE_USAGE(.BOTH.,#9600);
#9600 = SURFACE_SIDE_STYLE('',(#9601));
#9601 = SURFACE_STYLE_FILL_AREA(#9602);
#9602 = FILL_AREA_STYLE('',(#9603));
#9603 = FILL_AREA_STYLE_COLOUR('',#9491);
#9604 = OVER_RIDING_STYLED_ITEM('overriding color',(#9605),#3667,#9037);
#9605 = PRESENTATION_STYLE_ASSIGNMENT((#9606));
#9606 = SURFACE_STYLE_USAGE(.BOTH.,#9607);
#9607 = SURFACE_SIDE_STYLE('',(#9608));
#9608 = SURFACE_STYLE_FILL_AREA(#9609);
#9609 = FILL_AREA_STYLE('',(#9610));
#9610 = FILL_AREA_STYLE_COLOUR('',#9491);
#9611 = OVER_RIDING_STYLED_ITEM('overriding color',(#9612),#3695,#9037);
#9612 = PRESENTATION_STYLE_ASSIGNMENT((#9613));
#9613 = SURFACE_STYLE_USAGE(.BOTH.,#9614);
#9614 = SURFACE_SIDE_STYLE('',(#9615));
#9615 = SURFACE_STYLE_FILL_AREA(#9616);
#9616 = FILL_AREA_STYLE('',(#9617));
#9617 = FILL_AREA_STYLE_COLOUR('',#9491);
#9618 = OVER_RIDING_STYLED_ITEM('overriding color',(#9619),#3723,#9037);
#9619 = PRESENTATION_STYLE_ASSIGNMENT((#9620));
#9620 = SURFACE_STYLE_USAGE(.BOTH.,#9621);
#9621 = SURFACE_SIDE_STYLE('',(#9622));
#9622 = SURFACE_STYLE_FILL_AREA(#9623);
#9623 = FILL_AREA_STYLE('',(#9624));
#9624 = FILL_AREA_STYLE_COLOUR('',#9491);
#9625 = OVER_RIDING_STYLED_ITEM('overriding color',(#9626),#3751,#9037);
#9626 = PRESENTATION_STYLE_ASSIGNMENT((#9627));
#9627 = SURFACE_STYLE_USAGE(.BOTH.,#9628);
#9628 = SURFACE_SIDE_STYLE('',(#9629));
#9629 = SURFACE_STYLE_FILL_AREA(#9630);
#9630 = FILL_AREA_STYLE('',(#9631));
#9631 = FILL_AREA_STYLE_COLOUR('',#9491);
#9632 = OVER_RIDING_STYLED_ITEM('overriding color',(#9633),#3773,#9037);
#9633 = PRESENTATION_STYLE_ASSIGNMENT((#9634));
#9634 = SURFACE_STYLE_USAGE(.BOTH.,#9635);
#9635 = SURFACE_SIDE_STYLE('',(#9636));
#9636 = SURFACE_STYLE_FILL_AREA(#9637);
#9637 = FILL_AREA_STYLE('',(#9638));
#9638 = FILL_AREA_STYLE_COLOUR('',#9491);
#9639 = OVER_RIDING_STYLED_ITEM('overriding color',(#9640),#3795,#9037);
#9640 = PRESENTATION_STYLE_ASSIGNMENT((#9641));
#9641 = SURFACE_STYLE_USAGE(.BOTH.,#9642);
#9642 = SURFACE_SIDE_STYLE('',(#9643));
#9643 = SURFACE_STYLE_FILL_AREA(#9644);
#9644 = FILL_AREA_STYLE('',(#9645));
#9645 = FILL_AREA_STYLE_COLOUR('',#9491);
#9646 = OVER_RIDING_STYLED_ITEM('overriding color',(#9647),#3823,#9037);
#9647 = PRESENTATION_STYLE_ASSIGNMENT((#9648));
#9648 = SURFACE_STYLE_USAGE(.BOTH.,#9649);
#9649 = SURFACE_SIDE_STYLE('',(#9650));
#9650 = SURFACE_STYLE_FILL_AREA(#9651);
#9651 = FILL_AREA_STYLE('',(#9652));
#9652 = FILL_AREA_STYLE_COLOUR('',#9491);
#9653 = OVER_RIDING_STYLED_ITEM('overriding color',(#9654),#3845,#9037);
#9654 = PRESENTATION_STYLE_ASSIGNMENT((#9655));
#9655 = SURFACE_STYLE_USAGE(.BOTH.,#9656);
#9656 = SURFACE_SIDE_STYLE('',(#9657));
#9657 = SURFACE_STYLE_FILL_AREA(#9658);
#9658 = FILL_AREA_STYLE('',(#9659));
#9659 = FILL_AREA_STYLE_COLOUR('',#9491);
#9660 = OVER_RIDING_STYLED_ITEM('overriding color',(#9661),#3867,#9037);
#9661 = PRESENTATION_STYLE_ASSIGNMENT((#9662));
#9662 = SURFACE_STYLE_USAGE(.BOTH.,#9663);
#9663 = SURFACE_SIDE_STYLE('',(#9664));
#9664 = SURFACE_STYLE_FILL_AREA(#9665);
#9665 = FILL_AREA_STYLE('',(#9666));
#9666 = FILL_AREA_STYLE_COLOUR('',#9491);
#9667 = OVER_RIDING_STYLED_ITEM('overriding color',(#9668),#3889,#9037);
#9668 = PRESENTATION_STYLE_ASSIGNMENT((#9669));
#9669 = SURFACE_STYLE_USAGE(.BOTH.,#9670);
#9670 = SURFACE_SIDE_STYLE('',(#9671));
#9671 = SURFACE_STYLE_FILL_AREA(#9672);
#9672 = FILL_AREA_STYLE('',(#9673));
#9673 = FILL_AREA_STYLE_COLOUR('',#9491);
#9674 = OVER_RIDING_STYLED_ITEM('overriding color',(#9675),#3911,#9037);
#9675 = PRESENTATION_STYLE_ASSIGNMENT((#9676));
#9676 = SURFACE_STYLE_USAGE(.BOTH.,#9677);
#9677 = SURFACE_SIDE_STYLE('',(#9678));
#9678 = SURFACE_STYLE_FILL_AREA(#9679);
#9679 = FILL_AREA_STYLE('',(#9680));
#9680 = FILL_AREA_STYLE_COLOUR('',#9491);
#9681 = OVER_RIDING_STYLED_ITEM('overriding color',(#9682),#3933,#9037);
#9682 = PRESENTATION_STYLE_ASSIGNMENT((#9683));
#9683 = SURFACE_STYLE_USAGE(.BOTH.,#9684);
#9684 = SURFACE_SIDE_STYLE('',(#9685));
#9685 = SURFACE_STYLE_FILL_AREA(#9686);
#9686 = FILL_AREA_STYLE('',(#9687));
#9687 = FILL_AREA_STYLE_COLOUR('',#9491);
#9688 = OVER_RIDING_STYLED_ITEM('overriding color',(#9689),#3955,#9037);
#9689 = PRESENTATION_STYLE_ASSIGNMENT((#9690));
#9690 = SURFACE_STYLE_USAGE(.BOTH.,#9691);
#9691 = SURFACE_SIDE_STYLE('',(#9692));
#9692 = SURFACE_STYLE_FILL_AREA(#9693);
#9693 = FILL_AREA_STYLE('',(#9694));
#9694 = FILL_AREA_STYLE_COLOUR('',#9491);
#9695 = OVER_RIDING_STYLED_ITEM('overriding color',(#9696),#3977,#9037);
#9696 = PRESENTATION_STYLE_ASSIGNMENT((#9697));
#9697 = SURFACE_STYLE_USAGE(.BOTH.,#9698);
#9698 = SURFACE_SIDE_STYLE('',(#9699));
#9699 = SURFACE_STYLE_FILL_AREA(#9700);
#9700 = FILL_AREA_STYLE('',(#9701));
#9701 = FILL_AREA_STYLE_COLOUR('',#9491);
#9702 = OVER_RIDING_STYLED_ITEM('overriding color',(#9703),#3999,#9037);
#9703 = PRESENTATION_STYLE_ASSIGNMENT((#9704));
#9704 = SURFACE_STYLE_USAGE(.BOTH.,#9705);
#9705 = SURFACE_SIDE_STYLE('',(#9706));
#9706 = SURFACE_STYLE_FILL_AREA(#9707);
#9707 = FILL_AREA_STYLE('',(#9708));
#9708 = FILL_AREA_STYLE_COLOUR('',#9491);
#9709 = OVER_RIDING_STYLED_ITEM('overriding color',(#9710),#4021,#9037);
#9710 = PRESENTATION_STYLE_ASSIGNMENT((#9711));
#9711 = SURFACE_STYLE_USAGE(.BOTH.,#9712);
#9712 = SURFACE_SIDE_STYLE('',(#9713));
#9713 = SURFACE_STYLE_FILL_AREA(#9714);
#9714 = FILL_AREA_STYLE('',(#9715));
#9715 = FILL_AREA_STYLE_COLOUR('',#9491);
#9716 = OVER_RIDING_STYLED_ITEM('overriding color',(#9717),#4043,#9037);
#9717 = PRESENTATION_STYLE_ASSIGNMENT((#9718));
#9718 = SURFACE_STYLE_USAGE(.BOTH.,#9719);
#9719 = SURFACE_SIDE_STYLE('',(#9720));
#9720 = SURFACE_STYLE_FILL_AREA(#9721);
#9721 = FILL_AREA_STYLE('',(#9722));
#9722 = FILL_AREA_STYLE_COLOUR('',#9491);
#9723 = OVER_RIDING_STYLED_ITEM('overriding color',(#9724),#4059,#9037);
#9724 = PRESENTATION_STYLE_ASSIGNMENT((#9725));
#9725 = SURFACE_STYLE_USAGE(.BOTH.,#9726);
#9726 = SURFACE_SIDE_STYLE('',(#9727));
#9727 = SURFACE_STYLE_FILL_AREA(#9728);
#9728 = FILL_AREA_STYLE('',(#9729));
#9729 = FILL_AREA_STYLE_COLOUR('',#9491);
#9730 = OVER_RIDING_STYLED_ITEM('overriding color',(#9731),#4079,#9037);
#9731 = PRESENTATION_STYLE_ASSIGNMENT((#9732));
#9732 = SURFACE_STYLE_USAGE(.BOTH.,#9733);
#9733 = SURFACE_SIDE_STYLE('',(#9734));
#9734 = SURFACE_STYLE_FILL_AREA(#9735);
#9735 = FILL_AREA_STYLE('',(#9736));
#9736 = FILL_AREA_STYLE_COLOUR('',#9491);
#9737 = OVER_RIDING_STYLED_ITEM('overriding color',(#9738),#4203,#9037);
#9738 = PRESENTATION_STYLE_ASSIGNMENT((#9739));
#9739 = SURFACE_STYLE_USAGE(.BOTH.,#9740);
#9740 = SURFACE_SIDE_STYLE('',(#9741));
#9741 = SURFACE_STYLE_FILL_AREA(#9742);
#9742 = FILL_AREA_STYLE('',(#9743));
#9743 = FILL_AREA_STYLE_COLOUR('',#9491);
#9744 = OVER_RIDING_STYLED_ITEM('overriding color',(#9745),#4223,#9037);
#9745 = PRESENTATION_STYLE_ASSIGNMENT((#9746));
#9746 = SURFACE_STYLE_USAGE(.BOTH.,#9747);
#9747 = SURFACE_SIDE_STYLE('',(#9748));
#9748 = SURFACE_STYLE_FILL_AREA(#9749);
#9749 = FILL_AREA_STYLE('',(#9750));
#9750 = FILL_AREA_STYLE_COLOUR('',#9491);
#9751 = OVER_RIDING_STYLED_ITEM('overriding color',(#9752),#4243,#9037);
#9752 = PRESENTATION_STYLE_ASSIGNMENT((#9753));
#9753 = SURFACE_STYLE_USAGE(.BOTH.,#9754);
#9754 = SURFACE_SIDE_STYLE('',(#9755));
#9755 = SURFACE_STYLE_FILL_AREA(#9756);
#9756 = FILL_AREA_STYLE('',(#9757));
#9757 = FILL_AREA_STYLE_COLOUR('',#9491);
#9758 = OVER_RIDING_STYLED_ITEM('overriding color',(#9759),#4263,#9037);
#9759 = PRESENTATION_STYLE_ASSIGNMENT((#9760));
#9760 = SURFACE_STYLE_USAGE(.BOTH.,#9761);
#9761 = SURFACE_SIDE_STYLE('',(#9762));
#9762 = SURFACE_STYLE_FILL_AREA(#9763);
#9763 = FILL_AREA_STYLE('',(#9764));
#9764 = FILL_AREA_STYLE_COLOUR('',#9491);
#9765 = OVER_RIDING_STYLED_ITEM('overriding color',(#9766),#4283,#9037);
#9766 = PRESENTATION_STYLE_ASSIGNMENT((#9767));
#9767 = SURFACE_STYLE_USAGE(.BOTH.,#9768);
#9768 = SURFACE_SIDE_STYLE('',(#9769));
#9769 = SURFACE_STYLE_FILL_AREA(#9770);
#9770 = FILL_AREA_STYLE('',(#9771));
#9771 = FILL_AREA_STYLE_COLOUR('',#9491);
#9772 = OVER_RIDING_STYLED_ITEM('overriding color',(#9773),#4303,#9037);
#9773 = PRESENTATION_STYLE_ASSIGNMENT((#9774));
#9774 = SURFACE_STYLE_USAGE(.BOTH.,#9775);
#9775 = SURFACE_SIDE_STYLE('',(#9776));
#9776 = SURFACE_STYLE_FILL_AREA(#9777);
#9777 = FILL_AREA_STYLE('',(#9778));
#9778 = FILL_AREA_STYLE_COLOUR('',#9491);
#9779 = OVER_RIDING_STYLED_ITEM('overriding color',(#9780),#4319,#9037);
#9780 = PRESENTATION_STYLE_ASSIGNMENT((#9781));
#9781 = SURFACE_STYLE_USAGE(.BOTH.,#9782);
#9782 = SURFACE_SIDE_STYLE('',(#9783));
#9783 = SURFACE_STYLE_FILL_AREA(#9784);
#9784 = FILL_AREA_STYLE('',(#9785));
#9785 = FILL_AREA_STYLE_COLOUR('',#9491);
#9786 = OVER_RIDING_STYLED_ITEM('overriding color',(#9787),#4331,#9037);
#9787 = PRESENTATION_STYLE_ASSIGNMENT((#9788));
#9788 = SURFACE_STYLE_USAGE(.BOTH.,#9789);
#9789 = SURFACE_SIDE_STYLE('',(#9790));
#9790 = SURFACE_STYLE_FILL_AREA(#9791);
#9791 = FILL_AREA_STYLE('',(#9792));
#9792 = FILL_AREA_STYLE_COLOUR('',#9491);
#9793 = OVER_RIDING_STYLED_ITEM('overriding color',(#9794),#4359,#9037);
#9794 = PRESENTATION_STYLE_ASSIGNMENT((#9795));
#9795 = SURFACE_STYLE_USAGE(.BOTH.,#9796);
#9796 = SURFACE_SIDE_STYLE('',(#9797));
#9797 = SURFACE_STYLE_FILL_AREA(#9798);
#9798 = FILL_AREA_STYLE('',(#9799));
#9799 = FILL_AREA_STYLE_COLOUR('',#9491);
#9800 = OVER_RIDING_STYLED_ITEM('overriding color',(#9801),#4381,#9037);
#9801 = PRESENTATION_STYLE_ASSIGNMENT((#9802));
#9802 = SURFACE_STYLE_USAGE(.BOTH.,#9803);
#9803 = SURFACE_SIDE_STYLE('',(#9804));
#9804 = SURFACE_STYLE_FILL_AREA(#9805);
#9805 = FILL_AREA_STYLE('',(#9806));
#9806 = FILL_AREA_STYLE_COLOUR('',#9491);
#9807 = OVER_RIDING_STYLED_ITEM('overriding color',(#9808),#4403,#9037);
#9808 = PRESENTATION_STYLE_ASSIGNMENT((#9809));
#9809 = SURFACE_STYLE_USAGE(.BOTH.,#9810);
#9810 = SURFACE_SIDE_STYLE('',(#9811));
#9811 = SURFACE_STYLE_FILL_AREA(#9812);
#9812 = FILL_AREA_STYLE('',(#9813));
#9813 = FILL_AREA_STYLE_COLOUR('',#9491);
#9814 = OVER_RIDING_STYLED_ITEM('overriding color',(#9815),#4431,#9037);
#9815 = PRESENTATION_STYLE_ASSIGNMENT((#9816));
#9816 = SURFACE_STYLE_USAGE(.BOTH.,#9817);
#9817 = SURFACE_SIDE_STYLE('',(#9818));
#9818 = SURFACE_STYLE_FILL_AREA(#9819);
#9819 = FILL_AREA_STYLE('',(#9820));
#9820 = FILL_AREA_STYLE_COLOUR('',#9491);
#9821 = OVER_RIDING_STYLED_ITEM('overriding color',(#9822),#4459,#9037);
#9822 = PRESENTATION_STYLE_ASSIGNMENT((#9823));
#9823 = SURFACE_STYLE_USAGE(.BOTH.,#9824);
#9824 = SURFACE_SIDE_STYLE('',(#9825));
#9825 = SURFACE_STYLE_FILL_AREA(#9826);
#9826 = FILL_AREA_STYLE('',(#9827));
#9827 = FILL_AREA_STYLE_COLOUR('',#9491);
#9828 = OVER_RIDING_STYLED_ITEM('overriding color',(#9829),#4487,#9037);
#9829 = PRESENTATION_STYLE_ASSIGNMENT((#9830));
#9830 = SURFACE_STYLE_USAGE(.BOTH.,#9831);
#9831 = SURFACE_SIDE_STYLE('',(#9832));
#9832 = SURFACE_STYLE_FILL_AREA(#9833);
#9833 = FILL_AREA_STYLE('',(#9834));
#9834 = FILL_AREA_STYLE_COLOUR('',#9491);
#9835 = OVER_RIDING_STYLED_ITEM('overriding color',(#9836),#4509,#9037);
#9836 = PRESENTATION_STYLE_ASSIGNMENT((#9837));
#9837 = SURFACE_STYLE_USAGE(.BOTH.,#9838);
#9838 = SURFACE_SIDE_STYLE('',(#9839));
#9839 = SURFACE_STYLE_FILL_AREA(#9840);
#9840 = FILL_AREA_STYLE('',(#9841));
#9841 = FILL_AREA_STYLE_COLOUR('',#9111);
#9842 = OVER_RIDING_STYLED_ITEM('overriding color',(#9843),#4524,#9037);
#9843 = PRESENTATION_STYLE_ASSIGNMENT((#9844));
#9844 = SURFACE_STYLE_USAGE(.BOTH.,#9845);
#9845 = SURFACE_SIDE_STYLE('',(#9846));
#9846 = SURFACE_STYLE_FILL_AREA(#9847);
#9847 = FILL_AREA_STYLE('',(#9848));
#9848 = FILL_AREA_STYLE_COLOUR('',#9491);
#9849 = OVER_RIDING_STYLED_ITEM('overriding color',(#9850),#4636,#9037);
#9850 = PRESENTATION_STYLE_ASSIGNMENT((#9851));
#9851 = SURFACE_STYLE_USAGE(.BOTH.,#9852);
#9852 = SURFACE_SIDE_STYLE('',(#9853));
#9853 = SURFACE_STYLE_FILL_AREA(#9854);
#9854 = FILL_AREA_STYLE('',(#9855));
#9855 = FILL_AREA_STYLE_COLOUR('',#9491);
#9856 = OVER_RIDING_STYLED_ITEM('overriding color',(#9857),#4656,#9037);
#9857 = PRESENTATION_STYLE_ASSIGNMENT((#9858));
#9858 = SURFACE_STYLE_USAGE(.BOTH.,#9859);
#9859 = SURFACE_SIDE_STYLE('',(#9860));
#9860 = SURFACE_STYLE_FILL_AREA(#9861);
#9861 = FILL_AREA_STYLE('',(#9862));
#9862 = FILL_AREA_STYLE_COLOUR('',#9491);
#9863 = OVER_RIDING_STYLED_ITEM('overriding color',(#9864),#4672,#9037);
#9864 = PRESENTATION_STYLE_ASSIGNMENT((#9865));
#9865 = SURFACE_STYLE_USAGE(.BOTH.,#9866);
#9866 = SURFACE_SIDE_STYLE('',(#9867));
#9867 = SURFACE_STYLE_FILL_AREA(#9868);
#9868 = FILL_AREA_STYLE('',(#9869));
#9869 = FILL_AREA_STYLE_COLOUR('',#9491);
#9870 = OVER_RIDING_STYLED_ITEM('overriding color',(#9871),#4688,#9037);
#9871 = PRESENTATION_STYLE_ASSIGNMENT((#9872));
#9872 = SURFACE_STYLE_USAGE(.BOTH.,#9873);
#9873 = SURFACE_SIDE_STYLE('',(#9874));
#9874 = SURFACE_STYLE_FILL_AREA(#9875);
#9875 = FILL_AREA_STYLE('',(#9876));
#9876 = FILL_AREA_STYLE_COLOUR('',#9491);
#9877 = OVER_RIDING_STYLED_ITEM('overriding color',(#9878),#4704,#9037);
#9878 = PRESENTATION_STYLE_ASSIGNMENT((#9879));
#9879 = SURFACE_STYLE_USAGE(.BOTH.,#9880);
#9880 = SURFACE_SIDE_STYLE('',(#9881));
#9881 = SURFACE_STYLE_FILL_AREA(#9882);
#9882 = FILL_AREA_STYLE('',(#9883));
#9883 = FILL_AREA_STYLE_COLOUR('',#9491);
#9884 = OVER_RIDING_STYLED_ITEM('overriding color',(#9885),#4720,#9037);
#9885 = PRESENTATION_STYLE_ASSIGNMENT((#9886));
#9886 = SURFACE_STYLE_USAGE(.BOTH.,#9887);
#9887 = SURFACE_SIDE_STYLE('',(#9888));
#9888 = SURFACE_STYLE_FILL_AREA(#9889);
#9889 = FILL_AREA_STYLE('',(#9890));
#9890 = FILL_AREA_STYLE_COLOUR('',#9491);
#9891 = OVER_RIDING_STYLED_ITEM('overriding color',(#9892),#4736,#9037);
#9892 = PRESENTATION_STYLE_ASSIGNMENT((#9893));
#9893 = SURFACE_STYLE_USAGE(.BOTH.,#9894);
#9894 = SURFACE_SIDE_STYLE('',(#9895));
#9895 = SURFACE_STYLE_FILL_AREA(#9896);
#9896 = FILL_AREA_STYLE('',(#9897));
#9897 = FILL_AREA_STYLE_COLOUR('',#9491);
#9898 = OVER_RIDING_STYLED_ITEM('overriding color',(#9899),#4752,#9037);
#9899 = PRESENTATION_STYLE_ASSIGNMENT((#9900));
#9900 = SURFACE_STYLE_USAGE(.BOTH.,#9901);
#9901 = SURFACE_SIDE_STYLE('',(#9902));
#9902 = SURFACE_STYLE_FILL_AREA(#9903);
#9903 = FILL_AREA_STYLE('',(#9904));
#9904 = FILL_AREA_STYLE_COLOUR('',#9491);
#9905 = OVER_RIDING_STYLED_ITEM('overriding color',(#9906),#4764,#9037);
#9906 = PRESENTATION_STYLE_ASSIGNMENT((#9907));
#9907 = SURFACE_STYLE_USAGE(.BOTH.,#9908);
#9908 = SURFACE_SIDE_STYLE('',(#9909));
#9909 = SURFACE_STYLE_FILL_AREA(#9910);
#9910 = FILL_AREA_STYLE('',(#9911));
#9911 = FILL_AREA_STYLE_COLOUR('',#9491);
#9912 = OVER_RIDING_STYLED_ITEM('overriding color',(#9913),#4792,#9037);
#9913 = PRESENTATION_STYLE_ASSIGNMENT((#9914));
#9914 = SURFACE_STYLE_USAGE(.BOTH.,#9915);
#9915 = SURFACE_SIDE_STYLE('',(#9916));
#9916 = SURFACE_STYLE_FILL_AREA(#9917);
#9917 = FILL_AREA_STYLE('',(#9918));
#9918 = FILL_AREA_STYLE_COLOUR('',#9491);
#9919 = OVER_RIDING_STYLED_ITEM('overriding color',(#9920),#4814,#9037);
#9920 = PRESENTATION_STYLE_ASSIGNMENT((#9921));
#9921 = SURFACE_STYLE_USAGE(.BOTH.,#9922);
#9922 = SURFACE_SIDE_STYLE('',(#9923));
#9923 = SURFACE_STYLE_FILL_AREA(#9924);
#9924 = FILL_AREA_STYLE('',(#9925));
#9925 = FILL_AREA_STYLE_COLOUR('',#9491);
#9926 = OVER_RIDING_STYLED_ITEM('overriding color',(#9927),#4842,#9037);
#9927 = PRESENTATION_STYLE_ASSIGNMENT((#9928));
#9928 = SURFACE_STYLE_USAGE(.BOTH.,#9929);
#9929 = SURFACE_SIDE_STYLE('',(#9930));
#9930 = SURFACE_STYLE_FILL_AREA(#9931);
#9931 = FILL_AREA_STYLE('',(#9932));
#9932 = FILL_AREA_STYLE_COLOUR('',#9491);
#9933 = OVER_RIDING_STYLED_ITEM('overriding color',(#9934),#4864,#9037);
#9934 = PRESENTATION_STYLE_ASSIGNMENT((#9935));
#9935 = SURFACE_STYLE_USAGE(.BOTH.,#9936);
#9936 = SURFACE_SIDE_STYLE('',(#9937));
#9937 = SURFACE_STYLE_FILL_AREA(#9938);
#9938 = FILL_AREA_STYLE('',(#9939));
#9939 = FILL_AREA_STYLE_COLOUR('',#9491);
#9940 = OVER_RIDING_STYLED_ITEM('overriding color',(#9941),#4892,#9037);
#9941 = PRESENTATION_STYLE_ASSIGNMENT((#9942));
#9942 = SURFACE_STYLE_USAGE(.BOTH.,#9943);
#9943 = SURFACE_SIDE_STYLE('',(#9944));
#9944 = SURFACE_STYLE_FILL_AREA(#9945);
#9945 = FILL_AREA_STYLE('',(#9946));
#9946 = FILL_AREA_STYLE_COLOUR('',#9491);
#9947 = OVER_RIDING_STYLED_ITEM('overriding color',(#9948),#4908,#9037);
#9948 = PRESENTATION_STYLE_ASSIGNMENT((#9949));
#9949 = SURFACE_STYLE_USAGE(.BOTH.,#9950);
#9950 = SURFACE_SIDE_STYLE('',(#9951));
#9951 = SURFACE_STYLE_FILL_AREA(#9952);
#9952 = FILL_AREA_STYLE('',(#9953));
#9953 = FILL_AREA_STYLE_COLOUR('',#9111);
#9954 = OVER_RIDING_STYLED_ITEM('overriding color',(#9955),#4922,#9037);
#9955 = PRESENTATION_STYLE_ASSIGNMENT((#9956));
#9956 = SURFACE_STYLE_USAGE(.BOTH.,#9957);
#9957 = SURFACE_SIDE_STYLE('',(#9958));
#9958 = SURFACE_STYLE_FILL_AREA(#9959);
#9959 = FILL_AREA_STYLE('',(#9960));
#9960 = FILL_AREA_STYLE_COLOUR('',#9491);
#9961 = OVER_RIDING_STYLED_ITEM('overriding color',(#9962),#4950,#9037);
#9962 = PRESENTATION_STYLE_ASSIGNMENT((#9963));
#9963 = SURFACE_STYLE_USAGE(.BOTH.,#9964);
#9964 = SURFACE_SIDE_STYLE('',(#9965));
#9965 = SURFACE_STYLE_FILL_AREA(#9966);
#9966 = FILL_AREA_STYLE('',(#9967));
#9967 = FILL_AREA_STYLE_COLOUR('',#9491);
#9968 = OVER_RIDING_STYLED_ITEM('overriding color',(#9969),#4972,#9037);
#9969 = PRESENTATION_STYLE_ASSIGNMENT((#9970));
#9970 = SURFACE_STYLE_USAGE(.BOTH.,#9971);
#9971 = SURFACE_SIDE_STYLE('',(#9972));
#9972 = SURFACE_STYLE_FILL_AREA(#9973);
#9973 = FILL_AREA_STYLE('',(#9974));
#9974 = FILL_AREA_STYLE_COLOUR('',#9491);
#9975 = OVER_RIDING_STYLED_ITEM('overriding color',(#9976),#4994,#9037);
#9976 = PRESENTATION_STYLE_ASSIGNMENT((#9977));
#9977 = SURFACE_STYLE_USAGE(.BOTH.,#9978);
#9978 = SURFACE_SIDE_STYLE('',(#9979));
#9979 = SURFACE_STYLE_FILL_AREA(#9980);
#9980 = FILL_AREA_STYLE('',(#9981));
#9981 = FILL_AREA_STYLE_COLOUR('',#9491);
#9982 = OVER_RIDING_STYLED_ITEM('overriding color',(#9983),#5016,#9037);
#9983 = PRESENTATION_STYLE_ASSIGNMENT((#9984));
#9984 = SURFACE_STYLE_USAGE(.BOTH.,#9985);
#9985 = SURFACE_SIDE_STYLE('',(#9986));
#9986 = SURFACE_STYLE_FILL_AREA(#9987);
#9987 = FILL_AREA_STYLE('',(#9988));
#9988 = FILL_AREA_STYLE_COLOUR('',#9491);
#9989 = OVER_RIDING_STYLED_ITEM('overriding color',(#9990),#5038,#9037);
#9990 = PRESENTATION_STYLE_ASSIGNMENT((#9991));
#9991 = SURFACE_STYLE_USAGE(.BOTH.,#9992);
#9992 = SURFACE_SIDE_STYLE('',(#9993));
#9993 = SURFACE_STYLE_FILL_AREA(#9994);
#9994 = FILL_AREA_STYLE('',(#9995));
#9995 = FILL_AREA_STYLE_COLOUR('',#9491);
#9996 = OVER_RIDING_STYLED_ITEM('overriding color',(#9997),#5060,#9037);
#9997 = PRESENTATION_STYLE_ASSIGNMENT((#9998));
#9998 = SURFACE_STYLE_USAGE(.BOTH.,#9999);
#9999 = SURFACE_SIDE_STYLE('',(#10000));
#10000 = SURFACE_STYLE_FILL_AREA(#10001);
#10001 = FILL_AREA_STYLE('',(#10002));
#10002 = FILL_AREA_STYLE_COLOUR('',#9491);
#10003 = OVER_RIDING_STYLED_ITEM('overriding color',(#10004),#5082,#9037
  );
#10004 = PRESENTATION_STYLE_ASSIGNMENT((#10005));
#10005 = SURFACE_STYLE_USAGE(.BOTH.,#10006);
#10006 = SURFACE_SIDE_STYLE('',(#10007));
#10007 = SURFACE_STYLE_FILL_AREA(#10008);
#10008 = FILL_AREA_STYLE('',(#10009));
#10009 = FILL_AREA_STYLE_COLOUR('',#9491);
#10010 = OVER_RIDING_STYLED_ITEM('overriding color',(#10011),#5104,#9037
  );
#10011 = PRESENTATION_STYLE_ASSIGNMENT((#10012));
#10012 = SURFACE_STYLE_USAGE(.BOTH.,#10013);
#10013 = SURFACE_SIDE_STYLE('',(#10014));
#10014 = SURFACE_STYLE_FILL_AREA(#10015);
#10015 = FILL_AREA_STYLE('',(#10016));
#10016 = FILL_AREA_STYLE_COLOUR('',#9491);
#10017 = OVER_RIDING_STYLED_ITEM('overriding color',(#10018),#5126,#9037
  );
#10018 = PRESENTATION_STYLE_ASSIGNMENT((#10019));
#10019 = SURFACE_STYLE_USAGE(.BOTH.,#10020);
#10020 = SURFACE_SIDE_STYLE('',(#10021));
#10021 = SURFACE_STYLE_FILL_AREA(#10022);
#10022 = FILL_AREA_STYLE('',(#10023));
#10023 = FILL_AREA_STYLE_COLOUR('',#9491);
#10024 = OVER_RIDING_STYLED_ITEM('overriding color',(#10025),#5148,#9037
  );
#10025 = PRESENTATION_STYLE_ASSIGNMENT((#10026));
#10026 = SURFACE_STYLE_USAGE(.BOTH.,#10027);
#10027 = SURFACE_SIDE_STYLE('',(#10028));
#10028 = SURFACE_STYLE_FILL_AREA(#10029);
#10029 = FILL_AREA_STYLE('',(#10030));
#10030 = FILL_AREA_STYLE_COLOUR('',#9491);
#10031 = OVER_RIDING_STYLED_ITEM('overriding color',(#10032),#5170,#9037
  );
#10032 = PRESENTATION_STYLE_ASSIGNMENT((#10033));
#10033 = SURFACE_STYLE_USAGE(.BOTH.,#10034);
#10034 = SURFACE_SIDE_STYLE('',(#10035));
#10035 = SURFACE_STYLE_FILL_AREA(#10036);
#10036 = FILL_AREA_STYLE('',(#10037));
#10037 = FILL_AREA_STYLE_COLOUR('',#9491);
#10038 = OVER_RIDING_STYLED_ITEM('overriding color',(#10039),#5186,#9037
  );
#10039 = PRESENTATION_STYLE_ASSIGNMENT((#10040));
#10040 = SURFACE_STYLE_USAGE(.BOTH.,#10041);
#10041 = SURFACE_SIDE_STYLE('',(#10042));
#10042 = SURFACE_STYLE_FILL_AREA(#10043);
#10043 = FILL_AREA_STYLE('',(#10044));
#10044 = FILL_AREA_STYLE_COLOUR('',#9491);
#10045 = OVER_RIDING_STYLED_ITEM('overriding color',(#10046),#5206,#9037
  );
#10046 = PRESENTATION_STYLE_ASSIGNMENT((#10047));
#10047 = SURFACE_STYLE_USAGE(.BOTH.,#10048);
#10048 = SURFACE_SIDE_STYLE('',(#10049));
#10049 = SURFACE_STYLE_FILL_AREA(#10050);
#10050 = FILL_AREA_STYLE('',(#10051));
#10051 = FILL_AREA_STYLE_COLOUR('',#9491);
#10052 = OVER_RIDING_STYLED_ITEM('overriding color',(#10053),#5398,#9037
  );
#10053 = PRESENTATION_STYLE_ASSIGNMENT((#10054));
#10054 = SURFACE_STYLE_USAGE(.BOTH.,#10055);
#10055 = SURFACE_SIDE_STYLE('',(#10056));
#10056 = SURFACE_STYLE_FILL_AREA(#10057);
#10057 = FILL_AREA_STYLE('',(#10058));
#10058 = FILL_AREA_STYLE_COLOUR('',#9491);
#10059 = OVER_RIDING_STYLED_ITEM('overriding color',(#10060),#5422,#9037
  );
#10060 = PRESENTATION_STYLE_ASSIGNMENT((#10061));
#10061 = SURFACE_STYLE_USAGE(.BOTH.,#10062);
#10062 = SURFACE_SIDE_STYLE('',(#10063));
#10063 = SURFACE_STYLE_FILL_AREA(#10064);
#10064 = FILL_AREA_STYLE('',(#10065));
#10065 = FILL_AREA_STYLE_COLOUR('',#9491);
#10066 = OVER_RIDING_STYLED_ITEM('overriding color',(#10067),#5438,#9037
  );
#10067 = PRESENTATION_STYLE_ASSIGNMENT((#10068));
#10068 = SURFACE_STYLE_USAGE(.BOTH.,#10069);
#10069 = SURFACE_SIDE_STYLE('',(#10070));
#10070 = SURFACE_STYLE_FILL_AREA(#10071);
#10071 = FILL_AREA_STYLE('',(#10072));
#10072 = FILL_AREA_STYLE_COLOUR('',#9491);
#10073 = OVER_RIDING_STYLED_ITEM('overriding color',(#10074),#5458,#9037
  );
#10074 = PRESENTATION_STYLE_ASSIGNMENT((#10075));
#10075 = SURFACE_STYLE_USAGE(.BOTH.,#10076);
#10076 = SURFACE_SIDE_STYLE('',(#10077));
#10077 = SURFACE_STYLE_FILL_AREA(#10078);
#10078 = FILL_AREA_STYLE('',(#10079));
#10079 = FILL_AREA_STYLE_COLOUR('',#9491);
#10080 = OVER_RIDING_STYLED_ITEM('overriding color',(#10081),#5478,#9037
  );
#10081 = PRESENTATION_STYLE_ASSIGNMENT((#10082));
#10082 = SURFACE_STYLE_USAGE(.BOTH.,#10083);
#10083 = SURFACE_SIDE_STYLE('',(#10084));
#10084 = SURFACE_STYLE_FILL_AREA(#10085);
#10085 = FILL_AREA_STYLE('',(#10086));
#10086 = FILL_AREA_STYLE_COLOUR('',#9491);
#10087 = OVER_RIDING_STYLED_ITEM('overriding color',(#10088),#5494,#9037
  );
#10088 = PRESENTATION_STYLE_ASSIGNMENT((#10089));
#10089 = SURFACE_STYLE_USAGE(.BOTH.,#10090);
#10090 = SURFACE_SIDE_STYLE('',(#10091));
#10091 = SURFACE_STYLE_FILL_AREA(#10092);
#10092 = FILL_AREA_STYLE('',(#10093));
#10093 = FILL_AREA_STYLE_COLOUR('',#9491);
#10094 = OVER_RIDING_STYLED_ITEM('overriding color',(#10095),#5514,#9037
  );
#10095 = PRESENTATION_STYLE_ASSIGNMENT((#10096));
#10096 = SURFACE_STYLE_USAGE(.BOTH.,#10097);
#10097 = SURFACE_SIDE_STYLE('',(#10098));
#10098 = SURFACE_STYLE_FILL_AREA(#10099);
#10099 = FILL_AREA_STYLE('',(#10100));
#10100 = FILL_AREA_STYLE_COLOUR('',#9491);
#10101 = OVER_RIDING_STYLED_ITEM('overriding color',(#10102),#5534,#9037
  );
#10102 = PRESENTATION_STYLE_ASSIGNMENT((#10103));
#10103 = SURFACE_STYLE_USAGE(.BOTH.,#10104);
#10104 = SURFACE_SIDE_STYLE('',(#10105));
#10105 = SURFACE_STYLE_FILL_AREA(#10106);
#10106 = FILL_AREA_STYLE('',(#10107));
#10107 = FILL_AREA_STYLE_COLOUR('',#9491);
#10108 = OVER_RIDING_STYLED_ITEM('overriding color',(#10109),#5554,#9037
  );
#10109 = PRESENTATION_STYLE_ASSIGNMENT((#10110));
#10110 = SURFACE_STYLE_USAGE(.BOTH.,#10111);
#10111 = SURFACE_SIDE_STYLE('',(#10112));
#10112 = SURFACE_STYLE_FILL_AREA(#10113);
#10113 = FILL_AREA_STYLE('',(#10114));
#10114 = FILL_AREA_STYLE_COLOUR('',#9491);
#10115 = OVER_RIDING_STYLED_ITEM('overriding color',(#10116),#5574,#9037
  );
#10116 = PRESENTATION_STYLE_ASSIGNMENT((#10117));
#10117 = SURFACE_STYLE_USAGE(.BOTH.,#10118);
#10118 = SURFACE_SIDE_STYLE('',(#10119));
#10119 = SURFACE_STYLE_FILL_AREA(#10120);
#10120 = FILL_AREA_STYLE('',(#10121));
#10121 = FILL_AREA_STYLE_COLOUR('',#9491);
#10122 = OVER_RIDING_STYLED_ITEM('overriding color',(#10123),#5590,#9037
  );
#10123 = PRESENTATION_STYLE_ASSIGNMENT((#10124));
#10124 = SURFACE_STYLE_USAGE(.BOTH.,#10125);
#10125 = SURFACE_SIDE_STYLE('',(#10126));
#10126 = SURFACE_STYLE_FILL_AREA(#10127);
#10127 = FILL_AREA_STYLE('',(#10128));
#10128 = FILL_AREA_STYLE_COLOUR('',#9491);
#10129 = OVER_RIDING_STYLED_ITEM('overriding color',(#10130),#5606,#9037
  );
#10130 = PRESENTATION_STYLE_ASSIGNMENT((#10131));
#10131 = SURFACE_STYLE_USAGE(.BOTH.,#10132);
#10132 = SURFACE_SIDE_STYLE('',(#10133));
#10133 = SURFACE_STYLE_FILL_AREA(#10134);
#10134 = FILL_AREA_STYLE('',(#10135));
#10135 = FILL_AREA_STYLE_COLOUR('',#9491);
#10136 = OVER_RIDING_STYLED_ITEM('overriding color',(#10137),#5622,#9037
  );
#10137 = PRESENTATION_STYLE_ASSIGNMENT((#10138));
#10138 = SURFACE_STYLE_USAGE(.BOTH.,#10139);
#10139 = SURFACE_SIDE_STYLE('',(#10140));
#10140 = SURFACE_STYLE_FILL_AREA(#10141);
#10141 = FILL_AREA_STYLE('',(#10142));
#10142 = FILL_AREA_STYLE_COLOUR('',#9491);
#10143 = OVER_RIDING_STYLED_ITEM('overriding color',(#10144),#5638,#9037
  );
#10144 = PRESENTATION_STYLE_ASSIGNMENT((#10145));
#10145 = SURFACE_STYLE_USAGE(.BOTH.,#10146);
#10146 = SURFACE_SIDE_STYLE('',(#10147));
#10147 = SURFACE_STYLE_FILL_AREA(#10148);
#10148 = FILL_AREA_STYLE('',(#10149));
#10149 = FILL_AREA_STYLE_COLOUR('',#9491);
#10150 = OVER_RIDING_STYLED_ITEM('overriding color',(#10151),#5654,#9037
  );
#10151 = PRESENTATION_STYLE_ASSIGNMENT((#10152));
#10152 = SURFACE_STYLE_USAGE(.BOTH.,#10153);
#10153 = SURFACE_SIDE_STYLE('',(#10154));
#10154 = SURFACE_STYLE_FILL_AREA(#10155);
#10155 = FILL_AREA_STYLE('',(#10156));
#10156 = FILL_AREA_STYLE_COLOUR('',#9491);
#10157 = OVER_RIDING_STYLED_ITEM('overriding color',(#10158),#5688,#9037
  );
#10158 = PRESENTATION_STYLE_ASSIGNMENT((#10159));
#10159 = SURFACE_STYLE_USAGE(.BOTH.,#10160);
#10160 = SURFACE_SIDE_STYLE('',(#10161));
#10161 = SURFACE_STYLE_FILL_AREA(#10162);
#10162 = FILL_AREA_STYLE('',(#10163));
#10163 = FILL_AREA_STYLE_COLOUR('',#9491);
#10164 = OVER_RIDING_STYLED_ITEM('overriding color',(#10165),#5716,#9037
  );
#10165 = PRESENTATION_STYLE_ASSIGNMENT((#10166));
#10166 = SURFACE_STYLE_USAGE(.BOTH.,#10167);
#10167 = SURFACE_SIDE_STYLE('',(#10168));
#10168 = SURFACE_STYLE_FILL_AREA(#10169);
#10169 = FILL_AREA_STYLE('',(#10170));
#10170 = FILL_AREA_STYLE_COLOUR('',#9491);
#10171 = OVER_RIDING_STYLED_ITEM('overriding color',(#10172),#5744,#9037
  );
#10172 = PRESENTATION_STYLE_ASSIGNMENT((#10173));
#10173 = SURFACE_STYLE_USAGE(.BOTH.,#10174);
#10174 = SURFACE_SIDE_STYLE('',(#10175));
#10175 = SURFACE_STYLE_FILL_AREA(#10176);
#10176 = FILL_AREA_STYLE('',(#10177));
#10177 = FILL_AREA_STYLE_COLOUR('',#9491);
#10178 = OVER_RIDING_STYLED_ITEM('overriding color',(#10179),#5772,#9037
  );
#10179 = PRESENTATION_STYLE_ASSIGNMENT((#10180));
#10180 = SURFACE_STYLE_USAGE(.BOTH.,#10181);
#10181 = SURFACE_SIDE_STYLE('',(#10182));
#10182 = SURFACE_STYLE_FILL_AREA(#10183);
#10183 = FILL_AREA_STYLE('',(#10184));
#10184 = FILL_AREA_STYLE_COLOUR('',#9491);
#10185 = OVER_RIDING_STYLED_ITEM('overriding color',(#10186),#5800,#9037
  );
#10186 = PRESENTATION_STYLE_ASSIGNMENT((#10187));
#10187 = SURFACE_STYLE_USAGE(.BOTH.,#10188);
#10188 = SURFACE_SIDE_STYLE('',(#10189));
#10189 = SURFACE_STYLE_FILL_AREA(#10190);
#10190 = FILL_AREA_STYLE('',(#10191));
#10191 = FILL_AREA_STYLE_COLOUR('',#9491);
#10192 = OVER_RIDING_STYLED_ITEM('overriding color',(#10193),#5828,#9037
  );
#10193 = PRESENTATION_STYLE_ASSIGNMENT((#10194));
#10194 = SURFACE_STYLE_USAGE(.BOTH.,#10195);
#10195 = SURFACE_SIDE_STYLE('',(#10196));
#10196 = SURFACE_STYLE_FILL_AREA(#10197);
#10197 = FILL_AREA_STYLE('',(#10198));
#10198 = FILL_AREA_STYLE_COLOUR('',#9491);
#10199 = OVER_RIDING_STYLED_ITEM('overriding color',(#10200),#5850,#9037
  );
#10200 = PRESENTATION_STYLE_ASSIGNMENT((#10201));
#10201 = SURFACE_STYLE_USAGE(.BOTH.,#10202);
#10202 = SURFACE_SIDE_STYLE('',(#10203));
#10203 = SURFACE_STYLE_FILL_AREA(#10204);
#10204 = FILL_AREA_STYLE('',(#10205));
#10205 = FILL_AREA_STYLE_COLOUR('',#9491);
#10206 = OVER_RIDING_STYLED_ITEM('overriding color',(#10207),#5866,#9037
  );
#10207 = PRESENTATION_STYLE_ASSIGNMENT((#10208));
#10208 = SURFACE_STYLE_USAGE(.BOTH.,#10209);
#10209 = SURFACE_SIDE_STYLE('',(#10210));
#10210 = SURFACE_STYLE_FILL_AREA(#10211);
#10211 = FILL_AREA_STYLE('',(#10212));
#10212 = FILL_AREA_STYLE_COLOUR('',#9111);
#10213 = OVER_RIDING_STYLED_ITEM('overriding color',(#10214),#5882,#9037
  );
#10214 = PRESENTATION_STYLE_ASSIGNMENT((#10215));
#10215 = SURFACE_STYLE_USAGE(.BOTH.,#10216);
#10216 = SURFACE_SIDE_STYLE('',(#10217));
#10217 = SURFACE_STYLE_FILL_AREA(#10218);
#10218 = FILL_AREA_STYLE('',(#10219));
#10219 = FILL_AREA_STYLE_COLOUR('',#9491);
#10220 = OVER_RIDING_STYLED_ITEM('overriding color',(#10221),#5916,#9037
  );
#10221 = PRESENTATION_STYLE_ASSIGNMENT((#10222));
#10222 = SURFACE_STYLE_USAGE(.BOTH.,#10223);
#10223 = SURFACE_SIDE_STYLE('',(#10224));
#10224 = SURFACE_STYLE_FILL_AREA(#10225);
#10225 = FILL_AREA_STYLE('',(#10226));
#10226 = FILL_AREA_STYLE_COLOUR('',#9491);
#10227 = OVER_RIDING_STYLED_ITEM('overriding color',(#10228),#5938,#9037
  );
#10228 = PRESENTATION_STYLE_ASSIGNMENT((#10229));
#10229 = SURFACE_STYLE_USAGE(.BOTH.,#10230);
#10230 = SURFACE_SIDE_STYLE('',(#10231));
#10231 = SURFACE_STYLE_FILL_AREA(#10232);
#10232 = FILL_AREA_STYLE('',(#10233));
#10233 = FILL_AREA_STYLE_COLOUR('',#9491);
#10234 = OVER_RIDING_STYLED_ITEM('overriding color',(#10235),#5966,#9037
  );
#10235 = PRESENTATION_STYLE_ASSIGNMENT((#10236));
#10236 = SURFACE_STYLE_USAGE(.BOTH.,#10237);
#10237 = SURFACE_SIDE_STYLE('',(#10238));
#10238 = SURFACE_STYLE_FILL_AREA(#10239);
#10239 = FILL_AREA_STYLE('',(#10240));
#10240 = FILL_AREA_STYLE_COLOUR('',#9491);
#10241 = OVER_RIDING_STYLED_ITEM('overriding color',(#10242),#5994,#9037
  );
#10242 = PRESENTATION_STYLE_ASSIGNMENT((#10243));
#10243 = SURFACE_STYLE_USAGE(.BOTH.,#10244);
#10244 = SURFACE_SIDE_STYLE('',(#10245));
#10245 = SURFACE_STYLE_FILL_AREA(#10246);
#10246 = FILL_AREA_STYLE('',(#10247));
#10247 = FILL_AREA_STYLE_COLOUR('',#9491);
#10248 = OVER_RIDING_STYLED_ITEM('overriding color',(#10249),#6022,#9037
  );
#10249 = PRESENTATION_STYLE_ASSIGNMENT((#10250));
#10250 = SURFACE_STYLE_USAGE(.BOTH.,#10251);
#10251 = SURFACE_SIDE_STYLE('',(#10252));
#10252 = SURFACE_STYLE_FILL_AREA(#10253);
#10253 = FILL_AREA_STYLE('',(#10254));
#10254 = FILL_AREA_STYLE_COLOUR('',#9491);
#10255 = OVER_RIDING_STYLED_ITEM('overriding color',(#10256),#6050,#9037
  );
#10256 = PRESENTATION_STYLE_ASSIGNMENT((#10257));
#10257 = SURFACE_STYLE_USAGE(.BOTH.,#10258);
#10258 = SURFACE_SIDE_STYLE('',(#10259));
#10259 = SURFACE_STYLE_FILL_AREA(#10260);
#10260 = FILL_AREA_STYLE('',(#10261));
#10261 = FILL_AREA_STYLE_COLOUR('',#9491);
#10262 = OVER_RIDING_STYLED_ITEM('overriding color',(#10263),#6078,#9037
  );
#10263 = PRESENTATION_STYLE_ASSIGNMENT((#10264));
#10264 = SURFACE_STYLE_USAGE(.BOTH.,#10265);
#10265 = SURFACE_SIDE_STYLE('',(#10266));
#10266 = SURFACE_STYLE_FILL_AREA(#10267);
#10267 = FILL_AREA_STYLE('',(#10268));
#10268 = FILL_AREA_STYLE_COLOUR('',#9491);
#10269 = OVER_RIDING_STYLED_ITEM('overriding color',(#10270),#6106,#9037
  );
#10270 = PRESENTATION_STYLE_ASSIGNMENT((#10271));
#10271 = SURFACE_STYLE_USAGE(.BOTH.,#10272);
#10272 = SURFACE_SIDE_STYLE('',(#10273));
#10273 = SURFACE_STYLE_FILL_AREA(#10274);
#10274 = FILL_AREA_STYLE('',(#10275));
#10275 = FILL_AREA_STYLE_COLOUR('',#9491);
#10276 = OVER_RIDING_STYLED_ITEM('overriding color',(#10277),#6134,#9037
  );
#10277 = PRESENTATION_STYLE_ASSIGNMENT((#10278));
#10278 = SURFACE_STYLE_USAGE(.BOTH.,#10279);
#10279 = SURFACE_SIDE_STYLE('',(#10280));
#10280 = SURFACE_STYLE_FILL_AREA(#10281);
#10281 = FILL_AREA_STYLE('',(#10282));
#10282 = FILL_AREA_STYLE_COLOUR('',#9491);
#10283 = OVER_RIDING_STYLED_ITEM('overriding color',(#10284),#6162,#9037
  );
#10284 = PRESENTATION_STYLE_ASSIGNMENT((#10285));
#10285 = SURFACE_STYLE_USAGE(.BOTH.,#10286);
#10286 = SURFACE_SIDE_STYLE('',(#10287));
#10287 = SURFACE_STYLE_FILL_AREA(#10288);
#10288 = FILL_AREA_STYLE('',(#10289));
#10289 = FILL_AREA_STYLE_COLOUR('',#9491);
#10290 = OVER_RIDING_STYLED_ITEM('overriding color',(#10291),#6190,#9037
  );
#10291 = PRESENTATION_STYLE_ASSIGNMENT((#10292));
#10292 = SURFACE_STYLE_USAGE(.BOTH.,#10293);
#10293 = SURFACE_SIDE_STYLE('',(#10294));
#10294 = SURFACE_STYLE_FILL_AREA(#10295);
#10295 = FILL_AREA_STYLE('',(#10296));
#10296 = FILL_AREA_STYLE_COLOUR('',#9491);
#10297 = OVER_RIDING_STYLED_ITEM('overriding color',(#10298),#6218,#9037
  );
#10298 = PRESENTATION_STYLE_ASSIGNMENT((#10299));
#10299 = SURFACE_STYLE_USAGE(.BOTH.,#10300);
#10300 = SURFACE_SIDE_STYLE('',(#10301));
#10301 = SURFACE_STYLE_FILL_AREA(#10302);
#10302 = FILL_AREA_STYLE('',(#10303));
#10303 = FILL_AREA_STYLE_COLOUR('',#9491);
#10304 = OVER_RIDING_STYLED_ITEM('overriding color',(#10305),#6240,#9037
  );
#10305 = PRESENTATION_STYLE_ASSIGNMENT((#10306));
#10306 = SURFACE_STYLE_USAGE(.BOTH.,#10307);
#10307 = SURFACE_SIDE_STYLE('',(#10308));
#10308 = SURFACE_STYLE_FILL_AREA(#10309);
#10309 = FILL_AREA_STYLE('',(#10310));
#10310 = FILL_AREA_STYLE_COLOUR('',#9491);
#10311 = OVER_RIDING_STYLED_ITEM('overriding color',(#10312),#6268,#9037
  );
#10312 = PRESENTATION_STYLE_ASSIGNMENT((#10313));
#10313 = SURFACE_STYLE_USAGE(.BOTH.,#10314);
#10314 = SURFACE_SIDE_STYLE('',(#10315));
#10315 = SURFACE_STYLE_FILL_AREA(#10316);
#10316 = FILL_AREA_STYLE('',(#10317));
#10317 = FILL_AREA_STYLE_COLOUR('',#9491);
#10318 = OVER_RIDING_STYLED_ITEM('overriding color',(#10319),#6296,#9037
  );
#10319 = PRESENTATION_STYLE_ASSIGNMENT((#10320));
#10320 = SURFACE_STYLE_USAGE(.BOTH.,#10321);
#10321 = SURFACE_SIDE_STYLE('',(#10322));
#10322 = SURFACE_STYLE_FILL_AREA(#10323);
#10323 = FILL_AREA_STYLE('',(#10324));
#10324 = FILL_AREA_STYLE_COLOUR('',#9491);
#10325 = OVER_RIDING_STYLED_ITEM('overriding color',(#10326),#6324,#9037
  );
#10326 = PRESENTATION_STYLE_ASSIGNMENT((#10327));
#10327 = SURFACE_STYLE_USAGE(.BOTH.,#10328);
#10328 = SURFACE_SIDE_STYLE('',(#10329));
#10329 = SURFACE_STYLE_FILL_AREA(#10330);
#10330 = FILL_AREA_STYLE('',(#10331));
#10331 = FILL_AREA_STYLE_COLOUR('',#9491);
#10332 = OVER_RIDING_STYLED_ITEM('overriding color',(#10333),#6352,#9037
  );
#10333 = PRESENTATION_STYLE_ASSIGNMENT((#10334));
#10334 = SURFACE_STYLE_USAGE(.BOTH.,#10335);
#10335 = SURFACE_SIDE_STYLE('',(#10336));
#10336 = SURFACE_STYLE_FILL_AREA(#10337);
#10337 = FILL_AREA_STYLE('',(#10338));
#10338 = FILL_AREA_STYLE_COLOUR('',#9491);
#10339 = OVER_RIDING_STYLED_ITEM('overriding color',(#10340),#6380,#9037
  );
#10340 = PRESENTATION_STYLE_ASSIGNMENT((#10341));
#10341 = SURFACE_STYLE_USAGE(.BOTH.,#10342);
#10342 = SURFACE_SIDE_STYLE('',(#10343));
#10343 = SURFACE_STYLE_FILL_AREA(#10344);
#10344 = FILL_AREA_STYLE('',(#10345));
#10345 = FILL_AREA_STYLE_COLOUR('',#9491);
#10346 = OVER_RIDING_STYLED_ITEM('overriding color',(#10347),#6408,#9037
  );
#10347 = PRESENTATION_STYLE_ASSIGNMENT((#10348));
#10348 = SURFACE_STYLE_USAGE(.BOTH.,#10349);
#10349 = SURFACE_SIDE_STYLE('',(#10350));
#10350 = SURFACE_STYLE_FILL_AREA(#10351);
#10351 = FILL_AREA_STYLE('',(#10352));
#10352 = FILL_AREA_STYLE_COLOUR('',#9491);
#10353 = OVER_RIDING_STYLED_ITEM('overriding color',(#10354),#6436,#9037
  );
#10354 = PRESENTATION_STYLE_ASSIGNMENT((#10355));
#10355 = SURFACE_STYLE_USAGE(.BOTH.,#10356);
#10356 = SURFACE_SIDE_STYLE('',(#10357));
#10357 = SURFACE_STYLE_FILL_AREA(#10358);
#10358 = FILL_AREA_STYLE('',(#10359));
#10359 = FILL_AREA_STYLE_COLOUR('',#9491);
#10360 = OVER_RIDING_STYLED_ITEM('overriding color',(#10361),#6458,#9037
  );
#10361 = PRESENTATION_STYLE_ASSIGNMENT((#10362));
#10362 = SURFACE_STYLE_USAGE(.BOTH.,#10363);
#10363 = SURFACE_SIDE_STYLE('',(#10364));
#10364 = SURFACE_STYLE_FILL_AREA(#10365);
#10365 = FILL_AREA_STYLE('',(#10366));
#10366 = FILL_AREA_STYLE_COLOUR('',#9491);
#10367 = OVER_RIDING_STYLED_ITEM('overriding color',(#10368),#6487,#9037
  );
#10368 = PRESENTATION_STYLE_ASSIGNMENT((#10369));
#10369 = SURFACE_STYLE_USAGE(.BOTH.,#10370);
#10370 = SURFACE_SIDE_STYLE('',(#10371));
#10371 = SURFACE_STYLE_FILL_AREA(#10372);
#10372 = FILL_AREA_STYLE('',(#10373));
#10373 = FILL_AREA_STYLE_COLOUR('',#9491);
#10374 = OVER_RIDING_STYLED_ITEM('overriding color',(#10375),#6515,#9037
  );
#10375 = PRESENTATION_STYLE_ASSIGNMENT((#10376));
#10376 = SURFACE_STYLE_USAGE(.BOTH.,#10377);
#10377 = SURFACE_SIDE_STYLE('',(#10378));
#10378 = SURFACE_STYLE_FILL_AREA(#10379);
#10379 = FILL_AREA_STYLE('',(#10380));
#10380 = FILL_AREA_STYLE_COLOUR('',#9491);
#10381 = OVER_RIDING_STYLED_ITEM('overriding color',(#10382),#6537,#9037
  );
#10382 = PRESENTATION_STYLE_ASSIGNMENT((#10383));
#10383 = SURFACE_STYLE_USAGE(.BOTH.,#10384);
#10384 = SURFACE_SIDE_STYLE('',(#10385));
#10385 = SURFACE_STYLE_FILL_AREA(#10386);
#10386 = FILL_AREA_STYLE('',(#10387));
#10387 = FILL_AREA_STYLE_COLOUR('',#9491);
#10388 = OVER_RIDING_STYLED_ITEM('overriding color',(#10389),#6565,#9037
  );
#10389 = PRESENTATION_STYLE_ASSIGNMENT((#10390));
#10390 = SURFACE_STYLE_USAGE(.BOTH.,#10391);
#10391 = SURFACE_SIDE_STYLE('',(#10392));
#10392 = SURFACE_STYLE_FILL_AREA(#10393);
#10393 = FILL_AREA_STYLE('',(#10394));
#10394 = FILL_AREA_STYLE_COLOUR('',#9491);
#10395 = OVER_RIDING_STYLED_ITEM('overriding color',(#10396),#6587,#9037
  );
#10396 = PRESENTATION_STYLE_ASSIGNMENT((#10397));
#10397 = SURFACE_STYLE_USAGE(.BOTH.,#10398);
#10398 = SURFACE_SIDE_STYLE('',(#10399));
#10399 = SURFACE_STYLE_FILL_AREA(#10400);
#10400 = FILL_AREA_STYLE('',(#10401));
#10401 = FILL_AREA_STYLE_COLOUR('',#9491);
#10402 = OVER_RIDING_STYLED_ITEM('overriding color',(#10403),#6609,#9037
  );
#10403 = PRESENTATION_STYLE_ASSIGNMENT((#10404));
#10404 = SURFACE_STYLE_USAGE(.BOTH.,#10405);
#10405 = SURFACE_SIDE_STYLE('',(#10406));
#10406 = SURFACE_STYLE_FILL_AREA(#10407);
#10407 = FILL_AREA_STYLE('',(#10408));
#10408 = FILL_AREA_STYLE_COLOUR('',#9491);
#10409 = OVER_RIDING_STYLED_ITEM('overriding color',(#10410),#6631,#9037
  );
#10410 = PRESENTATION_STYLE_ASSIGNMENT((#10411));
#10411 = SURFACE_STYLE_USAGE(.BOTH.,#10412);
#10412 = SURFACE_SIDE_STYLE('',(#10413));
#10413 = SURFACE_STYLE_FILL_AREA(#10414);
#10414 = FILL_AREA_STYLE('',(#10415));
#10415 = FILL_AREA_STYLE_COLOUR('',#9491);
#10416 = OVER_RIDING_STYLED_ITEM('overriding color',(#10417),#6653,#9037
  );
#10417 = PRESENTATION_STYLE_ASSIGNMENT((#10418));
#10418 = SURFACE_STYLE_USAGE(.BOTH.,#10419);
#10419 = SURFACE_SIDE_STYLE('',(#10420));
#10420 = SURFACE_STYLE_FILL_AREA(#10421);
#10421 = FILL_AREA_STYLE('',(#10422));
#10422 = FILL_AREA_STYLE_COLOUR('',#9491);
#10423 = OVER_RIDING_STYLED_ITEM('overriding color',(#10424),#6675,#9037
  );
#10424 = PRESENTATION_STYLE_ASSIGNMENT((#10425));
#10425 = SURFACE_STYLE_USAGE(.BOTH.,#10426);
#10426 = SURFACE_SIDE_STYLE('',(#10427));
#10427 = SURFACE_STYLE_FILL_AREA(#10428);
#10428 = FILL_AREA_STYLE('',(#10429));
#10429 = FILL_AREA_STYLE_COLOUR('',#9491);
#10430 = OVER_RIDING_STYLED_ITEM('overriding color',(#10431),#6697,#9037
  );
#10431 = PRESENTATION_STYLE_ASSIGNMENT((#10432));
#10432 = SURFACE_STYLE_USAGE(.BOTH.,#10433);
#10433 = SURFACE_SIDE_STYLE('',(#10434));
#10434 = SURFACE_STYLE_FILL_AREA(#10435);
#10435 = FILL_AREA_STYLE('',(#10436));
#10436 = FILL_AREA_STYLE_COLOUR('',#9491);
#10437 = OVER_RIDING_STYLED_ITEM('overriding color',(#10438),#6725,#9037
  );
#10438 = PRESENTATION_STYLE_ASSIGNMENT((#10439));
#10439 = SURFACE_STYLE_USAGE(.BOTH.,#10440);
#10440 = SURFACE_SIDE_STYLE('',(#10441));
#10441 = SURFACE_STYLE_FILL_AREA(#10442);
#10442 = FILL_AREA_STYLE('',(#10443));
#10443 = FILL_AREA_STYLE_COLOUR('',#9491);
#10444 = OVER_RIDING_STYLED_ITEM('overriding color',(#10445),#6753,#9037
  );
#10445 = PRESENTATION_STYLE_ASSIGNMENT((#10446));
#10446 = SURFACE_STYLE_USAGE(.BOTH.,#10447);
#10447 = SURFACE_SIDE_STYLE('',(#10448));
#10448 = SURFACE_STYLE_FILL_AREA(#10449);
#10449 = FILL_AREA_STYLE('',(#10450));
#10450 = FILL_AREA_STYLE_COLOUR('',#9491);
#10451 = OVER_RIDING_STYLED_ITEM('overriding color',(#10452),#6775,#9037
  );
#10452 = PRESENTATION_STYLE_ASSIGNMENT((#10453));
#10453 = SURFACE_STYLE_USAGE(.BOTH.,#10454);
#10454 = SURFACE_SIDE_STYLE('',(#10455));
#10455 = SURFACE_STYLE_FILL_AREA(#10456);
#10456 = FILL_AREA_STYLE('',(#10457));
#10457 = FILL_AREA_STYLE_COLOUR('',#9491);
#10458 = OVER_RIDING_STYLED_ITEM('overriding color',(#10459),#6803,#9037
  );
#10459 = PRESENTATION_STYLE_ASSIGNMENT((#10460));
#10460 = SURFACE_STYLE_USAGE(.BOTH.,#10461);
#10461 = SURFACE_SIDE_STYLE('',(#10462));
#10462 = SURFACE_STYLE_FILL_AREA(#10463);
#10463 = FILL_AREA_STYLE('',(#10464));
#10464 = FILL_AREA_STYLE_COLOUR('',#9491);
#10465 = OVER_RIDING_STYLED_ITEM('overriding color',(#10466),#6831,#9037
  );
#10466 = PRESENTATION_STYLE_ASSIGNMENT((#10467));
#10467 = SURFACE_STYLE_USAGE(.BOTH.,#10468);
#10468 = SURFACE_SIDE_STYLE('',(#10469));
#10469 = SURFACE_STYLE_FILL_AREA(#10470);
#10470 = FILL_AREA_STYLE('',(#10471));
#10471 = FILL_AREA_STYLE_COLOUR('',#9491);
#10472 = OVER_RIDING_STYLED_ITEM('overriding color',(#10473),#6847,#9037
  );
#10473 = PRESENTATION_STYLE_ASSIGNMENT((#10474));
#10474 = SURFACE_STYLE_USAGE(.BOTH.,#10475);
#10475 = SURFACE_SIDE_STYLE('',(#10476));
#10476 = SURFACE_STYLE_FILL_AREA(#10477);
#10477 = FILL_AREA_STYLE('',(#10478));
#10478 = FILL_AREA_STYLE_COLOUR('',#9491);
#10479 = OVER_RIDING_STYLED_ITEM('overriding color',(#10480),#6870,#9037
  );
#10480 = PRESENTATION_STYLE_ASSIGNMENT((#10481));
#10481 = SURFACE_STYLE_USAGE(.BOTH.,#10482);
#10482 = SURFACE_SIDE_STYLE('',(#10483));
#10483 = SURFACE_STYLE_FILL_AREA(#10484);
#10484 = FILL_AREA_STYLE('',(#10485));
#10485 = FILL_AREA_STYLE_COLOUR('',#9491);
#10486 = OVER_RIDING_STYLED_ITEM('overriding color',(#10487),#6898,#9037
  );
#10487 = PRESENTATION_STYLE_ASSIGNMENT((#10488));
#10488 = SURFACE_STYLE_USAGE(.BOTH.,#10489);
#10489 = SURFACE_SIDE_STYLE('',(#10490));
#10490 = SURFACE_STYLE_FILL_AREA(#10491);
#10491 = FILL_AREA_STYLE('',(#10492));
#10492 = FILL_AREA_STYLE_COLOUR('',#9491);
#10493 = OVER_RIDING_STYLED_ITEM('overriding color',(#10494),#6920,#9037
  );
#10494 = PRESENTATION_STYLE_ASSIGNMENT((#10495));
#10495 = SURFACE_STYLE_USAGE(.BOTH.,#10496);
#10496 = SURFACE_SIDE_STYLE('',(#10497));
#10497 = SURFACE_STYLE_FILL_AREA(#10498);
#10498 = FILL_AREA_STYLE('',(#10499));
#10499 = FILL_AREA_STYLE_COLOUR('',#9491);
#10500 = OVER_RIDING_STYLED_ITEM('overriding color',(#10501),#6942,#9037
  );
#10501 = PRESENTATION_STYLE_ASSIGNMENT((#10502));
#10502 = SURFACE_STYLE_USAGE(.BOTH.,#10503);
#10503 = SURFACE_SIDE_STYLE('',(#10504));
#10504 = SURFACE_STYLE_FILL_AREA(#10505);
#10505 = FILL_AREA_STYLE('',(#10506));
#10506 = FILL_AREA_STYLE_COLOUR('',#9491);
#10507 = OVER_RIDING_STYLED_ITEM('overriding color',(#10508),#6964,#9037
  );
#10508 = PRESENTATION_STYLE_ASSIGNMENT((#10509));
#10509 = SURFACE_STYLE_USAGE(.BOTH.,#10510);
#10510 = SURFACE_SIDE_STYLE('',(#10511));
#10511 = SURFACE_STYLE_FILL_AREA(#10512);
#10512 = FILL_AREA_STYLE('',(#10513));
#10513 = FILL_AREA_STYLE_COLOUR('',#9491);
#10514 = OVER_RIDING_STYLED_ITEM('overriding color',(#10515),#6986,#9037
  );
#10515 = PRESENTATION_STYLE_ASSIGNMENT((#10516));
#10516 = SURFACE_STYLE_USAGE(.BOTH.,#10517);
#10517 = SURFACE_SIDE_STYLE('',(#10518));
#10518 = SURFACE_STYLE_FILL_AREA(#10519);
#10519 = FILL_AREA_STYLE('',(#10520));
#10520 = FILL_AREA_STYLE_COLOUR('',#9491);
#10521 = OVER_RIDING_STYLED_ITEM('overriding color',(#10522),#7008,#9037
  );
#10522 = PRESENTATION_STYLE_ASSIGNMENT((#10523));
#10523 = SURFACE_STYLE_USAGE(.BOTH.,#10524);
#10524 = SURFACE_SIDE_STYLE('',(#10525));
#10525 = SURFACE_STYLE_FILL_AREA(#10526);
#10526 = FILL_AREA_STYLE('',(#10527));
#10527 = FILL_AREA_STYLE_COLOUR('',#9491);
#10528 = OVER_RIDING_STYLED_ITEM('overriding color',(#10529),#7030,#9037
  );
#10529 = PRESENTATION_STYLE_ASSIGNMENT((#10530));
#10530 = SURFACE_STYLE_USAGE(.BOTH.,#10531);
#10531 = SURFACE_SIDE_STYLE('',(#10532));
#10532 = SURFACE_STYLE_FILL_AREA(#10533);
#10533 = FILL_AREA_STYLE('',(#10534));
#10534 = FILL_AREA_STYLE_COLOUR('',#9491);
#10535 = OVER_RIDING_STYLED_ITEM('overriding color',(#10536),#7052,#9037
  );
#10536 = PRESENTATION_STYLE_ASSIGNMENT((#10537));
#10537 = SURFACE_STYLE_USAGE(.BOTH.,#10538);
#10538 = SURFACE_SIDE_STYLE('',(#10539));
#10539 = SURFACE_STYLE_FILL_AREA(#10540);
#10540 = FILL_AREA_STYLE('',(#10541));
#10541 = FILL_AREA_STYLE_COLOUR('',#9491);
#10542 = OVER_RIDING_STYLED_ITEM('overriding color',(#10543),#7074,#9037
  );
#10543 = PRESENTATION_STYLE_ASSIGNMENT((#10544));
#10544 = SURFACE_STYLE_USAGE(.BOTH.,#10545);
#10545 = SURFACE_SIDE_STYLE('',(#10546));
#10546 = SURFACE_STYLE_FILL_AREA(#10547);
#10547 = FILL_AREA_STYLE('',(#10548));
#10548 = FILL_AREA_STYLE_COLOUR('',#9491);
#10549 = OVER_RIDING_STYLED_ITEM('overriding color',(#10550),#7096,#9037
  );
#10550 = PRESENTATION_STYLE_ASSIGNMENT((#10551));
#10551 = SURFACE_STYLE_USAGE(.BOTH.,#10552);
#10552 = SURFACE_SIDE_STYLE('',(#10553));
#10553 = SURFACE_STYLE_FILL_AREA(#10554);
#10554 = FILL_AREA_STYLE('',(#10555));
#10555 = FILL_AREA_STYLE_COLOUR('',#9491);
#10556 = OVER_RIDING_STYLED_ITEM('overriding color',(#10557),#7118,#9037
  );
#10557 = PRESENTATION_STYLE_ASSIGNMENT((#10558));
#10558 = SURFACE_STYLE_USAGE(.BOTH.,#10559);
#10559 = SURFACE_SIDE_STYLE('',(#10560));
#10560 = SURFACE_STYLE_FILL_AREA(#10561);
#10561 = FILL_AREA_STYLE('',(#10562));
#10562 = FILL_AREA_STYLE_COLOUR('',#9491);
#10563 = OVER_RIDING_STYLED_ITEM('overriding color',(#10564),#7134,#9037
  );
#10564 = PRESENTATION_STYLE_ASSIGNMENT((#10565));
#10565 = SURFACE_STYLE_USAGE(.BOTH.,#10566);
#10566 = SURFACE_SIDE_STYLE('',(#10567));
#10567 = SURFACE_STYLE_FILL_AREA(#10568);
#10568 = FILL_AREA_STYLE('',(#10569));
#10569 = FILL_AREA_STYLE_COLOUR('',#9491);
#10570 = OVER_RIDING_STYLED_ITEM('overriding color',(#10571),#7154,#9037
  );
#10571 = PRESENTATION_STYLE_ASSIGNMENT((#10572));
#10572 = SURFACE_STYLE_USAGE(.BOTH.,#10573);
#10573 = SURFACE_SIDE_STYLE('',(#10574));
#10574 = SURFACE_STYLE_FILL_AREA(#10575);
#10575 = FILL_AREA_STYLE('',(#10576));
#10576 = FILL_AREA_STYLE_COLOUR('',#9491);
#10577 = OVER_RIDING_STYLED_ITEM('overriding color',(#10578),#7278,#9037
  );
#10578 = PRESENTATION_STYLE_ASSIGNMENT((#10579));
#10579 = SURFACE_STYLE_USAGE(.BOTH.,#10580);
#10580 = SURFACE_SIDE_STYLE('',(#10581));
#10581 = SURFACE_STYLE_FILL_AREA(#10582);
#10582 = FILL_AREA_STYLE('',(#10583));
#10583 = FILL_AREA_STYLE_COLOUR('',#9491);
#10584 = OVER_RIDING_STYLED_ITEM('overriding color',(#10585),#7298,#9037
  );
#10585 = PRESENTATION_STYLE_ASSIGNMENT((#10586));
#10586 = SURFACE_STYLE_USAGE(.BOTH.,#10587);
#10587 = SURFACE_SIDE_STYLE('',(#10588));
#10588 = SURFACE_STYLE_FILL_AREA(#10589);
#10589 = FILL_AREA_STYLE('',(#10590));
#10590 = FILL_AREA_STYLE_COLOUR('',#9491);
#10591 = OVER_RIDING_STYLED_ITEM('overriding color',(#10592),#7318,#9037
  );
#10592 = PRESENTATION_STYLE_ASSIGNMENT((#10593));
#10593 = SURFACE_STYLE_USAGE(.BOTH.,#10594);
#10594 = SURFACE_SIDE_STYLE('',(#10595));
#10595 = SURFACE_STYLE_FILL_AREA(#10596);
#10596 = FILL_AREA_STYLE('',(#10597));
#10597 = FILL_AREA_STYLE_COLOUR('',#9491);
#10598 = OVER_RIDING_STYLED_ITEM('overriding color',(#10599),#7338,#9037
  );
#10599 = PRESENTATION_STYLE_ASSIGNMENT((#10600));
#10600 = SURFACE_STYLE_USAGE(.BOTH.,#10601);
#10601 = SURFACE_SIDE_STYLE('',(#10602));
#10602 = SURFACE_STYLE_FILL_AREA(#10603);
#10603 = FILL_AREA_STYLE('',(#10604));
#10604 = FILL_AREA_STYLE_COLOUR('',#9491);
#10605 = OVER_RIDING_STYLED_ITEM('overriding color',(#10606),#7358,#9037
  );
#10606 = PRESENTATION_STYLE_ASSIGNMENT((#10607));
#10607 = SURFACE_STYLE_USAGE(.BOTH.,#10608);
#10608 = SURFACE_SIDE_STYLE('',(#10609));
#10609 = SURFACE_STYLE_FILL_AREA(#10610);
#10610 = FILL_AREA_STYLE('',(#10611));
#10611 = FILL_AREA_STYLE_COLOUR('',#9491);
#10612 = OVER_RIDING_STYLED_ITEM('overriding color',(#10613),#7378,#9037
  );
#10613 = PRESENTATION_STYLE_ASSIGNMENT((#10614));
#10614 = SURFACE_STYLE_USAGE(.BOTH.,#10615);
#10615 = SURFACE_SIDE_STYLE('',(#10616));
#10616 = SURFACE_STYLE_FILL_AREA(#10617);
#10617 = FILL_AREA_STYLE('',(#10618));
#10618 = FILL_AREA_STYLE_COLOUR('',#9491);
#10619 = OVER_RIDING_STYLED_ITEM('overriding color',(#10620),#7394,#9037
  );
#10620 = PRESENTATION_STYLE_ASSIGNMENT((#10621));
#10621 = SURFACE_STYLE_USAGE(.BOTH.,#10622);
#10622 = SURFACE_SIDE_STYLE('',(#10623));
#10623 = SURFACE_STYLE_FILL_AREA(#10624);
#10624 = FILL_AREA_STYLE('',(#10625));
#10625 = FILL_AREA_STYLE_COLOUR('',#9491);
#10626 = OVER_RIDING_STYLED_ITEM('overriding color',(#10627),#7406,#9037
  );
#10627 = PRESENTATION_STYLE_ASSIGNMENT((#10628));
#10628 = SURFACE_STYLE_USAGE(.BOTH.,#10629);
#10629 = SURFACE_SIDE_STYLE('',(#10630));
#10630 = SURFACE_STYLE_FILL_AREA(#10631);
#10631 = FILL_AREA_STYLE('',(#10632));
#10632 = FILL_AREA_STYLE_COLOUR('',#9491);
#10633 = OVER_RIDING_STYLED_ITEM('overriding color',(#10634),#7434,#9037
  );
#10634 = PRESENTATION_STYLE_ASSIGNMENT((#10635));
#10635 = SURFACE_STYLE_USAGE(.BOTH.,#10636);
#10636 = SURFACE_SIDE_STYLE('',(#10637));
#10637 = SURFACE_STYLE_FILL_AREA(#10638);
#10638 = FILL_AREA_STYLE('',(#10639));
#10639 = FILL_AREA_STYLE_COLOUR('',#9491);
#10640 = OVER_RIDING_STYLED_ITEM('overriding color',(#10641),#7456,#9037
  );
#10641 = PRESENTATION_STYLE_ASSIGNMENT((#10642));
#10642 = SURFACE_STYLE_USAGE(.BOTH.,#10643);
#10643 = SURFACE_SIDE_STYLE('',(#10644));
#10644 = SURFACE_STYLE_FILL_AREA(#10645);
#10645 = FILL_AREA_STYLE('',(#10646));
#10646 = FILL_AREA_STYLE_COLOUR('',#9491);
#10647 = OVER_RIDING_STYLED_ITEM('overriding color',(#10648),#7478,#9037
  );
#10648 = PRESENTATION_STYLE_ASSIGNMENT((#10649));
#10649 = SURFACE_STYLE_USAGE(.BOTH.,#10650);
#10650 = SURFACE_SIDE_STYLE('',(#10651));
#10651 = SURFACE_STYLE_FILL_AREA(#10652);
#10652 = FILL_AREA_STYLE('',(#10653));
#10653 = FILL_AREA_STYLE_COLOUR('',#9491);
#10654 = OVER_RIDING_STYLED_ITEM('overriding color',(#10655),#7506,#9037
  );
#10655 = PRESENTATION_STYLE_ASSIGNMENT((#10656));
#10656 = SURFACE_STYLE_USAGE(.BOTH.,#10657);
#10657 = SURFACE_SIDE_STYLE('',(#10658));
#10658 = SURFACE_STYLE_FILL_AREA(#10659);
#10659 = FILL_AREA_STYLE('',(#10660));
#10660 = FILL_AREA_STYLE_COLOUR('',#9491);
#10661 = OVER_RIDING_STYLED_ITEM('overriding color',(#10662),#7534,#9037
  );
#10662 = PRESENTATION_STYLE_ASSIGNMENT((#10663));
#10663 = SURFACE_STYLE_USAGE(.BOTH.,#10664);
#10664 = SURFACE_SIDE_STYLE('',(#10665));
#10665 = SURFACE_STYLE_FILL_AREA(#10666);
#10666 = FILL_AREA_STYLE('',(#10667));
#10667 = FILL_AREA_STYLE_COLOUR('',#9491);
#10668 = OVER_RIDING_STYLED_ITEM('overriding color',(#10669),#7562,#9037
  );
#10669 = PRESENTATION_STYLE_ASSIGNMENT((#10670));
#10670 = SURFACE_STYLE_USAGE(.BOTH.,#10671);
#10671 = SURFACE_SIDE_STYLE('',(#10672));
#10672 = SURFACE_STYLE_FILL_AREA(#10673);
#10673 = FILL_AREA_STYLE('',(#10674));
#10674 = FILL_AREA_STYLE_COLOUR('',#9491);
#10675 = OVER_RIDING_STYLED_ITEM('overriding color',(#10676),#7584,#9037
  );
#10676 = PRESENTATION_STYLE_ASSIGNMENT((#10677));
#10677 = SURFACE_STYLE_USAGE(.BOTH.,#10678);
#10678 = SURFACE_SIDE_STYLE('',(#10679));
#10679 = SURFACE_STYLE_FILL_AREA(#10680);
#10680 = FILL_AREA_STYLE('',(#10681));
#10681 = FILL_AREA_STYLE_COLOUR('',#9111);
#10682 = OVER_RIDING_STYLED_ITEM('overriding color',(#10683),#7599,#9037
  );
#10683 = PRESENTATION_STYLE_ASSIGNMENT((#10684));
#10684 = SURFACE_STYLE_USAGE(.BOTH.,#10685);
#10685 = SURFACE_SIDE_STYLE('',(#10686));
#10686 = SURFACE_STYLE_FILL_AREA(#10687);
#10687 = FILL_AREA_STYLE('',(#10688));
#10688 = FILL_AREA_STYLE_COLOUR('',#9491);
#10689 = OVER_RIDING_STYLED_ITEM('overriding color',(#10690),#7711,#9037
  );
#10690 = PRESENTATION_STYLE_ASSIGNMENT((#10691));
#10691 = SURFACE_STYLE_USAGE(.BOTH.,#10692);
#10692 = SURFACE_SIDE_STYLE('',(#10693));
#10693 = SURFACE_STYLE_FILL_AREA(#10694);
#10694 = FILL_AREA_STYLE('',(#10695));
#10695 = FILL_AREA_STYLE_COLOUR('',#9491);
#10696 = OVER_RIDING_STYLED_ITEM('overriding color',(#10697),#7731,#9037
  );
#10697 = PRESENTATION_STYLE_ASSIGNMENT((#10698));
#10698 = SURFACE_STYLE_USAGE(.BOTH.,#10699);
#10699 = SURFACE_SIDE_STYLE('',(#10700));
#10700 = SURFACE_STYLE_FILL_AREA(#10701);
#10701 = FILL_AREA_STYLE('',(#10702));
#10702 = FILL_AREA_STYLE_COLOUR('',#9491);
#10703 = OVER_RIDING_STYLED_ITEM('overriding color',(#10704),#7747,#9037
  );
#10704 = PRESENTATION_STYLE_ASSIGNMENT((#10705));
#10705 = SURFACE_STYLE_USAGE(.BOTH.,#10706);
#10706 = SURFACE_SIDE_STYLE('',(#10707));
#10707 = SURFACE_STYLE_FILL_AREA(#10708);
#10708 = FILL_AREA_STYLE('',(#10709));
#10709 = FILL_AREA_STYLE_COLOUR('',#9491);
#10710 = OVER_RIDING_STYLED_ITEM('overriding color',(#10711),#7763,#9037
  );
#10711 = PRESENTATION_STYLE_ASSIGNMENT((#10712));
#10712 = SURFACE_STYLE_USAGE(.BOTH.,#10713);
#10713 = SURFACE_SIDE_STYLE('',(#10714));
#10714 = SURFACE_STYLE_FILL_AREA(#10715);
#10715 = FILL_AREA_STYLE('',(#10716));
#10716 = FILL_AREA_STYLE_COLOUR('',#9491);
#10717 = OVER_RIDING_STYLED_ITEM('overriding color',(#10718),#7779,#9037
  );
#10718 = PRESENTATION_STYLE_ASSIGNMENT((#10719));
#10719 = SURFACE_STYLE_USAGE(.BOTH.,#10720);
#10720 = SURFACE_SIDE_STYLE('',(#10721));
#10721 = SURFACE_STYLE_FILL_AREA(#10722);
#10722 = FILL_AREA_STYLE('',(#10723));
#10723 = FILL_AREA_STYLE_COLOUR('',#9491);
#10724 = OVER_RIDING_STYLED_ITEM('overriding color',(#10725),#7795,#9037
  );
#10725 = PRESENTATION_STYLE_ASSIGNMENT((#10726));
#10726 = SURFACE_STYLE_USAGE(.BOTH.,#10727);
#10727 = SURFACE_SIDE_STYLE('',(#10728));
#10728 = SURFACE_STYLE_FILL_AREA(#10729);
#10729 = FILL_AREA_STYLE('',(#10730));
#10730 = FILL_AREA_STYLE_COLOUR('',#9491);
#10731 = OVER_RIDING_STYLED_ITEM('overriding color',(#10732),#7811,#9037
  );
#10732 = PRESENTATION_STYLE_ASSIGNMENT((#10733));
#10733 = SURFACE_STYLE_USAGE(.BOTH.,#10734);
#10734 = SURFACE_SIDE_STYLE('',(#10735));
#10735 = SURFACE_STYLE_FILL_AREA(#10736);
#10736 = FILL_AREA_STYLE('',(#10737));
#10737 = FILL_AREA_STYLE_COLOUR('',#9491);
#10738 = OVER_RIDING_STYLED_ITEM('overriding color',(#10739),#7827,#9037
  );
#10739 = PRESENTATION_STYLE_ASSIGNMENT((#10740));
#10740 = SURFACE_STYLE_USAGE(.BOTH.,#10741);
#10741 = SURFACE_SIDE_STYLE('',(#10742));
#10742 = SURFACE_STYLE_FILL_AREA(#10743);
#10743 = FILL_AREA_STYLE('',(#10744));
#10744 = FILL_AREA_STYLE_COLOUR('',#9491);
#10745 = OVER_RIDING_STYLED_ITEM('overriding color',(#10746),#7839,#9037
  );
#10746 = PRESENTATION_STYLE_ASSIGNMENT((#10747));
#10747 = SURFACE_STYLE_USAGE(.BOTH.,#10748);
#10748 = SURFACE_SIDE_STYLE('',(#10749));
#10749 = SURFACE_STYLE_FILL_AREA(#10750);
#10750 = FILL_AREA_STYLE('',(#10751));
#10751 = FILL_AREA_STYLE_COLOUR('',#9491);
#10752 = OVER_RIDING_STYLED_ITEM('overriding color',(#10753),#7867,#9037
  );
#10753 = PRESENTATION_STYLE_ASSIGNMENT((#10754));
#10754 = SURFACE_STYLE_USAGE(.BOTH.,#10755);
#10755 = SURFACE_SIDE_STYLE('',(#10756));
#10756 = SURFACE_STYLE_FILL_AREA(#10757);
#10757 = FILL_AREA_STYLE('',(#10758));
#10758 = FILL_AREA_STYLE_COLOUR('',#9491);
#10759 = OVER_RIDING_STYLED_ITEM('overriding color',(#10760),#7889,#9037
  );
#10760 = PRESENTATION_STYLE_ASSIGNMENT((#10761));
#10761 = SURFACE_STYLE_USAGE(.BOTH.,#10762);
#10762 = SURFACE_SIDE_STYLE('',(#10763));
#10763 = SURFACE_STYLE_FILL_AREA(#10764);
#10764 = FILL_AREA_STYLE('',(#10765));
#10765 = FILL_AREA_STYLE_COLOUR('',#9491);
#10766 = OVER_RIDING_STYLED_ITEM('overriding color',(#10767),#7917,#9037
  );
#10767 = PRESENTATION_STYLE_ASSIGNMENT((#10768));
#10768 = SURFACE_STYLE_USAGE(.BOTH.,#10769);
#10769 = SURFACE_SIDE_STYLE('',(#10770));
#10770 = SURFACE_STYLE_FILL_AREA(#10771);
#10771 = FILL_AREA_STYLE('',(#10772));
#10772 = FILL_AREA_STYLE_COLOUR('',#9491);
#10773 = OVER_RIDING_STYLED_ITEM('overriding color',(#10774),#7939,#9037
  );
#10774 = PRESENTATION_STYLE_ASSIGNMENT((#10775));
#10775 = SURFACE_STYLE_USAGE(.BOTH.,#10776);
#10776 = SURFACE_SIDE_STYLE('',(#10777));
#10777 = SURFACE_STYLE_FILL_AREA(#10778);
#10778 = FILL_AREA_STYLE('',(#10779));
#10779 = FILL_AREA_STYLE_COLOUR('',#9491);
#10780 = OVER_RIDING_STYLED_ITEM('overriding color',(#10781),#7967,#9037
  );
#10781 = PRESENTATION_STYLE_ASSIGNMENT((#10782));
#10782 = SURFACE_STYLE_USAGE(.BOTH.,#10783);
#10783 = SURFACE_SIDE_STYLE('',(#10784));
#10784 = SURFACE_STYLE_FILL_AREA(#10785);
#10785 = FILL_AREA_STYLE('',(#10786));
#10786 = FILL_AREA_STYLE_COLOUR('',#9491);
#10787 = OVER_RIDING_STYLED_ITEM('overriding color',(#10788),#7983,#9037
  );
#10788 = PRESENTATION_STYLE_ASSIGNMENT((#10789));
#10789 = SURFACE_STYLE_USAGE(.BOTH.,#10790);
#10790 = SURFACE_SIDE_STYLE('',(#10791));
#10791 = SURFACE_STYLE_FILL_AREA(#10792);
#10792 = FILL_AREA_STYLE('',(#10793));
#10793 = FILL_AREA_STYLE_COLOUR('',#9111);
#10794 = OVER_RIDING_STYLED_ITEM('overriding color',(#10795),#7997,#9037
  );
#10795 = PRESENTATION_STYLE_ASSIGNMENT((#10796));
#10796 = SURFACE_STYLE_USAGE(.BOTH.,#10797);
#10797 = SURFACE_SIDE_STYLE('',(#10798));
#10798 = SURFACE_STYLE_FILL_AREA(#10799);
#10799 = FILL_AREA_STYLE('',(#10800));
#10800 = FILL_AREA_STYLE_COLOUR('',#9491);
#10801 = OVER_RIDING_STYLED_ITEM('overriding color',(#10802),#8317,#9037
  );
#10802 = PRESENTATION_STYLE_ASSIGNMENT((#10803));
#10803 = SURFACE_STYLE_USAGE(.BOTH.,#10804);
#10804 = SURFACE_SIDE_STYLE('',(#10805));
#10805 = SURFACE_STYLE_FILL_AREA(#10806);
#10806 = FILL_AREA_STYLE('',(#10807));
#10807 = FILL_AREA_STYLE_COLOUR('',#9491);
#10808 = OVER_RIDING_STYLED_ITEM('overriding color',(#10809),#8341,#9037
  );
#10809 = PRESENTATION_STYLE_ASSIGNMENT((#10810));
#10810 = SURFACE_STYLE_USAGE(.BOTH.,#10811);
#10811 = SURFACE_SIDE_STYLE('',(#10812));
#10812 = SURFACE_STYLE_FILL_AREA(#10813);
#10813 = FILL_AREA_STYLE('',(#10814));
#10814 = FILL_AREA_STYLE_COLOUR('',#9491);
#10815 = OVER_RIDING_STYLED_ITEM('overriding color',(#10816),#8361,#9037
  );
#10816 = PRESENTATION_STYLE_ASSIGNMENT((#10817));
#10817 = SURFACE_STYLE_USAGE(.BOTH.,#10818);
#10818 = SURFACE_SIDE_STYLE('',(#10819));
#10819 = SURFACE_STYLE_FILL_AREA(#10820);
#10820 = FILL_AREA_STYLE('',(#10821));
#10821 = FILL_AREA_STYLE_COLOUR('',#9491);
#10822 = OVER_RIDING_STYLED_ITEM('overriding color',(#10823),#8381,#9037
  );
#10823 = PRESENTATION_STYLE_ASSIGNMENT((#10824));
#10824 = SURFACE_STYLE_USAGE(.BOTH.,#10825);
#10825 = SURFACE_SIDE_STYLE('',(#10826));
#10826 = SURFACE_STYLE_FILL_AREA(#10827);
#10827 = FILL_AREA_STYLE('',(#10828));
#10828 = FILL_AREA_STYLE_COLOUR('',#9491);
#10829 = OVER_RIDING_STYLED_ITEM('overriding color',(#10830),#8401,#9037
  );
#10830 = PRESENTATION_STYLE_ASSIGNMENT((#10831));
#10831 = SURFACE_STYLE_USAGE(.BOTH.,#10832);
#10832 = SURFACE_SIDE_STYLE('',(#10833));
#10833 = SURFACE_STYLE_FILL_AREA(#10834);
#10834 = FILL_AREA_STYLE('',(#10835));
#10835 = FILL_AREA_STYLE_COLOUR('',#9491);
#10836 = OVER_RIDING_STYLED_ITEM('overriding color',(#10837),#8421,#9037
  );
#10837 = PRESENTATION_STYLE_ASSIGNMENT((#10838));
#10838 = SURFACE_STYLE_USAGE(.BOTH.,#10839);
#10839 = SURFACE_SIDE_STYLE('',(#10840));
#10840 = SURFACE_STYLE_FILL_AREA(#10841);
#10841 = FILL_AREA_STYLE('',(#10842));
#10842 = FILL_AREA_STYLE_COLOUR('',#9491);
#10843 = OVER_RIDING_STYLED_ITEM('overriding color',(#10844),#8441,#9037
  );
#10844 = PRESENTATION_STYLE_ASSIGNMENT((#10845));
#10845 = SURFACE_STYLE_USAGE(.BOTH.,#10846);
#10846 = SURFACE_SIDE_STYLE('',(#10847));
#10847 = SURFACE_STYLE_FILL_AREA(#10848);
#10848 = FILL_AREA_STYLE('',(#10849));
#10849 = FILL_AREA_STYLE_COLOUR('',#9491);
#10850 = OVER_RIDING_STYLED_ITEM('overriding color',(#10851),#8461,#9037
  );
#10851 = PRESENTATION_STYLE_ASSIGNMENT((#10852));
#10852 = SURFACE_STYLE_USAGE(.BOTH.,#10853);
#10853 = SURFACE_SIDE_STYLE('',(#10854));
#10854 = SURFACE_STYLE_FILL_AREA(#10855);
#10855 = FILL_AREA_STYLE('',(#10856));
#10856 = FILL_AREA_STYLE_COLOUR('',#9491);
#10857 = OVER_RIDING_STYLED_ITEM('overriding color',(#10858),#8481,#9037
  );
#10858 = PRESENTATION_STYLE_ASSIGNMENT((#10859));
#10859 = SURFACE_STYLE_USAGE(.BOTH.,#10860);
#10860 = SURFACE_SIDE_STYLE('',(#10861));
#10861 = SURFACE_STYLE_FILL_AREA(#10862);
#10862 = FILL_AREA_STYLE('',(#10863));
#10863 = FILL_AREA_STYLE_COLOUR('',#9491);
#10864 = OVER_RIDING_STYLED_ITEM('overriding color',(#10865),#8501,#9037
  );
#10865 = PRESENTATION_STYLE_ASSIGNMENT((#10866));
#10866 = SURFACE_STYLE_USAGE(.BOTH.,#10867);
#10867 = SURFACE_SIDE_STYLE('',(#10868));
#10868 = SURFACE_STYLE_FILL_AREA(#10869);
#10869 = FILL_AREA_STYLE('',(#10870));
#10870 = FILL_AREA_STYLE_COLOUR('',#9491);
#10871 = OVER_RIDING_STYLED_ITEM('overriding color',(#10872),#8521,#9037
  );
#10872 = PRESENTATION_STYLE_ASSIGNMENT((#10873));
#10873 = SURFACE_STYLE_USAGE(.BOTH.,#10874);
#10874 = SURFACE_SIDE_STYLE('',(#10875));
#10875 = SURFACE_STYLE_FILL_AREA(#10876);
#10876 = FILL_AREA_STYLE('',(#10877));
#10877 = FILL_AREA_STYLE_COLOUR('',#9491);
#10878 = OVER_RIDING_STYLED_ITEM('overriding color',(#10879),#8541,#9037
  );
#10879 = PRESENTATION_STYLE_ASSIGNMENT((#10880));
#10880 = SURFACE_STYLE_USAGE(.BOTH.,#10881);
#10881 = SURFACE_SIDE_STYLE('',(#10882));
#10882 = SURFACE_STYLE_FILL_AREA(#10883);
#10883 = FILL_AREA_STYLE('',(#10884));
#10884 = FILL_AREA_STYLE_COLOUR('',#9491);
#10885 = OVER_RIDING_STYLED_ITEM('overriding color',(#10886),#8561,#9037
  );
#10886 = PRESENTATION_STYLE_ASSIGNMENT((#10887));
#10887 = SURFACE_STYLE_USAGE(.BOTH.,#10888);
#10888 = SURFACE_SIDE_STYLE('',(#10889));
#10889 = SURFACE_STYLE_FILL_AREA(#10890);
#10890 = FILL_AREA_STYLE('',(#10891));
#10891 = FILL_AREA_STYLE_COLOUR('',#9491);
#10892 = OVER_RIDING_STYLED_ITEM('overriding color',(#10893),#8577,#9037
  );
#10893 = PRESENTATION_STYLE_ASSIGNMENT((#10894));
#10894 = SURFACE_STYLE_USAGE(.BOTH.,#10895);
#10895 = SURFACE_SIDE_STYLE('',(#10896));
#10896 = SURFACE_STYLE_FILL_AREA(#10897);
#10897 = FILL_AREA_STYLE('',(#10898));
#10898 = FILL_AREA_STYLE_COLOUR('',#9491);
#10899 = OVER_RIDING_STYLED_ITEM('overriding color',(#10900),#8593,#9037
  );
#10900 = PRESENTATION_STYLE_ASSIGNMENT((#10901));
#10901 = SURFACE_STYLE_USAGE(.BOTH.,#10902);
#10902 = SURFACE_SIDE_STYLE('',(#10903));
#10903 = SURFACE_STYLE_FILL_AREA(#10904);
#10904 = FILL_AREA_STYLE('',(#10905));
#10905 = FILL_AREA_STYLE_COLOUR('',#9491);
#10906 = OVER_RIDING_STYLED_ITEM('overriding color',(#10907),#8609,#9037
  );
#10907 = PRESENTATION_STYLE_ASSIGNMENT((#10908));
#10908 = SURFACE_STYLE_USAGE(.BOTH.,#10909);
#10909 = SURFACE_SIDE_STYLE('',(#10910));
#10910 = SURFACE_STYLE_FILL_AREA(#10911);
#10911 = FILL_AREA_STYLE('',(#10912));
#10912 = FILL_AREA_STYLE_COLOUR('',#9491);
#10913 = OVER_RIDING_STYLED_ITEM('overriding color',(#10914),#8625,#9037
  );
#10914 = PRESENTATION_STYLE_ASSIGNMENT((#10915));
#10915 = SURFACE_STYLE_USAGE(.BOTH.,#10916);
#10916 = SURFACE_SIDE_STYLE('',(#10917));
#10917 = SURFACE_STYLE_FILL_AREA(#10918);
#10918 = FILL_AREA_STYLE('',(#10919));
#10919 = FILL_AREA_STYLE_COLOUR('',#9491);
#10920 = OVER_RIDING_STYLED_ITEM('overriding color',(#10921),#8645,#9037
  );
#10921 = PRESENTATION_STYLE_ASSIGNMENT((#10922));
#10922 = SURFACE_STYLE_USAGE(.BOTH.,#10923);
#10923 = SURFACE_SIDE_STYLE('',(#10924));
#10924 = SURFACE_STYLE_FILL_AREA(#10925);
#10925 = FILL_AREA_STYLE('',(#10926));
#10926 = FILL_AREA_STYLE_COLOUR('',#9491);
#10927 = OVER_RIDING_STYLED_ITEM('overriding color',(#10928),#8665,#9037
  );
#10928 = PRESENTATION_STYLE_ASSIGNMENT((#10929));
#10929 = SURFACE_STYLE_USAGE(.BOTH.,#10930);
#10930 = SURFACE_SIDE_STYLE('',(#10931));
#10931 = SURFACE_STYLE_FILL_AREA(#10932);
#10932 = FILL_AREA_STYLE('',(#10933));
#10933 = FILL_AREA_STYLE_COLOUR('',#9491);
#10934 = OVER_RIDING_STYLED_ITEM('overriding color',(#10935),#8685,#9037
  );
#10935 = PRESENTATION_STYLE_ASSIGNMENT((#10936));
#10936 = SURFACE_STYLE_USAGE(.BOTH.,#10937);
#10937 = SURFACE_SIDE_STYLE('',(#10938));
#10938 = SURFACE_STYLE_FILL_AREA(#10939);
#10939 = FILL_AREA_STYLE('',(#10940));
#10940 = FILL_AREA_STYLE_COLOUR('',#9491);
#10941 = OVER_RIDING_STYLED_ITEM('overriding color',(#10942),#8705,#9037
  );
#10942 = PRESENTATION_STYLE_ASSIGNMENT((#10943));
#10943 = SURFACE_STYLE_USAGE(.BOTH.,#10944);
#10944 = SURFACE_SIDE_STYLE('',(#10945));
#10945 = SURFACE_STYLE_FILL_AREA(#10946);
#10946 = FILL_AREA_STYLE('',(#10947));
#10947 = FILL_AREA_STYLE_COLOUR('',#9491);
#10948 = OVER_RIDING_STYLED_ITEM('overriding color',(#10949),#8725,#9037
  );
#10949 = PRESENTATION_STYLE_ASSIGNMENT((#10950));
#10950 = SURFACE_STYLE_USAGE(.BOTH.,#10951);
#10951 = SURFACE_SIDE_STYLE('',(#10952));
#10952 = SURFACE_STYLE_FILL_AREA(#10953);
#10953 = FILL_AREA_STYLE('',(#10954));
#10954 = FILL_AREA_STYLE_COLOUR('',#9491);
#10955 = OVER_RIDING_STYLED_ITEM('overriding color',(#10956),#8745,#9037
  );
#10956 = PRESENTATION_STYLE_ASSIGNMENT((#10957));
#10957 = SURFACE_STYLE_USAGE(.BOTH.,#10958);
#10958 = SURFACE_SIDE_STYLE('',(#10959));
#10959 = SURFACE_STYLE_FILL_AREA(#10960);
#10960 = FILL_AREA_STYLE('',(#10961));
#10961 = FILL_AREA_STYLE_COLOUR('',#9491);
#10962 = OVER_RIDING_STYLED_ITEM('overriding color',(#10963),#8765,#9037
  );
#10963 = PRESENTATION_STYLE_ASSIGNMENT((#10964));
#10964 = SURFACE_STYLE_USAGE(.BOTH.,#10965);
#10965 = SURFACE_SIDE_STYLE('',(#10966));
#10966 = SURFACE_STYLE_FILL_AREA(#10967);
#10967 = FILL_AREA_STYLE('',(#10968));
#10968 = FILL_AREA_STYLE_COLOUR('',#9491);
#10969 = OVER_RIDING_STYLED_ITEM('overriding color',(#10970),#8781,#9037
  );
#10970 = PRESENTATION_STYLE_ASSIGNMENT((#10971));
#10971 = SURFACE_STYLE_USAGE(.BOTH.,#10972);
#10972 = SURFACE_SIDE_STYLE('',(#10973));
#10973 = SURFACE_STYLE_FILL_AREA(#10974);
#10974 = FILL_AREA_STYLE('',(#10975));
#10975 = FILL_AREA_STYLE_COLOUR('',#9491);
#10976 = OVER_RIDING_STYLED_ITEM('overriding color',(#10977),#8801,#9037
  );
#10977 = PRESENTATION_STYLE_ASSIGNMENT((#10978));
#10978 = SURFACE_STYLE_USAGE(.BOTH.,#10979);
#10979 = SURFACE_SIDE_STYLE('',(#10980));
#10980 = SURFACE_STYLE_FILL_AREA(#10981);
#10981 = FILL_AREA_STYLE('',(#10982));
#10982 = FILL_AREA_STYLE_COLOUR('',#9491);
#10983 = OVER_RIDING_STYLED_ITEM('overriding color',(#10984),#8821,#9037
  );
#10984 = PRESENTATION_STYLE_ASSIGNMENT((#10985));
#10985 = SURFACE_STYLE_USAGE(.BOTH.,#10986);
#10986 = SURFACE_SIDE_STYLE('',(#10987));
#10987 = SURFACE_STYLE_FILL_AREA(#10988);
#10988 = FILL_AREA_STYLE('',(#10989));
#10989 = FILL_AREA_STYLE_COLOUR('',#9491);
#10990 = OVER_RIDING_STYLED_ITEM('overriding color',(#10991),#8837,#9037
  );
#10991 = PRESENTATION_STYLE_ASSIGNMENT((#10992));
#10992 = SURFACE_STYLE_USAGE(.BOTH.,#10993);
#10993 = SURFACE_SIDE_STYLE('',(#10994));
#10994 = SURFACE_STYLE_FILL_AREA(#10995);
#10995 = FILL_AREA_STYLE('',(#10996));
#10996 = FILL_AREA_STYLE_COLOUR('',#9491);
#10997 = OVER_RIDING_STYLED_ITEM('overriding color',(#10998),#8857,#9037
  );
#10998 = PRESENTATION_STYLE_ASSIGNMENT((#10999));
#10999 = SURFACE_STYLE_USAGE(.BOTH.,#11000);
#11000 = SURFACE_SIDE_STYLE('',(#11001));
#11001 = SURFACE_STYLE_FILL_AREA(#11002);
#11002 = FILL_AREA_STYLE('',(#11003));
#11003 = FILL_AREA_STYLE_COLOUR('',#9491);
#11004 = OVER_RIDING_STYLED_ITEM('overriding color',(#11005),#8877,#9037
  );
#11005 = PRESENTATION_STYLE_ASSIGNMENT((#11006));
#11006 = SURFACE_STYLE_USAGE(.BOTH.,#11007);
#11007 = SURFACE_SIDE_STYLE('',(#11008));
#11008 = SURFACE_STYLE_FILL_AREA(#11009);
#11009 = FILL_AREA_STYLE('',(#11010));
#11010 = FILL_AREA_STYLE_COLOUR('',#9491);
#11011 = OVER_RIDING_STYLED_ITEM('overriding color',(#11012),#8897,#9037
  );
#11012 = PRESENTATION_STYLE_ASSIGNMENT((#11013));
#11013 = SURFACE_STYLE_USAGE(.BOTH.,#11014);
#11014 = SURFACE_SIDE_STYLE('',(#11015));
#11015 = SURFACE_STYLE_FILL_AREA(#11016);
#11016 = FILL_AREA_STYLE('',(#11017));
#11017 = FILL_AREA_STYLE_COLOUR('',#9491);
#11018 = OVER_RIDING_STYLED_ITEM('overriding color',(#11019),#8913,#9037
  );
#11019 = PRESENTATION_STYLE_ASSIGNMENT((#11020));
#11020 = SURFACE_STYLE_USAGE(.BOTH.,#11021);
#11021 = SURFACE_SIDE_STYLE('',(#11022));
#11022 = SURFACE_STYLE_FILL_AREA(#11023);
#11023 = FILL_AREA_STYLE('',(#11024));
#11024 = FILL_AREA_STYLE_COLOUR('',#9491);
#11025 = OVER_RIDING_STYLED_ITEM('overriding color',(#11026),#8933,#9037
  );
#11026 = PRESENTATION_STYLE_ASSIGNMENT((#11027));
#11027 = SURFACE_STYLE_USAGE(.BOTH.,#11028);
#11028 = SURFACE_SIDE_STYLE('',(#11029));
#11029 = SURFACE_STYLE_FILL_AREA(#11030);
#11030 = FILL_AREA_STYLE('',(#11031));
#11031 = FILL_AREA_STYLE_COLOUR('',#9491);
#11032 = OVER_RIDING_STYLED_ITEM('overriding color',(#11033),#8949,#9037
  );
#11033 = PRESENTATION_STYLE_ASSIGNMENT((#11034));
#11034 = SURFACE_STYLE_USAGE(.BOTH.,#11035);
#11035 = SURFACE_SIDE_STYLE('',(#11036));
#11036 = SURFACE_STYLE_FILL_AREA(#11037);
#11037 = FILL_AREA_STYLE('',(#11038));
#11038 = FILL_AREA_STYLE_COLOUR('',#9491);
#11039 = OVER_RIDING_STYLED_ITEM('overriding color',(#11040),#8992,#9037
  );
#11040 = PRESENTATION_STYLE_ASSIGNMENT((#11041));
#11041 = SURFACE_STYLE_USAGE(.BOTH.,#11042);
#11042 = SURFACE_SIDE_STYLE('',(#11043));
#11043 = SURFACE_STYLE_FILL_AREA(#11044);
#11044 = FILL_AREA_STYLE('',(#11045));
#11045 = FILL_AREA_STYLE_COLOUR('',#9491);
#11046 = OVER_RIDING_STYLED_ITEM('overriding color',(#11047),#9020,#9037
  );
#11047 = PRESENTATION_STYLE_ASSIGNMENT((#11048));
#11048 = SURFACE_STYLE_USAGE(.BOTH.,#11049);
#11049 = SURFACE_SIDE_STYLE('',(#11050));
#11050 = SURFACE_STYLE_FILL_AREA(#11051);
#11051 = FILL_AREA_STYLE('',(#11052));
#11052 = FILL_AREA_STYLE_COLOUR('',#9111);
ENDSEC;
END-ISO-10303-21;
