ISO-10303-21;
HEADER;
FILE_DESCRIPTION(('Open CASCADE Model'),'2;1');
FILE_NAME('Open CASCADE Shape Model','2026-04-30T19:00:31',('Author'),(
    'Open CASCADE'),'Open CASCADE STEP processor 7.9','Open CASCADE 7.9'
  ,'Unknown');
FILE_SCHEMA(('AUTOMOTIVE_DESIGN { 1 0 10303 214 1 1 1 1 }'));
ENDSEC;
DATA;
#1 = APPLICATION_PROTOCOL_DEFINITION('international standard',
  'automotive_design',2000,#2);
#2 = APPLICATION_CONTEXT(
  'core data for automotive mechanical design processes');
#3 = SHAPE_DEFINITION_REPRESENTATION(#4,#10);
#4 = PRODUCT_DEFINITION_SHAPE('','',#5);
#5 = PRODUCT_DEFINITION('design','',#6,#9);
#6 = PRODUCT_DEFINITION_FORMATION('','',#7);
#7 = PRODUCT('SOLID','SOLID','',(#8));
#8 = PRODUCT_CONTEXT('',#2,'mechanical');
#9 = PRODUCT_DEFINITION_CONTEXT('part definition',#2,'design');
#10 = ADVANCED_BREP_SHAPE_REPRESENTATION('',(#11,#15),#11019);
#11 = AXIS2_PLACEMENT_3D('',#12,#13,#14);
#12 = CARTESIAN_POINT('',(0.,0.,0.));
#13 = DIRECTION('',(0.,0.,1.));
#14 = DIRECTION('',(1.,0.,-0.));
#15 = MANIFOLD_SOLID_BREP('',#16);
#16 = CLOSED_SHELL('',(#17,#72,#108,#135,#171,#216,#254,#1715,#1779,
    #2306,#2326,#2354,#2376,#2398,#2420,#2442,#2462,#2478,#2494,#2506,
    #2547,#2585,#2636,#2664,#2700,#2728,#2762,#2784,#2806,#2828,#2864,
    #2892,#2926,#2948,#2964,#3003,#3031,#3053,#3075,#3097,#3119,#3141,
    #3163,#3179,#3249,#3277,#3299,#3336,#3358,#3395,#3411,#3439,#3461,
    #3483,#3556,#3623,#3707,#3735,#3808,#3881,#3903,#3919,#3947,#3969,
    #3991,#4013,#4035,#4057,#4079,#4101,#4123,#4145,#4167,#4183,#4203,
    #4231,#4280,#4353,#4426,#4475,#4497,#4546,#4619,#4692,#4735,#4753,
    #4781,#4803,#4825,#4847,#4869,#4885,#4899,#4913,#4926,#4944,#4969,
    #4985,#4997,#5013,#5025,#5047,#5090,#5121,#5143,#5174,#5191,#5219,
    #5236,#5264,#5286,#5308,#5330,#5352,#5368,#5382,#5416,#5438,#5466,
    #5494,#5522,#5550,#5578,#5606,#5628,#5656,#5684,#5712,#5740,#5762,
    #5784,#5812,#5834,#5856,#5878,#5900,#5922,#5944,#5966,#5988,#6010,
    #6032,#6048,#6068,#6192,#6212,#6232,#6252,#6272,#6292,#6308,#6320,
    #6348,#6370,#6392,#6420,#6448,#6476,#6498,#6513,#6625,#6645,#6661,
    #6677,#6693,#6709,#6725,#6741,#6753,#6781,#6803,#6831,#6853,#6881,
    #6897,#6911,#6939,#6961,#6983,#7005,#7027,#7049,#7071,#7093,#7115,
    #7137,#7159,#7175,#7195,#7387,#7411,#7427,#7447,#7467,#7483,#7503,
    #7523,#7543,#7563,#7579,#7595,#7611,#7627,#7643,#7677,#7705,#7733,
    #7761,#7789,#7817,#7839,#7855,#7871,#7905,#7927,#7955,#7983,#8011,
    #8039,#8067,#8095,#8123,#8151,#8179,#8207,#8229,#8257,#8285,#8313,
    #8341,#8369,#8397,#8425,#8447,#8476,#8504,#8526,#8554,#8576,#8598,
    #8620,#8642,#8664,#8686,#8714,#8742,#8764,#8792,#8820,#8836,#8859,
    #8887,#8909,#8931,#8953,#8975,#8997,#9019,#9041,#9063,#9085,#9107,
    #9123,#9143,#9267,#9287,#9307,#9327,#9347,#9367,#9383,#9395,#9423,
    #9445,#9467,#9495,#9523,#9551,#9573,#9588,#9700,#9720,#9736,#9752,
    #9768,#9784,#9800,#9816,#9828,#9856,#9878,#9906,#9928,#9956,#9972,
    #9986,#10306,#10330,#10350,#10370,#10390,#10410,#10430,#10450,#10470
    ,#10490,#10510,#10530,#10550,#10566,#10582,#10598,#10614,#10634,
    #10654,#10674,#10694,#10714,#10734,#10754,#10770,#10790,#10810,
    #10826,#10846,#10866,#10886,#10902,#10922,#10938,#10981,#11009));
#17 = ADVANCED_FACE('',(#18),#56,.F.);
#18 = FACE_BOUND('',#19,.F.);
#19 = EDGE_LOOP('',(#20,#32,#40,#50));
#20 = ORIENTED_EDGE('',*,*,#21,.F.);
#21 = EDGE_CURVE('',#22,#24,#26,.T.);
#22 = VERTEX_POINT('',#23);
#23 = CARTESIAN_POINT('',(-1.01804812578,-8.959499808725E-14,
    0.351491634886));
#24 = VERTEX_POINT('',#25);
#25 = CARTESIAN_POINT('',(1.01804812578,-8.978201049404E-14,
    0.351491634886));
#26 = ( BOUNDED_CURVE() B_SPLINE_CURVE(2,(#27,#28,#29,#30,#31),
.UNSPECIFIED.,.F.,.F.) B_SPLINE_CURVE_WITH_KNOTS((3,2,3),(3.14159265359,
4.712388980385,6.28318530718),.PIECEWISE_BEZIER_KNOTS.) CURVE() 
GEOMETRIC_REPRESENTATION_ITEM() RATIONAL_B_SPLINE_CURVE((1.,
0.707106781187,1.,0.707106781187,1.)) REPRESENTATION_ITEM('') );
#27 = CARTESIAN_POINT('',(-1.01804812578,-8.947032314939E-14,
    0.351491634886));
#28 = CARTESIAN_POINT('',(-1.01804812578,-1.01804812578,0.351491634886)
  );
#29 = CARTESIAN_POINT('',(-1.870124067922E-16,-1.01804812578,
    0.351491634886));
#30 = CARTESIAN_POINT('',(1.01804812578,-1.01804812578,0.351491634886));
#31 = CARTESIAN_POINT('',(1.01804812578,-8.984434796297E-14,
    0.351491634886));
#32 = ORIENTED_EDGE('',*,*,#33,.T.);
#33 = EDGE_CURVE('',#22,#34,#36,.T.);
#34 = VERTEX_POINT('',#35);
#35 = CARTESIAN_POINT('',(-0.954742586034,-8.959499808725E-14,
    0.673721937689));
#36 = ( BOUNDED_CURVE() B_SPLINE_CURVE(2,(#37,#38,#39),.UNSPECIFIED.,.F.
,.F.) B_SPLINE_CURVE_WITH_KNOTS((3,3),(1.182816468109,1.570796326795),
.PIECEWISE_BEZIER_KNOTS.) CURVE() GEOMETRIC_REPRESENTATION_ITEM() 
RATIONAL_B_SPLINE_CURVE((1.,0.981242886954,1.)) REPRESENTATION_ITEM('') 
  );
#37 = CARTESIAN_POINT('',(-1.01804812578,-8.959499808725E-14,
    0.351491634886));
#38 = CARTESIAN_POINT('',(-0.954742586034,-8.959499808725E-14,
    0.506388265981));
#39 = CARTESIAN_POINT('',(-0.954742586034,-8.959499808725E-14,
    0.673721937689));
#40 = ORIENTED_EDGE('',*,*,#41,.F.);
#41 = EDGE_CURVE('',#42,#34,#44,.T.);
#42 = VERTEX_POINT('',#43);
#43 = CARTESIAN_POINT('',(0.954742586034,-8.977038145505E-14,
    0.673721937689));
#44 = ( BOUNDED_CURVE() B_SPLINE_CURVE(2,(#45,#46,#47,#48,#49),
.UNSPECIFIED.,.F.,.F.) B_SPLINE_CURVE_WITH_KNOTS((3,2,3),(3.14159265359,
4.712388980385,6.28318530718),.PIECEWISE_BEZIER_KNOTS.) CURVE() 
GEOMETRIC_REPRESENTATION_ITEM() RATIONAL_B_SPLINE_CURVE((1.,
0.707106781187,1.,0.707106781187,1.)) REPRESENTATION_ITEM('') );
#45 = CARTESIAN_POINT('',(0.954742586034,-8.947807584205E-14,
    0.673721937689));
#46 = CARTESIAN_POINT('',(0.954742586034,-0.954742586034,0.673721937689)
  );
#47 = CARTESIAN_POINT('',(1.753833677994E-16,-0.954742586034,
    0.673721937689));
#48 = CARTESIAN_POINT('',(-0.954742586034,-0.954742586034,0.673721937689
    ));
#49 = CARTESIAN_POINT('',(-0.954742586034,-8.982884257765E-14,
    0.673721937689));
#50 = ORIENTED_EDGE('',*,*,#51,.T.);
#51 = EDGE_CURVE('',#42,#24,#52,.T.);
#52 = ( BOUNDED_CURVE() B_SPLINE_CURVE(2,(#53,#54,#55),.UNSPECIFIED.,.F.
,.F.) B_SPLINE_CURVE_WITH_KNOTS((3,3),(4.712388980385,5.100368839071),
.PIECEWISE_BEZIER_KNOTS.) CURVE() GEOMETRIC_REPRESENTATION_ITEM() 
RATIONAL_B_SPLINE_CURVE((1.,0.981242886954,1.)) REPRESENTATION_ITEM('') 
  );
#53 = CARTESIAN_POINT('',(0.954742586034,-8.977038145505E-14,
    0.673721937689));
#54 = CARTESIAN_POINT('',(0.954742586034,-8.977038145505E-14,
    0.506388265981));
#55 = CARTESIAN_POINT('',(1.01804812578,-8.978201049404E-14,
    0.351491634886));
#56 = ( BOUNDED_SURFACE() B_SPLINE_SURFACE(2,2,(
    (#57,#58,#59)
    ,(#60,#61,#62)
    ,(#63,#64,#65)
    ,(#66,#67,#68)
    ,(#69,#70,#71
)),.UNSPECIFIED.,.F.,.F.,.F.) B_SPLINE_SURFACE_WITH_KNOTS((3,2,3),(3,3),
  (3.14159265359,4.712388980385,6.28318530718),(2.753612794904,
    3.14159265359),.PIECEWISE_BEZIER_KNOTS.) 
GEOMETRIC_REPRESENTATION_ITEM() RATIONAL_B_SPLINE_SURFACE((
    (1.,0.981242886954,1.)
    ,(0.707106781187,0.693843499356,0.707106781187)
    ,(1.,0.981242886954,1.)
    ,(0.707106781187,0.693843499356,0.707106781187)
,(1.,0.981242886954,1.))) REPRESENTATION_ITEM('') SURFACE() );
#57 = CARTESIAN_POINT('',(1.01804812578,-8.947032314939E-14,
    0.351491634886));
#58 = CARTESIAN_POINT('',(0.954742586034,-8.947807584205E-14,
    0.506388265981));
#59 = CARTESIAN_POINT('',(0.954742586034,-8.947807584205E-14,
    0.673721937689));
#60 = CARTESIAN_POINT('',(1.01804812578,-1.01804812578,0.351491634886));
#61 = CARTESIAN_POINT('',(0.954742586034,-0.954742586034,0.506388265981)
  );
#62 = CARTESIAN_POINT('',(0.954742586034,-0.954742586034,0.673721937689)
  );
#63 = CARTESIAN_POINT('',(1.870124067922E-16,-1.01804812578,
    0.351491634886));
#64 = CARTESIAN_POINT('',(1.753833677994E-16,-0.954742586034,
    0.506388265981));
#65 = CARTESIAN_POINT('',(1.753833677994E-16,-0.954742586034,
    0.673721937689));
#66 = CARTESIAN_POINT('',(-1.01804812578,-1.01804812578,0.351491634886)
  );
#67 = CARTESIAN_POINT('',(-0.954742586034,-0.954742586034,0.506388265981
    ));
#68 = CARTESIAN_POINT('',(-0.954742586034,-0.954742586034,0.673721937689
    ));
#69 = CARTESIAN_POINT('',(-1.01804812578,-8.984434796297E-14,
    0.351491634886));
#70 = CARTESIAN_POINT('',(-0.954742586034,-8.982884257765E-14,
    0.506388265981));
#71 = CARTESIAN_POINT('',(-0.954742586034,-8.982884257765E-14,
    0.673721937689));
#72 = ADVANCED_FACE('',(#73),#98,.F.);
#73 = FACE_BOUND('',#74,.F.);
#74 = EDGE_LOOP('',(#75,#83,#84,#92));
#75 = ORIENTED_EDGE('',*,*,#76,.F.);
#76 = EDGE_CURVE('',#24,#77,#79,.T.);
#77 = VERTEX_POINT('',#78);
#78 = CARTESIAN_POINT('',(0.,1.01804812578,0.351491634886));
#79 = ( BOUNDED_CURVE() B_SPLINE_CURVE(2,(#80,#81,#82),.UNSPECIFIED.,.F.
,.F.) B_SPLINE_CURVE_WITH_KNOTS((3,3),(0.,1.570796326795),
.PIECEWISE_BEZIER_KNOTS.) CURVE() GEOMETRIC_REPRESENTATION_ITEM() 
RATIONAL_B_SPLINE_CURVE((1.,0.707106781187,1.)) REPRESENTATION_ITEM('') 
  );
#80 = CARTESIAN_POINT('',(1.01804812578,-8.959499808725E-14,
    0.351491634886));
#81 = CARTESIAN_POINT('',(1.01804812578,1.01804812578,0.351491634886));
#82 = CARTESIAN_POINT('',(6.233746893073E-17,1.01804812578,
    0.351491634886));
#83 = ORIENTED_EDGE('',*,*,#51,.F.);
#84 = ORIENTED_EDGE('',*,*,#85,.F.);
#85 = EDGE_CURVE('',#86,#42,#88,.T.);
#86 = VERTEX_POINT('',#87);
#87 = CARTESIAN_POINT('',(0.,0.954742586034,0.673721937689));
#88 = ( BOUNDED_CURVE() B_SPLINE_CURVE(2,(#89,#90,#91),.UNSPECIFIED.,.F.
,.F.) B_SPLINE_CURVE_WITH_KNOTS((3,3),(1.570796326795,3.14159265359),
.PIECEWISE_BEZIER_KNOTS.) CURVE() GEOMETRIC_REPRESENTATION_ITEM() 
RATIONAL_B_SPLINE_CURVE((1.,0.707106781187,1.)) REPRESENTATION_ITEM('') 
  );
#89 = CARTESIAN_POINT('',(-5.84611225998E-17,0.954742586034,
    0.673721937689));
#90 = CARTESIAN_POINT('',(0.954742586034,0.954742586034,0.673721937689)
  );
#91 = CARTESIAN_POINT('',(0.954742586034,-8.947807584205E-14,
    0.673721937689));
#92 = ORIENTED_EDGE('',*,*,#93,.T.);
#93 = EDGE_CURVE('',#86,#77,#94,.T.);
#94 = ( BOUNDED_CURVE() B_SPLINE_CURVE(2,(#95,#96,#97),.UNSPECIFIED.,.F.
,.F.) B_SPLINE_CURVE_WITH_KNOTS((3,3),(4.712388980385,5.100368839071),
.PIECEWISE_BEZIER_KNOTS.) CURVE() GEOMETRIC_REPRESENTATION_ITEM() 
RATIONAL_B_SPLINE_CURVE((1.,0.981242886954,1.)) REPRESENTATION_ITEM('') 
  );
#95 = CARTESIAN_POINT('',(0.,0.954742586034,0.673721937689));
#96 = CARTESIAN_POINT('',(0.,0.954742586034,0.506388265981));
#97 = CARTESIAN_POINT('',(0.,1.01804812578,0.351491634886));
#98 = ( BOUNDED_SURFACE() B_SPLINE_SURFACE(2,2,(
    (#99,#100,#101)
    ,(#102,#103,#104)
    ,(#105,#106,#107
)),.UNSPECIFIED.,.F.,.F.,.F.) B_SPLINE_SURFACE_WITH_KNOTS((3,3),(3,3),(
    1.570796326795,3.14159265359),(2.753612794904,3.14159265359),
.PIECEWISE_BEZIER_KNOTS.) GEOMETRIC_REPRESENTATION_ITEM() 
RATIONAL_B_SPLINE_SURFACE((
    (1.,0.981242886954,1.)
    ,(0.707106781187,0.693843499356,0.707106781187)
,(1.,0.981242886954,1.))) REPRESENTATION_ITEM('') SURFACE() );
#99 = CARTESIAN_POINT('',(-6.233746893073E-17,1.01804812578,
    0.351491634886));
#100 = CARTESIAN_POINT('',(-5.84611225998E-17,0.954742586034,
    0.506388265981));
#101 = CARTESIAN_POINT('',(-5.84611225998E-17,0.954742586034,
    0.673721937689));
#102 = CARTESIAN_POINT('',(1.01804812578,1.01804812578,0.351491634886));
#103 = CARTESIAN_POINT('',(0.954742586034,0.954742586034,0.506388265981)
  );
#104 = CARTESIAN_POINT('',(0.954742586034,0.954742586034,0.673721937689)
  );
#105 = CARTESIAN_POINT('',(1.01804812578,-8.947032314939E-14,
    0.351491634886));
#106 = CARTESIAN_POINT('',(0.954742586034,-8.947807584205E-14,
    0.506388265981));
#107 = CARTESIAN_POINT('',(0.954742586034,-8.947807584205E-14,
    0.673721937689));
#108 = ADVANCED_FACE('',(#109),#125,.F.);
#109 = FACE_BOUND('',#110,.F.);
#110 = EDGE_LOOP('',(#111,#117,#118,#124));
#111 = ORIENTED_EDGE('',*,*,#112,.F.);
#112 = EDGE_CURVE('',#77,#22,#113,.T.);
#113 = ( BOUNDED_CURVE() B_SPLINE_CURVE(2,(#114,#115,#116),
.UNSPECIFIED.,.F.,.F.) B_SPLINE_CURVE_WITH_KNOTS((3,3),(1.570796326795,
3.14159265359),.PIECEWISE_BEZIER_KNOTS.) CURVE() 
GEOMETRIC_REPRESENTATION_ITEM() RATIONAL_B_SPLINE_CURVE((1.,
0.707106781187,1.)) REPRESENTATION_ITEM('') );
#114 = CARTESIAN_POINT('',(6.233746893073E-17,1.01804812578,
    0.351491634886));
#115 = CARTESIAN_POINT('',(-1.01804812578,1.01804812578,0.351491634886)
  );
#116 = CARTESIAN_POINT('',(-1.01804812578,-8.947032314939E-14,
    0.351491634886));
#117 = ORIENTED_EDGE('',*,*,#93,.F.);
#118 = ORIENTED_EDGE('',*,*,#119,.F.);
#119 = EDGE_CURVE('',#34,#86,#120,.T.);
#120 = ( BOUNDED_CURVE() B_SPLINE_CURVE(2,(#121,#122,#123),
.UNSPECIFIED.,.F.,.F.) B_SPLINE_CURVE_WITH_KNOTS((3,3),(0.,
1.570796326795),.PIECEWISE_BEZIER_KNOTS.) CURVE() 
GEOMETRIC_REPRESENTATION_ITEM() RATIONAL_B_SPLINE_CURVE((1.,
0.707106781187,1.)) REPRESENTATION_ITEM('') );
#121 = CARTESIAN_POINT('',(-0.954742586034,-8.959499808725E-14,
    0.673721937689));
#122 = CARTESIAN_POINT('',(-0.954742586034,0.954742586034,0.673721937689
    ));
#123 = CARTESIAN_POINT('',(-5.84611225998E-17,0.954742586034,
    0.673721937689));
#124 = ORIENTED_EDGE('',*,*,#33,.F.);
#125 = ( BOUNDED_SURFACE() B_SPLINE_SURFACE(2,2,(
    (#126,#127,#128)
    ,(#129,#130,#131)
    ,(#132,#133,#134
)),.UNSPECIFIED.,.F.,.F.,.F.) B_SPLINE_SURFACE_WITH_KNOTS((3,3),(3,3),(
    0.,1.570796326795),(2.753612794904,3.14159265359),
.PIECEWISE_BEZIER_KNOTS.) GEOMETRIC_REPRESENTATION_ITEM() 
RATIONAL_B_SPLINE_SURFACE((
    (1.,0.981242886954,1.)
    ,(0.707106781187,0.693843499356,0.707106781187)
,(1.,0.981242886954,1.))) REPRESENTATION_ITEM('') SURFACE() );
#126 = CARTESIAN_POINT('',(-1.01804812578,-8.959499808725E-14,
    0.351491634886));
#127 = CARTESIAN_POINT('',(-0.954742586034,-8.959499808725E-14,
    0.506388265981));
#128 = CARTESIAN_POINT('',(-0.954742586034,-8.959499808725E-14,
    0.673721937689));
#129 = CARTESIAN_POINT('',(-1.01804812578,1.01804812578,0.351491634886)
  );
#130 = CARTESIAN_POINT('',(-0.954742586034,0.954742586034,0.506388265981
    ));
#131 = CARTESIAN_POINT('',(-0.954742586034,0.954742586034,0.673721937689
    ));
#132 = CARTESIAN_POINT('',(-6.233746893073E-17,1.01804812578,
    0.351491634886));
#133 = CARTESIAN_POINT('',(-5.84611225998E-17,0.954742586034,
    0.506388265981));
#134 = CARTESIAN_POINT('',(-5.84611225998E-17,0.954742586034,
    0.673721937689));
#135 = ADVANCED_FACE('',(#136),#161,.F.);
#136 = FACE_BOUND('',#137,.F.);
#137 = EDGE_LOOP('',(#138,#146,#147,#155));
#138 = ORIENTED_EDGE('',*,*,#139,.T.);
#139 = EDGE_CURVE('',#140,#77,#142,.T.);
#140 = VERTEX_POINT('',#141);
#141 = CARTESIAN_POINT('',(0.,1.264224810447,0.186160081467));
#142 = ( BOUNDED_CURVE() B_SPLINE_CURVE(2,(#143,#144,#145),
.UNSPECIFIED.,.F.,.F.) B_SPLINE_CURVE_WITH_KNOTS((3,3),(3.14159265359,
4.324409121699),.PIECEWISE_BEZIER_KNOTS.) CURVE() 
GEOMETRIC_REPRESENTATION_ITEM() RATIONAL_B_SPLINE_CURVE((1.,
0.830156368891,1.)) REPRESENTATION_ITEM('') );
#143 = CARTESIAN_POINT('',(0.,1.264224810447,0.186160081467));
#144 = CARTESIAN_POINT('',(0.,1.085618370222,0.186160081467));
#145 = CARTESIAN_POINT('',(0.,1.01804812578,0.351491634886));
#146 = ORIENTED_EDGE('',*,*,#112,.T.);
#147 = ORIENTED_EDGE('',*,*,#148,.F.);
#148 = EDGE_CURVE('',#149,#22,#151,.T.);
#149 = VERTEX_POINT('',#150);
#150 = CARTESIAN_POINT('',(-1.264224810447,-8.959499808725E-14,
    0.186160081467));
#151 = ( BOUNDED_CURVE() B_SPLINE_CURVE(2,(#152,#153,#154),
.UNSPECIFIED.,.F.,.F.) B_SPLINE_CURVE_WITH_KNOTS((3,3),(0.,
1.182816468109),.PIECEWISE_BEZIER_KNOTS.) CURVE() 
GEOMETRIC_REPRESENTATION_ITEM() RATIONAL_B_SPLINE_CURVE((1.,
0.830156368891,1.)) REPRESENTATION_ITEM('') );
#152 = CARTESIAN_POINT('',(-1.264224810447,-8.959499808725E-14,
    0.186160081467));
#153 = CARTESIAN_POINT('',(-1.085618370222,-8.959499808725E-14,
    0.186160081467));
#154 = CARTESIAN_POINT('',(-1.01804812578,-8.959499808725E-14,
    0.351491634886));
#155 = ORIENTED_EDGE('',*,*,#156,.T.);
#156 = EDGE_CURVE('',#149,#140,#157,.T.);
#157 = ( BOUNDED_CURVE() B_SPLINE_CURVE(2,(#158,#159,#160),
.UNSPECIFIED.,.F.,.F.) B_SPLINE_CURVE_WITH_KNOTS((3,3),(3.14159265359,
4.712388980385),.PIECEWISE_BEZIER_KNOTS.) CURVE() 
GEOMETRIC_REPRESENTATION_ITEM() RATIONAL_B_SPLINE_CURVE((1.,
0.707106781187,1.)) REPRESENTATION_ITEM('') );
#158 = CARTESIAN_POINT('',(-1.264224810447,-8.9749820974E-14,
    0.186160081467));
#159 = CARTESIAN_POINT('',(-1.264224810447,1.264224810447,0.186160081467
    ));
#160 = CARTESIAN_POINT('',(-2.322343301275E-16,1.264224810447,
    0.186160081467));
#161 = ( BOUNDED_SURFACE() B_SPLINE_SURFACE(2,2,(
    (#162,#163,#164)
    ,(#165,#166,#167)
    ,(#168,#169,#170
)),.UNSPECIFIED.,.F.,.F.,.F.) B_SPLINE_SURFACE_WITH_KNOTS((3,3),(3,3),(
    0.,1.570796326795),(1.570796326795,2.753612794904),
.PIECEWISE_BEZIER_KNOTS.) GEOMETRIC_REPRESENTATION_ITEM() 
RATIONAL_B_SPLINE_SURFACE((
    (1.,0.830156368891,1.)
    ,(0.707106781187,0.587009197888,0.707106781187)
,(1.,0.830156368891,1.))) REPRESENTATION_ITEM('') SURFACE() );
#162 = CARTESIAN_POINT('',(-1.264224810447,-8.959499808725E-14,
    0.186160081467));
#163 = CARTESIAN_POINT('',(-1.085618370222,-8.959499808725E-14,
    0.186160081467));
#164 = CARTESIAN_POINT('',(-1.01804812578,-8.959499808725E-14,
    0.351491634886));
#165 = CARTESIAN_POINT('',(-1.264224810447,1.264224810447,0.186160081467
    ));
#166 = CARTESIAN_POINT('',(-1.085618370222,1.085618370222,0.186160081467
    ));
#167 = CARTESIAN_POINT('',(-1.01804812578,1.01804812578,0.351491634886)
  );
#168 = CARTESIAN_POINT('',(-7.741144337583E-17,1.264224810447,
    0.186160081467));
#169 = CARTESIAN_POINT('',(-6.647495310938E-17,1.085618370222,
    0.186160081467));
#170 = CARTESIAN_POINT('',(-6.233746893073E-17,1.01804812578,
    0.351491634886));
#171 = ADVANCED_FACE('',(#172),#206,.F.);
#172 = FACE_BOUND('',#173,.F.);
#173 = EDGE_LOOP('',(#174,#184,#192,#200));
#174 = ORIENTED_EDGE('',*,*,#175,.T.);
#175 = EDGE_CURVE('',#176,#178,#180,.T.);
#176 = VERTEX_POINT('',#177);
#177 = CARTESIAN_POINT('',(-0.418584008979,0.928013692696,0.995952240492
    ));
#178 = VERTEX_POINT('',#179);
#179 = CARTESIAN_POINT('',(-0.519802822683,1.152418932889,1.161283793911
    ));
#180 = ( BOUNDED_CURVE() B_SPLINE_CURVE(2,(#181,#182,#183),
.UNSPECIFIED.,.F.,.F.) B_SPLINE_CURVE_WITH_KNOTS((3,3),(0.387979858686,
1.570796326795),.PIECEWISE_BEZIER_KNOTS.) CURVE() 
GEOMETRIC_REPRESENTATION_ITEM() RATIONAL_B_SPLINE_CURVE((1.,
0.830156368891,1.)) REPRESENTATION_ITEM('') );
#181 = CARTESIAN_POINT('',(-0.418584008979,0.928013692696,0.995952240492
    ));
#182 = CARTESIAN_POINT('',(-0.446366412473,0.989608140417,1.161283793911
    ));
#183 = CARTESIAN_POINT('',(-0.519802822683,1.152418932889,1.161283793911
    ));
#184 = ORIENTED_EDGE('',*,*,#185,.T.);
#185 = EDGE_CURVE('',#178,#186,#188,.T.);
#186 = VERTEX_POINT('',#187);
#187 = CARTESIAN_POINT('',(-1.264224810447,-8.959499808725E-14,
    1.161283793911));
#188 = ( BOUNDED_CURVE() B_SPLINE_CURVE(2,(#189,#190,#191),
.UNSPECIFIED.,.F.,.F.) B_SPLINE_CURVE_WITH_KNOTS((3,3),(1.994526164432,
3.14159265359),.PIECEWISE_BEZIER_KNOTS.) CURVE() 
GEOMETRIC_REPRESENTATION_ITEM() RATIONAL_B_SPLINE_CURVE((1.,
0.839989072055,1.)) REPRESENTATION_ITEM('') );
#189 = CARTESIAN_POINT('',(-0.519802822683,1.152418932889,1.161283793911
    ));
#190 = CARTESIAN_POINT('',(-1.264224810447,0.816644641558,1.161283793911
    ));
#191 = CARTESIAN_POINT('',(-1.264224810447,-8.94401752005E-14,
    1.161283793911));
#192 = ORIENTED_EDGE('',*,*,#193,.F.);
#193 = EDGE_CURVE('',#194,#186,#196,.T.);
#194 = VERTEX_POINT('',#195);
#195 = CARTESIAN_POINT('',(-1.01804812578,-8.959499808725E-14,
    0.995952240492));
#196 = ( BOUNDED_CURVE() B_SPLINE_CURVE(2,(#197,#198,#199),
.UNSPECIFIED.,.F.,.F.) B_SPLINE_CURVE_WITH_KNOTS((3,3),(1.958776185481,
3.14159265359),.PIECEWISE_BEZIER_KNOTS.) CURVE() 
GEOMETRIC_REPRESENTATION_ITEM() RATIONAL_B_SPLINE_CURVE((1.,
0.830156368891,1.)) REPRESENTATION_ITEM('') );
#197 = CARTESIAN_POINT('',(-1.01804812578,-8.959499808725E-14,
    0.995952240492));
#198 = CARTESIAN_POINT('',(-1.085618370222,-8.959499808725E-14,
    1.161283793911));
#199 = CARTESIAN_POINT('',(-1.264224810447,-8.959499808725E-14,
    1.161283793911));
#200 = ORIENTED_EDGE('',*,*,#201,.T.);
#201 = EDGE_CURVE('',#194,#176,#202,.T.);
#202 = ( BOUNDED_CURVE() B_SPLINE_CURVE(2,(#203,#204,#205),
.UNSPECIFIED.,.F.,.F.) B_SPLINE_CURVE_WITH_KNOTS((3,3),(0.,
1.147066489158),.PIECEWISE_BEZIER_KNOTS.) CURVE() 
GEOMETRIC_REPRESENTATION_ITEM() RATIONAL_B_SPLINE_CURVE((1.,
0.839989072055,1.)) REPRESENTATION_ITEM('') );
#203 = CARTESIAN_POINT('',(-1.01804812578,-8.959499808725E-14,
    0.995952240492));
#204 = CARTESIAN_POINT('',(-1.01804812578,0.657623185288,0.995952240492)
  );
#205 = CARTESIAN_POINT('',(-0.418584008979,0.928013692696,0.995952240492
    ));
#206 = ( BOUNDED_SURFACE() B_SPLINE_SURFACE(2,2,(
    (#207,#208,#209)
    ,(#210,#211,#212)
    ,(#213,#214,#215
)),.UNSPECIFIED.,.F.,.F.,.F.) B_SPLINE_SURFACE_WITH_KNOTS((3,3),(3,3),(
    0.,1.147066489158),(3.529572512276,4.712388980385),
.PIECEWISE_BEZIER_KNOTS.) GEOMETRIC_REPRESENTATION_ITEM() 
RATIONAL_B_SPLINE_SURFACE((
    (1.,0.830156368891,1.)
    ,(0.839989072055,0.697322277966,0.839989072055)
,(1.,0.830156368891,1.))) REPRESENTATION_ITEM('') SURFACE() );
#207 = CARTESIAN_POINT('',(-1.01804812578,-8.959499808725E-14,
    0.995952240492));
#208 = CARTESIAN_POINT('',(-1.085618370222,-8.959499808725E-14,
    1.161283793911));
#209 = CARTESIAN_POINT('',(-1.264224810447,-8.959499808725E-14,
    1.161283793911));
#210 = CARTESIAN_POINT('',(-1.01804812578,0.657623185288,0.995952240492)
  );
#211 = CARTESIAN_POINT('',(-1.085618370222,0.701271180167,1.161283793911
    ));
#212 = CARTESIAN_POINT('',(-1.264224810447,0.816644641558,1.161283793911
    ));
#213 = CARTESIAN_POINT('',(-0.418584008979,0.928013692696,0.995952240492
    ));
#214 = CARTESIAN_POINT('',(-0.446366412473,0.989608140417,1.161283793911
    ));
#215 = CARTESIAN_POINT('',(-0.519802822683,1.152418932889,1.161283793911
    ));
#216 = ADVANCED_FACE('',(#217),#244,.F.);
#217 = FACE_BOUND('',#218,.F.);
#218 = EDGE_LOOP('',(#219,#227,#236,#237,#243));
#219 = ORIENTED_EDGE('',*,*,#220,.F.);
#220 = EDGE_CURVE('',#221,#86,#223,.T.);
#221 = VERTEX_POINT('',#222);
#222 = CARTESIAN_POINT('',(0.,1.03847277445,1.041991231058));
#223 = ( BOUNDED_CURVE() B_SPLINE_CURVE(2,(#224,#225,#226),
.UNSPECIFIED.,.F.,.F.) B_SPLINE_CURVE_WITH_KNOTS((3,3),(4.265267320395,
4.712388980385),.PIECEWISE_BEZIER_KNOTS.) CURVE() 
GEOMETRIC_REPRESENTATION_ITEM() RATIONAL_B_SPLINE_CURVE((1.,
0.975114185441,1.)) REPRESENTATION_ITEM('') );
#224 = CARTESIAN_POINT('',(0.,1.03847277445,1.041991231058));
#225 = CARTESIAN_POINT('',(0.,0.954742586034,0.867375086972));
#226 = CARTESIAN_POINT('',(0.,0.954742586034,0.673721937689));
#227 = ORIENTED_EDGE('',*,*,#228,.F.);
#228 = EDGE_CURVE('',#176,#221,#229,.T.);
#229 = B_SPLINE_CURVE_WITH_KNOTS('',3,(#230,#231,#232,#233,#234,#235),
  .UNSPECIFIED.,.F.,.F.,(4,2,4),(0.,2.458917503553E-04,
    4.917835007105E-04),.UNSPECIFIED.);
#230 = CARTESIAN_POINT('',(-0.418584008979,0.928013692696,0.995952240492
    ));
#231 = CARTESIAN_POINT('',(-0.351321411539,0.958352736088,0.995952240492
    ));
#232 = CARTESIAN_POINT('',(-0.284346295731,0.984999422177,1.007383403468
    ));
#233 = CARTESIAN_POINT('',(-0.146427063401,1.025032694142,1.030487015824
    ));
#234 = CARTESIAN_POINT('',(-7.416414736234E-02,1.03847277445,
    1.041991231058));
#235 = CARTESIAN_POINT('',(0.,1.03847277445,1.041991231058));
#236 = ORIENTED_EDGE('',*,*,#201,.F.);
#237 = ORIENTED_EDGE('',*,*,#238,.F.);
#238 = EDGE_CURVE('',#34,#194,#239,.T.);
#239 = ( BOUNDED_CURVE() B_SPLINE_CURVE(2,(#240,#241,#242),
.UNSPECIFIED.,.F.,.F.) B_SPLINE_CURVE_WITH_KNOTS((3,3),(1.570796326795,
1.958776185481),.PIECEWISE_BEZIER_KNOTS.) CURVE() 
GEOMETRIC_REPRESENTATION_ITEM() RATIONAL_B_SPLINE_CURVE((1.,
0.981242886954,1.)) REPRESENTATION_ITEM('') );
#240 = CARTESIAN_POINT('',(-0.954742586034,-8.959499808725E-14,
    0.673721937689));
#241 = CARTESIAN_POINT('',(-0.954742586034,-8.959499808725E-14,
    0.841055609396));
#242 = CARTESIAN_POINT('',(-1.01804812578,-8.959499808725E-14,
    0.995952240492));
#243 = ORIENTED_EDGE('',*,*,#119,.T.);
#244 = ( BOUNDED_SURFACE() B_SPLINE_SURFACE(2,2,(
    (#245,#246,#247)
    ,(#248,#249,#250)
    ,(#251,#252,#253
)),.UNSPECIFIED.,.F.,.F.,.F.) B_SPLINE_SURFACE_WITH_KNOTS((3,3),(3,3),(
    0.,1.570796326795),(3.14159265359,3.588714332253),
.PIECEWISE_BEZIER_KNOTS.) GEOMETRIC_REPRESENTATION_ITEM() 
RATIONAL_B_SPLINE_SURFACE((
    (1.,0.975114183371,1.)
    ,(0.707106781187,0.689509851493,0.707106781187)
,(1.,0.975114183371,1.))) REPRESENTATION_ITEM('') SURFACE() );
#245 = CARTESIAN_POINT('',(-0.954742586034,-8.959499808725E-14,
    0.673721937689));
#246 = CARTESIAN_POINT('',(-0.954742586034,-8.959499808725E-14,
    0.867375095336));
#247 = CARTESIAN_POINT('',(-1.038472781327,-8.959499808725E-14,
    1.041991245399));
#248 = CARTESIAN_POINT('',(-0.954742586034,0.954742586034,0.673721937689
    ));
#249 = CARTESIAN_POINT('',(-0.954742586034,0.954742586034,0.867375095336
    ));
#250 = CARTESIAN_POINT('',(-1.038472781327,1.038472781327,1.041991245399
    ));
#251 = CARTESIAN_POINT('',(-5.84611225998E-17,0.954742586034,
    0.673721937689));
#252 = CARTESIAN_POINT('',(-5.84611225998E-17,0.954742586034,
    0.867375095336));
#253 = CARTESIAN_POINT('',(-6.358811838266E-17,1.038472781327,
    1.041991245399));
#254 = ADVANCED_FACE('',(#255,#313,#399,#516,#703,#819,#878,#964,#1008,
    #1132,#1218,#1276,#1362,#1421),#1710,.T.);
#255 = FACE_BOUND('',#256,.T.);
#256 = EDGE_LOOP('',(#257,#266,#273,#280,#287,#294,#301,#308));
#257 = ORIENTED_EDGE('',*,*,#258,.F.);
#258 = EDGE_CURVE('',#259,#261,#263,.T.);
#259 = VERTEX_POINT('',#260);
#260 = CARTESIAN_POINT('',(1.064827287775,0.211004947792,1.338579014355)
  );
#261 = VERTEX_POINT('',#262);
#262 = CARTESIAN_POINT('',(1.064827287775,0.202294688642,1.338579014355)
  );
#263 = B_SPLINE_CURVE_WITH_KNOTS('',1,(#264,#265),.UNSPECIFIED.,.F.,.F.,
  (2,2),(-8.710259149808E-03,-0.),.PIECEWISE_BEZIER_KNOTS.);
#264 = CARTESIAN_POINT('',(1.064827287775,0.211004947792,1.338579014355)
  );
#265 = CARTESIAN_POINT('',(1.064827287775,0.202294688642,1.338579014355)
  );
#266 = ORIENTED_EDGE('',*,*,#267,.F.);
#267 = EDGE_CURVE('',#268,#259,#270,.T.);
#268 = VERTEX_POINT('',#269);
#269 = CARTESIAN_POINT('',(1.127928276279,0.235038811,1.338579014355));
#270 = B_SPLINE_CURVE_WITH_KNOTS('',1,(#271,#272),.UNSPECIFIED.,.F.,.F.,
  (2,2),(-6.752304296285E-02,-0.),.PIECEWISE_BEZIER_KNOTS.);
#271 = CARTESIAN_POINT('',(1.127928276279,0.235038811,1.338579014355));
#272 = CARTESIAN_POINT('',(1.064827287775,0.211004947792,1.338579014355)
  );
#273 = ORIENTED_EDGE('',*,*,#274,.F.);
#274 = EDGE_CURVE('',#275,#268,#277,.T.);
#275 = VERTEX_POINT('',#276);
#276 = CARTESIAN_POINT('',(1.127928276279,0.22603820988,1.338579014355)
  );
#277 = B_SPLINE_CURVE_WITH_KNOTS('',1,(#278,#279),.UNSPECIFIED.,.F.,.F.,
  (2,2),(-9.000601120693E-03,0.),.PIECEWISE_BEZIER_KNOTS.);
#278 = CARTESIAN_POINT('',(1.127928276279,0.22603820988,1.338579014355)
  );
#279 = CARTESIAN_POINT('',(1.127928276279,0.235038811,1.338579014355));
#280 = ORIENTED_EDGE('',*,*,#281,.F.);
#281 = EDGE_CURVE('',#282,#275,#284,.T.);
#282 = VERTEX_POINT('',#283);
#283 = CARTESIAN_POINT('',(1.110669059076,0.219602296174,1.338579014355)
  );
#284 = B_SPLINE_CURVE_WITH_KNOTS('',1,(#285,#286),.UNSPECIFIED.,.F.,.F.,
  (2,2),(-1.842014016469E-02,0.),.PIECEWISE_BEZIER_KNOTS.);
#285 = CARTESIAN_POINT('',(1.110669059076,0.219602296174,1.338579014355)
  );
#286 = CARTESIAN_POINT('',(1.127928276279,0.22603820988,1.338579014355)
  );
#287 = ORIENTED_EDGE('',*,*,#288,.F.);
#288 = EDGE_CURVE('',#289,#282,#291,.T.);
#289 = VERTEX_POINT('',#290);
#290 = CARTESIAN_POINT('',(1.110669059076,0.19332634774,1.338579014355)
  );
#291 = B_SPLINE_CURVE_WITH_KNOTS('',1,(#292,#293),.UNSPECIFIED.,.F.,.F.,
  (2,2),(-2.627594843422E-02,0.),.PIECEWISE_BEZIER_KNOTS.);
#292 = CARTESIAN_POINT('',(1.110669059076,0.19332634774,1.338579014355)
  );
#293 = CARTESIAN_POINT('',(1.110669059076,0.219602296174,1.338579014355)
  );
#294 = ORIENTED_EDGE('',*,*,#295,.F.);
#295 = EDGE_CURVE('',#296,#289,#298,.T.);
#296 = VERTEX_POINT('',#297);
#297 = CARTESIAN_POINT('',(1.127928276279,0.187261426555,1.338579014355)
  );
#298 = B_SPLINE_CURVE_WITH_KNOTS('',1,(#299,#300),.UNSPECIFIED.,.F.,.F.,
  (2,2),(-1.829381992509E-02,0.),.PIECEWISE_BEZIER_KNOTS.);
#299 = CARTESIAN_POINT('',(1.127928276279,0.187261426555,1.338579014355)
  );
#300 = CARTESIAN_POINT('',(1.110669059076,0.19332634774,1.338579014355)
  );
#301 = ORIENTED_EDGE('',*,*,#302,.F.);
#302 = EDGE_CURVE('',#303,#296,#305,.T.);
#303 = VERTEX_POINT('',#304);
#304 = CARTESIAN_POINT('',(1.127928276279,0.178260825434,1.338579014355)
  );
#305 = B_SPLINE_CURVE_WITH_KNOTS('',1,(#306,#307),.UNSPECIFIED.,.F.,.F.,
  (2,2),(-9.000601121123E-03,0.),.PIECEWISE_BEZIER_KNOTS.);
#306 = CARTESIAN_POINT('',(1.127928276279,0.178260825434,1.338579014355)
  );
#307 = CARTESIAN_POINT('',(1.127928276279,0.187261426555,1.338579014355)
  );
#308 = ORIENTED_EDGE('',*,*,#309,.F.);
#309 = EDGE_CURVE('',#261,#303,#310,.T.);
#310 = B_SPLINE_CURVE_WITH_KNOTS('',1,(#311,#312),.UNSPECIFIED.,.F.,.F.,
  (2,2),(-6.752304296301E-02,0.),.PIECEWISE_BEZIER_KNOTS.);
#311 = CARTESIAN_POINT('',(1.064827287775,0.202294688642,1.338579014355)
  );
#312 = CARTESIAN_POINT('',(1.127928276279,0.178260825434,1.338579014355)
  );
#313 = FACE_BOUND('',#314,.T.);
#314 = EDGE_LOOP('',(#315,#324,#331,#338,#345,#352,#359,#366,#373,#380,
    #387,#394));
#315 = ORIENTED_EDGE('',*,*,#316,.F.);
#316 = EDGE_CURVE('',#317,#319,#321,.T.);
#317 = VERTEX_POINT('',#318);
#318 = CARTESIAN_POINT('',(1.120734247426,0.111466041846,1.338579014355)
  );
#319 = VERTEX_POINT('',#320);
#320 = CARTESIAN_POINT('',(1.120734247426,8.567399669782E-02,
    1.338579014355));
#321 = B_SPLINE_CURVE_WITH_KNOTS('',1,(#322,#323),.UNSPECIFIED.,.F.,.F.,
  (2,2),(-2.579204514783E-02,-0.),.PIECEWISE_BEZIER_KNOTS.);
#322 = CARTESIAN_POINT('',(1.120734247426,0.111466041846,1.338579014355)
  );
#323 = CARTESIAN_POINT('',(1.120734247426,8.567399669782E-02,
    1.338579014355));
#324 = ORIENTED_EDGE('',*,*,#325,.F.);
#325 = EDGE_CURVE('',#326,#317,#328,.T.);
#326 = VERTEX_POINT('',#327);
#327 = CARTESIAN_POINT('',(1.127928276279,0.111466041846,1.338579014355)
  );
#328 = B_SPLINE_CURVE_WITH_KNOTS('',1,(#329,#330),.UNSPECIFIED.,.F.,.F.,
  (2,2),(-7.194028853007E-03,-0.),.PIECEWISE_BEZIER_KNOTS.);
#329 = CARTESIAN_POINT('',(1.127928276279,0.111466041846,1.338579014355)
  );
#330 = CARTESIAN_POINT('',(1.120734247426,0.111466041846,1.338579014355)
  );
#331 = ORIENTED_EDGE('',*,*,#332,.F.);
#332 = EDGE_CURVE('',#333,#326,#335,.T.);
#333 = VERTEX_POINT('',#334);
#334 = CARTESIAN_POINT('',(1.127928276279,7.752829138199E-02,
    1.338579014355));
#335 = B_SPLINE_CURVE_WITH_KNOTS('',1,(#336,#337),.UNSPECIFIED.,.F.,.F.,
  (2,2),(-3.393775046366E-02,0.),.PIECEWISE_BEZIER_KNOTS.);
#336 = CARTESIAN_POINT('',(1.127928276279,7.752829138199E-02,
    1.338579014355));
#337 = CARTESIAN_POINT('',(1.127928276279,0.111466041846,1.338579014355)
  );
#338 = ORIENTED_EDGE('',*,*,#339,.F.);
#339 = EDGE_CURVE('',#340,#333,#342,.T.);
#340 = VERTEX_POINT('',#341);
#341 = CARTESIAN_POINT('',(1.064827287775,7.752829138199E-02,
    1.338579014355));
#342 = B_SPLINE_CURVE_WITH_KNOTS('',1,(#343,#344),.UNSPECIFIED.,.F.,.F.,
  (2,2),(-6.310098850454E-02,0.),.PIECEWISE_BEZIER_KNOTS.);
#343 = CARTESIAN_POINT('',(1.064827287775,7.752829138199E-02,
    1.338579014355));
#344 = CARTESIAN_POINT('',(1.127928276279,7.752829138199E-02,
    1.338579014355));
#345 = ORIENTED_EDGE('',*,*,#346,.F.);
#346 = EDGE_CURVE('',#347,#340,#349,.T.);
#347 = VERTEX_POINT('',#348);
#348 = CARTESIAN_POINT('',(1.064827287775,0.110030462097,1.338579014355)
  );
#349 = B_SPLINE_CURVE_WITH_KNOTS('',1,(#350,#351),.UNSPECIFIED.,.F.,.F.,
  (2,2),(-3.250217071488E-02,0.),.PIECEWISE_BEZIER_KNOTS.);
#350 = CARTESIAN_POINT('',(1.064827287775,0.110030462097,1.338579014355)
  );
#351 = CARTESIAN_POINT('',(1.064827287775,7.752829138199E-02,
    1.338579014355));
#352 = ORIENTED_EDGE('',*,*,#353,.F.);
#353 = EDGE_CURVE('',#354,#347,#356,.T.);
#354 = VERTEX_POINT('',#355);
#355 = CARTESIAN_POINT('',(1.072085837066,0.110030462097,1.338579014355)
  );
#356 = B_SPLINE_CURVE_WITH_KNOTS('',1,(#357,#358),.UNSPECIFIED.,.F.,.F.,
  (2,2),(-7.258549291075E-03,-0.),.PIECEWISE_BEZIER_KNOTS.);
#357 = CARTESIAN_POINT('',(1.072085837066,0.110030462097,1.338579014355)
  );
#358 = CARTESIAN_POINT('',(1.064827287775,0.110030462097,1.338579014355)
  );
#359 = ORIENTED_EDGE('',*,*,#360,.F.);
#360 = EDGE_CURVE('',#361,#354,#363,.T.);
#361 = VERTEX_POINT('',#362);
#362 = CARTESIAN_POINT('',(1.072085837066,8.567399669782E-02,
    1.338579014355));
#363 = B_SPLINE_CURVE_WITH_KNOTS('',1,(#364,#365),.UNSPECIFIED.,.F.,.F.,
  (2,2),(-2.435646539905E-02,0.),.PIECEWISE_BEZIER_KNOTS.);
#364 = CARTESIAN_POINT('',(1.072085837066,8.567399669782E-02,
    1.338579014355));
#365 = CARTESIAN_POINT('',(1.072085837066,0.110030462097,1.338579014355)
  );
#366 = ORIENTED_EDGE('',*,*,#367,.F.);
#367 = EDGE_CURVE('',#368,#361,#370,.T.);
#368 = VERTEX_POINT('',#369);
#369 = CARTESIAN_POINT('',(1.092280734205,8.567399669782E-02,
    1.338579014355));
#370 = B_SPLINE_CURVE_WITH_KNOTS('',1,(#371,#372),.UNSPECIFIED.,.F.,.F.,
  (2,2),(-2.019489713922E-02,-0.),.PIECEWISE_BEZIER_KNOTS.);
#371 = CARTESIAN_POINT('',(1.092280734205,8.567399669782E-02,
    1.338579014355));
#372 = CARTESIAN_POINT('',(1.072085837066,8.567399669782E-02,
    1.338579014355));
#373 = ORIENTED_EDGE('',*,*,#374,.F.);
#374 = EDGE_CURVE('',#375,#368,#377,.T.);
#375 = VERTEX_POINT('',#376);
#376 = CARTESIAN_POINT('',(1.092280734205,0.108240019938,1.338579014355)
  );
#377 = B_SPLINE_CURVE_WITH_KNOTS('',1,(#378,#379),.UNSPECIFIED.,.F.,.F.,
  (2,2),(-2.256602324045E-02,-0.),.PIECEWISE_BEZIER_KNOTS.);
#378 = CARTESIAN_POINT('',(1.092280734205,0.108240019938,1.338579014355)
  );
#379 = CARTESIAN_POINT('',(1.092280734205,8.567399669782E-02,
    1.338579014355));
#380 = ORIENTED_EDGE('',*,*,#381,.F.);
#381 = EDGE_CURVE('',#382,#375,#384,.T.);
#382 = VERTEX_POINT('',#383);
#383 = CARTESIAN_POINT('',(1.099507023277,0.108240019938,1.338579014355)
  );
#384 = B_SPLINE_CURVE_WITH_KNOTS('',1,(#385,#386),.UNSPECIFIED.,.F.,.F.,
  (2,2),(-7.226289072041E-03,-0.),.PIECEWISE_BEZIER_KNOTS.);
#385 = CARTESIAN_POINT('',(1.099507023277,0.108240019938,1.338579014355)
  );
#386 = CARTESIAN_POINT('',(1.092280734205,0.108240019938,1.338579014355)
  );
#387 = ORIENTED_EDGE('',*,*,#388,.F.);
#388 = EDGE_CURVE('',#389,#382,#391,.T.);
#389 = VERTEX_POINT('',#390);
#390 = CARTESIAN_POINT('',(1.099507023277,8.567399669782E-02,
    1.338579014355));
#391 = B_SPLINE_CURVE_WITH_KNOTS('',1,(#392,#393),.UNSPECIFIED.,.F.,.F.,
  (2,2),(-2.256602324045E-02,0.),.PIECEWISE_BEZIER_KNOTS.);
#392 = CARTESIAN_POINT('',(1.099507023277,8.567399669782E-02,
    1.338579014355));
#393 = CARTESIAN_POINT('',(1.099507023277,0.108240019938,1.338579014355)
  );
#394 = ORIENTED_EDGE('',*,*,#395,.F.);
#395 = EDGE_CURVE('',#319,#389,#396,.T.);
#396 = B_SPLINE_CURVE_WITH_KNOTS('',1,(#397,#398),.UNSPECIFIED.,.F.,.F.,
  (2,2),(-2.12272241492E-02,-0.),.PIECEWISE_BEZIER_KNOTS.);
#397 = CARTESIAN_POINT('',(1.120734247426,8.567399669782E-02,
    1.338579014355));
#398 = CARTESIAN_POINT('',(1.099507023277,8.567399669782E-02,
    1.338579014355));
#399 = FACE_BOUND('',#400,.T.);
#400 = EDGE_LOOP('',(#401,#410,#417,#424,#433,#442,#449,#458,#467,#474,
    #481,#488,#495,#502,#509));
#401 = ORIENTED_EDGE('',*,*,#402,.F.);
#402 = EDGE_CURVE('',#403,#405,#407,.T.);
#403 = VERTEX_POINT('',#404);
#404 = CARTESIAN_POINT('',(1.082860750236,6.081749790286E-02,
    1.338579014355));
#405 = VERTEX_POINT('',#406);
#406 = CARTESIAN_POINT('',(1.1167985007,4.851022432677E-02,
    1.338579014355));
#407 = B_SPLINE_CURVE_WITH_KNOTS('',1,(#408,#409),.UNSPECIFIED.,.F.,.F.,
  (2,2),(-3.610041397839E-02,2.081127819404E-16),
  .PIECEWISE_BEZIER_KNOTS.);
#408 = CARTESIAN_POINT('',(1.082860750236,6.081749790286E-02,
    1.338579014355));
#409 = CARTESIAN_POINT('',(1.1167985007,4.851022432677E-02,
    1.338579014355));
#410 = ORIENTED_EDGE('',*,*,#411,.F.);
#411 = EDGE_CURVE('',#412,#403,#414,.T.);
#412 = VERTEX_POINT('',#413);
#413 = CARTESIAN_POINT('',(1.082860750236,6.901159354682E-02,
    1.338579014355));
#414 = B_SPLINE_CURVE_WITH_KNOTS('',1,(#415,#416),.UNSPECIFIED.,.F.,.F.,
  (2,2),(-8.194095643957E-03,-0.),.PIECEWISE_BEZIER_KNOTS.);
#415 = CARTESIAN_POINT('',(1.082860750236,6.901159354682E-02,
    1.338579014355));
#416 = CARTESIAN_POINT('',(1.082860750236,6.081749790286E-02,
    1.338579014355));
#417 = ORIENTED_EDGE('',*,*,#418,.F.);
#418 = EDGE_CURVE('',#419,#412,#421,.T.);
#419 = VERTEX_POINT('',#420);
#420 = CARTESIAN_POINT('',(1.134735182503,4.855861465532E-02,
    1.338579014355));
#421 = B_SPLINE_CURVE_WITH_KNOTS('',1,(#422,#423),.UNSPECIFIED.,.F.,.F.,
  (2,2),(-5.576092779539E-02,0.),.PIECEWISE_BEZIER_KNOTS.);
#422 = CARTESIAN_POINT('',(1.134735182503,4.855861465532E-02,
    1.338579014355));
#423 = CARTESIAN_POINT('',(1.082860750236,6.901159354682E-02,
    1.338579014355));
#424 = ORIENTED_EDGE('',*,*,#425,.F.);
#425 = EDGE_CURVE('',#426,#419,#428,.T.);
#426 = VERTEX_POINT('',#427);
#427 = CARTESIAN_POINT('',(1.149155500429,3.247689544803E-02,
    1.338579014355));
#428 = B_SPLINE_CURVE_WITH_KNOTS('',3,(#429,#430,#431,#432),
  .UNSPECIFIED.,.F.,.F.,(4,4),(1.,2.),.PIECEWISE_BEZIER_KNOTS.);
#429 = CARTESIAN_POINT('',(1.149155500429,3.247689544803E-02,
    1.338579014355));
#430 = CARTESIAN_POINT('',(1.149155500429,3.939671243881E-02,
    1.338579014355));
#431 = CARTESIAN_POINT('',(1.144348727787,4.475190880488E-02,
    1.338579014355));
#432 = CARTESIAN_POINT('',(1.134735182503,4.855861465532E-02,
    1.338579014355));
#433 = ORIENTED_EDGE('',*,*,#434,.F.);
#434 = EDGE_CURVE('',#435,#426,#437,.T.);
#435 = VERTEX_POINT('',#436);
#436 = CARTESIAN_POINT('',(1.148510296047,2.737978083468E-02,
    1.338579014355));
#437 = B_SPLINE_CURVE_WITH_KNOTS('',3,(#438,#439,#440,#441),
  .UNSPECIFIED.,.F.,.F.,(4,4),(2.,3.),.PIECEWISE_BEZIER_KNOTS.);
#438 = CARTESIAN_POINT('',(1.148510296047,2.737978083468E-02,
    1.338579014355));
#439 = CARTESIAN_POINT('',(1.148929678895,2.878310036421E-02,
    1.338579014355));
#440 = CARTESIAN_POINT('',(1.149155500429,3.049289197501E-02,
    1.338579014355));
#441 = CARTESIAN_POINT('',(1.149155500429,3.247689544803E-02,
    1.338579014355));
#442 = ORIENTED_EDGE('',*,*,#443,.F.);
#443 = EDGE_CURVE('',#444,#435,#446,.T.);
#444 = VERTEX_POINT('',#445);
#445 = CARTESIAN_POINT('',(1.141477568289,2.737978083468E-02,
    1.338579014355));
#446 = B_SPLINE_CURVE_WITH_KNOTS('',1,(#447,#448),.UNSPECIFIED.,.F.,.F.,
  (2,2),(-7.03272775783E-03,1.968372358934E-16),
  .PIECEWISE_BEZIER_KNOTS.);
#447 = CARTESIAN_POINT('',(1.141477568289,2.737978083468E-02,
    1.338579014355));
#448 = CARTESIAN_POINT('',(1.148510296047,2.737978083468E-02,
    1.338579014355));
#449 = ORIENTED_EDGE('',*,*,#450,.F.);
#450 = EDGE_CURVE('',#451,#444,#453,.T.);
#451 = VERTEX_POINT('',#452);
#452 = CARTESIAN_POINT('',(1.142380854424,3.18639512855E-02,
    1.338579014355));
#453 = B_SPLINE_CURVE_WITH_KNOTS('',3,(#454,#455,#456,#457),
  .UNSPECIFIED.,.F.,.F.,(4,4),(4.,5.),.PIECEWISE_BEZIER_KNOTS.);
#454 = CARTESIAN_POINT('',(1.142380854424,3.18639512855E-02,
    1.338579014355));
#455 = CARTESIAN_POINT('',(1.142380854424,3.041224142742E-02,
    1.338579014355));
#456 = CARTESIAN_POINT('',(1.142090512452,2.892827135008E-02,
    1.338579014355));
#457 = CARTESIAN_POINT('',(1.141477568289,2.737978083468E-02,
    1.338579014355));
#458 = ORIENTED_EDGE('',*,*,#459,.F.);
#459 = EDGE_CURVE('',#460,#451,#462,.T.);
#460 = VERTEX_POINT('',#461);
#461 = CARTESIAN_POINT('',(1.136025591267,3.996126627257E-02,
    1.338579014355));
#462 = B_SPLINE_CURVE_WITH_KNOTS('',3,(#463,#464,#465,#466),
  .UNSPECIFIED.,.F.,.F.,(4,4),(5.,6.),.PIECEWISE_BEZIER_KNOTS.);
#463 = CARTESIAN_POINT('',(1.136025591267,3.996126627257E-02,
    1.338579014355));
#464 = CARTESIAN_POINT('',(1.140283940184,3.817082411419E-02,
    1.338579014355));
#465 = CARTESIAN_POINT('',(1.142380854424,3.547709582174E-02,
    1.338579014355));
#466 = CARTESIAN_POINT('',(1.142380854424,3.18639512855E-02,
    1.338579014355));
#467 = ORIENTED_EDGE('',*,*,#468,.F.);
#468 = EDGE_CURVE('',#469,#460,#471,.T.);
#469 = VERTEX_POINT('',#470);
#470 = CARTESIAN_POINT('',(1.127831495622,4.342923982293E-02,
    1.338579014355));
#471 = B_SPLINE_CURVE_WITH_KNOTS('',1,(#472,#473),.UNSPECIFIED.,.F.,.F.,
  (2,2),(-8.897754996367E-03,2.052454653417E-16),
  .PIECEWISE_BEZIER_KNOTS.);
#472 = CARTESIAN_POINT('',(1.127831495622,4.342923982293E-02,
    1.338579014355));
#473 = CARTESIAN_POINT('',(1.136025591267,3.996126627257E-02,
    1.338579014355));
#474 = ORIENTED_EDGE('',*,*,#475,.F.);
#475 = EDGE_CURVE('',#476,#469,#478,.T.);
#476 = VERTEX_POINT('',#477);
#477 = CARTESIAN_POINT('',(1.082860750236,2.575063977147E-02,
    1.338579014355));
#478 = B_SPLINE_CURVE_WITH_KNOTS('',1,(#479,#480),.UNSPECIFIED.,.F.,.F.,
  (2,2),(-4.832081166915E-02,0.),.PIECEWISE_BEZIER_KNOTS.);
#479 = CARTESIAN_POINT('',(1.082860750236,2.575063977147E-02,
    1.338579014355));
#480 = CARTESIAN_POINT('',(1.127831495622,4.342923982293E-02,
    1.338579014355));
#481 = ORIENTED_EDGE('',*,*,#482,.F.);
#482 = EDGE_CURVE('',#483,#476,#485,.T.);
#483 = VERTEX_POINT('',#484);
#484 = CARTESIAN_POINT('',(1.082860750236,3.45899397972E-02,
    1.338579014355));
#485 = B_SPLINE_CURVE_WITH_KNOTS('',1,(#486,#487),.UNSPECIFIED.,.F.,.F.,
  (2,2),(-8.839300025734E-03,-0.),.PIECEWISE_BEZIER_KNOTS.);
#486 = CARTESIAN_POINT('',(1.082860750236,3.45899397972E-02,
    1.338579014355));
#487 = CARTESIAN_POINT('',(1.082860750236,2.575063977147E-02,
    1.338579014355));
#488 = ORIENTED_EDGE('',*,*,#489,.F.);
#489 = EDGE_CURVE('',#490,#483,#492,.T.);
#490 = VERTEX_POINT('',#491);
#491 = CARTESIAN_POINT('',(1.116733980262,4.636491975836E-02,
    1.338579014355));
#492 = B_SPLINE_CURVE_WITH_KNOTS('',1,(#493,#494),.UNSPECIFIED.,.F.,.F.,
  (2,2),(-3.586148164051E-02,-0.),.PIECEWISE_BEZIER_KNOTS.);
#493 = CARTESIAN_POINT('',(1.116733980262,4.636491975836E-02,
    1.338579014355));
#494 = CARTESIAN_POINT('',(1.082860750236,3.45899397972E-02,
    1.338579014355));
#495 = ORIENTED_EDGE('',*,*,#496,.F.);
#496 = EDGE_CURVE('',#497,#490,#499,.T.);
#497 = VERTEX_POINT('',#498);
#498 = CARTESIAN_POINT('',(1.120443905455,4.73327263307E-02,
    1.338579014355));
#499 = B_SPLINE_CURVE_WITH_KNOTS('',1,(#500,#501),.UNSPECIFIED.,.F.,.F.,
  (2,2),(-3.834083267439E-03,-0.),.PIECEWISE_BEZIER_KNOTS.);
#500 = CARTESIAN_POINT('',(1.120443905455,4.73327263307E-02,
    1.338579014355));
#501 = CARTESIAN_POINT('',(1.116733980262,4.636491975836E-02,
    1.338579014355));
#502 = ORIENTED_EDGE('',*,*,#503,.F.);
#503 = EDGE_CURVE('',#504,#497,#506,.T.);
#504 = VERTEX_POINT('',#505);
#505 = CARTESIAN_POINT('',(1.120443905455,4.754241775443E-02,
    1.338579014355));
#506 = B_SPLINE_CURVE_WITH_KNOTS('',1,(#507,#508),.UNSPECIFIED.,.F.,.F.,
  (2,2),(-2.096914237279E-04,-0.),.PIECEWISE_BEZIER_KNOTS.);
#507 = CARTESIAN_POINT('',(1.120443905455,4.754241775443E-02,
    1.338579014355));
#508 = CARTESIAN_POINT('',(1.120443905455,4.73327263307E-02,
    1.338579014355));
#509 = ORIENTED_EDGE('',*,*,#510,.F.);
#510 = EDGE_CURVE('',#405,#504,#511,.T.);
#511 = B_SPLINE_CURVE_WITH_KNOTS('',3,(#512,#513,#514,#515),
  .UNSPECIFIED.,.F.,.F.,(4,4),(12.,13.),.PIECEWISE_BEZIER_KNOTS.);
#512 = CARTESIAN_POINT('',(1.1167985007,4.851022432677E-02,
    1.338579014355));
#513 = CARTESIAN_POINT('',(1.118379251434,4.802632104081E-02,
    1.338579014355));
#514 = CARTESIAN_POINT('',(1.119605139759,4.77037188496E-02,
    1.338579014355));
#515 = CARTESIAN_POINT('',(1.120443905455,4.754241775443E-02,
    1.338579014355));
#516 = FACE_BOUND('',#517,.T.);
#517 = EDGE_LOOP('',(#518,#527,#536,#545,#554,#563,#572,#581,#590,#599,
    #608,#615,#624,#633,#642,#651,#660,#669,#678,#687,#696));
#518 = ORIENTED_EDGE('',*,*,#519,.F.);
#519 = EDGE_CURVE('',#520,#522,#524,.T.);
#520 = VERTEX_POINT('',#521);
#521 = CARTESIAN_POINT('',(1.11818569012,-8.80005485451E-03,
    1.338579014355));
#522 = VERTEX_POINT('',#523);
#523 = CARTESIAN_POINT('',(1.126347525545,-8.80005485451E-03,
    1.338579014355));
#524 = B_SPLINE_CURVE_WITH_KNOTS('',1,(#525,#526),.UNSPECIFIED.,.F.,.F.,
  (2,2),(-8.161835424918E-03,0.),.PIECEWISE_BEZIER_KNOTS.);
#525 = CARTESIAN_POINT('',(1.11818569012,-8.80005485451E-03,
    1.338579014355));
#526 = CARTESIAN_POINT('',(1.126347525545,-8.80005485451E-03,
    1.338579014355));
#527 = ORIENTED_EDGE('',*,*,#528,.F.);
#528 = EDGE_CURVE('',#529,#520,#531,.T.);
#529 = VERTEX_POINT('',#530);
#530 = CARTESIAN_POINT('',(1.122540819694,4.200813431484E-03,
    1.338579014355));
#531 = B_SPLINE_CURVE_WITH_KNOTS('',3,(#532,#533,#534,#535),
  .UNSPECIFIED.,.F.,.F.,(4,4),(0.,1.),.PIECEWISE_BEZIER_KNOTS.);
#532 = CARTESIAN_POINT('',(1.122540819694,4.200813431484E-03,
    1.338579014355));
#533 = CARTESIAN_POINT('',(1.122540819694,-4.446581149511E-04,
    1.338579014355));
#534 = CARTESIAN_POINT('',(1.121089109836,-4.767527470602E-03,
    1.338579014355));
#535 = CARTESIAN_POINT('',(1.11818569012,-8.80005485451E-03,
    1.338579014355));
#536 = ORIENTED_EDGE('',*,*,#537,.F.);
#537 = EDGE_CURVE('',#538,#529,#540,.T.);
#538 = VERTEX_POINT('',#539);
#539 = CARTESIAN_POINT('',(1.11644363829,1.352401674317E-02,
    1.338579014355));
#540 = B_SPLINE_CURVE_WITH_KNOTS('',3,(#541,#542,#543,#544),
  .UNSPECIFIED.,.F.,.F.,(4,4),(1.,2.),.PIECEWISE_BEZIER_KNOTS.);
#541 = CARTESIAN_POINT('',(1.11644363829,1.352401674317E-02,
    1.338579014355));
#542 = CARTESIAN_POINT('',(1.120508425893,1.352401674317E-02,
    1.338579014355));
#543 = CARTESIAN_POINT('',(1.122540819694,1.041090560284E-02,
    1.338579014355));
#544 = CARTESIAN_POINT('',(1.122540819694,4.200813431484E-03,
    1.338579014355));
#545 = ORIENTED_EDGE('',*,*,#546,.F.);
#546 = EDGE_CURVE('',#547,#538,#549,.T.);
#547 = VERTEX_POINT('',#548);
#548 = CARTESIAN_POINT('',(1.112153029153,1.14916229416E-02,
    1.338579014355));
#549 = B_SPLINE_CURVE_WITH_KNOTS('',3,(#550,#551,#552,#553),
  .UNSPECIFIED.,.F.,.F.,(4,4),(2.,3.),.PIECEWISE_BEZIER_KNOTS.);
#550 = CARTESIAN_POINT('',(1.112153029153,1.14916229416E-02,
    1.338579014355));
#551 = CARTESIAN_POINT('',(1.113282136821,1.284655214279E-02,
    1.338579014355));
#552 = CARTESIAN_POINT('',(1.11470158646,1.352401674317E-02,
    1.338579014355));
#553 = CARTESIAN_POINT('',(1.11644363829,1.352401674317E-02,
    1.338579014355));
#554 = ORIENTED_EDGE('',*,*,#555,.F.);
#555 = EDGE_CURVE('',#556,#547,#558,.T.);
#556 = VERTEX_POINT('',#557);
#557 = CARTESIAN_POINT('',(1.108120501769,3.216876749839E-03,
    1.338579014355));
#558 = B_SPLINE_CURVE_WITH_KNOTS('',3,(#559,#560,#561,#562),
  .UNSPECIFIED.,.F.,.F.,(4,4),(3.,4.),.PIECEWISE_BEZIER_KNOTS.);
#559 = CARTESIAN_POINT('',(1.108120501769,3.216876749839E-03,
    1.338579014355));
#560 = CARTESIAN_POINT('',(1.109668992285,7.3784450101E-03,
    1.338579014355));
#561 = CARTESIAN_POINT('',(1.111023921486,1.013669374061E-02,
    1.338579014355));
#562 = CARTESIAN_POINT('',(1.112153029153,1.14916229416E-02,
    1.338579014355));
#563 = ORIENTED_EDGE('',*,*,#564,.F.);
#564 = EDGE_CURVE('',#565,#556,#567,.T.);
#565 = VERTEX_POINT('',#566);
#566 = CARTESIAN_POINT('',(1.102152361241,-6.509579300436E-03,
    1.338579014355));
#567 = B_SPLINE_CURVE_WITH_KNOTS('',3,(#568,#569,#570,#571),
  .UNSPECIFIED.,.F.,.F.,(4,4),(4.,5.),.PIECEWISE_BEZIER_KNOTS.);
#568 = CARTESIAN_POINT('',(1.102152361241,-6.509579300436E-03,
    1.338579014355));
#569 = CARTESIAN_POINT('',(1.104120234604,-5.025609223099E-03,
    1.338579014355));
#570 = CARTESIAN_POINT('',(1.106120368187,-1.767327096896E-03,
    1.338579014355));
#571 = CARTESIAN_POINT('',(1.108120501769,3.216876749839E-03,
    1.338579014355));
#572 = ORIENTED_EDGE('',*,*,#573,.F.);
#573 = EDGE_CURVE('',#574,#565,#576,.T.);
#574 = VERTEX_POINT('',#575);
#575 = CARTESIAN_POINT('',(1.095022852826,-8.751664525957E-03,
    1.338579014355));
#576 = B_SPLINE_CURVE_WITH_KNOTS('',3,(#577,#578,#579,#580),
  .UNSPECIFIED.,.F.,.F.,(4,4),(5.,6.),.PIECEWISE_BEZIER_KNOTS.);
#577 = CARTESIAN_POINT('',(1.095022852826,-8.751664525957E-03,
    1.338579014355));
#578 = CARTESIAN_POINT('',(1.097797231666,-8.751664525957E-03,
    1.338579014355));
#579 = CARTESIAN_POINT('',(1.100184487878,-8.009679487289E-03,
    1.338579014355));
#580 = CARTESIAN_POINT('',(1.102152361241,-6.509579300436E-03,
    1.338579014355));
#581 = ORIENTED_EDGE('',*,*,#582,.F.);
#582 = EDGE_CURVE('',#583,#574,#585,.T.);
#583 = VERTEX_POINT('',#584);
#584 = CARTESIAN_POINT('',(1.085409307543,-3.686810131635E-03,
    1.338579014355));
#585 = B_SPLINE_CURVE_WITH_KNOTS('',3,(#586,#587,#588,#589),
  .UNSPECIFIED.,.F.,.F.,(4,4),(6.,7.),.PIECEWISE_BEZIER_KNOTS.);
#586 = CARTESIAN_POINT('',(1.085409307543,-3.686810131635E-03,
    1.338579014355));
#587 = CARTESIAN_POINT('',(1.087828823973,-7.058003024678E-03,
    1.338579014355));
#588 = CARTESIAN_POINT('',(1.091022585661,-8.751664525957E-03,
    1.338579014355));
#589 = CARTESIAN_POINT('',(1.095022852826,-8.751664525957E-03,
    1.338579014355));
#590 = ORIENTED_EDGE('',*,*,#591,.F.);
#591 = EDGE_CURVE('',#592,#583,#594,.T.);
#592 = VERTEX_POINT('',#593);
#593 = CARTESIAN_POINT('',(1.081828423226,8.797894649151E-03,
    1.338579014355));
#594 = B_SPLINE_CURVE_WITH_KNOTS('',3,(#595,#596,#597,#598),
  .UNSPECIFIED.,.F.,.F.,(4,4),(7.,8.),.PIECEWISE_BEZIER_KNOTS.);
#595 = CARTESIAN_POINT('',(1.081828423226,8.797894649151E-03,
    1.338579014355));
#596 = CARTESIAN_POINT('',(1.081828423226,3.862081131185E-03,
    1.338579014355));
#597 = CARTESIAN_POINT('',(1.083022051331,-2.994871290764E-04,
    1.338579014355));
#598 = CARTESIAN_POINT('',(1.085409307543,-3.686810131635E-03,
    1.338579014355));
#599 = ORIENTED_EDGE('',*,*,#600,.F.);
#600 = EDGE_CURVE('',#601,#592,#603,.T.);
#601 = VERTEX_POINT('',#602);
#602 = CARTESIAN_POINT('',(1.083828556808,1.947602716204E-02,
    1.338579014355));
#603 = B_SPLINE_CURVE_WITH_KNOTS('',3,(#604,#605,#606,#607),
  .UNSPECIFIED.,.F.,.F.,(4,4),(8.,9.),.PIECEWISE_BEZIER_KNOTS.);
#604 = CARTESIAN_POINT('',(1.083828556808,1.947602716204E-02,
    1.338579014355));
#605 = CARTESIAN_POINT('',(1.082473627607,1.618548481658E-02,
    1.338579014355));
#606 = CARTESIAN_POINT('',(1.081828423226,1.263686071863E-02,
    1.338579014355));
#607 = CARTESIAN_POINT('',(1.081828423226,8.797894649151E-03,
    1.338579014355));
#608 = ORIENTED_EDGE('',*,*,#609,.F.);
#609 = EDGE_CURVE('',#610,#601,#612,.T.);
#610 = VERTEX_POINT('',#611);
#611 = CARTESIAN_POINT('',(1.091506488947,1.947602716204E-02,
    1.338579014355));
#612 = B_SPLINE_CURVE_WITH_KNOTS('',1,(#613,#614),.UNSPECIFIED.,.F.,.F.,
  (2,2),(-7.677932138961E-03,-0.),.PIECEWISE_BEZIER_KNOTS.);
#613 = CARTESIAN_POINT('',(1.091506488947,1.947602716204E-02,
    1.338579014355));
#614 = CARTESIAN_POINT('',(1.083828556808,1.947602716204E-02,
    1.338579014355));
#615 = ORIENTED_EDGE('',*,*,#616,.F.);
#616 = EDGE_CURVE('',#617,#610,#619,.T.);
#617 = VERTEX_POINT('',#618);
#618 = CARTESIAN_POINT('',(1.088248206821,8.023649391449E-03,
    1.338579014355));
#619 = B_SPLINE_CURVE_WITH_KNOTS('',3,(#620,#621,#622,#623),
  .UNSPECIFIED.,.F.,.F.,(4,4),(10.,11.),.PIECEWISE_BEZIER_KNOTS.);
#620 = CARTESIAN_POINT('',(1.088248206821,8.023649391449E-03,
    1.338579014355));
#621 = CARTESIAN_POINT('',(1.088248206821,1.229812841855E-02,
    1.338579014355));
#622 = CARTESIAN_POINT('',(1.089345054269,1.610483426899E-02,
    1.338579014355));
#623 = CARTESIAN_POINT('',(1.091506488947,1.947602716204E-02,
    1.338579014355));
#624 = ORIENTED_EDGE('',*,*,#625,.F.);
#625 = EDGE_CURVE('',#626,#617,#628,.T.);
#626 = VERTEX_POINT('',#627);
#627 = CARTESIAN_POINT('',(1.089925738213,1.797427110573E-03,
    1.338579014355));
#628 = B_SPLINE_CURVE_WITH_KNOTS('',3,(#629,#630,#631,#632),
  .UNSPECIFIED.,.F.,.F.,(4,4),(11.,12.),.PIECEWISE_BEZIER_KNOTS.);
#629 = CARTESIAN_POINT('',(1.089925738213,1.797427110573E-03,
    1.338579014355));
#630 = CARTESIAN_POINT('',(1.088796630545,3.394307954531E-03,
    1.338579014355));
#631 = CARTESIAN_POINT('',(1.088248206821,5.475092084877E-03,
    1.338579014355));
#632 = CARTESIAN_POINT('',(1.088248206821,8.023649391449E-03,
    1.338579014355));
#633 = ORIENTED_EDGE('',*,*,#634,.F.);
#634 = EDGE_CURVE('',#635,#626,#637,.T.);
#635 = VERTEX_POINT('',#636);
#636 = CARTESIAN_POINT('',(1.094313128006,-6.059592103409E-04,
    1.338579014355));
#637 = B_SPLINE_CURVE_WITH_KNOTS('',3,(#638,#639,#640,#641),
  .UNSPECIFIED.,.F.,.F.,(4,4),(12.,13.),.PIECEWISE_BEZIER_KNOTS.);
#638 = CARTESIAN_POINT('',(1.094313128006,-6.059592103409E-04,
    1.338579014355));
#639 = CARTESIAN_POINT('',(1.092506555739,-6.05959210341E-04,
    1.338579014355));
#640 = CARTESIAN_POINT('',(1.091022585661,2.005462666124E-04,
    1.338579014355));
#641 = CARTESIAN_POINT('',(1.089925738213,1.797427110573E-03,
    1.338579014355));
#642 = ORIENTED_EDGE('',*,*,#643,.F.);
#643 = EDGE_CURVE('',#644,#635,#646,.T.);
#644 = VERTEX_POINT('',#645);
#645 = CARTESIAN_POINT('',(1.098506956486,1.119962509975E-03,
    1.338579014355));
#646 = B_SPLINE_CURVE_WITH_KNOTS('',3,(#647,#648,#649,#650),
  .UNSPECIFIED.,.F.,.F.,(4,4),(13.,14.),.PIECEWISE_BEZIER_KNOTS.);
#647 = CARTESIAN_POINT('',(1.098506956486,1.119962509975E-03,
    1.338579014355));
#648 = CARTESIAN_POINT('',(1.097506889695,-2.527526706264E-05,
    1.338579014355));
#649 = CARTESIAN_POINT('',(1.096119700274,-6.059592103409E-04,
    1.338579014355));
#650 = CARTESIAN_POINT('',(1.094313128006,-6.059592103409E-04,
    1.338579014355));
#651 = ORIENTED_EDGE('',*,*,#652,.F.);
#652 = EDGE_CURVE('',#653,#644,#655,.T.);
#653 = VERTEX_POINT('',#654);
#654 = CARTESIAN_POINT('',(1.102378182775,8.797894649151E-03,
    1.338579014355));
#655 = B_SPLINE_CURVE_WITH_KNOTS('',3,(#656,#657,#658,#659),
  .UNSPECIFIED.,.F.,.F.,(4,4),(14.,15.),.PIECEWISE_BEZIER_KNOTS.);
#656 = CARTESIAN_POINT('',(1.102378182775,8.797894649151E-03,
    1.338579014355));
#657 = CARTESIAN_POINT('',(1.100829692259,4.829887703316E-03,
    1.338579014355));
#658 = CARTESIAN_POINT('',(1.099539283496,2.281330396745E-03,
    1.338579014355));
#659 = CARTESIAN_POINT('',(1.098506956486,1.119962509975E-03,
    1.338579014355));
#660 = ORIENTED_EDGE('',*,*,#661,.F.);
#661 = EDGE_CURVE('',#662,#653,#664,.T.);
#662 = VERTEX_POINT('',#663);
#663 = CARTESIAN_POINT('',(1.108217282426,1.899212387587E-02,
    1.338579014355));
#664 = B_SPLINE_CURVE_WITH_KNOTS('',3,(#665,#666,#667,#668),
  .UNSPECIFIED.,.F.,.F.,(4,4),(15.,16.),.PIECEWISE_BEZIER_KNOTS.);
#665 = CARTESIAN_POINT('',(1.108217282426,1.899212387587E-02,
    1.338579014355));
#666 = CARTESIAN_POINT('',(1.106217148844,1.7217811827E-02,
    1.338579014355));
#667 = CARTESIAN_POINT('',(1.104249275481,1.383048882444E-02,
    1.338579014355));
#668 = CARTESIAN_POINT('',(1.102378182775,8.797894649151E-03,
    1.338579014355));
#669 = ORIENTED_EDGE('',*,*,#670,.F.);
#670 = EDGE_CURVE('',#671,#662,#673,.T.);
#671 = VERTEX_POINT('',#672);
#672 = CARTESIAN_POINT('',(1.115669393032,2.163746183976E-02,
    1.338579014355));
#673 = B_SPLINE_CURVE_WITH_KNOTS('',3,(#674,#675,#676,#677),
  .UNSPECIFIED.,.F.,.F.,(4,4),(16.,17.),.PIECEWISE_BEZIER_KNOTS.);
#674 = CARTESIAN_POINT('',(1.115669393032,2.163746183976E-02,
    1.338579014355));
#675 = CARTESIAN_POINT('',(1.112701452877,2.163746183976E-02,
    1.338579014355));
#676 = CARTESIAN_POINT('',(1.110217416009,2.075030581522E-02,
    1.338579014355));
#677 = CARTESIAN_POINT('',(1.108217282426,1.899212387587E-02,
    1.338579014355));
#678 = ORIENTED_EDGE('',*,*,#679,.F.);
#679 = EDGE_CURVE('',#680,#671,#682,.T.);
#680 = VERTEX_POINT('',#681);
#681 = CARTESIAN_POINT('',(1.125411979192,1.655647733592E-02,
    1.338579014355));
#682 = B_SPLINE_CURVE_WITH_KNOTS('',3,(#683,#684,#685,#686),
  .UNSPECIFIED.,.F.,.F.,(4,4),(17.,18.),.PIECEWISE_BEZIER_KNOTS.);
#683 = CARTESIAN_POINT('',(1.125411979192,1.655647733592E-02,
    1.338579014355));
#684 = CARTESIAN_POINT('',(1.123056983199,1.994380033848E-02,
    1.338579014355));
#685 = CARTESIAN_POINT('',(1.119798701073,2.163746183976E-02,
    1.338579014355));
#686 = CARTESIAN_POINT('',(1.115669393032,2.163746183976E-02,
    1.338579014355));
#687 = ORIENTED_EDGE('',*,*,#688,.F.);
#688 = EDGE_CURVE('',#689,#680,#691,.T.);
#689 = VERTEX_POINT('',#690);
#690 = CARTESIAN_POINT('',(1.128992863509,3.426568173782E-03,
    1.338579014355));
#691 = B_SPLINE_CURVE_WITH_KNOTS('',3,(#692,#693,#694,#695),
  .UNSPECIFIED.,.F.,.F.,(4,4),(18.,19.),.PIECEWISE_BEZIER_KNOTS.);
#692 = CARTESIAN_POINT('',(1.128992863509,3.426568173782E-03,
    1.338579014355));
#693 = CARTESIAN_POINT('',(1.128992863509,8.797894649151E-03,
    1.338579014355));
#694 = CARTESIAN_POINT('',(1.127799235403,1.318528444288E-02,
    1.338579014355));
#695 = CARTESIAN_POINT('',(1.125411979192,1.655647733592E-02,
    1.338579014355));
#696 = ORIENTED_EDGE('',*,*,#697,.F.);
#697 = EDGE_CURVE('',#522,#689,#698,.T.);
#698 = B_SPLINE_CURVE_WITH_KNOTS('',3,(#699,#700,#701,#702),
  .UNSPECIFIED.,.F.,.F.,(4,4),(19.,20.),.PIECEWISE_BEZIER_KNOTS.);
#699 = CARTESIAN_POINT('',(1.126347525545,-8.80005485451E-03,
    1.338579014355));
#700 = CARTESIAN_POINT('',(1.128089577375,-5.315951194845E-03,
    1.338579014355));
#701 = CARTESIAN_POINT('',(1.128992863509,-1.251163591687E-03,
    1.338579014355));
#702 = CARTESIAN_POINT('',(1.128992863509,3.426568173782E-03,
    1.338579014355));
#703 = FACE_BOUND('',#704,.T.);
#704 = EDGE_LOOP('',(#705,#714,#723,#732,#739,#746,#753,#760,#769,#778,
    #787,#796,#803,#812));
#705 = ORIENTED_EDGE('',*,*,#706,.F.);
#706 = EDGE_CURVE('',#707,#709,#711,.T.);
#707 = VERTEX_POINT('',#708);
#708 = CARTESIAN_POINT('',(1.086022251705,-5.131902359141E-02,
    1.338579014355));
#709 = VERTEX_POINT('',#710);
#710 = CARTESIAN_POINT('',(1.093700183844,-5.131902359141E-02,
    1.338579014355));
#711 = B_SPLINE_CURVE_WITH_KNOTS('',1,(#712,#713),.UNSPECIFIED.,.F.,.F.,
  (2,2),(-7.677932139394E-03,0.),.PIECEWISE_BEZIER_KNOTS.);
#712 = CARTESIAN_POINT('',(1.086022251705,-5.131902359141E-02,
    1.338579014355));
#713 = CARTESIAN_POINT('',(1.093700183844,-5.131902359141E-02,
    1.338579014355));
#714 = ORIENTED_EDGE('',*,*,#715,.F.);
#715 = EDGE_CURVE('',#716,#707,#718,.T.);
#716 = VERTEX_POINT('',#717);
#717 = CARTESIAN_POINT('',(1.081828423226,-3.580185821766E-02,
    1.338579014355));
#718 = B_SPLINE_CURVE_WITH_KNOTS('',3,(#719,#720,#721,#722),
  .UNSPECIFIED.,.F.,.F.,(4,4),(0.,1.),.PIECEWISE_BEZIER_KNOTS.);
#719 = CARTESIAN_POINT('',(1.081828423226,-3.580185821766E-02,
    1.338579014355));
#720 = CARTESIAN_POINT('',(1.081828423226,-4.167321808873E-02,
    1.338579014355));
#721 = CARTESIAN_POINT('',(1.083215612646,-4.685098324989E-02,
    1.338579014355));
#722 = CARTESIAN_POINT('',(1.086022251705,-5.131902359141E-02,
    1.338579014355));
#723 = ORIENTED_EDGE('',*,*,#724,.F.);
#724 = EDGE_CURVE('',#725,#716,#727,.T.);
#725 = VERTEX_POINT('',#726);
#726 = CARTESIAN_POINT('',(1.098926339334,-1.951044758643E-02,
    1.338579014355));
#727 = B_SPLINE_CURVE_WITH_KNOTS('',3,(#728,#729,#730,#731),
  .UNSPECIFIED.,.F.,.F.,(4,4),(1.,2.),.PIECEWISE_BEZIER_KNOTS.);
#728 = CARTESIAN_POINT('',(1.098926339334,-1.951044758643E-02,
    1.338579014355));
#729 = CARTESIAN_POINT('',(1.087506221782,-1.951044758643E-02,
    1.338579014355));
#730 = CARTESIAN_POINT('',(1.081828423226,-2.494629450009E-02,
    1.338579014355));
#731 = CARTESIAN_POINT('',(1.081828423226,-3.580185821766E-02,
    1.338579014355));
#732 = ORIENTED_EDGE('',*,*,#733,.F.);
#733 = EDGE_CURVE('',#734,#725,#736,.T.);
#734 = VERTEX_POINT('',#735);
#735 = CARTESIAN_POINT('',(1.127928276279,-1.951044758643E-02,
    1.338579014355));
#736 = B_SPLINE_CURVE_WITH_KNOTS('',1,(#737,#738),.UNSPECIFIED.,.F.,.F.,
  (2,2),(-2.900193694527E-02,6.625077178509E-32),
  .PIECEWISE_BEZIER_KNOTS.);
#737 = CARTESIAN_POINT('',(1.127928276279,-1.951044758643E-02,
    1.338579014355));
#738 = CARTESIAN_POINT('',(1.098926339334,-1.951044758643E-02,
    1.338579014355));
#739 = ORIENTED_EDGE('',*,*,#740,.F.);
#740 = EDGE_CURVE('',#741,#734,#743,.T.);
#741 = VERTEX_POINT('',#742);
#742 = CARTESIAN_POINT('',(1.127928276279,-2.741420125907E-02,
    1.338579014355));
#743 = B_SPLINE_CURVE_WITH_KNOTS('',1,(#744,#745),.UNSPECIFIED.,.F.,.F.,
  (2,2),(-7.903753672639E-03,0.),.PIECEWISE_BEZIER_KNOTS.);
#744 = CARTESIAN_POINT('',(1.127928276279,-2.741420125907E-02,
    1.338579014355));
#745 = CARTESIAN_POINT('',(1.127928276279,-1.951044758643E-02,
    1.338579014355));
#746 = ORIENTED_EDGE('',*,*,#747,.F.);
#747 = EDGE_CURVE('',#748,#741,#750,.T.);
#748 = VERTEX_POINT('',#749);
#749 = CARTESIAN_POINT('',(1.12096006896,-2.741420125907E-02,
    1.338579014355));
#750 = B_SPLINE_CURVE_WITH_KNOTS('',1,(#751,#752),.UNSPECIFIED.,.F.,.F.,
  (2,2),(-6.968207319329E-03,0.),.PIECEWISE_BEZIER_KNOTS.);
#751 = CARTESIAN_POINT('',(1.12096006896,-2.741420125907E-02,
    1.338579014355));
#752 = CARTESIAN_POINT('',(1.127928276279,-2.741420125907E-02,
    1.338579014355));
#753 = ORIENTED_EDGE('',*,*,#754,.F.);
#754 = EDGE_CURVE('',#755,#748,#757,.T.);
#755 = VERTEX_POINT('',#756);
#756 = CARTESIAN_POINT('',(1.12096006896,-2.762389268301E-02,
    1.338579014355));
#757 = B_SPLINE_CURVE_WITH_KNOTS('',1,(#758,#759),.UNSPECIFIED.,.F.,.F.,
  (2,2),(-2.09691423943E-04,0.),.PIECEWISE_BEZIER_KNOTS.);
#758 = CARTESIAN_POINT('',(1.12096006896,-2.762389268301E-02,
    1.338579014355));
#759 = CARTESIAN_POINT('',(1.12096006896,-2.741420125907E-02,
    1.338579014355));
#760 = ORIENTED_EDGE('',*,*,#761,.F.);
#761 = EDGE_CURVE('',#762,#755,#764,.T.);
#762 = VERTEX_POINT('',#763);
#763 = CARTESIAN_POINT('',(1.128992863509,-4.143126644575E-02,
    1.338579014355));
#764 = B_SPLINE_CURVE_WITH_KNOTS('',3,(#765,#766,#767,#768),
  .UNSPECIFIED.,.F.,.F.,(4,4),(6.,7.),.PIECEWISE_BEZIER_KNOTS.);
#765 = CARTESIAN_POINT('',(1.128992863509,-4.143126644575E-02,
    1.338579014355));
#766 = CARTESIAN_POINT('',(1.128992863509,-3.535021515074E-02,
    1.338579014355));
#767 = CARTESIAN_POINT('',(1.126315265326,-3.073700382335E-02,
    1.338579014355));
#768 = CARTESIAN_POINT('',(1.12096006896,-2.762389268301E-02,
    1.338579014355));
#769 = ORIENTED_EDGE('',*,*,#770,.F.);
#770 = EDGE_CURVE('',#771,#762,#773,.T.);
#771 = VERTEX_POINT('',#772);
#772 = CARTESIAN_POINT('',(1.125444239411,-5.185131720592E-02,
    1.338579014355));
#773 = B_SPLINE_CURVE_WITH_KNOTS('',3,(#774,#775,#776,#777),
  .UNSPECIFIED.,.F.,.F.,(4,4),(7.,8.),.PIECEWISE_BEZIER_KNOTS.);
#774 = CARTESIAN_POINT('',(1.125444239411,-5.185131720592E-02,
    1.338579014355));
#775 = CARTESIAN_POINT('',(1.127799235403,-4.927049968032E-02,
    1.338579014355));
#776 = CARTESIAN_POINT('',(1.128992863509,-4.580252612995E-02,
    1.338579014355));
#777 = CARTESIAN_POINT('',(1.128992863509,-4.143126644575E-02,
    1.338579014355));
#778 = ORIENTED_EDGE('',*,*,#779,.F.);
#779 = EDGE_CURVE('',#780,#771,#782,.T.);
#780 = VERTEX_POINT('',#781);
#781 = CARTESIAN_POINT('',(1.115862954346,-5.572254349465E-02,
    1.338579014355));
#782 = B_SPLINE_CURVE_WITH_KNOTS('',3,(#783,#784,#785,#786),
  .UNSPECIFIED.,.F.,.F.,(4,4),(8.,9.),.PIECEWISE_BEZIER_KNOTS.);
#783 = CARTESIAN_POINT('',(1.115862954346,-5.572254349465E-02,
    1.338579014355));
#784 = CARTESIAN_POINT('',(1.11989548173,-5.572254349465E-02,
    1.338579014355));
#785 = CARTESIAN_POINT('',(1.123089243419,-5.443213473174E-02,
    1.338579014355));
#786 = CARTESIAN_POINT('',(1.125444239411,-5.185131720592E-02,
    1.338579014355));
#787 = ORIENTED_EDGE('',*,*,#788,.F.);
#788 = EDGE_CURVE('',#789,#780,#791,.T.);
#789 = VERTEX_POINT('',#790);
#790 = CARTESIAN_POINT('',(1.10115229445,-4.076993195488E-02,
    1.338579014355));
#791 = B_SPLINE_CURVE_WITH_KNOTS('',3,(#792,#793,#794,#795),
  .UNSPECIFIED.,.F.,.F.,(4,4),(9.,10.),.PIECEWISE_BEZIER_KNOTS.);
#792 = CARTESIAN_POINT('',(1.10115229445,-4.076993195488E-02,
    1.338579014355));
#793 = CARTESIAN_POINT('',(1.10253948387,-5.073833964792E-02,
    1.338579014355));
#794 = CARTESIAN_POINT('',(1.107443037169,-5.572254349465E-02,
    1.338579014355));
#795 = CARTESIAN_POINT('',(1.115862954346,-5.572254349465E-02,
    1.338579014355));
#796 = ORIENTED_EDGE('',*,*,#797,.F.);
#797 = EDGE_CURVE('',#798,#789,#800,.T.);
#798 = VERTEX_POINT('',#799);
#799 = CARTESIAN_POINT('',(1.099281201743,-2.741420125907E-02,
    1.338579014355));
#800 = B_SPLINE_CURVE_WITH_KNOTS('',1,(#801,#802),.UNSPECIFIED.,.F.,.F.,
  (2,2),(-1.348616069659E-02,0.),.PIECEWISE_BEZIER_KNOTS.);
#801 = CARTESIAN_POINT('',(1.099281201743,-2.741420125907E-02,
    1.338579014355));
#802 = CARTESIAN_POINT('',(1.10115229445,-4.076993195488E-02,
    1.338579014355));
#803 = ORIENTED_EDGE('',*,*,#804,.F.);
#804 = EDGE_CURVE('',#805,#798,#807,.T.);
#805 = VERTEX_POINT('',#806);
#806 = CARTESIAN_POINT('',(1.088248206821,-3.654384325633E-02,
    1.338579014355));
#807 = B_SPLINE_CURVE_WITH_KNOTS('',3,(#808,#809,#810,#811),
  .UNSPECIFIED.,.F.,.F.,(4,4),(11.,12.),.PIECEWISE_BEZIER_KNOTS.);
#808 = CARTESIAN_POINT('',(1.088248206821,-3.654384325633E-02,
    1.338579014355));
#809 = CARTESIAN_POINT('',(1.088248206821,-3.046279196133E-02,
    1.338579014355));
#810 = CARTESIAN_POINT('',(1.091925871795,-2.741420125907E-02,
    1.338579014355));
#811 = CARTESIAN_POINT('',(1.099281201743,-2.741420125907E-02,
    1.338579014355));
#812 = ORIENTED_EDGE('',*,*,#813,.F.);
#813 = EDGE_CURVE('',#709,#805,#814,.T.);
#814 = B_SPLINE_CURVE_WITH_KNOTS('',3,(#815,#816,#817,#818),
  .UNSPECIFIED.,.F.,.F.,(4,4),(12.,13.),.PIECEWISE_BEZIER_KNOTS.);
#815 = CARTESIAN_POINT('',(1.093700183844,-5.131902359141E-02,
    1.338579014355));
#816 = CARTESIAN_POINT('',(1.090087039308,-4.68671133594E-02,
    1.338579014355));
#817 = CARTESIAN_POINT('',(1.088248206821,-4.194742995095E-02,
    1.338579014355));
#818 = CARTESIAN_POINT('',(1.088248206821,-3.654384325633E-02,
    1.338579014355));
#819 = FACE_BOUND('',#820,.T.);
#820 = EDGE_LOOP('',(#821,#832,#839,#846,#853,#862,#871));
#821 = ORIENTED_EDGE('',*,*,#822,.F.);
#822 = EDGE_CURVE('',#823,#825,#827,.T.);
#823 = VERTEX_POINT('',#824);
#824 = CARTESIAN_POINT('',(1.027824816499,6.172078403671E-02,
    1.338579014355));
#825 = VERTEX_POINT('',#826);
#826 = CARTESIAN_POINT('',(1.018985516474,8.622242042185E-02,
    1.338579014355));
#827 = B_SPLINE_CURVE_WITH_KNOTS('',3,(#828,#829,#830,#831),
  .UNSPECIFIED.,.F.,.F.,(4,4),(5.,6.),.PIECEWISE_BEZIER_KNOTS.);
#828 = CARTESIAN_POINT('',(1.027824816499,6.172078403671E-02,
    1.338579014355));
#829 = CARTESIAN_POINT('',(1.027824816499,7.170532183927E-02,
    1.338579014355));
#830 = CARTESIAN_POINT('',(1.024889136564,7.988328737413E-02,
    1.338579014355));
#831 = CARTESIAN_POINT('',(1.018985516474,8.622242042185E-02,
    1.338579014355));
#832 = ORIENTED_EDGE('',*,*,#833,.F.);
#833 = EDGE_CURVE('',#834,#823,#836,.T.);
#834 = VERTEX_POINT('',#835);
#835 = CARTESIAN_POINT('',(1.027824816499,4.436478617602E-02,
    1.338579014355));
#836 = B_SPLINE_CURVE_WITH_KNOTS('',1,(#837,#838),.UNSPECIFIED.,.F.,.F.,
  (2,2),(-1.735599786068E-02,-4.920930897335E-17),
  .PIECEWISE_BEZIER_KNOTS.);
#837 = CARTESIAN_POINT('',(1.027824816499,4.436478617602E-02,
    1.338579014355));
#838 = CARTESIAN_POINT('',(1.027824816499,6.172078403671E-02,
    1.338579014355));
#839 = ORIENTED_EDGE('',*,*,#840,.F.);
#840 = EDGE_CURVE('',#841,#834,#843,.T.);
#841 = VERTEX_POINT('',#842);
#842 = CARTESIAN_POINT('',(0.964723827995,4.436478617602E-02,
    1.338579014355));
#843 = B_SPLINE_CURVE_WITH_KNOTS('',1,(#844,#845),.UNSPECIFIED.,.F.,.F.,
  (2,2),(-6.310098850454E-02,0.),.PIECEWISE_BEZIER_KNOTS.);
#844 = CARTESIAN_POINT('',(0.964723827995,4.436478617602E-02,
    1.338579014355));
#845 = CARTESIAN_POINT('',(1.027824816499,4.436478617602E-02,
    1.338579014355));
#846 = ORIENTED_EDGE('',*,*,#847,.F.);
#847 = EDGE_CURVE('',#848,#841,#850,.T.);
#848 = VERTEX_POINT('',#849);
#849 = CARTESIAN_POINT('',(0.964723827995,6.236598841827E-02,
    1.338579014355));
#850 = B_SPLINE_CURVE_WITH_KNOTS('',1,(#851,#852),.UNSPECIFIED.,.F.,.F.,
  (2,2),(-1.800120224225E-02,-0.),.PIECEWISE_BEZIER_KNOTS.);
#851 = CARTESIAN_POINT('',(0.964723827995,6.236598841827E-02,
    1.338579014355));
#852 = CARTESIAN_POINT('',(0.964723827995,4.436478617602E-02,
    1.338579014355));
#853 = ORIENTED_EDGE('',*,*,#854,.F.);
#854 = EDGE_CURVE('',#855,#848,#857,.T.);
#855 = VERTEX_POINT('',#856);
#856 = CARTESIAN_POINT('',(0.973079224734,8.622242042185E-02,
    1.338579014355));
#857 = B_SPLINE_CURVE_WITH_KNOTS('',3,(#858,#859,#860,#861),
  .UNSPECIFIED.,.F.,.F.,(4,4),(2.,3.),.PIECEWISE_BEZIER_KNOTS.);
#858 = CARTESIAN_POINT('',(0.973079224734,8.622242042185E-02,
    1.338579014355));
#859 = CARTESIAN_POINT('',(0.967498206835,7.988328737413E-02,
    1.338579014355));
#860 = CARTESIAN_POINT('',(0.964723827995,7.193114337294E-02,
    1.338579014355));
#861 = CARTESIAN_POINT('',(0.964723827995,6.236598841827E-02,
    1.338579014355));
#862 = ORIENTED_EDGE('',*,*,#863,.F.);
#863 = EDGE_CURVE('',#864,#855,#866,.T.);
#864 = VERTEX_POINT('',#865);
#865 = CARTESIAN_POINT('',(0.99546781677,9.573918504796E-02,
    1.338579014355));
#866 = B_SPLINE_CURVE_WITH_KNOTS('',3,(#867,#868,#869,#870),
  .UNSPECIFIED.,.F.,.F.,(4,4),(3.,4.),.PIECEWISE_BEZIER_KNOTS.);
#867 = CARTESIAN_POINT('',(0.99546781677,9.573918504796E-02,
    1.338579014355));
#868 = CARTESIAN_POINT('',(0.98611235324,9.573918504796E-02,
    1.338579014355));
#869 = CARTESIAN_POINT('',(0.978660242634,9.256155346956E-02,
    1.338579014355));
#870 = CARTESIAN_POINT('',(0.973079224734,8.622242042185E-02,
    1.338579014355));
#871 = ORIENTED_EDGE('',*,*,#872,.F.);
#872 = EDGE_CURVE('',#825,#864,#873,.T.);
#873 = B_SPLINE_CURVE_WITH_KNOTS('',3,(#874,#875,#876,#877),
  .UNSPECIFIED.,.F.,.F.,(4,4),(4.,5.),.PIECEWISE_BEZIER_KNOTS.);
#874 = CARTESIAN_POINT('',(1.018985516474,8.622242042185E-02,
    1.338579014355));
#875 = CARTESIAN_POINT('',(1.013081896383,9.256155346956E-02,
    1.338579014355));
#876 = CARTESIAN_POINT('',(1.005242663149,9.573918504796E-02,
    1.338579014355));
#877 = CARTESIAN_POINT('',(0.99546781677,9.573918504796E-02,
    1.338579014355));
#878 = FACE_BOUND('',#879,.T.);
#879 = EDGE_LOOP('',(#880,#889,#896,#903,#910,#917,#924,#931,#938,#945,
    #952,#959));
#880 = ORIENTED_EDGE('',*,*,#881,.F.);
#881 = EDGE_CURVE('',#882,#884,#886,.T.);
#882 = VERTEX_POINT('',#883);
#883 = CARTESIAN_POINT('',(-1.108095127778,1.152418932889,1.338579014355
    ));
#884 = VERTEX_POINT('',#885);
#885 = CARTESIAN_POINT('',(1.108095127778,1.152418932889,1.338579014355)
  );
#886 = B_SPLINE_CURVE_WITH_KNOTS('',1,(#887,#888),.UNSPECIFIED.,.F.,.F.,
  (2,2),(0.,2.216190255555),.PIECEWISE_BEZIER_KNOTS.);
#887 = CARTESIAN_POINT('',(-1.108095127778,1.152418932889,1.338579014355
    ));
#888 = CARTESIAN_POINT('',(1.108095127778,1.152418932889,1.338579014355)
  );
#889 = ORIENTED_EDGE('',*,*,#890,.T.);
#890 = EDGE_CURVE('',#882,#891,#893,.T.);
#891 = VERTEX_POINT('',#892);
#892 = CARTESIAN_POINT('',(-1.108095127778,0.930799907333,1.338579014355
    ));
#893 = B_SPLINE_CURVE_WITH_KNOTS('',1,(#894,#895),.UNSPECIFIED.,.F.,.F.,
  (2,2),(-1.152418932889,-0.930799907333),.PIECEWISE_BEZIER_KNOTS.);
#894 = CARTESIAN_POINT('',(-1.108095127778,1.152418932889,1.338579014355
    ));
#895 = CARTESIAN_POINT('',(-1.108095127778,0.930799907333,1.338579014355
    ));
#896 = ORIENTED_EDGE('',*,*,#897,.T.);
#897 = EDGE_CURVE('',#891,#898,#900,.T.);
#898 = VERTEX_POINT('',#899);
#899 = CARTESIAN_POINT('',(-1.329714153333,0.709180881778,1.338579014355
    ));
#900 = B_SPLINE_CURVE_WITH_KNOTS('',1,(#901,#902),.UNSPECIFIED.,.F.,.F.,
  (2,2),(0.125366652648,0.438783284269),.PIECEWISE_BEZIER_KNOTS.);
#901 = CARTESIAN_POINT('',(-1.108095127778,0.930799907333,1.338579014355
    ));
#902 = CARTESIAN_POINT('',(-1.329714153333,0.709180881778,1.338579014355
    ));
#903 = ORIENTED_EDGE('',*,*,#904,.T.);
#904 = EDGE_CURVE('',#898,#905,#907,.T.);
#905 = VERTEX_POINT('',#906);
#906 = CARTESIAN_POINT('',(-1.329714153333,-0.709180881778,
    1.338579014355));
#907 = B_SPLINE_CURVE_WITH_KNOTS('',1,(#908,#909),.UNSPECIFIED.,.F.,.F.,
  (2,2),(-0.709180881778,0.709180881778),.PIECEWISE_BEZIER_KNOTS.);
#908 = CARTESIAN_POINT('',(-1.329714153333,0.709180881778,1.338579014355
    ));
#909 = CARTESIAN_POINT('',(-1.329714153333,-0.709180881778,
    1.338579014355));
#910 = ORIENTED_EDGE('',*,*,#911,.T.);
#911 = EDGE_CURVE('',#905,#912,#914,.T.);
#912 = VERTEX_POINT('',#913);
#913 = CARTESIAN_POINT('',(-1.108095127778,-0.930799907333,
    1.338579014355));
#914 = B_SPLINE_CURVE_WITH_KNOTS('',1,(#915,#916),.UNSPECIFIED.,.F.,.F.,
  (2,2),(-0.438783284269,-0.125366652648),.PIECEWISE_BEZIER_KNOTS.);
#915 = CARTESIAN_POINT('',(-1.329714153333,-0.709180881778,
    1.338579014355));
#916 = CARTESIAN_POINT('',(-1.108095127778,-0.930799907333,
    1.338579014355));
#917 = ORIENTED_EDGE('',*,*,#918,.T.);
#918 = EDGE_CURVE('',#912,#919,#921,.T.);
#919 = VERTEX_POINT('',#920);
#920 = CARTESIAN_POINT('',(-1.108095127778,-1.152418932889,
    1.338579014355));
#921 = B_SPLINE_CURVE_WITH_KNOTS('',1,(#922,#923),.UNSPECIFIED.,.F.,.F.,
  (2,2),(0.930799907333,1.152418932889),.PIECEWISE_BEZIER_KNOTS.);
#922 = CARTESIAN_POINT('',(-1.108095127778,-0.930799907333,
    1.338579014355));
#923 = CARTESIAN_POINT('',(-1.108095127778,-1.152418932889,
    1.338579014355));
#924 = ORIENTED_EDGE('',*,*,#925,.F.);
#925 = EDGE_CURVE('',#926,#919,#928,.T.);
#926 = VERTEX_POINT('',#927);
#927 = CARTESIAN_POINT('',(1.108095127778,-1.152418932889,1.338579014355
    ));
#928 = B_SPLINE_CURVE_WITH_KNOTS('',1,(#929,#930),.UNSPECIFIED.,.F.,.F.,
  (2,2),(-2.216190255555,-0.),.PIECEWISE_BEZIER_KNOTS.);
#929 = CARTESIAN_POINT('',(1.108095127778,-1.152418932889,1.338579014355
    ));
#930 = CARTESIAN_POINT('',(-1.108095127778,-1.152418932889,
    1.338579014355));
#931 = ORIENTED_EDGE('',*,*,#932,.T.);
#932 = EDGE_CURVE('',#926,#933,#935,.T.);
#933 = VERTEX_POINT('',#934);
#934 = CARTESIAN_POINT('',(1.108095127778,-0.930799907333,1.338579014355
    ));
#935 = B_SPLINE_CURVE_WITH_KNOTS('',1,(#936,#937),.UNSPECIFIED.,.F.,.F.,
  (2,2),(-1.152418932889,-0.930799907333),.PIECEWISE_BEZIER_KNOTS.);
#936 = CARTESIAN_POINT('',(1.108095127778,-1.152418932889,1.338579014355
    ));
#937 = CARTESIAN_POINT('',(1.108095127778,-0.930799907333,1.338579014355
    ));
#938 = ORIENTED_EDGE('',*,*,#939,.T.);
#939 = EDGE_CURVE('',#933,#940,#942,.T.);
#940 = VERTEX_POINT('',#941);
#941 = CARTESIAN_POINT('',(1.329714153333,-0.709180881778,1.338579014355
    ));
#942 = B_SPLINE_CURVE_WITH_KNOTS('',1,(#943,#944),.UNSPECIFIED.,.F.,.F.,
  (2,2),(0.125366652648,0.438783284269),.PIECEWISE_BEZIER_KNOTS.);
#943 = CARTESIAN_POINT('',(1.108095127778,-0.930799907333,1.338579014355
    ));
#944 = CARTESIAN_POINT('',(1.329714153333,-0.709180881778,1.338579014355
    ));
#945 = ORIENTED_EDGE('',*,*,#946,.T.);
#946 = EDGE_CURVE('',#940,#947,#949,.T.);
#947 = VERTEX_POINT('',#948);
#948 = CARTESIAN_POINT('',(1.329714153333,0.709180881778,1.338579014355)
  );
#949 = B_SPLINE_CURVE_WITH_KNOTS('',1,(#950,#951),.UNSPECIFIED.,.F.,.F.,
  (2,2),(-0.709180881778,0.709180881778),.PIECEWISE_BEZIER_KNOTS.);
#950 = CARTESIAN_POINT('',(1.329714153333,-0.709180881778,1.338579014355
    ));
#951 = CARTESIAN_POINT('',(1.329714153333,0.709180881778,1.338579014355)
  );
#952 = ORIENTED_EDGE('',*,*,#953,.T.);
#953 = EDGE_CURVE('',#947,#954,#956,.T.);
#954 = VERTEX_POINT('',#955);
#955 = CARTESIAN_POINT('',(1.108095127778,0.930799907333,1.338579014355)
  );
#956 = B_SPLINE_CURVE_WITH_KNOTS('',1,(#957,#958),.UNSPECIFIED.,.F.,.F.,
  (2,2),(-0.438783284269,-0.125366652648),.PIECEWISE_BEZIER_KNOTS.);
#957 = CARTESIAN_POINT('',(1.329714153333,0.709180881778,1.338579014355)
  );
#958 = CARTESIAN_POINT('',(1.108095127778,0.930799907333,1.338579014355)
  );
#959 = ORIENTED_EDGE('',*,*,#960,.T.);
#960 = EDGE_CURVE('',#954,#884,#961,.T.);
#961 = B_SPLINE_CURVE_WITH_KNOTS('',1,(#962,#963),.UNSPECIFIED.,.F.,.F.,
  (2,2),(0.930799907333,1.152418932889),.PIECEWISE_BEZIER_KNOTS.);
#962 = CARTESIAN_POINT('',(1.108095127778,0.930799907333,1.338579014355)
  );
#963 = CARTESIAN_POINT('',(1.108095127778,1.152418932889,1.338579014355)
  );
#964 = FACE_BOUND('',#965,.T.);
#965 = EDGE_LOOP('',(#966,#975,#982,#989,#996,#1003));
#966 = ORIENTED_EDGE('',*,*,#967,.F.);
#967 = EDGE_CURVE('',#968,#970,#972,.T.);
#968 = VERTEX_POINT('',#969);
#969 = CARTESIAN_POINT('',(1.020630787646,-6.394889935786E-02,
    1.338579014355));
#970 = VERTEX_POINT('',#971);
#971 = CARTESIAN_POINT('',(1.020630787646,-8.907961001504E-02,
    1.338579014355));
#972 = B_SPLINE_CURVE_WITH_KNOTS('',1,(#973,#974),.UNSPECIFIED.,.F.,.F.,
  (2,2),(-2.513071065718E-02,-0.),.PIECEWISE_BEZIER_KNOTS.);
#973 = CARTESIAN_POINT('',(1.020630787646,-6.394889935786E-02,
    1.338579014355));
#974 = CARTESIAN_POINT('',(1.020630787646,-8.907961001504E-02,
    1.338579014355));
#975 = ORIENTED_EDGE('',*,*,#976,.F.);
#976 = EDGE_CURVE('',#977,#968,#979,.T.);
#977 = VERTEX_POINT('',#978);
#978 = CARTESIAN_POINT('',(1.027824816499,-6.394889935786E-02,
    1.338579014355));
#979 = B_SPLINE_CURVE_WITH_KNOTS('',1,(#980,#981),.UNSPECIFIED.,.F.,.F.,
  (2,2),(-7.194028853006E-03,-0.),.PIECEWISE_BEZIER_KNOTS.);
#980 = CARTESIAN_POINT('',(1.027824816499,-6.394889935786E-02,
    1.338579014355));
#981 = CARTESIAN_POINT('',(1.020630787646,-6.394889935786E-02,
    1.338579014355));
#982 = ORIENTED_EDGE('',*,*,#983,.F.);
#983 = EDGE_CURVE('',#984,#977,#986,.T.);
#984 = VERTEX_POINT('',#985);
#985 = CARTESIAN_POINT('',(1.027824816499,-9.722531533066E-02,
    1.338579014355));
#986 = B_SPLINE_CURVE_WITH_KNOTS('',1,(#987,#988),.UNSPECIFIED.,.F.,.F.,
  (2,2),(-3.32764159728E-02,0.),.PIECEWISE_BEZIER_KNOTS.);
#987 = CARTESIAN_POINT('',(1.027824816499,-9.722531533066E-02,
    1.338579014355));
#988 = CARTESIAN_POINT('',(1.027824816499,-6.394889935786E-02,
    1.338579014355));
#989 = ORIENTED_EDGE('',*,*,#990,.F.);
#990 = EDGE_CURVE('',#991,#984,#993,.T.);
#991 = VERTEX_POINT('',#992);
#992 = CARTESIAN_POINT('',(0.964723827995,-9.722531533066E-02,
    1.338579014355));
#993 = B_SPLINE_CURVE_WITH_KNOTS('',1,(#994,#995),.UNSPECIFIED.,.F.,.F.,
  (2,2),(-6.310098850454E-02,0.),.PIECEWISE_BEZIER_KNOTS.);
#994 = CARTESIAN_POINT('',(0.964723827995,-9.722531533066E-02,
    1.338579014355));
#995 = CARTESIAN_POINT('',(1.027824816499,-9.722531533066E-02,
    1.338579014355));
#996 = ORIENTED_EDGE('',*,*,#997,.F.);
#997 = EDGE_CURVE('',#998,#991,#1000,.T.);
#998 = VERTEX_POINT('',#999);
#999 = CARTESIAN_POINT('',(0.964723827995,-8.907961001504E-02,
    1.338579014355));
#1000 = B_SPLINE_CURVE_WITH_KNOTS('',1,(#1001,#1002),.UNSPECIFIED.,.F.,
  .F.,(2,2),(-8.145705315618E-03,-0.),.PIECEWISE_BEZIER_KNOTS.);
#1001 = CARTESIAN_POINT('',(0.964723827995,-8.907961001504E-02,
    1.338579014355));
#1002 = CARTESIAN_POINT('',(0.964723827995,-9.722531533066E-02,
    1.338579014355));
#1003 = ORIENTED_EDGE('',*,*,#1004,.F.);
#1004 = EDGE_CURVE('',#970,#998,#1005,.T.);
#1005 = B_SPLINE_CURVE_WITH_KNOTS('',1,(#1006,#1007),.UNSPECIFIED.,.F.,
  .F.,(2,2),(-5.590695965153E-02,-0.),.PIECEWISE_BEZIER_KNOTS.);
#1006 = CARTESIAN_POINT('',(1.020630787646,-8.907961001504E-02,
    1.338579014355));
#1007 = CARTESIAN_POINT('',(0.964723827995,-8.907961001504E-02,
    1.338579014355));
#1008 = FACE_BOUND('',#1009,.T.);
#1009 = EDGE_LOOP('',(#1010,#1019,#1028,#1037,#1046,#1055,#1064,#1073,
    #1080,#1089,#1098,#1107,#1116,#1125));
#1010 = ORIENTED_EDGE('',*,*,#1011,.F.);
#1011 = EDGE_CURVE('',#1012,#1014,#1016,.T.);
#1012 = VERTEX_POINT('',#1013);
#1013 = CARTESIAN_POINT('',(1.025211738754,-1.412299100133E-02,
    1.338579014355));
#1014 = VERTEX_POINT('',#1015);
#1015 = CARTESIAN_POINT('',(1.017404765739,-1.412299100133E-02,
    1.338579014355));
#1016 = B_SPLINE_CURVE_WITH_KNOTS('',1,(#1017,#1018),.UNSPECIFIED.,.F.,
  .F.,(2,2),(-7.806973015533E-03,-0.),.PIECEWISE_BEZIER_KNOTS.);
#1017 = CARTESIAN_POINT('',(1.025211738754,-1.412299100133E-02,
    1.338579014355));
#1018 = CARTESIAN_POINT('',(1.017404765739,-1.412299100133E-02,
    1.338579014355));
#1019 = ORIENTED_EDGE('',*,*,#1020,.F.);
#1020 = EDGE_CURVE('',#1021,#1012,#1023,.T.);
#1021 = VERTEX_POINT('',#1022);
#1022 = CARTESIAN_POINT('',(1.028889403729,-3.159189962885E-02,
    1.338579014355));
#1023 = B_SPLINE_CURVE_WITH_KNOTS('',3,(#1024,#1025,#1026,#1027),
  .UNSPECIFIED.,.F.,.F.,(4,4),(0.,1.),.PIECEWISE_BEZIER_KNOTS.);
#1024 = CARTESIAN_POINT('',(1.028889403729,-3.159189962885E-02,
    1.338579014355));
#1025 = CARTESIAN_POINT('',(1.028889403729,-2.459143209027E-02,
    1.338579014355));
#1026 = CARTESIAN_POINT('',(1.027663515404,-1.876846254776E-02,
    1.338579014355));
#1027 = CARTESIAN_POINT('',(1.025211738754,-1.412299100133E-02,
    1.338579014355));
#1028 = ORIENTED_EDGE('',*,*,#1029,.F.);
#1029 = EDGE_CURVE('',#1030,#1021,#1032,.T.);
#1030 = VERTEX_POINT('',#1031);
#1031 = CARTESIAN_POINT('',(1.020275925236,-5.327076684519E-02,
    1.338579014355));
#1032 = B_SPLINE_CURVE_WITH_KNOTS('',3,(#1033,#1034,#1035,#1036),
  .UNSPECIFIED.,.F.,.F.,(4,4),(1.,2.),.PIECEWISE_BEZIER_KNOTS.);
#1033 = CARTESIAN_POINT('',(1.020275925236,-5.327076684519E-02,
    1.338579014355));
#1034 = CARTESIAN_POINT('',(1.026018244231,-4.786718015057E-02,
    1.338579014355));
#1035 = CARTESIAN_POINT('',(1.028889403729,-4.064089107853E-02,
    1.338579014355));
#1036 = CARTESIAN_POINT('',(1.028889403729,-3.159189962885E-02,
    1.338579014355));
#1037 = ORIENTED_EDGE('',*,*,#1038,.F.);
#1038 = EDGE_CURVE('',#1039,#1030,#1041,.T.);
#1039 = VERTEX_POINT('',#1040);
#1040 = CARTESIAN_POINT('',(0.997467950353,-6.136808183225E-02,
    1.338579014355));
#1041 = B_SPLINE_CURVE_WITH_KNOTS('',3,(#1042,#1043,#1044,#1045),
  .UNSPECIFIED.,.F.,.F.,(4,4),(2.,3.),.PIECEWISE_BEZIER_KNOTS.);
#1042 = CARTESIAN_POINT('',(0.997467950353,-6.136808183225E-02,
    1.338579014355));
#1043 = CARTESIAN_POINT('',(1.006920194541,-6.136808183225E-02,
    1.338579014355));
#1044 = CARTESIAN_POINT('',(1.014533606242,-5.867435353981E-02,
    1.338579014355));
#1045 = CARTESIAN_POINT('',(1.020275925236,-5.327076684519E-02,
    1.338579014355));
#1046 = ORIENTED_EDGE('',*,*,#1047,.F.);
#1047 = EDGE_CURVE('',#1048,#1039,#1050,.T.);
#1048 = VERTEX_POINT('',#1049);
#1049 = CARTESIAN_POINT('',(0.972950183858,-5.225456994451E-02,
    1.338579014355));
#1050 = B_SPLINE_CURVE_WITH_KNOTS('',3,(#1051,#1052,#1053,#1054),
  .UNSPECIFIED.,.F.,.F.,(4,4),(3.,4.),.PIECEWISE_BEZIER_KNOTS.);
#1051 = CARTESIAN_POINT('',(0.972950183858,-5.225456994451E-02,
    1.338579014355));
#1052 = CARTESIAN_POINT('',(0.97914414592,-5.833562123951E-02,
    1.338579014355));
#1053 = CARTESIAN_POINT('',(0.987305981345,-6.136808183225E-02,
    1.338579014355));
#1054 = CARTESIAN_POINT('',(0.997467950353,-6.136808183225E-02,
    1.338579014355));
#1055 = ORIENTED_EDGE('',*,*,#1056,.F.);
#1056 = EDGE_CURVE('',#1057,#1048,#1059,.T.);
#1057 = VERTEX_POINT('',#1058);
#1058 = CARTESIAN_POINT('',(0.963659240765,-2.907560254132E-02,
    1.338579014355));
#1059 = B_SPLINE_CURVE_WITH_KNOTS('',3,(#1060,#1061,#1062,#1063),
  .UNSPECIFIED.,.F.,.F.,(4,4),(4.,5.),.PIECEWISE_BEZIER_KNOTS.);
#1060 = CARTESIAN_POINT('',(0.963659240765,-2.907560254132E-02,
    1.338579014355));
#1061 = CARTESIAN_POINT('',(0.963659240765,-3.844719618156E-02,
    1.338579014355));
#1062 = CARTESIAN_POINT('',(0.966756221796,-4.617351864929E-02,
    1.338579014355));
#1063 = CARTESIAN_POINT('',(0.972950183858,-5.225456994451E-02,
    1.338579014355));
#1064 = ORIENTED_EDGE('',*,*,#1065,.F.);
#1065 = EDGE_CURVE('',#1066,#1057,#1068,.T.);
#1066 = VERTEX_POINT('',#1067);
#1067 = CARTESIAN_POINT('',(0.966240058291,-1.412299100133E-02,
    1.338579014355));
#1068 = B_SPLINE_CURVE_WITH_KNOTS('',3,(#1069,#1070,#1071,#1072),
  .UNSPECIFIED.,.F.,.F.,(4,4),(5.,6.),.PIECEWISE_BEZIER_KNOTS.);
#1069 = CARTESIAN_POINT('',(0.966240058291,-1.412299100133E-02,
    1.338579014355));
#1070 = CARTESIAN_POINT('',(0.96453026668,-1.805873772813E-02,
    1.338579014355));
#1071 = CARTESIAN_POINT('',(0.963659240765,-2.304294157486E-02,
    1.338579014355));
#1072 = CARTESIAN_POINT('',(0.963659240765,-2.907560254132E-02,
    1.338579014355));
#1073 = ORIENTED_EDGE('',*,*,#1074,.F.);
#1074 = EDGE_CURVE('',#1075,#1066,#1077,.T.);
#1075 = VERTEX_POINT('',#1076);
#1076 = CARTESIAN_POINT('',(0.974756756126,-1.412299100133E-02,
    1.338579014355));
#1077 = B_SPLINE_CURVE_WITH_KNOTS('',1,(#1078,#1079),.UNSPECIFIED.,.F.,
  .F.,(2,2),(-8.516697834736E-03,-0.),.PIECEWISE_BEZIER_KNOTS.);
#1078 = CARTESIAN_POINT('',(0.974756756126,-1.412299100133E-02,
    1.338579014355));
#1079 = CARTESIAN_POINT('',(0.966240058291,-1.412299100133E-02,
    1.338579014355));
#1080 = ORIENTED_EDGE('',*,*,#1081,.F.);
#1081 = EDGE_CURVE('',#1082,#1075,#1084,.T.);
#1082 = VERTEX_POINT('',#1083);
#1083 = CARTESIAN_POINT('',(0.971014570714,-2.899495199351E-02,
    1.338579014355));
#1084 = B_SPLINE_CURVE_WITH_KNOTS('',3,(#1085,#1086,#1087,#1088),
  .UNSPECIFIED.,.F.,.F.,(4,4),(7.,8.),.PIECEWISE_BEZIER_KNOTS.);
#1085 = CARTESIAN_POINT('',(0.971014570714,-2.899495199351E-02,
    1.338579014355));
#1086 = CARTESIAN_POINT('',(0.971014570714,-2.359136529911E-02,
    1.338579014355));
#1087 = CARTESIAN_POINT('',(0.972240459039,-1.863942167141E-02,
    1.338579014355));
#1088 = CARTESIAN_POINT('',(0.974756756126,-1.412299100133E-02,
    1.338579014355));
#1089 = ORIENTED_EDGE('',*,*,#1090,.F.);
#1090 = EDGE_CURVE('',#1091,#1082,#1093,.T.);
#1091 = VERTEX_POINT('',#1092);
#1092 = CARTESIAN_POINT('',(0.978015038252,-4.618964875881E-02,
    1.338579014355));
#1093 = B_SPLINE_CURVE_WITH_KNOTS('',3,(#1094,#1095,#1096,#1097),
  .UNSPECIFIED.,.F.,.F.,(4,4),(8.,9.),.PIECEWISE_BEZIER_KNOTS.);
#1094 = CARTESIAN_POINT('',(0.978015038252,-4.618964875881E-02,
    1.338579014355));
#1095 = CARTESIAN_POINT('',(0.973337306487,-4.175386863653E-02,
    1.338579014355));
#1096 = CARTESIAN_POINT('',(0.971014570714,-3.602767975113E-02,
    1.338579014355));
#1097 = CARTESIAN_POINT('',(0.971014570714,-2.899495199351E-02,
    1.338579014355));
#1098 = ORIENTED_EDGE('',*,*,#1099,.F.);
#1099 = EDGE_CURVE('',#1100,#1091,#1102,.T.);
#1100 = VERTEX_POINT('',#1101);
#1101 = CARTESIAN_POINT('',(0.996984047066,-5.281912377805E-02,
    1.338579014355));
#1102 = B_SPLINE_CURVE_WITH_KNOTS('',3,(#1103,#1104,#1105,#1106),
  .UNSPECIFIED.,.F.,.F.,(4,4),(9.,10.),.PIECEWISE_BEZIER_KNOTS.);
#1103 = CARTESIAN_POINT('',(0.996984047066,-5.281912377805E-02,
    1.338579014355));
#1104 = CARTESIAN_POINT('',(0.989048033175,-5.281912377805E-02,
    1.338579014355));
#1105 = CARTESIAN_POINT('',(0.982725030237,-5.060929877178E-02,
    1.338579014355));
#1106 = CARTESIAN_POINT('',(0.978015038252,-4.618964875881E-02,
    1.338579014355));
#1107 = ORIENTED_EDGE('',*,*,#1108,.F.);
#1108 = EDGE_CURVE('',#1109,#1100,#1111,.T.);
#1109 = VERTEX_POINT('',#1110);
#1110 = CARTESIAN_POINT('',(1.014985249309,-4.662516171642E-02,
    1.338579014355));
#1111 = B_SPLINE_CURVE_WITH_KNOTS('',3,(#1112,#1113,#1114,#1115),
  .UNSPECIFIED.,.F.,.F.,(4,4),(10.,11.),.PIECEWISE_BEZIER_KNOTS.);
#1112 = CARTESIAN_POINT('',(1.014985249309,-4.662516171642E-02,
    1.338579014355));
#1113 = CARTESIAN_POINT('',(1.010533339077,-5.075446975765E-02,
    1.338579014355));
#1114 = CARTESIAN_POINT('',(1.004532938329,-5.281912377805E-02,
    1.338579014355));
#1115 = CARTESIAN_POINT('',(0.996984047066,-5.281912377805E-02,
    1.338579014355));
#1116 = ORIENTED_EDGE('',*,*,#1117,.F.);
#1117 = EDGE_CURVE('',#1118,#1109,#1120,.T.);
#1118 = VERTEX_POINT('',#1119);
#1119 = CARTESIAN_POINT('',(1.021630854438,-3.041440163278E-02,
    1.338579014355));
#1120 = B_SPLINE_CURVE_WITH_KNOTS('',3,(#1121,#1122,#1123,#1124),
  .UNSPECIFIED.,.F.,.F.,(4,4),(11.,12.),.PIECEWISE_BEZIER_KNOTS.);
#1121 = CARTESIAN_POINT('',(1.021630854438,-3.041440163278E-02,
    1.338579014355));
#1122 = CARTESIAN_POINT('',(1.021630854438,-3.709226698058E-02,
    1.338579014355));
#1123 = CARTESIAN_POINT('',(1.019404899322,-4.24958536752E-02,
    1.338579014355));
#1124 = CARTESIAN_POINT('',(1.014985249309,-4.662516171642E-02,
    1.338579014355));
#1125 = ORIENTED_EDGE('',*,*,#1126,.F.);
#1126 = EDGE_CURVE('',#1014,#1118,#1127,.T.);
#1127 = B_SPLINE_CURVE_WITH_KNOTS('',3,(#1128,#1129,#1130,#1131),
  .UNSPECIFIED.,.F.,.F.,(4,4),(12.,13.),.PIECEWISE_BEZIER_KNOTS.);
#1128 = CARTESIAN_POINT('',(1.017404765739,-1.412299100133E-02,
    1.338579014355));
#1129 = CARTESIAN_POINT('',(1.020211404798,-1.873620232873E-02,
    1.338579014355));
#1130 = CARTESIAN_POINT('',(1.021630854438,-2.417204924238E-02,
    1.338579014355));
#1131 = CARTESIAN_POINT('',(1.021630854438,-3.041440163278E-02,
    1.338579014355));
#1132 = FACE_BOUND('',#1133,.T.);
#1133 = EDGE_LOOP('',(#1134,#1143,#1150,#1157,#1164,#1171,#1178,#1185,
    #1192,#1199,#1206,#1213));
#1134 = ORIENTED_EDGE('',*,*,#1135,.F.);
#1135 = EDGE_CURVE('',#1136,#1138,#1140,.T.);
#1136 = VERTEX_POINT('',#1137);
#1137 = CARTESIAN_POINT('',(1.020630787646,3.244463522878E-02,
    1.338579014355));
#1138 = VERTEX_POINT('',#1139);
#1139 = CARTESIAN_POINT('',(1.020630787646,6.652590080949E-03,
    1.338579014355));
#1140 = B_SPLINE_CURVE_WITH_KNOTS('',1,(#1141,#1142),.UNSPECIFIED.,.F.,
  .F.,(2,2),(-2.579204514783E-02,0.),.PIECEWISE_BEZIER_KNOTS.);
#1141 = CARTESIAN_POINT('',(1.020630787646,3.244463522878E-02,
    1.338579014355));
#1142 = CARTESIAN_POINT('',(1.020630787646,6.652590080949E-03,
    1.338579014355));
#1143 = ORIENTED_EDGE('',*,*,#1144,.F.);
#1144 = EDGE_CURVE('',#1145,#1136,#1147,.T.);
#1145 = VERTEX_POINT('',#1146);
#1146 = CARTESIAN_POINT('',(1.027824816499,3.244463522878E-02,
    1.338579014355));
#1147 = B_SPLINE_CURVE_WITH_KNOTS('',1,(#1148,#1149),.UNSPECIFIED.,.F.,
  .F.,(2,2),(-7.194028853006E-03,-0.),.PIECEWISE_BEZIER_KNOTS.);
#1148 = CARTESIAN_POINT('',(1.027824816499,3.244463522878E-02,
    1.338579014355));
#1149 = CARTESIAN_POINT('',(1.020630787646,3.244463522878E-02,
    1.338579014355));
#1150 = ORIENTED_EDGE('',*,*,#1151,.F.);
#1151 = EDGE_CURVE('',#1152,#1145,#1154,.T.);
#1152 = VERTEX_POINT('',#1153);
#1153 = CARTESIAN_POINT('',(1.027824816499,-1.493115234667E-03,
    1.338579014355));
#1154 = B_SPLINE_CURVE_WITH_KNOTS('',1,(#1155,#1156),.UNSPECIFIED.,.F.,
  .F.,(2,2),(-3.393775046345E-02,0.),.PIECEWISE_BEZIER_KNOTS.);
#1155 = CARTESIAN_POINT('',(1.027824816499,-1.493115234667E-03,
    1.338579014355));
#1156 = CARTESIAN_POINT('',(1.027824816499,3.244463522878E-02,
    1.338579014355));
#1157 = ORIENTED_EDGE('',*,*,#1158,.F.);
#1158 = EDGE_CURVE('',#1159,#1152,#1161,.T.);
#1159 = VERTEX_POINT('',#1160);
#1160 = CARTESIAN_POINT('',(0.964723827995,-1.493115234667E-03,
    1.338579014355));
#1161 = B_SPLINE_CURVE_WITH_KNOTS('',1,(#1162,#1163),.UNSPECIFIED.,.F.,
  .F.,(2,2),(-6.310098850454E-02,0.),.PIECEWISE_BEZIER_KNOTS.);
#1162 = CARTESIAN_POINT('',(0.964723827995,-1.493115234667E-03,
    1.338579014355));
#1163 = CARTESIAN_POINT('',(1.027824816499,-1.493115234667E-03,
    1.338579014355));
#1164 = ORIENTED_EDGE('',*,*,#1165,.F.);
#1165 = EDGE_CURVE('',#1166,#1159,#1168,.T.);
#1166 = VERTEX_POINT('',#1167);
#1167 = CARTESIAN_POINT('',(0.964723827995,3.100905548021E-02,
    1.338579014355));
#1168 = B_SPLINE_CURVE_WITH_KNOTS('',1,(#1169,#1170),.UNSPECIFIED.,.F.,
  .F.,(2,2),(-3.250217071488E-02,0.),.PIECEWISE_BEZIER_KNOTS.);
#1169 = CARTESIAN_POINT('',(0.964723827995,3.100905548021E-02,
    1.338579014355));
#1170 = CARTESIAN_POINT('',(0.964723827995,-1.493115234667E-03,
    1.338579014355));
#1171 = ORIENTED_EDGE('',*,*,#1172,.F.);
#1172 = EDGE_CURVE('',#1173,#1166,#1175,.T.);
#1173 = VERTEX_POINT('',#1174);
#1174 = CARTESIAN_POINT('',(0.971982377286,3.100905548021E-02,
    1.338579014355));
#1175 = B_SPLINE_CURVE_WITH_KNOTS('',1,(#1176,#1177),.UNSPECIFIED.,.F.,
  .F.,(2,2),(-7.258549291076E-03,-0.),.PIECEWISE_BEZIER_KNOTS.);
#1176 = CARTESIAN_POINT('',(0.971982377286,3.100905548021E-02,
    1.338579014355));
#1177 = CARTESIAN_POINT('',(0.964723827995,3.100905548021E-02,
    1.338579014355));
#1178 = ORIENTED_EDGE('',*,*,#1179,.F.);
#1179 = EDGE_CURVE('',#1180,#1173,#1182,.T.);
#1180 = VERTEX_POINT('',#1181);
#1181 = CARTESIAN_POINT('',(0.971982377286,6.652590080949E-03,
    1.338579014355));
#1182 = B_SPLINE_CURVE_WITH_KNOTS('',1,(#1183,#1184),.UNSPECIFIED.,.F.,
  .F.,(2,2),(-2.435646539927E-02,0.),.PIECEWISE_BEZIER_KNOTS.);
#1183 = CARTESIAN_POINT('',(0.971982377286,6.652590080949E-03,
    1.338579014355));
#1184 = CARTESIAN_POINT('',(0.971982377286,3.100905548021E-02,
    1.338579014355));
#1185 = ORIENTED_EDGE('',*,*,#1186,.F.);
#1186 = EDGE_CURVE('',#1187,#1180,#1189,.T.);
#1187 = VERTEX_POINT('',#1188);
#1188 = CARTESIAN_POINT('',(0.992177274425,6.652590080949E-03,
    1.338579014355));
#1189 = B_SPLINE_CURVE_WITH_KNOTS('',1,(#1190,#1191),.UNSPECIFIED.,.F.,
  .F.,(2,2),(-2.019489713922E-02,-0.),.PIECEWISE_BEZIER_KNOTS.);
#1190 = CARTESIAN_POINT('',(0.992177274425,6.652590080949E-03,
    1.338579014355));
#1191 = CARTESIAN_POINT('',(0.971982377286,6.652590080949E-03,
    1.338579014355));
#1192 = ORIENTED_EDGE('',*,*,#1193,.F.);
#1193 = EDGE_CURVE('',#1194,#1187,#1196,.T.);
#1194 = VERTEX_POINT('',#1195);
#1195 = CARTESIAN_POINT('',(0.992177274425,2.921861332161E-02,
    1.338579014355));
#1196 = B_SPLINE_CURVE_WITH_KNOTS('',1,(#1197,#1198),.UNSPECIFIED.,.F.,
  .F.,(2,2),(-2.256602324066E-02,-0.),.PIECEWISE_BEZIER_KNOTS.);
#1197 = CARTESIAN_POINT('',(0.992177274425,2.921861332161E-02,
    1.338579014355));
#1198 = CARTESIAN_POINT('',(0.992177274425,6.652590080949E-03,
    1.338579014355));
#1199 = ORIENTED_EDGE('',*,*,#1200,.F.);
#1200 = EDGE_CURVE('',#1201,#1194,#1203,.T.);
#1201 = VERTEX_POINT('',#1202);
#1202 = CARTESIAN_POINT('',(0.999403563497,2.921861332161E-02,
    1.338579014355));
#1203 = B_SPLINE_CURVE_WITH_KNOTS('',1,(#1204,#1205),.UNSPECIFIED.,.F.,
  .F.,(2,2),(-7.226289072041E-03,-0.),.PIECEWISE_BEZIER_KNOTS.);
#1204 = CARTESIAN_POINT('',(0.999403563497,2.921861332161E-02,
    1.338579014355));
#1205 = CARTESIAN_POINT('',(0.992177274425,2.921861332161E-02,
    1.338579014355));
#1206 = ORIENTED_EDGE('',*,*,#1207,.F.);
#1207 = EDGE_CURVE('',#1208,#1201,#1210,.T.);
#1208 = VERTEX_POINT('',#1209);
#1209 = CARTESIAN_POINT('',(0.999403563497,6.652590080949E-03,
    1.338579014355));
#1210 = B_SPLINE_CURVE_WITH_KNOTS('',1,(#1211,#1212),.UNSPECIFIED.,.F.,
  .F.,(2,2),(-2.256602324066E-02,0.),.PIECEWISE_BEZIER_KNOTS.);
#1211 = CARTESIAN_POINT('',(0.999403563497,6.652590080949E-03,
    1.338579014355));
#1212 = CARTESIAN_POINT('',(0.999403563497,2.921861332161E-02,
    1.338579014355));
#1213 = ORIENTED_EDGE('',*,*,#1214,.F.);
#1214 = EDGE_CURVE('',#1138,#1208,#1215,.T.);
#1215 = B_SPLINE_CURVE_WITH_KNOTS('',1,(#1216,#1217),.UNSPECIFIED.,.F.,
  .F.,(2,2),(-2.12272241492E-02,-0.),.PIECEWISE_BEZIER_KNOTS.);
#1216 = CARTESIAN_POINT('',(1.020630787646,6.652590080949E-03,
    1.338579014355));
#1217 = CARTESIAN_POINT('',(0.999403563497,6.652590080949E-03,
    1.338579014355));
#1218 = FACE_BOUND('',#1219,.T.);
#1219 = EDGE_LOOP('',(#1220,#1229,#1236,#1243,#1250,#1257,#1264,#1271));
#1220 = ORIENTED_EDGE('',*,*,#1221,.F.);
#1221 = EDGE_CURVE('',#1222,#1224,#1226,.T.);
#1222 = VERTEX_POINT('',#1223);
#1223 = CARTESIAN_POINT('',(0.964723827995,0.131983541175,1.338579014355
    ));
#1224 = VERTEX_POINT('',#1225);
#1225 = CARTESIAN_POINT('',(0.964723827995,0.123273282026,1.338579014355
    ));
#1226 = B_SPLINE_CURVE_WITH_KNOTS('',1,(#1227,#1228),.UNSPECIFIED.,.F.,
  .F.,(2,2),(-8.710259149378E-03,-0.),.PIECEWISE_BEZIER_KNOTS.);
#1227 = CARTESIAN_POINT('',(0.964723827995,0.131983541175,1.338579014355
    ));
#1228 = CARTESIAN_POINT('',(0.964723827995,0.123273282026,1.338579014355
    ));
#1229 = ORIENTED_EDGE('',*,*,#1230,.F.);
#1230 = EDGE_CURVE('',#1231,#1222,#1233,.T.);
#1231 = VERTEX_POINT('',#1232);
#1232 = CARTESIAN_POINT('',(1.027824816499,0.156017404384,1.338579014355
    ));
#1233 = B_SPLINE_CURVE_WITH_KNOTS('',1,(#1234,#1235),.UNSPECIFIED.,.F.,
  .F.,(2,2),(-6.752304296301E-02,-0.),.PIECEWISE_BEZIER_KNOTS.);
#1234 = CARTESIAN_POINT('',(1.027824816499,0.156017404384,1.338579014355
    ));
#1235 = CARTESIAN_POINT('',(0.964723827995,0.131983541175,1.338579014355
    ));
#1236 = ORIENTED_EDGE('',*,*,#1237,.F.);
#1237 = EDGE_CURVE('',#1238,#1231,#1240,.T.);
#1238 = VERTEX_POINT('',#1239);
#1239 = CARTESIAN_POINT('',(1.027824816499,0.147016803263,1.338579014355
    ));
#1240 = B_SPLINE_CURVE_WITH_KNOTS('',1,(#1241,#1242),.UNSPECIFIED.,.F.,
  .F.,(2,2),(-9.000601121123E-03,0.),.PIECEWISE_BEZIER_KNOTS.);
#1241 = CARTESIAN_POINT('',(1.027824816499,0.147016803263,1.338579014355
    ));
#1242 = CARTESIAN_POINT('',(1.027824816499,0.156017404384,1.338579014355
    ));
#1243 = ORIENTED_EDGE('',*,*,#1244,.F.);
#1244 = EDGE_CURVE('',#1245,#1238,#1247,.T.);
#1245 = VERTEX_POINT('',#1246);
#1246 = CARTESIAN_POINT('',(1.010565599296,0.140580889558,1.338579014355
    ));
#1247 = B_SPLINE_CURVE_WITH_KNOTS('',1,(#1248,#1249),.UNSPECIFIED.,.F.,
  .F.,(2,2),(-1.842014016494E-02,0.),.PIECEWISE_BEZIER_KNOTS.);
#1248 = CARTESIAN_POINT('',(1.010565599296,0.140580889558,1.338579014355
    ));
#1249 = CARTESIAN_POINT('',(1.027824816499,0.147016803263,1.338579014355
    ));
#1250 = ORIENTED_EDGE('',*,*,#1251,.F.);
#1251 = EDGE_CURVE('',#1252,#1245,#1254,.T.);
#1252 = VERTEX_POINT('',#1253);
#1253 = CARTESIAN_POINT('',(1.010565599296,0.114304941124,1.338579014355
    ));
#1254 = B_SPLINE_CURVE_WITH_KNOTS('',1,(#1255,#1256),.UNSPECIFIED.,.F.,
  .F.,(2,2),(-2.627594843422E-02,0.),.PIECEWISE_BEZIER_KNOTS.);
#1255 = CARTESIAN_POINT('',(1.010565599296,0.114304941124,1.338579014355
    ));
#1256 = CARTESIAN_POINT('',(1.010565599296,0.140580889558,1.338579014355
    ));
#1257 = ORIENTED_EDGE('',*,*,#1258,.F.);
#1258 = EDGE_CURVE('',#1259,#1252,#1261,.T.);
#1259 = VERTEX_POINT('',#1260);
#1260 = CARTESIAN_POINT('',(1.027824816499,0.108240019938,1.338579014355
    ));
#1261 = B_SPLINE_CURVE_WITH_KNOTS('',1,(#1262,#1263),.UNSPECIFIED.,.F.,
  .F.,(2,2),(-1.82938199255E-02,0.),.PIECEWISE_BEZIER_KNOTS.);
#1262 = CARTESIAN_POINT('',(1.027824816499,0.108240019938,1.338579014355
    ));
#1263 = CARTESIAN_POINT('',(1.010565599296,0.114304941124,1.338579014355
    ));
#1264 = ORIENTED_EDGE('',*,*,#1265,.F.);
#1265 = EDGE_CURVE('',#1266,#1259,#1268,.T.);
#1266 = VERTEX_POINT('',#1267);
#1267 = CARTESIAN_POINT('',(1.027824816499,9.923941881758E-02,
    1.338579014355));
#1268 = B_SPLINE_CURVE_WITH_KNOTS('',1,(#1269,#1270),.UNSPECIFIED.,.F.,
  .F.,(2,2),(-9.000601120693E-03,0.),.PIECEWISE_BEZIER_KNOTS.);
#1269 = CARTESIAN_POINT('',(1.027824816499,9.923941881758E-02,
    1.338579014355));
#1270 = CARTESIAN_POINT('',(1.027824816499,0.108240019938,1.338579014355
    ));
#1271 = ORIENTED_EDGE('',*,*,#1272,.F.);
#1272 = EDGE_CURVE('',#1224,#1266,#1273,.T.);
#1273 = B_SPLINE_CURVE_WITH_KNOTS('',1,(#1274,#1275),.UNSPECIFIED.,.F.,
  .F.,(2,2),(-6.752304296286E-02,0.),.PIECEWISE_BEZIER_KNOTS.);
#1274 = CARTESIAN_POINT('',(0.964723827995,0.123273282026,1.338579014355
    ));
#1275 = CARTESIAN_POINT('',(1.027824816499,9.923941881758E-02,
    1.338579014355));
#1276 = FACE_BOUND('',#1277,.T.);
#1277 = EDGE_LOOP('',(#1278,#1287,#1294,#1301,#1308,#1315,#1322,#1329,
    #1336,#1343,#1350,#1357));
#1278 = ORIENTED_EDGE('',*,*,#1279,.F.);
#1279 = EDGE_CURVE('',#1280,#1282,#1284,.T.);
#1280 = VERTEX_POINT('',#1281);
#1281 = CARTESIAN_POINT('',(1.120734247426,-6.328756486699E-02,
    1.338579014355));
#1282 = VERTEX_POINT('',#1283);
#1283 = CARTESIAN_POINT('',(1.120734247426,-8.907961001504E-02,
    1.338579014355));
#1284 = B_SPLINE_CURVE_WITH_KNOTS('',1,(#1285,#1286),.UNSPECIFIED.,.F.,
  .F.,(2,2),(-2.579204514805E-02,0.),.PIECEWISE_BEZIER_KNOTS.);
#1285 = CARTESIAN_POINT('',(1.120734247426,-6.328756486699E-02,
    1.338579014355));
#1286 = CARTESIAN_POINT('',(1.120734247426,-8.907961001504E-02,
    1.338579014355));
#1287 = ORIENTED_EDGE('',*,*,#1288,.F.);
#1288 = EDGE_CURVE('',#1289,#1280,#1291,.T.);
#1289 = VERTEX_POINT('',#1290);
#1290 = CARTESIAN_POINT('',(1.127928276279,-6.328756486699E-02,
    1.338579014355));
#1291 = B_SPLINE_CURVE_WITH_KNOTS('',1,(#1292,#1293),.UNSPECIFIED.,.F.,
  .F.,(2,2),(-7.194028853007E-03,-0.),.PIECEWISE_BEZIER_KNOTS.);
#1292 = CARTESIAN_POINT('',(1.127928276279,-6.328756486699E-02,
    1.338579014355));
#1293 = CARTESIAN_POINT('',(1.120734247426,-6.328756486699E-02,
    1.338579014355));
#1294 = ORIENTED_EDGE('',*,*,#1295,.F.);
#1295 = EDGE_CURVE('',#1296,#1289,#1298,.T.);
#1296 = VERTEX_POINT('',#1297);
#1297 = CARTESIAN_POINT('',(1.127928276279,-9.722531533066E-02,
    1.338579014355));
#1298 = B_SPLINE_CURVE_WITH_KNOTS('',1,(#1299,#1300),.UNSPECIFIED.,.F.,
  .F.,(2,2),(-3.393775046367E-02,0.),.PIECEWISE_BEZIER_KNOTS.);
#1299 = CARTESIAN_POINT('',(1.127928276279,-9.722531533066E-02,
    1.338579014355));
#1300 = CARTESIAN_POINT('',(1.127928276279,-6.328756486699E-02,
    1.338579014355));
#1301 = ORIENTED_EDGE('',*,*,#1302,.F.);
#1302 = EDGE_CURVE('',#1303,#1296,#1305,.T.);
#1303 = VERTEX_POINT('',#1304);
#1304 = CARTESIAN_POINT('',(1.064827287775,-9.722531533066E-02,
    1.338579014355));
#1305 = B_SPLINE_CURVE_WITH_KNOTS('',1,(#1306,#1307),.UNSPECIFIED.,.F.,
  .F.,(2,2),(-6.310098850454E-02,0.),.PIECEWISE_BEZIER_KNOTS.);
#1306 = CARTESIAN_POINT('',(1.064827287775,-9.722531533066E-02,
    1.338579014355));
#1307 = CARTESIAN_POINT('',(1.127928276279,-9.722531533066E-02,
    1.338579014355));
#1308 = ORIENTED_EDGE('',*,*,#1309,.F.);
#1309 = EDGE_CURVE('',#1310,#1303,#1312,.T.);
#1310 = VERTEX_POINT('',#1311);
#1311 = CARTESIAN_POINT('',(1.064827287775,-6.472314461578E-02,
    1.338579014355));
#1312 = B_SPLINE_CURVE_WITH_KNOTS('',1,(#1313,#1314),.UNSPECIFIED.,.F.,
  .F.,(2,2),(-3.250217071488E-02,0.),.PIECEWISE_BEZIER_KNOTS.);
#1313 = CARTESIAN_POINT('',(1.064827287775,-6.472314461578E-02,
    1.338579014355));
#1314 = CARTESIAN_POINT('',(1.064827287775,-9.722531533066E-02,
    1.338579014355));
#1315 = ORIENTED_EDGE('',*,*,#1316,.F.);
#1316 = EDGE_CURVE('',#1317,#1310,#1319,.T.);
#1317 = VERTEX_POINT('',#1318);
#1318 = CARTESIAN_POINT('',(1.072085837066,-6.472314461578E-02,
    1.338579014355));
#1319 = B_SPLINE_CURVE_WITH_KNOTS('',1,(#1320,#1321),.UNSPECIFIED.,.F.,
  .F.,(2,2),(-7.258549291076E-03,-0.),.PIECEWISE_BEZIER_KNOTS.);
#1320 = CARTESIAN_POINT('',(1.072085837066,-6.472314461578E-02,
    1.338579014355));
#1321 = CARTESIAN_POINT('',(1.064827287775,-6.472314461578E-02,
    1.338579014355));
#1322 = ORIENTED_EDGE('',*,*,#1323,.F.);
#1323 = EDGE_CURVE('',#1324,#1317,#1326,.T.);
#1324 = VERTEX_POINT('',#1325);
#1325 = CARTESIAN_POINT('',(1.072085837066,-8.907961001504E-02,
    1.338579014355));
#1326 = B_SPLINE_CURVE_WITH_KNOTS('',1,(#1327,#1328),.UNSPECIFIED.,.F.,
  .F.,(2,2),(-2.435646539926E-02,0.),.PIECEWISE_BEZIER_KNOTS.);
#1327 = CARTESIAN_POINT('',(1.072085837066,-8.907961001504E-02,
    1.338579014355));
#1328 = CARTESIAN_POINT('',(1.072085837066,-6.472314461578E-02,
    1.338579014355));
#1329 = ORIENTED_EDGE('',*,*,#1330,.F.);
#1330 = EDGE_CURVE('',#1331,#1324,#1333,.T.);
#1331 = VERTEX_POINT('',#1332);
#1332 = CARTESIAN_POINT('',(1.092280734205,-8.907961001504E-02,
    1.338579014355));
#1333 = B_SPLINE_CURVE_WITH_KNOTS('',1,(#1334,#1335),.UNSPECIFIED.,.F.,
  .F.,(2,2),(-2.019489713922E-02,-0.),.PIECEWISE_BEZIER_KNOTS.);
#1334 = CARTESIAN_POINT('',(1.092280734205,-8.907961001504E-02,
    1.338579014355));
#1335 = CARTESIAN_POINT('',(1.072085837066,-8.907961001504E-02,
    1.338579014355));
#1336 = ORIENTED_EDGE('',*,*,#1337,.F.);
#1337 = EDGE_CURVE('',#1338,#1331,#1340,.T.);
#1338 = VERTEX_POINT('',#1339);
#1339 = CARTESIAN_POINT('',(1.092280734205,-6.651358677416E-02,
    1.338579014355));
#1340 = B_SPLINE_CURVE_WITH_KNOTS('',1,(#1341,#1342),.UNSPECIFIED.,.F.,
  .F.,(2,2),(-2.256602324088E-02,-0.),.PIECEWISE_BEZIER_KNOTS.);
#1341 = CARTESIAN_POINT('',(1.092280734205,-6.651358677416E-02,
    1.338579014355));
#1342 = CARTESIAN_POINT('',(1.092280734205,-8.907961001504E-02,
    1.338579014355));
#1343 = ORIENTED_EDGE('',*,*,#1344,.F.);
#1344 = EDGE_CURVE('',#1345,#1338,#1347,.T.);
#1345 = VERTEX_POINT('',#1346);
#1346 = CARTESIAN_POINT('',(1.099507023277,-6.651358677416E-02,
    1.338579014355));
#1347 = B_SPLINE_CURVE_WITH_KNOTS('',1,(#1348,#1349),.UNSPECIFIED.,.F.,
  .F.,(2,2),(-7.226289072041E-03,-0.),.PIECEWISE_BEZIER_KNOTS.);
#1348 = CARTESIAN_POINT('',(1.099507023277,-6.651358677416E-02,
    1.338579014355));
#1349 = CARTESIAN_POINT('',(1.092280734205,-6.651358677416E-02,
    1.338579014355));
#1350 = ORIENTED_EDGE('',*,*,#1351,.F.);
#1351 = EDGE_CURVE('',#1352,#1345,#1354,.T.);
#1352 = VERTEX_POINT('',#1353);
#1353 = CARTESIAN_POINT('',(1.099507023277,-8.907961001504E-02,
    1.338579014355));
#1354 = B_SPLINE_CURVE_WITH_KNOTS('',1,(#1355,#1356),.UNSPECIFIED.,.F.,
  .F.,(2,2),(-2.256602324088E-02,0.),.PIECEWISE_BEZIER_KNOTS.);
#1355 = CARTESIAN_POINT('',(1.099507023277,-8.907961001504E-02,
    1.338579014355));
#1356 = CARTESIAN_POINT('',(1.099507023277,-6.651358677416E-02,
    1.338579014355));
#1357 = ORIENTED_EDGE('',*,*,#1358,.F.);
#1358 = EDGE_CURVE('',#1282,#1352,#1359,.T.);
#1359 = B_SPLINE_CURVE_WITH_KNOTS('',1,(#1360,#1361),.UNSPECIFIED.,.F.,
  .F.,(2,2),(-2.12272241492E-02,-0.),.PIECEWISE_BEZIER_KNOTS.);
#1360 = CARTESIAN_POINT('',(1.120734247426,-8.907961001504E-02,
    1.338579014355));
#1361 = CARTESIAN_POINT('',(1.099507023277,-8.907961001504E-02,
    1.338579014355));
#1362 = FACE_BOUND('',#1363,.T.);
#1363 = EDGE_LOOP('',(#1364,#1375,#1382,#1389,#1396,#1405,#1414));
#1364 = ORIENTED_EDGE('',*,*,#1365,.F.);
#1365 = EDGE_CURVE('',#1366,#1368,#1370,.T.);
#1366 = VERTEX_POINT('',#1367);
#1367 = CARTESIAN_POINT('',(1.127928276279,0.140742190654,1.338579014355
    ));
#1368 = VERTEX_POINT('',#1369);
#1369 = CARTESIAN_POINT('',(1.119088976254,0.165243827038,1.338579014355
    ));
#1370 = B_SPLINE_CURVE_WITH_KNOTS('',3,(#1371,#1372,#1373,#1374),
  .UNSPECIFIED.,.F.,.F.,(4,4),(5.,6.),.PIECEWISE_BEZIER_KNOTS.);
#1371 = CARTESIAN_POINT('',(1.127928276279,0.140742190654,1.338579014355
    ));
#1372 = CARTESIAN_POINT('',(1.127928276279,0.150726728456,1.338579014355
    ));
#1373 = CARTESIAN_POINT('',(1.124992596344,0.158904693991,1.338579014355
    ));
#1374 = CARTESIAN_POINT('',(1.119088976254,0.165243827038,1.338579014355
    ));
#1375 = ORIENTED_EDGE('',*,*,#1376,.F.);
#1376 = EDGE_CURVE('',#1377,#1366,#1379,.T.);
#1377 = VERTEX_POINT('',#1378);
#1378 = CARTESIAN_POINT('',(1.127928276279,0.123386192793,1.338579014355
    ));
#1379 = B_SPLINE_CURVE_WITH_KNOTS('',1,(#1380,#1381),.UNSPECIFIED.,.F.,
  .F.,(2,2),(-1.735599786068E-02,-7.381396346002E-17),
  .PIECEWISE_BEZIER_KNOTS.);
#1380 = CARTESIAN_POINT('',(1.127928276279,0.123386192793,1.338579014355
    ));
#1381 = CARTESIAN_POINT('',(1.127928276279,0.140742190654,1.338579014355
    ));
#1382 = ORIENTED_EDGE('',*,*,#1383,.F.);
#1383 = EDGE_CURVE('',#1384,#1377,#1386,.T.);
#1384 = VERTEX_POINT('',#1385);
#1385 = CARTESIAN_POINT('',(1.064827287775,0.123386192793,1.338579014355
    ));
#1386 = B_SPLINE_CURVE_WITH_KNOTS('',1,(#1387,#1388),.UNSPECIFIED.,.F.,
  .F.,(2,2),(-6.310098850454E-02,0.),.PIECEWISE_BEZIER_KNOTS.);
#1387 = CARTESIAN_POINT('',(1.064827287775,0.123386192793,1.338579014355
    ));
#1388 = CARTESIAN_POINT('',(1.127928276279,0.123386192793,1.338579014355
    ));
#1389 = ORIENTED_EDGE('',*,*,#1390,.F.);
#1390 = EDGE_CURVE('',#1391,#1384,#1393,.T.);
#1391 = VERTEX_POINT('',#1392);
#1392 = CARTESIAN_POINT('',(1.064827287775,0.141387395035,1.338579014355
    ));
#1393 = B_SPLINE_CURVE_WITH_KNOTS('',1,(#1394,#1395),.UNSPECIFIED.,.F.,
  .F.,(2,2),(-1.800120224182E-02,0.),.PIECEWISE_BEZIER_KNOTS.);
#1394 = CARTESIAN_POINT('',(1.064827287775,0.141387395035,1.338579014355
    ));
#1395 = CARTESIAN_POINT('',(1.064827287775,0.123386192793,1.338579014355
    ));
#1396 = ORIENTED_EDGE('',*,*,#1397,.F.);
#1397 = EDGE_CURVE('',#1398,#1391,#1400,.T.);
#1398 = VERTEX_POINT('',#1399);
#1399 = CARTESIAN_POINT('',(1.073182684514,0.165243827038,1.338579014355
    ));
#1400 = B_SPLINE_CURVE_WITH_KNOTS('',3,(#1401,#1402,#1403,#1404),
  .UNSPECIFIED.,.F.,.F.,(4,4),(2.,3.),.PIECEWISE_BEZIER_KNOTS.);
#1401 = CARTESIAN_POINT('',(1.073182684514,0.165243827038,1.338579014355
    ));
#1402 = CARTESIAN_POINT('',(1.067601666615,0.158904693991,1.338579014355
    ));
#1403 = CARTESIAN_POINT('',(1.064827287775,0.150952549989,1.338579014355
    ));
#1404 = CARTESIAN_POINT('',(1.064827287775,0.141387395035,1.338579014355
    ));
#1405 = ORIENTED_EDGE('',*,*,#1406,.F.);
#1406 = EDGE_CURVE('',#1407,#1398,#1409,.T.);
#1407 = VERTEX_POINT('',#1408);
#1408 = CARTESIAN_POINT('',(1.09557127655,0.174760591665,1.338579014355)
  );
#1409 = B_SPLINE_CURVE_WITH_KNOTS('',3,(#1410,#1411,#1412,#1413),
  .UNSPECIFIED.,.F.,.F.,(4,4),(3.,4.),.PIECEWISE_BEZIER_KNOTS.);
#1410 = CARTESIAN_POINT('',(1.09557127655,0.174760591665,1.338579014355)
  );
#1411 = CARTESIAN_POINT('',(1.08621581302,0.174760591665,1.338579014355)
  );
#1412 = CARTESIAN_POINT('',(1.078763702414,0.171582960086,1.338579014355
    ));
#1413 = CARTESIAN_POINT('',(1.073182684514,0.165243827038,1.338579014355
    ));
#1414 = ORIENTED_EDGE('',*,*,#1415,.F.);
#1415 = EDGE_CURVE('',#1368,#1407,#1416,.T.);
#1416 = B_SPLINE_CURVE_WITH_KNOTS('',3,(#1417,#1418,#1419,#1420),
  .UNSPECIFIED.,.F.,.F.,(4,4),(4.,5.),.PIECEWISE_BEZIER_KNOTS.);
#1417 = CARTESIAN_POINT('',(1.119088976254,0.165243827038,1.338579014355
    ));
#1418 = CARTESIAN_POINT('',(1.113185356163,0.171582960086,1.338579014355
    ));
#1419 = CARTESIAN_POINT('',(1.105346122929,0.174760591665,1.338579014355
    ));
#1420 = CARTESIAN_POINT('',(1.09557127655,0.174760591665,1.338579014355)
  );
#1421 = FACE_BOUND('',#1422,.T.);
#1422 = EDGE_LOOP('',(#1423,#1434,#1443,#1452,#1461,#1468,#1477,#1486,
    #1495,#1502,#1511,#1520,#1529,#1538,#1547,#1556,#1565,#1574,#1583,
    #1592,#1599,#1606,#1613,#1622,#1631,#1640,#1649,#1658,#1667,#1676,
    #1685,#1694,#1703));
#1423 = ORIENTED_EDGE('',*,*,#1424,.F.);
#1424 = EDGE_CURVE('',#1425,#1427,#1429,.T.);
#1425 = VERTEX_POINT('',#1426);
#1426 = CARTESIAN_POINT('',(1.00656526945,-0.193319306621,1.338579014355
    ));
#1427 = VERTEX_POINT('',#1428);
#1428 = CARTESIAN_POINT('',(0.971122584614,-0.217545958505,
    1.338579014355));
#1429 = B_SPLINE_CURVE_WITH_KNOTS('',3,(#1430,#1431,#1432,#1433),
  .UNSPECIFIED.,.F.,.F.,(4,4),(0.,1.),.PIECEWISE_BEZIER_KNOTS.);
#1430 = CARTESIAN_POINT('',(1.00656526945,-0.193319306621,1.338579014355
    ));
#1431 = CARTESIAN_POINT('',(0.993106022207,-0.198254357098,
    1.338579014355));
#1432 = CARTESIAN_POINT('',(0.980992700543,-0.206778553865,
    1.338579014355));
#1433 = CARTESIAN_POINT('',(0.971122584614,-0.217545958505,
    1.338579014355));
#1434 = ORIENTED_EDGE('',*,*,#1435,.F.);
#1435 = EDGE_CURVE('',#1436,#1425,#1438,.T.);
#1436 = VERTEX_POINT('',#1437);
#1437 = CARTESIAN_POINT('',(1.065337300345,-0.148903800985,
    1.338579014355));
#1438 = B_SPLINE_CURVE_WITH_KNOTS('',3,(#1439,#1440,#1441,#1442),
  .UNSPECIFIED.,.F.,.F.,(4,4),(35.,36.),.PIECEWISE_BEZIER_KNOTS.);
#1439 = CARTESIAN_POINT('',(1.065337300345,-0.148903800985,
    1.338579014355));
#1440 = CARTESIAN_POINT('',(1.038418822972,-0.149352435714,
    1.338579014355));
#1441 = CARTESIAN_POINT('',(1.014640814374,-0.167746750549,
    1.338579014355));
#1442 = CARTESIAN_POINT('',(1.00656526945,-0.193319306621,1.338579014355
    ));
#1443 = ORIENTED_EDGE('',*,*,#1444,.F.);
#1444 = EDGE_CURVE('',#1445,#1436,#1447,.T.);
#1445 = VERTEX_POINT('',#1446);
#1446 = CARTESIAN_POINT('',(1.10795824995,-0.165503542676,1.338579014355
    ));
#1447 = B_SPLINE_CURVE_WITH_KNOTS('',3,(#1448,#1449,#1450,#1451),
  .UNSPECIFIED.,.F.,.F.,(4,4),(34.,35.),.PIECEWISE_BEZIER_KNOTS.);
#1448 = CARTESIAN_POINT('',(1.10795824995,-0.165503542676,1.338579014355
    ));
#1449 = CARTESIAN_POINT('',(1.096293575852,-0.154736138035,
    1.338579014355));
#1450 = CARTESIAN_POINT('',(1.081039755463,-0.148903800985,
    1.338579014355));
#1451 = CARTESIAN_POINT('',(1.065337300345,-0.148903800985,
    1.338579014355));
#1452 = ORIENTED_EDGE('',*,*,#1453,.F.);
#1453 = EDGE_CURVE('',#1454,#1445,#1456,.T.);
#1454 = VERTEX_POINT('',#1455);
#1455 = CARTESIAN_POINT('',(1.128147120816,-0.206329919136,
    1.338579014355));
#1456 = B_SPLINE_CURVE_WITH_KNOTS('',3,(#1457,#1458,#1459,#1460),
  .UNSPECIFIED.,.F.,.F.,(4,4),(33.,34.),.PIECEWISE_BEZIER_KNOTS.);
#1457 = CARTESIAN_POINT('',(1.128147120816,-0.206329919136,
    1.338579014355));
#1458 = CARTESIAN_POINT('',(1.126801199515,-0.190627464018,
    1.338579014355));
#1459 = CARTESIAN_POINT('',(1.119622924049,-0.176270930202,
    1.338579014355));
#1460 = CARTESIAN_POINT('',(1.10795824995,-0.165503542676,1.338579014355
    ));
#1461 = ORIENTED_EDGE('',*,*,#1462,.F.);
#1462 = EDGE_CURVE('',#1463,#1454,#1465,.T.);
#1463 = VERTEX_POINT('',#1464);
#1464 = CARTESIAN_POINT('',(1.128147120816,-0.23279976178,1.338579014355
    ));
#1465 = B_SPLINE_CURVE_WITH_KNOTS('',1,(#1466,#1467),.UNSPECIFIED.,.F.,
  .F.,(2,2),(-2.512392134258E-02,1.34592130164E-03),
  .PIECEWISE_BEZIER_KNOTS.);
#1466 = CARTESIAN_POINT('',(1.128147120816,-0.23279976178,1.338579014355
    ));
#1467 = CARTESIAN_POINT('',(1.128147120816,-0.206329919136,
    1.338579014355));
#1468 = ORIENTED_EDGE('',*,*,#1469,.F.);
#1469 = EDGE_CURVE('',#1470,#1463,#1472,.T.);
#1470 = VERTEX_POINT('',#1471);
#1471 = CARTESIAN_POINT('',(1.114239238843,-0.245810374294,
    1.338579014355));
#1472 = B_SPLINE_CURVE_WITH_KNOTS('',3,(#1473,#1474,#1475,#1476),
  .UNSPECIFIED.,.F.,.F.,(4,4),(28.,29.),.PIECEWISE_BEZIER_KNOTS.);
#1473 = CARTESIAN_POINT('',(1.114239238843,-0.245810374294,
    1.338579014355));
#1474 = CARTESIAN_POINT('',(1.121417497194,-0.245810374294,
    1.338579014355));
#1475 = CARTESIAN_POINT('',(1.127698486087,-0.239978037245,
    1.338579014355));
#1476 = CARTESIAN_POINT('',(1.128147120816,-0.23279976178,1.338579014355
    ));
#1477 = ORIENTED_EDGE('',*,*,#1478,.F.);
#1478 = EDGE_CURVE('',#1479,#1470,#1481,.T.);
#1479 = VERTEX_POINT('',#1480);
#1480 = CARTESIAN_POINT('',(1.10033135687,-0.231902492322,1.338579014355
    ));
#1481 = B_SPLINE_CURVE_WITH_KNOTS('',3,(#1482,#1483,#1484,#1485),
  .UNSPECIFIED.,.F.,.F.,(4,4),(27.,28.),.PIECEWISE_BEZIER_KNOTS.);
#1482 = CARTESIAN_POINT('',(1.10033135687,-0.231902492322,1.338579014355
    ));
#1483 = CARTESIAN_POINT('',(1.10033135687,-0.239529402516,1.338579014355
    ));
#1484 = CARTESIAN_POINT('',(1.106612345763,-0.245810374294,
    1.338579014355));
#1485 = CARTESIAN_POINT('',(1.114239238843,-0.245810374294,
    1.338579014355));
#1486 = ORIENTED_EDGE('',*,*,#1487,.F.);
#1487 = EDGE_CURVE('',#1488,#1479,#1490,.T.);
#1488 = VERTEX_POINT('',#1489);
#1489 = CARTESIAN_POINT('',(1.100779991599,-0.229210649719,
    1.338579014355));
#1490 = B_SPLINE_CURVE_WITH_KNOTS('',3,(#1491,#1492,#1493,#1494),
  .UNSPECIFIED.,.F.,.F.,(4,4),(26.,27.),.PIECEWISE_BEZIER_KNOTS.);
#1491 = CARTESIAN_POINT('',(1.100779991599,-0.229210649719,
    1.338579014355));
#1492 = CARTESIAN_POINT('',(1.100779991599,-0.230107936291,
    1.338579014355));
#1493 = CARTESIAN_POINT('',(1.10033135687,-0.231005222863,1.338579014355
    ));
#1494 = CARTESIAN_POINT('',(1.10033135687,-0.231902492322,1.338579014355
    ));
#1495 = ORIENTED_EDGE('',*,*,#1496,.F.);
#1496 = EDGE_CURVE('',#1497,#1488,#1499,.T.);
#1497 = VERTEX_POINT('',#1498);
#1498 = CARTESIAN_POINT('',(1.100779991599,-0.209021778853,
    1.338579014355));
#1499 = B_SPLINE_CURVE_WITH_KNOTS('',1,(#1500,#1501),.UNSPECIFIED.,.F.,
  .F.,(2,2),(2.460465448667E-17,2.018887086563E-02),
  .PIECEWISE_BEZIER_KNOTS.);
#1500 = CARTESIAN_POINT('',(1.100779991599,-0.209021778853,
    1.338579014355));
#1501 = CARTESIAN_POINT('',(1.100779991599,-0.229210649719,
    1.338579014355));
#1502 = ORIENTED_EDGE('',*,*,#1503,.F.);
#1503 = EDGE_CURVE('',#1504,#1497,#1506,.T.);
#1504 = VERTEX_POINT('',#1505);
#1505 = CARTESIAN_POINT('',(1.065785952189,-0.176719582045,
    1.338579014355));
#1506 = B_SPLINE_CURVE_WITH_KNOTS('',3,(#1507,#1508,#1509,#1510),
  .UNSPECIFIED.,.F.,.F.,(4,4),(24.,25.),.PIECEWISE_BEZIER_KNOTS.);
#1507 = CARTESIAN_POINT('',(1.065785952189,-0.176719582045,
    1.338579014355));
#1508 = CARTESIAN_POINT('',(1.084180258467,-0.176719582045,
    1.338579014355));
#1509 = CARTESIAN_POINT('',(1.099434070298,-0.190627464018,
    1.338579014355));
#1510 = CARTESIAN_POINT('',(1.100779991599,-0.209021778853,
    1.338579014355));
#1511 = ORIENTED_EDGE('',*,*,#1512,.F.);
#1512 = EDGE_CURVE('',#1513,#1504,#1515,.T.);
#1513 = VERTEX_POINT('',#1514);
#1514 = CARTESIAN_POINT('',(1.030791912778,-0.211713621456,
    1.338579014355));
#1515 = B_SPLINE_CURVE_WITH_KNOTS('',3,(#1516,#1517,#1518,#1519),
  .UNSPECIFIED.,.F.,.F.,(4,4),(23.,24.),.PIECEWISE_BEZIER_KNOTS.);
#1516 = CARTESIAN_POINT('',(1.030791912778,-0.211713621456,
    1.338579014355));
#1517 = CARTESIAN_POINT('',(1.030791912778,-0.192422037163,
    1.338579014355));
#1518 = CARTESIAN_POINT('',(1.046494367895,-0.176719582045,
    1.338579014355));
#1519 = CARTESIAN_POINT('',(1.065785952189,-0.176719582045,
    1.338579014355));
#1520 = ORIENTED_EDGE('',*,*,#1521,.F.);
#1521 = EDGE_CURVE('',#1522,#1513,#1524,.T.);
#1522 = VERTEX_POINT('',#1523);
#1523 = CARTESIAN_POINT('',(1.030791912778,-0.215302750632,
    1.338579014355));
#1524 = B_SPLINE_CURVE_WITH_KNOTS('',3,(#1525,#1526,#1527,#1528),
  .UNSPECIFIED.,.F.,.F.,(4,4),(22.,23.),.PIECEWISE_BEZIER_KNOTS.);
#1525 = CARTESIAN_POINT('',(1.030791912778,-0.215302750632,
    1.338579014355));
#1526 = CARTESIAN_POINT('',(1.030791912778,-0.21395682933,1.338579014355
    ));
#1527 = CARTESIAN_POINT('',(1.030791912778,-0.213059542758,
    1.338579014355));
#1528 = CARTESIAN_POINT('',(1.030791912778,-0.211713621456,
    1.338579014355));
#1529 = ORIENTED_EDGE('',*,*,#1530,.F.);
#1530 = EDGE_CURVE('',#1531,#1522,#1533,.T.);
#1531 = VERTEX_POINT('',#1532);
#1532 = CARTESIAN_POINT('',(0.974711715929,-0.278112571102,
    1.338579014355));
#1533 = B_SPLINE_CURVE_WITH_KNOTS('',3,(#1534,#1535,#1536,#1537),
  .UNSPECIFIED.,.F.,.F.,(4,4),(21.,22.),.PIECEWISE_BEZIER_KNOTS.);
#1534 = CARTESIAN_POINT('',(0.974711715929,-0.278112571102,
    1.338579014355));
#1535 = CARTESIAN_POINT('',(0.974711715929,-0.245810374294,
    1.338579014355));
#1536 = CARTESIAN_POINT('',(0.999387002542,-0.218891879807,
    1.338579014355));
#1537 = CARTESIAN_POINT('',(1.030791912778,-0.215302750632,
    1.338579014355));
#1538 = ORIENTED_EDGE('',*,*,#1539,.F.);
#1539 = EDGE_CURVE('',#1540,#1531,#1542,.T.);
#1540 = VERTEX_POINT('',#1541);
#1541 = CARTESIAN_POINT('',(1.017781283149,-0.338230531856,
    1.338579014355));
#1542 = B_SPLINE_CURVE_WITH_KNOTS('',3,(#1543,#1544,#1545,#1546),
  .UNSPECIFIED.,.F.,.F.,(4,4),(20.,21.),.PIECEWISE_BEZIER_KNOTS.);
#1543 = CARTESIAN_POINT('',(1.017781283149,-0.338230531856,
    1.338579014355));
#1544 = CARTESIAN_POINT('',(0.99265737892,-0.329706352203,1.338579014355
    ));
#1545 = CARTESIAN_POINT('',(0.974711715929,-0.306376986891,
    1.338579014355));
#1546 = CARTESIAN_POINT('',(0.974711715929,-0.278112571102,
    1.338579014355));
#1547 = ORIENTED_EDGE('',*,*,#1548,.F.);
#1548 = EDGE_CURVE('',#1549,#1540,#1551,.T.);
#1549 = VERTEX_POINT('',#1550);
#1550 = CARTESIAN_POINT('',(1.011051659527,-0.362008531897,
    1.338579014355));
#1551 = B_SPLINE_CURVE_WITH_KNOTS('',3,(#1552,#1553,#1554,#1555),
  .UNSPECIFIED.,.F.,.F.,(4,4),(19.,20.),.PIECEWISE_BEZIER_KNOTS.);
#1552 = CARTESIAN_POINT('',(1.011051659527,-0.362008531897,
    1.338579014355));
#1553 = CARTESIAN_POINT('',(1.011051659527,-0.353484343687,
    1.338579014355));
#1554 = CARTESIAN_POINT('',(1.013743510687,-0.344960155478,
    1.338579014355));
#1555 = CARTESIAN_POINT('',(1.017781283149,-0.338230531856,
    1.338579014355));
#1556 = ORIENTED_EDGE('',*,*,#1557,.F.);
#1557 = EDGE_CURVE('',#1558,#1549,#1560,.T.);
#1558 = VERTEX_POINT('',#1559);
#1559 = CARTESIAN_POINT('',(1.055915817006,-0.406872689376,
    1.338579014355));
#1560 = B_SPLINE_CURVE_WITH_KNOTS('',3,(#1561,#1562,#1563,#1564),
  .UNSPECIFIED.,.F.,.F.,(4,4),(18.,19.),.PIECEWISE_BEZIER_KNOTS.);
#1561 = CARTESIAN_POINT('',(1.055915817006,-0.406872689376,
    1.338579014355));
#1562 = CARTESIAN_POINT('',(1.031240530392,-0.406872689376,
    1.338579014355));
#1563 = CARTESIAN_POINT('',(1.011051659527,-0.38668381851,1.338579014355
    ));
#1564 = CARTESIAN_POINT('',(1.011051659527,-0.362008531897,
    1.338579014355));
#1565 = ORIENTED_EDGE('',*,*,#1566,.F.);
#1566 = EDGE_CURVE('',#1567,#1558,#1569,.T.);
#1567 = VERTEX_POINT('',#1568);
#1568 = CARTESIAN_POINT('',(1.097190845309,-0.379954194889,
    1.338579014355));
#1569 = B_SPLINE_CURVE_WITH_KNOTS('',3,(#1570,#1571,#1572,#1573),
  .UNSPECIFIED.,.F.,.F.,(4,4),(17.,18.),.PIECEWISE_BEZIER_KNOTS.);
#1570 = CARTESIAN_POINT('',(1.097190845309,-0.379954194889,
    1.338579014355));
#1571 = CARTESIAN_POINT('',(1.090012578402,-0.395656650006,
    1.338579014355));
#1572 = CARTESIAN_POINT('',(1.074310123284,-0.406872689376,
    1.338579014355));
#1573 = CARTESIAN_POINT('',(1.055915817006,-0.406872689376,
    1.338579014355));
#1574 = ORIENTED_EDGE('',*,*,#1575,.F.);
#1575 = EDGE_CURVE('',#1576,#1567,#1578,.T.);
#1576 = VERTEX_POINT('',#1577);
#1577 = CARTESIAN_POINT('',(1.067580499662,-0.33778188857,1.338579014355
    ));
#1578 = B_SPLINE_CURVE_WITH_KNOTS('',3,(#1579,#1580,#1581,#1582),
  .UNSPECIFIED.,.F.,.F.,(4,4),(16.,17.),.PIECEWISE_BEZIER_KNOTS.);
#1579 = CARTESIAN_POINT('',(1.067580499662,-0.33778188857,1.338579014355
    ));
#1580 = CARTESIAN_POINT('',(1.067580499662,-0.35707348142,1.338579014355
    ));
#1581 = CARTESIAN_POINT('',(1.080142460333,-0.373673214553,
    1.338579014355));
#1582 = CARTESIAN_POINT('',(1.097190845309,-0.379954194889,
    1.338579014355));
#1583 = ORIENTED_EDGE('',*,*,#1584,.F.);
#1584 = EDGE_CURVE('',#1585,#1576,#1587,.T.);
#1585 = VERTEX_POINT('',#1586);
#1586 = CARTESIAN_POINT('',(1.082834311493,-0.30413377046,1.338579014355
    ));
#1587 = B_SPLINE_CURVE_WITH_KNOTS('',3,(#1588,#1589,#1590,#1591),
  .UNSPECIFIED.,.F.,.F.,(4,4),(15.,16.),.PIECEWISE_BEZIER_KNOTS.);
#1588 = CARTESIAN_POINT('',(1.082834311493,-0.30413377046,1.338579014355
    ));
#1589 = CARTESIAN_POINT('',(1.073412836711,-0.312209315384,
    1.338579014355));
#1590 = CARTESIAN_POINT('',(1.067580499662,-0.324322641326,
    1.338579014355));
#1591 = CARTESIAN_POINT('',(1.067580499662,-0.33778188857,1.338579014355
    ));
#1592 = ORIENTED_EDGE('',*,*,#1593,.F.);
#1593 = EDGE_CURVE('',#1594,#1585,#1596,.T.);
#1594 = VERTEX_POINT('',#1595);
#1595 = CARTESIAN_POINT('',(1.051429401258,-0.24401580115,1.338579014355
    ));
#1596 = B_SPLINE_CURVE_WITH_KNOTS('',1,(#1597,#1598),.UNSPECIFIED.,.F.,
  .F.,(2,2),(0.,6.782653331043E-02),.PIECEWISE_BEZIER_KNOTS.);
#1597 = CARTESIAN_POINT('',(1.051429401258,-0.24401580115,1.338579014355
    ));
#1598 = CARTESIAN_POINT('',(1.082834311493,-0.30413377046,1.338579014355
    ));
#1599 = ORIENTED_EDGE('',*,*,#1600,.F.);
#1600 = EDGE_CURVE('',#1601,#1594,#1603,.T.);
#1601 = VERTEX_POINT('',#1602);
#1602 = CARTESIAN_POINT('',(1.075207409856,-0.230107919177,
    1.338579014355));
#1603 = B_SPLINE_CURVE_WITH_KNOTS('',1,(#1604,#1605),.UNSPECIFIED.,.F.,
  .F.,(2,2),(0.,2.754673980464E-02),.PIECEWISE_BEZIER_KNOTS.);
#1604 = CARTESIAN_POINT('',(1.075207409856,-0.230107919177,
    1.338579014355));
#1605 = CARTESIAN_POINT('',(1.051429401258,-0.24401580115,1.338579014355
    ));
#1606 = ORIENTED_EDGE('',*,*,#1607,.F.);
#1607 = EDGE_CURVE('',#1608,#1601,#1610,.T.);
#1608 = VERTEX_POINT('',#1609);
#1609 = CARTESIAN_POINT('',(1.108406884679,-0.292917739647,
    1.338579014355));
#1610 = B_SPLINE_CURVE_WITH_KNOTS('',1,(#1611,#1612),.UNSPECIFIED.,.F.,
  .F.,(2,2),(-4.350570156852E-17,7.104420226942E-02),
  .PIECEWISE_BEZIER_KNOTS.);
#1611 = CARTESIAN_POINT('',(1.108406884679,-0.292917739647,
    1.338579014355));
#1612 = CARTESIAN_POINT('',(1.075207409856,-0.230107919177,
    1.338579014355));
#1613 = ORIENTED_EDGE('',*,*,#1614,.F.);
#1614 = EDGE_CURVE('',#1615,#1608,#1617,.T.);
#1615 = VERTEX_POINT('',#1616);
#1616 = CARTESIAN_POINT('',(1.112893300428,-0.292917739647,
    1.338579014355));
#1617 = B_SPLINE_CURVE_WITH_KNOTS('',3,(#1618,#1619,#1620,#1621),
  .UNSPECIFIED.,.F.,.F.,(4,4),(11.,12.),.PIECEWISE_BEZIER_KNOTS.);
#1618 = CARTESIAN_POINT('',(1.112893300428,-0.292917739647,
    1.338579014355));
#1619 = CARTESIAN_POINT('',(1.111547379126,-0.292917739647,
    1.338579014355));
#1620 = CARTESIAN_POINT('',(1.110201457824,-0.292917739647,
    1.338579014355));
#1621 = CARTESIAN_POINT('',(1.108406884679,-0.292917739647,
    1.338579014355));
#1622 = ORIENTED_EDGE('',*,*,#1623,.F.);
#1623 = EDGE_CURVE('',#1624,#1615,#1626,.T.);
#1624 = VERTEX_POINT('',#1625);
#1625 = CARTESIAN_POINT('',(1.157757457907,-0.337781897127,
    1.338579014355));
#1626 = B_SPLINE_CURVE_WITH_KNOTS('',3,(#1627,#1628,#1629,#1630),
  .UNSPECIFIED.,.F.,.F.,(4,4),(10.,11.),.PIECEWISE_BEZIER_KNOTS.);
#1627 = CARTESIAN_POINT('',(1.157757457907,-0.337781897127,
    1.338579014355));
#1628 = CARTESIAN_POINT('',(1.157757457907,-0.313106610513,
    1.338579014355));
#1629 = CARTESIAN_POINT('',(1.137568587041,-0.292917739647,
    1.338579014355));
#1630 = CARTESIAN_POINT('',(1.112893300428,-0.292917739647,
    1.338579014355));
#1631 = ORIENTED_EDGE('',*,*,#1632,.F.);
#1632 = EDGE_CURVE('',#1633,#1624,#1635,.T.);
#1633 = VERTEX_POINT('',#1634);
#1634 = CARTESIAN_POINT('',(1.127249834244,-0.380402851011,
    1.338579014355));
#1635 = B_SPLINE_CURVE_WITH_KNOTS('',3,(#1636,#1637,#1638,#1639),
  .UNSPECIFIED.,.F.,.F.,(4,4),(9.,10.),.PIECEWISE_BEZIER_KNOTS.);
#1636 = CARTESIAN_POINT('',(1.127249834244,-0.380402851011,
    1.338579014355));
#1637 = CARTESIAN_POINT('',(1.145195497236,-0.374570509683,
    1.338579014355));
#1638 = CARTESIAN_POINT('',(1.157757457907,-0.357522133263,
    1.338579014355));
#1639 = CARTESIAN_POINT('',(1.157757457907,-0.337781897127,
    1.338579014355));
#1640 = ORIENTED_EDGE('',*,*,#1641,.F.);
#1641 = EDGE_CURVE('',#1642,#1633,#1644,.T.);
#1642 = VERTEX_POINT('',#1643);
#1643 = CARTESIAN_POINT('',(1.105715042076,-0.416294176994,
    1.338579014355));
#1644 = B_SPLINE_CURVE_WITH_KNOTS('',3,(#1645,#1646,#1647,#1648),
  .UNSPECIFIED.,.F.,.F.,(4,4),(8.,9.),.PIECEWISE_BEZIER_KNOTS.);
#1645 = CARTESIAN_POINT('',(1.105715042076,-0.416294176994,
    1.338579014355));
#1646 = CARTESIAN_POINT('',(1.116482446717,-0.406424063204,
    1.338579014355));
#1647 = CARTESIAN_POINT('',(1.123660705068,-0.394310737262,
    1.338579014355));
#1648 = CARTESIAN_POINT('',(1.127249834244,-0.380402851011,
    1.338579014355));
#1649 = ORIENTED_EDGE('',*,*,#1650,.F.);
#1650 = EDGE_CURVE('',#1651,#1642,#1653,.T.);
#1651 = VERTEX_POINT('',#1652);
#1652 = CARTESIAN_POINT('',(1.056813120693,-0.435137122279,
    1.338579014355));
#1653 = B_SPLINE_CURVE_WITH_KNOTS('',3,(#1654,#1655,#1656,#1657),
  .UNSPECIFIED.,.F.,.F.,(4,4),(7.,8.),.PIECEWISE_BEZIER_KNOTS.);
#1654 = CARTESIAN_POINT('',(1.056813120693,-0.435137122279,
    1.338579014355));
#1655 = CARTESIAN_POINT('',(1.074758783684,-0.435137122279,
    1.338579014355));
#1656 = CARTESIAN_POINT('',(1.092255811947,-0.428407498658,
    1.338579014355));
#1657 = CARTESIAN_POINT('',(1.105715042076,-0.416294176994,
    1.338579014355));
#1658 = ORIENTED_EDGE('',*,*,#1659,.F.);
#1659 = EDGE_CURVE('',#1660,#1651,#1662,.T.);
#1660 = VERTEX_POINT('',#1661);
#1661 = CARTESIAN_POINT('',(1.005667987157,-0.414050956284,
    1.338579014355));
#1662 = B_SPLINE_CURVE_WITH_KNOTS('',3,(#1663,#1664,#1665,#1666),
  .UNSPECIFIED.,.F.,.F.,(4,4),(6.,7.),.PIECEWISE_BEZIER_KNOTS.);
#1663 = CARTESIAN_POINT('',(1.005667987157,-0.414050956284,
    1.338579014355));
#1664 = CARTESIAN_POINT('',(1.019127230122,-0.427510215294,
    1.338579014355));
#1665 = CARTESIAN_POINT('',(1.0375215364,-0.435137122279,1.338579014355)
  );
#1666 = CARTESIAN_POINT('',(1.056813120693,-0.435137122279,
    1.338579014355));
#1667 = ORIENTED_EDGE('',*,*,#1668,.F.);
#1668 = EDGE_CURVE('',#1669,#1660,#1671,.T.);
#1669 = VERTEX_POINT('',#1670);
#1670 = CARTESIAN_POINT('',(0.984133190711,-0.362457175183,
    1.338579014355));
#1671 = B_SPLINE_CURVE_WITH_KNOTS('',3,(#1672,#1673,#1674,#1675),
  .UNSPECIFIED.,.F.,.F.,(4,4),(5.,6.),.PIECEWISE_BEZIER_KNOTS.);
#1672 = CARTESIAN_POINT('',(0.984133190711,-0.362457175183,
    1.338579014355));
#1673 = CARTESIAN_POINT('',(0.984133190711,-0.381748763755,
    1.338579014355));
#1674 = CARTESIAN_POINT('',(0.991760096626,-0.400143065754,
    1.338579014355));
#1675 = CARTESIAN_POINT('',(1.005667987157,-0.414050956284,
    1.338579014355));
#1676 = ORIENTED_EDGE('',*,*,#1677,.F.);
#1677 = EDGE_CURVE('',#1678,#1669,#1680,.T.);
#1678 = VERTEX_POINT('',#1679);
#1679 = CARTESIAN_POINT('',(0.985030473005,-0.352138422386,
    1.338579014355));
#1680 = B_SPLINE_CURVE_WITH_KNOTS('',3,(#1681,#1682,#1683,#1684),
  .UNSPECIFIED.,.F.,.F.,(4,4),(4.,5.),.PIECEWISE_BEZIER_KNOTS.);
#1681 = CARTESIAN_POINT('',(0.985030473005,-0.352138422386,
    1.338579014355));
#1682 = CARTESIAN_POINT('',(0.984581829718,-0.355727551561,
    1.338579014355));
#1683 = CARTESIAN_POINT('',(0.984133190711,-0.358868046008,
    1.338579014355));
#1684 = CARTESIAN_POINT('',(0.984133190711,-0.362457175183,
    1.338579014355));
#1685 = ORIENTED_EDGE('',*,*,#1686,.F.);
#1686 = EDGE_CURVE('',#1687,#1678,#1689,.T.);
#1687 = VERTEX_POINT('',#1688);
#1688 = CARTESIAN_POINT('',(0.965290243286,-0.332398194807,
    1.338579014355));
#1689 = B_SPLINE_CURVE_WITH_KNOTS('',3,(#1690,#1691,#1692,#1693),
  .UNSPECIFIED.,.F.,.F.,(4,4),(3.,4.),.PIECEWISE_BEZIER_KNOTS.);
#1690 = CARTESIAN_POINT('',(0.965290243286,-0.332398194807,
    1.338579014355));
#1691 = CARTESIAN_POINT('',(0.970673943467,-0.340025105001,
    1.338579014355));
#1692 = CARTESIAN_POINT('',(0.977403567089,-0.346306085336,
    1.338579014355));
#1693 = CARTESIAN_POINT('',(0.985030473005,-0.352138422386,
    1.338579014355));
#1694 = ORIENTED_EDGE('',*,*,#1695,.F.);
#1695 = EDGE_CURVE('',#1696,#1687,#1698,.T.);
#1696 = VERTEX_POINT('',#1697);
#1697 = CARTESIAN_POINT('',(0.947793221441,-0.278561205831,
    1.338579014355));
#1698 = B_SPLINE_CURVE_WITH_KNOTS('',3,(#1699,#1700,#1701,#1702),
  .UNSPECIFIED.,.F.,.F.,(4,4),(2.,3.),.PIECEWISE_BEZIER_KNOTS.);
#1699 = CARTESIAN_POINT('',(0.947793221441,-0.278561205831,
    1.338579014355));
#1700 = CARTESIAN_POINT('',(0.947793221441,-0.298301433411,
    1.338579014355));
#1701 = CARTESIAN_POINT('',(0.954074203381,-0.316695739689,
    1.338579014355));
#1702 = CARTESIAN_POINT('',(0.965290243286,-0.332398194807,
    1.338579014355));
#1703 = ORIENTED_EDGE('',*,*,#1704,.F.);
#1704 = EDGE_CURVE('',#1427,#1696,#1705,.T.);
#1705 = B_SPLINE_CURVE_WITH_KNOTS('',3,(#1706,#1707,#1708,#1709),
  .UNSPECIFIED.,.F.,.F.,(4,4),(1.,2.),.PIECEWISE_BEZIER_KNOTS.);
#1706 = CARTESIAN_POINT('',(0.971122584614,-0.217545958505,
    1.338579014355));
#1707 = CARTESIAN_POINT('',(0.956317411255,-0.234594334925,
    1.338579014355));
#1708 = CARTESIAN_POINT('',(0.947793221441,-0.256129127092,
    1.338579014355));
#1709 = CARTESIAN_POINT('',(0.947793221441,-0.278561205831,
    1.338579014355));
#1710 = B_SPLINE_SURFACE_WITH_KNOTS('',1,1,(
    (#1711,#1712)
    ,(#1713,#1714
    )),.UNSPECIFIED.,.F.,.F.,.F.,(2,2),(2,2),(-1.329714153333,
    1.329714153333),(-1.152418932889,1.152418932889),
  .PIECEWISE_BEZIER_KNOTS.);
#1711 = CARTESIAN_POINT('',(-1.329714153333,-1.152418932889,
    1.338579014355));
#1712 = CARTESIAN_POINT('',(-1.329714153333,1.152418932889,
    1.338579014355));
#1713 = CARTESIAN_POINT('',(1.329714153333,-1.152418932889,
    1.338579014355));
#1714 = CARTESIAN_POINT('',(1.329714153333,1.152418932889,1.338579014355
    ));
#1715 = ADVANCED_FACE('',(#1716),#1774,.F.);
#1716 = FACE_BOUND('',#1717,.T.);
#1717 = EDGE_LOOP('',(#1718,#1725,#1726,#1734,#1741,#1748,#1755,#1762,
    #1769));
#1718 = ORIENTED_EDGE('',*,*,#1719,.F.);
#1719 = EDGE_CURVE('',#178,#1720,#1722,.T.);
#1720 = VERTEX_POINT('',#1721);
#1721 = CARTESIAN_POINT('',(-1.108095127778,1.152418932889,
    1.161283793911));
#1722 = B_SPLINE_CURVE_WITH_KNOTS('',1,(#1723,#1724),.UNSPECIFIED.,.F.,
  .F.,(2,2),(-0.588292305094,0.),.PIECEWISE_BEZIER_KNOTS.);
#1723 = CARTESIAN_POINT('',(-0.519802822683,1.152418932889,
    1.161283793911));
#1724 = CARTESIAN_POINT('',(-1.108095127778,1.152418932889,
    1.161283793911));
#1725 = ORIENTED_EDGE('',*,*,#185,.T.);
#1726 = ORIENTED_EDGE('',*,*,#1727,.T.);
#1727 = EDGE_CURVE('',#186,#1728,#1730,.T.);
#1728 = VERTEX_POINT('',#1729);
#1729 = CARTESIAN_POINT('',(-0.519802822683,-1.152418932889,
    1.161283793911));
#1730 = ( BOUNDED_CURVE() B_SPLINE_CURVE(2,(#1731,#1732,#1733),
.UNSPECIFIED.,.F.,.F.) B_SPLINE_CURVE_WITH_KNOTS((3,3),(3.14159265359,
4.288659142748),.PIECEWISE_BEZIER_KNOTS.) CURVE() 
GEOMETRIC_REPRESENTATION_ITEM() RATIONAL_B_SPLINE_CURVE((1.,
0.839989072055,1.)) REPRESENTATION_ITEM('') );
#1731 = CARTESIAN_POINT('',(-1.264224810447,-8.94401752005E-14,
    1.161283793911));
#1732 = CARTESIAN_POINT('',(-1.264224810447,-0.816644641558,
    1.161283793911));
#1733 = CARTESIAN_POINT('',(-0.519802822683,-1.152418932889,
    1.161283793911));
#1734 = ORIENTED_EDGE('',*,*,#1735,.F.);
#1735 = EDGE_CURVE('',#1736,#1728,#1738,.T.);
#1736 = VERTEX_POINT('',#1737);
#1737 = CARTESIAN_POINT('',(-1.108095127778,-1.152418932889,
    1.161283793911));
#1738 = B_SPLINE_CURVE_WITH_KNOTS('',1,(#1739,#1740),.UNSPECIFIED.,.F.,
  .F.,(2,2),(0.,0.588292305094),.PIECEWISE_BEZIER_KNOTS.);
#1739 = CARTESIAN_POINT('',(-1.108095127778,-1.152418932889,
    1.161283793911));
#1740 = CARTESIAN_POINT('',(-0.519802822683,-1.152418932889,
    1.161283793911));
#1741 = ORIENTED_EDGE('',*,*,#1742,.F.);
#1742 = EDGE_CURVE('',#1743,#1736,#1745,.T.);
#1743 = VERTEX_POINT('',#1744);
#1744 = CARTESIAN_POINT('',(-1.108095127778,-0.930799907333,
    1.161283793911));
#1745 = B_SPLINE_CURVE_WITH_KNOTS('',1,(#1746,#1747),.UNSPECIFIED.,.F.,
  .F.,(2,2),(0.930799907333,1.152418932889),.PIECEWISE_BEZIER_KNOTS.);
#1746 = CARTESIAN_POINT('',(-1.108095127778,-0.930799907333,
    1.161283793911));
#1747 = CARTESIAN_POINT('',(-1.108095127778,-1.152418932889,
    1.161283793911));
#1748 = ORIENTED_EDGE('',*,*,#1749,.F.);
#1749 = EDGE_CURVE('',#1750,#1743,#1752,.T.);
#1750 = VERTEX_POINT('',#1751);
#1751 = CARTESIAN_POINT('',(-1.329714153333,-0.709180881778,
    1.161283793911));
#1752 = B_SPLINE_CURVE_WITH_KNOTS('',1,(#1753,#1754),.UNSPECIFIED.,.F.,
  .F.,(2,2),(-0.438783284269,-0.125366652648),.PIECEWISE_BEZIER_KNOTS.);
#1753 = CARTESIAN_POINT('',(-1.329714153333,-0.709180881778,
    1.161283793911));
#1754 = CARTESIAN_POINT('',(-1.108095127778,-0.930799907333,
    1.161283793911));
#1755 = ORIENTED_EDGE('',*,*,#1756,.F.);
#1756 = EDGE_CURVE('',#1757,#1750,#1759,.T.);
#1757 = VERTEX_POINT('',#1758);
#1758 = CARTESIAN_POINT('',(-1.329714153333,0.709180881778,
    1.161283793911));
#1759 = B_SPLINE_CURVE_WITH_KNOTS('',1,(#1760,#1761),.UNSPECIFIED.,.F.,
  .F.,(2,2),(-0.709180881778,0.709180881778),.PIECEWISE_BEZIER_KNOTS.);
#1760 = CARTESIAN_POINT('',(-1.329714153333,0.709180881778,
    1.161283793911));
#1761 = CARTESIAN_POINT('',(-1.329714153333,-0.709180881778,
    1.161283793911));
#1762 = ORIENTED_EDGE('',*,*,#1763,.F.);
#1763 = EDGE_CURVE('',#1764,#1757,#1766,.T.);
#1764 = VERTEX_POINT('',#1765);
#1765 = CARTESIAN_POINT('',(-1.108095127778,0.930799907333,
    1.161283793911));
#1766 = B_SPLINE_CURVE_WITH_KNOTS('',1,(#1767,#1768),.UNSPECIFIED.,.F.,
  .F.,(2,2),(0.125366652648,0.438783284269),.PIECEWISE_BEZIER_KNOTS.);
#1767 = CARTESIAN_POINT('',(-1.108095127778,0.930799907333,
    1.161283793911));
#1768 = CARTESIAN_POINT('',(-1.329714153333,0.709180881778,
    1.161283793911));
#1769 = ORIENTED_EDGE('',*,*,#1770,.F.);
#1770 = EDGE_CURVE('',#1720,#1764,#1771,.T.);
#1771 = B_SPLINE_CURVE_WITH_KNOTS('',1,(#1772,#1773),.UNSPECIFIED.,.F.,
  .F.,(2,2),(-1.152418932889,-0.930799907333),.PIECEWISE_BEZIER_KNOTS.);
#1772 = CARTESIAN_POINT('',(-1.108095127778,1.152418932889,
    1.161283793911));
#1773 = CARTESIAN_POINT('',(-1.108095127778,0.930799907333,
    1.161283793911));
#1774 = B_SPLINE_SURFACE_WITH_KNOTS('',1,1,(
    (#1775,#1776)
    ,(#1777,#1778
    )),.UNSPECIFIED.,.F.,.F.,.F.,(2,2),(2,2),(-1.329714153333,
    -0.519802822683),(-1.152418932889,1.152418932889),
  .PIECEWISE_BEZIER_KNOTS.);
#1775 = CARTESIAN_POINT('',(-1.329714153333,-1.152418932889,
    1.161283793911));
#1776 = CARTESIAN_POINT('',(-1.329714153333,1.152418932889,
    1.161283793911));
#1777 = CARTESIAN_POINT('',(-0.519802822683,-1.152418932889,
    1.161283793911));
#1778 = CARTESIAN_POINT('',(-0.519802822683,1.152418932889,
    1.161283793911));
#1779 = ADVANCED_FACE('',(#1780,#1956,#2027,#2085,#2171,#2215),#2301,.F.
  );
#1780 = FACE_BOUND('',#1781,.T.);
#1781 = EDGE_LOOP('',(#1782,#1791,#1807,#1831,#1855,#1871,#1878,#1894,
    #1918,#1942));
#1782 = ORIENTED_EDGE('',*,*,#1783,.T.);
#1783 = EDGE_CURVE('',#1784,#1786,#1788,.T.);
#1784 = VERTEX_POINT('',#1785);
#1785 = CARTESIAN_POINT('',(5.697645520456E-02,-2.943174258559E-02,
    8.864861022221E-03));
#1786 = VERTEX_POINT('',#1787);
#1787 = CARTESIAN_POINT('',(5.697645520456E-02,-3.916135834168E-02,
    8.864861022221E-03));
#1788 = B_SPLINE_CURVE_WITH_KNOTS('',1,(#1789,#1790),.UNSPECIFIED.,.F.,
  .F.,(2,2),(0.,9.729615756096E-03),.PIECEWISE_BEZIER_KNOTS.);
#1789 = CARTESIAN_POINT('',(5.697645520456E-02,-2.943174258559E-02,
    8.864861022221E-03));
#1790 = CARTESIAN_POINT('',(5.697645520456E-02,-3.916135834168E-02,
    8.864861022221E-03));
#1791 = ORIENTED_EDGE('',*,*,#1792,.T.);
#1792 = EDGE_CURVE('',#1786,#1793,#1795,.T.);
#1793 = VERTEX_POINT('',#1794);
#1794 = CARTESIAN_POINT('',(8.136806137089E-02,-4.483696753274E-02,
    8.864861022221E-03));
#1795 = B_SPLINE_CURVE_WITH_KNOTS('',3,(#1796,#1797,#1798,#1799,#1800,
    #1801,#1802,#1803,#1804,#1805,#1806),.UNSPECIFIED.,.F.,.F.,(4,1,1,1,
    1,1,1,1,4),(0.,0.112448389909,0.226527675213,0.344401949326,
    0.465864972487,0.591659449352,0.722168487025,0.858606387555,1.),
  .UNSPECIFIED.);
#1796 = CARTESIAN_POINT('',(5.697645520456E-02,-3.916135834168E-02,
    8.864861022221E-03));
#1797 = CARTESIAN_POINT('',(5.780827037255E-02,-3.962048644766E-02,
    8.864861022221E-03));
#1798 = CARTESIAN_POINT('',(5.948396494108E-02,-4.054540162481E-02,
    8.864861022221E-03));
#1799 = CARTESIAN_POINT('',(6.216375245545E-02,-4.168665894704E-02,
    8.864861022221E-03));
#1800 = CARTESIAN_POINT('',(6.498353834279E-02,-4.267104709804E-02,
    8.864861022221E-03));
#1801 = CARTESIAN_POINT('',(6.796800308336E-02,-4.345600835053E-02,
    8.864861022221E-03));
#1802 = CARTESIAN_POINT('',(7.109730683469E-02,-4.408686160003E-02,
    8.864861022221E-03));
#1803 = CARTESIAN_POINT('',(7.438803105148E-02,-4.451416111106E-02,
    8.864861022221E-03));
#1804 = CARTESIAN_POINT('',(7.782713893016E-02,-4.479543847229E-02,
    8.864861022221E-03));
#1805 = CARTESIAN_POINT('',(8.017380133034E-02,-4.482296087254E-02,
    8.864861022221E-03));
#1806 = CARTESIAN_POINT('',(8.136806137089E-02,-4.483696753274E-02,
    8.864861022221E-03));
#1807 = ORIENTED_EDGE('',*,*,#1808,.T.);
#1808 = EDGE_CURVE('',#1793,#1809,#1811,.T.);
#1809 = VERTEX_POINT('',#1810);
#1810 = CARTESIAN_POINT('',(0.122921628663,-1.10437171237E-03,
    8.864861022221E-03));
#1811 = B_SPLINE_CURVE_WITH_KNOTS('',3,(#1812,#1813,#1814,#1815,#1816,
    #1817,#1818,#1819,#1820,#1821,#1822,#1823,#1824,#1825,#1826,#1827,
    #1828,#1829,#1830),.UNSPECIFIED.,.F.,.F.,(4,1,1,1,1,1,1,1,1,1,1,1,1,
    1,1,1,4),(0.,6.783324845577E-02,0.132655536508,0.195050884051,
    0.255582933069,0.314799834147,0.373600472826,0.432545595327,
    0.492430629284,0.552671255963,0.612513044188,0.672610250357,
    0.733838369314,0.796594238568,0.861449799291,0.929198942351,1.),
  .UNSPECIFIED.);
#1812 = CARTESIAN_POINT('',(8.136806137089E-02,-4.483696753274E-02,
    8.864861022221E-03));
#1813 = CARTESIAN_POINT('',(8.290690069313E-02,-4.480264698239E-02,
    8.864861022221E-03));
#1814 = CARTESIAN_POINT('',(8.591627383297E-02,-4.473552929123E-02,
    8.864861022221E-03));
#1815 = CARTESIAN_POINT('',(9.031252706238E-02,-4.417097235289E-02,
    8.864861022221E-03));
#1816 = CARTESIAN_POINT('',(9.447154287946E-02,-4.322842531665E-02,
    8.864861022221E-03));
#1817 = CARTESIAN_POINT('',(9.839187673085E-02,-4.190411207996E-02,
    8.864861022221E-03));
#1818 = CARTESIAN_POINT('',(0.102087243782,-4.023070425392E-02,
    8.864861022221E-03));
#1819 = CARTESIAN_POINT('',(0.105538501662,-3.816220708735E-02,
    8.864861022221E-03));
#1820 = CARTESIAN_POINT('',(0.108722811464,-3.568233049233E-02,
    8.864861022221E-03));
#1821 = CARTESIAN_POINT('',(0.111682309981,-3.289103966038E-02,
    8.864861022221E-03));
#1822 = CARTESIAN_POINT('',(0.114322976166,-2.976797486155E-02,
    8.864861022221E-03));
#1823 = CARTESIAN_POINT('',(0.116634381075,-2.638990831898E-02,
    8.864861022221E-03));
#1824 = CARTESIAN_POINT('',(0.118589818691,-2.276734698596E-02,
    8.864861022221E-03));
#1825 = CARTESIAN_POINT('',(0.120176524173,-1.889830211982E-02,
    8.864861022221E-03));
#1826 = CARTESIAN_POINT('',(0.121413037191,-1.479062755795E-02,
    8.864861022221E-03));
#1827 = CARTESIAN_POINT('',(0.122277753569,-1.044062581432E-02,
    8.864861022221E-03));
#1828 = CARTESIAN_POINT('',(0.122839702942,-5.854399867944E-03,
    8.864861022221E-03));
#1829 = CARTESIAN_POINT('',(0.122893921986,-2.71079634012E-03,
    8.864861022221E-03));
#1830 = CARTESIAN_POINT('',(0.122921628663,-1.10437171237E-03,
    8.864861022221E-03));
#1831 = ORIENTED_EDGE('',*,*,#1832,.T.);
#1832 = EDGE_CURVE('',#1809,#1833,#1835,.T.);
#1833 = VERTEX_POINT('',#1834);
#1834 = CARTESIAN_POINT('',(7.78376973205E-02,4.597277952416E-02,
    8.864861022221E-03));
#1835 = B_SPLINE_CURVE_WITH_KNOTS('',3,(#1836,#1837,#1838,#1839,#1840,
    #1841,#1842,#1843,#1844,#1845,#1846,#1847,#1848,#1849,#1850,#1851,
    #1852,#1853,#1854),.UNSPECIFIED.,.F.,.F.,(4,1,1,1,1,1,1,1,1,1,1,1,1,
    1,1,1,4),(0.,7.064371857535E-02,0.138256715509,0.203364124218,
    0.266324093803,0.327904761543,0.388737715173,0.449423528109,
    0.510861011459,0.572079396048,0.631734428731,0.691117210579,
    0.75036002949,0.810032900531,0.871362450829,0.934427141231,1.),
  .UNSPECIFIED.);
#1836 = CARTESIAN_POINT('',(0.122921628663,-1.10437171237E-03,
    8.864861022221E-03));
#1837 = CARTESIAN_POINT('',(0.122883020549,6.203128531647E-04,
    8.864861022221E-03));
#1838 = CARTESIAN_POINT('',(0.122807460668,3.995690425701E-03,
    8.864861022221E-03));
#1839 = CARTESIAN_POINT('',(0.122206862854,8.931319730275E-03,
    8.864861022221E-03));
#1840 = CARTESIAN_POINT('',(0.121221379923,1.361138126146E-02,
    8.864861022221E-03));
#1841 = CARTESIAN_POINT('',(0.119811024427,1.802877081273E-02,
    8.864861022221E-03));
#1842 = CARTESIAN_POINT('',(0.118015051305,2.218945877228E-02,
    8.864861022221E-03));
#1843 = CARTESIAN_POINT('',(0.11583193416,2.609898130798E-02,
    8.864861022221E-03));
#1844 = CARTESIAN_POINT('',(0.113226199607,2.973719534101E-02,
    8.864861022221E-03));
#1845 = CARTESIAN_POINT('',(0.110239344748,3.307937211873E-02,
    8.864861022221E-03));
#1846 = CARTESIAN_POINT('',(0.106970202192,3.610877180297E-02,
    8.864861022221E-03));
#1847 = CARTESIAN_POINT('',(0.1034428112,3.875228102068E-02,
    8.864861022221E-03));
#1848 = CARTESIAN_POINT('',(9.969972082838E-02,4.098626718556E-02,
    8.864861022221E-03));
#1849 = CARTESIAN_POINT('',(9.574622923713E-02,4.282546188498E-02,
    8.864861022221E-03));
#1850 = CARTESIAN_POINT('',(9.156780273556E-02,4.42293973904E-02,
    8.864861022221E-03));
#1851 = CARTESIAN_POINT('',(8.718399102844E-02,4.523766657619E-02,
    8.864861022221E-03));
#1852 = CARTESIAN_POINT('',(8.257969637309E-02,4.586244858509E-02,
    8.864861022221E-03));
#1853 = CARTESIAN_POINT('',(7.943877749666E-02,4.593552758096E-02,
    8.864861022221E-03));
#1854 = CARTESIAN_POINT('',(7.78376973205E-02,4.597277952416E-02,
    8.864861022221E-03));
#1855 = ORIENTED_EDGE('',*,*,#1856,.T.);
#1856 = EDGE_CURVE('',#1833,#1857,#1859,.T.);
#1857 = VERTEX_POINT('',#1858);
#1858 = CARTESIAN_POINT('',(5.697645520456E-02,4.245930716779E-02,
    8.864861022221E-03));
#1859 = B_SPLINE_CURVE_WITH_KNOTS('',3,(#1860,#1861,#1862,#1863,#1864,
    #1865,#1866,#1867,#1868,#1869,#1870),.UNSPECIFIED.,.F.,.F.,(4,1,1,1,
    1,1,1,1,4),(0.,0.145186866472,0.28344261092,0.416524365929,
    0.543181123535,0.665153082638,0.781360206313,0.892756655642,1.),
  .UNSPECIFIED.);
#1860 = CARTESIAN_POINT('',(7.78376973205E-02,4.597277952416E-02,
    8.864861022221E-03));
#1861 = CARTESIAN_POINT('',(7.680700391181E-02,4.596539123911E-02,
    8.864861022221E-03));
#1862 = CARTESIAN_POINT('',(7.479482169509E-02,4.595096738072E-02,
    8.864861022221E-03));
#1863 = CARTESIAN_POINT('',(7.184292320642E-02,4.577009086191E-02,
    8.864861022221E-03));
#1864 = CARTESIAN_POINT('',(6.902860295796E-02,4.551445697547E-02,
    8.864861022221E-03));
#1865 = CARTESIAN_POINT('',(6.634778829648E-02,4.51158422045E-02,
    8.864861022221E-03));
#1866 = CARTESIAN_POINT('',(6.380061716409E-02,4.464133287632E-02,
    8.864861022221E-03));
#1867 = CARTESIAN_POINT('',(6.139663164805E-02,4.402278721491E-02,
    8.864861022221E-03));
#1868 = CARTESIAN_POINT('',(5.912071982243E-02,4.332971145107E-02,
    8.864861022221E-03));
#1869 = CARTESIAN_POINT('',(5.768210113086E-02,4.274574440674E-02,
    8.864861022221E-03));
#1870 = CARTESIAN_POINT('',(5.697645520456E-02,4.245930716779E-02,
    8.864861022221E-03));
#1871 = ORIENTED_EDGE('',*,*,#1872,.T.);
#1872 = EDGE_CURVE('',#1857,#1873,#1875,.T.);
#1873 = VERTEX_POINT('',#1874);
#1874 = CARTESIAN_POINT('',(5.697645520456E-02,3.0567554577E-02,
    8.864861022221E-03));
#1875 = B_SPLINE_CURVE_WITH_KNOTS('',1,(#1876,#1877),.UNSPECIFIED.,.F.,
  .F.,(2,2),(0.,1.189175259078E-02),.PIECEWISE_BEZIER_KNOTS.);
#1876 = CARTESIAN_POINT('',(5.697645520456E-02,4.245930716779E-02,
    8.864861022221E-03));
#1877 = CARTESIAN_POINT('',(5.697645520456E-02,3.0567554577E-02,
    8.864861022221E-03));
#1878 = ORIENTED_EDGE('',*,*,#1879,.T.);
#1879 = EDGE_CURVE('',#1873,#1880,#1882,.T.);
#1880 = VERTEX_POINT('',#1881);
#1881 = CARTESIAN_POINT('',(7.773634715637E-02,3.624316376806E-02,
    8.864861022221E-03));
#1882 = B_SPLINE_CURVE_WITH_KNOTS('',3,(#1883,#1884,#1885,#1886,#1887,
    #1888,#1889,#1890,#1891,#1892,#1893),.UNSPECIFIED.,.F.,.F.,(4,1,1,1,
    1,1,1,1,4),(0.,0.125279696736,0.249419970742,0.373356799493,
    0.496681278782,0.620202915744,0.745086320161,0.871269195019,1.),
  .UNSPECIFIED.);
#1883 = CARTESIAN_POINT('',(5.697645520456E-02,3.0567554577E-02,
    8.864861022221E-03));
#1884 = CARTESIAN_POINT('',(5.776368016832E-02,3.102499158103E-02,
    8.864861022221E-03));
#1885 = CARTESIAN_POINT('',(5.933097026035E-02,3.193570518534E-02,
    8.864861022221E-03));
#1886 = CARTESIAN_POINT('',(6.179603261933E-02,3.307427642416E-02,
    8.864861022221E-03));
#1887 = CARTESIAN_POINT('',(6.430859339061E-02,3.406182305084E-02,
    8.864861022221E-03));
#1888 = CARTESIAN_POINT('',(6.688624175525E-02,3.48501663221E-02,
    8.864861022221E-03));
#1889 = CARTESIAN_POINT('',(6.951275476049E-02,3.548675956395E-02,
    8.864861022221E-03));
#1890 = CARTESIAN_POINT('',(7.220190531131E-02,3.591374059301E-02,
    8.864861022221E-03));
#1891 = CARTESIAN_POINT('',(7.494859842014E-02,3.620101501628E-02,
    8.864861022221E-03));
#1892 = CARTESIAN_POINT('',(7.680092607488E-02,3.622902087546E-02,
    8.864861022221E-03));
#1893 = CARTESIAN_POINT('',(7.773634715637E-02,3.624316376806E-02,
    8.864861022221E-03));
#1894 = ORIENTED_EDGE('',*,*,#1895,.T.);
#1895 = EDGE_CURVE('',#1880,#1896,#1898,.T.);
#1896 = VERTEX_POINT('',#1897);
#1897 = CARTESIAN_POINT('',(0.111029876072,-3.780288694674E-04,
    8.864861022221E-03));
#1898 = B_SPLINE_CURVE_WITH_KNOTS('',3,(#1899,#1900,#1901,#1902,#1903,
    #1904,#1905,#1906,#1907,#1908,#1909,#1910,#1911,#1912,#1913,#1914,
    #1915,#1916,#1917),.UNSPECIFIED.,.F.,.F.,(4,1,1,1,1,1,1,1,1,1,1,1,1,
    1,1,1,4),(0.,6.460397028839E-02,0.126702413963,0.186756814036,
    0.245505687365,0.30365202445,0.361503073971,0.420240222928,
    0.480033340777,0.540678134776,0.601191806381,0.662333502477,
    0.724739510297,0.789467736173,0.856504860044,0.926312095839,1.),
  .UNSPECIFIED.);
#1899 = CARTESIAN_POINT('',(7.773634715637E-02,3.624316376806E-02,
    8.864861022221E-03));
#1900 = CARTESIAN_POINT('',(7.89374657057E-02,3.621733752027E-02,
    8.864861022221E-03));
#1901 = CARTESIAN_POINT('',(8.129311999406E-02,3.616668664038E-02,
    8.864861022221E-03));
#1902 = CARTESIAN_POINT('',(8.473455121848E-02,3.566938864502E-02,
    8.864861022221E-03));
#1903 = CARTESIAN_POINT('',(8.80169411368E-02,3.492537463933E-02,
    8.864861022221E-03));
#1904 = CARTESIAN_POINT('',(9.112712758825E-02,3.383645245792E-02,
    8.864861022221E-03));
#1905 = CARTESIAN_POINT('',(9.406157894167E-02,3.243103055542E-02,
    8.864861022221E-03));
#1906 = CARTESIAN_POINT('',(9.681775051281E-02,3.070383759917E-02,
    8.864861022221E-03));
#1907 = CARTESIAN_POINT('',(9.941256898894E-02,2.869190452422E-02,
    8.864861022221E-03));
#1908 = CARTESIAN_POINT('',(0.101806451296,2.63701316624E-02,
    8.864861022221E-03));
#1909 = CARTESIAN_POINT('',(0.103987943971,2.380262172799E-02,
    8.864861022221E-03));
#1910 = CARTESIAN_POINT('',(0.105860432401,2.097239512482E-02,
    8.864861022221E-03));
#1911 = CARTESIAN_POINT('',(0.107484164103,1.795605557504E-02,
    8.864861022221E-03));
#1912 = CARTESIAN_POINT('',(0.108784445292,1.470068216379E-02,
    8.864861022221E-03));
#1913 = CARTESIAN_POINT('',(0.109791437754,1.12312519323E-02,
    8.864861022221E-03));
#1914 = CARTESIAN_POINT('',(0.110518274051,7.552498914624E-03,
    8.864861022221E-03));
#1915 = CARTESIAN_POINT('',(0.110939392988,3.657638203853E-03,
    8.864861022221E-03));
#1916 = CARTESIAN_POINT('',(0.110999176121,9.912301798883E-04,
    8.864861022221E-03));
#1917 = CARTESIAN_POINT('',(0.111029876072,-3.780288694674E-04,
    8.864861022221E-03));
#1918 = ORIENTED_EDGE('',*,*,#1919,.T.);
#1919 = EDGE_CURVE('',#1896,#1920,#1922,.T.);
#1920 = VERTEX_POINT('',#1921);
#1921 = CARTESIAN_POINT('',(7.972956705085E-02,-3.510735177664E-02,
    8.864861022221E-03));
#1922 = B_SPLINE_CURVE_WITH_KNOTS('',3,(#1923,#1924,#1925,#1926,#1927,
    #1928,#1929,#1930,#1931,#1932,#1933,#1934,#1935,#1936,#1937,#1938,
    #1939,#1940,#1941),.UNSPECIFIED.,.F.,.F.,(4,1,1,1,1,1,1,1,1,1,1,1,1,
    1,1,1,4),(0.,7.377411937406E-02,0.144079114726,0.211348518309,
    0.27607688574,0.33852091582,0.399885116693,0.460254067465,
    0.520588964391,0.580207684563,0.638632908553,0.696364549491,
    0.75400177466,0.812805681374,0.872754425526,0.935181996978,1.),
  .UNSPECIFIED.);
#1923 = CARTESIAN_POINT('',(0.111029876072,-3.780288694674E-04,
    8.864861022221E-03));
#1924 = CARTESIAN_POINT('',(0.111005248006,-1.674163812965E-03,
    8.864861022221E-03));
#1925 = CARTESIAN_POINT('',(0.110957149974,-4.205484780386E-03,
    8.864861022221E-03));
#1926 = CARTESIAN_POINT('',(0.11054391146,-7.900111327855E-03,
    8.864861022221E-03));
#1927 = CARTESIAN_POINT('',(0.109874511704,-1.139342304608E-02,
    8.864861022221E-03));
#1928 = CARTESIAN_POINT('',(0.108933752974,-1.468234079693E-02,
    8.864861022221E-03));
#1929 = CARTESIAN_POINT('',(0.107707038019,-1.776382091453E-02,
    8.864861022221E-03));
#1930 = CARTESIAN_POINT('',(0.106225209346,-2.064605088155E-02,
    8.864861022221E-03));
#1931 = CARTESIAN_POINT('',(0.104453496634,-2.331601510157E-02,
    8.864861022221E-03));
#1932 = CARTESIAN_POINT('',(0.102431010289,-2.576121398071E-02,
    8.864861022221E-03));
#1933 = CARTESIAN_POINT('',(0.100185517712,-2.795397042756E-02,
    8.864861022221E-03));
#1934 = CARTESIAN_POINT('',(9.776404104948E-02,-2.987970327091E-02,
    8.864861022221E-03));
#1935 = CARTESIAN_POINT('',(9.516130465032E-02,-3.148709071223E-02,
    8.864861022221E-03));
#1936 = CARTESIAN_POINT('',(9.240157860454E-02,-3.28199873929E-02,
    8.864861022221E-03));
#1937 = CARTESIAN_POINT('',(8.947239393102E-02,-3.385050036552E-02,
    8.864861022221E-03));
#1938 = CARTESIAN_POINT('',(8.636826751952E-02,-3.457292609976E-02,
    8.864861022221E-03));
#1939 = CARTESIAN_POINT('',(8.31040492174E-02,-3.502038105632E-02,
    8.864861022221E-03));
#1940 = CARTESIAN_POINT('',(8.08683940899E-02,-3.507800072276E-02,
    8.864861022221E-03));
#1941 = CARTESIAN_POINT('',(7.972956705085E-02,-3.510735177664E-02,
    8.864861022221E-03));
#1942 = ORIENTED_EDGE('',*,*,#1943,.T.);
#1943 = EDGE_CURVE('',#1920,#1784,#1944,.T.);
#1944 = B_SPLINE_CURVE_WITH_KNOTS('',3,(#1945,#1946,#1947,#1948,#1949,
    #1950,#1951,#1952,#1953,#1954,#1955),.UNSPECIFIED.,.F.,.F.,(4,1,1,1,
    1,1,1,1,4),(0.,0.135294604763,0.266765657925,0.394816018836,
    0.520051654434,0.642175702971,0.762651820558,0.881834004381,1.),
  .UNSPECIFIED.);
#1945 = CARTESIAN_POINT('',(7.972956705085E-02,-3.510735177664E-02,
    8.864861022221E-03));
#1946 = CARTESIAN_POINT('',(7.865910987527E-02,-3.509329753599E-02,
    8.864861022221E-03));
#1947 = CARTESIAN_POINT('',(7.654844764137E-02,-3.506558624062E-02,
    8.864861022221E-03));
#1948 = CARTESIAN_POINT('',(7.343586322576E-02,-3.478120692775E-02,
    8.864861022221E-03));
#1949 = CARTESIAN_POINT('',(7.042093772114E-02,-3.435319682385E-02,
    8.864861022221E-03));
#1950 = CARTESIAN_POINT('',(6.751677544888E-02,-3.372320354722E-02,
    8.864861022221E-03));
#1951 = CARTESIAN_POINT('',(6.471341941612E-02,-3.293459415403E-02,
    8.864861022221E-03));
#1952 = CARTESIAN_POINT('',(6.202676273141E-02,-3.194404034039E-02,
    8.864861022221E-03));
#1953 = CARTESIAN_POINT('',(5.942809717967E-02,-3.081262305586E-02,
    8.864861022221E-03));
#1954 = CARTESIAN_POINT('',(5.779133330286E-02,-2.989072039027E-02,
    8.864861022221E-03));
#1955 = CARTESIAN_POINT('',(5.697645520456E-02,-2.943174258559E-02,
    8.864861022221E-03));
#1956 = FACE_BOUND('',#1957,.T.);
#1957 = EDGE_LOOP('',(#1958,#1967,#1974,#1981,#2005));
#1958 = ORIENTED_EDGE('',*,*,#1959,.T.);
#1959 = EDGE_CURVE('',#1960,#1962,#1964,.T.);
#1960 = VERTEX_POINT('',#1961);
#1961 = CARTESIAN_POINT('',(-4.928919188155E-02,-4.375589911539E-02,
    8.864861022221E-03));
#1962 = VERTEX_POINT('',#1963);
#1963 = CARTESIAN_POINT('',(-2.518474451358E-02,-4.375589911539E-02,
    8.864861022221E-03));
#1964 = B_SPLINE_CURVE_WITH_KNOTS('',1,(#1965,#1966),.UNSPECIFIED.,.F.,
  .F.,(2,2),(0.,2.410444736797E-02),.PIECEWISE_BEZIER_KNOTS.);
#1965 = CARTESIAN_POINT('',(-4.928919188155E-02,-4.375589911539E-02,
    8.864861022221E-03));
#1966 = CARTESIAN_POINT('',(-2.518474451358E-02,-4.375589911539E-02,
    8.864861022221E-03));
#1967 = ORIENTED_EDGE('',*,*,#1968,.T.);
#1968 = EDGE_CURVE('',#1962,#1969,#1971,.T.);
#1969 = VERTEX_POINT('',#1970);
#1970 = CARTESIAN_POINT('',(-2.518474451358E-02,4.489171110681E-02,
    8.864861022221E-03));
#1971 = B_SPLINE_CURVE_WITH_KNOTS('',1,(#1972,#1973),.UNSPECIFIED.,.F.,
  .F.,(2,2),(0.,8.864761022221E-02),.PIECEWISE_BEZIER_KNOTS.);
#1972 = CARTESIAN_POINT('',(-2.518474451358E-02,-4.375589911539E-02,
    8.864861022221E-03));
#1973 = CARTESIAN_POINT('',(-2.518474451358E-02,4.489171110681E-02,
    8.864861022221E-03));
#1974 = ORIENTED_EDGE('',*,*,#1975,.T.);
#1975 = EDGE_CURVE('',#1969,#1976,#1978,.T.);
#1976 = VERTEX_POINT('',#1977);
#1977 = CARTESIAN_POINT('',(-5.020134335868E-02,4.489171110681E-02,
    8.864861022221E-03));
#1978 = B_SPLINE_CURVE_WITH_KNOTS('',1,(#1979,#1980),.UNSPECIFIED.,.F.,
  .F.,(2,2),(0.,2.50165988451E-02),.PIECEWISE_BEZIER_KNOTS.);
#1979 = CARTESIAN_POINT('',(-2.518474451358E-02,4.489171110681E-02,
    8.864861022221E-03));
#1980 = CARTESIAN_POINT('',(-5.020134335868E-02,4.489171110681E-02,
    8.864861022221E-03));
#1981 = ORIENTED_EDGE('',*,*,#1982,.T.);
#1982 = EDGE_CURVE('',#1976,#1983,#1985,.T.);
#1983 = VERTEX_POINT('',#1984);
#1984 = CARTESIAN_POINT('',(-9.653526005828E-02,1.682757801095E-03,
    8.864861022221E-03));
#1985 = B_SPLINE_CURVE_WITH_KNOTS('',3,(#1986,#1987,#1988,#1989,#1990,
    #1991,#1992,#1993,#1994,#1995,#1996,#1997,#1998,#1999,#2000,#2001,
    #2002,#2003,#2004),.UNSPECIFIED.,.F.,.F.,(4,1,1,1,1,1,1,1,1,1,1,1,1,
    1,1,1,4),(0.,6.86311786766E-02,0.134566466039,0.198328154011,
    0.260789766641,0.321999151484,0.382721746503,0.443537474036,
    0.505133429485,0.566213874765,0.626105864618,0.685349322161,
    0.744995870348,0.805415841815,0.867636266346,0.932307782302,1.),
  .UNSPECIFIED.);
#1986 = CARTESIAN_POINT('',(-5.020134335868E-02,4.489171110681E-02,
    8.864861022221E-03));
#1987 = CARTESIAN_POINT('',(-5.182996520349E-02,4.485541062381E-02,
    8.864861022221E-03));
#1988 = CARTESIAN_POINT('',(-5.502323523608E-02,4.478423557178E-02,
    8.864861022221E-03));
#1989 = CARTESIAN_POINT('',(-5.970596938021E-02,4.424357776464E-02,
    8.864861022221E-03));
#1990 = CARTESIAN_POINT('',(-6.417344042817E-02,4.330536072871E-02,
    8.864861022221E-03));
#1991 = CARTESIAN_POINT('',(-6.843793362647E-02,4.202542232113E-02,
    8.864861022221E-03));
#1992 = CARTESIAN_POINT('',(-7.250438868567E-02,4.039031497472E-02,
    8.864861022221E-03));
#1993 = CARTESIAN_POINT('',(-7.633449625186E-02,3.834196197313E-02,
    8.864861022221E-03));
#1994 = CARTESIAN_POINT('',(-7.997028083219E-02,3.595155357989E-02,
    8.864861022221E-03));
#1995 = CARTESIAN_POINT('',(-8.336443050237E-02,3.321390543352E-02,
    8.864861022221E-03));
#1996 = CARTESIAN_POINT('',(-8.645807923151E-02,3.016991009873E-02,
    8.864861022221E-03));
#1997 = CARTESIAN_POINT('',(-8.915492754799E-02,2.684077802583E-02,
    8.864861022221E-03));
#1998 = CARTESIAN_POINT('',(-9.146384855272E-02,2.327103586651E-02,
    8.864861022221E-03));
#1999 = CARTESIAN_POINT('',(-9.332192234585E-02,1.943245801687E-02,
    8.864861022221E-03));
#2000 = CARTESIAN_POINT('',(-9.476466117827E-02,1.534572673407E-02,
    8.864861022221E-03));
#2001 = CARTESIAN_POINT('',(-9.578630841113E-02,1.101380542275E-02,
    8.864861022221E-03));
#2002 = CARTESIAN_POINT('',(-9.643068325363E-02,6.431787649227E-03,
    8.864861022221E-03));
#2003 = CARTESIAN_POINT('',(-9.649987477842E-02,3.28967006819E-03,
    8.864861022221E-03));
#2004 = CARTESIAN_POINT('',(-9.653526005828E-02,1.682757801095E-03,
    8.864861022221E-03));
#2005 = ORIENTED_EDGE('',*,*,#2006,.T.);
#2006 = EDGE_CURVE('',#1983,#1960,#2007,.T.);
#2007 = B_SPLINE_CURVE_WITH_KNOTS('',3,(#2008,#2009,#2010,#2011,#2012,
    #2013,#2014,#2015,#2016,#2017,#2018,#2019,#2020,#2021,#2022,#2023,
    #2024,#2025,#2026),.UNSPECIFIED.,.F.,.F.,(4,1,1,1,1,1,1,1,1,1,1,1,1,
    1,1,1,4),(0.,6.806869584499E-02,0.133427432819,0.196146033813,
    0.257048592449,0.316882663159,0.376187208666,0.435960335364,
    0.496535236863,0.557465343481,0.61768686341,0.677943640697,
    0.738805284806,0.800949336767,0.86481466747,0.931024781079,1.),
  .UNSPECIFIED.);
#2008 = CARTESIAN_POINT('',(-9.653526005828E-02,1.682757801095E-03,
    8.864861022221E-03));
#2009 = CARTESIAN_POINT('',(-9.649945819592E-02,8.418571736676E-06,
    8.864861022221E-03));
#2010 = CARTESIAN_POINT('',(-9.642927981912E-02,-3.273600897977E-03,
    8.864861022221E-03));
#2011 = CARTESIAN_POINT('',(-9.57878453353E-02,-8.063425866766E-03,
    8.864861022221E-03));
#2012 = CARTESIAN_POINT('',(-9.476390373109E-02,-1.260192048757E-02,
    8.864861022221E-03));
#2013 = CARTESIAN_POINT('',(-9.332659248949E-02,-1.688650635891E-02,
    8.864861022221E-03));
#2014 = CARTESIAN_POINT('',(-9.146569422223E-02,-2.091409310225E-02,
    8.864861022221E-03));
#2015 = CARTESIAN_POINT('',(-8.915845758194E-02,-2.466996620388E-02,
    8.864861022221E-03));
#2016 = CARTESIAN_POINT('',(-8.646706734048E-02,-2.81827629552E-02,
    8.864861022221E-03));
#2017 = CARTESIAN_POINT('',(-8.337308405439E-02,-3.140435515877E-02,
    8.864861022221E-03));
#2018 = CARTESIAN_POINT('',(-7.995136151126E-02,-3.428766869167E-02,
    8.864861022221E-03));
#2019 = CARTESIAN_POINT('',(-7.629244591271E-02,-3.685196146986E-02,
    8.864861022221E-03));
#2020 = CARTESIAN_POINT('',(-7.236489782815E-02,-3.898254700311E-02,
    8.864861022221E-03));
#2021 = CARTESIAN_POINT('',(-6.820226238E-02,-4.072333675649E-02,
    8.864861022221E-03));
#2022 = CARTESIAN_POINT('',(-6.381182002733E-02,-4.210541975712E-02,
    8.864861022221E-03));
#2023 = CARTESIAN_POINT('',(-5.917454317684E-02,-4.304641222981E-02,
    8.864861022221E-03));
#2024 = CARTESIAN_POINT('',(-5.431150720895E-02,-4.366503236257E-02,
    8.864861022221E-03));
#2025 = CARTESIAN_POINT('',(-5.098597069968E-02,-4.372519997139E-02,
    8.864861022221E-03));
#2026 = CARTESIAN_POINT('',(-4.928919188155E-02,-4.375589911539E-02,
    8.864861022221E-03));
#2027 = FACE_BOUND('',#2028,.T.);
#2028 = EDGE_LOOP('',(#2029,#2038,#2045,#2052,#2059,#2066,#2073,#2080));
#2029 = ORIENTED_EDGE('',*,*,#2030,.T.);
#2030 = EDGE_CURVE('',#2031,#2033,#2035,.T.);
#2031 = VERTEX_POINT('',#2032);
#2032 = CARTESIAN_POINT('',(-0.148426544091,4.489171110681E-02,
    8.864861022221E-03));
#2033 = VERTEX_POINT('',#2034);
#2034 = CARTESIAN_POINT('',(-0.183020733446,-4.375589911539E-02,
    8.864861022221E-03));
#2035 = B_SPLINE_CURVE_WITH_KNOTS('',1,(#2036,#2037),.UNSPECIFIED.,.F.,
  .F.,(2,2),(0.,9.51585872911E-02),.PIECEWISE_BEZIER_KNOTS.);
#2036 = CARTESIAN_POINT('',(-0.148426544091,4.489171110681E-02,
    8.864861022221E-03));
#2037 = CARTESIAN_POINT('',(-0.183020733446,-4.375589911539E-02,
    8.864861022221E-03));
#2038 = ORIENTED_EDGE('',*,*,#2039,.T.);
#2039 = EDGE_CURVE('',#2033,#2040,#2042,.T.);
#2040 = VERTEX_POINT('',#2041);
#2041 = CARTESIAN_POINT('',(-0.170047912438,-4.375589911539E-02,
    8.864861022221E-03));
#2042 = B_SPLINE_CURVE_WITH_KNOTS('',1,(#2043,#2044),.UNSPECIFIED.,.F.,
  .F.,(2,2),(0.,1.297282100813E-02),.PIECEWISE_BEZIER_KNOTS.);
#2043 = CARTESIAN_POINT('',(-0.183020733446,-4.375589911539E-02,
    8.864861022221E-03));
#2044 = CARTESIAN_POINT('',(-0.170047912438,-4.375589911539E-02,
    8.864861022221E-03));
#2045 = ORIENTED_EDGE('',*,*,#2046,.T.);
#2046 = EDGE_CURVE('',#2040,#2047,#2049,.T.);
#2047 = VERTEX_POINT('',#2048);
#2048 = CARTESIAN_POINT('',(-0.161078422913,-1.889132551648E-02,
    8.864861022221E-03));
#2049 = B_SPLINE_CURVE_WITH_KNOTS('',1,(#2050,#2051),.UNSPECIFIED.,.F.,
  .F.,(2,2),(0.,2.64329105964E-02),.PIECEWISE_BEZIER_KNOTS.);
#2050 = CARTESIAN_POINT('',(-0.170047912438,-4.375589911539E-02,
    8.864861022221E-03));
#2051 = CARTESIAN_POINT('',(-0.161078422913,-1.889132551648E-02,
    8.864861022221E-03));
#2052 = ORIENTED_EDGE('',*,*,#2053,.T.);
#2053 = EDGE_CURVE('',#2047,#2054,#2056,.T.);
#2054 = VERTEX_POINT('',#2055);
#2055 = CARTESIAN_POINT('',(-0.124457230275,-1.889132551648E-02,
    8.864861022221E-03));
#2056 = B_SPLINE_CURVE_WITH_KNOTS('',1,(#2057,#2058),.UNSPECIFIED.,.F.,
  .F.,(2,2),(0.,3.662119263753E-02),.PIECEWISE_BEZIER_KNOTS.);
#2057 = CARTESIAN_POINT('',(-0.161078422913,-1.889132551648E-02,
    8.864861022221E-03));
#2058 = CARTESIAN_POINT('',(-0.124457230275,-1.889132551648E-02,
    8.864861022221E-03));
#2059 = ORIENTED_EDGE('',*,*,#2060,.T.);
#2060 = EDGE_CURVE('',#2054,#2061,#2063,.T.);
#2061 = VERTEX_POINT('',#2062);
#2062 = CARTESIAN_POINT('',(-0.11599449157,-4.375589911539E-02,
    8.864861022221E-03));
#2063 = B_SPLINE_CURVE_WITH_KNOTS('',1,(#2064,#2065),.UNSPECIFIED.,.F.,
  .F.,(2,2),(0.,2.626528063122E-02),.PIECEWISE_BEZIER_KNOTS.);
#2064 = CARTESIAN_POINT('',(-0.124457230275,-1.889132551648E-02,
    8.864861022221E-03));
#2065 = CARTESIAN_POINT('',(-0.11599449157,-4.375589911539E-02,
    8.864861022221E-03));
#2066 = ORIENTED_EDGE('',*,*,#2067,.T.);
#2067 = EDGE_CURVE('',#2061,#2068,#2070,.T.);
#2068 = VERTEX_POINT('',#2069);
#2069 = CARTESIAN_POINT('',(-0.103021670562,-4.375589911539E-02,
    8.864861022221E-03));
#2070 = B_SPLINE_CURVE_WITH_KNOTS('',1,(#2071,#2072),.UNSPECIFIED.,.F.,
  .F.,(2,2),(0.,1.297282100813E-02),.PIECEWISE_BEZIER_KNOTS.);
#2071 = CARTESIAN_POINT('',(-0.11599449157,-4.375589911539E-02,
    8.864861022221E-03));
#2072 = CARTESIAN_POINT('',(-0.103021670562,-4.375589911539E-02,
    8.864861022221E-03));
#2073 = ORIENTED_EDGE('',*,*,#2074,.T.);
#2074 = EDGE_CURVE('',#2068,#2075,#2077,.T.);
#2075 = VERTEX_POINT('',#2076);
#2076 = CARTESIAN_POINT('',(-0.1365347915,4.489171110681E-02,
    8.864861022221E-03));
#2077 = B_SPLINE_CURVE_WITH_KNOTS('',1,(#2078,#2079),.UNSPECIFIED.,.F.,
  .F.,(2,2),(0.,9.477092419667E-02),.PIECEWISE_BEZIER_KNOTS.);
#2078 = CARTESIAN_POINT('',(-0.103021670562,-4.375589911539E-02,
    8.864861022221E-03));
#2079 = CARTESIAN_POINT('',(-0.1365347915,4.489171110681E-02,
    8.864861022221E-03));
#2080 = ORIENTED_EDGE('',*,*,#2081,.T.);
#2081 = EDGE_CURVE('',#2075,#2031,#2082,.T.);
#2082 = B_SPLINE_CURVE_WITH_KNOTS('',1,(#2083,#2084),.UNSPECIFIED.,.F.,
  .F.,(2,2),(0.,1.189175259078E-02),.PIECEWISE_BEZIER_KNOTS.);
#2083 = CARTESIAN_POINT('',(-0.1365347915,4.489171110681E-02,
    8.864861022221E-03));
#2084 = CARTESIAN_POINT('',(-0.148426544091,4.489171110681E-02,
    8.864861022221E-03));
#2085 = FACE_BOUND('',#2086,.T.);
#2086 = EDGE_LOOP('',(#2087,#2096,#2103,#2110,#2117,#2124,#2131,#2138,
    #2145,#2152,#2159,#2166));
#2087 = ORIENTED_EDGE('',*,*,#2088,.T.);
#2088 = EDGE_CURVE('',#2089,#2091,#2093,.T.);
#2089 = VERTEX_POINT('',#2090);
#2090 = CARTESIAN_POINT('',(-7.887649836076E-03,-3.40262833593E-02,
    8.864861022221E-03));
#2091 = VERTEX_POINT('',#2092);
#2092 = CARTESIAN_POINT('',(-7.887649836076E-03,-4.375589911539E-02,
    8.864861022221E-03));
#2093 = B_SPLINE_CURVE_WITH_KNOTS('',1,(#2094,#2095),.UNSPECIFIED.,.F.,
  .F.,(2,2),(0.,9.729615756096E-03),.PIECEWISE_BEZIER_KNOTS.);
#2094 = CARTESIAN_POINT('',(-7.887649836076E-03,-3.40262833593E-02,
    8.864861022221E-03));
#2095 = CARTESIAN_POINT('',(-7.887649836076E-03,-4.375589911539E-02,
    8.864861022221E-03));
#2096 = ORIENTED_EDGE('',*,*,#2097,.T.);
#2097 = EDGE_CURVE('',#2091,#2098,#2100,.T.);
#2098 = VERTEX_POINT('',#2099);
#2099 = CARTESIAN_POINT('',(3.967936052706E-02,-4.375589911539E-02,
    8.864861022221E-03));
#2100 = B_SPLINE_CURVE_WITH_KNOTS('',1,(#2101,#2102),.UNSPECIFIED.,.F.,
  .F.,(2,2),(0.,4.756701036314E-02),.PIECEWISE_BEZIER_KNOTS.);
#2101 = CARTESIAN_POINT('',(-7.887649836076E-03,-4.375589911539E-02,
    8.864861022221E-03));
#2102 = CARTESIAN_POINT('',(3.967936052706E-02,-4.375589911539E-02,
    8.864861022221E-03));
#2103 = ORIENTED_EDGE('',*,*,#2104,.T.);
#2104 = EDGE_CURVE('',#2098,#2105,#2107,.T.);
#2105 = VERTEX_POINT('',#2106);
#2106 = CARTESIAN_POINT('',(3.967936052706E-02,4.489171110681E-02,
    8.864861022221E-03));
#2107 = B_SPLINE_CURVE_WITH_KNOTS('',1,(#2108,#2109),.UNSPECIFIED.,.F.,
  .F.,(2,2),(0.,8.864761022221E-02),.PIECEWISE_BEZIER_KNOTS.);
#2108 = CARTESIAN_POINT('',(3.967936052706E-02,-4.375589911539E-02,
    8.864861022221E-03));
#2109 = CARTESIAN_POINT('',(3.967936052706E-02,4.489171110681E-02,
    8.864861022221E-03));
#2110 = ORIENTED_EDGE('',*,*,#2111,.T.);
#2111 = EDGE_CURVE('',#2105,#2112,#2114,.T.);
#2112 = VERTEX_POINT('',#2113);
#2113 = CARTESIAN_POINT('',(-5.725513001388E-03,4.489171110681E-02,
    8.864861022221E-03));
#2114 = B_SPLINE_CURVE_WITH_KNOTS('',1,(#2115,#2116),.UNSPECIFIED.,.F.,
  .F.,(2,2),(0.,4.540487352845E-02),.PIECEWISE_BEZIER_KNOTS.);
#2115 = CARTESIAN_POINT('',(3.967936052706E-02,4.489171110681E-02,
    8.864861022221E-03));
#2116 = CARTESIAN_POINT('',(-5.725513001388E-03,4.489171110681E-02,
    8.864861022221E-03));
#2117 = ORIENTED_EDGE('',*,*,#2118,.T.);
#2118 = EDGE_CURVE('',#2112,#2119,#2121,.T.);
#2119 = VERTEX_POINT('',#2120);
#2120 = CARTESIAN_POINT('',(-5.725513001388E-03,3.516209535072E-02,
    8.864861022221E-03));
#2121 = B_SPLINE_CURVE_WITH_KNOTS('',1,(#2122,#2123),.UNSPECIFIED.,.F.,
  .F.,(2,2),(0.,9.729615756096E-03),.PIECEWISE_BEZIER_KNOTS.);
#2122 = CARTESIAN_POINT('',(-5.725513001388E-03,4.489171110681E-02,
    8.864861022221E-03));
#2123 = CARTESIAN_POINT('',(-5.725513001388E-03,3.516209535072E-02,
    8.864861022221E-03));
#2124 = ORIENTED_EDGE('',*,*,#2125,.T.);
#2125 = EDGE_CURVE('',#2119,#2126,#2128,.T.);
#2126 = VERTEX_POINT('',#2127);
#2127 = CARTESIAN_POINT('',(2.778760793628E-02,3.516209535072E-02,
    8.864861022221E-03));
#2128 = B_SPLINE_CURVE_WITH_KNOTS('',1,(#2129,#2130),.UNSPECIFIED.,.F.,
  .F.,(2,2),(0.,3.351312093766E-02),.PIECEWISE_BEZIER_KNOTS.);
#2129 = CARTESIAN_POINT('',(-5.725513001388E-03,3.516209535072E-02,
    8.864861022221E-03));
#2130 = CARTESIAN_POINT('',(2.778760793628E-02,3.516209535072E-02,
    8.864861022221E-03));
#2131 = ORIENTED_EDGE('',*,*,#2132,.T.);
#2132 = EDGE_CURVE('',#2126,#2133,#2135,.T.);
#2133 = VERTEX_POINT('',#2134);
#2134 = CARTESIAN_POINT('',(2.778760793628E-02,5.973248082428E-03,
    8.864861022221E-03));
#2135 = B_SPLINE_CURVE_WITH_KNOTS('',1,(#2136,#2137),.UNSPECIFIED.,.F.,
  .F.,(2,2),(0.,2.918884726829E-02),.PIECEWISE_BEZIER_KNOTS.);
#2136 = CARTESIAN_POINT('',(2.778760793628E-02,3.516209535072E-02,
    8.864861022221E-03));
#2137 = CARTESIAN_POINT('',(2.778760793628E-02,5.973248082428E-03,
    8.864861022221E-03));
#2138 = ORIENTED_EDGE('',*,*,#2139,.T.);
#2139 = EDGE_CURVE('',#2133,#2140,#2142,.T.);
#2140 = VERTEX_POINT('',#2141);
#2141 = CARTESIAN_POINT('',(-3.5633761667E-03,5.973248082428E-03,
    8.864861022221E-03));
#2142 = B_SPLINE_CURVE_WITH_KNOTS('',1,(#2143,#2144),.UNSPECIFIED.,.F.,
  .F.,(2,2),(0.,3.135098410298E-02),.PIECEWISE_BEZIER_KNOTS.);
#2143 = CARTESIAN_POINT('',(2.778760793628E-02,5.973248082428E-03,
    8.864861022221E-03));
#2144 = CARTESIAN_POINT('',(-3.5633761667E-03,5.973248082428E-03,
    8.864861022221E-03));
#2145 = ORIENTED_EDGE('',*,*,#2146,.T.);
#2146 = EDGE_CURVE('',#2140,#2147,#2149,.T.);
#2147 = VERTEX_POINT('',#2148);
#2148 = CARTESIAN_POINT('',(-3.5633761667E-03,-3.756367673667E-03,
    8.864861022221E-03));
#2149 = B_SPLINE_CURVE_WITH_KNOTS('',1,(#2150,#2151),.UNSPECIFIED.,.F.,
  .F.,(2,2),(0.,9.729615756096E-03),.PIECEWISE_BEZIER_KNOTS.);
#2150 = CARTESIAN_POINT('',(-3.5633761667E-03,5.973248082428E-03,
    8.864861022221E-03));
#2151 = CARTESIAN_POINT('',(-3.5633761667E-03,-3.756367673667E-03,
    8.864861022221E-03));
#2152 = ORIENTED_EDGE('',*,*,#2153,.T.);
#2153 = EDGE_CURVE('',#2147,#2154,#2156,.T.);
#2154 = VERTEX_POINT('',#2155);
#2155 = CARTESIAN_POINT('',(2.778760793628E-02,-3.756367673667E-03,
    8.864861022221E-03));
#2156 = B_SPLINE_CURVE_WITH_KNOTS('',1,(#2157,#2158),.UNSPECIFIED.,.F.,
  .F.,(2,2),(0.,3.135098410298E-02),.PIECEWISE_BEZIER_KNOTS.);
#2157 = CARTESIAN_POINT('',(-3.5633761667E-03,-3.756367673667E-03,
    8.864861022221E-03));
#2158 = CARTESIAN_POINT('',(2.778760793628E-02,-3.756367673667E-03,
    8.864861022221E-03));
#2159 = ORIENTED_EDGE('',*,*,#2160,.T.);
#2160 = EDGE_CURVE('',#2154,#2161,#2163,.T.);
#2161 = VERTEX_POINT('',#2162);
#2162 = CARTESIAN_POINT('',(2.778760793628E-02,-3.40262833593E-02,
    8.864861022221E-03));
#2163 = B_SPLINE_CURVE_WITH_KNOTS('',1,(#2164,#2165),.UNSPECIFIED.,.F.,
  .F.,(2,2),(0.,3.026991568563E-02),.PIECEWISE_BEZIER_KNOTS.);
#2164 = CARTESIAN_POINT('',(2.778760793628E-02,-3.756367673667E-03,
    8.864861022221E-03));
#2165 = CARTESIAN_POINT('',(2.778760793628E-02,-3.40262833593E-02,
    8.864861022221E-03));
#2166 = ORIENTED_EDGE('',*,*,#2167,.T.);
#2167 = EDGE_CURVE('',#2161,#2089,#2168,.T.);
#2168 = B_SPLINE_CURVE_WITH_KNOTS('',1,(#2169,#2170),.UNSPECIFIED.,.F.,
  .F.,(2,2),(0.,3.567525777235E-02),.PIECEWISE_BEZIER_KNOTS.);
#2169 = CARTESIAN_POINT('',(2.778760793628E-02,-3.40262833593E-02,
    8.864861022221E-03));
#2170 = CARTESIAN_POINT('',(-7.887649836076E-03,-3.40262833593E-02,
    8.864861022221E-03));
#2171 = FACE_BOUND('',#2172,.T.);
#2172 = EDGE_LOOP('',(#2173,#2182,#2189,#2196,#2203,#2210));
#2173 = ORIENTED_EDGE('',*,*,#2174,.T.);
#2174 = EDGE_CURVE('',#2175,#2177,#2179,.T.);
#2175 = VERTEX_POINT('',#2176);
#2176 = CARTESIAN_POINT('',(0.130489107584,-3.40262833593E-02,
    8.864861022221E-03));
#2177 = VERTEX_POINT('',#2178);
#2178 = CARTESIAN_POINT('',(0.130489107584,-4.375589911539E-02,
    8.864861022221E-03));
#2179 = B_SPLINE_CURVE_WITH_KNOTS('',1,(#2180,#2181),.UNSPECIFIED.,.F.,
  .F.,(2,2),(0.,9.729615756096E-03),.PIECEWISE_BEZIER_KNOTS.);
#2180 = CARTESIAN_POINT('',(0.130489107584,-3.40262833593E-02,
    8.864861022221E-03));
#2181 = CARTESIAN_POINT('',(0.130489107584,-4.375589911539E-02,
    8.864861022221E-03));
#2182 = ORIENTED_EDGE('',*,*,#2183,.T.);
#2183 = EDGE_CURVE('',#2177,#2184,#2186,.T.);
#2184 = VERTEX_POINT('',#2185);
#2185 = CARTESIAN_POINT('',(0.175893981112,-4.375589911539E-02,
    8.864861022221E-03));
#2186 = B_SPLINE_CURVE_WITH_KNOTS('',1,(#2187,#2188),.UNSPECIFIED.,.F.,
  .F.,(2,2),(0.,4.540487352845E-02),.PIECEWISE_BEZIER_KNOTS.);
#2187 = CARTESIAN_POINT('',(0.130489107584,-4.375589911539E-02,
    8.864861022221E-03));
#2188 = CARTESIAN_POINT('',(0.175893981112,-4.375589911539E-02,
    8.864861022221E-03));
#2189 = ORIENTED_EDGE('',*,*,#2190,.T.);
#2190 = EDGE_CURVE('',#2184,#2191,#2193,.T.);
#2191 = VERTEX_POINT('',#2192);
#2192 = CARTESIAN_POINT('',(0.175893981112,4.489171110681E-02,
    8.864861022221E-03));
#2193 = B_SPLINE_CURVE_WITH_KNOTS('',1,(#2194,#2195),.UNSPECIFIED.,.F.,
  .F.,(2,2),(0.,8.864761022221E-02),.PIECEWISE_BEZIER_KNOTS.);
#2194 = CARTESIAN_POINT('',(0.175893981112,-4.375589911539E-02,
    8.864861022221E-03));
#2195 = CARTESIAN_POINT('',(0.175893981112,4.489171110681E-02,
    8.864861022221E-03));
#2196 = ORIENTED_EDGE('',*,*,#2197,.T.);
#2197 = EDGE_CURVE('',#2191,#2198,#2200,.T.);
#2198 = VERTEX_POINT('',#2199);
#2199 = CARTESIAN_POINT('',(0.164002228522,4.489171110681E-02,
    8.864861022221E-03));
#2200 = B_SPLINE_CURVE_WITH_KNOTS('',1,(#2201,#2202),.UNSPECIFIED.,.F.,
  .F.,(2,2),(0.,1.189175259078E-02),.PIECEWISE_BEZIER_KNOTS.);
#2201 = CARTESIAN_POINT('',(0.175893981112,4.489171110681E-02,
    8.864861022221E-03));
#2202 = CARTESIAN_POINT('',(0.164002228522,4.489171110681E-02,
    8.864861022221E-03));
#2203 = ORIENTED_EDGE('',*,*,#2204,.T.);
#2204 = EDGE_CURVE('',#2198,#2205,#2207,.T.);
#2205 = VERTEX_POINT('',#2206);
#2206 = CARTESIAN_POINT('',(0.164002228522,-3.40262833593E-02,
    8.864861022221E-03));
#2207 = B_SPLINE_CURVE_WITH_KNOTS('',1,(#2208,#2209),.UNSPECIFIED.,.F.,
  .F.,(2,2),(0.,7.891799446611E-02),.PIECEWISE_BEZIER_KNOTS.);
#2208 = CARTESIAN_POINT('',(0.164002228522,4.489171110681E-02,
    8.864861022221E-03));
#2209 = CARTESIAN_POINT('',(0.164002228522,-3.40262833593E-02,
    8.864861022221E-03));
#2210 = ORIENTED_EDGE('',*,*,#2211,.T.);
#2211 = EDGE_CURVE('',#2205,#2175,#2212,.T.);
#2212 = B_SPLINE_CURVE_WITH_KNOTS('',1,(#2213,#2214),.UNSPECIFIED.,.F.,
  .F.,(2,2),(0.,3.351312093766E-02),.PIECEWISE_BEZIER_KNOTS.);
#2213 = CARTESIAN_POINT('',(0.164002228522,-3.40262833593E-02,
    8.864861022221E-03));
#2214 = CARTESIAN_POINT('',(0.130489107584,-3.40262833593E-02,
    8.864861022221E-03));
#2215 = FACE_BOUND('',#2216,.T.);
#2216 = EDGE_LOOP('',(#2217,#2226,#2233,#2240,#2247,#2254,#2261,#2268,
    #2275,#2282,#2289,#2296));
#2217 = ORIENTED_EDGE('',*,*,#2218,.F.);
#2218 = EDGE_CURVE('',#2219,#2221,#2223,.T.);
#2219 = VERTEX_POINT('',#2220);
#2220 = CARTESIAN_POINT('',(1.108095127778,-0.664857076667,
    8.864861022221E-03));
#2221 = VERTEX_POINT('',#2222);
#2222 = CARTESIAN_POINT('',(1.108095127778,-0.930799907333,
    8.864861022221E-03));
#2223 = B_SPLINE_CURVE_WITH_KNOTS('',1,(#2224,#2225),.UNSPECIFIED.,.F.,
  .F.,(2,2),(-0.664857076667,-0.398914246),.PIECEWISE_BEZIER_KNOTS.);
#2224 = CARTESIAN_POINT('',(1.108095127778,-0.664857076667,
    8.864861022221E-03));
#2225 = CARTESIAN_POINT('',(1.108095127778,-0.930799907333,
    8.864861022221E-03));
#2226 = ORIENTED_EDGE('',*,*,#2227,.F.);
#2227 = EDGE_CURVE('',#2228,#2219,#2230,.T.);
#2228 = VERTEX_POINT('',#2229);
#2229 = CARTESIAN_POINT('',(-1.108095127778,-0.664857076667,
    8.864861022221E-03));
#2230 = B_SPLINE_CURVE_WITH_KNOTS('',1,(#2231,#2232),.UNSPECIFIED.,.F.,
  .F.,(2,2),(-2.216190255555,0.),.PIECEWISE_BEZIER_KNOTS.);
#2231 = CARTESIAN_POINT('',(-1.108095127778,-0.664857076667,
    8.864861022221E-03));
#2232 = CARTESIAN_POINT('',(1.108095127778,-0.664857076667,
    8.864861022221E-03));
#2233 = ORIENTED_EDGE('',*,*,#2234,.F.);
#2234 = EDGE_CURVE('',#2235,#2228,#2237,.T.);
#2235 = VERTEX_POINT('',#2236);
#2236 = CARTESIAN_POINT('',(-1.108095127778,-0.930799907333,
    8.864861022221E-03));
#2237 = B_SPLINE_CURVE_WITH_KNOTS('',1,(#2238,#2239),.UNSPECIFIED.,.F.,
  .F.,(2,2),(0.398914246,0.664857076667),.PIECEWISE_BEZIER_KNOTS.);
#2238 = CARTESIAN_POINT('',(-1.108095127778,-0.930799907333,
    8.864861022221E-03));
#2239 = CARTESIAN_POINT('',(-1.108095127778,-0.664857076667,
    8.864861022221E-03));
#2240 = ORIENTED_EDGE('',*,*,#2241,.T.);
#2241 = EDGE_CURVE('',#2235,#2242,#2244,.T.);
#2242 = VERTEX_POINT('',#2243);
#2243 = CARTESIAN_POINT('',(-1.329714153333,-0.709180881778,
    8.864861022221E-03));
#2244 = B_SPLINE_CURVE_WITH_KNOTS('',1,(#2245,#2246),.UNSPECIFIED.,.F.,
  .F.,(2,2),(0.125366652648,0.438783284269),.PIECEWISE_BEZIER_KNOTS.);
#2245 = CARTESIAN_POINT('',(-1.108095127778,-0.930799907333,
    8.864861022221E-03));
#2246 = CARTESIAN_POINT('',(-1.329714153333,-0.709180881778,
    8.864861022221E-03));
#2247 = ORIENTED_EDGE('',*,*,#2248,.F.);
#2248 = EDGE_CURVE('',#2249,#2242,#2251,.T.);
#2249 = VERTEX_POINT('',#2250);
#2250 = CARTESIAN_POINT('',(-1.329714153333,0.709180881778,
    8.864861022221E-03));
#2251 = B_SPLINE_CURVE_WITH_KNOTS('',1,(#2252,#2253),.UNSPECIFIED.,.F.,
  .F.,(2,2),(8.86476102222E-02,1.507009373778),
  .PIECEWISE_BEZIER_KNOTS.);
#2252 = CARTESIAN_POINT('',(-1.329714153333,0.709180881778,
    8.864861022221E-03));
#2253 = CARTESIAN_POINT('',(-1.329714153333,-0.709180881778,
    8.864861022221E-03));
#2254 = ORIENTED_EDGE('',*,*,#2255,.T.);
#2255 = EDGE_CURVE('',#2249,#2256,#2258,.T.);
#2256 = VERTEX_POINT('',#2257);
#2257 = CARTESIAN_POINT('',(-1.108095127778,0.930799907333,
    8.864861022221E-03));
#2258 = B_SPLINE_CURVE_WITH_KNOTS('',1,(#2259,#2260),.UNSPECIFIED.,.F.,
  .F.,(2,2),(-0.438783284269,-0.125366652648),.PIECEWISE_BEZIER_KNOTS.);
#2259 = CARTESIAN_POINT('',(-1.329714153333,0.709180881778,
    8.864861022221E-03));
#2260 = CARTESIAN_POINT('',(-1.108095127778,0.930799907333,
    8.864861022221E-03));
#2261 = ORIENTED_EDGE('',*,*,#2262,.F.);
#2262 = EDGE_CURVE('',#2263,#2256,#2265,.T.);
#2263 = VERTEX_POINT('',#2264);
#2264 = CARTESIAN_POINT('',(-1.108095127778,0.664857076666,
    8.864861022221E-03));
#2265 = B_SPLINE_CURVE_WITH_KNOTS('',1,(#2266,#2267),.UNSPECIFIED.,.F.,
  .F.,(2,2),(0.,0.265942830667),.PIECEWISE_BEZIER_KNOTS.);
#2266 = CARTESIAN_POINT('',(-1.108095127778,0.664857076666,
    8.864861022221E-03));
#2267 = CARTESIAN_POINT('',(-1.108095127778,0.930799907333,
    8.864861022221E-03));
#2268 = ORIENTED_EDGE('',*,*,#2269,.F.);
#2269 = EDGE_CURVE('',#2270,#2263,#2272,.T.);
#2270 = VERTEX_POINT('',#2271);
#2271 = CARTESIAN_POINT('',(1.108095127778,0.664857076666,
    8.864861022221E-03));
#2272 = B_SPLINE_CURVE_WITH_KNOTS('',1,(#2273,#2274),.UNSPECIFIED.,.F.,
  .F.,(2,2),(0.,2.216190255555),.PIECEWISE_BEZIER_KNOTS.);
#2273 = CARTESIAN_POINT('',(1.108095127778,0.664857076666,
    8.864861022221E-03));
#2274 = CARTESIAN_POINT('',(-1.108095127778,0.664857076666,
    8.864861022221E-03));
#2275 = ORIENTED_EDGE('',*,*,#2276,.F.);
#2276 = EDGE_CURVE('',#2277,#2270,#2279,.T.);
#2277 = VERTEX_POINT('',#2278);
#2278 = CARTESIAN_POINT('',(1.108095127778,0.930799907333,
    8.864861022221E-03));
#2279 = B_SPLINE_CURVE_WITH_KNOTS('',1,(#2280,#2281),.UNSPECIFIED.,.F.,
  .F.,(2,2),(-0.265942830667,-0.),.PIECEWISE_BEZIER_KNOTS.);
#2280 = CARTESIAN_POINT('',(1.108095127778,0.930799907333,
    8.864861022221E-03));
#2281 = CARTESIAN_POINT('',(1.108095127778,0.664857076666,
    8.864861022221E-03));
#2282 = ORIENTED_EDGE('',*,*,#2283,.T.);
#2283 = EDGE_CURVE('',#2277,#2284,#2286,.T.);
#2284 = VERTEX_POINT('',#2285);
#2285 = CARTESIAN_POINT('',(1.329714153333,0.709180881778,
    8.864861022221E-03));
#2286 = B_SPLINE_CURVE_WITH_KNOTS('',1,(#2287,#2288),.UNSPECIFIED.,.F.,
  .F.,(2,2),(0.125366652648,0.438783284269),.PIECEWISE_BEZIER_KNOTS.);
#2287 = CARTESIAN_POINT('',(1.108095127778,0.930799907333,
    8.864861022221E-03));
#2288 = CARTESIAN_POINT('',(1.329714153333,0.709180881778,
    8.864861022221E-03));
#2289 = ORIENTED_EDGE('',*,*,#2290,.F.);
#2290 = EDGE_CURVE('',#2291,#2284,#2293,.T.);
#2291 = VERTEX_POINT('',#2292);
#2292 = CARTESIAN_POINT('',(1.329714153333,-0.709180881778,
    8.864861022221E-03));
#2293 = B_SPLINE_CURVE_WITH_KNOTS('',1,(#2294,#2295),.UNSPECIFIED.,.F.,
  .F.,(2,2),(-1.507009373778,-8.86476102222E-02),
  .PIECEWISE_BEZIER_KNOTS.);
#2294 = CARTESIAN_POINT('',(1.329714153333,-0.709180881778,
    8.864861022221E-03));
#2295 = CARTESIAN_POINT('',(1.329714153333,0.709180881778,
    8.864861022221E-03));
#2296 = ORIENTED_EDGE('',*,*,#2297,.T.);
#2297 = EDGE_CURVE('',#2291,#2221,#2298,.T.);
#2298 = B_SPLINE_CURVE_WITH_KNOTS('',1,(#2299,#2300),.UNSPECIFIED.,.F.,
  .F.,(2,2),(-0.438783284269,-0.125366652648),.PIECEWISE_BEZIER_KNOTS.);
#2299 = CARTESIAN_POINT('',(1.329714153333,-0.709180881778,
    8.864861022221E-03));
#2300 = CARTESIAN_POINT('',(1.108095127778,-0.930799907333,
    8.864861022221E-03));
#2301 = B_SPLINE_SURFACE_WITH_KNOTS('',1,1,(
    (#2302,#2303)
    ,(#2304,#2305
    )),.UNSPECIFIED.,.F.,.F.,.F.,(2,2),(2,2),(-1.329714153333,
    1.329714153333),(-0.930799907333,0.930799907333),
  .PIECEWISE_BEZIER_KNOTS.);
#2302 = CARTESIAN_POINT('',(-1.329714153333,-0.930799907333,
    8.864861022221E-03));
#2303 = CARTESIAN_POINT('',(-1.329714153333,0.930799907333,
    8.864861022221E-03));
#2304 = CARTESIAN_POINT('',(1.329714153333,-0.930799907333,
    8.864861022221E-03));
#2305 = CARTESIAN_POINT('',(1.329714153333,0.930799907333,
    8.864861022221E-03));
#2306 = ADVANCED_FACE('',(#2307),#2321,.F.);
#2307 = FACE_BOUND('',#2308,.T.);
#2308 = EDGE_LOOP('',(#2309,#2310,#2315,#2316));
#2309 = ORIENTED_EDGE('',*,*,#1742,.T.);
#2310 = ORIENTED_EDGE('',*,*,#2311,.T.);
#2311 = EDGE_CURVE('',#1736,#919,#2312,.T.);
#2312 = B_SPLINE_CURVE_WITH_KNOTS('',1,(#2313,#2314),.UNSPECIFIED.,.F.,
  .F.,(2,2),(2.223270753644,2.400565974089),.PIECEWISE_BEZIER_KNOTS.);
#2313 = CARTESIAN_POINT('',(-1.108095127778,-1.152418932889,
    1.161283793911));
#2314 = CARTESIAN_POINT('',(-1.108095127778,-1.152418932889,
    1.338579014355));
#2315 = ORIENTED_EDGE('',*,*,#918,.F.);
#2316 = ORIENTED_EDGE('',*,*,#2317,.T.);
#2317 = EDGE_CURVE('',#912,#1743,#2318,.T.);
#2318 = B_SPLINE_CURVE_WITH_KNOTS('',1,(#2319,#2320),.UNSPECIFIED.,.F.,
  .F.,(2,2),(-0.,0.177295220444),.PIECEWISE_BEZIER_KNOTS.);
#2319 = CARTESIAN_POINT('',(-1.108095127778,-0.930799907333,
    1.338579014355));
#2320 = CARTESIAN_POINT('',(-1.108095127778,-0.930799907333,
    1.161283793911));
#2321 = B_SPLINE_SURFACE_WITH_KNOTS('',1,1,(
    (#2322,#2323)
    ,(#2324,#2325
    )),.UNSPECIFIED.,.F.,.F.,.F.,(2,2),(2,2),(0.,0.177295220444),(
    -1.152418932889,-0.930799907333),.PIECEWISE_BEZIER_KNOTS.);
#2322 = CARTESIAN_POINT('',(-1.108095127778,-1.152418932889,
    1.338579014355));
#2323 = CARTESIAN_POINT('',(-1.108095127778,-0.930799907333,
    1.338579014355));
#2324 = CARTESIAN_POINT('',(-1.108095127778,-1.152418932889,
    1.161283793911));
#2325 = CARTESIAN_POINT('',(-1.108095127778,-0.930799907333,
    1.161283793911));
#2326 = ADVANCED_FACE('',(#2327),#2349,.F.);
#2327 = FACE_BOUND('',#2328,.T.);
#2328 = EDGE_LOOP('',(#2329,#2330,#2337,#2344));
#2329 = ORIENTED_EDGE('',*,*,#932,.F.);
#2330 = ORIENTED_EDGE('',*,*,#2331,.F.);
#2331 = EDGE_CURVE('',#2332,#926,#2334,.T.);
#2332 = VERTEX_POINT('',#2333);
#2333 = CARTESIAN_POINT('',(1.108095127778,-1.152418932889,
    1.161283793911));
#2334 = B_SPLINE_CURVE_WITH_KNOTS('',1,(#2335,#2336),.UNSPECIFIED.,.F.,
  .F.,(2,2),(2.223270753644,2.400565974089),.PIECEWISE_BEZIER_KNOTS.);
#2335 = CARTESIAN_POINT('',(1.108095127778,-1.152418932889,
    1.161283793911));
#2336 = CARTESIAN_POINT('',(1.108095127778,-1.152418932889,
    1.338579014355));
#2337 = ORIENTED_EDGE('',*,*,#2338,.T.);
#2338 = EDGE_CURVE('',#2332,#2339,#2341,.T.);
#2339 = VERTEX_POINT('',#2340);
#2340 = CARTESIAN_POINT('',(1.108095127778,-0.930799907333,
    1.161283793911));
#2341 = B_SPLINE_CURVE_WITH_KNOTS('',1,(#2342,#2343),.UNSPECIFIED.,.F.,
  .F.,(2,2),(-1.152418932889,-0.930799907333),.PIECEWISE_BEZIER_KNOTS.);
#2342 = CARTESIAN_POINT('',(1.108095127778,-1.152418932889,
    1.161283793911));
#2343 = CARTESIAN_POINT('',(1.108095127778,-0.930799907333,
    1.161283793911));
#2344 = ORIENTED_EDGE('',*,*,#2345,.F.);
#2345 = EDGE_CURVE('',#933,#2339,#2346,.T.);
#2346 = B_SPLINE_CURVE_WITH_KNOTS('',1,(#2347,#2348),.UNSPECIFIED.,.F.,
  .F.,(2,2),(-0.,0.177295220444),.PIECEWISE_BEZIER_KNOTS.);
#2347 = CARTESIAN_POINT('',(1.108095127778,-0.930799907333,
    1.338579014355));
#2348 = CARTESIAN_POINT('',(1.108095127778,-0.930799907333,
    1.161283793911));
#2349 = B_SPLINE_SURFACE_WITH_KNOTS('',1,1,(
    (#2350,#2351)
    ,(#2352,#2353
    )),.UNSPECIFIED.,.F.,.F.,.F.,(2,2),(2,2),(-0.177295220444,0.),(
    -1.152418932889,-0.930799907333),.PIECEWISE_BEZIER_KNOTS.);
#2350 = CARTESIAN_POINT('',(1.108095127778,-1.152418932889,
    1.161283793911));
#2351 = CARTESIAN_POINT('',(1.108095127778,-0.930799907333,
    1.161283793911));
#2352 = CARTESIAN_POINT('',(1.108095127778,-1.152418932889,
    1.338579014355));
#2353 = CARTESIAN_POINT('',(1.108095127778,-0.930799907333,
    1.338579014355));
#2354 = ADVANCED_FACE('',(#2355),#2371,.F.);
#2355 = FACE_BOUND('',#2356,.T.);
#2356 = EDGE_LOOP('',(#2357,#2364,#2369,#2370));
#2357 = ORIENTED_EDGE('',*,*,#2358,.T.);
#2358 = EDGE_CURVE('',#2339,#2359,#2361,.T.);
#2359 = VERTEX_POINT('',#2360);
#2360 = CARTESIAN_POINT('',(1.329714153333,-0.709180881778,
    1.161283793911));
#2361 = B_SPLINE_CURVE_WITH_KNOTS('',1,(#2362,#2363),.UNSPECIFIED.,.F.,
  .F.,(2,2),(0.125366652648,0.438783284269),.PIECEWISE_BEZIER_KNOTS.);
#2362 = CARTESIAN_POINT('',(1.108095127778,-0.930799907333,
    1.161283793911));
#2363 = CARTESIAN_POINT('',(1.329714153333,-0.709180881778,
    1.161283793911));
#2364 = ORIENTED_EDGE('',*,*,#2365,.F.);
#2365 = EDGE_CURVE('',#940,#2359,#2366,.T.);
#2366 = B_SPLINE_CURVE_WITH_KNOTS('',1,(#2367,#2368),.UNSPECIFIED.,.F.,
  .F.,(2,2),(-0.,0.177295220444),.PIECEWISE_BEZIER_KNOTS.);
#2367 = CARTESIAN_POINT('',(1.329714153333,-0.709180881778,
    1.338579014355));
#2368 = CARTESIAN_POINT('',(1.329714153333,-0.709180881778,
    1.161283793911));
#2369 = ORIENTED_EDGE('',*,*,#939,.F.);
#2370 = ORIENTED_EDGE('',*,*,#2345,.T.);
#2371 = B_SPLINE_SURFACE_WITH_KNOTS('',1,1,(
    (#2372,#2373)
    ,(#2374,#2375
    )),.UNSPECIFIED.,.F.,.F.,.F.,(2,2),(2,2),(-0.438783284269,
    -0.125366652648),(-0.177295220444,0.),.PIECEWISE_BEZIER_KNOTS.);
#2372 = CARTESIAN_POINT('',(1.329714153333,-0.709180881778,
    1.161283793911));
#2373 = CARTESIAN_POINT('',(1.329714153333,-0.709180881778,
    1.338579014355));
#2374 = CARTESIAN_POINT('',(1.108095127778,-0.930799907333,
    1.161283793911));
#2375 = CARTESIAN_POINT('',(1.108095127778,-0.930799907333,
    1.338579014355));
#2376 = ADVANCED_FACE('',(#2377),#2393,.F.);
#2377 = FACE_BOUND('',#2378,.T.);
#2378 = EDGE_LOOP('',(#2379,#2386,#2391,#2392));
#2379 = ORIENTED_EDGE('',*,*,#2380,.T.);
#2380 = EDGE_CURVE('',#2359,#2381,#2383,.T.);
#2381 = VERTEX_POINT('',#2382);
#2382 = CARTESIAN_POINT('',(1.329714153333,0.709180881778,1.161283793911
    ));
#2383 = B_SPLINE_CURVE_WITH_KNOTS('',1,(#2384,#2385),.UNSPECIFIED.,.F.,
  .F.,(2,2),(-0.709180881778,0.709180881778),.PIECEWISE_BEZIER_KNOTS.);
#2384 = CARTESIAN_POINT('',(1.329714153333,-0.709180881778,
    1.161283793911));
#2385 = CARTESIAN_POINT('',(1.329714153333,0.709180881778,1.161283793911
    ));
#2386 = ORIENTED_EDGE('',*,*,#2387,.F.);
#2387 = EDGE_CURVE('',#947,#2381,#2388,.T.);
#2388 = B_SPLINE_CURVE_WITH_KNOTS('',1,(#2389,#2390),.UNSPECIFIED.,.F.,
  .F.,(2,2),(-0.,0.177295220444),.PIECEWISE_BEZIER_KNOTS.);
#2389 = CARTESIAN_POINT('',(1.329714153333,0.709180881778,1.338579014355
    ));
#2390 = CARTESIAN_POINT('',(1.329714153333,0.709180881778,1.161283793911
    ));
#2391 = ORIENTED_EDGE('',*,*,#946,.F.);
#2392 = ORIENTED_EDGE('',*,*,#2365,.T.);
#2393 = B_SPLINE_SURFACE_WITH_KNOTS('',1,1,(
    (#2394,#2395)
    ,(#2396,#2397
    )),.UNSPECIFIED.,.F.,.F.,.F.,(2,2),(2,2),(-0.177295220444,0.),(
    -0.709180881778,0.709180881778),.PIECEWISE_BEZIER_KNOTS.);
#2394 = CARTESIAN_POINT('',(1.329714153333,-0.709180881778,
    1.161283793911));
#2395 = CARTESIAN_POINT('',(1.329714153333,0.709180881778,1.161283793911
    ));
#2396 = CARTESIAN_POINT('',(1.329714153333,-0.709180881778,
    1.338579014355));
#2397 = CARTESIAN_POINT('',(1.329714153333,0.709180881778,1.338579014355
    ));
#2398 = ADVANCED_FACE('',(#2399),#2415,.F.);
#2399 = FACE_BOUND('',#2400,.T.);
#2400 = EDGE_LOOP('',(#2401,#2408,#2413,#2414));
#2401 = ORIENTED_EDGE('',*,*,#2402,.T.);
#2402 = EDGE_CURVE('',#2381,#2403,#2405,.T.);
#2403 = VERTEX_POINT('',#2404);
#2404 = CARTESIAN_POINT('',(1.108095127778,0.930799907333,1.161283793911
    ));
#2405 = B_SPLINE_CURVE_WITH_KNOTS('',1,(#2406,#2407),.UNSPECIFIED.,.F.,
  .F.,(2,2),(-0.438783284269,-0.125366652648),.PIECEWISE_BEZIER_KNOTS.);
#2406 = CARTESIAN_POINT('',(1.329714153333,0.709180881778,1.161283793911
    ));
#2407 = CARTESIAN_POINT('',(1.108095127778,0.930799907333,1.161283793911
    ));
#2408 = ORIENTED_EDGE('',*,*,#2409,.F.);
#2409 = EDGE_CURVE('',#954,#2403,#2410,.T.);
#2410 = B_SPLINE_CURVE_WITH_KNOTS('',1,(#2411,#2412),.UNSPECIFIED.,.F.,
  .F.,(2,2),(-0.,0.177295220444),.PIECEWISE_BEZIER_KNOTS.);
#2411 = CARTESIAN_POINT('',(1.108095127778,0.930799907333,1.338579014355
    ));
#2412 = CARTESIAN_POINT('',(1.108095127778,0.930799907333,1.161283793911
    ));
#2413 = ORIENTED_EDGE('',*,*,#953,.F.);
#2414 = ORIENTED_EDGE('',*,*,#2387,.T.);
#2415 = B_SPLINE_SURFACE_WITH_KNOTS('',1,1,(
    (#2416,#2417)
    ,(#2418,#2419
    )),.UNSPECIFIED.,.F.,.F.,.F.,(2,2),(2,2),(0.125366652648,
    0.438783284269),(-0.177295220444,0.),.PIECEWISE_BEZIER_KNOTS.);
#2416 = CARTESIAN_POINT('',(1.108095127778,0.930799907333,1.161283793911
    ));
#2417 = CARTESIAN_POINT('',(1.108095127778,0.930799907333,1.338579014355
    ));
#2418 = CARTESIAN_POINT('',(1.329714153333,0.709180881778,1.161283793911
    ));
#2419 = CARTESIAN_POINT('',(1.329714153333,0.709180881778,1.338579014355
    ));
#2420 = ADVANCED_FACE('',(#2421),#2437,.F.);
#2421 = FACE_BOUND('',#2422,.T.);
#2422 = EDGE_LOOP('',(#2423,#2430,#2435,#2436));
#2423 = ORIENTED_EDGE('',*,*,#2424,.T.);
#2424 = EDGE_CURVE('',#2403,#2425,#2427,.T.);
#2425 = VERTEX_POINT('',#2426);
#2426 = CARTESIAN_POINT('',(1.108095127778,1.152418932889,1.161283793911
    ));
#2427 = B_SPLINE_CURVE_WITH_KNOTS('',1,(#2428,#2429),.UNSPECIFIED.,.F.,
  .F.,(2,2),(0.930799907333,1.152418932889),.PIECEWISE_BEZIER_KNOTS.);
#2428 = CARTESIAN_POINT('',(1.108095127778,0.930799907333,1.161283793911
    ));
#2429 = CARTESIAN_POINT('',(1.108095127778,1.152418932889,1.161283793911
    ));
#2430 = ORIENTED_EDGE('',*,*,#2431,.T.);
#2431 = EDGE_CURVE('',#2425,#884,#2432,.T.);
#2432 = B_SPLINE_CURVE_WITH_KNOTS('',1,(#2433,#2434),.UNSPECIFIED.,.F.,
  .F.,(2,2),(2.223270753644,2.400565974089),.PIECEWISE_BEZIER_KNOTS.);
#2433 = CARTESIAN_POINT('',(1.108095127778,1.152418932889,1.161283793911
    ));
#2434 = CARTESIAN_POINT('',(1.108095127778,1.152418932889,1.338579014355
    ));
#2435 = ORIENTED_EDGE('',*,*,#960,.F.);
#2436 = ORIENTED_EDGE('',*,*,#2409,.T.);
#2437 = B_SPLINE_SURFACE_WITH_KNOTS('',1,1,(
    (#2438,#2439)
    ,(#2440,#2441
    )),.UNSPECIFIED.,.F.,.F.,.F.,(2,2),(2,2),(-0.177295220444,0.),(
    0.930799907333,1.152418932889),.PIECEWISE_BEZIER_KNOTS.);
#2438 = CARTESIAN_POINT('',(1.108095127778,0.930799907333,1.161283793911
    ));
#2439 = CARTESIAN_POINT('',(1.108095127778,1.152418932889,1.161283793911
    ));
#2440 = CARTESIAN_POINT('',(1.108095127778,0.930799907333,1.338579014355
    ));
#2441 = CARTESIAN_POINT('',(1.108095127778,1.152418932889,1.338579014355
    ));
#2442 = ADVANCED_FACE('',(#2443),#2457,.F.);
#2443 = FACE_BOUND('',#2444,.T.);
#2444 = EDGE_LOOP('',(#2445,#2446,#2451,#2452));
#2445 = ORIENTED_EDGE('',*,*,#890,.F.);
#2446 = ORIENTED_EDGE('',*,*,#2447,.F.);
#2447 = EDGE_CURVE('',#1720,#882,#2448,.T.);
#2448 = B_SPLINE_CURVE_WITH_KNOTS('',1,(#2449,#2450),.UNSPECIFIED.,.F.,
  .F.,(2,2),(2.223270753644,2.400565974089),.PIECEWISE_BEZIER_KNOTS.);
#2449 = CARTESIAN_POINT('',(-1.108095127778,1.152418932889,
    1.161283793911));
#2450 = CARTESIAN_POINT('',(-1.108095127778,1.152418932889,
    1.338579014355));
#2451 = ORIENTED_EDGE('',*,*,#1770,.T.);
#2452 = ORIENTED_EDGE('',*,*,#2453,.F.);
#2453 = EDGE_CURVE('',#891,#1764,#2454,.T.);
#2454 = B_SPLINE_CURVE_WITH_KNOTS('',1,(#2455,#2456),.UNSPECIFIED.,.F.,
  .F.,(2,2),(-0.,0.177295220444),.PIECEWISE_BEZIER_KNOTS.);
#2455 = CARTESIAN_POINT('',(-1.108095127778,0.930799907333,
    1.338579014355));
#2456 = CARTESIAN_POINT('',(-1.108095127778,0.930799907333,
    1.161283793911));
#2457 = B_SPLINE_SURFACE_WITH_KNOTS('',1,1,(
    (#2458,#2459)
    ,(#2460,#2461
    )),.UNSPECIFIED.,.F.,.F.,.F.,(2,2),(2,2),(0.,0.177295220444),(
    0.930799907333,1.152418932889),.PIECEWISE_BEZIER_KNOTS.);
#2458 = CARTESIAN_POINT('',(-1.108095127778,0.930799907333,
    1.338579014355));
#2459 = CARTESIAN_POINT('',(-1.108095127778,1.152418932889,
    1.338579014355));
#2460 = CARTESIAN_POINT('',(-1.108095127778,0.930799907333,
    1.161283793911));
#2461 = CARTESIAN_POINT('',(-1.108095127778,1.152418932889,
    1.161283793911));
#2462 = ADVANCED_FACE('',(#2463),#2473,.F.);
#2463 = FACE_BOUND('',#2464,.T.);
#2464 = EDGE_LOOP('',(#2465,#2466,#2471,#2472));
#2465 = ORIENTED_EDGE('',*,*,#1763,.T.);
#2466 = ORIENTED_EDGE('',*,*,#2467,.F.);
#2467 = EDGE_CURVE('',#898,#1757,#2468,.T.);
#2468 = B_SPLINE_CURVE_WITH_KNOTS('',1,(#2469,#2470),.UNSPECIFIED.,.F.,
  .F.,(2,2),(-0.,0.177295220444),.PIECEWISE_BEZIER_KNOTS.);
#2469 = CARTESIAN_POINT('',(-1.329714153333,0.709180881778,
    1.338579014355));
#2470 = CARTESIAN_POINT('',(-1.329714153333,0.709180881778,
    1.161283793911));
#2471 = ORIENTED_EDGE('',*,*,#897,.F.);
#2472 = ORIENTED_EDGE('',*,*,#2453,.T.);
#2473 = B_SPLINE_SURFACE_WITH_KNOTS('',1,1,(
    (#2474,#2475)
    ,(#2476,#2477
    )),.UNSPECIFIED.,.F.,.F.,.F.,(2,2),(2,2),(-0.438783284269,
    -0.125366652648),(-0.177295220444,0.),.PIECEWISE_BEZIER_KNOTS.);
#2474 = CARTESIAN_POINT('',(-1.329714153333,0.709180881778,
    1.161283793911));
#2475 = CARTESIAN_POINT('',(-1.329714153333,0.709180881778,
    1.338579014355));
#2476 = CARTESIAN_POINT('',(-1.108095127778,0.930799907333,
    1.161283793911));
#2477 = CARTESIAN_POINT('',(-1.108095127778,0.930799907333,
    1.338579014355));
#2478 = ADVANCED_FACE('',(#2479),#2489,.F.);
#2479 = FACE_BOUND('',#2480,.T.);
#2480 = EDGE_LOOP('',(#2481,#2482,#2487,#2488));
#2481 = ORIENTED_EDGE('',*,*,#1756,.T.);
#2482 = ORIENTED_EDGE('',*,*,#2483,.F.);
#2483 = EDGE_CURVE('',#905,#1750,#2484,.T.);
#2484 = B_SPLINE_CURVE_WITH_KNOTS('',1,(#2485,#2486),.UNSPECIFIED.,.F.,
  .F.,(2,2),(-0.,0.177295220444),.PIECEWISE_BEZIER_KNOTS.);
#2485 = CARTESIAN_POINT('',(-1.329714153333,-0.709180881778,
    1.338579014355));
#2486 = CARTESIAN_POINT('',(-1.329714153333,-0.709180881778,
    1.161283793911));
#2487 = ORIENTED_EDGE('',*,*,#904,.F.);
#2488 = ORIENTED_EDGE('',*,*,#2467,.T.);
#2489 = B_SPLINE_SURFACE_WITH_KNOTS('',1,1,(
    (#2490,#2491)
    ,(#2492,#2493
    )),.UNSPECIFIED.,.F.,.F.,.F.,(2,2),(2,2),(-0.,0.177295220444),(
    -0.709180881778,0.709180881778),.PIECEWISE_BEZIER_KNOTS.);
#2490 = CARTESIAN_POINT('',(-1.329714153333,-0.709180881778,
    1.338579014355));
#2491 = CARTESIAN_POINT('',(-1.329714153333,0.709180881778,
    1.338579014355));
#2492 = CARTESIAN_POINT('',(-1.329714153333,-0.709180881778,
    1.161283793911));
#2493 = CARTESIAN_POINT('',(-1.329714153333,0.709180881778,
    1.161283793911));
#2494 = ADVANCED_FACE('',(#2495),#2501,.F.);
#2495 = FACE_BOUND('',#2496,.T.);
#2496 = EDGE_LOOP('',(#2497,#2498,#2499,#2500));
#2497 = ORIENTED_EDGE('',*,*,#1749,.T.);
#2498 = ORIENTED_EDGE('',*,*,#2317,.F.);
#2499 = ORIENTED_EDGE('',*,*,#911,.F.);
#2500 = ORIENTED_EDGE('',*,*,#2483,.T.);
#2501 = B_SPLINE_SURFACE_WITH_KNOTS('',1,1,(
    (#2502,#2503)
    ,(#2504,#2505
    )),.UNSPECIFIED.,.F.,.F.,.F.,(2,2),(2,2),(0.125366652648,
    0.438783284269),(-0.177295220444,0.),.PIECEWISE_BEZIER_KNOTS.);
#2502 = CARTESIAN_POINT('',(-1.108095127778,-0.930799907333,
    1.161283793911));
#2503 = CARTESIAN_POINT('',(-1.108095127778,-0.930799907333,
    1.338579014355));
#2504 = CARTESIAN_POINT('',(-1.329714153333,-0.709180881778,
    1.161283793911));
#2505 = CARTESIAN_POINT('',(-1.329714153333,-0.709180881778,
    1.338579014355));
#2506 = ADVANCED_FACE('',(#2507),#2542,.F.);
#2507 = FACE_BOUND('',#2508,.T.);
#2508 = EDGE_LOOP('',(#2509,#2519,#2527,#2532,#2533,#2534,#2535,#2536,
    #2537));
#2509 = ORIENTED_EDGE('',*,*,#2510,.T.);
#2510 = EDGE_CURVE('',#2511,#2513,#2515,.T.);
#2511 = VERTEX_POINT('',#2512);
#2512 = CARTESIAN_POINT('',(0.519802822683,-1.152418932889,
    1.161283793911));
#2513 = VERTEX_POINT('',#2514);
#2514 = CARTESIAN_POINT('',(1.264224810447,-8.982723241738E-14,
    1.161283793911));
#2515 = ( BOUNDED_CURVE() B_SPLINE_CURVE(2,(#2516,#2517,#2518),
.UNSPECIFIED.,.F.,.F.) B_SPLINE_CURVE_WITH_KNOTS((3,3),(5.136118818021,
6.28318530718),.PIECEWISE_BEZIER_KNOTS.) CURVE() 
GEOMETRIC_REPRESENTATION_ITEM() RATIONAL_B_SPLINE_CURVE((1.,
0.839989072055,1.)) REPRESENTATION_ITEM('') );
#2516 = CARTESIAN_POINT('',(0.519802822683,-1.152418932889,
    1.161283793911));
#2517 = CARTESIAN_POINT('',(1.264224810447,-0.816644641558,
    1.161283793911));
#2518 = CARTESIAN_POINT('',(1.264224810447,-8.990464386075E-14,
    1.161283793911));
#2519 = ORIENTED_EDGE('',*,*,#2520,.T.);
#2520 = EDGE_CURVE('',#2513,#2521,#2523,.T.);
#2521 = VERTEX_POINT('',#2522);
#2522 = CARTESIAN_POINT('',(0.519802822683,1.152418932889,1.161283793911
    ));
#2523 = ( BOUNDED_CURVE() B_SPLINE_CURVE(2,(#2524,#2525,#2526),
.UNSPECIFIED.,.F.,.F.) B_SPLINE_CURVE_WITH_KNOTS((3,3),(0.,
1.147066489158),.PIECEWISE_BEZIER_KNOTS.) CURVE() 
GEOMETRIC_REPRESENTATION_ITEM() RATIONAL_B_SPLINE_CURVE((1.,
0.839989072055,1.)) REPRESENTATION_ITEM('') );
#2524 = CARTESIAN_POINT('',(1.264224810447,-8.959499808725E-14,
    1.161283793911));
#2525 = CARTESIAN_POINT('',(1.264224810447,0.816644641558,1.161283793911
    ));
#2526 = CARTESIAN_POINT('',(0.519802822683,1.152418932889,1.161283793911
    ));
#2527 = ORIENTED_EDGE('',*,*,#2528,.F.);
#2528 = EDGE_CURVE('',#2425,#2521,#2529,.T.);
#2529 = B_SPLINE_CURVE_WITH_KNOTS('',1,(#2530,#2531),.UNSPECIFIED.,.F.,
  .F.,(2,2),(-2.216190255555,-1.627897950461),.PIECEWISE_BEZIER_KNOTS.);
#2530 = CARTESIAN_POINT('',(1.108095127778,1.152418932889,1.161283793911
    ));
#2531 = CARTESIAN_POINT('',(0.519802822683,1.152418932889,1.161283793911
    ));
#2532 = ORIENTED_EDGE('',*,*,#2424,.F.);
#2533 = ORIENTED_EDGE('',*,*,#2402,.F.);
#2534 = ORIENTED_EDGE('',*,*,#2380,.F.);
#2535 = ORIENTED_EDGE('',*,*,#2358,.F.);
#2536 = ORIENTED_EDGE('',*,*,#2338,.F.);
#2537 = ORIENTED_EDGE('',*,*,#2538,.F.);
#2538 = EDGE_CURVE('',#2511,#2332,#2539,.T.);
#2539 = B_SPLINE_CURVE_WITH_KNOTS('',1,(#2540,#2541),.UNSPECIFIED.,.F.,
  .F.,(2,2),(1.627897950461,2.216190255555),.PIECEWISE_BEZIER_KNOTS.);
#2540 = CARTESIAN_POINT('',(0.519802822683,-1.152418932889,
    1.161283793911));
#2541 = CARTESIAN_POINT('',(1.108095127778,-1.152418932889,
    1.161283793911));
#2542 = B_SPLINE_SURFACE_WITH_KNOTS('',1,1,(
    (#2543,#2544)
    ,(#2545,#2546
    )),.UNSPECIFIED.,.F.,.F.,.F.,(2,2),(2,2),(0.519802822683,
    1.329714153333),(-1.152418932889,1.152418932889),
  .PIECEWISE_BEZIER_KNOTS.);
#2543 = CARTESIAN_POINT('',(0.519802822683,-1.152418932889,
    1.161283793911));
#2544 = CARTESIAN_POINT('',(0.519802822683,1.152418932889,1.161283793911
    ));
#2545 = CARTESIAN_POINT('',(1.329714153333,-1.152418932889,
    1.161283793911));
#2546 = CARTESIAN_POINT('',(1.329714153333,1.152418932889,1.161283793911
    ));
#2547 = ADVANCED_FACE('',(#2548),#2575,.F.);
#2548 = FACE_BOUND('',#2549,.F.);
#2549 = EDGE_LOOP('',(#2550,#2558,#2566,#2573,#2574));
#2550 = ORIENTED_EDGE('',*,*,#2551,.F.);
#2551 = EDGE_CURVE('',#2552,#42,#2554,.T.);
#2552 = VERTEX_POINT('',#2553);
#2553 = CARTESIAN_POINT('',(1.01804812578,-8.978201049404E-14,
    0.995952240492));
#2554 = ( BOUNDED_CURVE() B_SPLINE_CURVE(2,(#2555,#2556,#2557),
.UNSPECIFIED.,.F.,.F.) B_SPLINE_CURVE_WITH_KNOTS((3,3),(4.324409121699,
4.712388980385),.PIECEWISE_BEZIER_KNOTS.) CURVE() 
GEOMETRIC_REPRESENTATION_ITEM() RATIONAL_B_SPLINE_CURVE((1.,
0.981242886954,1.)) REPRESENTATION_ITEM('') );
#2555 = CARTESIAN_POINT('',(1.01804812578,-8.978201049404E-14,
    0.995952240492));
#2556 = CARTESIAN_POINT('',(0.954742586034,-8.977038145505E-14,
    0.841055609396));
#2557 = CARTESIAN_POINT('',(0.954742586034,-8.977038145505E-14,
    0.673721937689));
#2558 = ORIENTED_EDGE('',*,*,#2559,.F.);
#2559 = EDGE_CURVE('',#2560,#2552,#2562,.T.);
#2560 = VERTEX_POINT('',#2561);
#2561 = CARTESIAN_POINT('',(0.418584008979,0.928013692696,0.995952240492
    ));
#2562 = ( BOUNDED_CURVE() B_SPLINE_CURVE(2,(#2563,#2564,#2565),
.UNSPECIFIED.,.F.,.F.) B_SPLINE_CURVE_WITH_KNOTS((3,3),(1.994526164432,
3.14159265359),.PIECEWISE_BEZIER_KNOTS.) CURVE() 
GEOMETRIC_REPRESENTATION_ITEM() RATIONAL_B_SPLINE_CURVE((1.,
0.839989072055,1.)) REPRESENTATION_ITEM('') );
#2563 = CARTESIAN_POINT('',(0.418584008979,0.928013692696,0.995952240492
    ));
#2564 = CARTESIAN_POINT('',(1.01804812578,0.657623185288,0.995952240492)
  );
#2565 = CARTESIAN_POINT('',(1.01804812578,-8.947032314939E-14,
    0.995952240492));
#2566 = ORIENTED_EDGE('',*,*,#2567,.F.);
#2567 = EDGE_CURVE('',#221,#2560,#2568,.T.);
#2568 = B_SPLINE_CURVE_WITH_KNOTS('',3,(#2569,#2570,#2571,#2572),
  .UNSPECIFIED.,.F.,.F.,(4,4),(0.,4.924289364218E-04),
  .PIECEWISE_BEZIER_KNOTS.);
#2569 = CARTESIAN_POINT('',(0.,1.03847277445,1.041991231058));
#2570 = CARTESIAN_POINT('',(0.148191352931,1.03847277445,1.041991231058)
  );
#2571 = CARTESIAN_POINT('',(0.284275338441,0.988594115374,0.995952240491
    ));
#2572 = CARTESIAN_POINT('',(0.418584008979,0.928013692696,0.995952240492
    ));
#2573 = ORIENTED_EDGE('',*,*,#220,.T.);
#2574 = ORIENTED_EDGE('',*,*,#85,.T.);
#2575 = ( BOUNDED_SURFACE() B_SPLINE_SURFACE(2,2,(
    (#2576,#2577,#2578)
    ,(#2579,#2580,#2581)
    ,(#2582,#2583,#2584
)),.UNSPECIFIED.,.F.,.F.,.F.) B_SPLINE_SURFACE_WITH_KNOTS((3,3),(3,3),(
    1.570796326795,3.14159265359),(3.14159265359,3.588714362695),
.PIECEWISE_BEZIER_KNOTS.) GEOMETRIC_REPRESENTATION_ITEM() 
RATIONAL_B_SPLINE_SURFACE((
    (1.,0.975114179996,1.)
    ,(0.707106781187,0.689509849107,0.707106781187)
,(1.,0.975114179996,1.))) REPRESENTATION_ITEM('') SURFACE() );
#2576 = CARTESIAN_POINT('',(-5.84611225998E-17,0.954742586034,
    0.673721937689));
#2577 = CARTESIAN_POINT('',(-5.84611225998E-17,0.954742586034,
    0.86737510897));
#2578 = CARTESIAN_POINT('',(-6.358811906913E-17,1.038472792537,
    1.041991268779));
#2579 = CARTESIAN_POINT('',(0.954742586034,0.954742586034,0.673721937689
    ));
#2580 = CARTESIAN_POINT('',(0.954742586034,0.954742586034,0.86737510897)
  );
#2581 = CARTESIAN_POINT('',(1.038472792537,1.038472792537,1.041991268779
    ));
#2582 = CARTESIAN_POINT('',(0.954742586034,-8.947807584205E-14,
    0.673721937689));
#2583 = CARTESIAN_POINT('',(0.954742586034,-8.947807584205E-14,
    0.86737510897));
#2584 = CARTESIAN_POINT('',(1.038472792537,-8.946782184911E-14,
    1.041991268779));
#2585 = ADVANCED_FACE('',(#2586),#2620,.F.);
#2586 = FACE_BOUND('',#2587,.F.);
#2587 = EDGE_LOOP('',(#2588,#2589,#2597,#2612,#2618,#2619));
#2588 = ORIENTED_EDGE('',*,*,#238,.T.);
#2589 = ORIENTED_EDGE('',*,*,#2590,.F.);
#2590 = EDGE_CURVE('',#2591,#194,#2593,.T.);
#2591 = VERTEX_POINT('',#2592);
#2592 = CARTESIAN_POINT('',(-0.418584008979,-0.928013692696,
    0.995952240492));
#2593 = ( BOUNDED_CURVE() B_SPLINE_CURVE(2,(#2594,#2595,#2596),
.UNSPECIFIED.,.F.,.F.) B_SPLINE_CURVE_WITH_KNOTS((3,3),(5.136118818021,
6.28318530718),.PIECEWISE_BEZIER_KNOTS.) CURVE() 
GEOMETRIC_REPRESENTATION_ITEM() RATIONAL_B_SPLINE_CURVE((1.,
0.839989072055,1.)) REPRESENTATION_ITEM('') );
#2594 = CARTESIAN_POINT('',(-0.418584008979,-0.928013692696,
    0.995952240492));
#2595 = CARTESIAN_POINT('',(-1.01804812578,-0.657623185288,
    0.995952240492));
#2596 = CARTESIAN_POINT('',(-1.01804812578,-8.984434796297E-14,
    0.995952240492));
#2597 = ORIENTED_EDGE('',*,*,#2598,.F.);
#2598 = EDGE_CURVE('',#2599,#2591,#2601,.T.);
#2599 = VERTEX_POINT('',#2600);
#2600 = CARTESIAN_POINT('',(0.418584008979,-0.928013692696,
    0.995952240492));
#2601 = B_SPLINE_CURVE_WITH_KNOTS('',3,(#2602,#2603,#2604,#2605,#2606,
    #2607,#2608,#2609,#2610,#2611),.UNSPECIFIED.,.F.,.F.,(4,2,2,2,4),(0.
    ,2.450319851696E-04,4.900639703392E-04,7.350959555089E-04,
    9.801279406785E-04),.UNSPECIFIED.);
#2602 = CARTESIAN_POINT('',(0.418584008979,-0.928013692696,
    0.995952240492));
#2603 = CARTESIAN_POINT('',(0.351556596491,-0.958246655045,
    0.995952240492));
#2604 = CARTESIAN_POINT('',(0.284814282669,-0.984811658392,
    1.007303924757));
#2605 = CARTESIAN_POINT('',(0.147405638789,-1.024800026052,
    1.030324161032));
#2606 = CARTESIAN_POINT('',(7.51354910511E-02,-1.038267897698,
    1.041827555576));
#2607 = CARTESIAN_POINT('',(-7.160006715657E-02,-1.038672773661,
    1.042151009848));
#2608 = CARTESIAN_POINT('',(-0.14417686473,-1.025580587278,
    1.030860888516));
#2609 = CARTESIAN_POINT('',(-0.283731506874,-0.985280999995,
    1.007489402211));
#2610 = CARTESIAN_POINT('',(-0.351275620694,-0.958373390218,
    0.995952240491));
#2611 = CARTESIAN_POINT('',(-0.418584008979,-0.928013692696,
    0.995952240492));
#2612 = ORIENTED_EDGE('',*,*,#2613,.F.);
#2613 = EDGE_CURVE('',#2552,#2599,#2614,.T.);
#2614 = ( BOUNDED_CURVE() B_SPLINE_CURVE(2,(#2615,#2616,#2617),
.UNSPECIFIED.,.F.,.F.) B_SPLINE_CURVE_WITH_KNOTS((3,3),(3.14159265359,
4.288659142748),.PIECEWISE_BEZIER_KNOTS.) CURVE() 
GEOMETRIC_REPRESENTATION_ITEM() RATIONAL_B_SPLINE_CURVE((1.,
0.839989072055,1.)) REPRESENTATION_ITEM('') );
#2615 = CARTESIAN_POINT('',(1.01804812578,-8.947032314939E-14,
    0.995952240492));
#2616 = CARTESIAN_POINT('',(1.01804812578,-0.657623185288,0.995952240492
    ));
#2617 = CARTESIAN_POINT('',(0.418584008979,-0.928013692696,
    0.995952240492));
#2618 = ORIENTED_EDGE('',*,*,#2551,.T.);
#2619 = ORIENTED_EDGE('',*,*,#41,.T.);
#2620 = ( BOUNDED_SURFACE() B_SPLINE_SURFACE(2,2,(
    (#2621,#2622,#2623)
    ,(#2624,#2625,#2626)
    ,(#2627,#2628,#2629)
    ,(#2630,#2631,#2632)
    ,(#2633,#2634,#2635
)),.UNSPECIFIED.,.F.,.F.,.F.) B_SPLINE_SURFACE_WITH_KNOTS((3,2,3),(3,3),
  (3.14159265359,4.712388980385,6.28318530718),(3.14159265359,
    3.589203027857),.PIECEWISE_BEZIER_KNOTS.) 
GEOMETRIC_REPRESENTATION_ITEM() RATIONAL_B_SPLINE_SURFACE((
    (1.,0.97505998156,1.)
    ,(0.707106781187,0.689471525025,0.707106781187)
    ,(1.,0.97505998156,1.)
    ,(0.707106781187,0.689471525025,0.707106781187)
,(1.,0.97505998156,1.))) REPRESENTATION_ITEM('') SURFACE() );
#2621 = CARTESIAN_POINT('',(0.954742586034,-8.947807584205E-14,
    0.673721937689));
#2622 = CARTESIAN_POINT('',(0.954742586034,-8.947807584205E-14,
    0.867593987206));
#2623 = CARTESIAN_POINT('',(1.038652844621,-8.946779979909E-14,
    1.042366525345));
#2624 = CARTESIAN_POINT('',(0.954742586034,-0.954742586034,
    0.673721937689));
#2625 = CARTESIAN_POINT('',(0.954742586034,-0.954742586034,
    0.867593987206));
#2626 = CARTESIAN_POINT('',(1.038652844621,-1.038652844621,
    1.042366525345));
#2627 = CARTESIAN_POINT('',(1.753833677994E-16,-0.954742586034,
    0.673721937689));
#2628 = CARTESIAN_POINT('',(1.753833677994E-16,-0.954742586034,
    0.867593987206));
#2629 = CARTESIAN_POINT('',(1.907974322385E-16,-1.038652844621,
    1.042366525345));
#2630 = CARTESIAN_POINT('',(-0.954742586034,-0.954742586034,
    0.673721937689));
#2631 = CARTESIAN_POINT('',(-0.954742586034,-0.954742586034,
    0.867593987206));
#2632 = CARTESIAN_POINT('',(-1.038652844621,-1.038652844621,
    1.042366525345));
#2633 = CARTESIAN_POINT('',(-0.954742586034,-8.982884257765E-14,
    0.673721937689));
#2634 = CARTESIAN_POINT('',(-0.954742586034,-8.982884257765E-14,
    0.867593987206));
#2635 = CARTESIAN_POINT('',(-1.038652844621,-8.984939466357E-14,
    1.042366525345));
#2636 = ADVANCED_FACE('',(#2637),#2659,.T.);
#2637 = FACE_BOUND('',#2638,.T.);
#2638 = EDGE_LOOP('',(#2639,#2640,#2647,#2654));
#2639 = ORIENTED_EDGE('',*,*,#2255,.F.);
#2640 = ORIENTED_EDGE('',*,*,#2641,.T.);
#2641 = EDGE_CURVE('',#2249,#2642,#2644,.T.);
#2642 = VERTEX_POINT('',#2643);
#2643 = CARTESIAN_POINT('',(-1.329714153333,0.709180881778,
    0.186160081467));
#2644 = B_SPLINE_CURVE_WITH_KNOTS('',1,(#2645,#2646),.UNSPECIFIED.,.F.,
  .F.,(2,2),(8.687465801776,8.864761022221),.PIECEWISE_BEZIER_KNOTS.);
#2645 = CARTESIAN_POINT('',(-1.329714153333,0.709180881778,
    8.864861022221E-03));
#2646 = CARTESIAN_POINT('',(-1.329714153333,0.709180881778,
    0.186160081467));
#2647 = ORIENTED_EDGE('',*,*,#2648,.F.);
#2648 = EDGE_CURVE('',#2649,#2642,#2651,.T.);
#2649 = VERTEX_POINT('',#2650);
#2650 = CARTESIAN_POINT('',(-1.108095127778,0.930799907333,
    0.186160081467));
#2651 = B_SPLINE_CURVE_WITH_KNOTS('',1,(#2652,#2653),.UNSPECIFIED.,.F.,
  .F.,(2,2),(0.,0.313416631621),.PIECEWISE_BEZIER_KNOTS.);
#2652 = CARTESIAN_POINT('',(-1.108095127778,0.930799907333,
    0.186160081467));
#2653 = CARTESIAN_POINT('',(-1.329714153333,0.709180881778,
    0.186160081467));
#2654 = ORIENTED_EDGE('',*,*,#2655,.F.);
#2655 = EDGE_CURVE('',#2256,#2649,#2656,.T.);
#2656 = B_SPLINE_CURVE_WITH_KNOTS('',1,(#2657,#2658),.UNSPECIFIED.,.F.,
  .F.,(2,2),(-0.177295220444,0.),.PIECEWISE_BEZIER_KNOTS.);
#2657 = CARTESIAN_POINT('',(-1.108095127778,0.930799907333,
    8.864861022221E-03));
#2658 = CARTESIAN_POINT('',(-1.108095127778,0.930799907333,
    0.186160081467));
#2659 = B_SPLINE_SURFACE_WITH_KNOTS('',1,1,(
    (#2660,#2661)
    ,(#2662,#2663
    )),.UNSPECIFIED.,.F.,.F.,.F.,(2,2),(2,2),(-8.864761022221,
    -8.687465801776),(0.,0.313416631621),.PIECEWISE_BEZIER_KNOTS.);
#2660 = CARTESIAN_POINT('',(-1.108095127778,0.930799907333,
    0.186160081467));
#2661 = CARTESIAN_POINT('',(-1.329714153333,0.709180881778,
    0.186160081467));
#2662 = CARTESIAN_POINT('',(-1.108095127778,0.930799907333,
    8.864861022221E-03));
#2663 = CARTESIAN_POINT('',(-1.329714153333,0.709180881778,
    8.864861022221E-03));
#2664 = ADVANCED_FACE('',(#2665),#2695,.F.);
#2665 = FACE_BOUND('',#2666,.T.);
#2666 = EDGE_LOOP('',(#2667,#2676,#2683,#2688,#2689,#2690));
#2667 = ORIENTED_EDGE('',*,*,#2668,.F.);
#2668 = EDGE_CURVE('',#2669,#2671,#2673,.T.);
#2669 = VERTEX_POINT('',#2670);
#2670 = CARTESIAN_POINT('',(-1.108095127778,1.329714153333,
    9.999999999941E-08));
#2671 = VERTEX_POINT('',#2672);
#2672 = CARTESIAN_POINT('',(-1.108095127778,1.329714153333,
    0.186160081467));
#2673 = B_SPLINE_CURVE_WITH_KNOTS('',1,(#2674,#2675),.UNSPECIFIED.,.F.,
  .F.,(2,2),(8.678601040754,8.864761022221),.PIECEWISE_BEZIER_KNOTS.);
#2674 = CARTESIAN_POINT('',(-1.108095127778,1.329714153333,
    1.000000003134E-07));
#2675 = CARTESIAN_POINT('',(-1.108095127778,1.329714153333,
    0.186160081467));
#2676 = ORIENTED_EDGE('',*,*,#2677,.F.);
#2677 = EDGE_CURVE('',#2678,#2669,#2680,.T.);
#2678 = VERTEX_POINT('',#2679);
#2679 = CARTESIAN_POINT('',(-1.108095127778,0.664857076666,
    9.999999999941E-08));
#2680 = B_SPLINE_CURVE_WITH_KNOTS('',1,(#2681,#2682),.UNSPECIFIED.,.F.,
  .F.,(2,2),(0.,0.664857076667),.PIECEWISE_BEZIER_KNOTS.);
#2681 = CARTESIAN_POINT('',(-1.108095127778,0.664857076666,
    9.999999999941E-08));
#2682 = CARTESIAN_POINT('',(-1.108095127778,1.329714153333,
    9.999999999941E-08));
#2683 = ORIENTED_EDGE('',*,*,#2684,.T.);
#2684 = EDGE_CURVE('',#2678,#2263,#2685,.T.);
#2685 = B_SPLINE_CURVE_WITH_KNOTS('',1,(#2686,#2687),.UNSPECIFIED.,.F.,
  .F.,(2,2),(0.,8.864761022221E-03),.PIECEWISE_BEZIER_KNOTS.);
#2686 = CARTESIAN_POINT('',(-1.108095127778,0.664857076666,
    9.999999999941E-08));
#2687 = CARTESIAN_POINT('',(-1.108095127778,0.664857076666,
    8.864861022221E-03));
#2688 = ORIENTED_EDGE('',*,*,#2262,.T.);
#2689 = ORIENTED_EDGE('',*,*,#2655,.T.);
#2690 = ORIENTED_EDGE('',*,*,#2691,.T.);
#2691 = EDGE_CURVE('',#2649,#2671,#2692,.T.);
#2692 = B_SPLINE_CURVE_WITH_KNOTS('',1,(#2693,#2694),.UNSPECIFIED.,.F.,
  .F.,(2,2),(-0.398914246,0.),.PIECEWISE_BEZIER_KNOTS.);
#2693 = CARTESIAN_POINT('',(-1.108095127778,0.930799907333,
    0.186160081467));
#2694 = CARTESIAN_POINT('',(-1.108095127778,1.329714153333,
    0.186160081467));
#2695 = B_SPLINE_SURFACE_WITH_KNOTS('',1,1,(
    (#2696,#2697)
    ,(#2698,#2699
    )),.UNSPECIFIED.,.F.,.F.,.F.,(2,2),(2,2),(-8.864761022221,
    -8.678601040754),(-0.664857076667,0.),.PIECEWISE_BEZIER_KNOTS.);
#2696 = CARTESIAN_POINT('',(-1.108095127778,0.664857076666,
    0.186160081467));
#2697 = CARTESIAN_POINT('',(-1.108095127778,1.329714153333,
    0.186160081467));
#2698 = CARTESIAN_POINT('',(-1.108095127778,0.664857076666,
    1.000000003134E-07));
#2699 = CARTESIAN_POINT('',(-1.108095127778,1.329714153333,
    1.000000003134E-07));
#2700 = ADVANCED_FACE('',(#2701),#2723,.F.);
#2701 = FACE_BOUND('',#2702,.T.);
#2702 = EDGE_LOOP('',(#2703,#2710,#2717,#2722));
#2703 = ORIENTED_EDGE('',*,*,#2704,.F.);
#2704 = EDGE_CURVE('',#2705,#2671,#2707,.T.);
#2705 = VERTEX_POINT('',#2706);
#2706 = CARTESIAN_POINT('',(1.108095127778,1.329714153333,0.186160081467
    ));
#2707 = B_SPLINE_CURVE_WITH_KNOTS('',1,(#2708,#2709),.UNSPECIFIED.,.F.,
  .F.,(2,2),(-2.437809281111,-0.221619025556),.PIECEWISE_BEZIER_KNOTS.);
#2708 = CARTESIAN_POINT('',(1.108095127778,1.329714153333,0.186160081467
    ));
#2709 = CARTESIAN_POINT('',(-1.108095127778,1.329714153333,
    0.186160081467));
#2710 = ORIENTED_EDGE('',*,*,#2711,.F.);
#2711 = EDGE_CURVE('',#2712,#2705,#2714,.T.);
#2712 = VERTEX_POINT('',#2713);
#2713 = CARTESIAN_POINT('',(1.108095127778,1.329714153333,
    9.999999999941E-08));
#2714 = B_SPLINE_CURVE_WITH_KNOTS('',1,(#2715,#2716),.UNSPECIFIED.,.F.,
  .F.,(2,2),(8.678601040754,8.864761022221),.PIECEWISE_BEZIER_KNOTS.);
#2715 = CARTESIAN_POINT('',(1.108095127778,1.329714153333,
    1.000000003134E-07));
#2716 = CARTESIAN_POINT('',(1.108095127778,1.329714153333,0.186160081467
    ));
#2717 = ORIENTED_EDGE('',*,*,#2718,.F.);
#2718 = EDGE_CURVE('',#2669,#2712,#2719,.T.);
#2719 = B_SPLINE_CURVE_WITH_KNOTS('',1,(#2720,#2721),.UNSPECIFIED.,.F.,
  .F.,(2,2),(-2.216190255555,0.),.PIECEWISE_BEZIER_KNOTS.);
#2720 = CARTESIAN_POINT('',(-1.108095127778,1.329714153333,
    9.999999999941E-08));
#2721 = CARTESIAN_POINT('',(1.108095127778,1.329714153333,
    9.999999999941E-08));
#2722 = ORIENTED_EDGE('',*,*,#2668,.T.);
#2723 = B_SPLINE_SURFACE_WITH_KNOTS('',1,1,(
    (#2724,#2725)
    ,(#2726,#2727
    )),.UNSPECIFIED.,.F.,.F.,.F.,(2,2),(2,2),(0.,0.186159981467),(
    0.221619025556,2.437809281111),.PIECEWISE_BEZIER_KNOTS.);
#2724 = CARTESIAN_POINT('',(-1.108095127778,1.329714153333,
    0.186160081467));
#2725 = CARTESIAN_POINT('',(1.108095127778,1.329714153333,0.186160081467
    ));
#2726 = CARTESIAN_POINT('',(-1.108095127778,1.329714153333,
    9.999999948072E-08));
#2727 = CARTESIAN_POINT('',(1.108095127778,1.329714153333,
    9.999999948072E-08));
#2728 = ADVANCED_FACE('',(#2729),#2757,.F.);
#2729 = FACE_BOUND('',#2730,.T.);
#2730 = EDGE_LOOP('',(#2731,#2738,#2743,#2744,#2751,#2756));
#2731 = ORIENTED_EDGE('',*,*,#2732,.T.);
#2732 = EDGE_CURVE('',#2705,#2733,#2735,.T.);
#2733 = VERTEX_POINT('',#2734);
#2734 = CARTESIAN_POINT('',(1.108095127778,0.930799907333,0.186160081467
    ));
#2735 = B_SPLINE_CURVE_WITH_KNOTS('',1,(#2736,#2737),.UNSPECIFIED.,.F.,
  .F.,(2,2),(0.,0.398914246),.PIECEWISE_BEZIER_KNOTS.);
#2736 = CARTESIAN_POINT('',(1.108095127778,1.329714153333,0.186160081467
    ));
#2737 = CARTESIAN_POINT('',(1.108095127778,0.930799907333,0.186160081467
    ));
#2738 = ORIENTED_EDGE('',*,*,#2739,.T.);
#2739 = EDGE_CURVE('',#2733,#2277,#2740,.T.);
#2740 = B_SPLINE_CURVE_WITH_KNOTS('',1,(#2741,#2742),.UNSPECIFIED.,.F.,
  .F.,(2,2),(-0.177295220444,0.),.PIECEWISE_BEZIER_KNOTS.);
#2741 = CARTESIAN_POINT('',(1.108095127778,0.930799907333,0.186160081467
    ));
#2742 = CARTESIAN_POINT('',(1.108095127778,0.930799907333,
    8.864861022221E-03));
#2743 = ORIENTED_EDGE('',*,*,#2276,.T.);
#2744 = ORIENTED_EDGE('',*,*,#2745,.F.);
#2745 = EDGE_CURVE('',#2746,#2270,#2748,.T.);
#2746 = VERTEX_POINT('',#2747);
#2747 = CARTESIAN_POINT('',(1.108095127778,0.664857076666,
    9.999999999941E-08));
#2748 = B_SPLINE_CURVE_WITH_KNOTS('',1,(#2749,#2750),.UNSPECIFIED.,.F.,
  .F.,(2,2),(0.,8.864761022221E-03),.PIECEWISE_BEZIER_KNOTS.);
#2749 = CARTESIAN_POINT('',(1.108095127778,0.664857076666,
    9.999999999941E-08));
#2750 = CARTESIAN_POINT('',(1.108095127778,0.664857076666,
    8.864861022221E-03));
#2751 = ORIENTED_EDGE('',*,*,#2752,.F.);
#2752 = EDGE_CURVE('',#2712,#2746,#2753,.T.);
#2753 = B_SPLINE_CURVE_WITH_KNOTS('',1,(#2754,#2755),.UNSPECIFIED.,.F.,
  .F.,(2,2),(-0.664857076667,-0.),.PIECEWISE_BEZIER_KNOTS.);
#2754 = CARTESIAN_POINT('',(1.108095127778,1.329714153333,
    9.999999999941E-08));
#2755 = CARTESIAN_POINT('',(1.108095127778,0.664857076666,
    9.999999999941E-08));
#2756 = ORIENTED_EDGE('',*,*,#2711,.T.);
#2757 = B_SPLINE_SURFACE_WITH_KNOTS('',1,1,(
    (#2758,#2759)
    ,(#2760,#2761
    )),.UNSPECIFIED.,.F.,.F.,.F.,(2,2),(2,2),(8.678601040754,
    8.864761022221),(-0.664857076667,0.),.PIECEWISE_BEZIER_KNOTS.);
#2758 = CARTESIAN_POINT('',(1.108095127778,0.664857076666,
    1.000000003134E-07));
#2759 = CARTESIAN_POINT('',(1.108095127778,1.329714153333,
    1.000000003134E-07));
#2760 = CARTESIAN_POINT('',(1.108095127778,0.664857076666,0.186160081467
    ));
#2761 = CARTESIAN_POINT('',(1.108095127778,1.329714153333,0.186160081467
    ));
#2762 = ADVANCED_FACE('',(#2763),#2779,.T.);
#2763 = FACE_BOUND('',#2764,.T.);
#2764 = EDGE_LOOP('',(#2765,#2766,#2767,#2774));
#2765 = ORIENTED_EDGE('',*,*,#2283,.F.);
#2766 = ORIENTED_EDGE('',*,*,#2739,.F.);
#2767 = ORIENTED_EDGE('',*,*,#2768,.F.);
#2768 = EDGE_CURVE('',#2769,#2733,#2771,.T.);
#2769 = VERTEX_POINT('',#2770);
#2770 = CARTESIAN_POINT('',(1.329714153333,0.709180881778,0.186160081467
    ));
#2771 = B_SPLINE_CURVE_WITH_KNOTS('',1,(#2772,#2773),.UNSPECIFIED.,.F.,
  .F.,(2,2),(5.567397771609E-16,0.313416631621),
  .PIECEWISE_BEZIER_KNOTS.);
#2772 = CARTESIAN_POINT('',(1.329714153333,0.709180881778,0.186160081467
    ));
#2773 = CARTESIAN_POINT('',(1.108095127778,0.930799907333,0.186160081467
    ));
#2774 = ORIENTED_EDGE('',*,*,#2775,.F.);
#2775 = EDGE_CURVE('',#2284,#2769,#2776,.T.);
#2776 = B_SPLINE_CURVE_WITH_KNOTS('',1,(#2777,#2778),.UNSPECIFIED.,.F.,
  .F.,(2,2),(8.687465801776,8.864761022221),.PIECEWISE_BEZIER_KNOTS.);
#2777 = CARTESIAN_POINT('',(1.329714153333,0.709180881778,
    8.864861022221E-03));
#2778 = CARTESIAN_POINT('',(1.329714153333,0.709180881778,0.186160081467
    ));
#2779 = B_SPLINE_SURFACE_WITH_KNOTS('',1,1,(
    (#2780,#2781)
    ,(#2782,#2783
    )),.UNSPECIFIED.,.F.,.F.,.F.,(2,2),(2,2),(-8.864761022221,
    -8.687465801776),(5.495323605393E-16,0.313416631621),
  .PIECEWISE_BEZIER_KNOTS.);
#2780 = CARTESIAN_POINT('',(1.329714153333,0.709180881778,0.186160081467
    ));
#2781 = CARTESIAN_POINT('',(1.108095127778,0.930799907333,0.186160081467
    ));
#2782 = CARTESIAN_POINT('',(1.329714153333,0.709180881778,
    8.864861022221E-03));
#2783 = CARTESIAN_POINT('',(1.108095127778,0.930799907333,
    8.864861022221E-03));
#2784 = ADVANCED_FACE('',(#2785),#2801,.F.);
#2785 = FACE_BOUND('',#2786,.T.);
#2786 = EDGE_LOOP('',(#2787,#2794,#2799,#2800));
#2787 = ORIENTED_EDGE('',*,*,#2788,.F.);
#2788 = EDGE_CURVE('',#2789,#2769,#2791,.T.);
#2789 = VERTEX_POINT('',#2790);
#2790 = CARTESIAN_POINT('',(1.329714153333,-0.709180881778,
    0.186160081467));
#2791 = B_SPLINE_CURVE_WITH_KNOTS('',1,(#2792,#2793),.UNSPECIFIED.,.F.,
  .F.,(2,2),(-1.507009373778,-8.86476102222E-02),
  .PIECEWISE_BEZIER_KNOTS.);
#2792 = CARTESIAN_POINT('',(1.329714153333,-0.709180881778,
    0.186160081467));
#2793 = CARTESIAN_POINT('',(1.329714153333,0.709180881778,0.186160081467
    ));
#2794 = ORIENTED_EDGE('',*,*,#2795,.F.);
#2795 = EDGE_CURVE('',#2291,#2789,#2796,.T.);
#2796 = B_SPLINE_CURVE_WITH_KNOTS('',1,(#2797,#2798),.UNSPECIFIED.,.F.,
  .F.,(2,2),(8.687465801776,8.864761022221),.PIECEWISE_BEZIER_KNOTS.);
#2797 = CARTESIAN_POINT('',(1.329714153333,-0.709180881778,
    8.864861022221E-03));
#2798 = CARTESIAN_POINT('',(1.329714153333,-0.709180881778,
    0.186160081467));
#2799 = ORIENTED_EDGE('',*,*,#2290,.T.);
#2800 = ORIENTED_EDGE('',*,*,#2775,.T.);
#2801 = B_SPLINE_SURFACE_WITH_KNOTS('',1,1,(
    (#2802,#2803)
    ,(#2804,#2805
    )),.UNSPECIFIED.,.F.,.F.,.F.,(2,2),(2,2),(-0.177295220444,0.),(
    -1.507009373778,-8.86476102222E-02),.PIECEWISE_BEZIER_KNOTS.);
#2802 = CARTESIAN_POINT('',(1.329714153333,-0.709180881778,
    8.86486102222E-03));
#2803 = CARTESIAN_POINT('',(1.329714153333,0.709180881778,
    8.86486102222E-03));
#2804 = CARTESIAN_POINT('',(1.329714153333,-0.709180881778,
    0.186160081467));
#2805 = CARTESIAN_POINT('',(1.329714153333,0.709180881778,0.186160081467
    ));
#2806 = ADVANCED_FACE('',(#2807),#2823,.T.);
#2807 = FACE_BOUND('',#2808,.T.);
#2808 = EDGE_LOOP('',(#2809,#2810,#2811,#2818));
#2809 = ORIENTED_EDGE('',*,*,#2297,.F.);
#2810 = ORIENTED_EDGE('',*,*,#2795,.T.);
#2811 = ORIENTED_EDGE('',*,*,#2812,.F.);
#2812 = EDGE_CURVE('',#2813,#2789,#2815,.T.);
#2813 = VERTEX_POINT('',#2814);
#2814 = CARTESIAN_POINT('',(1.108095127778,-0.930799907333,
    0.186160081467));
#2815 = B_SPLINE_CURVE_WITH_KNOTS('',1,(#2816,#2817),.UNSPECIFIED.,.F.,
  .F.,(2,2),(0.,0.313416631621),.PIECEWISE_BEZIER_KNOTS.);
#2816 = CARTESIAN_POINT('',(1.108095127778,-0.930799907333,
    0.186160081467));
#2817 = CARTESIAN_POINT('',(1.329714153333,-0.709180881778,
    0.186160081467));
#2818 = ORIENTED_EDGE('',*,*,#2819,.F.);
#2819 = EDGE_CURVE('',#2221,#2813,#2820,.T.);
#2820 = B_SPLINE_CURVE_WITH_KNOTS('',1,(#2821,#2822),.UNSPECIFIED.,.F.,
  .F.,(2,2),(-0.177295220444,0.),.PIECEWISE_BEZIER_KNOTS.);
#2821 = CARTESIAN_POINT('',(1.108095127778,-0.930799907333,
    8.864861022221E-03));
#2822 = CARTESIAN_POINT('',(1.108095127778,-0.930799907333,
    0.186160081467));
#2823 = B_SPLINE_SURFACE_WITH_KNOTS('',1,1,(
    (#2824,#2825)
    ,(#2826,#2827
    )),.UNSPECIFIED.,.F.,.F.,.F.,(2,2),(2,2),(-8.864761022221,
    -8.687465801776),(-2.775557561563E-17,0.313416631621),
  .PIECEWISE_BEZIER_KNOTS.);
#2824 = CARTESIAN_POINT('',(1.108095127778,-0.930799907333,
    0.186160081467));
#2825 = CARTESIAN_POINT('',(1.329714153333,-0.709180881778,
    0.186160081467));
#2826 = CARTESIAN_POINT('',(1.108095127778,-0.930799907333,
    8.864861022221E-03));
#2827 = CARTESIAN_POINT('',(1.329714153333,-0.709180881778,
    8.864861022221E-03));
#2828 = ADVANCED_FACE('',(#2829),#2859,.F.);
#2829 = FACE_BOUND('',#2830,.T.);
#2830 = EDGE_LOOP('',(#2831,#2840,#2847,#2852,#2853,#2854));
#2831 = ORIENTED_EDGE('',*,*,#2832,.F.);
#2832 = EDGE_CURVE('',#2833,#2835,#2837,.T.);
#2833 = VERTEX_POINT('',#2834);
#2834 = CARTESIAN_POINT('',(1.108095127778,-1.329714153333,
    9.999999999941E-08));
#2835 = VERTEX_POINT('',#2836);
#2836 = CARTESIAN_POINT('',(1.108095127778,-1.329714153333,
    0.186160081467));
#2837 = B_SPLINE_CURVE_WITH_KNOTS('',1,(#2838,#2839),.UNSPECIFIED.,.F.,
  .F.,(2,2),(8.678601040754,8.864761022221),.PIECEWISE_BEZIER_KNOTS.);
#2838 = CARTESIAN_POINT('',(1.108095127778,-1.329714153333,
    1.000000003134E-07));
#2839 = CARTESIAN_POINT('',(1.108095127778,-1.329714153333,
    0.186160081467));
#2840 = ORIENTED_EDGE('',*,*,#2841,.F.);
#2841 = EDGE_CURVE('',#2842,#2833,#2844,.T.);
#2842 = VERTEX_POINT('',#2843);
#2843 = CARTESIAN_POINT('',(1.108095127778,-0.664857076667,
    9.999999999941E-08));
#2844 = B_SPLINE_CURVE_WITH_KNOTS('',1,(#2845,#2846),.UNSPECIFIED.,.F.,
  .F.,(2,2),(-0.664857076667,-0.),.PIECEWISE_BEZIER_KNOTS.);
#2845 = CARTESIAN_POINT('',(1.108095127778,-0.664857076667,
    9.999999999941E-08));
#2846 = CARTESIAN_POINT('',(1.108095127778,-1.329714153333,
    9.999999999941E-08));
#2847 = ORIENTED_EDGE('',*,*,#2848,.T.);
#2848 = EDGE_CURVE('',#2842,#2219,#2849,.T.);
#2849 = B_SPLINE_CURVE_WITH_KNOTS('',1,(#2850,#2851),.UNSPECIFIED.,.F.,
  .F.,(2,2),(0.,8.864761022221E-03),.PIECEWISE_BEZIER_KNOTS.);
#2850 = CARTESIAN_POINT('',(1.108095127778,-0.664857076667,
    9.999999999941E-08));
#2851 = CARTESIAN_POINT('',(1.108095127778,-0.664857076667,
    8.864861022221E-03));
#2852 = ORIENTED_EDGE('',*,*,#2218,.T.);
#2853 = ORIENTED_EDGE('',*,*,#2819,.T.);
#2854 = ORIENTED_EDGE('',*,*,#2855,.T.);
#2855 = EDGE_CURVE('',#2813,#2835,#2856,.T.);
#2856 = B_SPLINE_CURVE_WITH_KNOTS('',1,(#2857,#2858),.UNSPECIFIED.,.F.,
  .F.,(2,2),(-0.398914246,-0.),.PIECEWISE_BEZIER_KNOTS.);
#2857 = CARTESIAN_POINT('',(1.108095127778,-0.930799907333,
    0.186160081467));
#2858 = CARTESIAN_POINT('',(1.108095127778,-1.329714153333,
    0.186160081467));
#2859 = B_SPLINE_SURFACE_WITH_KNOTS('',1,1,(
    (#2860,#2861)
    ,(#2862,#2863
    )),.UNSPECIFIED.,.F.,.F.,.F.,(2,2),(2,2),(8.678601040754,
    8.864761022221),(0.,0.664857076667),.PIECEWISE_BEZIER_KNOTS.);
#2860 = CARTESIAN_POINT('',(1.108095127778,-1.329714153333,
    1.000000003134E-07));
#2861 = CARTESIAN_POINT('',(1.108095127778,-0.664857076667,
    1.000000003134E-07));
#2862 = CARTESIAN_POINT('',(1.108095127778,-1.329714153333,
    0.186160081467));
#2863 = CARTESIAN_POINT('',(1.108095127778,-0.664857076667,
    0.186160081467));
#2864 = ADVANCED_FACE('',(#2865),#2887,.F.);
#2865 = FACE_BOUND('',#2866,.T.);
#2866 = EDGE_LOOP('',(#2867,#2874,#2881,#2886));
#2867 = ORIENTED_EDGE('',*,*,#2868,.F.);
#2868 = EDGE_CURVE('',#2869,#2835,#2871,.T.);
#2869 = VERTEX_POINT('',#2870);
#2870 = CARTESIAN_POINT('',(-1.108095127778,-1.329714153333,
    0.186160081467));
#2871 = B_SPLINE_CURVE_WITH_KNOTS('',1,(#2872,#2873),.UNSPECIFIED.,.F.,
  .F.,(2,2),(0.221619025556,2.437809281111),.PIECEWISE_BEZIER_KNOTS.);
#2872 = CARTESIAN_POINT('',(-1.108095127778,-1.329714153333,
    0.186160081467));
#2873 = CARTESIAN_POINT('',(1.108095127778,-1.329714153333,
    0.186160081467));
#2874 = ORIENTED_EDGE('',*,*,#2875,.F.);
#2875 = EDGE_CURVE('',#2876,#2869,#2878,.T.);
#2876 = VERTEX_POINT('',#2877);
#2877 = CARTESIAN_POINT('',(-1.108095127778,-1.329714153333,
    9.999999999941E-08));
#2878 = B_SPLINE_CURVE_WITH_KNOTS('',1,(#2879,#2880),.UNSPECIFIED.,.F.,
  .F.,(2,2),(8.678601040754,8.864761022221),.PIECEWISE_BEZIER_KNOTS.);
#2879 = CARTESIAN_POINT('',(-1.108095127778,-1.329714153333,
    1.000000003134E-07));
#2880 = CARTESIAN_POINT('',(-1.108095127778,-1.329714153333,
    0.186160081467));
#2881 = ORIENTED_EDGE('',*,*,#2882,.F.);
#2882 = EDGE_CURVE('',#2833,#2876,#2883,.T.);
#2883 = B_SPLINE_CURVE_WITH_KNOTS('',1,(#2884,#2885),.UNSPECIFIED.,.F.,
  .F.,(2,2),(0.,2.216190255555),.PIECEWISE_BEZIER_KNOTS.);
#2884 = CARTESIAN_POINT('',(1.108095127778,-1.329714153333,
    9.999999999941E-08));
#2885 = CARTESIAN_POINT('',(-1.108095127778,-1.329714153333,
    9.999999999941E-08));
#2886 = ORIENTED_EDGE('',*,*,#2832,.T.);
#2887 = B_SPLINE_SURFACE_WITH_KNOTS('',1,1,(
    (#2888,#2889)
    ,(#2890,#2891
    )),.UNSPECIFIED.,.F.,.F.,.F.,(2,2),(2,2),(-0.186159981467,0.),(
    0.221619025556,2.437809281111),.PIECEWISE_BEZIER_KNOTS.);
#2888 = CARTESIAN_POINT('',(-1.108095127778,-1.329714153333,
    9.999999948072E-08));
#2889 = CARTESIAN_POINT('',(1.108095127778,-1.329714153333,
    9.999999948072E-08));
#2890 = CARTESIAN_POINT('',(-1.108095127778,-1.329714153333,
    0.186160081467));
#2891 = CARTESIAN_POINT('',(1.108095127778,-1.329714153333,
    0.186160081467));
#2892 = ADVANCED_FACE('',(#2893),#2921,.F.);
#2893 = FACE_BOUND('',#2894,.T.);
#2894 = EDGE_LOOP('',(#2895,#2902,#2907,#2908,#2915,#2920));
#2895 = ORIENTED_EDGE('',*,*,#2896,.T.);
#2896 = EDGE_CURVE('',#2869,#2897,#2899,.T.);
#2897 = VERTEX_POINT('',#2898);
#2898 = CARTESIAN_POINT('',(-1.108095127778,-0.930799907333,
    0.186160081467));
#2899 = B_SPLINE_CURVE_WITH_KNOTS('',1,(#2900,#2901),.UNSPECIFIED.,.F.,
  .F.,(2,2),(0.,0.398914246),.PIECEWISE_BEZIER_KNOTS.);
#2900 = CARTESIAN_POINT('',(-1.108095127778,-1.329714153333,
    0.186160081467));
#2901 = CARTESIAN_POINT('',(-1.108095127778,-0.930799907333,
    0.186160081467));
#2902 = ORIENTED_EDGE('',*,*,#2903,.T.);
#2903 = EDGE_CURVE('',#2897,#2235,#2904,.T.);
#2904 = B_SPLINE_CURVE_WITH_KNOTS('',1,(#2905,#2906),.UNSPECIFIED.,.F.,
  .F.,(2,2),(-0.177295220444,0.),.PIECEWISE_BEZIER_KNOTS.);
#2905 = CARTESIAN_POINT('',(-1.108095127778,-0.930799907333,
    0.186160081467));
#2906 = CARTESIAN_POINT('',(-1.108095127778,-0.930799907333,
    8.864861022221E-03));
#2907 = ORIENTED_EDGE('',*,*,#2234,.T.);
#2908 = ORIENTED_EDGE('',*,*,#2909,.F.);
#2909 = EDGE_CURVE('',#2910,#2228,#2912,.T.);
#2910 = VERTEX_POINT('',#2911);
#2911 = CARTESIAN_POINT('',(-1.108095127778,-0.664857076667,
    9.999999999941E-08));
#2912 = B_SPLINE_CURVE_WITH_KNOTS('',1,(#2913,#2914),.UNSPECIFIED.,.F.,
  .F.,(2,2),(0.,8.864761022221E-03),.PIECEWISE_BEZIER_KNOTS.);
#2913 = CARTESIAN_POINT('',(-1.108095127778,-0.664857076667,
    9.999999999941E-08));
#2914 = CARTESIAN_POINT('',(-1.108095127778,-0.664857076667,
    8.864861022221E-03));
#2915 = ORIENTED_EDGE('',*,*,#2916,.F.);
#2916 = EDGE_CURVE('',#2876,#2910,#2917,.T.);
#2917 = B_SPLINE_CURVE_WITH_KNOTS('',1,(#2918,#2919),.UNSPECIFIED.,.F.,
  .F.,(2,2),(0.,0.664857076667),.PIECEWISE_BEZIER_KNOTS.);
#2918 = CARTESIAN_POINT('',(-1.108095127778,-1.329714153333,
    9.999999999941E-08));
#2919 = CARTESIAN_POINT('',(-1.108095127778,-0.664857076667,
    9.999999999941E-08));
#2920 = ORIENTED_EDGE('',*,*,#2875,.T.);
#2921 = B_SPLINE_SURFACE_WITH_KNOTS('',1,1,(
    (#2922,#2923)
    ,(#2924,#2925
    )),.UNSPECIFIED.,.F.,.F.,.F.,(2,2),(2,2),(-8.864761022221,
    -8.678601040754),(-2.22044604925E-16,0.664857076667),
  .PIECEWISE_BEZIER_KNOTS.);
#2922 = CARTESIAN_POINT('',(-1.108095127778,-1.329714153333,
    0.186160081467));
#2923 = CARTESIAN_POINT('',(-1.108095127778,-0.664857076667,
    0.186160081467));
#2924 = CARTESIAN_POINT('',(-1.108095127778,-1.329714153333,
    1.000000003134E-07));
#2925 = CARTESIAN_POINT('',(-1.108095127778,-0.664857076667,
    1.000000003134E-07));
#2926 = ADVANCED_FACE('',(#2927),#2943,.T.);
#2927 = FACE_BOUND('',#2928,.T.);
#2928 = EDGE_LOOP('',(#2929,#2930,#2931,#2938));
#2929 = ORIENTED_EDGE('',*,*,#2241,.F.);
#2930 = ORIENTED_EDGE('',*,*,#2903,.F.);
#2931 = ORIENTED_EDGE('',*,*,#2932,.F.);
#2932 = EDGE_CURVE('',#2933,#2897,#2935,.T.);
#2933 = VERTEX_POINT('',#2934);
#2934 = CARTESIAN_POINT('',(-1.329714153333,-0.709180881778,
    0.186160081467));
#2935 = B_SPLINE_CURVE_WITH_KNOTS('',1,(#2936,#2937),.UNSPECIFIED.,.F.,
  .F.,(2,2),(1.113479554322E-15,0.313416631621),
  .PIECEWISE_BEZIER_KNOTS.);
#2936 = CARTESIAN_POINT('',(-1.329714153333,-0.709180881778,
    0.186160081467));
#2937 = CARTESIAN_POINT('',(-1.108095127778,-0.930799907333,
    0.186160081467));
#2938 = ORIENTED_EDGE('',*,*,#2939,.F.);
#2939 = EDGE_CURVE('',#2242,#2933,#2940,.T.);
#2940 = B_SPLINE_CURVE_WITH_KNOTS('',1,(#2941,#2942),.UNSPECIFIED.,.F.,
  .F.,(2,2),(8.687465801776,8.864761022221),.PIECEWISE_BEZIER_KNOTS.);
#2941 = CARTESIAN_POINT('',(-1.329714153333,-0.709180881778,
    8.864861022221E-03));
#2942 = CARTESIAN_POINT('',(-1.329714153333,-0.709180881778,
    0.186160081467));
#2943 = B_SPLINE_SURFACE_WITH_KNOTS('',1,1,(
    (#2944,#2945)
    ,(#2946,#2947
    )),.UNSPECIFIED.,.F.,.F.,.F.,(2,2),(2,2),(-8.864761022221,
    -8.687465801776),(9.992007221626E-16,0.313416631621),
  .PIECEWISE_BEZIER_KNOTS.);
#2944 = CARTESIAN_POINT('',(-1.329714153333,-0.709180881778,
    0.186160081467));
#2945 = CARTESIAN_POINT('',(-1.108095127778,-0.930799907333,
    0.186160081467));
#2946 = CARTESIAN_POINT('',(-1.329714153333,-0.709180881778,
    8.864861022221E-03));
#2947 = CARTESIAN_POINT('',(-1.108095127778,-0.930799907333,
    8.864861022221E-03));
#2948 = ADVANCED_FACE('',(#2949),#2959,.F.);
#2949 = FACE_BOUND('',#2950,.T.);
#2950 = EDGE_LOOP('',(#2951,#2952,#2953,#2958));
#2951 = ORIENTED_EDGE('',*,*,#2248,.T.);
#2952 = ORIENTED_EDGE('',*,*,#2939,.T.);
#2953 = ORIENTED_EDGE('',*,*,#2954,.F.);
#2954 = EDGE_CURVE('',#2642,#2933,#2955,.T.);
#2955 = B_SPLINE_CURVE_WITH_KNOTS('',1,(#2956,#2957),.UNSPECIFIED.,.F.,
  .F.,(2,2),(8.86476102222E-02,1.507009373778),
  .PIECEWISE_BEZIER_KNOTS.);
#2956 = CARTESIAN_POINT('',(-1.329714153333,0.709180881778,
    0.186160081467));
#2957 = CARTESIAN_POINT('',(-1.329714153333,-0.709180881778,
    0.186160081467));
#2958 = ORIENTED_EDGE('',*,*,#2641,.F.);
#2959 = B_SPLINE_SURFACE_WITH_KNOTS('',1,1,(
    (#2960,#2961)
    ,(#2962,#2963
    )),.UNSPECIFIED.,.F.,.F.,.F.,(2,2),(2,2),(0.,0.177295220444),(
    -1.507009373778,-8.86476102222E-02),.PIECEWISE_BEZIER_KNOTS.);
#2960 = CARTESIAN_POINT('',(-1.329714153333,-0.709180881778,
    0.186160081467));
#2961 = CARTESIAN_POINT('',(-1.329714153333,0.709180881778,
    0.186160081467));
#2962 = CARTESIAN_POINT('',(-1.329714153333,-0.709180881778,
    8.86486102222E-03));
#2963 = CARTESIAN_POINT('',(-1.329714153333,0.709180881778,
    8.86486102222E-03));
#2964 = ADVANCED_FACE('',(#2965,#2984),#2998,.T.);
#2965 = FACE_BOUND('',#2966,.T.);
#2966 = EDGE_LOOP('',(#2967,#2977,#2978));
#2967 = ORIENTED_EDGE('',*,*,#2968,.T.);
#2968 = EDGE_CURVE('',#2969,#149,#2971,.T.);
#2969 = VERTEX_POINT('',#2970);
#2970 = CARTESIAN_POINT('',(1.264224810447,-8.982723241738E-14,
    0.186160081467));
#2971 = ( BOUNDED_CURVE() B_SPLINE_CURVE(2,(#2972,#2973,#2974,#2975,
#2976),.UNSPECIFIED.,.F.,.F.) B_SPLINE_CURVE_WITH_KNOTS((3,2,3),(0.,
1.570796326795,3.14159265359),.PIECEWISE_BEZIER_KNOTS.) CURVE() 
GEOMETRIC_REPRESENTATION_ITEM() RATIONAL_B_SPLINE_CURVE((1.,
0.707106781187,1.,0.707106781187,1.)) REPRESENTATION_ITEM('') );
#2972 = CARTESIAN_POINT('',(1.264224810447,-8.959499808725E-14,
    0.186160081467));
#2973 = CARTESIAN_POINT('',(1.264224810447,-1.264224810447,
    0.186160081467));
#2974 = CARTESIAN_POINT('',(7.741144337583E-17,-1.264224810447,
    0.186160081467));
#2975 = CARTESIAN_POINT('',(-1.264224810447,-1.264224810447,
    0.186160081467));
#2976 = CARTESIAN_POINT('',(-1.264224810447,-8.9749820974E-14,
    0.186160081467));
#2977 = ORIENTED_EDGE('',*,*,#156,.T.);
#2978 = ORIENTED_EDGE('',*,*,#2979,.T.);
#2979 = EDGE_CURVE('',#140,#2969,#2980,.T.);
#2980 = ( BOUNDED_CURVE() B_SPLINE_CURVE(2,(#2981,#2982,#2983),
.UNSPECIFIED.,.F.,.F.) B_SPLINE_CURVE_WITH_KNOTS((3,3),(4.712388980385,
6.28318530718),.PIECEWISE_BEZIER_KNOTS.) CURVE() 
GEOMETRIC_REPRESENTATION_ITEM() RATIONAL_B_SPLINE_CURVE((1.,
0.707106781187,1.)) REPRESENTATION_ITEM('') );
#2981 = CARTESIAN_POINT('',(-2.322343301275E-16,1.264224810447,
    0.186160081467));
#2982 = CARTESIAN_POINT('',(1.264224810447,1.264224810447,0.186160081467
    ));
#2983 = CARTESIAN_POINT('',(1.264224810447,-8.928535231375E-14,
    0.186160081467));
#2984 = FACE_BOUND('',#2985,.T.);
#2985 = EDGE_LOOP('',(#2986,#2987,#2988,#2989,#2990,#2991,#2992,#2993,
    #2994,#2995,#2996,#2997));
#2986 = ORIENTED_EDGE('',*,*,#2954,.T.);
#2987 = ORIENTED_EDGE('',*,*,#2932,.T.);
#2988 = ORIENTED_EDGE('',*,*,#2896,.F.);
#2989 = ORIENTED_EDGE('',*,*,#2868,.T.);
#2990 = ORIENTED_EDGE('',*,*,#2855,.F.);
#2991 = ORIENTED_EDGE('',*,*,#2812,.T.);
#2992 = ORIENTED_EDGE('',*,*,#2788,.T.);
#2993 = ORIENTED_EDGE('',*,*,#2768,.T.);
#2994 = ORIENTED_EDGE('',*,*,#2732,.F.);
#2995 = ORIENTED_EDGE('',*,*,#2704,.T.);
#2996 = ORIENTED_EDGE('',*,*,#2691,.F.);
#2997 = ORIENTED_EDGE('',*,*,#2648,.T.);
#2998 = B_SPLINE_SURFACE_WITH_KNOTS('',1,1,(
    (#2999,#3000)
    ,(#3001,#3002
    )),.UNSPECIFIED.,.F.,.F.,.F.,(2,2),(2,2),(-1.329714153333,
    1.329714153333),(-1.329714153333,1.329714153333),
  .PIECEWISE_BEZIER_KNOTS.);
#2999 = CARTESIAN_POINT('',(-1.329714153333,-1.329714153333,
    0.186160081467));
#3000 = CARTESIAN_POINT('',(-1.329714153333,1.329714153333,
    0.186160081467));
#3001 = CARTESIAN_POINT('',(1.329714153333,-1.329714153333,
    0.186160081467));
#3002 = CARTESIAN_POINT('',(1.329714153333,1.329714153333,0.186160081467
    ));
#3003 = ADVANCED_FACE('',(#3004),#3026,.T.);
#3004 = FACE_BOUND('',#3005,.T.);
#3005 = EDGE_LOOP('',(#3006,#3007,#3014,#3021));
#3006 = ORIENTED_EDGE('',*,*,#2030,.F.);
#3007 = ORIENTED_EDGE('',*,*,#3008,.F.);
#3008 = EDGE_CURVE('',#3009,#2031,#3011,.T.);
#3009 = VERTEX_POINT('',#3010);
#3010 = CARTESIAN_POINT('',(-0.148426544091,4.489171110681E-02,
    9.751337124443E-03));
#3011 = B_SPLINE_CURVE_WITH_KNOTS('',1,(#3012,#3013),.UNSPECIFIED.,.F.,
  .F.,(2,2),(-0.,8.864761022221E-04),.PIECEWISE_BEZIER_KNOTS.);
#3012 = CARTESIAN_POINT('',(-0.148426544091,4.489171110681E-02,
    9.751337124443E-03));
#3013 = CARTESIAN_POINT('',(-0.148426544091,4.489171110681E-02,
    8.864861022221E-03));
#3014 = ORIENTED_EDGE('',*,*,#3015,.T.);
#3015 = EDGE_CURVE('',#3009,#3016,#3018,.T.);
#3016 = VERTEX_POINT('',#3017);
#3017 = CARTESIAN_POINT('',(-0.183020733446,-4.375589911539E-02,
    9.751337124443E-03));
#3018 = B_SPLINE_CURVE_WITH_KNOTS('',1,(#3019,#3020),.UNSPECIFIED.,.F.,
  .F.,(2,2),(0.,9.51585872911E-02),.PIECEWISE_BEZIER_KNOTS.);
#3019 = CARTESIAN_POINT('',(-0.148426544091,4.489171110681E-02,
    9.751337124443E-03));
#3020 = CARTESIAN_POINT('',(-0.183020733446,-4.375589911539E-02,
    9.751337124443E-03));
#3021 = ORIENTED_EDGE('',*,*,#3022,.T.);
#3022 = EDGE_CURVE('',#3016,#2033,#3023,.T.);
#3023 = B_SPLINE_CURVE_WITH_KNOTS('',1,(#3024,#3025),.UNSPECIFIED.,.F.,
  .F.,(2,2),(-0.,8.864761022221E-04),.PIECEWISE_BEZIER_KNOTS.);
#3024 = CARTESIAN_POINT('',(-0.183020733446,-4.375589911539E-02,
    9.751337124443E-03));
#3025 = CARTESIAN_POINT('',(-0.183020733446,-4.375589911539E-02,
    8.864861022221E-03));
#3026 = B_SPLINE_SURFACE_WITH_KNOTS('',1,1,(
    (#3027,#3028)
    ,(#3029,#3030
    )),.UNSPECIFIED.,.F.,.F.,.F.,(2,2),(2,2),(-9.51585872911E-02,0.),(
    -8.864761022221E-04,0.),.PIECEWISE_BEZIER_KNOTS.);
#3027 = CARTESIAN_POINT('',(-0.183020733446,-4.375589911539E-02,
    8.864861022221E-03));
#3028 = CARTESIAN_POINT('',(-0.183020733446,-4.375589911539E-02,
    9.751337124443E-03));
#3029 = CARTESIAN_POINT('',(-0.148426544091,4.489171110681E-02,
    8.864861022221E-03));
#3030 = CARTESIAN_POINT('',(-0.148426544091,4.489171110681E-02,
    9.751337124443E-03));
#3031 = ADVANCED_FACE('',(#3032),#3048,.T.);
#3032 = FACE_BOUND('',#3033,.T.);
#3033 = EDGE_LOOP('',(#3034,#3035,#3036,#3043));
#3034 = ORIENTED_EDGE('',*,*,#2039,.F.);
#3035 = ORIENTED_EDGE('',*,*,#3022,.F.);
#3036 = ORIENTED_EDGE('',*,*,#3037,.T.);
#3037 = EDGE_CURVE('',#3016,#3038,#3040,.T.);
#3038 = VERTEX_POINT('',#3039);
#3039 = CARTESIAN_POINT('',(-0.170047912438,-4.375589911539E-02,
    9.751337124443E-03));
#3040 = B_SPLINE_CURVE_WITH_KNOTS('',1,(#3041,#3042),.UNSPECIFIED.,.F.,
  .F.,(2,2),(0.,1.297282100813E-02),.PIECEWISE_BEZIER_KNOTS.);
#3041 = CARTESIAN_POINT('',(-0.183020733446,-4.375589911539E-02,
    9.751337124443E-03));
#3042 = CARTESIAN_POINT('',(-0.170047912438,-4.375589911539E-02,
    9.751337124443E-03));
#3043 = ORIENTED_EDGE('',*,*,#3044,.T.);
#3044 = EDGE_CURVE('',#3038,#2040,#3045,.T.);
#3045 = B_SPLINE_CURVE_WITH_KNOTS('',1,(#3046,#3047),.UNSPECIFIED.,.F.,
  .F.,(2,2),(-0.,8.864761022221E-04),.PIECEWISE_BEZIER_KNOTS.);
#3046 = CARTESIAN_POINT('',(-0.170047912438,-4.375589911539E-02,
    9.751337124443E-03));
#3047 = CARTESIAN_POINT('',(-0.170047912438,-4.375589911539E-02,
    8.864861022221E-03));
#3048 = B_SPLINE_SURFACE_WITH_KNOTS('',1,1,(
    (#3049,#3050)
    ,(#3051,#3052
    )),.UNSPECIFIED.,.F.,.F.,.F.,(2,2),(2,2),(-8.864761022221E-04,0.),(
    0.,1.297282100813E-02),.PIECEWISE_BEZIER_KNOTS.);
#3049 = CARTESIAN_POINT('',(-0.183020733446,-4.375589911539E-02,
    8.864861022221E-03));
#3050 = CARTESIAN_POINT('',(-0.170047912438,-4.375589911539E-02,
    8.864861022221E-03));
#3051 = CARTESIAN_POINT('',(-0.183020733446,-4.375589911539E-02,
    9.751337124443E-03));
#3052 = CARTESIAN_POINT('',(-0.170047912438,-4.375589911539E-02,
    9.751337124443E-03));
#3053 = ADVANCED_FACE('',(#3054),#3070,.T.);
#3054 = FACE_BOUND('',#3055,.T.);
#3055 = EDGE_LOOP('',(#3056,#3057,#3058,#3065));
#3056 = ORIENTED_EDGE('',*,*,#2046,.F.);
#3057 = ORIENTED_EDGE('',*,*,#3044,.F.);
#3058 = ORIENTED_EDGE('',*,*,#3059,.T.);
#3059 = EDGE_CURVE('',#3038,#3060,#3062,.T.);
#3060 = VERTEX_POINT('',#3061);
#3061 = CARTESIAN_POINT('',(-0.161078422913,-1.889132551648E-02,
    9.751337124443E-03));
#3062 = B_SPLINE_CURVE_WITH_KNOTS('',1,(#3063,#3064),.UNSPECIFIED.,.F.,
  .F.,(2,2),(0.,2.64329105964E-02),.PIECEWISE_BEZIER_KNOTS.);
#3063 = CARTESIAN_POINT('',(-0.170047912438,-4.375589911539E-02,
    9.751337124443E-03));
#3064 = CARTESIAN_POINT('',(-0.161078422913,-1.889132551648E-02,
    9.751337124443E-03));
#3065 = ORIENTED_EDGE('',*,*,#3066,.T.);
#3066 = EDGE_CURVE('',#3060,#2047,#3067,.T.);
#3067 = B_SPLINE_CURVE_WITH_KNOTS('',1,(#3068,#3069),.UNSPECIFIED.,.F.,
  .F.,(2,2),(-0.,8.864761022221E-04),.PIECEWISE_BEZIER_KNOTS.);
#3068 = CARTESIAN_POINT('',(-0.161078422913,-1.889132551648E-02,
    9.751337124443E-03));
#3069 = CARTESIAN_POINT('',(-0.161078422913,-1.889132551648E-02,
    8.864861022221E-03));
#3070 = B_SPLINE_SURFACE_WITH_KNOTS('',1,1,(
    (#3071,#3072)
    ,(#3073,#3074
    )),.UNSPECIFIED.,.F.,.F.,.F.,(2,2),(2,2),(-2.64329105964E-02,0.),(
    -8.864761022221E-04,0.),.PIECEWISE_BEZIER_KNOTS.);
#3071 = CARTESIAN_POINT('',(-0.161078422913,-1.889132551648E-02,
    8.864861022221E-03));
#3072 = CARTESIAN_POINT('',(-0.161078422913,-1.889132551648E-02,
    9.751337124443E-03));
#3073 = CARTESIAN_POINT('',(-0.170047912438,-4.375589911539E-02,
    8.864861022221E-03));
#3074 = CARTESIAN_POINT('',(-0.170047912438,-4.375589911539E-02,
    9.751337124443E-03));
#3075 = ADVANCED_FACE('',(#3076),#3092,.T.);
#3076 = FACE_BOUND('',#3077,.T.);
#3077 = EDGE_LOOP('',(#3078,#3079,#3080,#3087));
#3078 = ORIENTED_EDGE('',*,*,#2053,.F.);
#3079 = ORIENTED_EDGE('',*,*,#3066,.F.);
#3080 = ORIENTED_EDGE('',*,*,#3081,.T.);
#3081 = EDGE_CURVE('',#3060,#3082,#3084,.T.);
#3082 = VERTEX_POINT('',#3083);
#3083 = CARTESIAN_POINT('',(-0.124457230275,-1.889132551648E-02,
    9.751337124443E-03));
#3084 = B_SPLINE_CURVE_WITH_KNOTS('',1,(#3085,#3086),.UNSPECIFIED.,.F.,
  .F.,(2,2),(0.,3.662119263753E-02),.PIECEWISE_BEZIER_KNOTS.);
#3085 = CARTESIAN_POINT('',(-0.161078422913,-1.889132551648E-02,
    9.751337124443E-03));
#3086 = CARTESIAN_POINT('',(-0.124457230275,-1.889132551648E-02,
    9.751337124443E-03));
#3087 = ORIENTED_EDGE('',*,*,#3088,.T.);
#3088 = EDGE_CURVE('',#3082,#2054,#3089,.T.);
#3089 = B_SPLINE_CURVE_WITH_KNOTS('',1,(#3090,#3091),.UNSPECIFIED.,.F.,
  .F.,(2,2),(-0.,8.864761022221E-04),.PIECEWISE_BEZIER_KNOTS.);
#3090 = CARTESIAN_POINT('',(-0.124457230275,-1.889132551648E-02,
    9.751337124443E-03));
#3091 = CARTESIAN_POINT('',(-0.124457230275,-1.889132551648E-02,
    8.864861022221E-03));
#3092 = B_SPLINE_SURFACE_WITH_KNOTS('',1,1,(
    (#3093,#3094)
    ,(#3095,#3096
    )),.UNSPECIFIED.,.F.,.F.,.F.,(2,2),(2,2),(-8.864761022221E-04,0.),(
    0.,3.662119263753E-02),.PIECEWISE_BEZIER_KNOTS.);
#3093 = CARTESIAN_POINT('',(-0.161078422913,-1.889132551648E-02,
    8.864861022221E-03));
#3094 = CARTESIAN_POINT('',(-0.124457230275,-1.889132551648E-02,
    8.864861022221E-03));
#3095 = CARTESIAN_POINT('',(-0.161078422913,-1.889132551648E-02,
    9.751337124443E-03));
#3096 = CARTESIAN_POINT('',(-0.124457230275,-1.889132551648E-02,
    9.751337124443E-03));
#3097 = ADVANCED_FACE('',(#3098),#3114,.T.);
#3098 = FACE_BOUND('',#3099,.T.);
#3099 = EDGE_LOOP('',(#3100,#3101,#3102,#3109));
#3100 = ORIENTED_EDGE('',*,*,#2060,.F.);
#3101 = ORIENTED_EDGE('',*,*,#3088,.F.);
#3102 = ORIENTED_EDGE('',*,*,#3103,.T.);
#3103 = EDGE_CURVE('',#3082,#3104,#3106,.T.);
#3104 = VERTEX_POINT('',#3105);
#3105 = CARTESIAN_POINT('',(-0.11599449157,-4.375589911539E-02,
    9.751337124443E-03));
#3106 = B_SPLINE_CURVE_WITH_KNOTS('',1,(#3107,#3108),.UNSPECIFIED.,.F.,
  .F.,(2,2),(0.,2.626528063122E-02),.PIECEWISE_BEZIER_KNOTS.);
#3107 = CARTESIAN_POINT('',(-0.124457230275,-1.889132551648E-02,
    9.751337124443E-03));
#3108 = CARTESIAN_POINT('',(-0.11599449157,-4.375589911539E-02,
    9.751337124443E-03));
#3109 = ORIENTED_EDGE('',*,*,#3110,.T.);
#3110 = EDGE_CURVE('',#3104,#2061,#3111,.T.);
#3111 = B_SPLINE_CURVE_WITH_KNOTS('',1,(#3112,#3113),.UNSPECIFIED.,.F.,
  .F.,(2,2),(-0.,8.864761022221E-04),.PIECEWISE_BEZIER_KNOTS.);
#3112 = CARTESIAN_POINT('',(-0.11599449157,-4.375589911539E-02,
    9.751337124443E-03));
#3113 = CARTESIAN_POINT('',(-0.11599449157,-4.375589911539E-02,
    8.864861022221E-03));
#3114 = B_SPLINE_SURFACE_WITH_KNOTS('',1,1,(
    (#3115,#3116)
    ,(#3117,#3118
    )),.UNSPECIFIED.,.F.,.F.,.F.,(2,2),(2,2),(-2.626528063122E-02,0.),(
    -8.864761022221E-04,0.),.PIECEWISE_BEZIER_KNOTS.);
#3115 = CARTESIAN_POINT('',(-0.11599449157,-4.375589911539E-02,
    8.864861022221E-03));
#3116 = CARTESIAN_POINT('',(-0.11599449157,-4.375589911539E-02,
    9.751337124443E-03));
#3117 = CARTESIAN_POINT('',(-0.124457230275,-1.889132551648E-02,
    8.864861022221E-03));
#3118 = CARTESIAN_POINT('',(-0.124457230275,-1.889132551648E-02,
    9.751337124443E-03));
#3119 = ADVANCED_FACE('',(#3120),#3136,.T.);
#3120 = FACE_BOUND('',#3121,.T.);
#3121 = EDGE_LOOP('',(#3122,#3123,#3124,#3131));
#3122 = ORIENTED_EDGE('',*,*,#2067,.F.);
#3123 = ORIENTED_EDGE('',*,*,#3110,.F.);
#3124 = ORIENTED_EDGE('',*,*,#3125,.T.);
#3125 = EDGE_CURVE('',#3104,#3126,#3128,.T.);
#3126 = VERTEX_POINT('',#3127);
#3127 = CARTESIAN_POINT('',(-0.103021670562,-4.375589911539E-02,
    9.751337124443E-03));
#3128 = B_SPLINE_CURVE_WITH_KNOTS('',1,(#3129,#3130),.UNSPECIFIED.,.F.,
  .F.,(2,2),(0.,1.297282100813E-02),.PIECEWISE_BEZIER_KNOTS.);
#3129 = CARTESIAN_POINT('',(-0.11599449157,-4.375589911539E-02,
    9.751337124443E-03));
#3130 = CARTESIAN_POINT('',(-0.103021670562,-4.375589911539E-02,
    9.751337124443E-03));
#3131 = ORIENTED_EDGE('',*,*,#3132,.T.);
#3132 = EDGE_CURVE('',#3126,#2068,#3133,.T.);
#3133 = B_SPLINE_CURVE_WITH_KNOTS('',1,(#3134,#3135),.UNSPECIFIED.,.F.,
  .F.,(2,2),(-0.,8.864761022221E-04),.PIECEWISE_BEZIER_KNOTS.);
#3134 = CARTESIAN_POINT('',(-0.103021670562,-4.375589911539E-02,
    9.751337124443E-03));
#3135 = CARTESIAN_POINT('',(-0.103021670562,-4.375589911539E-02,
    8.864861022221E-03));
#3136 = B_SPLINE_SURFACE_WITH_KNOTS('',1,1,(
    (#3137,#3138)
    ,(#3139,#3140
    )),.UNSPECIFIED.,.F.,.F.,.F.,(2,2),(2,2),(-8.864761022221E-04,0.),(
    0.,1.297282100813E-02),.PIECEWISE_BEZIER_KNOTS.);
#3137 = CARTESIAN_POINT('',(-0.11599449157,-4.375589911539E-02,
    8.864861022221E-03));
#3138 = CARTESIAN_POINT('',(-0.103021670562,-4.375589911539E-02,
    8.864861022221E-03));
#3139 = CARTESIAN_POINT('',(-0.11599449157,-4.375589911539E-02,
    9.751337124443E-03));
#3140 = CARTESIAN_POINT('',(-0.103021670562,-4.375589911539E-02,
    9.751337124443E-03));
#3141 = ADVANCED_FACE('',(#3142),#3158,.T.);
#3142 = FACE_BOUND('',#3143,.T.);
#3143 = EDGE_LOOP('',(#3144,#3145,#3146,#3153));
#3144 = ORIENTED_EDGE('',*,*,#2074,.F.);
#3145 = ORIENTED_EDGE('',*,*,#3132,.F.);
#3146 = ORIENTED_EDGE('',*,*,#3147,.T.);
#3147 = EDGE_CURVE('',#3126,#3148,#3150,.T.);
#3148 = VERTEX_POINT('',#3149);
#3149 = CARTESIAN_POINT('',(-0.1365347915,4.489171110681E-02,
    9.751337124443E-03));
#3150 = B_SPLINE_CURVE_WITH_KNOTS('',1,(#3151,#3152),.UNSPECIFIED.,.F.,
  .F.,(2,2),(0.,9.477092419667E-02),.PIECEWISE_BEZIER_KNOTS.);
#3151 = CARTESIAN_POINT('',(-0.103021670562,-4.375589911539E-02,
    9.751337124443E-03));
#3152 = CARTESIAN_POINT('',(-0.1365347915,4.489171110681E-02,
    9.751337124443E-03));
#3153 = ORIENTED_EDGE('',*,*,#3154,.T.);
#3154 = EDGE_CURVE('',#3148,#2075,#3155,.T.);
#3155 = B_SPLINE_CURVE_WITH_KNOTS('',1,(#3156,#3157),.UNSPECIFIED.,.F.,
  .F.,(2,2),(-0.,8.864761022221E-04),.PIECEWISE_BEZIER_KNOTS.);
#3156 = CARTESIAN_POINT('',(-0.1365347915,4.489171110681E-02,
    9.751337124443E-03));
#3157 = CARTESIAN_POINT('',(-0.1365347915,4.489171110681E-02,
    8.864861022221E-03));
#3158 = B_SPLINE_SURFACE_WITH_KNOTS('',1,1,(
    (#3159,#3160)
    ,(#3161,#3162
    )),.UNSPECIFIED.,.F.,.F.,.F.,(2,2),(2,2),(-9.477092419667E-02,0.),(
    -8.864761022221E-04,0.),.PIECEWISE_BEZIER_KNOTS.);
#3159 = CARTESIAN_POINT('',(-0.1365347915,4.489171110681E-02,
    8.864861022221E-03));
#3160 = CARTESIAN_POINT('',(-0.1365347915,4.489171110681E-02,
    9.751337124443E-03));
#3161 = CARTESIAN_POINT('',(-0.103021670562,-4.375589911539E-02,
    8.864861022221E-03));
#3162 = CARTESIAN_POINT('',(-0.103021670562,-4.375589911539E-02,
    9.751337124443E-03));
#3163 = ADVANCED_FACE('',(#3164),#3174,.T.);
#3164 = FACE_BOUND('',#3165,.T.);
#3165 = EDGE_LOOP('',(#3166,#3167,#3168,#3173));
#3166 = ORIENTED_EDGE('',*,*,#2081,.F.);
#3167 = ORIENTED_EDGE('',*,*,#3154,.F.);
#3168 = ORIENTED_EDGE('',*,*,#3169,.T.);
#3169 = EDGE_CURVE('',#3148,#3009,#3170,.T.);
#3170 = B_SPLINE_CURVE_WITH_KNOTS('',1,(#3171,#3172),.UNSPECIFIED.,.F.,
  .F.,(2,2),(0.,1.189175259078E-02),.PIECEWISE_BEZIER_KNOTS.);
#3171 = CARTESIAN_POINT('',(-0.1365347915,4.489171110681E-02,
    9.751337124443E-03));
#3172 = CARTESIAN_POINT('',(-0.148426544091,4.489171110681E-02,
    9.751337124443E-03));
#3173 = ORIENTED_EDGE('',*,*,#3008,.T.);
#3174 = B_SPLINE_SURFACE_WITH_KNOTS('',1,1,(
    (#3175,#3176)
    ,(#3177,#3178
    )),.UNSPECIFIED.,.F.,.F.,.F.,(2,2),(2,2),(0.,8.864761022221E-04),(
    -1.189175259078E-02,0.),.PIECEWISE_BEZIER_KNOTS.);
#3175 = CARTESIAN_POINT('',(-0.148426544091,4.489171110681E-02,
    9.751337124443E-03));
#3176 = CARTESIAN_POINT('',(-0.1365347915,4.489171110681E-02,
    9.751337124443E-03));
#3177 = CARTESIAN_POINT('',(-0.148426544091,4.489171110681E-02,
    8.864861022221E-03));
#3178 = CARTESIAN_POINT('',(-0.1365347915,4.489171110681E-02,
    8.864861022221E-03));
#3179 = ADVANCED_FACE('',(#3180,#3234),#3244,.F.);
#3180 = FACE_BOUND('',#3181,.T.);
#3181 = EDGE_LOOP('',(#3182,#3191,#3198,#3210,#3217,#3229));
#3182 = ORIENTED_EDGE('',*,*,#3183,.F.);
#3183 = EDGE_CURVE('',#3184,#3186,#3188,.T.);
#3184 = VERTEX_POINT('',#3185);
#3185 = CARTESIAN_POINT('',(-0.127447060117,-9.161709760387E-03,
    9.751337124443E-03));
#3186 = VERTEX_POINT('',#3187);
#3187 = CARTESIAN_POINT('',(-0.157091983124,-9.161709760387E-03,
    9.751337124443E-03));
#3188 = B_SPLINE_CURVE_WITH_KNOTS('',1,(#3189,#3190),.UNSPECIFIED.,.F.,
  .F.,(2,2),(0.,2.964492300685E-02),.PIECEWISE_BEZIER_KNOTS.);
#3189 = CARTESIAN_POINT('',(-0.127447060117,-9.161709760387E-03,
    9.751337124443E-03));
#3190 = CARTESIAN_POINT('',(-0.157091983124,-9.161709760387E-03,
    9.751337124443E-03));
#3191 = ORIENTED_EDGE('',*,*,#3192,.F.);
#3192 = EDGE_CURVE('',#3193,#3184,#3195,.T.);
#3193 = VERTEX_POINT('',#3194);
#3194 = CARTESIAN_POINT('',(-0.140673256535,2.786488353364E-02,
    9.751337124443E-03));
#3195 = B_SPLINE_CURVE_WITH_KNOTS('',1,(#3196,#3197),.UNSPECIFIED.,.F.,
  .F.,(2,2),(0.,3.931794606361E-02),.PIECEWISE_BEZIER_KNOTS.);
#3196 = CARTESIAN_POINT('',(-0.140673256535,2.786488353364E-02,
    9.751337124443E-03));
#3197 = CARTESIAN_POINT('',(-0.127447060117,-9.161709760387E-03,
    9.751337124443E-03));
#3198 = ORIENTED_EDGE('',*,*,#3199,.F.);
#3199 = EDGE_CURVE('',#3200,#3193,#3202,.T.);
#3200 = VERTEX_POINT('',#3201);
#3201 = CARTESIAN_POINT('',(-0.142092158833,3.408102693337E-02,
    9.751337124443E-03));
#3202 = B_SPLINE_CURVE_WITH_KNOTS('',3,(#3203,#3204,#3205,#3206,#3207,
    #3208,#3209),.UNSPECIFIED.,.F.,.F.,(4,1,1,1,4),(0.,0.300541113159,
    0.567747146484,0.800033613737,1.),.UNSPECIFIED.);
#3203 = CARTESIAN_POINT('',(-0.142092158833,3.408102693337E-02,
    9.751337124443E-03));
#3204 = CARTESIAN_POINT('',(-0.141988788408,3.344977684937E-02,
    9.751337124443E-03));
#3205 = CARTESIAN_POINT('',(-0.141793513083,3.225729296541E-02,
    9.751337124443E-03));
#3206 = CARTESIAN_POINT('',(-0.14146387799,3.05863761587E-02,
    9.751337124443E-03));
#3207 = CARTESIAN_POINT('',(-0.141096864421,2.914232332277E-02,
    9.751337124443E-03));
#3208 = CARTESIAN_POINT('',(-0.140807240655,2.826892852663E-02,
    9.751337124443E-03));
#3209 = CARTESIAN_POINT('',(-0.140673256535,2.786488353364E-02,
    9.751337124443E-03));
#3210 = ORIENTED_EDGE('',*,*,#3211,.F.);
#3211 = EDGE_CURVE('',#3212,#3200,#3214,.T.);
#3212 = VERTEX_POINT('',#3213);
#3213 = CARTESIAN_POINT('',(-0.142379317631,3.408102693337E-02,
    9.751337124443E-03));
#3214 = B_SPLINE_CURVE_WITH_KNOTS('',1,(#3215,#3216),.UNSPECIFIED.,.F.,
  .F.,(2,2),(0.,2.87158798357E-04),.PIECEWISE_BEZIER_KNOTS.);
#3215 = CARTESIAN_POINT('',(-0.142379317631,3.408102693337E-02,
    9.751337124443E-03));
#3216 = CARTESIAN_POINT('',(-0.142092158833,3.408102693337E-02,
    9.751337124443E-03));
#3217 = ORIENTED_EDGE('',*,*,#3218,.F.);
#3218 = EDGE_CURVE('',#3219,#3212,#3221,.T.);
#3219 = VERTEX_POINT('',#3220);
#3220 = CARTESIAN_POINT('',(-0.143747544847,2.786488353364E-02,
    9.751337124443E-03));
#3221 = B_SPLINE_CURVE_WITH_KNOTS('',3,(#3222,#3223,#3224,#3225,#3226,
    #3227,#3228),.UNSPECIFIED.,.F.,.F.,(4,1,1,1,4),(0.,0.174481715317,
    0.398285759128,0.673897847399,1.),.UNSPECIFIED.);
#3222 = CARTESIAN_POINT('',(-0.143747544847,2.786488353364E-02,
    9.751337124443E-03));
#3223 = CARTESIAN_POINT('',(-0.14363692104,2.821857282309E-02,
    9.751337124443E-03));
#3224 = CARTESIAN_POINT('',(-0.143384402392,2.902593196034E-02,
    9.751337124443E-03));
#3225 = CARTESIAN_POINT('',(-0.143053497886,3.041938902651E-02,
    9.751337124443E-03));
#3226 = CARTESIAN_POINT('',(-0.142729066785,3.214213583235E-02,
    9.751337124443E-03));
#3227 = CARTESIAN_POINT('',(-0.142502244918,3.339955960196E-02,
    9.751337124443E-03));
#3228 = CARTESIAN_POINT('',(-0.142379317631,3.408102693337E-02,
    9.751337124443E-03));
#3229 = ORIENTED_EDGE('',*,*,#3230,.F.);
#3230 = EDGE_CURVE('',#3186,#3219,#3231,.T.);
#3231 = B_SPLINE_CURVE_WITH_KNOTS('',1,(#3232,#3233),.UNSPECIFIED.,.F.,
  .F.,(2,2),(0.,3.935787905718E-02),.PIECEWISE_BEZIER_KNOTS.);
#3232 = CARTESIAN_POINT('',(-0.157091983124,-9.161709760387E-03,
    9.751337124443E-03));
#3233 = CARTESIAN_POINT('',(-0.143747544847,2.786488353364E-02,
    9.751337124443E-03));
#3234 = FACE_BOUND('',#3235,.T.);
#3235 = EDGE_LOOP('',(#3236,#3237,#3238,#3239,#3240,#3241,#3242,#3243));
#3236 = ORIENTED_EDGE('',*,*,#3015,.F.);
#3237 = ORIENTED_EDGE('',*,*,#3169,.F.);
#3238 = ORIENTED_EDGE('',*,*,#3147,.F.);
#3239 = ORIENTED_EDGE('',*,*,#3125,.F.);
#3240 = ORIENTED_EDGE('',*,*,#3103,.F.);
#3241 = ORIENTED_EDGE('',*,*,#3081,.F.);
#3242 = ORIENTED_EDGE('',*,*,#3059,.F.);
#3243 = ORIENTED_EDGE('',*,*,#3037,.F.);
#3244 = B_SPLINE_SURFACE_WITH_KNOTS('',1,1,(
    (#3245,#3246)
    ,(#3247,#3248
    )),.UNSPECIFIED.,.F.,.F.,.F.,(2,2),(2,2),(-0.183020733446,
    -0.103021670562),(-4.375589911531E-02,4.48917111069E-02),
  .PIECEWISE_BEZIER_KNOTS.);
#3245 = CARTESIAN_POINT('',(-0.183020733446,-4.375589911539E-02,
    9.751337124443E-03));
#3246 = CARTESIAN_POINT('',(-0.183020733446,4.489171110681E-02,
    9.751337124443E-03));
#3247 = CARTESIAN_POINT('',(-0.103021670562,-4.375589911539E-02,
    9.751337124443E-03));
#3248 = CARTESIAN_POINT('',(-0.103021670562,4.489171110681E-02,
    9.751337124443E-03));
#3249 = ADVANCED_FACE('',(#3250),#3272,.T.);
#3250 = FACE_BOUND('',#3251,.T.);
#3251 = EDGE_LOOP('',(#3252,#3261,#3266,#3267));
#3252 = ORIENTED_EDGE('',*,*,#3253,.F.);
#3253 = EDGE_CURVE('',#3254,#3256,#3258,.T.);
#3254 = VERTEX_POINT('',#3255);
#3255 = CARTESIAN_POINT('',(-0.127447060117,-9.161709760387E-03,
    8.864861022221E-03));
#3256 = VERTEX_POINT('',#3257);
#3257 = CARTESIAN_POINT('',(-0.157091983124,-9.161709760387E-03,
    8.864861022221E-03));
#3258 = B_SPLINE_CURVE_WITH_KNOTS('',1,(#3259,#3260),.UNSPECIFIED.,.F.,
  .F.,(2,2),(0.,2.964492300685E-02),.PIECEWISE_BEZIER_KNOTS.);
#3259 = CARTESIAN_POINT('',(-0.127447060117,-9.161709760387E-03,
    8.864861022221E-03));
#3260 = CARTESIAN_POINT('',(-0.157091983124,-9.161709760387E-03,
    8.864861022221E-03));
#3261 = ORIENTED_EDGE('',*,*,#3262,.F.);
#3262 = EDGE_CURVE('',#3184,#3254,#3263,.T.);
#3263 = B_SPLINE_CURVE_WITH_KNOTS('',1,(#3264,#3265),.UNSPECIFIED.,.F.,
  .F.,(2,2),(-0.,8.864761022221E-04),.PIECEWISE_BEZIER_KNOTS.);
#3264 = CARTESIAN_POINT('',(-0.127447060117,-9.161709760387E-03,
    9.751337124443E-03));
#3265 = CARTESIAN_POINT('',(-0.127447060117,-9.161709760387E-03,
    8.864861022221E-03));
#3266 = ORIENTED_EDGE('',*,*,#3183,.T.);
#3267 = ORIENTED_EDGE('',*,*,#3268,.T.);
#3268 = EDGE_CURVE('',#3186,#3256,#3269,.T.);
#3269 = B_SPLINE_CURVE_WITH_KNOTS('',1,(#3270,#3271),.UNSPECIFIED.,.F.,
  .F.,(2,2),(-0.,8.864761022221E-04),.PIECEWISE_BEZIER_KNOTS.);
#3270 = CARTESIAN_POINT('',(-0.157091983124,-9.161709760387E-03,
    9.751337124443E-03));
#3271 = CARTESIAN_POINT('',(-0.157091983124,-9.161709760387E-03,
    8.864861022221E-03));
#3272 = B_SPLINE_SURFACE_WITH_KNOTS('',1,1,(
    (#3273,#3274)
    ,(#3275,#3276
    )),.UNSPECIFIED.,.F.,.F.,.F.,(2,2),(2,2),(0.,8.864761022221E-04),(
    -2.964492300685E-02,0.),.PIECEWISE_BEZIER_KNOTS.);
#3273 = CARTESIAN_POINT('',(-0.157091983124,-9.161709760387E-03,
    9.751337124443E-03));
#3274 = CARTESIAN_POINT('',(-0.127447060117,-9.161709760387E-03,
    9.751337124443E-03));
#3275 = CARTESIAN_POINT('',(-0.157091983124,-9.161709760387E-03,
    8.864861022221E-03));
#3276 = CARTESIAN_POINT('',(-0.127447060117,-9.161709760387E-03,
    8.864861022221E-03));
#3277 = ADVANCED_FACE('',(#3278),#3294,.T.);
#3278 = FACE_BOUND('',#3279,.T.);
#3279 = EDGE_LOOP('',(#3280,#3287,#3292,#3293));
#3280 = ORIENTED_EDGE('',*,*,#3281,.F.);
#3281 = EDGE_CURVE('',#3282,#3254,#3284,.T.);
#3282 = VERTEX_POINT('',#3283);
#3283 = CARTESIAN_POINT('',(-0.140673256535,2.786488353364E-02,
    8.864861022221E-03));
#3284 = B_SPLINE_CURVE_WITH_KNOTS('',1,(#3285,#3286),.UNSPECIFIED.,.F.,
  .F.,(2,2),(0.,3.931794606361E-02),.PIECEWISE_BEZIER_KNOTS.);
#3285 = CARTESIAN_POINT('',(-0.140673256535,2.786488353364E-02,
    8.864861022221E-03));
#3286 = CARTESIAN_POINT('',(-0.127447060117,-9.161709760387E-03,
    8.864861022221E-03));
#3287 = ORIENTED_EDGE('',*,*,#3288,.F.);
#3288 = EDGE_CURVE('',#3193,#3282,#3289,.T.);
#3289 = B_SPLINE_CURVE_WITH_KNOTS('',1,(#3290,#3291),.UNSPECIFIED.,.F.,
  .F.,(2,2),(-0.,8.864761022221E-04),.PIECEWISE_BEZIER_KNOTS.);
#3290 = CARTESIAN_POINT('',(-0.140673256535,2.786488353364E-02,
    9.751337124443E-03));
#3291 = CARTESIAN_POINT('',(-0.140673256535,2.786488353364E-02,
    8.864861022221E-03));
#3292 = ORIENTED_EDGE('',*,*,#3192,.T.);
#3293 = ORIENTED_EDGE('',*,*,#3262,.T.);
#3294 = B_SPLINE_SURFACE_WITH_KNOTS('',1,1,(
    (#3295,#3296)
    ,(#3297,#3298
    )),.UNSPECIFIED.,.F.,.F.,.F.,(2,2),(2,2),(-3.931794606361E-02,0.),(
    -8.864761022221E-04,0.),.PIECEWISE_BEZIER_KNOTS.);
#3295 = CARTESIAN_POINT('',(-0.127447060117,-9.161709760387E-03,
    8.864861022221E-03));
#3296 = CARTESIAN_POINT('',(-0.127447060117,-9.161709760387E-03,
    9.751337124443E-03));
#3297 = CARTESIAN_POINT('',(-0.140673256535,2.786488353364E-02,
    8.864861022221E-03));
#3298 = CARTESIAN_POINT('',(-0.140673256535,2.786488353364E-02,
    9.751337124443E-03));
#3299 = ADVANCED_FACE('',(#3300),#3321,.T.);
#3300 = FACE_BOUND('',#3301,.T.);
#3301 = EDGE_LOOP('',(#3302,#3314,#3319,#3320));
#3302 = ORIENTED_EDGE('',*,*,#3303,.F.);
#3303 = EDGE_CURVE('',#3304,#3282,#3306,.T.);
#3304 = VERTEX_POINT('',#3305);
#3305 = CARTESIAN_POINT('',(-0.142092158833,3.408102693337E-02,
    8.864861022221E-03));
#3306 = B_SPLINE_CURVE_WITH_KNOTS('',3,(#3307,#3308,#3309,#3310,#3311,
    #3312,#3313),.UNSPECIFIED.,.F.,.F.,(4,1,1,1,4),(0.,0.300541113159,
    0.567747146484,0.800033613737,1.),.UNSPECIFIED.);
#3307 = CARTESIAN_POINT('',(-0.142092158833,3.408102693337E-02,
    8.864861022221E-03));
#3308 = CARTESIAN_POINT('',(-0.141988788408,3.344977684937E-02,
    8.864861022221E-03));
#3309 = CARTESIAN_POINT('',(-0.141793513083,3.225729296541E-02,
    8.864861022221E-03));
#3310 = CARTESIAN_POINT('',(-0.14146387799,3.05863761587E-02,
    8.864861022221E-03));
#3311 = CARTESIAN_POINT('',(-0.141096864421,2.914232332277E-02,
    8.864861022221E-03));
#3312 = CARTESIAN_POINT('',(-0.140807240655,2.826892852663E-02,
    8.864861022221E-03));
#3313 = CARTESIAN_POINT('',(-0.140673256535,2.786488353364E-02,
    8.864861022221E-03));
#3314 = ORIENTED_EDGE('',*,*,#3315,.F.);
#3315 = EDGE_CURVE('',#3200,#3304,#3316,.T.);
#3316 = B_SPLINE_CURVE_WITH_KNOTS('',1,(#3317,#3318),.UNSPECIFIED.,.F.,
  .F.,(2,2),(-0.,8.864761022221E-04),.PIECEWISE_BEZIER_KNOTS.);
#3317 = CARTESIAN_POINT('',(-0.142092158833,3.408102693337E-02,
    9.751337124443E-03));
#3318 = CARTESIAN_POINT('',(-0.142092158833,3.408102693337E-02,
    8.864861022221E-03));
#3319 = ORIENTED_EDGE('',*,*,#3199,.T.);
#3320 = ORIENTED_EDGE('',*,*,#3288,.T.);
#3321 = B_SPLINE_SURFACE_WITH_KNOTS('',3,1,(
    (#3322,#3323)
    ,(#3324,#3325)
    ,(#3326,#3327)
    ,(#3328,#3329)
    ,(#3330,#3331)
    ,(#3332,#3333)
    ,(#3334,#3335
    )),.UNSPECIFIED.,.F.,.F.,.F.,(4,1,1,1,4),(2,2),(0.,0.300541113159,
    0.567747146484,0.800033613737,1.),(0.,1.),.UNSPECIFIED.);
#3322 = CARTESIAN_POINT('',(-0.142092158833,3.408102693337E-02,
    9.751337124443E-03));
#3323 = CARTESIAN_POINT('',(-0.142092158833,3.408102693337E-02,
    8.864861022221E-03));
#3324 = CARTESIAN_POINT('',(-0.141988788408,3.344977684937E-02,
    9.751337124443E-03));
#3325 = CARTESIAN_POINT('',(-0.141988788408,3.344977684937E-02,
    8.864861022221E-03));
#3326 = CARTESIAN_POINT('',(-0.141793513083,3.225729296541E-02,
    9.751337124443E-03));
#3327 = CARTESIAN_POINT('',(-0.141793513083,3.225729296541E-02,
    8.864861022221E-03));
#3328 = CARTESIAN_POINT('',(-0.14146387799,3.05863761587E-02,
    9.751337124443E-03));
#3329 = CARTESIAN_POINT('',(-0.14146387799,3.05863761587E-02,
    8.864861022221E-03));
#3330 = CARTESIAN_POINT('',(-0.141096864421,2.914232332277E-02,
    9.751337124443E-03));
#3331 = CARTESIAN_POINT('',(-0.141096864421,2.914232332277E-02,
    8.864861022221E-03));
#3332 = CARTESIAN_POINT('',(-0.140807240655,2.826892852663E-02,
    9.751337124443E-03));
#3333 = CARTESIAN_POINT('',(-0.140807240655,2.826892852663E-02,
    8.864861022221E-03));
#3334 = CARTESIAN_POINT('',(-0.140673256535,2.786488353364E-02,
    9.751337124443E-03));
#3335 = CARTESIAN_POINT('',(-0.140673256535,2.786488353364E-02,
    8.864861022221E-03));
#3336 = ADVANCED_FACE('',(#3337),#3353,.T.);
#3337 = FACE_BOUND('',#3338,.T.);
#3338 = EDGE_LOOP('',(#3339,#3346,#3351,#3352));
#3339 = ORIENTED_EDGE('',*,*,#3340,.F.);
#3340 = EDGE_CURVE('',#3341,#3304,#3343,.T.);
#3341 = VERTEX_POINT('',#3342);
#3342 = CARTESIAN_POINT('',(-0.142379317631,3.408102693337E-02,
    8.864861022221E-03));
#3343 = B_SPLINE_CURVE_WITH_KNOTS('',1,(#3344,#3345),.UNSPECIFIED.,.F.,
  .F.,(2,2),(0.,2.87158798357E-04),.PIECEWISE_BEZIER_KNOTS.);
#3344 = CARTESIAN_POINT('',(-0.142379317631,3.408102693337E-02,
    8.864861022221E-03));
#3345 = CARTESIAN_POINT('',(-0.142092158833,3.408102693337E-02,
    8.864861022221E-03));
#3346 = ORIENTED_EDGE('',*,*,#3347,.F.);
#3347 = EDGE_CURVE('',#3212,#3341,#3348,.T.);
#3348 = B_SPLINE_CURVE_WITH_KNOTS('',1,(#3349,#3350),.UNSPECIFIED.,.F.,
  .F.,(2,2),(-0.,8.864761022221E-04),.PIECEWISE_BEZIER_KNOTS.);
#3349 = CARTESIAN_POINT('',(-0.142379317631,3.408102693337E-02,
    9.751337124443E-03));
#3350 = CARTESIAN_POINT('',(-0.142379317631,3.408102693337E-02,
    8.864861022221E-03));
#3351 = ORIENTED_EDGE('',*,*,#3211,.T.);
#3352 = ORIENTED_EDGE('',*,*,#3315,.T.);
#3353 = B_SPLINE_SURFACE_WITH_KNOTS('',1,1,(
    (#3354,#3355)
    ,(#3356,#3357
    )),.UNSPECIFIED.,.F.,.F.,.F.,(2,2),(2,2),(-8.864761022221E-04,0.),(
    0.,2.87158798357E-04),.PIECEWISE_BEZIER_KNOTS.);
#3354 = CARTESIAN_POINT('',(-0.142379317631,3.408102693337E-02,
    8.864861022221E-03));
#3355 = CARTESIAN_POINT('',(-0.142092158833,3.408102693337E-02,
    8.864861022221E-03));
#3356 = CARTESIAN_POINT('',(-0.142379317631,3.408102693337E-02,
    9.751337124443E-03));
#3357 = CARTESIAN_POINT('',(-0.142092158833,3.408102693337E-02,
    9.751337124443E-03));
#3358 = ADVANCED_FACE('',(#3359),#3380,.T.);
#3359 = FACE_BOUND('',#3360,.T.);
#3360 = EDGE_LOOP('',(#3361,#3373,#3378,#3379));
#3361 = ORIENTED_EDGE('',*,*,#3362,.F.);
#3362 = EDGE_CURVE('',#3363,#3341,#3365,.T.);
#3363 = VERTEX_POINT('',#3364);
#3364 = CARTESIAN_POINT('',(-0.143747544847,2.786488353364E-02,
    8.864861022221E-03));
#3365 = B_SPLINE_CURVE_WITH_KNOTS('',3,(#3366,#3367,#3368,#3369,#3370,
    #3371,#3372),.UNSPECIFIED.,.F.,.F.,(4,1,1,1,4),(0.,0.174481715317,
    0.398285759128,0.673897847399,1.),.UNSPECIFIED.);
#3366 = CARTESIAN_POINT('',(-0.143747544847,2.786488353364E-02,
    8.864861022221E-03));
#3367 = CARTESIAN_POINT('',(-0.14363692104,2.821857282309E-02,
    8.864861022221E-03));
#3368 = CARTESIAN_POINT('',(-0.143384402392,2.902593196034E-02,
    8.864861022221E-03));
#3369 = CARTESIAN_POINT('',(-0.143053497886,3.041938902651E-02,
    8.864861022221E-03));
#3370 = CARTESIAN_POINT('',(-0.142729066785,3.214213583235E-02,
    8.864861022221E-03));
#3371 = CARTESIAN_POINT('',(-0.142502244918,3.339955960196E-02,
    8.864861022221E-03));
#3372 = CARTESIAN_POINT('',(-0.142379317631,3.408102693337E-02,
    8.864861022221E-03));
#3373 = ORIENTED_EDGE('',*,*,#3374,.F.);
#3374 = EDGE_CURVE('',#3219,#3363,#3375,.T.);
#3375 = B_SPLINE_CURVE_WITH_KNOTS('',1,(#3376,#3377),.UNSPECIFIED.,.F.,
  .F.,(2,2),(-0.,8.864761022221E-04),.PIECEWISE_BEZIER_KNOTS.);
#3376 = CARTESIAN_POINT('',(-0.143747544847,2.786488353364E-02,
    9.751337124443E-03));
#3377 = CARTESIAN_POINT('',(-0.143747544847,2.786488353364E-02,
    8.864861022221E-03));
#3378 = ORIENTED_EDGE('',*,*,#3218,.T.);
#3379 = ORIENTED_EDGE('',*,*,#3347,.T.);
#3380 = B_SPLINE_SURFACE_WITH_KNOTS('',3,1,(
    (#3381,#3382)
    ,(#3383,#3384)
    ,(#3385,#3386)
    ,(#3387,#3388)
    ,(#3389,#3390)
    ,(#3391,#3392)
    ,(#3393,#3394
    )),.UNSPECIFIED.,.F.,.F.,.F.,(4,1,1,1,4),(2,2),(0.,0.174481715317,
    0.398285759128,0.673897847399,1.),(0.,1.),.UNSPECIFIED.);
#3381 = CARTESIAN_POINT('',(-0.143747544847,2.786488353364E-02,
    9.751337124443E-03));
#3382 = CARTESIAN_POINT('',(-0.143747544847,2.786488353364E-02,
    8.864861022221E-03));
#3383 = CARTESIAN_POINT('',(-0.14363692104,2.821857282309E-02,
    9.751337124443E-03));
#3384 = CARTESIAN_POINT('',(-0.14363692104,2.821857282309E-02,
    8.864861022221E-03));
#3385 = CARTESIAN_POINT('',(-0.143384402392,2.902593196034E-02,
    9.751337124443E-03));
#3386 = CARTESIAN_POINT('',(-0.143384402392,2.902593196034E-02,
    8.864861022221E-03));
#3387 = CARTESIAN_POINT('',(-0.143053497886,3.041938902651E-02,
    9.751337124443E-03));
#3388 = CARTESIAN_POINT('',(-0.143053497886,3.041938902651E-02,
    8.864861022221E-03));
#3389 = CARTESIAN_POINT('',(-0.142729066785,3.214213583235E-02,
    9.751337124443E-03));
#3390 = CARTESIAN_POINT('',(-0.142729066785,3.214213583235E-02,
    8.864861022221E-03));
#3391 = CARTESIAN_POINT('',(-0.142502244918,3.339955960196E-02,
    9.751337124443E-03));
#3392 = CARTESIAN_POINT('',(-0.142502244918,3.339955960196E-02,
    8.864861022221E-03));
#3393 = CARTESIAN_POINT('',(-0.142379317631,3.408102693337E-02,
    9.751337124443E-03));
#3394 = CARTESIAN_POINT('',(-0.142379317631,3.408102693337E-02,
    8.864861022221E-03));
#3395 = ADVANCED_FACE('',(#3396),#3406,.T.);
#3396 = FACE_BOUND('',#3397,.T.);
#3397 = EDGE_LOOP('',(#3398,#3403,#3404,#3405));
#3398 = ORIENTED_EDGE('',*,*,#3399,.F.);
#3399 = EDGE_CURVE('',#3256,#3363,#3400,.T.);
#3400 = B_SPLINE_CURVE_WITH_KNOTS('',1,(#3401,#3402),.UNSPECIFIED.,.F.,
  .F.,(2,2),(5.786811666698E-18,3.935787905718E-02),
  .PIECEWISE_BEZIER_KNOTS.);
#3401 = CARTESIAN_POINT('',(-0.157091983124,-9.161709760387E-03,
    8.864861022221E-03));
#3402 = CARTESIAN_POINT('',(-0.143747544847,2.786488353364E-02,
    8.864861022221E-03));
#3403 = ORIENTED_EDGE('',*,*,#3268,.F.);
#3404 = ORIENTED_EDGE('',*,*,#3230,.T.);
#3405 = ORIENTED_EDGE('',*,*,#3374,.T.);
#3406 = B_SPLINE_SURFACE_WITH_KNOTS('',1,1,(
    (#3407,#3408)
    ,(#3409,#3410
    )),.UNSPECIFIED.,.F.,.F.,.F.,(2,2),(2,2),(-3.935787905718E-02,0.),(
    -8.864761022221E-04,0.),.PIECEWISE_BEZIER_KNOTS.);
#3407 = CARTESIAN_POINT('',(-0.143747544847,2.786488353364E-02,
    8.864861022221E-03));
#3408 = CARTESIAN_POINT('',(-0.143747544847,2.786488353364E-02,
    9.751337124443E-03));
#3409 = CARTESIAN_POINT('',(-0.157091983124,-9.161709760387E-03,
    8.864861022221E-03));
#3410 = CARTESIAN_POINT('',(-0.157091983124,-9.161709760387E-03,
    9.751337124443E-03));
#3411 = ADVANCED_FACE('',(#3412),#3434,.T.);
#3412 = FACE_BOUND('',#3413,.T.);
#3413 = EDGE_LOOP('',(#3414,#3415,#3422,#3429));
#3414 = ORIENTED_EDGE('',*,*,#1959,.F.);
#3415 = ORIENTED_EDGE('',*,*,#3416,.F.);
#3416 = EDGE_CURVE('',#3417,#1960,#3419,.T.);
#3417 = VERTEX_POINT('',#3418);
#3418 = CARTESIAN_POINT('',(-4.928919188155E-02,-4.375589911539E-02,
    9.751337124443E-03));
#3419 = B_SPLINE_CURVE_WITH_KNOTS('',1,(#3420,#3421),.UNSPECIFIED.,.F.,
  .F.,(2,2),(-0.,8.864761022221E-04),.PIECEWISE_BEZIER_KNOTS.);
#3420 = CARTESIAN_POINT('',(-4.928919188155E-02,-4.375589911539E-02,
    9.751337124443E-03));
#3421 = CARTESIAN_POINT('',(-4.928919188155E-02,-4.375589911539E-02,
    8.864861022221E-03));
#3422 = ORIENTED_EDGE('',*,*,#3423,.T.);
#3423 = EDGE_CURVE('',#3417,#3424,#3426,.T.);
#3424 = VERTEX_POINT('',#3425);
#3425 = CARTESIAN_POINT('',(-2.518474451358E-02,-4.375589911539E-02,
    9.751337124443E-03));
#3426 = B_SPLINE_CURVE_WITH_KNOTS('',1,(#3427,#3428),.UNSPECIFIED.,.F.,
  .F.,(2,2),(0.,2.410444736797E-02),.PIECEWISE_BEZIER_KNOTS.);
#3427 = CARTESIAN_POINT('',(-4.928919188155E-02,-4.375589911539E-02,
    9.751337124443E-03));
#3428 = CARTESIAN_POINT('',(-2.518474451358E-02,-4.375589911539E-02,
    9.751337124443E-03));
#3429 = ORIENTED_EDGE('',*,*,#3430,.T.);
#3430 = EDGE_CURVE('',#3424,#1962,#3431,.T.);
#3431 = B_SPLINE_CURVE_WITH_KNOTS('',1,(#3432,#3433),.UNSPECIFIED.,.F.,
  .F.,(2,2),(-0.,8.864761022221E-04),.PIECEWISE_BEZIER_KNOTS.);
#3432 = CARTESIAN_POINT('',(-2.518474451358E-02,-4.375589911539E-02,
    9.751337124443E-03));
#3433 = CARTESIAN_POINT('',(-2.518474451358E-02,-4.375589911539E-02,
    8.864861022221E-03));
#3434 = B_SPLINE_SURFACE_WITH_KNOTS('',1,1,(
    (#3435,#3436)
    ,(#3437,#3438
    )),.UNSPECIFIED.,.F.,.F.,.F.,(2,2),(2,2),(-8.864761022221E-04,0.),(
    0.,2.410444736797E-02),.PIECEWISE_BEZIER_KNOTS.);
#3435 = CARTESIAN_POINT('',(-4.928919188155E-02,-4.375589911539E-02,
    8.864861022221E-03));
#3436 = CARTESIAN_POINT('',(-2.518474451358E-02,-4.375589911539E-02,
    8.864861022221E-03));
#3437 = CARTESIAN_POINT('',(-4.928919188155E-02,-4.375589911539E-02,
    9.751337124443E-03));
#3438 = CARTESIAN_POINT('',(-2.518474451358E-02,-4.375589911539E-02,
    9.751337124443E-03));
#3439 = ADVANCED_FACE('',(#3440),#3456,.T.);
#3440 = FACE_BOUND('',#3441,.T.);
#3441 = EDGE_LOOP('',(#3442,#3443,#3444,#3451));
#3442 = ORIENTED_EDGE('',*,*,#1968,.F.);
#3443 = ORIENTED_EDGE('',*,*,#3430,.F.);
#3444 = ORIENTED_EDGE('',*,*,#3445,.T.);
#3445 = EDGE_CURVE('',#3424,#3446,#3448,.T.);
#3446 = VERTEX_POINT('',#3447);
#3447 = CARTESIAN_POINT('',(-2.518474451358E-02,4.489171110681E-02,
    9.751337124443E-03));
#3448 = B_SPLINE_CURVE_WITH_KNOTS('',1,(#3449,#3450),.UNSPECIFIED.,.F.,
  .F.,(2,2),(0.,8.864761022221E-02),.PIECEWISE_BEZIER_KNOTS.);
#3449 = CARTESIAN_POINT('',(-2.518474451358E-02,-4.375589911539E-02,
    9.751337124443E-03));
#3450 = CARTESIAN_POINT('',(-2.518474451358E-02,4.489171110681E-02,
    9.751337124443E-03));
#3451 = ORIENTED_EDGE('',*,*,#3452,.T.);
#3452 = EDGE_CURVE('',#3446,#1969,#3453,.T.);
#3453 = B_SPLINE_CURVE_WITH_KNOTS('',1,(#3454,#3455),.UNSPECIFIED.,.F.,
  .F.,(2,2),(-0.,8.864761022221E-04),.PIECEWISE_BEZIER_KNOTS.);
#3454 = CARTESIAN_POINT('',(-2.518474451358E-02,4.489171110681E-02,
    9.751337124443E-03));
#3455 = CARTESIAN_POINT('',(-2.518474451358E-02,4.489171110681E-02,
    8.864861022221E-03));
#3456 = B_SPLINE_SURFACE_WITH_KNOTS('',1,1,(
    (#3457,#3458)
    ,(#3459,#3460
    )),.UNSPECIFIED.,.F.,.F.,.F.,(2,2),(2,2),(-8.864761022221E-04,0.),(
    0.,8.864761022221E-02),.PIECEWISE_BEZIER_KNOTS.);
#3457 = CARTESIAN_POINT('',(-2.518474451358E-02,-4.375589911539E-02,
    8.864861022221E-03));
#3458 = CARTESIAN_POINT('',(-2.518474451358E-02,4.489171110681E-02,
    8.864861022221E-03));
#3459 = CARTESIAN_POINT('',(-2.518474451358E-02,-4.375589911539E-02,
    9.751337124443E-03));
#3460 = CARTESIAN_POINT('',(-2.518474451358E-02,4.489171110681E-02,
    9.751337124443E-03));
#3461 = ADVANCED_FACE('',(#3462),#3478,.T.);
#3462 = FACE_BOUND('',#3463,.T.);
#3463 = EDGE_LOOP('',(#3464,#3465,#3466,#3473));
#3464 = ORIENTED_EDGE('',*,*,#1975,.F.);
#3465 = ORIENTED_EDGE('',*,*,#3452,.F.);
#3466 = ORIENTED_EDGE('',*,*,#3467,.T.);
#3467 = EDGE_CURVE('',#3446,#3468,#3470,.T.);
#3468 = VERTEX_POINT('',#3469);
#3469 = CARTESIAN_POINT('',(-5.020134335868E-02,4.489171110681E-02,
    9.751337124443E-03));
#3470 = B_SPLINE_CURVE_WITH_KNOTS('',1,(#3471,#3472),.UNSPECIFIED.,.F.,
  .F.,(2,2),(0.,2.50165988451E-02),.PIECEWISE_BEZIER_KNOTS.);
#3471 = CARTESIAN_POINT('',(-2.518474451358E-02,4.489171110681E-02,
    9.751337124443E-03));
#3472 = CARTESIAN_POINT('',(-5.020134335868E-02,4.489171110681E-02,
    9.751337124443E-03));
#3473 = ORIENTED_EDGE('',*,*,#3474,.T.);
#3474 = EDGE_CURVE('',#3468,#1976,#3475,.T.);
#3475 = B_SPLINE_CURVE_WITH_KNOTS('',1,(#3476,#3477),.UNSPECIFIED.,.F.,
  .F.,(2,2),(-0.,8.864761022221E-04),.PIECEWISE_BEZIER_KNOTS.);
#3476 = CARTESIAN_POINT('',(-5.020134335868E-02,4.489171110681E-02,
    9.751337124443E-03));
#3477 = CARTESIAN_POINT('',(-5.020134335868E-02,4.489171110681E-02,
    8.864861022221E-03));
#3478 = B_SPLINE_SURFACE_WITH_KNOTS('',1,1,(
    (#3479,#3480)
    ,(#3481,#3482
    )),.UNSPECIFIED.,.F.,.F.,.F.,(2,2),(2,2),(0.,8.864761022221E-04),(
    -2.50165988451E-02,0.),.PIECEWISE_BEZIER_KNOTS.);
#3479 = CARTESIAN_POINT('',(-5.020134335868E-02,4.489171110681E-02,
    9.751337124443E-03));
#3480 = CARTESIAN_POINT('',(-2.518474451358E-02,4.489171110681E-02,
    9.751337124443E-03));
#3481 = CARTESIAN_POINT('',(-5.020134335868E-02,4.489171110681E-02,
    8.864861022221E-03));
#3482 = CARTESIAN_POINT('',(-2.518474451358E-02,4.489171110681E-02,
    8.864861022221E-03));
#3483 = ADVANCED_FACE('',(#3484),#3517,.T.);
#3484 = FACE_BOUND('',#3485,.T.);
#3485 = EDGE_LOOP('',(#3486,#3487,#3488,#3512));
#3486 = ORIENTED_EDGE('',*,*,#1982,.F.);
#3487 = ORIENTED_EDGE('',*,*,#3474,.F.);
#3488 = ORIENTED_EDGE('',*,*,#3489,.T.);
#3489 = EDGE_CURVE('',#3468,#3490,#3492,.T.);
#3490 = VERTEX_POINT('',#3491);
#3491 = CARTESIAN_POINT('',(-9.653526005828E-02,1.682757801095E-03,
    9.751337124443E-03));
#3492 = B_SPLINE_CURVE_WITH_KNOTS('',3,(#3493,#3494,#3495,#3496,#3497,
    #3498,#3499,#3500,#3501,#3502,#3503,#3504,#3505,#3506,#3507,#3508,
    #3509,#3510,#3511),.UNSPECIFIED.,.F.,.F.,(4,1,1,1,1,1,1,1,1,1,1,1,1,
    1,1,1,4),(0.,6.86311786766E-02,0.134566466039,0.198328154011,
    0.260789766641,0.321999151484,0.382721746503,0.443537474036,
    0.505133429485,0.566213874765,0.626105864618,0.685349322161,
    0.744995870348,0.805415841815,0.867636266346,0.932307782302,1.),
  .UNSPECIFIED.);
#3493 = CARTESIAN_POINT('',(-5.020134335868E-02,4.489171110681E-02,
    9.751337124443E-03));
#3494 = CARTESIAN_POINT('',(-5.182996520349E-02,4.485541062381E-02,
    9.751337124443E-03));
#3495 = CARTESIAN_POINT('',(-5.502323523608E-02,4.478423557178E-02,
    9.751337124443E-03));
#3496 = CARTESIAN_POINT('',(-5.970596938021E-02,4.424357776464E-02,
    9.751337124443E-03));
#3497 = CARTESIAN_POINT('',(-6.417344042817E-02,4.330536072871E-02,
    9.751337124443E-03));
#3498 = CARTESIAN_POINT('',(-6.843793362647E-02,4.202542232113E-02,
    9.751337124443E-03));
#3499 = CARTESIAN_POINT('',(-7.250438868567E-02,4.039031497472E-02,
    9.751337124443E-03));
#3500 = CARTESIAN_POINT('',(-7.633449625186E-02,3.834196197313E-02,
    9.751337124443E-03));
#3501 = CARTESIAN_POINT('',(-7.997028083219E-02,3.595155357989E-02,
    9.751337124443E-03));
#3502 = CARTESIAN_POINT('',(-8.336443050237E-02,3.321390543352E-02,
    9.751337124443E-03));
#3503 = CARTESIAN_POINT('',(-8.645807923151E-02,3.016991009873E-02,
    9.751337124443E-03));
#3504 = CARTESIAN_POINT('',(-8.915492754799E-02,2.684077802583E-02,
    9.751337124443E-03));
#3505 = CARTESIAN_POINT('',(-9.146384855272E-02,2.327103586651E-02,
    9.751337124443E-03));
#3506 = CARTESIAN_POINT('',(-9.332192234585E-02,1.943245801687E-02,
    9.751337124443E-03));
#3507 = CARTESIAN_POINT('',(-9.476466117827E-02,1.534572673407E-02,
    9.751337124443E-03));
#3508 = CARTESIAN_POINT('',(-9.578630841113E-02,1.101380542275E-02,
    9.751337124443E-03));
#3509 = CARTESIAN_POINT('',(-9.643068325363E-02,6.431787649227E-03,
    9.751337124443E-03));
#3510 = CARTESIAN_POINT('',(-9.649987477842E-02,3.28967006819E-03,
    9.751337124443E-03));
#3511 = CARTESIAN_POINT('',(-9.653526005828E-02,1.682757801095E-03,
    9.751337124443E-03));
#3512 = ORIENTED_EDGE('',*,*,#3513,.T.);
#3513 = EDGE_CURVE('',#3490,#1983,#3514,.T.);
#3514 = B_SPLINE_CURVE_WITH_KNOTS('',1,(#3515,#3516),.UNSPECIFIED.,.F.,
  .F.,(2,2),(-0.,8.864761022221E-04),.PIECEWISE_BEZIER_KNOTS.);
#3515 = CARTESIAN_POINT('',(-9.653526005828E-02,1.682757801095E-03,
    9.751337124443E-03));
#3516 = CARTESIAN_POINT('',(-9.653526005828E-02,1.682757801095E-03,
    8.864861022221E-03));
#3517 = B_SPLINE_SURFACE_WITH_KNOTS('',3,1,(
    (#3518,#3519)
    ,(#3520,#3521)
    ,(#3522,#3523)
    ,(#3524,#3525)
    ,(#3526,#3527)
    ,(#3528,#3529)
    ,(#3530,#3531)
    ,(#3532,#3533)
    ,(#3534,#3535)
    ,(#3536,#3537)
    ,(#3538,#3539)
    ,(#3540,#3541)
    ,(#3542,#3543)
    ,(#3544,#3545)
    ,(#3546,#3547)
    ,(#3548,#3549)
    ,(#3550,#3551)
    ,(#3552,#3553)
    ,(#3554,#3555
    )),.UNSPECIFIED.,.F.,.F.,.F.,(4,1,1,1,1,1,1,1,1,1,1,1,1,1,1,1,4),(2,
    2),(0.,6.86311786766E-02,0.134566466039,0.198328154011,
    0.260789766641,0.321999151484,0.382721746503,0.443537474036,
    0.505133429485,0.566213874765,0.626105864618,0.685349322161,
    0.744995870348,0.805415841815,0.867636266346,0.932307782302,1.),(0.,
    1.),.UNSPECIFIED.);
#3518 = CARTESIAN_POINT('',(-5.020134335868E-02,4.489171110681E-02,
    9.751337124443E-03));
#3519 = CARTESIAN_POINT('',(-5.020134335868E-02,4.489171110681E-02,
    8.864861022221E-03));
#3520 = CARTESIAN_POINT('',(-5.182996520349E-02,4.485541062381E-02,
    9.751337124443E-03));
#3521 = CARTESIAN_POINT('',(-5.182996520349E-02,4.485541062381E-02,
    8.864861022221E-03));
#3522 = CARTESIAN_POINT('',(-5.502323523608E-02,4.478423557178E-02,
    9.751337124443E-03));
#3523 = CARTESIAN_POINT('',(-5.502323523608E-02,4.478423557178E-02,
    8.864861022221E-03));
#3524 = CARTESIAN_POINT('',(-5.970596938021E-02,4.424357776464E-02,
    9.751337124443E-03));
#3525 = CARTESIAN_POINT('',(-5.970596938021E-02,4.424357776464E-02,
    8.864861022221E-03));
#3526 = CARTESIAN_POINT('',(-6.417344042817E-02,4.330536072871E-02,
    9.751337124443E-03));
#3527 = CARTESIAN_POINT('',(-6.417344042817E-02,4.330536072871E-02,
    8.864861022221E-03));
#3528 = CARTESIAN_POINT('',(-6.843793362647E-02,4.202542232113E-02,
    9.751337124443E-03));
#3529 = CARTESIAN_POINT('',(-6.843793362647E-02,4.202542232113E-02,
    8.864861022221E-03));
#3530 = CARTESIAN_POINT('',(-7.250438868567E-02,4.039031497472E-02,
    9.751337124443E-03));
#3531 = CARTESIAN_POINT('',(-7.250438868567E-02,4.039031497472E-02,
    8.864861022221E-03));
#3532 = CARTESIAN_POINT('',(-7.633449625186E-02,3.834196197313E-02,
    9.751337124443E-03));
#3533 = CARTESIAN_POINT('',(-7.633449625186E-02,3.834196197313E-02,
    8.864861022221E-03));
#3534 = CARTESIAN_POINT('',(-7.997028083219E-02,3.595155357989E-02,
    9.751337124443E-03));
#3535 = CARTESIAN_POINT('',(-7.997028083219E-02,3.595155357989E-02,
    8.864861022221E-03));
#3536 = CARTESIAN_POINT('',(-8.336443050237E-02,3.321390543352E-02,
    9.751337124443E-03));
#3537 = CARTESIAN_POINT('',(-8.336443050237E-02,3.321390543352E-02,
    8.864861022221E-03));
#3538 = CARTESIAN_POINT('',(-8.645807923151E-02,3.016991009873E-02,
    9.751337124443E-03));
#3539 = CARTESIAN_POINT('',(-8.645807923151E-02,3.016991009873E-02,
    8.864861022221E-03));
#3540 = CARTESIAN_POINT('',(-8.915492754799E-02,2.684077802583E-02,
    9.751337124443E-03));
#3541 = CARTESIAN_POINT('',(-8.915492754799E-02,2.684077802583E-02,
    8.864861022221E-03));
#3542 = CARTESIAN_POINT('',(-9.146384855272E-02,2.327103586651E-02,
    9.751337124443E-03));
#3543 = CARTESIAN_POINT('',(-9.146384855272E-02,2.327103586651E-02,
    8.864861022221E-03));
#3544 = CARTESIAN_POINT('',(-9.332192234585E-02,1.943245801687E-02,
    9.751337124443E-03));
#3545 = CARTESIAN_POINT('',(-9.332192234585E-02,1.943245801687E-02,
    8.864861022221E-03));
#3546 = CARTESIAN_POINT('',(-9.476466117827E-02,1.534572673407E-02,
    9.751337124443E-03));
#3547 = CARTESIAN_POINT('',(-9.476466117827E-02,1.534572673407E-02,
    8.864861022221E-03));
#3548 = CARTESIAN_POINT('',(-9.578630841113E-02,1.101380542275E-02,
    9.751337124443E-03));
#3549 = CARTESIAN_POINT('',(-9.578630841113E-02,1.101380542275E-02,
    8.864861022221E-03));
#3550 = CARTESIAN_POINT('',(-9.643068325363E-02,6.431787649227E-03,
    9.751337124443E-03));
#3551 = CARTESIAN_POINT('',(-9.643068325363E-02,6.431787649227E-03,
    8.864861022221E-03));
#3552 = CARTESIAN_POINT('',(-9.649987477842E-02,3.28967006819E-03,
    9.751337124443E-03));
#3553 = CARTESIAN_POINT('',(-9.649987477842E-02,3.28967006819E-03,
    8.864861022221E-03));
#3554 = CARTESIAN_POINT('',(-9.653526005828E-02,1.682757801095E-03,
    9.751337124443E-03));
#3555 = CARTESIAN_POINT('',(-9.653526005828E-02,1.682757801095E-03,
    8.864861022221E-03));
#3556 = ADVANCED_FACE('',(#3557),#3584,.T.);
#3557 = FACE_BOUND('',#3558,.T.);
#3558 = EDGE_LOOP('',(#3559,#3560,#3561,#3583));
#3559 = ORIENTED_EDGE('',*,*,#2006,.F.);
#3560 = ORIENTED_EDGE('',*,*,#3513,.F.);
#3561 = ORIENTED_EDGE('',*,*,#3562,.T.);
#3562 = EDGE_CURVE('',#3490,#3417,#3563,.T.);
#3563 = B_SPLINE_CURVE_WITH_KNOTS('',3,(#3564,#3565,#3566,#3567,#3568,
    #3569,#3570,#3571,#3572,#3573,#3574,#3575,#3576,#3577,#3578,#3579,
    #3580,#3581,#3582),.UNSPECIFIED.,.F.,.F.,(4,1,1,1,1,1,1,1,1,1,1,1,1,
    1,1,1,4),(0.,6.806869584499E-02,0.133427432819,0.196146033813,
    0.257048592449,0.316882663159,0.376187208666,0.435960335364,
    0.496535236863,0.557465343481,0.61768686341,0.677943640697,
    0.738805284806,0.800949336767,0.86481466747,0.931024781079,1.),
  .UNSPECIFIED.);
#3564 = CARTESIAN_POINT('',(-9.653526005828E-02,1.682757801095E-03,
    9.751337124443E-03));
#3565 = CARTESIAN_POINT('',(-9.649945819592E-02,8.418571736676E-06,
    9.751337124443E-03));
#3566 = CARTESIAN_POINT('',(-9.642927981912E-02,-3.273600897977E-03,
    9.751337124443E-03));
#3567 = CARTESIAN_POINT('',(-9.57878453353E-02,-8.063425866766E-03,
    9.751337124443E-03));
#3568 = CARTESIAN_POINT('',(-9.476390373109E-02,-1.260192048757E-02,
    9.751337124443E-03));
#3569 = CARTESIAN_POINT('',(-9.332659248949E-02,-1.688650635891E-02,
    9.751337124443E-03));
#3570 = CARTESIAN_POINT('',(-9.146569422223E-02,-2.091409310225E-02,
    9.751337124443E-03));
#3571 = CARTESIAN_POINT('',(-8.915845758194E-02,-2.466996620388E-02,
    9.751337124443E-03));
#3572 = CARTESIAN_POINT('',(-8.646706734048E-02,-2.81827629552E-02,
    9.751337124443E-03));
#3573 = CARTESIAN_POINT('',(-8.337308405439E-02,-3.140435515877E-02,
    9.751337124443E-03));
#3574 = CARTESIAN_POINT('',(-7.995136151126E-02,-3.428766869167E-02,
    9.751337124443E-03));
#3575 = CARTESIAN_POINT('',(-7.629244591271E-02,-3.685196146986E-02,
    9.751337124443E-03));
#3576 = CARTESIAN_POINT('',(-7.236489782815E-02,-3.898254700311E-02,
    9.751337124443E-03));
#3577 = CARTESIAN_POINT('',(-6.820226238E-02,-4.072333675649E-02,
    9.751337124443E-03));
#3578 = CARTESIAN_POINT('',(-6.381182002733E-02,-4.210541975712E-02,
    9.751337124443E-03));
#3579 = CARTESIAN_POINT('',(-5.917454317684E-02,-4.304641222981E-02,
    9.751337124443E-03));
#3580 = CARTESIAN_POINT('',(-5.431150720895E-02,-4.366503236257E-02,
    9.751337124443E-03));
#3581 = CARTESIAN_POINT('',(-5.098597069968E-02,-4.372519997139E-02,
    9.751337124443E-03));
#3582 = CARTESIAN_POINT('',(-4.928919188155E-02,-4.375589911539E-02,
    9.751337124443E-03));
#3583 = ORIENTED_EDGE('',*,*,#3416,.T.);
#3584 = B_SPLINE_SURFACE_WITH_KNOTS('',3,1,(
    (#3585,#3586)
    ,(#3587,#3588)
    ,(#3589,#3590)
    ,(#3591,#3592)
    ,(#3593,#3594)
    ,(#3595,#3596)
    ,(#3597,#3598)
    ,(#3599,#3600)
    ,(#3601,#3602)
    ,(#3603,#3604)
    ,(#3605,#3606)
    ,(#3607,#3608)
    ,(#3609,#3610)
    ,(#3611,#3612)
    ,(#3613,#3614)
    ,(#3615,#3616)
    ,(#3617,#3618)
    ,(#3619,#3620)
    ,(#3621,#3622
    )),.UNSPECIFIED.,.F.,.F.,.F.,(4,1,1,1,1,1,1,1,1,1,1,1,1,1,1,1,4),(2,
    2),(0.,6.806869584499E-02,0.133427432819,0.196146033813,
    0.257048592449,0.316882663159,0.376187208666,0.435960335364,
    0.496535236863,0.557465343481,0.61768686341,0.677943640697,
    0.738805284806,0.800949336767,0.86481466747,0.931024781079,1.),(0.,
    1.),.UNSPECIFIED.);
#3585 = CARTESIAN_POINT('',(-9.653526005828E-02,1.682757801095E-03,
    9.751337124443E-03));
#3586 = CARTESIAN_POINT('',(-9.653526005828E-02,1.682757801095E-03,
    8.864861022221E-03));
#3587 = CARTESIAN_POINT('',(-9.649945819592E-02,8.418571736676E-06,
    9.751337124443E-03));
#3588 = CARTESIAN_POINT('',(-9.649945819592E-02,8.418571736676E-06,
    8.864861022221E-03));
#3589 = CARTESIAN_POINT('',(-9.642927981912E-02,-3.273600897977E-03,
    9.751337124443E-03));
#3590 = CARTESIAN_POINT('',(-9.642927981912E-02,-3.273600897977E-03,
    8.864861022221E-03));
#3591 = CARTESIAN_POINT('',(-9.57878453353E-02,-8.063425866766E-03,
    9.751337124443E-03));
#3592 = CARTESIAN_POINT('',(-9.57878453353E-02,-8.063425866766E-03,
    8.864861022221E-03));
#3593 = CARTESIAN_POINT('',(-9.476390373109E-02,-1.260192048757E-02,
    9.751337124443E-03));
#3594 = CARTESIAN_POINT('',(-9.476390373109E-02,-1.260192048757E-02,
    8.864861022221E-03));
#3595 = CARTESIAN_POINT('',(-9.332659248949E-02,-1.688650635891E-02,
    9.751337124443E-03));
#3596 = CARTESIAN_POINT('',(-9.332659248949E-02,-1.688650635891E-02,
    8.864861022221E-03));
#3597 = CARTESIAN_POINT('',(-9.146569422223E-02,-2.091409310225E-02,
    9.751337124443E-03));
#3598 = CARTESIAN_POINT('',(-9.146569422223E-02,-2.091409310225E-02,
    8.864861022221E-03));
#3599 = CARTESIAN_POINT('',(-8.915845758194E-02,-2.466996620388E-02,
    9.751337124443E-03));
#3600 = CARTESIAN_POINT('',(-8.915845758194E-02,-2.466996620388E-02,
    8.864861022221E-03));
#3601 = CARTESIAN_POINT('',(-8.646706734048E-02,-2.81827629552E-02,
    9.751337124443E-03));
#3602 = CARTESIAN_POINT('',(-8.646706734048E-02,-2.81827629552E-02,
    8.864861022221E-03));
#3603 = CARTESIAN_POINT('',(-8.337308405439E-02,-3.140435515877E-02,
    9.751337124443E-03));
#3604 = CARTESIAN_POINT('',(-8.337308405439E-02,-3.140435515877E-02,
    8.864861022221E-03));
#3605 = CARTESIAN_POINT('',(-7.995136151126E-02,-3.428766869167E-02,
    9.751337124443E-03));
#3606 = CARTESIAN_POINT('',(-7.995136151126E-02,-3.428766869167E-02,
    8.864861022221E-03));
#3607 = CARTESIAN_POINT('',(-7.629244591271E-02,-3.685196146986E-02,
    9.751337124443E-03));
#3608 = CARTESIAN_POINT('',(-7.629244591271E-02,-3.685196146986E-02,
    8.864861022221E-03));
#3609 = CARTESIAN_POINT('',(-7.236489782815E-02,-3.898254700311E-02,
    9.751337124443E-03));
#3610 = CARTESIAN_POINT('',(-7.236489782815E-02,-3.898254700311E-02,
    8.864861022221E-03));
#3611 = CARTESIAN_POINT('',(-6.820226238E-02,-4.072333675649E-02,
    9.751337124443E-03));
#3612 = CARTESIAN_POINT('',(-6.820226238E-02,-4.072333675649E-02,
    8.864861022221E-03));
#3613 = CARTESIAN_POINT('',(-6.381182002733E-02,-4.210541975712E-02,
    9.751337124443E-03));
#3614 = CARTESIAN_POINT('',(-6.381182002733E-02,-4.210541975712E-02,
    8.864861022221E-03));
#3615 = CARTESIAN_POINT('',(-5.917454317684E-02,-4.304641222981E-02,
    9.751337124443E-03));
#3616 = CARTESIAN_POINT('',(-5.917454317684E-02,-4.304641222981E-02,
    8.864861022221E-03));
#3617 = CARTESIAN_POINT('',(-5.431150720895E-02,-4.366503236257E-02,
    9.751337124443E-03));
#3618 = CARTESIAN_POINT('',(-5.431150720895E-02,-4.366503236257E-02,
    8.864861022221E-03));
#3619 = CARTESIAN_POINT('',(-5.098597069968E-02,-4.372519997139E-02,
    9.751337124443E-03));
#3620 = CARTESIAN_POINT('',(-5.098597069968E-02,-4.372519997139E-02,
    8.864861022221E-03));
#3621 = CARTESIAN_POINT('',(-4.928919188155E-02,-4.375589911539E-02,
    9.751337124443E-03));
#3622 = CARTESIAN_POINT('',(-4.928919188155E-02,-4.375589911539E-02,
    8.864861022221E-03));
#3623 = ADVANCED_FACE('',(#3624,#3695),#3702,.T.);
#3624 = FACE_BOUND('',#3625,.T.);
#3625 = EDGE_LOOP('',(#3626,#3652,#3676,#3683,#3690));
#3626 = ORIENTED_EDGE('',*,*,#3627,.F.);
#3627 = EDGE_CURVE('',#3628,#3630,#3632,.T.);
#3628 = VERTEX_POINT('',#3629);
#3629 = CARTESIAN_POINT('',(-8.46435074675E-02,1.42938239078E-03,
    9.751337124443E-03));
#3630 = VERTEX_POINT('',#3631);
#3631 = CARTESIAN_POINT('',(-5.015066827662E-02,3.516209535072E-02,
    9.751337124443E-03));
#3632 = B_SPLINE_CURVE_WITH_KNOTS('',3,(#3633,#3634,#3635,#3636,#3637,
    #3638,#3639,#3640,#3641,#3642,#3643,#3644,#3645,#3646,#3647,#3648,
    #3649,#3650,#3651),.UNSPECIFIED.,.F.,.F.,(4,1,1,1,1,1,1,1,1,1,1,1,1,
    1,1,1,4),(0.,7.430379644282E-02,0.144393610364,0.210499496103,
    0.273542606503,0.333824744579,0.392529672409,0.4500874546,
    0.507820611556,0.565464912777,0.623148722334,0.681297192791,
    0.740913498157,0.801855752196,0.865241237721,0.930941657047,1.),
  .UNSPECIFIED.);
#3633 = CARTESIAN_POINT('',(-8.46435074675E-02,1.42938239078E-03,
    9.751337124443E-03));
#3634 = CARTESIAN_POINT('',(-8.461445050219E-02,2.787542244711E-03,
    9.751337124443E-03));
#3635 = CARTESIAN_POINT('',(-8.455798447585E-02,5.426836791552E-03,
    9.751337124443E-03));
#3636 = CARTESIAN_POINT('',(-8.411862793115E-02,9.254729945964E-03,
    9.751337124443E-03));
#3637 = CARTESIAN_POINT('',(-8.338232220627E-02,1.282607401484E-02,
    9.751337124443E-03));
#3638 = CARTESIAN_POINT('',(-8.233549936047E-02,1.613251878374E-02,
    9.751337124443E-03));
#3639 = CARTESIAN_POINT('',(-8.099935556405E-02,1.918681368187E-02,
    9.751337124443E-03));
#3640 = CARTESIAN_POINT('',(-7.935407085543E-02,2.197145925815E-02,
    9.751337124443E-03));
#3641 = CARTESIAN_POINT('',(-7.741239857502E-02,2.450010723164E-02,
    9.751337124443E-03));
#3642 = CARTESIAN_POINT('',(-7.51746183335E-02,2.674374034045E-02,
    9.751337124443E-03));
#3643 = CARTESIAN_POINT('',(-7.269567435909E-02,2.871621764201E-02,
    9.751337124443E-03));
#3644 = CARTESIAN_POINT('',(-7.003651248708E-02,3.045209476986E-02,
    9.751337124443E-03));
#3645 = CARTESIAN_POINT('',(-6.717406523837E-02,3.190960689509E-02,
    9.751337124443E-03));
#3646 = CARTESIAN_POINT('',(-6.4130754494E-02,3.310731820005E-02,
    9.751337124443E-03));
#3647 = CARTESIAN_POINT('',(-6.089628041763E-02,3.404189037936E-02,
    9.751337124443E-03));
#3648 = CARTESIAN_POINT('',(-5.748056618515E-02,3.469057821499E-02,
    9.751337124443E-03));
#3649 = CARTESIAN_POINT('',(-5.387612413928E-02,3.508543858606E-02,
    9.751337124443E-03));
#3650 = CARTESIAN_POINT('',(-5.141294608361E-02,3.513612211782E-02,
    9.751337124443E-03));
#3651 = CARTESIAN_POINT('',(-5.015066827662E-02,3.516209535072E-02,
    9.751337124443E-03));
#3652 = ORIENTED_EDGE('',*,*,#3653,.F.);
#3653 = EDGE_CURVE('',#3654,#3628,#3656,.T.);
#3654 = VERTEX_POINT('',#3655);
#3655 = CARTESIAN_POINT('',(-4.966080915001E-02,-3.40262833593E-02,
    9.751337124443E-03));
#3656 = B_SPLINE_CURVE_WITH_KNOTS('',3,(#3657,#3658,#3659,#3660,#3661,
    #3662,#3663,#3664,#3665,#3666,#3667,#3668,#3669,#3670,#3671,#3672,
    #3673,#3674,#3675),.UNSPECIFIED.,.F.,.F.,(4,1,1,1,1,1,1,1,1,1,1,1,1,
    1,1,1,4),(0.,7.082657255516E-02,0.13816903328,0.202475331534,
    0.263973754414,0.323380320598,0.381797622713,0.439390074519,
    0.496902724546,0.554662169609,0.612741878492,0.671538836391,
    0.73165572209,0.794297811614,0.859482204979,0.927681325453,1.),
  .UNSPECIFIED.);
#3657 = CARTESIAN_POINT('',(-4.966080915001E-02,-3.40262833593E-02,
    9.751337124443E-03));
#3658 = CARTESIAN_POINT('',(-5.099651311347E-02,-3.39974100422E-02,
    9.751337124443E-03));
#3659 = CARTESIAN_POINT('',(-5.360221488218E-02,-3.394108374872E-02,
    9.751337124443E-03));
#3660 = CARTESIAN_POINT('',(-5.739957325E-02,-3.349378549408E-02,
    9.751337124443E-03));
#3661 = CARTESIAN_POINT('',(-6.097356699648E-02,-3.27755098536E-02,
    9.751337124443E-03));
#3662 = CARTESIAN_POINT('',(-6.432466940156E-02,-3.176931561246E-02,
    9.751337124443E-03));
#3663 = CARTESIAN_POINT('',(-6.743836236799E-02,-3.043555729229E-02,
    9.751337124443E-03));
#3664 = CARTESIAN_POINT('',(-7.033976433752E-02,-2.883497163623E-02,
    9.751337124443E-03));
#3665 = CARTESIAN_POINT('',(-7.30089467108E-02,-2.693030510937E-02,
    9.751337124443E-03));
#3666 = CARTESIAN_POINT('',(-7.54350895101E-02,-2.474291994516E-02,
    9.751337124443E-03));
#3667 = CARTESIAN_POINT('',(-7.759762525818E-02,-2.22837084078E-02,
    9.751337124443E-03));
#3668 = CARTESIAN_POINT('',(-7.950553155841E-02,-1.959113978084E-02,
    9.751337124443E-03));
#3669 = CARTESIAN_POINT('',(-8.109068470113E-02,-1.664632862228E-02,
    9.751337124443E-03));
#3670 = CARTESIAN_POINT('',(-8.24033333221E-02,-1.347848062125E-02,
    9.751337124443E-03));
#3671 = CARTESIAN_POINT('',(-8.340638270075E-02,-1.007363582657E-02,
    9.751337124443E-03));
#3672 = CARTESIAN_POINT('',(-8.413349498692E-02,-6.445434236686E-03,
    9.751337124443E-03));
#3673 = CARTESIAN_POINT('',(-8.455346907333E-02,-2.583816804345E-03,
    9.751337124443E-03));
#3674 = CARTESIAN_POINT('',(-8.461291375704E-02,6.575684730666E-05,
    9.751337124443E-03));
#3675 = CARTESIAN_POINT('',(-8.46435074675E-02,1.42938239078E-03,
    9.751337124443E-03));
#3676 = ORIENTED_EDGE('',*,*,#3677,.F.);
#3677 = EDGE_CURVE('',#3678,#3654,#3680,.T.);
#3678 = VERTEX_POINT('',#3679);
#3679 = CARTESIAN_POINT('',(-3.707649710436E-02,-3.40262833593E-02,
    9.751337124443E-03));
#3680 = B_SPLINE_CURVE_WITH_KNOTS('',1,(#3681,#3682),.UNSPECIFIED.,.F.,
  .F.,(2,2),(0.,1.258431204564E-02),.PIECEWISE_BEZIER_KNOTS.);
#3681 = CARTESIAN_POINT('',(-3.707649710436E-02,-3.40262833593E-02,
    9.751337124443E-03));
#3682 = CARTESIAN_POINT('',(-4.966080915001E-02,-3.40262833593E-02,
    9.751337124443E-03));
#3683 = ORIENTED_EDGE('',*,*,#3684,.F.);
#3684 = EDGE_CURVE('',#3685,#3678,#3687,.T.);
#3685 = VERTEX_POINT('',#3686);
#3686 = CARTESIAN_POINT('',(-3.707649710436E-02,3.516209535072E-02,
    9.751337124443E-03));
#3687 = B_SPLINE_CURVE_WITH_KNOTS('',1,(#3688,#3689),.UNSPECIFIED.,.F.,
  .F.,(2,2),(0.,6.918837871001E-02),.PIECEWISE_BEZIER_KNOTS.);
#3688 = CARTESIAN_POINT('',(-3.707649710436E-02,3.516209535072E-02,
    9.751337124443E-03));
#3689 = CARTESIAN_POINT('',(-3.707649710436E-02,-3.40262833593E-02,
    9.751337124443E-03));
#3690 = ORIENTED_EDGE('',*,*,#3691,.F.);
#3691 = EDGE_CURVE('',#3630,#3685,#3692,.T.);
#3692 = B_SPLINE_CURVE_WITH_KNOTS('',1,(#3693,#3694),.UNSPECIFIED.,.F.,
  .F.,(2,2),(0.,1.307417117225E-02),.PIECEWISE_BEZIER_KNOTS.);
#3693 = CARTESIAN_POINT('',(-5.015066827662E-02,3.516209535072E-02,
    9.751337124443E-03));
#3694 = CARTESIAN_POINT('',(-3.707649710436E-02,3.516209535072E-02,
    9.751337124443E-03));
#3695 = FACE_BOUND('',#3696,.T.);
#3696 = EDGE_LOOP('',(#3697,#3698,#3699,#3700,#3701));
#3697 = ORIENTED_EDGE('',*,*,#3423,.F.);
#3698 = ORIENTED_EDGE('',*,*,#3562,.F.);
#3699 = ORIENTED_EDGE('',*,*,#3489,.F.);
#3700 = ORIENTED_EDGE('',*,*,#3467,.F.);
#3701 = ORIENTED_EDGE('',*,*,#3445,.F.);
#3702 = B_SPLINE_SURFACE_WITH_KNOTS('',1,1,(
    (#3703,#3704)
    ,(#3705,#3706
    )),.UNSPECIFIED.,.F.,.F.,.F.,(2,2),(2,2),(-5.786735044282E-02,
    1.348316510188E-02),(-7.715007726777E-02,1.149753295443E-02),
  .PIECEWISE_BEZIER_KNOTS.);
#3703 = CARTESIAN_POINT('',(-2.518474451358E-02,-4.375589911539E-02,
    9.751337124443E-03));
#3704 = CARTESIAN_POINT('',(-2.518474451358E-02,4.489171110681E-02,
    9.751337124443E-03));
#3705 = CARTESIAN_POINT('',(-9.653526005828E-02,-4.375589911539E-02,
    9.751337124443E-03));
#3706 = CARTESIAN_POINT('',(-9.653526005828E-02,4.489171110681E-02,
    9.751337124443E-03));
#3707 = ADVANCED_FACE('',(#3708),#3730,.T.);
#3708 = FACE_BOUND('',#3709,.T.);
#3709 = EDGE_LOOP('',(#3710,#3719,#3724,#3725));
#3710 = ORIENTED_EDGE('',*,*,#3711,.F.);
#3711 = EDGE_CURVE('',#3712,#3714,#3716,.T.);
#3712 = VERTEX_POINT('',#3713);
#3713 = CARTESIAN_POINT('',(-5.015066827662E-02,3.516209535072E-02,
    8.864861022221E-03));
#3714 = VERTEX_POINT('',#3715);
#3715 = CARTESIAN_POINT('',(-3.707649710436E-02,3.516209535072E-02,
    8.864861022221E-03));
#3716 = B_SPLINE_CURVE_WITH_KNOTS('',1,(#3717,#3718),.UNSPECIFIED.,.F.,
  .F.,(2,2),(0.,1.307417117225E-02),.PIECEWISE_BEZIER_KNOTS.);
#3717 = CARTESIAN_POINT('',(-5.015066827662E-02,3.516209535072E-02,
    8.864861022221E-03));
#3718 = CARTESIAN_POINT('',(-3.707649710436E-02,3.516209535072E-02,
    8.864861022221E-03));
#3719 = ORIENTED_EDGE('',*,*,#3720,.F.);
#3720 = EDGE_CURVE('',#3630,#3712,#3721,.T.);
#3721 = B_SPLINE_CURVE_WITH_KNOTS('',1,(#3722,#3723),.UNSPECIFIED.,.F.,
  .F.,(2,2),(-0.,8.864761022221E-04),.PIECEWISE_BEZIER_KNOTS.);
#3722 = CARTESIAN_POINT('',(-5.015066827662E-02,3.516209535072E-02,
    9.751337124443E-03));
#3723 = CARTESIAN_POINT('',(-5.015066827662E-02,3.516209535072E-02,
    8.864861022221E-03));
#3724 = ORIENTED_EDGE('',*,*,#3691,.T.);
#3725 = ORIENTED_EDGE('',*,*,#3726,.T.);
#3726 = EDGE_CURVE('',#3685,#3714,#3727,.T.);
#3727 = B_SPLINE_CURVE_WITH_KNOTS('',1,(#3728,#3729),.UNSPECIFIED.,.F.,
  .F.,(2,2),(-0.,8.864761022221E-04),.PIECEWISE_BEZIER_KNOTS.);
#3728 = CARTESIAN_POINT('',(-3.707649710436E-02,3.516209535072E-02,
    9.751337124443E-03));
#3729 = CARTESIAN_POINT('',(-3.707649710436E-02,3.516209535072E-02,
    8.864861022221E-03));
#3730 = B_SPLINE_SURFACE_WITH_KNOTS('',1,1,(
    (#3731,#3732)
    ,(#3733,#3734
    )),.UNSPECIFIED.,.F.,.F.,.F.,(2,2),(2,2),(-8.864761022221E-04,0.),(
    0.,1.307417117225E-02),.PIECEWISE_BEZIER_KNOTS.);
#3731 = CARTESIAN_POINT('',(-5.015066827662E-02,3.516209535072E-02,
    8.864861022221E-03));
#3732 = CARTESIAN_POINT('',(-3.707649710436E-02,3.516209535072E-02,
    8.864861022221E-03));
#3733 = CARTESIAN_POINT('',(-5.015066827662E-02,3.516209535072E-02,
    9.751337124443E-03));
#3734 = CARTESIAN_POINT('',(-3.707649710436E-02,3.516209535072E-02,
    9.751337124443E-03));
#3735 = ADVANCED_FACE('',(#3736),#3769,.T.);
#3736 = FACE_BOUND('',#3737,.T.);
#3737 = EDGE_LOOP('',(#3738,#3762,#3767,#3768));
#3738 = ORIENTED_EDGE('',*,*,#3739,.F.);
#3739 = EDGE_CURVE('',#3740,#3712,#3742,.T.);
#3740 = VERTEX_POINT('',#3741);
#3741 = CARTESIAN_POINT('',(-8.46435074675E-02,1.42938239078E-03,
    8.864861022221E-03));
#3742 = B_SPLINE_CURVE_WITH_KNOTS('',3,(#3743,#3744,#3745,#3746,#3747,
    #3748,#3749,#3750,#3751,#3752,#3753,#3754,#3755,#3756,#3757,#3758,
    #3759,#3760,#3761),.UNSPECIFIED.,.F.,.F.,(4,1,1,1,1,1,1,1,1,1,1,1,1,
    1,1,1,4),(0.,7.430379644282E-02,0.144393610364,0.210499496103,
    0.273542606503,0.333824744579,0.392529672409,0.4500874546,
    0.507820611556,0.565464912777,0.623148722334,0.681297192791,
    0.740913498157,0.801855752196,0.865241237721,0.930941657047,1.),
  .UNSPECIFIED.);
#3743 = CARTESIAN_POINT('',(-8.46435074675E-02,1.42938239078E-03,
    8.864861022221E-03));
#3744 = CARTESIAN_POINT('',(-8.461445050219E-02,2.787542244711E-03,
    8.864861022221E-03));
#3745 = CARTESIAN_POINT('',(-8.455798447585E-02,5.426836791552E-03,
    8.864861022221E-03));
#3746 = CARTESIAN_POINT('',(-8.411862793115E-02,9.254729945964E-03,
    8.864861022221E-03));
#3747 = CARTESIAN_POINT('',(-8.338232220627E-02,1.282607401484E-02,
    8.864861022221E-03));
#3748 = CARTESIAN_POINT('',(-8.233549936047E-02,1.613251878374E-02,
    8.864861022221E-03));
#3749 = CARTESIAN_POINT('',(-8.099935556405E-02,1.918681368187E-02,
    8.864861022221E-03));
#3750 = CARTESIAN_POINT('',(-7.935407085543E-02,2.197145925815E-02,
    8.864861022221E-03));
#3751 = CARTESIAN_POINT('',(-7.741239857502E-02,2.450010723164E-02,
    8.864861022221E-03));
#3752 = CARTESIAN_POINT('',(-7.51746183335E-02,2.674374034045E-02,
    8.864861022221E-03));
#3753 = CARTESIAN_POINT('',(-7.269567435909E-02,2.871621764201E-02,
    8.864861022221E-03));
#3754 = CARTESIAN_POINT('',(-7.003651248708E-02,3.045209476986E-02,
    8.864861022221E-03));
#3755 = CARTESIAN_POINT('',(-6.717406523837E-02,3.190960689509E-02,
    8.864861022221E-03));
#3756 = CARTESIAN_POINT('',(-6.4130754494E-02,3.310731820005E-02,
    8.864861022221E-03));
#3757 = CARTESIAN_POINT('',(-6.089628041763E-02,3.404189037936E-02,
    8.864861022221E-03));
#3758 = CARTESIAN_POINT('',(-5.748056618515E-02,3.469057821499E-02,
    8.864861022221E-03));
#3759 = CARTESIAN_POINT('',(-5.387612413928E-02,3.508543858606E-02,
    8.864861022221E-03));
#3760 = CARTESIAN_POINT('',(-5.141294608361E-02,3.513612211782E-02,
    8.864861022221E-03));
#3761 = CARTESIAN_POINT('',(-5.015066827662E-02,3.516209535072E-02,
    8.864861022221E-03));
#3762 = ORIENTED_EDGE('',*,*,#3763,.F.);
#3763 = EDGE_CURVE('',#3628,#3740,#3764,.T.);
#3764 = B_SPLINE_CURVE_WITH_KNOTS('',1,(#3765,#3766),.UNSPECIFIED.,.F.,
  .F.,(2,2),(-0.,8.864761022221E-04),.PIECEWISE_BEZIER_KNOTS.);
#3765 = CARTESIAN_POINT('',(-8.46435074675E-02,1.42938239078E-03,
    9.751337124443E-03));
#3766 = CARTESIAN_POINT('',(-8.46435074675E-02,1.42938239078E-03,
    8.864861022221E-03));
#3767 = ORIENTED_EDGE('',*,*,#3627,.T.);
#3768 = ORIENTED_EDGE('',*,*,#3720,.T.);
#3769 = B_SPLINE_SURFACE_WITH_KNOTS('',3,1,(
    (#3770,#3771)
    ,(#3772,#3773)
    ,(#3774,#3775)
    ,(#3776,#3777)
    ,(#3778,#3779)
    ,(#3780,#3781)
    ,(#3782,#3783)
    ,(#3784,#3785)
    ,(#3786,#3787)
    ,(#3788,#3789)
    ,(#3790,#3791)
    ,(#3792,#3793)
    ,(#3794,#3795)
    ,(#3796,#3797)
    ,(#3798,#3799)
    ,(#3800,#3801)
    ,(#3802,#3803)
    ,(#3804,#3805)
    ,(#3806,#3807
    )),.UNSPECIFIED.,.F.,.F.,.F.,(4,1,1,1,1,1,1,1,1,1,1,1,1,1,1,1,4),(2,
    2),(0.,7.430379644282E-02,0.144393610364,0.210499496103,
    0.273542606503,0.333824744579,0.392529672409,0.4500874546,
    0.507820611556,0.565464912777,0.623148722334,0.681297192791,
    0.740913498157,0.801855752196,0.865241237721,0.930941657047,1.),(0.,
    1.),.UNSPECIFIED.);
#3770 = CARTESIAN_POINT('',(-8.46435074675E-02,1.42938239078E-03,
    9.751337124443E-03));
#3771 = CARTESIAN_POINT('',(-8.46435074675E-02,1.42938239078E-03,
    8.864861022221E-03));
#3772 = CARTESIAN_POINT('',(-8.461445050219E-02,2.787542244711E-03,
    9.751337124443E-03));
#3773 = CARTESIAN_POINT('',(-8.461445050219E-02,2.787542244711E-03,
    8.864861022221E-03));
#3774 = CARTESIAN_POINT('',(-8.455798447585E-02,5.426836791552E-03,
    9.751337124443E-03));
#3775 = CARTESIAN_POINT('',(-8.455798447585E-02,5.426836791552E-03,
    8.864861022221E-03));
#3776 = CARTESIAN_POINT('',(-8.411862793115E-02,9.254729945964E-03,
    9.751337124443E-03));
#3777 = CARTESIAN_POINT('',(-8.411862793115E-02,9.254729945964E-03,
    8.864861022221E-03));
#3778 = CARTESIAN_POINT('',(-8.338232220627E-02,1.282607401484E-02,
    9.751337124443E-03));
#3779 = CARTESIAN_POINT('',(-8.338232220627E-02,1.282607401484E-02,
    8.864861022221E-03));
#3780 = CARTESIAN_POINT('',(-8.233549936047E-02,1.613251878374E-02,
    9.751337124443E-03));
#3781 = CARTESIAN_POINT('',(-8.233549936047E-02,1.613251878374E-02,
    8.864861022221E-03));
#3782 = CARTESIAN_POINT('',(-8.099935556405E-02,1.918681368187E-02,
    9.751337124443E-03));
#3783 = CARTESIAN_POINT('',(-8.099935556405E-02,1.918681368187E-02,
    8.864861022221E-03));
#3784 = CARTESIAN_POINT('',(-7.935407085543E-02,2.197145925815E-02,
    9.751337124443E-03));
#3785 = CARTESIAN_POINT('',(-7.935407085543E-02,2.197145925815E-02,
    8.864861022221E-03));
#3786 = CARTESIAN_POINT('',(-7.741239857502E-02,2.450010723164E-02,
    9.751337124443E-03));
#3787 = CARTESIAN_POINT('',(-7.741239857502E-02,2.450010723164E-02,
    8.864861022221E-03));
#3788 = CARTESIAN_POINT('',(-7.51746183335E-02,2.674374034045E-02,
    9.751337124443E-03));
#3789 = CARTESIAN_POINT('',(-7.51746183335E-02,2.674374034045E-02,
    8.864861022221E-03));
#3790 = CARTESIAN_POINT('',(-7.269567435909E-02,2.871621764201E-02,
    9.751337124443E-03));
#3791 = CARTESIAN_POINT('',(-7.269567435909E-02,2.871621764201E-02,
    8.864861022221E-03));
#3792 = CARTESIAN_POINT('',(-7.003651248708E-02,3.045209476986E-02,
    9.751337124443E-03));
#3793 = CARTESIAN_POINT('',(-7.003651248708E-02,3.045209476986E-02,
    8.864861022221E-03));
#3794 = CARTESIAN_POINT('',(-6.717406523837E-02,3.190960689509E-02,
    9.751337124443E-03));
#3795 = CARTESIAN_POINT('',(-6.717406523837E-02,3.190960689509E-02,
    8.864861022221E-03));
#3796 = CARTESIAN_POINT('',(-6.4130754494E-02,3.310731820005E-02,
    9.751337124443E-03));
#3797 = CARTESIAN_POINT('',(-6.4130754494E-02,3.310731820005E-02,
    8.864861022221E-03));
#3798 = CARTESIAN_POINT('',(-6.089628041763E-02,3.404189037936E-02,
    9.751337124443E-03));
#3799 = CARTESIAN_POINT('',(-6.089628041763E-02,3.404189037936E-02,
    8.864861022221E-03));
#3800 = CARTESIAN_POINT('',(-5.748056618515E-02,3.469057821499E-02,
    9.751337124443E-03));
#3801 = CARTESIAN_POINT('',(-5.748056618515E-02,3.469057821499E-02,
    8.864861022221E-03));
#3802 = CARTESIAN_POINT('',(-5.387612413928E-02,3.508543858606E-02,
    9.751337124443E-03));
#3803 = CARTESIAN_POINT('',(-5.387612413928E-02,3.508543858606E-02,
    8.864861022221E-03));
#3804 = CARTESIAN_POINT('',(-5.141294608361E-02,3.513612211782E-02,
    9.751337124443E-03));
#3805 = CARTESIAN_POINT('',(-5.141294608361E-02,3.513612211782E-02,
    8.864861022221E-03));
#3806 = CARTESIAN_POINT('',(-5.015066827662E-02,3.516209535072E-02,
    9.751337124443E-03));
#3807 = CARTESIAN_POINT('',(-5.015066827662E-02,3.516209535072E-02,
    8.864861022221E-03));
#3808 = ADVANCED_FACE('',(#3809),#3842,.T.);
#3809 = FACE_BOUND('',#3810,.T.);
#3810 = EDGE_LOOP('',(#3811,#3835,#3840,#3841));
#3811 = ORIENTED_EDGE('',*,*,#3812,.F.);
#3812 = EDGE_CURVE('',#3813,#3740,#3815,.T.);
#3813 = VERTEX_POINT('',#3814);
#3814 = CARTESIAN_POINT('',(-4.966080915001E-02,-3.40262833593E-02,
    8.864861022221E-03));
#3815 = B_SPLINE_CURVE_WITH_KNOTS('',3,(#3816,#3817,#3818,#3819,#3820,
    #3821,#3822,#3823,#3824,#3825,#3826,#3827,#3828,#3829,#3830,#3831,
    #3832,#3833,#3834),.UNSPECIFIED.,.F.,.F.,(4,1,1,1,1,1,1,1,1,1,1,1,1,
    1,1,1,4),(0.,7.082657255516E-02,0.13816903328,0.202475331534,
    0.263973754414,0.323380320598,0.381797622713,0.439390074519,
    0.496902724546,0.554662169609,0.612741878492,0.671538836391,
    0.73165572209,0.794297811614,0.859482204979,0.927681325453,1.),
  .UNSPECIFIED.);
#3816 = CARTESIAN_POINT('',(-4.966080915001E-02,-3.40262833593E-02,
    8.864861022221E-03));
#3817 = CARTESIAN_POINT('',(-5.099651311347E-02,-3.39974100422E-02,
    8.864861022221E-03));
#3818 = CARTESIAN_POINT('',(-5.360221488218E-02,-3.394108374872E-02,
    8.864861022221E-03));
#3819 = CARTESIAN_POINT('',(-5.739957325E-02,-3.349378549408E-02,
    8.864861022221E-03));
#3820 = CARTESIAN_POINT('',(-6.097356699648E-02,-3.27755098536E-02,
    8.864861022221E-03));
#3821 = CARTESIAN_POINT('',(-6.432466940156E-02,-3.176931561246E-02,
    8.864861022221E-03));
#3822 = CARTESIAN_POINT('',(-6.743836236799E-02,-3.043555729229E-02,
    8.864861022221E-03));
#3823 = CARTESIAN_POINT('',(-7.033976433752E-02,-2.883497163623E-02,
    8.864861022221E-03));
#3824 = CARTESIAN_POINT('',(-7.30089467108E-02,-2.693030510937E-02,
    8.864861022221E-03));
#3825 = CARTESIAN_POINT('',(-7.54350895101E-02,-2.474291994516E-02,
    8.864861022221E-03));
#3826 = CARTESIAN_POINT('',(-7.759762525818E-02,-2.22837084078E-02,
    8.864861022221E-03));
#3827 = CARTESIAN_POINT('',(-7.950553155841E-02,-1.959113978084E-02,
    8.864861022221E-03));
#3828 = CARTESIAN_POINT('',(-8.109068470113E-02,-1.664632862228E-02,
    8.864861022221E-03));
#3829 = CARTESIAN_POINT('',(-8.24033333221E-02,-1.347848062125E-02,
    8.864861022221E-03));
#3830 = CARTESIAN_POINT('',(-8.340638270075E-02,-1.007363582657E-02,
    8.864861022221E-03));
#3831 = CARTESIAN_POINT('',(-8.413349498692E-02,-6.445434236686E-03,
    8.864861022221E-03));
#3832 = CARTESIAN_POINT('',(-8.455346907333E-02,-2.583816804345E-03,
    8.864861022221E-03));
#3833 = CARTESIAN_POINT('',(-8.461291375704E-02,6.575684730666E-05,
    8.864861022221E-03));
#3834 = CARTESIAN_POINT('',(-8.46435074675E-02,1.42938239078E-03,
    8.864861022221E-03));
#3835 = ORIENTED_EDGE('',*,*,#3836,.F.);
#3836 = EDGE_CURVE('',#3654,#3813,#3837,.T.);
#3837 = B_SPLINE_CURVE_WITH_KNOTS('',1,(#3838,#3839),.UNSPECIFIED.,.F.,
  .F.,(2,2),(-0.,8.864761022221E-04),.PIECEWISE_BEZIER_KNOTS.);
#3838 = CARTESIAN_POINT('',(-4.966080915001E-02,-3.40262833593E-02,
    9.751337124443E-03));
#3839 = CARTESIAN_POINT('',(-4.966080915001E-02,-3.40262833593E-02,
    8.864861022221E-03));
#3840 = ORIENTED_EDGE('',*,*,#3653,.T.);
#3841 = ORIENTED_EDGE('',*,*,#3763,.T.);
#3842 = B_SPLINE_SURFACE_WITH_KNOTS('',3,1,(
    (#3843,#3844)
    ,(#3845,#3846)
    ,(#3847,#3848)
    ,(#3849,#3850)
    ,(#3851,#3852)
    ,(#3853,#3854)
    ,(#3855,#3856)
    ,(#3857,#3858)
    ,(#3859,#3860)
    ,(#3861,#3862)
    ,(#3863,#3864)
    ,(#3865,#3866)
    ,(#3867,#3868)
    ,(#3869,#3870)
    ,(#3871,#3872)
    ,(#3873,#3874)
    ,(#3875,#3876)
    ,(#3877,#3878)
    ,(#3879,#3880
    )),.UNSPECIFIED.,.F.,.F.,.F.,(4,1,1,1,1,1,1,1,1,1,1,1,1,1,1,1,4),(2,
    2),(0.,7.082657255516E-02,0.13816903328,0.202475331534,
    0.263973754414,0.323380320598,0.381797622713,0.439390074519,
    0.496902724546,0.554662169609,0.612741878492,0.671538836391,
    0.73165572209,0.794297811614,0.859482204979,0.927681325453,1.),(0.,
    1.),.UNSPECIFIED.);
#3843 = CARTESIAN_POINT('',(-4.966080915001E-02,-3.40262833593E-02,
    9.751337124443E-03));
#3844 = CARTESIAN_POINT('',(-4.966080915001E-02,-3.40262833593E-02,
    8.864861022221E-03));
#3845 = CARTESIAN_POINT('',(-5.099651311347E-02,-3.39974100422E-02,
    9.751337124443E-03));
#3846 = CARTESIAN_POINT('',(-5.099651311347E-02,-3.39974100422E-02,
    8.864861022221E-03));
#3847 = CARTESIAN_POINT('',(-5.360221488218E-02,-3.394108374872E-02,
    9.751337124443E-03));
#3848 = CARTESIAN_POINT('',(-5.360221488218E-02,-3.394108374872E-02,
    8.864861022221E-03));
#3849 = CARTESIAN_POINT('',(-5.739957325E-02,-3.349378549408E-02,
    9.751337124443E-03));
#3850 = CARTESIAN_POINT('',(-5.739957325E-02,-3.349378549408E-02,
    8.864861022221E-03));
#3851 = CARTESIAN_POINT('',(-6.097356699648E-02,-3.27755098536E-02,
    9.751337124443E-03));
#3852 = CARTESIAN_POINT('',(-6.097356699648E-02,-3.27755098536E-02,
    8.864861022221E-03));
#3853 = CARTESIAN_POINT('',(-6.432466940156E-02,-3.176931561246E-02,
    9.751337124443E-03));
#3854 = CARTESIAN_POINT('',(-6.432466940156E-02,-3.176931561246E-02,
    8.864861022221E-03));
#3855 = CARTESIAN_POINT('',(-6.743836236799E-02,-3.043555729229E-02,
    9.751337124443E-03));
#3856 = CARTESIAN_POINT('',(-6.743836236799E-02,-3.043555729229E-02,
    8.864861022221E-03));
#3857 = CARTESIAN_POINT('',(-7.033976433752E-02,-2.883497163623E-02,
    9.751337124443E-03));
#3858 = CARTESIAN_POINT('',(-7.033976433752E-02,-2.883497163623E-02,
    8.864861022221E-03));
#3859 = CARTESIAN_POINT('',(-7.30089467108E-02,-2.693030510937E-02,
    9.751337124443E-03));
#3860 = CARTESIAN_POINT('',(-7.30089467108E-02,-2.693030510937E-02,
    8.864861022221E-03));
#3861 = CARTESIAN_POINT('',(-7.54350895101E-02,-2.474291994516E-02,
    9.751337124443E-03));
#3862 = CARTESIAN_POINT('',(-7.54350895101E-02,-2.474291994516E-02,
    8.864861022221E-03));
#3863 = CARTESIAN_POINT('',(-7.759762525818E-02,-2.22837084078E-02,
    9.751337124443E-03));
#3864 = CARTESIAN_POINT('',(-7.759762525818E-02,-2.22837084078E-02,
    8.864861022221E-03));
#3865 = CARTESIAN_POINT('',(-7.950553155841E-02,-1.959113978084E-02,
    9.751337124443E-03));
#3866 = CARTESIAN_POINT('',(-7.950553155841E-02,-1.959113978084E-02,
    8.864861022221E-03));
#3867 = CARTESIAN_POINT('',(-8.109068470113E-02,-1.664632862228E-02,
    9.751337124443E-03));
#3868 = CARTESIAN_POINT('',(-8.109068470113E-02,-1.664632862228E-02,
    8.864861022221E-03));
#3869 = CARTESIAN_POINT('',(-8.24033333221E-02,-1.347848062125E-02,
    9.751337124443E-03));
#3870 = CARTESIAN_POINT('',(-8.24033333221E-02,-1.347848062125E-02,
    8.864861022221E-03));
#3871 = CARTESIAN_POINT('',(-8.340638270075E-02,-1.007363582657E-02,
    9.751337124443E-03));
#3872 = CARTESIAN_POINT('',(-8.340638270075E-02,-1.007363582657E-02,
    8.864861022221E-03));
#3873 = CARTESIAN_POINT('',(-8.413349498692E-02,-6.445434236686E-03,
    9.751337124443E-03));
#3874 = CARTESIAN_POINT('',(-8.413349498692E-02,-6.445434236686E-03,
    8.864861022221E-03));
#3875 = CARTESIAN_POINT('',(-8.455346907333E-02,-2.583816804345E-03,
    9.751337124443E-03));
#3876 = CARTESIAN_POINT('',(-8.455346907333E-02,-2.583816804345E-03,
    8.864861022221E-03));
#3877 = CARTESIAN_POINT('',(-8.461291375704E-02,6.575684730666E-05,
    9.751337124443E-03));
#3878 = CARTESIAN_POINT('',(-8.461291375704E-02,6.575684730666E-05,
    8.864861022221E-03));
#3879 = CARTESIAN_POINT('',(-8.46435074675E-02,1.42938239078E-03,
    9.751337124443E-03));
#3880 = CARTESIAN_POINT('',(-8.46435074675E-02,1.42938239078E-03,
    8.864861022221E-03));
#3881 = ADVANCED_FACE('',(#3882),#3898,.T.);
#3882 = FACE_BOUND('',#3883,.T.);
#3883 = EDGE_LOOP('',(#3884,#3891,#3896,#3897));
#3884 = ORIENTED_EDGE('',*,*,#3885,.F.);
#3885 = EDGE_CURVE('',#3886,#3813,#3888,.T.);
#3886 = VERTEX_POINT('',#3887);
#3887 = CARTESIAN_POINT('',(-3.707649710436E-02,-3.40262833593E-02,
    8.864861022221E-03));
#3888 = B_SPLINE_CURVE_WITH_KNOTS('',1,(#3889,#3890),.UNSPECIFIED.,.F.,
  .F.,(2,2),(0.,1.258431204564E-02),.PIECEWISE_BEZIER_KNOTS.);
#3889 = CARTESIAN_POINT('',(-3.707649710436E-02,-3.40262833593E-02,
    8.864861022221E-03));
#3890 = CARTESIAN_POINT('',(-4.966080915001E-02,-3.40262833593E-02,
    8.864861022221E-03));
#3891 = ORIENTED_EDGE('',*,*,#3892,.F.);
#3892 = EDGE_CURVE('',#3678,#3886,#3893,.T.);
#3893 = B_SPLINE_CURVE_WITH_KNOTS('',1,(#3894,#3895),.UNSPECIFIED.,.F.,
  .F.,(2,2),(-0.,8.864761022221E-04),.PIECEWISE_BEZIER_KNOTS.);
#3894 = CARTESIAN_POINT('',(-3.707649710436E-02,-3.40262833593E-02,
    9.751337124443E-03));
#3895 = CARTESIAN_POINT('',(-3.707649710436E-02,-3.40262833593E-02,
    8.864861022221E-03));
#3896 = ORIENTED_EDGE('',*,*,#3677,.T.);
#3897 = ORIENTED_EDGE('',*,*,#3836,.T.);
#3898 = B_SPLINE_SURFACE_WITH_KNOTS('',1,1,(
    (#3899,#3900)
    ,(#3901,#3902
    )),.UNSPECIFIED.,.F.,.F.,.F.,(2,2),(2,2),(0.,8.864761022221E-04),(
    -1.258431204564E-02,0.),.PIECEWISE_BEZIER_KNOTS.);
#3899 = CARTESIAN_POINT('',(-4.966080915001E-02,-3.40262833593E-02,
    9.751337124443E-03));
#3900 = CARTESIAN_POINT('',(-3.707649710436E-02,-3.40262833593E-02,
    9.751337124443E-03));
#3901 = CARTESIAN_POINT('',(-4.966080915001E-02,-3.40262833593E-02,
    8.864861022221E-03));
#3902 = CARTESIAN_POINT('',(-3.707649710436E-02,-3.40262833593E-02,
    8.864861022221E-03));
#3903 = ADVANCED_FACE('',(#3904),#3914,.T.);
#3904 = FACE_BOUND('',#3905,.T.);
#3905 = EDGE_LOOP('',(#3906,#3911,#3912,#3913));
#3906 = ORIENTED_EDGE('',*,*,#3907,.F.);
#3907 = EDGE_CURVE('',#3714,#3886,#3908,.T.);
#3908 = B_SPLINE_CURVE_WITH_KNOTS('',1,(#3909,#3910),.UNSPECIFIED.,.F.,
  .F.,(2,2),(0.,6.918837871001E-02),.PIECEWISE_BEZIER_KNOTS.);
#3909 = CARTESIAN_POINT('',(-3.707649710436E-02,3.516209535072E-02,
    8.864861022221E-03));
#3910 = CARTESIAN_POINT('',(-3.707649710436E-02,-3.40262833593E-02,
    8.864861022221E-03));
#3911 = ORIENTED_EDGE('',*,*,#3726,.F.);
#3912 = ORIENTED_EDGE('',*,*,#3684,.T.);
#3913 = ORIENTED_EDGE('',*,*,#3892,.T.);
#3914 = B_SPLINE_SURFACE_WITH_KNOTS('',1,1,(
    (#3915,#3916)
    ,(#3917,#3918
    )),.UNSPECIFIED.,.F.,.F.,.F.,(2,2),(2,2),(0.,8.864761022221E-04),(
    -6.918837871001E-02,0.),.PIECEWISE_BEZIER_KNOTS.);
#3915 = CARTESIAN_POINT('',(-3.707649710436E-02,-3.40262833593E-02,
    9.751337124443E-03));
#3916 = CARTESIAN_POINT('',(-3.707649710436E-02,3.516209535072E-02,
    9.751337124443E-03));
#3917 = CARTESIAN_POINT('',(-3.707649710436E-02,-3.40262833593E-02,
    8.864861022221E-03));
#3918 = CARTESIAN_POINT('',(-3.707649710436E-02,3.516209535072E-02,
    8.864861022221E-03));
#3919 = ADVANCED_FACE('',(#3920),#3942,.T.);
#3920 = FACE_BOUND('',#3921,.T.);
#3921 = EDGE_LOOP('',(#3922,#3923,#3930,#3937));
#3922 = ORIENTED_EDGE('',*,*,#2088,.F.);
#3923 = ORIENTED_EDGE('',*,*,#3924,.F.);
#3924 = EDGE_CURVE('',#3925,#2089,#3927,.T.);
#3925 = VERTEX_POINT('',#3926);
#3926 = CARTESIAN_POINT('',(-7.887649836076E-03,-3.40262833593E-02,
    9.751337124443E-03));
#3927 = B_SPLINE_CURVE_WITH_KNOTS('',1,(#3928,#3929),.UNSPECIFIED.,.F.,
  .F.,(2,2),(-0.,8.864761022221E-04),.PIECEWISE_BEZIER_KNOTS.);
#3928 = CARTESIAN_POINT('',(-7.887649836076E-03,-3.40262833593E-02,
    9.751337124443E-03));
#3929 = CARTESIAN_POINT('',(-7.887649836076E-03,-3.40262833593E-02,
    8.864861022221E-03));
#3930 = ORIENTED_EDGE('',*,*,#3931,.T.);
#3931 = EDGE_CURVE('',#3925,#3932,#3934,.T.);
#3932 = VERTEX_POINT('',#3933);
#3933 = CARTESIAN_POINT('',(-7.887649836076E-03,-4.375589911539E-02,
    9.751337124443E-03));
#3934 = B_SPLINE_CURVE_WITH_KNOTS('',1,(#3935,#3936),.UNSPECIFIED.,.F.,
  .F.,(2,2),(0.,9.729615756096E-03),.PIECEWISE_BEZIER_KNOTS.);
#3935 = CARTESIAN_POINT('',(-7.887649836076E-03,-3.40262833593E-02,
    9.751337124443E-03));
#3936 = CARTESIAN_POINT('',(-7.887649836076E-03,-4.375589911539E-02,
    9.751337124443E-03));
#3937 = ORIENTED_EDGE('',*,*,#3938,.T.);
#3938 = EDGE_CURVE('',#3932,#2091,#3939,.T.);
#3939 = B_SPLINE_CURVE_WITH_KNOTS('',1,(#3940,#3941),.UNSPECIFIED.,.F.,
  .F.,(2,2),(-0.,8.864761022221E-04),.PIECEWISE_BEZIER_KNOTS.);
#3940 = CARTESIAN_POINT('',(-7.887649836076E-03,-4.375589911539E-02,
    9.751337124443E-03));
#3941 = CARTESIAN_POINT('',(-7.887649836076E-03,-4.375589911539E-02,
    8.864861022221E-03));
#3942 = B_SPLINE_SURFACE_WITH_KNOTS('',1,1,(
    (#3943,#3944)
    ,(#3945,#3946
    )),.UNSPECIFIED.,.F.,.F.,.F.,(2,2),(2,2),(0.,8.864761022221E-04),(
    -9.729615756096E-03,0.),.PIECEWISE_BEZIER_KNOTS.);
#3943 = CARTESIAN_POINT('',(-7.887649836076E-03,-4.375589911539E-02,
    9.751337124443E-03));
#3944 = CARTESIAN_POINT('',(-7.887649836076E-03,-3.40262833593E-02,
    9.751337124443E-03));
#3945 = CARTESIAN_POINT('',(-7.887649836076E-03,-4.375589911539E-02,
    8.864861022221E-03));
#3946 = CARTESIAN_POINT('',(-7.887649836076E-03,-3.40262833593E-02,
    8.864861022221E-03));
#3947 = ADVANCED_FACE('',(#3948),#3964,.T.);
#3948 = FACE_BOUND('',#3949,.T.);
#3949 = EDGE_LOOP('',(#3950,#3951,#3952,#3959));
#3950 = ORIENTED_EDGE('',*,*,#2097,.F.);
#3951 = ORIENTED_EDGE('',*,*,#3938,.F.);
#3952 = ORIENTED_EDGE('',*,*,#3953,.T.);
#3953 = EDGE_CURVE('',#3932,#3954,#3956,.T.);
#3954 = VERTEX_POINT('',#3955);
#3955 = CARTESIAN_POINT('',(3.967936052706E-02,-4.375589911539E-02,
    9.751337124443E-03));
#3956 = B_SPLINE_CURVE_WITH_KNOTS('',1,(#3957,#3958),.UNSPECIFIED.,.F.,
  .F.,(2,2),(0.,4.756701036314E-02),.PIECEWISE_BEZIER_KNOTS.);
#3957 = CARTESIAN_POINT('',(-7.887649836076E-03,-4.375589911539E-02,
    9.751337124443E-03));
#3958 = CARTESIAN_POINT('',(3.967936052706E-02,-4.375589911539E-02,
    9.751337124443E-03));
#3959 = ORIENTED_EDGE('',*,*,#3960,.T.);
#3960 = EDGE_CURVE('',#3954,#2098,#3961,.T.);
#3961 = B_SPLINE_CURVE_WITH_KNOTS('',1,(#3962,#3963),.UNSPECIFIED.,.F.,
  .F.,(2,2),(-0.,8.864761022221E-04),.PIECEWISE_BEZIER_KNOTS.);
#3962 = CARTESIAN_POINT('',(3.967936052706E-02,-4.375589911539E-02,
    9.751337124443E-03));
#3963 = CARTESIAN_POINT('',(3.967936052706E-02,-4.375589911539E-02,
    8.864861022221E-03));
#3964 = B_SPLINE_SURFACE_WITH_KNOTS('',1,1,(
    (#3965,#3966)
    ,(#3967,#3968
    )),.UNSPECIFIED.,.F.,.F.,.F.,(2,2),(2,2),(-8.864761022221E-04,0.),(
    0.,4.756701036314E-02),.PIECEWISE_BEZIER_KNOTS.);
#3965 = CARTESIAN_POINT('',(-7.887649836076E-03,-4.375589911539E-02,
    8.864861022221E-03));
#3966 = CARTESIAN_POINT('',(3.967936052706E-02,-4.375589911539E-02,
    8.864861022221E-03));
#3967 = CARTESIAN_POINT('',(-7.887649836076E-03,-4.375589911539E-02,
    9.751337124443E-03));
#3968 = CARTESIAN_POINT('',(3.967936052706E-02,-4.375589911539E-02,
    9.751337124443E-03));
#3969 = ADVANCED_FACE('',(#3970),#3986,.T.);
#3970 = FACE_BOUND('',#3971,.T.);
#3971 = EDGE_LOOP('',(#3972,#3973,#3974,#3981));
#3972 = ORIENTED_EDGE('',*,*,#2104,.F.);
#3973 = ORIENTED_EDGE('',*,*,#3960,.F.);
#3974 = ORIENTED_EDGE('',*,*,#3975,.T.);
#3975 = EDGE_CURVE('',#3954,#3976,#3978,.T.);
#3976 = VERTEX_POINT('',#3977);
#3977 = CARTESIAN_POINT('',(3.967936052706E-02,4.489171110681E-02,
    9.751337124443E-03));
#3978 = B_SPLINE_CURVE_WITH_KNOTS('',1,(#3979,#3980),.UNSPECIFIED.,.F.,
  .F.,(2,2),(0.,8.864761022221E-02),.PIECEWISE_BEZIER_KNOTS.);
#3979 = CARTESIAN_POINT('',(3.967936052706E-02,-4.375589911539E-02,
    9.751337124443E-03));
#3980 = CARTESIAN_POINT('',(3.967936052706E-02,4.489171110681E-02,
    9.751337124443E-03));
#3981 = ORIENTED_EDGE('',*,*,#3982,.T.);
#3982 = EDGE_CURVE('',#3976,#2105,#3983,.T.);
#3983 = B_SPLINE_CURVE_WITH_KNOTS('',1,(#3984,#3985),.UNSPECIFIED.,.F.,
  .F.,(2,2),(-0.,8.864761022221E-04),.PIECEWISE_BEZIER_KNOTS.);
#3984 = CARTESIAN_POINT('',(3.967936052706E-02,4.489171110681E-02,
    9.751337124443E-03));
#3985 = CARTESIAN_POINT('',(3.967936052706E-02,4.489171110681E-02,
    8.864861022221E-03));
#3986 = B_SPLINE_SURFACE_WITH_KNOTS('',1,1,(
    (#3987,#3988)
    ,(#3989,#3990
    )),.UNSPECIFIED.,.F.,.F.,.F.,(2,2),(2,2),(-8.864761022221E-04,0.),(
    0.,8.864761022221E-02),.PIECEWISE_BEZIER_KNOTS.);
#3987 = CARTESIAN_POINT('',(3.967936052706E-02,-4.375589911539E-02,
    8.864861022221E-03));
#3988 = CARTESIAN_POINT('',(3.967936052706E-02,4.489171110681E-02,
    8.864861022221E-03));
#3989 = CARTESIAN_POINT('',(3.967936052706E-02,-4.375589911539E-02,
    9.751337124443E-03));
#3990 = CARTESIAN_POINT('',(3.967936052706E-02,4.489171110681E-02,
    9.751337124443E-03));
#3991 = ADVANCED_FACE('',(#3992),#4008,.T.);
#3992 = FACE_BOUND('',#3993,.T.);
#3993 = EDGE_LOOP('',(#3994,#3995,#3996,#4003));
#3994 = ORIENTED_EDGE('',*,*,#2111,.F.);
#3995 = ORIENTED_EDGE('',*,*,#3982,.F.);
#3996 = ORIENTED_EDGE('',*,*,#3997,.T.);
#3997 = EDGE_CURVE('',#3976,#3998,#4000,.T.);
#3998 = VERTEX_POINT('',#3999);
#3999 = CARTESIAN_POINT('',(-5.725513001388E-03,4.489171110681E-02,
    9.751337124443E-03));
#4000 = B_SPLINE_CURVE_WITH_KNOTS('',1,(#4001,#4002),.UNSPECIFIED.,.F.,
  .F.,(2,2),(0.,4.540487352845E-02),.PIECEWISE_BEZIER_KNOTS.);
#4001 = CARTESIAN_POINT('',(3.967936052706E-02,4.489171110681E-02,
    9.751337124443E-03));
#4002 = CARTESIAN_POINT('',(-5.725513001388E-03,4.489171110681E-02,
    9.751337124443E-03));
#4003 = ORIENTED_EDGE('',*,*,#4004,.T.);
#4004 = EDGE_CURVE('',#3998,#2112,#4005,.T.);
#4005 = B_SPLINE_CURVE_WITH_KNOTS('',1,(#4006,#4007),.UNSPECIFIED.,.F.,
  .F.,(2,2),(-0.,8.864761022221E-04),.PIECEWISE_BEZIER_KNOTS.);
#4006 = CARTESIAN_POINT('',(-5.725513001388E-03,4.489171110681E-02,
    9.751337124443E-03));
#4007 = CARTESIAN_POINT('',(-5.725513001388E-03,4.489171110681E-02,
    8.864861022221E-03));
#4008 = B_SPLINE_SURFACE_WITH_KNOTS('',1,1,(
    (#4009,#4010)
    ,(#4011,#4012
    )),.UNSPECIFIED.,.F.,.F.,.F.,(2,2),(2,2),(0.,8.864761022221E-04),(
    -4.540487352845E-02,0.),.PIECEWISE_BEZIER_KNOTS.);
#4009 = CARTESIAN_POINT('',(-5.725513001388E-03,4.489171110681E-02,
    9.751337124443E-03));
#4010 = CARTESIAN_POINT('',(3.967936052706E-02,4.489171110681E-02,
    9.751337124443E-03));
#4011 = CARTESIAN_POINT('',(-5.725513001388E-03,4.489171110681E-02,
    8.864861022221E-03));
#4012 = CARTESIAN_POINT('',(3.967936052706E-02,4.489171110681E-02,
    8.864861022221E-03));
#4013 = ADVANCED_FACE('',(#4014),#4030,.T.);
#4014 = FACE_BOUND('',#4015,.T.);
#4015 = EDGE_LOOP('',(#4016,#4017,#4018,#4025));
#4016 = ORIENTED_EDGE('',*,*,#2118,.F.);
#4017 = ORIENTED_EDGE('',*,*,#4004,.F.);
#4018 = ORIENTED_EDGE('',*,*,#4019,.T.);
#4019 = EDGE_CURVE('',#3998,#4020,#4022,.T.);
#4020 = VERTEX_POINT('',#4021);
#4021 = CARTESIAN_POINT('',(-5.725513001388E-03,3.516209535072E-02,
    9.751337124443E-03));
#4022 = B_SPLINE_CURVE_WITH_KNOTS('',1,(#4023,#4024),.UNSPECIFIED.,.F.,
  .F.,(2,2),(0.,9.729615756096E-03),.PIECEWISE_BEZIER_KNOTS.);
#4023 = CARTESIAN_POINT('',(-5.725513001388E-03,4.489171110681E-02,
    9.751337124443E-03));
#4024 = CARTESIAN_POINT('',(-5.725513001388E-03,3.516209535072E-02,
    9.751337124443E-03));
#4025 = ORIENTED_EDGE('',*,*,#4026,.T.);
#4026 = EDGE_CURVE('',#4020,#2119,#4027,.T.);
#4027 = B_SPLINE_CURVE_WITH_KNOTS('',1,(#4028,#4029),.UNSPECIFIED.,.F.,
  .F.,(2,2),(-0.,8.864761022221E-04),.PIECEWISE_BEZIER_KNOTS.);
#4028 = CARTESIAN_POINT('',(-5.725513001388E-03,3.516209535072E-02,
    9.751337124443E-03));
#4029 = CARTESIAN_POINT('',(-5.725513001388E-03,3.516209535072E-02,
    8.864861022221E-03));
#4030 = B_SPLINE_SURFACE_WITH_KNOTS('',1,1,(
    (#4031,#4032)
    ,(#4033,#4034
    )),.UNSPECIFIED.,.F.,.F.,.F.,(2,2),(2,2),(0.,8.864761022221E-04),(
    -9.729615756096E-03,0.),.PIECEWISE_BEZIER_KNOTS.);
#4031 = CARTESIAN_POINT('',(-5.725513001388E-03,3.516209535072E-02,
    9.751337124443E-03));
#4032 = CARTESIAN_POINT('',(-5.725513001388E-03,4.489171110681E-02,
    9.751337124443E-03));
#4033 = CARTESIAN_POINT('',(-5.725513001388E-03,3.516209535072E-02,
    8.864861022221E-03));
#4034 = CARTESIAN_POINT('',(-5.725513001388E-03,4.489171110681E-02,
    8.864861022221E-03));
#4035 = ADVANCED_FACE('',(#4036),#4052,.T.);
#4036 = FACE_BOUND('',#4037,.T.);
#4037 = EDGE_LOOP('',(#4038,#4039,#4040,#4047));
#4038 = ORIENTED_EDGE('',*,*,#2125,.F.);
#4039 = ORIENTED_EDGE('',*,*,#4026,.F.);
#4040 = ORIENTED_EDGE('',*,*,#4041,.T.);
#4041 = EDGE_CURVE('',#4020,#4042,#4044,.T.);
#4042 = VERTEX_POINT('',#4043);
#4043 = CARTESIAN_POINT('',(2.778760793628E-02,3.516209535072E-02,
    9.751337124443E-03));
#4044 = B_SPLINE_CURVE_WITH_KNOTS('',1,(#4045,#4046),.UNSPECIFIED.,.F.,
  .F.,(2,2),(0.,3.351312093766E-02),.PIECEWISE_BEZIER_KNOTS.);
#4045 = CARTESIAN_POINT('',(-5.725513001388E-03,3.516209535072E-02,
    9.751337124443E-03));
#4046 = CARTESIAN_POINT('',(2.778760793628E-02,3.516209535072E-02,
    9.751337124443E-03));
#4047 = ORIENTED_EDGE('',*,*,#4048,.T.);
#4048 = EDGE_CURVE('',#4042,#2126,#4049,.T.);
#4049 = B_SPLINE_CURVE_WITH_KNOTS('',1,(#4050,#4051),.UNSPECIFIED.,.F.,
  .F.,(2,2),(-0.,8.864761022221E-04),.PIECEWISE_BEZIER_KNOTS.);
#4050 = CARTESIAN_POINT('',(2.778760793628E-02,3.516209535072E-02,
    9.751337124443E-03));
#4051 = CARTESIAN_POINT('',(2.778760793628E-02,3.516209535072E-02,
    8.864861022221E-03));
#4052 = B_SPLINE_SURFACE_WITH_KNOTS('',1,1,(
    (#4053,#4054)
    ,(#4055,#4056
    )),.UNSPECIFIED.,.F.,.F.,.F.,(2,2),(2,2),(-8.864761022221E-04,0.),(
    0.,3.351312093766E-02),.PIECEWISE_BEZIER_KNOTS.);
#4053 = CARTESIAN_POINT('',(-5.725513001388E-03,3.516209535072E-02,
    8.864861022221E-03));
#4054 = CARTESIAN_POINT('',(2.778760793628E-02,3.516209535072E-02,
    8.864861022221E-03));
#4055 = CARTESIAN_POINT('',(-5.725513001388E-03,3.516209535072E-02,
    9.751337124443E-03));
#4056 = CARTESIAN_POINT('',(2.778760793628E-02,3.516209535072E-02,
    9.751337124443E-03));
#4057 = ADVANCED_FACE('',(#4058),#4074,.T.);
#4058 = FACE_BOUND('',#4059,.T.);
#4059 = EDGE_LOOP('',(#4060,#4061,#4062,#4069));
#4060 = ORIENTED_EDGE('',*,*,#2132,.F.);
#4061 = ORIENTED_EDGE('',*,*,#4048,.F.);
#4062 = ORIENTED_EDGE('',*,*,#4063,.T.);
#4063 = EDGE_CURVE('',#4042,#4064,#4066,.T.);
#4064 = VERTEX_POINT('',#4065);
#4065 = CARTESIAN_POINT('',(2.778760793628E-02,5.973248082428E-03,
    9.751337124443E-03));
#4066 = B_SPLINE_CURVE_WITH_KNOTS('',1,(#4067,#4068),.UNSPECIFIED.,.F.,
  .F.,(2,2),(0.,2.918884726829E-02),.PIECEWISE_BEZIER_KNOTS.);
#4067 = CARTESIAN_POINT('',(2.778760793628E-02,3.516209535072E-02,
    9.751337124443E-03));
#4068 = CARTESIAN_POINT('',(2.778760793628E-02,5.973248082428E-03,
    9.751337124443E-03));
#4069 = ORIENTED_EDGE('',*,*,#4070,.T.);
#4070 = EDGE_CURVE('',#4064,#2133,#4071,.T.);
#4071 = B_SPLINE_CURVE_WITH_KNOTS('',1,(#4072,#4073),.UNSPECIFIED.,.F.,
  .F.,(2,2),(-0.,8.864761022221E-04),.PIECEWISE_BEZIER_KNOTS.);
#4072 = CARTESIAN_POINT('',(2.778760793628E-02,5.973248082428E-03,
    9.751337124443E-03));
#4073 = CARTESIAN_POINT('',(2.778760793628E-02,5.973248082428E-03,
    8.864861022221E-03));
#4074 = B_SPLINE_SURFACE_WITH_KNOTS('',1,1,(
    (#4075,#4076)
    ,(#4077,#4078
    )),.UNSPECIFIED.,.F.,.F.,.F.,(2,2),(2,2),(0.,8.864761022221E-04),(
    -2.918884726829E-02,0.),.PIECEWISE_BEZIER_KNOTS.);
#4075 = CARTESIAN_POINT('',(2.778760793628E-02,5.973248082428E-03,
    9.751337124443E-03));
#4076 = CARTESIAN_POINT('',(2.778760793628E-02,3.516209535072E-02,
    9.751337124443E-03));
#4077 = CARTESIAN_POINT('',(2.778760793628E-02,5.973248082428E-03,
    8.864861022221E-03));
#4078 = CARTESIAN_POINT('',(2.778760793628E-02,3.516209535072E-02,
    8.864861022221E-03));
#4079 = ADVANCED_FACE('',(#4080),#4096,.T.);
#4080 = FACE_BOUND('',#4081,.T.);
#4081 = EDGE_LOOP('',(#4082,#4083,#4084,#4091));
#4082 = ORIENTED_EDGE('',*,*,#2139,.F.);
#4083 = ORIENTED_EDGE('',*,*,#4070,.F.);
#4084 = ORIENTED_EDGE('',*,*,#4085,.T.);
#4085 = EDGE_CURVE('',#4064,#4086,#4088,.T.);
#4086 = VERTEX_POINT('',#4087);
#4087 = CARTESIAN_POINT('',(-3.5633761667E-03,5.973248082428E-03,
    9.751337124443E-03));
#4088 = B_SPLINE_CURVE_WITH_KNOTS('',1,(#4089,#4090),.UNSPECIFIED.,.F.,
  .F.,(2,2),(0.,3.135098410298E-02),.PIECEWISE_BEZIER_KNOTS.);
#4089 = CARTESIAN_POINT('',(2.778760793628E-02,5.973248082428E-03,
    9.751337124443E-03));
#4090 = CARTESIAN_POINT('',(-3.5633761667E-03,5.973248082428E-03,
    9.751337124443E-03));
#4091 = ORIENTED_EDGE('',*,*,#4092,.T.);
#4092 = EDGE_CURVE('',#4086,#2140,#4093,.T.);
#4093 = B_SPLINE_CURVE_WITH_KNOTS('',1,(#4094,#4095),.UNSPECIFIED.,.F.,
  .F.,(2,2),(-0.,8.864761022221E-04),.PIECEWISE_BEZIER_KNOTS.);
#4094 = CARTESIAN_POINT('',(-3.5633761667E-03,5.973248082428E-03,
    9.751337124443E-03));
#4095 = CARTESIAN_POINT('',(-3.5633761667E-03,5.973248082428E-03,
    8.864861022221E-03));
#4096 = B_SPLINE_SURFACE_WITH_KNOTS('',1,1,(
    (#4097,#4098)
    ,(#4099,#4100
    )),.UNSPECIFIED.,.F.,.F.,.F.,(2,2),(2,2),(0.,8.864761022221E-04),(
    -3.135098410298E-02,0.),.PIECEWISE_BEZIER_KNOTS.);
#4097 = CARTESIAN_POINT('',(-3.5633761667E-03,5.973248082428E-03,
    9.751337124443E-03));
#4098 = CARTESIAN_POINT('',(2.778760793628E-02,5.973248082428E-03,
    9.751337124443E-03));
#4099 = CARTESIAN_POINT('',(-3.5633761667E-03,5.973248082428E-03,
    8.864861022221E-03));
#4100 = CARTESIAN_POINT('',(2.778760793628E-02,5.973248082428E-03,
    8.864861022221E-03));
#4101 = ADVANCED_FACE('',(#4102),#4118,.T.);
#4102 = FACE_BOUND('',#4103,.T.);
#4103 = EDGE_LOOP('',(#4104,#4105,#4106,#4113));
#4104 = ORIENTED_EDGE('',*,*,#2146,.F.);
#4105 = ORIENTED_EDGE('',*,*,#4092,.F.);
#4106 = ORIENTED_EDGE('',*,*,#4107,.T.);
#4107 = EDGE_CURVE('',#4086,#4108,#4110,.T.);
#4108 = VERTEX_POINT('',#4109);
#4109 = CARTESIAN_POINT('',(-3.5633761667E-03,-3.756367673667E-03,
    9.751337124443E-03));
#4110 = B_SPLINE_CURVE_WITH_KNOTS('',1,(#4111,#4112),.UNSPECIFIED.,.F.,
  .F.,(2,2),(0.,9.729615756096E-03),.PIECEWISE_BEZIER_KNOTS.);
#4111 = CARTESIAN_POINT('',(-3.5633761667E-03,5.973248082428E-03,
    9.751337124443E-03));
#4112 = CARTESIAN_POINT('',(-3.5633761667E-03,-3.756367673667E-03,
    9.751337124443E-03));
#4113 = ORIENTED_EDGE('',*,*,#4114,.T.);
#4114 = EDGE_CURVE('',#4108,#2147,#4115,.T.);
#4115 = B_SPLINE_CURVE_WITH_KNOTS('',1,(#4116,#4117),.UNSPECIFIED.,.F.,
  .F.,(2,2),(-0.,8.864761022221E-04),.PIECEWISE_BEZIER_KNOTS.);
#4116 = CARTESIAN_POINT('',(-3.5633761667E-03,-3.756367673667E-03,
    9.751337124443E-03));
#4117 = CARTESIAN_POINT('',(-3.5633761667E-03,-3.756367673667E-03,
    8.864861022221E-03));
#4118 = B_SPLINE_SURFACE_WITH_KNOTS('',1,1,(
    (#4119,#4120)
    ,(#4121,#4122
    )),.UNSPECIFIED.,.F.,.F.,.F.,(2,2),(2,2),(0.,8.864761022221E-04),(
    -9.729615756096E-03,0.),.PIECEWISE_BEZIER_KNOTS.);
#4119 = CARTESIAN_POINT('',(-3.5633761667E-03,-3.756367673667E-03,
    9.751337124443E-03));
#4120 = CARTESIAN_POINT('',(-3.5633761667E-03,5.973248082428E-03,
    9.751337124443E-03));
#4121 = CARTESIAN_POINT('',(-3.5633761667E-03,-3.756367673667E-03,
    8.864861022221E-03));
#4122 = CARTESIAN_POINT('',(-3.5633761667E-03,5.973248082428E-03,
    8.864861022221E-03));
#4123 = ADVANCED_FACE('',(#4124),#4140,.T.);
#4124 = FACE_BOUND('',#4125,.T.);
#4125 = EDGE_LOOP('',(#4126,#4127,#4128,#4135));
#4126 = ORIENTED_EDGE('',*,*,#2153,.F.);
#4127 = ORIENTED_EDGE('',*,*,#4114,.F.);
#4128 = ORIENTED_EDGE('',*,*,#4129,.T.);
#4129 = EDGE_CURVE('',#4108,#4130,#4132,.T.);
#4130 = VERTEX_POINT('',#4131);
#4131 = CARTESIAN_POINT('',(2.778760793628E-02,-3.756367673667E-03,
    9.751337124443E-03));
#4132 = B_SPLINE_CURVE_WITH_KNOTS('',1,(#4133,#4134),.UNSPECIFIED.,.F.,
  .F.,(2,2),(0.,3.135098410298E-02),.PIECEWISE_BEZIER_KNOTS.);
#4133 = CARTESIAN_POINT('',(-3.5633761667E-03,-3.756367673667E-03,
    9.751337124443E-03));
#4134 = CARTESIAN_POINT('',(2.778760793628E-02,-3.756367673667E-03,
    9.751337124443E-03));
#4135 = ORIENTED_EDGE('',*,*,#4136,.T.);
#4136 = EDGE_CURVE('',#4130,#2154,#4137,.T.);
#4137 = B_SPLINE_CURVE_WITH_KNOTS('',1,(#4138,#4139),.UNSPECIFIED.,.F.,
  .F.,(2,2),(-0.,8.864761022221E-04),.PIECEWISE_BEZIER_KNOTS.);
#4138 = CARTESIAN_POINT('',(2.778760793628E-02,-3.756367673667E-03,
    9.751337124443E-03));
#4139 = CARTESIAN_POINT('',(2.778760793628E-02,-3.756367673667E-03,
    8.864861022221E-03));
#4140 = B_SPLINE_SURFACE_WITH_KNOTS('',1,1,(
    (#4141,#4142)
    ,(#4143,#4144
    )),.UNSPECIFIED.,.F.,.F.,.F.,(2,2),(2,2),(-8.864761022221E-04,0.),(
    0.,3.135098410298E-02),.PIECEWISE_BEZIER_KNOTS.);
#4141 = CARTESIAN_POINT('',(-3.5633761667E-03,-3.756367673667E-03,
    8.864861022221E-03));
#4142 = CARTESIAN_POINT('',(2.778760793628E-02,-3.756367673667E-03,
    8.864861022221E-03));
#4143 = CARTESIAN_POINT('',(-3.5633761667E-03,-3.756367673667E-03,
    9.751337124443E-03));
#4144 = CARTESIAN_POINT('',(2.778760793628E-02,-3.756367673667E-03,
    9.751337124443E-03));
#4145 = ADVANCED_FACE('',(#4146),#4162,.T.);
#4146 = FACE_BOUND('',#4147,.T.);
#4147 = EDGE_LOOP('',(#4148,#4149,#4150,#4157));
#4148 = ORIENTED_EDGE('',*,*,#2160,.F.);
#4149 = ORIENTED_EDGE('',*,*,#4136,.F.);
#4150 = ORIENTED_EDGE('',*,*,#4151,.T.);
#4151 = EDGE_CURVE('',#4130,#4152,#4154,.T.);
#4152 = VERTEX_POINT('',#4153);
#4153 = CARTESIAN_POINT('',(2.778760793628E-02,-3.40262833593E-02,
    9.751337124443E-03));
#4154 = B_SPLINE_CURVE_WITH_KNOTS('',1,(#4155,#4156),.UNSPECIFIED.,.F.,
  .F.,(2,2),(0.,3.026991568563E-02),.PIECEWISE_BEZIER_KNOTS.);
#4155 = CARTESIAN_POINT('',(2.778760793628E-02,-3.756367673667E-03,
    9.751337124443E-03));
#4156 = CARTESIAN_POINT('',(2.778760793628E-02,-3.40262833593E-02,
    9.751337124443E-03));
#4157 = ORIENTED_EDGE('',*,*,#4158,.T.);
#4158 = EDGE_CURVE('',#4152,#2161,#4159,.T.);
#4159 = B_SPLINE_CURVE_WITH_KNOTS('',1,(#4160,#4161),.UNSPECIFIED.,.F.,
  .F.,(2,2),(-0.,8.864761022221E-04),.PIECEWISE_BEZIER_KNOTS.);
#4160 = CARTESIAN_POINT('',(2.778760793628E-02,-3.40262833593E-02,
    9.751337124443E-03));
#4161 = CARTESIAN_POINT('',(2.778760793628E-02,-3.40262833593E-02,
    8.864861022221E-03));
#4162 = B_SPLINE_SURFACE_WITH_KNOTS('',1,1,(
    (#4163,#4164)
    ,(#4165,#4166
    )),.UNSPECIFIED.,.F.,.F.,.F.,(2,2),(2,2),(0.,8.864761022221E-04),(
    -3.026991568563E-02,0.),.PIECEWISE_BEZIER_KNOTS.);
#4163 = CARTESIAN_POINT('',(2.778760793628E-02,-3.40262833593E-02,
    9.751337124443E-03));
#4164 = CARTESIAN_POINT('',(2.778760793628E-02,-3.756367673667E-03,
    9.751337124443E-03));
#4165 = CARTESIAN_POINT('',(2.778760793628E-02,-3.40262833593E-02,
    8.864861022221E-03));
#4166 = CARTESIAN_POINT('',(2.778760793628E-02,-3.756367673667E-03,
    8.864861022221E-03));
#4167 = ADVANCED_FACE('',(#4168),#4178,.T.);
#4168 = FACE_BOUND('',#4169,.T.);
#4169 = EDGE_LOOP('',(#4170,#4171,#4172,#4177));
#4170 = ORIENTED_EDGE('',*,*,#2167,.F.);
#4171 = ORIENTED_EDGE('',*,*,#4158,.F.);
#4172 = ORIENTED_EDGE('',*,*,#4173,.T.);
#4173 = EDGE_CURVE('',#4152,#3925,#4174,.T.);
#4174 = B_SPLINE_CURVE_WITH_KNOTS('',1,(#4175,#4176),.UNSPECIFIED.,.F.,
  .F.,(2,2),(0.,3.567525777235E-02),.PIECEWISE_BEZIER_KNOTS.);
#4175 = CARTESIAN_POINT('',(2.778760793628E-02,-3.40262833593E-02,
    9.751337124443E-03));
#4176 = CARTESIAN_POINT('',(-7.887649836076E-03,-3.40262833593E-02,
    9.751337124443E-03));
#4177 = ORIENTED_EDGE('',*,*,#3924,.T.);
#4178 = B_SPLINE_SURFACE_WITH_KNOTS('',1,1,(
    (#4179,#4180)
    ,(#4181,#4182
    )),.UNSPECIFIED.,.F.,.F.,.F.,(2,2),(2,2),(0.,8.864761022221E-04),(
    -3.567525777235E-02,0.),.PIECEWISE_BEZIER_KNOTS.);
#4179 = CARTESIAN_POINT('',(-7.887649836076E-03,-3.40262833593E-02,
    9.751337124443E-03));
#4180 = CARTESIAN_POINT('',(2.778760793628E-02,-3.40262833593E-02,
    9.751337124443E-03));
#4181 = CARTESIAN_POINT('',(-7.887649836076E-03,-3.40262833593E-02,
    8.864861022221E-03));
#4182 = CARTESIAN_POINT('',(2.778760793628E-02,-3.40262833593E-02,
    8.864861022221E-03));
#4183 = ADVANCED_FACE('',(#4184),#4198,.F.);
#4184 = FACE_BOUND('',#4185,.T.);
#4185 = EDGE_LOOP('',(#4186,#4187,#4188,#4189,#4190,#4191,#4192,#4193,
    #4194,#4195,#4196,#4197));
#4186 = ORIENTED_EDGE('',*,*,#3931,.F.);
#4187 = ORIENTED_EDGE('',*,*,#4173,.F.);
#4188 = ORIENTED_EDGE('',*,*,#4151,.F.);
#4189 = ORIENTED_EDGE('',*,*,#4129,.F.);
#4190 = ORIENTED_EDGE('',*,*,#4107,.F.);
#4191 = ORIENTED_EDGE('',*,*,#4085,.F.);
#4192 = ORIENTED_EDGE('',*,*,#4063,.F.);
#4193 = ORIENTED_EDGE('',*,*,#4041,.F.);
#4194 = ORIENTED_EDGE('',*,*,#4019,.F.);
#4195 = ORIENTED_EDGE('',*,*,#3997,.F.);
#4196 = ORIENTED_EDGE('',*,*,#3975,.F.);
#4197 = ORIENTED_EDGE('',*,*,#3953,.F.);
#4198 = B_SPLINE_SURFACE_WITH_KNOTS('',1,1,(
    (#4199,#4200)
    ,(#4201,#4202
    )),.UNSPECIFIED.,.F.,.F.,.F.,(2,2),(2,2),(-7.887649836076E-03,
    3.967936052706E-02),(-4.375589911531E-02,4.48917111069E-02),
  .PIECEWISE_BEZIER_KNOTS.);
#4199 = CARTESIAN_POINT('',(-7.887649836076E-03,-4.375589911539E-02,
    9.751337124443E-03));
#4200 = CARTESIAN_POINT('',(-7.887649836076E-03,4.489171110681E-02,
    9.751337124443E-03));
#4201 = CARTESIAN_POINT('',(3.967936052706E-02,-4.375589911539E-02,
    9.751337124443E-03));
#4202 = CARTESIAN_POINT('',(3.967936052706E-02,4.489171110681E-02,
    9.751337124443E-03));
#4203 = ADVANCED_FACE('',(#4204),#4226,.T.);
#4204 = FACE_BOUND('',#4205,.T.);
#4205 = EDGE_LOOP('',(#4206,#4207,#4214,#4221));
#4206 = ORIENTED_EDGE('',*,*,#1783,.F.);
#4207 = ORIENTED_EDGE('',*,*,#4208,.F.);
#4208 = EDGE_CURVE('',#4209,#1784,#4211,.T.);
#4209 = VERTEX_POINT('',#4210);
#4210 = CARTESIAN_POINT('',(5.697645520456E-02,-2.943174258559E-02,
    9.751337124443E-03));
#4211 = B_SPLINE_CURVE_WITH_KNOTS('',1,(#4212,#4213),.UNSPECIFIED.,.F.,
  .F.,(2,2),(-0.,8.864761022221E-04),.PIECEWISE_BEZIER_KNOTS.);
#4212 = CARTESIAN_POINT('',(5.697645520456E-02,-2.943174258559E-02,
    9.751337124443E-03));
#4213 = CARTESIAN_POINT('',(5.697645520456E-02,-2.943174258559E-02,
    8.864861022221E-03));
#4214 = ORIENTED_EDGE('',*,*,#4215,.T.);
#4215 = EDGE_CURVE('',#4209,#4216,#4218,.T.);
#4216 = VERTEX_POINT('',#4217);
#4217 = CARTESIAN_POINT('',(5.697645520456E-02,-3.916135834168E-02,
    9.751337124443E-03));
#4218 = B_SPLINE_CURVE_WITH_KNOTS('',1,(#4219,#4220),.UNSPECIFIED.,.F.,
  .F.,(2,2),(0.,9.729615756096E-03),.PIECEWISE_BEZIER_KNOTS.);
#4219 = CARTESIAN_POINT('',(5.697645520456E-02,-2.943174258559E-02,
    9.751337124443E-03));
#4220 = CARTESIAN_POINT('',(5.697645520456E-02,-3.916135834168E-02,
    9.751337124443E-03));
#4221 = ORIENTED_EDGE('',*,*,#4222,.T.);
#4222 = EDGE_CURVE('',#4216,#1786,#4223,.T.);
#4223 = B_SPLINE_CURVE_WITH_KNOTS('',1,(#4224,#4225),.UNSPECIFIED.,.F.,
  .F.,(2,2),(-0.,8.864761022221E-04),.PIECEWISE_BEZIER_KNOTS.);
#4224 = CARTESIAN_POINT('',(5.697645520456E-02,-3.916135834168E-02,
    9.751337124443E-03));
#4225 = CARTESIAN_POINT('',(5.697645520456E-02,-3.916135834168E-02,
    8.864861022221E-03));
#4226 = B_SPLINE_SURFACE_WITH_KNOTS('',1,1,(
    (#4227,#4228)
    ,(#4229,#4230
    )),.UNSPECIFIED.,.F.,.F.,.F.,(2,2),(2,2),(0.,8.864761022221E-04),(
    -9.729615756096E-03,0.),.PIECEWISE_BEZIER_KNOTS.);
#4227 = CARTESIAN_POINT('',(5.697645520456E-02,-3.916135834168E-02,
    9.751337124443E-03));
#4228 = CARTESIAN_POINT('',(5.697645520456E-02,-2.943174258559E-02,
    9.751337124443E-03));
#4229 = CARTESIAN_POINT('',(5.697645520456E-02,-3.916135834168E-02,
    8.864861022221E-03));
#4230 = CARTESIAN_POINT('',(5.697645520456E-02,-2.943174258559E-02,
    8.864861022221E-03));
#4231 = ADVANCED_FACE('',(#4232),#4257,.T.);
#4232 = FACE_BOUND('',#4233,.T.);
#4233 = EDGE_LOOP('',(#4234,#4235,#4236,#4252));
#4234 = ORIENTED_EDGE('',*,*,#1792,.F.);
#4235 = ORIENTED_EDGE('',*,*,#4222,.F.);
#4236 = ORIENTED_EDGE('',*,*,#4237,.T.);
#4237 = EDGE_CURVE('',#4216,#4238,#4240,.T.);
#4238 = VERTEX_POINT('',#4239);
#4239 = CARTESIAN_POINT('',(8.136806137089E-02,-4.483696753274E-02,
    9.751337124443E-03));
#4240 = B_SPLINE_CURVE_WITH_KNOTS('',3,(#4241,#4242,#4243,#4244,#4245,
    #4246,#4247,#4248,#4249,#4250,#4251),.UNSPECIFIED.,.F.,.F.,(4,1,1,1,
    1,1,1,1,4),(0.,0.112448389909,0.226527675213,0.344401949326,
    0.465864972487,0.591659449352,0.722168487025,0.858606387555,1.),
  .UNSPECIFIED.);
#4241 = CARTESIAN_POINT('',(5.697645520456E-02,-3.916135834168E-02,
    9.751337124443E-03));
#4242 = CARTESIAN_POINT('',(5.780827037255E-02,-3.962048644766E-02,
    9.751337124443E-03));
#4243 = CARTESIAN_POINT('',(5.948396494108E-02,-4.054540162481E-02,
    9.751337124443E-03));
#4244 = CARTESIAN_POINT('',(6.216375245545E-02,-4.168665894704E-02,
    9.751337124443E-03));
#4245 = CARTESIAN_POINT('',(6.498353834279E-02,-4.267104709804E-02,
    9.751337124443E-03));
#4246 = CARTESIAN_POINT('',(6.796800308336E-02,-4.345600835053E-02,
    9.751337124443E-03));
#4247 = CARTESIAN_POINT('',(7.109730683469E-02,-4.408686160003E-02,
    9.751337124443E-03));
#4248 = CARTESIAN_POINT('',(7.438803105148E-02,-4.451416111106E-02,
    9.751337124443E-03));
#4249 = CARTESIAN_POINT('',(7.782713893016E-02,-4.479543847229E-02,
    9.751337124443E-03));
#4250 = CARTESIAN_POINT('',(8.017380133034E-02,-4.482296087254E-02,
    9.751337124443E-03));
#4251 = CARTESIAN_POINT('',(8.136806137089E-02,-4.483696753274E-02,
    9.751337124443E-03));
#4252 = ORIENTED_EDGE('',*,*,#4253,.T.);
#4253 = EDGE_CURVE('',#4238,#1793,#4254,.T.);
#4254 = B_SPLINE_CURVE_WITH_KNOTS('',1,(#4255,#4256),.UNSPECIFIED.,.F.,
  .F.,(2,2),(-0.,8.864761022221E-04),.PIECEWISE_BEZIER_KNOTS.);
#4255 = CARTESIAN_POINT('',(8.136806137089E-02,-4.483696753274E-02,
    9.751337124443E-03));
#4256 = CARTESIAN_POINT('',(8.136806137089E-02,-4.483696753274E-02,
    8.864861022221E-03));
#4257 = B_SPLINE_SURFACE_WITH_KNOTS('',3,1,(
    (#4258,#4259)
    ,(#4260,#4261)
    ,(#4262,#4263)
    ,(#4264,#4265)
    ,(#4266,#4267)
    ,(#4268,#4269)
    ,(#4270,#4271)
    ,(#4272,#4273)
    ,(#4274,#4275)
    ,(#4276,#4277)
    ,(#4278,#4279
  )),.UNSPECIFIED.,.F.,.F.,.F.,(4,1,1,1,1,1,1,1,4),(2,2),(0.,
    0.112448389909,0.226527675213,0.344401949326,0.465864972487,
    0.591659449352,0.722168487025,0.858606387555,1.),(0.,1.),
  .UNSPECIFIED.);
#4258 = CARTESIAN_POINT('',(5.697645520456E-02,-3.916135834168E-02,
    9.751337124443E-03));
#4259 = CARTESIAN_POINT('',(5.697645520456E-02,-3.916135834168E-02,
    8.864861022221E-03));
#4260 = CARTESIAN_POINT('',(5.780827037255E-02,-3.962048644766E-02,
    9.751337124443E-03));
#4261 = CARTESIAN_POINT('',(5.780827037255E-02,-3.962048644766E-02,
    8.864861022221E-03));
#4262 = CARTESIAN_POINT('',(5.948396494108E-02,-4.054540162481E-02,
    9.751337124443E-03));
#4263 = CARTESIAN_POINT('',(5.948396494108E-02,-4.054540162481E-02,
    8.864861022221E-03));
#4264 = CARTESIAN_POINT('',(6.216375245545E-02,-4.168665894704E-02,
    9.751337124443E-03));
#4265 = CARTESIAN_POINT('',(6.216375245545E-02,-4.168665894704E-02,
    8.864861022221E-03));
#4266 = CARTESIAN_POINT('',(6.498353834279E-02,-4.267104709804E-02,
    9.751337124443E-03));
#4267 = CARTESIAN_POINT('',(6.498353834279E-02,-4.267104709804E-02,
    8.864861022221E-03));
#4268 = CARTESIAN_POINT('',(6.796800308336E-02,-4.345600835053E-02,
    9.751337124443E-03));
#4269 = CARTESIAN_POINT('',(6.796800308336E-02,-4.345600835053E-02,
    8.864861022221E-03));
#4270 = CARTESIAN_POINT('',(7.109730683469E-02,-4.408686160003E-02,
    9.751337124443E-03));
#4271 = CARTESIAN_POINT('',(7.109730683469E-02,-4.408686160003E-02,
    8.864861022221E-03));
#4272 = CARTESIAN_POINT('',(7.438803105148E-02,-4.451416111106E-02,
    9.751337124443E-03));
#4273 = CARTESIAN_POINT('',(7.438803105148E-02,-4.451416111106E-02,
    8.864861022221E-03));
#4274 = CARTESIAN_POINT('',(7.782713893016E-02,-4.479543847229E-02,
    9.751337124443E-03));
#4275 = CARTESIAN_POINT('',(7.782713893016E-02,-4.479543847229E-02,
    8.864861022221E-03));
#4276 = CARTESIAN_POINT('',(8.017380133034E-02,-4.482296087254E-02,
    9.751337124443E-03));
#4277 = CARTESIAN_POINT('',(8.017380133034E-02,-4.482296087254E-02,
    8.864861022221E-03));
#4278 = CARTESIAN_POINT('',(8.136806137089E-02,-4.483696753274E-02,
    9.751337124443E-03));
#4279 = CARTESIAN_POINT('',(8.136806137089E-02,-4.483696753274E-02,
    8.864861022221E-03));
#4280 = ADVANCED_FACE('',(#4281),#4314,.T.);
#4281 = FACE_BOUND('',#4282,.T.);
#4282 = EDGE_LOOP('',(#4283,#4284,#4285,#4309));
#4283 = ORIENTED_EDGE('',*,*,#1808,.F.);
#4284 = ORIENTED_EDGE('',*,*,#4253,.F.);
#4285 = ORIENTED_EDGE('',*,*,#4286,.T.);
#4286 = EDGE_CURVE('',#4238,#4287,#4289,.T.);
#4287 = VERTEX_POINT('',#4288);
#4288 = CARTESIAN_POINT('',(0.122921628663,-1.10437171237E-03,
    9.751337124443E-03));
#4289 = B_SPLINE_CURVE_WITH_KNOTS('',3,(#4290,#4291,#4292,#4293,#4294,
    #4295,#4296,#4297,#4298,#4299,#4300,#4301,#4302,#4303,#4304,#4305,
    #4306,#4307,#4308),.UNSPECIFIED.,.F.,.F.,(4,1,1,1,1,1,1,1,1,1,1,1,1,
    1,1,1,4),(0.,6.783324845577E-02,0.132655536508,0.195050884051,
    0.255582933069,0.314799834147,0.373600472826,0.432545595327,
    0.492430629284,0.552671255963,0.612513044188,0.672610250357,
    0.733838369314,0.796594238568,0.861449799291,0.929198942351,1.),
  .UNSPECIFIED.);
#4290 = CARTESIAN_POINT('',(8.136806137089E-02,-4.483696753274E-02,
    9.751337124443E-03));
#4291 = CARTESIAN_POINT('',(8.290690069313E-02,-4.480264698239E-02,
    9.751337124443E-03));
#4292 = CARTESIAN_POINT('',(8.591627383297E-02,-4.473552929123E-02,
    9.751337124443E-03));
#4293 = CARTESIAN_POINT('',(9.031252706238E-02,-4.417097235289E-02,
    9.751337124443E-03));
#4294 = CARTESIAN_POINT('',(9.447154287946E-02,-4.322842531665E-02,
    9.751337124443E-03));
#4295 = CARTESIAN_POINT('',(9.839187673085E-02,-4.190411207996E-02,
    9.751337124443E-03));
#4296 = CARTESIAN_POINT('',(0.102087243782,-4.023070425392E-02,
    9.751337124443E-03));
#4297 = CARTESIAN_POINT('',(0.105538501662,-3.816220708735E-02,
    9.751337124443E-03));
#4298 = CARTESIAN_POINT('',(0.108722811464,-3.568233049233E-02,
    9.751337124443E-03));
#4299 = CARTESIAN_POINT('',(0.111682309981,-3.289103966038E-02,
    9.751337124443E-03));
#4300 = CARTESIAN_POINT('',(0.114322976166,-2.976797486155E-02,
    9.751337124443E-03));
#4301 = CARTESIAN_POINT('',(0.116634381075,-2.638990831898E-02,
    9.751337124443E-03));
#4302 = CARTESIAN_POINT('',(0.118589818691,-2.276734698596E-02,
    9.751337124443E-03));
#4303 = CARTESIAN_POINT('',(0.120176524173,-1.889830211982E-02,
    9.751337124443E-03));
#4304 = CARTESIAN_POINT('',(0.121413037191,-1.479062755795E-02,
    9.751337124443E-03));
#4305 = CARTESIAN_POINT('',(0.122277753569,-1.044062581432E-02,
    9.751337124443E-03));
#4306 = CARTESIAN_POINT('',(0.122839702942,-5.854399867944E-03,
    9.751337124443E-03));
#4307 = CARTESIAN_POINT('',(0.122893921986,-2.71079634012E-03,
    9.751337124443E-03));
#4308 = CARTESIAN_POINT('',(0.122921628663,-1.10437171237E-03,
    9.751337124443E-03));
#4309 = ORIENTED_EDGE('',*,*,#4310,.T.);
#4310 = EDGE_CURVE('',#4287,#1809,#4311,.T.);
#4311 = B_SPLINE_CURVE_WITH_KNOTS('',1,(#4312,#4313),.UNSPECIFIED.,.F.,
  .F.,(2,2),(-0.,8.864761022221E-04),.PIECEWISE_BEZIER_KNOTS.);
#4312 = CARTESIAN_POINT('',(0.122921628663,-1.10437171237E-03,
    9.751337124443E-03));
#4313 = CARTESIAN_POINT('',(0.122921628663,-1.10437171237E-03,
    8.864861022221E-03));
#4314 = B_SPLINE_SURFACE_WITH_KNOTS('',3,1,(
    (#4315,#4316)
    ,(#4317,#4318)
    ,(#4319,#4320)
    ,(#4321,#4322)
    ,(#4323,#4324)
    ,(#4325,#4326)
    ,(#4327,#4328)
    ,(#4329,#4330)
    ,(#4331,#4332)
    ,(#4333,#4334)
    ,(#4335,#4336)
    ,(#4337,#4338)
    ,(#4339,#4340)
    ,(#4341,#4342)
    ,(#4343,#4344)
    ,(#4345,#4346)
    ,(#4347,#4348)
    ,(#4349,#4350)
    ,(#4351,#4352
    )),.UNSPECIFIED.,.F.,.F.,.F.,(4,1,1,1,1,1,1,1,1,1,1,1,1,1,1,1,4),(2,
    2),(0.,6.783324845577E-02,0.132655536508,0.195050884051,
    0.255582933069,0.314799834147,0.373600472826,0.432545595327,
    0.492430629284,0.552671255963,0.612513044188,0.672610250357,
    0.733838369314,0.796594238568,0.861449799291,0.929198942351,1.),(0.,
    1.),.UNSPECIFIED.);
#4315 = CARTESIAN_POINT('',(8.136806137089E-02,-4.483696753274E-02,
    9.751337124443E-03));
#4316 = CARTESIAN_POINT('',(8.136806137089E-02,-4.483696753274E-02,
    8.864861022221E-03));
#4317 = CARTESIAN_POINT('',(8.290690069313E-02,-4.480264698239E-02,
    9.751337124443E-03));
#4318 = CARTESIAN_POINT('',(8.290690069313E-02,-4.480264698239E-02,
    8.864861022221E-03));
#4319 = CARTESIAN_POINT('',(8.591627383297E-02,-4.473552929123E-02,
    9.751337124443E-03));
#4320 = CARTESIAN_POINT('',(8.591627383297E-02,-4.473552929123E-02,
    8.864861022221E-03));
#4321 = CARTESIAN_POINT('',(9.031252706238E-02,-4.417097235289E-02,
    9.751337124443E-03));
#4322 = CARTESIAN_POINT('',(9.031252706238E-02,-4.417097235289E-02,
    8.864861022221E-03));
#4323 = CARTESIAN_POINT('',(9.447154287946E-02,-4.322842531665E-02,
    9.751337124443E-03));
#4324 = CARTESIAN_POINT('',(9.447154287946E-02,-4.322842531665E-02,
    8.864861022221E-03));
#4325 = CARTESIAN_POINT('',(9.839187673085E-02,-4.190411207996E-02,
    9.751337124443E-03));
#4326 = CARTESIAN_POINT('',(9.839187673085E-02,-4.190411207996E-02,
    8.864861022221E-03));
#4327 = CARTESIAN_POINT('',(0.102087243782,-4.023070425392E-02,
    9.751337124443E-03));
#4328 = CARTESIAN_POINT('',(0.102087243782,-4.023070425392E-02,
    8.864861022221E-03));
#4329 = CARTESIAN_POINT('',(0.105538501662,-3.816220708735E-02,
    9.751337124443E-03));
#4330 = CARTESIAN_POINT('',(0.105538501662,-3.816220708735E-02,
    8.864861022221E-03));
#4331 = CARTESIAN_POINT('',(0.108722811464,-3.568233049233E-02,
    9.751337124443E-03));
#4332 = CARTESIAN_POINT('',(0.108722811464,-3.568233049233E-02,
    8.864861022221E-03));
#4333 = CARTESIAN_POINT('',(0.111682309981,-3.289103966038E-02,
    9.751337124443E-03));
#4334 = CARTESIAN_POINT('',(0.111682309981,-3.289103966038E-02,
    8.864861022221E-03));
#4335 = CARTESIAN_POINT('',(0.114322976166,-2.976797486155E-02,
    9.751337124443E-03));
#4336 = CARTESIAN_POINT('',(0.114322976166,-2.976797486155E-02,
    8.864861022221E-03));
#4337 = CARTESIAN_POINT('',(0.116634381075,-2.638990831898E-02,
    9.751337124443E-03));
#4338 = CARTESIAN_POINT('',(0.116634381075,-2.638990831898E-02,
    8.864861022221E-03));
#4339 = CARTESIAN_POINT('',(0.118589818691,-2.276734698596E-02,
    9.751337124443E-03));
#4340 = CARTESIAN_POINT('',(0.118589818691,-2.276734698596E-02,
    8.864861022221E-03));
#4341 = CARTESIAN_POINT('',(0.120176524173,-1.889830211982E-02,
    9.751337124443E-03));
#4342 = CARTESIAN_POINT('',(0.120176524173,-1.889830211982E-02,
    8.864861022221E-03));
#4343 = CARTESIAN_POINT('',(0.121413037191,-1.479062755795E-02,
    9.751337124443E-03));
#4344 = CARTESIAN_POINT('',(0.121413037191,-1.479062755795E-02,
    8.864861022221E-03));
#4345 = CARTESIAN_POINT('',(0.122277753569,-1.044062581432E-02,
    9.751337124443E-03));
#4346 = CARTESIAN_POINT('',(0.122277753569,-1.044062581432E-02,
    8.864861022221E-03));
#4347 = CARTESIAN_POINT('',(0.122839702942,-5.854399867944E-03,
    9.751337124443E-03));
#4348 = CARTESIAN_POINT('',(0.122839702942,-5.854399867944E-03,
    8.864861022221E-03));
#4349 = CARTESIAN_POINT('',(0.122893921986,-2.71079634012E-03,
    9.751337124443E-03));
#4350 = CARTESIAN_POINT('',(0.122893921986,-2.71079634012E-03,
    8.864861022221E-03));
#4351 = CARTESIAN_POINT('',(0.122921628663,-1.10437171237E-03,
    9.751337124443E-03));
#4352 = CARTESIAN_POINT('',(0.122921628663,-1.10437171237E-03,
    8.864861022221E-03));
#4353 = ADVANCED_FACE('',(#4354),#4387,.T.);
#4354 = FACE_BOUND('',#4355,.T.);
#4355 = EDGE_LOOP('',(#4356,#4357,#4358,#4382));
#4356 = ORIENTED_EDGE('',*,*,#1832,.F.);
#4357 = ORIENTED_EDGE('',*,*,#4310,.F.);
#4358 = ORIENTED_EDGE('',*,*,#4359,.T.);
#4359 = EDGE_CURVE('',#4287,#4360,#4362,.T.);
#4360 = VERTEX_POINT('',#4361);
#4361 = CARTESIAN_POINT('',(7.78376973205E-02,4.597277952416E-02,
    9.751337124443E-03));
#4362 = B_SPLINE_CURVE_WITH_KNOTS('',3,(#4363,#4364,#4365,#4366,#4367,
    #4368,#4369,#4370,#4371,#4372,#4373,#4374,#4375,#4376,#4377,#4378,
    #4379,#4380,#4381),.UNSPECIFIED.,.F.,.F.,(4,1,1,1,1,1,1,1,1,1,1,1,1,
    1,1,1,4),(0.,7.064371857535E-02,0.138256715509,0.203364124218,
    0.266324093803,0.327904761543,0.388737715173,0.449423528109,
    0.510861011459,0.572079396048,0.631734428731,0.691117210579,
    0.75036002949,0.810032900531,0.871362450829,0.934427141231,1.),
  .UNSPECIFIED.);
#4363 = CARTESIAN_POINT('',(0.122921628663,-1.10437171237E-03,
    9.751337124443E-03));
#4364 = CARTESIAN_POINT('',(0.122883020549,6.203128531647E-04,
    9.751337124443E-03));
#4365 = CARTESIAN_POINT('',(0.122807460668,3.995690425701E-03,
    9.751337124443E-03));
#4366 = CARTESIAN_POINT('',(0.122206862854,8.931319730275E-03,
    9.751337124443E-03));
#4367 = CARTESIAN_POINT('',(0.121221379923,1.361138126146E-02,
    9.751337124443E-03));
#4368 = CARTESIAN_POINT('',(0.119811024427,1.802877081273E-02,
    9.751337124443E-03));
#4369 = CARTESIAN_POINT('',(0.118015051305,2.218945877228E-02,
    9.751337124443E-03));
#4370 = CARTESIAN_POINT('',(0.11583193416,2.609898130798E-02,
    9.751337124443E-03));
#4371 = CARTESIAN_POINT('',(0.113226199607,2.973719534101E-02,
    9.751337124443E-03));
#4372 = CARTESIAN_POINT('',(0.110239344748,3.307937211873E-02,
    9.751337124443E-03));
#4373 = CARTESIAN_POINT('',(0.106970202192,3.610877180297E-02,
    9.751337124443E-03));
#4374 = CARTESIAN_POINT('',(0.1034428112,3.875228102068E-02,
    9.751337124443E-03));
#4375 = CARTESIAN_POINT('',(9.969972082838E-02,4.098626718556E-02,
    9.751337124443E-03));
#4376 = CARTESIAN_POINT('',(9.574622923713E-02,4.282546188498E-02,
    9.751337124443E-03));
#4377 = CARTESIAN_POINT('',(9.156780273556E-02,4.42293973904E-02,
    9.751337124443E-03));
#4378 = CARTESIAN_POINT('',(8.718399102844E-02,4.523766657619E-02,
    9.751337124443E-03));
#4379 = CARTESIAN_POINT('',(8.257969637309E-02,4.586244858509E-02,
    9.751337124443E-03));
#4380 = CARTESIAN_POINT('',(7.943877749666E-02,4.593552758096E-02,
    9.751337124443E-03));
#4381 = CARTESIAN_POINT('',(7.78376973205E-02,4.597277952416E-02,
    9.751337124443E-03));
#4382 = ORIENTED_EDGE('',*,*,#4383,.T.);
#4383 = EDGE_CURVE('',#4360,#1833,#4384,.T.);
#4384 = B_SPLINE_CURVE_WITH_KNOTS('',1,(#4385,#4386),.UNSPECIFIED.,.F.,
  .F.,(2,2),(-0.,8.864761022221E-04),.PIECEWISE_BEZIER_KNOTS.);
#4385 = CARTESIAN_POINT('',(7.78376973205E-02,4.597277952416E-02,
    9.751337124443E-03));
#4386 = CARTESIAN_POINT('',(7.78376973205E-02,4.597277952416E-02,
    8.864861022221E-03));
#4387 = B_SPLINE_SURFACE_WITH_KNOTS('',3,1,(
    (#4388,#4389)
    ,(#4390,#4391)
    ,(#4392,#4393)
    ,(#4394,#4395)
    ,(#4396,#4397)
    ,(#4398,#4399)
    ,(#4400,#4401)
    ,(#4402,#4403)
    ,(#4404,#4405)
    ,(#4406,#4407)
    ,(#4408,#4409)
    ,(#4410,#4411)
    ,(#4412,#4413)
    ,(#4414,#4415)
    ,(#4416,#4417)
    ,(#4418,#4419)
    ,(#4420,#4421)
    ,(#4422,#4423)
    ,(#4424,#4425
    )),.UNSPECIFIED.,.F.,.F.,.F.,(4,1,1,1,1,1,1,1,1,1,1,1,1,1,1,1,4),(2,
    2),(0.,7.064371857535E-02,0.138256715509,0.203364124218,
    0.266324093803,0.327904761543,0.388737715173,0.449423528109,
    0.510861011459,0.572079396048,0.631734428731,0.691117210579,
    0.75036002949,0.810032900531,0.871362450829,0.934427141231,1.),(0.,
    1.),.UNSPECIFIED.);
#4388 = CARTESIAN_POINT('',(0.122921628663,-1.10437171237E-03,
    9.751337124443E-03));
#4389 = CARTESIAN_POINT('',(0.122921628663,-1.10437171237E-03,
    8.864861022221E-03));
#4390 = CARTESIAN_POINT('',(0.122883020549,6.203128531647E-04,
    9.751337124443E-03));
#4391 = CARTESIAN_POINT('',(0.122883020549,6.203128531647E-04,
    8.864861022221E-03));
#4392 = CARTESIAN_POINT('',(0.122807460668,3.995690425701E-03,
    9.751337124443E-03));
#4393 = CARTESIAN_POINT('',(0.122807460668,3.995690425701E-03,
    8.864861022221E-03));
#4394 = CARTESIAN_POINT('',(0.122206862854,8.931319730275E-03,
    9.751337124443E-03));
#4395 = CARTESIAN_POINT('',(0.122206862854,8.931319730275E-03,
    8.864861022221E-03));
#4396 = CARTESIAN_POINT('',(0.121221379923,1.361138126146E-02,
    9.751337124443E-03));
#4397 = CARTESIAN_POINT('',(0.121221379923,1.361138126146E-02,
    8.864861022221E-03));
#4398 = CARTESIAN_POINT('',(0.119811024427,1.802877081273E-02,
    9.751337124443E-03));
#4399 = CARTESIAN_POINT('',(0.119811024427,1.802877081273E-02,
    8.864861022221E-03));
#4400 = CARTESIAN_POINT('',(0.118015051305,2.218945877228E-02,
    9.751337124443E-03));
#4401 = CARTESIAN_POINT('',(0.118015051305,2.218945877228E-02,
    8.864861022221E-03));
#4402 = CARTESIAN_POINT('',(0.11583193416,2.609898130798E-02,
    9.751337124443E-03));
#4403 = CARTESIAN_POINT('',(0.11583193416,2.609898130798E-02,
    8.864861022221E-03));
#4404 = CARTESIAN_POINT('',(0.113226199607,2.973719534101E-02,
    9.751337124443E-03));
#4405 = CARTESIAN_POINT('',(0.113226199607,2.973719534101E-02,
    8.864861022221E-03));
#4406 = CARTESIAN_POINT('',(0.110239344748,3.307937211873E-02,
    9.751337124443E-03));
#4407 = CARTESIAN_POINT('',(0.110239344748,3.307937211873E-02,
    8.864861022221E-03));
#4408 = CARTESIAN_POINT('',(0.106970202192,3.610877180297E-02,
    9.751337124443E-03));
#4409 = CARTESIAN_POINT('',(0.106970202192,3.610877180297E-02,
    8.864861022221E-03));
#4410 = CARTESIAN_POINT('',(0.1034428112,3.875228102068E-02,
    9.751337124443E-03));
#4411 = CARTESIAN_POINT('',(0.1034428112,3.875228102068E-02,
    8.864861022221E-03));
#4412 = CARTESIAN_POINT('',(9.969972082838E-02,4.098626718556E-02,
    9.751337124443E-03));
#4413 = CARTESIAN_POINT('',(9.969972082838E-02,4.098626718556E-02,
    8.864861022221E-03));
#4414 = CARTESIAN_POINT('',(9.574622923713E-02,4.282546188498E-02,
    9.751337124443E-03));
#4415 = CARTESIAN_POINT('',(9.574622923713E-02,4.282546188498E-02,
    8.864861022221E-03));
#4416 = CARTESIAN_POINT('',(9.156780273556E-02,4.42293973904E-02,
    9.751337124443E-03));
#4417 = CARTESIAN_POINT('',(9.156780273556E-02,4.42293973904E-02,
    8.864861022221E-03));
#4418 = CARTESIAN_POINT('',(8.718399102844E-02,4.523766657619E-02,
    9.751337124443E-03));
#4419 = CARTESIAN_POINT('',(8.718399102844E-02,4.523766657619E-02,
    8.864861022221E-03));
#4420 = CARTESIAN_POINT('',(8.257969637309E-02,4.586244858509E-02,
    9.751337124443E-03));
#4421 = CARTESIAN_POINT('',(8.257969637309E-02,4.586244858509E-02,
    8.864861022221E-03));
#4422 = CARTESIAN_POINT('',(7.943877749666E-02,4.593552758096E-02,
    9.751337124443E-03));
#4423 = CARTESIAN_POINT('',(7.943877749666E-02,4.593552758096E-02,
    8.864861022221E-03));
#4424 = CARTESIAN_POINT('',(7.78376973205E-02,4.597277952416E-02,
    9.751337124443E-03));
#4425 = CARTESIAN_POINT('',(7.78376973205E-02,4.597277952416E-02,
    8.864861022221E-03));
#4426 = ADVANCED_FACE('',(#4427),#4452,.T.);
#4427 = FACE_BOUND('',#4428,.T.);
#4428 = EDGE_LOOP('',(#4429,#4430,#4431,#4447));
#4429 = ORIENTED_EDGE('',*,*,#1856,.F.);
#4430 = ORIENTED_EDGE('',*,*,#4383,.F.);
#4431 = ORIENTED_EDGE('',*,*,#4432,.T.);
#4432 = EDGE_CURVE('',#4360,#4433,#4435,.T.);
#4433 = VERTEX_POINT('',#4434);
#4434 = CARTESIAN_POINT('',(5.697645520456E-02,4.245930716779E-02,
    9.751337124443E-03));
#4435 = B_SPLINE_CURVE_WITH_KNOTS('',3,(#4436,#4437,#4438,#4439,#4440,
    #4441,#4442,#4443,#4444,#4445,#4446),.UNSPECIFIED.,.F.,.F.,(4,1,1,1,
    1,1,1,1,4),(0.,0.145186866472,0.28344261092,0.416524365929,
    0.543181123535,0.665153082638,0.781360206313,0.892756655642,1.),
  .UNSPECIFIED.);
#4436 = CARTESIAN_POINT('',(7.78376973205E-02,4.597277952416E-02,
    9.751337124443E-03));
#4437 = CARTESIAN_POINT('',(7.680700391181E-02,4.596539123911E-02,
    9.751337124443E-03));
#4438 = CARTESIAN_POINT('',(7.479482169509E-02,4.595096738072E-02,
    9.751337124443E-03));
#4439 = CARTESIAN_POINT('',(7.184292320642E-02,4.577009086191E-02,
    9.751337124443E-03));
#4440 = CARTESIAN_POINT('',(6.902860295796E-02,4.551445697547E-02,
    9.751337124443E-03));
#4441 = CARTESIAN_POINT('',(6.634778829648E-02,4.51158422045E-02,
    9.751337124443E-03));
#4442 = CARTESIAN_POINT('',(6.380061716409E-02,4.464133287632E-02,
    9.751337124443E-03));
#4443 = CARTESIAN_POINT('',(6.139663164805E-02,4.402278721491E-02,
    9.751337124443E-03));
#4444 = CARTESIAN_POINT('',(5.912071982243E-02,4.332971145107E-02,
    9.751337124443E-03));
#4445 = CARTESIAN_POINT('',(5.768210113086E-02,4.274574440674E-02,
    9.751337124443E-03));
#4446 = CARTESIAN_POINT('',(5.697645520456E-02,4.245930716779E-02,
    9.751337124443E-03));
#4447 = ORIENTED_EDGE('',*,*,#4448,.T.);
#4448 = EDGE_CURVE('',#4433,#1857,#4449,.T.);
#4449 = B_SPLINE_CURVE_WITH_KNOTS('',1,(#4450,#4451),.UNSPECIFIED.,.F.,
  .F.,(2,2),(-0.,8.864761022221E-04),.PIECEWISE_BEZIER_KNOTS.);
#4450 = CARTESIAN_POINT('',(5.697645520456E-02,4.245930716779E-02,
    9.751337124443E-03));
#4451 = CARTESIAN_POINT('',(5.697645520456E-02,4.245930716779E-02,
    8.864861022221E-03));
#4452 = B_SPLINE_SURFACE_WITH_KNOTS('',3,1,(
    (#4453,#4454)
    ,(#4455,#4456)
    ,(#4457,#4458)
    ,(#4459,#4460)
    ,(#4461,#4462)
    ,(#4463,#4464)
    ,(#4465,#4466)
    ,(#4467,#4468)
    ,(#4469,#4470)
    ,(#4471,#4472)
    ,(#4473,#4474
  )),.UNSPECIFIED.,.F.,.F.,.F.,(4,1,1,1,1,1,1,1,4),(2,2),(0.,
    0.145186866472,0.28344261092,0.416524365929,0.543181123535,
    0.665153082638,0.781360206313,0.892756655642,1.),(0.,1.),
  .UNSPECIFIED.);
#4453 = CARTESIAN_POINT('',(7.78376973205E-02,4.597277952416E-02,
    9.751337124443E-03));
#4454 = CARTESIAN_POINT('',(7.78376973205E-02,4.597277952416E-02,
    8.864861022221E-03));
#4455 = CARTESIAN_POINT('',(7.680700391181E-02,4.596539123911E-02,
    9.751337124443E-03));
#4456 = CARTESIAN_POINT('',(7.680700391181E-02,4.596539123911E-02,
    8.864861022221E-03));
#4457 = CARTESIAN_POINT('',(7.479482169509E-02,4.595096738072E-02,
    9.751337124443E-03));
#4458 = CARTESIAN_POINT('',(7.479482169509E-02,4.595096738072E-02,
    8.864861022221E-03));
#4459 = CARTESIAN_POINT('',(7.184292320642E-02,4.577009086191E-02,
    9.751337124443E-03));
#4460 = CARTESIAN_POINT('',(7.184292320642E-02,4.577009086191E-02,
    8.864861022221E-03));
#4461 = CARTESIAN_POINT('',(6.902860295796E-02,4.551445697547E-02,
    9.751337124443E-03));
#4462 = CARTESIAN_POINT('',(6.902860295796E-02,4.551445697547E-02,
    8.864861022221E-03));
#4463 = CARTESIAN_POINT('',(6.634778829648E-02,4.51158422045E-02,
    9.751337124443E-03));
#4464 = CARTESIAN_POINT('',(6.634778829648E-02,4.51158422045E-02,
    8.864861022221E-03));
#4465 = CARTESIAN_POINT('',(6.380061716409E-02,4.464133287632E-02,
    9.751337124443E-03));
#4466 = CARTESIAN_POINT('',(6.380061716409E-02,4.464133287632E-02,
    8.864861022221E-03));
#4467 = CARTESIAN_POINT('',(6.139663164805E-02,4.402278721491E-02,
    9.751337124443E-03));
#4468 = CARTESIAN_POINT('',(6.139663164805E-02,4.402278721491E-02,
    8.864861022221E-03));
#4469 = CARTESIAN_POINT('',(5.912071982243E-02,4.332971145107E-02,
    9.751337124443E-03));
#4470 = CARTESIAN_POINT('',(5.912071982243E-02,4.332971145107E-02,
    8.864861022221E-03));
#4471 = CARTESIAN_POINT('',(5.768210113086E-02,4.274574440674E-02,
    9.751337124443E-03));
#4472 = CARTESIAN_POINT('',(5.768210113086E-02,4.274574440674E-02,
    8.864861022221E-03));
#4473 = CARTESIAN_POINT('',(5.697645520456E-02,4.245930716779E-02,
    9.751337124443E-03));
#4474 = CARTESIAN_POINT('',(5.697645520456E-02,4.245930716779E-02,
    8.864861022221E-03));
#4475 = ADVANCED_FACE('',(#4476),#4492,.T.);
#4476 = FACE_BOUND('',#4477,.T.);
#4477 = EDGE_LOOP('',(#4478,#4479,#4480,#4487));
#4478 = ORIENTED_EDGE('',*,*,#1872,.F.);
#4479 = ORIENTED_EDGE('',*,*,#4448,.F.);
#4480 = ORIENTED_EDGE('',*,*,#4481,.T.);
#4481 = EDGE_CURVE('',#4433,#4482,#4484,.T.);
#4482 = VERTEX_POINT('',#4483);
#4483 = CARTESIAN_POINT('',(5.697645520456E-02,3.0567554577E-02,
    9.751337124443E-03));
#4484 = B_SPLINE_CURVE_WITH_KNOTS('',1,(#4485,#4486),.UNSPECIFIED.,.F.,
  .F.,(2,2),(0.,1.189175259078E-02),.PIECEWISE_BEZIER_KNOTS.);
#4485 = CARTESIAN_POINT('',(5.697645520456E-02,4.245930716779E-02,
    9.751337124443E-03));
#4486 = CARTESIAN_POINT('',(5.697645520456E-02,3.0567554577E-02,
    9.751337124443E-03));
#4487 = ORIENTED_EDGE('',*,*,#4488,.T.);
#4488 = EDGE_CURVE('',#4482,#1873,#4489,.T.);
#4489 = B_SPLINE_CURVE_WITH_KNOTS('',1,(#4490,#4491),.UNSPECIFIED.,.F.,
  .F.,(2,2),(-0.,8.864761022221E-04),.PIECEWISE_BEZIER_KNOTS.);
#4490 = CARTESIAN_POINT('',(5.697645520456E-02,3.0567554577E-02,
    9.751337124443E-03));
#4491 = CARTESIAN_POINT('',(5.697645520456E-02,3.0567554577E-02,
    8.864861022221E-03));
#4492 = B_SPLINE_SURFACE_WITH_KNOTS('',1,1,(
    (#4493,#4494)
    ,(#4495,#4496
    )),.UNSPECIFIED.,.F.,.F.,.F.,(2,2),(2,2),(0.,8.864761022221E-04),(
    -1.189175259078E-02,0.),.PIECEWISE_BEZIER_KNOTS.);
#4493 = CARTESIAN_POINT('',(5.697645520456E-02,3.0567554577E-02,
    9.751337124443E-03));
#4494 = CARTESIAN_POINT('',(5.697645520456E-02,4.245930716779E-02,
    9.751337124443E-03));
#4495 = CARTESIAN_POINT('',(5.697645520456E-02,3.0567554577E-02,
    8.864861022221E-03));
#4496 = CARTESIAN_POINT('',(5.697645520456E-02,4.245930716779E-02,
    8.864861022221E-03));
#4497 = ADVANCED_FACE('',(#4498),#4523,.T.);
#4498 = FACE_BOUND('',#4499,.T.);
#4499 = EDGE_LOOP('',(#4500,#4501,#4502,#4518));
#4500 = ORIENTED_EDGE('',*,*,#1879,.F.);
#4501 = ORIENTED_EDGE('',*,*,#4488,.F.);
#4502 = ORIENTED_EDGE('',*,*,#4503,.T.);
#4503 = EDGE_CURVE('',#4482,#4504,#4506,.T.);
#4504 = VERTEX_POINT('',#4505);
#4505 = CARTESIAN_POINT('',(7.773634715637E-02,3.624316376806E-02,
    9.751337124443E-03));
#4506 = B_SPLINE_CURVE_WITH_KNOTS('',3,(#4507,#4508,#4509,#4510,#4511,
    #4512,#4513,#4514,#4515,#4516,#4517),.UNSPECIFIED.,.F.,.F.,(4,1,1,1,
    1,1,1,1,4),(0.,0.125279696736,0.249419970742,0.373356799493,
    0.496681278782,0.620202915744,0.745086320161,0.871269195019,1.),
  .UNSPECIFIED.);
#4507 = CARTESIAN_POINT('',(5.697645520456E-02,3.0567554577E-02,
    9.751337124443E-03));
#4508 = CARTESIAN_POINT('',(5.776368016832E-02,3.102499158103E-02,
    9.751337124443E-03));
#4509 = CARTESIAN_POINT('',(5.933097026035E-02,3.193570518534E-02,
    9.751337124443E-03));
#4510 = CARTESIAN_POINT('',(6.179603261933E-02,3.307427642416E-02,
    9.751337124443E-03));
#4511 = CARTESIAN_POINT('',(6.430859339061E-02,3.406182305084E-02,
    9.751337124443E-03));
#4512 = CARTESIAN_POINT('',(6.688624175525E-02,3.48501663221E-02,
    9.751337124443E-03));
#4513 = CARTESIAN_POINT('',(6.951275476049E-02,3.548675956395E-02,
    9.751337124443E-03));
#4514 = CARTESIAN_POINT('',(7.220190531131E-02,3.591374059301E-02,
    9.751337124443E-03));
#4515 = CARTESIAN_POINT('',(7.494859842014E-02,3.620101501628E-02,
    9.751337124443E-03));
#4516 = CARTESIAN_POINT('',(7.680092607488E-02,3.622902087546E-02,
    9.751337124443E-03));
#4517 = CARTESIAN_POINT('',(7.773634715637E-02,3.624316376806E-02,
    9.751337124443E-03));
#4518 = ORIENTED_EDGE('',*,*,#4519,.T.);
#4519 = EDGE_CURVE('',#4504,#1880,#4520,.T.);
#4520 = B_SPLINE_CURVE_WITH_KNOTS('',1,(#4521,#4522),.UNSPECIFIED.,.F.,
  .F.,(2,2),(-0.,8.864761022221E-04),.PIECEWISE_BEZIER_KNOTS.);
#4521 = CARTESIAN_POINT('',(7.773634715637E-02,3.624316376806E-02,
    9.751337124443E-03));
#4522 = CARTESIAN_POINT('',(7.773634715637E-02,3.624316376806E-02,
    8.864861022221E-03));
#4523 = B_SPLINE_SURFACE_WITH_KNOTS('',3,1,(
    (#4524,#4525)
    ,(#4526,#4527)
    ,(#4528,#4529)
    ,(#4530,#4531)
    ,(#4532,#4533)
    ,(#4534,#4535)
    ,(#4536,#4537)
    ,(#4538,#4539)
    ,(#4540,#4541)
    ,(#4542,#4543)
    ,(#4544,#4545
  )),.UNSPECIFIED.,.F.,.F.,.F.,(4,1,1,1,1,1,1,1,4),(2,2),(0.,
    0.125279696736,0.249419970742,0.373356799493,0.496681278782,
    0.620202915744,0.745086320161,0.871269195019,1.),(0.,1.),
  .UNSPECIFIED.);
#4524 = CARTESIAN_POINT('',(5.697645520456E-02,3.0567554577E-02,
    9.751337124443E-03));
#4525 = CARTESIAN_POINT('',(5.697645520456E-02,3.0567554577E-02,
    8.864861022221E-03));
#4526 = CARTESIAN_POINT('',(5.776368016832E-02,3.102499158103E-02,
    9.751337124443E-03));
#4527 = CARTESIAN_POINT('',(5.776368016832E-02,3.102499158103E-02,
    8.864861022221E-03));
#4528 = CARTESIAN_POINT('',(5.933097026035E-02,3.193570518534E-02,
    9.751337124443E-03));
#4529 = CARTESIAN_POINT('',(5.933097026035E-02,3.193570518534E-02,
    8.864861022221E-03));
#4530 = CARTESIAN_POINT('',(6.179603261933E-02,3.307427642416E-02,
    9.751337124443E-03));
#4531 = CARTESIAN_POINT('',(6.179603261933E-02,3.307427642416E-02,
    8.864861022221E-03));
#4532 = CARTESIAN_POINT('',(6.430859339061E-02,3.406182305084E-02,
    9.751337124443E-03));
#4533 = CARTESIAN_POINT('',(6.430859339061E-02,3.406182305084E-02,
    8.864861022221E-03));
#4534 = CARTESIAN_POINT('',(6.688624175525E-02,3.48501663221E-02,
    9.751337124443E-03));
#4535 = CARTESIAN_POINT('',(6.688624175525E-02,3.48501663221E-02,
    8.864861022221E-03));
#4536 = CARTESIAN_POINT('',(6.951275476049E-02,3.548675956395E-02,
    9.751337124443E-03));
#4537 = CARTESIAN_POINT('',(6.951275476049E-02,3.548675956395E-02,
    8.864861022221E-03));
#4538 = CARTESIAN_POINT('',(7.220190531131E-02,3.591374059301E-02,
    9.751337124443E-03));
#4539 = CARTESIAN_POINT('',(7.220190531131E-02,3.591374059301E-02,
    8.864861022221E-03));
#4540 = CARTESIAN_POINT('',(7.494859842014E-02,3.620101501628E-02,
    9.751337124443E-03));
#4541 = CARTESIAN_POINT('',(7.494859842014E-02,3.620101501628E-02,
    8.864861022221E-03));
#4542 = CARTESIAN_POINT('',(7.680092607488E-02,3.622902087546E-02,
    9.751337124443E-03));
#4543 = CARTESIAN_POINT('',(7.680092607488E-02,3.622902087546E-02,
    8.864861022221E-03));
#4544 = CARTESIAN_POINT('',(7.773634715637E-02,3.624316376806E-02,
    9.751337124443E-03));
#4545 = CARTESIAN_POINT('',(7.773634715637E-02,3.624316376806E-02,
    8.864861022221E-03));
#4546 = ADVANCED_FACE('',(#4547),#4580,.T.);
#4547 = FACE_BOUND('',#4548,.T.);
#4548 = EDGE_LOOP('',(#4549,#4550,#4551,#4575));
#4549 = ORIENTED_EDGE('',*,*,#1895,.F.);
#4550 = ORIENTED_EDGE('',*,*,#4519,.F.);
#4551 = ORIENTED_EDGE('',*,*,#4552,.T.);
#4552 = EDGE_CURVE('',#4504,#4553,#4555,.T.);
#4553 = VERTEX_POINT('',#4554);
#4554 = CARTESIAN_POINT('',(0.111029876072,-3.780288694674E-04,
    9.751337124443E-03));
#4555 = B_SPLINE_CURVE_WITH_KNOTS('',3,(#4556,#4557,#4558,#4559,#4560,
    #4561,#4562,#4563,#4564,#4565,#4566,#4567,#4568,#4569,#4570,#4571,
    #4572,#4573,#4574),.UNSPECIFIED.,.F.,.F.,(4,1,1,1,1,1,1,1,1,1,1,1,1,
    1,1,1,4),(0.,6.460397028839E-02,0.126702413963,0.186756814036,
    0.245505687365,0.30365202445,0.361503073971,0.420240222928,
    0.480033340777,0.540678134776,0.601191806381,0.662333502477,
    0.724739510297,0.789467736173,0.856504860044,0.926312095839,1.),
  .UNSPECIFIED.);
#4556 = CARTESIAN_POINT('',(7.773634715637E-02,3.624316376806E-02,
    9.751337124443E-03));
#4557 = CARTESIAN_POINT('',(7.89374657057E-02,3.621733752027E-02,
    9.751337124443E-03));
#4558 = CARTESIAN_POINT('',(8.129311999406E-02,3.616668664038E-02,
    9.751337124443E-03));
#4559 = CARTESIAN_POINT('',(8.473455121848E-02,3.566938864502E-02,
    9.751337124443E-03));
#4560 = CARTESIAN_POINT('',(8.80169411368E-02,3.492537463933E-02,
    9.751337124443E-03));
#4561 = CARTESIAN_POINT('',(9.112712758825E-02,3.383645245792E-02,
    9.751337124443E-03));
#4562 = CARTESIAN_POINT('',(9.406157894167E-02,3.243103055542E-02,
    9.751337124443E-03));
#4563 = CARTESIAN_POINT('',(9.681775051281E-02,3.070383759917E-02,
    9.751337124443E-03));
#4564 = CARTESIAN_POINT('',(9.941256898894E-02,2.869190452422E-02,
    9.751337124443E-03));
#4565 = CARTESIAN_POINT('',(0.101806451296,2.63701316624E-02,
    9.751337124443E-03));
#4566 = CARTESIAN_POINT('',(0.103987943971,2.380262172799E-02,
    9.751337124443E-03));
#4567 = CARTESIAN_POINT('',(0.105860432401,2.097239512482E-02,
    9.751337124443E-03));
#4568 = CARTESIAN_POINT('',(0.107484164103,1.795605557504E-02,
    9.751337124443E-03));
#4569 = CARTESIAN_POINT('',(0.108784445292,1.470068216379E-02,
    9.751337124443E-03));
#4570 = CARTESIAN_POINT('',(0.109791437754,1.12312519323E-02,
    9.751337124443E-03));
#4571 = CARTESIAN_POINT('',(0.110518274051,7.552498914624E-03,
    9.751337124443E-03));
#4572 = CARTESIAN_POINT('',(0.110939392988,3.657638203853E-03,
    9.751337124443E-03));
#4573 = CARTESIAN_POINT('',(0.110999176121,9.912301798883E-04,
    9.751337124443E-03));
#4574 = CARTESIAN_POINT('',(0.111029876072,-3.780288694674E-04,
    9.751337124443E-03));
#4575 = ORIENTED_EDGE('',*,*,#4576,.T.);
#4576 = EDGE_CURVE('',#4553,#1896,#4577,.T.);
#4577 = B_SPLINE_CURVE_WITH_KNOTS('',1,(#4578,#4579),.UNSPECIFIED.,.F.,
  .F.,(2,2),(-0.,8.864761022221E-04),.PIECEWISE_BEZIER_KNOTS.);
#4578 = CARTESIAN_POINT('',(0.111029876072,-3.780288694674E-04,
    9.751337124443E-03));
#4579 = CARTESIAN_POINT('',(0.111029876072,-3.780288694674E-04,
    8.864861022221E-03));
#4580 = B_SPLINE_SURFACE_WITH_KNOTS('',3,1,(
    (#4581,#4582)
    ,(#4583,#4584)
    ,(#4585,#4586)
    ,(#4587,#4588)
    ,(#4589,#4590)
    ,(#4591,#4592)
    ,(#4593,#4594)
    ,(#4595,#4596)
    ,(#4597,#4598)
    ,(#4599,#4600)
    ,(#4601,#4602)
    ,(#4603,#4604)
    ,(#4605,#4606)
    ,(#4607,#4608)
    ,(#4609,#4610)
    ,(#4611,#4612)
    ,(#4613,#4614)
    ,(#4615,#4616)
    ,(#4617,#4618
    )),.UNSPECIFIED.,.F.,.F.,.F.,(4,1,1,1,1,1,1,1,1,1,1,1,1,1,1,1,4),(2,
    2),(0.,6.460397028839E-02,0.126702413963,0.186756814036,
    0.245505687365,0.30365202445,0.361503073971,0.420240222928,
    0.480033340777,0.540678134776,0.601191806381,0.662333502477,
    0.724739510297,0.789467736173,0.856504860044,0.926312095839,1.),(0.,
    1.),.UNSPECIFIED.);
#4581 = CARTESIAN_POINT('',(7.773634715637E-02,3.624316376806E-02,
    9.751337124443E-03));
#4582 = CARTESIAN_POINT('',(7.773634715637E-02,3.624316376806E-02,
    8.864861022221E-03));
#4583 = CARTESIAN_POINT('',(7.89374657057E-02,3.621733752027E-02,
    9.751337124443E-03));
#4584 = CARTESIAN_POINT('',(7.89374657057E-02,3.621733752027E-02,
    8.864861022221E-03));
#4585 = CARTESIAN_POINT('',(8.129311999406E-02,3.616668664038E-02,
    9.751337124443E-03));
#4586 = CARTESIAN_POINT('',(8.129311999406E-02,3.616668664038E-02,
    8.864861022221E-03));
#4587 = CARTESIAN_POINT('',(8.473455121848E-02,3.566938864502E-02,
    9.751337124443E-03));
#4588 = CARTESIAN_POINT('',(8.473455121848E-02,3.566938864502E-02,
    8.864861022221E-03));
#4589 = CARTESIAN_POINT('',(8.80169411368E-02,3.492537463933E-02,
    9.751337124443E-03));
#4590 = CARTESIAN_POINT('',(8.80169411368E-02,3.492537463933E-02,
    8.864861022221E-03));
#4591 = CARTESIAN_POINT('',(9.112712758825E-02,3.383645245792E-02,
    9.751337124443E-03));
#4592 = CARTESIAN_POINT('',(9.112712758825E-02,3.383645245792E-02,
    8.864861022221E-03));
#4593 = CARTESIAN_POINT('',(9.406157894167E-02,3.243103055542E-02,
    9.751337124443E-03));
#4594 = CARTESIAN_POINT('',(9.406157894167E-02,3.243103055542E-02,
    8.864861022221E-03));
#4595 = CARTESIAN_POINT('',(9.681775051281E-02,3.070383759917E-02,
    9.751337124443E-03));
#4596 = CARTESIAN_POINT('',(9.681775051281E-02,3.070383759917E-02,
    8.864861022221E-03));
#4597 = CARTESIAN_POINT('',(9.941256898894E-02,2.869190452422E-02,
    9.751337124443E-03));
#4598 = CARTESIAN_POINT('',(9.941256898894E-02,2.869190452422E-02,
    8.864861022221E-03));
#4599 = CARTESIAN_POINT('',(0.101806451296,2.63701316624E-02,
    9.751337124443E-03));
#4600 = CARTESIAN_POINT('',(0.101806451296,2.63701316624E-02,
    8.864861022221E-03));
#4601 = CARTESIAN_POINT('',(0.103987943971,2.380262172799E-02,
    9.751337124443E-03));
#4602 = CARTESIAN_POINT('',(0.103987943971,2.380262172799E-02,
    8.864861022221E-03));
#4603 = CARTESIAN_POINT('',(0.105860432401,2.097239512482E-02,
    9.751337124443E-03));
#4604 = CARTESIAN_POINT('',(0.105860432401,2.097239512482E-02,
    8.864861022221E-03));
#4605 = CARTESIAN_POINT('',(0.107484164103,1.795605557504E-02,
    9.751337124443E-03));
#4606 = CARTESIAN_POINT('',(0.107484164103,1.795605557504E-02,
    8.864861022221E-03));
#4607 = CARTESIAN_POINT('',(0.108784445292,1.470068216379E-02,
    9.751337124443E-03));
#4608 = CARTESIAN_POINT('',(0.108784445292,1.470068216379E-02,
    8.864861022221E-03));
#4609 = CARTESIAN_POINT('',(0.109791437754,1.12312519323E-02,
    9.751337124443E-03));
#4610 = CARTESIAN_POINT('',(0.109791437754,1.12312519323E-02,
    8.864861022221E-03));
#4611 = CARTESIAN_POINT('',(0.110518274051,7.552498914624E-03,
    9.751337124443E-03));
#4612 = CARTESIAN_POINT('',(0.110518274051,7.552498914624E-03,
    8.864861022221E-03));
#4613 = CARTESIAN_POINT('',(0.110939392988,3.657638203853E-03,
    9.751337124443E-03));
#4614 = CARTESIAN_POINT('',(0.110939392988,3.657638203853E-03,
    8.864861022221E-03));
#4615 = CARTESIAN_POINT('',(0.110999176121,9.912301798883E-04,
    9.751337124443E-03));
#4616 = CARTESIAN_POINT('',(0.110999176121,9.912301798883E-04,
    8.864861022221E-03));
#4617 = CARTESIAN_POINT('',(0.111029876072,-3.780288694674E-04,
    9.751337124443E-03));
#4618 = CARTESIAN_POINT('',(0.111029876072,-3.780288694674E-04,
    8.864861022221E-03));
#4619 = ADVANCED_FACE('',(#4620),#4653,.T.);
#4620 = FACE_BOUND('',#4621,.T.);
#4621 = EDGE_LOOP('',(#4622,#4623,#4624,#4648));
#4622 = ORIENTED_EDGE('',*,*,#1919,.F.);
#4623 = ORIENTED_EDGE('',*,*,#4576,.F.);
#4624 = ORIENTED_EDGE('',*,*,#4625,.T.);
#4625 = EDGE_CURVE('',#4553,#4626,#4628,.T.);
#4626 = VERTEX_POINT('',#4627);
#4627 = CARTESIAN_POINT('',(7.972956705085E-02,-3.510735177664E-02,
    9.751337124443E-03));
#4628 = B_SPLINE_CURVE_WITH_KNOTS('',3,(#4629,#4630,#4631,#4632,#4633,
    #4634,#4635,#4636,#4637,#4638,#4639,#4640,#4641,#4642,#4643,#4644,
    #4645,#4646,#4647),.UNSPECIFIED.,.F.,.F.,(4,1,1,1,1,1,1,1,1,1,1,1,1,
    1,1,1,4),(0.,7.377411937406E-02,0.144079114726,0.211348518309,
    0.27607688574,0.33852091582,0.399885116693,0.460254067465,
    0.520588964391,0.580207684563,0.638632908553,0.696364549491,
    0.75400177466,0.812805681374,0.872754425526,0.935181996978,1.),
  .UNSPECIFIED.);
#4629 = CARTESIAN_POINT('',(0.111029876072,-3.780288694674E-04,
    9.751337124443E-03));
#4630 = CARTESIAN_POINT('',(0.111005248006,-1.674163812965E-03,
    9.751337124443E-03));
#4631 = CARTESIAN_POINT('',(0.110957149974,-4.205484780386E-03,
    9.751337124443E-03));
#4632 = CARTESIAN_POINT('',(0.11054391146,-7.900111327855E-03,
    9.751337124443E-03));
#4633 = CARTESIAN_POINT('',(0.109874511704,-1.139342304608E-02,
    9.751337124443E-03));
#4634 = CARTESIAN_POINT('',(0.108933752974,-1.468234079693E-02,
    9.751337124443E-03));
#4635 = CARTESIAN_POINT('',(0.107707038019,-1.776382091453E-02,
    9.751337124443E-03));
#4636 = CARTESIAN_POINT('',(0.106225209346,-2.064605088155E-02,
    9.751337124443E-03));
#4637 = CARTESIAN_POINT('',(0.104453496634,-2.331601510157E-02,
    9.751337124443E-03));
#4638 = CARTESIAN_POINT('',(0.102431010289,-2.576121398071E-02,
    9.751337124443E-03));
#4639 = CARTESIAN_POINT('',(0.100185517712,-2.795397042756E-02,
    9.751337124443E-03));
#4640 = CARTESIAN_POINT('',(9.776404104948E-02,-2.987970327091E-02,
    9.751337124443E-03));
#4641 = CARTESIAN_POINT('',(9.516130465032E-02,-3.148709071223E-02,
    9.751337124443E-03));
#4642 = CARTESIAN_POINT('',(9.240157860454E-02,-3.28199873929E-02,
    9.751337124443E-03));
#4643 = CARTESIAN_POINT('',(8.947239393102E-02,-3.385050036552E-02,
    9.751337124443E-03));
#4644 = CARTESIAN_POINT('',(8.636826751952E-02,-3.457292609976E-02,
    9.751337124443E-03));
#4645 = CARTESIAN_POINT('',(8.31040492174E-02,-3.502038105632E-02,
    9.751337124443E-03));
#4646 = CARTESIAN_POINT('',(8.08683940899E-02,-3.507800072276E-02,
    9.751337124443E-03));
#4647 = CARTESIAN_POINT('',(7.972956705085E-02,-3.510735177664E-02,
    9.751337124443E-03));
#4648 = ORIENTED_EDGE('',*,*,#4649,.T.);
#4649 = EDGE_CURVE('',#4626,#1920,#4650,.T.);
#4650 = B_SPLINE_CURVE_WITH_KNOTS('',1,(#4651,#4652),.UNSPECIFIED.,.F.,
  .F.,(2,2),(-0.,8.864761022221E-04),.PIECEWISE_BEZIER_KNOTS.);
#4651 = CARTESIAN_POINT('',(7.972956705085E-02,-3.510735177664E-02,
    9.751337124443E-03));
#4652 = CARTESIAN_POINT('',(7.972956705085E-02,-3.510735177664E-02,
    8.864861022221E-03));
#4653 = B_SPLINE_SURFACE_WITH_KNOTS('',3,1,(
    (#4654,#4655)
    ,(#4656,#4657)
    ,(#4658,#4659)
    ,(#4660,#4661)
    ,(#4662,#4663)
    ,(#4664,#4665)
    ,(#4666,#4667)
    ,(#4668,#4669)
    ,(#4670,#4671)
    ,(#4672,#4673)
    ,(#4674,#4675)
    ,(#4676,#4677)
    ,(#4678,#4679)
    ,(#4680,#4681)
    ,(#4682,#4683)
    ,(#4684,#4685)
    ,(#4686,#4687)
    ,(#4688,#4689)
    ,(#4690,#4691
    )),.UNSPECIFIED.,.F.,.F.,.F.,(4,1,1,1,1,1,1,1,1,1,1,1,1,1,1,1,4),(2,
    2),(0.,7.377411937406E-02,0.144079114726,0.211348518309,
    0.27607688574,0.33852091582,0.399885116693,0.460254067465,
    0.520588964391,0.580207684563,0.638632908553,0.696364549491,
    0.75400177466,0.812805681374,0.872754425526,0.935181996978,1.),(0.,
    1.),.UNSPECIFIED.);
#4654 = CARTESIAN_POINT('',(0.111029876072,-3.780288694674E-04,
    9.751337124443E-03));
#4655 = CARTESIAN_POINT('',(0.111029876072,-3.780288694674E-04,
    8.864861022221E-03));
#4656 = CARTESIAN_POINT('',(0.111005248006,-1.674163812965E-03,
    9.751337124443E-03));
#4657 = CARTESIAN_POINT('',(0.111005248006,-1.674163812965E-03,
    8.864861022221E-03));
#4658 = CARTESIAN_POINT('',(0.110957149974,-4.205484780386E-03,
    9.751337124443E-03));
#4659 = CARTESIAN_POINT('',(0.110957149974,-4.205484780386E-03,
    8.864861022221E-03));
#4660 = CARTESIAN_POINT('',(0.11054391146,-7.900111327855E-03,
    9.751337124443E-03));
#4661 = CARTESIAN_POINT('',(0.11054391146,-7.900111327855E-03,
    8.864861022221E-03));
#4662 = CARTESIAN_POINT('',(0.109874511704,-1.139342304608E-02,
    9.751337124443E-03));
#4663 = CARTESIAN_POINT('',(0.109874511704,-1.139342304608E-02,
    8.864861022221E-03));
#4664 = CARTESIAN_POINT('',(0.108933752974,-1.468234079693E-02,
    9.751337124443E-03));
#4665 = CARTESIAN_POINT('',(0.108933752974,-1.468234079693E-02,
    8.864861022221E-03));
#4666 = CARTESIAN_POINT('',(0.107707038019,-1.776382091453E-02,
    9.751337124443E-03));
#4667 = CARTESIAN_POINT('',(0.107707038019,-1.776382091453E-02,
    8.864861022221E-03));
#4668 = CARTESIAN_POINT('',(0.106225209346,-2.064605088155E-02,
    9.751337124443E-03));
#4669 = CARTESIAN_POINT('',(0.106225209346,-2.064605088155E-02,
    8.864861022221E-03));
#4670 = CARTESIAN_POINT('',(0.104453496634,-2.331601510157E-02,
    9.751337124443E-03));
#4671 = CARTESIAN_POINT('',(0.104453496634,-2.331601510157E-02,
    8.864861022221E-03));
#4672 = CARTESIAN_POINT('',(0.102431010289,-2.576121398071E-02,
    9.751337124443E-03));
#4673 = CARTESIAN_POINT('',(0.102431010289,-2.576121398071E-02,
    8.864861022221E-03));
#4674 = CARTESIAN_POINT('',(0.100185517712,-2.795397042756E-02,
    9.751337124443E-03));
#4675 = CARTESIAN_POINT('',(0.100185517712,-2.795397042756E-02,
    8.864861022221E-03));
#4676 = CARTESIAN_POINT('',(9.776404104948E-02,-2.987970327091E-02,
    9.751337124443E-03));
#4677 = CARTESIAN_POINT('',(9.776404104948E-02,-2.987970327091E-02,
    8.864861022221E-03));
#4678 = CARTESIAN_POINT('',(9.516130465032E-02,-3.148709071223E-02,
    9.751337124443E-03));
#4679 = CARTESIAN_POINT('',(9.516130465032E-02,-3.148709071223E-02,
    8.864861022221E-03));
#4680 = CARTESIAN_POINT('',(9.240157860454E-02,-3.28199873929E-02,
    9.751337124443E-03));
#4681 = CARTESIAN_POINT('',(9.240157860454E-02,-3.28199873929E-02,
    8.864861022221E-03));
#4682 = CARTESIAN_POINT('',(8.947239393102E-02,-3.385050036552E-02,
    9.751337124443E-03));
#4683 = CARTESIAN_POINT('',(8.947239393102E-02,-3.385050036552E-02,
    8.864861022221E-03));
#4684 = CARTESIAN_POINT('',(8.636826751952E-02,-3.457292609976E-02,
    9.751337124443E-03));
#4685 = CARTESIAN_POINT('',(8.636826751952E-02,-3.457292609976E-02,
    8.864861022221E-03));
#4686 = CARTESIAN_POINT('',(8.31040492174E-02,-3.502038105632E-02,
    9.751337124443E-03));
#4687 = CARTESIAN_POINT('',(8.31040492174E-02,-3.502038105632E-02,
    8.864861022221E-03));
#4688 = CARTESIAN_POINT('',(8.08683940899E-02,-3.507800072276E-02,
    9.751337124443E-03));
#4689 = CARTESIAN_POINT('',(8.08683940899E-02,-3.507800072276E-02,
    8.864861022221E-03));
#4690 = CARTESIAN_POINT('',(7.972956705085E-02,-3.510735177664E-02,
    9.751337124443E-03));
#4691 = CARTESIAN_POINT('',(7.972956705085E-02,-3.510735177664E-02,
    8.864861022221E-03));
#4692 = ADVANCED_FACE('',(#4693),#4712,.T.);
#4693 = FACE_BOUND('',#4694,.T.);
#4694 = EDGE_LOOP('',(#4695,#4696,#4697,#4711));
#4695 = ORIENTED_EDGE('',*,*,#1943,.F.);
#4696 = ORIENTED_EDGE('',*,*,#4649,.F.);
#4697 = ORIENTED_EDGE('',*,*,#4698,.T.);
#4698 = EDGE_CURVE('',#4626,#4209,#4699,.T.);
#4699 = B_SPLINE_CURVE_WITH_KNOTS('',3,(#4700,#4701,#4702,#4703,#4704,
    #4705,#4706,#4707,#4708,#4709,#4710),.UNSPECIFIED.,.F.,.F.,(4,1,1,1,
    1,1,1,1,4),(0.,0.135294604763,0.266765657925,0.394816018836,
    0.520051654434,0.642175702971,0.762651820558,0.881834004381,1.),
  .UNSPECIFIED.);
#4700 = CARTESIAN_POINT('',(7.972956705085E-02,-3.510735177664E-02,
    9.751337124443E-03));
#4701 = CARTESIAN_POINT('',(7.865910987527E-02,-3.509329753599E-02,
    9.751337124443E-03));
#4702 = CARTESIAN_POINT('',(7.654844764137E-02,-3.506558624062E-02,
    9.751337124443E-03));
#4703 = CARTESIAN_POINT('',(7.343586322576E-02,-3.478120692775E-02,
    9.751337124443E-03));
#4704 = CARTESIAN_POINT('',(7.042093772114E-02,-3.435319682385E-02,
    9.751337124443E-03));
#4705 = CARTESIAN_POINT('',(6.751677544888E-02,-3.372320354722E-02,
    9.751337124443E-03));
#4706 = CARTESIAN_POINT('',(6.471341941612E-02,-3.293459415403E-02,
    9.751337124443E-03));
#4707 = CARTESIAN_POINT('',(6.202676273141E-02,-3.194404034039E-02,
    9.751337124443E-03));
#4708 = CARTESIAN_POINT('',(5.942809717967E-02,-3.081262305586E-02,
    9.751337124443E-03));
#4709 = CARTESIAN_POINT('',(5.779133330286E-02,-2.989072039027E-02,
    9.751337124443E-03));
#4710 = CARTESIAN_POINT('',(5.697645520456E-02,-2.943174258559E-02,
    9.751337124443E-03));
#4711 = ORIENTED_EDGE('',*,*,#4208,.T.);
#4712 = B_SPLINE_SURFACE_WITH_KNOTS('',3,1,(
    (#4713,#4714)
    ,(#4715,#4716)
    ,(#4717,#4718)
    ,(#4719,#4720)
    ,(#4721,#4722)
    ,(#4723,#4724)
    ,(#4725,#4726)
    ,(#4727,#4728)
    ,(#4729,#4730)
    ,(#4731,#4732)
    ,(#4733,#4734
  )),.UNSPECIFIED.,.F.,.F.,.F.,(4,1,1,1,1,1,1,1,4),(2,2),(0.,
    0.135294604763,0.266765657925,0.394816018836,0.520051654434,
    0.642175702971,0.762651820558,0.881834004381,1.),(0.,1.),
  .UNSPECIFIED.);
#4713 = CARTESIAN_POINT('',(7.972956705085E-02,-3.510735177664E-02,
    9.751337124443E-03));
#4714 = CARTESIAN_POINT('',(7.972956705085E-02,-3.510735177664E-02,
    8.864861022221E-03));
#4715 = CARTESIAN_POINT('',(7.865910987527E-02,-3.509329753599E-02,
    9.751337124443E-03));
#4716 = CARTESIAN_POINT('',(7.865910987527E-02,-3.509329753599E-02,
    8.864861022221E-03));
#4717 = CARTESIAN_POINT('',(7.654844764137E-02,-3.506558624062E-02,
    9.751337124443E-03));
#4718 = CARTESIAN_POINT('',(7.654844764137E-02,-3.506558624062E-02,
    8.864861022221E-03));
#4719 = CARTESIAN_POINT('',(7.343586322576E-02,-3.478120692775E-02,
    9.751337124443E-03));
#4720 = CARTESIAN_POINT('',(7.343586322576E-02,-3.478120692775E-02,
    8.864861022221E-03));
#4721 = CARTESIAN_POINT('',(7.042093772114E-02,-3.435319682385E-02,
    9.751337124443E-03));
#4722 = CARTESIAN_POINT('',(7.042093772114E-02,-3.435319682385E-02,
    8.864861022221E-03));
#4723 = CARTESIAN_POINT('',(6.751677544888E-02,-3.372320354722E-02,
    9.751337124443E-03));
#4724 = CARTESIAN_POINT('',(6.751677544888E-02,-3.372320354722E-02,
    8.864861022221E-03));
#4725 = CARTESIAN_POINT('',(6.471341941612E-02,-3.293459415403E-02,
    9.751337124443E-03));
#4726 = CARTESIAN_POINT('',(6.471341941612E-02,-3.293459415403E-02,
    8.864861022221E-03));
#4727 = CARTESIAN_POINT('',(6.202676273141E-02,-3.194404034039E-02,
    9.751337124443E-03));
#4728 = CARTESIAN_POINT('',(6.202676273141E-02,-3.194404034039E-02,
    8.864861022221E-03));
#4729 = CARTESIAN_POINT('',(5.942809717967E-02,-3.081262305586E-02,
    9.751337124443E-03));
#4730 = CARTESIAN_POINT('',(5.942809717967E-02,-3.081262305586E-02,
    8.864861022221E-03));
#4731 = CARTESIAN_POINT('',(5.779133330286E-02,-2.989072039027E-02,
    9.751337124443E-03));
#4732 = CARTESIAN_POINT('',(5.779133330286E-02,-2.989072039027E-02,
    8.864861022221E-03));
#4733 = CARTESIAN_POINT('',(5.697645520456E-02,-2.943174258559E-02,
    9.751337124443E-03));
#4734 = CARTESIAN_POINT('',(5.697645520456E-02,-2.943174258559E-02,
    8.864861022221E-03));
#4735 = ADVANCED_FACE('',(#4736),#4748,.T.);
#4736 = FACE_BOUND('',#4737,.T.);
#4737 = EDGE_LOOP('',(#4738,#4739,#4740,#4741,#4742,#4743,#4744,#4745,
    #4746,#4747));
#4738 = ORIENTED_EDGE('',*,*,#4215,.F.);
#4739 = ORIENTED_EDGE('',*,*,#4698,.F.);
#4740 = ORIENTED_EDGE('',*,*,#4625,.F.);
#4741 = ORIENTED_EDGE('',*,*,#4552,.F.);
#4742 = ORIENTED_EDGE('',*,*,#4503,.F.);
#4743 = ORIENTED_EDGE('',*,*,#4481,.F.);
#4744 = ORIENTED_EDGE('',*,*,#4432,.F.);
#4745 = ORIENTED_EDGE('',*,*,#4359,.F.);
#4746 = ORIENTED_EDGE('',*,*,#4286,.F.);
#4747 = ORIENTED_EDGE('',*,*,#4237,.F.);
#4748 = B_SPLINE_SURFACE_WITH_KNOTS('',1,1,(
    (#4749,#4750)
    ,(#4751,#4752
    )),.UNSPECIFIED.,.F.,.F.,.F.,(2,2),(2,2),(-5.413837168364E-02,
    1.180680177434E-02),(-1.229778727875E-03,8.957996832902E-02),
  .PIECEWISE_BEZIER_KNOTS.);
#4749 = CARTESIAN_POINT('',(0.122921628663,-4.483696753274E-02,
    9.751337124443E-03));
#4750 = CARTESIAN_POINT('',(0.122921628663,4.597277952416E-02,
    9.751337124443E-03));
#4751 = CARTESIAN_POINT('',(5.697645520456E-02,-4.483696753274E-02,
    9.751337124443E-03));
#4752 = CARTESIAN_POINT('',(5.697645520456E-02,4.597277952416E-02,
    9.751337124443E-03));
#4753 = ADVANCED_FACE('',(#4754),#4776,.T.);
#4754 = FACE_BOUND('',#4755,.T.);
#4755 = EDGE_LOOP('',(#4756,#4757,#4764,#4771));
#4756 = ORIENTED_EDGE('',*,*,#2174,.F.);
#4757 = ORIENTED_EDGE('',*,*,#4758,.F.);
#4758 = EDGE_CURVE('',#4759,#2175,#4761,.T.);
#4759 = VERTEX_POINT('',#4760);
#4760 = CARTESIAN_POINT('',(0.130489107584,-3.40262833593E-02,
    9.751337124443E-03));
#4761 = B_SPLINE_CURVE_WITH_KNOTS('',1,(#4762,#4763),.UNSPECIFIED.,.F.,
  .F.,(2,2),(-0.,8.864761022221E-04),.PIECEWISE_BEZIER_KNOTS.);
#4762 = CARTESIAN_POINT('',(0.130489107584,-3.40262833593E-02,
    9.751337124443E-03));
#4763 = CARTESIAN_POINT('',(0.130489107584,-3.40262833593E-02,
    8.864861022221E-03));
#4764 = ORIENTED_EDGE('',*,*,#4765,.T.);
#4765 = EDGE_CURVE('',#4759,#4766,#4768,.T.);
#4766 = VERTEX_POINT('',#4767);
#4767 = CARTESIAN_POINT('',(0.130489107584,-4.375589911539E-02,
    9.751337124443E-03));
#4768 = B_SPLINE_CURVE_WITH_KNOTS('',1,(#4769,#4770),.UNSPECIFIED.,.F.,
  .F.,(2,2),(0.,9.729615756096E-03),.PIECEWISE_BEZIER_KNOTS.);
#4769 = CARTESIAN_POINT('',(0.130489107584,-3.40262833593E-02,
    9.751337124443E-03));
#4770 = CARTESIAN_POINT('',(0.130489107584,-4.375589911539E-02,
    9.751337124443E-03));
#4771 = ORIENTED_EDGE('',*,*,#4772,.T.);
#4772 = EDGE_CURVE('',#4766,#2177,#4773,.T.);
#4773 = B_SPLINE_CURVE_WITH_KNOTS('',1,(#4774,#4775),.UNSPECIFIED.,.F.,
  .F.,(2,2),(-0.,8.864761022221E-04),.PIECEWISE_BEZIER_KNOTS.);
#4774 = CARTESIAN_POINT('',(0.130489107584,-4.375589911539E-02,
    9.751337124443E-03));
#4775 = CARTESIAN_POINT('',(0.130489107584,-4.375589911539E-02,
    8.864861022221E-03));
#4776 = B_SPLINE_SURFACE_WITH_KNOTS('',1,1,(
    (#4777,#4778)
    ,(#4779,#4780
    )),.UNSPECIFIED.,.F.,.F.,.F.,(2,2),(2,2),(0.,8.864761022221E-04),(
    -9.729615756096E-03,0.),.PIECEWISE_BEZIER_KNOTS.);
#4777 = CARTESIAN_POINT('',(0.130489107584,-4.375589911539E-02,
    9.751337124443E-03));
#4778 = CARTESIAN_POINT('',(0.130489107584,-3.40262833593E-02,
    9.751337124443E-03));
#4779 = CARTESIAN_POINT('',(0.130489107584,-4.375589911539E-02,
    8.864861022221E-03));
#4780 = CARTESIAN_POINT('',(0.130489107584,-3.40262833593E-02,
    8.864861022221E-03));
#4781 = ADVANCED_FACE('',(#4782),#4798,.T.);
#4782 = FACE_BOUND('',#4783,.T.);
#4783 = EDGE_LOOP('',(#4784,#4785,#4786,#4793));
#4784 = ORIENTED_EDGE('',*,*,#2183,.F.);
#4785 = ORIENTED_EDGE('',*,*,#4772,.F.);
#4786 = ORIENTED_EDGE('',*,*,#4787,.T.);
#4787 = EDGE_CURVE('',#4766,#4788,#4790,.T.);
#4788 = VERTEX_POINT('',#4789);
#4789 = CARTESIAN_POINT('',(0.175893981112,-4.375589911539E-02,
    9.751337124443E-03));
#4790 = B_SPLINE_CURVE_WITH_KNOTS('',1,(#4791,#4792),.UNSPECIFIED.,.F.,
  .F.,(2,2),(0.,4.540487352845E-02),.PIECEWISE_BEZIER_KNOTS.);
#4791 = CARTESIAN_POINT('',(0.130489107584,-4.375589911539E-02,
    9.751337124443E-03));
#4792 = CARTESIAN_POINT('',(0.175893981112,-4.375589911539E-02,
    9.751337124443E-03));
#4793 = ORIENTED_EDGE('',*,*,#4794,.T.);
#4794 = EDGE_CURVE('',#4788,#2184,#4795,.T.);
#4795 = B_SPLINE_CURVE_WITH_KNOTS('',1,(#4796,#4797),.UNSPECIFIED.,.F.,
  .F.,(2,2),(-0.,8.864761022221E-04),.PIECEWISE_BEZIER_KNOTS.);
#4796 = CARTESIAN_POINT('',(0.175893981112,-4.375589911539E-02,
    9.751337124443E-03));
#4797 = CARTESIAN_POINT('',(0.175893981112,-4.375589911539E-02,
    8.864861022221E-03));
#4798 = B_SPLINE_SURFACE_WITH_KNOTS('',1,1,(
    (#4799,#4800)
    ,(#4801,#4802
    )),.UNSPECIFIED.,.F.,.F.,.F.,(2,2),(2,2),(-8.864761022221E-04,0.),(
    0.,4.540487352845E-02),.PIECEWISE_BEZIER_KNOTS.);
#4799 = CARTESIAN_POINT('',(0.130489107584,-4.375589911539E-02,
    8.864861022221E-03));
#4800 = CARTESIAN_POINT('',(0.175893981112,-4.375589911539E-02,
    8.864861022221E-03));
#4801 = CARTESIAN_POINT('',(0.130489107584,-4.375589911539E-02,
    9.751337124443E-03));
#4802 = CARTESIAN_POINT('',(0.175893981112,-4.375589911539E-02,
    9.751337124443E-03));
#4803 = ADVANCED_FACE('',(#4804),#4820,.T.);
#4804 = FACE_BOUND('',#4805,.T.);
#4805 = EDGE_LOOP('',(#4806,#4807,#4808,#4815));
#4806 = ORIENTED_EDGE('',*,*,#2190,.F.);
#4807 = ORIENTED_EDGE('',*,*,#4794,.F.);
#4808 = ORIENTED_EDGE('',*,*,#4809,.T.);
#4809 = EDGE_CURVE('',#4788,#4810,#4812,.T.);
#4810 = VERTEX_POINT('',#4811);
#4811 = CARTESIAN_POINT('',(0.175893981112,4.489171110681E-02,
    9.751337124443E-03));
#4812 = B_SPLINE_CURVE_WITH_KNOTS('',1,(#4813,#4814),.UNSPECIFIED.,.F.,
  .F.,(2,2),(0.,8.864761022221E-02),.PIECEWISE_BEZIER_KNOTS.);
#4813 = CARTESIAN_POINT('',(0.175893981112,-4.375589911539E-02,
    9.751337124443E-03));
#4814 = CARTESIAN_POINT('',(0.175893981112,4.489171110681E-02,
    9.751337124443E-03));
#4815 = ORIENTED_EDGE('',*,*,#4816,.T.);
#4816 = EDGE_CURVE('',#4810,#2191,#4817,.T.);
#4817 = B_SPLINE_CURVE_WITH_KNOTS('',1,(#4818,#4819),.UNSPECIFIED.,.F.,
  .F.,(2,2),(-0.,8.864761022221E-04),.PIECEWISE_BEZIER_KNOTS.);
#4818 = CARTESIAN_POINT('',(0.175893981112,4.489171110681E-02,
    9.751337124443E-03));
#4819 = CARTESIAN_POINT('',(0.175893981112,4.489171110681E-02,
    8.864861022221E-03));
#4820 = B_SPLINE_SURFACE_WITH_KNOTS('',1,1,(
    (#4821,#4822)
    ,(#4823,#4824
    )),.UNSPECIFIED.,.F.,.F.,.F.,(2,2),(2,2),(-8.864761022221E-04,0.),(
    0.,8.864761022221E-02),.PIECEWISE_BEZIER_KNOTS.);
#4821 = CARTESIAN_POINT('',(0.175893981112,-4.375589911539E-02,
    8.864861022221E-03));
#4822 = CARTESIAN_POINT('',(0.175893981112,4.489171110681E-02,
    8.864861022221E-03));
#4823 = CARTESIAN_POINT('',(0.175893981112,-4.375589911539E-02,
    9.751337124443E-03));
#4824 = CARTESIAN_POINT('',(0.175893981112,4.489171110681E-02,
    9.751337124443E-03));
#4825 = ADVANCED_FACE('',(#4826),#4842,.T.);
#4826 = FACE_BOUND('',#4827,.T.);
#4827 = EDGE_LOOP('',(#4828,#4829,#4830,#4837));
#4828 = ORIENTED_EDGE('',*,*,#2197,.F.);
#4829 = ORIENTED_EDGE('',*,*,#4816,.F.);
#4830 = ORIENTED_EDGE('',*,*,#4831,.T.);
#4831 = EDGE_CURVE('',#4810,#4832,#4834,.T.);
#4832 = VERTEX_POINT('',#4833);
#4833 = CARTESIAN_POINT('',(0.164002228522,4.489171110681E-02,
    9.751337124443E-03));
#4834 = B_SPLINE_CURVE_WITH_KNOTS('',1,(#4835,#4836),.UNSPECIFIED.,.F.,
  .F.,(2,2),(0.,1.189175259078E-02),.PIECEWISE_BEZIER_KNOTS.);
#4835 = CARTESIAN_POINT('',(0.175893981112,4.489171110681E-02,
    9.751337124443E-03));
#4836 = CARTESIAN_POINT('',(0.164002228522,4.489171110681E-02,
    9.751337124443E-03));
#4837 = ORIENTED_EDGE('',*,*,#4838,.T.);
#4838 = EDGE_CURVE('',#4832,#2198,#4839,.T.);
#4839 = B_SPLINE_CURVE_WITH_KNOTS('',1,(#4840,#4841),.UNSPECIFIED.,.F.,
  .F.,(2,2),(-0.,8.864761022221E-04),.PIECEWISE_BEZIER_KNOTS.);
#4840 = CARTESIAN_POINT('',(0.164002228522,4.489171110681E-02,
    9.751337124443E-03));
#4841 = CARTESIAN_POINT('',(0.164002228522,4.489171110681E-02,
    8.864861022221E-03));
#4842 = B_SPLINE_SURFACE_WITH_KNOTS('',1,1,(
    (#4843,#4844)
    ,(#4845,#4846
    )),.UNSPECIFIED.,.F.,.F.,.F.,(2,2),(2,2),(0.,8.864761022221E-04),(
    -1.189175259078E-02,0.),.PIECEWISE_BEZIER_KNOTS.);
#4843 = CARTESIAN_POINT('',(0.164002228522,4.489171110681E-02,
    9.751337124443E-03));
#4844 = CARTESIAN_POINT('',(0.175893981112,4.489171110681E-02,
    9.751337124443E-03));
#4845 = CARTESIAN_POINT('',(0.164002228522,4.489171110681E-02,
    8.864861022221E-03));
#4846 = CARTESIAN_POINT('',(0.175893981112,4.489171110681E-02,
    8.864861022221E-03));
#4847 = ADVANCED_FACE('',(#4848),#4864,.T.);
#4848 = FACE_BOUND('',#4849,.T.);
#4849 = EDGE_LOOP('',(#4850,#4851,#4852,#4859));
#4850 = ORIENTED_EDGE('',*,*,#2204,.F.);
#4851 = ORIENTED_EDGE('',*,*,#4838,.F.);
#4852 = ORIENTED_EDGE('',*,*,#4853,.T.);
#4853 = EDGE_CURVE('',#4832,#4854,#4856,.T.);
#4854 = VERTEX_POINT('',#4855);
#4855 = CARTESIAN_POINT('',(0.164002228522,-3.40262833593E-02,
    9.751337124443E-03));
#4856 = B_SPLINE_CURVE_WITH_KNOTS('',1,(#4857,#4858),.UNSPECIFIED.,.F.,
  .F.,(2,2),(0.,7.891799446611E-02),.PIECEWISE_BEZIER_KNOTS.);
#4857 = CARTESIAN_POINT('',(0.164002228522,4.489171110681E-02,
    9.751337124443E-03));
#4858 = CARTESIAN_POINT('',(0.164002228522,-3.40262833593E-02,
    9.751337124443E-03));
#4859 = ORIENTED_EDGE('',*,*,#4860,.T.);
#4860 = EDGE_CURVE('',#4854,#2205,#4861,.T.);
#4861 = B_SPLINE_CURVE_WITH_KNOTS('',1,(#4862,#4863),.UNSPECIFIED.,.F.,
  .F.,(2,2),(-0.,8.864761022221E-04),.PIECEWISE_BEZIER_KNOTS.);
#4862 = CARTESIAN_POINT('',(0.164002228522,-3.40262833593E-02,
    9.751337124443E-03));
#4863 = CARTESIAN_POINT('',(0.164002228522,-3.40262833593E-02,
    8.864861022221E-03));
#4864 = B_SPLINE_SURFACE_WITH_KNOTS('',1,1,(
    (#4865,#4866)
    ,(#4867,#4868
    )),.UNSPECIFIED.,.F.,.F.,.F.,(2,2),(2,2),(0.,8.864761022221E-04),(
    -7.891799446611E-02,0.),.PIECEWISE_BEZIER_KNOTS.);
#4865 = CARTESIAN_POINT('',(0.164002228522,-3.40262833593E-02,
    9.751337124443E-03));
#4866 = CARTESIAN_POINT('',(0.164002228522,4.489171110681E-02,
    9.751337124443E-03));
#4867 = CARTESIAN_POINT('',(0.164002228522,-3.40262833593E-02,
    8.864861022221E-03));
#4868 = CARTESIAN_POINT('',(0.164002228522,4.489171110681E-02,
    8.864861022221E-03));
#4869 = ADVANCED_FACE('',(#4870),#4880,.T.);
#4870 = FACE_BOUND('',#4871,.T.);
#4871 = EDGE_LOOP('',(#4872,#4873,#4874,#4879));
#4872 = ORIENTED_EDGE('',*,*,#2211,.F.);
#4873 = ORIENTED_EDGE('',*,*,#4860,.F.);
#4874 = ORIENTED_EDGE('',*,*,#4875,.T.);
#4875 = EDGE_CURVE('',#4854,#4759,#4876,.T.);
#4876 = B_SPLINE_CURVE_WITH_KNOTS('',1,(#4877,#4878),.UNSPECIFIED.,.F.,
  .F.,(2,2),(0.,3.351312093766E-02),.PIECEWISE_BEZIER_KNOTS.);
#4877 = CARTESIAN_POINT('',(0.164002228522,-3.40262833593E-02,
    9.751337124443E-03));
#4878 = CARTESIAN_POINT('',(0.130489107584,-3.40262833593E-02,
    9.751337124443E-03));
#4879 = ORIENTED_EDGE('',*,*,#4758,.T.);
#4880 = B_SPLINE_SURFACE_WITH_KNOTS('',1,1,(
    (#4881,#4882)
    ,(#4883,#4884
    )),.UNSPECIFIED.,.F.,.F.,.F.,(2,2),(2,2),(0.,8.864761022221E-04),(
    -3.351312093766E-02,0.),.PIECEWISE_BEZIER_KNOTS.);
#4881 = CARTESIAN_POINT('',(0.130489107584,-3.40262833593E-02,
    9.751337124443E-03));
#4882 = CARTESIAN_POINT('',(0.164002228522,-3.40262833593E-02,
    9.751337124443E-03));
#4883 = CARTESIAN_POINT('',(0.130489107584,-3.40262833593E-02,
    8.864861022221E-03));
#4884 = CARTESIAN_POINT('',(0.164002228522,-3.40262833593E-02,
    8.864861022221E-03));
#4885 = ADVANCED_FACE('',(#4886),#4894,.F.);
#4886 = FACE_BOUND('',#4887,.T.);
#4887 = EDGE_LOOP('',(#4888,#4889,#4890,#4891,#4892,#4893));
#4888 = ORIENTED_EDGE('',*,*,#4765,.F.);
#4889 = ORIENTED_EDGE('',*,*,#4875,.F.);
#4890 = ORIENTED_EDGE('',*,*,#4853,.F.);
#4891 = ORIENTED_EDGE('',*,*,#4831,.F.);
#4892 = ORIENTED_EDGE('',*,*,#4809,.F.);
#4893 = ORIENTED_EDGE('',*,*,#4787,.F.);
#4894 = B_SPLINE_SURFACE_WITH_KNOTS('',1,1,(
    (#4895,#4896)
    ,(#4897,#4898
    )),.UNSPECIFIED.,.F.,.F.,.F.,(2,2),(2,2),(0.130489107584,
    0.175893981112),(-4.375589911531E-02,4.48917111069E-02),
  .PIECEWISE_BEZIER_KNOTS.);
#4895 = CARTESIAN_POINT('',(0.130489107584,-4.375589911539E-02,
    9.751337124443E-03));
#4896 = CARTESIAN_POINT('',(0.130489107584,4.489171110681E-02,
    9.751337124443E-03));
#4897 = CARTESIAN_POINT('',(0.175893981112,-4.375589911539E-02,
    9.751337124443E-03));
#4898 = CARTESIAN_POINT('',(0.175893981112,4.489171110681E-02,
    9.751337124443E-03));
#4899 = ADVANCED_FACE('',(#4900),#4908,.F.);
#4900 = FACE_BOUND('',#4901,.T.);
#4901 = EDGE_LOOP('',(#4902,#4903,#4904,#4905,#4906,#4907));
#4902 = ORIENTED_EDGE('',*,*,#3253,.T.);
#4903 = ORIENTED_EDGE('',*,*,#3399,.T.);
#4904 = ORIENTED_EDGE('',*,*,#3362,.T.);
#4905 = ORIENTED_EDGE('',*,*,#3340,.T.);
#4906 = ORIENTED_EDGE('',*,*,#3303,.T.);
#4907 = ORIENTED_EDGE('',*,*,#3281,.T.);
#4908 = B_SPLINE_SURFACE_WITH_KNOTS('',1,1,(
    (#4909,#4910)
    ,(#4911,#4912
    )),.UNSPECIFIED.,.F.,.F.,.F.,(2,2),(2,2),(-0.157091983124,
    -0.127447060117),(-9.161709760298E-03,3.408102693346E-02),
  .PIECEWISE_BEZIER_KNOTS.);
#4909 = CARTESIAN_POINT('',(-0.157091983124,-9.161709760387E-03,
    8.864861022221E-03));
#4910 = CARTESIAN_POINT('',(-0.157091983124,3.408102693337E-02,
    8.864861022221E-03));
#4911 = CARTESIAN_POINT('',(-0.127447060117,-9.161709760387E-03,
    8.864861022221E-03));
#4912 = CARTESIAN_POINT('',(-0.127447060117,3.408102693337E-02,
    8.864861022221E-03));
#4913 = ADVANCED_FACE('',(#4914),#4921,.F.);
#4914 = FACE_BOUND('',#4915,.T.);
#4915 = EDGE_LOOP('',(#4916,#4917,#4918,#4919,#4920));
#4916 = ORIENTED_EDGE('',*,*,#3711,.T.);
#4917 = ORIENTED_EDGE('',*,*,#3907,.T.);
#4918 = ORIENTED_EDGE('',*,*,#3885,.T.);
#4919 = ORIENTED_EDGE('',*,*,#3812,.T.);
#4920 = ORIENTED_EDGE('',*,*,#3739,.T.);
#4921 = B_SPLINE_SURFACE_WITH_KNOTS('',1,1,(
    (#4922,#4923)
    ,(#4924,#4925
    )),.UNSPECIFIED.,.F.,.F.,.F.,(2,2),(2,2),(-8.46435074675E-02,
    -3.707649710436E-02),(-3.402628335921E-02,3.516209535081E-02),
  .PIECEWISE_BEZIER_KNOTS.);
#4922 = CARTESIAN_POINT('',(-8.46435074675E-02,-3.40262833593E-02,
    8.864861022221E-03));
#4923 = CARTESIAN_POINT('',(-8.46435074675E-02,3.516209535072E-02,
    8.864861022221E-03));
#4924 = CARTESIAN_POINT('',(-3.707649710436E-02,-3.40262833593E-02,
    8.864861022221E-03));
#4925 = CARTESIAN_POINT('',(-3.707649710436E-02,3.516209535072E-02,
    8.864861022221E-03));
#4926 = ADVANCED_FACE('',(#4927),#4939,.F.);
#4927 = FACE_BOUND('',#4928,.T.);
#4928 = EDGE_LOOP('',(#4929,#4930,#4935,#4936,#4937,#4938));
#4929 = ORIENTED_EDGE('',*,*,#1735,.T.);
#4930 = ORIENTED_EDGE('',*,*,#4931,.T.);
#4931 = EDGE_CURVE('',#1728,#2511,#4932,.T.);
#4932 = B_SPLINE_CURVE_WITH_KNOTS('',1,(#4933,#4934),.UNSPECIFIED.,.F.,
  .F.,(2,2),(0.588292305094,1.627897950461),.PIECEWISE_BEZIER_KNOTS.);
#4933 = CARTESIAN_POINT('',(-0.519802822683,-1.152418932889,
    1.161283793911));
#4934 = CARTESIAN_POINT('',(0.519802822683,-1.152418932889,
    1.161283793911));
#4935 = ORIENTED_EDGE('',*,*,#2538,.T.);
#4936 = ORIENTED_EDGE('',*,*,#2331,.T.);
#4937 = ORIENTED_EDGE('',*,*,#925,.T.);
#4938 = ORIENTED_EDGE('',*,*,#2311,.F.);
#4939 = B_SPLINE_SURFACE_WITH_KNOTS('',1,1,(
    (#4940,#4941)
    ,(#4942,#4943
    )),.UNSPECIFIED.,.F.,.F.,.F.,(2,2),(2,2),(2.223270753644,
    2.400565974089),(0.,2.216190255555),.PIECEWISE_BEZIER_KNOTS.);
#4940 = CARTESIAN_POINT('',(-1.108095127778,-1.152418932889,
    1.161283793911));
#4941 = CARTESIAN_POINT('',(1.108095127778,-1.152418932889,
    1.161283793911));
#4942 = CARTESIAN_POINT('',(-1.108095127778,-1.152418932889,
    1.338579014355));
#4943 = CARTESIAN_POINT('',(1.108095127778,-1.152418932889,
    1.338579014355));
#4944 = ADVANCED_FACE('',(#4945),#4964,.F.);
#4945 = FACE_BOUND('',#4946,.T.);
#4946 = EDGE_LOOP('',(#4947,#4948,#4955,#4960,#4961,#4962,#4963));
#4947 = ORIENTED_EDGE('',*,*,#2528,.T.);
#4948 = ORIENTED_EDGE('',*,*,#4949,.T.);
#4949 = EDGE_CURVE('',#2521,#4950,#4952,.T.);
#4950 = VERTEX_POINT('',#4951);
#4951 = CARTESIAN_POINT('',(0.,1.152418932889,1.161283793911));
#4952 = B_SPLINE_CURVE_WITH_KNOTS('',1,(#4953,#4954),.UNSPECIFIED.,.F.,
  .F.,(2,2),(-1.627897950461,-1.108095127778),.PIECEWISE_BEZIER_KNOTS.);
#4953 = CARTESIAN_POINT('',(0.519802822683,1.152418932889,1.161283793911
    ));
#4954 = CARTESIAN_POINT('',(0.,1.152418932889,1.161283793911));
#4955 = ORIENTED_EDGE('',*,*,#4956,.T.);
#4956 = EDGE_CURVE('',#4950,#178,#4957,.T.);
#4957 = B_SPLINE_CURVE_WITH_KNOTS('',1,(#4958,#4959),.UNSPECIFIED.,.F.,
  .F.,(2,2),(-1.108095127778,-0.588292305094),.PIECEWISE_BEZIER_KNOTS.);
#4958 = CARTESIAN_POINT('',(0.,1.152418932889,1.161283793911));
#4959 = CARTESIAN_POINT('',(-0.519802822683,1.152418932889,
    1.161283793911));
#4960 = ORIENTED_EDGE('',*,*,#1719,.T.);
#4961 = ORIENTED_EDGE('',*,*,#2447,.T.);
#4962 = ORIENTED_EDGE('',*,*,#881,.T.);
#4963 = ORIENTED_EDGE('',*,*,#2431,.F.);
#4964 = B_SPLINE_SURFACE_WITH_KNOTS('',1,1,(
    (#4965,#4966)
    ,(#4967,#4968
    )),.UNSPECIFIED.,.F.,.F.,.F.,(2,2),(2,2),(-2.400565974089,
    -2.223270753644),(0.,2.216190255555),.PIECEWISE_BEZIER_KNOTS.);
#4965 = CARTESIAN_POINT('',(-1.108095127778,1.152418932889,
    1.338579014355));
#4966 = CARTESIAN_POINT('',(1.108095127778,1.152418932889,1.338579014355
    ));
#4967 = CARTESIAN_POINT('',(-1.108095127778,1.152418932889,
    1.161283793911));
#4968 = CARTESIAN_POINT('',(1.108095127778,1.152418932889,1.161283793911
    ));
#4969 = ADVANCED_FACE('',(#4970),#4980,.F.);
#4970 = FACE_BOUND('',#4971,.T.);
#4971 = EDGE_LOOP('',(#4972,#4973,#4974,#4979));
#4972 = ORIENTED_EDGE('',*,*,#2269,.T.);
#4973 = ORIENTED_EDGE('',*,*,#2684,.F.);
#4974 = ORIENTED_EDGE('',*,*,#4975,.F.);
#4975 = EDGE_CURVE('',#2746,#2678,#4976,.T.);
#4976 = B_SPLINE_CURVE_WITH_KNOTS('',1,(#4977,#4978),.UNSPECIFIED.,.F.,
  .F.,(2,2),(0.,2.216190255555),.PIECEWISE_BEZIER_KNOTS.);
#4977 = CARTESIAN_POINT('',(1.108095127778,0.664857076666,
    9.999999999941E-08));
#4978 = CARTESIAN_POINT('',(-1.108095127778,0.664857076666,
    9.999999999941E-08));
#4979 = ORIENTED_EDGE('',*,*,#2745,.T.);
#4980 = B_SPLINE_SURFACE_WITH_KNOTS('',1,1,(
    (#4981,#4982)
    ,(#4983,#4984
    )),.UNSPECIFIED.,.F.,.F.,.F.,(2,2),(2,2),(0.,8.864761022221E-03),(
    -2.216190255555,0.),.PIECEWISE_BEZIER_KNOTS.);
#4981 = CARTESIAN_POINT('',(-1.108095127778,0.664857076666,
    9.999999999941E-08));
#4982 = CARTESIAN_POINT('',(1.108095127778,0.664857076666,
    9.999999999941E-08));
#4983 = CARTESIAN_POINT('',(-1.108095127778,0.664857076666,
    8.864861022221E-03));
#4984 = CARTESIAN_POINT('',(1.108095127778,0.664857076666,
    8.864861022221E-03));
#4985 = ADVANCED_FACE('',(#4986),#4992,.F.);
#4986 = FACE_BOUND('',#4987,.T.);
#4987 = EDGE_LOOP('',(#4988,#4989,#4990,#4991));
#4988 = ORIENTED_EDGE('',*,*,#2677,.T.);
#4989 = ORIENTED_EDGE('',*,*,#2718,.T.);
#4990 = ORIENTED_EDGE('',*,*,#2752,.T.);
#4991 = ORIENTED_EDGE('',*,*,#4975,.T.);
#4992 = B_SPLINE_SURFACE_WITH_KNOTS('',1,1,(
    (#4993,#4994)
    ,(#4995,#4996
    )),.UNSPECIFIED.,.F.,.F.,.F.,(2,2),(2,2),(-1.108095127778,
    1.108095127778),(0.664857076667,1.329714153333),
  .PIECEWISE_BEZIER_KNOTS.);
#4993 = CARTESIAN_POINT('',(-1.108095127778,0.664857076666,
    9.999999999941E-08));
#4994 = CARTESIAN_POINT('',(-1.108095127778,1.329714153333,
    9.999999999941E-08));
#4995 = CARTESIAN_POINT('',(1.108095127778,0.664857076666,
    9.999999999941E-08));
#4996 = CARTESIAN_POINT('',(1.108095127778,1.329714153333,
    9.999999999941E-08));
#4997 = ADVANCED_FACE('',(#4998),#5008,.F.);
#4998 = FACE_BOUND('',#4999,.T.);
#4999 = EDGE_LOOP('',(#5000,#5001,#5002,#5007));
#5000 = ORIENTED_EDGE('',*,*,#2227,.T.);
#5001 = ORIENTED_EDGE('',*,*,#2848,.F.);
#5002 = ORIENTED_EDGE('',*,*,#5003,.F.);
#5003 = EDGE_CURVE('',#2910,#2842,#5004,.T.);
#5004 = B_SPLINE_CURVE_WITH_KNOTS('',1,(#5005,#5006),.UNSPECIFIED.,.F.,
  .F.,(2,2),(-2.216190255555,0.),.PIECEWISE_BEZIER_KNOTS.);
#5005 = CARTESIAN_POINT('',(-1.108095127778,-0.664857076667,
    9.999999999941E-08));
#5006 = CARTESIAN_POINT('',(1.108095127778,-0.664857076667,
    9.999999999941E-08));
#5007 = ORIENTED_EDGE('',*,*,#2909,.T.);
#5008 = B_SPLINE_SURFACE_WITH_KNOTS('',1,1,(
    (#5009,#5010)
    ,(#5011,#5012
    )),.UNSPECIFIED.,.F.,.F.,.F.,(2,2),(2,2),(-8.864761022221E-03,0.),(
    -2.216190255555,0.),.PIECEWISE_BEZIER_KNOTS.);
#5009 = CARTESIAN_POINT('',(-1.108095127778,-0.664857076667,
    8.864861022221E-03));
#5010 = CARTESIAN_POINT('',(1.108095127778,-0.664857076667,
    8.864861022221E-03));
#5011 = CARTESIAN_POINT('',(-1.108095127778,-0.664857076667,
    9.999999999941E-08));
#5012 = CARTESIAN_POINT('',(1.108095127778,-0.664857076667,
    9.999999999941E-08));
#5013 = ADVANCED_FACE('',(#5014),#5020,.F.);
#5014 = FACE_BOUND('',#5015,.T.);
#5015 = EDGE_LOOP('',(#5016,#5017,#5018,#5019));
#5016 = ORIENTED_EDGE('',*,*,#2841,.T.);
#5017 = ORIENTED_EDGE('',*,*,#2882,.T.);
#5018 = ORIENTED_EDGE('',*,*,#2916,.T.);
#5019 = ORIENTED_EDGE('',*,*,#5003,.T.);
#5020 = B_SPLINE_SURFACE_WITH_KNOTS('',1,1,(
    (#5021,#5022)
    ,(#5023,#5024
    )),.UNSPECIFIED.,.F.,.F.,.F.,(2,2),(2,2),(-1.108095127778,
    1.108095127778),(-1.329714153333,-0.664857076667),
  .PIECEWISE_BEZIER_KNOTS.);
#5021 = CARTESIAN_POINT('',(-1.108095127778,-1.329714153333,
    9.999999999941E-08));
#5022 = CARTESIAN_POINT('',(-1.108095127778,-0.664857076667,
    9.999999999941E-08));
#5023 = CARTESIAN_POINT('',(1.108095127778,-1.329714153333,
    9.999999999941E-08));
#5024 = CARTESIAN_POINT('',(1.108095127778,-0.664857076667,
    9.999999999941E-08));
#5025 = ADVANCED_FACE('',(#5026),#5037,.F.);
#5026 = FACE_BOUND('',#5027,.F.);
#5027 = EDGE_LOOP('',(#5028,#5029,#5035,#5036));
#5028 = ORIENTED_EDGE('',*,*,#1727,.T.);
#5029 = ORIENTED_EDGE('',*,*,#5030,.T.);
#5030 = EDGE_CURVE('',#1728,#2591,#5031,.T.);
#5031 = ( BOUNDED_CURVE() B_SPLINE_CURVE(2,(#5032,#5033,#5034),
.UNSPECIFIED.,.F.,.F.) B_SPLINE_CURVE_WITH_KNOTS((3,3),(1.570796326795,
2.753612794904),.PIECEWISE_BEZIER_KNOTS.) CURVE() 
GEOMETRIC_REPRESENTATION_ITEM() RATIONAL_B_SPLINE_CURVE((1.,
0.830156368891,1.)) REPRESENTATION_ITEM('') );
#5032 = CARTESIAN_POINT('',(-0.519802822683,-1.152418932889,
    1.161283793911));
#5033 = CARTESIAN_POINT('',(-0.446366412473,-0.989608140417,
    1.161283793911));
#5034 = CARTESIAN_POINT('',(-0.418584008979,-0.928013692696,
    0.995952240492));
#5035 = ORIENTED_EDGE('',*,*,#2590,.T.);
#5036 = ORIENTED_EDGE('',*,*,#193,.T.);
#5037 = ( BOUNDED_SURFACE() B_SPLINE_SURFACE(2,2,(
    (#5038,#5039,#5040)
    ,(#5041,#5042,#5043)
    ,(#5044,#5045,#5046
)),.UNSPECIFIED.,.F.,.F.,.F.) B_SPLINE_SURFACE_WITH_KNOTS((3,3),(3,3),(
    5.136118818021,6.28318530718),(3.529572512276,4.712388980385),
.PIECEWISE_BEZIER_KNOTS.) GEOMETRIC_REPRESENTATION_ITEM() 
RATIONAL_B_SPLINE_SURFACE((
    (1.,0.830156368891,1.)
    ,(0.839989072055,0.697322277966,0.839989072055)
,(1.,0.830156368891,1.))) REPRESENTATION_ITEM('') SURFACE() );
#5038 = CARTESIAN_POINT('',(-0.418584008979,-0.928013692696,
    0.995952240492));
#5039 = CARTESIAN_POINT('',(-0.446366412473,-0.989608140417,
    1.161283793911));
#5040 = CARTESIAN_POINT('',(-0.519802822683,-1.152418932889,
    1.161283793911));
#5041 = CARTESIAN_POINT('',(-1.01804812578,-0.657623185288,
    0.995952240492));
#5042 = CARTESIAN_POINT('',(-1.085618370222,-0.701271180167,
    1.161283793911));
#5043 = CARTESIAN_POINT('',(-1.264224810447,-0.816644641558,
    1.161283793911));
#5044 = CARTESIAN_POINT('',(-1.01804812578,-8.984434796297E-14,
    0.995952240492));
#5045 = CARTESIAN_POINT('',(-1.085618370222,-8.986089789969E-14,
    1.161283793911));
#5046 = CARTESIAN_POINT('',(-1.264224810447,-8.990464386075E-14,
    1.161283793911));
#5047 = ADVANCED_FACE('',(#5048),#5059,.F.);
#5048 = FACE_BOUND('',#5049,.F.);
#5049 = EDGE_LOOP('',(#5050,#5051,#5057,#5058));
#5050 = ORIENTED_EDGE('',*,*,#4931,.T.);
#5051 = ORIENTED_EDGE('',*,*,#5052,.T.);
#5052 = EDGE_CURVE('',#2511,#2599,#5053,.T.);
#5053 = ( BOUNDED_CURVE() B_SPLINE_CURVE(2,(#5054,#5055,#5056),
.UNSPECIFIED.,.F.,.F.) B_SPLINE_CURVE_WITH_KNOTS((3,3),(4.712388980385,
5.895205448494),.PIECEWISE_BEZIER_KNOTS.) CURVE() 
GEOMETRIC_REPRESENTATION_ITEM() RATIONAL_B_SPLINE_CURVE((1.,
0.830156368891,1.)) REPRESENTATION_ITEM('') );
#5054 = CARTESIAN_POINT('',(0.519802822683,-1.152418932889,
    1.161283793911));
#5055 = CARTESIAN_POINT('',(0.446366412473,-0.989608140417,
    1.161283793911));
#5056 = CARTESIAN_POINT('',(0.418584008979,-0.928013692696,
    0.995952240492));
#5057 = ORIENTED_EDGE('',*,*,#2598,.T.);
#5058 = ORIENTED_EDGE('',*,*,#5030,.F.);
#5059 = ( BOUNDED_SURFACE() B_SPLINE_SURFACE(3,2,(
    (#5060,#5061,#5062)
    ,(#5063,#5064,#5065)
    ,(#5066,#5067,#5068)
    ,(#5069,#5070,#5071)
    ,(#5072,#5073,#5074)
    ,(#5075,#5076,#5077)
    ,(#5078,#5079,#5080)
    ,(#5081,#5082,#5083)
    ,(#5084,#5085,#5086)
    ,(#5087,#5088,#5089
)),.UNSPECIFIED.,.F.,.F.,.F.) B_SPLINE_SURFACE_WITH_KNOTS((4,2,2,2,4),(3
    ,3),(1.32499628084E-03,1.629048938092E-03,1.933101595344E-03,
    2.237154252596E-03,2.541206909848E-03),(0.,1.),.UNSPECIFIED.) 
GEOMETRIC_REPRESENTATION_ITEM() RATIONAL_B_SPLINE_SURFACE((
    (1.,0.830156368891,1.)
    ,(1.,0.865992655305,1.)
    ,(1.,0.896639269243,1.)
    ,(1.,0.938977665352,1.)
    ,(1.,0.950753800675,1.)
    ,(1.,0.950616343287,1.)
    ,(1.,0.939178065018,1.)
    ,(1.,0.896418639963,1.)
    ,(1.,0.865406965461,1.)
,(1.,0.830156368886,1.))) REPRESENTATION_ITEM('') SURFACE() );
#5060 = CARTESIAN_POINT('',(0.418584008979,-0.928013692696,
    0.995952240492));
#5061 = CARTESIAN_POINT('',(0.446366412473,-0.989608140417,
    1.161283793911));
#5062 = CARTESIAN_POINT('',(0.519802822683,-1.152418932889,
    1.161283793911));
#5063 = CARTESIAN_POINT('',(0.35194395689,-0.958071972259,0.995952324256
    ));
#5064 = CARTESIAN_POINT('',(0.384167221038,-1.007822099189,
    1.139333571173));
#5065 = CARTESIAN_POINT('',(0.436972450904,-1.152418932889,
    1.161283793911));
#5066 = CARTESIAN_POINT('',(0.284891448151,-0.984838035895,
    1.007292052213));
#5067 = CARTESIAN_POINT('',(0.312896562026,-1.030820672366,
    1.128088963585));
#5068 = CARTESIAN_POINT('',(0.35287233549,-1.152418932889,1.161283793911
    ));
#5069 = CARTESIAN_POINT('',(0.14596954198,-1.025168642134,1.030563687495
    ));
#5070 = CARTESIAN_POINT('',(0.162847390524,-1.064444604738,
    1.119301726421));
#5071 = CARTESIAN_POINT('',(0.179903481924,-1.152418932889,
    1.161283793911));
#5072 = CARTESIAN_POINT('',(7.243211355294E-02,-1.03854837089,
    1.042051622536));
#5073 = CARTESIAN_POINT('',(7.989900589994E-02,-1.076049219123,
    1.120225906317));
#5074 = CARTESIAN_POINT('',(8.915782911127E-02,-1.152418932889,
    1.161283793911));
#5075 = CARTESIAN_POINT('',(-7.376331625486E-02,-1.038396486483,
    1.041930287111));
#5076 = CARTESIAN_POINT('',(-8.13792066066E-02,-1.075923235481,
    1.120223536948));
#5077 = CARTESIAN_POINT('',(-9.07964271835E-02,-1.152418932889,
    1.161283793911));
#5078 = CARTESIAN_POINT('',(-0.145322566614,-1.025358887722,
    1.030672123327));
#5079 = CARTESIAN_POINT('',(-0.162182750257,-1.064595529607,
    1.119260900523));
#5080 = CARTESIAN_POINT('',(-0.179097767637,-1.152418932889,
    1.161283793911));
#5081 = CARTESIAN_POINT('',(-0.285604796436,-0.98462852033,1.00717249779
    ));
#5082 = CARTESIAN_POINT('',(-0.313701542001,-1.030638203473,
    1.128138099799));
#5083 = CARTESIAN_POINT('',(-0.353760689442,-1.152418932889,
    1.161283793911));
#5084 = CARTESIAN_POINT('',(-0.353060516505,-0.957568340859,
    0.995952317438));
#5085 = CARTESIAN_POINT('',(-0.385186128956,-1.007523727983,
    1.139693137437));
#5086 = CARTESIAN_POINT('',(-0.438372619946,-1.152418932889,
    1.161283793911));
#5087 = CARTESIAN_POINT('',(-0.41858400899,-0.928013692691,
    0.995952240492));
#5088 = CARTESIAN_POINT('',(-0.446366412483,-0.989608140414,
    1.161283793915));
#5089 = CARTESIAN_POINT('',(-0.519802822697,-1.152418932889,
    1.161283793911));
#5090 = ADVANCED_FACE('',(#5091),#5102,.F.);
#5091 = FACE_BOUND('',#5092,.F.);
#5092 = EDGE_LOOP('',(#5093,#5094,#5100,#5101));
#5093 = ORIENTED_EDGE('',*,*,#228,.T.);
#5094 = ORIENTED_EDGE('',*,*,#5095,.T.);
#5095 = EDGE_CURVE('',#221,#4950,#5096,.T.);
#5096 = ( BOUNDED_CURVE() B_SPLINE_CURVE(2,(#5097,#5098,#5099),
.UNSPECIFIED.,.F.,.F.) B_SPLINE_CURVE_WITH_KNOTS((3,3),(0.447121659989,
1.077837781091),.PIECEWISE_BEZIER_KNOTS.) CURVE() 
GEOMETRIC_REPRESENTATION_ITEM() RATIONAL_B_SPLINE_CURVE((1.,
0.95068538491,1.)) REPRESENTATION_ITEM('') );
#5097 = CARTESIAN_POINT('',(-2.000049431944E-14,1.03847277445,
    1.041991231058));
#5098 = CARTESIAN_POINT('',(-2.206392230228E-14,1.075986518665,
    1.120224727114));
#5099 = CARTESIAN_POINT('',(-2.461891757263E-14,1.152418932889,
    1.161283793911));
#5100 = ORIENTED_EDGE('',*,*,#4956,.T.);
#5101 = ORIENTED_EDGE('',*,*,#175,.F.);
#5102 = ( BOUNDED_SURFACE() B_SPLINE_SURFACE(3,2,(
    (#5103,#5104,#5105)
    ,(#5106,#5107,#5108)
    ,(#5109,#5110,#5111)
    ,(#5112,#5113,#5114)
    ,(#5115,#5116,#5117)
    ,(#5118,#5119,#5120
)),.UNSPECIFIED.,.F.,.F.,.F.) B_SPLINE_SURFACE_WITH_KNOTS((4,2,4),(3,3),
  (1.32499628084E-03,1.628587531084E-03,1.932178781329E-03),(0.,1.),
.UNSPECIFIED.) GEOMETRIC_REPRESENTATION_ITEM() RATIONAL_B_SPLINE_SURFACE
((
    (1.,0.830156368891,1.)
    ,(1.,0.865937744152,1.)
    ,(1.,0.896546816273,1.)
    ,(1.,0.938877241398,1.)
    ,(1.,0.950773375853,1.)
,(1.,0.95068538491,1.))) REPRESENTATION_ITEM('') SURFACE() );
#5103 = CARTESIAN_POINT('',(-0.418584008979,0.928013692696,
    0.995952240492));
#5104 = CARTESIAN_POINT('',(-0.446366412473,0.989608140417,
    1.161283793911));
#5105 = CARTESIAN_POINT('',(-0.519802822683,1.152418932889,
    1.161283793911));
#5106 = CARTESIAN_POINT('',(-0.352044819927,0.958026477557,
    0.995952324129));
#5107 = CARTESIAN_POINT('',(-0.384258026953,1.007795508245,
    1.139365616768));
#5108 = CARTESIAN_POINT('',(-0.437098257198,1.152418932889,
    1.161283793911));
#5109 = CARTESIAN_POINT('',(-0.285094994614,0.984756089387,
    1.007257449559));
#5110 = CARTESIAN_POINT('',(-0.313107118749,1.030753856215,
    1.128120115184));
#5111 = CARTESIAN_POINT('',(-0.353127453793,1.152418932889,
    1.161283793911));
#5112 = CARTESIAN_POINT('',(-0.146398414086,1.02506688618,1.030492347204
    ));
#5113 = CARTESIAN_POINT('',(-0.163313338677,1.064358854833,1.11931112261
    ));
#5114 = CARTESIAN_POINT('',(-0.180435782881,1.152418932889,
    1.161283793911));
#5115 = CARTESIAN_POINT('',(-7.387898445942E-02,1.038472779061,
    1.041991240674));
#5116 = CARTESIAN_POINT('',(-8.144125057996E-02,1.075986526588,
    1.120224726915));
#5117 = CARTESIAN_POINT('',(-9.084629163793E-02,1.152418932889,
    1.161283793911));
#5118 = CARTESIAN_POINT('',(1.669991589665E-16,1.03847277445,
    1.041991231058));
#5119 = CARTESIAN_POINT('',(2.081829556311E-16,1.075986518665,
    1.120224727114));
#5120 = CARTESIAN_POINT('',(2.591779050881E-16,1.152418932889,
    1.161283793911));
#5121 = ADVANCED_FACE('',(#5122),#5133,.F.);
#5122 = FACE_BOUND('',#5123,.F.);
#5123 = EDGE_LOOP('',(#5124,#5125,#5131,#5132));
#5124 = ORIENTED_EDGE('',*,*,#2510,.T.);
#5125 = ORIENTED_EDGE('',*,*,#5126,.T.);
#5126 = EDGE_CURVE('',#2513,#2552,#5127,.T.);
#5127 = ( BOUNDED_CURVE() B_SPLINE_CURVE(2,(#5128,#5129,#5130),
.UNSPECIFIED.,.F.,.F.) B_SPLINE_CURVE_WITH_KNOTS((3,3),(1.570796326795,
2.753612794904),.PIECEWISE_BEZIER_KNOTS.) CURVE() 
GEOMETRIC_REPRESENTATION_ITEM() RATIONAL_B_SPLINE_CURVE((1.,
0.830156368891,1.)) REPRESENTATION_ITEM('') );
#5128 = CARTESIAN_POINT('',(1.264224810447,-8.982723241738E-14,
    1.161283793911));
#5129 = CARTESIAN_POINT('',(1.085618370222,-8.979442294658E-14,
    1.161283793911));
#5130 = CARTESIAN_POINT('',(1.01804812578,-8.978201049404E-14,
    0.995952240492));
#5131 = ORIENTED_EDGE('',*,*,#2613,.T.);
#5132 = ORIENTED_EDGE('',*,*,#5052,.F.);
#5133 = ( BOUNDED_SURFACE() B_SPLINE_SURFACE(2,2,(
    (#5134,#5135,#5136)
    ,(#5137,#5138,#5139)
    ,(#5140,#5141,#5142
)),.UNSPECIFIED.,.F.,.F.,.F.) B_SPLINE_SURFACE_WITH_KNOTS((3,3),(3,3),(
    3.14159265359,4.288659142748),(3.529572512276,4.712388980385),
.PIECEWISE_BEZIER_KNOTS.) GEOMETRIC_REPRESENTATION_ITEM() 
RATIONAL_B_SPLINE_SURFACE((
    (1.,0.830156368891,1.)
    ,(0.839989072055,0.697322277966,0.839989072055)
,(1.,0.830156368891,1.))) REPRESENTATION_ITEM('') SURFACE() );
#5134 = CARTESIAN_POINT('',(1.01804812578,-8.947032314939E-14,
    0.995952240492));
#5135 = CARTESIAN_POINT('',(1.085618370222,-8.946204818103E-14,
    1.161283793911));
#5136 = CARTESIAN_POINT('',(1.264224810447,-8.94401752005E-14,
    1.161283793911));
#5137 = CARTESIAN_POINT('',(1.01804812578,-0.657623185288,0.995952240492
    ));
#5138 = CARTESIAN_POINT('',(1.085618370222,-0.701271180167,
    1.161283793911));
#5139 = CARTESIAN_POINT('',(1.264224810447,-0.816644641558,
    1.161283793911));
#5140 = CARTESIAN_POINT('',(0.418584008979,-0.928013692696,
    0.995952240492));
#5141 = CARTESIAN_POINT('',(0.446366412473,-0.989608140417,
    1.161283793911));
#5142 = CARTESIAN_POINT('',(0.519802822683,-1.152418932889,
    1.161283793911));
#5143 = ADVANCED_FACE('',(#5144),#5155,.F.);
#5144 = FACE_BOUND('',#5145,.F.);
#5145 = EDGE_LOOP('',(#5146,#5147,#5153,#5154));
#5146 = ORIENTED_EDGE('',*,*,#2567,.T.);
#5147 = ORIENTED_EDGE('',*,*,#5148,.T.);
#5148 = EDGE_CURVE('',#2560,#2521,#5149,.T.);
#5149 = ( BOUNDED_CURVE() B_SPLINE_CURVE(2,(#5150,#5151,#5152),
.UNSPECIFIED.,.F.,.F.) B_SPLINE_CURVE_WITH_KNOTS((3,3),(0.387979858693,
1.570796326798),.PIECEWISE_BEZIER_KNOTS.) CURVE() 
GEOMETRIC_REPRESENTATION_ITEM() RATIONAL_B_SPLINE_CURVE((1.,
0.830156368892,1.)) REPRESENTATION_ITEM('') );
#5150 = CARTESIAN_POINT('',(0.418584008979,0.928013692696,0.995952240492
    ));
#5151 = CARTESIAN_POINT('',(0.446366412473,0.989608140417,1.16128379391)
  );
#5152 = CARTESIAN_POINT('',(0.519802822683,1.152418932889,1.161283793909
    ));
#5153 = ORIENTED_EDGE('',*,*,#4949,.T.);
#5154 = ORIENTED_EDGE('',*,*,#5095,.F.);
#5155 = ( BOUNDED_SURFACE() B_SPLINE_SURFACE(3,2,(
    (#5156,#5157,#5158)
    ,(#5159,#5160,#5161)
    ,(#5162,#5163,#5164)
    ,(#5165,#5166,#5167)
    ,(#5168,#5169,#5170)
    ,(#5171,#5172,#5173
)),.UNSPECIFIED.,.F.,.F.,.F.) B_SPLINE_SURFACE_WITH_KNOTS((4,2,4),(3,3),
  (8.187151113123E-04,1.121834061537E-03,1.424953011762E-03),(0.,1.),
.UNSPECIFIED.) GEOMETRIC_REPRESENTATION_ITEM() RATIONAL_B_SPLINE_SURFACE
((
    (1.,0.95068538491,1.)
    ,(1.,0.950705357498,1.)
    ,(1.,0.939259856205,1.)
    ,(1.,0.896672132669,1.)
    ,(1.,0.865811786144,1.)
,(1.,0.830156368891,1.))) REPRESENTATION_ITEM('') SURFACE() );
#5156 = CARTESIAN_POINT('',(-1.392118978933E-12,1.03847277445,
    1.041991231058));
#5157 = CARTESIAN_POINT('',(-1.535736229171E-12,1.075986518665,
    1.120224727114));
#5158 = CARTESIAN_POINT('',(-1.713567196934E-12,1.152418932889,
    1.161283793911));
#5159 = CARTESIAN_POINT('',(7.339777115963E-02,1.038472768575,
    1.041991218806));
#5160 = CARTESIAN_POINT('',(8.090587782187E-02,1.075986509147,
    1.120224726589));
#5161 = CARTESIAN_POINT('',(9.026027128561E-02,1.152418932889,
    1.161283793911));
#5162 = CARTESIAN_POINT('',(0.144878375186,1.025447552795,1.030745517679
    ));
#5163 = CARTESIAN_POINT('',(0.161683241288,1.064674394197,1.119263206879
    ));
#5164 = CARTESIAN_POINT('',(0.178547691005,1.152418932889,1.161283793911
    ));
#5165 = CARTESIAN_POINT('',(0.284947634391,0.984859313423,1.007283591574
    ));
#5166 = CARTESIAN_POINT('',(0.312992363293,1.030831521772,1.128063738866
    ));
#5167 = CARTESIAN_POINT('',(0.35293951362,1.152418932889,1.161283793911)
  );
#5168 = CARTESIAN_POINT('',(0.352282826608,0.95791912262,0.995952321579)
  );
#5169 = CARTESIAN_POINT('',(0.384476641856,1.007731489973,1.13944276291)
  );
#5170 = CARTESIAN_POINT('',(0.437396254864,1.152418932889,1.161283793911
    ));
#5171 = CARTESIAN_POINT('',(0.418584008979,0.928013692696,0.995952240492
    ));
#5172 = CARTESIAN_POINT('',(0.446366412473,0.989608140417,1.161283793911
    ));
#5173 = CARTESIAN_POINT('',(0.519802822683,1.152418932889,1.161283793911
    ));
#5174 = ADVANCED_FACE('',(#5175),#5181,.F.);
#5175 = FACE_BOUND('',#5176,.F.);
#5176 = EDGE_LOOP('',(#5177,#5178,#5179,#5180));
#5177 = ORIENTED_EDGE('',*,*,#2520,.T.);
#5178 = ORIENTED_EDGE('',*,*,#5148,.F.);
#5179 = ORIENTED_EDGE('',*,*,#2559,.T.);
#5180 = ORIENTED_EDGE('',*,*,#5126,.F.);
#5181 = ( BOUNDED_SURFACE() B_SPLINE_SURFACE(2,2,(
    (#5182,#5183,#5184)
    ,(#5185,#5186,#5187)
    ,(#5188,#5189,#5190
)),.UNSPECIFIED.,.F.,.F.,.F.) B_SPLINE_SURFACE_WITH_KNOTS((3,3),(3,3),(
    1.994526164431,3.14159265359),(3.529572512276,4.712388980385),
.PIECEWISE_BEZIER_KNOTS.) GEOMETRIC_REPRESENTATION_ITEM() 
RATIONAL_B_SPLINE_SURFACE((
    (1.,0.830156368891,1.)
    ,(0.839989072055,0.697322277965,0.839989072055)
,(1.,0.830156368891,1.))) REPRESENTATION_ITEM('') SURFACE() );
#5182 = CARTESIAN_POINT('',(0.418584008979,0.928013692696,0.995952240492
    ));
#5183 = CARTESIAN_POINT('',(0.446366412472,0.989608140417,1.161283793911
    ));
#5184 = CARTESIAN_POINT('',(0.519802822683,1.152418932889,1.161283793911
    ));
#5185 = CARTESIAN_POINT('',(1.01804812578,0.657623185288,0.995952240492)
  );
#5186 = CARTESIAN_POINT('',(1.085618370222,0.701271180167,1.161283793911
    ));
#5187 = CARTESIAN_POINT('',(1.264224810447,0.816644641558,1.161283793911
    ));
#5188 = CARTESIAN_POINT('',(1.01804812578,-8.947032314939E-14,
    0.995952240492));
#5189 = CARTESIAN_POINT('',(1.085618370222,-8.946204818103E-14,
    1.161283793911));
#5190 = CARTESIAN_POINT('',(1.264224810447,-8.94401752005E-14,
    1.161283793911));
#5191 = ADVANCED_FACE('',(#5192),#5203,.F.);
#5192 = FACE_BOUND('',#5193,.F.);
#5193 = EDGE_LOOP('',(#5194,#5195,#5201,#5202));
#5194 = ORIENTED_EDGE('',*,*,#21,.T.);
#5195 = ORIENTED_EDGE('',*,*,#5196,.T.);
#5196 = EDGE_CURVE('',#24,#2969,#5197,.T.);
#5197 = ( BOUNDED_CURVE() B_SPLINE_CURVE(2,(#5198,#5199,#5200),
.UNSPECIFIED.,.F.,.F.) B_SPLINE_CURVE_WITH_KNOTS((3,3),(3.529572512276,
4.712388980385),.PIECEWISE_BEZIER_KNOTS.) CURVE() 
GEOMETRIC_REPRESENTATION_ITEM() RATIONAL_B_SPLINE_CURVE((1.,
0.830156368891,1.)) REPRESENTATION_ITEM('') );
#5198 = CARTESIAN_POINT('',(1.01804812578,-8.978201049404E-14,
    0.351491634886));
#5199 = CARTESIAN_POINT('',(1.085618370222,-8.979442294658E-14,
    0.186160081467));
#5200 = CARTESIAN_POINT('',(1.264224810447,-8.982723241738E-14,
    0.186160081467));
#5201 = ORIENTED_EDGE('',*,*,#2968,.T.);
#5202 = ORIENTED_EDGE('',*,*,#148,.T.);
#5203 = ( BOUNDED_SURFACE() B_SPLINE_SURFACE(2,2,(
    (#5204,#5205,#5206)
    ,(#5207,#5208,#5209)
    ,(#5210,#5211,#5212)
    ,(#5213,#5214,#5215)
    ,(#5216,#5217,#5218
)),.UNSPECIFIED.,.F.,.F.,.F.) B_SPLINE_SURFACE_WITH_KNOTS((3,2,3),(3,3),
  (3.14159265359,4.712388980385,6.28318530718),(1.570796326795,
    2.753612794904),.PIECEWISE_BEZIER_KNOTS.) 
GEOMETRIC_REPRESENTATION_ITEM() RATIONAL_B_SPLINE_SURFACE((
    (1.,0.830156368891,1.)
    ,(0.707106781187,0.587009197888,0.707106781187)
    ,(1.,0.830156368891,1.)
    ,(0.707106781187,0.587009197888,0.707106781187)
,(1.,0.830156368891,1.))) REPRESENTATION_ITEM('') SURFACE() );
#5204 = CARTESIAN_POINT('',(1.264224810447,-8.94401752005E-14,
    0.186160081467));
#5205 = CARTESIAN_POINT('',(1.085618370222,-8.946204818103E-14,
    0.186160081467));
#5206 = CARTESIAN_POINT('',(1.01804812578,-8.947032314939E-14,
    0.351491634886));
#5207 = CARTESIAN_POINT('',(1.264224810447,-1.264224810447,
    0.186160081467));
#5208 = CARTESIAN_POINT('',(1.085618370222,-1.085618370222,
    0.186160081467));
#5209 = CARTESIAN_POINT('',(1.01804812578,-1.01804812578,0.351491634886)
  );
#5210 = CARTESIAN_POINT('',(2.322343301275E-16,-1.264224810447,
    0.186160081467));
#5211 = CARTESIAN_POINT('',(1.994248593281E-16,-1.085618370222,
    0.186160081467));
#5212 = CARTESIAN_POINT('',(1.870124067922E-16,-1.01804812578,
    0.351491634886));
#5213 = CARTESIAN_POINT('',(-1.264224810447,-1.264224810447,
    0.186160081467));
#5214 = CARTESIAN_POINT('',(-1.085618370222,-1.085618370222,
    0.186160081467));
#5215 = CARTESIAN_POINT('',(-1.01804812578,-1.01804812578,0.351491634886
    ));
#5216 = CARTESIAN_POINT('',(-1.264224810447,-8.990464386075E-14,
    0.186160081467));
#5217 = CARTESIAN_POINT('',(-1.085618370222,-8.986089789969E-14,
    0.186160081467));
#5218 = CARTESIAN_POINT('',(-1.01804812578,-8.984434796297E-14,
    0.351491634886));
#5219 = ADVANCED_FACE('',(#5220),#5226,.F.);
#5220 = FACE_BOUND('',#5221,.F.);
#5221 = EDGE_LOOP('',(#5222,#5223,#5224,#5225));
#5222 = ORIENTED_EDGE('',*,*,#76,.T.);
#5223 = ORIENTED_EDGE('',*,*,#139,.F.);
#5224 = ORIENTED_EDGE('',*,*,#2979,.T.);
#5225 = ORIENTED_EDGE('',*,*,#5196,.F.);
#5226 = ( BOUNDED_SURFACE() B_SPLINE_SURFACE(2,2,(
    (#5227,#5228,#5229)
    ,(#5230,#5231,#5232)
    ,(#5233,#5234,#5235
)),.UNSPECIFIED.,.F.,.F.,.F.) B_SPLINE_SURFACE_WITH_KNOTS((3,3),(3,3),(
    1.570796326795,3.14159265359),(1.570796326795,2.753612794904),
.PIECEWISE_BEZIER_KNOTS.) GEOMETRIC_REPRESENTATION_ITEM() 
RATIONAL_B_SPLINE_SURFACE((
    (1.,0.830156368891,1.)
    ,(0.707106781187,0.587009197888,0.707106781187)
,(1.,0.830156368891,1.))) REPRESENTATION_ITEM('') SURFACE() );
#5227 = CARTESIAN_POINT('',(-7.741144337583E-17,1.264224810447,
    0.186160081467));
#5228 = CARTESIAN_POINT('',(-6.647495310938E-17,1.085618370222,
    0.186160081467));
#5229 = CARTESIAN_POINT('',(-6.233746893073E-17,1.01804812578,
    0.351491634886));
#5230 = CARTESIAN_POINT('',(1.264224810447,1.264224810447,0.186160081467
    ));
#5231 = CARTESIAN_POINT('',(1.085618370222,1.085618370222,0.186160081467
    ));
#5232 = CARTESIAN_POINT('',(1.01804812578,1.01804812578,0.351491634886)
  );
#5233 = CARTESIAN_POINT('',(1.264224810447,-8.94401752005E-14,
    0.186160081467));
#5234 = CARTESIAN_POINT('',(1.085618370222,-8.946204818103E-14,
    0.186160081467));
#5235 = CARTESIAN_POINT('',(1.01804812578,-8.947032314939E-14,
    0.351491634886));
#5236 = ADVANCED_FACE('',(#5237),#5259,.F.);
#5237 = FACE_BOUND('',#5238,.T.);
#5238 = EDGE_LOOP('',(#5239,#5240,#5247,#5254));
#5239 = ORIENTED_EDGE('',*,*,#976,.T.);
#5240 = ORIENTED_EDGE('',*,*,#5241,.F.);
#5241 = EDGE_CURVE('',#5242,#968,#5244,.T.);
#5242 = VERTEX_POINT('',#5243);
#5243 = CARTESIAN_POINT('',(1.020630787646,-6.394889935786E-02,
    1.347443775378));
#5244 = B_SPLINE_CURVE_WITH_KNOTS('',1,(#5245,#5246),.UNSPECIFIED.,.F.,
  .F.,(2,2),(-0.,8.864761022221E-03),.PIECEWISE_BEZIER_KNOTS.);
#5245 = CARTESIAN_POINT('',(1.020630787646,-6.394889935786E-02,
    1.347443775378));
#5246 = CARTESIAN_POINT('',(1.020630787646,-6.394889935786E-02,
    1.338579014355));
#5247 = ORIENTED_EDGE('',*,*,#5248,.F.);
#5248 = EDGE_CURVE('',#5249,#5242,#5251,.T.);
#5249 = VERTEX_POINT('',#5250);
#5250 = CARTESIAN_POINT('',(1.027824816499,-6.394889935786E-02,
    1.347443775378));
#5251 = B_SPLINE_CURVE_WITH_KNOTS('',1,(#5252,#5253),.UNSPECIFIED.,.F.,
  .F.,(2,2),(-7.194028853006E-03,-0.),.PIECEWISE_BEZIER_KNOTS.);
#5252 = CARTESIAN_POINT('',(1.027824816499,-6.394889935786E-02,
    1.347443775378));
#5253 = CARTESIAN_POINT('',(1.020630787646,-6.394889935786E-02,
    1.347443775378));
#5254 = ORIENTED_EDGE('',*,*,#5255,.T.);
#5255 = EDGE_CURVE('',#5249,#977,#5256,.T.);
#5256 = B_SPLINE_CURVE_WITH_KNOTS('',1,(#5257,#5258),.UNSPECIFIED.,.F.,
  .F.,(2,2),(-0.,8.864761022221E-03),.PIECEWISE_BEZIER_KNOTS.);
#5257 = CARTESIAN_POINT('',(1.027824816499,-6.394889935786E-02,
    1.347443775378));
#5258 = CARTESIAN_POINT('',(1.027824816499,-6.394889935786E-02,
    1.338579014355));
#5259 = B_SPLINE_SURFACE_WITH_KNOTS('',1,1,(
    (#5260,#5261)
    ,(#5262,#5263
    )),.UNSPECIFIED.,.F.,.F.,.F.,(2,2),(2,2),(0.,8.864761022221E-03),(0.
    ,7.194028853006E-03),.PIECEWISE_BEZIER_KNOTS.);
#5260 = CARTESIAN_POINT('',(1.020630787646,-6.394889935786E-02,
    1.347443775378));
#5261 = CARTESIAN_POINT('',(1.027824816499,-6.394889935786E-02,
    1.347443775378));
#5262 = CARTESIAN_POINT('',(1.020630787646,-6.394889935786E-02,
    1.338579014355));
#5263 = CARTESIAN_POINT('',(1.027824816499,-6.394889935786E-02,
    1.338579014355));
#5264 = ADVANCED_FACE('',(#5265),#5281,.F.);
#5265 = FACE_BOUND('',#5266,.T.);
#5266 = EDGE_LOOP('',(#5267,#5268,#5275,#5280));
#5267 = ORIENTED_EDGE('',*,*,#967,.T.);
#5268 = ORIENTED_EDGE('',*,*,#5269,.F.);
#5269 = EDGE_CURVE('',#5270,#970,#5272,.T.);
#5270 = VERTEX_POINT('',#5271);
#5271 = CARTESIAN_POINT('',(1.020630787646,-8.907961001504E-02,
    1.347443775378));
#5272 = B_SPLINE_CURVE_WITH_KNOTS('',1,(#5273,#5274),.UNSPECIFIED.,.F.,
  .F.,(2,2),(-0.,8.864761022221E-03),.PIECEWISE_BEZIER_KNOTS.);
#5273 = CARTESIAN_POINT('',(1.020630787646,-8.907961001504E-02,
    1.347443775378));
#5274 = CARTESIAN_POINT('',(1.020630787646,-8.907961001504E-02,
    1.338579014355));
#5275 = ORIENTED_EDGE('',*,*,#5276,.F.);
#5276 = EDGE_CURVE('',#5242,#5270,#5277,.T.);
#5277 = B_SPLINE_CURVE_WITH_KNOTS('',1,(#5278,#5279),.UNSPECIFIED.,.F.,
  .F.,(2,2),(-2.513071065718E-02,-0.),.PIECEWISE_BEZIER_KNOTS.);
#5278 = CARTESIAN_POINT('',(1.020630787646,-6.394889935786E-02,
    1.347443775378));
#5279 = CARTESIAN_POINT('',(1.020630787646,-8.907961001504E-02,
    1.347443775378));
#5280 = ORIENTED_EDGE('',*,*,#5241,.T.);
#5281 = B_SPLINE_SURFACE_WITH_KNOTS('',1,1,(
    (#5282,#5283)
    ,(#5284,#5285
    )),.UNSPECIFIED.,.F.,.F.,.F.,(2,2),(2,2),(0.,8.864761022221E-03),(0.
    ,2.513071065718E-02),.PIECEWISE_BEZIER_KNOTS.);
#5282 = CARTESIAN_POINT('',(1.020630787646,-8.907961001504E-02,
    1.347443775378));
#5283 = CARTESIAN_POINT('',(1.020630787646,-6.394889935786E-02,
    1.347443775378));
#5284 = CARTESIAN_POINT('',(1.020630787646,-8.907961001504E-02,
    1.338579014355));
#5285 = CARTESIAN_POINT('',(1.020630787646,-6.394889935786E-02,
    1.338579014355));
#5286 = ADVANCED_FACE('',(#5287),#5303,.F.);
#5287 = FACE_BOUND('',#5288,.T.);
#5288 = EDGE_LOOP('',(#5289,#5290,#5297,#5302));
#5289 = ORIENTED_EDGE('',*,*,#1004,.T.);
#5290 = ORIENTED_EDGE('',*,*,#5291,.F.);
#5291 = EDGE_CURVE('',#5292,#998,#5294,.T.);
#5292 = VERTEX_POINT('',#5293);
#5293 = CARTESIAN_POINT('',(0.964723827995,-8.907961001504E-02,
    1.347443775378));
#5294 = B_SPLINE_CURVE_WITH_KNOTS('',1,(#5295,#5296),.UNSPECIFIED.,.F.,
  .F.,(2,2),(-0.,8.864761022221E-03),.PIECEWISE_BEZIER_KNOTS.);
#5295 = CARTESIAN_POINT('',(0.964723827995,-8.907961001504E-02,
    1.347443775378));
#5296 = CARTESIAN_POINT('',(0.964723827995,-8.907961001504E-02,
    1.338579014355));
#5297 = ORIENTED_EDGE('',*,*,#5298,.F.);
#5298 = EDGE_CURVE('',#5270,#5292,#5299,.T.);
#5299 = B_SPLINE_CURVE_WITH_KNOTS('',1,(#5300,#5301),.UNSPECIFIED.,.F.,
  .F.,(2,2),(-5.590695965153E-02,-0.),.PIECEWISE_BEZIER_KNOTS.);
#5300 = CARTESIAN_POINT('',(1.020630787646,-8.907961001504E-02,
    1.347443775378));
#5301 = CARTESIAN_POINT('',(0.964723827995,-8.907961001504E-02,
    1.347443775378));
#5302 = ORIENTED_EDGE('',*,*,#5269,.T.);
#5303 = B_SPLINE_SURFACE_WITH_KNOTS('',1,1,(
    (#5304,#5305)
    ,(#5306,#5307
    )),.UNSPECIFIED.,.F.,.F.,.F.,(2,2),(2,2),(0.,5.590695965153E-02),(
    -8.864761022221E-03,0.),.PIECEWISE_BEZIER_KNOTS.);
#5304 = CARTESIAN_POINT('',(0.964723827995,-8.907961001504E-02,
    1.338579014355));
#5305 = CARTESIAN_POINT('',(0.964723827995,-8.907961001504E-02,
    1.347443775378));
#5306 = CARTESIAN_POINT('',(1.020630787646,-8.907961001504E-02,
    1.338579014355));
#5307 = CARTESIAN_POINT('',(1.020630787646,-8.907961001504E-02,
    1.347443775378));
#5308 = ADVANCED_FACE('',(#5309),#5325,.F.);
#5309 = FACE_BOUND('',#5310,.T.);
#5310 = EDGE_LOOP('',(#5311,#5312,#5319,#5324));
#5311 = ORIENTED_EDGE('',*,*,#997,.T.);
#5312 = ORIENTED_EDGE('',*,*,#5313,.F.);
#5313 = EDGE_CURVE('',#5314,#991,#5316,.T.);
#5314 = VERTEX_POINT('',#5315);
#5315 = CARTESIAN_POINT('',(0.964723827995,-9.722531533066E-02,
    1.347443775378));
#5316 = B_SPLINE_CURVE_WITH_KNOTS('',1,(#5317,#5318),.UNSPECIFIED.,.F.,
  .F.,(2,2),(-0.,8.864761022221E-03),.PIECEWISE_BEZIER_KNOTS.);
#5317 = CARTESIAN_POINT('',(0.964723827995,-9.722531533066E-02,
    1.347443775378));
#5318 = CARTESIAN_POINT('',(0.964723827995,-9.722531533066E-02,
    1.338579014355));
#5319 = ORIENTED_EDGE('',*,*,#5320,.F.);
#5320 = EDGE_CURVE('',#5292,#5314,#5321,.T.);
#5321 = B_SPLINE_CURVE_WITH_KNOTS('',1,(#5322,#5323),.UNSPECIFIED.,.F.,
  .F.,(2,2),(-8.145705315618E-03,-0.),.PIECEWISE_BEZIER_KNOTS.);
#5322 = CARTESIAN_POINT('',(0.964723827995,-8.907961001504E-02,
    1.347443775378));
#5323 = CARTESIAN_POINT('',(0.964723827995,-9.722531533066E-02,
    1.347443775378));
#5324 = ORIENTED_EDGE('',*,*,#5291,.T.);
#5325 = B_SPLINE_SURFACE_WITH_KNOTS('',1,1,(
    (#5326,#5327)
    ,(#5328,#5329
    )),.UNSPECIFIED.,.F.,.F.,.F.,(2,2),(2,2),(0.,8.864761022221E-03),(0.
    ,8.145705315618E-03),.PIECEWISE_BEZIER_KNOTS.);
#5326 = CARTESIAN_POINT('',(0.964723827995,-9.722531533066E-02,
    1.347443775378));
#5327 = CARTESIAN_POINT('',(0.964723827995,-8.907961001504E-02,
    1.347443775378));
#5328 = CARTESIAN_POINT('',(0.964723827995,-9.722531533066E-02,
    1.338579014355));
#5329 = CARTESIAN_POINT('',(0.964723827995,-8.907961001504E-02,
    1.338579014355));
#5330 = ADVANCED_FACE('',(#5331),#5347,.F.);
#5331 = FACE_BOUND('',#5332,.T.);
#5332 = EDGE_LOOP('',(#5333,#5334,#5341,#5346));
#5333 = ORIENTED_EDGE('',*,*,#990,.T.);
#5334 = ORIENTED_EDGE('',*,*,#5335,.F.);
#5335 = EDGE_CURVE('',#5336,#984,#5338,.T.);
#5336 = VERTEX_POINT('',#5337);
#5337 = CARTESIAN_POINT('',(1.027824816499,-9.722531533066E-02,
    1.347443775378));
#5338 = B_SPLINE_CURVE_WITH_KNOTS('',1,(#5339,#5340),.UNSPECIFIED.,.F.,
  .F.,(2,2),(-0.,8.864761022221E-03),.PIECEWISE_BEZIER_KNOTS.);
#5339 = CARTESIAN_POINT('',(1.027824816499,-9.722531533066E-02,
    1.347443775378));
#5340 = CARTESIAN_POINT('',(1.027824816499,-9.722531533066E-02,
    1.338579014355));
#5341 = ORIENTED_EDGE('',*,*,#5342,.F.);
#5342 = EDGE_CURVE('',#5314,#5336,#5343,.T.);
#5343 = B_SPLINE_CURVE_WITH_KNOTS('',1,(#5344,#5345),.UNSPECIFIED.,.F.,
  .F.,(2,2),(-6.310098850454E-02,0.),.PIECEWISE_BEZIER_KNOTS.);
#5344 = CARTESIAN_POINT('',(0.964723827995,-9.722531533066E-02,
    1.347443775378));
#5345 = CARTESIAN_POINT('',(1.027824816499,-9.722531533066E-02,
    1.347443775378));
#5346 = ORIENTED_EDGE('',*,*,#5313,.T.);
#5347 = B_SPLINE_SURFACE_WITH_KNOTS('',1,1,(
    (#5348,#5349)
    ,(#5350,#5351
    )),.UNSPECIFIED.,.F.,.F.,.F.,(2,2),(2,2),(-0.,6.310098850454E-02),(
    -8.864761022221E-03,0.),.PIECEWISE_BEZIER_KNOTS.);
#5348 = CARTESIAN_POINT('',(1.027824816499,-9.722531533066E-02,
    1.338579014355));
#5349 = CARTESIAN_POINT('',(1.027824816499,-9.722531533066E-02,
    1.347443775378));
#5350 = CARTESIAN_POINT('',(0.964723827995,-9.722531533066E-02,
    1.338579014355));
#5351 = CARTESIAN_POINT('',(0.964723827995,-9.722531533066E-02,
    1.347443775378));
#5352 = ADVANCED_FACE('',(#5353),#5363,.F.);
#5353 = FACE_BOUND('',#5354,.T.);
#5354 = EDGE_LOOP('',(#5355,#5356,#5357,#5362));
#5355 = ORIENTED_EDGE('',*,*,#983,.T.);
#5356 = ORIENTED_EDGE('',*,*,#5255,.F.);
#5357 = ORIENTED_EDGE('',*,*,#5358,.F.);
#5358 = EDGE_CURVE('',#5336,#5249,#5359,.T.);
#5359 = B_SPLINE_CURVE_WITH_KNOTS('',1,(#5360,#5361),.UNSPECIFIED.,.F.,
  .F.,(2,2),(-3.32764159728E-02,0.),.PIECEWISE_BEZIER_KNOTS.);
#5360 = CARTESIAN_POINT('',(1.027824816499,-9.722531533066E-02,
    1.347443775378));
#5361 = CARTESIAN_POINT('',(1.027824816499,-6.394889935786E-02,
    1.347443775378));
#5362 = ORIENTED_EDGE('',*,*,#5335,.T.);
#5363 = B_SPLINE_SURFACE_WITH_KNOTS('',1,1,(
    (#5364,#5365)
    ,(#5366,#5367
    )),.UNSPECIFIED.,.F.,.F.,.F.,(2,2),(2,2),(0.,3.32764159728E-02),(
    -8.864761022221E-03,0.),.PIECEWISE_BEZIER_KNOTS.);
#5364 = CARTESIAN_POINT('',(1.027824816499,-6.394889935786E-02,
    1.338579014355));
#5365 = CARTESIAN_POINT('',(1.027824816499,-6.394889935786E-02,
    1.347443775378));
#5366 = CARTESIAN_POINT('',(1.027824816499,-9.722531533066E-02,
    1.338579014355));
#5367 = CARTESIAN_POINT('',(1.027824816499,-9.722531533066E-02,
    1.347443775378));
#5368 = ADVANCED_FACE('',(#5369),#5377,.F.);
#5369 = FACE_BOUND('',#5370,.T.);
#5370 = EDGE_LOOP('',(#5371,#5372,#5373,#5374,#5375,#5376));
#5371 = ORIENTED_EDGE('',*,*,#5248,.T.);
#5372 = ORIENTED_EDGE('',*,*,#5276,.T.);
#5373 = ORIENTED_EDGE('',*,*,#5298,.T.);
#5374 = ORIENTED_EDGE('',*,*,#5320,.T.);
#5375 = ORIENTED_EDGE('',*,*,#5342,.T.);
#5376 = ORIENTED_EDGE('',*,*,#5358,.T.);
#5377 = B_SPLINE_SURFACE_WITH_KNOTS('',1,1,(
    (#5378,#5379)
    ,(#5380,#5381
    )),.UNSPECIFIED.,.F.,.F.,.F.,(2,2),(2,2),(-1.027824816499,
    -0.964723827995),(-9.722531533057E-02,-6.394889935777E-02),
  .PIECEWISE_BEZIER_KNOTS.);
#5378 = CARTESIAN_POINT('',(1.027824816499,-9.722531533066E-02,
    1.347443775378));
#5379 = CARTESIAN_POINT('',(1.027824816499,-6.394889935786E-02,
    1.347443775378));
#5380 = CARTESIAN_POINT('',(0.964723827995,-9.722531533066E-02,
    1.347443775378));
#5381 = CARTESIAN_POINT('',(0.964723827995,-6.394889935786E-02,
    1.347443775378));
#5382 = ADVANCED_FACE('',(#5383),#5407,.F.);
#5383 = FACE_BOUND('',#5384,.F.);
#5384 = EDGE_LOOP('',(#5385,#5392,#5401,#5406));
#5385 = ORIENTED_EDGE('',*,*,#5386,.F.);
#5386 = EDGE_CURVE('',#5387,#1021,#5389,.T.);
#5387 = VERTEX_POINT('',#5388);
#5388 = CARTESIAN_POINT('',(1.028889403729,-3.159189962885E-02,
    1.347443775378));
#5389 = B_SPLINE_CURVE_WITH_KNOTS('',1,(#5390,#5391),.UNSPECIFIED.,.F.,
  .F.,(2,2),(-0.,8.864761022221E-03),.PIECEWISE_BEZIER_KNOTS.);
#5390 = CARTESIAN_POINT('',(1.028889403729,-3.159189962885E-02,
    1.347443775378));
#5391 = CARTESIAN_POINT('',(1.028889403729,-3.159189962885E-02,
    1.338579014355));
#5392 = ORIENTED_EDGE('',*,*,#5393,.T.);
#5393 = EDGE_CURVE('',#5387,#5394,#5396,.T.);
#5394 = VERTEX_POINT('',#5395);
#5395 = CARTESIAN_POINT('',(1.025211738754,-1.412299100133E-02,
    1.347443775378));
#5396 = B_SPLINE_CURVE_WITH_KNOTS('',3,(#5397,#5398,#5399,#5400),
  .UNSPECIFIED.,.F.,.F.,(4,4),(0.,1.),.PIECEWISE_BEZIER_KNOTS.);
#5397 = CARTESIAN_POINT('',(1.028889403729,-3.159189962885E-02,
    1.347443775378));
#5398 = CARTESIAN_POINT('',(1.028889403729,-2.459143209027E-02,
    1.347443775378));
#5399 = CARTESIAN_POINT('',(1.027663515404,-1.876846254776E-02,
    1.347443775378));
#5400 = CARTESIAN_POINT('',(1.025211738754,-1.412299100133E-02,
    1.347443775378));
#5401 = ORIENTED_EDGE('',*,*,#5402,.T.);
#5402 = EDGE_CURVE('',#5394,#1012,#5403,.T.);
#5403 = B_SPLINE_CURVE_WITH_KNOTS('',1,(#5404,#5405),.UNSPECIFIED.,.F.,
  .F.,(2,2),(-0.,8.864761022221E-03),.PIECEWISE_BEZIER_KNOTS.);
#5404 = CARTESIAN_POINT('',(1.025211738754,-1.412299100133E-02,
    1.347443775378));
#5405 = CARTESIAN_POINT('',(1.025211738754,-1.412299100133E-02,
    1.338579014355));
#5406 = ORIENTED_EDGE('',*,*,#1020,.F.);
#5407 = B_SPLINE_SURFACE_WITH_KNOTS('',3,1,(
    (#5408,#5409)
    ,(#5410,#5411)
    ,(#5412,#5413)
    ,(#5414,#5415
    )),.UNSPECIFIED.,.F.,.F.,.F.,(4,4),(2,2),(0.,1.),(0.,1.),
  .PIECEWISE_BEZIER_KNOTS.);
#5408 = CARTESIAN_POINT('',(1.028889403729,-3.159189962885E-02,
    1.347443775378));
#5409 = CARTESIAN_POINT('',(1.028889403729,-3.159189962885E-02,
    1.338579014355));
#5410 = CARTESIAN_POINT('',(1.028889403729,-2.459143209027E-02,
    1.347443775378));
#5411 = CARTESIAN_POINT('',(1.028889403729,-2.459143209027E-02,
    1.338579014355));
#5412 = CARTESIAN_POINT('',(1.027663515404,-1.876846254776E-02,
    1.347443775378));
#5413 = CARTESIAN_POINT('',(1.027663515404,-1.876846254776E-02,
    1.338579014355));
#5414 = CARTESIAN_POINT('',(1.025211738754,-1.412299100133E-02,
    1.347443775378));
#5415 = CARTESIAN_POINT('',(1.025211738754,-1.412299100133E-02,
    1.338579014355));
#5416 = ADVANCED_FACE('',(#5417),#5433,.F.);
#5417 = FACE_BOUND('',#5418,.T.);
#5418 = EDGE_LOOP('',(#5419,#5420,#5427,#5432));
#5419 = ORIENTED_EDGE('',*,*,#1011,.T.);
#5420 = ORIENTED_EDGE('',*,*,#5421,.F.);
#5421 = EDGE_CURVE('',#5422,#1014,#5424,.T.);
#5422 = VERTEX_POINT('',#5423);
#5423 = CARTESIAN_POINT('',(1.017404765739,-1.412299100133E-02,
    1.347443775378));
#5424 = B_SPLINE_CURVE_WITH_KNOTS('',1,(#5425,#5426),.UNSPECIFIED.,.F.,
  .F.,(2,2),(-0.,8.864761022221E-03),.PIECEWISE_BEZIER_KNOTS.);
#5425 = CARTESIAN_POINT('',(1.017404765739,-1.412299100133E-02,
    1.347443775378));
#5426 = CARTESIAN_POINT('',(1.017404765739,-1.412299100133E-02,
    1.338579014355));
#5427 = ORIENTED_EDGE('',*,*,#5428,.F.);
#5428 = EDGE_CURVE('',#5394,#5422,#5429,.T.);
#5429 = B_SPLINE_CURVE_WITH_KNOTS('',1,(#5430,#5431),.UNSPECIFIED.,.F.,
  .F.,(2,2),(-7.806973015533E-03,-0.),.PIECEWISE_BEZIER_KNOTS.);
#5430 = CARTESIAN_POINT('',(1.025211738754,-1.412299100133E-02,
    1.347443775378));
#5431 = CARTESIAN_POINT('',(1.017404765739,-1.412299100133E-02,
    1.347443775378));
#5432 = ORIENTED_EDGE('',*,*,#5402,.T.);
#5433 = B_SPLINE_SURFACE_WITH_KNOTS('',1,1,(
    (#5434,#5435)
    ,(#5436,#5437
    )),.UNSPECIFIED.,.F.,.F.,.F.,(2,2),(2,2),(0.,7.806973015533E-03),(
    -8.864761022221E-03,0.),.PIECEWISE_BEZIER_KNOTS.);
#5434 = CARTESIAN_POINT('',(1.017404765739,-1.412299100133E-02,
    1.338579014355));
#5435 = CARTESIAN_POINT('',(1.017404765739,-1.412299100133E-02,
    1.347443775378));
#5436 = CARTESIAN_POINT('',(1.025211738754,-1.412299100133E-02,
    1.338579014355));
#5437 = CARTESIAN_POINT('',(1.025211738754,-1.412299100133E-02,
    1.347443775378));
#5438 = ADVANCED_FACE('',(#5439),#5457,.F.);
#5439 = FACE_BOUND('',#5440,.F.);
#5440 = EDGE_LOOP('',(#5441,#5442,#5451,#5456));
#5441 = ORIENTED_EDGE('',*,*,#5421,.F.);
#5442 = ORIENTED_EDGE('',*,*,#5443,.T.);
#5443 = EDGE_CURVE('',#5422,#5444,#5446,.T.);
#5444 = VERTEX_POINT('',#5445);
#5445 = CARTESIAN_POINT('',(1.021630854438,-3.041440163278E-02,
    1.347443775378));
#5446 = B_SPLINE_CURVE_WITH_KNOTS('',3,(#5447,#5448,#5449,#5450),
  .UNSPECIFIED.,.F.,.F.,(4,4),(12.,13.),.PIECEWISE_BEZIER_KNOTS.);
#5447 = CARTESIAN_POINT('',(1.017404765739,-1.412299100133E-02,
    1.347443775378));
#5448 = CARTESIAN_POINT('',(1.020211404798,-1.873620232873E-02,
    1.347443775378));
#5449 = CARTESIAN_POINT('',(1.021630854438,-2.417204924238E-02,
    1.347443775378));
#5450 = CARTESIAN_POINT('',(1.021630854438,-3.041440163278E-02,
    1.347443775378));
#5451 = ORIENTED_EDGE('',*,*,#5452,.T.);
#5452 = EDGE_CURVE('',#5444,#1118,#5453,.T.);
#5453 = B_SPLINE_CURVE_WITH_KNOTS('',1,(#5454,#5455),.UNSPECIFIED.,.F.,
  .F.,(2,2),(-0.,8.864761022221E-03),.PIECEWISE_BEZIER_KNOTS.);
#5454 = CARTESIAN_POINT('',(1.021630854438,-3.041440163278E-02,
    1.347443775378));
#5455 = CARTESIAN_POINT('',(1.021630854438,-3.041440163278E-02,
    1.338579014355));
#5456 = ORIENTED_EDGE('',*,*,#1126,.F.);
#5457 = B_SPLINE_SURFACE_WITH_KNOTS('',3,1,(
    (#5458,#5459)
    ,(#5460,#5461)
    ,(#5462,#5463)
    ,(#5464,#5465
    )),.UNSPECIFIED.,.F.,.F.,.F.,(4,4),(2,2),(12.,13.),(0.,1.),
  .PIECEWISE_BEZIER_KNOTS.);
#5458 = CARTESIAN_POINT('',(1.017404765739,-1.412299100133E-02,
    1.347443775378));
#5459 = CARTESIAN_POINT('',(1.017404765739,-1.412299100133E-02,
    1.338579014355));
#5460 = CARTESIAN_POINT('',(1.020211404798,-1.873620232873E-02,
    1.347443775378));
#5461 = CARTESIAN_POINT('',(1.020211404798,-1.873620232873E-02,
    1.338579014355));
#5462 = CARTESIAN_POINT('',(1.021630854438,-2.417204924238E-02,
    1.347443775378));
#5463 = CARTESIAN_POINT('',(1.021630854438,-2.417204924238E-02,
    1.338579014355));
#5464 = CARTESIAN_POINT('',(1.021630854438,-3.041440163278E-02,
    1.347443775378));
#5465 = CARTESIAN_POINT('',(1.021630854438,-3.041440163278E-02,
    1.338579014355));
#5466 = ADVANCED_FACE('',(#5467),#5485,.F.);
#5467 = FACE_BOUND('',#5468,.F.);
#5468 = EDGE_LOOP('',(#5469,#5470,#5479,#5484));
#5469 = ORIENTED_EDGE('',*,*,#5452,.F.);
#5470 = ORIENTED_EDGE('',*,*,#5471,.T.);
#5471 = EDGE_CURVE('',#5444,#5472,#5474,.T.);
#5472 = VERTEX_POINT('',#5473);
#5473 = CARTESIAN_POINT('',(1.014985249309,-4.662516171642E-02,
    1.347443775378));
#5474 = B_SPLINE_CURVE_WITH_KNOTS('',3,(#5475,#5476,#5477,#5478),
  .UNSPECIFIED.,.F.,.F.,(4,4),(11.,12.),.PIECEWISE_BEZIER_KNOTS.);
#5475 = CARTESIAN_POINT('',(1.021630854438,-3.041440163278E-02,
    1.347443775378));
#5476 = CARTESIAN_POINT('',(1.021630854438,-3.709226698058E-02,
    1.347443775378));
#5477 = CARTESIAN_POINT('',(1.019404899322,-4.24958536752E-02,
    1.347443775378));
#5478 = CARTESIAN_POINT('',(1.014985249309,-4.662516171642E-02,
    1.347443775378));
#5479 = ORIENTED_EDGE('',*,*,#5480,.T.);
#5480 = EDGE_CURVE('',#5472,#1109,#5481,.T.);
#5481 = B_SPLINE_CURVE_WITH_KNOTS('',1,(#5482,#5483),.UNSPECIFIED.,.F.,
  .F.,(2,2),(-0.,8.864761022221E-03),.PIECEWISE_BEZIER_KNOTS.);
#5482 = CARTESIAN_POINT('',(1.014985249309,-4.662516171642E-02,
    1.347443775378));
#5483 = CARTESIAN_POINT('',(1.014985249309,-4.662516171642E-02,
    1.338579014355));
#5484 = ORIENTED_EDGE('',*,*,#1117,.F.);
#5485 = B_SPLINE_SURFACE_WITH_KNOTS('',3,1,(
    (#5486,#5487)
    ,(#5488,#5489)
    ,(#5490,#5491)
    ,(#5492,#5493
    )),.UNSPECIFIED.,.F.,.F.,.F.,(4,4),(2,2),(11.,12.),(0.,1.),
  .PIECEWISE_BEZIER_KNOTS.);
#5486 = CARTESIAN_POINT('',(1.021630854438,-3.041440163278E-02,
    1.347443775378));
#5487 = CARTESIAN_POINT('',(1.021630854438,-3.041440163278E-02,
    1.338579014355));
#5488 = CARTESIAN_POINT('',(1.021630854438,-3.709226698058E-02,
    1.347443775378));
#5489 = CARTESIAN_POINT('',(1.021630854438,-3.709226698058E-02,
    1.338579014355));
#5490 = CARTESIAN_POINT('',(1.019404899322,-4.24958536752E-02,
    1.347443775378));
#5491 = CARTESIAN_POINT('',(1.019404899322,-4.24958536752E-02,
    1.338579014355));
#5492 = CARTESIAN_POINT('',(1.014985249309,-4.662516171642E-02,
    1.347443775378));
#5493 = CARTESIAN_POINT('',(1.014985249309,-4.662516171642E-02,
    1.338579014355));
#5494 = ADVANCED_FACE('',(#5495),#5513,.F.);
#5495 = FACE_BOUND('',#5496,.F.);
#5496 = EDGE_LOOP('',(#5497,#5498,#5507,#5512));
#5497 = ORIENTED_EDGE('',*,*,#5480,.F.);
#5498 = ORIENTED_EDGE('',*,*,#5499,.T.);
#5499 = EDGE_CURVE('',#5472,#5500,#5502,.T.);
#5500 = VERTEX_POINT('',#5501);
#5501 = CARTESIAN_POINT('',(0.996984047066,-5.281912377805E-02,
    1.347443775378));
#5502 = B_SPLINE_CURVE_WITH_KNOTS('',3,(#5503,#5504,#5505,#5506),
  .UNSPECIFIED.,.F.,.F.,(4,4),(10.,11.),.PIECEWISE_BEZIER_KNOTS.);
#5503 = CARTESIAN_POINT('',(1.014985249309,-4.662516171642E-02,
    1.347443775378));
#5504 = CARTESIAN_POINT('',(1.010533339077,-5.075446975765E-02,
    1.347443775378));
#5505 = CARTESIAN_POINT('',(1.004532938329,-5.281912377805E-02,
    1.347443775378));
#5506 = CARTESIAN_POINT('',(0.996984047066,-5.281912377805E-02,
    1.347443775378));
#5507 = ORIENTED_EDGE('',*,*,#5508,.T.);
#5508 = EDGE_CURVE('',#5500,#1100,#5509,.T.);
#5509 = B_SPLINE_CURVE_WITH_KNOTS('',1,(#5510,#5511),.UNSPECIFIED.,.F.,
  .F.,(2,2),(-0.,8.864761022221E-03),.PIECEWISE_BEZIER_KNOTS.);
#5510 = CARTESIAN_POINT('',(0.996984047066,-5.281912377805E-02,
    1.347443775378));
#5511 = CARTESIAN_POINT('',(0.996984047066,-5.281912377805E-02,
    1.338579014355));
#5512 = ORIENTED_EDGE('',*,*,#1108,.F.);
#5513 = B_SPLINE_SURFACE_WITH_KNOTS('',3,1,(
    (#5514,#5515)
    ,(#5516,#5517)
    ,(#5518,#5519)
    ,(#5520,#5521
    )),.UNSPECIFIED.,.F.,.F.,.F.,(4,4),(2,2),(10.,11.),(0.,1.),
  .PIECEWISE_BEZIER_KNOTS.);
#5514 = CARTESIAN_POINT('',(1.014985249309,-4.662516171642E-02,
    1.347443775378));
#5515 = CARTESIAN_POINT('',(1.014985249309,-4.662516171642E-02,
    1.338579014355));
#5516 = CARTESIAN_POINT('',(1.010533339077,-5.075446975765E-02,
    1.347443775378));
#5517 = CARTESIAN_POINT('',(1.010533339077,-5.075446975765E-02,
    1.338579014355));
#5518 = CARTESIAN_POINT('',(1.004532938329,-5.281912377805E-02,
    1.347443775378));
#5519 = CARTESIAN_POINT('',(1.004532938329,-5.281912377805E-02,
    1.338579014355));
#5520 = CARTESIAN_POINT('',(0.996984047066,-5.281912377805E-02,
    1.347443775378));
#5521 = CARTESIAN_POINT('',(0.996984047066,-5.281912377805E-02,
    1.338579014355));
#5522 = ADVANCED_FACE('',(#5523),#5541,.F.);
#5523 = FACE_BOUND('',#5524,.F.);
#5524 = EDGE_LOOP('',(#5525,#5526,#5535,#5540));
#5525 = ORIENTED_EDGE('',*,*,#5508,.F.);
#5526 = ORIENTED_EDGE('',*,*,#5527,.T.);
#5527 = EDGE_CURVE('',#5500,#5528,#5530,.T.);
#5528 = VERTEX_POINT('',#5529);
#5529 = CARTESIAN_POINT('',(0.978015038252,-4.618964875881E-02,
    1.347443775378));
#5530 = B_SPLINE_CURVE_WITH_KNOTS('',3,(#5531,#5532,#5533,#5534),
  .UNSPECIFIED.,.F.,.F.,(4,4),(9.,10.),.PIECEWISE_BEZIER_KNOTS.);
#5531 = CARTESIAN_POINT('',(0.996984047066,-5.281912377805E-02,
    1.347443775378));
#5532 = CARTESIAN_POINT('',(0.989048033175,-5.281912377805E-02,
    1.347443775378));
#5533 = CARTESIAN_POINT('',(0.982725030237,-5.060929877178E-02,
    1.347443775378));
#5534 = CARTESIAN_POINT('',(0.978015038252,-4.618964875881E-02,
    1.347443775378));
#5535 = ORIENTED_EDGE('',*,*,#5536,.T.);
#5536 = EDGE_CURVE('',#5528,#1091,#5537,.T.);
#5537 = B_SPLINE_CURVE_WITH_KNOTS('',1,(#5538,#5539),.UNSPECIFIED.,.F.,
  .F.,(2,2),(-0.,8.864761022221E-03),.PIECEWISE_BEZIER_KNOTS.);
#5538 = CARTESIAN_POINT('',(0.978015038252,-4.618964875881E-02,
    1.347443775378));
#5539 = CARTESIAN_POINT('',(0.978015038252,-4.618964875881E-02,
    1.338579014355));
#5540 = ORIENTED_EDGE('',*,*,#1099,.F.);
#5541 = B_SPLINE_SURFACE_WITH_KNOTS('',3,1,(
    (#5542,#5543)
    ,(#5544,#5545)
    ,(#5546,#5547)
    ,(#5548,#5549
    )),.UNSPECIFIED.,.F.,.F.,.F.,(4,4),(2,2),(9.,10.),(0.,1.),
  .PIECEWISE_BEZIER_KNOTS.);
#5542 = CARTESIAN_POINT('',(0.996984047066,-5.281912377805E-02,
    1.347443775378));
#5543 = CARTESIAN_POINT('',(0.996984047066,-5.281912377805E-02,
    1.338579014355));
#5544 = CARTESIAN_POINT('',(0.989048033175,-5.281912377805E-02,
    1.347443775378));
#5545 = CARTESIAN_POINT('',(0.989048033175,-5.281912377805E-02,
    1.338579014355));
#5546 = CARTESIAN_POINT('',(0.982725030237,-5.060929877178E-02,
    1.347443775378));
#5547 = CARTESIAN_POINT('',(0.982725030237,-5.060929877178E-02,
    1.338579014355));
#5548 = CARTESIAN_POINT('',(0.978015038252,-4.618964875881E-02,
    1.347443775378));
#5549 = CARTESIAN_POINT('',(0.978015038252,-4.618964875881E-02,
    1.338579014355));
#5550 = ADVANCED_FACE('',(#5551),#5569,.F.);
#5551 = FACE_BOUND('',#5552,.F.);
#5552 = EDGE_LOOP('',(#5553,#5554,#5563,#5568));
#5553 = ORIENTED_EDGE('',*,*,#5536,.F.);
#5554 = ORIENTED_EDGE('',*,*,#5555,.T.);
#5555 = EDGE_CURVE('',#5528,#5556,#5558,.T.);
#5556 = VERTEX_POINT('',#5557);
#5557 = CARTESIAN_POINT('',(0.971014570714,-2.899495199351E-02,
    1.347443775378));
#5558 = B_SPLINE_CURVE_WITH_KNOTS('',3,(#5559,#5560,#5561,#5562),
  .UNSPECIFIED.,.F.,.F.,(4,4),(8.,9.),.PIECEWISE_BEZIER_KNOTS.);
#5559 = CARTESIAN_POINT('',(0.978015038252,-4.618964875881E-02,
    1.347443775378));
#5560 = CARTESIAN_POINT('',(0.973337306487,-4.175386863653E-02,
    1.347443775378));
#5561 = CARTESIAN_POINT('',(0.971014570714,-3.602767975113E-02,
    1.347443775378));
#5562 = CARTESIAN_POINT('',(0.971014570714,-2.899495199351E-02,
    1.347443775378));
#5563 = ORIENTED_EDGE('',*,*,#5564,.T.);
#5564 = EDGE_CURVE('',#5556,#1082,#5565,.T.);
#5565 = B_SPLINE_CURVE_WITH_KNOTS('',1,(#5566,#5567),.UNSPECIFIED.,.F.,
  .F.,(2,2),(-0.,8.864761022221E-03),.PIECEWISE_BEZIER_KNOTS.);
#5566 = CARTESIAN_POINT('',(0.971014570714,-2.899495199351E-02,
    1.347443775378));
#5567 = CARTESIAN_POINT('',(0.971014570714,-2.899495199351E-02,
    1.338579014355));
#5568 = ORIENTED_EDGE('',*,*,#1090,.F.);
#5569 = B_SPLINE_SURFACE_WITH_KNOTS('',3,1,(
    (#5570,#5571)
    ,(#5572,#5573)
    ,(#5574,#5575)
    ,(#5576,#5577
    )),.UNSPECIFIED.,.F.,.F.,.F.,(4,4),(2,2),(8.,9.),(0.,1.),
  .PIECEWISE_BEZIER_KNOTS.);
#5570 = CARTESIAN_POINT('',(0.978015038252,-4.618964875881E-02,
    1.347443775378));
#5571 = CARTESIAN_POINT('',(0.978015038252,-4.618964875881E-02,
    1.338579014355));
#5572 = CARTESIAN_POINT('',(0.973337306487,-4.175386863653E-02,
    1.347443775378));
#5573 = CARTESIAN_POINT('',(0.973337306487,-4.175386863653E-02,
    1.338579014355));
#5574 = CARTESIAN_POINT('',(0.971014570714,-3.602767975113E-02,
    1.347443775378));
#5575 = CARTESIAN_POINT('',(0.971014570714,-3.602767975113E-02,
    1.338579014355));
#5576 = CARTESIAN_POINT('',(0.971014570714,-2.899495199351E-02,
    1.347443775378));
#5577 = CARTESIAN_POINT('',(0.971014570714,-2.899495199351E-02,
    1.338579014355));
#5578 = ADVANCED_FACE('',(#5579),#5597,.F.);
#5579 = FACE_BOUND('',#5580,.F.);
#5580 = EDGE_LOOP('',(#5581,#5582,#5591,#5596));
#5581 = ORIENTED_EDGE('',*,*,#5564,.F.);
#5582 = ORIENTED_EDGE('',*,*,#5583,.T.);
#5583 = EDGE_CURVE('',#5556,#5584,#5586,.T.);
#5584 = VERTEX_POINT('',#5585);
#5585 = CARTESIAN_POINT('',(0.974756756126,-1.412299100133E-02,
    1.347443775378));
#5586 = B_SPLINE_CURVE_WITH_KNOTS('',3,(#5587,#5588,#5589,#5590),
  .UNSPECIFIED.,.F.,.F.,(4,4),(7.,8.),.PIECEWISE_BEZIER_KNOTS.);
#5587 = CARTESIAN_POINT('',(0.971014570714,-2.899495199351E-02,
    1.347443775378));
#5588 = CARTESIAN_POINT('',(0.971014570714,-2.359136529911E-02,
    1.347443775378));
#5589 = CARTESIAN_POINT('',(0.972240459039,-1.863942167141E-02,
    1.347443775378));
#5590 = CARTESIAN_POINT('',(0.974756756126,-1.412299100133E-02,
    1.347443775378));
#5591 = ORIENTED_EDGE('',*,*,#5592,.T.);
#5592 = EDGE_CURVE('',#5584,#1075,#5593,.T.);
#5593 = B_SPLINE_CURVE_WITH_KNOTS('',1,(#5594,#5595),.UNSPECIFIED.,.F.,
  .F.,(2,2),(-0.,8.864761022221E-03),.PIECEWISE_BEZIER_KNOTS.);
#5594 = CARTESIAN_POINT('',(0.974756756126,-1.412299100133E-02,
    1.347443775378));
#5595 = CARTESIAN_POINT('',(0.974756756126,-1.412299100133E-02,
    1.338579014355));
#5596 = ORIENTED_EDGE('',*,*,#1081,.F.);
#5597 = B_SPLINE_SURFACE_WITH_KNOTS('',3,1,(
    (#5598,#5599)
    ,(#5600,#5601)
    ,(#5602,#5603)
    ,(#5604,#5605
    )),.UNSPECIFIED.,.F.,.F.,.F.,(4,4),(2,2),(7.,8.),(0.,1.),
  .PIECEWISE_BEZIER_KNOTS.);
#5598 = CARTESIAN_POINT('',(0.971014570714,-2.899495199351E-02,
    1.347443775378));
#5599 = CARTESIAN_POINT('',(0.971014570714,-2.899495199351E-02,
    1.338579014355));
#5600 = CARTESIAN_POINT('',(0.971014570714,-2.359136529911E-02,
    1.347443775378));
#5601 = CARTESIAN_POINT('',(0.971014570714,-2.359136529911E-02,
    1.338579014355));
#5602 = CARTESIAN_POINT('',(0.972240459039,-1.863942167141E-02,
    1.347443775378));
#5603 = CARTESIAN_POINT('',(0.972240459039,-1.863942167141E-02,
    1.338579014355));
#5604 = CARTESIAN_POINT('',(0.974756756126,-1.412299100133E-02,
    1.347443775378));
#5605 = CARTESIAN_POINT('',(0.974756756126,-1.412299100133E-02,
    1.338579014355));
#5606 = ADVANCED_FACE('',(#5607),#5623,.F.);
#5607 = FACE_BOUND('',#5608,.T.);
#5608 = EDGE_LOOP('',(#5609,#5610,#5617,#5622));
#5609 = ORIENTED_EDGE('',*,*,#1074,.T.);
#5610 = ORIENTED_EDGE('',*,*,#5611,.F.);
#5611 = EDGE_CURVE('',#5612,#1066,#5614,.T.);
#5612 = VERTEX_POINT('',#5613);
#5613 = CARTESIAN_POINT('',(0.966240058291,-1.412299100133E-02,
    1.347443775378));
#5614 = B_SPLINE_CURVE_WITH_KNOTS('',1,(#5615,#5616),.UNSPECIFIED.,.F.,
  .F.,(2,2),(-0.,8.864761022221E-03),.PIECEWISE_BEZIER_KNOTS.);
#5615 = CARTESIAN_POINT('',(0.966240058291,-1.412299100133E-02,
    1.347443775378));
#5616 = CARTESIAN_POINT('',(0.966240058291,-1.412299100133E-02,
    1.338579014355));
#5617 = ORIENTED_EDGE('',*,*,#5618,.F.);
#5618 = EDGE_CURVE('',#5584,#5612,#5619,.T.);
#5619 = B_SPLINE_CURVE_WITH_KNOTS('',1,(#5620,#5621),.UNSPECIFIED.,.F.,
  .F.,(2,2),(-8.516697834736E-03,-0.),.PIECEWISE_BEZIER_KNOTS.);
#5620 = CARTESIAN_POINT('',(0.974756756126,-1.412299100133E-02,
    1.347443775378));
#5621 = CARTESIAN_POINT('',(0.966240058291,-1.412299100133E-02,
    1.347443775378));
#5622 = ORIENTED_EDGE('',*,*,#5592,.T.);
#5623 = B_SPLINE_SURFACE_WITH_KNOTS('',1,1,(
    (#5624,#5625)
    ,(#5626,#5627
    )),.UNSPECIFIED.,.F.,.F.,.F.,(2,2),(2,2),(0.,8.864761022221E-03),(0.
    ,8.516697834737E-03),.PIECEWISE_BEZIER_KNOTS.);
#5624 = CARTESIAN_POINT('',(0.966240058291,-1.412299100133E-02,
    1.347443775378));
#5625 = CARTESIAN_POINT('',(0.974756756126,-1.412299100133E-02,
    1.347443775378));
#5626 = CARTESIAN_POINT('',(0.966240058291,-1.412299100133E-02,
    1.338579014355));
#5627 = CARTESIAN_POINT('',(0.974756756126,-1.412299100133E-02,
    1.338579014355));
#5628 = ADVANCED_FACE('',(#5629),#5647,.F.);
#5629 = FACE_BOUND('',#5630,.F.);
#5630 = EDGE_LOOP('',(#5631,#5632,#5641,#5646));
#5631 = ORIENTED_EDGE('',*,*,#5611,.F.);
#5632 = ORIENTED_EDGE('',*,*,#5633,.T.);
#5633 = EDGE_CURVE('',#5612,#5634,#5636,.T.);
#5634 = VERTEX_POINT('',#5635);
#5635 = CARTESIAN_POINT('',(0.963659240765,-2.907560254132E-02,
    1.347443775378));
#5636 = B_SPLINE_CURVE_WITH_KNOTS('',3,(#5637,#5638,#5639,#5640),
  .UNSPECIFIED.,.F.,.F.,(4,4),(5.,6.),.PIECEWISE_BEZIER_KNOTS.);
#5637 = CARTESIAN_POINT('',(0.966240058291,-1.412299100133E-02,
    1.347443775378));
#5638 = CARTESIAN_POINT('',(0.96453026668,-1.805873772813E-02,
    1.347443775378));
#5639 = CARTESIAN_POINT('',(0.963659240765,-2.304294157486E-02,
    1.347443775378));
#5640 = CARTESIAN_POINT('',(0.963659240765,-2.907560254132E-02,
    1.347443775378));
#5641 = ORIENTED_EDGE('',*,*,#5642,.T.);
#5642 = EDGE_CURVE('',#5634,#1057,#5643,.T.);
#5643 = B_SPLINE_CURVE_WITH_KNOTS('',1,(#5644,#5645),.UNSPECIFIED.,.F.,
  .F.,(2,2),(-0.,8.864761022221E-03),.PIECEWISE_BEZIER_KNOTS.);
#5644 = CARTESIAN_POINT('',(0.963659240765,-2.907560254132E-02,
    1.347443775378));
#5645 = CARTESIAN_POINT('',(0.963659240765,-2.907560254132E-02,
    1.338579014355));
#5646 = ORIENTED_EDGE('',*,*,#1065,.F.);
#5647 = B_SPLINE_SURFACE_WITH_KNOTS('',3,1,(
    (#5648,#5649)
    ,(#5650,#5651)
    ,(#5652,#5653)
    ,(#5654,#5655
    )),.UNSPECIFIED.,.F.,.F.,.F.,(4,4),(2,2),(5.,6.),(0.,1.),
  .PIECEWISE_BEZIER_KNOTS.);
#5648 = CARTESIAN_POINT('',(0.966240058291,-1.412299100133E-02,
    1.347443775378));
#5649 = CARTESIAN_POINT('',(0.966240058291,-1.412299100133E-02,
    1.338579014355));
#5650 = CARTESIAN_POINT('',(0.96453026668,-1.805873772813E-02,
    1.347443775378));
#5651 = CARTESIAN_POINT('',(0.96453026668,-1.805873772813E-02,
    1.338579014355));
#5652 = CARTESIAN_POINT('',(0.963659240765,-2.304294157486E-02,
    1.347443775378));
#5653 = CARTESIAN_POINT('',(0.963659240765,-2.304294157486E-02,
    1.338579014355));
#5654 = CARTESIAN_POINT('',(0.963659240765,-2.907560254132E-02,
    1.347443775378));
#5655 = CARTESIAN_POINT('',(0.963659240765,-2.907560254132E-02,
    1.338579014355));
#5656 = ADVANCED_FACE('',(#5657),#5675,.F.);
#5657 = FACE_BOUND('',#5658,.F.);
#5658 = EDGE_LOOP('',(#5659,#5660,#5669,#5674));
#5659 = ORIENTED_EDGE('',*,*,#5642,.F.);
#5660 = ORIENTED_EDGE('',*,*,#5661,.T.);
#5661 = EDGE_CURVE('',#5634,#5662,#5664,.T.);
#5662 = VERTEX_POINT('',#5663);
#5663 = CARTESIAN_POINT('',(0.972950183858,-5.225456994451E-02,
    1.347443775378));
#5664 = B_SPLINE_CURVE_WITH_KNOTS('',3,(#5665,#5666,#5667,#5668),
  .UNSPECIFIED.,.F.,.F.,(4,4),(4.,5.),.PIECEWISE_BEZIER_KNOTS.);
#5665 = CARTESIAN_POINT('',(0.963659240765,-2.907560254132E-02,
    1.347443775378));
#5666 = CARTESIAN_POINT('',(0.963659240765,-3.844719618156E-02,
    1.347443775378));
#5667 = CARTESIAN_POINT('',(0.966756221796,-4.617351864929E-02,
    1.347443775378));
#5668 = CARTESIAN_POINT('',(0.972950183858,-5.225456994451E-02,
    1.347443775378));
#5669 = ORIENTED_EDGE('',*,*,#5670,.T.);
#5670 = EDGE_CURVE('',#5662,#1048,#5671,.T.);
#5671 = B_SPLINE_CURVE_WITH_KNOTS('',1,(#5672,#5673),.UNSPECIFIED.,.F.,
  .F.,(2,2),(-0.,8.864761022221E-03),.PIECEWISE_BEZIER_KNOTS.);
#5672 = CARTESIAN_POINT('',(0.972950183858,-5.225456994451E-02,
    1.347443775378));
#5673 = CARTESIAN_POINT('',(0.972950183858,-5.225456994451E-02,
    1.338579014355));
#5674 = ORIENTED_EDGE('',*,*,#1056,.F.);
#5675 = B_SPLINE_SURFACE_WITH_KNOTS('',3,1,(
    (#5676,#5677)
    ,(#5678,#5679)
    ,(#5680,#5681)
    ,(#5682,#5683
    )),.UNSPECIFIED.,.F.,.F.,.F.,(4,4),(2,2),(4.,5.),(0.,1.),
  .PIECEWISE_BEZIER_KNOTS.);
#5676 = CARTESIAN_POINT('',(0.963659240765,-2.907560254132E-02,
    1.347443775378));
#5677 = CARTESIAN_POINT('',(0.963659240765,-2.907560254132E-02,
    1.338579014355));
#5678 = CARTESIAN_POINT('',(0.963659240765,-3.844719618156E-02,
    1.347443775378));
#5679 = CARTESIAN_POINT('',(0.963659240765,-3.844719618156E-02,
    1.338579014355));
#5680 = CARTESIAN_POINT('',(0.966756221796,-4.617351864929E-02,
    1.347443775378));
#5681 = CARTESIAN_POINT('',(0.966756221796,-4.617351864929E-02,
    1.338579014355));
#5682 = CARTESIAN_POINT('',(0.972950183858,-5.225456994451E-02,
    1.347443775378));
#5683 = CARTESIAN_POINT('',(0.972950183858,-5.225456994451E-02,
    1.338579014355));
#5684 = ADVANCED_FACE('',(#5685),#5703,.F.);
#5685 = FACE_BOUND('',#5686,.F.);
#5686 = EDGE_LOOP('',(#5687,#5688,#5697,#5702));
#5687 = ORIENTED_EDGE('',*,*,#5670,.F.);
#5688 = ORIENTED_EDGE('',*,*,#5689,.T.);
#5689 = EDGE_CURVE('',#5662,#5690,#5692,.T.);
#5690 = VERTEX_POINT('',#5691);
#5691 = CARTESIAN_POINT('',(0.997467950353,-6.136808183225E-02,
    1.347443775378));
#5692 = B_SPLINE_CURVE_WITH_KNOTS('',3,(#5693,#5694,#5695,#5696),
  .UNSPECIFIED.,.F.,.F.,(4,4),(3.,4.),.PIECEWISE_BEZIER_KNOTS.);
#5693 = CARTESIAN_POINT('',(0.972950183858,-5.225456994451E-02,
    1.347443775378));
#5694 = CARTESIAN_POINT('',(0.97914414592,-5.833562123951E-02,
    1.347443775378));
#5695 = CARTESIAN_POINT('',(0.987305981345,-6.136808183225E-02,
    1.347443775378));
#5696 = CARTESIAN_POINT('',(0.997467950353,-6.136808183225E-02,
    1.347443775378));
#5697 = ORIENTED_EDGE('',*,*,#5698,.T.);
#5698 = EDGE_CURVE('',#5690,#1039,#5699,.T.);
#5699 = B_SPLINE_CURVE_WITH_KNOTS('',1,(#5700,#5701),.UNSPECIFIED.,.F.,
  .F.,(2,2),(-0.,8.864761022221E-03),.PIECEWISE_BEZIER_KNOTS.);
#5700 = CARTESIAN_POINT('',(0.997467950353,-6.136808183225E-02,
    1.347443775378));
#5701 = CARTESIAN_POINT('',(0.997467950353,-6.136808183225E-02,
    1.338579014355));
#5702 = ORIENTED_EDGE('',*,*,#1047,.F.);
#5703 = B_SPLINE_SURFACE_WITH_KNOTS('',3,1,(
    (#5704,#5705)
    ,(#5706,#5707)
    ,(#5708,#5709)
    ,(#5710,#5711
    )),.UNSPECIFIED.,.F.,.F.,.F.,(4,4),(2,2),(3.,4.),(0.,1.),
  .PIECEWISE_BEZIER_KNOTS.);
#5704 = CARTESIAN_POINT('',(0.972950183858,-5.225456994451E-02,
    1.347443775378));
#5705 = CARTESIAN_POINT('',(0.972950183858,-5.225456994451E-02,
    1.338579014355));
#5706 = CARTESIAN_POINT('',(0.97914414592,-5.833562123951E-02,
    1.347443775378));
#5707 = CARTESIAN_POINT('',(0.97914414592,-5.833562123951E-02,
    1.338579014355));
#5708 = CARTESIAN_POINT('',(0.987305981345,-6.136808183225E-02,
    1.347443775378));
#5709 = CARTESIAN_POINT('',(0.987305981345,-6.136808183225E-02,
    1.338579014355));
#5710 = CARTESIAN_POINT('',(0.997467950353,-6.136808183225E-02,
    1.347443775378));
#5711 = CARTESIAN_POINT('',(0.997467950353,-6.136808183225E-02,
    1.338579014355));
#5712 = ADVANCED_FACE('',(#5713),#5731,.F.);
#5713 = FACE_BOUND('',#5714,.F.);
#5714 = EDGE_LOOP('',(#5715,#5716,#5725,#5730));
#5715 = ORIENTED_EDGE('',*,*,#5698,.F.);
#5716 = ORIENTED_EDGE('',*,*,#5717,.T.);
#5717 = EDGE_CURVE('',#5690,#5718,#5720,.T.);
#5718 = VERTEX_POINT('',#5719);
#5719 = CARTESIAN_POINT('',(1.020275925236,-5.327076684519E-02,
    1.347443775378));
#5720 = B_SPLINE_CURVE_WITH_KNOTS('',3,(#5721,#5722,#5723,#5724),
  .UNSPECIFIED.,.F.,.F.,(4,4),(2.,3.),.PIECEWISE_BEZIER_KNOTS.);
#5721 = CARTESIAN_POINT('',(0.997467950353,-6.136808183225E-02,
    1.347443775378));
#5722 = CARTESIAN_POINT('',(1.006920194541,-6.136808183225E-02,
    1.347443775378));
#5723 = CARTESIAN_POINT('',(1.014533606242,-5.867435353981E-02,
    1.347443775378));
#5724 = CARTESIAN_POINT('',(1.020275925236,-5.327076684519E-02,
    1.347443775378));
#5725 = ORIENTED_EDGE('',*,*,#5726,.T.);
#5726 = EDGE_CURVE('',#5718,#1030,#5727,.T.);
#5727 = B_SPLINE_CURVE_WITH_KNOTS('',1,(#5728,#5729),.UNSPECIFIED.,.F.,
  .F.,(2,2),(-0.,8.864761022221E-03),.PIECEWISE_BEZIER_KNOTS.);
#5728 = CARTESIAN_POINT('',(1.020275925236,-5.327076684519E-02,
    1.347443775378));
#5729 = CARTESIAN_POINT('',(1.020275925236,-5.327076684519E-02,
    1.338579014355));
#5730 = ORIENTED_EDGE('',*,*,#1038,.F.);
#5731 = B_SPLINE_SURFACE_WITH_KNOTS('',3,1,(
    (#5732,#5733)
    ,(#5734,#5735)
    ,(#5736,#5737)
    ,(#5738,#5739
    )),.UNSPECIFIED.,.F.,.F.,.F.,(4,4),(2,2),(2.,3.),(0.,1.),
  .PIECEWISE_BEZIER_KNOTS.);
#5732 = CARTESIAN_POINT('',(0.997467950353,-6.136808183225E-02,
    1.347443775378));
#5733 = CARTESIAN_POINT('',(0.997467950353,-6.136808183225E-02,
    1.338579014355));
#5734 = CARTESIAN_POINT('',(1.006920194541,-6.136808183225E-02,
    1.347443775378));
#5735 = CARTESIAN_POINT('',(1.006920194541,-6.136808183225E-02,
    1.338579014355));
#5736 = CARTESIAN_POINT('',(1.014533606242,-5.867435353981E-02,
    1.347443775378));
#5737 = CARTESIAN_POINT('',(1.014533606242,-5.867435353981E-02,
    1.338579014355));
#5738 = CARTESIAN_POINT('',(1.020275925236,-5.327076684519E-02,
    1.347443775378));
#5739 = CARTESIAN_POINT('',(1.020275925236,-5.327076684519E-02,
    1.338579014355));
#5740 = ADVANCED_FACE('',(#5741),#5753,.F.);
#5741 = FACE_BOUND('',#5742,.F.);
#5742 = EDGE_LOOP('',(#5743,#5744,#5751,#5752));
#5743 = ORIENTED_EDGE('',*,*,#5726,.F.);
#5744 = ORIENTED_EDGE('',*,*,#5745,.T.);
#5745 = EDGE_CURVE('',#5718,#5387,#5746,.T.);
#5746 = B_SPLINE_CURVE_WITH_KNOTS('',3,(#5747,#5748,#5749,#5750),
  .UNSPECIFIED.,.F.,.F.,(4,4),(1.,2.),.PIECEWISE_BEZIER_KNOTS.);
#5747 = CARTESIAN_POINT('',(1.020275925236,-5.327076684519E-02,
    1.347443775378));
#5748 = CARTESIAN_POINT('',(1.026018244231,-4.786718015057E-02,
    1.347443775378));
#5749 = CARTESIAN_POINT('',(1.028889403729,-4.064089107853E-02,
    1.347443775378));
#5750 = CARTESIAN_POINT('',(1.028889403729,-3.159189962885E-02,
    1.347443775378));
#5751 = ORIENTED_EDGE('',*,*,#5386,.T.);
#5752 = ORIENTED_EDGE('',*,*,#1029,.F.);
#5753 = B_SPLINE_SURFACE_WITH_KNOTS('',3,1,(
    (#5754,#5755)
    ,(#5756,#5757)
    ,(#5758,#5759)
    ,(#5760,#5761
    )),.UNSPECIFIED.,.F.,.F.,.F.,(4,4),(2,2),(1.,2.),(0.,1.),
  .PIECEWISE_BEZIER_KNOTS.);
#5754 = CARTESIAN_POINT('',(1.020275925236,-5.327076684519E-02,
    1.347443775378));
#5755 = CARTESIAN_POINT('',(1.020275925236,-5.327076684519E-02,
    1.338579014355));
#5756 = CARTESIAN_POINT('',(1.026018244231,-4.786718015057E-02,
    1.347443775378));
#5757 = CARTESIAN_POINT('',(1.026018244231,-4.786718015057E-02,
    1.338579014355));
#5758 = CARTESIAN_POINT('',(1.028889403729,-4.064089107853E-02,
    1.347443775378));
#5759 = CARTESIAN_POINT('',(1.028889403729,-4.064089107853E-02,
    1.338579014355));
#5760 = CARTESIAN_POINT('',(1.028889403729,-3.159189962885E-02,
    1.347443775378));
#5761 = CARTESIAN_POINT('',(1.028889403729,-3.159189962885E-02,
    1.338579014355));
#5762 = ADVANCED_FACE('',(#5763),#5779,.T.);
#5763 = FACE_BOUND('',#5764,.T.);
#5764 = EDGE_LOOP('',(#5765,#5766,#5767,#5768,#5769,#5770,#5771,#5772,
    #5773,#5774,#5775,#5776,#5777,#5778));
#5765 = ORIENTED_EDGE('',*,*,#5393,.T.);
#5766 = ORIENTED_EDGE('',*,*,#5428,.T.);
#5767 = ORIENTED_EDGE('',*,*,#5443,.T.);
#5768 = ORIENTED_EDGE('',*,*,#5471,.T.);
#5769 = ORIENTED_EDGE('',*,*,#5499,.T.);
#5770 = ORIENTED_EDGE('',*,*,#5527,.T.);
#5771 = ORIENTED_EDGE('',*,*,#5555,.T.);
#5772 = ORIENTED_EDGE('',*,*,#5583,.T.);
#5773 = ORIENTED_EDGE('',*,*,#5618,.T.);
#5774 = ORIENTED_EDGE('',*,*,#5633,.T.);
#5775 = ORIENTED_EDGE('',*,*,#5661,.T.);
#5776 = ORIENTED_EDGE('',*,*,#5689,.T.);
#5777 = ORIENTED_EDGE('',*,*,#5717,.T.);
#5778 = ORIENTED_EDGE('',*,*,#5745,.T.);
#5779 = B_SPLINE_SURFACE_WITH_KNOTS('',1,1,(
    (#5780,#5781)
    ,(#5782,#5783
    )),.UNSPECIFIED.,.F.,.F.,.F.,(2,2),(2,2),(-6.431074671992E-02,
    9.194162435229E-04),(-3.939376001422E-02,7.851330816706E-03),
  .PIECEWISE_BEZIER_KNOTS.);
#5780 = CARTESIAN_POINT('',(0.963659240765,-6.136808183225E-02,
    1.347443775378));
#5781 = CARTESIAN_POINT('',(0.963659240765,-1.412299100133E-02,
    1.347443775378));
#5782 = CARTESIAN_POINT('',(1.028889403729,-6.136808183225E-02,
    1.347443775378));
#5783 = CARTESIAN_POINT('',(1.028889403729,-1.412299100133E-02,
    1.347443775378));
#5784 = ADVANCED_FACE('',(#5785),#5807,.F.);
#5785 = FACE_BOUND('',#5786,.T.);
#5786 = EDGE_LOOP('',(#5787,#5788,#5795,#5802));
#5787 = ORIENTED_EDGE('',*,*,#1144,.T.);
#5788 = ORIENTED_EDGE('',*,*,#5789,.F.);
#5789 = EDGE_CURVE('',#5790,#1136,#5792,.T.);
#5790 = VERTEX_POINT('',#5791);
#5791 = CARTESIAN_POINT('',(1.020630787646,3.244463522878E-02,
    1.347443775378));
#5792 = B_SPLINE_CURVE_WITH_KNOTS('',1,(#5793,#5794),.UNSPECIFIED.,.F.,
  .F.,(2,2),(-0.,8.864761022221E-03),.PIECEWISE_BEZIER_KNOTS.);
#5793 = CARTESIAN_POINT('',(1.020630787646,3.244463522878E-02,
    1.347443775378));
#5794 = CARTESIAN_POINT('',(1.020630787646,3.244463522878E-02,
    1.338579014355));
#5795 = ORIENTED_EDGE('',*,*,#5796,.F.);
#5796 = EDGE_CURVE('',#5797,#5790,#5799,.T.);
#5797 = VERTEX_POINT('',#5798);
#5798 = CARTESIAN_POINT('',(1.027824816499,3.244463522878E-02,
    1.347443775378));
#5799 = B_SPLINE_CURVE_WITH_KNOTS('',1,(#5800,#5801),.UNSPECIFIED.,.F.,
  .F.,(2,2),(-7.194028853006E-03,-0.),.PIECEWISE_BEZIER_KNOTS.);
#5800 = CARTESIAN_POINT('',(1.027824816499,3.244463522878E-02,
    1.347443775378));
#5801 = CARTESIAN_POINT('',(1.020630787646,3.244463522878E-02,
    1.347443775378));
#5802 = ORIENTED_EDGE('',*,*,#5803,.T.);
#5803 = EDGE_CURVE('',#5797,#1145,#5804,.T.);
#5804 = B_SPLINE_CURVE_WITH_KNOTS('',1,(#5805,#5806),.UNSPECIFIED.,.F.,
  .F.,(2,2),(-0.,8.864761022221E-03),.PIECEWISE_BEZIER_KNOTS.);
#5805 = CARTESIAN_POINT('',(1.027824816499,3.244463522878E-02,
    1.347443775378));
#5806 = CARTESIAN_POINT('',(1.027824816499,3.244463522878E-02,
    1.338579014355));
#5807 = B_SPLINE_SURFACE_WITH_KNOTS('',1,1,(
    (#5808,#5809)
    ,(#5810,#5811
    )),.UNSPECIFIED.,.F.,.F.,.F.,(2,2),(2,2),(0.,8.864761022221E-03),(0.
    ,7.194028853006E-03),.PIECEWISE_BEZIER_KNOTS.);
#5808 = CARTESIAN_POINT('',(1.020630787646,3.244463522878E-02,
    1.347443775378));
#5809 = CARTESIAN_POINT('',(1.027824816499,3.244463522878E-02,
    1.347443775378));
#5810 = CARTESIAN_POINT('',(1.020630787646,3.244463522878E-02,
    1.338579014355));
#5811 = CARTESIAN_POINT('',(1.027824816499,3.244463522878E-02,
    1.338579014355));
#5812 = ADVANCED_FACE('',(#5813),#5829,.F.);
#5813 = FACE_BOUND('',#5814,.T.);
#5814 = EDGE_LOOP('',(#5815,#5816,#5823,#5828));
#5815 = ORIENTED_EDGE('',*,*,#1135,.T.);
#5816 = ORIENTED_EDGE('',*,*,#5817,.F.);
#5817 = EDGE_CURVE('',#5818,#1138,#5820,.T.);
#5818 = VERTEX_POINT('',#5819);
#5819 = CARTESIAN_POINT('',(1.020630787646,6.652590080949E-03,
    1.347443775378));
#5820 = B_SPLINE_CURVE_WITH_KNOTS('',1,(#5821,#5822),.UNSPECIFIED.,.F.,
  .F.,(2,2),(-0.,8.864761022221E-03),.PIECEWISE_BEZIER_KNOTS.);
#5821 = CARTESIAN_POINT('',(1.020630787646,6.652590080949E-03,
    1.347443775378));
#5822 = CARTESIAN_POINT('',(1.020630787646,6.652590080949E-03,
    1.338579014355));
#5823 = ORIENTED_EDGE('',*,*,#5824,.F.);
#5824 = EDGE_CURVE('',#5790,#5818,#5825,.T.);
#5825 = B_SPLINE_CURVE_WITH_KNOTS('',1,(#5826,#5827),.UNSPECIFIED.,.F.,
  .F.,(2,2),(-2.579204514783E-02,0.),.PIECEWISE_BEZIER_KNOTS.);
#5826 = CARTESIAN_POINT('',(1.020630787646,3.244463522878E-02,
    1.347443775378));
#5827 = CARTESIAN_POINT('',(1.020630787646,6.652590080949E-03,
    1.347443775378));
#5828 = ORIENTED_EDGE('',*,*,#5789,.T.);
#5829 = B_SPLINE_SURFACE_WITH_KNOTS('',1,1,(
    (#5830,#5831)
    ,(#5832,#5833
    )),.UNSPECIFIED.,.F.,.F.,.F.,(2,2),(2,2),(0.,2.579204514783E-02),(
    -8.864761022221E-03,0.),.PIECEWISE_BEZIER_KNOTS.);
#5830 = CARTESIAN_POINT('',(1.020630787646,6.652590080949E-03,
    1.338579014355));
#5831 = CARTESIAN_POINT('',(1.020630787646,6.652590080949E-03,
    1.347443775378));
#5832 = CARTESIAN_POINT('',(1.020630787646,3.244463522878E-02,
    1.338579014355));
#5833 = CARTESIAN_POINT('',(1.020630787646,3.244463522878E-02,
    1.347443775378));
#5834 = ADVANCED_FACE('',(#5835),#5851,.F.);
#5835 = FACE_BOUND('',#5836,.T.);
#5836 = EDGE_LOOP('',(#5837,#5838,#5845,#5850));
#5837 = ORIENTED_EDGE('',*,*,#1214,.T.);
#5838 = ORIENTED_EDGE('',*,*,#5839,.F.);
#5839 = EDGE_CURVE('',#5840,#1208,#5842,.T.);
#5840 = VERTEX_POINT('',#5841);
#5841 = CARTESIAN_POINT('',(0.999403563497,6.652590080949E-03,
    1.347443775378));
#5842 = B_SPLINE_CURVE_WITH_KNOTS('',1,(#5843,#5844),.UNSPECIFIED.,.F.,
  .F.,(2,2),(-0.,8.864761022221E-03),.PIECEWISE_BEZIER_KNOTS.);
#5843 = CARTESIAN_POINT('',(0.999403563497,6.652590080949E-03,
    1.347443775378));
#5844 = CARTESIAN_POINT('',(0.999403563497,6.652590080949E-03,
    1.338579014355));
#5845 = ORIENTED_EDGE('',*,*,#5846,.F.);
#5846 = EDGE_CURVE('',#5818,#5840,#5847,.T.);
#5847 = B_SPLINE_CURVE_WITH_KNOTS('',1,(#5848,#5849),.UNSPECIFIED.,.F.,
  .F.,(2,2),(-2.12272241492E-02,-0.),.PIECEWISE_BEZIER_KNOTS.);
#5848 = CARTESIAN_POINT('',(1.020630787646,6.652590080949E-03,
    1.347443775378));
#5849 = CARTESIAN_POINT('',(0.999403563497,6.652590080949E-03,
    1.347443775378));
#5850 = ORIENTED_EDGE('',*,*,#5817,.T.);
#5851 = B_SPLINE_SURFACE_WITH_KNOTS('',1,1,(
    (#5852,#5853)
    ,(#5854,#5855
    )),.UNSPECIFIED.,.F.,.F.,.F.,(2,2),(2,2),(0.,2.12272241492E-02),(
    -8.864761022221E-03,0.),.PIECEWISE_BEZIER_KNOTS.);
#5852 = CARTESIAN_POINT('',(0.999403563497,6.652590080949E-03,
    1.338579014355));
#5853 = CARTESIAN_POINT('',(0.999403563497,6.652590080949E-03,
    1.347443775378));
#5854 = CARTESIAN_POINT('',(1.020630787646,6.652590080949E-03,
    1.338579014355));
#5855 = CARTESIAN_POINT('',(1.020630787646,6.652590080949E-03,
    1.347443775378));
#5856 = ADVANCED_FACE('',(#5857),#5873,.F.);
#5857 = FACE_BOUND('',#5858,.T.);
#5858 = EDGE_LOOP('',(#5859,#5860,#5867,#5872));
#5859 = ORIENTED_EDGE('',*,*,#1207,.T.);
#5860 = ORIENTED_EDGE('',*,*,#5861,.F.);
#5861 = EDGE_CURVE('',#5862,#1201,#5864,.T.);
#5862 = VERTEX_POINT('',#5863);
#5863 = CARTESIAN_POINT('',(0.999403563497,2.921861332161E-02,
    1.347443775378));
#5864 = B_SPLINE_CURVE_WITH_KNOTS('',1,(#5865,#5866),.UNSPECIFIED.,.F.,
  .F.,(2,2),(-0.,8.864761022221E-03),.PIECEWISE_BEZIER_KNOTS.);
#5865 = CARTESIAN_POINT('',(0.999403563497,2.921861332161E-02,
    1.347443775378));
#5866 = CARTESIAN_POINT('',(0.999403563497,2.921861332161E-02,
    1.338579014355));
#5867 = ORIENTED_EDGE('',*,*,#5868,.F.);
#5868 = EDGE_CURVE('',#5840,#5862,#5869,.T.);
#5869 = B_SPLINE_CURVE_WITH_KNOTS('',1,(#5870,#5871),.UNSPECIFIED.,.F.,
  .F.,(2,2),(-2.256602324066E-02,0.),.PIECEWISE_BEZIER_KNOTS.);
#5870 = CARTESIAN_POINT('',(0.999403563497,6.652590080949E-03,
    1.347443775378));
#5871 = CARTESIAN_POINT('',(0.999403563497,2.921861332161E-02,
    1.347443775378));
#5872 = ORIENTED_EDGE('',*,*,#5839,.T.);
#5873 = B_SPLINE_SURFACE_WITH_KNOTS('',1,1,(
    (#5874,#5875)
    ,(#5876,#5877
    )),.UNSPECIFIED.,.F.,.F.,.F.,(2,2),(2,2),(-8.864761022221E-03,0.),(
    -2.256602324066E-02,0.),.PIECEWISE_BEZIER_KNOTS.);
#5874 = CARTESIAN_POINT('',(0.999403563497,6.652590080949E-03,
    1.338579014355));
#5875 = CARTESIAN_POINT('',(0.999403563497,2.921861332161E-02,
    1.338579014355));
#5876 = CARTESIAN_POINT('',(0.999403563497,6.652590080949E-03,
    1.347443775378));
#5877 = CARTESIAN_POINT('',(0.999403563497,2.921861332161E-02,
    1.347443775378));
#5878 = ADVANCED_FACE('',(#5879),#5895,.F.);
#5879 = FACE_BOUND('',#5880,.T.);
#5880 = EDGE_LOOP('',(#5881,#5882,#5889,#5894));
#5881 = ORIENTED_EDGE('',*,*,#1200,.T.);
#5882 = ORIENTED_EDGE('',*,*,#5883,.F.);
#5883 = EDGE_CURVE('',#5884,#1194,#5886,.T.);
#5884 = VERTEX_POINT('',#5885);
#5885 = CARTESIAN_POINT('',(0.992177274425,2.921861332161E-02,
    1.347443775378));
#5886 = B_SPLINE_CURVE_WITH_KNOTS('',1,(#5887,#5888),.UNSPECIFIED.,.F.,
  .F.,(2,2),(-0.,8.864761022221E-03),.PIECEWISE_BEZIER_KNOTS.);
#5887 = CARTESIAN_POINT('',(0.992177274425,2.921861332161E-02,
    1.347443775378));
#5888 = CARTESIAN_POINT('',(0.992177274425,2.921861332161E-02,
    1.338579014355));
#5889 = ORIENTED_EDGE('',*,*,#5890,.F.);
#5890 = EDGE_CURVE('',#5862,#5884,#5891,.T.);
#5891 = B_SPLINE_CURVE_WITH_KNOTS('',1,(#5892,#5893),.UNSPECIFIED.,.F.,
  .F.,(2,2),(-7.226289072041E-03,-0.),.PIECEWISE_BEZIER_KNOTS.);
#5892 = CARTESIAN_POINT('',(0.999403563497,2.921861332161E-02,
    1.347443775378));
#5893 = CARTESIAN_POINT('',(0.992177274425,2.921861332161E-02,
    1.347443775378));
#5894 = ORIENTED_EDGE('',*,*,#5861,.T.);
#5895 = B_SPLINE_SURFACE_WITH_KNOTS('',1,1,(
    (#5896,#5897)
    ,(#5898,#5899
    )),.UNSPECIFIED.,.F.,.F.,.F.,(2,2),(2,2),(0.,8.864761022221E-03),(0.
    ,7.226289072041E-03),.PIECEWISE_BEZIER_KNOTS.);
#5896 = CARTESIAN_POINT('',(0.992177274425,2.921861332161E-02,
    1.347443775378));
#5897 = CARTESIAN_POINT('',(0.999403563497,2.921861332161E-02,
    1.347443775378));
#5898 = CARTESIAN_POINT('',(0.992177274425,2.921861332161E-02,
    1.338579014355));
#5899 = CARTESIAN_POINT('',(0.999403563497,2.921861332161E-02,
    1.338579014355));
#5900 = ADVANCED_FACE('',(#5901),#5917,.F.);
#5901 = FACE_BOUND('',#5902,.T.);
#5902 = EDGE_LOOP('',(#5903,#5904,#5911,#5916));
#5903 = ORIENTED_EDGE('',*,*,#1193,.T.);
#5904 = ORIENTED_EDGE('',*,*,#5905,.F.);
#5905 = EDGE_CURVE('',#5906,#1187,#5908,.T.);
#5906 = VERTEX_POINT('',#5907);
#5907 = CARTESIAN_POINT('',(0.992177274425,6.652590080949E-03,
    1.347443775378));
#5908 = B_SPLINE_CURVE_WITH_KNOTS('',1,(#5909,#5910),.UNSPECIFIED.,.F.,
  .F.,(2,2),(-0.,8.864761022221E-03),.PIECEWISE_BEZIER_KNOTS.);
#5909 = CARTESIAN_POINT('',(0.992177274425,6.652590080949E-03,
    1.347443775378));
#5910 = CARTESIAN_POINT('',(0.992177274425,6.652590080949E-03,
    1.338579014355));
#5911 = ORIENTED_EDGE('',*,*,#5912,.F.);
#5912 = EDGE_CURVE('',#5884,#5906,#5913,.T.);
#5913 = B_SPLINE_CURVE_WITH_KNOTS('',1,(#5914,#5915),.UNSPECIFIED.,.F.,
  .F.,(2,2),(-2.256602324066E-02,-0.),.PIECEWISE_BEZIER_KNOTS.);
#5914 = CARTESIAN_POINT('',(0.992177274425,2.921861332161E-02,
    1.347443775378));
#5915 = CARTESIAN_POINT('',(0.992177274425,6.652590080949E-03,
    1.347443775378));
#5916 = ORIENTED_EDGE('',*,*,#5883,.T.);
#5917 = B_SPLINE_SURFACE_WITH_KNOTS('',1,1,(
    (#5918,#5919)
    ,(#5920,#5921
    )),.UNSPECIFIED.,.F.,.F.,.F.,(2,2),(2,2),(0.,8.864761022221E-03),(0.
    ,2.256602324066E-02),.PIECEWISE_BEZIER_KNOTS.);
#5918 = CARTESIAN_POINT('',(0.992177274425,6.652590080949E-03,
    1.347443775378));
#5919 = CARTESIAN_POINT('',(0.992177274425,2.921861332161E-02,
    1.347443775378));
#5920 = CARTESIAN_POINT('',(0.992177274425,6.652590080949E-03,
    1.338579014355));
#5921 = CARTESIAN_POINT('',(0.992177274425,2.921861332161E-02,
    1.338579014355));
#5922 = ADVANCED_FACE('',(#5923),#5939,.F.);
#5923 = FACE_BOUND('',#5924,.T.);
#5924 = EDGE_LOOP('',(#5925,#5926,#5933,#5938));
#5925 = ORIENTED_EDGE('',*,*,#1186,.T.);
#5926 = ORIENTED_EDGE('',*,*,#5927,.F.);
#5927 = EDGE_CURVE('',#5928,#1180,#5930,.T.);
#5928 = VERTEX_POINT('',#5929);
#5929 = CARTESIAN_POINT('',(0.971982377286,6.652590080949E-03,
    1.347443775378));
#5930 = B_SPLINE_CURVE_WITH_KNOTS('',1,(#5931,#5932),.UNSPECIFIED.,.F.,
  .F.,(2,2),(-0.,8.864761022221E-03),.PIECEWISE_BEZIER_KNOTS.);
#5931 = CARTESIAN_POINT('',(0.971982377286,6.652590080949E-03,
    1.347443775378));
#5932 = CARTESIAN_POINT('',(0.971982377286,6.652590080949E-03,
    1.338579014355));
#5933 = ORIENTED_EDGE('',*,*,#5934,.F.);
#5934 = EDGE_CURVE('',#5906,#5928,#5935,.T.);
#5935 = B_SPLINE_CURVE_WITH_KNOTS('',1,(#5936,#5937),.UNSPECIFIED.,.F.,
  .F.,(2,2),(-2.019489713922E-02,-0.),.PIECEWISE_BEZIER_KNOTS.);
#5936 = CARTESIAN_POINT('',(0.992177274425,6.652590080949E-03,
    1.347443775378));
#5937 = CARTESIAN_POINT('',(0.971982377286,6.652590080949E-03,
    1.347443775378));
#5938 = ORIENTED_EDGE('',*,*,#5905,.T.);
#5939 = B_SPLINE_SURFACE_WITH_KNOTS('',1,1,(
    (#5940,#5941)
    ,(#5942,#5943
    )),.UNSPECIFIED.,.F.,.F.,.F.,(2,2),(2,2),(0.,8.864761022221E-03),(0.
    ,2.019489713922E-02),.PIECEWISE_BEZIER_KNOTS.);
#5940 = CARTESIAN_POINT('',(0.971982377286,6.652590080949E-03,
    1.347443775378));
#5941 = CARTESIAN_POINT('',(0.992177274425,6.652590080949E-03,
    1.347443775378));
#5942 = CARTESIAN_POINT('',(0.971982377286,6.652590080949E-03,
    1.338579014355));
#5943 = CARTESIAN_POINT('',(0.992177274425,6.652590080949E-03,
    1.338579014355));
#5944 = ADVANCED_FACE('',(#5945),#5961,.F.);
#5945 = FACE_BOUND('',#5946,.T.);
#5946 = EDGE_LOOP('',(#5947,#5948,#5955,#5960));
#5947 = ORIENTED_EDGE('',*,*,#1179,.T.);
#5948 = ORIENTED_EDGE('',*,*,#5949,.F.);
#5949 = EDGE_CURVE('',#5950,#1173,#5952,.T.);
#5950 = VERTEX_POINT('',#5951);
#5951 = CARTESIAN_POINT('',(0.971982377286,3.100905548021E-02,
    1.347443775378));
#5952 = B_SPLINE_CURVE_WITH_KNOTS('',1,(#5953,#5954),.UNSPECIFIED.,.F.,
  .F.,(2,2),(-0.,8.864761022221E-03),.PIECEWISE_BEZIER_KNOTS.);
#5953 = CARTESIAN_POINT('',(0.971982377286,3.100905548021E-02,
    1.347443775378));
#5954 = CARTESIAN_POINT('',(0.971982377286,3.100905548021E-02,
    1.338579014355));
#5955 = ORIENTED_EDGE('',*,*,#5956,.F.);
#5956 = EDGE_CURVE('',#5928,#5950,#5957,.T.);
#5957 = B_SPLINE_CURVE_WITH_KNOTS('',1,(#5958,#5959),.UNSPECIFIED.,.F.,
  .F.,(2,2),(-2.435646539927E-02,0.),.PIECEWISE_BEZIER_KNOTS.);
#5958 = CARTESIAN_POINT('',(0.971982377286,6.652590080949E-03,
    1.347443775378));
#5959 = CARTESIAN_POINT('',(0.971982377286,3.100905548021E-02,
    1.347443775378));
#5960 = ORIENTED_EDGE('',*,*,#5927,.T.);
#5961 = B_SPLINE_SURFACE_WITH_KNOTS('',1,1,(
    (#5962,#5963)
    ,(#5964,#5965
    )),.UNSPECIFIED.,.F.,.F.,.F.,(2,2),(2,2),(0.,2.435646539927E-02),(
    -8.864761022221E-03,0.),.PIECEWISE_BEZIER_KNOTS.);
#5962 = CARTESIAN_POINT('',(0.971982377286,3.100905548021E-02,
    1.338579014355));
#5963 = CARTESIAN_POINT('',(0.971982377286,3.100905548021E-02,
    1.347443775378));
#5964 = CARTESIAN_POINT('',(0.971982377286,6.652590080949E-03,
    1.338579014355));
#5965 = CARTESIAN_POINT('',(0.971982377286,6.652590080949E-03,
    1.347443775378));
#5966 = ADVANCED_FACE('',(#5967),#5983,.F.);
#5967 = FACE_BOUND('',#5968,.T.);
#5968 = EDGE_LOOP('',(#5969,#5970,#5977,#5982));
#5969 = ORIENTED_EDGE('',*,*,#1172,.T.);
#5970 = ORIENTED_EDGE('',*,*,#5971,.F.);
#5971 = EDGE_CURVE('',#5972,#1166,#5974,.T.);
#5972 = VERTEX_POINT('',#5973);
#5973 = CARTESIAN_POINT('',(0.964723827995,3.100905548021E-02,
    1.347443775378));
#5974 = B_SPLINE_CURVE_WITH_KNOTS('',1,(#5975,#5976),.UNSPECIFIED.,.F.,
  .F.,(2,2),(-0.,8.864761022221E-03),.PIECEWISE_BEZIER_KNOTS.);
#5975 = CARTESIAN_POINT('',(0.964723827995,3.100905548021E-02,
    1.347443775378));
#5976 = CARTESIAN_POINT('',(0.964723827995,3.100905548021E-02,
    1.338579014355));
#5977 = ORIENTED_EDGE('',*,*,#5978,.F.);
#5978 = EDGE_CURVE('',#5950,#5972,#5979,.T.);
#5979 = B_SPLINE_CURVE_WITH_KNOTS('',1,(#5980,#5981),.UNSPECIFIED.,.F.,
  .F.,(2,2),(-7.258549291076E-03,-0.),.PIECEWISE_BEZIER_KNOTS.);
#5980 = CARTESIAN_POINT('',(0.971982377286,3.100905548021E-02,
    1.347443775378));
#5981 = CARTESIAN_POINT('',(0.964723827995,3.100905548021E-02,
    1.347443775378));
#5982 = ORIENTED_EDGE('',*,*,#5949,.T.);
#5983 = B_SPLINE_SURFACE_WITH_KNOTS('',1,1,(
    (#5984,#5985)
    ,(#5986,#5987
    )),.UNSPECIFIED.,.F.,.F.,.F.,(2,2),(2,2),(0.,8.864761022221E-03),(0.
    ,7.258549291076E-03),.PIECEWISE_BEZIER_KNOTS.);
#5984 = CARTESIAN_POINT('',(0.964723827995,3.100905548021E-02,
    1.347443775378));
#5985 = CARTESIAN_POINT('',(0.971982377286,3.100905548021E-02,
    1.347443775378));
#5986 = CARTESIAN_POINT('',(0.964723827995,3.100905548021E-02,
    1.338579014355));
#5987 = CARTESIAN_POINT('',(0.971982377286,3.100905548021E-02,
    1.338579014355));
#5988 = ADVANCED_FACE('',(#5989),#6005,.F.);
#5989 = FACE_BOUND('',#5990,.T.);
#5990 = EDGE_LOOP('',(#5991,#5992,#5999,#6004));
#5991 = ORIENTED_EDGE('',*,*,#1165,.T.);
#5992 = ORIENTED_EDGE('',*,*,#5993,.F.);
#5993 = EDGE_CURVE('',#5994,#1159,#5996,.T.);
#5994 = VERTEX_POINT('',#5995);
#5995 = CARTESIAN_POINT('',(0.964723827995,-1.493115234667E-03,
    1.347443775378));
#5996 = B_SPLINE_CURVE_WITH_KNOTS('',1,(#5997,#5998),.UNSPECIFIED.,.F.,
  .F.,(2,2),(-0.,8.864761022221E-03),.PIECEWISE_BEZIER_KNOTS.);
#5997 = CARTESIAN_POINT('',(0.964723827995,-1.493115234667E-03,
    1.347443775378));
#5998 = CARTESIAN_POINT('',(0.964723827995,-1.493115234667E-03,
    1.338579014355));
#5999 = ORIENTED_EDGE('',*,*,#6000,.F.);
#6000 = EDGE_CURVE('',#5972,#5994,#6001,.T.);
#6001 = B_SPLINE_CURVE_WITH_KNOTS('',1,(#6002,#6003),.UNSPECIFIED.,.F.,
  .F.,(2,2),(-3.250217071488E-02,0.),.PIECEWISE_BEZIER_KNOTS.);
#6002 = CARTESIAN_POINT('',(0.964723827995,3.100905548021E-02,
    1.347443775378));
#6003 = CARTESIAN_POINT('',(0.964723827995,-1.493115234667E-03,
    1.347443775378));
#6004 = ORIENTED_EDGE('',*,*,#5971,.T.);
#6005 = B_SPLINE_SURFACE_WITH_KNOTS('',1,1,(
    (#6006,#6007)
    ,(#6008,#6009
    )),.UNSPECIFIED.,.F.,.F.,.F.,(2,2),(2,2),(0.,3.250217071488E-02),(
    -8.864761022221E-03,0.),.PIECEWISE_BEZIER_KNOTS.);
#6006 = CARTESIAN_POINT('',(0.964723827995,-1.493115234667E-03,
    1.338579014355));
#6007 = CARTESIAN_POINT('',(0.964723827995,-1.493115234667E-03,
    1.347443775378));
#6008 = CARTESIAN_POINT('',(0.964723827995,3.100905548021E-02,
    1.338579014355));
#6009 = CARTESIAN_POINT('',(0.964723827995,3.100905548021E-02,
    1.347443775378));
#6010 = ADVANCED_FACE('',(#6011),#6027,.F.);
#6011 = FACE_BOUND('',#6012,.T.);
#6012 = EDGE_LOOP('',(#6013,#6014,#6021,#6026));
#6013 = ORIENTED_EDGE('',*,*,#1158,.T.);
#6014 = ORIENTED_EDGE('',*,*,#6015,.F.);
#6015 = EDGE_CURVE('',#6016,#1152,#6018,.T.);
#6016 = VERTEX_POINT('',#6017);
#6017 = CARTESIAN_POINT('',(1.027824816499,-1.493115234667E-03,
    1.347443775378));
#6018 = B_SPLINE_CURVE_WITH_KNOTS('',1,(#6019,#6020),.UNSPECIFIED.,.F.,
  .F.,(2,2),(-0.,8.864761022221E-03),.PIECEWISE_BEZIER_KNOTS.);
#6019 = CARTESIAN_POINT('',(1.027824816499,-1.493115234667E-03,
    1.347443775378));
#6020 = CARTESIAN_POINT('',(1.027824816499,-1.493115234667E-03,
    1.338579014355));
#6021 = ORIENTED_EDGE('',*,*,#6022,.F.);
#6022 = EDGE_CURVE('',#5994,#6016,#6023,.T.);
#6023 = B_SPLINE_CURVE_WITH_KNOTS('',1,(#6024,#6025),.UNSPECIFIED.,.F.,
  .F.,(2,2),(-6.310098850454E-02,0.),.PIECEWISE_BEZIER_KNOTS.);
#6024 = CARTESIAN_POINT('',(0.964723827995,-1.493115234667E-03,
    1.347443775378));
#6025 = CARTESIAN_POINT('',(1.027824816499,-1.493115234667E-03,
    1.347443775378));
#6026 = ORIENTED_EDGE('',*,*,#5993,.T.);
#6027 = B_SPLINE_SURFACE_WITH_KNOTS('',1,1,(
    (#6028,#6029)
    ,(#6030,#6031
    )),.UNSPECIFIED.,.F.,.F.,.F.,(2,2),(2,2),(-0.,6.310098850454E-02),(
    -8.864761022221E-03,0.),.PIECEWISE_BEZIER_KNOTS.);
#6028 = CARTESIAN_POINT('',(1.027824816499,-1.493115234667E-03,
    1.338579014355));
#6029 = CARTESIAN_POINT('',(1.027824816499,-1.493115234667E-03,
    1.347443775378));
#6030 = CARTESIAN_POINT('',(0.964723827995,-1.493115234667E-03,
    1.338579014355));
#6031 = CARTESIAN_POINT('',(0.964723827995,-1.493115234667E-03,
    1.347443775378));
#6032 = ADVANCED_FACE('',(#6033),#6043,.F.);
#6033 = FACE_BOUND('',#6034,.T.);
#6034 = EDGE_LOOP('',(#6035,#6036,#6037,#6042));
#6035 = ORIENTED_EDGE('',*,*,#1151,.T.);
#6036 = ORIENTED_EDGE('',*,*,#5803,.F.);
#6037 = ORIENTED_EDGE('',*,*,#6038,.F.);
#6038 = EDGE_CURVE('',#6016,#5797,#6039,.T.);
#6039 = B_SPLINE_CURVE_WITH_KNOTS('',1,(#6040,#6041),.UNSPECIFIED.,.F.,
  .F.,(2,2),(-3.393775046345E-02,0.),.PIECEWISE_BEZIER_KNOTS.);
#6040 = CARTESIAN_POINT('',(1.027824816499,-1.493115234667E-03,
    1.347443775378));
#6041 = CARTESIAN_POINT('',(1.027824816499,3.244463522878E-02,
    1.347443775378));
#6042 = ORIENTED_EDGE('',*,*,#6015,.T.);
#6043 = B_SPLINE_SURFACE_WITH_KNOTS('',1,1,(
    (#6044,#6045)
    ,(#6046,#6047
    )),.UNSPECIFIED.,.F.,.F.,.F.,(2,2),(2,2),(0.,3.393775046345E-02),(
    -8.864761022221E-03,0.),.PIECEWISE_BEZIER_KNOTS.);
#6044 = CARTESIAN_POINT('',(1.027824816499,3.244463522878E-02,
    1.338579014355));
#6045 = CARTESIAN_POINT('',(1.027824816499,3.244463522878E-02,
    1.347443775378));
#6046 = CARTESIAN_POINT('',(1.027824816499,-1.493115234667E-03,
    1.338579014355));
#6047 = CARTESIAN_POINT('',(1.027824816499,-1.493115234667E-03,
    1.347443775378));
#6048 = ADVANCED_FACE('',(#6049),#6063,.F.);
#6049 = FACE_BOUND('',#6050,.T.);
#6050 = EDGE_LOOP('',(#6051,#6052,#6053,#6054,#6055,#6056,#6057,#6058,
    #6059,#6060,#6061,#6062));
#6051 = ORIENTED_EDGE('',*,*,#5796,.T.);
#6052 = ORIENTED_EDGE('',*,*,#5824,.T.);
#6053 = ORIENTED_EDGE('',*,*,#5846,.T.);
#6054 = ORIENTED_EDGE('',*,*,#5868,.T.);
#6055 = ORIENTED_EDGE('',*,*,#5890,.T.);
#6056 = ORIENTED_EDGE('',*,*,#5912,.T.);
#6057 = ORIENTED_EDGE('',*,*,#5934,.T.);
#6058 = ORIENTED_EDGE('',*,*,#5956,.T.);
#6059 = ORIENTED_EDGE('',*,*,#5978,.T.);
#6060 = ORIENTED_EDGE('',*,*,#6000,.T.);
#6061 = ORIENTED_EDGE('',*,*,#6022,.T.);
#6062 = ORIENTED_EDGE('',*,*,#6038,.T.);
#6063 = B_SPLINE_SURFACE_WITH_KNOTS('',1,1,(
    (#6064,#6065)
    ,(#6066,#6067
    )),.UNSPECIFIED.,.F.,.F.,.F.,(2,2),(2,2),(-1.027824816499,
    -0.964723827995),(-1.493115234578E-03,3.244463522887E-02),
  .PIECEWISE_BEZIER_KNOTS.);
#6064 = CARTESIAN_POINT('',(1.027824816499,-1.493115234667E-03,
    1.347443775378));
#6065 = CARTESIAN_POINT('',(1.027824816499,3.244463522878E-02,
    1.347443775378));
#6066 = CARTESIAN_POINT('',(0.964723827995,-1.493115234667E-03,
    1.347443775378));
#6067 = CARTESIAN_POINT('',(0.964723827995,3.244463522878E-02,
    1.347443775378));
#6068 = ADVANCED_FACE('',(#6069,#6128),#6187,.T.);
#6069 = FACE_BOUND('',#6070,.T.);
#6070 = EDGE_LOOP('',(#6071,#6080,#6089,#6098,#6107,#6116,#6123));
#6071 = ORIENTED_EDGE('',*,*,#6072,.T.);
#6072 = EDGE_CURVE('',#6073,#6075,#6077,.T.);
#6073 = VERTEX_POINT('',#6074);
#6074 = CARTESIAN_POINT('',(1.027824816499,4.436478617602E-02,
    1.347443775378));
#6075 = VERTEX_POINT('',#6076);
#6076 = CARTESIAN_POINT('',(1.027824816499,6.172078403671E-02,
    1.347443775378));
#6077 = B_SPLINE_CURVE_WITH_KNOTS('',1,(#6078,#6079),.UNSPECIFIED.,.F.,
  .F.,(2,2),(-1.735599786068E-02,-4.920930897335E-17),
  .PIECEWISE_BEZIER_KNOTS.);
#6078 = CARTESIAN_POINT('',(1.027824816499,4.436478617602E-02,
    1.347443775378));
#6079 = CARTESIAN_POINT('',(1.027824816499,6.172078403671E-02,
    1.347443775378));
#6080 = ORIENTED_EDGE('',*,*,#6081,.T.);
#6081 = EDGE_CURVE('',#6075,#6082,#6084,.T.);
#6082 = VERTEX_POINT('',#6083);
#6083 = CARTESIAN_POINT('',(1.018985516474,8.622242042185E-02,
    1.347443775378));
#6084 = B_SPLINE_CURVE_WITH_KNOTS('',3,(#6085,#6086,#6087,#6088),
  .UNSPECIFIED.,.F.,.F.,(4,4),(5.,6.),.PIECEWISE_BEZIER_KNOTS.);
#6085 = CARTESIAN_POINT('',(1.027824816499,6.172078403671E-02,
    1.347443775378));
#6086 = CARTESIAN_POINT('',(1.027824816499,7.170532183927E-02,
    1.347443775378));
#6087 = CARTESIAN_POINT('',(1.024889136564,7.988328737413E-02,
    1.347443775378));
#6088 = CARTESIAN_POINT('',(1.018985516474,8.622242042185E-02,
    1.347443775378));
#6089 = ORIENTED_EDGE('',*,*,#6090,.T.);
#6090 = EDGE_CURVE('',#6082,#6091,#6093,.T.);
#6091 = VERTEX_POINT('',#6092);
#6092 = CARTESIAN_POINT('',(0.99546781677,9.573918504796E-02,
    1.347443775378));
#6093 = B_SPLINE_CURVE_WITH_KNOTS('',3,(#6094,#6095,#6096,#6097),
  .UNSPECIFIED.,.F.,.F.,(4,4),(4.,5.),.PIECEWISE_BEZIER_KNOTS.);
#6094 = CARTESIAN_POINT('',(1.018985516474,8.622242042185E-02,
    1.347443775378));
#6095 = CARTESIAN_POINT('',(1.013081896383,9.256155346956E-02,
    1.347443775378));
#6096 = CARTESIAN_POINT('',(1.005242663149,9.573918504796E-02,
    1.347443775378));
#6097 = CARTESIAN_POINT('',(0.99546781677,9.573918504796E-02,
    1.347443775378));
#6098 = ORIENTED_EDGE('',*,*,#6099,.T.);
#6099 = EDGE_CURVE('',#6091,#6100,#6102,.T.);
#6100 = VERTEX_POINT('',#6101);
#6101 = CARTESIAN_POINT('',(0.973079224734,8.622242042185E-02,
    1.347443775378));
#6102 = B_SPLINE_CURVE_WITH_KNOTS('',3,(#6103,#6104,#6105,#6106),
  .UNSPECIFIED.,.F.,.F.,(4,4),(3.,4.),.PIECEWISE_BEZIER_KNOTS.);
#6103 = CARTESIAN_POINT('',(0.99546781677,9.573918504796E-02,
    1.347443775378));
#6104 = CARTESIAN_POINT('',(0.98611235324,9.573918504796E-02,
    1.347443775378));
#6105 = CARTESIAN_POINT('',(0.978660242634,9.256155346956E-02,
    1.347443775378));
#6106 = CARTESIAN_POINT('',(0.973079224734,8.622242042185E-02,
    1.347443775378));
#6107 = ORIENTED_EDGE('',*,*,#6108,.T.);
#6108 = EDGE_CURVE('',#6100,#6109,#6111,.T.);
#6109 = VERTEX_POINT('',#6110);
#6110 = CARTESIAN_POINT('',(0.964723827995,6.236598841827E-02,
    1.347443775378));
#6111 = B_SPLINE_CURVE_WITH_KNOTS('',3,(#6112,#6113,#6114,#6115),
  .UNSPECIFIED.,.F.,.F.,(4,4),(2.,3.),.PIECEWISE_BEZIER_KNOTS.);
#6112 = CARTESIAN_POINT('',(0.973079224734,8.622242042185E-02,
    1.347443775378));
#6113 = CARTESIAN_POINT('',(0.967498206835,7.988328737413E-02,
    1.347443775378));
#6114 = CARTESIAN_POINT('',(0.964723827995,7.193114337294E-02,
    1.347443775378));
#6115 = CARTESIAN_POINT('',(0.964723827995,6.236598841827E-02,
    1.347443775378));
#6116 = ORIENTED_EDGE('',*,*,#6117,.T.);
#6117 = EDGE_CURVE('',#6109,#6118,#6120,.T.);
#6118 = VERTEX_POINT('',#6119);
#6119 = CARTESIAN_POINT('',(0.964723827995,4.436478617602E-02,
    1.347443775378));
#6120 = B_SPLINE_CURVE_WITH_KNOTS('',1,(#6121,#6122),.UNSPECIFIED.,.F.,
  .F.,(2,2),(-1.800120224225E-02,-0.),.PIECEWISE_BEZIER_KNOTS.);
#6121 = CARTESIAN_POINT('',(0.964723827995,6.236598841827E-02,
    1.347443775378));
#6122 = CARTESIAN_POINT('',(0.964723827995,4.436478617602E-02,
    1.347443775378));
#6123 = ORIENTED_EDGE('',*,*,#6124,.T.);
#6124 = EDGE_CURVE('',#6118,#6073,#6125,.T.);
#6125 = B_SPLINE_CURVE_WITH_KNOTS('',1,(#6126,#6127),.UNSPECIFIED.,.F.,
  .F.,(2,2),(-6.310098850454E-02,0.),.PIECEWISE_BEZIER_KNOTS.);
#6126 = CARTESIAN_POINT('',(0.964723827995,4.436478617602E-02,
    1.347443775378));
#6127 = CARTESIAN_POINT('',(1.027824816499,4.436478617602E-02,
    1.347443775378));
#6128 = FACE_BOUND('',#6129,.T.);
#6129 = EDGE_LOOP('',(#6130,#6139,#6146,#6155,#6164,#6173,#6182));
#6130 = ORIENTED_EDGE('',*,*,#6131,.F.);
#6131 = EDGE_CURVE('',#6132,#6134,#6136,.T.);
#6132 = VERTEX_POINT('',#6133);
#6133 = CARTESIAN_POINT('',(0.971982377286,5.251049149186E-02,
    1.347443775378));
#6134 = VERTEX_POINT('',#6135);
#6135 = CARTESIAN_POINT('',(1.020630787646,5.251049149186E-02,
    1.347443775378));
#6136 = B_SPLINE_CURVE_WITH_KNOTS('',1,(#6137,#6138),.UNSPECIFIED.,.F.,
  .F.,(2,2),(0.,4.864841036046E-02),.PIECEWISE_BEZIER_KNOTS.);
#6137 = CARTESIAN_POINT('',(0.971982377286,5.251049149186E-02,
    1.347443775378));
#6138 = CARTESIAN_POINT('',(1.020630787646,5.251049149186E-02,
    1.347443775378));
#6139 = ORIENTED_EDGE('',*,*,#6140,.F.);
#6140 = EDGE_CURVE('',#6141,#6132,#6143,.T.);
#6141 = VERTEX_POINT('',#6142);
#6142 = CARTESIAN_POINT('',(0.971982377286,6.204338622706E-02,
    1.347443775378));
#6143 = B_SPLINE_CURVE_WITH_KNOTS('',1,(#6144,#6145),.UNSPECIFIED.,.F.,
  .F.,(2,2),(2.460465448668E-17,9.532894735203E-03),
  .PIECEWISE_BEZIER_KNOTS.);
#6144 = CARTESIAN_POINT('',(0.971982377286,6.204338622706E-02,
    1.347443775378));
#6145 = CARTESIAN_POINT('',(0.971982377286,5.251049149186E-02,
    1.347443775378));
#6146 = ORIENTED_EDGE('',*,*,#6147,.F.);
#6147 = EDGE_CURVE('',#6148,#6141,#6150,.T.);
#6148 = VERTEX_POINT('',#6149);
#6149 = CARTESIAN_POINT('',(0.977918257595,8.025427989347E-02,
    1.347443775378));
#6150 = B_SPLINE_CURVE_WITH_KNOTS('',3,(#6151,#6152,#6153,#6154),
  .UNSPECIFIED.,.F.,.F.,(4,4),(5.,6.),.PIECEWISE_BEZIER_KNOTS.);
#6151 = CARTESIAN_POINT('',(0.977918257595,8.025427989347E-02,
    1.347443775378));
#6152 = CARTESIAN_POINT('',(0.973950250649,7.564106856585E-02,
    1.347443775378));
#6153 = CARTESIAN_POINT('',(0.971982377286,6.956001727085E-02,
    1.347443775378));
#6154 = CARTESIAN_POINT('',(0.971982377286,6.204338622706E-02,
    1.347443775378));
#6155 = ORIENTED_EDGE('',*,*,#6156,.F.);
#6156 = EDGE_CURVE('',#6157,#6148,#6159,.T.);
#6157 = VERTEX_POINT('',#6158);
#6158 = CARTESIAN_POINT('',(0.995693638304,8.717409688467E-02,
    1.347443775378));
#6159 = B_SPLINE_CURVE_WITH_KNOTS('',3,(#6160,#6161,#6162,#6163),
  .UNSPECIFIED.,.F.,.F.,(4,4),(4.,5.),.PIECEWISE_BEZIER_KNOTS.);
#6160 = CARTESIAN_POINT('',(0.995693638304,8.717409688467E-02,
    1.347443775378));
#6161 = CARTESIAN_POINT('',(0.98782214485,8.717409688467E-02,
    1.347443775378));
#6162 = CARTESIAN_POINT('',(0.981886264541,8.486749122065E-02,
    1.347443775378));
#6163 = CARTESIAN_POINT('',(0.977918257595,8.025427989347E-02,
    1.347443775378));
#6164 = ORIENTED_EDGE('',*,*,#6165,.F.);
#6165 = EDGE_CURVE('',#6166,#6157,#6168,.T.);
#6166 = VERTEX_POINT('',#6167);
#6167 = CARTESIAN_POINT('',(1.014049702956,8.043171109859E-02,
    1.347443775378));
#6168 = B_SPLINE_CURVE_WITH_KNOTS('',3,(#6169,#6170,#6171,#6172),
  .UNSPECIFIED.,.F.,.F.,(4,4),(3.,4.),.PIECEWISE_BEZIER_KNOTS.);
#6169 = CARTESIAN_POINT('',(1.014049702956,8.043171109859E-02,
    1.347443775378));
#6170 = CARTESIAN_POINT('',(1.009694573381,8.493201165915E-02,
    1.347443775378));
#6171 = CARTESIAN_POINT('',(1.003565131757,8.717409688467E-02,
    1.347443775378));
#6172 = CARTESIAN_POINT('',(0.995693638304,8.717409688467E-02,
    1.347443775378));
#6173 = ORIENTED_EDGE('',*,*,#6174,.F.);
#6174 = EDGE_CURVE('',#6175,#6166,#6177,.T.);
#6175 = VERTEX_POINT('',#6176);
#6176 = CARTESIAN_POINT('',(1.020630787646,6.167239370816E-02,
    1.347443775378));
#6177 = B_SPLINE_CURVE_WITH_KNOTS('',3,(#6178,#6179,#6180,#6181),
  .UNSPECIFIED.,.F.,.F.,(4,4),(2.,3.),.PIECEWISE_BEZIER_KNOTS.);
#6178 = CARTESIAN_POINT('',(1.020630787646,6.167239370816E-02,
    1.347443775378));
#6179 = CARTESIAN_POINT('',(1.020630787646,6.968905814742E-02,
    1.347443775378));
#6180 = CARTESIAN_POINT('',(1.018437092749,7.594754064754E-02,
    1.347443775378));
#6181 = CARTESIAN_POINT('',(1.014049702956,8.043171109859E-02,
    1.347443775378));
#6182 = ORIENTED_EDGE('',*,*,#6183,.F.);
#6183 = EDGE_CURVE('',#6134,#6175,#6184,.T.);
#6184 = B_SPLINE_CURVE_WITH_KNOTS('',1,(#6185,#6186),.UNSPECIFIED.,.F.,
  .F.,(2,2),(0.,9.161902216298E-03),.PIECEWISE_BEZIER_KNOTS.);
#6185 = CARTESIAN_POINT('',(1.020630787646,5.251049149186E-02,
    1.347443775378));
#6186 = CARTESIAN_POINT('',(1.020630787646,6.167239370816E-02,
    1.347443775378));
#6187 = B_SPLINE_SURFACE_WITH_KNOTS('',1,1,(
    (#6188,#6189)
    ,(#6190,#6191
    )),.UNSPECIFIED.,.F.,.F.,.F.,(2,2),(2,2),(-2.084816657457E-03,
    6.101617184708E-02),(-3.113917645914E-02,2.02352224128E-02),
  .PIECEWISE_BEZIER_KNOTS.);
#6188 = CARTESIAN_POINT('',(0.964723827995,4.436478617602E-02,
    1.347443775378));
#6189 = CARTESIAN_POINT('',(0.964723827995,9.573918504796E-02,
    1.347443775378));
#6190 = CARTESIAN_POINT('',(1.027824816499,4.436478617602E-02,
    1.347443775378));
#6191 = CARTESIAN_POINT('',(1.027824816499,9.573918504796E-02,
    1.347443775378));
#6192 = ADVANCED_FACE('',(#6193),#6207,.F.);
#6193 = FACE_BOUND('',#6194,.T.);
#6194 = EDGE_LOOP('',(#6195,#6196,#6201,#6202));
#6195 = ORIENTED_EDGE('',*,*,#833,.T.);
#6196 = ORIENTED_EDGE('',*,*,#6197,.F.);
#6197 = EDGE_CURVE('',#6075,#823,#6198,.T.);
#6198 = B_SPLINE_CURVE_WITH_KNOTS('',1,(#6199,#6200),.UNSPECIFIED.,.F.,
  .F.,(2,2),(-0.,8.864761022221E-03),.PIECEWISE_BEZIER_KNOTS.);
#6199 = CARTESIAN_POINT('',(1.027824816499,6.172078403671E-02,
    1.347443775378));
#6200 = CARTESIAN_POINT('',(1.027824816499,6.172078403671E-02,
    1.338579014355));
#6201 = ORIENTED_EDGE('',*,*,#6072,.F.);
#6202 = ORIENTED_EDGE('',*,*,#6203,.T.);
#6203 = EDGE_CURVE('',#6073,#834,#6204,.T.);
#6204 = B_SPLINE_CURVE_WITH_KNOTS('',1,(#6205,#6206),.UNSPECIFIED.,.F.,
  .F.,(2,2),(-0.,8.864761022221E-03),.PIECEWISE_BEZIER_KNOTS.);
#6205 = CARTESIAN_POINT('',(1.027824816499,4.436478617602E-02,
    1.347443775378));
#6206 = CARTESIAN_POINT('',(1.027824816499,4.436478617602E-02,
    1.338579014355));
#6207 = B_SPLINE_SURFACE_WITH_KNOTS('',1,1,(
    (#6208,#6209)
    ,(#6210,#6211
    )),.UNSPECIFIED.,.F.,.F.,.F.,(2,2),(2,2),(-8.864761022221E-03,0.),(
    -1.735599786068E-02,-4.857225732735E-17),.PIECEWISE_BEZIER_KNOTS.);
#6208 = CARTESIAN_POINT('',(1.027824816499,4.436478617602E-02,
    1.338579014355));
#6209 = CARTESIAN_POINT('',(1.027824816499,6.172078403671E-02,
    1.338579014355));
#6210 = CARTESIAN_POINT('',(1.027824816499,4.436478617602E-02,
    1.347443775378));
#6211 = CARTESIAN_POINT('',(1.027824816499,6.172078403671E-02,
    1.347443775378));
#6212 = ADVANCED_FACE('',(#6213),#6223,.F.);
#6213 = FACE_BOUND('',#6214,.F.);
#6214 = EDGE_LOOP('',(#6215,#6216,#6217,#6222));
#6215 = ORIENTED_EDGE('',*,*,#6197,.F.);
#6216 = ORIENTED_EDGE('',*,*,#6081,.T.);
#6217 = ORIENTED_EDGE('',*,*,#6218,.T.);
#6218 = EDGE_CURVE('',#6082,#825,#6219,.T.);
#6219 = B_SPLINE_CURVE_WITH_KNOTS('',1,(#6220,#6221),.UNSPECIFIED.,.F.,
  .F.,(2,2),(-0.,8.864761022221E-03),.PIECEWISE_BEZIER_KNOTS.);
#6220 = CARTESIAN_POINT('',(1.018985516474,8.622242042185E-02,
    1.347443775378));
#6221 = CARTESIAN_POINT('',(1.018985516474,8.622242042185E-02,
    1.338579014355));
#6222 = ORIENTED_EDGE('',*,*,#822,.F.);
#6223 = B_SPLINE_SURFACE_WITH_KNOTS('',3,1,(
    (#6224,#6225)
    ,(#6226,#6227)
    ,(#6228,#6229)
    ,(#6230,#6231
    )),.UNSPECIFIED.,.F.,.F.,.F.,(4,4),(2,2),(5.,6.),(0.,1.),
  .PIECEWISE_BEZIER_KNOTS.);
#6224 = CARTESIAN_POINT('',(1.027824816499,6.172078403671E-02,
    1.347443775378));
#6225 = CARTESIAN_POINT('',(1.027824816499,6.172078403671E-02,
    1.338579014355));
#6226 = CARTESIAN_POINT('',(1.027824816499,7.170532183927E-02,
    1.347443775378));
#6227 = CARTESIAN_POINT('',(1.027824816499,7.170532183927E-02,
    1.338579014355));
#6228 = CARTESIAN_POINT('',(1.024889136564,7.988328737413E-02,
    1.347443775378));
#6229 = CARTESIAN_POINT('',(1.024889136564,7.988328737413E-02,
    1.338579014355));
#6230 = CARTESIAN_POINT('',(1.018985516474,8.622242042185E-02,
    1.347443775378));
#6231 = CARTESIAN_POINT('',(1.018985516474,8.622242042185E-02,
    1.338579014355));
#6232 = ADVANCED_FACE('',(#6233),#6243,.F.);
#6233 = FACE_BOUND('',#6234,.F.);
#6234 = EDGE_LOOP('',(#6235,#6236,#6237,#6242));
#6235 = ORIENTED_EDGE('',*,*,#6218,.F.);
#6236 = ORIENTED_EDGE('',*,*,#6090,.T.);
#6237 = ORIENTED_EDGE('',*,*,#6238,.T.);
#6238 = EDGE_CURVE('',#6091,#864,#6239,.T.);
#6239 = B_SPLINE_CURVE_WITH_KNOTS('',1,(#6240,#6241),.UNSPECIFIED.,.F.,
  .F.,(2,2),(-0.,8.864761022221E-03),.PIECEWISE_BEZIER_KNOTS.);
#6240 = CARTESIAN_POINT('',(0.99546781677,9.573918504796E-02,
    1.347443775378));
#6241 = CARTESIAN_POINT('',(0.99546781677,9.573918504796E-02,
    1.338579014355));
#6242 = ORIENTED_EDGE('',*,*,#872,.F.);
#6243 = B_SPLINE_SURFACE_WITH_KNOTS('',3,1,(
    (#6244,#6245)
    ,(#6246,#6247)
    ,(#6248,#6249)
    ,(#6250,#6251
    )),.UNSPECIFIED.,.F.,.F.,.F.,(4,4),(2,2),(4.,5.),(0.,1.),
  .PIECEWISE_BEZIER_KNOTS.);
#6244 = CARTESIAN_POINT('',(1.018985516474,8.622242042185E-02,
    1.347443775378));
#6245 = CARTESIAN_POINT('',(1.018985516474,8.622242042185E-02,
    1.338579014355));
#6246 = CARTESIAN_POINT('',(1.013081896383,9.256155346956E-02,
    1.347443775378));
#6247 = CARTESIAN_POINT('',(1.013081896383,9.256155346956E-02,
    1.338579014355));
#6248 = CARTESIAN_POINT('',(1.005242663149,9.573918504796E-02,
    1.347443775378));
#6249 = CARTESIAN_POINT('',(1.005242663149,9.573918504796E-02,
    1.338579014355));
#6250 = CARTESIAN_POINT('',(0.99546781677,9.573918504796E-02,
    1.347443775378));
#6251 = CARTESIAN_POINT('',(0.99546781677,9.573918504796E-02,
    1.338579014355));
#6252 = ADVANCED_FACE('',(#6253),#6263,.F.);
#6253 = FACE_BOUND('',#6254,.F.);
#6254 = EDGE_LOOP('',(#6255,#6256,#6257,#6262));
#6255 = ORIENTED_EDGE('',*,*,#6238,.F.);
#6256 = ORIENTED_EDGE('',*,*,#6099,.T.);
#6257 = ORIENTED_EDGE('',*,*,#6258,.T.);
#6258 = EDGE_CURVE('',#6100,#855,#6259,.T.);
#6259 = B_SPLINE_CURVE_WITH_KNOTS('',1,(#6260,#6261),.UNSPECIFIED.,.F.,
  .F.,(2,2),(-0.,8.864761022221E-03),.PIECEWISE_BEZIER_KNOTS.);
#6260 = CARTESIAN_POINT('',(0.973079224734,8.622242042185E-02,
    1.347443775378));
#6261 = CARTESIAN_POINT('',(0.973079224734,8.622242042185E-02,
    1.338579014355));
#6262 = ORIENTED_EDGE('',*,*,#863,.F.);
#6263 = B_SPLINE_SURFACE_WITH_KNOTS('',3,1,(
    (#6264,#6265)
    ,(#6266,#6267)
    ,(#6268,#6269)
    ,(#6270,#6271
    )),.UNSPECIFIED.,.F.,.F.,.F.,(4,4),(2,2),(3.,4.),(0.,1.),
  .PIECEWISE_BEZIER_KNOTS.);
#6264 = CARTESIAN_POINT('',(0.99546781677,9.573918504796E-02,
    1.347443775378));
#6265 = CARTESIAN_POINT('',(0.99546781677,9.573918504796E-02,
    1.338579014355));
#6266 = CARTESIAN_POINT('',(0.98611235324,9.573918504796E-02,
    1.347443775378));
#6267 = CARTESIAN_POINT('',(0.98611235324,9.573918504796E-02,
    1.338579014355));
#6268 = CARTESIAN_POINT('',(0.978660242634,9.256155346956E-02,
    1.347443775378));
#6269 = CARTESIAN_POINT('',(0.978660242634,9.256155346956E-02,
    1.338579014355));
#6270 = CARTESIAN_POINT('',(0.973079224734,8.622242042185E-02,
    1.347443775378));
#6271 = CARTESIAN_POINT('',(0.973079224734,8.622242042185E-02,
    1.338579014355));
#6272 = ADVANCED_FACE('',(#6273),#6283,.F.);
#6273 = FACE_BOUND('',#6274,.F.);
#6274 = EDGE_LOOP('',(#6275,#6276,#6277,#6282));
#6275 = ORIENTED_EDGE('',*,*,#6258,.F.);
#6276 = ORIENTED_EDGE('',*,*,#6108,.T.);
#6277 = ORIENTED_EDGE('',*,*,#6278,.T.);
#6278 = EDGE_CURVE('',#6109,#848,#6279,.T.);
#6279 = B_SPLINE_CURVE_WITH_KNOTS('',1,(#6280,#6281),.UNSPECIFIED.,.F.,
  .F.,(2,2),(-0.,8.864761022221E-03),.PIECEWISE_BEZIER_KNOTS.);
#6280 = CARTESIAN_POINT('',(0.964723827995,6.236598841827E-02,
    1.347443775378));
#6281 = CARTESIAN_POINT('',(0.964723827995,6.236598841827E-02,
    1.338579014355));
#6282 = ORIENTED_EDGE('',*,*,#854,.F.);
#6283 = B_SPLINE_SURFACE_WITH_KNOTS('',3,1,(
    (#6284,#6285)
    ,(#6286,#6287)
    ,(#6288,#6289)
    ,(#6290,#6291
    )),.UNSPECIFIED.,.F.,.F.,.F.,(4,4),(2,2),(2.,3.),(0.,1.),
  .PIECEWISE_BEZIER_KNOTS.);
#6284 = CARTESIAN_POINT('',(0.973079224734,8.622242042185E-02,
    1.347443775378));
#6285 = CARTESIAN_POINT('',(0.973079224734,8.622242042185E-02,
    1.338579014355));
#6286 = CARTESIAN_POINT('',(0.967498206835,7.988328737413E-02,
    1.347443775378));
#6287 = CARTESIAN_POINT('',(0.967498206835,7.988328737413E-02,
    1.338579014355));
#6288 = CARTESIAN_POINT('',(0.964723827995,7.193114337294E-02,
    1.347443775378));
#6289 = CARTESIAN_POINT('',(0.964723827995,7.193114337294E-02,
    1.338579014355));
#6290 = CARTESIAN_POINT('',(0.964723827995,6.236598841827E-02,
    1.347443775378));
#6291 = CARTESIAN_POINT('',(0.964723827995,6.236598841827E-02,
    1.338579014355));
#6292 = ADVANCED_FACE('',(#6293),#6303,.F.);
#6293 = FACE_BOUND('',#6294,.T.);
#6294 = EDGE_LOOP('',(#6295,#6296,#6301,#6302));
#6295 = ORIENTED_EDGE('',*,*,#847,.T.);
#6296 = ORIENTED_EDGE('',*,*,#6297,.F.);
#6297 = EDGE_CURVE('',#6118,#841,#6298,.T.);
#6298 = B_SPLINE_CURVE_WITH_KNOTS('',1,(#6299,#6300),.UNSPECIFIED.,.F.,
  .F.,(2,2),(-0.,8.864761022221E-03),.PIECEWISE_BEZIER_KNOTS.);
#6299 = CARTESIAN_POINT('',(0.964723827995,4.436478617602E-02,
    1.347443775378));
#6300 = CARTESIAN_POINT('',(0.964723827995,4.436478617602E-02,
    1.338579014355));
#6301 = ORIENTED_EDGE('',*,*,#6117,.F.);
#6302 = ORIENTED_EDGE('',*,*,#6278,.T.);
#6303 = B_SPLINE_SURFACE_WITH_KNOTS('',1,1,(
    (#6304,#6305)
    ,(#6306,#6307
    )),.UNSPECIFIED.,.F.,.F.,.F.,(2,2),(2,2),(0.,8.864761022221E-03),(0.
    ,1.800120224225E-02),.PIECEWISE_BEZIER_KNOTS.);
#6304 = CARTESIAN_POINT('',(0.964723827995,4.436478617602E-02,
    1.347443775378));
#6305 = CARTESIAN_POINT('',(0.964723827995,6.236598841827E-02,
    1.347443775378));
#6306 = CARTESIAN_POINT('',(0.964723827995,4.436478617602E-02,
    1.338579014355));
#6307 = CARTESIAN_POINT('',(0.964723827995,6.236598841827E-02,
    1.338579014355));
#6308 = ADVANCED_FACE('',(#6309),#6315,.F.);
#6309 = FACE_BOUND('',#6310,.T.);
#6310 = EDGE_LOOP('',(#6311,#6312,#6313,#6314));
#6311 = ORIENTED_EDGE('',*,*,#840,.T.);
#6312 = ORIENTED_EDGE('',*,*,#6203,.F.);
#6313 = ORIENTED_EDGE('',*,*,#6124,.F.);
#6314 = ORIENTED_EDGE('',*,*,#6297,.T.);
#6315 = B_SPLINE_SURFACE_WITH_KNOTS('',1,1,(
    (#6316,#6317)
    ,(#6318,#6319
    )),.UNSPECIFIED.,.F.,.F.,.F.,(2,2),(2,2),(-0.,6.310098850454E-02),(
    -8.864761022221E-03,0.),.PIECEWISE_BEZIER_KNOTS.);
#6316 = CARTESIAN_POINT('',(1.027824816499,4.436478617602E-02,
    1.338579014355));
#6317 = CARTESIAN_POINT('',(1.027824816499,4.436478617602E-02,
    1.347443775378));
#6318 = CARTESIAN_POINT('',(0.964723827995,4.436478617602E-02,
    1.338579014355));
#6319 = CARTESIAN_POINT('',(0.964723827995,4.436478617602E-02,
    1.347443775378));
#6320 = ADVANCED_FACE('',(#6321),#6343,.T.);
#6321 = FACE_BOUND('',#6322,.T.);
#6322 = EDGE_LOOP('',(#6323,#6332,#6337,#6338));
#6323 = ORIENTED_EDGE('',*,*,#6324,.F.);
#6324 = EDGE_CURVE('',#6325,#6327,#6329,.T.);
#6325 = VERTEX_POINT('',#6326);
#6326 = CARTESIAN_POINT('',(0.971982377286,6.204338622706E-02,
    1.338579014355));
#6327 = VERTEX_POINT('',#6328);
#6328 = CARTESIAN_POINT('',(0.971982377286,5.251049149186E-02,
    1.338579014355));
#6329 = B_SPLINE_CURVE_WITH_KNOTS('',1,(#6330,#6331),.UNSPECIFIED.,.F.,
  .F.,(2,2),(2.460465448668E-17,9.532894735203E-03),
  .PIECEWISE_BEZIER_KNOTS.);
#6330 = CARTESIAN_POINT('',(0.971982377286,6.204338622706E-02,
    1.338579014355));
#6331 = CARTESIAN_POINT('',(0.971982377286,5.251049149186E-02,
    1.338579014355));
#6332 = ORIENTED_EDGE('',*,*,#6333,.F.);
#6333 = EDGE_CURVE('',#6141,#6325,#6334,.T.);
#6334 = B_SPLINE_CURVE_WITH_KNOTS('',1,(#6335,#6336),.UNSPECIFIED.,.F.,
  .F.,(2,2),(-0.,8.864761022221E-03),.PIECEWISE_BEZIER_KNOTS.);
#6335 = CARTESIAN_POINT('',(0.971982377286,6.204338622706E-02,
    1.347443775378));
#6336 = CARTESIAN_POINT('',(0.971982377286,6.204338622706E-02,
    1.338579014355));
#6337 = ORIENTED_EDGE('',*,*,#6140,.T.);
#6338 = ORIENTED_EDGE('',*,*,#6339,.T.);
#6339 = EDGE_CURVE('',#6132,#6327,#6340,.T.);
#6340 = B_SPLINE_CURVE_WITH_KNOTS('',1,(#6341,#6342),.UNSPECIFIED.,.F.,
  .F.,(2,2),(-0.,8.864761022221E-03),.PIECEWISE_BEZIER_KNOTS.);
#6341 = CARTESIAN_POINT('',(0.971982377286,5.251049149186E-02,
    1.347443775378));
#6342 = CARTESIAN_POINT('',(0.971982377286,5.251049149186E-02,
    1.338579014355));
#6343 = B_SPLINE_SURFACE_WITH_KNOTS('',1,1,(
    (#6344,#6345)
    ,(#6346,#6347
    )),.UNSPECIFIED.,.F.,.F.,.F.,(2,2),(2,2),(-9.532894735203E-03,
    -2.460465448668E-17),(-8.864761022221E-03,0.),
  .PIECEWISE_BEZIER_KNOTS.);
#6344 = CARTESIAN_POINT('',(0.971982377286,5.251049149186E-02,
    1.338579014355));
#6345 = CARTESIAN_POINT('',(0.971982377286,5.251049149186E-02,
    1.347443775378));
#6346 = CARTESIAN_POINT('',(0.971982377286,6.204338622706E-02,
    1.338579014355));
#6347 = CARTESIAN_POINT('',(0.971982377286,6.204338622706E-02,
    1.347443775378));
#6348 = ADVANCED_FACE('',(#6349),#6365,.T.);
#6349 = FACE_BOUND('',#6350,.T.);
#6350 = EDGE_LOOP('',(#6351,#6358,#6359,#6360));
#6351 = ORIENTED_EDGE('',*,*,#6352,.F.);
#6352 = EDGE_CURVE('',#6327,#6353,#6355,.T.);
#6353 = VERTEX_POINT('',#6354);
#6354 = CARTESIAN_POINT('',(1.020630787646,5.251049149186E-02,
    1.338579014355));
#6355 = B_SPLINE_CURVE_WITH_KNOTS('',1,(#6356,#6357),.UNSPECIFIED.,.F.,
  .F.,(2,2),(0.,4.864841036046E-02),.PIECEWISE_BEZIER_KNOTS.);
#6356 = CARTESIAN_POINT('',(0.971982377286,5.251049149186E-02,
    1.338579014355));
#6357 = CARTESIAN_POINT('',(1.020630787646,5.251049149186E-02,
    1.338579014355));
#6358 = ORIENTED_EDGE('',*,*,#6339,.F.);
#6359 = ORIENTED_EDGE('',*,*,#6131,.T.);
#6360 = ORIENTED_EDGE('',*,*,#6361,.T.);
#6361 = EDGE_CURVE('',#6134,#6353,#6362,.T.);
#6362 = B_SPLINE_CURVE_WITH_KNOTS('',1,(#6363,#6364),.UNSPECIFIED.,.F.,
  .F.,(2,2),(-0.,8.864761022221E-03),.PIECEWISE_BEZIER_KNOTS.);
#6363 = CARTESIAN_POINT('',(1.020630787646,5.251049149186E-02,
    1.347443775378));
#6364 = CARTESIAN_POINT('',(1.020630787646,5.251049149186E-02,
    1.338579014355));
#6365 = B_SPLINE_SURFACE_WITH_KNOTS('',1,1,(
    (#6366,#6367)
    ,(#6368,#6369
    )),.UNSPECIFIED.,.F.,.F.,.F.,(2,2),(2,2),(-4.864841036046E-02,0.),(
    -8.864761022221E-03,0.),.PIECEWISE_BEZIER_KNOTS.);
#6366 = CARTESIAN_POINT('',(1.020630787646,5.251049149186E-02,
    1.338579014355));
#6367 = CARTESIAN_POINT('',(1.020630787646,5.251049149186E-02,
    1.347443775378));
#6368 = CARTESIAN_POINT('',(0.971982377286,5.251049149186E-02,
    1.338579014355));
#6369 = CARTESIAN_POINT('',(0.971982377286,5.251049149186E-02,
    1.347443775378));
#6370 = ADVANCED_FACE('',(#6371),#6387,.T.);
#6371 = FACE_BOUND('',#6372,.T.);
#6372 = EDGE_LOOP('',(#6373,#6380,#6381,#6382));
#6373 = ORIENTED_EDGE('',*,*,#6374,.F.);
#6374 = EDGE_CURVE('',#6353,#6375,#6377,.T.);
#6375 = VERTEX_POINT('',#6376);
#6376 = CARTESIAN_POINT('',(1.020630787646,6.167239370816E-02,
    1.338579014355));
#6377 = B_SPLINE_CURVE_WITH_KNOTS('',1,(#6378,#6379),.UNSPECIFIED.,.F.,
  .F.,(2,2),(0.,9.161902216298E-03),.PIECEWISE_BEZIER_KNOTS.);
#6378 = CARTESIAN_POINT('',(1.020630787646,5.251049149186E-02,
    1.338579014355));
#6379 = CARTESIAN_POINT('',(1.020630787646,6.167239370816E-02,
    1.338579014355));
#6380 = ORIENTED_EDGE('',*,*,#6361,.F.);
#6381 = ORIENTED_EDGE('',*,*,#6183,.T.);
#6382 = ORIENTED_EDGE('',*,*,#6383,.T.);
#6383 = EDGE_CURVE('',#6175,#6375,#6384,.T.);
#6384 = B_SPLINE_CURVE_WITH_KNOTS('',1,(#6385,#6386),.UNSPECIFIED.,.F.,
  .F.,(2,2),(-0.,8.864761022221E-03),.PIECEWISE_BEZIER_KNOTS.);
#6385 = CARTESIAN_POINT('',(1.020630787646,6.167239370816E-02,
    1.347443775378));
#6386 = CARTESIAN_POINT('',(1.020630787646,6.167239370816E-02,
    1.338579014355));
#6387 = B_SPLINE_SURFACE_WITH_KNOTS('',1,1,(
    (#6388,#6389)
    ,(#6390,#6391
    )),.UNSPECIFIED.,.F.,.F.,.F.,(2,2),(2,2),(-8.864761022221E-03,0.),(
    0.,9.161902216298E-03),.PIECEWISE_BEZIER_KNOTS.);
#6388 = CARTESIAN_POINT('',(1.020630787646,5.251049149186E-02,
    1.338579014355));
#6389 = CARTESIAN_POINT('',(1.020630787646,6.167239370816E-02,
    1.338579014355));
#6390 = CARTESIAN_POINT('',(1.020630787646,5.251049149186E-02,
    1.347443775378));
#6391 = CARTESIAN_POINT('',(1.020630787646,6.167239370816E-02,
    1.347443775378));
#6392 = ADVANCED_FACE('',(#6393),#6411,.T.);
#6393 = FACE_BOUND('',#6394,.T.);
#6394 = EDGE_LOOP('',(#6395,#6404,#6405,#6406));
#6395 = ORIENTED_EDGE('',*,*,#6396,.F.);
#6396 = EDGE_CURVE('',#6375,#6397,#6399,.T.);
#6397 = VERTEX_POINT('',#6398);
#6398 = CARTESIAN_POINT('',(1.014049702956,8.043171109859E-02,
    1.338579014355));
#6399 = B_SPLINE_CURVE_WITH_KNOTS('',3,(#6400,#6401,#6402,#6403),
  .UNSPECIFIED.,.F.,.F.,(4,4),(2.,3.),.PIECEWISE_BEZIER_KNOTS.);
#6400 = CARTESIAN_POINT('',(1.020630787646,6.167239370816E-02,
    1.338579014355));
#6401 = CARTESIAN_POINT('',(1.020630787646,6.968905814742E-02,
    1.338579014355));
#6402 = CARTESIAN_POINT('',(1.018437092749,7.594754064754E-02,
    1.338579014355));
#6403 = CARTESIAN_POINT('',(1.014049702956,8.043171109859E-02,
    1.338579014355));
#6404 = ORIENTED_EDGE('',*,*,#6383,.F.);
#6405 = ORIENTED_EDGE('',*,*,#6174,.T.);
#6406 = ORIENTED_EDGE('',*,*,#6407,.T.);
#6407 = EDGE_CURVE('',#6166,#6397,#6408,.T.);
#6408 = B_SPLINE_CURVE_WITH_KNOTS('',1,(#6409,#6410),.UNSPECIFIED.,.F.,
  .F.,(2,2),(-0.,8.864761022221E-03),.PIECEWISE_BEZIER_KNOTS.);
#6409 = CARTESIAN_POINT('',(1.014049702956,8.043171109859E-02,
    1.347443775378));
#6410 = CARTESIAN_POINT('',(1.014049702956,8.043171109859E-02,
    1.338579014355));
#6411 = B_SPLINE_SURFACE_WITH_KNOTS('',3,1,(
    (#6412,#6413)
    ,(#6414,#6415)
    ,(#6416,#6417)
    ,(#6418,#6419
    )),.UNSPECIFIED.,.F.,.F.,.F.,(4,4),(2,2),(2.,3.),(0.,1.),
  .PIECEWISE_BEZIER_KNOTS.);
#6412 = CARTESIAN_POINT('',(1.020630787646,6.167239370816E-02,
    1.347443775378));
#6413 = CARTESIAN_POINT('',(1.020630787646,6.167239370816E-02,
    1.338579014355));
#6414 = CARTESIAN_POINT('',(1.020630787646,6.968905814742E-02,
    1.347443775378));
#6415 = CARTESIAN_POINT('',(1.020630787646,6.968905814742E-02,
    1.338579014355));
#6416 = CARTESIAN_POINT('',(1.018437092749,7.594754064754E-02,
    1.347443775378));
#6417 = CARTESIAN_POINT('',(1.018437092749,7.594754064754E-02,
    1.338579014355));
#6418 = CARTESIAN_POINT('',(1.014049702956,8.043171109859E-02,
    1.347443775378));
#6419 = CARTESIAN_POINT('',(1.014049702956,8.043171109859E-02,
    1.338579014355));
#6420 = ADVANCED_FACE('',(#6421),#6439,.T.);
#6421 = FACE_BOUND('',#6422,.T.);
#6422 = EDGE_LOOP('',(#6423,#6432,#6433,#6434));
#6423 = ORIENTED_EDGE('',*,*,#6424,.F.);
#6424 = EDGE_CURVE('',#6397,#6425,#6427,.T.);
#6425 = VERTEX_POINT('',#6426);
#6426 = CARTESIAN_POINT('',(0.995693638304,8.717409688467E-02,
    1.338579014355));
#6427 = B_SPLINE_CURVE_WITH_KNOTS('',3,(#6428,#6429,#6430,#6431),
  .UNSPECIFIED.,.F.,.F.,(4,4),(3.,4.),.PIECEWISE_BEZIER_KNOTS.);
#6428 = CARTESIAN_POINT('',(1.014049702956,8.043171109859E-02,
    1.338579014355));
#6429 = CARTESIAN_POINT('',(1.009694573381,8.493201165915E-02,
    1.338579014355));
#6430 = CARTESIAN_POINT('',(1.003565131757,8.717409688467E-02,
    1.338579014355));
#6431 = CARTESIAN_POINT('',(0.995693638304,8.717409688467E-02,
    1.338579014355));
#6432 = ORIENTED_EDGE('',*,*,#6407,.F.);
#6433 = ORIENTED_EDGE('',*,*,#6165,.T.);
#6434 = ORIENTED_EDGE('',*,*,#6435,.T.);
#6435 = EDGE_CURVE('',#6157,#6425,#6436,.T.);
#6436 = B_SPLINE_CURVE_WITH_KNOTS('',1,(#6437,#6438),.UNSPECIFIED.,.F.,
  .F.,(2,2),(-0.,8.864761022221E-03),.PIECEWISE_BEZIER_KNOTS.);
#6437 = CARTESIAN_POINT('',(0.995693638304,8.717409688467E-02,
    1.347443775378));
#6438 = CARTESIAN_POINT('',(0.995693638304,8.717409688467E-02,
    1.338579014355));
#6439 = B_SPLINE_SURFACE_WITH_KNOTS('',3,1,(
    (#6440,#6441)
    ,(#6442,#6443)
    ,(#6444,#6445)
    ,(#6446,#6447
    )),.UNSPECIFIED.,.F.,.F.,.F.,(4,4),(2,2),(3.,4.),(0.,1.),
  .PIECEWISE_BEZIER_KNOTS.);
#6440 = CARTESIAN_POINT('',(1.014049702956,8.043171109859E-02,
    1.347443775378));
#6441 = CARTESIAN_POINT('',(1.014049702956,8.043171109859E-02,
    1.338579014355));
#6442 = CARTESIAN_POINT('',(1.009694573381,8.493201165915E-02,
    1.347443775378));
#6443 = CARTESIAN_POINT('',(1.009694573381,8.493201165915E-02,
    1.338579014355));
#6444 = CARTESIAN_POINT('',(1.003565131757,8.717409688467E-02,
    1.347443775378));
#6445 = CARTESIAN_POINT('',(1.003565131757,8.717409688467E-02,
    1.338579014355));
#6446 = CARTESIAN_POINT('',(0.995693638304,8.717409688467E-02,
    1.347443775378));
#6447 = CARTESIAN_POINT('',(0.995693638304,8.717409688467E-02,
    1.338579014355));
#6448 = ADVANCED_FACE('',(#6449),#6467,.T.);
#6449 = FACE_BOUND('',#6450,.T.);
#6450 = EDGE_LOOP('',(#6451,#6460,#6461,#6462));
#6451 = ORIENTED_EDGE('',*,*,#6452,.F.);
#6452 = EDGE_CURVE('',#6425,#6453,#6455,.T.);
#6453 = VERTEX_POINT('',#6454);
#6454 = CARTESIAN_POINT('',(0.977918257595,8.025427989347E-02,
    1.338579014355));
#6455 = B_SPLINE_CURVE_WITH_KNOTS('',3,(#6456,#6457,#6458,#6459),
  .UNSPECIFIED.,.F.,.F.,(4,4),(4.,5.),.PIECEWISE_BEZIER_KNOTS.);
#6456 = CARTESIAN_POINT('',(0.995693638304,8.717409688467E-02,
    1.338579014355));
#6457 = CARTESIAN_POINT('',(0.98782214485,8.717409688467E-02,
    1.338579014355));
#6458 = CARTESIAN_POINT('',(0.981886264541,8.486749122065E-02,
    1.338579014355));
#6459 = CARTESIAN_POINT('',(0.977918257595,8.025427989347E-02,
    1.338579014355));
#6460 = ORIENTED_EDGE('',*,*,#6435,.F.);
#6461 = ORIENTED_EDGE('',*,*,#6156,.T.);
#6462 = ORIENTED_EDGE('',*,*,#6463,.T.);
#6463 = EDGE_CURVE('',#6148,#6453,#6464,.T.);
#6464 = B_SPLINE_CURVE_WITH_KNOTS('',1,(#6465,#6466),.UNSPECIFIED.,.F.,
  .F.,(2,2),(-0.,8.864761022221E-03),.PIECEWISE_BEZIER_KNOTS.);
#6465 = CARTESIAN_POINT('',(0.977918257595,8.025427989347E-02,
    1.347443775378));
#6466 = CARTESIAN_POINT('',(0.977918257595,8.025427989347E-02,
    1.338579014355));
#6467 = B_SPLINE_SURFACE_WITH_KNOTS('',3,1,(
    (#6468,#6469)
    ,(#6470,#6471)
    ,(#6472,#6473)
    ,(#6474,#6475
    )),.UNSPECIFIED.,.F.,.F.,.F.,(4,4),(2,2),(4.,5.),(0.,1.),
  .PIECEWISE_BEZIER_KNOTS.);
#6468 = CARTESIAN_POINT('',(0.995693638304,8.717409688467E-02,
    1.347443775378));
#6469 = CARTESIAN_POINT('',(0.995693638304,8.717409688467E-02,
    1.338579014355));
#6470 = CARTESIAN_POINT('',(0.98782214485,8.717409688467E-02,
    1.347443775378));
#6471 = CARTESIAN_POINT('',(0.98782214485,8.717409688467E-02,
    1.338579014355));
#6472 = CARTESIAN_POINT('',(0.981886264541,8.486749122065E-02,
    1.347443775378));
#6473 = CARTESIAN_POINT('',(0.981886264541,8.486749122065E-02,
    1.338579014355));
#6474 = CARTESIAN_POINT('',(0.977918257595,8.025427989347E-02,
    1.347443775378));
#6475 = CARTESIAN_POINT('',(0.977918257595,8.025427989347E-02,
    1.338579014355));
#6476 = ADVANCED_FACE('',(#6477),#6489,.T.);
#6477 = FACE_BOUND('',#6478,.T.);
#6478 = EDGE_LOOP('',(#6479,#6486,#6487,#6488));
#6479 = ORIENTED_EDGE('',*,*,#6480,.F.);
#6480 = EDGE_CURVE('',#6453,#6325,#6481,.T.);
#6481 = B_SPLINE_CURVE_WITH_KNOTS('',3,(#6482,#6483,#6484,#6485),
  .UNSPECIFIED.,.F.,.F.,(4,4),(5.,6.),.PIECEWISE_BEZIER_KNOTS.);
#6482 = CARTESIAN_POINT('',(0.977918257595,8.025427989347E-02,
    1.338579014355));
#6483 = CARTESIAN_POINT('',(0.973950250649,7.564106856585E-02,
    1.338579014355));
#6484 = CARTESIAN_POINT('',(0.971982377286,6.956001727085E-02,
    1.338579014355));
#6485 = CARTESIAN_POINT('',(0.971982377286,6.204338622706E-02,
    1.338579014355));
#6486 = ORIENTED_EDGE('',*,*,#6463,.F.);
#6487 = ORIENTED_EDGE('',*,*,#6147,.T.);
#6488 = ORIENTED_EDGE('',*,*,#6333,.T.);
#6489 = B_SPLINE_SURFACE_WITH_KNOTS('',3,1,(
    (#6490,#6491)
    ,(#6492,#6493)
    ,(#6494,#6495)
    ,(#6496,#6497
    )),.UNSPECIFIED.,.F.,.F.,.F.,(4,4),(2,2),(5.,6.),(0.,1.),
  .PIECEWISE_BEZIER_KNOTS.);
#6490 = CARTESIAN_POINT('',(0.977918257595,8.025427989347E-02,
    1.347443775378));
#6491 = CARTESIAN_POINT('',(0.977918257595,8.025427989347E-02,
    1.338579014355));
#6492 = CARTESIAN_POINT('',(0.973950250649,7.564106856585E-02,
    1.347443775378));
#6493 = CARTESIAN_POINT('',(0.973950250649,7.564106856585E-02,
    1.338579014355));
#6494 = CARTESIAN_POINT('',(0.971982377286,6.956001727085E-02,
    1.347443775378));
#6495 = CARTESIAN_POINT('',(0.971982377286,6.956001727085E-02,
    1.338579014355));
#6496 = CARTESIAN_POINT('',(0.971982377286,6.204338622706E-02,
    1.347443775378));
#6497 = CARTESIAN_POINT('',(0.971982377286,6.204338622706E-02,
    1.338579014355));
#6498 = ADVANCED_FACE('',(#6499),#6508,.T.);
#6499 = FACE_BOUND('',#6500,.T.);
#6500 = EDGE_LOOP('',(#6501,#6502,#6503,#6504,#6505,#6506,#6507));
#6501 = ORIENTED_EDGE('',*,*,#6324,.T.);
#6502 = ORIENTED_EDGE('',*,*,#6352,.T.);
#6503 = ORIENTED_EDGE('',*,*,#6374,.T.);
#6504 = ORIENTED_EDGE('',*,*,#6396,.T.);
#6505 = ORIENTED_EDGE('',*,*,#6424,.T.);
#6506 = ORIENTED_EDGE('',*,*,#6452,.T.);
#6507 = ORIENTED_EDGE('',*,*,#6480,.T.);
#6508 = B_SPLINE_SURFACE_WITH_KNOTS('',1,1,(
    (#6509,#6510)
    ,(#6511,#6512
    )),.UNSPECIFIED.,.F.,.F.,.F.,(2,2),(2,2),(0.971982377286,
    1.020630787646),(5.251049149195E-02,8.717409688476E-02),
  .PIECEWISE_BEZIER_KNOTS.);
#6509 = CARTESIAN_POINT('',(0.971982377286,5.251049149186E-02,
    1.338579014355));
#6510 = CARTESIAN_POINT('',(0.971982377286,8.717409688467E-02,
    1.338579014355));
#6511 = CARTESIAN_POINT('',(1.020630787646,5.251049149186E-02,
    1.338579014355));
#6512 = CARTESIAN_POINT('',(1.020630787646,8.717409688467E-02,
    1.338579014355));
#6513 = ADVANCED_FACE('',(#6514,#6572),#6620,.F.);
#6514 = FACE_BOUND('',#6515,.T.);
#6515 = EDGE_LOOP('',(#6516,#6525,#6532,#6539,#6546,#6553,#6560,#6567));
#6516 = ORIENTED_EDGE('',*,*,#6517,.T.);
#6517 = EDGE_CURVE('',#6518,#6520,#6522,.T.);
#6518 = VERTEX_POINT('',#6519);
#6519 = CARTESIAN_POINT('',(1.027824816499,0.156017404384,1.347443775378
    ));
#6520 = VERTEX_POINT('',#6521);
#6521 = CARTESIAN_POINT('',(0.964723827995,0.131983541175,1.347443775378
    ));
#6522 = B_SPLINE_CURVE_WITH_KNOTS('',1,(#6523,#6524),.UNSPECIFIED.,.F.,
  .F.,(2,2),(-6.752304296301E-02,-0.),.PIECEWISE_BEZIER_KNOTS.);
#6523 = CARTESIAN_POINT('',(1.027824816499,0.156017404384,1.347443775378
    ));
#6524 = CARTESIAN_POINT('',(0.964723827995,0.131983541175,1.347443775378
    ));
#6525 = ORIENTED_EDGE('',*,*,#6526,.T.);
#6526 = EDGE_CURVE('',#6520,#6527,#6529,.T.);
#6527 = VERTEX_POINT('',#6528);
#6528 = CARTESIAN_POINT('',(0.964723827995,0.123273282026,1.347443775378
    ));
#6529 = B_SPLINE_CURVE_WITH_KNOTS('',1,(#6530,#6531),.UNSPECIFIED.,.F.,
  .F.,(2,2),(-8.710259149378E-03,-0.),.PIECEWISE_BEZIER_KNOTS.);
#6530 = CARTESIAN_POINT('',(0.964723827995,0.131983541175,1.347443775378
    ));
#6531 = CARTESIAN_POINT('',(0.964723827995,0.123273282026,1.347443775378
    ));
#6532 = ORIENTED_EDGE('',*,*,#6533,.T.);
#6533 = EDGE_CURVE('',#6527,#6534,#6536,.T.);
#6534 = VERTEX_POINT('',#6535);
#6535 = CARTESIAN_POINT('',(1.027824816499,9.923941881758E-02,
    1.347443775378));
#6536 = B_SPLINE_CURVE_WITH_KNOTS('',1,(#6537,#6538),.UNSPECIFIED.,.F.,
  .F.,(2,2),(-6.752304296286E-02,0.),.PIECEWISE_BEZIER_KNOTS.);
#6537 = CARTESIAN_POINT('',(0.964723827995,0.123273282026,1.347443775378
    ));
#6538 = CARTESIAN_POINT('',(1.027824816499,9.923941881758E-02,
    1.347443775378));
#6539 = ORIENTED_EDGE('',*,*,#6540,.T.);
#6540 = EDGE_CURVE('',#6534,#6541,#6543,.T.);
#6541 = VERTEX_POINT('',#6542);
#6542 = CARTESIAN_POINT('',(1.027824816499,0.108240019938,1.347443775378
    ));
#6543 = B_SPLINE_CURVE_WITH_KNOTS('',1,(#6544,#6545),.UNSPECIFIED.,.F.,
  .F.,(2,2),(-9.000601120693E-03,0.),.PIECEWISE_BEZIER_KNOTS.);
#6544 = CARTESIAN_POINT('',(1.027824816499,9.923941881758E-02,
    1.347443775378));
#6545 = CARTESIAN_POINT('',(1.027824816499,0.108240019938,1.347443775378
    ));
#6546 = ORIENTED_EDGE('',*,*,#6547,.T.);
#6547 = EDGE_CURVE('',#6541,#6548,#6550,.T.);
#6548 = VERTEX_POINT('',#6549);
#6549 = CARTESIAN_POINT('',(1.010565599296,0.114304941124,1.347443775378
    ));
#6550 = B_SPLINE_CURVE_WITH_KNOTS('',1,(#6551,#6552),.UNSPECIFIED.,.F.,
  .F.,(2,2),(-1.82938199255E-02,0.),.PIECEWISE_BEZIER_KNOTS.);
#6551 = CARTESIAN_POINT('',(1.027824816499,0.108240019938,1.347443775378
    ));
#6552 = CARTESIAN_POINT('',(1.010565599296,0.114304941124,1.347443775378
    ));
#6553 = ORIENTED_EDGE('',*,*,#6554,.T.);
#6554 = EDGE_CURVE('',#6548,#6555,#6557,.T.);
#6555 = VERTEX_POINT('',#6556);
#6556 = CARTESIAN_POINT('',(1.010565599296,0.140580889558,1.347443775378
    ));
#6557 = B_SPLINE_CURVE_WITH_KNOTS('',1,(#6558,#6559),.UNSPECIFIED.,.F.,
  .F.,(2,2),(-2.627594843422E-02,0.),.PIECEWISE_BEZIER_KNOTS.);
#6558 = CARTESIAN_POINT('',(1.010565599296,0.114304941124,1.347443775378
    ));
#6559 = CARTESIAN_POINT('',(1.010565599296,0.140580889558,1.347443775378
    ));
#6560 = ORIENTED_EDGE('',*,*,#6561,.T.);
#6561 = EDGE_CURVE('',#6555,#6562,#6564,.T.);
#6562 = VERTEX_POINT('',#6563);
#6563 = CARTESIAN_POINT('',(1.027824816499,0.147016803263,1.347443775378
    ));
#6564 = B_SPLINE_CURVE_WITH_KNOTS('',1,(#6565,#6566),.UNSPECIFIED.,.F.,
  .F.,(2,2),(-1.842014016494E-02,0.),.PIECEWISE_BEZIER_KNOTS.);
#6565 = CARTESIAN_POINT('',(1.010565599296,0.140580889558,1.347443775378
    ));
#6566 = CARTESIAN_POINT('',(1.027824816499,0.147016803263,1.347443775378
    ));
#6567 = ORIENTED_EDGE('',*,*,#6568,.T.);
#6568 = EDGE_CURVE('',#6562,#6518,#6569,.T.);
#6569 = B_SPLINE_CURVE_WITH_KNOTS('',1,(#6570,#6571),.UNSPECIFIED.,.F.,
  .F.,(2,2),(-9.000601121123E-03,0.),.PIECEWISE_BEZIER_KNOTS.);
#6570 = CARTESIAN_POINT('',(1.027824816499,0.147016803263,1.347443775378
    ));
#6571 = CARTESIAN_POINT('',(1.027824816499,0.156017404384,1.347443775378
    ));
#6572 = FACE_BOUND('',#6573,.T.);
#6573 = EDGE_LOOP('',(#6574,#6583,#6590,#6599,#6606,#6615));
#6574 = ORIENTED_EDGE('',*,*,#6575,.F.);
#6575 = EDGE_CURVE('',#6576,#6578,#6580,.T.);
#6576 = VERTEX_POINT('',#6577);
#6577 = CARTESIAN_POINT('',(1.003436090881,0.11688575865,1.347443775378)
  );
#6578 = VERTEX_POINT('',#6579);
#6579 = CARTESIAN_POINT('',(1.003436090881,0.13806459247,1.347443775378)
  );
#6580 = B_SPLINE_CURVE_WITH_KNOTS('',1,(#6581,#6582),.UNSPECIFIED.,.F.,
  .F.,(2,2),(0.,2.117883382065E-02),.PIECEWISE_BEZIER_KNOTS.);
#6581 = CARTESIAN_POINT('',(1.003436090881,0.11688575865,1.347443775378)
  );
#6582 = CARTESIAN_POINT('',(1.003436090881,0.13806459247,1.347443775378)
  );
#6583 = ORIENTED_EDGE('',*,*,#6584,.F.);
#6584 = EDGE_CURVE('',#6585,#6576,#6587,.T.);
#6585 = VERTEX_POINT('',#6586);
#6586 = CARTESIAN_POINT('',(0.977208532776,0.126321872728,1.347443775378
    ));
#6587 = B_SPLINE_CURVE_WITH_KNOTS('',1,(#6588,#6589),.UNSPECIFIED.,.F.,
  .F.,(2,2),(2.351919679752E-16,2.787337534398E-02),
  .PIECEWISE_BEZIER_KNOTS.);
#6588 = CARTESIAN_POINT('',(0.977208532776,0.126321872728,1.347443775378
    ));
#6589 = CARTESIAN_POINT('',(1.003436090881,0.11688575865,1.347443775378)
  );
#6590 = ORIENTED_EDGE('',*,*,#6591,.F.);
#6591 = EDGE_CURVE('',#6592,#6585,#6594,.T.);
#6592 = VERTEX_POINT('',#6593);
#6593 = CARTESIAN_POINT('',(0.972788882763,0.127354199739,1.347443775378
    ));
#6594 = B_SPLINE_CURVE_WITH_KNOTS('',3,(#6595,#6596,#6597,#6598),
  .UNSPECIFIED.,.F.,.F.,(4,4),(3.,4.),.PIECEWISE_BEZIER_KNOTS.);
#6595 = CARTESIAN_POINT('',(0.972788882763,0.127354199739,1.347443775378
    ));
#6596 = CARTESIAN_POINT('',(0.974692235688,0.127047727657,1.347443775378
    ));
#6597 = CARTESIAN_POINT('',(0.976176205765,0.126708995357,1.347443775378
    ));
#6598 = CARTESIAN_POINT('',(0.977208532776,0.126321872728,1.347443775378
    ));
#6599 = ORIENTED_EDGE('',*,*,#6600,.F.);
#6600 = EDGE_CURVE('',#6601,#6592,#6603,.T.);
#6601 = VERTEX_POINT('',#6602);
#6602 = CARTESIAN_POINT('',(0.972788882763,0.127547761053,1.347443775378
    ));
#6603 = B_SPLINE_CURVE_WITH_KNOTS('',1,(#6604,#6605),.UNSPECIFIED.,.F.,
  .F.,(2,2),(2.460465448667E-17,1.935613142107E-04),
  .PIECEWISE_BEZIER_KNOTS.);
#6604 = CARTESIAN_POINT('',(0.972788882763,0.127547761053,1.347443775378
    ));
#6605 = CARTESIAN_POINT('',(0.972788882763,0.127354199739,1.347443775378
    ));
#6606 = ORIENTED_EDGE('',*,*,#6607,.F.);
#6607 = EDGE_CURVE('',#6608,#6601,#6610,.T.);
#6608 = VERTEX_POINT('',#6609);
#6609 = CARTESIAN_POINT('',(0.977208532776,0.128531697735,1.347443775378
    ));
#6610 = B_SPLINE_CURVE_WITH_KNOTS('',3,(#6611,#6612,#6613,#6614),
  .UNSPECIFIED.,.F.,.F.,(4,4),(1.,2.),.PIECEWISE_BEZIER_KNOTS.);
#6611 = CARTESIAN_POINT('',(0.977208532776,0.128531697735,1.347443775378
    ));
#6612 = CARTESIAN_POINT('',(0.976337506861,0.128225225653,1.347443775378
    ));
#6613 = CARTESIAN_POINT('',(0.974885797002,0.127902623463,1.347443775378
    ));
#6614 = CARTESIAN_POINT('',(0.972788882763,0.127547761053,1.347443775378
    ));
#6615 = ORIENTED_EDGE('',*,*,#6616,.F.);
#6616 = EDGE_CURVE('',#6578,#6608,#6617,.T.);
#6617 = B_SPLINE_CURVE_WITH_KNOTS('',1,(#6618,#6619),.UNSPECIFIED.,.F.,
  .F.,(2,2),(0.,2.790628757474E-02),.PIECEWISE_BEZIER_KNOTS.);
#6618 = CARTESIAN_POINT('',(1.003436090881,0.13806459247,1.347443775378)
  );
#6619 = CARTESIAN_POINT('',(0.977208532776,0.128531697735,1.347443775378
    ));
#6620 = B_SPLINE_SURFACE_WITH_KNOTS('',1,1,(
    (#6621,#6622)
    ,(#6623,#6624
    )),.UNSPECIFIED.,.F.,.F.,.F.,(2,2),(2,2),(-1.027824816499,
    -0.964723827995),(9.923941881766E-02,0.156017404384),
  .PIECEWISE_BEZIER_KNOTS.);
#6621 = CARTESIAN_POINT('',(1.027824816499,9.923941881758E-02,
    1.347443775378));
#6622 = CARTESIAN_POINT('',(1.027824816499,0.156017404384,1.347443775378
    ));
#6623 = CARTESIAN_POINT('',(0.964723827995,9.923941881758E-02,
    1.347443775378));
#6624 = CARTESIAN_POINT('',(0.964723827995,0.156017404384,1.347443775378
    ));
#6625 = ADVANCED_FACE('',(#6626),#6640,.F.);
#6626 = FACE_BOUND('',#6627,.T.);
#6627 = EDGE_LOOP('',(#6628,#6629,#6634,#6635));
#6628 = ORIENTED_EDGE('',*,*,#1230,.T.);
#6629 = ORIENTED_EDGE('',*,*,#6630,.F.);
#6630 = EDGE_CURVE('',#6520,#1222,#6631,.T.);
#6631 = B_SPLINE_CURVE_WITH_KNOTS('',1,(#6632,#6633),.UNSPECIFIED.,.F.,
  .F.,(2,2),(-0.,8.864761022221E-03),.PIECEWISE_BEZIER_KNOTS.);
#6632 = CARTESIAN_POINT('',(0.964723827995,0.131983541175,1.347443775378
    ));
#6633 = CARTESIAN_POINT('',(0.964723827995,0.131983541175,1.338579014355
    ));
#6634 = ORIENTED_EDGE('',*,*,#6517,.F.);
#6635 = ORIENTED_EDGE('',*,*,#6636,.T.);
#6636 = EDGE_CURVE('',#6518,#1231,#6637,.T.);
#6637 = B_SPLINE_CURVE_WITH_KNOTS('',1,(#6638,#6639),.UNSPECIFIED.,.F.,
  .F.,(2,2),(-0.,8.864761022221E-03),.PIECEWISE_BEZIER_KNOTS.);
#6638 = CARTESIAN_POINT('',(1.027824816499,0.156017404384,1.347443775378
    ));
#6639 = CARTESIAN_POINT('',(1.027824816499,0.156017404384,1.338579014355
    ));
#6640 = B_SPLINE_SURFACE_WITH_KNOTS('',1,1,(
    (#6641,#6642)
    ,(#6643,#6644
    )),.UNSPECIFIED.,.F.,.F.,.F.,(2,2),(2,2),(0.,6.752304296301E-02),(
    -8.864761022221E-03,0.),.PIECEWISE_BEZIER_KNOTS.);
#6641 = CARTESIAN_POINT('',(0.964723827995,0.131983541175,1.338579014355
    ));
#6642 = CARTESIAN_POINT('',(0.964723827995,0.131983541175,1.347443775378
    ));
#6643 = CARTESIAN_POINT('',(1.027824816499,0.156017404384,1.338579014355
    ));
#6644 = CARTESIAN_POINT('',(1.027824816499,0.156017404384,1.347443775378
    ));
#6645 = ADVANCED_FACE('',(#6646),#6656,.F.);
#6646 = FACE_BOUND('',#6647,.T.);
#6647 = EDGE_LOOP('',(#6648,#6649,#6654,#6655));
#6648 = ORIENTED_EDGE('',*,*,#1221,.T.);
#6649 = ORIENTED_EDGE('',*,*,#6650,.F.);
#6650 = EDGE_CURVE('',#6527,#1224,#6651,.T.);
#6651 = B_SPLINE_CURVE_WITH_KNOTS('',1,(#6652,#6653),.UNSPECIFIED.,.F.,
  .F.,(2,2),(-0.,8.864761022221E-03),.PIECEWISE_BEZIER_KNOTS.);
#6652 = CARTESIAN_POINT('',(0.964723827995,0.123273282026,1.347443775378
    ));
#6653 = CARTESIAN_POINT('',(0.964723827995,0.123273282026,1.338579014355
    ));
#6654 = ORIENTED_EDGE('',*,*,#6526,.F.);
#6655 = ORIENTED_EDGE('',*,*,#6630,.T.);
#6656 = B_SPLINE_SURFACE_WITH_KNOTS('',1,1,(
    (#6657,#6658)
    ,(#6659,#6660
    )),.UNSPECIFIED.,.F.,.F.,.F.,(2,2),(2,2),(0.,8.864761022221E-03),(0.
    ,8.710259149378E-03),.PIECEWISE_BEZIER_KNOTS.);
#6657 = CARTESIAN_POINT('',(0.964723827995,0.123273282026,1.347443775378
    ));
#6658 = CARTESIAN_POINT('',(0.964723827995,0.131983541175,1.347443775378
    ));
#6659 = CARTESIAN_POINT('',(0.964723827995,0.123273282026,1.338579014355
    ));
#6660 = CARTESIAN_POINT('',(0.964723827995,0.131983541175,1.338579014355
    ));
#6661 = ADVANCED_FACE('',(#6662),#6672,.F.);
#6662 = FACE_BOUND('',#6663,.T.);
#6663 = EDGE_LOOP('',(#6664,#6665,#6670,#6671));
#6664 = ORIENTED_EDGE('',*,*,#1272,.T.);
#6665 = ORIENTED_EDGE('',*,*,#6666,.F.);
#6666 = EDGE_CURVE('',#6534,#1266,#6667,.T.);
#6667 = B_SPLINE_CURVE_WITH_KNOTS('',1,(#6668,#6669),.UNSPECIFIED.,.F.,
  .F.,(2,2),(-0.,8.864761022221E-03),.PIECEWISE_BEZIER_KNOTS.);
#6668 = CARTESIAN_POINT('',(1.027824816499,9.923941881758E-02,
    1.347443775378));
#6669 = CARTESIAN_POINT('',(1.027824816499,9.923941881758E-02,
    1.338579014355));
#6670 = ORIENTED_EDGE('',*,*,#6533,.F.);
#6671 = ORIENTED_EDGE('',*,*,#6650,.T.);
#6672 = B_SPLINE_SURFACE_WITH_KNOTS('',1,1,(
    (#6673,#6674)
    ,(#6675,#6676
    )),.UNSPECIFIED.,.F.,.F.,.F.,(2,2),(2,2),(0.,6.752304296286E-02),(
    -8.864761022221E-03,0.),.PIECEWISE_BEZIER_KNOTS.);
#6673 = CARTESIAN_POINT('',(1.027824816499,9.923941881758E-02,
    1.338579014355));
#6674 = CARTESIAN_POINT('',(1.027824816499,9.923941881758E-02,
    1.347443775378));
#6675 = CARTESIAN_POINT('',(0.964723827995,0.123273282026,1.338579014355
    ));
#6676 = CARTESIAN_POINT('',(0.964723827995,0.123273282026,1.347443775378
    ));
#6677 = ADVANCED_FACE('',(#6678),#6688,.F.);
#6678 = FACE_BOUND('',#6679,.T.);
#6679 = EDGE_LOOP('',(#6680,#6681,#6686,#6687));
#6680 = ORIENTED_EDGE('',*,*,#1265,.T.);
#6681 = ORIENTED_EDGE('',*,*,#6682,.F.);
#6682 = EDGE_CURVE('',#6541,#1259,#6683,.T.);
#6683 = B_SPLINE_CURVE_WITH_KNOTS('',1,(#6684,#6685),.UNSPECIFIED.,.F.,
  .F.,(2,2),(-0.,8.864761022221E-03),.PIECEWISE_BEZIER_KNOTS.);
#6684 = CARTESIAN_POINT('',(1.027824816499,0.108240019938,1.347443775378
    ));
#6685 = CARTESIAN_POINT('',(1.027824816499,0.108240019938,1.338579014355
    ));
#6686 = ORIENTED_EDGE('',*,*,#6540,.F.);
#6687 = ORIENTED_EDGE('',*,*,#6666,.T.);
#6688 = B_SPLINE_SURFACE_WITH_KNOTS('',1,1,(
    (#6689,#6690)
    ,(#6691,#6692
    )),.UNSPECIFIED.,.F.,.F.,.F.,(2,2),(2,2),(-8.864761022221E-03,0.),(
    -9.000601120693E-03,0.),.PIECEWISE_BEZIER_KNOTS.);
#6689 = CARTESIAN_POINT('',(1.027824816499,9.923941881758E-02,
    1.338579014355));
#6690 = CARTESIAN_POINT('',(1.027824816499,0.108240019938,1.338579014355
    ));
#6691 = CARTESIAN_POINT('',(1.027824816499,9.923941881758E-02,
    1.347443775378));
#6692 = CARTESIAN_POINT('',(1.027824816499,0.108240019938,1.347443775378
    ));
#6693 = ADVANCED_FACE('',(#6694),#6704,.F.);
#6694 = FACE_BOUND('',#6695,.T.);
#6695 = EDGE_LOOP('',(#6696,#6697,#6702,#6703));
#6696 = ORIENTED_EDGE('',*,*,#1258,.T.);
#6697 = ORIENTED_EDGE('',*,*,#6698,.F.);
#6698 = EDGE_CURVE('',#6548,#1252,#6699,.T.);
#6699 = B_SPLINE_CURVE_WITH_KNOTS('',1,(#6700,#6701),.UNSPECIFIED.,.F.,
  .F.,(2,2),(-0.,8.864761022221E-03),.PIECEWISE_BEZIER_KNOTS.);
#6700 = CARTESIAN_POINT('',(1.010565599296,0.114304941124,1.347443775378
    ));
#6701 = CARTESIAN_POINT('',(1.010565599296,0.114304941124,1.338579014355
    ));
#6702 = ORIENTED_EDGE('',*,*,#6547,.F.);
#6703 = ORIENTED_EDGE('',*,*,#6682,.T.);
#6704 = B_SPLINE_SURFACE_WITH_KNOTS('',1,1,(
    (#6705,#6706)
    ,(#6707,#6708
    )),.UNSPECIFIED.,.F.,.F.,.F.,(2,2),(2,2),(0.,1.82938199255E-02),(
    -8.864761022221E-03,0.),.PIECEWISE_BEZIER_KNOTS.);
#6705 = CARTESIAN_POINT('',(1.010565599296,0.114304941124,1.338579014355
    ));
#6706 = CARTESIAN_POINT('',(1.010565599296,0.114304941124,1.347443775378
    ));
#6707 = CARTESIAN_POINT('',(1.027824816499,0.108240019938,1.338579014355
    ));
#6708 = CARTESIAN_POINT('',(1.027824816499,0.108240019938,1.347443775378
    ));
#6709 = ADVANCED_FACE('',(#6710),#6720,.F.);
#6710 = FACE_BOUND('',#6711,.T.);
#6711 = EDGE_LOOP('',(#6712,#6713,#6718,#6719));
#6712 = ORIENTED_EDGE('',*,*,#1251,.T.);
#6713 = ORIENTED_EDGE('',*,*,#6714,.F.);
#6714 = EDGE_CURVE('',#6555,#1245,#6715,.T.);
#6715 = B_SPLINE_CURVE_WITH_KNOTS('',1,(#6716,#6717),.UNSPECIFIED.,.F.,
  .F.,(2,2),(-0.,8.864761022221E-03),.PIECEWISE_BEZIER_KNOTS.);
#6716 = CARTESIAN_POINT('',(1.010565599296,0.140580889558,1.347443775378
    ));
#6717 = CARTESIAN_POINT('',(1.010565599296,0.140580889558,1.338579014355
    ));
#6718 = ORIENTED_EDGE('',*,*,#6554,.F.);
#6719 = ORIENTED_EDGE('',*,*,#6698,.T.);
#6720 = B_SPLINE_SURFACE_WITH_KNOTS('',1,1,(
    (#6721,#6722)
    ,(#6723,#6724
    )),.UNSPECIFIED.,.F.,.F.,.F.,(2,2),(2,2),(0.,2.627594843422E-02),(
    -8.864761022221E-03,0.),.PIECEWISE_BEZIER_KNOTS.);
#6721 = CARTESIAN_POINT('',(1.010565599296,0.140580889558,1.338579014355
    ));
#6722 = CARTESIAN_POINT('',(1.010565599296,0.140580889558,1.347443775378
    ));
#6723 = CARTESIAN_POINT('',(1.010565599296,0.114304941124,1.338579014355
    ));
#6724 = CARTESIAN_POINT('',(1.010565599296,0.114304941124,1.347443775378
    ));
#6725 = ADVANCED_FACE('',(#6726),#6736,.F.);
#6726 = FACE_BOUND('',#6727,.T.);
#6727 = EDGE_LOOP('',(#6728,#6729,#6734,#6735));
#6728 = ORIENTED_EDGE('',*,*,#1244,.T.);
#6729 = ORIENTED_EDGE('',*,*,#6730,.F.);
#6730 = EDGE_CURVE('',#6562,#1238,#6731,.T.);
#6731 = B_SPLINE_CURVE_WITH_KNOTS('',1,(#6732,#6733),.UNSPECIFIED.,.F.,
  .F.,(2,2),(-0.,8.864761022221E-03),.PIECEWISE_BEZIER_KNOTS.);
#6732 = CARTESIAN_POINT('',(1.027824816499,0.147016803263,1.347443775378
    ));
#6733 = CARTESIAN_POINT('',(1.027824816499,0.147016803263,1.338579014355
    ));
#6734 = ORIENTED_EDGE('',*,*,#6561,.F.);
#6735 = ORIENTED_EDGE('',*,*,#6714,.T.);
#6736 = B_SPLINE_SURFACE_WITH_KNOTS('',1,1,(
    (#6737,#6738)
    ,(#6739,#6740
    )),.UNSPECIFIED.,.F.,.F.,.F.,(2,2),(2,2),(-0.,1.842014016494E-02),(
    -8.864761022221E-03,0.),.PIECEWISE_BEZIER_KNOTS.);
#6737 = CARTESIAN_POINT('',(1.027824816499,0.147016803263,1.338579014355
    ));
#6738 = CARTESIAN_POINT('',(1.027824816499,0.147016803263,1.347443775378
    ));
#6739 = CARTESIAN_POINT('',(1.010565599296,0.140580889558,1.338579014355
    ));
#6740 = CARTESIAN_POINT('',(1.010565599296,0.140580889558,1.347443775378
    ));
#6741 = ADVANCED_FACE('',(#6742),#6748,.F.);
#6742 = FACE_BOUND('',#6743,.T.);
#6743 = EDGE_LOOP('',(#6744,#6745,#6746,#6747));
#6744 = ORIENTED_EDGE('',*,*,#1237,.T.);
#6745 = ORIENTED_EDGE('',*,*,#6636,.F.);
#6746 = ORIENTED_EDGE('',*,*,#6568,.F.);
#6747 = ORIENTED_EDGE('',*,*,#6730,.T.);
#6748 = B_SPLINE_SURFACE_WITH_KNOTS('',1,1,(
    (#6749,#6750)
    ,(#6751,#6752
    )),.UNSPECIFIED.,.F.,.F.,.F.,(2,2),(2,2),(-8.864761022221E-03,0.),(
    -9.000601121123E-03,0.),.PIECEWISE_BEZIER_KNOTS.);
#6749 = CARTESIAN_POINT('',(1.027824816499,0.147016803263,1.338579014355
    ));
#6750 = CARTESIAN_POINT('',(1.027824816499,0.156017404384,1.338579014355
    ));
#6751 = CARTESIAN_POINT('',(1.027824816499,0.147016803263,1.347443775378
    ));
#6752 = CARTESIAN_POINT('',(1.027824816499,0.156017404384,1.347443775378
    ));
#6753 = ADVANCED_FACE('',(#6754),#6776,.T.);
#6754 = FACE_BOUND('',#6755,.T.);
#6755 = EDGE_LOOP('',(#6756,#6765,#6770,#6771));
#6756 = ORIENTED_EDGE('',*,*,#6757,.F.);
#6757 = EDGE_CURVE('',#6758,#6760,#6762,.T.);
#6758 = VERTEX_POINT('',#6759);
#6759 = CARTESIAN_POINT('',(1.003436090881,0.11688575865,1.338579014355)
  );
#6760 = VERTEX_POINT('',#6761);
#6761 = CARTESIAN_POINT('',(1.003436090881,0.13806459247,1.338579014355)
  );
#6762 = B_SPLINE_CURVE_WITH_KNOTS('',1,(#6763,#6764),.UNSPECIFIED.,.F.,
  .F.,(2,2),(0.,2.117883382065E-02),.PIECEWISE_BEZIER_KNOTS.);
#6763 = CARTESIAN_POINT('',(1.003436090881,0.11688575865,1.338579014355)
  );
#6764 = CARTESIAN_POINT('',(1.003436090881,0.13806459247,1.338579014355)
  );
#6765 = ORIENTED_EDGE('',*,*,#6766,.F.);
#6766 = EDGE_CURVE('',#6576,#6758,#6767,.T.);
#6767 = B_SPLINE_CURVE_WITH_KNOTS('',1,(#6768,#6769),.UNSPECIFIED.,.F.,
  .F.,(2,2),(-0.,8.864761022221E-03),.PIECEWISE_BEZIER_KNOTS.);
#6768 = CARTESIAN_POINT('',(1.003436090881,0.11688575865,1.347443775378)
  );
#6769 = CARTESIAN_POINT('',(1.003436090881,0.11688575865,1.338579014355)
  );
#6770 = ORIENTED_EDGE('',*,*,#6575,.T.);
#6771 = ORIENTED_EDGE('',*,*,#6772,.T.);
#6772 = EDGE_CURVE('',#6578,#6760,#6773,.T.);
#6773 = B_SPLINE_CURVE_WITH_KNOTS('',1,(#6774,#6775),.UNSPECIFIED.,.F.,
  .F.,(2,2),(-0.,8.864761022221E-03),.PIECEWISE_BEZIER_KNOTS.);
#6774 = CARTESIAN_POINT('',(1.003436090881,0.13806459247,1.347443775378)
  );
#6775 = CARTESIAN_POINT('',(1.003436090881,0.13806459247,1.338579014355)
  );
#6776 = B_SPLINE_SURFACE_WITH_KNOTS('',1,1,(
    (#6777,#6778)
    ,(#6779,#6780
    )),.UNSPECIFIED.,.F.,.F.,.F.,(2,2),(2,2),(-8.864761022221E-03,0.),(
    0.,2.117883382065E-02),.PIECEWISE_BEZIER_KNOTS.);
#6777 = CARTESIAN_POINT('',(1.003436090881,0.11688575865,1.338579014355)
  );
#6778 = CARTESIAN_POINT('',(1.003436090881,0.13806459247,1.338579014355)
  );
#6779 = CARTESIAN_POINT('',(1.003436090881,0.11688575865,1.347443775378)
  );
#6780 = CARTESIAN_POINT('',(1.003436090881,0.13806459247,1.347443775378)
  );
#6781 = ADVANCED_FACE('',(#6782),#6798,.T.);
#6782 = FACE_BOUND('',#6783,.T.);
#6783 = EDGE_LOOP('',(#6784,#6791,#6792,#6793));
#6784 = ORIENTED_EDGE('',*,*,#6785,.F.);
#6785 = EDGE_CURVE('',#6760,#6786,#6788,.T.);
#6786 = VERTEX_POINT('',#6787);
#6787 = CARTESIAN_POINT('',(0.977208532776,0.128531697735,1.338579014355
    ));
#6788 = B_SPLINE_CURVE_WITH_KNOTS('',1,(#6789,#6790),.UNSPECIFIED.,.F.,
  .F.,(2,2),(2.186164802552E-16,2.790628757474E-02),
  .PIECEWISE_BEZIER_KNOTS.);
#6789 = CARTESIAN_POINT('',(1.003436090881,0.13806459247,1.338579014355)
  );
#6790 = CARTESIAN_POINT('',(0.977208532776,0.128531697735,1.338579014355
    ));
#6791 = ORIENTED_EDGE('',*,*,#6772,.F.);
#6792 = ORIENTED_EDGE('',*,*,#6616,.T.);
#6793 = ORIENTED_EDGE('',*,*,#6794,.T.);
#6794 = EDGE_CURVE('',#6608,#6786,#6795,.T.);
#6795 = B_SPLINE_CURVE_WITH_KNOTS('',1,(#6796,#6797),.UNSPECIFIED.,.F.,
  .F.,(2,2),(-0.,8.864761022221E-03),.PIECEWISE_BEZIER_KNOTS.);
#6796 = CARTESIAN_POINT('',(0.977208532776,0.128531697735,1.347443775378
    ));
#6797 = CARTESIAN_POINT('',(0.977208532776,0.128531697735,1.338579014355
    ));
#6798 = B_SPLINE_SURFACE_WITH_KNOTS('',1,1,(
    (#6799,#6800)
    ,(#6801,#6802
    )),.UNSPECIFIED.,.F.,.F.,.F.,(2,2),(2,2),(-2.790628757474E-02,0.),(
    -8.864761022221E-03,0.),.PIECEWISE_BEZIER_KNOTS.);
#6799 = CARTESIAN_POINT('',(0.977208532776,0.128531697735,1.338579014355
    ));
#6800 = CARTESIAN_POINT('',(0.977208532776,0.128531697735,1.347443775378
    ));
#6801 = CARTESIAN_POINT('',(1.003436090881,0.13806459247,1.338579014355)
  );
#6802 = CARTESIAN_POINT('',(1.003436090881,0.13806459247,1.347443775378)
  );
#6803 = ADVANCED_FACE('',(#6804),#6822,.T.);
#6804 = FACE_BOUND('',#6805,.T.);
#6805 = EDGE_LOOP('',(#6806,#6815,#6816,#6817));
#6806 = ORIENTED_EDGE('',*,*,#6807,.F.);
#6807 = EDGE_CURVE('',#6786,#6808,#6810,.T.);
#6808 = VERTEX_POINT('',#6809);
#6809 = CARTESIAN_POINT('',(0.972788882763,0.127547761053,1.338579014355
    ));
#6810 = B_SPLINE_CURVE_WITH_KNOTS('',3,(#6811,#6812,#6813,#6814),
  .UNSPECIFIED.,.F.,.F.,(4,4),(1.,2.),.PIECEWISE_BEZIER_KNOTS.);
#6811 = CARTESIAN_POINT('',(0.977208532776,0.128531697735,1.338579014355
    ));
#6812 = CARTESIAN_POINT('',(0.976337506861,0.128225225653,1.338579014355
    ));
#6813 = CARTESIAN_POINT('',(0.974885797002,0.127902623463,1.338579014355
    ));
#6814 = CARTESIAN_POINT('',(0.972788882763,0.127547761053,1.338579014355
    ));
#6815 = ORIENTED_EDGE('',*,*,#6794,.F.);
#6816 = ORIENTED_EDGE('',*,*,#6607,.T.);
#6817 = ORIENTED_EDGE('',*,*,#6818,.T.);
#6818 = EDGE_CURVE('',#6601,#6808,#6819,.T.);
#6819 = B_SPLINE_CURVE_WITH_KNOTS('',1,(#6820,#6821),.UNSPECIFIED.,.F.,
  .F.,(2,2),(-0.,8.864761022221E-03),.PIECEWISE_BEZIER_KNOTS.);
#6820 = CARTESIAN_POINT('',(0.972788882763,0.127547761053,1.347443775378
    ));
#6821 = CARTESIAN_POINT('',(0.972788882763,0.127547761053,1.338579014355
    ));
#6822 = B_SPLINE_SURFACE_WITH_KNOTS('',3,1,(
    (#6823,#6824)
    ,(#6825,#6826)
    ,(#6827,#6828)
    ,(#6829,#6830
    )),.UNSPECIFIED.,.F.,.F.,.F.,(4,4),(2,2),(1.,2.),(0.,1.),
  .PIECEWISE_BEZIER_KNOTS.);
#6823 = CARTESIAN_POINT('',(0.977208532776,0.128531697735,1.347443775378
    ));
#6824 = CARTESIAN_POINT('',(0.977208532776,0.128531697735,1.338579014355
    ));
#6825 = CARTESIAN_POINT('',(0.976337506861,0.128225225653,1.347443775378
    ));
#6826 = CARTESIAN_POINT('',(0.976337506861,0.128225225653,1.338579014355
    ));
#6827 = CARTESIAN_POINT('',(0.974885797002,0.127902623463,1.347443775378
    ));
#6828 = CARTESIAN_POINT('',(0.974885797002,0.127902623463,1.338579014355
    ));
#6829 = CARTESIAN_POINT('',(0.972788882763,0.127547761053,1.347443775378
    ));
#6830 = CARTESIAN_POINT('',(0.972788882763,0.127547761053,1.338579014355
    ));
#6831 = ADVANCED_FACE('',(#6832),#6848,.T.);
#6832 = FACE_BOUND('',#6833,.T.);
#6833 = EDGE_LOOP('',(#6834,#6841,#6842,#6843));
#6834 = ORIENTED_EDGE('',*,*,#6835,.F.);
#6835 = EDGE_CURVE('',#6808,#6836,#6838,.T.);
#6836 = VERTEX_POINT('',#6837);
#6837 = CARTESIAN_POINT('',(0.972788882763,0.127354199739,1.338579014355
    ));
#6838 = B_SPLINE_CURVE_WITH_KNOTS('',1,(#6839,#6840),.UNSPECIFIED.,.F.,
  .F.,(2,2),(2.460465448667E-17,1.935613142108E-04),
  .PIECEWISE_BEZIER_KNOTS.);
#6839 = CARTESIAN_POINT('',(0.972788882763,0.127547761053,1.338579014355
    ));
#6840 = CARTESIAN_POINT('',(0.972788882763,0.127354199739,1.338579014355
    ));
#6841 = ORIENTED_EDGE('',*,*,#6818,.F.);
#6842 = ORIENTED_EDGE('',*,*,#6600,.T.);
#6843 = ORIENTED_EDGE('',*,*,#6844,.T.);
#6844 = EDGE_CURVE('',#6592,#6836,#6845,.T.);
#6845 = B_SPLINE_CURVE_WITH_KNOTS('',1,(#6846,#6847),.UNSPECIFIED.,.F.,
  .F.,(2,2),(-0.,8.864761022221E-03),.PIECEWISE_BEZIER_KNOTS.);
#6846 = CARTESIAN_POINT('',(0.972788882763,0.127354199739,1.347443775378
    ));
#6847 = CARTESIAN_POINT('',(0.972788882763,0.127354199739,1.338579014355
    ));
#6848 = B_SPLINE_SURFACE_WITH_KNOTS('',1,1,(
    (#6849,#6850)
    ,(#6851,#6852
    )),.UNSPECIFIED.,.F.,.F.,.F.,(2,2),(2,2),(-0.,8.864761022221E-03),(
    -1.935613142108E-04,-2.460465448667E-17),.PIECEWISE_BEZIER_KNOTS.);
#6849 = CARTESIAN_POINT('',(0.972788882763,0.127354199739,1.347443775378
    ));
#6850 = CARTESIAN_POINT('',(0.972788882763,0.127547761053,1.347443775378
    ));
#6851 = CARTESIAN_POINT('',(0.972788882763,0.127354199739,1.338579014355
    ));
#6852 = CARTESIAN_POINT('',(0.972788882763,0.127547761053,1.338579014355
    ));
#6853 = ADVANCED_FACE('',(#6854),#6872,.T.);
#6854 = FACE_BOUND('',#6855,.T.);
#6855 = EDGE_LOOP('',(#6856,#6865,#6866,#6867));
#6856 = ORIENTED_EDGE('',*,*,#6857,.F.);
#6857 = EDGE_CURVE('',#6836,#6858,#6860,.T.);
#6858 = VERTEX_POINT('',#6859);
#6859 = CARTESIAN_POINT('',(0.977208532776,0.126321872728,1.338579014355
    ));
#6860 = B_SPLINE_CURVE_WITH_KNOTS('',3,(#6861,#6862,#6863,#6864),
  .UNSPECIFIED.,.F.,.F.,(4,4),(3.,4.),.PIECEWISE_BEZIER_KNOTS.);
#6861 = CARTESIAN_POINT('',(0.972788882763,0.127354199739,1.338579014355
    ));
#6862 = CARTESIAN_POINT('',(0.974692235688,0.127047727657,1.338579014355
    ));
#6863 = CARTESIAN_POINT('',(0.976176205765,0.126708995357,1.338579014355
    ));
#6864 = CARTESIAN_POINT('',(0.977208532776,0.126321872728,1.338579014355
    ));
#6865 = ORIENTED_EDGE('',*,*,#6844,.F.);
#6866 = ORIENTED_EDGE('',*,*,#6591,.T.);
#6867 = ORIENTED_EDGE('',*,*,#6868,.T.);
#6868 = EDGE_CURVE('',#6585,#6858,#6869,.T.);
#6869 = B_SPLINE_CURVE_WITH_KNOTS('',1,(#6870,#6871),.UNSPECIFIED.,.F.,
  .F.,(2,2),(0.,8.864761022221E-03),.PIECEWISE_BEZIER_KNOTS.);
#6870 = CARTESIAN_POINT('',(0.977208532776,0.126321872728,1.347443775378
    ));
#6871 = CARTESIAN_POINT('',(0.977208532776,0.126321872728,1.338579014355
    ));
#6872 = B_SPLINE_SURFACE_WITH_KNOTS('',3,1,(
    (#6873,#6874)
    ,(#6875,#6876)
    ,(#6877,#6878)
    ,(#6879,#6880
    )),.UNSPECIFIED.,.F.,.F.,.F.,(4,4),(2,2),(3.,4.),(0.,1.),
  .PIECEWISE_BEZIER_KNOTS.);
#6873 = CARTESIAN_POINT('',(0.972788882763,0.127354199739,1.347443775378
    ));
#6874 = CARTESIAN_POINT('',(0.972788882763,0.127354199739,1.338579014355
    ));
#6875 = CARTESIAN_POINT('',(0.974692235688,0.127047727657,1.347443775378
    ));
#6876 = CARTESIAN_POINT('',(0.974692235688,0.127047727657,1.338579014355
    ));
#6877 = CARTESIAN_POINT('',(0.976176205765,0.126708995357,1.347443775378
    ));
#6878 = CARTESIAN_POINT('',(0.976176205765,0.126708995357,1.338579014355
    ));
#6879 = CARTESIAN_POINT('',(0.977208532776,0.126321872728,1.347443775378
    ));
#6880 = CARTESIAN_POINT('',(0.977208532776,0.126321872728,1.338579014355
    ));
#6881 = ADVANCED_FACE('',(#6882),#6892,.T.);
#6882 = FACE_BOUND('',#6883,.T.);
#6883 = EDGE_LOOP('',(#6884,#6889,#6890,#6891));
#6884 = ORIENTED_EDGE('',*,*,#6885,.F.);
#6885 = EDGE_CURVE('',#6858,#6758,#6886,.T.);
#6886 = B_SPLINE_CURVE_WITH_KNOTS('',1,(#6887,#6888),.UNSPECIFIED.,.F.,
  .F.,(2,2),(8.329537550933E-18,2.787337534398E-02),
  .PIECEWISE_BEZIER_KNOTS.);
#6887 = CARTESIAN_POINT('',(0.977208532776,0.126321872728,1.338579014355
    ));
#6888 = CARTESIAN_POINT('',(1.003436090881,0.11688575865,1.338579014355)
  );
#6889 = ORIENTED_EDGE('',*,*,#6868,.F.);
#6890 = ORIENTED_EDGE('',*,*,#6584,.T.);
#6891 = ORIENTED_EDGE('',*,*,#6766,.T.);
#6892 = B_SPLINE_SURFACE_WITH_KNOTS('',1,1,(
    (#6893,#6894)
    ,(#6895,#6896
    )),.UNSPECIFIED.,.F.,.F.,.F.,(2,2),(2,2),(-2.787337534398E-02,0.),(
    -8.864761022221E-03,0.),.PIECEWISE_BEZIER_KNOTS.);
#6893 = CARTESIAN_POINT('',(1.003436090881,0.11688575865,1.338579014355)
  );
#6894 = CARTESIAN_POINT('',(1.003436090881,0.11688575865,1.347443775378)
  );
#6895 = CARTESIAN_POINT('',(0.977208532776,0.126321872728,1.338579014355
    ));
#6896 = CARTESIAN_POINT('',(0.977208532776,0.126321872728,1.347443775378
    ));
#6897 = ADVANCED_FACE('',(#6898),#6906,.T.);
#6898 = FACE_BOUND('',#6899,.T.);
#6899 = EDGE_LOOP('',(#6900,#6901,#6902,#6903,#6904,#6905));
#6900 = ORIENTED_EDGE('',*,*,#6757,.T.);
#6901 = ORIENTED_EDGE('',*,*,#6785,.T.);
#6902 = ORIENTED_EDGE('',*,*,#6807,.T.);
#6903 = ORIENTED_EDGE('',*,*,#6835,.T.);
#6904 = ORIENTED_EDGE('',*,*,#6857,.T.);
#6905 = ORIENTED_EDGE('',*,*,#6885,.T.);
#6906 = B_SPLINE_SURFACE_WITH_KNOTS('',1,1,(
    (#6907,#6908)
    ,(#6909,#6910
    )),.UNSPECIFIED.,.F.,.F.,.F.,(2,2),(2,2),(0.972788882763,
    1.003436090881),(0.11688575865,0.13806459247),
  .PIECEWISE_BEZIER_KNOTS.);
#6907 = CARTESIAN_POINT('',(0.972788882763,0.11688575865,1.338579014355)
  );
#6908 = CARTESIAN_POINT('',(0.972788882763,0.13806459247,1.338579014355)
  );
#6909 = CARTESIAN_POINT('',(1.003436090881,0.11688575865,1.338579014355)
  );
#6910 = CARTESIAN_POINT('',(1.003436090881,0.13806459247,1.338579014355)
  );
#6911 = ADVANCED_FACE('',(#6912),#6934,.F.);
#6912 = FACE_BOUND('',#6913,.T.);
#6913 = EDGE_LOOP('',(#6914,#6915,#6922,#6929));
#6914 = ORIENTED_EDGE('',*,*,#1288,.T.);
#6915 = ORIENTED_EDGE('',*,*,#6916,.F.);
#6916 = EDGE_CURVE('',#6917,#1280,#6919,.T.);
#6917 = VERTEX_POINT('',#6918);
#6918 = CARTESIAN_POINT('',(1.120734247426,-6.328756486699E-02,
    1.347443775378));
#6919 = B_SPLINE_CURVE_WITH_KNOTS('',1,(#6920,#6921),.UNSPECIFIED.,.F.,
  .F.,(2,2),(-0.,8.864761022221E-03),.PIECEWISE_BEZIER_KNOTS.);
#6920 = CARTESIAN_POINT('',(1.120734247426,-6.328756486699E-02,
    1.347443775378));
#6921 = CARTESIAN_POINT('',(1.120734247426,-6.328756486699E-02,
    1.338579014355));
#6922 = ORIENTED_EDGE('',*,*,#6923,.F.);
#6923 = EDGE_CURVE('',#6924,#6917,#6926,.T.);
#6924 = VERTEX_POINT('',#6925);
#6925 = CARTESIAN_POINT('',(1.127928276279,-6.328756486699E-02,
    1.347443775378));
#6926 = B_SPLINE_CURVE_WITH_KNOTS('',1,(#6927,#6928),.UNSPECIFIED.,.F.,
  .F.,(2,2),(-7.194028853007E-03,-0.),.PIECEWISE_BEZIER_KNOTS.);
#6927 = CARTESIAN_POINT('',(1.127928276279,-6.328756486699E-02,
    1.347443775378));
#6928 = CARTESIAN_POINT('',(1.120734247426,-6.328756486699E-02,
    1.347443775378));
#6929 = ORIENTED_EDGE('',*,*,#6930,.T.);
#6930 = EDGE_CURVE('',#6924,#1289,#6931,.T.);
#6931 = B_SPLINE_CURVE_WITH_KNOTS('',1,(#6932,#6933),.UNSPECIFIED.,.F.,
  .F.,(2,2),(-0.,8.864761022221E-03),.PIECEWISE_BEZIER_KNOTS.);
#6932 = CARTESIAN_POINT('',(1.127928276279,-6.328756486699E-02,
    1.347443775378));
#6933 = CARTESIAN_POINT('',(1.127928276279,-6.328756486699E-02,
    1.338579014355));
#6934 = B_SPLINE_SURFACE_WITH_KNOTS('',1,1,(
    (#6935,#6936)
    ,(#6937,#6938
    )),.UNSPECIFIED.,.F.,.F.,.F.,(2,2),(2,2),(0.,8.864761022221E-03),(0.
    ,7.194028853007E-03),.PIECEWISE_BEZIER_KNOTS.);
#6935 = CARTESIAN_POINT('',(1.120734247426,-6.328756486699E-02,
    1.347443775378));
#6936 = CARTESIAN_POINT('',(1.127928276279,-6.328756486699E-02,
    1.347443775378));
#6937 = CARTESIAN_POINT('',(1.120734247426,-6.328756486699E-02,
    1.338579014355));
#6938 = CARTESIAN_POINT('',(1.127928276279,-6.328756486699E-02,
    1.338579014355));
#6939 = ADVANCED_FACE('',(#6940),#6956,.F.);
#6940 = FACE_BOUND('',#6941,.T.);
#6941 = EDGE_LOOP('',(#6942,#6943,#6950,#6955));
#6942 = ORIENTED_EDGE('',*,*,#1279,.T.);
#6943 = ORIENTED_EDGE('',*,*,#6944,.F.);
#6944 = EDGE_CURVE('',#6945,#1282,#6947,.T.);
#6945 = VERTEX_POINT('',#6946);
#6946 = CARTESIAN_POINT('',(1.120734247426,-8.907961001504E-02,
    1.347443775378));
#6947 = B_SPLINE_CURVE_WITH_KNOTS('',1,(#6948,#6949),.UNSPECIFIED.,.F.,
  .F.,(2,2),(-0.,8.864761022221E-03),.PIECEWISE_BEZIER_KNOTS.);
#6948 = CARTESIAN_POINT('',(1.120734247426,-8.907961001504E-02,
    1.347443775378));
#6949 = CARTESIAN_POINT('',(1.120734247426,-8.907961001504E-02,
    1.338579014355));
#6950 = ORIENTED_EDGE('',*,*,#6951,.F.);
#6951 = EDGE_CURVE('',#6917,#6945,#6952,.T.);
#6952 = B_SPLINE_CURVE_WITH_KNOTS('',1,(#6953,#6954),.UNSPECIFIED.,.F.,
  .F.,(2,2),(-2.579204514805E-02,0.),.PIECEWISE_BEZIER_KNOTS.);
#6953 = CARTESIAN_POINT('',(1.120734247426,-6.328756486699E-02,
    1.347443775378));
#6954 = CARTESIAN_POINT('',(1.120734247426,-8.907961001504E-02,
    1.347443775378));
#6955 = ORIENTED_EDGE('',*,*,#6916,.T.);
#6956 = B_SPLINE_SURFACE_WITH_KNOTS('',1,1,(
    (#6957,#6958)
    ,(#6959,#6960
    )),.UNSPECIFIED.,.F.,.F.,.F.,(2,2),(2,2),(0.,2.579204514805E-02),(
    -8.864761022221E-03,0.),.PIECEWISE_BEZIER_KNOTS.);
#6957 = CARTESIAN_POINT('',(1.120734247426,-8.907961001504E-02,
    1.338579014355));
#6958 = CARTESIAN_POINT('',(1.120734247426,-8.907961001504E-02,
    1.347443775378));
#6959 = CARTESIAN_POINT('',(1.120734247426,-6.328756486699E-02,
    1.338579014355));
#6960 = CARTESIAN_POINT('',(1.120734247426,-6.328756486699E-02,
    1.347443775378));
#6961 = ADVANCED_FACE('',(#6962),#6978,.F.);
#6962 = FACE_BOUND('',#6963,.T.);
#6963 = EDGE_LOOP('',(#6964,#6965,#6972,#6977));
#6964 = ORIENTED_EDGE('',*,*,#1358,.T.);
#6965 = ORIENTED_EDGE('',*,*,#6966,.F.);
#6966 = EDGE_CURVE('',#6967,#1352,#6969,.T.);
#6967 = VERTEX_POINT('',#6968);
#6968 = CARTESIAN_POINT('',(1.099507023277,-8.907961001504E-02,
    1.347443775378));
#6969 = B_SPLINE_CURVE_WITH_KNOTS('',1,(#6970,#6971),.UNSPECIFIED.,.F.,
  .F.,(2,2),(-0.,8.864761022221E-03),.PIECEWISE_BEZIER_KNOTS.);
#6970 = CARTESIAN_POINT('',(1.099507023277,-8.907961001504E-02,
    1.347443775378));
#6971 = CARTESIAN_POINT('',(1.099507023277,-8.907961001504E-02,
    1.338579014355));
#6972 = ORIENTED_EDGE('',*,*,#6973,.F.);
#6973 = EDGE_CURVE('',#6945,#6967,#6974,.T.);
#6974 = B_SPLINE_CURVE_WITH_KNOTS('',1,(#6975,#6976),.UNSPECIFIED.,.F.,
  .F.,(2,2),(-2.12272241492E-02,-0.),.PIECEWISE_BEZIER_KNOTS.);
#6975 = CARTESIAN_POINT('',(1.120734247426,-8.907961001504E-02,
    1.347443775378));
#6976 = CARTESIAN_POINT('',(1.099507023277,-8.907961001504E-02,
    1.347443775378));
#6977 = ORIENTED_EDGE('',*,*,#6944,.T.);
#6978 = B_SPLINE_SURFACE_WITH_KNOTS('',1,1,(
    (#6979,#6980)
    ,(#6981,#6982
    )),.UNSPECIFIED.,.F.,.F.,.F.,(2,2),(2,2),(0.,2.12272241492E-02),(
    -8.864761022221E-03,0.),.PIECEWISE_BEZIER_KNOTS.);
#6979 = CARTESIAN_POINT('',(1.099507023277,-8.907961001504E-02,
    1.338579014355));
#6980 = CARTESIAN_POINT('',(1.099507023277,-8.907961001504E-02,
    1.347443775378));
#6981 = CARTESIAN_POINT('',(1.120734247426,-8.907961001504E-02,
    1.338579014355));
#6982 = CARTESIAN_POINT('',(1.120734247426,-8.907961001504E-02,
    1.347443775378));
#6983 = ADVANCED_FACE('',(#6984),#7000,.F.);
#6984 = FACE_BOUND('',#6985,.T.);
#6985 = EDGE_LOOP('',(#6986,#6987,#6994,#6999));
#6986 = ORIENTED_EDGE('',*,*,#1351,.T.);
#6987 = ORIENTED_EDGE('',*,*,#6988,.F.);
#6988 = EDGE_CURVE('',#6989,#1345,#6991,.T.);
#6989 = VERTEX_POINT('',#6990);
#6990 = CARTESIAN_POINT('',(1.099507023277,-6.651358677416E-02,
    1.347443775378));
#6991 = B_SPLINE_CURVE_WITH_KNOTS('',1,(#6992,#6993),.UNSPECIFIED.,.F.,
  .F.,(2,2),(-0.,8.864761022221E-03),.PIECEWISE_BEZIER_KNOTS.);
#6992 = CARTESIAN_POINT('',(1.099507023277,-6.651358677416E-02,
    1.347443775378));
#6993 = CARTESIAN_POINT('',(1.099507023277,-6.651358677416E-02,
    1.338579014355));
#6994 = ORIENTED_EDGE('',*,*,#6995,.F.);
#6995 = EDGE_CURVE('',#6967,#6989,#6996,.T.);
#6996 = B_SPLINE_CURVE_WITH_KNOTS('',1,(#6997,#6998),.UNSPECIFIED.,.F.,
  .F.,(2,2),(-2.256602324088E-02,0.),.PIECEWISE_BEZIER_KNOTS.);
#6997 = CARTESIAN_POINT('',(1.099507023277,-8.907961001504E-02,
    1.347443775378));
#6998 = CARTESIAN_POINT('',(1.099507023277,-6.651358677416E-02,
    1.347443775378));
#6999 = ORIENTED_EDGE('',*,*,#6966,.T.);
#7000 = B_SPLINE_SURFACE_WITH_KNOTS('',1,1,(
    (#7001,#7002)
    ,(#7003,#7004
    )),.UNSPECIFIED.,.F.,.F.,.F.,(2,2),(2,2),(-8.864761022221E-03,0.),(
    -2.256602324088E-02,0.),.PIECEWISE_BEZIER_KNOTS.);
#7001 = CARTESIAN_POINT('',(1.099507023277,-8.907961001504E-02,
    1.338579014355));
#7002 = CARTESIAN_POINT('',(1.099507023277,-6.651358677416E-02,
    1.338579014355));
#7003 = CARTESIAN_POINT('',(1.099507023277,-8.907961001504E-02,
    1.347443775378));
#7004 = CARTESIAN_POINT('',(1.099507023277,-6.651358677416E-02,
    1.347443775378));
#7005 = ADVANCED_FACE('',(#7006),#7022,.F.);
#7006 = FACE_BOUND('',#7007,.T.);
#7007 = EDGE_LOOP('',(#7008,#7009,#7016,#7021));
#7008 = ORIENTED_EDGE('',*,*,#1344,.T.);
#7009 = ORIENTED_EDGE('',*,*,#7010,.F.);
#7010 = EDGE_CURVE('',#7011,#1338,#7013,.T.);
#7011 = VERTEX_POINT('',#7012);
#7012 = CARTESIAN_POINT('',(1.092280734205,-6.651358677416E-02,
    1.347443775378));
#7013 = B_SPLINE_CURVE_WITH_KNOTS('',1,(#7014,#7015),.UNSPECIFIED.,.F.,
  .F.,(2,2),(-0.,8.864761022221E-03),.PIECEWISE_BEZIER_KNOTS.);
#7014 = CARTESIAN_POINT('',(1.092280734205,-6.651358677416E-02,
    1.347443775378));
#7015 = CARTESIAN_POINT('',(1.092280734205,-6.651358677416E-02,
    1.338579014355));
#7016 = ORIENTED_EDGE('',*,*,#7017,.F.);
#7017 = EDGE_CURVE('',#6989,#7011,#7018,.T.);
#7018 = B_SPLINE_CURVE_WITH_KNOTS('',1,(#7019,#7020),.UNSPECIFIED.,.F.,
  .F.,(2,2),(-7.226289072041E-03,-0.),.PIECEWISE_BEZIER_KNOTS.);
#7019 = CARTESIAN_POINT('',(1.099507023277,-6.651358677416E-02,
    1.347443775378));
#7020 = CARTESIAN_POINT('',(1.092280734205,-6.651358677416E-02,
    1.347443775378));
#7021 = ORIENTED_EDGE('',*,*,#6988,.T.);
#7022 = B_SPLINE_SURFACE_WITH_KNOTS('',1,1,(
    (#7023,#7024)
    ,(#7025,#7026
    )),.UNSPECIFIED.,.F.,.F.,.F.,(2,2),(2,2),(0.,7.226289072041E-03),(
    -8.864761022221E-03,0.),.PIECEWISE_BEZIER_KNOTS.);
#7023 = CARTESIAN_POINT('',(1.092280734205,-6.651358677416E-02,
    1.338579014355));
#7024 = CARTESIAN_POINT('',(1.092280734205,-6.651358677416E-02,
    1.347443775378));
#7025 = CARTESIAN_POINT('',(1.099507023277,-6.651358677416E-02,
    1.338579014355));
#7026 = CARTESIAN_POINT('',(1.099507023277,-6.651358677416E-02,
    1.347443775378));
#7027 = ADVANCED_FACE('',(#7028),#7044,.F.);
#7028 = FACE_BOUND('',#7029,.T.);
#7029 = EDGE_LOOP('',(#7030,#7031,#7038,#7043));
#7030 = ORIENTED_EDGE('',*,*,#1337,.T.);
#7031 = ORIENTED_EDGE('',*,*,#7032,.F.);
#7032 = EDGE_CURVE('',#7033,#1331,#7035,.T.);
#7033 = VERTEX_POINT('',#7034);
#7034 = CARTESIAN_POINT('',(1.092280734205,-8.907961001504E-02,
    1.347443775378));
#7035 = B_SPLINE_CURVE_WITH_KNOTS('',1,(#7036,#7037),.UNSPECIFIED.,.F.,
  .F.,(2,2),(-0.,8.864761022221E-03),.PIECEWISE_BEZIER_KNOTS.);
#7036 = CARTESIAN_POINT('',(1.092280734205,-8.907961001504E-02,
    1.347443775378));
#7037 = CARTESIAN_POINT('',(1.092280734205,-8.907961001504E-02,
    1.338579014355));
#7038 = ORIENTED_EDGE('',*,*,#7039,.F.);
#7039 = EDGE_CURVE('',#7011,#7033,#7040,.T.);
#7040 = B_SPLINE_CURVE_WITH_KNOTS('',1,(#7041,#7042),.UNSPECIFIED.,.F.,
  .F.,(2,2),(-2.256602324088E-02,-0.),.PIECEWISE_BEZIER_KNOTS.);
#7041 = CARTESIAN_POINT('',(1.092280734205,-6.651358677416E-02,
    1.347443775378));
#7042 = CARTESIAN_POINT('',(1.092280734205,-8.907961001504E-02,
    1.347443775378));
#7043 = ORIENTED_EDGE('',*,*,#7010,.T.);
#7044 = B_SPLINE_SURFACE_WITH_KNOTS('',1,1,(
    (#7045,#7046)
    ,(#7047,#7048
    )),.UNSPECIFIED.,.F.,.F.,.F.,(2,2),(2,2),(0.,8.864761022221E-03),(0.
    ,2.256602324088E-02),.PIECEWISE_BEZIER_KNOTS.);
#7045 = CARTESIAN_POINT('',(1.092280734205,-8.907961001504E-02,
    1.347443775378));
#7046 = CARTESIAN_POINT('',(1.092280734205,-6.651358677416E-02,
    1.347443775378));
#7047 = CARTESIAN_POINT('',(1.092280734205,-8.907961001504E-02,
    1.338579014355));
#7048 = CARTESIAN_POINT('',(1.092280734205,-6.651358677416E-02,
    1.338579014355));
#7049 = ADVANCED_FACE('',(#7050),#7066,.F.);
#7050 = FACE_BOUND('',#7051,.T.);
#7051 = EDGE_LOOP('',(#7052,#7053,#7060,#7065));
#7052 = ORIENTED_EDGE('',*,*,#1330,.T.);
#7053 = ORIENTED_EDGE('',*,*,#7054,.F.);
#7054 = EDGE_CURVE('',#7055,#1324,#7057,.T.);
#7055 = VERTEX_POINT('',#7056);
#7056 = CARTESIAN_POINT('',(1.072085837066,-8.907961001504E-02,
    1.347443775378));
#7057 = B_SPLINE_CURVE_WITH_KNOTS('',1,(#7058,#7059),.UNSPECIFIED.,.F.,
  .F.,(2,2),(-0.,8.864761022221E-03),.PIECEWISE_BEZIER_KNOTS.);
#7058 = CARTESIAN_POINT('',(1.072085837066,-8.907961001504E-02,
    1.347443775378));
#7059 = CARTESIAN_POINT('',(1.072085837066,-8.907961001504E-02,
    1.338579014355));
#7060 = ORIENTED_EDGE('',*,*,#7061,.F.);
#7061 = EDGE_CURVE('',#7033,#7055,#7062,.T.);
#7062 = B_SPLINE_CURVE_WITH_KNOTS('',1,(#7063,#7064),.UNSPECIFIED.,.F.,
  .F.,(2,2),(-2.019489713922E-02,-0.),.PIECEWISE_BEZIER_KNOTS.);
#7063 = CARTESIAN_POINT('',(1.092280734205,-8.907961001504E-02,
    1.347443775378));
#7064 = CARTESIAN_POINT('',(1.072085837066,-8.907961001504E-02,
    1.347443775378));
#7065 = ORIENTED_EDGE('',*,*,#7032,.T.);
#7066 = B_SPLINE_SURFACE_WITH_KNOTS('',1,1,(
    (#7067,#7068)
    ,(#7069,#7070
    )),.UNSPECIFIED.,.F.,.F.,.F.,(2,2),(2,2),(0.,2.019489713922E-02),(
    -8.864761022221E-03,0.),.PIECEWISE_BEZIER_KNOTS.);
#7067 = CARTESIAN_POINT('',(1.072085837066,-8.907961001504E-02,
    1.338579014355));
#7068 = CARTESIAN_POINT('',(1.072085837066,-8.907961001504E-02,
    1.347443775378));
#7069 = CARTESIAN_POINT('',(1.092280734205,-8.907961001504E-02,
    1.338579014355));
#7070 = CARTESIAN_POINT('',(1.092280734205,-8.907961001504E-02,
    1.347443775378));
#7071 = ADVANCED_FACE('',(#7072),#7088,.F.);
#7072 = FACE_BOUND('',#7073,.T.);
#7073 = EDGE_LOOP('',(#7074,#7075,#7082,#7087));
#7074 = ORIENTED_EDGE('',*,*,#1323,.T.);
#7075 = ORIENTED_EDGE('',*,*,#7076,.F.);
#7076 = EDGE_CURVE('',#7077,#1317,#7079,.T.);
#7077 = VERTEX_POINT('',#7078);
#7078 = CARTESIAN_POINT('',(1.072085837066,-6.472314461578E-02,
    1.347443775378));
#7079 = B_SPLINE_CURVE_WITH_KNOTS('',1,(#7080,#7081),.UNSPECIFIED.,.F.,
  .F.,(2,2),(-0.,8.864761022221E-03),.PIECEWISE_BEZIER_KNOTS.);
#7080 = CARTESIAN_POINT('',(1.072085837066,-6.472314461578E-02,
    1.347443775378));
#7081 = CARTESIAN_POINT('',(1.072085837066,-6.472314461578E-02,
    1.338579014355));
#7082 = ORIENTED_EDGE('',*,*,#7083,.F.);
#7083 = EDGE_CURVE('',#7055,#7077,#7084,.T.);
#7084 = B_SPLINE_CURVE_WITH_KNOTS('',1,(#7085,#7086),.UNSPECIFIED.,.F.,
  .F.,(2,2),(-2.435646539926E-02,0.),.PIECEWISE_BEZIER_KNOTS.);
#7085 = CARTESIAN_POINT('',(1.072085837066,-8.907961001504E-02,
    1.347443775378));
#7086 = CARTESIAN_POINT('',(1.072085837066,-6.472314461578E-02,
    1.347443775378));
#7087 = ORIENTED_EDGE('',*,*,#7054,.T.);
#7088 = B_SPLINE_SURFACE_WITH_KNOTS('',1,1,(
    (#7089,#7090)
    ,(#7091,#7092
    )),.UNSPECIFIED.,.F.,.F.,.F.,(2,2),(2,2),(-8.864761022221E-03,0.),(
    -2.435646539926E-02,0.),.PIECEWISE_BEZIER_KNOTS.);
#7089 = CARTESIAN_POINT('',(1.072085837066,-8.907961001504E-02,
    1.338579014355));
#7090 = CARTESIAN_POINT('',(1.072085837066,-6.472314461578E-02,
    1.338579014355));
#7091 = CARTESIAN_POINT('',(1.072085837066,-8.907961001504E-02,
    1.347443775378));
#7092 = CARTESIAN_POINT('',(1.072085837066,-6.472314461578E-02,
    1.347443775378));
#7093 = ADVANCED_FACE('',(#7094),#7110,.F.);
#7094 = FACE_BOUND('',#7095,.T.);
#7095 = EDGE_LOOP('',(#7096,#7097,#7104,#7109));
#7096 = ORIENTED_EDGE('',*,*,#1316,.T.);
#7097 = ORIENTED_EDGE('',*,*,#7098,.F.);
#7098 = EDGE_CURVE('',#7099,#1310,#7101,.T.);
#7099 = VERTEX_POINT('',#7100);
#7100 = CARTESIAN_POINT('',(1.064827287775,-6.472314461578E-02,
    1.347443775378));
#7101 = B_SPLINE_CURVE_WITH_KNOTS('',1,(#7102,#7103),.UNSPECIFIED.,.F.,
  .F.,(2,2),(-0.,8.864761022221E-03),.PIECEWISE_BEZIER_KNOTS.);
#7102 = CARTESIAN_POINT('',(1.064827287775,-6.472314461578E-02,
    1.347443775378));
#7103 = CARTESIAN_POINT('',(1.064827287775,-6.472314461578E-02,
    1.338579014355));
#7104 = ORIENTED_EDGE('',*,*,#7105,.F.);
#7105 = EDGE_CURVE('',#7077,#7099,#7106,.T.);
#7106 = B_SPLINE_CURVE_WITH_KNOTS('',1,(#7107,#7108),.UNSPECIFIED.,.F.,
  .F.,(2,2),(-7.258549291076E-03,-0.),.PIECEWISE_BEZIER_KNOTS.);
#7107 = CARTESIAN_POINT('',(1.072085837066,-6.472314461578E-02,
    1.347443775378));
#7108 = CARTESIAN_POINT('',(1.064827287775,-6.472314461578E-02,
    1.347443775378));
#7109 = ORIENTED_EDGE('',*,*,#7076,.T.);
#7110 = B_SPLINE_SURFACE_WITH_KNOTS('',1,1,(
    (#7111,#7112)
    ,(#7113,#7114
    )),.UNSPECIFIED.,.F.,.F.,.F.,(2,2),(2,2),(0.,8.864761022221E-03),(0.
    ,7.258549291076E-03),.PIECEWISE_BEZIER_KNOTS.);
#7111 = CARTESIAN_POINT('',(1.064827287775,-6.472314461578E-02,
    1.347443775378));
#7112 = CARTESIAN_POINT('',(1.072085837066,-6.472314461578E-02,
    1.347443775378));
#7113 = CARTESIAN_POINT('',(1.064827287775,-6.472314461578E-02,
    1.338579014355));
#7114 = CARTESIAN_POINT('',(1.072085837066,-6.472314461578E-02,
    1.338579014355));
#7115 = ADVANCED_FACE('',(#7116),#7132,.F.);
#7116 = FACE_BOUND('',#7117,.T.);
#7117 = EDGE_LOOP('',(#7118,#7119,#7126,#7131));
#7118 = ORIENTED_EDGE('',*,*,#1309,.T.);
#7119 = ORIENTED_EDGE('',*,*,#7120,.F.);
#7120 = EDGE_CURVE('',#7121,#1303,#7123,.T.);
#7121 = VERTEX_POINT('',#7122);
#7122 = CARTESIAN_POINT('',(1.064827287775,-9.722531533066E-02,
    1.347443775378));
#7123 = B_SPLINE_CURVE_WITH_KNOTS('',1,(#7124,#7125),.UNSPECIFIED.,.F.,
  .F.,(2,2),(-0.,8.864761022221E-03),.PIECEWISE_BEZIER_KNOTS.);
#7124 = CARTESIAN_POINT('',(1.064827287775,-9.722531533066E-02,
    1.347443775378));
#7125 = CARTESIAN_POINT('',(1.064827287775,-9.722531533066E-02,
    1.338579014355));
#7126 = ORIENTED_EDGE('',*,*,#7127,.F.);
#7127 = EDGE_CURVE('',#7099,#7121,#7128,.T.);
#7128 = B_SPLINE_CURVE_WITH_KNOTS('',1,(#7129,#7130),.UNSPECIFIED.,.F.,
  .F.,(2,2),(-3.250217071488E-02,0.),.PIECEWISE_BEZIER_KNOTS.);
#7129 = CARTESIAN_POINT('',(1.064827287775,-6.472314461578E-02,
    1.347443775378));
#7130 = CARTESIAN_POINT('',(1.064827287775,-9.722531533066E-02,
    1.347443775378));
#7131 = ORIENTED_EDGE('',*,*,#7098,.T.);
#7132 = B_SPLINE_SURFACE_WITH_KNOTS('',1,1,(
    (#7133,#7134)
    ,(#7135,#7136
    )),.UNSPECIFIED.,.F.,.F.,.F.,(2,2),(2,2),(0.,3.250217071488E-02),(
    -8.864761022221E-03,0.),.PIECEWISE_BEZIER_KNOTS.);
#7133 = CARTESIAN_POINT('',(1.064827287775,-9.722531533066E-02,
    1.338579014355));
#7134 = CARTESIAN_POINT('',(1.064827287775,-9.722531533066E-02,
    1.347443775378));
#7135 = CARTESIAN_POINT('',(1.064827287775,-6.472314461578E-02,
    1.338579014355));
#7136 = CARTESIAN_POINT('',(1.064827287775,-6.472314461578E-02,
    1.347443775378));
#7137 = ADVANCED_FACE('',(#7138),#7154,.F.);
#7138 = FACE_BOUND('',#7139,.T.);
#7139 = EDGE_LOOP('',(#7140,#7141,#7148,#7153));
#7140 = ORIENTED_EDGE('',*,*,#1302,.T.);
#7141 = ORIENTED_EDGE('',*,*,#7142,.F.);
#7142 = EDGE_CURVE('',#7143,#1296,#7145,.T.);
#7143 = VERTEX_POINT('',#7144);
#7144 = CARTESIAN_POINT('',(1.127928276279,-9.722531533066E-02,
    1.347443775378));
#7145 = B_SPLINE_CURVE_WITH_KNOTS('',1,(#7146,#7147),.UNSPECIFIED.,.F.,
  .F.,(2,2),(-0.,8.864761022221E-03),.PIECEWISE_BEZIER_KNOTS.);
#7146 = CARTESIAN_POINT('',(1.127928276279,-9.722531533066E-02,
    1.347443775378));
#7147 = CARTESIAN_POINT('',(1.127928276279,-9.722531533066E-02,
    1.338579014355));
#7148 = ORIENTED_EDGE('',*,*,#7149,.F.);
#7149 = EDGE_CURVE('',#7121,#7143,#7150,.T.);
#7150 = B_SPLINE_CURVE_WITH_KNOTS('',1,(#7151,#7152),.UNSPECIFIED.,.F.,
  .F.,(2,2),(-6.310098850454E-02,0.),.PIECEWISE_BEZIER_KNOTS.);
#7151 = CARTESIAN_POINT('',(1.064827287775,-9.722531533066E-02,
    1.347443775378));
#7152 = CARTESIAN_POINT('',(1.127928276279,-9.722531533066E-02,
    1.347443775378));
#7153 = ORIENTED_EDGE('',*,*,#7120,.T.);
#7154 = B_SPLINE_SURFACE_WITH_KNOTS('',1,1,(
    (#7155,#7156)
    ,(#7157,#7158
    )),.UNSPECIFIED.,.F.,.F.,.F.,(2,2),(2,2),(-0.,6.310098850454E-02),(
    -8.864761022221E-03,0.),.PIECEWISE_BEZIER_KNOTS.);
#7155 = CARTESIAN_POINT('',(1.127928276279,-9.722531533066E-02,
    1.338579014355));
#7156 = CARTESIAN_POINT('',(1.127928276279,-9.722531533066E-02,
    1.347443775378));
#7157 = CARTESIAN_POINT('',(1.064827287775,-9.722531533066E-02,
    1.338579014355));
#7158 = CARTESIAN_POINT('',(1.064827287775,-9.722531533066E-02,
    1.347443775378));
#7159 = ADVANCED_FACE('',(#7160),#7170,.F.);
#7160 = FACE_BOUND('',#7161,.T.);
#7161 = EDGE_LOOP('',(#7162,#7163,#7164,#7169));
#7162 = ORIENTED_EDGE('',*,*,#1295,.T.);
#7163 = ORIENTED_EDGE('',*,*,#6930,.F.);
#7164 = ORIENTED_EDGE('',*,*,#7165,.F.);
#7165 = EDGE_CURVE('',#7143,#6924,#7166,.T.);
#7166 = B_SPLINE_CURVE_WITH_KNOTS('',1,(#7167,#7168),.UNSPECIFIED.,.F.,
  .F.,(2,2),(-3.393775046367E-02,0.),.PIECEWISE_BEZIER_KNOTS.);
#7167 = CARTESIAN_POINT('',(1.127928276279,-9.722531533066E-02,
    1.347443775378));
#7168 = CARTESIAN_POINT('',(1.127928276279,-6.328756486699E-02,
    1.347443775378));
#7169 = ORIENTED_EDGE('',*,*,#7142,.T.);
#7170 = B_SPLINE_SURFACE_WITH_KNOTS('',1,1,(
    (#7171,#7172)
    ,(#7173,#7174
    )),.UNSPECIFIED.,.F.,.F.,.F.,(2,2),(2,2),(-8.864761022221E-03,0.),(
    -3.393775046367E-02,0.),.PIECEWISE_BEZIER_KNOTS.);
#7171 = CARTESIAN_POINT('',(1.127928276279,-9.722531533066E-02,
    1.338579014355));
#7172 = CARTESIAN_POINT('',(1.127928276279,-6.328756486699E-02,
    1.338579014355));
#7173 = CARTESIAN_POINT('',(1.127928276279,-9.722531533066E-02,
    1.347443775378));
#7174 = CARTESIAN_POINT('',(1.127928276279,-6.328756486699E-02,
    1.347443775378));
#7175 = ADVANCED_FACE('',(#7176),#7190,.F.);
#7176 = FACE_BOUND('',#7177,.T.);
#7177 = EDGE_LOOP('',(#7178,#7179,#7180,#7181,#7182,#7183,#7184,#7185,
    #7186,#7187,#7188,#7189));
#7178 = ORIENTED_EDGE('',*,*,#6923,.T.);
#7179 = ORIENTED_EDGE('',*,*,#6951,.T.);
#7180 = ORIENTED_EDGE('',*,*,#6973,.T.);
#7181 = ORIENTED_EDGE('',*,*,#6995,.T.);
#7182 = ORIENTED_EDGE('',*,*,#7017,.T.);
#7183 = ORIENTED_EDGE('',*,*,#7039,.T.);
#7184 = ORIENTED_EDGE('',*,*,#7061,.T.);
#7185 = ORIENTED_EDGE('',*,*,#7083,.T.);
#7186 = ORIENTED_EDGE('',*,*,#7105,.T.);
#7187 = ORIENTED_EDGE('',*,*,#7127,.T.);
#7188 = ORIENTED_EDGE('',*,*,#7149,.T.);
#7189 = ORIENTED_EDGE('',*,*,#7165,.T.);
#7190 = B_SPLINE_SURFACE_WITH_KNOTS('',1,1,(
    (#7191,#7192)
    ,(#7193,#7194
    )),.UNSPECIFIED.,.F.,.F.,.F.,(2,2),(2,2),(-1.127928276279,
    -1.064827287775),(-9.722531533057E-02,-6.32875648669E-02),
  .PIECEWISE_BEZIER_KNOTS.);
#7191 = CARTESIAN_POINT('',(1.127928276279,-9.722531533066E-02,
    1.347443775378));
#7192 = CARTESIAN_POINT('',(1.127928276279,-6.328756486699E-02,
    1.347443775378));
#7193 = CARTESIAN_POINT('',(1.064827287775,-9.722531533066E-02,
    1.347443775378));
#7194 = CARTESIAN_POINT('',(1.064827287775,-6.328756486699E-02,
    1.347443775378));
#7195 = ADVANCED_FACE('',(#7196,#7312),#7382,.T.);
#7196 = FACE_BOUND('',#7197,.T.);
#7197 = EDGE_LOOP('',(#7198,#7209,#7216,#7225,#7234,#7241,#7250,#7259,
    #7268,#7277,#7284,#7291,#7298,#7305));
#7198 = ORIENTED_EDGE('',*,*,#7199,.T.);
#7199 = EDGE_CURVE('',#7200,#7202,#7204,.T.);
#7200 = VERTEX_POINT('',#7201);
#7201 = CARTESIAN_POINT('',(1.081828423226,-3.580185821766E-02,
    1.347443775378));
#7202 = VERTEX_POINT('',#7203);
#7203 = CARTESIAN_POINT('',(1.086022251705,-5.131902359141E-02,
    1.347443775378));
#7204 = B_SPLINE_CURVE_WITH_KNOTS('',3,(#7205,#7206,#7207,#7208),
  .UNSPECIFIED.,.F.,.F.,(4,4),(0.,1.),.PIECEWISE_BEZIER_KNOTS.);
#7205 = CARTESIAN_POINT('',(1.081828423226,-3.580185821766E-02,
    1.347443775378));
#7206 = CARTESIAN_POINT('',(1.081828423226,-4.167321808873E-02,
    1.347443775378));
#7207 = CARTESIAN_POINT('',(1.083215612646,-4.685098324989E-02,
    1.347443775378));
#7208 = CARTESIAN_POINT('',(1.086022251705,-5.131902359141E-02,
    1.347443775378));
#7209 = ORIENTED_EDGE('',*,*,#7210,.T.);
#7210 = EDGE_CURVE('',#7202,#7211,#7213,.T.);
#7211 = VERTEX_POINT('',#7212);
#7212 = CARTESIAN_POINT('',(1.093700183844,-5.131902359141E-02,
    1.347443775378));
#7213 = B_SPLINE_CURVE_WITH_KNOTS('',1,(#7214,#7215),.UNSPECIFIED.,.F.,
  .F.,(2,2),(-7.677932139394E-03,0.),.PIECEWISE_BEZIER_KNOTS.);
#7214 = CARTESIAN_POINT('',(1.086022251705,-5.131902359141E-02,
    1.347443775378));
#7215 = CARTESIAN_POINT('',(1.093700183844,-5.131902359141E-02,
    1.347443775378));
#7216 = ORIENTED_EDGE('',*,*,#7217,.T.);
#7217 = EDGE_CURVE('',#7211,#7218,#7220,.T.);
#7218 = VERTEX_POINT('',#7219);
#7219 = CARTESIAN_POINT('',(1.088248206821,-3.654384325633E-02,
    1.347443775378));
#7220 = B_SPLINE_CURVE_WITH_KNOTS('',3,(#7221,#7222,#7223,#7224),
  .UNSPECIFIED.,.F.,.F.,(4,4),(12.,13.),.PIECEWISE_BEZIER_KNOTS.);
#7221 = CARTESIAN_POINT('',(1.093700183844,-5.131902359141E-02,
    1.347443775378));
#7222 = CARTESIAN_POINT('',(1.090087039308,-4.68671133594E-02,
    1.347443775378));
#7223 = CARTESIAN_POINT('',(1.088248206821,-4.194742995095E-02,
    1.347443775378));
#7224 = CARTESIAN_POINT('',(1.088248206821,-3.654384325633E-02,
    1.347443775378));
#7225 = ORIENTED_EDGE('',*,*,#7226,.T.);
#7226 = EDGE_CURVE('',#7218,#7227,#7229,.T.);
#7227 = VERTEX_POINT('',#7228);
#7228 = CARTESIAN_POINT('',(1.099281201743,-2.741420125907E-02,
    1.347443775378));
#7229 = B_SPLINE_CURVE_WITH_KNOTS('',3,(#7230,#7231,#7232,#7233),
  .UNSPECIFIED.,.F.,.F.,(4,4),(11.,12.),.PIECEWISE_BEZIER_KNOTS.);
#7230 = CARTESIAN_POINT('',(1.088248206821,-3.654384325633E-02,
    1.347443775378));
#7231 = CARTESIAN_POINT('',(1.088248206821,-3.046279196133E-02,
    1.347443775378));
#7232 = CARTESIAN_POINT('',(1.091925871795,-2.741420125907E-02,
    1.347443775378));
#7233 = CARTESIAN_POINT('',(1.099281201743,-2.741420125907E-02,
    1.347443775378));
#7234 = ORIENTED_EDGE('',*,*,#7235,.T.);
#7235 = EDGE_CURVE('',#7227,#7236,#7238,.T.);
#7236 = VERTEX_POINT('',#7237);
#7237 = CARTESIAN_POINT('',(1.10115229445,-4.076993195488E-02,
    1.347443775378));
#7238 = B_SPLINE_CURVE_WITH_KNOTS('',1,(#7239,#7240),.UNSPECIFIED.,.F.,
  .F.,(2,2),(-1.348616069659E-02,0.),.PIECEWISE_BEZIER_KNOTS.);
#7239 = CARTESIAN_POINT('',(1.099281201743,-2.741420125907E-02,
    1.347443775378));
#7240 = CARTESIAN_POINT('',(1.10115229445,-4.076993195488E-02,
    1.347443775378));
#7241 = ORIENTED_EDGE('',*,*,#7242,.T.);
#7242 = EDGE_CURVE('',#7236,#7243,#7245,.T.);
#7243 = VERTEX_POINT('',#7244);
#7244 = CARTESIAN_POINT('',(1.115862954346,-5.572254349465E-02,
    1.347443775378));
#7245 = B_SPLINE_CURVE_WITH_KNOTS('',3,(#7246,#7247,#7248,#7249),
  .UNSPECIFIED.,.F.,.F.,(4,4),(9.,10.),.PIECEWISE_BEZIER_KNOTS.);
#7246 = CARTESIAN_POINT('',(1.10115229445,-4.076993195488E-02,
    1.347443775378));
#7247 = CARTESIAN_POINT('',(1.10253948387,-5.073833964792E-02,
    1.347443775378));
#7248 = CARTESIAN_POINT('',(1.107443037169,-5.572254349465E-02,
    1.347443775378));
#7249 = CARTESIAN_POINT('',(1.115862954346,-5.572254349465E-02,
    1.347443775378));
#7250 = ORIENTED_EDGE('',*,*,#7251,.T.);
#7251 = EDGE_CURVE('',#7243,#7252,#7254,.T.);
#7252 = VERTEX_POINT('',#7253);
#7253 = CARTESIAN_POINT('',(1.125444239411,-5.185131720592E-02,
    1.347443775378));
#7254 = B_SPLINE_CURVE_WITH_KNOTS('',3,(#7255,#7256,#7257,#7258),
  .UNSPECIFIED.,.F.,.F.,(4,4),(8.,9.),.PIECEWISE_BEZIER_KNOTS.);
#7255 = CARTESIAN_POINT('',(1.115862954346,-5.572254349465E-02,
    1.347443775378));
#7256 = CARTESIAN_POINT('',(1.11989548173,-5.572254349465E-02,
    1.347443775378));
#7257 = CARTESIAN_POINT('',(1.123089243419,-5.443213473174E-02,
    1.347443775378));
#7258 = CARTESIAN_POINT('',(1.125444239411,-5.185131720592E-02,
    1.347443775378));
#7259 = ORIENTED_EDGE('',*,*,#7260,.T.);
#7260 = EDGE_CURVE('',#7252,#7261,#7263,.T.);
#7261 = VERTEX_POINT('',#7262);
#7262 = CARTESIAN_POINT('',(1.128992863509,-4.143126644575E-02,
    1.347443775378));
#7263 = B_SPLINE_CURVE_WITH_KNOTS('',3,(#7264,#7265,#7266,#7267),
  .UNSPECIFIED.,.F.,.F.,(4,4),(7.,8.),.PIECEWISE_BEZIER_KNOTS.);
#7264 = CARTESIAN_POINT('',(1.125444239411,-5.185131720592E-02,
    1.347443775378));
#7265 = CARTESIAN_POINT('',(1.127799235403,-4.927049968032E-02,
    1.347443775378));
#7266 = CARTESIAN_POINT('',(1.128992863509,-4.580252612995E-02,
    1.347443775378));
#7267 = CARTESIAN_POINT('',(1.128992863509,-4.143126644575E-02,
    1.347443775378));
#7268 = ORIENTED_EDGE('',*,*,#7269,.T.);
#7269 = EDGE_CURVE('',#7261,#7270,#7272,.T.);
#7270 = VERTEX_POINT('',#7271);
#7271 = CARTESIAN_POINT('',(1.12096006896,-2.762389268301E-02,
    1.347443775378));
#7272 = B_SPLINE_CURVE_WITH_KNOTS('',3,(#7273,#7274,#7275,#7276),
  .UNSPECIFIED.,.F.,.F.,(4,4),(6.,7.),.PIECEWISE_BEZIER_KNOTS.);
#7273 = CARTESIAN_POINT('',(1.128992863509,-4.143126644575E-02,
    1.347443775378));
#7274 = CARTESIAN_POINT('',(1.128992863509,-3.535021515074E-02,
    1.347443775378));
#7275 = CARTESIAN_POINT('',(1.126315265326,-3.073700382335E-02,
    1.347443775378));
#7276 = CARTESIAN_POINT('',(1.12096006896,-2.762389268301E-02,
    1.347443775378));
#7277 = ORIENTED_EDGE('',*,*,#7278,.T.);
#7278 = EDGE_CURVE('',#7270,#7279,#7281,.T.);
#7279 = VERTEX_POINT('',#7280);
#7280 = CARTESIAN_POINT('',(1.12096006896,-2.741420125907E-02,
    1.347443775378));
#7281 = B_SPLINE_CURVE_WITH_KNOTS('',1,(#7282,#7283),.UNSPECIFIED.,.F.,
  .F.,(2,2),(-2.09691423943E-04,0.),.PIECEWISE_BEZIER_KNOTS.);
#7282 = CARTESIAN_POINT('',(1.12096006896,-2.762389268301E-02,
    1.347443775378));
#7283 = CARTESIAN_POINT('',(1.12096006896,-2.741420125907E-02,
    1.347443775378));
#7284 = ORIENTED_EDGE('',*,*,#7285,.T.);
#7285 = EDGE_CURVE('',#7279,#7286,#7288,.T.);
#7286 = VERTEX_POINT('',#7287);
#7287 = CARTESIAN_POINT('',(1.127928276279,-2.741420125907E-02,
    1.347443775378));
#7288 = B_SPLINE_CURVE_WITH_KNOTS('',1,(#7289,#7290),.UNSPECIFIED.,.F.,
  .F.,(2,2),(-6.968207319329E-03,0.),.PIECEWISE_BEZIER_KNOTS.);
#7289 = CARTESIAN_POINT('',(1.12096006896,-2.741420125907E-02,
    1.347443775378));
#7290 = CARTESIAN_POINT('',(1.127928276279,-2.741420125907E-02,
    1.347443775378));
#7291 = ORIENTED_EDGE('',*,*,#7292,.T.);
#7292 = EDGE_CURVE('',#7286,#7293,#7295,.T.);
#7293 = VERTEX_POINT('',#7294);
#7294 = CARTESIAN_POINT('',(1.127928276279,-1.951044758643E-02,
    1.347443775378));
#7295 = B_SPLINE_CURVE_WITH_KNOTS('',1,(#7296,#7297),.UNSPECIFIED.,.F.,
  .F.,(2,2),(-7.903753672639E-03,0.),.PIECEWISE_BEZIER_KNOTS.);
#7296 = CARTESIAN_POINT('',(1.127928276279,-2.741420125907E-02,
    1.347443775378));
#7297 = CARTESIAN_POINT('',(1.127928276279,-1.951044758643E-02,
    1.347443775378));
#7298 = ORIENTED_EDGE('',*,*,#7299,.T.);
#7299 = EDGE_CURVE('',#7293,#7300,#7302,.T.);
#7300 = VERTEX_POINT('',#7301);
#7301 = CARTESIAN_POINT('',(1.098926339334,-1.951044758643E-02,
    1.347443775378));
#7302 = B_SPLINE_CURVE_WITH_KNOTS('',1,(#7303,#7304),.UNSPECIFIED.,.F.,
  .F.,(2,2),(-2.900193694527E-02,-0.),.PIECEWISE_BEZIER_KNOTS.);
#7303 = CARTESIAN_POINT('',(1.127928276279,-1.951044758643E-02,
    1.347443775378));
#7304 = CARTESIAN_POINT('',(1.098926339334,-1.951044758643E-02,
    1.347443775378));
#7305 = ORIENTED_EDGE('',*,*,#7306,.T.);
#7306 = EDGE_CURVE('',#7300,#7200,#7307,.T.);
#7307 = B_SPLINE_CURVE_WITH_KNOTS('',3,(#7308,#7309,#7310,#7311),
  .UNSPECIFIED.,.F.,.F.,(4,4),(1.,2.),.PIECEWISE_BEZIER_KNOTS.);
#7308 = CARTESIAN_POINT('',(1.098926339334,-1.951044758643E-02,
    1.347443775378));
#7309 = CARTESIAN_POINT('',(1.087506221782,-1.951044758643E-02,
    1.347443775378));
#7310 = CARTESIAN_POINT('',(1.081828423226,-2.494629450009E-02,
    1.347443775378));
#7311 = CARTESIAN_POINT('',(1.081828423226,-3.580185821766E-02,
    1.347443775378));
#7312 = FACE_BOUND('',#7313,.T.);
#7313 = EDGE_LOOP('',(#7314,#7325,#7334,#7341,#7348,#7357,#7366,#7375));
#7314 = ORIENTED_EDGE('',*,*,#7315,.F.);
#7315 = EDGE_CURVE('',#7316,#7318,#7320,.T.);
#7316 = VERTEX_POINT('',#7317);
#7317 = CARTESIAN_POINT('',(1.10950769119,-4.560896481553E-02,
    1.347443775378));
#7318 = VERTEX_POINT('',#7319);
#7319 = CARTESIAN_POINT('',(1.115217749965,-4.770587905518E-02,
    1.347443775378));
#7320 = B_SPLINE_CURVE_WITH_KNOTS('',3,(#7321,#7322,#7323,#7324),
  .UNSPECIFIED.,.F.,.F.,(4,4),(1.,2.),.PIECEWISE_BEZIER_KNOTS.);
#7321 = CARTESIAN_POINT('',(1.10950769119,-4.560896481553E-02,
    1.347443775378));
#7322 = CARTESIAN_POINT('',(1.11086262039,-4.699615423576E-02,
    1.347443775378));
#7323 = CARTESIAN_POINT('',(1.112765973316,-4.770587905518E-02,
    1.347443775378));
#7324 = CARTESIAN_POINT('',(1.115217749965,-4.770587905518E-02,
    1.347443775378));
#7325 = ORIENTED_EDGE('',*,*,#7326,.F.);
#7326 = EDGE_CURVE('',#7327,#7316,#7329,.T.);
#7327 = VERTEX_POINT('',#7328);
#7328 = CARTESIAN_POINT('',(1.106733312349,-3.79632928956E-02,
    1.347443775378));
#7329 = B_SPLINE_CURVE_WITH_KNOTS('',3,(#7330,#7331,#7332,#7333),
  .UNSPECIFIED.,.F.,.F.,(4,4),(0.,1.),.PIECEWISE_BEZIER_KNOTS.);
#7330 = CARTESIAN_POINT('',(1.106733312349,-3.79632928956E-02,
    1.347443775378));
#7331 = CARTESIAN_POINT('',(1.107249475855,-4.165708797921E-02,
    1.347443775378));
#7332 = CARTESIAN_POINT('',(1.108152761988,-4.420564528599E-02,
    1.347443775378));
#7333 = CARTESIAN_POINT('',(1.10950769119,-4.560896481553E-02,
    1.347443775378));
#7334 = ORIENTED_EDGE('',*,*,#7335,.F.);
#7335 = EDGE_CURVE('',#7336,#7327,#7338,.T.);
#7336 = VERTEX_POINT('',#7337);
#7337 = CARTESIAN_POINT('',(1.10531386271,-2.741420125907E-02,
    1.347443775378));
#7338 = B_SPLINE_CURVE_WITH_KNOTS('',1,(#7339,#7340),.UNSPECIFIED.,.F.,
  .F.,(2,2),(0.,1.064416138709E-02),.PIECEWISE_BEZIER_KNOTS.);
#7339 = CARTESIAN_POINT('',(1.10531386271,-2.741420125907E-02,
    1.347443775378));
#7340 = CARTESIAN_POINT('',(1.106733312349,-3.79632928956E-02,
    1.347443775378));
#7341 = ORIENTED_EDGE('',*,*,#7342,.F.);
#7342 = EDGE_CURVE('',#7343,#7336,#7345,.T.);
#7343 = VERTEX_POINT('',#7344);
#7344 = CARTESIAN_POINT('',(1.109636732066,-2.741420125907E-02,
    1.347443775378));
#7345 = B_SPLINE_CURVE_WITH_KNOTS('',1,(#7346,#7347),.UNSPECIFIED.,.F.,
  .F.,(2,2),(0.,4.322869355866E-03),.PIECEWISE_BEZIER_KNOTS.);
#7346 = CARTESIAN_POINT('',(1.109636732066,-2.741420125907E-02,
    1.347443775378));
#7347 = CARTESIAN_POINT('',(1.10531386271,-2.741420125907E-02,
    1.347443775378));
#7348 = ORIENTED_EDGE('',*,*,#7349,.F.);
#7349 = EDGE_CURVE('',#7350,#7343,#7352,.T.);
#7350 = VERTEX_POINT('',#7351);
#7351 = CARTESIAN_POINT('',(1.118830894501,-3.080152426163E-02,
    1.347443775378));
#7352 = B_SPLINE_CURVE_WITH_KNOTS('',3,(#7353,#7354,#7355,#7356),
  .UNSPECIFIED.,.F.,.F.,(4,4),(5.,6.),.PIECEWISE_BEZIER_KNOTS.);
#7353 = CARTESIAN_POINT('',(1.118830894501,-3.080152426163E-02,
    1.347443775378));
#7354 = CARTESIAN_POINT('',(1.116411378071,-2.854330892659E-02,
    1.347443775378));
#7355 = CARTESIAN_POINT('',(1.113346657259,-2.741420125907E-02,
    1.347443775378));
#7356 = CARTESIAN_POINT('',(1.109636732066,-2.741420125907E-02,
    1.347443775378));
#7357 = ORIENTED_EDGE('',*,*,#7358,.F.);
#7358 = EDGE_CURVE('',#7359,#7350,#7361,.T.);
#7359 = VERTEX_POINT('',#7360);
#7360 = CARTESIAN_POINT('',(1.122508559475,-3.938274253465E-02,
    1.347443775378));
#7361 = B_SPLINE_CURVE_WITH_KNOTS('',3,(#7362,#7363,#7364,#7365),
  .UNSPECIFIED.,.F.,.F.,(4,4),(4.,5.),.PIECEWISE_BEZIER_KNOTS.);
#7362 = CARTESIAN_POINT('',(1.122508559475,-3.938274253465E-02,
    1.347443775378));
#7363 = CARTESIAN_POINT('',(1.122508559475,-3.59147689845E-02,
    1.347443775378));
#7364 = CARTESIAN_POINT('',(1.121282671151,-3.304360948715E-02,
    1.347443775378));
#7365 = CARTESIAN_POINT('',(1.118830894501,-3.080152426163E-02,
    1.347443775378));
#7366 = ORIENTED_EDGE('',*,*,#7367,.F.);
#7367 = EDGE_CURVE('',#7368,#7359,#7370,.T.);
#7368 = VERTEX_POINT('',#7369);
#7369 = CARTESIAN_POINT('',(1.120476165674,-4.54154035011E-02,
    1.347443775378));
#7370 = B_SPLINE_CURVE_WITH_KNOTS('',3,(#7371,#7372,#7373,#7374),
  .UNSPECIFIED.,.F.,.F.,(4,4),(3.,4.),.PIECEWISE_BEZIER_KNOTS.);
#7371 = CARTESIAN_POINT('',(1.120476165674,-4.54154035011E-02,
    1.347443775378));
#7372 = CARTESIAN_POINT('',(1.121831094875,-4.389917320473E-02,
    1.347443775378));
#7373 = CARTESIAN_POINT('',(1.122508559475,-4.188290951288E-02,
    1.347443775378));
#7374 = CARTESIAN_POINT('',(1.122508559475,-3.938274253465E-02,
    1.347443775378));
#7375 = ORIENTED_EDGE('',*,*,#7376,.F.);
#7376 = EDGE_CURVE('',#7318,#7368,#7377,.T.);
#7377 = B_SPLINE_CURVE_WITH_KNOTS('',3,(#7378,#7379,#7380,#7381),
  .UNSPECIFIED.,.F.,.F.,(4,4),(2.,3.),.PIECEWISE_BEZIER_KNOTS.);
#7378 = CARTESIAN_POINT('',(1.115217749965,-4.770587905518E-02,
    1.347443775378));
#7379 = CARTESIAN_POINT('',(1.117379184643,-4.770587905518E-02,
    1.347443775378));
#7380 = CARTESIAN_POINT('',(1.119121236473,-4.694776390699E-02,
    1.347443775378));
#7381 = CARTESIAN_POINT('',(1.120476165674,-4.54154035011E-02,
    1.347443775378));
#7382 = B_SPLINE_SURFACE_WITH_KNOTS('',1,1,(
    (#7383,#7384)
    ,(#7385,#7386
    )),.UNSPECIFIED.,.F.,.F.,.F.,(2,2),(2,2),(-1.044424592499E-03,
    4.612001569062E-02),(-1.163585776654E-02,2.457623814168E-02),
  .PIECEWISE_BEZIER_KNOTS.);
#7383 = CARTESIAN_POINT('',(1.081828423226,-5.572254349465E-02,
    1.347443775378));
#7384 = CARTESIAN_POINT('',(1.081828423226,-1.951044758643E-02,
    1.347443775378));
#7385 = CARTESIAN_POINT('',(1.128992863509,-5.572254349465E-02,
    1.347443775378));
#7386 = CARTESIAN_POINT('',(1.128992863509,-1.951044758643E-02,
    1.347443775378));
#7387 = ADVANCED_FACE('',(#7388),#7402,.F.);
#7388 = FACE_BOUND('',#7389,.F.);
#7389 = EDGE_LOOP('',(#7390,#7395,#7396,#7401));
#7390 = ORIENTED_EDGE('',*,*,#7391,.F.);
#7391 = EDGE_CURVE('',#7200,#716,#7392,.T.);
#7392 = B_SPLINE_CURVE_WITH_KNOTS('',1,(#7393,#7394),.UNSPECIFIED.,.F.,
  .F.,(2,2),(-0.,8.864761022221E-03),.PIECEWISE_BEZIER_KNOTS.);
#7393 = CARTESIAN_POINT('',(1.081828423226,-3.580185821766E-02,
    1.347443775378));
#7394 = CARTESIAN_POINT('',(1.081828423226,-3.580185821766E-02,
    1.338579014355));
#7395 = ORIENTED_EDGE('',*,*,#7199,.T.);
#7396 = ORIENTED_EDGE('',*,*,#7397,.T.);
#7397 = EDGE_CURVE('',#7202,#707,#7398,.T.);
#7398 = B_SPLINE_CURVE_WITH_KNOTS('',1,(#7399,#7400),.UNSPECIFIED.,.F.,
  .F.,(2,2),(-0.,8.864761022221E-03),.PIECEWISE_BEZIER_KNOTS.);
#7399 = CARTESIAN_POINT('',(1.086022251705,-5.131902359141E-02,
    1.347443775378));
#7400 = CARTESIAN_POINT('',(1.086022251705,-5.131902359141E-02,
    1.338579014355));
#7401 = ORIENTED_EDGE('',*,*,#715,.F.);
#7402 = B_SPLINE_SURFACE_WITH_KNOTS('',3,1,(
    (#7403,#7404)
    ,(#7405,#7406)
    ,(#7407,#7408)
    ,(#7409,#7410
    )),.UNSPECIFIED.,.F.,.F.,.F.,(4,4),(2,2),(0.,1.),(0.,1.),
  .PIECEWISE_BEZIER_KNOTS.);
#7403 = CARTESIAN_POINT('',(1.081828423226,-3.580185821766E-02,
    1.347443775378));
#7404 = CARTESIAN_POINT('',(1.081828423226,-3.580185821766E-02,
    1.338579014355));
#7405 = CARTESIAN_POINT('',(1.081828423226,-4.167321808873E-02,
    1.347443775378));
#7406 = CARTESIAN_POINT('',(1.081828423226,-4.167321808873E-02,
    1.338579014355));
#7407 = CARTESIAN_POINT('',(1.083215612646,-4.685098324989E-02,
    1.347443775378));
#7408 = CARTESIAN_POINT('',(1.083215612646,-4.685098324989E-02,
    1.338579014355));
#7409 = CARTESIAN_POINT('',(1.086022251705,-5.131902359141E-02,
    1.347443775378));
#7410 = CARTESIAN_POINT('',(1.086022251705,-5.131902359141E-02,
    1.338579014355));
#7411 = ADVANCED_FACE('',(#7412),#7422,.F.);
#7412 = FACE_BOUND('',#7413,.T.);
#7413 = EDGE_LOOP('',(#7414,#7415,#7420,#7421));
#7414 = ORIENTED_EDGE('',*,*,#706,.T.);
#7415 = ORIENTED_EDGE('',*,*,#7416,.F.);
#7416 = EDGE_CURVE('',#7211,#709,#7417,.T.);
#7417 = B_SPLINE_CURVE_WITH_KNOTS('',1,(#7418,#7419),.UNSPECIFIED.,.F.,
  .F.,(2,2),(-0.,8.864761022221E-03),.PIECEWISE_BEZIER_KNOTS.);
#7418 = CARTESIAN_POINT('',(1.093700183844,-5.131902359141E-02,
    1.347443775378));
#7419 = CARTESIAN_POINT('',(1.093700183844,-5.131902359141E-02,
    1.338579014355));
#7420 = ORIENTED_EDGE('',*,*,#7210,.F.);
#7421 = ORIENTED_EDGE('',*,*,#7397,.T.);
#7422 = B_SPLINE_SURFACE_WITH_KNOTS('',1,1,(
    (#7423,#7424)
    ,(#7425,#7426
    )),.UNSPECIFIED.,.F.,.F.,.F.,(2,2),(2,2),(-0.,7.677932139394E-03),(
    -8.864761022221E-03,0.),.PIECEWISE_BEZIER_KNOTS.);
#7423 = CARTESIAN_POINT('',(1.093700183844,-5.131902359141E-02,
    1.338579014355));
#7424 = CARTESIAN_POINT('',(1.093700183844,-5.131902359141E-02,
    1.347443775378));
#7425 = CARTESIAN_POINT('',(1.086022251705,-5.131902359141E-02,
    1.338579014355));
#7426 = CARTESIAN_POINT('',(1.086022251705,-5.131902359141E-02,
    1.347443775378));
#7427 = ADVANCED_FACE('',(#7428),#7438,.F.);
#7428 = FACE_BOUND('',#7429,.F.);
#7429 = EDGE_LOOP('',(#7430,#7431,#7432,#7437));
#7430 = ORIENTED_EDGE('',*,*,#7416,.F.);
#7431 = ORIENTED_EDGE('',*,*,#7217,.T.);
#7432 = ORIENTED_EDGE('',*,*,#7433,.T.);
#7433 = EDGE_CURVE('',#7218,#805,#7434,.T.);
#7434 = B_SPLINE_CURVE_WITH_KNOTS('',1,(#7435,#7436),.UNSPECIFIED.,.F.,
  .F.,(2,2),(-0.,8.864761022221E-03),.PIECEWISE_BEZIER_KNOTS.);
#7435 = CARTESIAN_POINT('',(1.088248206821,-3.654384325633E-02,
    1.347443775378));
#7436 = CARTESIAN_POINT('',(1.088248206821,-3.654384325633E-02,
    1.338579014355));
#7437 = ORIENTED_EDGE('',*,*,#813,.F.);
#7438 = B_SPLINE_SURFACE_WITH_KNOTS('',3,1,(
    (#7439,#7440)
    ,(#7441,#7442)
    ,(#7443,#7444)
    ,(#7445,#7446
    )),.UNSPECIFIED.,.F.,.F.,.F.,(4,4),(2,2),(12.,13.),(0.,1.),
  .PIECEWISE_BEZIER_KNOTS.);
#7439 = CARTESIAN_POINT('',(1.093700183844,-5.131902359141E-02,
    1.347443775378));
#7440 = CARTESIAN_POINT('',(1.093700183844,-5.131902359141E-02,
    1.338579014355));
#7441 = CARTESIAN_POINT('',(1.090087039308,-4.68671133594E-02,
    1.347443775378));
#7442 = CARTESIAN_POINT('',(1.090087039308,-4.68671133594E-02,
    1.338579014355));
#7443 = CARTESIAN_POINT('',(1.088248206821,-4.194742995095E-02,
    1.347443775378));
#7444 = CARTESIAN_POINT('',(1.088248206821,-4.194742995095E-02,
    1.338579014355));
#7445 = CARTESIAN_POINT('',(1.088248206821,-3.654384325633E-02,
    1.347443775378));
#7446 = CARTESIAN_POINT('',(1.088248206821,-3.654384325633E-02,
    1.338579014355));
#7447 = ADVANCED_FACE('',(#7448),#7458,.F.);
#7448 = FACE_BOUND('',#7449,.F.);
#7449 = EDGE_LOOP('',(#7450,#7451,#7452,#7457));
#7450 = ORIENTED_EDGE('',*,*,#7433,.F.);
#7451 = ORIENTED_EDGE('',*,*,#7226,.T.);
#7452 = ORIENTED_EDGE('',*,*,#7453,.T.);
#7453 = EDGE_CURVE('',#7227,#798,#7454,.T.);
#7454 = B_SPLINE_CURVE_WITH_KNOTS('',1,(#7455,#7456),.UNSPECIFIED.,.F.,
  .F.,(2,2),(-0.,8.864761022221E-03),.PIECEWISE_BEZIER_KNOTS.);
#7455 = CARTESIAN_POINT('',(1.099281201743,-2.741420125907E-02,
    1.347443775378));
#7456 = CARTESIAN_POINT('',(1.099281201743,-2.741420125907E-02,
    1.338579014355));
#7457 = ORIENTED_EDGE('',*,*,#804,.F.);
#7458 = B_SPLINE_SURFACE_WITH_KNOTS('',3,1,(
    (#7459,#7460)
    ,(#7461,#7462)
    ,(#7463,#7464)
    ,(#7465,#7466
    )),.UNSPECIFIED.,.F.,.F.,.F.,(4,4),(2,2),(11.,12.),(0.,1.),
  .PIECEWISE_BEZIER_KNOTS.);
#7459 = CARTESIAN_POINT('',(1.088248206821,-3.654384325633E-02,
    1.347443775378));
#7460 = CARTESIAN_POINT('',(1.088248206821,-3.654384325633E-02,
    1.338579014355));
#7461 = CARTESIAN_POINT('',(1.088248206821,-3.046279196133E-02,
    1.347443775378));
#7462 = CARTESIAN_POINT('',(1.088248206821,-3.046279196133E-02,
    1.338579014355));
#7463 = CARTESIAN_POINT('',(1.091925871795,-2.741420125907E-02,
    1.347443775378));
#7464 = CARTESIAN_POINT('',(1.091925871795,-2.741420125907E-02,
    1.338579014355));
#7465 = CARTESIAN_POINT('',(1.099281201743,-2.741420125907E-02,
    1.347443775378));
#7466 = CARTESIAN_POINT('',(1.099281201743,-2.741420125907E-02,
    1.338579014355));
#7467 = ADVANCED_FACE('',(#7468),#7478,.F.);
#7468 = FACE_BOUND('',#7469,.T.);
#7469 = EDGE_LOOP('',(#7470,#7471,#7476,#7477));
#7470 = ORIENTED_EDGE('',*,*,#797,.T.);
#7471 = ORIENTED_EDGE('',*,*,#7472,.F.);
#7472 = EDGE_CURVE('',#7236,#789,#7473,.T.);
#7473 = B_SPLINE_CURVE_WITH_KNOTS('',1,(#7474,#7475),.UNSPECIFIED.,.F.,
  .F.,(2,2),(-0.,8.864761022221E-03),.PIECEWISE_BEZIER_KNOTS.);
#7474 = CARTESIAN_POINT('',(1.10115229445,-4.076993195488E-02,
    1.347443775378));
#7475 = CARTESIAN_POINT('',(1.10115229445,-4.076993195488E-02,
    1.338579014355));
#7476 = ORIENTED_EDGE('',*,*,#7235,.F.);
#7477 = ORIENTED_EDGE('',*,*,#7453,.T.);
#7478 = B_SPLINE_SURFACE_WITH_KNOTS('',1,1,(
    (#7479,#7480)
    ,(#7481,#7482
    )),.UNSPECIFIED.,.F.,.F.,.F.,(2,2),(2,2),(0.,1.348616069659E-02),(
    -8.864761022221E-03,0.),.PIECEWISE_BEZIER_KNOTS.);
#7479 = CARTESIAN_POINT('',(1.10115229445,-4.076993195488E-02,
    1.338579014355));
#7480 = CARTESIAN_POINT('',(1.10115229445,-4.076993195488E-02,
    1.347443775378));
#7481 = CARTESIAN_POINT('',(1.099281201743,-2.741420125907E-02,
    1.338579014355));
#7482 = CARTESIAN_POINT('',(1.099281201743,-2.741420125907E-02,
    1.347443775378));
#7483 = ADVANCED_FACE('',(#7484),#7494,.F.);
#7484 = FACE_BOUND('',#7485,.F.);
#7485 = EDGE_LOOP('',(#7486,#7487,#7488,#7493));
#7486 = ORIENTED_EDGE('',*,*,#7472,.F.);
#7487 = ORIENTED_EDGE('',*,*,#7242,.T.);
#7488 = ORIENTED_EDGE('',*,*,#7489,.T.);
#7489 = EDGE_CURVE('',#7243,#780,#7490,.T.);
#7490 = B_SPLINE_CURVE_WITH_KNOTS('',1,(#7491,#7492),.UNSPECIFIED.,.F.,
  .F.,(2,2),(-0.,8.864761022221E-03),.PIECEWISE_BEZIER_KNOTS.);
#7491 = CARTESIAN_POINT('',(1.115862954346,-5.572254349465E-02,
    1.347443775378));
#7492 = CARTESIAN_POINT('',(1.115862954346,-5.572254349465E-02,
    1.338579014355));
#7493 = ORIENTED_EDGE('',*,*,#788,.F.);
#7494 = B_SPLINE_SURFACE_WITH_KNOTS('',3,1,(
    (#7495,#7496)
    ,(#7497,#7498)
    ,(#7499,#7500)
    ,(#7501,#7502
    )),.UNSPECIFIED.,.F.,.F.,.F.,(4,4),(2,2),(9.,10.),(0.,1.),
  .PIECEWISE_BEZIER_KNOTS.);
#7495 = CARTESIAN_POINT('',(1.10115229445,-4.076993195488E-02,
    1.347443775378));
#7496 = CARTESIAN_POINT('',(1.10115229445,-4.076993195488E-02,
    1.338579014355));
#7497 = CARTESIAN_POINT('',(1.10253948387,-5.073833964792E-02,
    1.347443775378));
#7498 = CARTESIAN_POINT('',(1.10253948387,-5.073833964792E-02,
    1.338579014355));
#7499 = CARTESIAN_POINT('',(1.107443037169,-5.572254349465E-02,
    1.347443775378));
#7500 = CARTESIAN_POINT('',(1.107443037169,-5.572254349465E-02,
    1.338579014355));
#7501 = CARTESIAN_POINT('',(1.115862954346,-5.572254349465E-02,
    1.347443775378));
#7502 = CARTESIAN_POINT('',(1.115862954346,-5.572254349465E-02,
    1.338579014355));
#7503 = ADVANCED_FACE('',(#7504),#7514,.F.);
#7504 = FACE_BOUND('',#7505,.F.);
#7505 = EDGE_LOOP('',(#7506,#7507,#7508,#7513));
#7506 = ORIENTED_EDGE('',*,*,#7489,.F.);
#7507 = ORIENTED_EDGE('',*,*,#7251,.T.);
#7508 = ORIENTED_EDGE('',*,*,#7509,.T.);
#7509 = EDGE_CURVE('',#7252,#771,#7510,.T.);
#7510 = B_SPLINE_CURVE_WITH_KNOTS('',1,(#7511,#7512),.UNSPECIFIED.,.F.,
  .F.,(2,2),(-0.,8.864761022221E-03),.PIECEWISE_BEZIER_KNOTS.);
#7511 = CARTESIAN_POINT('',(1.125444239411,-5.185131720592E-02,
    1.347443775378));
#7512 = CARTESIAN_POINT('',(1.125444239411,-5.185131720592E-02,
    1.338579014355));
#7513 = ORIENTED_EDGE('',*,*,#779,.F.);
#7514 = B_SPLINE_SURFACE_WITH_KNOTS('',3,1,(
    (#7515,#7516)
    ,(#7517,#7518)
    ,(#7519,#7520)
    ,(#7521,#7522
    )),.UNSPECIFIED.,.F.,.F.,.F.,(4,4),(2,2),(8.,9.),(0.,1.),
  .PIECEWISE_BEZIER_KNOTS.);
#7515 = CARTESIAN_POINT('',(1.115862954346,-5.572254349465E-02,
    1.347443775378));
#7516 = CARTESIAN_POINT('',(1.115862954346,-5.572254349465E-02,
    1.338579014355));
#7517 = CARTESIAN_POINT('',(1.11989548173,-5.572254349465E-02,
    1.347443775378));
#7518 = CARTESIAN_POINT('',(1.11989548173,-5.572254349465E-02,
    1.338579014355));
#7519 = CARTESIAN_POINT('',(1.123089243419,-5.443213473174E-02,
    1.347443775378));
#7520 = CARTESIAN_POINT('',(1.123089243419,-5.443213473174E-02,
    1.338579014355));
#7521 = CARTESIAN_POINT('',(1.125444239411,-5.185131720592E-02,
    1.347443775378));
#7522 = CARTESIAN_POINT('',(1.125444239411,-5.185131720592E-02,
    1.338579014355));
#7523 = ADVANCED_FACE('',(#7524),#7534,.F.);
#7524 = FACE_BOUND('',#7525,.F.);
#7525 = EDGE_LOOP('',(#7526,#7527,#7528,#7533));
#7526 = ORIENTED_EDGE('',*,*,#7509,.F.);
#7527 = ORIENTED_EDGE('',*,*,#7260,.T.);
#7528 = ORIENTED_EDGE('',*,*,#7529,.T.);
#7529 = EDGE_CURVE('',#7261,#762,#7530,.T.);
#7530 = B_SPLINE_CURVE_WITH_KNOTS('',1,(#7531,#7532),.UNSPECIFIED.,.F.,
  .F.,(2,2),(-0.,8.864761022221E-03),.PIECEWISE_BEZIER_KNOTS.);
#7531 = CARTESIAN_POINT('',(1.128992863509,-4.143126644575E-02,
    1.347443775378));
#7532 = CARTESIAN_POINT('',(1.128992863509,-4.143126644575E-02,
    1.338579014355));
#7533 = ORIENTED_EDGE('',*,*,#770,.F.);
#7534 = B_SPLINE_SURFACE_WITH_KNOTS('',3,1,(
    (#7535,#7536)
    ,(#7537,#7538)
    ,(#7539,#7540)
    ,(#7541,#7542
    )),.UNSPECIFIED.,.F.,.F.,.F.,(4,4),(2,2),(7.,8.),(0.,1.),
  .PIECEWISE_BEZIER_KNOTS.);
#7535 = CARTESIAN_POINT('',(1.125444239411,-5.185131720592E-02,
    1.347443775378));
#7536 = CARTESIAN_POINT('',(1.125444239411,-5.185131720592E-02,
    1.338579014355));
#7537 = CARTESIAN_POINT('',(1.127799235403,-4.927049968032E-02,
    1.347443775378));
#7538 = CARTESIAN_POINT('',(1.127799235403,-4.927049968032E-02,
    1.338579014355));
#7539 = CARTESIAN_POINT('',(1.128992863509,-4.580252612995E-02,
    1.347443775378));
#7540 = CARTESIAN_POINT('',(1.128992863509,-4.580252612995E-02,
    1.338579014355));
#7541 = CARTESIAN_POINT('',(1.128992863509,-4.143126644575E-02,
    1.347443775378));
#7542 = CARTESIAN_POINT('',(1.128992863509,-4.143126644575E-02,
    1.338579014355));
#7543 = ADVANCED_FACE('',(#7544),#7554,.F.);
#7544 = FACE_BOUND('',#7545,.F.);
#7545 = EDGE_LOOP('',(#7546,#7547,#7548,#7553));
#7546 = ORIENTED_EDGE('',*,*,#7529,.F.);
#7547 = ORIENTED_EDGE('',*,*,#7269,.T.);
#7548 = ORIENTED_EDGE('',*,*,#7549,.T.);
#7549 = EDGE_CURVE('',#7270,#755,#7550,.T.);
#7550 = B_SPLINE_CURVE_WITH_KNOTS('',1,(#7551,#7552),.UNSPECIFIED.,.F.,
  .F.,(2,2),(-0.,8.864761022221E-03),.PIECEWISE_BEZIER_KNOTS.);
#7551 = CARTESIAN_POINT('',(1.12096006896,-2.762389268301E-02,
    1.347443775378));
#7552 = CARTESIAN_POINT('',(1.12096006896,-2.762389268301E-02,
    1.338579014355));
#7553 = ORIENTED_EDGE('',*,*,#761,.F.);
#7554 = B_SPLINE_SURFACE_WITH_KNOTS('',3,1,(
    (#7555,#7556)
    ,(#7557,#7558)
    ,(#7559,#7560)
    ,(#7561,#7562
    )),.UNSPECIFIED.,.F.,.F.,.F.,(4,4),(2,2),(6.,7.),(0.,1.),
  .PIECEWISE_BEZIER_KNOTS.);
#7555 = CARTESIAN_POINT('',(1.128992863509,-4.143126644575E-02,
    1.347443775378));
#7556 = CARTESIAN_POINT('',(1.128992863509,-4.143126644575E-02,
    1.338579014355));
#7557 = CARTESIAN_POINT('',(1.128992863509,-3.535021515074E-02,
    1.347443775378));
#7558 = CARTESIAN_POINT('',(1.128992863509,-3.535021515074E-02,
    1.338579014355));
#7559 = CARTESIAN_POINT('',(1.126315265326,-3.073700382335E-02,
    1.347443775378));
#7560 = CARTESIAN_POINT('',(1.126315265326,-3.073700382335E-02,
    1.338579014355));
#7561 = CARTESIAN_POINT('',(1.12096006896,-2.762389268301E-02,
    1.347443775378));
#7562 = CARTESIAN_POINT('',(1.12096006896,-2.762389268301E-02,
    1.338579014355));
#7563 = ADVANCED_FACE('',(#7564),#7574,.F.);
#7564 = FACE_BOUND('',#7565,.T.);
#7565 = EDGE_LOOP('',(#7566,#7567,#7572,#7573));
#7566 = ORIENTED_EDGE('',*,*,#754,.T.);
#7567 = ORIENTED_EDGE('',*,*,#7568,.F.);
#7568 = EDGE_CURVE('',#7279,#748,#7569,.T.);
#7569 = B_SPLINE_CURVE_WITH_KNOTS('',1,(#7570,#7571),.UNSPECIFIED.,.F.,
  .F.,(2,2),(-0.,8.864761022221E-03),.PIECEWISE_BEZIER_KNOTS.);
#7570 = CARTESIAN_POINT('',(1.12096006896,-2.741420125907E-02,
    1.347443775378));
#7571 = CARTESIAN_POINT('',(1.12096006896,-2.741420125907E-02,
    1.338579014355));
#7572 = ORIENTED_EDGE('',*,*,#7278,.F.);
#7573 = ORIENTED_EDGE('',*,*,#7549,.T.);
#7574 = B_SPLINE_SURFACE_WITH_KNOTS('',1,1,(
    (#7575,#7576)
    ,(#7577,#7578
    )),.UNSPECIFIED.,.F.,.F.,.F.,(2,2),(2,2),(-8.864761022221E-03,0.),(
    -2.09691423943E-04,0.),.PIECEWISE_BEZIER_KNOTS.);
#7575 = CARTESIAN_POINT('',(1.12096006896,-2.762389268301E-02,
    1.338579014355));
#7576 = CARTESIAN_POINT('',(1.12096006896,-2.741420125907E-02,
    1.338579014355));
#7577 = CARTESIAN_POINT('',(1.12096006896,-2.762389268301E-02,
    1.347443775378));
#7578 = CARTESIAN_POINT('',(1.12096006896,-2.741420125907E-02,
    1.347443775378));
#7579 = ADVANCED_FACE('',(#7580),#7590,.F.);
#7580 = FACE_BOUND('',#7581,.T.);
#7581 = EDGE_LOOP('',(#7582,#7583,#7588,#7589));
#7582 = ORIENTED_EDGE('',*,*,#747,.T.);
#7583 = ORIENTED_EDGE('',*,*,#7584,.F.);
#7584 = EDGE_CURVE('',#7286,#741,#7585,.T.);
#7585 = B_SPLINE_CURVE_WITH_KNOTS('',1,(#7586,#7587),.UNSPECIFIED.,.F.,
  .F.,(2,2),(-0.,8.864761022221E-03),.PIECEWISE_BEZIER_KNOTS.);
#7586 = CARTESIAN_POINT('',(1.127928276279,-2.741420125907E-02,
    1.347443775378));
#7587 = CARTESIAN_POINT('',(1.127928276279,-2.741420125907E-02,
    1.338579014355));
#7588 = ORIENTED_EDGE('',*,*,#7285,.F.);
#7589 = ORIENTED_EDGE('',*,*,#7568,.T.);
#7590 = B_SPLINE_SURFACE_WITH_KNOTS('',1,1,(
    (#7591,#7592)
    ,(#7593,#7594
    )),.UNSPECIFIED.,.F.,.F.,.F.,(2,2),(2,2),(-8.864761022221E-03,0.),(
    -6.968207319329E-03,0.),.PIECEWISE_BEZIER_KNOTS.);
#7591 = CARTESIAN_POINT('',(1.12096006896,-2.741420125907E-02,
    1.338579014355));
#7592 = CARTESIAN_POINT('',(1.127928276279,-2.741420125907E-02,
    1.338579014355));
#7593 = CARTESIAN_POINT('',(1.12096006896,-2.741420125907E-02,
    1.347443775378));
#7594 = CARTESIAN_POINT('',(1.127928276279,-2.741420125907E-02,
    1.347443775378));
#7595 = ADVANCED_FACE('',(#7596),#7606,.F.);
#7596 = FACE_BOUND('',#7597,.T.);
#7597 = EDGE_LOOP('',(#7598,#7599,#7604,#7605));
#7598 = ORIENTED_EDGE('',*,*,#740,.T.);
#7599 = ORIENTED_EDGE('',*,*,#7600,.F.);
#7600 = EDGE_CURVE('',#7293,#734,#7601,.T.);
#7601 = B_SPLINE_CURVE_WITH_KNOTS('',1,(#7602,#7603),.UNSPECIFIED.,.F.,
  .F.,(2,2),(-0.,8.864761022221E-03),.PIECEWISE_BEZIER_KNOTS.);
#7602 = CARTESIAN_POINT('',(1.127928276279,-1.951044758643E-02,
    1.347443775378));
#7603 = CARTESIAN_POINT('',(1.127928276279,-1.951044758643E-02,
    1.338579014355));
#7604 = ORIENTED_EDGE('',*,*,#7292,.F.);
#7605 = ORIENTED_EDGE('',*,*,#7584,.T.);
#7606 = B_SPLINE_SURFACE_WITH_KNOTS('',1,1,(
    (#7607,#7608)
    ,(#7609,#7610
    )),.UNSPECIFIED.,.F.,.F.,.F.,(2,2),(2,2),(-8.864761022221E-03,0.),(
    -7.903753672639E-03,0.),.PIECEWISE_BEZIER_KNOTS.);
#7607 = CARTESIAN_POINT('',(1.127928276279,-2.741420125907E-02,
    1.338579014355));
#7608 = CARTESIAN_POINT('',(1.127928276279,-1.951044758643E-02,
    1.338579014355));
#7609 = CARTESIAN_POINT('',(1.127928276279,-2.741420125907E-02,
    1.347443775378));
#7610 = CARTESIAN_POINT('',(1.127928276279,-1.951044758643E-02,
    1.347443775378));
#7611 = ADVANCED_FACE('',(#7612),#7622,.F.);
#7612 = FACE_BOUND('',#7613,.T.);
#7613 = EDGE_LOOP('',(#7614,#7615,#7620,#7621));
#7614 = ORIENTED_EDGE('',*,*,#733,.T.);
#7615 = ORIENTED_EDGE('',*,*,#7616,.F.);
#7616 = EDGE_CURVE('',#7300,#725,#7617,.T.);
#7617 = B_SPLINE_CURVE_WITH_KNOTS('',1,(#7618,#7619),.UNSPECIFIED.,.F.,
  .F.,(2,2),(-0.,8.864761022221E-03),.PIECEWISE_BEZIER_KNOTS.);
#7618 = CARTESIAN_POINT('',(1.098926339334,-1.951044758643E-02,
    1.347443775378));
#7619 = CARTESIAN_POINT('',(1.098926339334,-1.951044758643E-02,
    1.338579014355));
#7620 = ORIENTED_EDGE('',*,*,#7299,.F.);
#7621 = ORIENTED_EDGE('',*,*,#7600,.T.);
#7622 = B_SPLINE_SURFACE_WITH_KNOTS('',1,1,(
    (#7623,#7624)
    ,(#7625,#7626
    )),.UNSPECIFIED.,.F.,.F.,.F.,(2,2),(2,2),(-6.625077178509E-32,
    2.900193694527E-02),(-8.864761022221E-03,0.),
  .PIECEWISE_BEZIER_KNOTS.);
#7623 = CARTESIAN_POINT('',(1.098926339334,-1.951044758643E-02,
    1.338579014355));
#7624 = CARTESIAN_POINT('',(1.098926339334,-1.951044758643E-02,
    1.347443775378));
#7625 = CARTESIAN_POINT('',(1.127928276279,-1.951044758643E-02,
    1.338579014355));
#7626 = CARTESIAN_POINT('',(1.127928276279,-1.951044758643E-02,
    1.347443775378));
#7627 = ADVANCED_FACE('',(#7628),#7634,.F.);
#7628 = FACE_BOUND('',#7629,.F.);
#7629 = EDGE_LOOP('',(#7630,#7631,#7632,#7633));
#7630 = ORIENTED_EDGE('',*,*,#7616,.F.);
#7631 = ORIENTED_EDGE('',*,*,#7306,.T.);
#7632 = ORIENTED_EDGE('',*,*,#7391,.T.);
#7633 = ORIENTED_EDGE('',*,*,#724,.F.);
#7634 = B_SPLINE_SURFACE_WITH_KNOTS('',3,1,(
    (#7635,#7636)
    ,(#7637,#7638)
    ,(#7639,#7640)
    ,(#7641,#7642
    )),.UNSPECIFIED.,.F.,.F.,.F.,(4,4),(2,2),(1.,2.),(0.,1.),
  .PIECEWISE_BEZIER_KNOTS.);
#7635 = CARTESIAN_POINT('',(1.098926339334,-1.951044758643E-02,
    1.347443775378));
#7636 = CARTESIAN_POINT('',(1.098926339334,-1.951044758643E-02,
    1.338579014355));
#7637 = CARTESIAN_POINT('',(1.087506221782,-1.951044758643E-02,
    1.347443775378));
#7638 = CARTESIAN_POINT('',(1.087506221782,-1.951044758643E-02,
    1.338579014355));
#7639 = CARTESIAN_POINT('',(1.081828423226,-2.494629450009E-02,
    1.347443775378));
#7640 = CARTESIAN_POINT('',(1.081828423226,-2.494629450009E-02,
    1.338579014355));
#7641 = CARTESIAN_POINT('',(1.081828423226,-3.580185821766E-02,
    1.347443775378));
#7642 = CARTESIAN_POINT('',(1.081828423226,-3.580185821766E-02,
    1.338579014355));
#7643 = ADVANCED_FACE('',(#7644),#7668,.T.);
#7644 = FACE_BOUND('',#7645,.T.);
#7645 = EDGE_LOOP('',(#7646,#7657,#7662,#7663));
#7646 = ORIENTED_EDGE('',*,*,#7647,.F.);
#7647 = EDGE_CURVE('',#7648,#7650,#7652,.T.);
#7648 = VERTEX_POINT('',#7649);
#7649 = CARTESIAN_POINT('',(1.106733312349,-3.79632928956E-02,
    1.338579014355));
#7650 = VERTEX_POINT('',#7651);
#7651 = CARTESIAN_POINT('',(1.10950769119,-4.560896481553E-02,
    1.338579014355));
#7652 = B_SPLINE_CURVE_WITH_KNOTS('',3,(#7653,#7654,#7655,#7656),
  .UNSPECIFIED.,.F.,.F.,(4,4),(0.,1.),.PIECEWISE_BEZIER_KNOTS.);
#7653 = CARTESIAN_POINT('',(1.106733312349,-3.79632928956E-02,
    1.338579014355));
#7654 = CARTESIAN_POINT('',(1.107249475855,-4.165708797921E-02,
    1.338579014355));
#7655 = CARTESIAN_POINT('',(1.108152761988,-4.420564528599E-02,
    1.338579014355));
#7656 = CARTESIAN_POINT('',(1.10950769119,-4.560896481553E-02,
    1.338579014355));
#7657 = ORIENTED_EDGE('',*,*,#7658,.F.);
#7658 = EDGE_CURVE('',#7327,#7648,#7659,.T.);
#7659 = B_SPLINE_CURVE_WITH_KNOTS('',1,(#7660,#7661),.UNSPECIFIED.,.F.,
  .F.,(2,2),(-0.,8.864761022221E-03),.PIECEWISE_BEZIER_KNOTS.);
#7660 = CARTESIAN_POINT('',(1.106733312349,-3.79632928956E-02,
    1.347443775378));
#7661 = CARTESIAN_POINT('',(1.106733312349,-3.79632928956E-02,
    1.338579014355));
#7662 = ORIENTED_EDGE('',*,*,#7326,.T.);
#7663 = ORIENTED_EDGE('',*,*,#7664,.T.);
#7664 = EDGE_CURVE('',#7316,#7650,#7665,.T.);
#7665 = B_SPLINE_CURVE_WITH_KNOTS('',1,(#7666,#7667),.UNSPECIFIED.,.F.,
  .F.,(2,2),(-0.,8.864761022221E-03),.PIECEWISE_BEZIER_KNOTS.);
#7666 = CARTESIAN_POINT('',(1.10950769119,-4.560896481553E-02,
    1.347443775378));
#7667 = CARTESIAN_POINT('',(1.10950769119,-4.560896481553E-02,
    1.338579014355));
#7668 = B_SPLINE_SURFACE_WITH_KNOTS('',3,1,(
    (#7669,#7670)
    ,(#7671,#7672)
    ,(#7673,#7674)
    ,(#7675,#7676
    )),.UNSPECIFIED.,.F.,.F.,.F.,(4,4),(2,2),(0.,1.),(0.,1.),
  .PIECEWISE_BEZIER_KNOTS.);
#7669 = CARTESIAN_POINT('',(1.106733312349,-3.79632928956E-02,
    1.347443775378));
#7670 = CARTESIAN_POINT('',(1.106733312349,-3.79632928956E-02,
    1.338579014355));
#7671 = CARTESIAN_POINT('',(1.107249475855,-4.165708797921E-02,
    1.347443775378));
#7672 = CARTESIAN_POINT('',(1.107249475855,-4.165708797921E-02,
    1.338579014355));
#7673 = CARTESIAN_POINT('',(1.108152761988,-4.420564528599E-02,
    1.347443775378));
#7674 = CARTESIAN_POINT('',(1.108152761988,-4.420564528599E-02,
    1.338579014355));
#7675 = CARTESIAN_POINT('',(1.10950769119,-4.560896481553E-02,
    1.347443775378));
#7676 = CARTESIAN_POINT('',(1.10950769119,-4.560896481553E-02,
    1.338579014355));
#7677 = ADVANCED_FACE('',(#7678),#7696,.T.);
#7678 = FACE_BOUND('',#7679,.T.);
#7679 = EDGE_LOOP('',(#7680,#7689,#7690,#7691));
#7680 = ORIENTED_EDGE('',*,*,#7681,.F.);
#7681 = EDGE_CURVE('',#7650,#7682,#7684,.T.);
#7682 = VERTEX_POINT('',#7683);
#7683 = CARTESIAN_POINT('',(1.115217749965,-4.770587905518E-02,
    1.338579014355));
#7684 = B_SPLINE_CURVE_WITH_KNOTS('',3,(#7685,#7686,#7687,#7688),
  .UNSPECIFIED.,.F.,.F.,(4,4),(1.,2.),.PIECEWISE_BEZIER_KNOTS.);
#7685 = CARTESIAN_POINT('',(1.10950769119,-4.560896481553E-02,
    1.338579014355));
#7686 = CARTESIAN_POINT('',(1.11086262039,-4.699615423576E-02,
    1.338579014355));
#7687 = CARTESIAN_POINT('',(1.112765973316,-4.770587905518E-02,
    1.338579014355));
#7688 = CARTESIAN_POINT('',(1.115217749965,-4.770587905518E-02,
    1.338579014355));
#7689 = ORIENTED_EDGE('',*,*,#7664,.F.);
#7690 = ORIENTED_EDGE('',*,*,#7315,.T.);
#7691 = ORIENTED_EDGE('',*,*,#7692,.T.);
#7692 = EDGE_CURVE('',#7318,#7682,#7693,.T.);
#7693 = B_SPLINE_CURVE_WITH_KNOTS('',1,(#7694,#7695),.UNSPECIFIED.,.F.,
  .F.,(2,2),(-0.,8.864761022221E-03),.PIECEWISE_BEZIER_KNOTS.);
#7694 = CARTESIAN_POINT('',(1.115217749965,-4.770587905518E-02,
    1.347443775378));
#7695 = CARTESIAN_POINT('',(1.115217749965,-4.770587905518E-02,
    1.338579014355));
#7696 = B_SPLINE_SURFACE_WITH_KNOTS('',3,1,(
    (#7697,#7698)
    ,(#7699,#7700)
    ,(#7701,#7702)
    ,(#7703,#7704
    )),.UNSPECIFIED.,.F.,.F.,.F.,(4,4),(2,2),(1.,2.),(0.,1.),
  .PIECEWISE_BEZIER_KNOTS.);
#7697 = CARTESIAN_POINT('',(1.10950769119,-4.560896481553E-02,
    1.347443775378));
#7698 = CARTESIAN_POINT('',(1.10950769119,-4.560896481553E-02,
    1.338579014355));
#7699 = CARTESIAN_POINT('',(1.11086262039,-4.699615423576E-02,
    1.347443775378));
#7700 = CARTESIAN_POINT('',(1.11086262039,-4.699615423576E-02,
    1.338579014355));
#7701 = CARTESIAN_POINT('',(1.112765973316,-4.770587905518E-02,
    1.347443775378));
#7702 = CARTESIAN_POINT('',(1.112765973316,-4.770587905518E-02,
    1.338579014355));
#7703 = CARTESIAN_POINT('',(1.115217749965,-4.770587905518E-02,
    1.347443775378));
#7704 = CARTESIAN_POINT('',(1.115217749965,-4.770587905518E-02,
    1.338579014355));
#7705 = ADVANCED_FACE('',(#7706),#7724,.T.);
#7706 = FACE_BOUND('',#7707,.T.);
#7707 = EDGE_LOOP('',(#7708,#7717,#7718,#7719));
#7708 = ORIENTED_EDGE('',*,*,#7709,.F.);
#7709 = EDGE_CURVE('',#7682,#7710,#7712,.T.);
#7710 = VERTEX_POINT('',#7711);
#7711 = CARTESIAN_POINT('',(1.120476165674,-4.54154035011E-02,
    1.338579014355));
#7712 = B_SPLINE_CURVE_WITH_KNOTS('',3,(#7713,#7714,#7715,#7716),
  .UNSPECIFIED.,.F.,.F.,(4,4),(2.,3.),.PIECEWISE_BEZIER_KNOTS.);
#7713 = CARTESIAN_POINT('',(1.115217749965,-4.770587905518E-02,
    1.338579014355));
#7714 = CARTESIAN_POINT('',(1.117379184643,-4.770587905518E-02,
    1.338579014355));
#7715 = CARTESIAN_POINT('',(1.119121236473,-4.694776390699E-02,
    1.338579014355));
#7716 = CARTESIAN_POINT('',(1.120476165674,-4.54154035011E-02,
    1.338579014355));
#7717 = ORIENTED_EDGE('',*,*,#7692,.F.);
#7718 = ORIENTED_EDGE('',*,*,#7376,.T.);
#7719 = ORIENTED_EDGE('',*,*,#7720,.T.);
#7720 = EDGE_CURVE('',#7368,#7710,#7721,.T.);
#7721 = B_SPLINE_CURVE_WITH_KNOTS('',1,(#7722,#7723),.UNSPECIFIED.,.F.,
  .F.,(2,2),(-0.,8.864761022221E-03),.PIECEWISE_BEZIER_KNOTS.);
#7722 = CARTESIAN_POINT('',(1.120476165674,-4.54154035011E-02,
    1.347443775378));
#7723 = CARTESIAN_POINT('',(1.120476165674,-4.54154035011E-02,
    1.338579014355));
#7724 = B_SPLINE_SURFACE_WITH_KNOTS('',3,1,(
    (#7725,#7726)
    ,(#7727,#7728)
    ,(#7729,#7730)
    ,(#7731,#7732
    )),.UNSPECIFIED.,.F.,.F.,.F.,(4,4),(2,2),(2.,3.),(0.,1.),
  .PIECEWISE_BEZIER_KNOTS.);
#7725 = CARTESIAN_POINT('',(1.115217749965,-4.770587905518E-02,
    1.347443775378));
#7726 = CARTESIAN_POINT('',(1.115217749965,-4.770587905518E-02,
    1.338579014355));
#7727 = CARTESIAN_POINT('',(1.117379184643,-4.770587905518E-02,
    1.347443775378));
#7728 = CARTESIAN_POINT('',(1.117379184643,-4.770587905518E-02,
    1.338579014355));
#7729 = CARTESIAN_POINT('',(1.119121236473,-4.694776390699E-02,
    1.347443775378));
#7730 = CARTESIAN_POINT('',(1.119121236473,-4.694776390699E-02,
    1.338579014355));
#7731 = CARTESIAN_POINT('',(1.120476165674,-4.54154035011E-02,
    1.347443775378));
#7732 = CARTESIAN_POINT('',(1.120476165674,-4.54154035011E-02,
    1.338579014355));
#7733 = ADVANCED_FACE('',(#7734),#7752,.T.);
#7734 = FACE_BOUND('',#7735,.T.);
#7735 = EDGE_LOOP('',(#7736,#7745,#7746,#7747));
#7736 = ORIENTED_EDGE('',*,*,#7737,.F.);
#7737 = EDGE_CURVE('',#7710,#7738,#7740,.T.);
#7738 = VERTEX_POINT('',#7739);
#7739 = CARTESIAN_POINT('',(1.122508559475,-3.938274253465E-02,
    1.338579014355));
#7740 = B_SPLINE_CURVE_WITH_KNOTS('',3,(#7741,#7742,#7743,#7744),
  .UNSPECIFIED.,.F.,.F.,(4,4),(3.,4.),.PIECEWISE_BEZIER_KNOTS.);
#7741 = CARTESIAN_POINT('',(1.120476165674,-4.54154035011E-02,
    1.338579014355));
#7742 = CARTESIAN_POINT('',(1.121831094875,-4.389917320473E-02,
    1.338579014355));
#7743 = CARTESIAN_POINT('',(1.122508559475,-4.188290951288E-02,
    1.338579014355));
#7744 = CARTESIAN_POINT('',(1.122508559475,-3.938274253465E-02,
    1.338579014355));
#7745 = ORIENTED_EDGE('',*,*,#7720,.F.);
#7746 = ORIENTED_EDGE('',*,*,#7367,.T.);
#7747 = ORIENTED_EDGE('',*,*,#7748,.T.);
#7748 = EDGE_CURVE('',#7359,#7738,#7749,.T.);
#7749 = B_SPLINE_CURVE_WITH_KNOTS('',1,(#7750,#7751),.UNSPECIFIED.,.F.,
  .F.,(2,2),(-0.,8.864761022221E-03),.PIECEWISE_BEZIER_KNOTS.);
#7750 = CARTESIAN_POINT('',(1.122508559475,-3.938274253465E-02,
    1.347443775378));
#7751 = CARTESIAN_POINT('',(1.122508559475,-3.938274253465E-02,
    1.338579014355));
#7752 = B_SPLINE_SURFACE_WITH_KNOTS('',3,1,(
    (#7753,#7754)
    ,(#7755,#7756)
    ,(#7757,#7758)
    ,(#7759,#7760
    )),.UNSPECIFIED.,.F.,.F.,.F.,(4,4),(2,2),(3.,4.),(0.,1.),
  .PIECEWISE_BEZIER_KNOTS.);
#7753 = CARTESIAN_POINT('',(1.120476165674,-4.54154035011E-02,
    1.347443775378));
#7754 = CARTESIAN_POINT('',(1.120476165674,-4.54154035011E-02,
    1.338579014355));
#7755 = CARTESIAN_POINT('',(1.121831094875,-4.389917320473E-02,
    1.347443775378));
#7756 = CARTESIAN_POINT('',(1.121831094875,-4.389917320473E-02,
    1.338579014355));
#7757 = CARTESIAN_POINT('',(1.122508559475,-4.188290951288E-02,
    1.347443775378));
#7758 = CARTESIAN_POINT('',(1.122508559475,-4.188290951288E-02,
    1.338579014355));
#7759 = CARTESIAN_POINT('',(1.122508559475,-3.938274253465E-02,
    1.347443775378));
#7760 = CARTESIAN_POINT('',(1.122508559475,-3.938274253465E-02,
    1.338579014355));
#7761 = ADVANCED_FACE('',(#7762),#7780,.T.);
#7762 = FACE_BOUND('',#7763,.T.);
#7763 = EDGE_LOOP('',(#7764,#7773,#7774,#7775));
#7764 = ORIENTED_EDGE('',*,*,#7765,.F.);
#7765 = EDGE_CURVE('',#7738,#7766,#7768,.T.);
#7766 = VERTEX_POINT('',#7767);
#7767 = CARTESIAN_POINT('',(1.118830894501,-3.080152426163E-02,
    1.338579014355));
#7768 = B_SPLINE_CURVE_WITH_KNOTS('',3,(#7769,#7770,#7771,#7772),
  .UNSPECIFIED.,.F.,.F.,(4,4),(4.,5.),.PIECEWISE_BEZIER_KNOTS.);
#7769 = CARTESIAN_POINT('',(1.122508559475,-3.938274253465E-02,
    1.338579014355));
#7770 = CARTESIAN_POINT('',(1.122508559475,-3.59147689845E-02,
    1.338579014355));
#7771 = CARTESIAN_POINT('',(1.121282671151,-3.304360948715E-02,
    1.338579014355));
#7772 = CARTESIAN_POINT('',(1.118830894501,-3.080152426163E-02,
    1.338579014355));
#7773 = ORIENTED_EDGE('',*,*,#7748,.F.);
#7774 = ORIENTED_EDGE('',*,*,#7358,.T.);
#7775 = ORIENTED_EDGE('',*,*,#7776,.T.);
#7776 = EDGE_CURVE('',#7350,#7766,#7777,.T.);
#7777 = B_SPLINE_CURVE_WITH_KNOTS('',1,(#7778,#7779),.UNSPECIFIED.,.F.,
  .F.,(2,2),(-0.,8.864761022221E-03),.PIECEWISE_BEZIER_KNOTS.);
#7778 = CARTESIAN_POINT('',(1.118830894501,-3.080152426163E-02,
    1.347443775378));
#7779 = CARTESIAN_POINT('',(1.118830894501,-3.080152426163E-02,
    1.338579014355));
#7780 = B_SPLINE_SURFACE_WITH_KNOTS('',3,1,(
    (#7781,#7782)
    ,(#7783,#7784)
    ,(#7785,#7786)
    ,(#7787,#7788
    )),.UNSPECIFIED.,.F.,.F.,.F.,(4,4),(2,2),(4.,5.),(0.,1.),
  .PIECEWISE_BEZIER_KNOTS.);
#7781 = CARTESIAN_POINT('',(1.122508559475,-3.938274253465E-02,
    1.347443775378));
#7782 = CARTESIAN_POINT('',(1.122508559475,-3.938274253465E-02,
    1.338579014355));
#7783 = CARTESIAN_POINT('',(1.122508559475,-3.59147689845E-02,
    1.347443775378));
#7784 = CARTESIAN_POINT('',(1.122508559475,-3.59147689845E-02,
    1.338579014355));
#7785 = CARTESIAN_POINT('',(1.121282671151,-3.304360948715E-02,
    1.347443775378));
#7786 = CARTESIAN_POINT('',(1.121282671151,-3.304360948715E-02,
    1.338579014355));
#7787 = CARTESIAN_POINT('',(1.118830894501,-3.080152426163E-02,
    1.347443775378));
#7788 = CARTESIAN_POINT('',(1.118830894501,-3.080152426163E-02,
    1.338579014355));
#7789 = ADVANCED_FACE('',(#7790),#7808,.T.);
#7790 = FACE_BOUND('',#7791,.T.);
#7791 = EDGE_LOOP('',(#7792,#7801,#7802,#7803));
#7792 = ORIENTED_EDGE('',*,*,#7793,.F.);
#7793 = EDGE_CURVE('',#7766,#7794,#7796,.T.);
#7794 = VERTEX_POINT('',#7795);
#7795 = CARTESIAN_POINT('',(1.109636732066,-2.741420125907E-02,
    1.338579014355));
#7796 = B_SPLINE_CURVE_WITH_KNOTS('',3,(#7797,#7798,#7799,#7800),
  .UNSPECIFIED.,.F.,.F.,(4,4),(5.,6.),.PIECEWISE_BEZIER_KNOTS.);
#7797 = CARTESIAN_POINT('',(1.118830894501,-3.080152426163E-02,
    1.338579014355));
#7798 = CARTESIAN_POINT('',(1.116411378071,-2.854330892659E-02,
    1.338579014355));
#7799 = CARTESIAN_POINT('',(1.113346657259,-2.741420125907E-02,
    1.338579014355));
#7800 = CARTESIAN_POINT('',(1.109636732066,-2.741420125907E-02,
    1.338579014355));
#7801 = ORIENTED_EDGE('',*,*,#7776,.F.);
#7802 = ORIENTED_EDGE('',*,*,#7349,.T.);
#7803 = ORIENTED_EDGE('',*,*,#7804,.T.);
#7804 = EDGE_CURVE('',#7343,#7794,#7805,.T.);
#7805 = B_SPLINE_CURVE_WITH_KNOTS('',1,(#7806,#7807),.UNSPECIFIED.,.F.,
  .F.,(2,2),(-0.,8.864761022221E-03),.PIECEWISE_BEZIER_KNOTS.);
#7806 = CARTESIAN_POINT('',(1.109636732066,-2.741420125907E-02,
    1.347443775378));
#7807 = CARTESIAN_POINT('',(1.109636732066,-2.741420125907E-02,
    1.338579014355));
#7808 = B_SPLINE_SURFACE_WITH_KNOTS('',3,1,(
    (#7809,#7810)
    ,(#7811,#7812)
    ,(#7813,#7814)
    ,(#7815,#7816
    )),.UNSPECIFIED.,.F.,.F.,.F.,(4,4),(2,2),(5.,6.),(0.,1.),
  .PIECEWISE_BEZIER_KNOTS.);
#7809 = CARTESIAN_POINT('',(1.118830894501,-3.080152426163E-02,
    1.347443775378));
#7810 = CARTESIAN_POINT('',(1.118830894501,-3.080152426163E-02,
    1.338579014355));
#7811 = CARTESIAN_POINT('',(1.116411378071,-2.854330892659E-02,
    1.347443775378));
#7812 = CARTESIAN_POINT('',(1.116411378071,-2.854330892659E-02,
    1.338579014355));
#7813 = CARTESIAN_POINT('',(1.113346657259,-2.741420125907E-02,
    1.347443775378));
#7814 = CARTESIAN_POINT('',(1.113346657259,-2.741420125907E-02,
    1.338579014355));
#7815 = CARTESIAN_POINT('',(1.109636732066,-2.741420125907E-02,
    1.347443775378));
#7816 = CARTESIAN_POINT('',(1.109636732066,-2.741420125907E-02,
    1.338579014355));
#7817 = ADVANCED_FACE('',(#7818),#7834,.T.);
#7818 = FACE_BOUND('',#7819,.T.);
#7819 = EDGE_LOOP('',(#7820,#7827,#7828,#7829));
#7820 = ORIENTED_EDGE('',*,*,#7821,.F.);
#7821 = EDGE_CURVE('',#7794,#7822,#7824,.T.);
#7822 = VERTEX_POINT('',#7823);
#7823 = CARTESIAN_POINT('',(1.10531386271,-2.741420125907E-02,
    1.338579014355));
#7824 = B_SPLINE_CURVE_WITH_KNOTS('',1,(#7825,#7826),.UNSPECIFIED.,.F.,
  .F.,(2,2),(0.,4.322869355866E-03),.PIECEWISE_BEZIER_KNOTS.);
#7825 = CARTESIAN_POINT('',(1.109636732066,-2.741420125907E-02,
    1.338579014355));
#7826 = CARTESIAN_POINT('',(1.10531386271,-2.741420125907E-02,
    1.338579014355));
#7827 = ORIENTED_EDGE('',*,*,#7804,.F.);
#7828 = ORIENTED_EDGE('',*,*,#7342,.T.);
#7829 = ORIENTED_EDGE('',*,*,#7830,.T.);
#7830 = EDGE_CURVE('',#7336,#7822,#7831,.T.);
#7831 = B_SPLINE_CURVE_WITH_KNOTS('',1,(#7832,#7833),.UNSPECIFIED.,.F.,
  .F.,(2,2),(-0.,8.864761022221E-03),.PIECEWISE_BEZIER_KNOTS.);
#7832 = CARTESIAN_POINT('',(1.10531386271,-2.741420125907E-02,
    1.347443775378));
#7833 = CARTESIAN_POINT('',(1.10531386271,-2.741420125907E-02,
    1.338579014355));
#7834 = B_SPLINE_SURFACE_WITH_KNOTS('',1,1,(
    (#7835,#7836)
    ,(#7837,#7838
    )),.UNSPECIFIED.,.F.,.F.,.F.,(2,2),(2,2),(0.,8.864761022221E-03),(
    -4.322869355866E-03,0.),.PIECEWISE_BEZIER_KNOTS.);
#7835 = CARTESIAN_POINT('',(1.10531386271,-2.741420125907E-02,
    1.347443775378));
#7836 = CARTESIAN_POINT('',(1.109636732066,-2.741420125907E-02,
    1.347443775378));
#7837 = CARTESIAN_POINT('',(1.10531386271,-2.741420125907E-02,
    1.338579014355));
#7838 = CARTESIAN_POINT('',(1.109636732066,-2.741420125907E-02,
    1.338579014355));
#7839 = ADVANCED_FACE('',(#7840),#7850,.T.);
#7840 = FACE_BOUND('',#7841,.T.);
#7841 = EDGE_LOOP('',(#7842,#7847,#7848,#7849));
#7842 = ORIENTED_EDGE('',*,*,#7843,.F.);
#7843 = EDGE_CURVE('',#7822,#7648,#7844,.T.);
#7844 = B_SPLINE_CURVE_WITH_KNOTS('',1,(#7845,#7846),.UNSPECIFIED.,.F.,
  .F.,(2,2),(0.,1.064416138709E-02),.PIECEWISE_BEZIER_KNOTS.);
#7845 = CARTESIAN_POINT('',(1.10531386271,-2.741420125907E-02,
    1.338579014355));
#7846 = CARTESIAN_POINT('',(1.106733312349,-3.79632928956E-02,
    1.338579014355));
#7847 = ORIENTED_EDGE('',*,*,#7830,.F.);
#7848 = ORIENTED_EDGE('',*,*,#7335,.T.);
#7849 = ORIENTED_EDGE('',*,*,#7658,.T.);
#7850 = B_SPLINE_SURFACE_WITH_KNOTS('',1,1,(
    (#7851,#7852)
    ,(#7853,#7854
    )),.UNSPECIFIED.,.F.,.F.,.F.,(2,2),(2,2),(-1.064416138709E-02,0.),(
    -8.864761022221E-03,0.),.PIECEWISE_BEZIER_KNOTS.);
#7851 = CARTESIAN_POINT('',(1.106733312349,-3.79632928956E-02,
    1.338579014355));
#7852 = CARTESIAN_POINT('',(1.106733312349,-3.79632928956E-02,
    1.347443775378));
#7853 = CARTESIAN_POINT('',(1.10531386271,-2.741420125907E-02,
    1.338579014355));
#7854 = CARTESIAN_POINT('',(1.10531386271,-2.741420125907E-02,
    1.347443775378));
#7855 = ADVANCED_FACE('',(#7856),#7866,.T.);
#7856 = FACE_BOUND('',#7857,.T.);
#7857 = EDGE_LOOP('',(#7858,#7859,#7860,#7861,#7862,#7863,#7864,#7865));
#7858 = ORIENTED_EDGE('',*,*,#7647,.T.);
#7859 = ORIENTED_EDGE('',*,*,#7681,.T.);
#7860 = ORIENTED_EDGE('',*,*,#7709,.T.);
#7861 = ORIENTED_EDGE('',*,*,#7737,.T.);
#7862 = ORIENTED_EDGE('',*,*,#7765,.T.);
#7863 = ORIENTED_EDGE('',*,*,#7793,.T.);
#7864 = ORIENTED_EDGE('',*,*,#7821,.T.);
#7865 = ORIENTED_EDGE('',*,*,#7843,.T.);
#7866 = B_SPLINE_SURFACE_WITH_KNOTS('',1,1,(
    (#7867,#7868)
    ,(#7869,#7870
    )),.UNSPECIFIED.,.F.,.F.,.F.,(2,2),(2,2),(1.10531386271,
    1.122508559475),(-4.770587905509E-02,-2.741420125898E-02),
  .PIECEWISE_BEZIER_KNOTS.);
#7867 = CARTESIAN_POINT('',(1.10531386271,-4.770587905518E-02,
    1.338579014355));
#7868 = CARTESIAN_POINT('',(1.10531386271,-2.741420125907E-02,
    1.338579014355));
#7869 = CARTESIAN_POINT('',(1.122508559475,-4.770587905518E-02,
    1.338579014355));
#7870 = CARTESIAN_POINT('',(1.122508559475,-2.741420125907E-02,
    1.338579014355));
#7871 = ADVANCED_FACE('',(#7872),#7896,.F.);
#7872 = FACE_BOUND('',#7873,.F.);
#7873 = EDGE_LOOP('',(#7874,#7881,#7890,#7895));
#7874 = ORIENTED_EDGE('',*,*,#7875,.F.);
#7875 = EDGE_CURVE('',#7876,#529,#7878,.T.);
#7876 = VERTEX_POINT('',#7877);
#7877 = CARTESIAN_POINT('',(1.122540819694,4.200813431484E-03,
    1.347443775378));
#7878 = B_SPLINE_CURVE_WITH_KNOTS('',1,(#7879,#7880),.UNSPECIFIED.,.F.,
  .F.,(2,2),(-0.,8.864761022221E-03),.PIECEWISE_BEZIER_KNOTS.);
#7879 = CARTESIAN_POINT('',(1.122540819694,4.200813431484E-03,
    1.347443775378));
#7880 = CARTESIAN_POINT('',(1.122540819694,4.200813431484E-03,
    1.338579014355));
#7881 = ORIENTED_EDGE('',*,*,#7882,.T.);
#7882 = EDGE_CURVE('',#7876,#7883,#7885,.T.);
#7883 = VERTEX_POINT('',#7884);
#7884 = CARTESIAN_POINT('',(1.11818569012,-8.80005485451E-03,
    1.347443775378));
#7885 = B_SPLINE_CURVE_WITH_KNOTS('',3,(#7886,#7887,#7888,#7889),
  .UNSPECIFIED.,.F.,.F.,(4,4),(0.,1.),.PIECEWISE_BEZIER_KNOTS.);
#7886 = CARTESIAN_POINT('',(1.122540819694,4.200813431484E-03,
    1.347443775378));
#7887 = CARTESIAN_POINT('',(1.122540819694,-4.446581149511E-04,
    1.347443775378));
#7888 = CARTESIAN_POINT('',(1.121089109836,-4.767527470602E-03,
    1.347443775378));
#7889 = CARTESIAN_POINT('',(1.11818569012,-8.80005485451E-03,
    1.347443775378));
#7890 = ORIENTED_EDGE('',*,*,#7891,.T.);
#7891 = EDGE_CURVE('',#7883,#520,#7892,.T.);
#7892 = B_SPLINE_CURVE_WITH_KNOTS('',1,(#7893,#7894),.UNSPECIFIED.,.F.,
  .F.,(2,2),(-0.,8.864761022221E-03),.PIECEWISE_BEZIER_KNOTS.);
#7893 = CARTESIAN_POINT('',(1.11818569012,-8.80005485451E-03,
    1.347443775378));
#7894 = CARTESIAN_POINT('',(1.11818569012,-8.80005485451E-03,
    1.338579014355));
#7895 = ORIENTED_EDGE('',*,*,#528,.F.);
#7896 = B_SPLINE_SURFACE_WITH_KNOTS('',3,1,(
    (#7897,#7898)
    ,(#7899,#7900)
    ,(#7901,#7902)
    ,(#7903,#7904
    )),.UNSPECIFIED.,.F.,.F.,.F.,(4,4),(2,2),(0.,1.),(0.,1.),
  .PIECEWISE_BEZIER_KNOTS.);
#7897 = CARTESIAN_POINT('',(1.122540819694,4.200813431484E-03,
    1.347443775378));
#7898 = CARTESIAN_POINT('',(1.122540819694,4.200813431484E-03,
    1.338579014355));
#7899 = CARTESIAN_POINT('',(1.122540819694,-4.446581149511E-04,
    1.347443775378));
#7900 = CARTESIAN_POINT('',(1.122540819694,-4.446581149511E-04,
    1.338579014355));
#7901 = CARTESIAN_POINT('',(1.121089109836,-4.767527470602E-03,
    1.347443775378));
#7902 = CARTESIAN_POINT('',(1.121089109836,-4.767527470602E-03,
    1.338579014355));
#7903 = CARTESIAN_POINT('',(1.11818569012,-8.80005485451E-03,
    1.347443775378));
#7904 = CARTESIAN_POINT('',(1.11818569012,-8.80005485451E-03,
    1.338579014355));
#7905 = ADVANCED_FACE('',(#7906),#7922,.F.);
#7906 = FACE_BOUND('',#7907,.T.);
#7907 = EDGE_LOOP('',(#7908,#7909,#7916,#7921));
#7908 = ORIENTED_EDGE('',*,*,#519,.T.);
#7909 = ORIENTED_EDGE('',*,*,#7910,.F.);
#7910 = EDGE_CURVE('',#7911,#522,#7913,.T.);
#7911 = VERTEX_POINT('',#7912);
#7912 = CARTESIAN_POINT('',(1.126347525545,-8.80005485451E-03,
    1.347443775378));
#7913 = B_SPLINE_CURVE_WITH_KNOTS('',1,(#7914,#7915),.UNSPECIFIED.,.F.,
  .F.,(2,2),(-0.,8.864761022221E-03),.PIECEWISE_BEZIER_KNOTS.);
#7914 = CARTESIAN_POINT('',(1.126347525545,-8.80005485451E-03,
    1.347443775378));
#7915 = CARTESIAN_POINT('',(1.126347525545,-8.80005485451E-03,
    1.338579014355));
#7916 = ORIENTED_EDGE('',*,*,#7917,.F.);
#7917 = EDGE_CURVE('',#7883,#7911,#7918,.T.);
#7918 = B_SPLINE_CURVE_WITH_KNOTS('',1,(#7919,#7920),.UNSPECIFIED.,.F.,
  .F.,(2,2),(-8.161835424918E-03,0.),.PIECEWISE_BEZIER_KNOTS.);
#7919 = CARTESIAN_POINT('',(1.11818569012,-8.80005485451E-03,
    1.347443775378));
#7920 = CARTESIAN_POINT('',(1.126347525545,-8.80005485451E-03,
    1.347443775378));
#7921 = ORIENTED_EDGE('',*,*,#7891,.T.);
#7922 = B_SPLINE_SURFACE_WITH_KNOTS('',1,1,(
    (#7923,#7924)
    ,(#7925,#7926
    )),.UNSPECIFIED.,.F.,.F.,.F.,(2,2),(2,2),(-8.864761022221E-03,0.),(
    -8.161835424918E-03,0.),.PIECEWISE_BEZIER_KNOTS.);
#7923 = CARTESIAN_POINT('',(1.11818569012,-8.80005485451E-03,
    1.338579014355));
#7924 = CARTESIAN_POINT('',(1.126347525545,-8.80005485451E-03,
    1.338579014355));
#7925 = CARTESIAN_POINT('',(1.11818569012,-8.80005485451E-03,
    1.347443775378));
#7926 = CARTESIAN_POINT('',(1.126347525545,-8.80005485451E-03,
    1.347443775378));
#7927 = ADVANCED_FACE('',(#7928),#7946,.F.);
#7928 = FACE_BOUND('',#7929,.F.);
#7929 = EDGE_LOOP('',(#7930,#7931,#7940,#7945));
#7930 = ORIENTED_EDGE('',*,*,#7910,.F.);
#7931 = ORIENTED_EDGE('',*,*,#7932,.T.);
#7932 = EDGE_CURVE('',#7911,#7933,#7935,.T.);
#7933 = VERTEX_POINT('',#7934);
#7934 = CARTESIAN_POINT('',(1.128992863509,3.426568173782E-03,
    1.347443775378));
#7935 = B_SPLINE_CURVE_WITH_KNOTS('',3,(#7936,#7937,#7938,#7939),
  .UNSPECIFIED.,.F.,.F.,(4,4),(19.,20.),.PIECEWISE_BEZIER_KNOTS.);
#7936 = CARTESIAN_POINT('',(1.126347525545,-8.80005485451E-03,
    1.347443775378));
#7937 = CARTESIAN_POINT('',(1.128089577375,-5.315951194845E-03,
    1.347443775378));
#7938 = CARTESIAN_POINT('',(1.128992863509,-1.251163591687E-03,
    1.347443775378));
#7939 = CARTESIAN_POINT('',(1.128992863509,3.426568173782E-03,
    1.347443775378));
#7940 = ORIENTED_EDGE('',*,*,#7941,.T.);
#7941 = EDGE_CURVE('',#7933,#689,#7942,.T.);
#7942 = B_SPLINE_CURVE_WITH_KNOTS('',1,(#7943,#7944),.UNSPECIFIED.,.F.,
  .F.,(2,2),(-0.,8.864761022221E-03),.PIECEWISE_BEZIER_KNOTS.);
#7943 = CARTESIAN_POINT('',(1.128992863509,3.426568173782E-03,
    1.347443775378));
#7944 = CARTESIAN_POINT('',(1.128992863509,3.426568173782E-03,
    1.338579014355));
#7945 = ORIENTED_EDGE('',*,*,#697,.F.);
#7946 = B_SPLINE_SURFACE_WITH_KNOTS('',3,1,(
    (#7947,#7948)
    ,(#7949,#7950)
    ,(#7951,#7952)
    ,(#7953,#7954
    )),.UNSPECIFIED.,.F.,.F.,.F.,(4,4),(2,2),(19.,20.),(0.,1.),
  .PIECEWISE_BEZIER_KNOTS.);
#7947 = CARTESIAN_POINT('',(1.126347525545,-8.80005485451E-03,
    1.347443775378));
#7948 = CARTESIAN_POINT('',(1.126347525545,-8.80005485451E-03,
    1.338579014355));
#7949 = CARTESIAN_POINT('',(1.128089577375,-5.315951194845E-03,
    1.347443775378));
#7950 = CARTESIAN_POINT('',(1.128089577375,-5.315951194845E-03,
    1.338579014355));
#7951 = CARTESIAN_POINT('',(1.128992863509,-1.251163591687E-03,
    1.347443775378));
#7952 = CARTESIAN_POINT('',(1.128992863509,-1.251163591687E-03,
    1.338579014355));
#7953 = CARTESIAN_POINT('',(1.128992863509,3.426568173782E-03,
    1.347443775378));
#7954 = CARTESIAN_POINT('',(1.128992863509,3.426568173782E-03,
    1.338579014355));
#7955 = ADVANCED_FACE('',(#7956),#7974,.F.);
#7956 = FACE_BOUND('',#7957,.F.);
#7957 = EDGE_LOOP('',(#7958,#7959,#7968,#7973));
#7958 = ORIENTED_EDGE('',*,*,#7941,.F.);
#7959 = ORIENTED_EDGE('',*,*,#7960,.T.);
#7960 = EDGE_CURVE('',#7933,#7961,#7963,.T.);
#7961 = VERTEX_POINT('',#7962);
#7962 = CARTESIAN_POINT('',(1.125411979192,1.655647733592E-02,
    1.347443775378));
#7963 = B_SPLINE_CURVE_WITH_KNOTS('',3,(#7964,#7965,#7966,#7967),
  .UNSPECIFIED.,.F.,.F.,(4,4),(18.,19.),.PIECEWISE_BEZIER_KNOTS.);
#7964 = CARTESIAN_POINT('',(1.128992863509,3.426568173782E-03,
    1.347443775378));
#7965 = CARTESIAN_POINT('',(1.128992863509,8.797894649151E-03,
    1.347443775378));
#7966 = CARTESIAN_POINT('',(1.127799235403,1.318528444288E-02,
    1.347443775378));
#7967 = CARTESIAN_POINT('',(1.125411979192,1.655647733592E-02,
    1.347443775378));
#7968 = ORIENTED_EDGE('',*,*,#7969,.T.);
#7969 = EDGE_CURVE('',#7961,#680,#7970,.T.);
#7970 = B_SPLINE_CURVE_WITH_KNOTS('',1,(#7971,#7972),.UNSPECIFIED.,.F.,
  .F.,(2,2),(-0.,8.864761022221E-03),.PIECEWISE_BEZIER_KNOTS.);
#7971 = CARTESIAN_POINT('',(1.125411979192,1.655647733592E-02,
    1.347443775378));
#7972 = CARTESIAN_POINT('',(1.125411979192,1.655647733592E-02,
    1.338579014355));
#7973 = ORIENTED_EDGE('',*,*,#688,.F.);
#7974 = B_SPLINE_SURFACE_WITH_KNOTS('',3,1,(
    (#7975,#7976)
    ,(#7977,#7978)
    ,(#7979,#7980)
    ,(#7981,#7982
    )),.UNSPECIFIED.,.F.,.F.,.F.,(4,4),(2,2),(18.,19.),(0.,1.),
  .PIECEWISE_BEZIER_KNOTS.);
#7975 = CARTESIAN_POINT('',(1.128992863509,3.426568173782E-03,
    1.347443775378));
#7976 = CARTESIAN_POINT('',(1.128992863509,3.426568173782E-03,
    1.338579014355));
#7977 = CARTESIAN_POINT('',(1.128992863509,8.797894649151E-03,
    1.347443775378));
#7978 = CARTESIAN_POINT('',(1.128992863509,8.797894649151E-03,
    1.338579014355));
#7979 = CARTESIAN_POINT('',(1.127799235403,1.318528444288E-02,
    1.347443775378));
#7980 = CARTESIAN_POINT('',(1.127799235403,1.318528444288E-02,
    1.338579014355));
#7981 = CARTESIAN_POINT('',(1.125411979192,1.655647733592E-02,
    1.347443775378));
#7982 = CARTESIAN_POINT('',(1.125411979192,1.655647733592E-02,
    1.338579014355));
#7983 = ADVANCED_FACE('',(#7984),#8002,.F.);
#7984 = FACE_BOUND('',#7985,.F.);
#7985 = EDGE_LOOP('',(#7986,#7987,#7996,#8001));
#7986 = ORIENTED_EDGE('',*,*,#7969,.F.);
#7987 = ORIENTED_EDGE('',*,*,#7988,.T.);
#7988 = EDGE_CURVE('',#7961,#7989,#7991,.T.);
#7989 = VERTEX_POINT('',#7990);
#7990 = CARTESIAN_POINT('',(1.115669393032,2.163746183976E-02,
    1.347443775378));
#7991 = B_SPLINE_CURVE_WITH_KNOTS('',3,(#7992,#7993,#7994,#7995),
  .UNSPECIFIED.,.F.,.F.,(4,4),(17.,18.),.PIECEWISE_BEZIER_KNOTS.);
#7992 = CARTESIAN_POINT('',(1.125411979192,1.655647733592E-02,
    1.347443775378));
#7993 = CARTESIAN_POINT('',(1.123056983199,1.994380033848E-02,
    1.347443775378));
#7994 = CARTESIAN_POINT('',(1.119798701073,2.163746183976E-02,
    1.347443775378));
#7995 = CARTESIAN_POINT('',(1.115669393032,2.163746183976E-02,
    1.347443775378));
#7996 = ORIENTED_EDGE('',*,*,#7997,.T.);
#7997 = EDGE_CURVE('',#7989,#671,#7998,.T.);
#7998 = B_SPLINE_CURVE_WITH_KNOTS('',1,(#7999,#8000),.UNSPECIFIED.,.F.,
  .F.,(2,2),(-0.,8.864761022221E-03),.PIECEWISE_BEZIER_KNOTS.);
#7999 = CARTESIAN_POINT('',(1.115669393032,2.163746183976E-02,
    1.347443775378));
#8000 = CARTESIAN_POINT('',(1.115669393032,2.163746183976E-02,
    1.338579014355));
#8001 = ORIENTED_EDGE('',*,*,#679,.F.);
#8002 = B_SPLINE_SURFACE_WITH_KNOTS('',3,1,(
    (#8003,#8004)
    ,(#8005,#8006)
    ,(#8007,#8008)
    ,(#8009,#8010
    )),.UNSPECIFIED.,.F.,.F.,.F.,(4,4),(2,2),(17.,18.),(0.,1.),
  .PIECEWISE_BEZIER_KNOTS.);
#8003 = CARTESIAN_POINT('',(1.125411979192,1.655647733592E-02,
    1.347443775378));
#8004 = CARTESIAN_POINT('',(1.125411979192,1.655647733592E-02,
    1.338579014355));
#8005 = CARTESIAN_POINT('',(1.123056983199,1.994380033848E-02,
    1.347443775378));
#8006 = CARTESIAN_POINT('',(1.123056983199,1.994380033848E-02,
    1.338579014355));
#8007 = CARTESIAN_POINT('',(1.119798701073,2.163746183976E-02,
    1.347443775378));
#8008 = CARTESIAN_POINT('',(1.119798701073,2.163746183976E-02,
    1.338579014355));
#8009 = CARTESIAN_POINT('',(1.115669393032,2.163746183976E-02,
    1.347443775378));
#8010 = CARTESIAN_POINT('',(1.115669393032,2.163746183976E-02,
    1.338579014355));
#8011 = ADVANCED_FACE('',(#8012),#8030,.F.);
#8012 = FACE_BOUND('',#8013,.F.);
#8013 = EDGE_LOOP('',(#8014,#8015,#8024,#8029));
#8014 = ORIENTED_EDGE('',*,*,#7997,.F.);
#8015 = ORIENTED_EDGE('',*,*,#8016,.T.);
#8016 = EDGE_CURVE('',#7989,#8017,#8019,.T.);
#8017 = VERTEX_POINT('',#8018);
#8018 = CARTESIAN_POINT('',(1.108217282426,1.899212387587E-02,
    1.347443775378));
#8019 = B_SPLINE_CURVE_WITH_KNOTS('',3,(#8020,#8021,#8022,#8023),
  .UNSPECIFIED.,.F.,.F.,(4,4),(16.,17.),.PIECEWISE_BEZIER_KNOTS.);
#8020 = CARTESIAN_POINT('',(1.115669393032,2.163746183976E-02,
    1.347443775378));
#8021 = CARTESIAN_POINT('',(1.112701452877,2.163746183976E-02,
    1.347443775378));
#8022 = CARTESIAN_POINT('',(1.110217416009,2.075030581522E-02,
    1.347443775378));
#8023 = CARTESIAN_POINT('',(1.108217282426,1.899212387587E-02,
    1.347443775378));
#8024 = ORIENTED_EDGE('',*,*,#8025,.T.);
#8025 = EDGE_CURVE('',#8017,#662,#8026,.T.);
#8026 = B_SPLINE_CURVE_WITH_KNOTS('',1,(#8027,#8028),.UNSPECIFIED.,.F.,
  .F.,(2,2),(-0.,8.864761022221E-03),.PIECEWISE_BEZIER_KNOTS.);
#8027 = CARTESIAN_POINT('',(1.108217282426,1.899212387587E-02,
    1.347443775378));
#8028 = CARTESIAN_POINT('',(1.108217282426,1.899212387587E-02,
    1.338579014355));
#8029 = ORIENTED_EDGE('',*,*,#670,.F.);
#8030 = B_SPLINE_SURFACE_WITH_KNOTS('',3,1,(
    (#8031,#8032)
    ,(#8033,#8034)
    ,(#8035,#8036)
    ,(#8037,#8038
    )),.UNSPECIFIED.,.F.,.F.,.F.,(4,4),(2,2),(16.,17.),(0.,1.),
  .PIECEWISE_BEZIER_KNOTS.);
#8031 = CARTESIAN_POINT('',(1.115669393032,2.163746183976E-02,
    1.347443775378));
#8032 = CARTESIAN_POINT('',(1.115669393032,2.163746183976E-02,
    1.338579014355));
#8033 = CARTESIAN_POINT('',(1.112701452877,2.163746183976E-02,
    1.347443775378));
#8034 = CARTESIAN_POINT('',(1.112701452877,2.163746183976E-02,
    1.338579014355));
#8035 = CARTESIAN_POINT('',(1.110217416009,2.075030581522E-02,
    1.347443775378));
#8036 = CARTESIAN_POINT('',(1.110217416009,2.075030581522E-02,
    1.338579014355));
#8037 = CARTESIAN_POINT('',(1.108217282426,1.899212387587E-02,
    1.347443775378));
#8038 = CARTESIAN_POINT('',(1.108217282426,1.899212387587E-02,
    1.338579014355));
#8039 = ADVANCED_FACE('',(#8040),#8058,.F.);
#8040 = FACE_BOUND('',#8041,.F.);
#8041 = EDGE_LOOP('',(#8042,#8043,#8052,#8057));
#8042 = ORIENTED_EDGE('',*,*,#8025,.F.);
#8043 = ORIENTED_EDGE('',*,*,#8044,.T.);
#8044 = EDGE_CURVE('',#8017,#8045,#8047,.T.);
#8045 = VERTEX_POINT('',#8046);
#8046 = CARTESIAN_POINT('',(1.102378182775,8.797894649151E-03,
    1.347443775378));
#8047 = B_SPLINE_CURVE_WITH_KNOTS('',3,(#8048,#8049,#8050,#8051),
  .UNSPECIFIED.,.F.,.F.,(4,4),(15.,16.),.PIECEWISE_BEZIER_KNOTS.);
#8048 = CARTESIAN_POINT('',(1.108217282426,1.899212387587E-02,
    1.347443775378));
#8049 = CARTESIAN_POINT('',(1.106217148844,1.7217811827E-02,
    1.347443775378));
#8050 = CARTESIAN_POINT('',(1.104249275481,1.383048882444E-02,
    1.347443775378));
#8051 = CARTESIAN_POINT('',(1.102378182775,8.797894649151E-03,
    1.347443775378));
#8052 = ORIENTED_EDGE('',*,*,#8053,.T.);
#8053 = EDGE_CURVE('',#8045,#653,#8054,.T.);
#8054 = B_SPLINE_CURVE_WITH_KNOTS('',1,(#8055,#8056),.UNSPECIFIED.,.F.,
  .F.,(2,2),(-0.,8.864761022221E-03),.PIECEWISE_BEZIER_KNOTS.);
#8055 = CARTESIAN_POINT('',(1.102378182775,8.797894649151E-03,
    1.347443775378));
#8056 = CARTESIAN_POINT('',(1.102378182775,8.797894649151E-03,
    1.338579014355));
#8057 = ORIENTED_EDGE('',*,*,#661,.F.);
#8058 = B_SPLINE_SURFACE_WITH_KNOTS('',3,1,(
    (#8059,#8060)
    ,(#8061,#8062)
    ,(#8063,#8064)
    ,(#8065,#8066
    )),.UNSPECIFIED.,.F.,.F.,.F.,(4,4),(2,2),(15.,16.),(0.,1.),
  .PIECEWISE_BEZIER_KNOTS.);
#8059 = CARTESIAN_POINT('',(1.108217282426,1.899212387587E-02,
    1.347443775378));
#8060 = CARTESIAN_POINT('',(1.108217282426,1.899212387587E-02,
    1.338579014355));
#8061 = CARTESIAN_POINT('',(1.106217148844,1.7217811827E-02,
    1.347443775378));
#8062 = CARTESIAN_POINT('',(1.106217148844,1.7217811827E-02,
    1.338579014355));
#8063 = CARTESIAN_POINT('',(1.104249275481,1.383048882444E-02,
    1.347443775378));
#8064 = CARTESIAN_POINT('',(1.104249275481,1.383048882444E-02,
    1.338579014355));
#8065 = CARTESIAN_POINT('',(1.102378182775,8.797894649151E-03,
    1.347443775378));
#8066 = CARTESIAN_POINT('',(1.102378182775,8.797894649151E-03,
    1.338579014355));
#8067 = ADVANCED_FACE('',(#8068),#8086,.F.);
#8068 = FACE_BOUND('',#8069,.F.);
#8069 = EDGE_LOOP('',(#8070,#8071,#8080,#8085));
#8070 = ORIENTED_EDGE('',*,*,#8053,.F.);
#8071 = ORIENTED_EDGE('',*,*,#8072,.T.);
#8072 = EDGE_CURVE('',#8045,#8073,#8075,.T.);
#8073 = VERTEX_POINT('',#8074);
#8074 = CARTESIAN_POINT('',(1.098506956486,1.119962509975E-03,
    1.347443775378));
#8075 = B_SPLINE_CURVE_WITH_KNOTS('',3,(#8076,#8077,#8078,#8079),
  .UNSPECIFIED.,.F.,.F.,(4,4),(14.,15.),.PIECEWISE_BEZIER_KNOTS.);
#8076 = CARTESIAN_POINT('',(1.102378182775,8.797894649151E-03,
    1.347443775378));
#8077 = CARTESIAN_POINT('',(1.100829692259,4.829887703316E-03,
    1.347443775378));
#8078 = CARTESIAN_POINT('',(1.099539283496,2.281330396745E-03,
    1.347443775378));
#8079 = CARTESIAN_POINT('',(1.098506956486,1.119962509975E-03,
    1.347443775378));
#8080 = ORIENTED_EDGE('',*,*,#8081,.T.);
#8081 = EDGE_CURVE('',#8073,#644,#8082,.T.);
#8082 = B_SPLINE_CURVE_WITH_KNOTS('',1,(#8083,#8084),.UNSPECIFIED.,.F.,
  .F.,(2,2),(-0.,8.864761022221E-03),.PIECEWISE_BEZIER_KNOTS.);
#8083 = CARTESIAN_POINT('',(1.098506956486,1.119962509975E-03,
    1.347443775378));
#8084 = CARTESIAN_POINT('',(1.098506956486,1.119962509975E-03,
    1.338579014355));
#8085 = ORIENTED_EDGE('',*,*,#652,.F.);
#8086 = B_SPLINE_SURFACE_WITH_KNOTS('',3,1,(
    (#8087,#8088)
    ,(#8089,#8090)
    ,(#8091,#8092)
    ,(#8093,#8094
    )),.UNSPECIFIED.,.F.,.F.,.F.,(4,4),(2,2),(14.,15.),(0.,1.),
  .PIECEWISE_BEZIER_KNOTS.);
#8087 = CARTESIAN_POINT('',(1.102378182775,8.797894649151E-03,
    1.347443775378));
#8088 = CARTESIAN_POINT('',(1.102378182775,8.797894649151E-03,
    1.338579014355));
#8089 = CARTESIAN_POINT('',(1.100829692259,4.829887703316E-03,
    1.347443775378));
#8090 = CARTESIAN_POINT('',(1.100829692259,4.829887703316E-03,
    1.338579014355));
#8091 = CARTESIAN_POINT('',(1.099539283496,2.281330396745E-03,
    1.347443775378));
#8092 = CARTESIAN_POINT('',(1.099539283496,2.281330396745E-03,
    1.338579014355));
#8093 = CARTESIAN_POINT('',(1.098506956486,1.119962509975E-03,
    1.347443775378));
#8094 = CARTESIAN_POINT('',(1.098506956486,1.119962509975E-03,
    1.338579014355));
#8095 = ADVANCED_FACE('',(#8096),#8114,.F.);
#8096 = FACE_BOUND('',#8097,.F.);
#8097 = EDGE_LOOP('',(#8098,#8099,#8108,#8113));
#8098 = ORIENTED_EDGE('',*,*,#8081,.F.);
#8099 = ORIENTED_EDGE('',*,*,#8100,.T.);
#8100 = EDGE_CURVE('',#8073,#8101,#8103,.T.);
#8101 = VERTEX_POINT('',#8102);
#8102 = CARTESIAN_POINT('',(1.094313128006,-6.059592103409E-04,
    1.347443775378));
#8103 = B_SPLINE_CURVE_WITH_KNOTS('',3,(#8104,#8105,#8106,#8107),
  .UNSPECIFIED.,.F.,.F.,(4,4),(13.,14.),.PIECEWISE_BEZIER_KNOTS.);
#8104 = CARTESIAN_POINT('',(1.098506956486,1.119962509975E-03,
    1.347443775378));
#8105 = CARTESIAN_POINT('',(1.097506889695,-2.527526706264E-05,
    1.347443775378));
#8106 = CARTESIAN_POINT('',(1.096119700274,-6.059592103409E-04,
    1.347443775378));
#8107 = CARTESIAN_POINT('',(1.094313128006,-6.059592103409E-04,
    1.347443775378));
#8108 = ORIENTED_EDGE('',*,*,#8109,.T.);
#8109 = EDGE_CURVE('',#8101,#635,#8110,.T.);
#8110 = B_SPLINE_CURVE_WITH_KNOTS('',1,(#8111,#8112),.UNSPECIFIED.,.F.,
  .F.,(2,2),(-0.,8.864761022221E-03),.PIECEWISE_BEZIER_KNOTS.);
#8111 = CARTESIAN_POINT('',(1.094313128006,-6.059592103409E-04,
    1.347443775378));
#8112 = CARTESIAN_POINT('',(1.094313128006,-6.059592103409E-04,
    1.338579014355));
#8113 = ORIENTED_EDGE('',*,*,#643,.F.);
#8114 = B_SPLINE_SURFACE_WITH_KNOTS('',3,1,(
    (#8115,#8116)
    ,(#8117,#8118)
    ,(#8119,#8120)
    ,(#8121,#8122
    )),.UNSPECIFIED.,.F.,.F.,.F.,(4,4),(2,2),(13.,14.),(0.,1.),
  .PIECEWISE_BEZIER_KNOTS.);
#8115 = CARTESIAN_POINT('',(1.098506956486,1.119962509975E-03,
    1.347443775378));
#8116 = CARTESIAN_POINT('',(1.098506956486,1.119962509975E-03,
    1.338579014355));
#8117 = CARTESIAN_POINT('',(1.097506889695,-2.527526706264E-05,
    1.347443775378));
#8118 = CARTESIAN_POINT('',(1.097506889695,-2.527526706264E-05,
    1.338579014355));
#8119 = CARTESIAN_POINT('',(1.096119700274,-6.059592103409E-04,
    1.347443775378));
#8120 = CARTESIAN_POINT('',(1.096119700274,-6.059592103409E-04,
    1.338579014355));
#8121 = CARTESIAN_POINT('',(1.094313128006,-6.059592103409E-04,
    1.347443775378));
#8122 = CARTESIAN_POINT('',(1.094313128006,-6.059592103409E-04,
    1.338579014355));
#8123 = ADVANCED_FACE('',(#8124),#8142,.F.);
#8124 = FACE_BOUND('',#8125,.F.);
#8125 = EDGE_LOOP('',(#8126,#8127,#8136,#8141));
#8126 = ORIENTED_EDGE('',*,*,#8109,.F.);
#8127 = ORIENTED_EDGE('',*,*,#8128,.T.);
#8128 = EDGE_CURVE('',#8101,#8129,#8131,.T.);
#8129 = VERTEX_POINT('',#8130);
#8130 = CARTESIAN_POINT('',(1.089925738213,1.797427110573E-03,
    1.347443775378));
#8131 = B_SPLINE_CURVE_WITH_KNOTS('',3,(#8132,#8133,#8134,#8135),
  .UNSPECIFIED.,.F.,.F.,(4,4),(12.,13.),.PIECEWISE_BEZIER_KNOTS.);
#8132 = CARTESIAN_POINT('',(1.094313128006,-6.059592103409E-04,
    1.347443775378));
#8133 = CARTESIAN_POINT('',(1.092506555739,-6.05959210341E-04,
    1.347443775378));
#8134 = CARTESIAN_POINT('',(1.091022585661,2.005462666124E-04,
    1.347443775378));
#8135 = CARTESIAN_POINT('',(1.089925738213,1.797427110573E-03,
    1.347443775378));
#8136 = ORIENTED_EDGE('',*,*,#8137,.T.);
#8137 = EDGE_CURVE('',#8129,#626,#8138,.T.);
#8138 = B_SPLINE_CURVE_WITH_KNOTS('',1,(#8139,#8140),.UNSPECIFIED.,.F.,
  .F.,(2,2),(-0.,8.864761022221E-03),.PIECEWISE_BEZIER_KNOTS.);
#8139 = CARTESIAN_POINT('',(1.089925738213,1.797427110573E-03,
    1.347443775378));
#8140 = CARTESIAN_POINT('',(1.089925738213,1.797427110573E-03,
    1.338579014355));
#8141 = ORIENTED_EDGE('',*,*,#634,.F.);
#8142 = B_SPLINE_SURFACE_WITH_KNOTS('',3,1,(
    (#8143,#8144)
    ,(#8145,#8146)
    ,(#8147,#8148)
    ,(#8149,#8150
    )),.UNSPECIFIED.,.F.,.F.,.F.,(4,4),(2,2),(12.,13.),(0.,1.),
  .PIECEWISE_BEZIER_KNOTS.);
#8143 = CARTESIAN_POINT('',(1.094313128006,-6.059592103409E-04,
    1.347443775378));
#8144 = CARTESIAN_POINT('',(1.094313128006,-6.059592103409E-04,
    1.338579014355));
#8145 = CARTESIAN_POINT('',(1.092506555739,-6.05959210341E-04,
    1.347443775378));
#8146 = CARTESIAN_POINT('',(1.092506555739,-6.05959210341E-04,
    1.338579014355));
#8147 = CARTESIAN_POINT('',(1.091022585661,2.005462666124E-04,
    1.347443775378));
#8148 = CARTESIAN_POINT('',(1.091022585661,2.005462666124E-04,
    1.338579014355));
#8149 = CARTESIAN_POINT('',(1.089925738213,1.797427110573E-03,
    1.347443775378));
#8150 = CARTESIAN_POINT('',(1.089925738213,1.797427110573E-03,
    1.338579014355));
#8151 = ADVANCED_FACE('',(#8152),#8170,.F.);
#8152 = FACE_BOUND('',#8153,.F.);
#8153 = EDGE_LOOP('',(#8154,#8155,#8164,#8169));
#8154 = ORIENTED_EDGE('',*,*,#8137,.F.);
#8155 = ORIENTED_EDGE('',*,*,#8156,.T.);
#8156 = EDGE_CURVE('',#8129,#8157,#8159,.T.);
#8157 = VERTEX_POINT('',#8158);
#8158 = CARTESIAN_POINT('',(1.088248206821,8.023649391449E-03,
    1.347443775378));
#8159 = B_SPLINE_CURVE_WITH_KNOTS('',3,(#8160,#8161,#8162,#8163),
  .UNSPECIFIED.,.F.,.F.,(4,4),(11.,12.),.PIECEWISE_BEZIER_KNOTS.);
#8160 = CARTESIAN_POINT('',(1.089925738213,1.797427110573E-03,
    1.347443775378));
#8161 = CARTESIAN_POINT('',(1.088796630545,3.394307954531E-03,
    1.347443775378));
#8162 = CARTESIAN_POINT('',(1.088248206821,5.475092084877E-03,
    1.347443775378));
#8163 = CARTESIAN_POINT('',(1.088248206821,8.023649391449E-03,
    1.347443775378));
#8164 = ORIENTED_EDGE('',*,*,#8165,.T.);
#8165 = EDGE_CURVE('',#8157,#617,#8166,.T.);
#8166 = B_SPLINE_CURVE_WITH_KNOTS('',1,(#8167,#8168),.UNSPECIFIED.,.F.,
  .F.,(2,2),(-0.,8.864761022221E-03),.PIECEWISE_BEZIER_KNOTS.);
#8167 = CARTESIAN_POINT('',(1.088248206821,8.023649391449E-03,
    1.347443775378));
#8168 = CARTESIAN_POINT('',(1.088248206821,8.023649391449E-03,
    1.338579014355));
#8169 = ORIENTED_EDGE('',*,*,#625,.F.);
#8170 = B_SPLINE_SURFACE_WITH_KNOTS('',3,1,(
    (#8171,#8172)
    ,(#8173,#8174)
    ,(#8175,#8176)
    ,(#8177,#8178
    )),.UNSPECIFIED.,.F.,.F.,.F.,(4,4),(2,2),(11.,12.),(0.,1.),
  .PIECEWISE_BEZIER_KNOTS.);
#8171 = CARTESIAN_POINT('',(1.089925738213,1.797427110573E-03,
    1.347443775378));
#8172 = CARTESIAN_POINT('',(1.089925738213,1.797427110573E-03,
    1.338579014355));
#8173 = CARTESIAN_POINT('',(1.088796630545,3.394307954531E-03,
    1.347443775378));
#8174 = CARTESIAN_POINT('',(1.088796630545,3.394307954531E-03,
    1.338579014355));
#8175 = CARTESIAN_POINT('',(1.088248206821,5.475092084877E-03,
    1.347443775378));
#8176 = CARTESIAN_POINT('',(1.088248206821,5.475092084877E-03,
    1.338579014355));
#8177 = CARTESIAN_POINT('',(1.088248206821,8.023649391449E-03,
    1.347443775378));
#8178 = CARTESIAN_POINT('',(1.088248206821,8.023649391449E-03,
    1.338579014355));
#8179 = ADVANCED_FACE('',(#8180),#8198,.F.);
#8180 = FACE_BOUND('',#8181,.F.);
#8181 = EDGE_LOOP('',(#8182,#8183,#8192,#8197));
#8182 = ORIENTED_EDGE('',*,*,#8165,.F.);
#8183 = ORIENTED_EDGE('',*,*,#8184,.T.);
#8184 = EDGE_CURVE('',#8157,#8185,#8187,.T.);
#8185 = VERTEX_POINT('',#8186);
#8186 = CARTESIAN_POINT('',(1.091506488947,1.947602716204E-02,
    1.347443775378));
#8187 = B_SPLINE_CURVE_WITH_KNOTS('',3,(#8188,#8189,#8190,#8191),
  .UNSPECIFIED.,.F.,.F.,(4,4),(10.,11.),.PIECEWISE_BEZIER_KNOTS.);
#8188 = CARTESIAN_POINT('',(1.088248206821,8.023649391449E-03,
    1.347443775378));
#8189 = CARTESIAN_POINT('',(1.088248206821,1.229812841855E-02,
    1.347443775378));
#8190 = CARTESIAN_POINT('',(1.089345054269,1.610483426899E-02,
    1.347443775378));
#8191 = CARTESIAN_POINT('',(1.091506488947,1.947602716204E-02,
    1.347443775378));
#8192 = ORIENTED_EDGE('',*,*,#8193,.T.);
#8193 = EDGE_CURVE('',#8185,#610,#8194,.T.);
#8194 = B_SPLINE_CURVE_WITH_KNOTS('',1,(#8195,#8196),.UNSPECIFIED.,.F.,
  .F.,(2,2),(-0.,8.864761022221E-03),.PIECEWISE_BEZIER_KNOTS.);
#8195 = CARTESIAN_POINT('',(1.091506488947,1.947602716204E-02,
    1.347443775378));
#8196 = CARTESIAN_POINT('',(1.091506488947,1.947602716204E-02,
    1.338579014355));
#8197 = ORIENTED_EDGE('',*,*,#616,.F.);
#8198 = B_SPLINE_SURFACE_WITH_KNOTS('',3,1,(
    (#8199,#8200)
    ,(#8201,#8202)
    ,(#8203,#8204)
    ,(#8205,#8206
    )),.UNSPECIFIED.,.F.,.F.,.F.,(4,4),(2,2),(10.,11.),(0.,1.),
  .PIECEWISE_BEZIER_KNOTS.);
#8199 = CARTESIAN_POINT('',(1.088248206821,8.023649391449E-03,
    1.347443775378));
#8200 = CARTESIAN_POINT('',(1.088248206821,8.023649391449E-03,
    1.338579014355));
#8201 = CARTESIAN_POINT('',(1.088248206821,1.229812841855E-02,
    1.347443775378));
#8202 = CARTESIAN_POINT('',(1.088248206821,1.229812841855E-02,
    1.338579014355));
#8203 = CARTESIAN_POINT('',(1.089345054269,1.610483426899E-02,
    1.347443775378));
#8204 = CARTESIAN_POINT('',(1.089345054269,1.610483426899E-02,
    1.338579014355));
#8205 = CARTESIAN_POINT('',(1.091506488947,1.947602716204E-02,
    1.347443775378));
#8206 = CARTESIAN_POINT('',(1.091506488947,1.947602716204E-02,
    1.338579014355));
#8207 = ADVANCED_FACE('',(#8208),#8224,.F.);
#8208 = FACE_BOUND('',#8209,.T.);
#8209 = EDGE_LOOP('',(#8210,#8211,#8218,#8223));
#8210 = ORIENTED_EDGE('',*,*,#609,.T.);
#8211 = ORIENTED_EDGE('',*,*,#8212,.F.);
#8212 = EDGE_CURVE('',#8213,#601,#8215,.T.);
#8213 = VERTEX_POINT('',#8214);
#8214 = CARTESIAN_POINT('',(1.083828556808,1.947602716204E-02,
    1.347443775378));
#8215 = B_SPLINE_CURVE_WITH_KNOTS('',1,(#8216,#8217),.UNSPECIFIED.,.F.,
  .F.,(2,2),(-0.,8.864761022221E-03),.PIECEWISE_BEZIER_KNOTS.);
#8216 = CARTESIAN_POINT('',(1.083828556808,1.947602716204E-02,
    1.347443775378));
#8217 = CARTESIAN_POINT('',(1.083828556808,1.947602716204E-02,
    1.338579014355));
#8218 = ORIENTED_EDGE('',*,*,#8219,.F.);
#8219 = EDGE_CURVE('',#8185,#8213,#8220,.T.);
#8220 = B_SPLINE_CURVE_WITH_KNOTS('',1,(#8221,#8222),.UNSPECIFIED.,.F.,
  .F.,(2,2),(-7.677932138961E-03,-0.),.PIECEWISE_BEZIER_KNOTS.);
#8221 = CARTESIAN_POINT('',(1.091506488947,1.947602716204E-02,
    1.347443775378));
#8222 = CARTESIAN_POINT('',(1.083828556808,1.947602716204E-02,
    1.347443775378));
#8223 = ORIENTED_EDGE('',*,*,#8193,.T.);
#8224 = B_SPLINE_SURFACE_WITH_KNOTS('',1,1,(
    (#8225,#8226)
    ,(#8227,#8228
    )),.UNSPECIFIED.,.F.,.F.,.F.,(2,2),(2,2),(0.,8.864761022221E-03),(0.
    ,7.677932138961E-03),.PIECEWISE_BEZIER_KNOTS.);
#8225 = CARTESIAN_POINT('',(1.083828556808,1.947602716204E-02,
    1.347443775378));
#8226 = CARTESIAN_POINT('',(1.091506488947,1.947602716204E-02,
    1.347443775378));
#8227 = CARTESIAN_POINT('',(1.083828556808,1.947602716204E-02,
    1.338579014355));
#8228 = CARTESIAN_POINT('',(1.091506488947,1.947602716204E-02,
    1.338579014355));
#8229 = ADVANCED_FACE('',(#8230),#8248,.F.);
#8230 = FACE_BOUND('',#8231,.F.);
#8231 = EDGE_LOOP('',(#8232,#8233,#8242,#8247));
#8232 = ORIENTED_EDGE('',*,*,#8212,.F.);
#8233 = ORIENTED_EDGE('',*,*,#8234,.T.);
#8234 = EDGE_CURVE('',#8213,#8235,#8237,.T.);
#8235 = VERTEX_POINT('',#8236);
#8236 = CARTESIAN_POINT('',(1.081828423226,8.797894649151E-03,
    1.347443775378));
#8237 = B_SPLINE_CURVE_WITH_KNOTS('',3,(#8238,#8239,#8240,#8241),
  .UNSPECIFIED.,.F.,.F.,(4,4),(8.,9.),.PIECEWISE_BEZIER_KNOTS.);
#8238 = CARTESIAN_POINT('',(1.083828556808,1.947602716204E-02,
    1.347443775378));
#8239 = CARTESIAN_POINT('',(1.082473627607,1.618548481658E-02,
    1.347443775378));
#8240 = CARTESIAN_POINT('',(1.081828423226,1.263686071863E-02,
    1.347443775378));
#8241 = CARTESIAN_POINT('',(1.081828423226,8.797894649151E-03,
    1.347443775378));
#8242 = ORIENTED_EDGE('',*,*,#8243,.T.);
#8243 = EDGE_CURVE('',#8235,#592,#8244,.T.);
#8244 = B_SPLINE_CURVE_WITH_KNOTS('',1,(#8245,#8246),.UNSPECIFIED.,.F.,
  .F.,(2,2),(-0.,8.864761022221E-03),.PIECEWISE_BEZIER_KNOTS.);
#8245 = CARTESIAN_POINT('',(1.081828423226,8.797894649151E-03,
    1.347443775378));
#8246 = CARTESIAN_POINT('',(1.081828423226,8.797894649151E-03,
    1.338579014355));
#8247 = ORIENTED_EDGE('',*,*,#600,.F.);
#8248 = B_SPLINE_SURFACE_WITH_KNOTS('',3,1,(
    (#8249,#8250)
    ,(#8251,#8252)
    ,(#8253,#8254)
    ,(#8255,#8256
    )),.UNSPECIFIED.,.F.,.F.,.F.,(4,4),(2,2),(8.,9.),(0.,1.),
  .PIECEWISE_BEZIER_KNOTS.);
#8249 = CARTESIAN_POINT('',(1.083828556808,1.947602716204E-02,
    1.347443775378));
#8250 = CARTESIAN_POINT('',(1.083828556808,1.947602716204E-02,
    1.338579014355));
#8251 = CARTESIAN_POINT('',(1.082473627607,1.618548481658E-02,
    1.347443775378));
#8252 = CARTESIAN_POINT('',(1.082473627607,1.618548481658E-02,
    1.338579014355));
#8253 = CARTESIAN_POINT('',(1.081828423226,1.263686071863E-02,
    1.347443775378));
#8254 = CARTESIAN_POINT('',(1.081828423226,1.263686071863E-02,
    1.338579014355));
#8255 = CARTESIAN_POINT('',(1.081828423226,8.797894649151E-03,
    1.347443775378));
#8256 = CARTESIAN_POINT('',(1.081828423226,8.797894649151E-03,
    1.338579014355));
#8257 = ADVANCED_FACE('',(#8258),#8276,.F.);
#8258 = FACE_BOUND('',#8259,.F.);
#8259 = EDGE_LOOP('',(#8260,#8261,#8270,#8275));
#8260 = ORIENTED_EDGE('',*,*,#8243,.F.);
#8261 = ORIENTED_EDGE('',*,*,#8262,.T.);
#8262 = EDGE_CURVE('',#8235,#8263,#8265,.T.);
#8263 = VERTEX_POINT('',#8264);
#8264 = CARTESIAN_POINT('',(1.085409307543,-3.686810131635E-03,
    1.347443775378));
#8265 = B_SPLINE_CURVE_WITH_KNOTS('',3,(#8266,#8267,#8268,#8269),
  .UNSPECIFIED.,.F.,.F.,(4,4),(7.,8.),.PIECEWISE_BEZIER_KNOTS.);
#8266 = CARTESIAN_POINT('',(1.081828423226,8.797894649151E-03,
    1.347443775378));
#8267 = CARTESIAN_POINT('',(1.081828423226,3.862081131185E-03,
    1.347443775378));
#8268 = CARTESIAN_POINT('',(1.083022051331,-2.994871290764E-04,
    1.347443775378));
#8269 = CARTESIAN_POINT('',(1.085409307543,-3.686810131635E-03,
    1.347443775378));
#8270 = ORIENTED_EDGE('',*,*,#8271,.T.);
#8271 = EDGE_CURVE('',#8263,#583,#8272,.T.);
#8272 = B_SPLINE_CURVE_WITH_KNOTS('',1,(#8273,#8274),.UNSPECIFIED.,.F.,
  .F.,(2,2),(-0.,8.864761022221E-03),.PIECEWISE_BEZIER_KNOTS.);
#8273 = CARTESIAN_POINT('',(1.085409307543,-3.686810131635E-03,
    1.347443775378));
#8274 = CARTESIAN_POINT('',(1.085409307543,-3.686810131635E-03,
    1.338579014355));
#8275 = ORIENTED_EDGE('',*,*,#591,.F.);
#8276 = B_SPLINE_SURFACE_WITH_KNOTS('',3,1,(
    (#8277,#8278)
    ,(#8279,#8280)
    ,(#8281,#8282)
    ,(#8283,#8284
    )),.UNSPECIFIED.,.F.,.F.,.F.,(4,4),(2,2),(7.,8.),(0.,1.),
  .PIECEWISE_BEZIER_KNOTS.);
#8277 = CARTESIAN_POINT('',(1.081828423226,8.797894649151E-03,
    1.347443775378));
#8278 = CARTESIAN_POINT('',(1.081828423226,8.797894649151E-03,
    1.338579014355));
#8279 = CARTESIAN_POINT('',(1.081828423226,3.862081131185E-03,
    1.347443775378));
#8280 = CARTESIAN_POINT('',(1.081828423226,3.862081131185E-03,
    1.338579014355));
#8281 = CARTESIAN_POINT('',(1.083022051331,-2.994871290764E-04,
    1.347443775378));
#8282 = CARTESIAN_POINT('',(1.083022051331,-2.994871290764E-04,
    1.338579014355));
#8283 = CARTESIAN_POINT('',(1.085409307543,-3.686810131635E-03,
    1.347443775378));
#8284 = CARTESIAN_POINT('',(1.085409307543,-3.686810131635E-03,
    1.338579014355));
#8285 = ADVANCED_FACE('',(#8286),#8304,.F.);
#8286 = FACE_BOUND('',#8287,.F.);
#8287 = EDGE_LOOP('',(#8288,#8289,#8298,#8303));
#8288 = ORIENTED_EDGE('',*,*,#8271,.F.);
#8289 = ORIENTED_EDGE('',*,*,#8290,.T.);
#8290 = EDGE_CURVE('',#8263,#8291,#8293,.T.);
#8291 = VERTEX_POINT('',#8292);
#8292 = CARTESIAN_POINT('',(1.095022852826,-8.751664525957E-03,
    1.347443775378));
#8293 = B_SPLINE_CURVE_WITH_KNOTS('',3,(#8294,#8295,#8296,#8297),
  .UNSPECIFIED.,.F.,.F.,(4,4),(6.,7.),.PIECEWISE_BEZIER_KNOTS.);
#8294 = CARTESIAN_POINT('',(1.085409307543,-3.686810131635E-03,
    1.347443775378));
#8295 = CARTESIAN_POINT('',(1.087828823973,-7.058003024678E-03,
    1.347443775378));
#8296 = CARTESIAN_POINT('',(1.091022585661,-8.751664525957E-03,
    1.347443775378));
#8297 = CARTESIAN_POINT('',(1.095022852826,-8.751664525957E-03,
    1.347443775378));
#8298 = ORIENTED_EDGE('',*,*,#8299,.T.);
#8299 = EDGE_CURVE('',#8291,#574,#8300,.T.);
#8300 = B_SPLINE_CURVE_WITH_KNOTS('',1,(#8301,#8302),.UNSPECIFIED.,.F.,
  .F.,(2,2),(-0.,8.864761022221E-03),.PIECEWISE_BEZIER_KNOTS.);
#8301 = CARTESIAN_POINT('',(1.095022852826,-8.751664525957E-03,
    1.347443775378));
#8302 = CARTESIAN_POINT('',(1.095022852826,-8.751664525957E-03,
    1.338579014355));
#8303 = ORIENTED_EDGE('',*,*,#582,.F.);
#8304 = B_SPLINE_SURFACE_WITH_KNOTS('',3,1,(
    (#8305,#8306)
    ,(#8307,#8308)
    ,(#8309,#8310)
    ,(#8311,#8312
    )),.UNSPECIFIED.,.F.,.F.,.F.,(4,4),(2,2),(6.,7.),(0.,1.),
  .PIECEWISE_BEZIER_KNOTS.);
#8305 = CARTESIAN_POINT('',(1.085409307543,-3.686810131635E-03,
    1.347443775378));
#8306 = CARTESIAN_POINT('',(1.085409307543,-3.686810131635E-03,
    1.338579014355));
#8307 = CARTESIAN_POINT('',(1.087828823973,-7.058003024678E-03,
    1.347443775378));
#8308 = CARTESIAN_POINT('',(1.087828823973,-7.058003024678E-03,
    1.338579014355));
#8309 = CARTESIAN_POINT('',(1.091022585661,-8.751664525957E-03,
    1.347443775378));
#8310 = CARTESIAN_POINT('',(1.091022585661,-8.751664525957E-03,
    1.338579014355));
#8311 = CARTESIAN_POINT('',(1.095022852826,-8.751664525957E-03,
    1.347443775378));
#8312 = CARTESIAN_POINT('',(1.095022852826,-8.751664525957E-03,
    1.338579014355));
#8313 = ADVANCED_FACE('',(#8314),#8332,.F.);
#8314 = FACE_BOUND('',#8315,.F.);
#8315 = EDGE_LOOP('',(#8316,#8317,#8326,#8331));
#8316 = ORIENTED_EDGE('',*,*,#8299,.F.);
#8317 = ORIENTED_EDGE('',*,*,#8318,.T.);
#8318 = EDGE_CURVE('',#8291,#8319,#8321,.T.);
#8319 = VERTEX_POINT('',#8320);
#8320 = CARTESIAN_POINT('',(1.102152361241,-6.509579300436E-03,
    1.347443775378));
#8321 = B_SPLINE_CURVE_WITH_KNOTS('',3,(#8322,#8323,#8324,#8325),
  .UNSPECIFIED.,.F.,.F.,(4,4),(5.,6.),.PIECEWISE_BEZIER_KNOTS.);
#8322 = CARTESIAN_POINT('',(1.095022852826,-8.751664525957E-03,
    1.347443775378));
#8323 = CARTESIAN_POINT('',(1.097797231666,-8.751664525957E-03,
    1.347443775378));
#8324 = CARTESIAN_POINT('',(1.100184487878,-8.009679487289E-03,
    1.347443775378));
#8325 = CARTESIAN_POINT('',(1.102152361241,-6.509579300436E-03,
    1.347443775378));
#8326 = ORIENTED_EDGE('',*,*,#8327,.T.);
#8327 = EDGE_CURVE('',#8319,#565,#8328,.T.);
#8328 = B_SPLINE_CURVE_WITH_KNOTS('',1,(#8329,#8330),.UNSPECIFIED.,.F.,
  .F.,(2,2),(-0.,8.864761022221E-03),.PIECEWISE_BEZIER_KNOTS.);
#8329 = CARTESIAN_POINT('',(1.102152361241,-6.509579300436E-03,
    1.347443775378));
#8330 = CARTESIAN_POINT('',(1.102152361241,-6.509579300436E-03,
    1.338579014355));
#8331 = ORIENTED_EDGE('',*,*,#573,.F.);
#8332 = B_SPLINE_SURFACE_WITH_KNOTS('',3,1,(
    (#8333,#8334)
    ,(#8335,#8336)
    ,(#8337,#8338)
    ,(#8339,#8340
    )),.UNSPECIFIED.,.F.,.F.,.F.,(4,4),(2,2),(5.,6.),(0.,1.),
  .PIECEWISE_BEZIER_KNOTS.);
#8333 = CARTESIAN_POINT('',(1.095022852826,-8.751664525957E-03,
    1.347443775378));
#8334 = CARTESIAN_POINT('',(1.095022852826,-8.751664525957E-03,
    1.338579014355));
#8335 = CARTESIAN_POINT('',(1.097797231666,-8.751664525957E-03,
    1.347443775378));
#8336 = CARTESIAN_POINT('',(1.097797231666,-8.751664525957E-03,
    1.338579014355));
#8337 = CARTESIAN_POINT('',(1.100184487878,-8.009679487289E-03,
    1.347443775378));
#8338 = CARTESIAN_POINT('',(1.100184487878,-8.009679487289E-03,
    1.338579014355));
#8339 = CARTESIAN_POINT('',(1.102152361241,-6.509579300436E-03,
    1.347443775378));
#8340 = CARTESIAN_POINT('',(1.102152361241,-6.509579300436E-03,
    1.338579014355));
#8341 = ADVANCED_FACE('',(#8342),#8360,.F.);
#8342 = FACE_BOUND('',#8343,.F.);
#8343 = EDGE_LOOP('',(#8344,#8345,#8354,#8359));
#8344 = ORIENTED_EDGE('',*,*,#8327,.F.);
#8345 = ORIENTED_EDGE('',*,*,#8346,.T.);
#8346 = EDGE_CURVE('',#8319,#8347,#8349,.T.);
#8347 = VERTEX_POINT('',#8348);
#8348 = CARTESIAN_POINT('',(1.108120501769,3.216876749839E-03,
    1.347443775378));
#8349 = B_SPLINE_CURVE_WITH_KNOTS('',3,(#8350,#8351,#8352,#8353),
  .UNSPECIFIED.,.F.,.F.,(4,4),(4.,5.),.PIECEWISE_BEZIER_KNOTS.);
#8350 = CARTESIAN_POINT('',(1.102152361241,-6.509579300436E-03,
    1.347443775378));
#8351 = CARTESIAN_POINT('',(1.104120234604,-5.025609223099E-03,
    1.347443775378));
#8352 = CARTESIAN_POINT('',(1.106120368187,-1.767327096896E-03,
    1.347443775378));
#8353 = CARTESIAN_POINT('',(1.108120501769,3.216876749839E-03,
    1.347443775378));
#8354 = ORIENTED_EDGE('',*,*,#8355,.T.);
#8355 = EDGE_CURVE('',#8347,#556,#8356,.T.);
#8356 = B_SPLINE_CURVE_WITH_KNOTS('',1,(#8357,#8358),.UNSPECIFIED.,.F.,
  .F.,(2,2),(-0.,8.864761022221E-03),.PIECEWISE_BEZIER_KNOTS.);
#8357 = CARTESIAN_POINT('',(1.108120501769,3.216876749839E-03,
    1.347443775378));
#8358 = CARTESIAN_POINT('',(1.108120501769,3.216876749839E-03,
    1.338579014355));
#8359 = ORIENTED_EDGE('',*,*,#564,.F.);
#8360 = B_SPLINE_SURFACE_WITH_KNOTS('',3,1,(
    (#8361,#8362)
    ,(#8363,#8364)
    ,(#8365,#8366)
    ,(#8367,#8368
    )),.UNSPECIFIED.,.F.,.F.,.F.,(4,4),(2,2),(4.,5.),(0.,1.),
  .PIECEWISE_BEZIER_KNOTS.);
#8361 = CARTESIAN_POINT('',(1.102152361241,-6.509579300436E-03,
    1.347443775378));
#8362 = CARTESIAN_POINT('',(1.102152361241,-6.509579300436E-03,
    1.338579014355));
#8363 = CARTESIAN_POINT('',(1.104120234604,-5.025609223099E-03,
    1.347443775378));
#8364 = CARTESIAN_POINT('',(1.104120234604,-5.025609223099E-03,
    1.338579014355));
#8365 = CARTESIAN_POINT('',(1.106120368187,-1.767327096896E-03,
    1.347443775378));
#8366 = CARTESIAN_POINT('',(1.106120368187,-1.767327096896E-03,
    1.338579014355));
#8367 = CARTESIAN_POINT('',(1.108120501769,3.216876749839E-03,
    1.347443775378));
#8368 = CARTESIAN_POINT('',(1.108120501769,3.216876749839E-03,
    1.338579014355));
#8369 = ADVANCED_FACE('',(#8370),#8388,.F.);
#8370 = FACE_BOUND('',#8371,.F.);
#8371 = EDGE_LOOP('',(#8372,#8373,#8382,#8387));
#8372 = ORIENTED_EDGE('',*,*,#8355,.F.);
#8373 = ORIENTED_EDGE('',*,*,#8374,.T.);
#8374 = EDGE_CURVE('',#8347,#8375,#8377,.T.);
#8375 = VERTEX_POINT('',#8376);
#8376 = CARTESIAN_POINT('',(1.112153029153,1.14916229416E-02,
    1.347443775378));
#8377 = B_SPLINE_CURVE_WITH_KNOTS('',3,(#8378,#8379,#8380,#8381),
  .UNSPECIFIED.,.F.,.F.,(4,4),(3.,4.),.PIECEWISE_BEZIER_KNOTS.);
#8378 = CARTESIAN_POINT('',(1.108120501769,3.216876749839E-03,
    1.347443775378));
#8379 = CARTESIAN_POINT('',(1.109668992285,7.3784450101E-03,
    1.347443775378));
#8380 = CARTESIAN_POINT('',(1.111023921486,1.013669374061E-02,
    1.347443775378));
#8381 = CARTESIAN_POINT('',(1.112153029153,1.14916229416E-02,
    1.347443775378));
#8382 = ORIENTED_EDGE('',*,*,#8383,.T.);
#8383 = EDGE_CURVE('',#8375,#547,#8384,.T.);
#8384 = B_SPLINE_CURVE_WITH_KNOTS('',1,(#8385,#8386),.UNSPECIFIED.,.F.,
  .F.,(2,2),(-0.,8.864761022221E-03),.PIECEWISE_BEZIER_KNOTS.);
#8385 = CARTESIAN_POINT('',(1.112153029153,1.14916229416E-02,
    1.347443775378));
#8386 = CARTESIAN_POINT('',(1.112153029153,1.14916229416E-02,
    1.338579014355));
#8387 = ORIENTED_EDGE('',*,*,#555,.F.);
#8388 = B_SPLINE_SURFACE_WITH_KNOTS('',3,1,(
    (#8389,#8390)
    ,(#8391,#8392)
    ,(#8393,#8394)
    ,(#8395,#8396
    )),.UNSPECIFIED.,.F.,.F.,.F.,(4,4),(2,2),(3.,4.),(0.,1.),
  .PIECEWISE_BEZIER_KNOTS.);
#8389 = CARTESIAN_POINT('',(1.108120501769,3.216876749839E-03,
    1.347443775378));
#8390 = CARTESIAN_POINT('',(1.108120501769,3.216876749839E-03,
    1.338579014355));
#8391 = CARTESIAN_POINT('',(1.109668992285,7.3784450101E-03,
    1.347443775378));
#8392 = CARTESIAN_POINT('',(1.109668992285,7.3784450101E-03,
    1.338579014355));
#8393 = CARTESIAN_POINT('',(1.111023921486,1.013669374061E-02,
    1.347443775378));
#8394 = CARTESIAN_POINT('',(1.111023921486,1.013669374061E-02,
    1.338579014355));
#8395 = CARTESIAN_POINT('',(1.112153029153,1.14916229416E-02,
    1.347443775378));
#8396 = CARTESIAN_POINT('',(1.112153029153,1.14916229416E-02,
    1.338579014355));
#8397 = ADVANCED_FACE('',(#8398),#8416,.F.);
#8398 = FACE_BOUND('',#8399,.F.);
#8399 = EDGE_LOOP('',(#8400,#8401,#8410,#8415));
#8400 = ORIENTED_EDGE('',*,*,#8383,.F.);
#8401 = ORIENTED_EDGE('',*,*,#8402,.T.);
#8402 = EDGE_CURVE('',#8375,#8403,#8405,.T.);
#8403 = VERTEX_POINT('',#8404);
#8404 = CARTESIAN_POINT('',(1.11644363829,1.352401674317E-02,
    1.347443775378));
#8405 = B_SPLINE_CURVE_WITH_KNOTS('',3,(#8406,#8407,#8408,#8409),
  .UNSPECIFIED.,.F.,.F.,(4,4),(2.,3.),.PIECEWISE_BEZIER_KNOTS.);
#8406 = CARTESIAN_POINT('',(1.112153029153,1.14916229416E-02,
    1.347443775378));
#8407 = CARTESIAN_POINT('',(1.113282136821,1.284655214279E-02,
    1.347443775378));
#8408 = CARTESIAN_POINT('',(1.11470158646,1.352401674317E-02,
    1.347443775378));
#8409 = CARTESIAN_POINT('',(1.11644363829,1.352401674317E-02,
    1.347443775378));
#8410 = ORIENTED_EDGE('',*,*,#8411,.T.);
#8411 = EDGE_CURVE('',#8403,#538,#8412,.T.);
#8412 = B_SPLINE_CURVE_WITH_KNOTS('',1,(#8413,#8414),.UNSPECIFIED.,.F.,
  .F.,(2,2),(-0.,8.864761022221E-03),.PIECEWISE_BEZIER_KNOTS.);
#8413 = CARTESIAN_POINT('',(1.11644363829,1.352401674317E-02,
    1.347443775378));
#8414 = CARTESIAN_POINT('',(1.11644363829,1.352401674317E-02,
    1.338579014355));
#8415 = ORIENTED_EDGE('',*,*,#546,.F.);
#8416 = B_SPLINE_SURFACE_WITH_KNOTS('',3,1,(
    (#8417,#8418)
    ,(#8419,#8420)
    ,(#8421,#8422)
    ,(#8423,#8424
    )),.UNSPECIFIED.,.F.,.F.,.F.,(4,4),(2,2),(2.,3.),(0.,1.),
  .PIECEWISE_BEZIER_KNOTS.);
#8417 = CARTESIAN_POINT('',(1.112153029153,1.14916229416E-02,
    1.347443775378));
#8418 = CARTESIAN_POINT('',(1.112153029153,1.14916229416E-02,
    1.338579014355));
#8419 = CARTESIAN_POINT('',(1.113282136821,1.284655214279E-02,
    1.347443775378));
#8420 = CARTESIAN_POINT('',(1.113282136821,1.284655214279E-02,
    1.338579014355));
#8421 = CARTESIAN_POINT('',(1.11470158646,1.352401674317E-02,
    1.347443775378));
#8422 = CARTESIAN_POINT('',(1.11470158646,1.352401674317E-02,
    1.338579014355));
#8423 = CARTESIAN_POINT('',(1.11644363829,1.352401674317E-02,
    1.347443775378));
#8424 = CARTESIAN_POINT('',(1.11644363829,1.352401674317E-02,
    1.338579014355));
#8425 = ADVANCED_FACE('',(#8426),#8438,.F.);
#8426 = FACE_BOUND('',#8427,.F.);
#8427 = EDGE_LOOP('',(#8428,#8429,#8436,#8437));
#8428 = ORIENTED_EDGE('',*,*,#8411,.F.);
#8429 = ORIENTED_EDGE('',*,*,#8430,.T.);
#8430 = EDGE_CURVE('',#8403,#7876,#8431,.T.);
#8431 = B_SPLINE_CURVE_WITH_KNOTS('',3,(#8432,#8433,#8434,#8435),
  .UNSPECIFIED.,.F.,.F.,(4,4),(1.,2.),.PIECEWISE_BEZIER_KNOTS.);
#8432 = CARTESIAN_POINT('',(1.11644363829,1.352401674317E-02,
    1.347443775378));
#8433 = CARTESIAN_POINT('',(1.120508425893,1.352401674317E-02,
    1.347443775378));
#8434 = CARTESIAN_POINT('',(1.122540819694,1.041090560284E-02,
    1.347443775378));
#8435 = CARTESIAN_POINT('',(1.122540819694,4.200813431484E-03,
    1.347443775378));
#8436 = ORIENTED_EDGE('',*,*,#7875,.T.);
#8437 = ORIENTED_EDGE('',*,*,#537,.F.);
#8438 = B_SPLINE_SURFACE_WITH_KNOTS('',3,1,(
    (#8439,#8440)
    ,(#8441,#8442)
    ,(#8443,#8444)
    ,(#8445,#8446
    )),.UNSPECIFIED.,.F.,.F.,.F.,(4,4),(2,2),(1.,2.),(0.,1.),
  .PIECEWISE_BEZIER_KNOTS.);
#8439 = CARTESIAN_POINT('',(1.11644363829,1.352401674317E-02,
    1.347443775378));
#8440 = CARTESIAN_POINT('',(1.11644363829,1.352401674317E-02,
    1.338579014355));
#8441 = CARTESIAN_POINT('',(1.120508425893,1.352401674317E-02,
    1.347443775378));
#8442 = CARTESIAN_POINT('',(1.120508425893,1.352401674317E-02,
    1.338579014355));
#8443 = CARTESIAN_POINT('',(1.122540819694,1.041090560284E-02,
    1.347443775378));
#8444 = CARTESIAN_POINT('',(1.122540819694,1.041090560284E-02,
    1.338579014355));
#8445 = CARTESIAN_POINT('',(1.122540819694,4.200813431484E-03,
    1.347443775378));
#8446 = CARTESIAN_POINT('',(1.122540819694,4.200813431484E-03,
    1.338579014355));
#8447 = ADVANCED_FACE('',(#8448),#8471,.F.);
#8448 = FACE_BOUND('',#8449,.T.);
#8449 = EDGE_LOOP('',(#8450,#8451,#8452,#8453,#8454,#8455,#8456,#8457,
    #8458,#8459,#8460,#8461,#8462,#8463,#8464,#8465,#8466,#8467,#8468,
    #8469,#8470));
#8450 = ORIENTED_EDGE('',*,*,#7882,.T.);
#8451 = ORIENTED_EDGE('',*,*,#7917,.T.);
#8452 = ORIENTED_EDGE('',*,*,#7932,.T.);
#8453 = ORIENTED_EDGE('',*,*,#7960,.T.);
#8454 = ORIENTED_EDGE('',*,*,#7988,.T.);
#8455 = ORIENTED_EDGE('',*,*,#8016,.T.);
#8456 = ORIENTED_EDGE('',*,*,#8044,.T.);
#8457 = ORIENTED_EDGE('',*,*,#8072,.T.);
#8458 = ORIENTED_EDGE('',*,*,#8100,.T.);
#8459 = ORIENTED_EDGE('',*,*,#8128,.T.);
#8460 = ORIENTED_EDGE('',*,*,#8156,.T.);
#8461 = ORIENTED_EDGE('',*,*,#8184,.T.);
#8462 = ORIENTED_EDGE('',*,*,#8219,.T.);
#8463 = ORIENTED_EDGE('',*,*,#8234,.T.);
#8464 = ORIENTED_EDGE('',*,*,#8262,.T.);
#8465 = ORIENTED_EDGE('',*,*,#8290,.T.);
#8466 = ORIENTED_EDGE('',*,*,#8318,.T.);
#8467 = ORIENTED_EDGE('',*,*,#8346,.T.);
#8468 = ORIENTED_EDGE('',*,*,#8374,.T.);
#8469 = ORIENTED_EDGE('',*,*,#8402,.T.);
#8470 = ORIENTED_EDGE('',*,*,#8430,.T.);
#8471 = B_SPLINE_SURFACE_WITH_KNOTS('',1,1,(
    (#8472,#8473)
    ,(#8474,#8475
    )),.UNSPECIFIED.,.F.,.F.,.F.,(2,2),(2,2),(-7.540826208011E-03,
    3.962361407511E-02),(-6.27058008205E-03,2.416693661222E-02),
  .PIECEWISE_BEZIER_KNOTS.);
#8472 = CARTESIAN_POINT('',(1.128992863509,-8.80005485451E-03,
    1.347443775378));
#8473 = CARTESIAN_POINT('',(1.128992863509,2.163746183976E-02,
    1.347443775378));
#8474 = CARTESIAN_POINT('',(1.081828423226,-8.80005485451E-03,
    1.347443775378));
#8475 = CARTESIAN_POINT('',(1.081828423226,2.163746183976E-02,
    1.347443775378));
#8476 = ADVANCED_FACE('',(#8477),#8499,.F.);
#8477 = FACE_BOUND('',#8478,.T.);
#8478 = EDGE_LOOP('',(#8479,#8480,#8487,#8494));
#8479 = ORIENTED_EDGE('',*,*,#411,.T.);
#8480 = ORIENTED_EDGE('',*,*,#8481,.F.);
#8481 = EDGE_CURVE('',#8482,#403,#8484,.T.);
#8482 = VERTEX_POINT('',#8483);
#8483 = CARTESIAN_POINT('',(1.082860750236,6.081749790286E-02,
    1.347443775378));
#8484 = B_SPLINE_CURVE_WITH_KNOTS('',1,(#8485,#8486),.UNSPECIFIED.,.F.,
  .F.,(2,2),(-0.,8.864761022221E-03),.PIECEWISE_BEZIER_KNOTS.);
#8485 = CARTESIAN_POINT('',(1.082860750236,6.081749790286E-02,
    1.347443775378));
#8486 = CARTESIAN_POINT('',(1.082860750236,6.081749790286E-02,
    1.338579014355));
#8487 = ORIENTED_EDGE('',*,*,#8488,.F.);
#8488 = EDGE_CURVE('',#8489,#8482,#8491,.T.);
#8489 = VERTEX_POINT('',#8490);
#8490 = CARTESIAN_POINT('',(1.082860750236,6.901159354682E-02,
    1.347443775378));
#8491 = B_SPLINE_CURVE_WITH_KNOTS('',1,(#8492,#8493),.UNSPECIFIED.,.F.,
  .F.,(2,2),(-8.194095643957E-03,-0.),.PIECEWISE_BEZIER_KNOTS.);
#8492 = CARTESIAN_POINT('',(1.082860750236,6.901159354682E-02,
    1.347443775378));
#8493 = CARTESIAN_POINT('',(1.082860750236,6.081749790286E-02,
    1.347443775378));
#8494 = ORIENTED_EDGE('',*,*,#8495,.T.);
#8495 = EDGE_CURVE('',#8489,#412,#8496,.T.);
#8496 = B_SPLINE_CURVE_WITH_KNOTS('',1,(#8497,#8498),.UNSPECIFIED.,.F.,
  .F.,(2,2),(-0.,8.864761022221E-03),.PIECEWISE_BEZIER_KNOTS.);
#8497 = CARTESIAN_POINT('',(1.082860750236,6.901159354682E-02,
    1.347443775378));
#8498 = CARTESIAN_POINT('',(1.082860750236,6.901159354682E-02,
    1.338579014355));
#8499 = B_SPLINE_SURFACE_WITH_KNOTS('',1,1,(
    (#8500,#8501)
    ,(#8502,#8503
    )),.UNSPECIFIED.,.F.,.F.,.F.,(2,2),(2,2),(0.,8.864761022221E-03),(0.
    ,8.194095643957E-03),.PIECEWISE_BEZIER_KNOTS.);
#8500 = CARTESIAN_POINT('',(1.082860750236,6.081749790286E-02,
    1.347443775378));
#8501 = CARTESIAN_POINT('',(1.082860750236,6.901159354682E-02,
    1.347443775378));
#8502 = CARTESIAN_POINT('',(1.082860750236,6.081749790286E-02,
    1.338579014355));
#8503 = CARTESIAN_POINT('',(1.082860750236,6.901159354682E-02,
    1.338579014355));
#8504 = ADVANCED_FACE('',(#8505),#8521,.F.);
#8505 = FACE_BOUND('',#8506,.T.);
#8506 = EDGE_LOOP('',(#8507,#8508,#8515,#8520));
#8507 = ORIENTED_EDGE('',*,*,#402,.T.);
#8508 = ORIENTED_EDGE('',*,*,#8509,.F.);
#8509 = EDGE_CURVE('',#8510,#405,#8512,.T.);
#8510 = VERTEX_POINT('',#8511);
#8511 = CARTESIAN_POINT('',(1.1167985007,4.851022432677E-02,
    1.347443775378));
#8512 = B_SPLINE_CURVE_WITH_KNOTS('',1,(#8513,#8514),.UNSPECIFIED.,.F.,
  .F.,(2,2),(-0.,8.864761022221E-03),.PIECEWISE_BEZIER_KNOTS.);
#8513 = CARTESIAN_POINT('',(1.1167985007,4.851022432677E-02,
    1.347443775378));
#8514 = CARTESIAN_POINT('',(1.1167985007,4.851022432677E-02,
    1.338579014355));
#8515 = ORIENTED_EDGE('',*,*,#8516,.F.);
#8516 = EDGE_CURVE('',#8482,#8510,#8517,.T.);
#8517 = B_SPLINE_CURVE_WITH_KNOTS('',1,(#8518,#8519),.UNSPECIFIED.,.F.,
  .F.,(2,2),(-3.610041397839E-02,2.081127819404E-16),
  .PIECEWISE_BEZIER_KNOTS.);
#8518 = CARTESIAN_POINT('',(1.082860750236,6.081749790286E-02,
    1.347443775378));
#8519 = CARTESIAN_POINT('',(1.1167985007,4.851022432677E-02,
    1.347443775378));
#8520 = ORIENTED_EDGE('',*,*,#8481,.T.);
#8521 = B_SPLINE_SURFACE_WITH_KNOTS('',1,1,(
    (#8522,#8523)
    ,(#8524,#8525
    )),.UNSPECIFIED.,.F.,.F.,.F.,(2,2),(2,2),(-2.347641198886E-16,
    3.610041397839E-02),(-8.864761022221E-03,0.),
  .PIECEWISE_BEZIER_KNOTS.);
#8522 = CARTESIAN_POINT('',(1.1167985007,4.851022432677E-02,
    1.338579014355));
#8523 = CARTESIAN_POINT('',(1.1167985007,4.851022432677E-02,
    1.347443775378));
#8524 = CARTESIAN_POINT('',(1.082860750236,6.081749790286E-02,
    1.338579014355));
#8525 = CARTESIAN_POINT('',(1.082860750236,6.081749790286E-02,
    1.347443775378));
#8526 = ADVANCED_FACE('',(#8527),#8545,.F.);
#8527 = FACE_BOUND('',#8528,.F.);
#8528 = EDGE_LOOP('',(#8529,#8530,#8539,#8544));
#8529 = ORIENTED_EDGE('',*,*,#8509,.F.);
#8530 = ORIENTED_EDGE('',*,*,#8531,.T.);
#8531 = EDGE_CURVE('',#8510,#8532,#8534,.T.);
#8532 = VERTEX_POINT('',#8533);
#8533 = CARTESIAN_POINT('',(1.120443905455,4.754241775443E-02,
    1.347443775378));
#8534 = B_SPLINE_CURVE_WITH_KNOTS('',3,(#8535,#8536,#8537,#8538),
  .UNSPECIFIED.,.F.,.F.,(4,4),(12.,13.),.PIECEWISE_BEZIER_KNOTS.);
#8535 = CARTESIAN_POINT('',(1.1167985007,4.851022432677E-02,
    1.347443775378));
#8536 = CARTESIAN_POINT('',(1.118379251434,4.802632104081E-02,
    1.347443775378));
#8537 = CARTESIAN_POINT('',(1.119605139759,4.77037188496E-02,
    1.347443775378));
#8538 = CARTESIAN_POINT('',(1.120443905455,4.754241775443E-02,
    1.347443775378));
#8539 = ORIENTED_EDGE('',*,*,#8540,.T.);
#8540 = EDGE_CURVE('',#8532,#504,#8541,.T.);
#8541 = B_SPLINE_CURVE_WITH_KNOTS('',1,(#8542,#8543),.UNSPECIFIED.,.F.,
  .F.,(2,2),(-0.,8.864761022221E-03),.PIECEWISE_BEZIER_KNOTS.);
#8542 = CARTESIAN_POINT('',(1.120443905455,4.754241775443E-02,
    1.347443775378));
#8543 = CARTESIAN_POINT('',(1.120443905455,4.754241775443E-02,
    1.338579014355));
#8544 = ORIENTED_EDGE('',*,*,#510,.F.);
#8545 = B_SPLINE_SURFACE_WITH_KNOTS('',3,1,(
    (#8546,#8547)
    ,(#8548,#8549)
    ,(#8550,#8551)
    ,(#8552,#8553
    )),.UNSPECIFIED.,.F.,.F.,.F.,(4,4),(2,2),(12.,13.),(0.,1.),
  .PIECEWISE_BEZIER_KNOTS.);
#8546 = CARTESIAN_POINT('',(1.1167985007,4.851022432677E-02,
    1.347443775378));
#8547 = CARTESIAN_POINT('',(1.1167985007,4.851022432677E-02,
    1.338579014355));
#8548 = CARTESIAN_POINT('',(1.118379251434,4.802632104081E-02,
    1.347443775378));
#8549 = CARTESIAN_POINT('',(1.118379251434,4.802632104081E-02,
    1.338579014355));
#8550 = CARTESIAN_POINT('',(1.119605139759,4.77037188496E-02,
    1.347443775378));
#8551 = CARTESIAN_POINT('',(1.119605139759,4.77037188496E-02,
    1.338579014355));
#8552 = CARTESIAN_POINT('',(1.120443905455,4.754241775443E-02,
    1.347443775378));
#8553 = CARTESIAN_POINT('',(1.120443905455,4.754241775443E-02,
    1.338579014355));
#8554 = ADVANCED_FACE('',(#8555),#8571,.F.);
#8555 = FACE_BOUND('',#8556,.T.);
#8556 = EDGE_LOOP('',(#8557,#8558,#8565,#8570));
#8557 = ORIENTED_EDGE('',*,*,#503,.T.);
#8558 = ORIENTED_EDGE('',*,*,#8559,.F.);
#8559 = EDGE_CURVE('',#8560,#497,#8562,.T.);
#8560 = VERTEX_POINT('',#8561);
#8561 = CARTESIAN_POINT('',(1.120443905455,4.73327263307E-02,
    1.347443775378));
#8562 = B_SPLINE_CURVE_WITH_KNOTS('',1,(#8563,#8564),.UNSPECIFIED.,.F.,
  .F.,(2,2),(-0.,8.864761022221E-03),.PIECEWISE_BEZIER_KNOTS.);
#8563 = CARTESIAN_POINT('',(1.120443905455,4.73327263307E-02,
    1.347443775378));
#8564 = CARTESIAN_POINT('',(1.120443905455,4.73327263307E-02,
    1.338579014355));
#8565 = ORIENTED_EDGE('',*,*,#8566,.F.);
#8566 = EDGE_CURVE('',#8532,#8560,#8567,.T.);
#8567 = B_SPLINE_CURVE_WITH_KNOTS('',1,(#8568,#8569),.UNSPECIFIED.,.F.,
  .F.,(2,2),(-2.096914237279E-04,-0.),.PIECEWISE_BEZIER_KNOTS.);
#8568 = CARTESIAN_POINT('',(1.120443905455,4.754241775443E-02,
    1.347443775378));
#8569 = CARTESIAN_POINT('',(1.120443905455,4.73327263307E-02,
    1.347443775378));
#8570 = ORIENTED_EDGE('',*,*,#8540,.T.);
#8571 = B_SPLINE_SURFACE_WITH_KNOTS('',1,1,(
    (#8572,#8573)
    ,(#8574,#8575
    )),.UNSPECIFIED.,.F.,.F.,.F.,(2,2),(2,2),(0.,8.864761022221E-03),(0.
    ,2.096914237279E-04),.PIECEWISE_BEZIER_KNOTS.);
#8572 = CARTESIAN_POINT('',(1.120443905455,4.73327263307E-02,
    1.347443775378));
#8573 = CARTESIAN_POINT('',(1.120443905455,4.754241775443E-02,
    1.347443775378));
#8574 = CARTESIAN_POINT('',(1.120443905455,4.73327263307E-02,
    1.338579014355));
#8575 = CARTESIAN_POINT('',(1.120443905455,4.754241775443E-02,
    1.338579014355));
#8576 = ADVANCED_FACE('',(#8577),#8593,.F.);
#8577 = FACE_BOUND('',#8578,.T.);
#8578 = EDGE_LOOP('',(#8579,#8580,#8587,#8592));
#8579 = ORIENTED_EDGE('',*,*,#496,.T.);
#8580 = ORIENTED_EDGE('',*,*,#8581,.F.);
#8581 = EDGE_CURVE('',#8582,#490,#8584,.T.);
#8582 = VERTEX_POINT('',#8583);
#8583 = CARTESIAN_POINT('',(1.116733980262,4.636491975836E-02,
    1.347443775378));
#8584 = B_SPLINE_CURVE_WITH_KNOTS('',1,(#8585,#8586),.UNSPECIFIED.,.F.,
  .F.,(2,2),(-0.,8.864761022221E-03),.PIECEWISE_BEZIER_KNOTS.);
#8585 = CARTESIAN_POINT('',(1.116733980262,4.636491975836E-02,
    1.347443775378));
#8586 = CARTESIAN_POINT('',(1.116733980262,4.636491975836E-02,
    1.338579014355));
#8587 = ORIENTED_EDGE('',*,*,#8588,.F.);
#8588 = EDGE_CURVE('',#8560,#8582,#8589,.T.);
#8589 = B_SPLINE_CURVE_WITH_KNOTS('',1,(#8590,#8591),.UNSPECIFIED.,.F.,
  .F.,(2,2),(-3.834083267439E-03,-0.),.PIECEWISE_BEZIER_KNOTS.);
#8590 = CARTESIAN_POINT('',(1.120443905455,4.73327263307E-02,
    1.347443775378));
#8591 = CARTESIAN_POINT('',(1.116733980262,4.636491975836E-02,
    1.347443775378));
#8592 = ORIENTED_EDGE('',*,*,#8559,.T.);
#8593 = B_SPLINE_SURFACE_WITH_KNOTS('',1,1,(
    (#8594,#8595)
    ,(#8596,#8597
    )),.UNSPECIFIED.,.F.,.F.,.F.,(2,2),(2,2),(0.,3.83408326744E-03),(
    -8.864761022221E-03,0.),.PIECEWISE_BEZIER_KNOTS.);
#8594 = CARTESIAN_POINT('',(1.116733980262,4.636491975836E-02,
    1.338579014355));
#8595 = CARTESIAN_POINT('',(1.116733980262,4.636491975836E-02,
    1.347443775378));
#8596 = CARTESIAN_POINT('',(1.120443905455,4.73327263307E-02,
    1.338579014355));
#8597 = CARTESIAN_POINT('',(1.120443905455,4.73327263307E-02,
    1.347443775378));
#8598 = ADVANCED_FACE('',(#8599),#8615,.F.);
#8599 = FACE_BOUND('',#8600,.T.);
#8600 = EDGE_LOOP('',(#8601,#8602,#8609,#8614));
#8601 = ORIENTED_EDGE('',*,*,#489,.T.);
#8602 = ORIENTED_EDGE('',*,*,#8603,.F.);
#8603 = EDGE_CURVE('',#8604,#483,#8606,.T.);
#8604 = VERTEX_POINT('',#8605);
#8605 = CARTESIAN_POINT('',(1.082860750236,3.45899397972E-02,
    1.347443775378));
#8606 = B_SPLINE_CURVE_WITH_KNOTS('',1,(#8607,#8608),.UNSPECIFIED.,.F.,
  .F.,(2,2),(-0.,8.864761022221E-03),.PIECEWISE_BEZIER_KNOTS.);
#8607 = CARTESIAN_POINT('',(1.082860750236,3.45899397972E-02,
    1.347443775378));
#8608 = CARTESIAN_POINT('',(1.082860750236,3.45899397972E-02,
    1.338579014355));
#8609 = ORIENTED_EDGE('',*,*,#8610,.F.);
#8610 = EDGE_CURVE('',#8582,#8604,#8611,.T.);
#8611 = B_SPLINE_CURVE_WITH_KNOTS('',1,(#8612,#8613),.UNSPECIFIED.,.F.,
  .F.,(2,2),(-3.586148164051E-02,-0.),.PIECEWISE_BEZIER_KNOTS.);
#8612 = CARTESIAN_POINT('',(1.116733980262,4.636491975836E-02,
    1.347443775378));
#8613 = CARTESIAN_POINT('',(1.082860750236,3.45899397972E-02,
    1.347443775378));
#8614 = ORIENTED_EDGE('',*,*,#8581,.T.);
#8615 = B_SPLINE_SURFACE_WITH_KNOTS('',1,1,(
    (#8616,#8617)
    ,(#8618,#8619
    )),.UNSPECIFIED.,.F.,.F.,.F.,(2,2),(2,2),(0.,3.586148164051E-02),(
    -8.864761022221E-03,0.),.PIECEWISE_BEZIER_KNOTS.);
#8616 = CARTESIAN_POINT('',(1.082860750236,3.45899397972E-02,
    1.338579014355));
#8617 = CARTESIAN_POINT('',(1.082860750236,3.45899397972E-02,
    1.347443775378));
#8618 = CARTESIAN_POINT('',(1.116733980262,4.636491975836E-02,
    1.338579014355));
#8619 = CARTESIAN_POINT('',(1.116733980262,4.636491975836E-02,
    1.347443775378));
#8620 = ADVANCED_FACE('',(#8621),#8637,.F.);
#8621 = FACE_BOUND('',#8622,.T.);
#8622 = EDGE_LOOP('',(#8623,#8624,#8631,#8636));
#8623 = ORIENTED_EDGE('',*,*,#482,.T.);
#8624 = ORIENTED_EDGE('',*,*,#8625,.F.);
#8625 = EDGE_CURVE('',#8626,#476,#8628,.T.);
#8626 = VERTEX_POINT('',#8627);
#8627 = CARTESIAN_POINT('',(1.082860750236,2.575063977147E-02,
    1.347443775378));
#8628 = B_SPLINE_CURVE_WITH_KNOTS('',1,(#8629,#8630),.UNSPECIFIED.,.F.,
  .F.,(2,2),(-0.,8.864761022221E-03),.PIECEWISE_BEZIER_KNOTS.);
#8629 = CARTESIAN_POINT('',(1.082860750236,2.575063977147E-02,
    1.347443775378));
#8630 = CARTESIAN_POINT('',(1.082860750236,2.575063977147E-02,
    1.338579014355));
#8631 = ORIENTED_EDGE('',*,*,#8632,.F.);
#8632 = EDGE_CURVE('',#8604,#8626,#8633,.T.);
#8633 = B_SPLINE_CURVE_WITH_KNOTS('',1,(#8634,#8635),.UNSPECIFIED.,.F.,
  .F.,(2,2),(-8.839300025734E-03,-0.),.PIECEWISE_BEZIER_KNOTS.);
#8634 = CARTESIAN_POINT('',(1.082860750236,3.45899397972E-02,
    1.347443775378));
#8635 = CARTESIAN_POINT('',(1.082860750236,2.575063977147E-02,
    1.347443775378));
#8636 = ORIENTED_EDGE('',*,*,#8603,.T.);
#8637 = B_SPLINE_SURFACE_WITH_KNOTS('',1,1,(
    (#8638,#8639)
    ,(#8640,#8641
    )),.UNSPECIFIED.,.F.,.F.,.F.,(2,2),(2,2),(0.,8.864761022221E-03),(0.
    ,8.839300025734E-03),.PIECEWISE_BEZIER_KNOTS.);
#8638 = CARTESIAN_POINT('',(1.082860750236,2.575063977147E-02,
    1.347443775378));
#8639 = CARTESIAN_POINT('',(1.082860750236,3.45899397972E-02,
    1.347443775378));
#8640 = CARTESIAN_POINT('',(1.082860750236,2.575063977147E-02,
    1.338579014355));
#8641 = CARTESIAN_POINT('',(1.082860750236,3.45899397972E-02,
    1.338579014355));
#8642 = ADVANCED_FACE('',(#8643),#8659,.F.);
#8643 = FACE_BOUND('',#8644,.T.);
#8644 = EDGE_LOOP('',(#8645,#8646,#8653,#8658));
#8645 = ORIENTED_EDGE('',*,*,#475,.T.);
#8646 = ORIENTED_EDGE('',*,*,#8647,.F.);
#8647 = EDGE_CURVE('',#8648,#469,#8650,.T.);
#8648 = VERTEX_POINT('',#8649);
#8649 = CARTESIAN_POINT('',(1.127831495622,4.342923982293E-02,
    1.347443775378));
#8650 = B_SPLINE_CURVE_WITH_KNOTS('',1,(#8651,#8652),.UNSPECIFIED.,.F.,
  .F.,(2,2),(-0.,8.864761022221E-03),.PIECEWISE_BEZIER_KNOTS.);
#8651 = CARTESIAN_POINT('',(1.127831495622,4.342923982293E-02,
    1.347443775378));
#8652 = CARTESIAN_POINT('',(1.127831495622,4.342923982293E-02,
    1.338579014355));
#8653 = ORIENTED_EDGE('',*,*,#8654,.F.);
#8654 = EDGE_CURVE('',#8626,#8648,#8655,.T.);
#8655 = B_SPLINE_CURVE_WITH_KNOTS('',1,(#8656,#8657),.UNSPECIFIED.,.F.,
  .F.,(2,2),(-4.832081166915E-02,0.),.PIECEWISE_BEZIER_KNOTS.);
#8656 = CARTESIAN_POINT('',(1.082860750236,2.575063977147E-02,
    1.347443775378));
#8657 = CARTESIAN_POINT('',(1.127831495622,4.342923982293E-02,
    1.347443775378));
#8658 = ORIENTED_EDGE('',*,*,#8625,.T.);
#8659 = B_SPLINE_SURFACE_WITH_KNOTS('',1,1,(
    (#8660,#8661)
    ,(#8662,#8663
    )),.UNSPECIFIED.,.F.,.F.,.F.,(2,2),(2,2),(-0.,4.832081166915E-02),(
    -8.864761022221E-03,0.),.PIECEWISE_BEZIER_KNOTS.);
#8660 = CARTESIAN_POINT('',(1.127831495622,4.342923982293E-02,
    1.338579014355));
#8661 = CARTESIAN_POINT('',(1.127831495622,4.342923982293E-02,
    1.347443775378));
#8662 = CARTESIAN_POINT('',(1.082860750236,2.575063977147E-02,
    1.338579014355));
#8663 = CARTESIAN_POINT('',(1.082860750236,2.575063977147E-02,
    1.347443775378));
#8664 = ADVANCED_FACE('',(#8665),#8681,.F.);
#8665 = FACE_BOUND('',#8666,.T.);
#8666 = EDGE_LOOP('',(#8667,#8668,#8675,#8680));
#8667 = ORIENTED_EDGE('',*,*,#468,.T.);
#8668 = ORIENTED_EDGE('',*,*,#8669,.F.);
#8669 = EDGE_CURVE('',#8670,#460,#8672,.T.);
#8670 = VERTEX_POINT('',#8671);
#8671 = CARTESIAN_POINT('',(1.136025591267,3.996126627257E-02,
    1.347443775378));
#8672 = B_SPLINE_CURVE_WITH_KNOTS('',1,(#8673,#8674),.UNSPECIFIED.,.F.,
  .F.,(2,2),(-0.,8.864761022221E-03),.PIECEWISE_BEZIER_KNOTS.);
#8673 = CARTESIAN_POINT('',(1.136025591267,3.996126627257E-02,
    1.347443775378));
#8674 = CARTESIAN_POINT('',(1.136025591267,3.996126627257E-02,
    1.338579014355));
#8675 = ORIENTED_EDGE('',*,*,#8676,.F.);
#8676 = EDGE_CURVE('',#8648,#8670,#8677,.T.);
#8677 = B_SPLINE_CURVE_WITH_KNOTS('',1,(#8678,#8679),.UNSPECIFIED.,.F.,
  .F.,(2,2),(-8.897754996367E-03,2.052454653417E-16),
  .PIECEWISE_BEZIER_KNOTS.);
#8678 = CARTESIAN_POINT('',(1.127831495622,4.342923982293E-02,
    1.347443775378));
#8679 = CARTESIAN_POINT('',(1.136025591267,3.996126627257E-02,
    1.347443775378));
#8680 = ORIENTED_EDGE('',*,*,#8647,.T.);
#8681 = B_SPLINE_SURFACE_WITH_KNOTS('',1,1,(
    (#8682,#8683)
    ,(#8684,#8685
    )),.UNSPECIFIED.,.F.,.F.,.F.,(2,2),(2,2),(-2.396430827556E-16,
    8.897754996367E-03),(-8.864761022221E-03,0.),
  .PIECEWISE_BEZIER_KNOTS.);
#8682 = CARTESIAN_POINT('',(1.136025591267,3.996126627257E-02,
    1.338579014355));
#8683 = CARTESIAN_POINT('',(1.136025591267,3.996126627257E-02,
    1.347443775378));
#8684 = CARTESIAN_POINT('',(1.127831495622,4.342923982293E-02,
    1.338579014355));
#8685 = CARTESIAN_POINT('',(1.127831495622,4.342923982293E-02,
    1.347443775378));
#8686 = ADVANCED_FACE('',(#8687),#8705,.F.);
#8687 = FACE_BOUND('',#8688,.F.);
#8688 = EDGE_LOOP('',(#8689,#8690,#8699,#8704));
#8689 = ORIENTED_EDGE('',*,*,#8669,.F.);
#8690 = ORIENTED_EDGE('',*,*,#8691,.T.);
#8691 = EDGE_CURVE('',#8670,#8692,#8694,.T.);
#8692 = VERTEX_POINT('',#8693);
#8693 = CARTESIAN_POINT('',(1.142380854424,3.18639512855E-02,
    1.347443775378));
#8694 = B_SPLINE_CURVE_WITH_KNOTS('',3,(#8695,#8696,#8697,#8698),
  .UNSPECIFIED.,.F.,.F.,(4,4),(5.,6.),.PIECEWISE_BEZIER_KNOTS.);
#8695 = CARTESIAN_POINT('',(1.136025591267,3.996126627257E-02,
    1.347443775378));
#8696 = CARTESIAN_POINT('',(1.140283940184,3.817082411419E-02,
    1.347443775378));
#8697 = CARTESIAN_POINT('',(1.142380854424,3.547709582174E-02,
    1.347443775378));
#8698 = CARTESIAN_POINT('',(1.142380854424,3.18639512855E-02,
    1.347443775378));
#8699 = ORIENTED_EDGE('',*,*,#8700,.T.);
#8700 = EDGE_CURVE('',#8692,#451,#8701,.T.);
#8701 = B_SPLINE_CURVE_WITH_KNOTS('',1,(#8702,#8703),.UNSPECIFIED.,.F.,
  .F.,(2,2),(-0.,8.864761022221E-03),.PIECEWISE_BEZIER_KNOTS.);
#8702 = CARTESIAN_POINT('',(1.142380854424,3.18639512855E-02,
    1.347443775378));
#8703 = CARTESIAN_POINT('',(1.142380854424,3.18639512855E-02,
    1.338579014355));
#8704 = ORIENTED_EDGE('',*,*,#459,.F.);
#8705 = B_SPLINE_SURFACE_WITH_KNOTS('',3,1,(
    (#8706,#8707)
    ,(#8708,#8709)
    ,(#8710,#8711)
    ,(#8712,#8713
    )),.UNSPECIFIED.,.F.,.F.,.F.,(4,4),(2,2),(5.,6.),(0.,1.),
  .PIECEWISE_BEZIER_KNOTS.);
#8706 = CARTESIAN_POINT('',(1.136025591267,3.996126627257E-02,
    1.347443775378));
#8707 = CARTESIAN_POINT('',(1.136025591267,3.996126627257E-02,
    1.338579014355));
#8708 = CARTESIAN_POINT('',(1.140283940184,3.817082411419E-02,
    1.347443775378));
#8709 = CARTESIAN_POINT('',(1.140283940184,3.817082411419E-02,
    1.338579014355));
#8710 = CARTESIAN_POINT('',(1.142380854424,3.547709582174E-02,
    1.347443775378));
#8711 = CARTESIAN_POINT('',(1.142380854424,3.547709582174E-02,
    1.338579014355));
#8712 = CARTESIAN_POINT('',(1.142380854424,3.18639512855E-02,
    1.347443775378));
#8713 = CARTESIAN_POINT('',(1.142380854424,3.18639512855E-02,
    1.338579014355));
#8714 = ADVANCED_FACE('',(#8715),#8733,.F.);
#8715 = FACE_BOUND('',#8716,.F.);
#8716 = EDGE_LOOP('',(#8717,#8718,#8727,#8732));
#8717 = ORIENTED_EDGE('',*,*,#8700,.F.);
#8718 = ORIENTED_EDGE('',*,*,#8719,.T.);
#8719 = EDGE_CURVE('',#8692,#8720,#8722,.T.);
#8720 = VERTEX_POINT('',#8721);
#8721 = CARTESIAN_POINT('',(1.141477568289,2.737978083468E-02,
    1.347443775378));
#8722 = B_SPLINE_CURVE_WITH_KNOTS('',3,(#8723,#8724,#8725,#8726),
  .UNSPECIFIED.,.F.,.F.,(4,4),(4.,5.),.PIECEWISE_BEZIER_KNOTS.);
#8723 = CARTESIAN_POINT('',(1.142380854424,3.18639512855E-02,
    1.347443775378));
#8724 = CARTESIAN_POINT('',(1.142380854424,3.041224142742E-02,
    1.347443775378));
#8725 = CARTESIAN_POINT('',(1.142090512452,2.892827135008E-02,
    1.347443775378));
#8726 = CARTESIAN_POINT('',(1.141477568289,2.737978083468E-02,
    1.347443775378));
#8727 = ORIENTED_EDGE('',*,*,#8728,.T.);
#8728 = EDGE_CURVE('',#8720,#444,#8729,.T.);
#8729 = B_SPLINE_CURVE_WITH_KNOTS('',1,(#8730,#8731),.UNSPECIFIED.,.F.,
  .F.,(2,2),(-0.,8.864761022221E-03),.PIECEWISE_BEZIER_KNOTS.);
#8730 = CARTESIAN_POINT('',(1.141477568289,2.737978083468E-02,
    1.347443775378));
#8731 = CARTESIAN_POINT('',(1.141477568289,2.737978083468E-02,
    1.338579014355));
#8732 = ORIENTED_EDGE('',*,*,#450,.F.);
#8733 = B_SPLINE_SURFACE_WITH_KNOTS('',3,1,(
    (#8734,#8735)
    ,(#8736,#8737)
    ,(#8738,#8739)
    ,(#8740,#8741
    )),.UNSPECIFIED.,.F.,.F.,.F.,(4,4),(2,2),(4.,5.),(0.,1.),
  .PIECEWISE_BEZIER_KNOTS.);
#8734 = CARTESIAN_POINT('',(1.142380854424,3.18639512855E-02,
    1.347443775378));
#8735 = CARTESIAN_POINT('',(1.142380854424,3.18639512855E-02,
    1.338579014355));
#8736 = CARTESIAN_POINT('',(1.142380854424,3.041224142742E-02,
    1.347443775378));
#8737 = CARTESIAN_POINT('',(1.142380854424,3.041224142742E-02,
    1.338579014355));
#8738 = CARTESIAN_POINT('',(1.142090512452,2.892827135008E-02,
    1.347443775378));
#8739 = CARTESIAN_POINT('',(1.142090512452,2.892827135008E-02,
    1.338579014355));
#8740 = CARTESIAN_POINT('',(1.141477568289,2.737978083468E-02,
    1.347443775378));
#8741 = CARTESIAN_POINT('',(1.141477568289,2.737978083468E-02,
    1.338579014355));
#8742 = ADVANCED_FACE('',(#8743),#8759,.F.);
#8743 = FACE_BOUND('',#8744,.T.);
#8744 = EDGE_LOOP('',(#8745,#8746,#8753,#8758));
#8745 = ORIENTED_EDGE('',*,*,#443,.T.);
#8746 = ORIENTED_EDGE('',*,*,#8747,.F.);
#8747 = EDGE_CURVE('',#8748,#435,#8750,.T.);
#8748 = VERTEX_POINT('',#8749);
#8749 = CARTESIAN_POINT('',(1.148510296047,2.737978083468E-02,
    1.347443775378));
#8750 = B_SPLINE_CURVE_WITH_KNOTS('',1,(#8751,#8752),.UNSPECIFIED.,.F.,
  .F.,(2,2),(-0.,8.864761022221E-03),.PIECEWISE_BEZIER_KNOTS.);
#8751 = CARTESIAN_POINT('',(1.148510296047,2.737978083468E-02,
    1.347443775378));
#8752 = CARTESIAN_POINT('',(1.148510296047,2.737978083468E-02,
    1.338579014355));
#8753 = ORIENTED_EDGE('',*,*,#8754,.F.);
#8754 = EDGE_CURVE('',#8720,#8748,#8755,.T.);
#8755 = B_SPLINE_CURVE_WITH_KNOTS('',1,(#8756,#8757),.UNSPECIFIED.,.F.,
  .F.,(2,2),(-7.03272775783E-03,1.968372358934E-16),
  .PIECEWISE_BEZIER_KNOTS.);
#8756 = CARTESIAN_POINT('',(1.141477568289,2.737978083468E-02,
    1.347443775378));
#8757 = CARTESIAN_POINT('',(1.148510296047,2.737978083468E-02,
    1.347443775378));
#8758 = ORIENTED_EDGE('',*,*,#8728,.T.);
#8759 = B_SPLINE_SURFACE_WITH_KNOTS('',1,1,(
    (#8760,#8761)
    ,(#8762,#8763
    )),.UNSPECIFIED.,.F.,.F.,.F.,(2,2),(2,2),(-8.864761022221E-03,0.),(
    -7.03272775783E-03,2.22044604925E-16),.PIECEWISE_BEZIER_KNOTS.);
#8760 = CARTESIAN_POINT('',(1.141477568289,2.737978083468E-02,
    1.338579014355));
#8761 = CARTESIAN_POINT('',(1.148510296047,2.737978083468E-02,
    1.338579014355));
#8762 = CARTESIAN_POINT('',(1.141477568289,2.737978083468E-02,
    1.347443775378));
#8763 = CARTESIAN_POINT('',(1.148510296047,2.737978083468E-02,
    1.347443775378));
#8764 = ADVANCED_FACE('',(#8765),#8783,.F.);
#8765 = FACE_BOUND('',#8766,.F.);
#8766 = EDGE_LOOP('',(#8767,#8768,#8777,#8782));
#8767 = ORIENTED_EDGE('',*,*,#8747,.F.);
#8768 = ORIENTED_EDGE('',*,*,#8769,.T.);
#8769 = EDGE_CURVE('',#8748,#8770,#8772,.T.);
#8770 = VERTEX_POINT('',#8771);
#8771 = CARTESIAN_POINT('',(1.149155500429,3.247689544803E-02,
    1.347443775378));
#8772 = B_SPLINE_CURVE_WITH_KNOTS('',3,(#8773,#8774,#8775,#8776),
  .UNSPECIFIED.,.F.,.F.,(4,4),(2.,3.),.PIECEWISE_BEZIER_KNOTS.);
#8773 = CARTESIAN_POINT('',(1.148510296047,2.737978083468E-02,
    1.347443775378));
#8774 = CARTESIAN_POINT('',(1.148929678895,2.878310036421E-02,
    1.347443775378));
#8775 = CARTESIAN_POINT('',(1.149155500429,3.049289197501E-02,
    1.347443775378));
#8776 = CARTESIAN_POINT('',(1.149155500429,3.247689544803E-02,
    1.347443775378));
#8777 = ORIENTED_EDGE('',*,*,#8778,.T.);
#8778 = EDGE_CURVE('',#8770,#426,#8779,.T.);
#8779 = B_SPLINE_CURVE_WITH_KNOTS('',1,(#8780,#8781),.UNSPECIFIED.,.F.,
  .F.,(2,2),(-0.,8.864761022221E-03),.PIECEWISE_BEZIER_KNOTS.);
#8780 = CARTESIAN_POINT('',(1.149155500429,3.247689544803E-02,
    1.347443775378));
#8781 = CARTESIAN_POINT('',(1.149155500429,3.247689544803E-02,
    1.338579014355));
#8782 = ORIENTED_EDGE('',*,*,#434,.F.);
#8783 = B_SPLINE_SURFACE_WITH_KNOTS('',3,1,(
    (#8784,#8785)
    ,(#8786,#8787)
    ,(#8788,#8789)
    ,(#8790,#8791
    )),.UNSPECIFIED.,.F.,.F.,.F.,(4,4),(2,2),(2.,3.),(0.,1.),
  .PIECEWISE_BEZIER_KNOTS.);
#8784 = CARTESIAN_POINT('',(1.148510296047,2.737978083468E-02,
    1.347443775378));
#8785 = CARTESIAN_POINT('',(1.148510296047,2.737978083468E-02,
    1.338579014355));
#8786 = CARTESIAN_POINT('',(1.148929678895,2.878310036421E-02,
    1.347443775378));
#8787 = CARTESIAN_POINT('',(1.148929678895,2.878310036421E-02,
    1.338579014355));
#8788 = CARTESIAN_POINT('',(1.149155500429,3.049289197501E-02,
    1.347443775378));
#8789 = CARTESIAN_POINT('',(1.149155500429,3.049289197501E-02,
    1.338579014355));
#8790 = CARTESIAN_POINT('',(1.149155500429,3.247689544803E-02,
    1.347443775378));
#8791 = CARTESIAN_POINT('',(1.149155500429,3.247689544803E-02,
    1.338579014355));
#8792 = ADVANCED_FACE('',(#8793),#8811,.F.);
#8793 = FACE_BOUND('',#8794,.F.);
#8794 = EDGE_LOOP('',(#8795,#8796,#8805,#8810));
#8795 = ORIENTED_EDGE('',*,*,#8778,.F.);
#8796 = ORIENTED_EDGE('',*,*,#8797,.T.);
#8797 = EDGE_CURVE('',#8770,#8798,#8800,.T.);
#8798 = VERTEX_POINT('',#8799);
#8799 = CARTESIAN_POINT('',(1.134735182503,4.855861465532E-02,
    1.347443775378));
#8800 = B_SPLINE_CURVE_WITH_KNOTS('',3,(#8801,#8802,#8803,#8804),
  .UNSPECIFIED.,.F.,.F.,(4,4),(1.,2.),.PIECEWISE_BEZIER_KNOTS.);
#8801 = CARTESIAN_POINT('',(1.149155500429,3.247689544803E-02,
    1.347443775378));
#8802 = CARTESIAN_POINT('',(1.149155500429,3.939671243881E-02,
    1.347443775378));
#8803 = CARTESIAN_POINT('',(1.144348727787,4.475190880488E-02,
    1.347443775378));
#8804 = CARTESIAN_POINT('',(1.134735182503,4.855861465532E-02,
    1.347443775378));
#8805 = ORIENTED_EDGE('',*,*,#8806,.T.);
#8806 = EDGE_CURVE('',#8798,#419,#8807,.T.);
#8807 = B_SPLINE_CURVE_WITH_KNOTS('',1,(#8808,#8809),.UNSPECIFIED.,.F.,
  .F.,(2,2),(-0.,8.864761022221E-03),.PIECEWISE_BEZIER_KNOTS.);
#8808 = CARTESIAN_POINT('',(1.134735182503,4.855861465532E-02,
    1.347443775378));
#8809 = CARTESIAN_POINT('',(1.134735182503,4.855861465532E-02,
    1.338579014355));
#8810 = ORIENTED_EDGE('',*,*,#425,.F.);
#8811 = B_SPLINE_SURFACE_WITH_KNOTS('',3,1,(
    (#8812,#8813)
    ,(#8814,#8815)
    ,(#8816,#8817)
    ,(#8818,#8819
    )),.UNSPECIFIED.,.F.,.F.,.F.,(4,4),(2,2),(1.,2.),(0.,1.),
  .PIECEWISE_BEZIER_KNOTS.);
#8812 = CARTESIAN_POINT('',(1.149155500429,3.247689544803E-02,
    1.347443775378));
#8813 = CARTESIAN_POINT('',(1.149155500429,3.247689544803E-02,
    1.338579014355));
#8814 = CARTESIAN_POINT('',(1.149155500429,3.939671243881E-02,
    1.347443775378));
#8815 = CARTESIAN_POINT('',(1.149155500429,3.939671243881E-02,
    1.338579014355));
#8816 = CARTESIAN_POINT('',(1.144348727787,4.475190880488E-02,
    1.347443775378));
#8817 = CARTESIAN_POINT('',(1.144348727787,4.475190880488E-02,
    1.338579014355));
#8818 = CARTESIAN_POINT('',(1.134735182503,4.855861465532E-02,
    1.347443775378));
#8819 = CARTESIAN_POINT('',(1.134735182503,4.855861465532E-02,
    1.338579014355));
#8820 = ADVANCED_FACE('',(#8821),#8831,.F.);
#8821 = FACE_BOUND('',#8822,.T.);
#8822 = EDGE_LOOP('',(#8823,#8824,#8825,#8830));
#8823 = ORIENTED_EDGE('',*,*,#418,.T.);
#8824 = ORIENTED_EDGE('',*,*,#8495,.F.);
#8825 = ORIENTED_EDGE('',*,*,#8826,.F.);
#8826 = EDGE_CURVE('',#8798,#8489,#8827,.T.);
#8827 = B_SPLINE_CURVE_WITH_KNOTS('',1,(#8828,#8829),.UNSPECIFIED.,.F.,
  .F.,(2,2),(-5.576092779539E-02,0.),.PIECEWISE_BEZIER_KNOTS.);
#8828 = CARTESIAN_POINT('',(1.134735182503,4.855861465532E-02,
    1.347443775378));
#8829 = CARTESIAN_POINT('',(1.082860750236,6.901159354682E-02,
    1.347443775378));
#8830 = ORIENTED_EDGE('',*,*,#8806,.T.);
#8831 = B_SPLINE_SURFACE_WITH_KNOTS('',1,1,(
    (#8832,#8833)
    ,(#8834,#8835
    )),.UNSPECIFIED.,.F.,.F.,.F.,(2,2),(2,2),(0.,5.576092779539E-02),(
    -8.864761022221E-03,0.),.PIECEWISE_BEZIER_KNOTS.);
#8832 = CARTESIAN_POINT('',(1.082860750236,6.901159354682E-02,
    1.338579014355));
#8833 = CARTESIAN_POINT('',(1.082860750236,6.901159354682E-02,
    1.347443775378));
#8834 = CARTESIAN_POINT('',(1.134735182503,4.855861465532E-02,
    1.338579014355));
#8835 = CARTESIAN_POINT('',(1.134735182503,4.855861465532E-02,
    1.347443775378));
#8836 = ADVANCED_FACE('',(#8837),#8854,.T.);
#8837 = FACE_BOUND('',#8838,.T.);
#8838 = EDGE_LOOP('',(#8839,#8840,#8841,#8842,#8843,#8844,#8845,#8846,
    #8847,#8848,#8849,#8850,#8851,#8852,#8853));
#8839 = ORIENTED_EDGE('',*,*,#8488,.T.);
#8840 = ORIENTED_EDGE('',*,*,#8516,.T.);
#8841 = ORIENTED_EDGE('',*,*,#8531,.T.);
#8842 = ORIENTED_EDGE('',*,*,#8566,.T.);
#8843 = ORIENTED_EDGE('',*,*,#8588,.T.);
#8844 = ORIENTED_EDGE('',*,*,#8610,.T.);
#8845 = ORIENTED_EDGE('',*,*,#8632,.T.);
#8846 = ORIENTED_EDGE('',*,*,#8654,.T.);
#8847 = ORIENTED_EDGE('',*,*,#8676,.T.);
#8848 = ORIENTED_EDGE('',*,*,#8691,.T.);
#8849 = ORIENTED_EDGE('',*,*,#8719,.T.);
#8850 = ORIENTED_EDGE('',*,*,#8754,.T.);
#8851 = ORIENTED_EDGE('',*,*,#8769,.T.);
#8852 = ORIENTED_EDGE('',*,*,#8797,.T.);
#8853 = ORIENTED_EDGE('',*,*,#8826,.T.);
#8854 = B_SPLINE_SURFACE_WITH_KNOTS('',1,1,(
    (#8855,#8856)
    ,(#8857,#8858
    )),.UNSPECIFIED.,.F.,.F.,.F.,(2,2),(2,2),(-6.268967071152E-02,
    3.605079481369E-03),(-1.593453195784E-02,2.732642181752E-02),
  .PIECEWISE_BEZIER_KNOTS.);
#8855 = CARTESIAN_POINT('',(1.082860750236,2.575063977147E-02,
    1.347443775378));
#8856 = CARTESIAN_POINT('',(1.082860750236,6.901159354682E-02,
    1.347443775378));
#8857 = CARTESIAN_POINT('',(1.149155500429,2.575063977147E-02,
    1.347443775378));
#8858 = CARTESIAN_POINT('',(1.149155500429,6.901159354682E-02,
    1.347443775378));
#8859 = ADVANCED_FACE('',(#8860),#8882,.F.);
#8860 = FACE_BOUND('',#8861,.T.);
#8861 = EDGE_LOOP('',(#8862,#8863,#8870,#8877));
#8862 = ORIENTED_EDGE('',*,*,#325,.T.);
#8863 = ORIENTED_EDGE('',*,*,#8864,.F.);
#8864 = EDGE_CURVE('',#8865,#317,#8867,.T.);
#8865 = VERTEX_POINT('',#8866);
#8866 = CARTESIAN_POINT('',(1.120734247426,0.111466041846,1.347443775378
    ));
#8867 = B_SPLINE_CURVE_WITH_KNOTS('',1,(#8868,#8869),.UNSPECIFIED.,.F.,
  .F.,(2,2),(-0.,8.864761022221E-03),.PIECEWISE_BEZIER_KNOTS.);
#8868 = CARTESIAN_POINT('',(1.120734247426,0.111466041846,1.347443775378
    ));
#8869 = CARTESIAN_POINT('',(1.120734247426,0.111466041846,1.338579014355
    ));
#8870 = ORIENTED_EDGE('',*,*,#8871,.F.);
#8871 = EDGE_CURVE('',#8872,#8865,#8874,.T.);
#8872 = VERTEX_POINT('',#8873);
#8873 = CARTESIAN_POINT('',(1.127928276279,0.111466041846,1.347443775378
    ));
#8874 = B_SPLINE_CURVE_WITH_KNOTS('',1,(#8875,#8876),.UNSPECIFIED.,.F.,
  .F.,(2,2),(-7.194028853007E-03,-0.),.PIECEWISE_BEZIER_KNOTS.);
#8875 = CARTESIAN_POINT('',(1.127928276279,0.111466041846,1.347443775378
    ));
#8876 = CARTESIAN_POINT('',(1.120734247426,0.111466041846,1.347443775378
    ));
#8877 = ORIENTED_EDGE('',*,*,#8878,.T.);
#8878 = EDGE_CURVE('',#8872,#326,#8879,.T.);
#8879 = B_SPLINE_CURVE_WITH_KNOTS('',1,(#8880,#8881),.UNSPECIFIED.,.F.,
  .F.,(2,2),(-0.,8.864761022221E-03),.PIECEWISE_BEZIER_KNOTS.);
#8880 = CARTESIAN_POINT('',(1.127928276279,0.111466041846,1.347443775378
    ));
#8881 = CARTESIAN_POINT('',(1.127928276279,0.111466041846,1.338579014355
    ));
#8882 = B_SPLINE_SURFACE_WITH_KNOTS('',1,1,(
    (#8883,#8884)
    ,(#8885,#8886
    )),.UNSPECIFIED.,.F.,.F.,.F.,(2,2),(2,2),(0.,8.864761022221E-03),(0.
    ,7.194028853007E-03),.PIECEWISE_BEZIER_KNOTS.);
#8883 = CARTESIAN_POINT('',(1.120734247426,0.111466041846,1.347443775378
    ));
#8884 = CARTESIAN_POINT('',(1.127928276279,0.111466041846,1.347443775378
    ));
#8885 = CARTESIAN_POINT('',(1.120734247426,0.111466041846,1.338579014355
    ));
#8886 = CARTESIAN_POINT('',(1.127928276279,0.111466041846,1.338579014355
    ));
#8887 = ADVANCED_FACE('',(#8888),#8904,.F.);
#8888 = FACE_BOUND('',#8889,.T.);
#8889 = EDGE_LOOP('',(#8890,#8891,#8898,#8903));
#8890 = ORIENTED_EDGE('',*,*,#316,.T.);
#8891 = ORIENTED_EDGE('',*,*,#8892,.F.);
#8892 = EDGE_CURVE('',#8893,#319,#8895,.T.);
#8893 = VERTEX_POINT('',#8894);
#8894 = CARTESIAN_POINT('',(1.120734247426,8.567399669782E-02,
    1.347443775378));
#8895 = B_SPLINE_CURVE_WITH_KNOTS('',1,(#8896,#8897),.UNSPECIFIED.,.F.,
  .F.,(2,2),(-0.,8.864761022221E-03),.PIECEWISE_BEZIER_KNOTS.);
#8896 = CARTESIAN_POINT('',(1.120734247426,8.567399669782E-02,
    1.347443775378));
#8897 = CARTESIAN_POINT('',(1.120734247426,8.567399669782E-02,
    1.338579014355));
#8898 = ORIENTED_EDGE('',*,*,#8899,.F.);
#8899 = EDGE_CURVE('',#8865,#8893,#8900,.T.);
#8900 = B_SPLINE_CURVE_WITH_KNOTS('',1,(#8901,#8902),.UNSPECIFIED.,.F.,
  .F.,(2,2),(-2.579204514783E-02,-0.),.PIECEWISE_BEZIER_KNOTS.);
#8901 = CARTESIAN_POINT('',(1.120734247426,0.111466041846,1.347443775378
    ));
#8902 = CARTESIAN_POINT('',(1.120734247426,8.567399669782E-02,
    1.347443775378));
#8903 = ORIENTED_EDGE('',*,*,#8864,.T.);
#8904 = B_SPLINE_SURFACE_WITH_KNOTS('',1,1,(
    (#8905,#8906)
    ,(#8907,#8908
    )),.UNSPECIFIED.,.F.,.F.,.F.,(2,2),(2,2),(0.,8.864761022221E-03),(0.
    ,2.579204514783E-02),.PIECEWISE_BEZIER_KNOTS.);
#8905 = CARTESIAN_POINT('',(1.120734247426,8.567399669782E-02,
    1.347443775378));
#8906 = CARTESIAN_POINT('',(1.120734247426,0.111466041846,1.347443775378
    ));
#8907 = CARTESIAN_POINT('',(1.120734247426,8.567399669782E-02,
    1.338579014355));
#8908 = CARTESIAN_POINT('',(1.120734247426,0.111466041846,1.338579014355
    ));
#8909 = ADVANCED_FACE('',(#8910),#8926,.F.);
#8910 = FACE_BOUND('',#8911,.T.);
#8911 = EDGE_LOOP('',(#8912,#8913,#8920,#8925));
#8912 = ORIENTED_EDGE('',*,*,#395,.T.);
#8913 = ORIENTED_EDGE('',*,*,#8914,.F.);
#8914 = EDGE_CURVE('',#8915,#389,#8917,.T.);
#8915 = VERTEX_POINT('',#8916);
#8916 = CARTESIAN_POINT('',(1.099507023277,8.567399669782E-02,
    1.347443775378));
#8917 = B_SPLINE_CURVE_WITH_KNOTS('',1,(#8918,#8919),.UNSPECIFIED.,.F.,
  .F.,(2,2),(-0.,8.864761022221E-03),.PIECEWISE_BEZIER_KNOTS.);
#8918 = CARTESIAN_POINT('',(1.099507023277,8.567399669782E-02,
    1.347443775378));
#8919 = CARTESIAN_POINT('',(1.099507023277,8.567399669782E-02,
    1.338579014355));
#8920 = ORIENTED_EDGE('',*,*,#8921,.F.);
#8921 = EDGE_CURVE('',#8893,#8915,#8922,.T.);
#8922 = B_SPLINE_CURVE_WITH_KNOTS('',1,(#8923,#8924),.UNSPECIFIED.,.F.,
  .F.,(2,2),(-2.12272241492E-02,-0.),.PIECEWISE_BEZIER_KNOTS.);
#8923 = CARTESIAN_POINT('',(1.120734247426,8.567399669782E-02,
    1.347443775378));
#8924 = CARTESIAN_POINT('',(1.099507023277,8.567399669782E-02,
    1.347443775378));
#8925 = ORIENTED_EDGE('',*,*,#8892,.T.);
#8926 = B_SPLINE_SURFACE_WITH_KNOTS('',1,1,(
    (#8927,#8928)
    ,(#8929,#8930
    )),.UNSPECIFIED.,.F.,.F.,.F.,(2,2),(2,2),(0.,8.864761022221E-03),(0.
    ,2.12272241492E-02),.PIECEWISE_BEZIER_KNOTS.);
#8927 = CARTESIAN_POINT('',(1.099507023277,8.567399669782E-02,
    1.347443775378));
#8928 = CARTESIAN_POINT('',(1.120734247426,8.567399669782E-02,
    1.347443775378));
#8929 = CARTESIAN_POINT('',(1.099507023277,8.567399669782E-02,
    1.338579014355));
#8930 = CARTESIAN_POINT('',(1.120734247426,8.567399669782E-02,
    1.338579014355));
#8931 = ADVANCED_FACE('',(#8932),#8948,.F.);
#8932 = FACE_BOUND('',#8933,.T.);
#8933 = EDGE_LOOP('',(#8934,#8935,#8942,#8947));
#8934 = ORIENTED_EDGE('',*,*,#388,.T.);
#8935 = ORIENTED_EDGE('',*,*,#8936,.F.);
#8936 = EDGE_CURVE('',#8937,#382,#8939,.T.);
#8937 = VERTEX_POINT('',#8938);
#8938 = CARTESIAN_POINT('',(1.099507023277,0.108240019938,1.347443775378
    ));
#8939 = B_SPLINE_CURVE_WITH_KNOTS('',1,(#8940,#8941),.UNSPECIFIED.,.F.,
  .F.,(2,2),(-0.,8.864761022221E-03),.PIECEWISE_BEZIER_KNOTS.);
#8940 = CARTESIAN_POINT('',(1.099507023277,0.108240019938,1.347443775378
    ));
#8941 = CARTESIAN_POINT('',(1.099507023277,0.108240019938,1.338579014355
    ));
#8942 = ORIENTED_EDGE('',*,*,#8943,.F.);
#8943 = EDGE_CURVE('',#8915,#8937,#8944,.T.);
#8944 = B_SPLINE_CURVE_WITH_KNOTS('',1,(#8945,#8946),.UNSPECIFIED.,.F.,
  .F.,(2,2),(-2.256602324045E-02,0.),.PIECEWISE_BEZIER_KNOTS.);
#8945 = CARTESIAN_POINT('',(1.099507023277,8.567399669782E-02,
    1.347443775378));
#8946 = CARTESIAN_POINT('',(1.099507023277,0.108240019938,1.347443775378
    ));
#8947 = ORIENTED_EDGE('',*,*,#8914,.T.);
#8948 = B_SPLINE_SURFACE_WITH_KNOTS('',1,1,(
    (#8949,#8950)
    ,(#8951,#8952
    )),.UNSPECIFIED.,.F.,.F.,.F.,(2,2),(2,2),(0.,2.256602324045E-02),(
    -8.864761022221E-03,0.),.PIECEWISE_BEZIER_KNOTS.);
#8949 = CARTESIAN_POINT('',(1.099507023277,0.108240019938,1.338579014355
    ));
#8950 = CARTESIAN_POINT('',(1.099507023277,0.108240019938,1.347443775378
    ));
#8951 = CARTESIAN_POINT('',(1.099507023277,8.567399669782E-02,
    1.338579014355));
#8952 = CARTESIAN_POINT('',(1.099507023277,8.567399669782E-02,
    1.347443775378));
#8953 = ADVANCED_FACE('',(#8954),#8970,.F.);
#8954 = FACE_BOUND('',#8955,.T.);
#8955 = EDGE_LOOP('',(#8956,#8957,#8964,#8969));
#8956 = ORIENTED_EDGE('',*,*,#381,.T.);
#8957 = ORIENTED_EDGE('',*,*,#8958,.F.);
#8958 = EDGE_CURVE('',#8959,#375,#8961,.T.);
#8959 = VERTEX_POINT('',#8960);
#8960 = CARTESIAN_POINT('',(1.092280734205,0.108240019938,1.347443775378
    ));
#8961 = B_SPLINE_CURVE_WITH_KNOTS('',1,(#8962,#8963),.UNSPECIFIED.,.F.,
  .F.,(2,2),(-0.,8.864761022221E-03),.PIECEWISE_BEZIER_KNOTS.);
#8962 = CARTESIAN_POINT('',(1.092280734205,0.108240019938,1.347443775378
    ));
#8963 = CARTESIAN_POINT('',(1.092280734205,0.108240019938,1.338579014355
    ));
#8964 = ORIENTED_EDGE('',*,*,#8965,.F.);
#8965 = EDGE_CURVE('',#8937,#8959,#8966,.T.);
#8966 = B_SPLINE_CURVE_WITH_KNOTS('',1,(#8967,#8968),.UNSPECIFIED.,.F.,
  .F.,(2,2),(-7.226289072041E-03,-0.),.PIECEWISE_BEZIER_KNOTS.);
#8967 = CARTESIAN_POINT('',(1.099507023277,0.108240019938,1.347443775378
    ));
#8968 = CARTESIAN_POINT('',(1.092280734205,0.108240019938,1.347443775378
    ));
#8969 = ORIENTED_EDGE('',*,*,#8936,.T.);
#8970 = B_SPLINE_SURFACE_WITH_KNOTS('',1,1,(
    (#8971,#8972)
    ,(#8973,#8974
    )),.UNSPECIFIED.,.F.,.F.,.F.,(2,2),(2,2),(0.,7.226289072041E-03),(
    -8.864761022221E-03,0.),.PIECEWISE_BEZIER_KNOTS.);
#8971 = CARTESIAN_POINT('',(1.092280734205,0.108240019938,1.338579014355
    ));
#8972 = CARTESIAN_POINT('',(1.092280734205,0.108240019938,1.347443775378
    ));
#8973 = CARTESIAN_POINT('',(1.099507023277,0.108240019938,1.338579014355
    ));
#8974 = CARTESIAN_POINT('',(1.099507023277,0.108240019938,1.347443775378
    ));
#8975 = ADVANCED_FACE('',(#8976),#8992,.F.);
#8976 = FACE_BOUND('',#8977,.T.);
#8977 = EDGE_LOOP('',(#8978,#8979,#8986,#8991));
#8978 = ORIENTED_EDGE('',*,*,#374,.T.);
#8979 = ORIENTED_EDGE('',*,*,#8980,.F.);
#8980 = EDGE_CURVE('',#8981,#368,#8983,.T.);
#8981 = VERTEX_POINT('',#8982);
#8982 = CARTESIAN_POINT('',(1.092280734205,8.567399669782E-02,
    1.347443775378));
#8983 = B_SPLINE_CURVE_WITH_KNOTS('',1,(#8984,#8985),.UNSPECIFIED.,.F.,
  .F.,(2,2),(-0.,8.864761022221E-03),.PIECEWISE_BEZIER_KNOTS.);
#8984 = CARTESIAN_POINT('',(1.092280734205,8.567399669782E-02,
    1.347443775378));
#8985 = CARTESIAN_POINT('',(1.092280734205,8.567399669782E-02,
    1.338579014355));
#8986 = ORIENTED_EDGE('',*,*,#8987,.F.);
#8987 = EDGE_CURVE('',#8959,#8981,#8988,.T.);
#8988 = B_SPLINE_CURVE_WITH_KNOTS('',1,(#8989,#8990),.UNSPECIFIED.,.F.,
  .F.,(2,2),(-2.256602324045E-02,-0.),.PIECEWISE_BEZIER_KNOTS.);
#8989 = CARTESIAN_POINT('',(1.092280734205,0.108240019938,1.347443775378
    ));
#8990 = CARTESIAN_POINT('',(1.092280734205,8.567399669782E-02,
    1.347443775378));
#8991 = ORIENTED_EDGE('',*,*,#8958,.T.);
#8992 = B_SPLINE_SURFACE_WITH_KNOTS('',1,1,(
    (#8993,#8994)
    ,(#8995,#8996
    )),.UNSPECIFIED.,.F.,.F.,.F.,(2,2),(2,2),(0.,8.864761022221E-03),(0.
    ,2.256602324045E-02),.PIECEWISE_BEZIER_KNOTS.);
#8993 = CARTESIAN_POINT('',(1.092280734205,8.567399669782E-02,
    1.347443775378));
#8994 = CARTESIAN_POINT('',(1.092280734205,0.108240019938,1.347443775378
    ));
#8995 = CARTESIAN_POINT('',(1.092280734205,8.567399669782E-02,
    1.338579014355));
#8996 = CARTESIAN_POINT('',(1.092280734205,0.108240019938,1.338579014355
    ));
#8997 = ADVANCED_FACE('',(#8998),#9014,.F.);
#8998 = FACE_BOUND('',#8999,.T.);
#8999 = EDGE_LOOP('',(#9000,#9001,#9008,#9013));
#9000 = ORIENTED_EDGE('',*,*,#367,.T.);
#9001 = ORIENTED_EDGE('',*,*,#9002,.F.);
#9002 = EDGE_CURVE('',#9003,#361,#9005,.T.);
#9003 = VERTEX_POINT('',#9004);
#9004 = CARTESIAN_POINT('',(1.072085837066,8.567399669782E-02,
    1.347443775378));
#9005 = B_SPLINE_CURVE_WITH_KNOTS('',1,(#9006,#9007),.UNSPECIFIED.,.F.,
  .F.,(2,2),(-0.,8.864761022221E-03),.PIECEWISE_BEZIER_KNOTS.);
#9006 = CARTESIAN_POINT('',(1.072085837066,8.567399669782E-02,
    1.347443775378));
#9007 = CARTESIAN_POINT('',(1.072085837066,8.567399669782E-02,
    1.338579014355));
#9008 = ORIENTED_EDGE('',*,*,#9009,.F.);
#9009 = EDGE_CURVE('',#8981,#9003,#9010,.T.);
#9010 = B_SPLINE_CURVE_WITH_KNOTS('',1,(#9011,#9012),.UNSPECIFIED.,.F.,
  .F.,(2,2),(-2.019489713922E-02,-0.),.PIECEWISE_BEZIER_KNOTS.);
#9011 = CARTESIAN_POINT('',(1.092280734205,8.567399669782E-02,
    1.347443775378));
#9012 = CARTESIAN_POINT('',(1.072085837066,8.567399669782E-02,
    1.347443775378));
#9013 = ORIENTED_EDGE('',*,*,#8980,.T.);
#9014 = B_SPLINE_SURFACE_WITH_KNOTS('',1,1,(
    (#9015,#9016)
    ,(#9017,#9018
    )),.UNSPECIFIED.,.F.,.F.,.F.,(2,2),(2,2),(0.,2.019489713922E-02),(
    -8.864761022221E-03,0.),.PIECEWISE_BEZIER_KNOTS.);
#9015 = CARTESIAN_POINT('',(1.072085837066,8.567399669782E-02,
    1.338579014355));
#9016 = CARTESIAN_POINT('',(1.072085837066,8.567399669782E-02,
    1.347443775378));
#9017 = CARTESIAN_POINT('',(1.092280734205,8.567399669782E-02,
    1.338579014355));
#9018 = CARTESIAN_POINT('',(1.092280734205,8.567399669782E-02,
    1.347443775378));
#9019 = ADVANCED_FACE('',(#9020),#9036,.F.);
#9020 = FACE_BOUND('',#9021,.T.);
#9021 = EDGE_LOOP('',(#9022,#9023,#9030,#9035));
#9022 = ORIENTED_EDGE('',*,*,#360,.T.);
#9023 = ORIENTED_EDGE('',*,*,#9024,.F.);
#9024 = EDGE_CURVE('',#9025,#354,#9027,.T.);
#9025 = VERTEX_POINT('',#9026);
#9026 = CARTESIAN_POINT('',(1.072085837066,0.110030462097,1.347443775378
    ));
#9027 = B_SPLINE_CURVE_WITH_KNOTS('',1,(#9028,#9029),.UNSPECIFIED.,.F.,
  .F.,(2,2),(-0.,8.864761022221E-03),.PIECEWISE_BEZIER_KNOTS.);
#9028 = CARTESIAN_POINT('',(1.072085837066,0.110030462097,1.347443775378
    ));
#9029 = CARTESIAN_POINT('',(1.072085837066,0.110030462097,1.338579014355
    ));
#9030 = ORIENTED_EDGE('',*,*,#9031,.F.);
#9031 = EDGE_CURVE('',#9003,#9025,#9032,.T.);
#9032 = B_SPLINE_CURVE_WITH_KNOTS('',1,(#9033,#9034),.UNSPECIFIED.,.F.,
  .F.,(2,2),(-2.435646539905E-02,0.),.PIECEWISE_BEZIER_KNOTS.);
#9033 = CARTESIAN_POINT('',(1.072085837066,8.567399669782E-02,
    1.347443775378));
#9034 = CARTESIAN_POINT('',(1.072085837066,0.110030462097,1.347443775378
    ));
#9035 = ORIENTED_EDGE('',*,*,#9002,.T.);
#9036 = B_SPLINE_SURFACE_WITH_KNOTS('',1,1,(
    (#9037,#9038)
    ,(#9039,#9040
    )),.UNSPECIFIED.,.F.,.F.,.F.,(2,2),(2,2),(0.,2.435646539905E-02),(
    -8.864761022221E-03,0.),.PIECEWISE_BEZIER_KNOTS.);
#9037 = CARTESIAN_POINT('',(1.072085837066,0.110030462097,1.338579014355
    ));
#9038 = CARTESIAN_POINT('',(1.072085837066,0.110030462097,1.347443775378
    ));
#9039 = CARTESIAN_POINT('',(1.072085837066,8.567399669782E-02,
    1.338579014355));
#9040 = CARTESIAN_POINT('',(1.072085837066,8.567399669782E-02,
    1.347443775378));
#9041 = ADVANCED_FACE('',(#9042),#9058,.F.);
#9042 = FACE_BOUND('',#9043,.T.);
#9043 = EDGE_LOOP('',(#9044,#9045,#9052,#9057));
#9044 = ORIENTED_EDGE('',*,*,#353,.T.);
#9045 = ORIENTED_EDGE('',*,*,#9046,.F.);
#9046 = EDGE_CURVE('',#9047,#347,#9049,.T.);
#9047 = VERTEX_POINT('',#9048);
#9048 = CARTESIAN_POINT('',(1.064827287775,0.110030462097,1.347443775378
    ));
#9049 = B_SPLINE_CURVE_WITH_KNOTS('',1,(#9050,#9051),.UNSPECIFIED.,.F.,
  .F.,(2,2),(-0.,8.864761022221E-03),.PIECEWISE_BEZIER_KNOTS.);
#9050 = CARTESIAN_POINT('',(1.064827287775,0.110030462097,1.347443775378
    ));
#9051 = CARTESIAN_POINT('',(1.064827287775,0.110030462097,1.338579014355
    ));
#9052 = ORIENTED_EDGE('',*,*,#9053,.F.);
#9053 = EDGE_CURVE('',#9025,#9047,#9054,.T.);
#9054 = B_SPLINE_CURVE_WITH_KNOTS('',1,(#9055,#9056),.UNSPECIFIED.,.F.,
  .F.,(2,2),(-7.258549291075E-03,-0.),.PIECEWISE_BEZIER_KNOTS.);
#9055 = CARTESIAN_POINT('',(1.072085837066,0.110030462097,1.347443775378
    ));
#9056 = CARTESIAN_POINT('',(1.064827287775,0.110030462097,1.347443775378
    ));
#9057 = ORIENTED_EDGE('',*,*,#9024,.T.);
#9058 = B_SPLINE_SURFACE_WITH_KNOTS('',1,1,(
    (#9059,#9060)
    ,(#9061,#9062
    )),.UNSPECIFIED.,.F.,.F.,.F.,(2,2),(2,2),(0.,8.864761022221E-03),(0.
    ,7.258549291075E-03),.PIECEWISE_BEZIER_KNOTS.);
#9059 = CARTESIAN_POINT('',(1.064827287775,0.110030462097,1.347443775378
    ));
#9060 = CARTESIAN_POINT('',(1.072085837066,0.110030462097,1.347443775378
    ));
#9061 = CARTESIAN_POINT('',(1.064827287775,0.110030462097,1.338579014355
    ));
#9062 = CARTESIAN_POINT('',(1.072085837066,0.110030462097,1.338579014355
    ));
#9063 = ADVANCED_FACE('',(#9064),#9080,.F.);
#9064 = FACE_BOUND('',#9065,.T.);
#9065 = EDGE_LOOP('',(#9066,#9067,#9074,#9079));
#9066 = ORIENTED_EDGE('',*,*,#346,.T.);
#9067 = ORIENTED_EDGE('',*,*,#9068,.F.);
#9068 = EDGE_CURVE('',#9069,#340,#9071,.T.);
#9069 = VERTEX_POINT('',#9070);
#9070 = CARTESIAN_POINT('',(1.064827287775,7.752829138199E-02,
    1.347443775378));
#9071 = B_SPLINE_CURVE_WITH_KNOTS('',1,(#9072,#9073),.UNSPECIFIED.,.F.,
  .F.,(2,2),(-0.,8.864761022221E-03),.PIECEWISE_BEZIER_KNOTS.);
#9072 = CARTESIAN_POINT('',(1.064827287775,7.752829138199E-02,
    1.347443775378));
#9073 = CARTESIAN_POINT('',(1.064827287775,7.752829138199E-02,
    1.338579014355));
#9074 = ORIENTED_EDGE('',*,*,#9075,.F.);
#9075 = EDGE_CURVE('',#9047,#9069,#9076,.T.);
#9076 = B_SPLINE_CURVE_WITH_KNOTS('',1,(#9077,#9078),.UNSPECIFIED.,.F.,
  .F.,(2,2),(-3.250217071488E-02,0.),.PIECEWISE_BEZIER_KNOTS.);
#9077 = CARTESIAN_POINT('',(1.064827287775,0.110030462097,1.347443775378
    ));
#9078 = CARTESIAN_POINT('',(1.064827287775,7.752829138199E-02,
    1.347443775378));
#9079 = ORIENTED_EDGE('',*,*,#9046,.T.);
#9080 = B_SPLINE_SURFACE_WITH_KNOTS('',1,1,(
    (#9081,#9082)
    ,(#9083,#9084
    )),.UNSPECIFIED.,.F.,.F.,.F.,(2,2),(2,2),(0.,3.250217071488E-02),(
    -8.864761022221E-03,0.),.PIECEWISE_BEZIER_KNOTS.);
#9081 = CARTESIAN_POINT('',(1.064827287775,7.752829138199E-02,
    1.338579014355));
#9082 = CARTESIAN_POINT('',(1.064827287775,7.752829138199E-02,
    1.347443775378));
#9083 = CARTESIAN_POINT('',(1.064827287775,0.110030462097,1.338579014355
    ));
#9084 = CARTESIAN_POINT('',(1.064827287775,0.110030462097,1.347443775378
    ));
#9085 = ADVANCED_FACE('',(#9086),#9102,.F.);
#9086 = FACE_BOUND('',#9087,.T.);
#9087 = EDGE_LOOP('',(#9088,#9089,#9096,#9101));
#9088 = ORIENTED_EDGE('',*,*,#339,.T.);
#9089 = ORIENTED_EDGE('',*,*,#9090,.F.);
#9090 = EDGE_CURVE('',#9091,#333,#9093,.T.);
#9091 = VERTEX_POINT('',#9092);
#9092 = CARTESIAN_POINT('',(1.127928276279,7.752829138199E-02,
    1.347443775378));
#9093 = B_SPLINE_CURVE_WITH_KNOTS('',1,(#9094,#9095),.UNSPECIFIED.,.F.,
  .F.,(2,2),(-0.,8.864761022221E-03),.PIECEWISE_BEZIER_KNOTS.);
#9094 = CARTESIAN_POINT('',(1.127928276279,7.752829138199E-02,
    1.347443775378));
#9095 = CARTESIAN_POINT('',(1.127928276279,7.752829138199E-02,
    1.338579014355));
#9096 = ORIENTED_EDGE('',*,*,#9097,.F.);
#9097 = EDGE_CURVE('',#9069,#9091,#9098,.T.);
#9098 = B_SPLINE_CURVE_WITH_KNOTS('',1,(#9099,#9100),.UNSPECIFIED.,.F.,
  .F.,(2,2),(-6.310098850454E-02,0.),.PIECEWISE_BEZIER_KNOTS.);
#9099 = CARTESIAN_POINT('',(1.064827287775,7.752829138199E-02,
    1.347443775378));
#9100 = CARTESIAN_POINT('',(1.127928276279,7.752829138199E-02,
    1.347443775378));
#9101 = ORIENTED_EDGE('',*,*,#9068,.T.);
#9102 = B_SPLINE_SURFACE_WITH_KNOTS('',1,1,(
    (#9103,#9104)
    ,(#9105,#9106
    )),.UNSPECIFIED.,.F.,.F.,.F.,(2,2),(2,2),(-0.,6.310098850454E-02),(
    -8.864761022221E-03,0.),.PIECEWISE_BEZIER_KNOTS.);
#9103 = CARTESIAN_POINT('',(1.127928276279,7.752829138199E-02,
    1.338579014355));
#9104 = CARTESIAN_POINT('',(1.127928276279,7.752829138199E-02,
    1.347443775378));
#9105 = CARTESIAN_POINT('',(1.064827287775,7.752829138199E-02,
    1.338579014355));
#9106 = CARTESIAN_POINT('',(1.064827287775,7.752829138199E-02,
    1.347443775378));
#9107 = ADVANCED_FACE('',(#9108),#9118,.F.);
#9108 = FACE_BOUND('',#9109,.T.);
#9109 = EDGE_LOOP('',(#9110,#9111,#9112,#9117));
#9110 = ORIENTED_EDGE('',*,*,#332,.T.);
#9111 = ORIENTED_EDGE('',*,*,#8878,.F.);
#9112 = ORIENTED_EDGE('',*,*,#9113,.F.);
#9113 = EDGE_CURVE('',#9091,#8872,#9114,.T.);
#9114 = B_SPLINE_CURVE_WITH_KNOTS('',1,(#9115,#9116),.UNSPECIFIED.,.F.,
  .F.,(2,2),(-3.393775046366E-02,0.),.PIECEWISE_BEZIER_KNOTS.);
#9115 = CARTESIAN_POINT('',(1.127928276279,7.752829138199E-02,
    1.347443775378));
#9116 = CARTESIAN_POINT('',(1.127928276279,0.111466041846,1.347443775378
    ));
#9117 = ORIENTED_EDGE('',*,*,#9090,.T.);
#9118 = B_SPLINE_SURFACE_WITH_KNOTS('',1,1,(
    (#9119,#9120)
    ,(#9121,#9122
    )),.UNSPECIFIED.,.F.,.F.,.F.,(2,2),(2,2),(-8.864761022221E-03,0.),(
    -3.393775046366E-02,0.),.PIECEWISE_BEZIER_KNOTS.);
#9119 = CARTESIAN_POINT('',(1.127928276279,7.752829138199E-02,
    1.338579014355));
#9120 = CARTESIAN_POINT('',(1.127928276279,0.111466041846,1.338579014355
    ));
#9121 = CARTESIAN_POINT('',(1.127928276279,7.752829138199E-02,
    1.347443775378));
#9122 = CARTESIAN_POINT('',(1.127928276279,0.111466041846,1.347443775378
    ));
#9123 = ADVANCED_FACE('',(#9124),#9138,.F.);
#9124 = FACE_BOUND('',#9125,.T.);
#9125 = EDGE_LOOP('',(#9126,#9127,#9128,#9129,#9130,#9131,#9132,#9133,
    #9134,#9135,#9136,#9137));
#9126 = ORIENTED_EDGE('',*,*,#8871,.T.);
#9127 = ORIENTED_EDGE('',*,*,#8899,.T.);
#9128 = ORIENTED_EDGE('',*,*,#8921,.T.);
#9129 = ORIENTED_EDGE('',*,*,#8943,.T.);
#9130 = ORIENTED_EDGE('',*,*,#8965,.T.);
#9131 = ORIENTED_EDGE('',*,*,#8987,.T.);
#9132 = ORIENTED_EDGE('',*,*,#9009,.T.);
#9133 = ORIENTED_EDGE('',*,*,#9031,.T.);
#9134 = ORIENTED_EDGE('',*,*,#9053,.T.);
#9135 = ORIENTED_EDGE('',*,*,#9075,.T.);
#9136 = ORIENTED_EDGE('',*,*,#9097,.T.);
#9137 = ORIENTED_EDGE('',*,*,#9113,.T.);
#9138 = B_SPLINE_SURFACE_WITH_KNOTS('',1,1,(
    (#9139,#9140)
    ,(#9141,#9142
    )),.UNSPECIFIED.,.F.,.F.,.F.,(2,2),(2,2),(-1.127928276279,
    -1.064827287775),(7.752829138208E-02,0.111466041846),
  .PIECEWISE_BEZIER_KNOTS.);
#9139 = CARTESIAN_POINT('',(1.127928276279,7.752829138199E-02,
    1.347443775378));
#9140 = CARTESIAN_POINT('',(1.127928276279,0.111466041846,1.347443775378
    ));
#9141 = CARTESIAN_POINT('',(1.064827287775,7.752829138199E-02,
    1.347443775378));
#9142 = CARTESIAN_POINT('',(1.064827287775,0.111466041846,1.347443775378
    ));
#9143 = ADVANCED_FACE('',(#9144,#9203),#9262,.T.);
#9144 = FACE_BOUND('',#9145,.T.);
#9145 = EDGE_LOOP('',(#9146,#9155,#9164,#9173,#9182,#9191,#9198));
#9146 = ORIENTED_EDGE('',*,*,#9147,.T.);
#9147 = EDGE_CURVE('',#9148,#9150,#9152,.T.);
#9148 = VERTEX_POINT('',#9149);
#9149 = CARTESIAN_POINT('',(1.127928276279,0.123386192793,1.347443775378
    ));
#9150 = VERTEX_POINT('',#9151);
#9151 = CARTESIAN_POINT('',(1.127928276279,0.140742190654,1.347443775378
    ));
#9152 = B_SPLINE_CURVE_WITH_KNOTS('',1,(#9153,#9154),.UNSPECIFIED.,.F.,
  .F.,(2,2),(-1.735599786068E-02,-7.381396346002E-17),
  .PIECEWISE_BEZIER_KNOTS.);
#9153 = CARTESIAN_POINT('',(1.127928276279,0.123386192793,1.347443775378
    ));
#9154 = CARTESIAN_POINT('',(1.127928276279,0.140742190654,1.347443775378
    ));
#9155 = ORIENTED_EDGE('',*,*,#9156,.T.);
#9156 = EDGE_CURVE('',#9150,#9157,#9159,.T.);
#9157 = VERTEX_POINT('',#9158);
#9158 = CARTESIAN_POINT('',(1.119088976254,0.165243827038,1.347443775378
    ));
#9159 = B_SPLINE_CURVE_WITH_KNOTS('',3,(#9160,#9161,#9162,#9163),
  .UNSPECIFIED.,.F.,.F.,(4,4),(5.,6.),.PIECEWISE_BEZIER_KNOTS.);
#9160 = CARTESIAN_POINT('',(1.127928276279,0.140742190654,1.347443775378
    ));
#9161 = CARTESIAN_POINT('',(1.127928276279,0.150726728456,1.347443775378
    ));
#9162 = CARTESIAN_POINT('',(1.124992596344,0.158904693991,1.347443775378
    ));
#9163 = CARTESIAN_POINT('',(1.119088976254,0.165243827038,1.347443775378
    ));
#9164 = ORIENTED_EDGE('',*,*,#9165,.T.);
#9165 = EDGE_CURVE('',#9157,#9166,#9168,.T.);
#9166 = VERTEX_POINT('',#9167);
#9167 = CARTESIAN_POINT('',(1.09557127655,0.174760591665,1.347443775378)
  );
#9168 = B_SPLINE_CURVE_WITH_KNOTS('',3,(#9169,#9170,#9171,#9172),
  .UNSPECIFIED.,.F.,.F.,(4,4),(4.,5.),.PIECEWISE_BEZIER_KNOTS.);
#9169 = CARTESIAN_POINT('',(1.119088976254,0.165243827038,1.347443775378
    ));
#9170 = CARTESIAN_POINT('',(1.113185356163,0.171582960086,1.347443775378
    ));
#9171 = CARTESIAN_POINT('',(1.105346122929,0.174760591665,1.347443775378
    ));
#9172 = CARTESIAN_POINT('',(1.09557127655,0.174760591665,1.347443775378)
  );
#9173 = ORIENTED_EDGE('',*,*,#9174,.T.);
#9174 = EDGE_CURVE('',#9166,#9175,#9177,.T.);
#9175 = VERTEX_POINT('',#9176);
#9176 = CARTESIAN_POINT('',(1.073182684514,0.165243827038,1.347443775378
    ));
#9177 = B_SPLINE_CURVE_WITH_KNOTS('',3,(#9178,#9179,#9180,#9181),
  .UNSPECIFIED.,.F.,.F.,(4,4),(3.,4.),.PIECEWISE_BEZIER_KNOTS.);
#9178 = CARTESIAN_POINT('',(1.09557127655,0.174760591665,1.347443775378)
  );
#9179 = CARTESIAN_POINT('',(1.08621581302,0.174760591665,1.347443775378)
  );
#9180 = CARTESIAN_POINT('',(1.078763702414,0.171582960086,1.347443775378
    ));
#9181 = CARTESIAN_POINT('',(1.073182684514,0.165243827038,1.347443775378
    ));
#9182 = ORIENTED_EDGE('',*,*,#9183,.T.);
#9183 = EDGE_CURVE('',#9175,#9184,#9186,.T.);
#9184 = VERTEX_POINT('',#9185);
#9185 = CARTESIAN_POINT('',(1.064827287775,0.141387395035,1.347443775378
    ));
#9186 = B_SPLINE_CURVE_WITH_KNOTS('',3,(#9187,#9188,#9189,#9190),
  .UNSPECIFIED.,.F.,.F.,(4,4),(2.,3.),.PIECEWISE_BEZIER_KNOTS.);
#9187 = CARTESIAN_POINT('',(1.073182684514,0.165243827038,1.347443775378
    ));
#9188 = CARTESIAN_POINT('',(1.067601666615,0.158904693991,1.347443775378
    ));
#9189 = CARTESIAN_POINT('',(1.064827287775,0.150952549989,1.347443775378
    ));
#9190 = CARTESIAN_POINT('',(1.064827287775,0.141387395035,1.347443775378
    ));
#9191 = ORIENTED_EDGE('',*,*,#9192,.T.);
#9192 = EDGE_CURVE('',#9184,#9193,#9195,.T.);
#9193 = VERTEX_POINT('',#9194);
#9194 = CARTESIAN_POINT('',(1.064827287775,0.123386192793,1.347443775378
    ));
#9195 = B_SPLINE_CURVE_WITH_KNOTS('',1,(#9196,#9197),.UNSPECIFIED.,.F.,
  .F.,(2,2),(-1.800120224182E-02,0.),.PIECEWISE_BEZIER_KNOTS.);
#9196 = CARTESIAN_POINT('',(1.064827287775,0.141387395035,1.347443775378
    ));
#9197 = CARTESIAN_POINT('',(1.064827287775,0.123386192793,1.347443775378
    ));
#9198 = ORIENTED_EDGE('',*,*,#9199,.T.);
#9199 = EDGE_CURVE('',#9193,#9148,#9200,.T.);
#9200 = B_SPLINE_CURVE_WITH_KNOTS('',1,(#9201,#9202),.UNSPECIFIED.,.F.,
  .F.,(2,2),(-6.310098850454E-02,0.),.PIECEWISE_BEZIER_KNOTS.);
#9201 = CARTESIAN_POINT('',(1.064827287775,0.123386192793,1.347443775378
    ));
#9202 = CARTESIAN_POINT('',(1.127928276279,0.123386192793,1.347443775378
    ));
#9203 = FACE_BOUND('',#9204,.T.);
#9204 = EDGE_LOOP('',(#9205,#9214,#9221,#9230,#9239,#9248,#9257));
#9205 = ORIENTED_EDGE('',*,*,#9206,.F.);
#9206 = EDGE_CURVE('',#9207,#9209,#9211,.T.);
#9207 = VERTEX_POINT('',#9208);
#9208 = CARTESIAN_POINT('',(1.072085837066,0.131531898108,1.347443775378
    ));
#9209 = VERTEX_POINT('',#9210);
#9210 = CARTESIAN_POINT('',(1.120734247426,0.131531898108,1.347443775378
    ));
#9211 = B_SPLINE_CURVE_WITH_KNOTS('',1,(#9212,#9213),.UNSPECIFIED.,.F.,
  .F.,(2,2),(0.,4.864841036046E-02),.PIECEWISE_BEZIER_KNOTS.);
#9212 = CARTESIAN_POINT('',(1.072085837066,0.131531898108,1.347443775378
    ));
#9213 = CARTESIAN_POINT('',(1.120734247426,0.131531898108,1.347443775378
    ));
#9214 = ORIENTED_EDGE('',*,*,#9215,.F.);
#9215 = EDGE_CURVE('',#9216,#9207,#9218,.T.);
#9216 = VERTEX_POINT('',#9217);
#9217 = CARTESIAN_POINT('',(1.072085837066,0.141064792844,1.347443775378
    ));
#9218 = B_SPLINE_CURVE_WITH_KNOTS('',1,(#9219,#9220),.UNSPECIFIED.,.F.,
  .F.,(2,2),(-2.460465448667E-17,9.532894735633E-03),
  .PIECEWISE_BEZIER_KNOTS.);
#9219 = CARTESIAN_POINT('',(1.072085837066,0.141064792844,1.347443775378
    ));
#9220 = CARTESIAN_POINT('',(1.072085837066,0.131531898108,1.347443775378
    ));
#9221 = ORIENTED_EDGE('',*,*,#9222,.F.);
#9222 = EDGE_CURVE('',#9223,#9216,#9225,.T.);
#9223 = VERTEX_POINT('',#9224);
#9224 = CARTESIAN_POINT('',(1.078021717375,0.15927568651,1.347443775378)
  );
#9225 = B_SPLINE_CURVE_WITH_KNOTS('',3,(#9226,#9227,#9228,#9229),
  .UNSPECIFIED.,.F.,.F.,(4,4),(5.,6.),.PIECEWISE_BEZIER_KNOTS.);
#9226 = CARTESIAN_POINT('',(1.078021717375,0.15927568651,1.347443775378)
  );
#9227 = CARTESIAN_POINT('',(1.07405371043,0.154662475183,1.347443775378)
  );
#9228 = CARTESIAN_POINT('',(1.072085837066,0.148581423888,1.347443775378
    ));
#9229 = CARTESIAN_POINT('',(1.072085837066,0.141064792844,1.347443775378
    ));
#9230 = ORIENTED_EDGE('',*,*,#9231,.F.);
#9231 = EDGE_CURVE('',#9232,#9223,#9234,.T.);
#9232 = VERTEX_POINT('',#9233);
#9233 = CARTESIAN_POINT('',(1.095797098084,0.166195503501,1.347443775378
    ));
#9234 = B_SPLINE_CURVE_WITH_KNOTS('',3,(#9235,#9236,#9237,#9238),
  .UNSPECIFIED.,.F.,.F.,(4,4),(4.,5.),.PIECEWISE_BEZIER_KNOTS.);
#9235 = CARTESIAN_POINT('',(1.095797098084,0.166195503501,1.347443775378
    ));
#9236 = CARTESIAN_POINT('',(1.08792560463,0.166195503501,1.347443775378)
  );
#9237 = CARTESIAN_POINT('',(1.081989724321,0.163888897837,1.347443775378
    ));
#9238 = CARTESIAN_POINT('',(1.078021717375,0.15927568651,1.347443775378)
  );
#9239 = ORIENTED_EDGE('',*,*,#9240,.F.);
#9240 = EDGE_CURVE('',#9241,#9232,#9243,.T.);
#9241 = VERTEX_POINT('',#9242);
#9242 = CARTESIAN_POINT('',(1.114153162736,0.159453117715,1.347443775378
    ));
#9243 = B_SPLINE_CURVE_WITH_KNOTS('',3,(#9244,#9245,#9246,#9247),
  .UNSPECIFIED.,.F.,.F.,(4,4),(3.,4.),.PIECEWISE_BEZIER_KNOTS.);
#9244 = CARTESIAN_POINT('',(1.114153162736,0.159453117715,1.347443775378
    ));
#9245 = CARTESIAN_POINT('',(1.109798033161,0.163953418276,1.347443775378
    ));
#9246 = CARTESIAN_POINT('',(1.103668591537,0.166195503501,1.347443775378
    ));
#9247 = CARTESIAN_POINT('',(1.095797098084,0.166195503501,1.347443775378
    ));
#9248 = ORIENTED_EDGE('',*,*,#9249,.F.);
#9249 = EDGE_CURVE('',#9250,#9241,#9252,.T.);
#9250 = VERTEX_POINT('',#9251);
#9251 = CARTESIAN_POINT('',(1.120734247426,0.140693800325,1.347443775378
    ));
#9252 = B_SPLINE_CURVE_WITH_KNOTS('',3,(#9253,#9254,#9255,#9256),
  .UNSPECIFIED.,.F.,.F.,(4,4),(2.,3.),.PIECEWISE_BEZIER_KNOTS.);
#9253 = CARTESIAN_POINT('',(1.120734247426,0.140693800325,1.347443775378
    ));
#9254 = CARTESIAN_POINT('',(1.120734247426,0.148710464764,1.347443775378
    ));
#9255 = CARTESIAN_POINT('',(1.11854055253,0.154968947264,1.347443775378)
  );
#9256 = CARTESIAN_POINT('',(1.114153162736,0.159453117715,1.347443775378
    ));
#9257 = ORIENTED_EDGE('',*,*,#9258,.F.);
#9258 = EDGE_CURVE('',#9209,#9250,#9259,.T.);
#9259 = B_SPLINE_CURVE_WITH_KNOTS('',1,(#9260,#9261),.UNSPECIFIED.,.F.,
  .F.,(2,2),(0.,9.1619022163E-03),.PIECEWISE_BEZIER_KNOTS.);
#9260 = CARTESIAN_POINT('',(1.120734247426,0.131531898108,1.347443775378
    ));
#9261 = CARTESIAN_POINT('',(1.120734247426,0.140693800325,1.347443775378
    ));
#9262 = B_SPLINE_SURFACE_WITH_KNOTS('',1,1,(
    (#9263,#9264)
    ,(#9265,#9266
    )),.UNSPECIFIED.,.F.,.F.,.F.,(2,2),(2,2),(-2.084816657618E-03,
    6.101617184692E-02),(-3.113917645887E-02,2.023522241306E-02),
  .PIECEWISE_BEZIER_KNOTS.);
#9263 = CARTESIAN_POINT('',(1.064827287775,0.123386192793,1.347443775378
    ));
#9264 = CARTESIAN_POINT('',(1.064827287775,0.174760591665,1.347443775378
    ));
#9265 = CARTESIAN_POINT('',(1.127928276279,0.123386192793,1.347443775378
    ));
#9266 = CARTESIAN_POINT('',(1.127928276279,0.174760591665,1.347443775378
    ));
#9267 = ADVANCED_FACE('',(#9268),#9282,.F.);
#9268 = FACE_BOUND('',#9269,.T.);
#9269 = EDGE_LOOP('',(#9270,#9271,#9276,#9277));
#9270 = ORIENTED_EDGE('',*,*,#1376,.T.);
#9271 = ORIENTED_EDGE('',*,*,#9272,.F.);
#9272 = EDGE_CURVE('',#9150,#1366,#9273,.T.);
#9273 = B_SPLINE_CURVE_WITH_KNOTS('',1,(#9274,#9275),.UNSPECIFIED.,.F.,
  .F.,(2,2),(-0.,8.864761022221E-03),.PIECEWISE_BEZIER_KNOTS.);
#9274 = CARTESIAN_POINT('',(1.127928276279,0.140742190654,1.347443775378
    ));
#9275 = CARTESIAN_POINT('',(1.127928276279,0.140742190654,1.338579014355
    ));
#9276 = ORIENTED_EDGE('',*,*,#9147,.F.);
#9277 = ORIENTED_EDGE('',*,*,#9278,.T.);
#9278 = EDGE_CURVE('',#9148,#1377,#9279,.T.);
#9279 = B_SPLINE_CURVE_WITH_KNOTS('',1,(#9280,#9281),.UNSPECIFIED.,.F.,
  .F.,(2,2),(-0.,8.864761022221E-03),.PIECEWISE_BEZIER_KNOTS.);
#9280 = CARTESIAN_POINT('',(1.127928276279,0.123386192793,1.347443775378
    ));
#9281 = CARTESIAN_POINT('',(1.127928276279,0.123386192793,1.338579014355
    ));
#9282 = B_SPLINE_SURFACE_WITH_KNOTS('',1,1,(
    (#9283,#9284)
    ,(#9285,#9286
    )),.UNSPECIFIED.,.F.,.F.,.F.,(2,2),(2,2),(-8.864761022221E-03,0.),(
    -1.735599786068E-02,-7.381396346002E-17),.PIECEWISE_BEZIER_KNOTS.);
#9283 = CARTESIAN_POINT('',(1.127928276279,0.123386192793,1.338579014355
    ));
#9284 = CARTESIAN_POINT('',(1.127928276279,0.140742190654,1.338579014355
    ));
#9285 = CARTESIAN_POINT('',(1.127928276279,0.123386192793,1.347443775378
    ));
#9286 = CARTESIAN_POINT('',(1.127928276279,0.140742190654,1.347443775378
    ));
#9287 = ADVANCED_FACE('',(#9288),#9298,.F.);
#9288 = FACE_BOUND('',#9289,.F.);
#9289 = EDGE_LOOP('',(#9290,#9291,#9292,#9297));
#9290 = ORIENTED_EDGE('',*,*,#9272,.F.);
#9291 = ORIENTED_EDGE('',*,*,#9156,.T.);
#9292 = ORIENTED_EDGE('',*,*,#9293,.T.);
#9293 = EDGE_CURVE('',#9157,#1368,#9294,.T.);
#9294 = B_SPLINE_CURVE_WITH_KNOTS('',1,(#9295,#9296),.UNSPECIFIED.,.F.,
  .F.,(2,2),(-0.,8.864761022221E-03),.PIECEWISE_BEZIER_KNOTS.);
#9295 = CARTESIAN_POINT('',(1.119088976254,0.165243827038,1.347443775378
    ));
#9296 = CARTESIAN_POINT('',(1.119088976254,0.165243827038,1.338579014355
    ));
#9297 = ORIENTED_EDGE('',*,*,#1365,.F.);
#9298 = B_SPLINE_SURFACE_WITH_KNOTS('',3,1,(
    (#9299,#9300)
    ,(#9301,#9302)
    ,(#9303,#9304)
    ,(#9305,#9306
    )),.UNSPECIFIED.,.F.,.F.,.F.,(4,4),(2,2),(5.,6.),(0.,1.),
  .PIECEWISE_BEZIER_KNOTS.);
#9299 = CARTESIAN_POINT('',(1.127928276279,0.140742190654,1.347443775378
    ));
#9300 = CARTESIAN_POINT('',(1.127928276279,0.140742190654,1.338579014355
    ));
#9301 = CARTESIAN_POINT('',(1.127928276279,0.150726728456,1.347443775378
    ));
#9302 = CARTESIAN_POINT('',(1.127928276279,0.150726728456,1.338579014355
    ));
#9303 = CARTESIAN_POINT('',(1.124992596344,0.158904693991,1.347443775378
    ));
#9304 = CARTESIAN_POINT('',(1.124992596344,0.158904693991,1.338579014355
    ));
#9305 = CARTESIAN_POINT('',(1.119088976254,0.165243827038,1.347443775378
    ));
#9306 = CARTESIAN_POINT('',(1.119088976254,0.165243827038,1.338579014355
    ));
#9307 = ADVANCED_FACE('',(#9308),#9318,.F.);
#9308 = FACE_BOUND('',#9309,.F.);
#9309 = EDGE_LOOP('',(#9310,#9311,#9312,#9317));
#9310 = ORIENTED_EDGE('',*,*,#9293,.F.);
#9311 = ORIENTED_EDGE('',*,*,#9165,.T.);
#9312 = ORIENTED_EDGE('',*,*,#9313,.T.);
#9313 = EDGE_CURVE('',#9166,#1407,#9314,.T.);
#9314 = B_SPLINE_CURVE_WITH_KNOTS('',1,(#9315,#9316),.UNSPECIFIED.,.F.,
  .F.,(2,2),(-0.,8.864761022221E-03),.PIECEWISE_BEZIER_KNOTS.);
#9315 = CARTESIAN_POINT('',(1.09557127655,0.174760591665,1.347443775378)
  );
#9316 = CARTESIAN_POINT('',(1.09557127655,0.174760591665,1.338579014355)
  );
#9317 = ORIENTED_EDGE('',*,*,#1415,.F.);
#9318 = B_SPLINE_SURFACE_WITH_KNOTS('',3,1,(
    (#9319,#9320)
    ,(#9321,#9322)
    ,(#9323,#9324)
    ,(#9325,#9326
    )),.UNSPECIFIED.,.F.,.F.,.F.,(4,4),(2,2),(4.,5.),(0.,1.),
  .PIECEWISE_BEZIER_KNOTS.);
#9319 = CARTESIAN_POINT('',(1.119088976254,0.165243827038,1.347443775378
    ));
#9320 = CARTESIAN_POINT('',(1.119088976254,0.165243827038,1.338579014355
    ));
#9321 = CARTESIAN_POINT('',(1.113185356163,0.171582960086,1.347443775378
    ));
#9322 = CARTESIAN_POINT('',(1.113185356163,0.171582960086,1.338579014355
    ));
#9323 = CARTESIAN_POINT('',(1.105346122929,0.174760591665,1.347443775378
    ));
#9324 = CARTESIAN_POINT('',(1.105346122929,0.174760591665,1.338579014355
    ));
#9325 = CARTESIAN_POINT('',(1.09557127655,0.174760591665,1.347443775378)
  );
#9326 = CARTESIAN_POINT('',(1.09557127655,0.174760591665,1.338579014355)
  );
#9327 = ADVANCED_FACE('',(#9328),#9338,.F.);
#9328 = FACE_BOUND('',#9329,.F.);
#9329 = EDGE_LOOP('',(#9330,#9331,#9332,#9337));
#9330 = ORIENTED_EDGE('',*,*,#9313,.F.);
#9331 = ORIENTED_EDGE('',*,*,#9174,.T.);
#9332 = ORIENTED_EDGE('',*,*,#9333,.T.);
#9333 = EDGE_CURVE('',#9175,#1398,#9334,.T.);
#9334 = B_SPLINE_CURVE_WITH_KNOTS('',1,(#9335,#9336),.UNSPECIFIED.,.F.,
  .F.,(2,2),(-0.,8.864761022221E-03),.PIECEWISE_BEZIER_KNOTS.);
#9335 = CARTESIAN_POINT('',(1.073182684514,0.165243827038,1.347443775378
    ));
#9336 = CARTESIAN_POINT('',(1.073182684514,0.165243827038,1.338579014355
    ));
#9337 = ORIENTED_EDGE('',*,*,#1406,.F.);
#9338 = B_SPLINE_SURFACE_WITH_KNOTS('',3,1,(
    (#9339,#9340)
    ,(#9341,#9342)
    ,(#9343,#9344)
    ,(#9345,#9346
    )),.UNSPECIFIED.,.F.,.F.,.F.,(4,4),(2,2),(3.,4.),(0.,1.),
  .PIECEWISE_BEZIER_KNOTS.);
#9339 = CARTESIAN_POINT('',(1.09557127655,0.174760591665,1.347443775378)
  );
#9340 = CARTESIAN_POINT('',(1.09557127655,0.174760591665,1.338579014355)
  );
#9341 = CARTESIAN_POINT('',(1.08621581302,0.174760591665,1.347443775378)
  );
#9342 = CARTESIAN_POINT('',(1.08621581302,0.174760591665,1.338579014355)
  );
#9343 = CARTESIAN_POINT('',(1.078763702414,0.171582960086,1.347443775378
    ));
#9344 = CARTESIAN_POINT('',(1.078763702414,0.171582960086,1.338579014355
    ));
#9345 = CARTESIAN_POINT('',(1.073182684514,0.165243827038,1.347443775378
    ));
#9346 = CARTESIAN_POINT('',(1.073182684514,0.165243827038,1.338579014355
    ));
#9347 = ADVANCED_FACE('',(#9348),#9358,.F.);
#9348 = FACE_BOUND('',#9349,.F.);
#9349 = EDGE_LOOP('',(#9350,#9351,#9352,#9357));
#9350 = ORIENTED_EDGE('',*,*,#9333,.F.);
#9351 = ORIENTED_EDGE('',*,*,#9183,.T.);
#9352 = ORIENTED_EDGE('',*,*,#9353,.T.);
#9353 = EDGE_CURVE('',#9184,#1391,#9354,.T.);
#9354 = B_SPLINE_CURVE_WITH_KNOTS('',1,(#9355,#9356),.UNSPECIFIED.,.F.,
  .F.,(2,2),(-0.,8.864761022221E-03),.PIECEWISE_BEZIER_KNOTS.);
#9355 = CARTESIAN_POINT('',(1.064827287775,0.141387395035,1.347443775378
    ));
#9356 = CARTESIAN_POINT('',(1.064827287775,0.141387395035,1.338579014355
    ));
#9357 = ORIENTED_EDGE('',*,*,#1397,.F.);
#9358 = B_SPLINE_SURFACE_WITH_KNOTS('',3,1,(
    (#9359,#9360)
    ,(#9361,#9362)
    ,(#9363,#9364)
    ,(#9365,#9366
    )),.UNSPECIFIED.,.F.,.F.,.F.,(4,4),(2,2),(2.,3.),(0.,1.),
  .PIECEWISE_BEZIER_KNOTS.);
#9359 = CARTESIAN_POINT('',(1.073182684514,0.165243827038,1.347443775378
    ));
#9360 = CARTESIAN_POINT('',(1.073182684514,0.165243827038,1.338579014355
    ));
#9361 = CARTESIAN_POINT('',(1.067601666615,0.158904693991,1.347443775378
    ));
#9362 = CARTESIAN_POINT('',(1.067601666615,0.158904693991,1.338579014355
    ));
#9363 = CARTESIAN_POINT('',(1.064827287775,0.150952549989,1.347443775378
    ));
#9364 = CARTESIAN_POINT('',(1.064827287775,0.150952549989,1.338579014355
    ));
#9365 = CARTESIAN_POINT('',(1.064827287775,0.141387395035,1.347443775378
    ));
#9366 = CARTESIAN_POINT('',(1.064827287775,0.141387395035,1.338579014355
    ));
#9367 = ADVANCED_FACE('',(#9368),#9378,.F.);
#9368 = FACE_BOUND('',#9369,.T.);
#9369 = EDGE_LOOP('',(#9370,#9371,#9376,#9377));
#9370 = ORIENTED_EDGE('',*,*,#1390,.T.);
#9371 = ORIENTED_EDGE('',*,*,#9372,.F.);
#9372 = EDGE_CURVE('',#9193,#1384,#9373,.T.);
#9373 = B_SPLINE_CURVE_WITH_KNOTS('',1,(#9374,#9375),.UNSPECIFIED.,.F.,
  .F.,(2,2),(-0.,8.864761022221E-03),.PIECEWISE_BEZIER_KNOTS.);
#9374 = CARTESIAN_POINT('',(1.064827287775,0.123386192793,1.347443775378
    ));
#9375 = CARTESIAN_POINT('',(1.064827287775,0.123386192793,1.338579014355
    ));
#9376 = ORIENTED_EDGE('',*,*,#9192,.F.);
#9377 = ORIENTED_EDGE('',*,*,#9353,.T.);
#9378 = B_SPLINE_SURFACE_WITH_KNOTS('',1,1,(
    (#9379,#9380)
    ,(#9381,#9382
    )),.UNSPECIFIED.,.F.,.F.,.F.,(2,2),(2,2),(0.,1.800120224182E-02),(
    -8.864761022221E-03,0.),.PIECEWISE_BEZIER_KNOTS.);
#9379 = CARTESIAN_POINT('',(1.064827287775,0.123386192793,1.338579014355
    ));
#9380 = CARTESIAN_POINT('',(1.064827287775,0.123386192793,1.347443775378
    ));
#9381 = CARTESIAN_POINT('',(1.064827287775,0.141387395035,1.338579014355
    ));
#9382 = CARTESIAN_POINT('',(1.064827287775,0.141387395035,1.347443775378
    ));
#9383 = ADVANCED_FACE('',(#9384),#9390,.F.);
#9384 = FACE_BOUND('',#9385,.T.);
#9385 = EDGE_LOOP('',(#9386,#9387,#9388,#9389));
#9386 = ORIENTED_EDGE('',*,*,#1383,.T.);
#9387 = ORIENTED_EDGE('',*,*,#9278,.F.);
#9388 = ORIENTED_EDGE('',*,*,#9199,.F.);
#9389 = ORIENTED_EDGE('',*,*,#9372,.T.);
#9390 = B_SPLINE_SURFACE_WITH_KNOTS('',1,1,(
    (#9391,#9392)
    ,(#9393,#9394
    )),.UNSPECIFIED.,.F.,.F.,.F.,(2,2),(2,2),(-0.,6.310098850454E-02),(
    -8.864761022221E-03,0.),.PIECEWISE_BEZIER_KNOTS.);
#9391 = CARTESIAN_POINT('',(1.127928276279,0.123386192793,1.338579014355
    ));
#9392 = CARTESIAN_POINT('',(1.127928276279,0.123386192793,1.347443775378
    ));
#9393 = CARTESIAN_POINT('',(1.064827287775,0.123386192793,1.338579014355
    ));
#9394 = CARTESIAN_POINT('',(1.064827287775,0.123386192793,1.347443775378
    ));
#9395 = ADVANCED_FACE('',(#9396),#9418,.T.);
#9396 = FACE_BOUND('',#9397,.T.);
#9397 = EDGE_LOOP('',(#9398,#9407,#9412,#9413));
#9398 = ORIENTED_EDGE('',*,*,#9399,.F.);
#9399 = EDGE_CURVE('',#9400,#9402,#9404,.T.);
#9400 = VERTEX_POINT('',#9401);
#9401 = CARTESIAN_POINT('',(1.072085837066,0.141064792844,1.338579014355
    ));
#9402 = VERTEX_POINT('',#9403);
#9403 = CARTESIAN_POINT('',(1.072085837066,0.131531898108,1.338579014355
    ));
#9404 = B_SPLINE_CURVE_WITH_KNOTS('',1,(#9405,#9406),.UNSPECIFIED.,.F.,
  .F.,(2,2),(-2.460465448667E-17,9.532894735633E-03),
  .PIECEWISE_BEZIER_KNOTS.);
#9405 = CARTESIAN_POINT('',(1.072085837066,0.141064792844,1.338579014355
    ));
#9406 = CARTESIAN_POINT('',(1.072085837066,0.131531898108,1.338579014355
    ));
#9407 = ORIENTED_EDGE('',*,*,#9408,.F.);
#9408 = EDGE_CURVE('',#9216,#9400,#9409,.T.);
#9409 = B_SPLINE_CURVE_WITH_KNOTS('',1,(#9410,#9411),.UNSPECIFIED.,.F.,
  .F.,(2,2),(-0.,8.864761022221E-03),.PIECEWISE_BEZIER_KNOTS.);
#9410 = CARTESIAN_POINT('',(1.072085837066,0.141064792844,1.347443775378
    ));
#9411 = CARTESIAN_POINT('',(1.072085837066,0.141064792844,1.338579014355
    ));
#9412 = ORIENTED_EDGE('',*,*,#9215,.T.);
#9413 = ORIENTED_EDGE('',*,*,#9414,.T.);
#9414 = EDGE_CURVE('',#9207,#9402,#9415,.T.);
#9415 = B_SPLINE_CURVE_WITH_KNOTS('',1,(#9416,#9417),.UNSPECIFIED.,.F.,
  .F.,(2,2),(-0.,8.864761022221E-03),.PIECEWISE_BEZIER_KNOTS.);
#9416 = CARTESIAN_POINT('',(1.072085837066,0.131531898108,1.347443775378
    ));
#9417 = CARTESIAN_POINT('',(1.072085837066,0.131531898108,1.338579014355
    ));
#9418 = B_SPLINE_SURFACE_WITH_KNOTS('',1,1,(
    (#9419,#9420)
    ,(#9421,#9422
    )),.UNSPECIFIED.,.F.,.F.,.F.,(2,2),(2,2),(0.,8.864761022221E-03),(
    -9.532894735633E-03,2.775557561563E-17),.PIECEWISE_BEZIER_KNOTS.);
#9419 = CARTESIAN_POINT('',(1.072085837066,0.131531898108,1.347443775378
    ));
#9420 = CARTESIAN_POINT('',(1.072085837066,0.141064792844,1.347443775378
    ));
#9421 = CARTESIAN_POINT('',(1.072085837066,0.131531898108,1.338579014355
    ));
#9422 = CARTESIAN_POINT('',(1.072085837066,0.141064792844,1.338579014355
    ));
#9423 = ADVANCED_FACE('',(#9424),#9440,.T.);
#9424 = FACE_BOUND('',#9425,.T.);
#9425 = EDGE_LOOP('',(#9426,#9433,#9434,#9435));
#9426 = ORIENTED_EDGE('',*,*,#9427,.F.);
#9427 = EDGE_CURVE('',#9402,#9428,#9430,.T.);
#9428 = VERTEX_POINT('',#9429);
#9429 = CARTESIAN_POINT('',(1.120734247426,0.131531898108,1.338579014355
    ));
#9430 = B_SPLINE_CURVE_WITH_KNOTS('',1,(#9431,#9432),.UNSPECIFIED.,.F.,
  .F.,(2,2),(0.,4.864841036046E-02),.PIECEWISE_BEZIER_KNOTS.);
#9431 = CARTESIAN_POINT('',(1.072085837066,0.131531898108,1.338579014355
    ));
#9432 = CARTESIAN_POINT('',(1.120734247426,0.131531898108,1.338579014355
    ));
#9433 = ORIENTED_EDGE('',*,*,#9414,.F.);
#9434 = ORIENTED_EDGE('',*,*,#9206,.T.);
#9435 = ORIENTED_EDGE('',*,*,#9436,.T.);
#9436 = EDGE_CURVE('',#9209,#9428,#9437,.T.);
#9437 = B_SPLINE_CURVE_WITH_KNOTS('',1,(#9438,#9439),.UNSPECIFIED.,.F.,
  .F.,(2,2),(-0.,8.864761022221E-03),.PIECEWISE_BEZIER_KNOTS.);
#9438 = CARTESIAN_POINT('',(1.120734247426,0.131531898108,1.347443775378
    ));
#9439 = CARTESIAN_POINT('',(1.120734247426,0.131531898108,1.338579014355
    ));
#9440 = B_SPLINE_SURFACE_WITH_KNOTS('',1,1,(
    (#9441,#9442)
    ,(#9443,#9444
    )),.UNSPECIFIED.,.F.,.F.,.F.,(2,2),(2,2),(-4.864841036046E-02,0.),(
    -8.864761022221E-03,0.),.PIECEWISE_BEZIER_KNOTS.);
#9441 = CARTESIAN_POINT('',(1.120734247426,0.131531898108,1.338579014355
    ));
#9442 = CARTESIAN_POINT('',(1.120734247426,0.131531898108,1.347443775378
    ));
#9443 = CARTESIAN_POINT('',(1.072085837066,0.131531898108,1.338579014355
    ));
#9444 = CARTESIAN_POINT('',(1.072085837066,0.131531898108,1.347443775378
    ));
#9445 = ADVANCED_FACE('',(#9446),#9462,.T.);
#9446 = FACE_BOUND('',#9447,.T.);
#9447 = EDGE_LOOP('',(#9448,#9455,#9456,#9457));
#9448 = ORIENTED_EDGE('',*,*,#9449,.F.);
#9449 = EDGE_CURVE('',#9428,#9450,#9452,.T.);
#9450 = VERTEX_POINT('',#9451);
#9451 = CARTESIAN_POINT('',(1.120734247426,0.140693800325,1.338579014355
    ));
#9452 = B_SPLINE_CURVE_WITH_KNOTS('',1,(#9453,#9454),.UNSPECIFIED.,.F.,
  .F.,(2,2),(0.,9.1619022163E-03),.PIECEWISE_BEZIER_KNOTS.);
#9453 = CARTESIAN_POINT('',(1.120734247426,0.131531898108,1.338579014355
    ));
#9454 = CARTESIAN_POINT('',(1.120734247426,0.140693800325,1.338579014355
    ));
#9455 = ORIENTED_EDGE('',*,*,#9436,.F.);
#9456 = ORIENTED_EDGE('',*,*,#9258,.T.);
#9457 = ORIENTED_EDGE('',*,*,#9458,.T.);
#9458 = EDGE_CURVE('',#9250,#9450,#9459,.T.);
#9459 = B_SPLINE_CURVE_WITH_KNOTS('',1,(#9460,#9461),.UNSPECIFIED.,.F.,
  .F.,(2,2),(-0.,8.864761022221E-03),.PIECEWISE_BEZIER_KNOTS.);
#9460 = CARTESIAN_POINT('',(1.120734247426,0.140693800325,1.347443775378
    ));
#9461 = CARTESIAN_POINT('',(1.120734247426,0.140693800325,1.338579014355
    ));
#9462 = B_SPLINE_SURFACE_WITH_KNOTS('',1,1,(
    (#9463,#9464)
    ,(#9465,#9466
    )),.UNSPECIFIED.,.F.,.F.,.F.,(2,2),(2,2),(-9.1619022163E-03,0.),(
    -8.864761022221E-03,0.),.PIECEWISE_BEZIER_KNOTS.);
#9463 = CARTESIAN_POINT('',(1.120734247426,0.140693800325,1.338579014355
    ));
#9464 = CARTESIAN_POINT('',(1.120734247426,0.140693800325,1.347443775378
    ));
#9465 = CARTESIAN_POINT('',(1.120734247426,0.131531898108,1.338579014355
    ));
#9466 = CARTESIAN_POINT('',(1.120734247426,0.131531898108,1.347443775378
    ));
#9467 = ADVANCED_FACE('',(#9468),#9486,.T.);
#9468 = FACE_BOUND('',#9469,.T.);
#9469 = EDGE_LOOP('',(#9470,#9479,#9480,#9481));
#9470 = ORIENTED_EDGE('',*,*,#9471,.F.);
#9471 = EDGE_CURVE('',#9450,#9472,#9474,.T.);
#9472 = VERTEX_POINT('',#9473);
#9473 = CARTESIAN_POINT('',(1.114153162736,0.159453117715,1.338579014355
    ));
#9474 = B_SPLINE_CURVE_WITH_KNOTS('',3,(#9475,#9476,#9477,#9478),
  .UNSPECIFIED.,.F.,.F.,(4,4),(2.,3.),.PIECEWISE_BEZIER_KNOTS.);
#9475 = CARTESIAN_POINT('',(1.120734247426,0.140693800325,1.338579014355
    ));
#9476 = CARTESIAN_POINT('',(1.120734247426,0.148710464764,1.338579014355
    ));
#9477 = CARTESIAN_POINT('',(1.11854055253,0.154968947264,1.338579014355)
  );
#9478 = CARTESIAN_POINT('',(1.114153162736,0.159453117715,1.338579014355
    ));
#9479 = ORIENTED_EDGE('',*,*,#9458,.F.);
#9480 = ORIENTED_EDGE('',*,*,#9249,.T.);
#9481 = ORIENTED_EDGE('',*,*,#9482,.T.);
#9482 = EDGE_CURVE('',#9241,#9472,#9483,.T.);
#9483 = B_SPLINE_CURVE_WITH_KNOTS('',1,(#9484,#9485),.UNSPECIFIED.,.F.,
  .F.,(2,2),(-0.,8.864761022221E-03),.PIECEWISE_BEZIER_KNOTS.);
#9484 = CARTESIAN_POINT('',(1.114153162736,0.159453117715,1.347443775378
    ));
#9485 = CARTESIAN_POINT('',(1.114153162736,0.159453117715,1.338579014355
    ));
#9486 = B_SPLINE_SURFACE_WITH_KNOTS('',3,1,(
    (#9487,#9488)
    ,(#9489,#9490)
    ,(#9491,#9492)
    ,(#9493,#9494
    )),.UNSPECIFIED.,.F.,.F.,.F.,(4,4),(2,2),(2.,3.),(0.,1.),
  .PIECEWISE_BEZIER_KNOTS.);
#9487 = CARTESIAN_POINT('',(1.120734247426,0.140693800325,1.347443775378
    ));
#9488 = CARTESIAN_POINT('',(1.120734247426,0.140693800325,1.338579014355
    ));
#9489 = CARTESIAN_POINT('',(1.120734247426,0.148710464764,1.347443775378
    ));
#9490 = CARTESIAN_POINT('',(1.120734247426,0.148710464764,1.338579014355
    ));
#9491 = CARTESIAN_POINT('',(1.11854055253,0.154968947264,1.347443775378)
  );
#9492 = CARTESIAN_POINT('',(1.11854055253,0.154968947264,1.338579014355)
  );
#9493 = CARTESIAN_POINT('',(1.114153162736,0.159453117715,1.347443775378
    ));
#9494 = CARTESIAN_POINT('',(1.114153162736,0.159453117715,1.338579014355
    ));
#9495 = ADVANCED_FACE('',(#9496),#9514,.T.);
#9496 = FACE_BOUND('',#9497,.T.);
#9497 = EDGE_LOOP('',(#9498,#9507,#9508,#9509));
#9498 = ORIENTED_EDGE('',*,*,#9499,.F.);
#9499 = EDGE_CURVE('',#9472,#9500,#9502,.T.);
#9500 = VERTEX_POINT('',#9501);
#9501 = CARTESIAN_POINT('',(1.095797098084,0.166195503501,1.338579014355
    ));
#9502 = B_SPLINE_CURVE_WITH_KNOTS('',3,(#9503,#9504,#9505,#9506),
  .UNSPECIFIED.,.F.,.F.,(4,4),(3.,4.),.PIECEWISE_BEZIER_KNOTS.);
#9503 = CARTESIAN_POINT('',(1.114153162736,0.159453117715,1.338579014355
    ));
#9504 = CARTESIAN_POINT('',(1.109798033161,0.163953418276,1.338579014355
    ));
#9505 = CARTESIAN_POINT('',(1.103668591537,0.166195503501,1.338579014355
    ));
#9506 = CARTESIAN_POINT('',(1.095797098084,0.166195503501,1.338579014355
    ));
#9507 = ORIENTED_EDGE('',*,*,#9482,.F.);
#9508 = ORIENTED_EDGE('',*,*,#9240,.T.);
#9509 = ORIENTED_EDGE('',*,*,#9510,.T.);
#9510 = EDGE_CURVE('',#9232,#9500,#9511,.T.);
#9511 = B_SPLINE_CURVE_WITH_KNOTS('',1,(#9512,#9513),.UNSPECIFIED.,.F.,
  .F.,(2,2),(-0.,8.864761022221E-03),.PIECEWISE_BEZIER_KNOTS.);
#9512 = CARTESIAN_POINT('',(1.095797098084,0.166195503501,1.347443775378
    ));
#9513 = CARTESIAN_POINT('',(1.095797098084,0.166195503501,1.338579014355
    ));
#9514 = B_SPLINE_SURFACE_WITH_KNOTS('',3,1,(
    (#9515,#9516)
    ,(#9517,#9518)
    ,(#9519,#9520)
    ,(#9521,#9522
    )),.UNSPECIFIED.,.F.,.F.,.F.,(4,4),(2,2),(3.,4.),(0.,1.),
  .PIECEWISE_BEZIER_KNOTS.);
#9515 = CARTESIAN_POINT('',(1.114153162736,0.159453117715,1.347443775378
    ));
#9516 = CARTESIAN_POINT('',(1.114153162736,0.159453117715,1.338579014355
    ));
#9517 = CARTESIAN_POINT('',(1.109798033161,0.163953418276,1.347443775378
    ));
#9518 = CARTESIAN_POINT('',(1.109798033161,0.163953418276,1.338579014355
    ));
#9519 = CARTESIAN_POINT('',(1.103668591537,0.166195503501,1.347443775378
    ));
#9520 = CARTESIAN_POINT('',(1.103668591537,0.166195503501,1.338579014355
    ));
#9521 = CARTESIAN_POINT('',(1.095797098084,0.166195503501,1.347443775378
    ));
#9522 = CARTESIAN_POINT('',(1.095797098084,0.166195503501,1.338579014355
    ));
#9523 = ADVANCED_FACE('',(#9524),#9542,.T.);
#9524 = FACE_BOUND('',#9525,.T.);
#9525 = EDGE_LOOP('',(#9526,#9535,#9536,#9537));
#9526 = ORIENTED_EDGE('',*,*,#9527,.F.);
#9527 = EDGE_CURVE('',#9500,#9528,#9530,.T.);
#9528 = VERTEX_POINT('',#9529);
#9529 = CARTESIAN_POINT('',(1.078021717375,0.15927568651,1.338579014355)
  );
#9530 = B_SPLINE_CURVE_WITH_KNOTS('',3,(#9531,#9532,#9533,#9534),
  .UNSPECIFIED.,.F.,.F.,(4,4),(4.,5.),.PIECEWISE_BEZIER_KNOTS.);
#9531 = CARTESIAN_POINT('',(1.095797098084,0.166195503501,1.338579014355
    ));
#9532 = CARTESIAN_POINT('',(1.08792560463,0.166195503501,1.338579014355)
  );
#9533 = CARTESIAN_POINT('',(1.081989724321,0.163888897837,1.338579014355
    ));
#9534 = CARTESIAN_POINT('',(1.078021717375,0.15927568651,1.338579014355)
  );
#9535 = ORIENTED_EDGE('',*,*,#9510,.F.);
#9536 = ORIENTED_EDGE('',*,*,#9231,.T.);
#9537 = ORIENTED_EDGE('',*,*,#9538,.T.);
#9538 = EDGE_CURVE('',#9223,#9528,#9539,.T.);
#9539 = B_SPLINE_CURVE_WITH_KNOTS('',1,(#9540,#9541),.UNSPECIFIED.,.F.,
  .F.,(2,2),(-0.,8.864761022221E-03),.PIECEWISE_BEZIER_KNOTS.);
#9540 = CARTESIAN_POINT('',(1.078021717375,0.15927568651,1.347443775378)
  );
#9541 = CARTESIAN_POINT('',(1.078021717375,0.15927568651,1.338579014355)
  );
#9542 = B_SPLINE_SURFACE_WITH_KNOTS('',3,1,(
    (#9543,#9544)
    ,(#9545,#9546)
    ,(#9547,#9548)
    ,(#9549,#9550
    )),.UNSPECIFIED.,.F.,.F.,.F.,(4,4),(2,2),(4.,5.),(0.,1.),
  .PIECEWISE_BEZIER_KNOTS.);
#9543 = CARTESIAN_POINT('',(1.095797098084,0.166195503501,1.347443775378
    ));
#9544 = CARTESIAN_POINT('',(1.095797098084,0.166195503501,1.338579014355
    ));
#9545 = CARTESIAN_POINT('',(1.08792560463,0.166195503501,1.347443775378)
  );
#9546 = CARTESIAN_POINT('',(1.08792560463,0.166195503501,1.338579014355)
  );
#9547 = CARTESIAN_POINT('',(1.081989724321,0.163888897837,1.347443775378
    ));
#9548 = CARTESIAN_POINT('',(1.081989724321,0.163888897837,1.338579014355
    ));
#9549 = CARTESIAN_POINT('',(1.078021717375,0.15927568651,1.347443775378)
  );
#9550 = CARTESIAN_POINT('',(1.078021717375,0.15927568651,1.338579014355)
  );
#9551 = ADVANCED_FACE('',(#9552),#9564,.T.);
#9552 = FACE_BOUND('',#9553,.T.);
#9553 = EDGE_LOOP('',(#9554,#9561,#9562,#9563));
#9554 = ORIENTED_EDGE('',*,*,#9555,.F.);
#9555 = EDGE_CURVE('',#9528,#9400,#9556,.T.);
#9556 = B_SPLINE_CURVE_WITH_KNOTS('',3,(#9557,#9558,#9559,#9560),
  .UNSPECIFIED.,.F.,.F.,(4,4),(5.,6.),.PIECEWISE_BEZIER_KNOTS.);
#9557 = CARTESIAN_POINT('',(1.078021717375,0.15927568651,1.338579014355)
  );
#9558 = CARTESIAN_POINT('',(1.07405371043,0.154662475183,1.338579014355)
  );
#9559 = CARTESIAN_POINT('',(1.072085837066,0.148581423888,1.338579014355
    ));
#9560 = CARTESIAN_POINT('',(1.072085837066,0.141064792844,1.338579014355
    ));
#9561 = ORIENTED_EDGE('',*,*,#9538,.F.);
#9562 = ORIENTED_EDGE('',*,*,#9222,.T.);
#9563 = ORIENTED_EDGE('',*,*,#9408,.T.);
#9564 = B_SPLINE_SURFACE_WITH_KNOTS('',3,1,(
    (#9565,#9566)
    ,(#9567,#9568)
    ,(#9569,#9570)
    ,(#9571,#9572
    )),.UNSPECIFIED.,.F.,.F.,.F.,(4,4),(2,2),(5.,6.),(0.,1.),
  .PIECEWISE_BEZIER_KNOTS.);
#9565 = CARTESIAN_POINT('',(1.078021717375,0.15927568651,1.347443775378)
  );
#9566 = CARTESIAN_POINT('',(1.078021717375,0.15927568651,1.338579014355)
  );
#9567 = CARTESIAN_POINT('',(1.07405371043,0.154662475183,1.347443775378)
  );
#9568 = CARTESIAN_POINT('',(1.07405371043,0.154662475183,1.338579014355)
  );
#9569 = CARTESIAN_POINT('',(1.072085837066,0.148581423888,1.347443775378
    ));
#9570 = CARTESIAN_POINT('',(1.072085837066,0.148581423888,1.338579014355
    ));
#9571 = CARTESIAN_POINT('',(1.072085837066,0.141064792844,1.347443775378
    ));
#9572 = CARTESIAN_POINT('',(1.072085837066,0.141064792844,1.338579014355
    ));
#9573 = ADVANCED_FACE('',(#9574),#9583,.T.);
#9574 = FACE_BOUND('',#9575,.T.);
#9575 = EDGE_LOOP('',(#9576,#9577,#9578,#9579,#9580,#9581,#9582));
#9576 = ORIENTED_EDGE('',*,*,#9399,.T.);
#9577 = ORIENTED_EDGE('',*,*,#9427,.T.);
#9578 = ORIENTED_EDGE('',*,*,#9449,.T.);
#9579 = ORIENTED_EDGE('',*,*,#9471,.T.);
#9580 = ORIENTED_EDGE('',*,*,#9499,.T.);
#9581 = ORIENTED_EDGE('',*,*,#9527,.T.);
#9582 = ORIENTED_EDGE('',*,*,#9555,.T.);
#9583 = B_SPLINE_SURFACE_WITH_KNOTS('',1,1,(
    (#9584,#9585)
    ,(#9586,#9587
    )),.UNSPECIFIED.,.F.,.F.,.F.,(2,2),(2,2),(1.072085837066,
    1.120734247426),(0.131531898108,0.166195503501),
  .PIECEWISE_BEZIER_KNOTS.);
#9584 = CARTESIAN_POINT('',(1.072085837066,0.131531898108,1.338579014355
    ));
#9585 = CARTESIAN_POINT('',(1.072085837066,0.166195503501,1.338579014355
    ));
#9586 = CARTESIAN_POINT('',(1.120734247426,0.131531898108,1.338579014355
    ));
#9587 = CARTESIAN_POINT('',(1.120734247426,0.166195503501,1.338579014355
    ));
#9588 = ADVANCED_FACE('',(#9589,#9647),#9695,.F.);
#9589 = FACE_BOUND('',#9590,.T.);
#9590 = EDGE_LOOP('',(#9591,#9600,#9607,#9614,#9621,#9628,#9635,#9642));
#9591 = ORIENTED_EDGE('',*,*,#9592,.T.);
#9592 = EDGE_CURVE('',#9593,#9595,#9597,.T.);
#9593 = VERTEX_POINT('',#9594);
#9594 = CARTESIAN_POINT('',(1.127928276279,0.235038811,1.347443775378));
#9595 = VERTEX_POINT('',#9596);
#9596 = CARTESIAN_POINT('',(1.064827287775,0.211004947792,1.347443775378
    ));
#9597 = B_SPLINE_CURVE_WITH_KNOTS('',1,(#9598,#9599),.UNSPECIFIED.,.F.,
  .F.,(2,2),(-6.752304296285E-02,-0.),.PIECEWISE_BEZIER_KNOTS.);
#9598 = CARTESIAN_POINT('',(1.127928276279,0.235038811,1.347443775378));
#9599 = CARTESIAN_POINT('',(1.064827287775,0.211004947792,1.347443775378
    ));
#9600 = ORIENTED_EDGE('',*,*,#9601,.T.);
#9601 = EDGE_CURVE('',#9595,#9602,#9604,.T.);
#9602 = VERTEX_POINT('',#9603);
#9603 = CARTESIAN_POINT('',(1.064827287775,0.202294688642,1.347443775378
    ));
#9604 = B_SPLINE_CURVE_WITH_KNOTS('',1,(#9605,#9606),.UNSPECIFIED.,.F.,
  .F.,(2,2),(-8.710259149808E-03,-0.),.PIECEWISE_BEZIER_KNOTS.);
#9605 = CARTESIAN_POINT('',(1.064827287775,0.211004947792,1.347443775378
    ));
#9606 = CARTESIAN_POINT('',(1.064827287775,0.202294688642,1.347443775378
    ));
#9607 = ORIENTED_EDGE('',*,*,#9608,.T.);
#9608 = EDGE_CURVE('',#9602,#9609,#9611,.T.);
#9609 = VERTEX_POINT('',#9610);
#9610 = CARTESIAN_POINT('',(1.127928276279,0.178260825434,1.347443775378
    ));
#9611 = B_SPLINE_CURVE_WITH_KNOTS('',1,(#9612,#9613),.UNSPECIFIED.,.F.,
  .F.,(2,2),(-6.752304296301E-02,0.),.PIECEWISE_BEZIER_KNOTS.);
#9612 = CARTESIAN_POINT('',(1.064827287775,0.202294688642,1.347443775378
    ));
#9613 = CARTESIAN_POINT('',(1.127928276279,0.178260825434,1.347443775378
    ));
#9614 = ORIENTED_EDGE('',*,*,#9615,.T.);
#9615 = EDGE_CURVE('',#9609,#9616,#9618,.T.);
#9616 = VERTEX_POINT('',#9617);
#9617 = CARTESIAN_POINT('',(1.127928276279,0.187261426555,1.347443775378
    ));
#9618 = B_SPLINE_CURVE_WITH_KNOTS('',1,(#9619,#9620),.UNSPECIFIED.,.F.,
  .F.,(2,2),(-9.000601121123E-03,0.),.PIECEWISE_BEZIER_KNOTS.);
#9619 = CARTESIAN_POINT('',(1.127928276279,0.178260825434,1.347443775378
    ));
#9620 = CARTESIAN_POINT('',(1.127928276279,0.187261426555,1.347443775378
    ));
#9621 = ORIENTED_EDGE('',*,*,#9622,.T.);
#9622 = EDGE_CURVE('',#9616,#9623,#9625,.T.);
#9623 = VERTEX_POINT('',#9624);
#9624 = CARTESIAN_POINT('',(1.110669059076,0.19332634774,1.347443775378)
  );
#9625 = B_SPLINE_CURVE_WITH_KNOTS('',1,(#9626,#9627),.UNSPECIFIED.,.F.,
  .F.,(2,2),(-1.829381992509E-02,0.),.PIECEWISE_BEZIER_KNOTS.);
#9626 = CARTESIAN_POINT('',(1.127928276279,0.187261426555,1.347443775378
    ));
#9627 = CARTESIAN_POINT('',(1.110669059076,0.19332634774,1.347443775378)
  );
#9628 = ORIENTED_EDGE('',*,*,#9629,.T.);
#9629 = EDGE_CURVE('',#9623,#9630,#9632,.T.);
#9630 = VERTEX_POINT('',#9631);
#9631 = CARTESIAN_POINT('',(1.110669059076,0.219602296174,1.347443775378
    ));
#9632 = B_SPLINE_CURVE_WITH_KNOTS('',1,(#9633,#9634),.UNSPECIFIED.,.F.,
  .F.,(2,2),(-2.627594843422E-02,0.),.PIECEWISE_BEZIER_KNOTS.);
#9633 = CARTESIAN_POINT('',(1.110669059076,0.19332634774,1.347443775378)
  );
#9634 = CARTESIAN_POINT('',(1.110669059076,0.219602296174,1.347443775378
    ));
#9635 = ORIENTED_EDGE('',*,*,#9636,.T.);
#9636 = EDGE_CURVE('',#9630,#9637,#9639,.T.);
#9637 = VERTEX_POINT('',#9638);
#9638 = CARTESIAN_POINT('',(1.127928276279,0.22603820988,1.347443775378)
  );
#9639 = B_SPLINE_CURVE_WITH_KNOTS('',1,(#9640,#9641),.UNSPECIFIED.,.F.,
  .F.,(2,2),(-1.842014016469E-02,0.),.PIECEWISE_BEZIER_KNOTS.);
#9640 = CARTESIAN_POINT('',(1.110669059076,0.219602296174,1.347443775378
    ));
#9641 = CARTESIAN_POINT('',(1.127928276279,0.22603820988,1.347443775378)
  );
#9642 = ORIENTED_EDGE('',*,*,#9643,.T.);
#9643 = EDGE_CURVE('',#9637,#9593,#9644,.T.);
#9644 = B_SPLINE_CURVE_WITH_KNOTS('',1,(#9645,#9646),.UNSPECIFIED.,.F.,
  .F.,(2,2),(-9.000601120693E-03,0.),.PIECEWISE_BEZIER_KNOTS.);
#9645 = CARTESIAN_POINT('',(1.127928276279,0.22603820988,1.347443775378)
  );
#9646 = CARTESIAN_POINT('',(1.127928276279,0.235038811,1.347443775378));
#9647 = FACE_BOUND('',#9648,.T.);
#9648 = EDGE_LOOP('',(#9649,#9658,#9665,#9674,#9681,#9690));
#9649 = ORIENTED_EDGE('',*,*,#9650,.F.);
#9650 = EDGE_CURVE('',#9651,#9653,#9655,.T.);
#9651 = VERTEX_POINT('',#9652);
#9652 = CARTESIAN_POINT('',(1.103539550661,0.195907165266,1.347443775378
    ));
#9653 = VERTEX_POINT('',#9654);
#9654 = CARTESIAN_POINT('',(1.103539550661,0.217085999087,1.347443775378
    ));
#9655 = B_SPLINE_CURVE_WITH_KNOTS('',1,(#9656,#9657),.UNSPECIFIED.,.F.,
  .F.,(2,2),(0.,2.117883382065E-02),.PIECEWISE_BEZIER_KNOTS.);
#9656 = CARTESIAN_POINT('',(1.103539550661,0.195907165266,1.347443775378
    ));
#9657 = CARTESIAN_POINT('',(1.103539550661,0.217085999087,1.347443775378
    ));
#9658 = ORIENTED_EDGE('',*,*,#9659,.F.);
#9659 = EDGE_CURVE('',#9660,#9651,#9662,.T.);
#9660 = VERTEX_POINT('',#9661);
#9661 = CARTESIAN_POINT('',(1.077311992555,0.205343279345,1.347443775378
    ));
#9662 = B_SPLINE_CURVE_WITH_KNOTS('',1,(#9663,#9664),.UNSPECIFIED.,.F.,
  .F.,(2,2),(2.018738177718E-16,2.787337534424E-02),
  .PIECEWISE_BEZIER_KNOTS.);
#9663 = CARTESIAN_POINT('',(1.077311992555,0.205343279345,1.347443775378
    ));
#9664 = CARTESIAN_POINT('',(1.103539550661,0.195907165266,1.347443775378
    ));
#9665 = ORIENTED_EDGE('',*,*,#9666,.F.);
#9666 = EDGE_CURVE('',#9667,#9660,#9669,.T.);
#9667 = VERTEX_POINT('',#9668);
#9668 = CARTESIAN_POINT('',(1.072892342543,0.206375606355,1.347443775378
    ));
#9669 = B_SPLINE_CURVE_WITH_KNOTS('',3,(#9670,#9671,#9672,#9673),
  .UNSPECIFIED.,.F.,.F.,(4,4),(3.,4.),.PIECEWISE_BEZIER_KNOTS.);
#9670 = CARTESIAN_POINT('',(1.072892342543,0.206375606355,1.347443775378
    ));
#9671 = CARTESIAN_POINT('',(1.074795695468,0.206069134274,1.347443775378
    ));
#9672 = CARTESIAN_POINT('',(1.076279665546,0.205730401974,1.347443775378
    ));
#9673 = CARTESIAN_POINT('',(1.077311992555,0.205343279345,1.347443775378
    ));
#9674 = ORIENTED_EDGE('',*,*,#9675,.F.);
#9675 = EDGE_CURVE('',#9676,#9667,#9678,.T.);
#9676 = VERTEX_POINT('',#9677);
#9677 = CARTESIAN_POINT('',(1.072892342543,0.20656916767,1.347443775378)
  );
#9678 = B_SPLINE_CURVE_WITH_KNOTS('',1,(#9679,#9680),.UNSPECIFIED.,.F.,
  .F.,(2,2),(4.920930897335E-17,1.935613146413E-04),
  .PIECEWISE_BEZIER_KNOTS.);
#9679 = CARTESIAN_POINT('',(1.072892342543,0.20656916767,1.347443775378)
  );
#9680 = CARTESIAN_POINT('',(1.072892342543,0.206375606355,1.347443775378
    ));
#9681 = ORIENTED_EDGE('',*,*,#9682,.F.);
#9682 = EDGE_CURVE('',#9683,#9676,#9685,.T.);
#9683 = VERTEX_POINT('',#9684);
#9684 = CARTESIAN_POINT('',(1.077311992555,0.207553104351,1.347443775378
    ));
#9685 = B_SPLINE_CURVE_WITH_KNOTS('',3,(#9686,#9687,#9688,#9689),
  .UNSPECIFIED.,.F.,.F.,(4,4),(1.,2.),.PIECEWISE_BEZIER_KNOTS.);
#9686 = CARTESIAN_POINT('',(1.077311992555,0.207553104351,1.347443775378
    ));
#9687 = CARTESIAN_POINT('',(1.076440966641,0.20724663227,1.347443775378)
  );
#9688 = CARTESIAN_POINT('',(1.074989256782,0.206924030079,1.347443775378
    ));
#9689 = CARTESIAN_POINT('',(1.072892342543,0.20656916767,1.347443775378)
  );
#9690 = ORIENTED_EDGE('',*,*,#9691,.F.);
#9691 = EDGE_CURVE('',#9653,#9683,#9692,.T.);
#9692 = B_SPLINE_CURVE_WITH_KNOTS('',1,(#9693,#9694),.UNSPECIFIED.,.F.,
  .F.,(2,2),(0.,2.790628757529E-02),.PIECEWISE_BEZIER_KNOTS.);
#9693 = CARTESIAN_POINT('',(1.103539550661,0.217085999087,1.347443775378
    ));
#9694 = CARTESIAN_POINT('',(1.077311992555,0.207553104351,1.347443775378
    ));
#9695 = B_SPLINE_SURFACE_WITH_KNOTS('',1,1,(
    (#9696,#9697)
    ,(#9698,#9699
    )),.UNSPECIFIED.,.F.,.F.,.F.,(2,2),(2,2),(-1.127928276279,
    -1.064827287775),(0.178260825434,0.235038811),
  .PIECEWISE_BEZIER_KNOTS.);
#9696 = CARTESIAN_POINT('',(1.127928276279,0.178260825434,1.347443775378
    ));
#9697 = CARTESIAN_POINT('',(1.127928276279,0.235038811,1.347443775378));
#9698 = CARTESIAN_POINT('',(1.064827287775,0.178260825434,1.347443775378
    ));
#9699 = CARTESIAN_POINT('',(1.064827287775,0.235038811,1.347443775378));
#9700 = ADVANCED_FACE('',(#9701),#9715,.F.);
#9701 = FACE_BOUND('',#9702,.T.);
#9702 = EDGE_LOOP('',(#9703,#9704,#9709,#9710));
#9703 = ORIENTED_EDGE('',*,*,#267,.T.);
#9704 = ORIENTED_EDGE('',*,*,#9705,.F.);
#9705 = EDGE_CURVE('',#9595,#259,#9706,.T.);
#9706 = B_SPLINE_CURVE_WITH_KNOTS('',1,(#9707,#9708),.UNSPECIFIED.,.F.,
  .F.,(2,2),(-0.,8.864761022221E-03),.PIECEWISE_BEZIER_KNOTS.);
#9707 = CARTESIAN_POINT('',(1.064827287775,0.211004947792,1.347443775378
    ));
#9708 = CARTESIAN_POINT('',(1.064827287775,0.211004947792,1.338579014355
    ));
#9709 = ORIENTED_EDGE('',*,*,#9592,.F.);
#9710 = ORIENTED_EDGE('',*,*,#9711,.T.);
#9711 = EDGE_CURVE('',#9593,#268,#9712,.T.);
#9712 = B_SPLINE_CURVE_WITH_KNOTS('',1,(#9713,#9714),.UNSPECIFIED.,.F.,
  .F.,(2,2),(-0.,8.864761022221E-03),.PIECEWISE_BEZIER_KNOTS.);
#9713 = CARTESIAN_POINT('',(1.127928276279,0.235038811,1.347443775378));
#9714 = CARTESIAN_POINT('',(1.127928276279,0.235038811,1.338579014355));
#9715 = B_SPLINE_SURFACE_WITH_KNOTS('',1,1,(
    (#9716,#9717)
    ,(#9718,#9719
    )),.UNSPECIFIED.,.F.,.F.,.F.,(2,2),(2,2),(0.,6.752304296285E-02),(
    -8.864761022221E-03,0.),.PIECEWISE_BEZIER_KNOTS.);
#9716 = CARTESIAN_POINT('',(1.064827287775,0.211004947792,1.338579014355
    ));
#9717 = CARTESIAN_POINT('',(1.064827287775,0.211004947792,1.347443775378
    ));
#9718 = CARTESIAN_POINT('',(1.127928276279,0.235038811,1.338579014355));
#9719 = CARTESIAN_POINT('',(1.127928276279,0.235038811,1.347443775378));
#9720 = ADVANCED_FACE('',(#9721),#9731,.F.);
#9721 = FACE_BOUND('',#9722,.T.);
#9722 = EDGE_LOOP('',(#9723,#9724,#9729,#9730));
#9723 = ORIENTED_EDGE('',*,*,#258,.T.);
#9724 = ORIENTED_EDGE('',*,*,#9725,.F.);
#9725 = EDGE_CURVE('',#9602,#261,#9726,.T.);
#9726 = B_SPLINE_CURVE_WITH_KNOTS('',1,(#9727,#9728),.UNSPECIFIED.,.F.,
  .F.,(2,2),(-0.,8.864761022221E-03),.PIECEWISE_BEZIER_KNOTS.);
#9727 = CARTESIAN_POINT('',(1.064827287775,0.202294688642,1.347443775378
    ));
#9728 = CARTESIAN_POINT('',(1.064827287775,0.202294688642,1.338579014355
    ));
#9729 = ORIENTED_EDGE('',*,*,#9601,.F.);
#9730 = ORIENTED_EDGE('',*,*,#9705,.T.);
#9731 = B_SPLINE_SURFACE_WITH_KNOTS('',1,1,(
    (#9732,#9733)
    ,(#9734,#9735
    )),.UNSPECIFIED.,.F.,.F.,.F.,(2,2),(2,2),(0.,8.864761022221E-03),(0.
    ,8.710259149808E-03),.PIECEWISE_BEZIER_KNOTS.);
#9732 = CARTESIAN_POINT('',(1.064827287775,0.202294688642,1.347443775378
    ));
#9733 = CARTESIAN_POINT('',(1.064827287775,0.211004947792,1.347443775378
    ));
#9734 = CARTESIAN_POINT('',(1.064827287775,0.202294688642,1.338579014355
    ));
#9735 = CARTESIAN_POINT('',(1.064827287775,0.211004947792,1.338579014355
    ));
#9736 = ADVANCED_FACE('',(#9737),#9747,.F.);
#9737 = FACE_BOUND('',#9738,.T.);
#9738 = EDGE_LOOP('',(#9739,#9740,#9745,#9746));
#9739 = ORIENTED_EDGE('',*,*,#309,.T.);
#9740 = ORIENTED_EDGE('',*,*,#9741,.F.);
#9741 = EDGE_CURVE('',#9609,#303,#9742,.T.);
#9742 = B_SPLINE_CURVE_WITH_KNOTS('',1,(#9743,#9744),.UNSPECIFIED.,.F.,
  .F.,(2,2),(-0.,8.864761022221E-03),.PIECEWISE_BEZIER_KNOTS.);
#9743 = CARTESIAN_POINT('',(1.127928276279,0.178260825434,1.347443775378
    ));
#9744 = CARTESIAN_POINT('',(1.127928276279,0.178260825434,1.338579014355
    ));
#9745 = ORIENTED_EDGE('',*,*,#9608,.F.);
#9746 = ORIENTED_EDGE('',*,*,#9725,.T.);
#9747 = B_SPLINE_SURFACE_WITH_KNOTS('',1,1,(
    (#9748,#9749)
    ,(#9750,#9751
    )),.UNSPECIFIED.,.F.,.F.,.F.,(2,2),(2,2),(0.,6.752304296301E-02),(
    -8.864761022221E-03,0.),.PIECEWISE_BEZIER_KNOTS.);
#9748 = CARTESIAN_POINT('',(1.127928276279,0.178260825434,1.338579014355
    ));
#9749 = CARTESIAN_POINT('',(1.127928276279,0.178260825434,1.347443775378
    ));
#9750 = CARTESIAN_POINT('',(1.064827287775,0.202294688642,1.338579014355
    ));
#9751 = CARTESIAN_POINT('',(1.064827287775,0.202294688642,1.347443775378
    ));
#9752 = ADVANCED_FACE('',(#9753),#9763,.F.);
#9753 = FACE_BOUND('',#9754,.T.);
#9754 = EDGE_LOOP('',(#9755,#9756,#9761,#9762));
#9755 = ORIENTED_EDGE('',*,*,#302,.T.);
#9756 = ORIENTED_EDGE('',*,*,#9757,.F.);
#9757 = EDGE_CURVE('',#9616,#296,#9758,.T.);
#9758 = B_SPLINE_CURVE_WITH_KNOTS('',1,(#9759,#9760),.UNSPECIFIED.,.F.,
  .F.,(2,2),(-0.,8.864761022221E-03),.PIECEWISE_BEZIER_KNOTS.);
#9759 = CARTESIAN_POINT('',(1.127928276279,0.187261426555,1.347443775378
    ));
#9760 = CARTESIAN_POINT('',(1.127928276279,0.187261426555,1.338579014355
    ));
#9761 = ORIENTED_EDGE('',*,*,#9615,.F.);
#9762 = ORIENTED_EDGE('',*,*,#9741,.T.);
#9763 = B_SPLINE_SURFACE_WITH_KNOTS('',1,1,(
    (#9764,#9765)
    ,(#9766,#9767
    )),.UNSPECIFIED.,.F.,.F.,.F.,(2,2),(2,2),(-8.864761022221E-03,0.),(
    -9.000601121123E-03,0.),.PIECEWISE_BEZIER_KNOTS.);
#9764 = CARTESIAN_POINT('',(1.127928276279,0.178260825434,1.338579014355
    ));
#9765 = CARTESIAN_POINT('',(1.127928276279,0.187261426555,1.338579014355
    ));
#9766 = CARTESIAN_POINT('',(1.127928276279,0.178260825434,1.347443775378
    ));
#9767 = CARTESIAN_POINT('',(1.127928276279,0.187261426555,1.347443775378
    ));
#9768 = ADVANCED_FACE('',(#9769),#9779,.F.);
#9769 = FACE_BOUND('',#9770,.T.);
#9770 = EDGE_LOOP('',(#9771,#9772,#9777,#9778));
#9771 = ORIENTED_EDGE('',*,*,#295,.T.);
#9772 = ORIENTED_EDGE('',*,*,#9773,.F.);
#9773 = EDGE_CURVE('',#9623,#289,#9774,.T.);
#9774 = B_SPLINE_CURVE_WITH_KNOTS('',1,(#9775,#9776),.UNSPECIFIED.,.F.,
  .F.,(2,2),(-0.,8.864761022221E-03),.PIECEWISE_BEZIER_KNOTS.);
#9775 = CARTESIAN_POINT('',(1.110669059076,0.19332634774,1.347443775378)
  );
#9776 = CARTESIAN_POINT('',(1.110669059076,0.19332634774,1.338579014355)
  );
#9777 = ORIENTED_EDGE('',*,*,#9622,.F.);
#9778 = ORIENTED_EDGE('',*,*,#9757,.T.);
#9779 = B_SPLINE_SURFACE_WITH_KNOTS('',1,1,(
    (#9780,#9781)
    ,(#9782,#9783
    )),.UNSPECIFIED.,.F.,.F.,.F.,(2,2),(2,2),(0.,1.829381992509E-02),(
    -8.864761022221E-03,0.),.PIECEWISE_BEZIER_KNOTS.);
#9780 = CARTESIAN_POINT('',(1.110669059076,0.19332634774,1.338579014355)
  );
#9781 = CARTESIAN_POINT('',(1.110669059076,0.19332634774,1.347443775378)
  );
#9782 = CARTESIAN_POINT('',(1.127928276279,0.187261426555,1.338579014355
    ));
#9783 = CARTESIAN_POINT('',(1.127928276279,0.187261426555,1.347443775378
    ));
#9784 = ADVANCED_FACE('',(#9785),#9795,.F.);
#9785 = FACE_BOUND('',#9786,.T.);
#9786 = EDGE_LOOP('',(#9787,#9788,#9793,#9794));
#9787 = ORIENTED_EDGE('',*,*,#288,.T.);
#9788 = ORIENTED_EDGE('',*,*,#9789,.F.);
#9789 = EDGE_CURVE('',#9630,#282,#9790,.T.);
#9790 = B_SPLINE_CURVE_WITH_KNOTS('',1,(#9791,#9792),.UNSPECIFIED.,.F.,
  .F.,(2,2),(-0.,8.864761022221E-03),.PIECEWISE_BEZIER_KNOTS.);
#9791 = CARTESIAN_POINT('',(1.110669059076,0.219602296174,1.347443775378
    ));
#9792 = CARTESIAN_POINT('',(1.110669059076,0.219602296174,1.338579014355
    ));
#9793 = ORIENTED_EDGE('',*,*,#9629,.F.);
#9794 = ORIENTED_EDGE('',*,*,#9773,.T.);
#9795 = B_SPLINE_SURFACE_WITH_KNOTS('',1,1,(
    (#9796,#9797)
    ,(#9798,#9799
    )),.UNSPECIFIED.,.F.,.F.,.F.,(2,2),(2,2),(0.,2.627594843422E-02),(
    -8.864761022221E-03,0.),.PIECEWISE_BEZIER_KNOTS.);
#9796 = CARTESIAN_POINT('',(1.110669059076,0.219602296174,1.338579014355
    ));
#9797 = CARTESIAN_POINT('',(1.110669059076,0.219602296174,1.347443775378
    ));
#9798 = CARTESIAN_POINT('',(1.110669059076,0.19332634774,1.338579014355)
  );
#9799 = CARTESIAN_POINT('',(1.110669059076,0.19332634774,1.347443775378)
  );
#9800 = ADVANCED_FACE('',(#9801),#9811,.F.);
#9801 = FACE_BOUND('',#9802,.T.);
#9802 = EDGE_LOOP('',(#9803,#9804,#9809,#9810));
#9803 = ORIENTED_EDGE('',*,*,#281,.T.);
#9804 = ORIENTED_EDGE('',*,*,#9805,.F.);
#9805 = EDGE_CURVE('',#9637,#275,#9806,.T.);
#9806 = B_SPLINE_CURVE_WITH_KNOTS('',1,(#9807,#9808),.UNSPECIFIED.,.F.,
  .F.,(2,2),(-0.,8.864761022221E-03),.PIECEWISE_BEZIER_KNOTS.);
#9807 = CARTESIAN_POINT('',(1.127928276279,0.22603820988,1.347443775378)
  );
#9808 = CARTESIAN_POINT('',(1.127928276279,0.22603820988,1.338579014355)
  );
#9809 = ORIENTED_EDGE('',*,*,#9636,.F.);
#9810 = ORIENTED_EDGE('',*,*,#9789,.T.);
#9811 = B_SPLINE_SURFACE_WITH_KNOTS('',1,1,(
    (#9812,#9813)
    ,(#9814,#9815
    )),.UNSPECIFIED.,.F.,.F.,.F.,(2,2),(2,2),(-0.,1.842014016469E-02),(
    -8.864761022221E-03,0.),.PIECEWISE_BEZIER_KNOTS.);
#9812 = CARTESIAN_POINT('',(1.127928276279,0.22603820988,1.338579014355)
  );
#9813 = CARTESIAN_POINT('',(1.127928276279,0.22603820988,1.347443775378)
  );
#9814 = CARTESIAN_POINT('',(1.110669059076,0.219602296174,1.338579014355
    ));
#9815 = CARTESIAN_POINT('',(1.110669059076,0.219602296174,1.347443775378
    ));
#9816 = ADVANCED_FACE('',(#9817),#9823,.F.);
#9817 = FACE_BOUND('',#9818,.T.);
#9818 = EDGE_LOOP('',(#9819,#9820,#9821,#9822));
#9819 = ORIENTED_EDGE('',*,*,#274,.T.);
#9820 = ORIENTED_EDGE('',*,*,#9711,.F.);
#9821 = ORIENTED_EDGE('',*,*,#9643,.F.);
#9822 = ORIENTED_EDGE('',*,*,#9805,.T.);
#9823 = B_SPLINE_SURFACE_WITH_KNOTS('',1,1,(
    (#9824,#9825)
    ,(#9826,#9827
    )),.UNSPECIFIED.,.F.,.F.,.F.,(2,2),(2,2),(0.,9.000601120693E-03),(
    -8.864761022221E-03,0.),.PIECEWISE_BEZIER_KNOTS.);
#9824 = CARTESIAN_POINT('',(1.127928276279,0.235038811,1.338579014355));
#9825 = CARTESIAN_POINT('',(1.127928276279,0.235038811,1.347443775378));
#9826 = CARTESIAN_POINT('',(1.127928276279,0.22603820988,1.338579014355)
  );
#9827 = CARTESIAN_POINT('',(1.127928276279,0.22603820988,1.347443775378)
  );
#9828 = ADVANCED_FACE('',(#9829),#9851,.T.);
#9829 = FACE_BOUND('',#9830,.T.);
#9830 = EDGE_LOOP('',(#9831,#9840,#9845,#9846));
#9831 = ORIENTED_EDGE('',*,*,#9832,.F.);
#9832 = EDGE_CURVE('',#9833,#9835,#9837,.T.);
#9833 = VERTEX_POINT('',#9834);
#9834 = CARTESIAN_POINT('',(1.103539550661,0.195907165266,1.338579014355
    ));
#9835 = VERTEX_POINT('',#9836);
#9836 = CARTESIAN_POINT('',(1.103539550661,0.217085999087,1.338579014355
    ));
#9837 = B_SPLINE_CURVE_WITH_KNOTS('',1,(#9838,#9839),.UNSPECIFIED.,.F.,
  .F.,(2,2),(4.920930897335E-17,2.117883382065E-02),
  .PIECEWISE_BEZIER_KNOTS.);
#9838 = CARTESIAN_POINT('',(1.103539550661,0.195907165266,1.338579014355
    ));
#9839 = CARTESIAN_POINT('',(1.103539550661,0.217085999087,1.338579014355
    ));
#9840 = ORIENTED_EDGE('',*,*,#9841,.F.);
#9841 = EDGE_CURVE('',#9651,#9833,#9842,.T.);
#9842 = B_SPLINE_CURVE_WITH_KNOTS('',1,(#9843,#9844),.UNSPECIFIED.,.F.,
  .F.,(2,2),(-0.,8.864761022221E-03),.PIECEWISE_BEZIER_KNOTS.);
#9843 = CARTESIAN_POINT('',(1.103539550661,0.195907165266,1.347443775378
    ));
#9844 = CARTESIAN_POINT('',(1.103539550661,0.195907165266,1.338579014355
    ));
#9845 = ORIENTED_EDGE('',*,*,#9650,.T.);
#9846 = ORIENTED_EDGE('',*,*,#9847,.T.);
#9847 = EDGE_CURVE('',#9653,#9835,#9848,.T.);
#9848 = B_SPLINE_CURVE_WITH_KNOTS('',1,(#9849,#9850),.UNSPECIFIED.,.F.,
  .F.,(2,2),(-0.,8.864761022221E-03),.PIECEWISE_BEZIER_KNOTS.);
#9849 = CARTESIAN_POINT('',(1.103539550661,0.217085999087,1.347443775378
    ));
#9850 = CARTESIAN_POINT('',(1.103539550661,0.217085999087,1.338579014355
    ));
#9851 = B_SPLINE_SURFACE_WITH_KNOTS('',1,1,(
    (#9852,#9853)
    ,(#9854,#9855
    )),.UNSPECIFIED.,.F.,.F.,.F.,(2,2),(2,2),(-8.864761022221E-03,0.),(
    0.,2.117883382065E-02),.PIECEWISE_BEZIER_KNOTS.);
#9852 = CARTESIAN_POINT('',(1.103539550661,0.195907165266,1.338579014355
    ));
#9853 = CARTESIAN_POINT('',(1.103539550661,0.217085999087,1.338579014355
    ));
#9854 = CARTESIAN_POINT('',(1.103539550661,0.195907165266,1.347443775378
    ));
#9855 = CARTESIAN_POINT('',(1.103539550661,0.217085999087,1.347443775378
    ));
#9856 = ADVANCED_FACE('',(#9857),#9873,.T.);
#9857 = FACE_BOUND('',#9858,.T.);
#9858 = EDGE_LOOP('',(#9859,#9866,#9867,#9868));
#9859 = ORIENTED_EDGE('',*,*,#9860,.F.);
#9860 = EDGE_CURVE('',#9835,#9861,#9863,.T.);
#9861 = VERTEX_POINT('',#9862);
#9862 = CARTESIAN_POINT('',(1.077311992555,0.207553104351,1.338579014355
    ));
#9863 = B_SPLINE_CURVE_WITH_KNOTS('',1,(#9864,#9865),.UNSPECIFIED.,.F.,
  .F.,(2,2),(2.018063918045E-16,2.790628757529E-02),
  .PIECEWISE_BEZIER_KNOTS.);
#9864 = CARTESIAN_POINT('',(1.103539550661,0.217085999087,1.338579014355
    ));
#9865 = CARTESIAN_POINT('',(1.077311992555,0.207553104351,1.338579014355
    ));
#9866 = ORIENTED_EDGE('',*,*,#9847,.F.);
#9867 = ORIENTED_EDGE('',*,*,#9691,.T.);
#9868 = ORIENTED_EDGE('',*,*,#9869,.T.);
#9869 = EDGE_CURVE('',#9683,#9861,#9870,.T.);
#9870 = B_SPLINE_CURVE_WITH_KNOTS('',1,(#9871,#9872),.UNSPECIFIED.,.F.,
  .F.,(2,2),(-0.,8.864761022221E-03),.PIECEWISE_BEZIER_KNOTS.);
#9871 = CARTESIAN_POINT('',(1.077311992555,0.207553104351,1.347443775378
    ));
#9872 = CARTESIAN_POINT('',(1.077311992555,0.207553104351,1.338579014355
    ));
#9873 = B_SPLINE_SURFACE_WITH_KNOTS('',1,1,(
    (#9874,#9875)
    ,(#9876,#9877
    )),.UNSPECIFIED.,.F.,.F.,.F.,(2,2),(2,2),(-2.790628757529E-02,0.),(
    -8.864761022221E-03,0.),.PIECEWISE_BEZIER_KNOTS.);
#9874 = CARTESIAN_POINT('',(1.077311992555,0.207553104351,1.338579014355
    ));
#9875 = CARTESIAN_POINT('',(1.077311992555,0.207553104351,1.347443775378
    ));
#9876 = CARTESIAN_POINT('',(1.103539550661,0.217085999087,1.338579014355
    ));
#9877 = CARTESIAN_POINT('',(1.103539550661,0.217085999087,1.347443775378
    ));
#9878 = ADVANCED_FACE('',(#9879),#9897,.T.);
#9879 = FACE_BOUND('',#9880,.T.);
#9880 = EDGE_LOOP('',(#9881,#9890,#9891,#9892));
#9881 = ORIENTED_EDGE('',*,*,#9882,.F.);
#9882 = EDGE_CURVE('',#9861,#9883,#9885,.T.);
#9883 = VERTEX_POINT('',#9884);
#9884 = CARTESIAN_POINT('',(1.072892342543,0.20656916767,1.338579014355)
  );
#9885 = B_SPLINE_CURVE_WITH_KNOTS('',3,(#9886,#9887,#9888,#9889),
  .UNSPECIFIED.,.F.,.F.,(4,4),(1.,2.),.PIECEWISE_BEZIER_KNOTS.);
#9886 = CARTESIAN_POINT('',(1.077311992555,0.207553104351,1.338579014355
    ));
#9887 = CARTESIAN_POINT('',(1.076440966641,0.20724663227,1.338579014355)
  );
#9888 = CARTESIAN_POINT('',(1.074989256782,0.206924030079,1.338579014355
    ));
#9889 = CARTESIAN_POINT('',(1.072892342543,0.20656916767,1.338579014355)
  );
#9890 = ORIENTED_EDGE('',*,*,#9869,.F.);
#9891 = ORIENTED_EDGE('',*,*,#9682,.T.);
#9892 = ORIENTED_EDGE('',*,*,#9893,.T.);
#9893 = EDGE_CURVE('',#9676,#9883,#9894,.T.);
#9894 = B_SPLINE_CURVE_WITH_KNOTS('',1,(#9895,#9896),.UNSPECIFIED.,.F.,
  .F.,(2,2),(-0.,8.864761022221E-03),.PIECEWISE_BEZIER_KNOTS.);
#9895 = CARTESIAN_POINT('',(1.072892342543,0.20656916767,1.347443775378)
  );
#9896 = CARTESIAN_POINT('',(1.072892342543,0.20656916767,1.338579014355)
  );
#9897 = B_SPLINE_SURFACE_WITH_KNOTS('',3,1,(
    (#9898,#9899)
    ,(#9900,#9901)
    ,(#9902,#9903)
    ,(#9904,#9905
    )),.UNSPECIFIED.,.F.,.F.,.F.,(4,4),(2,2),(1.,2.),(0.,1.),
  .PIECEWISE_BEZIER_KNOTS.);
#9898 = CARTESIAN_POINT('',(1.077311992555,0.207553104351,1.347443775378
    ));
#9899 = CARTESIAN_POINT('',(1.077311992555,0.207553104351,1.338579014355
    ));
#9900 = CARTESIAN_POINT('',(1.076440966641,0.20724663227,1.347443775378)
  );
#9901 = CARTESIAN_POINT('',(1.076440966641,0.20724663227,1.338579014355)
  );
#9902 = CARTESIAN_POINT('',(1.074989256782,0.206924030079,1.347443775378
    ));
#9903 = CARTESIAN_POINT('',(1.074989256782,0.206924030079,1.338579014355
    ));
#9904 = CARTESIAN_POINT('',(1.072892342543,0.20656916767,1.347443775378)
  );
#9905 = CARTESIAN_POINT('',(1.072892342543,0.20656916767,1.338579014355)
  );
#9906 = ADVANCED_FACE('',(#9907),#9923,.T.);
#9907 = FACE_BOUND('',#9908,.T.);
#9908 = EDGE_LOOP('',(#9909,#9916,#9917,#9918));
#9909 = ORIENTED_EDGE('',*,*,#9910,.F.);
#9910 = EDGE_CURVE('',#9883,#9911,#9913,.T.);
#9911 = VERTEX_POINT('',#9912);
#9912 = CARTESIAN_POINT('',(1.072892342543,0.206375606355,1.338579014355
    ));
#9913 = B_SPLINE_CURVE_WITH_KNOTS('',1,(#9914,#9915),.UNSPECIFIED.,.F.,
  .F.,(2,2),(4.920930897335E-17,1.935613146413E-04),
  .PIECEWISE_BEZIER_KNOTS.);
#9914 = CARTESIAN_POINT('',(1.072892342543,0.20656916767,1.338579014355)
  );
#9915 = CARTESIAN_POINT('',(1.072892342543,0.206375606355,1.338579014355
    ));
#9916 = ORIENTED_EDGE('',*,*,#9893,.F.);
#9917 = ORIENTED_EDGE('',*,*,#9675,.T.);
#9918 = ORIENTED_EDGE('',*,*,#9919,.T.);
#9919 = EDGE_CURVE('',#9667,#9911,#9920,.T.);
#9920 = B_SPLINE_CURVE_WITH_KNOTS('',1,(#9921,#9922),.UNSPECIFIED.,.F.,
  .F.,(2,2),(-0.,8.864761022221E-03),.PIECEWISE_BEZIER_KNOTS.);
#9921 = CARTESIAN_POINT('',(1.072892342543,0.206375606355,1.347443775378
    ));
#9922 = CARTESIAN_POINT('',(1.072892342543,0.206375606355,1.338579014355
    ));
#9923 = B_SPLINE_SURFACE_WITH_KNOTS('',1,1,(
    (#9924,#9925)
    ,(#9926,#9927
    )),.UNSPECIFIED.,.F.,.F.,.F.,(2,2),(2,2),(-0.,8.864761022221E-03),(
    -1.935613146413E-04,-4.920930897335E-17),.PIECEWISE_BEZIER_KNOTS.);
#9924 = CARTESIAN_POINT('',(1.072892342543,0.206375606355,1.347443775378
    ));
#9925 = CARTESIAN_POINT('',(1.072892342543,0.20656916767,1.347443775378)
  );
#9926 = CARTESIAN_POINT('',(1.072892342543,0.206375606355,1.338579014355
    ));
#9927 = CARTESIAN_POINT('',(1.072892342543,0.20656916767,1.338579014355)
  );
#9928 = ADVANCED_FACE('',(#9929),#9947,.T.);
#9929 = FACE_BOUND('',#9930,.T.);
#9930 = EDGE_LOOP('',(#9931,#9940,#9941,#9942));
#9931 = ORIENTED_EDGE('',*,*,#9932,.F.);
#9932 = EDGE_CURVE('',#9911,#9933,#9935,.T.);
#9933 = VERTEX_POINT('',#9934);
#9934 = CARTESIAN_POINT('',(1.077311992555,0.205343279345,1.338579014355
    ));
#9935 = B_SPLINE_CURVE_WITH_KNOTS('',3,(#9936,#9937,#9938,#9939),
  .UNSPECIFIED.,.F.,.F.,(4,4),(3.,4.),.PIECEWISE_BEZIER_KNOTS.);
#9936 = CARTESIAN_POINT('',(1.072892342543,0.206375606355,1.338579014355
    ));
#9937 = CARTESIAN_POINT('',(1.074795695468,0.206069134274,1.338579014355
    ));
#9938 = CARTESIAN_POINT('',(1.076279665546,0.205730401974,1.338579014355
    ));
#9939 = CARTESIAN_POINT('',(1.077311992555,0.205343279345,1.338579014355
    ));
#9940 = ORIENTED_EDGE('',*,*,#9919,.F.);
#9941 = ORIENTED_EDGE('',*,*,#9666,.T.);
#9942 = ORIENTED_EDGE('',*,*,#9943,.T.);
#9943 = EDGE_CURVE('',#9660,#9933,#9944,.T.);
#9944 = B_SPLINE_CURVE_WITH_KNOTS('',1,(#9945,#9946),.UNSPECIFIED.,.F.,
  .F.,(2,2),(0.,8.864761022221E-03),.PIECEWISE_BEZIER_KNOTS.);
#9945 = CARTESIAN_POINT('',(1.077311992555,0.205343279345,1.347443775378
    ));
#9946 = CARTESIAN_POINT('',(1.077311992555,0.205343279345,1.338579014355
    ));
#9947 = B_SPLINE_SURFACE_WITH_KNOTS('',3,1,(
    (#9948,#9949)
    ,(#9950,#9951)
    ,(#9952,#9953)
    ,(#9954,#9955
    )),.UNSPECIFIED.,.F.,.F.,.F.,(4,4),(2,2),(3.,4.),(0.,1.),
  .PIECEWISE_BEZIER_KNOTS.);
#9948 = CARTESIAN_POINT('',(1.072892342543,0.206375606355,1.347443775378
    ));
#9949 = CARTESIAN_POINT('',(1.072892342543,0.206375606355,1.338579014355
    ));
#9950 = CARTESIAN_POINT('',(1.074795695468,0.206069134274,1.347443775378
    ));
#9951 = CARTESIAN_POINT('',(1.074795695468,0.206069134274,1.338579014355
    ));
#9952 = CARTESIAN_POINT('',(1.076279665546,0.205730401974,1.347443775378
    ));
#9953 = CARTESIAN_POINT('',(1.076279665546,0.205730401974,1.338579014355
    ));
#9954 = CARTESIAN_POINT('',(1.077311992555,0.205343279345,1.347443775378
    ));
#9955 = CARTESIAN_POINT('',(1.077311992555,0.205343279345,1.338579014355
    ));
#9956 = ADVANCED_FACE('',(#9957),#9967,.T.);
#9957 = FACE_BOUND('',#9958,.T.);
#9958 = EDGE_LOOP('',(#9959,#9964,#9965,#9966));
#9959 = ORIENTED_EDGE('',*,*,#9960,.F.);
#9960 = EDGE_CURVE('',#9933,#9833,#9961,.T.);
#9961 = B_SPLINE_CURVE_WITH_KNOTS('',1,(#9962,#9963),.UNSPECIFIED.,.F.,
  .F.,(2,2),(0.,2.787337534424E-02),.PIECEWISE_BEZIER_KNOTS.);
#9962 = CARTESIAN_POINT('',(1.077311992555,0.205343279345,1.338579014355
    ));
#9963 = CARTESIAN_POINT('',(1.103539550661,0.195907165266,1.338579014355
    ));
#9964 = ORIENTED_EDGE('',*,*,#9943,.F.);
#9965 = ORIENTED_EDGE('',*,*,#9659,.T.);
#9966 = ORIENTED_EDGE('',*,*,#9841,.T.);
#9967 = B_SPLINE_SURFACE_WITH_KNOTS('',1,1,(
    (#9968,#9969)
    ,(#9970,#9971
    )),.UNSPECIFIED.,.F.,.F.,.F.,(2,2),(2,2),(-2.787337534424E-02,0.),(
    -8.864761022221E-03,0.),.PIECEWISE_BEZIER_KNOTS.);
#9968 = CARTESIAN_POINT('',(1.103539550661,0.195907165266,1.338579014355
    ));
#9969 = CARTESIAN_POINT('',(1.103539550661,0.195907165266,1.347443775378
    ));
#9970 = CARTESIAN_POINT('',(1.077311992555,0.205343279345,1.338579014355
    ));
#9971 = CARTESIAN_POINT('',(1.077311992555,0.205343279345,1.347443775378
    ));
#9972 = ADVANCED_FACE('',(#9973),#9981,.T.);
#9973 = FACE_BOUND('',#9974,.T.);
#9974 = EDGE_LOOP('',(#9975,#9976,#9977,#9978,#9979,#9980));
#9975 = ORIENTED_EDGE('',*,*,#9832,.T.);
#9976 = ORIENTED_EDGE('',*,*,#9860,.T.);
#9977 = ORIENTED_EDGE('',*,*,#9882,.T.);
#9978 = ORIENTED_EDGE('',*,*,#9910,.T.);
#9979 = ORIENTED_EDGE('',*,*,#9932,.T.);
#9980 = ORIENTED_EDGE('',*,*,#9960,.T.);
#9981 = B_SPLINE_SURFACE_WITH_KNOTS('',1,1,(
    (#9982,#9983)
    ,(#9984,#9985
    )),.UNSPECIFIED.,.F.,.F.,.F.,(2,2),(2,2),(1.072892342543,
    1.103539550661),(0.195907165267,0.217085999087),
  .PIECEWISE_BEZIER_KNOTS.);
#9982 = CARTESIAN_POINT('',(1.072892342543,0.195907165266,1.338579014355
    ));
#9983 = CARTESIAN_POINT('',(1.072892342543,0.217085999087,1.338579014355
    ));
#9984 = CARTESIAN_POINT('',(1.103539550661,0.195907165266,1.338579014355
    ));
#9985 = CARTESIAN_POINT('',(1.103539550661,0.217085999087,1.338579014355
    ));
#9986 = ADVANCED_FACE('',(#9987,#10276),#10301,.F.);
#9987 = FACE_BOUND('',#9988,.T.);
#9988 = EDGE_LOOP('',(#9989,#10000,#10009,#10018,#10027,#10036,#10045,
    #10054,#10063,#10072,#10081,#10090,#10099,#10108,#10115,#10122,
    #10129,#10138,#10147,#10156,#10165,#10174,#10183,#10192,#10201,
    #10210,#10219,#10226,#10235,#10244,#10253,#10260,#10269));
#9989 = ORIENTED_EDGE('',*,*,#9990,.T.);
#9990 = EDGE_CURVE('',#9991,#9993,#9995,.T.);
#9991 = VERTEX_POINT('',#9992);
#9992 = CARTESIAN_POINT('',(1.065337300345,-0.148903800985,
    1.347443775378));
#9993 = VERTEX_POINT('',#9994);
#9994 = CARTESIAN_POINT('',(1.00656526945,-0.193319306621,1.347443775378
    ));
#9995 = B_SPLINE_CURVE_WITH_KNOTS('',3,(#9996,#9997,#9998,#9999),
  .UNSPECIFIED.,.F.,.F.,(4,4),(35.,36.),.PIECEWISE_BEZIER_KNOTS.);
#9996 = CARTESIAN_POINT('',(1.065337300345,-0.148903800985,
    1.347443775378));
#9997 = CARTESIAN_POINT('',(1.038418822972,-0.149352435714,
    1.347443775378));
#9998 = CARTESIAN_POINT('',(1.014640814374,-0.167746750549,
    1.347443775378));
#9999 = CARTESIAN_POINT('',(1.00656526945,-0.193319306621,1.347443775378
    ));
#10000 = ORIENTED_EDGE('',*,*,#10001,.T.);
#10001 = EDGE_CURVE('',#9993,#10002,#10004,.T.);
#10002 = VERTEX_POINT('',#10003);
#10003 = CARTESIAN_POINT('',(0.971122584614,-0.217545958505,
    1.347443775378));
#10004 = B_SPLINE_CURVE_WITH_KNOTS('',3,(#10005,#10006,#10007,#10008),
  .UNSPECIFIED.,.F.,.F.,(4,4),(0.,1.),.PIECEWISE_BEZIER_KNOTS.);
#10005 = CARTESIAN_POINT('',(1.00656526945,-0.193319306621,
    1.347443775378));
#10006 = CARTESIAN_POINT('',(0.993106022207,-0.198254357098,
    1.347443775378));
#10007 = CARTESIAN_POINT('',(0.980992700543,-0.206778553865,
    1.347443775378));
#10008 = CARTESIAN_POINT('',(0.971122584614,-0.217545958505,
    1.347443775378));
#10009 = ORIENTED_EDGE('',*,*,#10010,.T.);
#10010 = EDGE_CURVE('',#10002,#10011,#10013,.T.);
#10011 = VERTEX_POINT('',#10012);
#10012 = CARTESIAN_POINT('',(0.947793221441,-0.278561205831,
    1.347443775378));
#10013 = B_SPLINE_CURVE_WITH_KNOTS('',3,(#10014,#10015,#10016,#10017),
  .UNSPECIFIED.,.F.,.F.,(4,4),(1.,2.),.PIECEWISE_BEZIER_KNOTS.);
#10014 = CARTESIAN_POINT('',(0.971122584614,-0.217545958505,
    1.347443775378));
#10015 = CARTESIAN_POINT('',(0.956317411255,-0.234594334925,
    1.347443775378));
#10016 = CARTESIAN_POINT('',(0.947793221441,-0.256129127092,
    1.347443775378));
#10017 = CARTESIAN_POINT('',(0.947793221441,-0.278561205831,
    1.347443775378));
#10018 = ORIENTED_EDGE('',*,*,#10019,.T.);
#10019 = EDGE_CURVE('',#10011,#10020,#10022,.T.);
#10020 = VERTEX_POINT('',#10021);
#10021 = CARTESIAN_POINT('',(0.965290243286,-0.332398194807,
    1.347443775378));
#10022 = B_SPLINE_CURVE_WITH_KNOTS('',3,(#10023,#10024,#10025,#10026),
  .UNSPECIFIED.,.F.,.F.,(4,4),(2.,3.),.PIECEWISE_BEZIER_KNOTS.);
#10023 = CARTESIAN_POINT('',(0.947793221441,-0.278561205831,
    1.347443775378));
#10024 = CARTESIAN_POINT('',(0.947793221441,-0.298301433411,
    1.347443775378));
#10025 = CARTESIAN_POINT('',(0.954074203381,-0.316695739689,
    1.347443775378));
#10026 = CARTESIAN_POINT('',(0.965290243286,-0.332398194807,
    1.347443775378));
#10027 = ORIENTED_EDGE('',*,*,#10028,.T.);
#10028 = EDGE_CURVE('',#10020,#10029,#10031,.T.);
#10029 = VERTEX_POINT('',#10030);
#10030 = CARTESIAN_POINT('',(0.985030473005,-0.352138422386,
    1.347443775378));
#10031 = B_SPLINE_CURVE_WITH_KNOTS('',3,(#10032,#10033,#10034,#10035),
  .UNSPECIFIED.,.F.,.F.,(4,4),(3.,4.),.PIECEWISE_BEZIER_KNOTS.);
#10032 = CARTESIAN_POINT('',(0.965290243286,-0.332398194807,
    1.347443775378));
#10033 = CARTESIAN_POINT('',(0.970673943467,-0.340025105001,
    1.347443775378));
#10034 = CARTESIAN_POINT('',(0.977403567089,-0.346306085336,
    1.347443775378));
#10035 = CARTESIAN_POINT('',(0.985030473005,-0.352138422386,
    1.347443775378));
#10036 = ORIENTED_EDGE('',*,*,#10037,.T.);
#10037 = EDGE_CURVE('',#10029,#10038,#10040,.T.);
#10038 = VERTEX_POINT('',#10039);
#10039 = CARTESIAN_POINT('',(0.984133190711,-0.362457175183,
    1.347443775378));
#10040 = B_SPLINE_CURVE_WITH_KNOTS('',3,(#10041,#10042,#10043,#10044),
  .UNSPECIFIED.,.F.,.F.,(4,4),(4.,5.),.PIECEWISE_BEZIER_KNOTS.);
#10041 = CARTESIAN_POINT('',(0.985030473005,-0.352138422386,
    1.347443775378));
#10042 = CARTESIAN_POINT('',(0.984581829718,-0.355727551561,
    1.347443775378));
#10043 = CARTESIAN_POINT('',(0.984133190711,-0.358868046008,
    1.347443775378));
#10044 = CARTESIAN_POINT('',(0.984133190711,-0.362457175183,
    1.347443775378));
#10045 = ORIENTED_EDGE('',*,*,#10046,.T.);
#10046 = EDGE_CURVE('',#10038,#10047,#10049,.T.);
#10047 = VERTEX_POINT('',#10048);
#10048 = CARTESIAN_POINT('',(1.005667987157,-0.414050956284,
    1.347443775378));
#10049 = B_SPLINE_CURVE_WITH_KNOTS('',3,(#10050,#10051,#10052,#10053),
  .UNSPECIFIED.,.F.,.F.,(4,4),(5.,6.),.PIECEWISE_BEZIER_KNOTS.);
#10050 = CARTESIAN_POINT('',(0.984133190711,-0.362457175183,
    1.347443775378));
#10051 = CARTESIAN_POINT('',(0.984133190711,-0.381748763755,
    1.347443775378));
#10052 = CARTESIAN_POINT('',(0.991760096626,-0.400143065754,
    1.347443775378));
#10053 = CARTESIAN_POINT('',(1.005667987157,-0.414050956284,
    1.347443775378));
#10054 = ORIENTED_EDGE('',*,*,#10055,.T.);
#10055 = EDGE_CURVE('',#10047,#10056,#10058,.T.);
#10056 = VERTEX_POINT('',#10057);
#10057 = CARTESIAN_POINT('',(1.056813120693,-0.435137122279,
    1.347443775378));
#10058 = B_SPLINE_CURVE_WITH_KNOTS('',3,(#10059,#10060,#10061,#10062),
  .UNSPECIFIED.,.F.,.F.,(4,4),(6.,7.),.PIECEWISE_BEZIER_KNOTS.);
#10059 = CARTESIAN_POINT('',(1.005667987157,-0.414050956284,
    1.347443775378));
#10060 = CARTESIAN_POINT('',(1.019127230122,-0.427510215294,
    1.347443775378));
#10061 = CARTESIAN_POINT('',(1.0375215364,-0.435137122279,1.347443775378
    ));
#10062 = CARTESIAN_POINT('',(1.056813120693,-0.435137122279,
    1.347443775378));
#10063 = ORIENTED_EDGE('',*,*,#10064,.T.);
#10064 = EDGE_CURVE('',#10056,#10065,#10067,.T.);
#10065 = VERTEX_POINT('',#10066);
#10066 = CARTESIAN_POINT('',(1.105715042076,-0.416294176994,
    1.347443775378));
#10067 = B_SPLINE_CURVE_WITH_KNOTS('',3,(#10068,#10069,#10070,#10071),
  .UNSPECIFIED.,.F.,.F.,(4,4),(7.,8.),.PIECEWISE_BEZIER_KNOTS.);
#10068 = CARTESIAN_POINT('',(1.056813120693,-0.435137122279,
    1.347443775378));
#10069 = CARTESIAN_POINT('',(1.074758783684,-0.435137122279,
    1.347443775378));
#10070 = CARTESIAN_POINT('',(1.092255811947,-0.428407498658,
    1.347443775378));
#10071 = CARTESIAN_POINT('',(1.105715042076,-0.416294176994,
    1.347443775378));
#10072 = ORIENTED_EDGE('',*,*,#10073,.T.);
#10073 = EDGE_CURVE('',#10065,#10074,#10076,.T.);
#10074 = VERTEX_POINT('',#10075);
#10075 = CARTESIAN_POINT('',(1.127249834244,-0.380402851011,
    1.347443775378));
#10076 = B_SPLINE_CURVE_WITH_KNOTS('',3,(#10077,#10078,#10079,#10080),
  .UNSPECIFIED.,.F.,.F.,(4,4),(8.,9.),.PIECEWISE_BEZIER_KNOTS.);
#10077 = CARTESIAN_POINT('',(1.105715042076,-0.416294176994,
    1.347443775378));
#10078 = CARTESIAN_POINT('',(1.116482446717,-0.406424063204,
    1.347443775378));
#10079 = CARTESIAN_POINT('',(1.123660705068,-0.394310737262,
    1.347443775378));
#10080 = CARTESIAN_POINT('',(1.127249834244,-0.380402851011,
    1.347443775378));
#10081 = ORIENTED_EDGE('',*,*,#10082,.T.);
#10082 = EDGE_CURVE('',#10074,#10083,#10085,.T.);
#10083 = VERTEX_POINT('',#10084);
#10084 = CARTESIAN_POINT('',(1.157757457907,-0.337781897127,
    1.347443775378));
#10085 = B_SPLINE_CURVE_WITH_KNOTS('',3,(#10086,#10087,#10088,#10089),
  .UNSPECIFIED.,.F.,.F.,(4,4),(9.,10.),.PIECEWISE_BEZIER_KNOTS.);
#10086 = CARTESIAN_POINT('',(1.127249834244,-0.380402851011,
    1.347443775378));
#10087 = CARTESIAN_POINT('',(1.145195497236,-0.374570509683,
    1.347443775378));
#10088 = CARTESIAN_POINT('',(1.157757457907,-0.357522133263,
    1.347443775378));
#10089 = CARTESIAN_POINT('',(1.157757457907,-0.337781897127,
    1.347443775378));
#10090 = ORIENTED_EDGE('',*,*,#10091,.T.);
#10091 = EDGE_CURVE('',#10083,#10092,#10094,.T.);
#10092 = VERTEX_POINT('',#10093);
#10093 = CARTESIAN_POINT('',(1.112893300428,-0.292917739647,
    1.347443775378));
#10094 = B_SPLINE_CURVE_WITH_KNOTS('',3,(#10095,#10096,#10097,#10098),
  .UNSPECIFIED.,.F.,.F.,(4,4),(10.,11.),.PIECEWISE_BEZIER_KNOTS.);
#10095 = CARTESIAN_POINT('',(1.157757457907,-0.337781897127,
    1.347443775378));
#10096 = CARTESIAN_POINT('',(1.157757457907,-0.313106610513,
    1.347443775378));
#10097 = CARTESIAN_POINT('',(1.137568587041,-0.292917739647,
    1.347443775378));
#10098 = CARTESIAN_POINT('',(1.112893300428,-0.292917739647,
    1.347443775378));
#10099 = ORIENTED_EDGE('',*,*,#10100,.T.);
#10100 = EDGE_CURVE('',#10092,#10101,#10103,.T.);
#10101 = VERTEX_POINT('',#10102);
#10102 = CARTESIAN_POINT('',(1.108406884679,-0.292917739647,
    1.347443775378));
#10103 = B_SPLINE_CURVE_WITH_KNOTS('',3,(#10104,#10105,#10106,#10107),
  .UNSPECIFIED.,.F.,.F.,(4,4),(11.,12.),.PIECEWISE_BEZIER_KNOTS.);
#10104 = CARTESIAN_POINT('',(1.112893300428,-0.292917739647,
    1.347443775378));
#10105 = CARTESIAN_POINT('',(1.111547379126,-0.292917739647,
    1.347443775378));
#10106 = CARTESIAN_POINT('',(1.110201457824,-0.292917739647,
    1.347443775378));
#10107 = CARTESIAN_POINT('',(1.108406884679,-0.292917739647,
    1.347443775378));
#10108 = ORIENTED_EDGE('',*,*,#10109,.T.);
#10109 = EDGE_CURVE('',#10101,#10110,#10112,.T.);
#10110 = VERTEX_POINT('',#10111);
#10111 = CARTESIAN_POINT('',(1.075207409856,-0.230107919177,
    1.347443775378));
#10112 = B_SPLINE_CURVE_WITH_KNOTS('',1,(#10113,#10114),.UNSPECIFIED.,
  .F.,.F.,(2,2),(-4.350570156852E-17,7.104420226942E-02),
  .PIECEWISE_BEZIER_KNOTS.);
#10113 = CARTESIAN_POINT('',(1.108406884679,-0.292917739647,
    1.347443775378));
#10114 = CARTESIAN_POINT('',(1.075207409856,-0.230107919177,
    1.347443775378));
#10115 = ORIENTED_EDGE('',*,*,#10116,.T.);
#10116 = EDGE_CURVE('',#10110,#10117,#10119,.T.);
#10117 = VERTEX_POINT('',#10118);
#10118 = CARTESIAN_POINT('',(1.051429401258,-0.24401580115,
    1.347443775378));
#10119 = B_SPLINE_CURVE_WITH_KNOTS('',1,(#10120,#10121),.UNSPECIFIED.,
  .F.,.F.,(2,2),(0.,2.754673980464E-02),.PIECEWISE_BEZIER_KNOTS.);
#10120 = CARTESIAN_POINT('',(1.075207409856,-0.230107919177,
    1.347443775378));
#10121 = CARTESIAN_POINT('',(1.051429401258,-0.24401580115,
    1.347443775378));
#10122 = ORIENTED_EDGE('',*,*,#10123,.T.);
#10123 = EDGE_CURVE('',#10117,#10124,#10126,.T.);
#10124 = VERTEX_POINT('',#10125);
#10125 = CARTESIAN_POINT('',(1.082834311493,-0.30413377046,
    1.347443775378));
#10126 = B_SPLINE_CURVE_WITH_KNOTS('',1,(#10127,#10128),.UNSPECIFIED.,
  .F.,.F.,(2,2),(0.,6.782653331043E-02),.PIECEWISE_BEZIER_KNOTS.);
#10127 = CARTESIAN_POINT('',(1.051429401258,-0.24401580115,
    1.347443775378));
#10128 = CARTESIAN_POINT('',(1.082834311493,-0.30413377046,
    1.347443775378));
#10129 = ORIENTED_EDGE('',*,*,#10130,.T.);
#10130 = EDGE_CURVE('',#10124,#10131,#10133,.T.);
#10131 = VERTEX_POINT('',#10132);
#10132 = CARTESIAN_POINT('',(1.067580499662,-0.33778188857,
    1.347443775378));
#10133 = B_SPLINE_CURVE_WITH_KNOTS('',3,(#10134,#10135,#10136,#10137),
  .UNSPECIFIED.,.F.,.F.,(4,4),(15.,16.),.PIECEWISE_BEZIER_KNOTS.);
#10134 = CARTESIAN_POINT('',(1.082834311493,-0.30413377046,
    1.347443775378));
#10135 = CARTESIAN_POINT('',(1.073412836711,-0.312209315384,
    1.347443775378));
#10136 = CARTESIAN_POINT('',(1.067580499662,-0.324322641326,
    1.347443775378));
#10137 = CARTESIAN_POINT('',(1.067580499662,-0.33778188857,
    1.347443775378));
#10138 = ORIENTED_EDGE('',*,*,#10139,.T.);
#10139 = EDGE_CURVE('',#10131,#10140,#10142,.T.);
#10140 = VERTEX_POINT('',#10141);
#10141 = CARTESIAN_POINT('',(1.097190845309,-0.379954194889,
    1.347443775378));
#10142 = B_SPLINE_CURVE_WITH_KNOTS('',3,(#10143,#10144,#10145,#10146),
  .UNSPECIFIED.,.F.,.F.,(4,4),(16.,17.),.PIECEWISE_BEZIER_KNOTS.);
#10143 = CARTESIAN_POINT('',(1.067580499662,-0.33778188857,
    1.347443775378));
#10144 = CARTESIAN_POINT('',(1.067580499662,-0.35707348142,
    1.347443775378));
#10145 = CARTESIAN_POINT('',(1.080142460333,-0.373673214553,
    1.347443775378));
#10146 = CARTESIAN_POINT('',(1.097190845309,-0.379954194889,
    1.347443775378));
#10147 = ORIENTED_EDGE('',*,*,#10148,.T.);
#10148 = EDGE_CURVE('',#10140,#10149,#10151,.T.);
#10149 = VERTEX_POINT('',#10150);
#10150 = CARTESIAN_POINT('',(1.055915817006,-0.406872689376,
    1.347443775378));
#10151 = B_SPLINE_CURVE_WITH_KNOTS('',3,(#10152,#10153,#10154,#10155),
  .UNSPECIFIED.,.F.,.F.,(4,4),(17.,18.),.PIECEWISE_BEZIER_KNOTS.);
#10152 = CARTESIAN_POINT('',(1.097190845309,-0.379954194889,
    1.347443775378));
#10153 = CARTESIAN_POINT('',(1.090012578402,-0.395656650006,
    1.347443775378));
#10154 = CARTESIAN_POINT('',(1.074310123284,-0.406872689376,
    1.347443775378));
#10155 = CARTESIAN_POINT('',(1.055915817006,-0.406872689376,
    1.347443775378));
#10156 = ORIENTED_EDGE('',*,*,#10157,.T.);
#10157 = EDGE_CURVE('',#10149,#10158,#10160,.T.);
#10158 = VERTEX_POINT('',#10159);
#10159 = CARTESIAN_POINT('',(1.011051659527,-0.362008531897,
    1.347443775378));
#10160 = B_SPLINE_CURVE_WITH_KNOTS('',3,(#10161,#10162,#10163,#10164),
  .UNSPECIFIED.,.F.,.F.,(4,4),(18.,19.),.PIECEWISE_BEZIER_KNOTS.);
#10161 = CARTESIAN_POINT('',(1.055915817006,-0.406872689376,
    1.347443775378));
#10162 = CARTESIAN_POINT('',(1.031240530392,-0.406872689376,
    1.347443775378));
#10163 = CARTESIAN_POINT('',(1.011051659527,-0.38668381851,
    1.347443775378));
#10164 = CARTESIAN_POINT('',(1.011051659527,-0.362008531897,
    1.347443775378));
#10165 = ORIENTED_EDGE('',*,*,#10166,.T.);
#10166 = EDGE_CURVE('',#10158,#10167,#10169,.T.);
#10167 = VERTEX_POINT('',#10168);
#10168 = CARTESIAN_POINT('',(1.017781283149,-0.338230531856,
    1.347443775378));
#10169 = B_SPLINE_CURVE_WITH_KNOTS('',3,(#10170,#10171,#10172,#10173),
  .UNSPECIFIED.,.F.,.F.,(4,4),(19.,20.),.PIECEWISE_BEZIER_KNOTS.);
#10170 = CARTESIAN_POINT('',(1.011051659527,-0.362008531897,
    1.347443775378));
#10171 = CARTESIAN_POINT('',(1.011051659527,-0.353484343687,
    1.347443775378));
#10172 = CARTESIAN_POINT('',(1.013743510687,-0.344960155478,
    1.347443775378));
#10173 = CARTESIAN_POINT('',(1.017781283149,-0.338230531856,
    1.347443775378));
#10174 = ORIENTED_EDGE('',*,*,#10175,.T.);
#10175 = EDGE_CURVE('',#10167,#10176,#10178,.T.);
#10176 = VERTEX_POINT('',#10177);
#10177 = CARTESIAN_POINT('',(0.974711715929,-0.278112571102,
    1.347443775378));
#10178 = B_SPLINE_CURVE_WITH_KNOTS('',3,(#10179,#10180,#10181,#10182),
  .UNSPECIFIED.,.F.,.F.,(4,4),(20.,21.),.PIECEWISE_BEZIER_KNOTS.);
#10179 = CARTESIAN_POINT('',(1.017781283149,-0.338230531856,
    1.347443775378));
#10180 = CARTESIAN_POINT('',(0.99265737892,-0.329706352203,
    1.347443775378));
#10181 = CARTESIAN_POINT('',(0.974711715929,-0.306376986891,
    1.347443775378));
#10182 = CARTESIAN_POINT('',(0.974711715929,-0.278112571102,
    1.347443775378));
#10183 = ORIENTED_EDGE('',*,*,#10184,.T.);
#10184 = EDGE_CURVE('',#10176,#10185,#10187,.T.);
#10185 = VERTEX_POINT('',#10186);
#10186 = CARTESIAN_POINT('',(1.030791912778,-0.215302750632,
    1.347443775378));
#10187 = B_SPLINE_CURVE_WITH_KNOTS('',3,(#10188,#10189,#10190,#10191),
  .UNSPECIFIED.,.F.,.F.,(4,4),(21.,22.),.PIECEWISE_BEZIER_KNOTS.);
#10188 = CARTESIAN_POINT('',(0.974711715929,-0.278112571102,
    1.347443775378));
#10189 = CARTESIAN_POINT('',(0.974711715929,-0.245810374294,
    1.347443775378));
#10190 = CARTESIAN_POINT('',(0.999387002542,-0.218891879807,
    1.347443775378));
#10191 = CARTESIAN_POINT('',(1.030791912778,-0.215302750632,
    1.347443775378));
#10192 = ORIENTED_EDGE('',*,*,#10193,.T.);
#10193 = EDGE_CURVE('',#10185,#10194,#10196,.T.);
#10194 = VERTEX_POINT('',#10195);
#10195 = CARTESIAN_POINT('',(1.030791912778,-0.211713621456,
    1.347443775378));
#10196 = B_SPLINE_CURVE_WITH_KNOTS('',3,(#10197,#10198,#10199,#10200),
  .UNSPECIFIED.,.F.,.F.,(4,4),(22.,23.),.PIECEWISE_BEZIER_KNOTS.);
#10197 = CARTESIAN_POINT('',(1.030791912778,-0.215302750632,
    1.347443775378));
#10198 = CARTESIAN_POINT('',(1.030791912778,-0.21395682933,
    1.347443775378));
#10199 = CARTESIAN_POINT('',(1.030791912778,-0.213059542758,
    1.347443775378));
#10200 = CARTESIAN_POINT('',(1.030791912778,-0.211713621456,
    1.347443775378));
#10201 = ORIENTED_EDGE('',*,*,#10202,.T.);
#10202 = EDGE_CURVE('',#10194,#10203,#10205,.T.);
#10203 = VERTEX_POINT('',#10204);
#10204 = CARTESIAN_POINT('',(1.065785952189,-0.176719582045,
    1.347443775378));
#10205 = B_SPLINE_CURVE_WITH_KNOTS('',3,(#10206,#10207,#10208,#10209),
  .UNSPECIFIED.,.F.,.F.,(4,4),(23.,24.),.PIECEWISE_BEZIER_KNOTS.);
#10206 = CARTESIAN_POINT('',(1.030791912778,-0.211713621456,
    1.347443775378));
#10207 = CARTESIAN_POINT('',(1.030791912778,-0.192422037163,
    1.347443775378));
#10208 = CARTESIAN_POINT('',(1.046494367895,-0.176719582045,
    1.347443775378));
#10209 = CARTESIAN_POINT('',(1.065785952189,-0.176719582045,
    1.347443775378));
#10210 = ORIENTED_EDGE('',*,*,#10211,.T.);
#10211 = EDGE_CURVE('',#10203,#10212,#10214,.T.);
#10212 = VERTEX_POINT('',#10213);
#10213 = CARTESIAN_POINT('',(1.100779991599,-0.209021778853,
    1.347443775378));
#10214 = B_SPLINE_CURVE_WITH_KNOTS('',3,(#10215,#10216,#10217,#10218),
  .UNSPECIFIED.,.F.,.F.,(4,4),(24.,25.),.PIECEWISE_BEZIER_KNOTS.);
#10215 = CARTESIAN_POINT('',(1.065785952189,-0.176719582045,
    1.347443775378));
#10216 = CARTESIAN_POINT('',(1.084180258467,-0.176719582045,
    1.347443775378));
#10217 = CARTESIAN_POINT('',(1.099434070298,-0.190627464018,
    1.347443775378));
#10218 = CARTESIAN_POINT('',(1.100779991599,-0.209021778853,
    1.347443775378));
#10219 = ORIENTED_EDGE('',*,*,#10220,.T.);
#10220 = EDGE_CURVE('',#10212,#10221,#10223,.T.);
#10221 = VERTEX_POINT('',#10222);
#10222 = CARTESIAN_POINT('',(1.100779991599,-0.229210649719,
    1.347443775378));
#10223 = B_SPLINE_CURVE_WITH_KNOTS('',1,(#10224,#10225),.UNSPECIFIED.,
  .F.,.F.,(2,2),(2.460465448667E-17,2.018887086563E-02),
  .PIECEWISE_BEZIER_KNOTS.);
#10224 = CARTESIAN_POINT('',(1.100779991599,-0.209021778853,
    1.347443775378));
#10225 = CARTESIAN_POINT('',(1.100779991599,-0.229210649719,
    1.347443775378));
#10226 = ORIENTED_EDGE('',*,*,#10227,.T.);
#10227 = EDGE_CURVE('',#10221,#10228,#10230,.T.);
#10228 = VERTEX_POINT('',#10229);
#10229 = CARTESIAN_POINT('',(1.10033135687,-0.231902492322,
    1.347443775378));
#10230 = B_SPLINE_CURVE_WITH_KNOTS('',3,(#10231,#10232,#10233,#10234),
  .UNSPECIFIED.,.F.,.F.,(4,4),(26.,27.),.PIECEWISE_BEZIER_KNOTS.);
#10231 = CARTESIAN_POINT('',(1.100779991599,-0.229210649719,
    1.347443775378));
#10232 = CARTESIAN_POINT('',(1.100779991599,-0.230107936291,
    1.347443775378));
#10233 = CARTESIAN_POINT('',(1.10033135687,-0.231005222863,
    1.347443775378));
#10234 = CARTESIAN_POINT('',(1.10033135687,-0.231902492322,
    1.347443775378));
#10235 = ORIENTED_EDGE('',*,*,#10236,.T.);
#10236 = EDGE_CURVE('',#10228,#10237,#10239,.T.);
#10237 = VERTEX_POINT('',#10238);
#10238 = CARTESIAN_POINT('',(1.114239238843,-0.245810374294,
    1.347443775378));
#10239 = B_SPLINE_CURVE_WITH_KNOTS('',3,(#10240,#10241,#10242,#10243),
  .UNSPECIFIED.,.F.,.F.,(4,4),(27.,28.),.PIECEWISE_BEZIER_KNOTS.);
#10240 = CARTESIAN_POINT('',(1.10033135687,-0.231902492322,
    1.347443775378));
#10241 = CARTESIAN_POINT('',(1.10033135687,-0.239529402516,
    1.347443775378));
#10242 = CARTESIAN_POINT('',(1.106612345763,-0.245810374294,
    1.347443775378));
#10243 = CARTESIAN_POINT('',(1.114239238843,-0.245810374294,
    1.347443775378));
#10244 = ORIENTED_EDGE('',*,*,#10245,.T.);
#10245 = EDGE_CURVE('',#10237,#10246,#10248,.T.);
#10246 = VERTEX_POINT('',#10247);
#10247 = CARTESIAN_POINT('',(1.128147120816,-0.23279976178,
    1.347443775378));
#10248 = B_SPLINE_CURVE_WITH_KNOTS('',3,(#10249,#10250,#10251,#10252),
  .UNSPECIFIED.,.F.,.F.,(4,4),(28.,29.),.PIECEWISE_BEZIER_KNOTS.);
#10249 = CARTESIAN_POINT('',(1.114239238843,-0.245810374294,
    1.347443775378));
#10250 = CARTESIAN_POINT('',(1.121417497194,-0.245810374294,
    1.347443775378));
#10251 = CARTESIAN_POINT('',(1.127698486087,-0.239978037245,
    1.347443775378));
#10252 = CARTESIAN_POINT('',(1.128147120816,-0.23279976178,
    1.347443775378));
#10253 = ORIENTED_EDGE('',*,*,#10254,.T.);
#10254 = EDGE_CURVE('',#10246,#10255,#10257,.T.);
#10255 = VERTEX_POINT('',#10256);
#10256 = CARTESIAN_POINT('',(1.128147120816,-0.206329919136,
    1.347443775378));
#10257 = B_SPLINE_CURVE_WITH_KNOTS('',1,(#10258,#10259),.UNSPECIFIED.,
  .F.,.F.,(2,2),(-4.920930897335E-17,2.646984264422E-02),
  .PIECEWISE_BEZIER_KNOTS.);
#10258 = CARTESIAN_POINT('',(1.128147120816,-0.23279976178,
    1.347443775378));
#10259 = CARTESIAN_POINT('',(1.128147120816,-0.206329919136,
    1.347443775378));
#10260 = ORIENTED_EDGE('',*,*,#10261,.T.);
#10261 = EDGE_CURVE('',#10255,#10262,#10264,.T.);
#10262 = VERTEX_POINT('',#10263);
#10263 = CARTESIAN_POINT('',(1.10795824995,-0.165503542676,
    1.347443775378));
#10264 = B_SPLINE_CURVE_WITH_KNOTS('',3,(#10265,#10266,#10267,#10268),
  .UNSPECIFIED.,.F.,.F.,(4,4),(33.,34.),.PIECEWISE_BEZIER_KNOTS.);
#10265 = CARTESIAN_POINT('',(1.128147120816,-0.206329919136,
    1.347443775378));
#10266 = CARTESIAN_POINT('',(1.126801199515,-0.190627464018,
    1.347443775378));
#10267 = CARTESIAN_POINT('',(1.119622924049,-0.176270930202,
    1.347443775378));
#10268 = CARTESIAN_POINT('',(1.10795824995,-0.165503542676,
    1.347443775378));
#10269 = ORIENTED_EDGE('',*,*,#10270,.T.);
#10270 = EDGE_CURVE('',#10262,#9991,#10271,.T.);
#10271 = B_SPLINE_CURVE_WITH_KNOTS('',3,(#10272,#10273,#10274,#10275),
  .UNSPECIFIED.,.F.,.F.,(4,4),(34.,35.),.PIECEWISE_BEZIER_KNOTS.);
#10272 = CARTESIAN_POINT('',(1.10795824995,-0.165503542676,
    1.347443775378));
#10273 = CARTESIAN_POINT('',(1.096293575852,-0.154736138035,
    1.347443775378));
#10274 = CARTESIAN_POINT('',(1.081039755463,-0.148903800985,
    1.347443775378));
#10275 = CARTESIAN_POINT('',(1.065337300345,-0.148903800985,
    1.347443775378));
#10276 = FACE_BOUND('',#10277,.T.);
#10277 = EDGE_LOOP('',(#10278,#10292));
#10278 = ORIENTED_EDGE('',*,*,#10279,.F.);
#10279 = EDGE_CURVE('',#10280,#10282,#10284,.T.);
#10280 = VERTEX_POINT('',#10281);
#10281 = CARTESIAN_POINT('',(1.130838997648,-0.338230540413,
    1.347443775378));
#10282 = VERTEX_POINT('',#10283);
#10283 = CARTESIAN_POINT('',(1.095844941123,-0.338230540413,
    1.347443775378));
#10284 = B_SPLINE_CURVE_WITH_KNOTS('',3,(#10285,#10286,#10287,#10288,
    #10289,#10290,#10291),.UNSPECIFIED.,.F.,.F.,(4,3,4),(0.,1.,2.),
  .PIECEWISE_BEZIER_KNOTS.);
#10285 = CARTESIAN_POINT('',(1.130838997648,-0.338230540413,
    1.347443775378));
#10286 = CARTESIAN_POINT('',(1.130838997648,-0.328360430902,
    1.347443775378));
#10287 = CARTESIAN_POINT('',(1.12276343561,-0.320733520708,
    1.347443775378));
#10288 = CARTESIAN_POINT('',(1.113341969385,-0.320733520708,
    1.347443775378));
#10289 = CARTESIAN_POINT('',(1.103471851317,-0.320733520708,
    1.347443775378));
#10290 = CARTESIAN_POINT('',(1.095844941123,-0.328809065631,
    1.347443775378));
#10291 = CARTESIAN_POINT('',(1.095844941123,-0.338230540413,
    1.347443775378));
#10292 = ORIENTED_EDGE('',*,*,#10293,.F.);
#10293 = EDGE_CURVE('',#10282,#10280,#10294,.T.);
#10294 = B_SPLINE_CURVE_WITH_KNOTS('',3,(#10295,#10296,#10297,#10298,
    #10299,#10300),.UNSPECIFIED.,.F.,.F.,(4,2,4),(2.,3.,4.),
  .UNSPECIFIED.);
#10295 = CARTESIAN_POINT('',(1.095844941123,-0.338230540413,
    1.347443775378));
#10296 = CARTESIAN_POINT('',(1.095844941123,-0.347652015195,
    1.347443775378));
#10297 = CARTESIAN_POINT('',(1.103471851317,-0.355727560118,
    1.347443775378));
#10298 = CARTESIAN_POINT('',(1.123212087453,-0.355727560118,
    1.347443775378));
#10299 = CARTESIAN_POINT('',(1.130838997648,-0.347652015195,
    1.347443775378));
#10300 = CARTESIAN_POINT('',(1.130838997648,-0.338230540413,
    1.347443775378));
#10301 = B_SPLINE_SURFACE_WITH_KNOTS('',1,1,(
    (#10302,#10303)
    ,(#10304,#10305
    )),.UNSPECIFIED.,.F.,.F.,.F.,(2,2),(2,2),(-0.128872272677,
    8.109196378788E-02),(-0.27344703898,1.278628231449E-02),
  .PIECEWISE_BEZIER_KNOTS.);
#10302 = CARTESIAN_POINT('',(1.157757457907,-0.435137122279,
    1.347443775378));
#10303 = CARTESIAN_POINT('',(1.157757457907,-0.148903800985,
    1.347443775378));
#10304 = CARTESIAN_POINT('',(0.947793221441,-0.435137122279,
    1.347443775378));
#10305 = CARTESIAN_POINT('',(0.947793221441,-0.148903800985,
    1.347443775378));
#10306 = ADVANCED_FACE('',(#10307),#10321,.F.);
#10307 = FACE_BOUND('',#10308,.F.);
#10308 = EDGE_LOOP('',(#10309,#10314,#10315,#10320));
#10309 = ORIENTED_EDGE('',*,*,#10310,.F.);
#10310 = EDGE_CURVE('',#9991,#1436,#10311,.T.);
#10311 = B_SPLINE_CURVE_WITH_KNOTS('',1,(#10312,#10313),.UNSPECIFIED.,
  .F.,.F.,(2,2),(-0.,8.864761022221E-03),.PIECEWISE_BEZIER_KNOTS.);
#10312 = CARTESIAN_POINT('',(1.065337300345,-0.148903800985,
    1.347443775378));
#10313 = CARTESIAN_POINT('',(1.065337300345,-0.148903800985,
    1.338579014355));
#10314 = ORIENTED_EDGE('',*,*,#9990,.T.);
#10315 = ORIENTED_EDGE('',*,*,#10316,.T.);
#10316 = EDGE_CURVE('',#9993,#1425,#10317,.T.);
#10317 = B_SPLINE_CURVE_WITH_KNOTS('',1,(#10318,#10319),.UNSPECIFIED.,
  .F.,.F.,(2,2),(-0.,8.864761022221E-03),.PIECEWISE_BEZIER_KNOTS.);
#10318 = CARTESIAN_POINT('',(1.00656526945,-0.193319306621,
    1.347443775378));
#10319 = CARTESIAN_POINT('',(1.00656526945,-0.193319306621,
    1.338579014355));
#10320 = ORIENTED_EDGE('',*,*,#1435,.F.);
#10321 = B_SPLINE_SURFACE_WITH_KNOTS('',3,1,(
    (#10322,#10323)
    ,(#10324,#10325)
    ,(#10326,#10327)
    ,(#10328,#10329
    )),.UNSPECIFIED.,.F.,.F.,.F.,(4,4),(2,2),(35.,36.),(0.,1.),
  .PIECEWISE_BEZIER_KNOTS.);
#10322 = CARTESIAN_POINT('',(1.065337300345,-0.148903800985,
    1.347443775378));
#10323 = CARTESIAN_POINT('',(1.065337300345,-0.148903800985,
    1.338579014355));
#10324 = CARTESIAN_POINT('',(1.038418822972,-0.149352435714,
    1.347443775378));
#10325 = CARTESIAN_POINT('',(1.038418822972,-0.149352435714,
    1.338579014355));
#10326 = CARTESIAN_POINT('',(1.014640814374,-0.167746750549,
    1.347443775378));
#10327 = CARTESIAN_POINT('',(1.014640814374,-0.167746750549,
    1.338579014355));
#10328 = CARTESIAN_POINT('',(1.00656526945,-0.193319306621,
    1.347443775378));
#10329 = CARTESIAN_POINT('',(1.00656526945,-0.193319306621,
    1.338579014355));
#10330 = ADVANCED_FACE('',(#10331),#10341,.F.);
#10331 = FACE_BOUND('',#10332,.F.);
#10332 = EDGE_LOOP('',(#10333,#10334,#10335,#10340));
#10333 = ORIENTED_EDGE('',*,*,#10316,.F.);
#10334 = ORIENTED_EDGE('',*,*,#10001,.T.);
#10335 = ORIENTED_EDGE('',*,*,#10336,.T.);
#10336 = EDGE_CURVE('',#10002,#1427,#10337,.T.);
#10337 = B_SPLINE_CURVE_WITH_KNOTS('',1,(#10338,#10339),.UNSPECIFIED.,
  .F.,.F.,(2,2),(-0.,8.864761022221E-03),.PIECEWISE_BEZIER_KNOTS.);
#10338 = CARTESIAN_POINT('',(0.971122584614,-0.217545958505,
    1.347443775378));
#10339 = CARTESIAN_POINT('',(0.971122584614,-0.217545958505,
    1.338579014355));
#10340 = ORIENTED_EDGE('',*,*,#1424,.F.);
#10341 = B_SPLINE_SURFACE_WITH_KNOTS('',3,1,(
    (#10342,#10343)
    ,(#10344,#10345)
    ,(#10346,#10347)
    ,(#10348,#10349
    )),.UNSPECIFIED.,.F.,.F.,.F.,(4,4),(2,2),(0.,1.),(0.,1.),
  .PIECEWISE_BEZIER_KNOTS.);
#10342 = CARTESIAN_POINT('',(1.00656526945,-0.193319306621,
    1.347443775378));
#10343 = CARTESIAN_POINT('',(1.00656526945,-0.193319306621,
    1.338579014355));
#10344 = CARTESIAN_POINT('',(0.993106022207,-0.198254357098,
    1.347443775378));
#10345 = CARTESIAN_POINT('',(0.993106022207,-0.198254357098,
    1.338579014355));
#10346 = CARTESIAN_POINT('',(0.980992700543,-0.206778553865,
    1.347443775378));
#10347 = CARTESIAN_POINT('',(0.980992700543,-0.206778553865,
    1.338579014355));
#10348 = CARTESIAN_POINT('',(0.971122584614,-0.217545958505,
    1.347443775378));
#10349 = CARTESIAN_POINT('',(0.971122584614,-0.217545958505,
    1.338579014355));
#10350 = ADVANCED_FACE('',(#10351),#10361,.F.);
#10351 = FACE_BOUND('',#10352,.F.);
#10352 = EDGE_LOOP('',(#10353,#10354,#10355,#10360));
#10353 = ORIENTED_EDGE('',*,*,#10336,.F.);
#10354 = ORIENTED_EDGE('',*,*,#10010,.T.);
#10355 = ORIENTED_EDGE('',*,*,#10356,.T.);
#10356 = EDGE_CURVE('',#10011,#1696,#10357,.T.);
#10357 = B_SPLINE_CURVE_WITH_KNOTS('',1,(#10358,#10359),.UNSPECIFIED.,
  .F.,.F.,(2,2),(-0.,8.864761022221E-03),.PIECEWISE_BEZIER_KNOTS.);
#10358 = CARTESIAN_POINT('',(0.947793221441,-0.278561205831,
    1.347443775378));
#10359 = CARTESIAN_POINT('',(0.947793221441,-0.278561205831,
    1.338579014355));
#10360 = ORIENTED_EDGE('',*,*,#1704,.F.);
#10361 = B_SPLINE_SURFACE_WITH_KNOTS('',3,1,(
    (#10362,#10363)
    ,(#10364,#10365)
    ,(#10366,#10367)
    ,(#10368,#10369
    )),.UNSPECIFIED.,.F.,.F.,.F.,(4,4),(2,2),(1.,2.),(0.,1.),
  .PIECEWISE_BEZIER_KNOTS.);
#10362 = CARTESIAN_POINT('',(0.971122584614,-0.217545958505,
    1.347443775378));
#10363 = CARTESIAN_POINT('',(0.971122584614,-0.217545958505,
    1.338579014355));
#10364 = CARTESIAN_POINT('',(0.956317411255,-0.234594334925,
    1.347443775378));
#10365 = CARTESIAN_POINT('',(0.956317411255,-0.234594334925,
    1.338579014355));
#10366 = CARTESIAN_POINT('',(0.947793221441,-0.256129127092,
    1.347443775378));
#10367 = CARTESIAN_POINT('',(0.947793221441,-0.256129127092,
    1.338579014355));
#10368 = CARTESIAN_POINT('',(0.947793221441,-0.278561205831,
    1.347443775378));
#10369 = CARTESIAN_POINT('',(0.947793221441,-0.278561205831,
    1.338579014355));
#10370 = ADVANCED_FACE('',(#10371),#10381,.F.);
#10371 = FACE_BOUND('',#10372,.F.);
#10372 = EDGE_LOOP('',(#10373,#10374,#10375,#10380));
#10373 = ORIENTED_EDGE('',*,*,#10356,.F.);
#10374 = ORIENTED_EDGE('',*,*,#10019,.T.);
#10375 = ORIENTED_EDGE('',*,*,#10376,.T.);
#10376 = EDGE_CURVE('',#10020,#1687,#10377,.T.);
#10377 = B_SPLINE_CURVE_WITH_KNOTS('',1,(#10378,#10379),.UNSPECIFIED.,
  .F.,.F.,(2,2),(-0.,8.864761022221E-03),.PIECEWISE_BEZIER_KNOTS.);
#10378 = CARTESIAN_POINT('',(0.965290243286,-0.332398194807,
    1.347443775378));
#10379 = CARTESIAN_POINT('',(0.965290243286,-0.332398194807,
    1.338579014355));
#10380 = ORIENTED_EDGE('',*,*,#1695,.F.);
#10381 = B_SPLINE_SURFACE_WITH_KNOTS('',3,1,(
    (#10382,#10383)
    ,(#10384,#10385)
    ,(#10386,#10387)
    ,(#10388,#10389
    )),.UNSPECIFIED.,.F.,.F.,.F.,(4,4),(2,2),(2.,3.),(0.,1.),
  .PIECEWISE_BEZIER_KNOTS.);
#10382 = CARTESIAN_POINT('',(0.947793221441,-0.278561205831,
    1.347443775378));
#10383 = CARTESIAN_POINT('',(0.947793221441,-0.278561205831,
    1.338579014355));
#10384 = CARTESIAN_POINT('',(0.947793221441,-0.298301433411,
    1.347443775378));
#10385 = CARTESIAN_POINT('',(0.947793221441,-0.298301433411,
    1.338579014355));
#10386 = CARTESIAN_POINT('',(0.954074203381,-0.316695739689,
    1.347443775378));
#10387 = CARTESIAN_POINT('',(0.954074203381,-0.316695739689,
    1.338579014355));
#10388 = CARTESIAN_POINT('',(0.965290243286,-0.332398194807,
    1.347443775378));
#10389 = CARTESIAN_POINT('',(0.965290243286,-0.332398194807,
    1.338579014355));
#10390 = ADVANCED_FACE('',(#10391),#10401,.F.);
#10391 = FACE_BOUND('',#10392,.F.);
#10392 = EDGE_LOOP('',(#10393,#10394,#10395,#10400));
#10393 = ORIENTED_EDGE('',*,*,#10376,.F.);
#10394 = ORIENTED_EDGE('',*,*,#10028,.T.);
#10395 = ORIENTED_EDGE('',*,*,#10396,.T.);
#10396 = EDGE_CURVE('',#10029,#1678,#10397,.T.);
#10397 = B_SPLINE_CURVE_WITH_KNOTS('',1,(#10398,#10399),.UNSPECIFIED.,
  .F.,.F.,(2,2),(-0.,8.864761022221E-03),.PIECEWISE_BEZIER_KNOTS.);
#10398 = CARTESIAN_POINT('',(0.985030473005,-0.352138422386,
    1.347443775378));
#10399 = CARTESIAN_POINT('',(0.985030473005,-0.352138422386,
    1.338579014355));
#10400 = ORIENTED_EDGE('',*,*,#1686,.F.);
#10401 = B_SPLINE_SURFACE_WITH_KNOTS('',3,1,(
    (#10402,#10403)
    ,(#10404,#10405)
    ,(#10406,#10407)
    ,(#10408,#10409
    )),.UNSPECIFIED.,.F.,.F.,.F.,(4,4),(2,2),(3.,4.),(0.,1.),
  .PIECEWISE_BEZIER_KNOTS.);
#10402 = CARTESIAN_POINT('',(0.965290243286,-0.332398194807,
    1.347443775378));
#10403 = CARTESIAN_POINT('',(0.965290243286,-0.332398194807,
    1.338579014355));
#10404 = CARTESIAN_POINT('',(0.970673943467,-0.340025105001,
    1.347443775378));
#10405 = CARTESIAN_POINT('',(0.970673943467,-0.340025105001,
    1.338579014355));
#10406 = CARTESIAN_POINT('',(0.977403567089,-0.346306085336,
    1.347443775378));
#10407 = CARTESIAN_POINT('',(0.977403567089,-0.346306085336,
    1.338579014355));
#10408 = CARTESIAN_POINT('',(0.985030473005,-0.352138422386,
    1.347443775378));
#10409 = CARTESIAN_POINT('',(0.985030473005,-0.352138422386,
    1.338579014355));
#10410 = ADVANCED_FACE('',(#10411),#10421,.F.);
#10411 = FACE_BOUND('',#10412,.F.);
#10412 = EDGE_LOOP('',(#10413,#10414,#10415,#10420));
#10413 = ORIENTED_EDGE('',*,*,#10396,.F.);
#10414 = ORIENTED_EDGE('',*,*,#10037,.T.);
#10415 = ORIENTED_EDGE('',*,*,#10416,.T.);
#10416 = EDGE_CURVE('',#10038,#1669,#10417,.T.);
#10417 = B_SPLINE_CURVE_WITH_KNOTS('',1,(#10418,#10419),.UNSPECIFIED.,
  .F.,.F.,(2,2),(-0.,8.864761022221E-03),.PIECEWISE_BEZIER_KNOTS.);
#10418 = CARTESIAN_POINT('',(0.984133190711,-0.362457175183,
    1.347443775378));
#10419 = CARTESIAN_POINT('',(0.984133190711,-0.362457175183,
    1.338579014355));
#10420 = ORIENTED_EDGE('',*,*,#1677,.F.);
#10421 = B_SPLINE_SURFACE_WITH_KNOTS('',3,1,(
    (#10422,#10423)
    ,(#10424,#10425)
    ,(#10426,#10427)
    ,(#10428,#10429
    )),.UNSPECIFIED.,.F.,.F.,.F.,(4,4),(2,2),(4.,5.),(0.,1.),
  .PIECEWISE_BEZIER_KNOTS.);
#10422 = CARTESIAN_POINT('',(0.985030473005,-0.352138422386,
    1.347443775378));
#10423 = CARTESIAN_POINT('',(0.985030473005,-0.352138422386,
    1.338579014355));
#10424 = CARTESIAN_POINT('',(0.984581829718,-0.355727551561,
    1.347443775378));
#10425 = CARTESIAN_POINT('',(0.984581829718,-0.355727551561,
    1.338579014355));
#10426 = CARTESIAN_POINT('',(0.984133190711,-0.358868046008,
    1.347443775378));
#10427 = CARTESIAN_POINT('',(0.984133190711,-0.358868046008,
    1.338579014355));
#10428 = CARTESIAN_POINT('',(0.984133190711,-0.362457175183,
    1.347443775378));
#10429 = CARTESIAN_POINT('',(0.984133190711,-0.362457175183,
    1.338579014355));
#10430 = ADVANCED_FACE('',(#10431),#10441,.F.);
#10431 = FACE_BOUND('',#10432,.F.);
#10432 = EDGE_LOOP('',(#10433,#10434,#10435,#10440));
#10433 = ORIENTED_EDGE('',*,*,#10416,.F.);
#10434 = ORIENTED_EDGE('',*,*,#10046,.T.);
#10435 = ORIENTED_EDGE('',*,*,#10436,.T.);
#10436 = EDGE_CURVE('',#10047,#1660,#10437,.T.);
#10437 = B_SPLINE_CURVE_WITH_KNOTS('',1,(#10438,#10439),.UNSPECIFIED.,
  .F.,.F.,(2,2),(-0.,8.864761022221E-03),.PIECEWISE_BEZIER_KNOTS.);
#10438 = CARTESIAN_POINT('',(1.005667987157,-0.414050956284,
    1.347443775378));
#10439 = CARTESIAN_POINT('',(1.005667987157,-0.414050956284,
    1.338579014355));
#10440 = ORIENTED_EDGE('',*,*,#1668,.F.);
#10441 = B_SPLINE_SURFACE_WITH_KNOTS('',3,1,(
    (#10442,#10443)
    ,(#10444,#10445)
    ,(#10446,#10447)
    ,(#10448,#10449
    )),.UNSPECIFIED.,.F.,.F.,.F.,(4,4),(2,2),(5.,6.),(0.,1.),
  .PIECEWISE_BEZIER_KNOTS.);
#10442 = CARTESIAN_POINT('',(0.984133190711,-0.362457175183,
    1.347443775378));
#10443 = CARTESIAN_POINT('',(0.984133190711,-0.362457175183,
    1.338579014355));
#10444 = CARTESIAN_POINT('',(0.984133190711,-0.381748763755,
    1.347443775378));
#10445 = CARTESIAN_POINT('',(0.984133190711,-0.381748763755,
    1.338579014355));
#10446 = CARTESIAN_POINT('',(0.991760096626,-0.400143065754,
    1.347443775378));
#10447 = CARTESIAN_POINT('',(0.991760096626,-0.400143065754,
    1.338579014355));
#10448 = CARTESIAN_POINT('',(1.005667987157,-0.414050956284,
    1.347443775378));
#10449 = CARTESIAN_POINT('',(1.005667987157,-0.414050956284,
    1.338579014355));
#10450 = ADVANCED_FACE('',(#10451),#10461,.F.);
#10451 = FACE_BOUND('',#10452,.F.);
#10452 = EDGE_LOOP('',(#10453,#10454,#10455,#10460));
#10453 = ORIENTED_EDGE('',*,*,#10436,.F.);
#10454 = ORIENTED_EDGE('',*,*,#10055,.T.);
#10455 = ORIENTED_EDGE('',*,*,#10456,.T.);
#10456 = EDGE_CURVE('',#10056,#1651,#10457,.T.);
#10457 = B_SPLINE_CURVE_WITH_KNOTS('',1,(#10458,#10459),.UNSPECIFIED.,
  .F.,.F.,(2,2),(-0.,8.864761022221E-03),.PIECEWISE_BEZIER_KNOTS.);
#10458 = CARTESIAN_POINT('',(1.056813120693,-0.435137122279,
    1.347443775378));
#10459 = CARTESIAN_POINT('',(1.056813120693,-0.435137122279,
    1.338579014355));
#10460 = ORIENTED_EDGE('',*,*,#1659,.F.);
#10461 = B_SPLINE_SURFACE_WITH_KNOTS('',3,1,(
    (#10462,#10463)
    ,(#10464,#10465)
    ,(#10466,#10467)
    ,(#10468,#10469
    )),.UNSPECIFIED.,.F.,.F.,.F.,(4,4),(2,2),(6.,7.),(0.,1.),
  .PIECEWISE_BEZIER_KNOTS.);
#10462 = CARTESIAN_POINT('',(1.005667987157,-0.414050956284,
    1.347443775378));
#10463 = CARTESIAN_POINT('',(1.005667987157,-0.414050956284,
    1.338579014355));
#10464 = CARTESIAN_POINT('',(1.019127230122,-0.427510215294,
    1.347443775378));
#10465 = CARTESIAN_POINT('',(1.019127230122,-0.427510215294,
    1.338579014355));
#10466 = CARTESIAN_POINT('',(1.0375215364,-0.435137122279,1.347443775378
    ));
#10467 = CARTESIAN_POINT('',(1.0375215364,-0.435137122279,1.338579014355
    ));
#10468 = CARTESIAN_POINT('',(1.056813120693,-0.435137122279,
    1.347443775378));
#10469 = CARTESIAN_POINT('',(1.056813120693,-0.435137122279,
    1.338579014355));
#10470 = ADVANCED_FACE('',(#10471),#10481,.F.);
#10471 = FACE_BOUND('',#10472,.F.);
#10472 = EDGE_LOOP('',(#10473,#10474,#10475,#10480));
#10473 = ORIENTED_EDGE('',*,*,#10456,.F.);
#10474 = ORIENTED_EDGE('',*,*,#10064,.T.);
#10475 = ORIENTED_EDGE('',*,*,#10476,.T.);
#10476 = EDGE_CURVE('',#10065,#1642,#10477,.T.);
#10477 = B_SPLINE_CURVE_WITH_KNOTS('',1,(#10478,#10479),.UNSPECIFIED.,
  .F.,.F.,(2,2),(-0.,8.864761022221E-03),.PIECEWISE_BEZIER_KNOTS.);
#10478 = CARTESIAN_POINT('',(1.105715042076,-0.416294176994,
    1.347443775378));
#10479 = CARTESIAN_POINT('',(1.105715042076,-0.416294176994,
    1.338579014355));
#10480 = ORIENTED_EDGE('',*,*,#1650,.F.);
#10481 = B_SPLINE_SURFACE_WITH_KNOTS('',3,1,(
    (#10482,#10483)
    ,(#10484,#10485)
    ,(#10486,#10487)
    ,(#10488,#10489
    )),.UNSPECIFIED.,.F.,.F.,.F.,(4,4),(2,2),(7.,8.),(0.,1.),
  .PIECEWISE_BEZIER_KNOTS.);
#10482 = CARTESIAN_POINT('',(1.056813120693,-0.435137122279,
    1.347443775378));
#10483 = CARTESIAN_POINT('',(1.056813120693,-0.435137122279,
    1.338579014355));
#10484 = CARTESIAN_POINT('',(1.074758783684,-0.435137122279,
    1.347443775378));
#10485 = CARTESIAN_POINT('',(1.074758783684,-0.435137122279,
    1.338579014355));
#10486 = CARTESIAN_POINT('',(1.092255811947,-0.428407498658,
    1.347443775378));
#10487 = CARTESIAN_POINT('',(1.092255811947,-0.428407498658,
    1.338579014355));
#10488 = CARTESIAN_POINT('',(1.105715042076,-0.416294176994,
    1.347443775378));
#10489 = CARTESIAN_POINT('',(1.105715042076,-0.416294176994,
    1.338579014355));
#10490 = ADVANCED_FACE('',(#10491),#10501,.F.);
#10491 = FACE_BOUND('',#10492,.F.);
#10492 = EDGE_LOOP('',(#10493,#10494,#10495,#10500));
#10493 = ORIENTED_EDGE('',*,*,#10476,.F.);
#10494 = ORIENTED_EDGE('',*,*,#10073,.T.);
#10495 = ORIENTED_EDGE('',*,*,#10496,.T.);
#10496 = EDGE_CURVE('',#10074,#1633,#10497,.T.);
#10497 = B_SPLINE_CURVE_WITH_KNOTS('',1,(#10498,#10499),.UNSPECIFIED.,
  .F.,.F.,(2,2),(-0.,8.864761022221E-03),.PIECEWISE_BEZIER_KNOTS.);
#10498 = CARTESIAN_POINT('',(1.127249834244,-0.380402851011,
    1.347443775378));
#10499 = CARTESIAN_POINT('',(1.127249834244,-0.380402851011,
    1.338579014355));
#10500 = ORIENTED_EDGE('',*,*,#1641,.F.);
#10501 = B_SPLINE_SURFACE_WITH_KNOTS('',3,1,(
    (#10502,#10503)
    ,(#10504,#10505)
    ,(#10506,#10507)
    ,(#10508,#10509
    )),.UNSPECIFIED.,.F.,.F.,.F.,(4,4),(2,2),(8.,9.),(0.,1.),
  .PIECEWISE_BEZIER_KNOTS.);
#10502 = CARTESIAN_POINT('',(1.105715042076,-0.416294176994,
    1.347443775378));
#10503 = CARTESIAN_POINT('',(1.105715042076,-0.416294176994,
    1.338579014355));
#10504 = CARTESIAN_POINT('',(1.116482446717,-0.406424063204,
    1.347443775378));
#10505 = CARTESIAN_POINT('',(1.116482446717,-0.406424063204,
    1.338579014355));
#10506 = CARTESIAN_POINT('',(1.123660705068,-0.394310737262,
    1.347443775378));
#10507 = CARTESIAN_POINT('',(1.123660705068,-0.394310737262,
    1.338579014355));
#10508 = CARTESIAN_POINT('',(1.127249834244,-0.380402851011,
    1.347443775378));
#10509 = CARTESIAN_POINT('',(1.127249834244,-0.380402851011,
    1.338579014355));
#10510 = ADVANCED_FACE('',(#10511),#10521,.F.);
#10511 = FACE_BOUND('',#10512,.F.);
#10512 = EDGE_LOOP('',(#10513,#10514,#10515,#10520));
#10513 = ORIENTED_EDGE('',*,*,#10496,.F.);
#10514 = ORIENTED_EDGE('',*,*,#10082,.T.);
#10515 = ORIENTED_EDGE('',*,*,#10516,.T.);
#10516 = EDGE_CURVE('',#10083,#1624,#10517,.T.);
#10517 = B_SPLINE_CURVE_WITH_KNOTS('',1,(#10518,#10519),.UNSPECIFIED.,
  .F.,.F.,(2,2),(-0.,8.864761022221E-03),.PIECEWISE_BEZIER_KNOTS.);
#10518 = CARTESIAN_POINT('',(1.157757457907,-0.337781897127,
    1.347443775378));
#10519 = CARTESIAN_POINT('',(1.157757457907,-0.337781897127,
    1.338579014355));
#10520 = ORIENTED_EDGE('',*,*,#1632,.F.);
#10521 = B_SPLINE_SURFACE_WITH_KNOTS('',3,1,(
    (#10522,#10523)
    ,(#10524,#10525)
    ,(#10526,#10527)
    ,(#10528,#10529
    )),.UNSPECIFIED.,.F.,.F.,.F.,(4,4),(2,2),(9.,10.),(0.,1.),
  .PIECEWISE_BEZIER_KNOTS.);
#10522 = CARTESIAN_POINT('',(1.127249834244,-0.380402851011,
    1.347443775378));
#10523 = CARTESIAN_POINT('',(1.127249834244,-0.380402851011,
    1.338579014355));
#10524 = CARTESIAN_POINT('',(1.145195497236,-0.374570509683,
    1.347443775378));
#10525 = CARTESIAN_POINT('',(1.145195497236,-0.374570509683,
    1.338579014355));
#10526 = CARTESIAN_POINT('',(1.157757457907,-0.357522133263,
    1.347443775378));
#10527 = CARTESIAN_POINT('',(1.157757457907,-0.357522133263,
    1.338579014355));
#10528 = CARTESIAN_POINT('',(1.157757457907,-0.337781897127,
    1.347443775378));
#10529 = CARTESIAN_POINT('',(1.157757457907,-0.337781897127,
    1.338579014355));
#10530 = ADVANCED_FACE('',(#10531),#10541,.F.);
#10531 = FACE_BOUND('',#10532,.F.);
#10532 = EDGE_LOOP('',(#10533,#10534,#10535,#10540));
#10533 = ORIENTED_EDGE('',*,*,#10516,.F.);
#10534 = ORIENTED_EDGE('',*,*,#10091,.T.);
#10535 = ORIENTED_EDGE('',*,*,#10536,.T.);
#10536 = EDGE_CURVE('',#10092,#1615,#10537,.T.);
#10537 = B_SPLINE_CURVE_WITH_KNOTS('',1,(#10538,#10539),.UNSPECIFIED.,
  .F.,.F.,(2,2),(-0.,8.864761022221E-03),.PIECEWISE_BEZIER_KNOTS.);
#10538 = CARTESIAN_POINT('',(1.112893300428,-0.292917739647,
    1.347443775378));
#10539 = CARTESIAN_POINT('',(1.112893300428,-0.292917739647,
    1.338579014355));
#10540 = ORIENTED_EDGE('',*,*,#1623,.F.);
#10541 = B_SPLINE_SURFACE_WITH_KNOTS('',3,1,(
    (#10542,#10543)
    ,(#10544,#10545)
    ,(#10546,#10547)
    ,(#10548,#10549
    )),.UNSPECIFIED.,.F.,.F.,.F.,(4,4),(2,2),(10.,11.),(0.,1.),
  .PIECEWISE_BEZIER_KNOTS.);
#10542 = CARTESIAN_POINT('',(1.157757457907,-0.337781897127,
    1.347443775378));
#10543 = CARTESIAN_POINT('',(1.157757457907,-0.337781897127,
    1.338579014355));
#10544 = CARTESIAN_POINT('',(1.157757457907,-0.313106610513,
    1.347443775378));
#10545 = CARTESIAN_POINT('',(1.157757457907,-0.313106610513,
    1.338579014355));
#10546 = CARTESIAN_POINT('',(1.137568587041,-0.292917739647,
    1.347443775378));
#10547 = CARTESIAN_POINT('',(1.137568587041,-0.292917739647,
    1.338579014355));
#10548 = CARTESIAN_POINT('',(1.112893300428,-0.292917739647,
    1.347443775378));
#10549 = CARTESIAN_POINT('',(1.112893300428,-0.292917739647,
    1.338579014355));
#10550 = ADVANCED_FACE('',(#10551),#10561,.F.);
#10551 = FACE_BOUND('',#10552,.T.);
#10552 = EDGE_LOOP('',(#10553,#10554,#10559,#10560));
#10553 = ORIENTED_EDGE('',*,*,#1614,.T.);
#10554 = ORIENTED_EDGE('',*,*,#10555,.F.);
#10555 = EDGE_CURVE('',#10101,#1608,#10556,.T.);
#10556 = B_SPLINE_CURVE_WITH_KNOTS('',1,(#10557,#10558),.UNSPECIFIED.,
  .F.,.F.,(2,2),(-0.,8.864761022221E-03),.PIECEWISE_BEZIER_KNOTS.);
#10557 = CARTESIAN_POINT('',(1.108406884679,-0.292917739647,
    1.347443775378));
#10558 = CARTESIAN_POINT('',(1.108406884679,-0.292917739647,
    1.338579014355));
#10559 = ORIENTED_EDGE('',*,*,#10100,.F.);
#10560 = ORIENTED_EDGE('',*,*,#10536,.T.);
#10561 = B_SPLINE_SURFACE_WITH_KNOTS('',1,1,(
    (#10562,#10563)
    ,(#10564,#10565
    )),.UNSPECIFIED.,.F.,.F.,.F.,(2,2),(2,2),(-0.,8.864761022221E-03),(
    -4.486415748205E-03,0.),.PIECEWISE_BEZIER_KNOTS.);
#10562 = CARTESIAN_POINT('',(1.108406884679,-0.292917739647,
    1.347443775378));
#10563 = CARTESIAN_POINT('',(1.112893300428,-0.292917739647,
    1.347443775378));
#10564 = CARTESIAN_POINT('',(1.108406884679,-0.292917739647,
    1.338579014355));
#10565 = CARTESIAN_POINT('',(1.112893300428,-0.292917739647,
    1.338579014355));
#10566 = ADVANCED_FACE('',(#10567),#10577,.F.);
#10567 = FACE_BOUND('',#10568,.T.);
#10568 = EDGE_LOOP('',(#10569,#10570,#10575,#10576));
#10569 = ORIENTED_EDGE('',*,*,#1607,.T.);
#10570 = ORIENTED_EDGE('',*,*,#10571,.F.);
#10571 = EDGE_CURVE('',#10110,#1601,#10572,.T.);
#10572 = B_SPLINE_CURVE_WITH_KNOTS('',1,(#10573,#10574),.UNSPECIFIED.,
  .F.,.F.,(2,2),(-0.,8.864761022221E-03),.PIECEWISE_BEZIER_KNOTS.);
#10573 = CARTESIAN_POINT('',(1.075207409856,-0.230107919177,
    1.347443775378));
#10574 = CARTESIAN_POINT('',(1.075207409856,-0.230107919177,
    1.338579014355));
#10575 = ORIENTED_EDGE('',*,*,#10109,.F.);
#10576 = ORIENTED_EDGE('',*,*,#10555,.T.);
#10577 = B_SPLINE_SURFACE_WITH_KNOTS('',1,1,(
    (#10578,#10579)
    ,(#10580,#10581
    )),.UNSPECIFIED.,.F.,.F.,.F.,(2,2),(2,2),(-7.104420226942E-02,
    4.9077128486E-17),(-8.864761022221E-03,0.),
  .PIECEWISE_BEZIER_KNOTS.);
#10578 = CARTESIAN_POINT('',(1.075207409856,-0.230107919177,
    1.338579014355));
#10579 = CARTESIAN_POINT('',(1.075207409856,-0.230107919177,
    1.347443775378));
#10580 = CARTESIAN_POINT('',(1.108406884679,-0.292917739647,
    1.338579014355));
#10581 = CARTESIAN_POINT('',(1.108406884679,-0.292917739647,
    1.347443775378));
#10582 = ADVANCED_FACE('',(#10583),#10593,.F.);
#10583 = FACE_BOUND('',#10584,.T.);
#10584 = EDGE_LOOP('',(#10585,#10586,#10591,#10592));
#10585 = ORIENTED_EDGE('',*,*,#1600,.T.);
#10586 = ORIENTED_EDGE('',*,*,#10587,.F.);
#10587 = EDGE_CURVE('',#10117,#1594,#10588,.T.);
#10588 = B_SPLINE_CURVE_WITH_KNOTS('',1,(#10589,#10590),.UNSPECIFIED.,
  .F.,.F.,(2,2),(-0.,8.864761022221E-03),.PIECEWISE_BEZIER_KNOTS.);
#10589 = CARTESIAN_POINT('',(1.051429401258,-0.24401580115,
    1.347443775378));
#10590 = CARTESIAN_POINT('',(1.051429401258,-0.24401580115,
    1.338579014355));
#10591 = ORIENTED_EDGE('',*,*,#10116,.F.);
#10592 = ORIENTED_EDGE('',*,*,#10571,.T.);
#10593 = B_SPLINE_SURFACE_WITH_KNOTS('',1,1,(
    (#10594,#10595)
    ,(#10596,#10597
    )),.UNSPECIFIED.,.F.,.F.,.F.,(2,2),(2,2),(-2.754673980464E-02,0.),(
    -8.864761022221E-03,0.),.PIECEWISE_BEZIER_KNOTS.);
#10594 = CARTESIAN_POINT('',(1.051429401258,-0.24401580115,
    1.338579014355));
#10595 = CARTESIAN_POINT('',(1.051429401258,-0.24401580115,
    1.347443775378));
#10596 = CARTESIAN_POINT('',(1.075207409856,-0.230107919177,
    1.338579014355));
#10597 = CARTESIAN_POINT('',(1.075207409856,-0.230107919177,
    1.347443775378));
#10598 = ADVANCED_FACE('',(#10599),#10609,.F.);
#10599 = FACE_BOUND('',#10600,.T.);
#10600 = EDGE_LOOP('',(#10601,#10602,#10607,#10608));
#10601 = ORIENTED_EDGE('',*,*,#1593,.T.);
#10602 = ORIENTED_EDGE('',*,*,#10603,.F.);
#10603 = EDGE_CURVE('',#10124,#1585,#10604,.T.);
#10604 = B_SPLINE_CURVE_WITH_KNOTS('',1,(#10605,#10606),.UNSPECIFIED.,
  .F.,.F.,(2,2),(-0.,8.864761022221E-03),.PIECEWISE_BEZIER_KNOTS.);
#10605 = CARTESIAN_POINT('',(1.082834311493,-0.30413377046,
    1.347443775378));
#10606 = CARTESIAN_POINT('',(1.082834311493,-0.30413377046,
    1.338579014355));
#10607 = ORIENTED_EDGE('',*,*,#10123,.F.);
#10608 = ORIENTED_EDGE('',*,*,#10587,.T.);
#10609 = B_SPLINE_SURFACE_WITH_KNOTS('',1,1,(
    (#10610,#10611)
    ,(#10612,#10613
    )),.UNSPECIFIED.,.F.,.F.,.F.,(2,2),(2,2),(-6.782653331043E-02,0.),(
    -8.864761022221E-03,0.),.PIECEWISE_BEZIER_KNOTS.);
#10610 = CARTESIAN_POINT('',(1.082834311493,-0.30413377046,
    1.338579014355));
#10611 = CARTESIAN_POINT('',(1.082834311493,-0.30413377046,
    1.347443775378));
#10612 = CARTESIAN_POINT('',(1.051429401258,-0.24401580115,
    1.338579014355));
#10613 = CARTESIAN_POINT('',(1.051429401258,-0.24401580115,
    1.347443775378));
#10614 = ADVANCED_FACE('',(#10615),#10625,.F.);
#10615 = FACE_BOUND('',#10616,.F.);
#10616 = EDGE_LOOP('',(#10617,#10618,#10619,#10624));
#10617 = ORIENTED_EDGE('',*,*,#10603,.F.);
#10618 = ORIENTED_EDGE('',*,*,#10130,.T.);
#10619 = ORIENTED_EDGE('',*,*,#10620,.T.);
#10620 = EDGE_CURVE('',#10131,#1576,#10621,.T.);
#10621 = B_SPLINE_CURVE_WITH_KNOTS('',1,(#10622,#10623),.UNSPECIFIED.,
  .F.,.F.,(2,2),(-0.,8.864761022221E-03),.PIECEWISE_BEZIER_KNOTS.);
#10622 = CARTESIAN_POINT('',(1.067580499662,-0.33778188857,
    1.347443775378));
#10623 = CARTESIAN_POINT('',(1.067580499662,-0.33778188857,
    1.338579014355));
#10624 = ORIENTED_EDGE('',*,*,#1584,.F.);
#10625 = B_SPLINE_SURFACE_WITH_KNOTS('',3,1,(
    (#10626,#10627)
    ,(#10628,#10629)
    ,(#10630,#10631)
    ,(#10632,#10633
    )),.UNSPECIFIED.,.F.,.F.,.F.,(4,4),(2,2),(15.,16.),(0.,1.),
  .PIECEWISE_BEZIER_KNOTS.);
#10626 = CARTESIAN_POINT('',(1.082834311493,-0.30413377046,
    1.347443775378));
#10627 = CARTESIAN_POINT('',(1.082834311493,-0.30413377046,
    1.338579014355));
#10628 = CARTESIAN_POINT('',(1.073412836711,-0.312209315384,
    1.347443775378));
#10629 = CARTESIAN_POINT('',(1.073412836711,-0.312209315384,
    1.338579014355));
#10630 = CARTESIAN_POINT('',(1.067580499662,-0.324322641326,
    1.347443775378));
#10631 = CARTESIAN_POINT('',(1.067580499662,-0.324322641326,
    1.338579014355));
#10632 = CARTESIAN_POINT('',(1.067580499662,-0.33778188857,
    1.347443775378));
#10633 = CARTESIAN_POINT('',(1.067580499662,-0.33778188857,
    1.338579014355));
#10634 = ADVANCED_FACE('',(#10635),#10645,.F.);
#10635 = FACE_BOUND('',#10636,.F.);
#10636 = EDGE_LOOP('',(#10637,#10638,#10639,#10644));
#10637 = ORIENTED_EDGE('',*,*,#10620,.F.);
#10638 = ORIENTED_EDGE('',*,*,#10139,.T.);
#10639 = ORIENTED_EDGE('',*,*,#10640,.T.);
#10640 = EDGE_CURVE('',#10140,#1567,#10641,.T.);
#10641 = B_SPLINE_CURVE_WITH_KNOTS('',1,(#10642,#10643),.UNSPECIFIED.,
  .F.,.F.,(2,2),(-0.,8.864761022221E-03),.PIECEWISE_BEZIER_KNOTS.);
#10642 = CARTESIAN_POINT('',(1.097190845309,-0.379954194889,
    1.347443775378));
#10643 = CARTESIAN_POINT('',(1.097190845309,-0.379954194889,
    1.338579014355));
#10644 = ORIENTED_EDGE('',*,*,#1575,.F.);
#10645 = B_SPLINE_SURFACE_WITH_KNOTS('',3,1,(
    (#10646,#10647)
    ,(#10648,#10649)
    ,(#10650,#10651)
    ,(#10652,#10653
    )),.UNSPECIFIED.,.F.,.F.,.F.,(4,4),(2,2),(16.,17.),(0.,1.),
  .PIECEWISE_BEZIER_KNOTS.);
#10646 = CARTESIAN_POINT('',(1.067580499662,-0.33778188857,
    1.347443775378));
#10647 = CARTESIAN_POINT('',(1.067580499662,-0.33778188857,
    1.338579014355));
#10648 = CARTESIAN_POINT('',(1.067580499662,-0.35707348142,
    1.347443775378));
#10649 = CARTESIAN_POINT('',(1.067580499662,-0.35707348142,
    1.338579014355));
#10650 = CARTESIAN_POINT('',(1.080142460333,-0.373673214553,
    1.347443775378));
#10651 = CARTESIAN_POINT('',(1.080142460333,-0.373673214553,
    1.338579014355));
#10652 = CARTESIAN_POINT('',(1.097190845309,-0.379954194889,
    1.347443775378));
#10653 = CARTESIAN_POINT('',(1.097190845309,-0.379954194889,
    1.338579014355));
#10654 = ADVANCED_FACE('',(#10655),#10665,.F.);
#10655 = FACE_BOUND('',#10656,.F.);
#10656 = EDGE_LOOP('',(#10657,#10658,#10659,#10664));
#10657 = ORIENTED_EDGE('',*,*,#10640,.F.);
#10658 = ORIENTED_EDGE('',*,*,#10148,.T.);
#10659 = ORIENTED_EDGE('',*,*,#10660,.T.);
#10660 = EDGE_CURVE('',#10149,#1558,#10661,.T.);
#10661 = B_SPLINE_CURVE_WITH_KNOTS('',1,(#10662,#10663),.UNSPECIFIED.,
  .F.,.F.,(2,2),(-0.,8.864761022221E-03),.PIECEWISE_BEZIER_KNOTS.);
#10662 = CARTESIAN_POINT('',(1.055915817006,-0.406872689376,
    1.347443775378));
#10663 = CARTESIAN_POINT('',(1.055915817006,-0.406872689376,
    1.338579014355));
#10664 = ORIENTED_EDGE('',*,*,#1566,.F.);
#10665 = B_SPLINE_SURFACE_WITH_KNOTS('',3,1,(
    (#10666,#10667)
    ,(#10668,#10669)
    ,(#10670,#10671)
    ,(#10672,#10673
    )),.UNSPECIFIED.,.F.,.F.,.F.,(4,4),(2,2),(17.,18.),(0.,1.),
  .PIECEWISE_BEZIER_KNOTS.);
#10666 = CARTESIAN_POINT('',(1.097190845309,-0.379954194889,
    1.347443775378));
#10667 = CARTESIAN_POINT('',(1.097190845309,-0.379954194889,
    1.338579014355));
#10668 = CARTESIAN_POINT('',(1.090012578402,-0.395656650006,
    1.347443775378));
#10669 = CARTESIAN_POINT('',(1.090012578402,-0.395656650006,
    1.338579014355));
#10670 = CARTESIAN_POINT('',(1.074310123284,-0.406872689376,
    1.347443775378));
#10671 = CARTESIAN_POINT('',(1.074310123284,-0.406872689376,
    1.338579014355));
#10672 = CARTESIAN_POINT('',(1.055915817006,-0.406872689376,
    1.347443775378));
#10673 = CARTESIAN_POINT('',(1.055915817006,-0.406872689376,
    1.338579014355));
#10674 = ADVANCED_FACE('',(#10675),#10685,.F.);
#10675 = FACE_BOUND('',#10676,.F.);
#10676 = EDGE_LOOP('',(#10677,#10678,#10679,#10684));
#10677 = ORIENTED_EDGE('',*,*,#10660,.F.);
#10678 = ORIENTED_EDGE('',*,*,#10157,.T.);
#10679 = ORIENTED_EDGE('',*,*,#10680,.T.);
#10680 = EDGE_CURVE('',#10158,#1549,#10681,.T.);
#10681 = B_SPLINE_CURVE_WITH_KNOTS('',1,(#10682,#10683),.UNSPECIFIED.,
  .F.,.F.,(2,2),(-0.,8.864761022221E-03),.PIECEWISE_BEZIER_KNOTS.);
#10682 = CARTESIAN_POINT('',(1.011051659527,-0.362008531897,
    1.347443775378));
#10683 = CARTESIAN_POINT('',(1.011051659527,-0.362008531897,
    1.338579014355));
#10684 = ORIENTED_EDGE('',*,*,#1557,.F.);
#10685 = B_SPLINE_SURFACE_WITH_KNOTS('',3,1,(
    (#10686,#10687)
    ,(#10688,#10689)
    ,(#10690,#10691)
    ,(#10692,#10693
    )),.UNSPECIFIED.,.F.,.F.,.F.,(4,4),(2,2),(18.,19.),(0.,1.),
  .PIECEWISE_BEZIER_KNOTS.);
#10686 = CARTESIAN_POINT('',(1.055915817006,-0.406872689376,
    1.347443775378));
#10687 = CARTESIAN_POINT('',(1.055915817006,-0.406872689376,
    1.338579014355));
#10688 = CARTESIAN_POINT('',(1.031240530392,-0.406872689376,
    1.347443775378));
#10689 = CARTESIAN_POINT('',(1.031240530392,-0.406872689376,
    1.338579014355));
#10690 = CARTESIAN_POINT('',(1.011051659527,-0.38668381851,
    1.347443775378));
#10691 = CARTESIAN_POINT('',(1.011051659527,-0.38668381851,
    1.338579014355));
#10692 = CARTESIAN_POINT('',(1.011051659527,-0.362008531897,
    1.347443775378));
#10693 = CARTESIAN_POINT('',(1.011051659527,-0.362008531897,
    1.338579014355));
#10694 = ADVANCED_FACE('',(#10695),#10705,.F.);
#10695 = FACE_BOUND('',#10696,.F.);
#10696 = EDGE_LOOP('',(#10697,#10698,#10699,#10704));
#10697 = ORIENTED_EDGE('',*,*,#10680,.F.);
#10698 = ORIENTED_EDGE('',*,*,#10166,.T.);
#10699 = ORIENTED_EDGE('',*,*,#10700,.T.);
#10700 = EDGE_CURVE('',#10167,#1540,#10701,.T.);
#10701 = B_SPLINE_CURVE_WITH_KNOTS('',1,(#10702,#10703),.UNSPECIFIED.,
  .F.,.F.,(2,2),(-0.,8.864761022221E-03),.PIECEWISE_BEZIER_KNOTS.);
#10702 = CARTESIAN_POINT('',(1.017781283149,-0.338230531856,
    1.347443775378));
#10703 = CARTESIAN_POINT('',(1.017781283149,-0.338230531856,
    1.338579014355));
#10704 = ORIENTED_EDGE('',*,*,#1548,.F.);
#10705 = B_SPLINE_SURFACE_WITH_KNOTS('',3,1,(
    (#10706,#10707)
    ,(#10708,#10709)
    ,(#10710,#10711)
    ,(#10712,#10713
    )),.UNSPECIFIED.,.F.,.F.,.F.,(4,4),(2,2),(19.,20.),(0.,1.),
  .PIECEWISE_BEZIER_KNOTS.);
#10706 = CARTESIAN_POINT('',(1.011051659527,-0.362008531897,
    1.347443775378));
#10707 = CARTESIAN_POINT('',(1.011051659527,-0.362008531897,
    1.338579014355));
#10708 = CARTESIAN_POINT('',(1.011051659527,-0.353484343687,
    1.347443775378));
#10709 = CARTESIAN_POINT('',(1.011051659527,-0.353484343687,
    1.338579014355));
#10710 = CARTESIAN_POINT('',(1.013743510687,-0.344960155478,
    1.347443775378));
#10711 = CARTESIAN_POINT('',(1.013743510687,-0.344960155478,
    1.338579014355));
#10712 = CARTESIAN_POINT('',(1.017781283149,-0.338230531856,
    1.347443775378));
#10713 = CARTESIAN_POINT('',(1.017781283149,-0.338230531856,
    1.338579014355));
#10714 = ADVANCED_FACE('',(#10715),#10725,.F.);
#10715 = FACE_BOUND('',#10716,.F.);
#10716 = EDGE_LOOP('',(#10717,#10718,#10719,#10724));
#10717 = ORIENTED_EDGE('',*,*,#10700,.F.);
#10718 = ORIENTED_EDGE('',*,*,#10175,.T.);
#10719 = ORIENTED_EDGE('',*,*,#10720,.T.);
#10720 = EDGE_CURVE('',#10176,#1531,#10721,.T.);
#10721 = B_SPLINE_CURVE_WITH_KNOTS('',1,(#10722,#10723),.UNSPECIFIED.,
  .F.,.F.,(2,2),(-0.,8.864761022221E-03),.PIECEWISE_BEZIER_KNOTS.);
#10722 = CARTESIAN_POINT('',(0.974711715929,-0.278112571102,
    1.347443775378));
#10723 = CARTESIAN_POINT('',(0.974711715929,-0.278112571102,
    1.338579014355));
#10724 = ORIENTED_EDGE('',*,*,#1539,.F.);
#10725 = B_SPLINE_SURFACE_WITH_KNOTS('',3,1,(
    (#10726,#10727)
    ,(#10728,#10729)
    ,(#10730,#10731)
    ,(#10732,#10733
    )),.UNSPECIFIED.,.F.,.F.,.F.,(4,4),(2,2),(20.,21.),(0.,1.),
  .PIECEWISE_BEZIER_KNOTS.);
#10726 = CARTESIAN_POINT('',(1.017781283149,-0.338230531856,
    1.347443775378));
#10727 = CARTESIAN_POINT('',(1.017781283149,-0.338230531856,
    1.338579014355));
#10728 = CARTESIAN_POINT('',(0.99265737892,-0.329706352203,
    1.347443775378));
#10729 = CARTESIAN_POINT('',(0.99265737892,-0.329706352203,
    1.338579014355));
#10730 = CARTESIAN_POINT('',(0.974711715929,-0.306376986891,
    1.347443775378));
#10731 = CARTESIAN_POINT('',(0.974711715929,-0.306376986891,
    1.338579014355));
#10732 = CARTESIAN_POINT('',(0.974711715929,-0.278112571102,
    1.347443775378));
#10733 = CARTESIAN_POINT('',(0.974711715929,-0.278112571102,
    1.338579014355));
#10734 = ADVANCED_FACE('',(#10735),#10745,.F.);
#10735 = FACE_BOUND('',#10736,.F.);
#10736 = EDGE_LOOP('',(#10737,#10738,#10739,#10744));
#10737 = ORIENTED_EDGE('',*,*,#10720,.F.);
#10738 = ORIENTED_EDGE('',*,*,#10184,.T.);
#10739 = ORIENTED_EDGE('',*,*,#10740,.T.);
#10740 = EDGE_CURVE('',#10185,#1522,#10741,.T.);
#10741 = B_SPLINE_CURVE_WITH_KNOTS('',1,(#10742,#10743),.UNSPECIFIED.,
  .F.,.F.,(2,2),(-0.,8.864761022221E-03),.PIECEWISE_BEZIER_KNOTS.);
#10742 = CARTESIAN_POINT('',(1.030791912778,-0.215302750632,
    1.347443775378));
#10743 = CARTESIAN_POINT('',(1.030791912778,-0.215302750632,
    1.338579014355));
#10744 = ORIENTED_EDGE('',*,*,#1530,.F.);
#10745 = B_SPLINE_SURFACE_WITH_KNOTS('',3,1,(
    (#10746,#10747)
    ,(#10748,#10749)
    ,(#10750,#10751)
    ,(#10752,#10753
    )),.UNSPECIFIED.,.F.,.F.,.F.,(4,4),(2,2),(21.,22.),(0.,1.),
  .PIECEWISE_BEZIER_KNOTS.);
#10746 = CARTESIAN_POINT('',(0.974711715929,-0.278112571102,
    1.347443775378));
#10747 = CARTESIAN_POINT('',(0.974711715929,-0.278112571102,
    1.338579014355));
#10748 = CARTESIAN_POINT('',(0.974711715929,-0.245810374294,
    1.347443775378));
#10749 = CARTESIAN_POINT('',(0.974711715929,-0.245810374294,
    1.338579014355));
#10750 = CARTESIAN_POINT('',(0.999387002542,-0.218891879807,
    1.347443775378));
#10751 = CARTESIAN_POINT('',(0.999387002542,-0.218891879807,
    1.338579014355));
#10752 = CARTESIAN_POINT('',(1.030791912778,-0.215302750632,
    1.347443775378));
#10753 = CARTESIAN_POINT('',(1.030791912778,-0.215302750632,
    1.338579014355));
#10754 = ADVANCED_FACE('',(#10755),#10765,.F.);
#10755 = FACE_BOUND('',#10756,.T.);
#10756 = EDGE_LOOP('',(#10757,#10758,#10763,#10764));
#10757 = ORIENTED_EDGE('',*,*,#1521,.T.);
#10758 = ORIENTED_EDGE('',*,*,#10759,.F.);
#10759 = EDGE_CURVE('',#10194,#1513,#10760,.T.);
#10760 = B_SPLINE_CURVE_WITH_KNOTS('',1,(#10761,#10762),.UNSPECIFIED.,
  .F.,.F.,(2,2),(-0.,8.864761022221E-03),.PIECEWISE_BEZIER_KNOTS.);
#10761 = CARTESIAN_POINT('',(1.030791912778,-0.211713621456,
    1.347443775378));
#10762 = CARTESIAN_POINT('',(1.030791912778,-0.211713621456,
    1.338579014355));
#10763 = ORIENTED_EDGE('',*,*,#10193,.F.);
#10764 = ORIENTED_EDGE('',*,*,#10740,.T.);
#10765 = B_SPLINE_SURFACE_WITH_KNOTS('',1,1,(
    (#10766,#10767)
    ,(#10768,#10769
    )),.UNSPECIFIED.,.F.,.F.,.F.,(2,2),(2,2),(-8.864761022221E-03,0.),(
    0.,3.589129175528E-03),.PIECEWISE_BEZIER_KNOTS.);
#10766 = CARTESIAN_POINT('',(1.030791912778,-0.215302750632,
    1.338579014355));
#10767 = CARTESIAN_POINT('',(1.030791912778,-0.211713621456,
    1.338579014355));
#10768 = CARTESIAN_POINT('',(1.030791912778,-0.215302750632,
    1.347443775378));
#10769 = CARTESIAN_POINT('',(1.030791912778,-0.211713621456,
    1.347443775378));
#10770 = ADVANCED_FACE('',(#10771),#10781,.F.);
#10771 = FACE_BOUND('',#10772,.F.);
#10772 = EDGE_LOOP('',(#10773,#10774,#10775,#10780));
#10773 = ORIENTED_EDGE('',*,*,#10759,.F.);
#10774 = ORIENTED_EDGE('',*,*,#10202,.T.);
#10775 = ORIENTED_EDGE('',*,*,#10776,.T.);
#10776 = EDGE_CURVE('',#10203,#1504,#10777,.T.);
#10777 = B_SPLINE_CURVE_WITH_KNOTS('',1,(#10778,#10779),.UNSPECIFIED.,
  .F.,.F.,(2,2),(-0.,8.864761022221E-03),.PIECEWISE_BEZIER_KNOTS.);
#10778 = CARTESIAN_POINT('',(1.065785952189,-0.176719582045,
    1.347443775378));
#10779 = CARTESIAN_POINT('',(1.065785952189,-0.176719582045,
    1.338579014355));
#10780 = ORIENTED_EDGE('',*,*,#1512,.F.);
#10781 = B_SPLINE_SURFACE_WITH_KNOTS('',3,1,(
    (#10782,#10783)
    ,(#10784,#10785)
    ,(#10786,#10787)
    ,(#10788,#10789
    )),.UNSPECIFIED.,.F.,.F.,.F.,(4,4),(2,2),(23.,24.),(0.,1.),
  .PIECEWISE_BEZIER_KNOTS.);
#10782 = CARTESIAN_POINT('',(1.030791912778,-0.211713621456,
    1.347443775378));
#10783 = CARTESIAN_POINT('',(1.030791912778,-0.211713621456,
    1.338579014355));
#10784 = CARTESIAN_POINT('',(1.030791912778,-0.192422037163,
    1.347443775378));
#10785 = CARTESIAN_POINT('',(1.030791912778,-0.192422037163,
    1.338579014355));
#10786 = CARTESIAN_POINT('',(1.046494367895,-0.176719582045,
    1.347443775378));
#10787 = CARTESIAN_POINT('',(1.046494367895,-0.176719582045,
    1.338579014355));
#10788 = CARTESIAN_POINT('',(1.065785952189,-0.176719582045,
    1.347443775378));
#10789 = CARTESIAN_POINT('',(1.065785952189,-0.176719582045,
    1.338579014355));
#10790 = ADVANCED_FACE('',(#10791),#10801,.F.);
#10791 = FACE_BOUND('',#10792,.F.);
#10792 = EDGE_LOOP('',(#10793,#10794,#10795,#10800));
#10793 = ORIENTED_EDGE('',*,*,#10776,.F.);
#10794 = ORIENTED_EDGE('',*,*,#10211,.T.);
#10795 = ORIENTED_EDGE('',*,*,#10796,.T.);
#10796 = EDGE_CURVE('',#10212,#1497,#10797,.T.);
#10797 = B_SPLINE_CURVE_WITH_KNOTS('',1,(#10798,#10799),.UNSPECIFIED.,
  .F.,.F.,(2,2),(-0.,8.864761022221E-03),.PIECEWISE_BEZIER_KNOTS.);
#10798 = CARTESIAN_POINT('',(1.100779991599,-0.209021778853,
    1.347443775378));
#10799 = CARTESIAN_POINT('',(1.100779991599,-0.209021778853,
    1.338579014355));
#10800 = ORIENTED_EDGE('',*,*,#1503,.F.);
#10801 = B_SPLINE_SURFACE_WITH_KNOTS('',3,1,(
    (#10802,#10803)
    ,(#10804,#10805)
    ,(#10806,#10807)
    ,(#10808,#10809
    )),.UNSPECIFIED.,.F.,.F.,.F.,(4,4),(2,2),(24.,25.),(0.,1.),
  .PIECEWISE_BEZIER_KNOTS.);
#10802 = CARTESIAN_POINT('',(1.065785952189,-0.176719582045,
    1.347443775378));
#10803 = CARTESIAN_POINT('',(1.065785952189,-0.176719582045,
    1.338579014355));
#10804 = CARTESIAN_POINT('',(1.084180258467,-0.176719582045,
    1.347443775378));
#10805 = CARTESIAN_POINT('',(1.084180258467,-0.176719582045,
    1.338579014355));
#10806 = CARTESIAN_POINT('',(1.099434070298,-0.190627464018,
    1.347443775378));
#10807 = CARTESIAN_POINT('',(1.099434070298,-0.190627464018,
    1.338579014355));
#10808 = CARTESIAN_POINT('',(1.100779991599,-0.209021778853,
    1.347443775378));
#10809 = CARTESIAN_POINT('',(1.100779991599,-0.209021778853,
    1.338579014355));
#10810 = ADVANCED_FACE('',(#10811),#10821,.F.);
#10811 = FACE_BOUND('',#10812,.T.);
#10812 = EDGE_LOOP('',(#10813,#10814,#10819,#10820));
#10813 = ORIENTED_EDGE('',*,*,#1496,.T.);
#10814 = ORIENTED_EDGE('',*,*,#10815,.F.);
#10815 = EDGE_CURVE('',#10221,#1488,#10816,.T.);
#10816 = B_SPLINE_CURVE_WITH_KNOTS('',1,(#10817,#10818),.UNSPECIFIED.,
  .F.,.F.,(2,2),(-0.,8.864761022221E-03),.PIECEWISE_BEZIER_KNOTS.);
#10817 = CARTESIAN_POINT('',(1.100779991599,-0.229210649719,
    1.347443775378));
#10818 = CARTESIAN_POINT('',(1.100779991599,-0.229210649719,
    1.338579014355));
#10819 = ORIENTED_EDGE('',*,*,#10220,.F.);
#10820 = ORIENTED_EDGE('',*,*,#10796,.T.);
#10821 = B_SPLINE_SURFACE_WITH_KNOTS('',1,1,(
    (#10822,#10823)
    ,(#10824,#10825
    )),.UNSPECIFIED.,.F.,.F.,.F.,(2,2),(2,2),(-2.018887086563E-02,
    -2.460465448667E-17),(-8.864761022221E-03,0.),
  .PIECEWISE_BEZIER_KNOTS.);
#10822 = CARTESIAN_POINT('',(1.100779991599,-0.229210649719,
    1.338579014355));
#10823 = CARTESIAN_POINT('',(1.100779991599,-0.229210649719,
    1.347443775378));
#10824 = CARTESIAN_POINT('',(1.100779991599,-0.209021778853,
    1.338579014355));
#10825 = CARTESIAN_POINT('',(1.100779991599,-0.209021778853,
    1.347443775378));
#10826 = ADVANCED_FACE('',(#10827),#10837,.F.);
#10827 = FACE_BOUND('',#10828,.F.);
#10828 = EDGE_LOOP('',(#10829,#10830,#10831,#10836));
#10829 = ORIENTED_EDGE('',*,*,#10815,.F.);
#10830 = ORIENTED_EDGE('',*,*,#10227,.T.);
#10831 = ORIENTED_EDGE('',*,*,#10832,.T.);
#10832 = EDGE_CURVE('',#10228,#1479,#10833,.T.);
#10833 = B_SPLINE_CURVE_WITH_KNOTS('',1,(#10834,#10835),.UNSPECIFIED.,
  .F.,.F.,(2,2),(-0.,8.864761022221E-03),.PIECEWISE_BEZIER_KNOTS.);
#10834 = CARTESIAN_POINT('',(1.10033135687,-0.231902492322,
    1.347443775378));
#10835 = CARTESIAN_POINT('',(1.10033135687,-0.231902492322,
    1.338579014355));
#10836 = ORIENTED_EDGE('',*,*,#1487,.F.);
#10837 = B_SPLINE_SURFACE_WITH_KNOTS('',3,1,(
    (#10838,#10839)
    ,(#10840,#10841)
    ,(#10842,#10843)
    ,(#10844,#10845
    )),.UNSPECIFIED.,.F.,.F.,.F.,(4,4),(2,2),(26.,27.),(0.,1.),
  .PIECEWISE_BEZIER_KNOTS.);
#10838 = CARTESIAN_POINT('',(1.100779991599,-0.229210649719,
    1.347443775378));
#10839 = CARTESIAN_POINT('',(1.100779991599,-0.229210649719,
    1.338579014355));
#10840 = CARTESIAN_POINT('',(1.100779991599,-0.230107936291,
    1.347443775378));
#10841 = CARTESIAN_POINT('',(1.100779991599,-0.230107936291,
    1.338579014355));
#10842 = CARTESIAN_POINT('',(1.10033135687,-0.231005222863,
    1.347443775378));
#10843 = CARTESIAN_POINT('',(1.10033135687,-0.231005222863,
    1.338579014355));
#10844 = CARTESIAN_POINT('',(1.10033135687,-0.231902492322,
    1.347443775378));
#10845 = CARTESIAN_POINT('',(1.10033135687,-0.231902492322,
    1.338579014355));
#10846 = ADVANCED_FACE('',(#10847),#10857,.F.);
#10847 = FACE_BOUND('',#10848,.F.);
#10848 = EDGE_LOOP('',(#10849,#10850,#10851,#10856));
#10849 = ORIENTED_EDGE('',*,*,#10832,.F.);
#10850 = ORIENTED_EDGE('',*,*,#10236,.T.);
#10851 = ORIENTED_EDGE('',*,*,#10852,.T.);
#10852 = EDGE_CURVE('',#10237,#1470,#10853,.T.);
#10853 = B_SPLINE_CURVE_WITH_KNOTS('',1,(#10854,#10855),.UNSPECIFIED.,
  .F.,.F.,(2,2),(-0.,8.864761022221E-03),.PIECEWISE_BEZIER_KNOTS.);
#10854 = CARTESIAN_POINT('',(1.114239238843,-0.245810374294,
    1.347443775378));
#10855 = CARTESIAN_POINT('',(1.114239238843,-0.245810374294,
    1.338579014355));
#10856 = ORIENTED_EDGE('',*,*,#1478,.F.);
#10857 = B_SPLINE_SURFACE_WITH_KNOTS('',3,1,(
    (#10858,#10859)
    ,(#10860,#10861)
    ,(#10862,#10863)
    ,(#10864,#10865
    )),.UNSPECIFIED.,.F.,.F.,.F.,(4,4),(2,2),(27.,28.),(0.,1.),
  .PIECEWISE_BEZIER_KNOTS.);
#10858 = CARTESIAN_POINT('',(1.10033135687,-0.231902492322,
    1.347443775378));
#10859 = CARTESIAN_POINT('',(1.10033135687,-0.231902492322,
    1.338579014355));
#10860 = CARTESIAN_POINT('',(1.10033135687,-0.239529402516,
    1.347443775378));
#10861 = CARTESIAN_POINT('',(1.10033135687,-0.239529402516,
    1.338579014355));
#10862 = CARTESIAN_POINT('',(1.106612345763,-0.245810374294,
    1.347443775378));
#10863 = CARTESIAN_POINT('',(1.106612345763,-0.245810374294,
    1.338579014355));
#10864 = CARTESIAN_POINT('',(1.114239238843,-0.245810374294,
    1.347443775378));
#10865 = CARTESIAN_POINT('',(1.114239238843,-0.245810374294,
    1.338579014355));
#10866 = ADVANCED_FACE('',(#10867),#10877,.F.);
#10867 = FACE_BOUND('',#10868,.F.);
#10868 = EDGE_LOOP('',(#10869,#10870,#10871,#10876));
#10869 = ORIENTED_EDGE('',*,*,#10852,.F.);
#10870 = ORIENTED_EDGE('',*,*,#10245,.T.);
#10871 = ORIENTED_EDGE('',*,*,#10872,.T.);
#10872 = EDGE_CURVE('',#10246,#1463,#10873,.T.);
#10873 = B_SPLINE_CURVE_WITH_KNOTS('',1,(#10874,#10875),.UNSPECIFIED.,
  .F.,.F.,(2,2),(-0.,8.864761022221E-03),.PIECEWISE_BEZIER_KNOTS.);
#10874 = CARTESIAN_POINT('',(1.128147120816,-0.23279976178,
    1.347443775378));
#10875 = CARTESIAN_POINT('',(1.128147120816,-0.23279976178,
    1.338579014355));
#10876 = ORIENTED_EDGE('',*,*,#1469,.F.);
#10877 = B_SPLINE_SURFACE_WITH_KNOTS('',3,1,(
    (#10878,#10879)
    ,(#10880,#10881)
    ,(#10882,#10883)
    ,(#10884,#10885
    )),.UNSPECIFIED.,.F.,.F.,.F.,(4,4),(2,2),(28.,29.),(0.,1.),
  .PIECEWISE_BEZIER_KNOTS.);
#10878 = CARTESIAN_POINT('',(1.114239238843,-0.245810374294,
    1.347443775378));
#10879 = CARTESIAN_POINT('',(1.114239238843,-0.245810374294,
    1.338579014355));
#10880 = CARTESIAN_POINT('',(1.121417497194,-0.245810374294,
    1.347443775378));
#10881 = CARTESIAN_POINT('',(1.121417497194,-0.245810374294,
    1.338579014355));
#10882 = CARTESIAN_POINT('',(1.127698486087,-0.239978037245,
    1.347443775378));
#10883 = CARTESIAN_POINT('',(1.127698486087,-0.239978037245,
    1.338579014355));
#10884 = CARTESIAN_POINT('',(1.128147120816,-0.23279976178,
    1.347443775378));
#10885 = CARTESIAN_POINT('',(1.128147120816,-0.23279976178,
    1.338579014355));
#10886 = ADVANCED_FACE('',(#10887),#10897,.F.);
#10887 = FACE_BOUND('',#10888,.T.);
#10888 = EDGE_LOOP('',(#10889,#10890,#10895,#10896));
#10889 = ORIENTED_EDGE('',*,*,#1462,.T.);
#10890 = ORIENTED_EDGE('',*,*,#10891,.F.);
#10891 = EDGE_CURVE('',#10255,#1454,#10892,.T.);
#10892 = B_SPLINE_CURVE_WITH_KNOTS('',1,(#10893,#10894),.UNSPECIFIED.,
  .F.,.F.,(2,2),(-0.,8.864761022221E-03),.PIECEWISE_BEZIER_KNOTS.);
#10893 = CARTESIAN_POINT('',(1.128147120816,-0.206329919136,
    1.347443775378));
#10894 = CARTESIAN_POINT('',(1.128147120816,-0.206329919136,
    1.338579014355));
#10895 = ORIENTED_EDGE('',*,*,#10254,.F.);
#10896 = ORIENTED_EDGE('',*,*,#10872,.T.);
#10897 = B_SPLINE_SURFACE_WITH_KNOTS('',1,1,(
    (#10898,#10899)
    ,(#10900,#10901
    )),.UNSPECIFIED.,.F.,.F.,.F.,(2,2),(2,2),(-8.864761022221E-03,0.),(
    -2.512392134258E-02,1.34592130164E-03),.PIECEWISE_BEZIER_KNOTS.);
#10898 = CARTESIAN_POINT('',(1.128147120816,-0.23279976178,
    1.338579014355));
#10899 = CARTESIAN_POINT('',(1.128147120816,-0.206329919136,
    1.338579014355));
#10900 = CARTESIAN_POINT('',(1.128147120816,-0.23279976178,
    1.347443775378));
#10901 = CARTESIAN_POINT('',(1.128147120816,-0.206329919136,
    1.347443775378));
#10902 = ADVANCED_FACE('',(#10903),#10913,.F.);
#10903 = FACE_BOUND('',#10904,.F.);
#10904 = EDGE_LOOP('',(#10905,#10906,#10907,#10912));
#10905 = ORIENTED_EDGE('',*,*,#10891,.F.);
#10906 = ORIENTED_EDGE('',*,*,#10261,.T.);
#10907 = ORIENTED_EDGE('',*,*,#10908,.T.);
#10908 = EDGE_CURVE('',#10262,#1445,#10909,.T.);
#10909 = B_SPLINE_CURVE_WITH_KNOTS('',1,(#10910,#10911),.UNSPECIFIED.,
  .F.,.F.,(2,2),(-0.,8.864761022221E-03),.PIECEWISE_BEZIER_KNOTS.);
#10910 = CARTESIAN_POINT('',(1.10795824995,-0.165503542676,
    1.347443775378));
#10911 = CARTESIAN_POINT('',(1.10795824995,-0.165503542676,
    1.338579014355));
#10912 = ORIENTED_EDGE('',*,*,#1453,.F.);
#10913 = B_SPLINE_SURFACE_WITH_KNOTS('',3,1,(
    (#10914,#10915)
    ,(#10916,#10917)
    ,(#10918,#10919)
    ,(#10920,#10921
    )),.UNSPECIFIED.,.F.,.F.,.F.,(4,4),(2,2),(33.,34.),(0.,1.),
  .PIECEWISE_BEZIER_KNOTS.);
#10914 = CARTESIAN_POINT('',(1.128147120816,-0.206329919136,
    1.347443775378));
#10915 = CARTESIAN_POINT('',(1.128147120816,-0.206329919136,
    1.338579014355));
#10916 = CARTESIAN_POINT('',(1.126801199515,-0.190627464018,
    1.347443775378));
#10917 = CARTESIAN_POINT('',(1.126801199515,-0.190627464018,
    1.338579014355));
#10918 = CARTESIAN_POINT('',(1.119622924049,-0.176270930202,
    1.347443775378));
#10919 = CARTESIAN_POINT('',(1.119622924049,-0.176270930202,
    1.338579014355));
#10920 = CARTESIAN_POINT('',(1.10795824995,-0.165503542676,
    1.347443775378));
#10921 = CARTESIAN_POINT('',(1.10795824995,-0.165503542676,
    1.338579014355));
#10922 = ADVANCED_FACE('',(#10923),#10929,.F.);
#10923 = FACE_BOUND('',#10924,.F.);
#10924 = EDGE_LOOP('',(#10925,#10926,#10927,#10928));
#10925 = ORIENTED_EDGE('',*,*,#10908,.F.);
#10926 = ORIENTED_EDGE('',*,*,#10270,.T.);
#10927 = ORIENTED_EDGE('',*,*,#10310,.T.);
#10928 = ORIENTED_EDGE('',*,*,#1444,.F.);
#10929 = B_SPLINE_SURFACE_WITH_KNOTS('',3,1,(
    (#10930,#10931)
    ,(#10932,#10933)
    ,(#10934,#10935)
    ,(#10936,#10937
    )),.UNSPECIFIED.,.F.,.F.,.F.,(4,4),(2,2),(34.,35.),(0.,1.),
  .PIECEWISE_BEZIER_KNOTS.);
#10930 = CARTESIAN_POINT('',(1.10795824995,-0.165503542676,
    1.347443775378));
#10931 = CARTESIAN_POINT('',(1.10795824995,-0.165503542676,
    1.338579014355));
#10932 = CARTESIAN_POINT('',(1.096293575852,-0.154736138035,
    1.347443775378));
#10933 = CARTESIAN_POINT('',(1.096293575852,-0.154736138035,
    1.338579014355));
#10934 = CARTESIAN_POINT('',(1.081039755463,-0.148903800985,
    1.347443775378));
#10935 = CARTESIAN_POINT('',(1.081039755463,-0.148903800985,
    1.338579014355));
#10936 = CARTESIAN_POINT('',(1.065337300345,-0.148903800985,
    1.347443775378));
#10937 = CARTESIAN_POINT('',(1.065337300345,-0.148903800985,
    1.338579014355));
#10938 = ADVANCED_FACE('',(#10939),#10966,.T.);
#10939 = FACE_BOUND('',#10940,.T.);
#10940 = EDGE_LOOP('',(#10941,#10955,#10960,#10961));
#10941 = ORIENTED_EDGE('',*,*,#10942,.F.);
#10942 = EDGE_CURVE('',#10943,#10945,#10947,.T.);
#10943 = VERTEX_POINT('',#10944);
#10944 = CARTESIAN_POINT('',(1.130838997648,-0.338230540413,
    1.338579014355));
#10945 = VERTEX_POINT('',#10946);
#10946 = CARTESIAN_POINT('',(1.095844941123,-0.338230540413,
    1.338579014355));
#10947 = B_SPLINE_CURVE_WITH_KNOTS('',3,(#10948,#10949,#10950,#10951,
    #10952,#10953,#10954),.UNSPECIFIED.,.F.,.F.,(4,3,4),(0.,1.,2.),
  .PIECEWISE_BEZIER_KNOTS.);
#10948 = CARTESIAN_POINT('',(1.130838997648,-0.338230540413,
    1.338579014355));
#10949 = CARTESIAN_POINT('',(1.130838997648,-0.328360430902,
    1.338579014355));
#10950 = CARTESIAN_POINT('',(1.12276343561,-0.320733520708,
    1.338579014355));
#10951 = CARTESIAN_POINT('',(1.113341969385,-0.320733520708,
    1.338579014355));
#10952 = CARTESIAN_POINT('',(1.103471851317,-0.320733520708,
    1.338579014355));
#10953 = CARTESIAN_POINT('',(1.095844941123,-0.328809065631,
    1.338579014355));
#10954 = CARTESIAN_POINT('',(1.095844941123,-0.338230540413,
    1.338579014355));
#10955 = ORIENTED_EDGE('',*,*,#10956,.F.);
#10956 = EDGE_CURVE('',#10280,#10943,#10957,.T.);
#10957 = B_SPLINE_CURVE_WITH_KNOTS('',1,(#10958,#10959),.UNSPECIFIED.,
  .F.,.F.,(2,2),(-0.,8.864761022221E-03),.PIECEWISE_BEZIER_KNOTS.);
#10958 = CARTESIAN_POINT('',(1.130838997648,-0.338230540413,
    1.347443775378));
#10959 = CARTESIAN_POINT('',(1.130838997648,-0.338230540413,
    1.338579014355));
#10960 = ORIENTED_EDGE('',*,*,#10279,.T.);
#10961 = ORIENTED_EDGE('',*,*,#10962,.T.);
#10962 = EDGE_CURVE('',#10282,#10945,#10963,.T.);
#10963 = B_SPLINE_CURVE_WITH_KNOTS('',1,(#10964,#10965),.UNSPECIFIED.,
  .F.,.F.,(2,2),(-0.,8.864761022221E-03),.PIECEWISE_BEZIER_KNOTS.);
#10964 = CARTESIAN_POINT('',(1.095844941123,-0.338230540413,
    1.347443775378));
#10965 = CARTESIAN_POINT('',(1.095844941123,-0.338230540413,
    1.338579014355));
#10966 = B_SPLINE_SURFACE_WITH_KNOTS('',3,1,(
    (#10967,#10968)
    ,(#10969,#10970)
    ,(#10971,#10972)
    ,(#10973,#10974)
    ,(#10975,#10976)
    ,(#10977,#10978)
    ,(#10979,#10980
  )),.UNSPECIFIED.,.F.,.F.,.F.,(4,3,4),(2,2),(0.,1.,2.),(0.,1.),
  .PIECEWISE_BEZIER_KNOTS.);
#10967 = CARTESIAN_POINT('',(1.130838997648,-0.338230540413,
    1.347443775378));
#10968 = CARTESIAN_POINT('',(1.130838997648,-0.338230540413,
    1.338579014355));
#10969 = CARTESIAN_POINT('',(1.130838997648,-0.328360430902,
    1.347443775378));
#10970 = CARTESIAN_POINT('',(1.130838997648,-0.328360430902,
    1.338579014355));
#10971 = CARTESIAN_POINT('',(1.12276343561,-0.320733520708,
    1.347443775378));
#10972 = CARTESIAN_POINT('',(1.12276343561,-0.320733520708,
    1.338579014355));
#10973 = CARTESIAN_POINT('',(1.113341969385,-0.320733520708,
    1.347443775378));
#10974 = CARTESIAN_POINT('',(1.113341969385,-0.320733520708,
    1.338579014355));
#10975 = CARTESIAN_POINT('',(1.103471851317,-0.320733520708,
    1.347443775378));
#10976 = CARTESIAN_POINT('',(1.103471851317,-0.320733520708,
    1.338579014355));
#10977 = CARTESIAN_POINT('',(1.095844941123,-0.328809065631,
    1.347443775378));
#10978 = CARTESIAN_POINT('',(1.095844941123,-0.328809065631,
    1.338579014355));
#10979 = CARTESIAN_POINT('',(1.095844941123,-0.338230540413,
    1.347443775378));
#10980 = CARTESIAN_POINT('',(1.095844941123,-0.338230540413,
    1.338579014355));
#10981 = ADVANCED_FACE('',(#10982),#10996,.T.);
#10982 = FACE_BOUND('',#10983,.T.);
#10983 = EDGE_LOOP('',(#10984,#10993,#10994,#10995));
#10984 = ORIENTED_EDGE('',*,*,#10985,.F.);
#10985 = EDGE_CURVE('',#10945,#10943,#10986,.T.);
#10986 = B_SPLINE_CURVE_WITH_KNOTS('',3,(#10987,#10988,#10989,#10990,
    #10991,#10992),.UNSPECIFIED.,.F.,.F.,(4,2,4),(2.,3.,4.),
  .UNSPECIFIED.);
#10987 = CARTESIAN_POINT('',(1.095844941123,-0.338230540413,
    1.338579014355));
#10988 = CARTESIAN_POINT('',(1.095844941123,-0.347652015195,
    1.338579014355));
#10989 = CARTESIAN_POINT('',(1.103471851317,-0.355727560118,
    1.338579014355));
#10990 = CARTESIAN_POINT('',(1.123212087453,-0.355727560118,
    1.338579014355));
#10991 = CARTESIAN_POINT('',(1.130838997648,-0.347652015195,
    1.338579014355));
#10992 = CARTESIAN_POINT('',(1.130838997648,-0.338230540413,
    1.338579014355));
#10993 = ORIENTED_EDGE('',*,*,#10962,.F.);
#10994 = ORIENTED_EDGE('',*,*,#10293,.T.);
#10995 = ORIENTED_EDGE('',*,*,#10956,.T.);
#10996 = B_SPLINE_SURFACE_WITH_KNOTS('',3,1,(
    (#10997,#10998)
    ,(#10999,#11000)
    ,(#11001,#11002)
    ,(#11003,#11004)
    ,(#11005,#11006)
    ,(#11007,#11008
  )),.UNSPECIFIED.,.F.,.F.,.F.,(4,2,4),(2,2),(2.,3.,4.),(0.,1.),
  .UNSPECIFIED.);
#10997 = CARTESIAN_POINT('',(1.095844941123,-0.338230540413,
    1.347443775378));
#10998 = CARTESIAN_POINT('',(1.095844941123,-0.338230540413,
    1.338579014355));
#10999 = CARTESIAN_POINT('',(1.095844941123,-0.347652015195,
    1.347443775378));
#11000 = CARTESIAN_POINT('',(1.095844941123,-0.347652015195,
    1.338579014355));
#11001 = CARTESIAN_POINT('',(1.103471851317,-0.355727560118,
    1.347443775378));
#11002 = CARTESIAN_POINT('',(1.103471851317,-0.355727560118,
    1.338579014355));
#11003 = CARTESIAN_POINT('',(1.123212087453,-0.355727560118,
    1.347443775378));
#11004 = CARTESIAN_POINT('',(1.123212087453,-0.355727560118,
    1.338579014355));
#11005 = CARTESIAN_POINT('',(1.130838997648,-0.347652015195,
    1.347443775378));
#11006 = CARTESIAN_POINT('',(1.130838997648,-0.347652015195,
    1.338579014355));
#11007 = CARTESIAN_POINT('',(1.130838997648,-0.338230540413,
    1.347443775378));
#11008 = CARTESIAN_POINT('',(1.130838997648,-0.338230540413,
    1.338579014355));
#11009 = ADVANCED_FACE('',(#11010),#11014,.T.);
#11010 = FACE_BOUND('',#11011,.T.);
#11011 = EDGE_LOOP('',(#11012,#11013));
#11012 = ORIENTED_EDGE('',*,*,#10942,.T.);
#11013 = ORIENTED_EDGE('',*,*,#10985,.T.);
#11014 = B_SPLINE_SURFACE_WITH_KNOTS('',1,1,(
    (#11015,#11016)
    ,(#11017,#11018
    )),.UNSPECIFIED.,.F.,.F.,.F.,(2,2),(2,2),(1.095844941123,
    1.130838997648),(-0.355727560118,-0.320733520708),
  .PIECEWISE_BEZIER_KNOTS.);
#11015 = CARTESIAN_POINT('',(1.095844941123,-0.355727560118,
    1.338579014355));
#11016 = CARTESIAN_POINT('',(1.095844941123,-0.320733520708,
    1.338579014355));
#11017 = CARTESIAN_POINT('',(1.130838997648,-0.355727560118,
    1.338579014355));
#11018 = CARTESIAN_POINT('',(1.130838997648,-0.320733520708,
    1.338579014355));
#11019 = ( GEOMETRIC_REPRESENTATION_CONTEXT(3) 
GLOBAL_UNCERTAINTY_ASSIGNED_CONTEXT((#11023)) 
GLOBAL_UNIT_ASSIGNED_CONTEXT((#11020,#11021,#11022)) 
REPRESENTATION_CONTEXT('Context #1',
  '3D Context with UNIT and UNCERTAINTY') );
#11020 = ( LENGTH_UNIT() NAMED_UNIT(*) SI_UNIT(.MILLI.,.METRE.) );
#11021 = ( NAMED_UNIT(*) PLANE_ANGLE_UNIT() SI_UNIT($,.RADIAN.) );
#11022 = ( NAMED_UNIT(*) SI_UNIT($,.STERADIAN.) SOLID_ANGLE_UNIT() );
#11023 = UNCERTAINTY_MEASURE_WITH_UNIT(LENGTH_MEASURE(2.E-06),#11020,
  'distance_accuracy_value','confusion accuracy');
#11024 = PRODUCT_RELATED_PRODUCT_CATEGORY('part',$,(#7));
#11025 = MECHANICAL_DESIGN_GEOMETRIC_PRESENTATION_REPRESENTATION('',(
    #11026,#11036,#11044,#11051,#11058,#11065,#11072,#11079,#11087,
    #11094,#11101,#11108,#11115,#11122,#11129,#11136,#11143,#11150,
    #11157,#11164,#11171,#11178,#11185,#11192,#11199,#11206,#11213,
    #11220,#11227,#11234,#11241,#11248,#11255,#11262,#11269,#11276,
    #11283,#11291,#11298,#11305,#11312,#11319,#11326,#11333,#11340,
    #11347,#11354,#11361,#11368,#11375,#11382,#11389,#11396,#11403,
    #11410,#11417,#11424,#11431,#11438,#11445,#11452,#11459,#11466,
    #11473,#11480,#11487,#11494,#11501,#11508,#11515,#11522,#11529,
    #11536,#11543,#11550,#11557,#11564,#11571,#11578,#11585,#11592,
    #11599,#11606,#11613,#11620,#11627,#11634,#11641,#11648,#11655,
    #11662,#11669,#11676,#11683,#11690,#11697,#11704,#11711,#11719,
    #11726,#11733,#11740,#11747,#11754,#11761,#11768,#11775,#11782,
    #11789,#11796,#11804,#11811,#11818,#11825,#11832,#11839,#11846,
    #11853,#11860,#11867,#11874,#11881,#11888,#11895,#11902,#11909,
    #11916,#11923,#11930,#11937,#11944,#11951,#11958,#11965,#11972,
    #11979,#11986,#11993,#12000,#12007,#12014,#12021,#12028,#12035,
    #12042,#12049,#12056,#12063,#12070,#12077,#12084,#12091,#12098,
    #12105,#12112,#12119,#12126,#12133,#12140,#12147,#12154,#12161,
    #12168,#12175,#12182,#12189,#12196,#12203,#12210,#12217,#12224,
    #12231,#12238,#12245,#12252,#12259,#12266,#12273,#12280,#12287,
    #12294,#12301,#12308,#12315,#12322,#12329,#12336,#12343,#12350,
    #12357,#12364,#12371,#12378,#12385,#12392,#12399,#12406,#12413,
    #12420,#12427,#12434,#12441,#12448,#12455,#12462,#12469,#12476,
    #12483,#12490,#12497,#12504,#12511,#12518,#12525,#12532,#12539,
    #12546,#12553,#12560,#12567,#12574,#12581,#12588,#12595,#12602,
    #12609,#12616,#12623,#12630,#12637,#12644,#12651,#12658,#12665,
    #12672,#12679,#12686,#12693,#12700,#12707,#12714,#12721,#12728,
    #12735,#12742,#12749,#12756,#12763,#12770,#12777,#12784,#12791,
    #12798,#12805,#12812,#12819,#12826,#12833,#12840,#12847,#12854,
    #12861,#12868,#12875,#12882,#12889,#12896,#12903,#12910,#12917,
    #12924,#12931,#12938,#12945,#12952,#12959,#12966,#12973,#12980,
    #12987,#12994,#13001,#13008,#13015,#13022,#13029,#13036,#13043,
    #13050,#13057,#13064,#13071,#13078,#13085,#13092,#13099,#13106,
    #13113,#13120,#13127,#13134,#13141,#13148,#13155,#13162,#13169,
    #13176,#13183,#13190,#13197,#13204,#13211,#13218,#13225,#13232,
    #13239,#13246,#13253,#13260,#13267,#13274,#13281,#13288,#13295,
    #13302,#13309,#13316,#13323,#13330,#13337,#13344,#13351,#13358),
  #11019);
#11026 = STYLED_ITEM('color',(#11027),#15);
#11027 = PRESENTATION_STYLE_ASSIGNMENT((#11028,#11034));
#11028 = SURFACE_STYLE_USAGE(.BOTH.,#11029);
#11029 = SURFACE_SIDE_STYLE('',(#11030));
#11030 = SURFACE_STYLE_FILL_AREA(#11031);
#11031 = FILL_AREA_STYLE('',(#11032));
#11032 = FILL_AREA_STYLE_COLOUR('',#11033);
#11033 = COLOUR_RGB('',0.501960785193,0.250980388104,0.);
#11034 = CURVE_STYLE('',#11035,POSITIVE_LENGTH_MEASURE(0.1),#11033);
#11035 = DRAUGHTING_PRE_DEFINED_CURVE_FONT('continuous');
#11036 = OVER_RIDING_STYLED_ITEM('overriding color',(#11037),#17,#11026
  );
#11037 = PRESENTATION_STYLE_ASSIGNMENT((#11038));
#11038 = SURFACE_STYLE_USAGE(.BOTH.,#11039);
#11039 = SURFACE_SIDE_STYLE('',(#11040));
#11040 = SURFACE_STYLE_FILL_AREA(#11041);
#11041 = FILL_AREA_STYLE('',(#11042));
#11042 = FILL_AREA_STYLE_COLOUR('',#11043);
#11043 = COLOUR_RGB('',0.250980388104,0.250980388104,0.250980388104);
#11044 = OVER_RIDING_STYLED_ITEM('overriding color',(#11045),#72,#11026
  );
#11045 = PRESENTATION_STYLE_ASSIGNMENT((#11046));
#11046 = SURFACE_STYLE_USAGE(.BOTH.,#11047);
#11047 = SURFACE_SIDE_STYLE('',(#11048));
#11048 = SURFACE_STYLE_FILL_AREA(#11049);
#11049 = FILL_AREA_STYLE('',(#11050));
#11050 = FILL_AREA_STYLE_COLOUR('',#11043);
#11051 = OVER_RIDING_STYLED_ITEM('overriding color',(#11052),#108,#11026
  );
#11052 = PRESENTATION_STYLE_ASSIGNMENT((#11053));
#11053 = SURFACE_STYLE_USAGE(.BOTH.,#11054);
#11054 = SURFACE_SIDE_STYLE('',(#11055));
#11055 = SURFACE_STYLE_FILL_AREA(#11056);
#11056 = FILL_AREA_STYLE('',(#11057));
#11057 = FILL_AREA_STYLE_COLOUR('',#11043);
#11058 = OVER_RIDING_STYLED_ITEM('overriding color',(#11059),#135,#11026
  );
#11059 = PRESENTATION_STYLE_ASSIGNMENT((#11060));
#11060 = SURFACE_STYLE_USAGE(.BOTH.,#11061);
#11061 = SURFACE_SIDE_STYLE('',(#11062));
#11062 = SURFACE_STYLE_FILL_AREA(#11063);
#11063 = FILL_AREA_STYLE('',(#11064));
#11064 = FILL_AREA_STYLE_COLOUR('',#11043);
#11065 = OVER_RIDING_STYLED_ITEM('overriding color',(#11066),#171,#11026
  );
#11066 = PRESENTATION_STYLE_ASSIGNMENT((#11067));
#11067 = SURFACE_STYLE_USAGE(.BOTH.,#11068);
#11068 = SURFACE_SIDE_STYLE('',(#11069));
#11069 = SURFACE_STYLE_FILL_AREA(#11070);
#11070 = FILL_AREA_STYLE('',(#11071));
#11071 = FILL_AREA_STYLE_COLOUR('',#11043);
#11072 = OVER_RIDING_STYLED_ITEM('overriding color',(#11073),#216,#11026
  );
#11073 = PRESENTATION_STYLE_ASSIGNMENT((#11074));
#11074 = SURFACE_STYLE_USAGE(.BOTH.,#11075);
#11075 = SURFACE_SIDE_STYLE('',(#11076));
#11076 = SURFACE_STYLE_FILL_AREA(#11077);
#11077 = FILL_AREA_STYLE('',(#11078));
#11078 = FILL_AREA_STYLE_COLOUR('',#11043);
#11079 = OVER_RIDING_STYLED_ITEM('overriding color',(#11080),#254,#11026
  );
#11080 = PRESENTATION_STYLE_ASSIGNMENT((#11081));
#11081 = SURFACE_STYLE_USAGE(.BOTH.,#11082);
#11082 = SURFACE_SIDE_STYLE('',(#11083));
#11083 = SURFACE_STYLE_FILL_AREA(#11084);
#11084 = FILL_AREA_STYLE('',(#11085));
#11085 = FILL_AREA_STYLE_COLOUR('',#11086);
#11086 = COLOUR_RGB('',0.501960785193,0.501960785193,0.501960785193);
#11087 = OVER_RIDING_STYLED_ITEM('overriding color',(#11088),#1715,
  #11026);
#11088 = PRESENTATION_STYLE_ASSIGNMENT((#11089));
#11089 = SURFACE_STYLE_USAGE(.BOTH.,#11090);
#11090 = SURFACE_SIDE_STYLE('',(#11091));
#11091 = SURFACE_STYLE_FILL_AREA(#11092);
#11092 = FILL_AREA_STYLE('',(#11093));
#11093 = FILL_AREA_STYLE_COLOUR('',#11086);
#11094 = OVER_RIDING_STYLED_ITEM('overriding color',(#11095),#1779,
  #11026);
#11095 = PRESENTATION_STYLE_ASSIGNMENT((#11096));
#11096 = SURFACE_STYLE_USAGE(.BOTH.,#11097);
#11097 = SURFACE_SIDE_STYLE('',(#11098));
#11098 = SURFACE_STYLE_FILL_AREA(#11099);
#11099 = FILL_AREA_STYLE('',(#11100));
#11100 = FILL_AREA_STYLE_COLOUR('',#11086);
#11101 = OVER_RIDING_STYLED_ITEM('overriding color',(#11102),#2306,
  #11026);
#11102 = PRESENTATION_STYLE_ASSIGNMENT((#11103));
#11103 = SURFACE_STYLE_USAGE(.BOTH.,#11104);
#11104 = SURFACE_SIDE_STYLE('',(#11105));
#11105 = SURFACE_STYLE_FILL_AREA(#11106);
#11106 = FILL_AREA_STYLE('',(#11107));
#11107 = FILL_AREA_STYLE_COLOUR('',#11086);
#11108 = OVER_RIDING_STYLED_ITEM('overriding color',(#11109),#2326,
  #11026);
#11109 = PRESENTATION_STYLE_ASSIGNMENT((#11110));
#11110 = SURFACE_STYLE_USAGE(.BOTH.,#11111);
#11111 = SURFACE_SIDE_STYLE('',(#11112));
#11112 = SURFACE_STYLE_FILL_AREA(#11113);
#11113 = FILL_AREA_STYLE('',(#11114));
#11114 = FILL_AREA_STYLE_COLOUR('',#11086);
#11115 = OVER_RIDING_STYLED_ITEM('overriding color',(#11116),#2354,
  #11026);
#11116 = PRESENTATION_STYLE_ASSIGNMENT((#11117));
#11117 = SURFACE_STYLE_USAGE(.BOTH.,#11118);
#11118 = SURFACE_SIDE_STYLE('',(#11119));
#11119 = SURFACE_STYLE_FILL_AREA(#11120);
#11120 = FILL_AREA_STYLE('',(#11121));
#11121 = FILL_AREA_STYLE_COLOUR('',#11086);
#11122 = OVER_RIDING_STYLED_ITEM('overriding color',(#11123),#2376,
  #11026);
#11123 = PRESENTATION_STYLE_ASSIGNMENT((#11124));
#11124 = SURFACE_STYLE_USAGE(.BOTH.,#11125);
#11125 = SURFACE_SIDE_STYLE('',(#11126));
#11126 = SURFACE_STYLE_FILL_AREA(#11127);
#11127 = FILL_AREA_STYLE('',(#11128));
#11128 = FILL_AREA_STYLE_COLOUR('',#11086);
#11129 = OVER_RIDING_STYLED_ITEM('overriding color',(#11130),#2398,
  #11026);
#11130 = PRESENTATION_STYLE_ASSIGNMENT((#11131));
#11131 = SURFACE_STYLE_USAGE(.BOTH.,#11132);
#11132 = SURFACE_SIDE_STYLE('',(#11133));
#11133 = SURFACE_STYLE_FILL_AREA(#11134);
#11134 = FILL_AREA_STYLE('',(#11135));
#11135 = FILL_AREA_STYLE_COLOUR('',#11086);
#11136 = OVER_RIDING_STYLED_ITEM('overriding color',(#11137),#2420,
  #11026);
#11137 = PRESENTATION_STYLE_ASSIGNMENT((#11138));
#11138 = SURFACE_STYLE_USAGE(.BOTH.,#11139);
#11139 = SURFACE_SIDE_STYLE('',(#11140));
#11140 = SURFACE_STYLE_FILL_AREA(#11141);
#11141 = FILL_AREA_STYLE('',(#11142));
#11142 = FILL_AREA_STYLE_COLOUR('',#11086);
#11143 = OVER_RIDING_STYLED_ITEM('overriding color',(#11144),#2442,
  #11026);
#11144 = PRESENTATION_STYLE_ASSIGNMENT((#11145));
#11145 = SURFACE_STYLE_USAGE(.BOTH.,#11146);
#11146 = SURFACE_SIDE_STYLE('',(#11147));
#11147 = SURFACE_STYLE_FILL_AREA(#11148);
#11148 = FILL_AREA_STYLE('',(#11149));
#11149 = FILL_AREA_STYLE_COLOUR('',#11086);
#11150 = OVER_RIDING_STYLED_ITEM('overriding color',(#11151),#2462,
  #11026);
#11151 = PRESENTATION_STYLE_ASSIGNMENT((#11152));
#11152 = SURFACE_STYLE_USAGE(.BOTH.,#11153);
#11153 = SURFACE_SIDE_STYLE('',(#11154));
#11154 = SURFACE_STYLE_FILL_AREA(#11155);
#11155 = FILL_AREA_STYLE('',(#11156));
#11156 = FILL_AREA_STYLE_COLOUR('',#11086);
#11157 = OVER_RIDING_STYLED_ITEM('overriding color',(#11158),#2478,
  #11026);
#11158 = PRESENTATION_STYLE_ASSIGNMENT((#11159));
#11159 = SURFACE_STYLE_USAGE(.BOTH.,#11160);
#11160 = SURFACE_SIDE_STYLE('',(#11161));
#11161 = SURFACE_STYLE_FILL_AREA(#11162);
#11162 = FILL_AREA_STYLE('',(#11163));
#11163 = FILL_AREA_STYLE_COLOUR('',#11086);
#11164 = OVER_RIDING_STYLED_ITEM('overriding color',(#11165),#2494,
  #11026);
#11165 = PRESENTATION_STYLE_ASSIGNMENT((#11166));
#11166 = SURFACE_STYLE_USAGE(.BOTH.,#11167);
#11167 = SURFACE_SIDE_STYLE('',(#11168));
#11168 = SURFACE_STYLE_FILL_AREA(#11169);
#11169 = FILL_AREA_STYLE('',(#11170));
#11170 = FILL_AREA_STYLE_COLOUR('',#11086);
#11171 = OVER_RIDING_STYLED_ITEM('overriding color',(#11172),#2506,
  #11026);
#11172 = PRESENTATION_STYLE_ASSIGNMENT((#11173));
#11173 = SURFACE_STYLE_USAGE(.BOTH.,#11174);
#11174 = SURFACE_SIDE_STYLE('',(#11175));
#11175 = SURFACE_STYLE_FILL_AREA(#11176);
#11176 = FILL_AREA_STYLE('',(#11177));
#11177 = FILL_AREA_STYLE_COLOUR('',#11086);
#11178 = OVER_RIDING_STYLED_ITEM('overriding color',(#11179),#2547,
  #11026);
#11179 = PRESENTATION_STYLE_ASSIGNMENT((#11180));
#11180 = SURFACE_STYLE_USAGE(.BOTH.,#11181);
#11181 = SURFACE_SIDE_STYLE('',(#11182));
#11182 = SURFACE_STYLE_FILL_AREA(#11183);
#11183 = FILL_AREA_STYLE('',(#11184));
#11184 = FILL_AREA_STYLE_COLOUR('',#11043);
#11185 = OVER_RIDING_STYLED_ITEM('overriding color',(#11186),#2585,
  #11026);
#11186 = PRESENTATION_STYLE_ASSIGNMENT((#11187));
#11187 = SURFACE_STYLE_USAGE(.BOTH.,#11188);
#11188 = SURFACE_SIDE_STYLE('',(#11189));
#11189 = SURFACE_STYLE_FILL_AREA(#11190);
#11190 = FILL_AREA_STYLE('',(#11191));
#11191 = FILL_AREA_STYLE_COLOUR('',#11043);
#11192 = OVER_RIDING_STYLED_ITEM('overriding color',(#11193),#2636,
  #11026);
#11193 = PRESENTATION_STYLE_ASSIGNMENT((#11194));
#11194 = SURFACE_STYLE_USAGE(.BOTH.,#11195);
#11195 = SURFACE_SIDE_STYLE('',(#11196));
#11196 = SURFACE_STYLE_FILL_AREA(#11197);
#11197 = FILL_AREA_STYLE('',(#11198));
#11198 = FILL_AREA_STYLE_COLOUR('',#11086);
#11199 = OVER_RIDING_STYLED_ITEM('overriding color',(#11200),#2664,
  #11026);
#11200 = PRESENTATION_STYLE_ASSIGNMENT((#11201));
#11201 = SURFACE_STYLE_USAGE(.BOTH.,#11202);
#11202 = SURFACE_SIDE_STYLE('',(#11203));
#11203 = SURFACE_STYLE_FILL_AREA(#11204);
#11204 = FILL_AREA_STYLE('',(#11205));
#11205 = FILL_AREA_STYLE_COLOUR('',#11086);
#11206 = OVER_RIDING_STYLED_ITEM('overriding color',(#11207),#2700,
  #11026);
#11207 = PRESENTATION_STYLE_ASSIGNMENT((#11208));
#11208 = SURFACE_STYLE_USAGE(.BOTH.,#11209);
#11209 = SURFACE_SIDE_STYLE('',(#11210));
#11210 = SURFACE_STYLE_FILL_AREA(#11211);
#11211 = FILL_AREA_STYLE('',(#11212));
#11212 = FILL_AREA_STYLE_COLOUR('',#11086);
#11213 = OVER_RIDING_STYLED_ITEM('overriding color',(#11214),#2728,
  #11026);
#11214 = PRESENTATION_STYLE_ASSIGNMENT((#11215));
#11215 = SURFACE_STYLE_USAGE(.BOTH.,#11216);
#11216 = SURFACE_SIDE_STYLE('',(#11217));
#11217 = SURFACE_STYLE_FILL_AREA(#11218);
#11218 = FILL_AREA_STYLE('',(#11219));
#11219 = FILL_AREA_STYLE_COLOUR('',#11086);
#11220 = OVER_RIDING_STYLED_ITEM('overriding color',(#11221),#2762,
  #11026);
#11221 = PRESENTATION_STYLE_ASSIGNMENT((#11222));
#11222 = SURFACE_STYLE_USAGE(.BOTH.,#11223);
#11223 = SURFACE_SIDE_STYLE('',(#11224));
#11224 = SURFACE_STYLE_FILL_AREA(#11225);
#11225 = FILL_AREA_STYLE('',(#11226));
#11226 = FILL_AREA_STYLE_COLOUR('',#11086);
#11227 = OVER_RIDING_STYLED_ITEM('overriding color',(#11228),#2784,
  #11026);
#11228 = PRESENTATION_STYLE_ASSIGNMENT((#11229));
#11229 = SURFACE_STYLE_USAGE(.BOTH.,#11230);
#11230 = SURFACE_SIDE_STYLE('',(#11231));
#11231 = SURFACE_STYLE_FILL_AREA(#11232);
#11232 = FILL_AREA_STYLE('',(#11233));
#11233 = FILL_AREA_STYLE_COLOUR('',#11086);
#11234 = OVER_RIDING_STYLED_ITEM('overriding color',(#11235),#2806,
  #11026);
#11235 = PRESENTATION_STYLE_ASSIGNMENT((#11236));
#11236 = SURFACE_STYLE_USAGE(.BOTH.,#11237);
#11237 = SURFACE_SIDE_STYLE('',(#11238));
#11238 = SURFACE_STYLE_FILL_AREA(#11239);
#11239 = FILL_AREA_STYLE('',(#11240));
#11240 = FILL_AREA_STYLE_COLOUR('',#11086);
#11241 = OVER_RIDING_STYLED_ITEM('overriding color',(#11242),#2828,
  #11026);
#11242 = PRESENTATION_STYLE_ASSIGNMENT((#11243));
#11243 = SURFACE_STYLE_USAGE(.BOTH.,#11244);
#11244 = SURFACE_SIDE_STYLE('',(#11245));
#11245 = SURFACE_STYLE_FILL_AREA(#11246);
#11246 = FILL_AREA_STYLE('',(#11247));
#11247 = FILL_AREA_STYLE_COLOUR('',#11086);
#11248 = OVER_RIDING_STYLED_ITEM('overriding color',(#11249),#2864,
  #11026);
#11249 = PRESENTATION_STYLE_ASSIGNMENT((#11250));
#11250 = SURFACE_STYLE_USAGE(.BOTH.,#11251);
#11251 = SURFACE_SIDE_STYLE('',(#11252));
#11252 = SURFACE_STYLE_FILL_AREA(#11253);
#11253 = FILL_AREA_STYLE('',(#11254));
#11254 = FILL_AREA_STYLE_COLOUR('',#11086);
#11255 = OVER_RIDING_STYLED_ITEM('overriding color',(#11256),#2892,
  #11026);
#11256 = PRESENTATION_STYLE_ASSIGNMENT((#11257));
#11257 = SURFACE_STYLE_USAGE(.BOTH.,#11258);
#11258 = SURFACE_SIDE_STYLE('',(#11259));
#11259 = SURFACE_STYLE_FILL_AREA(#11260);
#11260 = FILL_AREA_STYLE('',(#11261));
#11261 = FILL_AREA_STYLE_COLOUR('',#11086);
#11262 = OVER_RIDING_STYLED_ITEM('overriding color',(#11263),#2926,
  #11026);
#11263 = PRESENTATION_STYLE_ASSIGNMENT((#11264));
#11264 = SURFACE_STYLE_USAGE(.BOTH.,#11265);
#11265 = SURFACE_SIDE_STYLE('',(#11266));
#11266 = SURFACE_STYLE_FILL_AREA(#11267);
#11267 = FILL_AREA_STYLE('',(#11268));
#11268 = FILL_AREA_STYLE_COLOUR('',#11086);
#11269 = OVER_RIDING_STYLED_ITEM('overriding color',(#11270),#2948,
  #11026);
#11270 = PRESENTATION_STYLE_ASSIGNMENT((#11271));
#11271 = SURFACE_STYLE_USAGE(.BOTH.,#11272);
#11272 = SURFACE_SIDE_STYLE('',(#11273));
#11273 = SURFACE_STYLE_FILL_AREA(#11274);
#11274 = FILL_AREA_STYLE('',(#11275));
#11275 = FILL_AREA_STYLE_COLOUR('',#11086);
#11276 = OVER_RIDING_STYLED_ITEM('overriding color',(#11277),#2964,
  #11026);
#11277 = PRESENTATION_STYLE_ASSIGNMENT((#11278));
#11278 = SURFACE_STYLE_USAGE(.BOTH.,#11279);
#11279 = SURFACE_SIDE_STYLE('',(#11280));
#11280 = SURFACE_STYLE_FILL_AREA(#11281);
#11281 = FILL_AREA_STYLE('',(#11282));
#11282 = FILL_AREA_STYLE_COLOUR('',#11086);
#11283 = OVER_RIDING_STYLED_ITEM('overriding color',(#11284),#3003,
  #11026);
#11284 = PRESENTATION_STYLE_ASSIGNMENT((#11285));
#11285 = SURFACE_STYLE_USAGE(.BOTH.,#11286);
#11286 = SURFACE_SIDE_STYLE('',(#11287));
#11287 = SURFACE_STYLE_FILL_AREA(#11288);
#11288 = FILL_AREA_STYLE('',(#11289));
#11289 = FILL_AREA_STYLE_COLOUR('',#11290);
#11290 = DRAUGHTING_PRE_DEFINED_COLOUR('black');
#11291 = OVER_RIDING_STYLED_ITEM('overriding color',(#11292),#3031,
  #11026);
#11292 = PRESENTATION_STYLE_ASSIGNMENT((#11293));
#11293 = SURFACE_STYLE_USAGE(.BOTH.,#11294);
#11294 = SURFACE_SIDE_STYLE('',(#11295));
#11295 = SURFACE_STYLE_FILL_AREA(#11296);
#11296 = FILL_AREA_STYLE('',(#11297));
#11297 = FILL_AREA_STYLE_COLOUR('',#11290);
#11298 = OVER_RIDING_STYLED_ITEM('overriding color',(#11299),#3053,
  #11026);
#11299 = PRESENTATION_STYLE_ASSIGNMENT((#11300));
#11300 = SURFACE_STYLE_USAGE(.BOTH.,#11301);
#11301 = SURFACE_SIDE_STYLE('',(#11302));
#11302 = SURFACE_STYLE_FILL_AREA(#11303);
#11303 = FILL_AREA_STYLE('',(#11304));
#11304 = FILL_AREA_STYLE_COLOUR('',#11290);
#11305 = OVER_RIDING_STYLED_ITEM('overriding color',(#11306),#3075,
  #11026);
#11306 = PRESENTATION_STYLE_ASSIGNMENT((#11307));
#11307 = SURFACE_STYLE_USAGE(.BOTH.,#11308);
#11308 = SURFACE_SIDE_STYLE('',(#11309));
#11309 = SURFACE_STYLE_FILL_AREA(#11310);
#11310 = FILL_AREA_STYLE('',(#11311));
#11311 = FILL_AREA_STYLE_COLOUR('',#11290);
#11312 = OVER_RIDING_STYLED_ITEM('overriding color',(#11313),#3097,
  #11026);
#11313 = PRESENTATION_STYLE_ASSIGNMENT((#11314));
#11314 = SURFACE_STYLE_USAGE(.BOTH.,#11315);
#11315 = SURFACE_SIDE_STYLE('',(#11316));
#11316 = SURFACE_STYLE_FILL_AREA(#11317);
#11317 = FILL_AREA_STYLE('',(#11318));
#11318 = FILL_AREA_STYLE_COLOUR('',#11290);
#11319 = OVER_RIDING_STYLED_ITEM('overriding color',(#11320),#3119,
  #11026);
#11320 = PRESENTATION_STYLE_ASSIGNMENT((#11321));
#11321 = SURFACE_STYLE_USAGE(.BOTH.,#11322);
#11322 = SURFACE_SIDE_STYLE('',(#11323));
#11323 = SURFACE_STYLE_FILL_AREA(#11324);
#11324 = FILL_AREA_STYLE('',(#11325));
#11325 = FILL_AREA_STYLE_COLOUR('',#11290);
#11326 = OVER_RIDING_STYLED_ITEM('overriding color',(#11327),#3141,
  #11026);
#11327 = PRESENTATION_STYLE_ASSIGNMENT((#11328));
#11328 = SURFACE_STYLE_USAGE(.BOTH.,#11329);
#11329 = SURFACE_SIDE_STYLE('',(#11330));
#11330 = SURFACE_STYLE_FILL_AREA(#11331);
#11331 = FILL_AREA_STYLE('',(#11332));
#11332 = FILL_AREA_STYLE_COLOUR('',#11290);
#11333 = OVER_RIDING_STYLED_ITEM('overriding color',(#11334),#3163,
  #11026);
#11334 = PRESENTATION_STYLE_ASSIGNMENT((#11335));
#11335 = SURFACE_STYLE_USAGE(.BOTH.,#11336);
#11336 = SURFACE_SIDE_STYLE('',(#11337));
#11337 = SURFACE_STYLE_FILL_AREA(#11338);
#11338 = FILL_AREA_STYLE('',(#11339));
#11339 = FILL_AREA_STYLE_COLOUR('',#11290);
#11340 = OVER_RIDING_STYLED_ITEM('overriding color',(#11341),#3179,
  #11026);
#11341 = PRESENTATION_STYLE_ASSIGNMENT((#11342));
#11342 = SURFACE_STYLE_USAGE(.BOTH.,#11343);
#11343 = SURFACE_SIDE_STYLE('',(#11344));
#11344 = SURFACE_STYLE_FILL_AREA(#11345);
#11345 = FILL_AREA_STYLE('',(#11346));
#11346 = FILL_AREA_STYLE_COLOUR('',#11290);
#11347 = OVER_RIDING_STYLED_ITEM('overriding color',(#11348),#3249,
  #11026);
#11348 = PRESENTATION_STYLE_ASSIGNMENT((#11349));
#11349 = SURFACE_STYLE_USAGE(.BOTH.,#11350);
#11350 = SURFACE_SIDE_STYLE('',(#11351));
#11351 = SURFACE_STYLE_FILL_AREA(#11352);
#11352 = FILL_AREA_STYLE('',(#11353));
#11353 = FILL_AREA_STYLE_COLOUR('',#11290);
#11354 = OVER_RIDING_STYLED_ITEM('overriding color',(#11355),#3277,
  #11026);
#11355 = PRESENTATION_STYLE_ASSIGNMENT((#11356));
#11356 = SURFACE_STYLE_USAGE(.BOTH.,#11357);
#11357 = SURFACE_SIDE_STYLE('',(#11358));
#11358 = SURFACE_STYLE_FILL_AREA(#11359);
#11359 = FILL_AREA_STYLE('',(#11360));
#11360 = FILL_AREA_STYLE_COLOUR('',#11290);
#11361 = OVER_RIDING_STYLED_ITEM('overriding color',(#11362),#3299,
  #11026);
#11362 = PRESENTATION_STYLE_ASSIGNMENT((#11363));
#11363 = SURFACE_STYLE_USAGE(.BOTH.,#11364);
#11364 = SURFACE_SIDE_STYLE('',(#11365));
#11365 = SURFACE_STYLE_FILL_AREA(#11366);
#11366 = FILL_AREA_STYLE('',(#11367));
#11367 = FILL_AREA_STYLE_COLOUR('',#11290);
#11368 = OVER_RIDING_STYLED_ITEM('overriding color',(#11369),#3336,
  #11026);
#11369 = PRESENTATION_STYLE_ASSIGNMENT((#11370));
#11370 = SURFACE_STYLE_USAGE(.BOTH.,#11371);
#11371 = SURFACE_SIDE_STYLE('',(#11372));
#11372 = SURFACE_STYLE_FILL_AREA(#11373);
#11373 = FILL_AREA_STYLE('',(#11374));
#11374 = FILL_AREA_STYLE_COLOUR('',#11290);
#11375 = OVER_RIDING_STYLED_ITEM('overriding color',(#11376),#3358,
  #11026);
#11376 = PRESENTATION_STYLE_ASSIGNMENT((#11377));
#11377 = SURFACE_STYLE_USAGE(.BOTH.,#11378);
#11378 = SURFACE_SIDE_STYLE('',(#11379));
#11379 = SURFACE_STYLE_FILL_AREA(#11380);
#11380 = FILL_AREA_STYLE('',(#11381));
#11381 = FILL_AREA_STYLE_COLOUR('',#11290);
#11382 = OVER_RIDING_STYLED_ITEM('overriding color',(#11383),#3395,
  #11026);
#11383 = PRESENTATION_STYLE_ASSIGNMENT((#11384));
#11384 = SURFACE_STYLE_USAGE(.BOTH.,#11385);
#11385 = SURFACE_SIDE_STYLE('',(#11386));
#11386 = SURFACE_STYLE_FILL_AREA(#11387);
#11387 = FILL_AREA_STYLE('',(#11388));
#11388 = FILL_AREA_STYLE_COLOUR('',#11290);
#11389 = OVER_RIDING_STYLED_ITEM('overriding color',(#11390),#3411,
  #11026);
#11390 = PRESENTATION_STYLE_ASSIGNMENT((#11391));
#11391 = SURFACE_STYLE_USAGE(.BOTH.,#11392);
#11392 = SURFACE_SIDE_STYLE('',(#11393));
#11393 = SURFACE_STYLE_FILL_AREA(#11394);
#11394 = FILL_AREA_STYLE('',(#11395));
#11395 = FILL_AREA_STYLE_COLOUR('',#11290);
#11396 = OVER_RIDING_STYLED_ITEM('overriding color',(#11397),#3439,
  #11026);
#11397 = PRESENTATION_STYLE_ASSIGNMENT((#11398));
#11398 = SURFACE_STYLE_USAGE(.BOTH.,#11399);
#11399 = SURFACE_SIDE_STYLE('',(#11400));
#11400 = SURFACE_STYLE_FILL_AREA(#11401);
#11401 = FILL_AREA_STYLE('',(#11402));
#11402 = FILL_AREA_STYLE_COLOUR('',#11290);
#11403 = OVER_RIDING_STYLED_ITEM('overriding color',(#11404),#3461,
  #11026);
#11404 = PRESENTATION_STYLE_ASSIGNMENT((#11405));
#11405 = SURFACE_STYLE_USAGE(.BOTH.,#11406);
#11406 = SURFACE_SIDE_STYLE('',(#11407));
#11407 = SURFACE_STYLE_FILL_AREA(#11408);
#11408 = FILL_AREA_STYLE('',(#11409));
#11409 = FILL_AREA_STYLE_COLOUR('',#11290);
#11410 = OVER_RIDING_STYLED_ITEM('overriding color',(#11411),#3483,
  #11026);
#11411 = PRESENTATION_STYLE_ASSIGNMENT((#11412));
#11412 = SURFACE_STYLE_USAGE(.BOTH.,#11413);
#11413 = SURFACE_SIDE_STYLE('',(#11414));
#11414 = SURFACE_STYLE_FILL_AREA(#11415);
#11415 = FILL_AREA_STYLE('',(#11416));
#11416 = FILL_AREA_STYLE_COLOUR('',#11290);
#11417 = OVER_RIDING_STYLED_ITEM('overriding color',(#11418),#3556,
  #11026);
#11418 = PRESENTATION_STYLE_ASSIGNMENT((#11419));
#11419 = SURFACE_STYLE_USAGE(.BOTH.,#11420);
#11420 = SURFACE_SIDE_STYLE('',(#11421));
#11421 = SURFACE_STYLE_FILL_AREA(#11422);
#11422 = FILL_AREA_STYLE('',(#11423));
#11423 = FILL_AREA_STYLE_COLOUR('',#11290);
#11424 = OVER_RIDING_STYLED_ITEM('overriding color',(#11425),#3623,
  #11026);
#11425 = PRESENTATION_STYLE_ASSIGNMENT((#11426));
#11426 = SURFACE_STYLE_USAGE(.BOTH.,#11427);
#11427 = SURFACE_SIDE_STYLE('',(#11428));
#11428 = SURFACE_STYLE_FILL_AREA(#11429);
#11429 = FILL_AREA_STYLE('',(#11430));
#11430 = FILL_AREA_STYLE_COLOUR('',#11290);
#11431 = OVER_RIDING_STYLED_ITEM('overriding color',(#11432),#3707,
  #11026);
#11432 = PRESENTATION_STYLE_ASSIGNMENT((#11433));
#11433 = SURFACE_STYLE_USAGE(.BOTH.,#11434);
#11434 = SURFACE_SIDE_STYLE('',(#11435));
#11435 = SURFACE_STYLE_FILL_AREA(#11436);
#11436 = FILL_AREA_STYLE('',(#11437));
#11437 = FILL_AREA_STYLE_COLOUR('',#11290);
#11438 = OVER_RIDING_STYLED_ITEM('overriding color',(#11439),#3735,
  #11026);
#11439 = PRESENTATION_STYLE_ASSIGNMENT((#11440));
#11440 = SURFACE_STYLE_USAGE(.BOTH.,#11441);
#11441 = SURFACE_SIDE_STYLE('',(#11442));
#11442 = SURFACE_STYLE_FILL_AREA(#11443);
#11443 = FILL_AREA_STYLE('',(#11444));
#11444 = FILL_AREA_STYLE_COLOUR('',#11290);
#11445 = OVER_RIDING_STYLED_ITEM('overriding color',(#11446),#3808,
  #11026);
#11446 = PRESENTATION_STYLE_ASSIGNMENT((#11447));
#11447 = SURFACE_STYLE_USAGE(.BOTH.,#11448);
#11448 = SURFACE_SIDE_STYLE('',(#11449));
#11449 = SURFACE_STYLE_FILL_AREA(#11450);
#11450 = FILL_AREA_STYLE('',(#11451));
#11451 = FILL_AREA_STYLE_COLOUR('',#11290);
#11452 = OVER_RIDING_STYLED_ITEM('overriding color',(#11453),#3881,
  #11026);
#11453 = PRESENTATION_STYLE_ASSIGNMENT((#11454));
#11454 = SURFACE_STYLE_USAGE(.BOTH.,#11455);
#11455 = SURFACE_SIDE_STYLE('',(#11456));
#11456 = SURFACE_STYLE_FILL_AREA(#11457);
#11457 = FILL_AREA_STYLE('',(#11458));
#11458 = FILL_AREA_STYLE_COLOUR('',#11290);
#11459 = OVER_RIDING_STYLED_ITEM('overriding color',(#11460),#3903,
  #11026);
#11460 = PRESENTATION_STYLE_ASSIGNMENT((#11461));
#11461 = SURFACE_STYLE_USAGE(.BOTH.,#11462);
#11462 = SURFACE_SIDE_STYLE('',(#11463));
#11463 = SURFACE_STYLE_FILL_AREA(#11464);
#11464 = FILL_AREA_STYLE('',(#11465));
#11465 = FILL_AREA_STYLE_COLOUR('',#11290);
#11466 = OVER_RIDING_STYLED_ITEM('overriding color',(#11467),#3919,
  #11026);
#11467 = PRESENTATION_STYLE_ASSIGNMENT((#11468));
#11468 = SURFACE_STYLE_USAGE(.BOTH.,#11469);
#11469 = SURFACE_SIDE_STYLE('',(#11470));
#11470 = SURFACE_STYLE_FILL_AREA(#11471);
#11471 = FILL_AREA_STYLE('',(#11472));
#11472 = FILL_AREA_STYLE_COLOUR('',#11290);
#11473 = OVER_RIDING_STYLED_ITEM('overriding color',(#11474),#3947,
  #11026);
#11474 = PRESENTATION_STYLE_ASSIGNMENT((#11475));
#11475 = SURFACE_STYLE_USAGE(.BOTH.,#11476);
#11476 = SURFACE_SIDE_STYLE('',(#11477));
#11477 = SURFACE_STYLE_FILL_AREA(#11478);
#11478 = FILL_AREA_STYLE('',(#11479));
#11479 = FILL_AREA_STYLE_COLOUR('',#11290);
#11480 = OVER_RIDING_STYLED_ITEM('overriding color',(#11481),#3969,
  #11026);
#11481 = PRESENTATION_STYLE_ASSIGNMENT((#11482));
#11482 = SURFACE_STYLE_USAGE(.BOTH.,#11483);
#11483 = SURFACE_SIDE_STYLE('',(#11484));
#11484 = SURFACE_STYLE_FILL_AREA(#11485);
#11485 = FILL_AREA_STYLE('',(#11486));
#11486 = FILL_AREA_STYLE_COLOUR('',#11290);
#11487 = OVER_RIDING_STYLED_ITEM('overriding color',(#11488),#3991,
  #11026);
#11488 = PRESENTATION_STYLE_ASSIGNMENT((#11489));
#11489 = SURFACE_STYLE_USAGE(.BOTH.,#11490);
#11490 = SURFACE_SIDE_STYLE('',(#11491));
#11491 = SURFACE_STYLE_FILL_AREA(#11492);
#11492 = FILL_AREA_STYLE('',(#11493));
#11493 = FILL_AREA_STYLE_COLOUR('',#11290);
#11494 = OVER_RIDING_STYLED_ITEM('overriding color',(#11495),#4013,
  #11026);
#11495 = PRESENTATION_STYLE_ASSIGNMENT((#11496));
#11496 = SURFACE_STYLE_USAGE(.BOTH.,#11497);
#11497 = SURFACE_SIDE_STYLE('',(#11498));
#11498 = SURFACE_STYLE_FILL_AREA(#11499);
#11499 = FILL_AREA_STYLE('',(#11500));
#11500 = FILL_AREA_STYLE_COLOUR('',#11290);
#11501 = OVER_RIDING_STYLED_ITEM('overriding color',(#11502),#4035,
  #11026);
#11502 = PRESENTATION_STYLE_ASSIGNMENT((#11503));
#11503 = SURFACE_STYLE_USAGE(.BOTH.,#11504);
#11504 = SURFACE_SIDE_STYLE('',(#11505));
#11505 = SURFACE_STYLE_FILL_AREA(#11506);
#11506 = FILL_AREA_STYLE('',(#11507));
#11507 = FILL_AREA_STYLE_COLOUR('',#11290);
#11508 = OVER_RIDING_STYLED_ITEM('overriding color',(#11509),#4057,
  #11026);
#11509 = PRESENTATION_STYLE_ASSIGNMENT((#11510));
#11510 = SURFACE_STYLE_USAGE(.BOTH.,#11511);
#11511 = SURFACE_SIDE_STYLE('',(#11512));
#11512 = SURFACE_STYLE_FILL_AREA(#11513);
#11513 = FILL_AREA_STYLE('',(#11514));
#11514 = FILL_AREA_STYLE_COLOUR('',#11290);
#11515 = OVER_RIDING_STYLED_ITEM('overriding color',(#11516),#4079,
  #11026);
#11516 = PRESENTATION_STYLE_ASSIGNMENT((#11517));
#11517 = SURFACE_STYLE_USAGE(.BOTH.,#11518);
#11518 = SURFACE_SIDE_STYLE('',(#11519));
#11519 = SURFACE_STYLE_FILL_AREA(#11520);
#11520 = FILL_AREA_STYLE('',(#11521));
#11521 = FILL_AREA_STYLE_COLOUR('',#11290);
#11522 = OVER_RIDING_STYLED_ITEM('overriding color',(#11523),#4101,
  #11026);
#11523 = PRESENTATION_STYLE_ASSIGNMENT((#11524));
#11524 = SURFACE_STYLE_USAGE(.BOTH.,#11525);
#11525 = SURFACE_SIDE_STYLE('',(#11526));
#11526 = SURFACE_STYLE_FILL_AREA(#11527);
#11527 = FILL_AREA_STYLE('',(#11528));
#11528 = FILL_AREA_STYLE_COLOUR('',#11290);
#11529 = OVER_RIDING_STYLED_ITEM('overriding color',(#11530),#4123,
  #11026);
#11530 = PRESENTATION_STYLE_ASSIGNMENT((#11531));
#11531 = SURFACE_STYLE_USAGE(.BOTH.,#11532);
#11532 = SURFACE_SIDE_STYLE('',(#11533));
#11533 = SURFACE_STYLE_FILL_AREA(#11534);
#11534 = FILL_AREA_STYLE('',(#11535));
#11535 = FILL_AREA_STYLE_COLOUR('',#11290);
#11536 = OVER_RIDING_STYLED_ITEM('overriding color',(#11537),#4145,
  #11026);
#11537 = PRESENTATION_STYLE_ASSIGNMENT((#11538));
#11538 = SURFACE_STYLE_USAGE(.BOTH.,#11539);
#11539 = SURFACE_SIDE_STYLE('',(#11540));
#11540 = SURFACE_STYLE_FILL_AREA(#11541);
#11541 = FILL_AREA_STYLE('',(#11542));
#11542 = FILL_AREA_STYLE_COLOUR('',#11290);
#11543 = OVER_RIDING_STYLED_ITEM('overriding color',(#11544),#4167,
  #11026);
#11544 = PRESENTATION_STYLE_ASSIGNMENT((#11545));
#11545 = SURFACE_STYLE_USAGE(.BOTH.,#11546);
#11546 = SURFACE_SIDE_STYLE('',(#11547));
#11547 = SURFACE_STYLE_FILL_AREA(#11548);
#11548 = FILL_AREA_STYLE('',(#11549));
#11549 = FILL_AREA_STYLE_COLOUR('',#11290);
#11550 = OVER_RIDING_STYLED_ITEM('overriding color',(#11551),#4183,
  #11026);
#11551 = PRESENTATION_STYLE_ASSIGNMENT((#11552));
#11552 = SURFACE_STYLE_USAGE(.BOTH.,#11553);
#11553 = SURFACE_SIDE_STYLE('',(#11554));
#11554 = SURFACE_STYLE_FILL_AREA(#11555);
#11555 = FILL_AREA_STYLE('',(#11556));
#11556 = FILL_AREA_STYLE_COLOUR('',#11290);
#11557 = OVER_RIDING_STYLED_ITEM('overriding color',(#11558),#4203,
  #11026);
#11558 = PRESENTATION_STYLE_ASSIGNMENT((#11559));
#11559 = SURFACE_STYLE_USAGE(.BOTH.,#11560);
#11560 = SURFACE_SIDE_STYLE('',(#11561));
#11561 = SURFACE_STYLE_FILL_AREA(#11562);
#11562 = FILL_AREA_STYLE('',(#11563));
#11563 = FILL_AREA_STYLE_COLOUR('',#11290);
#11564 = OVER_RIDING_STYLED_ITEM('overriding color',(#11565),#4231,
  #11026);
#11565 = PRESENTATION_STYLE_ASSIGNMENT((#11566));
#11566 = SURFACE_STYLE_USAGE(.BOTH.,#11567);
#11567 = SURFACE_SIDE_STYLE('',(#11568));
#11568 = SURFACE_STYLE_FILL_AREA(#11569);
#11569 = FILL_AREA_STYLE('',(#11570));
#11570 = FILL_AREA_STYLE_COLOUR('',#11290);
#11571 = OVER_RIDING_STYLED_ITEM('overriding color',(#11572),#4280,
  #11026);
#11572 = PRESENTATION_STYLE_ASSIGNMENT((#11573));
#11573 = SURFACE_STYLE_USAGE(.BOTH.,#11574);
#11574 = SURFACE_SIDE_STYLE('',(#11575));
#11575 = SURFACE_STYLE_FILL_AREA(#11576);
#11576 = FILL_AREA_STYLE('',(#11577));
#11577 = FILL_AREA_STYLE_COLOUR('',#11290);
#11578 = OVER_RIDING_STYLED_ITEM('overriding color',(#11579),#4353,
  #11026);
#11579 = PRESENTATION_STYLE_ASSIGNMENT((#11580));
#11580 = SURFACE_STYLE_USAGE(.BOTH.,#11581);
#11581 = SURFACE_SIDE_STYLE('',(#11582));
#11582 = SURFACE_STYLE_FILL_AREA(#11583);
#11583 = FILL_AREA_STYLE('',(#11584));
#11584 = FILL_AREA_STYLE_COLOUR('',#11290);
#11585 = OVER_RIDING_STYLED_ITEM('overriding color',(#11586),#4426,
  #11026);
#11586 = PRESENTATION_STYLE_ASSIGNMENT((#11587));
#11587 = SURFACE_STYLE_USAGE(.BOTH.,#11588);
#11588 = SURFACE_SIDE_STYLE('',(#11589));
#11589 = SURFACE_STYLE_FILL_AREA(#11590);
#11590 = FILL_AREA_STYLE('',(#11591));
#11591 = FILL_AREA_STYLE_COLOUR('',#11290);
#11592 = OVER_RIDING_STYLED_ITEM('overriding color',(#11593),#4475,
  #11026);
#11593 = PRESENTATION_STYLE_ASSIGNMENT((#11594));
#11594 = SURFACE_STYLE_USAGE(.BOTH.,#11595);
#11595 = SURFACE_SIDE_STYLE('',(#11596));
#11596 = SURFACE_STYLE_FILL_AREA(#11597);
#11597 = FILL_AREA_STYLE('',(#11598));
#11598 = FILL_AREA_STYLE_COLOUR('',#11290);
#11599 = OVER_RIDING_STYLED_ITEM('overriding color',(#11600),#4497,
  #11026);
#11600 = PRESENTATION_STYLE_ASSIGNMENT((#11601));
#11601 = SURFACE_STYLE_USAGE(.BOTH.,#11602);
#11602 = SURFACE_SIDE_STYLE('',(#11603));
#11603 = SURFACE_STYLE_FILL_AREA(#11604);
#11604 = FILL_AREA_STYLE('',(#11605));
#11605 = FILL_AREA_STYLE_COLOUR('',#11290);
#11606 = OVER_RIDING_STYLED_ITEM('overriding color',(#11607),#4546,
  #11026);
#11607 = PRESENTATION_STYLE_ASSIGNMENT((#11608));
#11608 = SURFACE_STYLE_USAGE(.BOTH.,#11609);
#11609 = SURFACE_SIDE_STYLE('',(#11610));
#11610 = SURFACE_STYLE_FILL_AREA(#11611);
#11611 = FILL_AREA_STYLE('',(#11612));
#11612 = FILL_AREA_STYLE_COLOUR('',#11290);
#11613 = OVER_RIDING_STYLED_ITEM('overriding color',(#11614),#4619,
  #11026);
#11614 = PRESENTATION_STYLE_ASSIGNMENT((#11615));
#11615 = SURFACE_STYLE_USAGE(.BOTH.,#11616);
#11616 = SURFACE_SIDE_STYLE('',(#11617));
#11617 = SURFACE_STYLE_FILL_AREA(#11618);
#11618 = FILL_AREA_STYLE('',(#11619));
#11619 = FILL_AREA_STYLE_COLOUR('',#11290);
#11620 = OVER_RIDING_STYLED_ITEM('overriding color',(#11621),#4692,
  #11026);
#11621 = PRESENTATION_STYLE_ASSIGNMENT((#11622));
#11622 = SURFACE_STYLE_USAGE(.BOTH.,#11623);
#11623 = SURFACE_SIDE_STYLE('',(#11624));
#11624 = SURFACE_STYLE_FILL_AREA(#11625);
#11625 = FILL_AREA_STYLE('',(#11626));
#11626 = FILL_AREA_STYLE_COLOUR('',#11290);
#11627 = OVER_RIDING_STYLED_ITEM('overriding color',(#11628),#4735,
  #11026);
#11628 = PRESENTATION_STYLE_ASSIGNMENT((#11629));
#11629 = SURFACE_STYLE_USAGE(.BOTH.,#11630);
#11630 = SURFACE_SIDE_STYLE('',(#11631));
#11631 = SURFACE_STYLE_FILL_AREA(#11632);
#11632 = FILL_AREA_STYLE('',(#11633));
#11633 = FILL_AREA_STYLE_COLOUR('',#11290);
#11634 = OVER_RIDING_STYLED_ITEM('overriding color',(#11635),#4753,
  #11026);
#11635 = PRESENTATION_STYLE_ASSIGNMENT((#11636));
#11636 = SURFACE_STYLE_USAGE(.BOTH.,#11637);
#11637 = SURFACE_SIDE_STYLE('',(#11638));
#11638 = SURFACE_STYLE_FILL_AREA(#11639);
#11639 = FILL_AREA_STYLE('',(#11640));
#11640 = FILL_AREA_STYLE_COLOUR('',#11290);
#11641 = OVER_RIDING_STYLED_ITEM('overriding color',(#11642),#4781,
  #11026);
#11642 = PRESENTATION_STYLE_ASSIGNMENT((#11643));
#11643 = SURFACE_STYLE_USAGE(.BOTH.,#11644);
#11644 = SURFACE_SIDE_STYLE('',(#11645));
#11645 = SURFACE_STYLE_FILL_AREA(#11646);
#11646 = FILL_AREA_STYLE('',(#11647));
#11647 = FILL_AREA_STYLE_COLOUR('',#11290);
#11648 = OVER_RIDING_STYLED_ITEM('overriding color',(#11649),#4803,
  #11026);
#11649 = PRESENTATION_STYLE_ASSIGNMENT((#11650));
#11650 = SURFACE_STYLE_USAGE(.BOTH.,#11651);
#11651 = SURFACE_SIDE_STYLE('',(#11652));
#11652 = SURFACE_STYLE_FILL_AREA(#11653);
#11653 = FILL_AREA_STYLE('',(#11654));
#11654 = FILL_AREA_STYLE_COLOUR('',#11290);
#11655 = OVER_RIDING_STYLED_ITEM('overriding color',(#11656),#4825,
  #11026);
#11656 = PRESENTATION_STYLE_ASSIGNMENT((#11657));
#11657 = SURFACE_STYLE_USAGE(.BOTH.,#11658);
#11658 = SURFACE_SIDE_STYLE('',(#11659));
#11659 = SURFACE_STYLE_FILL_AREA(#11660);
#11660 = FILL_AREA_STYLE('',(#11661));
#11661 = FILL_AREA_STYLE_COLOUR('',#11290);
#11662 = OVER_RIDING_STYLED_ITEM('overriding color',(#11663),#4847,
  #11026);
#11663 = PRESENTATION_STYLE_ASSIGNMENT((#11664));
#11664 = SURFACE_STYLE_USAGE(.BOTH.,#11665);
#11665 = SURFACE_SIDE_STYLE('',(#11666));
#11666 = SURFACE_STYLE_FILL_AREA(#11667);
#11667 = FILL_AREA_STYLE('',(#11668));
#11668 = FILL_AREA_STYLE_COLOUR('',#11290);
#11669 = OVER_RIDING_STYLED_ITEM('overriding color',(#11670),#4869,
  #11026);
#11670 = PRESENTATION_STYLE_ASSIGNMENT((#11671));
#11671 = SURFACE_STYLE_USAGE(.BOTH.,#11672);
#11672 = SURFACE_SIDE_STYLE('',(#11673));
#11673 = SURFACE_STYLE_FILL_AREA(#11674);
#11674 = FILL_AREA_STYLE('',(#11675));
#11675 = FILL_AREA_STYLE_COLOUR('',#11290);
#11676 = OVER_RIDING_STYLED_ITEM('overriding color',(#11677),#4885,
  #11026);
#11677 = PRESENTATION_STYLE_ASSIGNMENT((#11678));
#11678 = SURFACE_STYLE_USAGE(.BOTH.,#11679);
#11679 = SURFACE_SIDE_STYLE('',(#11680));
#11680 = SURFACE_STYLE_FILL_AREA(#11681);
#11681 = FILL_AREA_STYLE('',(#11682));
#11682 = FILL_AREA_STYLE_COLOUR('',#11290);
#11683 = OVER_RIDING_STYLED_ITEM('overriding color',(#11684),#4899,
  #11026);
#11684 = PRESENTATION_STYLE_ASSIGNMENT((#11685));
#11685 = SURFACE_STYLE_USAGE(.BOTH.,#11686);
#11686 = SURFACE_SIDE_STYLE('',(#11687));
#11687 = SURFACE_STYLE_FILL_AREA(#11688);
#11688 = FILL_AREA_STYLE('',(#11689));
#11689 = FILL_AREA_STYLE_COLOUR('',#11086);
#11690 = OVER_RIDING_STYLED_ITEM('overriding color',(#11691),#4913,
  #11026);
#11691 = PRESENTATION_STYLE_ASSIGNMENT((#11692));
#11692 = SURFACE_STYLE_USAGE(.BOTH.,#11693);
#11693 = SURFACE_SIDE_STYLE('',(#11694));
#11694 = SURFACE_STYLE_FILL_AREA(#11695);
#11695 = FILL_AREA_STYLE('',(#11696));
#11696 = FILL_AREA_STYLE_COLOUR('',#11086);
#11697 = OVER_RIDING_STYLED_ITEM('overriding color',(#11698),#4926,
  #11026);
#11698 = PRESENTATION_STYLE_ASSIGNMENT((#11699));
#11699 = SURFACE_STYLE_USAGE(.BOTH.,#11700);
#11700 = SURFACE_SIDE_STYLE('',(#11701));
#11701 = SURFACE_STYLE_FILL_AREA(#11702);
#11702 = FILL_AREA_STYLE('',(#11703));
#11703 = FILL_AREA_STYLE_COLOUR('',#11086);
#11704 = OVER_RIDING_STYLED_ITEM('overriding color',(#11705),#4944,
  #11026);
#11705 = PRESENTATION_STYLE_ASSIGNMENT((#11706));
#11706 = SURFACE_STYLE_USAGE(.BOTH.,#11707);
#11707 = SURFACE_SIDE_STYLE('',(#11708));
#11708 = SURFACE_STYLE_FILL_AREA(#11709);
#11709 = FILL_AREA_STYLE('',(#11710));
#11710 = FILL_AREA_STYLE_COLOUR('',#11086);
#11711 = OVER_RIDING_STYLED_ITEM('overriding color',(#11712),#4969,
  #11026);
#11712 = PRESENTATION_STYLE_ASSIGNMENT((#11713));
#11713 = SURFACE_STYLE_USAGE(.BOTH.,#11714);
#11714 = SURFACE_SIDE_STYLE('',(#11715));
#11715 = SURFACE_STYLE_FILL_AREA(#11716);
#11716 = FILL_AREA_STYLE('',(#11717));
#11717 = FILL_AREA_STYLE_COLOUR('',#11718);
#11718 = DRAUGHTING_PRE_DEFINED_COLOUR('white');
#11719 = OVER_RIDING_STYLED_ITEM('overriding color',(#11720),#4985,
  #11026);
#11720 = PRESENTATION_STYLE_ASSIGNMENT((#11721));
#11721 = SURFACE_STYLE_USAGE(.BOTH.,#11722);
#11722 = SURFACE_SIDE_STYLE('',(#11723));
#11723 = SURFACE_STYLE_FILL_AREA(#11724);
#11724 = FILL_AREA_STYLE('',(#11725));
#11725 = FILL_AREA_STYLE_COLOUR('',#11718);
#11726 = OVER_RIDING_STYLED_ITEM('overriding color',(#11727),#4997,
  #11026);
#11727 = PRESENTATION_STYLE_ASSIGNMENT((#11728));
#11728 = SURFACE_STYLE_USAGE(.BOTH.,#11729);
#11729 = SURFACE_SIDE_STYLE('',(#11730));
#11730 = SURFACE_STYLE_FILL_AREA(#11731);
#11731 = FILL_AREA_STYLE('',(#11732));
#11732 = FILL_AREA_STYLE_COLOUR('',#11718);
#11733 = OVER_RIDING_STYLED_ITEM('overriding color',(#11734),#5013,
  #11026);
#11734 = PRESENTATION_STYLE_ASSIGNMENT((#11735));
#11735 = SURFACE_STYLE_USAGE(.BOTH.,#11736);
#11736 = SURFACE_SIDE_STYLE('',(#11737));
#11737 = SURFACE_STYLE_FILL_AREA(#11738);
#11738 = FILL_AREA_STYLE('',(#11739));
#11739 = FILL_AREA_STYLE_COLOUR('',#11718);
#11740 = OVER_RIDING_STYLED_ITEM('overriding color',(#11741),#5025,
  #11026);
#11741 = PRESENTATION_STYLE_ASSIGNMENT((#11742));
#11742 = SURFACE_STYLE_USAGE(.BOTH.,#11743);
#11743 = SURFACE_SIDE_STYLE('',(#11744));
#11744 = SURFACE_STYLE_FILL_AREA(#11745);
#11745 = FILL_AREA_STYLE('',(#11746));
#11746 = FILL_AREA_STYLE_COLOUR('',#11043);
#11747 = OVER_RIDING_STYLED_ITEM('overriding color',(#11748),#5047,
  #11026);
#11748 = PRESENTATION_STYLE_ASSIGNMENT((#11749));
#11749 = SURFACE_STYLE_USAGE(.BOTH.,#11750);
#11750 = SURFACE_SIDE_STYLE('',(#11751));
#11751 = SURFACE_STYLE_FILL_AREA(#11752);
#11752 = FILL_AREA_STYLE('',(#11753));
#11753 = FILL_AREA_STYLE_COLOUR('',#11043);
#11754 = OVER_RIDING_STYLED_ITEM('overriding color',(#11755),#5090,
  #11026);
#11755 = PRESENTATION_STYLE_ASSIGNMENT((#11756));
#11756 = SURFACE_STYLE_USAGE(.BOTH.,#11757);
#11757 = SURFACE_SIDE_STYLE('',(#11758));
#11758 = SURFACE_STYLE_FILL_AREA(#11759);
#11759 = FILL_AREA_STYLE('',(#11760));
#11760 = FILL_AREA_STYLE_COLOUR('',#11043);
#11761 = OVER_RIDING_STYLED_ITEM('overriding color',(#11762),#5121,
  #11026);
#11762 = PRESENTATION_STYLE_ASSIGNMENT((#11763));
#11763 = SURFACE_STYLE_USAGE(.BOTH.,#11764);
#11764 = SURFACE_SIDE_STYLE('',(#11765));
#11765 = SURFACE_STYLE_FILL_AREA(#11766);
#11766 = FILL_AREA_STYLE('',(#11767));
#11767 = FILL_AREA_STYLE_COLOUR('',#11043);
#11768 = OVER_RIDING_STYLED_ITEM('overriding color',(#11769),#5143,
  #11026);
#11769 = PRESENTATION_STYLE_ASSIGNMENT((#11770));
#11770 = SURFACE_STYLE_USAGE(.BOTH.,#11771);
#11771 = SURFACE_SIDE_STYLE('',(#11772));
#11772 = SURFACE_STYLE_FILL_AREA(#11773);
#11773 = FILL_AREA_STYLE('',(#11774));
#11774 = FILL_AREA_STYLE_COLOUR('',#11043);
#11775 = OVER_RIDING_STYLED_ITEM('overriding color',(#11776),#5174,
  #11026);
#11776 = PRESENTATION_STYLE_ASSIGNMENT((#11777));
#11777 = SURFACE_STYLE_USAGE(.BOTH.,#11778);
#11778 = SURFACE_SIDE_STYLE('',(#11779));
#11779 = SURFACE_STYLE_FILL_AREA(#11780);
#11780 = FILL_AREA_STYLE('',(#11781));
#11781 = FILL_AREA_STYLE_COLOUR('',#11043);
#11782 = OVER_RIDING_STYLED_ITEM('overriding color',(#11783),#5191,
  #11026);
#11783 = PRESENTATION_STYLE_ASSIGNMENT((#11784));
#11784 = SURFACE_STYLE_USAGE(.BOTH.,#11785);
#11785 = SURFACE_SIDE_STYLE('',(#11786));
#11786 = SURFACE_STYLE_FILL_AREA(#11787);
#11787 = FILL_AREA_STYLE('',(#11788));
#11788 = FILL_AREA_STYLE_COLOUR('',#11043);
#11789 = OVER_RIDING_STYLED_ITEM('overriding color',(#11790),#5219,
  #11026);
#11790 = PRESENTATION_STYLE_ASSIGNMENT((#11791));
#11791 = SURFACE_STYLE_USAGE(.BOTH.,#11792);
#11792 = SURFACE_SIDE_STYLE('',(#11793));
#11793 = SURFACE_STYLE_FILL_AREA(#11794);
#11794 = FILL_AREA_STYLE('',(#11795));
#11795 = FILL_AREA_STYLE_COLOUR('',#11043);
#11796 = OVER_RIDING_STYLED_ITEM('overriding color',(#11797),#5236,
  #11026);
#11797 = PRESENTATION_STYLE_ASSIGNMENT((#11798));
#11798 = SURFACE_STYLE_USAGE(.BOTH.,#11799);
#11799 = SURFACE_SIDE_STYLE('',(#11800));
#11800 = SURFACE_STYLE_FILL_AREA(#11801);
#11801 = FILL_AREA_STYLE('',(#11802));
#11802 = FILL_AREA_STYLE_COLOUR('',#11803);
#11803 = COLOUR_RGB('',0.796078417252,0.823529417451,0.937254901616);
#11804 = OVER_RIDING_STYLED_ITEM('overriding color',(#11805),#5264,
  #11026);
#11805 = PRESENTATION_STYLE_ASSIGNMENT((#11806));
#11806 = SURFACE_STYLE_USAGE(.BOTH.,#11807);
#11807 = SURFACE_SIDE_STYLE('',(#11808));
#11808 = SURFACE_STYLE_FILL_AREA(#11809);
#11809 = FILL_AREA_STYLE('',(#11810));
#11810 = FILL_AREA_STYLE_COLOUR('',#11803);
#11811 = OVER_RIDING_STYLED_ITEM('overriding color',(#11812),#5286,
  #11026);
#11812 = PRESENTATION_STYLE_ASSIGNMENT((#11813));
#11813 = SURFACE_STYLE_USAGE(.BOTH.,#11814);
#11814 = SURFACE_SIDE_STYLE('',(#11815));
#11815 = SURFACE_STYLE_FILL_AREA(#11816);
#11816 = FILL_AREA_STYLE('',(#11817));
#11817 = FILL_AREA_STYLE_COLOUR('',#11803);
#11818 = OVER_RIDING_STYLED_ITEM('overriding color',(#11819),#5308,
  #11026);
#11819 = PRESENTATION_STYLE_ASSIGNMENT((#11820));
#11820 = SURFACE_STYLE_USAGE(.BOTH.,#11821);
#11821 = SURFACE_SIDE_STYLE('',(#11822));
#11822 = SURFACE_STYLE_FILL_AREA(#11823);
#11823 = FILL_AREA_STYLE('',(#11824));
#11824 = FILL_AREA_STYLE_COLOUR('',#11803);
#11825 = OVER_RIDING_STYLED_ITEM('overriding color',(#11826),#5330,
  #11026);
#11826 = PRESENTATION_STYLE_ASSIGNMENT((#11827));
#11827 = SURFACE_STYLE_USAGE(.BOTH.,#11828);
#11828 = SURFACE_SIDE_STYLE('',(#11829));
#11829 = SURFACE_STYLE_FILL_AREA(#11830);
#11830 = FILL_AREA_STYLE('',(#11831));
#11831 = FILL_AREA_STYLE_COLOUR('',#11803);
#11832 = OVER_RIDING_STYLED_ITEM('overriding color',(#11833),#5352,
  #11026);
#11833 = PRESENTATION_STYLE_ASSIGNMENT((#11834));
#11834 = SURFACE_STYLE_USAGE(.BOTH.,#11835);
#11835 = SURFACE_SIDE_STYLE('',(#11836));
#11836 = SURFACE_STYLE_FILL_AREA(#11837);
#11837 = FILL_AREA_STYLE('',(#11838));
#11838 = FILL_AREA_STYLE_COLOUR('',#11803);
#11839 = OVER_RIDING_STYLED_ITEM('overriding color',(#11840),#5368,
  #11026);
#11840 = PRESENTATION_STYLE_ASSIGNMENT((#11841));
#11841 = SURFACE_STYLE_USAGE(.BOTH.,#11842);
#11842 = SURFACE_SIDE_STYLE('',(#11843));
#11843 = SURFACE_STYLE_FILL_AREA(#11844);
#11844 = FILL_AREA_STYLE('',(#11845));
#11845 = FILL_AREA_STYLE_COLOUR('',#11803);
#11846 = OVER_RIDING_STYLED_ITEM('overriding color',(#11847),#5382,
  #11026);
#11847 = PRESENTATION_STYLE_ASSIGNMENT((#11848));
#11848 = SURFACE_STYLE_USAGE(.BOTH.,#11849);
#11849 = SURFACE_SIDE_STYLE('',(#11850));
#11850 = SURFACE_STYLE_FILL_AREA(#11851);
#11851 = FILL_AREA_STYLE('',(#11852));
#11852 = FILL_AREA_STYLE_COLOUR('',#11803);
#11853 = OVER_RIDING_STYLED_ITEM('overriding color',(#11854),#5416,
  #11026);
#11854 = PRESENTATION_STYLE_ASSIGNMENT((#11855));
#11855 = SURFACE_STYLE_USAGE(.BOTH.,#11856);
#11856 = SURFACE_SIDE_STYLE('',(#11857));
#11857 = SURFACE_STYLE_FILL_AREA(#11858);
#11858 = FILL_AREA_STYLE('',(#11859));
#11859 = FILL_AREA_STYLE_COLOUR('',#11803);
#11860 = OVER_RIDING_STYLED_ITEM('overriding color',(#11861),#5438,
  #11026);
#11861 = PRESENTATION_STYLE_ASSIGNMENT((#11862));
#11862 = SURFACE_STYLE_USAGE(.BOTH.,#11863);
#11863 = SURFACE_SIDE_STYLE('',(#11864));
#11864 = SURFACE_STYLE_FILL_AREA(#11865);
#11865 = FILL_AREA_STYLE('',(#11866));
#11866 = FILL_AREA_STYLE_COLOUR('',#11803);
#11867 = OVER_RIDING_STYLED_ITEM('overriding color',(#11868),#5466,
  #11026);
#11868 = PRESENTATION_STYLE_ASSIGNMENT((#11869));
#11869 = SURFACE_STYLE_USAGE(.BOTH.,#11870);
#11870 = SURFACE_SIDE_STYLE('',(#11871));
#11871 = SURFACE_STYLE_FILL_AREA(#11872);
#11872 = FILL_AREA_STYLE('',(#11873));
#11873 = FILL_AREA_STYLE_COLOUR('',#11803);
#11874 = OVER_RIDING_STYLED_ITEM('overriding color',(#11875),#5494,
  #11026);
#11875 = PRESENTATION_STYLE_ASSIGNMENT((#11876));
#11876 = SURFACE_STYLE_USAGE(.BOTH.,#11877);
#11877 = SURFACE_SIDE_STYLE('',(#11878));
#11878 = SURFACE_STYLE_FILL_AREA(#11879);
#11879 = FILL_AREA_STYLE('',(#11880));
#11880 = FILL_AREA_STYLE_COLOUR('',#11803);
#11881 = OVER_RIDING_STYLED_ITEM('overriding color',(#11882),#5522,
  #11026);
#11882 = PRESENTATION_STYLE_ASSIGNMENT((#11883));
#11883 = SURFACE_STYLE_USAGE(.BOTH.,#11884);
#11884 = SURFACE_SIDE_STYLE('',(#11885));
#11885 = SURFACE_STYLE_FILL_AREA(#11886);
#11886 = FILL_AREA_STYLE('',(#11887));
#11887 = FILL_AREA_STYLE_COLOUR('',#11803);
#11888 = OVER_RIDING_STYLED_ITEM('overriding color',(#11889),#5550,
  #11026);
#11889 = PRESENTATION_STYLE_ASSIGNMENT((#11890));
#11890 = SURFACE_STYLE_USAGE(.BOTH.,#11891);
#11891 = SURFACE_SIDE_STYLE('',(#11892));
#11892 = SURFACE_STYLE_FILL_AREA(#11893);
#11893 = FILL_AREA_STYLE('',(#11894));
#11894 = FILL_AREA_STYLE_COLOUR('',#11803);
#11895 = OVER_RIDING_STYLED_ITEM('overriding color',(#11896),#5578,
  #11026);
#11896 = PRESENTATION_STYLE_ASSIGNMENT((#11897));
#11897 = SURFACE_STYLE_USAGE(.BOTH.,#11898);
#11898 = SURFACE_SIDE_STYLE('',(#11899));
#11899 = SURFACE_STYLE_FILL_AREA(#11900);
#11900 = FILL_AREA_STYLE('',(#11901));
#11901 = FILL_AREA_STYLE_COLOUR('',#11803);
#11902 = OVER_RIDING_STYLED_ITEM('overriding color',(#11903),#5606,
  #11026);
#11903 = PRESENTATION_STYLE_ASSIGNMENT((#11904));
#11904 = SURFACE_STYLE_USAGE(.BOTH.,#11905);
#11905 = SURFACE_SIDE_STYLE('',(#11906));
#11906 = SURFACE_STYLE_FILL_AREA(#11907);
#11907 = FILL_AREA_STYLE('',(#11908));
#11908 = FILL_AREA_STYLE_COLOUR('',#11803);
#11909 = OVER_RIDING_STYLED_ITEM('overriding color',(#11910),#5628,
  #11026);
#11910 = PRESENTATION_STYLE_ASSIGNMENT((#11911));
#11911 = SURFACE_STYLE_USAGE(.BOTH.,#11912);
#11912 = SURFACE_SIDE_STYLE('',(#11913));
#11913 = SURFACE_STYLE_FILL_AREA(#11914);
#11914 = FILL_AREA_STYLE('',(#11915));
#11915 = FILL_AREA_STYLE_COLOUR('',#11803);
#11916 = OVER_RIDING_STYLED_ITEM('overriding color',(#11917),#5656,
  #11026);
#11917 = PRESENTATION_STYLE_ASSIGNMENT((#11918));
#11918 = SURFACE_STYLE_USAGE(.BOTH.,#11919);
#11919 = SURFACE_SIDE_STYLE('',(#11920));
#11920 = SURFACE_STYLE_FILL_AREA(#11921);
#11921 = FILL_AREA_STYLE('',(#11922));
#11922 = FILL_AREA_STYLE_COLOUR('',#11803);
#11923 = OVER_RIDING_STYLED_ITEM('overriding color',(#11924),#5684,
  #11026);
#11924 = PRESENTATION_STYLE_ASSIGNMENT((#11925));
#11925 = SURFACE_STYLE_USAGE(.BOTH.,#11926);
#11926 = SURFACE_SIDE_STYLE('',(#11927));
#11927 = SURFACE_STYLE_FILL_AREA(#11928);
#11928 = FILL_AREA_STYLE('',(#11929));
#11929 = FILL_AREA_STYLE_COLOUR('',#11803);
#11930 = OVER_RIDING_STYLED_ITEM('overriding color',(#11931),#5712,
  #11026);
#11931 = PRESENTATION_STYLE_ASSIGNMENT((#11932));
#11932 = SURFACE_STYLE_USAGE(.BOTH.,#11933);
#11933 = SURFACE_SIDE_STYLE('',(#11934));
#11934 = SURFACE_STYLE_FILL_AREA(#11935);
#11935 = FILL_AREA_STYLE('',(#11936));
#11936 = FILL_AREA_STYLE_COLOUR('',#11803);
#11937 = OVER_RIDING_STYLED_ITEM('overriding color',(#11938),#5740,
  #11026);
#11938 = PRESENTATION_STYLE_ASSIGNMENT((#11939));
#11939 = SURFACE_STYLE_USAGE(.BOTH.,#11940);
#11940 = SURFACE_SIDE_STYLE('',(#11941));
#11941 = SURFACE_STYLE_FILL_AREA(#11942);
#11942 = FILL_AREA_STYLE('',(#11943));
#11943 = FILL_AREA_STYLE_COLOUR('',#11803);
#11944 = OVER_RIDING_STYLED_ITEM('overriding color',(#11945),#5762,
  #11026);
#11945 = PRESENTATION_STYLE_ASSIGNMENT((#11946));
#11946 = SURFACE_STYLE_USAGE(.BOTH.,#11947);
#11947 = SURFACE_SIDE_STYLE('',(#11948));
#11948 = SURFACE_STYLE_FILL_AREA(#11949);
#11949 = FILL_AREA_STYLE('',(#11950));
#11950 = FILL_AREA_STYLE_COLOUR('',#11803);
#11951 = OVER_RIDING_STYLED_ITEM('overriding color',(#11952),#5784,
  #11026);
#11952 = PRESENTATION_STYLE_ASSIGNMENT((#11953));
#11953 = SURFACE_STYLE_USAGE(.BOTH.,#11954);
#11954 = SURFACE_SIDE_STYLE('',(#11955));
#11955 = SURFACE_STYLE_FILL_AREA(#11956);
#11956 = FILL_AREA_STYLE('',(#11957));
#11957 = FILL_AREA_STYLE_COLOUR('',#11803);
#11958 = OVER_RIDING_STYLED_ITEM('overriding color',(#11959),#5812,
  #11026);
#11959 = PRESENTATION_STYLE_ASSIGNMENT((#11960));
#11960 = SURFACE_STYLE_USAGE(.BOTH.,#11961);
#11961 = SURFACE_SIDE_STYLE('',(#11962));
#11962 = SURFACE_STYLE_FILL_AREA(#11963);
#11963 = FILL_AREA_STYLE('',(#11964));
#11964 = FILL_AREA_STYLE_COLOUR('',#11803);
#11965 = OVER_RIDING_STYLED_ITEM('overriding color',(#11966),#5834,
  #11026);
#11966 = PRESENTATION_STYLE_ASSIGNMENT((#11967));
#11967 = SURFACE_STYLE_USAGE(.BOTH.,#11968);
#11968 = SURFACE_SIDE_STYLE('',(#11969));
#11969 = SURFACE_STYLE_FILL_AREA(#11970);
#11970 = FILL_AREA_STYLE('',(#11971));
#11971 = FILL_AREA_STYLE_COLOUR('',#11803);
#11972 = OVER_RIDING_STYLED_ITEM('overriding color',(#11973),#5856,
  #11026);
#11973 = PRESENTATION_STYLE_ASSIGNMENT((#11974));
#11974 = SURFACE_STYLE_USAGE(.BOTH.,#11975);
#11975 = SURFACE_SIDE_STYLE('',(#11976));
#11976 = SURFACE_STYLE_FILL_AREA(#11977);
#11977 = FILL_AREA_STYLE('',(#11978));
#11978 = FILL_AREA_STYLE_COLOUR('',#11803);
#11979 = OVER_RIDING_STYLED_ITEM('overriding color',(#11980),#5878,
  #11026);
#11980 = PRESENTATION_STYLE_ASSIGNMENT((#11981));
#11981 = SURFACE_STYLE_USAGE(.BOTH.,#11982);
#11982 = SURFACE_SIDE_STYLE('',(#11983));
#11983 = SURFACE_STYLE_FILL_AREA(#11984);
#11984 = FILL_AREA_STYLE('',(#11985));
#11985 = FILL_AREA_STYLE_COLOUR('',#11803);
#11986 = OVER_RIDING_STYLED_ITEM('overriding color',(#11987),#5900,
  #11026);
#11987 = PRESENTATION_STYLE_ASSIGNMENT((#11988));
#11988 = SURFACE_STYLE_USAGE(.BOTH.,#11989);
#11989 = SURFACE_SIDE_STYLE('',(#11990));
#11990 = SURFACE_STYLE_FILL_AREA(#11991);
#11991 = FILL_AREA_STYLE('',(#11992));
#11992 = FILL_AREA_STYLE_COLOUR('',#11803);
#11993 = OVER_RIDING_STYLED_ITEM('overriding color',(#11994),#5922,
  #11026);
#11994 = PRESENTATION_STYLE_ASSIGNMENT((#11995));
#11995 = SURFACE_STYLE_USAGE(.BOTH.,#11996);
#11996 = SURFACE_SIDE_STYLE('',(#11997));
#11997 = SURFACE_STYLE_FILL_AREA(#11998);
#11998 = FILL_AREA_STYLE('',(#11999));
#11999 = FILL_AREA_STYLE_COLOUR('',#11803);
#12000 = OVER_RIDING_STYLED_ITEM('overriding color',(#12001),#5944,
  #11026);
#12001 = PRESENTATION_STYLE_ASSIGNMENT((#12002));
#12002 = SURFACE_STYLE_USAGE(.BOTH.,#12003);
#12003 = SURFACE_SIDE_STYLE('',(#12004));
#12004 = SURFACE_STYLE_FILL_AREA(#12005);
#12005 = FILL_AREA_STYLE('',(#12006));
#12006 = FILL_AREA_STYLE_COLOUR('',#11803);
#12007 = OVER_RIDING_STYLED_ITEM('overriding color',(#12008),#5966,
  #11026);
#12008 = PRESENTATION_STYLE_ASSIGNMENT((#12009));
#12009 = SURFACE_STYLE_USAGE(.BOTH.,#12010);
#12010 = SURFACE_SIDE_STYLE('',(#12011));
#12011 = SURFACE_STYLE_FILL_AREA(#12012);
#12012 = FILL_AREA_STYLE('',(#12013));
#12013 = FILL_AREA_STYLE_COLOUR('',#11803);
#12014 = OVER_RIDING_STYLED_ITEM('overriding color',(#12015),#5988,
  #11026);
#12015 = PRESENTATION_STYLE_ASSIGNMENT((#12016));
#12016 = SURFACE_STYLE_USAGE(.BOTH.,#12017);
#12017 = SURFACE_SIDE_STYLE('',(#12018));
#12018 = SURFACE_STYLE_FILL_AREA(#12019);
#12019 = FILL_AREA_STYLE('',(#12020));
#12020 = FILL_AREA_STYLE_COLOUR('',#11803);
#12021 = OVER_RIDING_STYLED_ITEM('overriding color',(#12022),#6010,
  #11026);
#12022 = PRESENTATION_STYLE_ASSIGNMENT((#12023));
#12023 = SURFACE_STYLE_USAGE(.BOTH.,#12024);
#12024 = SURFACE_SIDE_STYLE('',(#12025));
#12025 = SURFACE_STYLE_FILL_AREA(#12026);
#12026 = FILL_AREA_STYLE('',(#12027));
#12027 = FILL_AREA_STYLE_COLOUR('',#11803);
#12028 = OVER_RIDING_STYLED_ITEM('overriding color',(#12029),#6032,
  #11026);
#12029 = PRESENTATION_STYLE_ASSIGNMENT((#12030));
#12030 = SURFACE_STYLE_USAGE(.BOTH.,#12031);
#12031 = SURFACE_SIDE_STYLE('',(#12032));
#12032 = SURFACE_STYLE_FILL_AREA(#12033);
#12033 = FILL_AREA_STYLE('',(#12034));
#12034 = FILL_AREA_STYLE_COLOUR('',#11803);
#12035 = OVER_RIDING_STYLED_ITEM('overriding color',(#12036),#6048,
  #11026);
#12036 = PRESENTATION_STYLE_ASSIGNMENT((#12037));
#12037 = SURFACE_STYLE_USAGE(.BOTH.,#12038);
#12038 = SURFACE_SIDE_STYLE('',(#12039));
#12039 = SURFACE_STYLE_FILL_AREA(#12040);
#12040 = FILL_AREA_STYLE('',(#12041));
#12041 = FILL_AREA_STYLE_COLOUR('',#11803);
#12042 = OVER_RIDING_STYLED_ITEM('overriding color',(#12043),#6068,
  #11026);
#12043 = PRESENTATION_STYLE_ASSIGNMENT((#12044));
#12044 = SURFACE_STYLE_USAGE(.BOTH.,#12045);
#12045 = SURFACE_SIDE_STYLE('',(#12046));
#12046 = SURFACE_STYLE_FILL_AREA(#12047);
#12047 = FILL_AREA_STYLE('',(#12048));
#12048 = FILL_AREA_STYLE_COLOUR('',#11803);
#12049 = OVER_RIDING_STYLED_ITEM('overriding color',(#12050),#6192,
  #11026);
#12050 = PRESENTATION_STYLE_ASSIGNMENT((#12051));
#12051 = SURFACE_STYLE_USAGE(.BOTH.,#12052);
#12052 = SURFACE_SIDE_STYLE('',(#12053));
#12053 = SURFACE_STYLE_FILL_AREA(#12054);
#12054 = FILL_AREA_STYLE('',(#12055));
#12055 = FILL_AREA_STYLE_COLOUR('',#11803);
#12056 = OVER_RIDING_STYLED_ITEM('overriding color',(#12057),#6212,
  #11026);
#12057 = PRESENTATION_STYLE_ASSIGNMENT((#12058));
#12058 = SURFACE_STYLE_USAGE(.BOTH.,#12059);
#12059 = SURFACE_SIDE_STYLE('',(#12060));
#12060 = SURFACE_STYLE_FILL_AREA(#12061);
#12061 = FILL_AREA_STYLE('',(#12062));
#12062 = FILL_AREA_STYLE_COLOUR('',#11803);
#12063 = OVER_RIDING_STYLED_ITEM('overriding color',(#12064),#6232,
  #11026);
#12064 = PRESENTATION_STYLE_ASSIGNMENT((#12065));
#12065 = SURFACE_STYLE_USAGE(.BOTH.,#12066);
#12066 = SURFACE_SIDE_STYLE('',(#12067));
#12067 = SURFACE_STYLE_FILL_AREA(#12068);
#12068 = FILL_AREA_STYLE('',(#12069));
#12069 = FILL_AREA_STYLE_COLOUR('',#11803);
#12070 = OVER_RIDING_STYLED_ITEM('overriding color',(#12071),#6252,
  #11026);
#12071 = PRESENTATION_STYLE_ASSIGNMENT((#12072));
#12072 = SURFACE_STYLE_USAGE(.BOTH.,#12073);
#12073 = SURFACE_SIDE_STYLE('',(#12074));
#12074 = SURFACE_STYLE_FILL_AREA(#12075);
#12075 = FILL_AREA_STYLE('',(#12076));
#12076 = FILL_AREA_STYLE_COLOUR('',#11803);
#12077 = OVER_RIDING_STYLED_ITEM('overriding color',(#12078),#6272,
  #11026);
#12078 = PRESENTATION_STYLE_ASSIGNMENT((#12079));
#12079 = SURFACE_STYLE_USAGE(.BOTH.,#12080);
#12080 = SURFACE_SIDE_STYLE('',(#12081));
#12081 = SURFACE_STYLE_FILL_AREA(#12082);
#12082 = FILL_AREA_STYLE('',(#12083));
#12083 = FILL_AREA_STYLE_COLOUR('',#11803);
#12084 = OVER_RIDING_STYLED_ITEM('overriding color',(#12085),#6292,
  #11026);
#12085 = PRESENTATION_STYLE_ASSIGNMENT((#12086));
#12086 = SURFACE_STYLE_USAGE(.BOTH.,#12087);
#12087 = SURFACE_SIDE_STYLE('',(#12088));
#12088 = SURFACE_STYLE_FILL_AREA(#12089);
#12089 = FILL_AREA_STYLE('',(#12090));
#12090 = FILL_AREA_STYLE_COLOUR('',#11803);
#12091 = OVER_RIDING_STYLED_ITEM('overriding color',(#12092),#6308,
  #11026);
#12092 = PRESENTATION_STYLE_ASSIGNMENT((#12093));
#12093 = SURFACE_STYLE_USAGE(.BOTH.,#12094);
#12094 = SURFACE_SIDE_STYLE('',(#12095));
#12095 = SURFACE_STYLE_FILL_AREA(#12096);
#12096 = FILL_AREA_STYLE('',(#12097));
#12097 = FILL_AREA_STYLE_COLOUR('',#11803);
#12098 = OVER_RIDING_STYLED_ITEM('overriding color',(#12099),#6320,
  #11026);
#12099 = PRESENTATION_STYLE_ASSIGNMENT((#12100));
#12100 = SURFACE_STYLE_USAGE(.BOTH.,#12101);
#12101 = SURFACE_SIDE_STYLE('',(#12102));
#12102 = SURFACE_STYLE_FILL_AREA(#12103);
#12103 = FILL_AREA_STYLE('',(#12104));
#12104 = FILL_AREA_STYLE_COLOUR('',#11803);
#12105 = OVER_RIDING_STYLED_ITEM('overriding color',(#12106),#6348,
  #11026);
#12106 = PRESENTATION_STYLE_ASSIGNMENT((#12107));
#12107 = SURFACE_STYLE_USAGE(.BOTH.,#12108);
#12108 = SURFACE_SIDE_STYLE('',(#12109));
#12109 = SURFACE_STYLE_FILL_AREA(#12110);
#12110 = FILL_AREA_STYLE('',(#12111));
#12111 = FILL_AREA_STYLE_COLOUR('',#11803);
#12112 = OVER_RIDING_STYLED_ITEM('overriding color',(#12113),#6370,
  #11026);
#12113 = PRESENTATION_STYLE_ASSIGNMENT((#12114));
#12114 = SURFACE_STYLE_USAGE(.BOTH.,#12115);
#12115 = SURFACE_SIDE_STYLE('',(#12116));
#12116 = SURFACE_STYLE_FILL_AREA(#12117);
#12117 = FILL_AREA_STYLE('',(#12118));
#12118 = FILL_AREA_STYLE_COLOUR('',#11803);
#12119 = OVER_RIDING_STYLED_ITEM('overriding color',(#12120),#6392,
  #11026);
#12120 = PRESENTATION_STYLE_ASSIGNMENT((#12121));
#12121 = SURFACE_STYLE_USAGE(.BOTH.,#12122);
#12122 = SURFACE_SIDE_STYLE('',(#12123));
#12123 = SURFACE_STYLE_FILL_AREA(#12124);
#12124 = FILL_AREA_STYLE('',(#12125));
#12125 = FILL_AREA_STYLE_COLOUR('',#11803);
#12126 = OVER_RIDING_STYLED_ITEM('overriding color',(#12127),#6420,
  #11026);
#12127 = PRESENTATION_STYLE_ASSIGNMENT((#12128));
#12128 = SURFACE_STYLE_USAGE(.BOTH.,#12129);
#12129 = SURFACE_SIDE_STYLE('',(#12130));
#12130 = SURFACE_STYLE_FILL_AREA(#12131);
#12131 = FILL_AREA_STYLE('',(#12132));
#12132 = FILL_AREA_STYLE_COLOUR('',#11803);
#12133 = OVER_RIDING_STYLED_ITEM('overriding color',(#12134),#6448,
  #11026);
#12134 = PRESENTATION_STYLE_ASSIGNMENT((#12135));
#12135 = SURFACE_STYLE_USAGE(.BOTH.,#12136);
#12136 = SURFACE_SIDE_STYLE('',(#12137));
#12137 = SURFACE_STYLE_FILL_AREA(#12138);
#12138 = FILL_AREA_STYLE('',(#12139));
#12139 = FILL_AREA_STYLE_COLOUR('',#11803);
#12140 = OVER_RIDING_STYLED_ITEM('overriding color',(#12141),#6476,
  #11026);
#12141 = PRESENTATION_STYLE_ASSIGNMENT((#12142));
#12142 = SURFACE_STYLE_USAGE(.BOTH.,#12143);
#12143 = SURFACE_SIDE_STYLE('',(#12144));
#12144 = SURFACE_STYLE_FILL_AREA(#12145);
#12145 = FILL_AREA_STYLE('',(#12146));
#12146 = FILL_AREA_STYLE_COLOUR('',#11803);
#12147 = OVER_RIDING_STYLED_ITEM('overriding color',(#12148),#6498,
  #11026);
#12148 = PRESENTATION_STYLE_ASSIGNMENT((#12149));
#12149 = SURFACE_STYLE_USAGE(.BOTH.,#12150);
#12150 = SURFACE_SIDE_STYLE('',(#12151));
#12151 = SURFACE_STYLE_FILL_AREA(#12152);
#12152 = FILL_AREA_STYLE('',(#12153));
#12153 = FILL_AREA_STYLE_COLOUR('',#11086);
#12154 = OVER_RIDING_STYLED_ITEM('overriding color',(#12155),#6513,
  #11026);
#12155 = PRESENTATION_STYLE_ASSIGNMENT((#12156));
#12156 = SURFACE_STYLE_USAGE(.BOTH.,#12157);
#12157 = SURFACE_SIDE_STYLE('',(#12158));
#12158 = SURFACE_STYLE_FILL_AREA(#12159);
#12159 = FILL_AREA_STYLE('',(#12160));
#12160 = FILL_AREA_STYLE_COLOUR('',#11803);
#12161 = OVER_RIDING_STYLED_ITEM('overriding color',(#12162),#6625,
  #11026);
#12162 = PRESENTATION_STYLE_ASSIGNMENT((#12163));
#12163 = SURFACE_STYLE_USAGE(.BOTH.,#12164);
#12164 = SURFACE_SIDE_STYLE('',(#12165));
#12165 = SURFACE_STYLE_FILL_AREA(#12166);
#12166 = FILL_AREA_STYLE('',(#12167));
#12167 = FILL_AREA_STYLE_COLOUR('',#11803);
#12168 = OVER_RIDING_STYLED_ITEM('overriding color',(#12169),#6645,
  #11026);
#12169 = PRESENTATION_STYLE_ASSIGNMENT((#12170));
#12170 = SURFACE_STYLE_USAGE(.BOTH.,#12171);
#12171 = SURFACE_SIDE_STYLE('',(#12172));
#12172 = SURFACE_STYLE_FILL_AREA(#12173);
#12173 = FILL_AREA_STYLE('',(#12174));
#12174 = FILL_AREA_STYLE_COLOUR('',#11803);
#12175 = OVER_RIDING_STYLED_ITEM('overriding color',(#12176),#6661,
  #11026);
#12176 = PRESENTATION_STYLE_ASSIGNMENT((#12177));
#12177 = SURFACE_STYLE_USAGE(.BOTH.,#12178);
#12178 = SURFACE_SIDE_STYLE('',(#12179));
#12179 = SURFACE_STYLE_FILL_AREA(#12180);
#12180 = FILL_AREA_STYLE('',(#12181));
#12181 = FILL_AREA_STYLE_COLOUR('',#11803);
#12182 = OVER_RIDING_STYLED_ITEM('overriding color',(#12183),#6677,
  #11026);
#12183 = PRESENTATION_STYLE_ASSIGNMENT((#12184));
#12184 = SURFACE_STYLE_USAGE(.BOTH.,#12185);
#12185 = SURFACE_SIDE_STYLE('',(#12186));
#12186 = SURFACE_STYLE_FILL_AREA(#12187);
#12187 = FILL_AREA_STYLE('',(#12188));
#12188 = FILL_AREA_STYLE_COLOUR('',#11803);
#12189 = OVER_RIDING_STYLED_ITEM('overriding color',(#12190),#6693,
  #11026);
#12190 = PRESENTATION_STYLE_ASSIGNMENT((#12191));
#12191 = SURFACE_STYLE_USAGE(.BOTH.,#12192);
#12192 = SURFACE_SIDE_STYLE('',(#12193));
#12193 = SURFACE_STYLE_FILL_AREA(#12194);
#12194 = FILL_AREA_STYLE('',(#12195));
#12195 = FILL_AREA_STYLE_COLOUR('',#11803);
#12196 = OVER_RIDING_STYLED_ITEM('overriding color',(#12197),#6709,
  #11026);
#12197 = PRESENTATION_STYLE_ASSIGNMENT((#12198));
#12198 = SURFACE_STYLE_USAGE(.BOTH.,#12199);
#12199 = SURFACE_SIDE_STYLE('',(#12200));
#12200 = SURFACE_STYLE_FILL_AREA(#12201);
#12201 = FILL_AREA_STYLE('',(#12202));
#12202 = FILL_AREA_STYLE_COLOUR('',#11803);
#12203 = OVER_RIDING_STYLED_ITEM('overriding color',(#12204),#6725,
  #11026);
#12204 = PRESENTATION_STYLE_ASSIGNMENT((#12205));
#12205 = SURFACE_STYLE_USAGE(.BOTH.,#12206);
#12206 = SURFACE_SIDE_STYLE('',(#12207));
#12207 = SURFACE_STYLE_FILL_AREA(#12208);
#12208 = FILL_AREA_STYLE('',(#12209));
#12209 = FILL_AREA_STYLE_COLOUR('',#11803);
#12210 = OVER_RIDING_STYLED_ITEM('overriding color',(#12211),#6741,
  #11026);
#12211 = PRESENTATION_STYLE_ASSIGNMENT((#12212));
#12212 = SURFACE_STYLE_USAGE(.BOTH.,#12213);
#12213 = SURFACE_SIDE_STYLE('',(#12214));
#12214 = SURFACE_STYLE_FILL_AREA(#12215);
#12215 = FILL_AREA_STYLE('',(#12216));
#12216 = FILL_AREA_STYLE_COLOUR('',#11803);
#12217 = OVER_RIDING_STYLED_ITEM('overriding color',(#12218),#6753,
  #11026);
#12218 = PRESENTATION_STYLE_ASSIGNMENT((#12219));
#12219 = SURFACE_STYLE_USAGE(.BOTH.,#12220);
#12220 = SURFACE_SIDE_STYLE('',(#12221));
#12221 = SURFACE_STYLE_FILL_AREA(#12222);
#12222 = FILL_AREA_STYLE('',(#12223));
#12223 = FILL_AREA_STYLE_COLOUR('',#11803);
#12224 = OVER_RIDING_STYLED_ITEM('overriding color',(#12225),#6781,
  #11026);
#12225 = PRESENTATION_STYLE_ASSIGNMENT((#12226));
#12226 = SURFACE_STYLE_USAGE(.BOTH.,#12227);
#12227 = SURFACE_SIDE_STYLE('',(#12228));
#12228 = SURFACE_STYLE_FILL_AREA(#12229);
#12229 = FILL_AREA_STYLE('',(#12230));
#12230 = FILL_AREA_STYLE_COLOUR('',#11803);
#12231 = OVER_RIDING_STYLED_ITEM('overriding color',(#12232),#6803,
  #11026);
#12232 = PRESENTATION_STYLE_ASSIGNMENT((#12233));
#12233 = SURFACE_STYLE_USAGE(.BOTH.,#12234);
#12234 = SURFACE_SIDE_STYLE('',(#12235));
#12235 = SURFACE_STYLE_FILL_AREA(#12236);
#12236 = FILL_AREA_STYLE('',(#12237));
#12237 = FILL_AREA_STYLE_COLOUR('',#11803);
#12238 = OVER_RIDING_STYLED_ITEM('overriding color',(#12239),#6831,
  #11026);
#12239 = PRESENTATION_STYLE_ASSIGNMENT((#12240));
#12240 = SURFACE_STYLE_USAGE(.BOTH.,#12241);
#12241 = SURFACE_SIDE_STYLE('',(#12242));
#12242 = SURFACE_STYLE_FILL_AREA(#12243);
#12243 = FILL_AREA_STYLE('',(#12244));
#12244 = FILL_AREA_STYLE_COLOUR('',#11803);
#12245 = OVER_RIDING_STYLED_ITEM('overriding color',(#12246),#6853,
  #11026);
#12246 = PRESENTATION_STYLE_ASSIGNMENT((#12247));
#12247 = SURFACE_STYLE_USAGE(.BOTH.,#12248);
#12248 = SURFACE_SIDE_STYLE('',(#12249));
#12249 = SURFACE_STYLE_FILL_AREA(#12250);
#12250 = FILL_AREA_STYLE('',(#12251));
#12251 = FILL_AREA_STYLE_COLOUR('',#11803);
#12252 = OVER_RIDING_STYLED_ITEM('overriding color',(#12253),#6881,
  #11026);
#12253 = PRESENTATION_STYLE_ASSIGNMENT((#12254));
#12254 = SURFACE_STYLE_USAGE(.BOTH.,#12255);
#12255 = SURFACE_SIDE_STYLE('',(#12256));
#12256 = SURFACE_STYLE_FILL_AREA(#12257);
#12257 = FILL_AREA_STYLE('',(#12258));
#12258 = FILL_AREA_STYLE_COLOUR('',#11803);
#12259 = OVER_RIDING_STYLED_ITEM('overriding color',(#12260),#6897,
  #11026);
#12260 = PRESENTATION_STYLE_ASSIGNMENT((#12261));
#12261 = SURFACE_STYLE_USAGE(.BOTH.,#12262);
#12262 = SURFACE_SIDE_STYLE('',(#12263));
#12263 = SURFACE_STYLE_FILL_AREA(#12264);
#12264 = FILL_AREA_STYLE('',(#12265));
#12265 = FILL_AREA_STYLE_COLOUR('',#11086);
#12266 = OVER_RIDING_STYLED_ITEM('overriding color',(#12267),#6911,
  #11026);
#12267 = PRESENTATION_STYLE_ASSIGNMENT((#12268));
#12268 = SURFACE_STYLE_USAGE(.BOTH.,#12269);
#12269 = SURFACE_SIDE_STYLE('',(#12270));
#12270 = SURFACE_STYLE_FILL_AREA(#12271);
#12271 = FILL_AREA_STYLE('',(#12272));
#12272 = FILL_AREA_STYLE_COLOUR('',#11803);
#12273 = OVER_RIDING_STYLED_ITEM('overriding color',(#12274),#6939,
  #11026);
#12274 = PRESENTATION_STYLE_ASSIGNMENT((#12275));
#12275 = SURFACE_STYLE_USAGE(.BOTH.,#12276);
#12276 = SURFACE_SIDE_STYLE('',(#12277));
#12277 = SURFACE_STYLE_FILL_AREA(#12278);
#12278 = FILL_AREA_STYLE('',(#12279));
#12279 = FILL_AREA_STYLE_COLOUR('',#11803);
#12280 = OVER_RIDING_STYLED_ITEM('overriding color',(#12281),#6961,
  #11026);
#12281 = PRESENTATION_STYLE_ASSIGNMENT((#12282));
#12282 = SURFACE_STYLE_USAGE(.BOTH.,#12283);
#12283 = SURFACE_SIDE_STYLE('',(#12284));
#12284 = SURFACE_STYLE_FILL_AREA(#12285);
#12285 = FILL_AREA_STYLE('',(#12286));
#12286 = FILL_AREA_STYLE_COLOUR('',#11803);
#12287 = OVER_RIDING_STYLED_ITEM('overriding color',(#12288),#6983,
  #11026);
#12288 = PRESENTATION_STYLE_ASSIGNMENT((#12289));
#12289 = SURFACE_STYLE_USAGE(.BOTH.,#12290);
#12290 = SURFACE_SIDE_STYLE('',(#12291));
#12291 = SURFACE_STYLE_FILL_AREA(#12292);
#12292 = FILL_AREA_STYLE('',(#12293));
#12293 = FILL_AREA_STYLE_COLOUR('',#11803);
#12294 = OVER_RIDING_STYLED_ITEM('overriding color',(#12295),#7005,
  #11026);
#12295 = PRESENTATION_STYLE_ASSIGNMENT((#12296));
#12296 = SURFACE_STYLE_USAGE(.BOTH.,#12297);
#12297 = SURFACE_SIDE_STYLE('',(#12298));
#12298 = SURFACE_STYLE_FILL_AREA(#12299);
#12299 = FILL_AREA_STYLE('',(#12300));
#12300 = FILL_AREA_STYLE_COLOUR('',#11803);
#12301 = OVER_RIDING_STYLED_ITEM('overriding color',(#12302),#7027,
  #11026);
#12302 = PRESENTATION_STYLE_ASSIGNMENT((#12303));
#12303 = SURFACE_STYLE_USAGE(.BOTH.,#12304);
#12304 = SURFACE_SIDE_STYLE('',(#12305));
#12305 = SURFACE_STYLE_FILL_AREA(#12306);
#12306 = FILL_AREA_STYLE('',(#12307));
#12307 = FILL_AREA_STYLE_COLOUR('',#11803);
#12308 = OVER_RIDING_STYLED_ITEM('overriding color',(#12309),#7049,
  #11026);
#12309 = PRESENTATION_STYLE_ASSIGNMENT((#12310));
#12310 = SURFACE_STYLE_USAGE(.BOTH.,#12311);
#12311 = SURFACE_SIDE_STYLE('',(#12312));
#12312 = SURFACE_STYLE_FILL_AREA(#12313);
#12313 = FILL_AREA_STYLE('',(#12314));
#12314 = FILL_AREA_STYLE_COLOUR('',#11803);
#12315 = OVER_RIDING_STYLED_ITEM('overriding color',(#12316),#7071,
  #11026);
#12316 = PRESENTATION_STYLE_ASSIGNMENT((#12317));
#12317 = SURFACE_STYLE_USAGE(.BOTH.,#12318);
#12318 = SURFACE_SIDE_STYLE('',(#12319));
#12319 = SURFACE_STYLE_FILL_AREA(#12320);
#12320 = FILL_AREA_STYLE('',(#12321));
#12321 = FILL_AREA_STYLE_COLOUR('',#11803);
#12322 = OVER_RIDING_STYLED_ITEM('overriding color',(#12323),#7093,
  #11026);
#12323 = PRESENTATION_STYLE_ASSIGNMENT((#12324));
#12324 = SURFACE_STYLE_USAGE(.BOTH.,#12325);
#12325 = SURFACE_SIDE_STYLE('',(#12326));
#12326 = SURFACE_STYLE_FILL_AREA(#12327);
#12327 = FILL_AREA_STYLE('',(#12328));
#12328 = FILL_AREA_STYLE_COLOUR('',#11803);
#12329 = OVER_RIDING_STYLED_ITEM('overriding color',(#12330),#7115,
  #11026);
#12330 = PRESENTATION_STYLE_ASSIGNMENT((#12331));
#12331 = SURFACE_STYLE_USAGE(.BOTH.,#12332);
#12332 = SURFACE_SIDE_STYLE('',(#12333));
#12333 = SURFACE_STYLE_FILL_AREA(#12334);
#12334 = FILL_AREA_STYLE('',(#12335));
#12335 = FILL_AREA_STYLE_COLOUR('',#11803);
#12336 = OVER_RIDING_STYLED_ITEM('overriding color',(#12337),#7137,
  #11026);
#12337 = PRESENTATION_STYLE_ASSIGNMENT((#12338));
#12338 = SURFACE_STYLE_USAGE(.BOTH.,#12339);
#12339 = SURFACE_SIDE_STYLE('',(#12340));
#12340 = SURFACE_STYLE_FILL_AREA(#12341);
#12341 = FILL_AREA_STYLE('',(#12342));
#12342 = FILL_AREA_STYLE_COLOUR('',#11803);
#12343 = OVER_RIDING_STYLED_ITEM('overriding color',(#12344),#7159,
  #11026);
#12344 = PRESENTATION_STYLE_ASSIGNMENT((#12345));
#12345 = SURFACE_STYLE_USAGE(.BOTH.,#12346);
#12346 = SURFACE_SIDE_STYLE('',(#12347));
#12347 = SURFACE_STYLE_FILL_AREA(#12348);
#12348 = FILL_AREA_STYLE('',(#12349));
#12349 = FILL_AREA_STYLE_COLOUR('',#11803);
#12350 = OVER_RIDING_STYLED_ITEM('overriding color',(#12351),#7175,
  #11026);
#12351 = PRESENTATION_STYLE_ASSIGNMENT((#12352));
#12352 = SURFACE_STYLE_USAGE(.BOTH.,#12353);
#12353 = SURFACE_SIDE_STYLE('',(#12354));
#12354 = SURFACE_STYLE_FILL_AREA(#12355);
#12355 = FILL_AREA_STYLE('',(#12356));
#12356 = FILL_AREA_STYLE_COLOUR('',#11803);
#12357 = OVER_RIDING_STYLED_ITEM('overriding color',(#12358),#7195,
  #11026);
#12358 = PRESENTATION_STYLE_ASSIGNMENT((#12359));
#12359 = SURFACE_STYLE_USAGE(.BOTH.,#12360);
#12360 = SURFACE_SIDE_STYLE('',(#12361));
#12361 = SURFACE_STYLE_FILL_AREA(#12362);
#12362 = FILL_AREA_STYLE('',(#12363));
#12363 = FILL_AREA_STYLE_COLOUR('',#11803);
#12364 = OVER_RIDING_STYLED_ITEM('overriding color',(#12365),#7387,
  #11026);
#12365 = PRESENTATION_STYLE_ASSIGNMENT((#12366));
#12366 = SURFACE_STYLE_USAGE(.BOTH.,#12367);
#12367 = SURFACE_SIDE_STYLE('',(#12368));
#12368 = SURFACE_STYLE_FILL_AREA(#12369);
#12369 = FILL_AREA_STYLE('',(#12370));
#12370 = FILL_AREA_STYLE_COLOUR('',#11803);
#12371 = OVER_RIDING_STYLED_ITEM('overriding color',(#12372),#7411,
  #11026);
#12372 = PRESENTATION_STYLE_ASSIGNMENT((#12373));
#12373 = SURFACE_STYLE_USAGE(.BOTH.,#12374);
#12374 = SURFACE_SIDE_STYLE('',(#12375));
#12375 = SURFACE_STYLE_FILL_AREA(#12376);
#12376 = FILL_AREA_STYLE('',(#12377));
#12377 = FILL_AREA_STYLE_COLOUR('',#11803);
#12378 = OVER_RIDING_STYLED_ITEM('overriding color',(#12379),#7427,
  #11026);
#12379 = PRESENTATION_STYLE_ASSIGNMENT((#12380));
#12380 = SURFACE_STYLE_USAGE(.BOTH.,#12381);
#12381 = SURFACE_SIDE_STYLE('',(#12382));
#12382 = SURFACE_STYLE_FILL_AREA(#12383);
#12383 = FILL_AREA_STYLE('',(#12384));
#12384 = FILL_AREA_STYLE_COLOUR('',#11803);
#12385 = OVER_RIDING_STYLED_ITEM('overriding color',(#12386),#7447,
  #11026);
#12386 = PRESENTATION_STYLE_ASSIGNMENT((#12387));
#12387 = SURFACE_STYLE_USAGE(.BOTH.,#12388);
#12388 = SURFACE_SIDE_STYLE('',(#12389));
#12389 = SURFACE_STYLE_FILL_AREA(#12390);
#12390 = FILL_AREA_STYLE('',(#12391));
#12391 = FILL_AREA_STYLE_COLOUR('',#11803);
#12392 = OVER_RIDING_STYLED_ITEM('overriding color',(#12393),#7467,
  #11026);
#12393 = PRESENTATION_STYLE_ASSIGNMENT((#12394));
#12394 = SURFACE_STYLE_USAGE(.BOTH.,#12395);
#12395 = SURFACE_SIDE_STYLE('',(#12396));
#12396 = SURFACE_STYLE_FILL_AREA(#12397);
#12397 = FILL_AREA_STYLE('',(#12398));
#12398 = FILL_AREA_STYLE_COLOUR('',#11803);
#12399 = OVER_RIDING_STYLED_ITEM('overriding color',(#12400),#7483,
  #11026);
#12400 = PRESENTATION_STYLE_ASSIGNMENT((#12401));
#12401 = SURFACE_STYLE_USAGE(.BOTH.,#12402);
#12402 = SURFACE_SIDE_STYLE('',(#12403));
#12403 = SURFACE_STYLE_FILL_AREA(#12404);
#12404 = FILL_AREA_STYLE('',(#12405));
#12405 = FILL_AREA_STYLE_COLOUR('',#11803);
#12406 = OVER_RIDING_STYLED_ITEM('overriding color',(#12407),#7503,
  #11026);
#12407 = PRESENTATION_STYLE_ASSIGNMENT((#12408));
#12408 = SURFACE_STYLE_USAGE(.BOTH.,#12409);
#12409 = SURFACE_SIDE_STYLE('',(#12410));
#12410 = SURFACE_STYLE_FILL_AREA(#12411);
#12411 = FILL_AREA_STYLE('',(#12412));
#12412 = FILL_AREA_STYLE_COLOUR('',#11803);
#12413 = OVER_RIDING_STYLED_ITEM('overriding color',(#12414),#7523,
  #11026);
#12414 = PRESENTATION_STYLE_ASSIGNMENT((#12415));
#12415 = SURFACE_STYLE_USAGE(.BOTH.,#12416);
#12416 = SURFACE_SIDE_STYLE('',(#12417));
#12417 = SURFACE_STYLE_FILL_AREA(#12418);
#12418 = FILL_AREA_STYLE('',(#12419));
#12419 = FILL_AREA_STYLE_COLOUR('',#11803);
#12420 = OVER_RIDING_STYLED_ITEM('overriding color',(#12421),#7543,
  #11026);
#12421 = PRESENTATION_STYLE_ASSIGNMENT((#12422));
#12422 = SURFACE_STYLE_USAGE(.BOTH.,#12423);
#12423 = SURFACE_SIDE_STYLE('',(#12424));
#12424 = SURFACE_STYLE_FILL_AREA(#12425);
#12425 = FILL_AREA_STYLE('',(#12426));
#12426 = FILL_AREA_STYLE_COLOUR('',#11803);
#12427 = OVER_RIDING_STYLED_ITEM('overriding color',(#12428),#7563,
  #11026);
#12428 = PRESENTATION_STYLE_ASSIGNMENT((#12429));
#12429 = SURFACE_STYLE_USAGE(.BOTH.,#12430);
#12430 = SURFACE_SIDE_STYLE('',(#12431));
#12431 = SURFACE_STYLE_FILL_AREA(#12432);
#12432 = FILL_AREA_STYLE('',(#12433));
#12433 = FILL_AREA_STYLE_COLOUR('',#11803);
#12434 = OVER_RIDING_STYLED_ITEM('overriding color',(#12435),#7579,
  #11026);
#12435 = PRESENTATION_STYLE_ASSIGNMENT((#12436));
#12436 = SURFACE_STYLE_USAGE(.BOTH.,#12437);
#12437 = SURFACE_SIDE_STYLE('',(#12438));
#12438 = SURFACE_STYLE_FILL_AREA(#12439);
#12439 = FILL_AREA_STYLE('',(#12440));
#12440 = FILL_AREA_STYLE_COLOUR('',#11803);
#12441 = OVER_RIDING_STYLED_ITEM('overriding color',(#12442),#7595,
  #11026);
#12442 = PRESENTATION_STYLE_ASSIGNMENT((#12443));
#12443 = SURFACE_STYLE_USAGE(.BOTH.,#12444);
#12444 = SURFACE_SIDE_STYLE('',(#12445));
#12445 = SURFACE_STYLE_FILL_AREA(#12446);
#12446 = FILL_AREA_STYLE('',(#12447));
#12447 = FILL_AREA_STYLE_COLOUR('',#11803);
#12448 = OVER_RIDING_STYLED_ITEM('overriding color',(#12449),#7611,
  #11026);
#12449 = PRESENTATION_STYLE_ASSIGNMENT((#12450));
#12450 = SURFACE_STYLE_USAGE(.BOTH.,#12451);
#12451 = SURFACE_SIDE_STYLE('',(#12452));
#12452 = SURFACE_STYLE_FILL_AREA(#12453);
#12453 = FILL_AREA_STYLE('',(#12454));
#12454 = FILL_AREA_STYLE_COLOUR('',#11803);
#12455 = OVER_RIDING_STYLED_ITEM('overriding color',(#12456),#7627,
  #11026);
#12456 = PRESENTATION_STYLE_ASSIGNMENT((#12457));
#12457 = SURFACE_STYLE_USAGE(.BOTH.,#12458);
#12458 = SURFACE_SIDE_STYLE('',(#12459));
#12459 = SURFACE_STYLE_FILL_AREA(#12460);
#12460 = FILL_AREA_STYLE('',(#12461));
#12461 = FILL_AREA_STYLE_COLOUR('',#11803);
#12462 = OVER_RIDING_STYLED_ITEM('overriding color',(#12463),#7643,
  #11026);
#12463 = PRESENTATION_STYLE_ASSIGNMENT((#12464));
#12464 = SURFACE_STYLE_USAGE(.BOTH.,#12465);
#12465 = SURFACE_SIDE_STYLE('',(#12466));
#12466 = SURFACE_STYLE_FILL_AREA(#12467);
#12467 = FILL_AREA_STYLE('',(#12468));
#12468 = FILL_AREA_STYLE_COLOUR('',#11803);
#12469 = OVER_RIDING_STYLED_ITEM('overriding color',(#12470),#7677,
  #11026);
#12470 = PRESENTATION_STYLE_ASSIGNMENT((#12471));
#12471 = SURFACE_STYLE_USAGE(.BOTH.,#12472);
#12472 = SURFACE_SIDE_STYLE('',(#12473));
#12473 = SURFACE_STYLE_FILL_AREA(#12474);
#12474 = FILL_AREA_STYLE('',(#12475));
#12475 = FILL_AREA_STYLE_COLOUR('',#11803);
#12476 = OVER_RIDING_STYLED_ITEM('overriding color',(#12477),#7705,
  #11026);
#12477 = PRESENTATION_STYLE_ASSIGNMENT((#12478));
#12478 = SURFACE_STYLE_USAGE(.BOTH.,#12479);
#12479 = SURFACE_SIDE_STYLE('',(#12480));
#12480 = SURFACE_STYLE_FILL_AREA(#12481);
#12481 = FILL_AREA_STYLE('',(#12482));
#12482 = FILL_AREA_STYLE_COLOUR('',#11803);
#12483 = OVER_RIDING_STYLED_ITEM('overriding color',(#12484),#7733,
  #11026);
#12484 = PRESENTATION_STYLE_ASSIGNMENT((#12485));
#12485 = SURFACE_STYLE_USAGE(.BOTH.,#12486);
#12486 = SURFACE_SIDE_STYLE('',(#12487));
#12487 = SURFACE_STYLE_FILL_AREA(#12488);
#12488 = FILL_AREA_STYLE('',(#12489));
#12489 = FILL_AREA_STYLE_COLOUR('',#11803);
#12490 = OVER_RIDING_STYLED_ITEM('overriding color',(#12491),#7761,
  #11026);
#12491 = PRESENTATION_STYLE_ASSIGNMENT((#12492));
#12492 = SURFACE_STYLE_USAGE(.BOTH.,#12493);
#12493 = SURFACE_SIDE_STYLE('',(#12494));
#12494 = SURFACE_STYLE_FILL_AREA(#12495);
#12495 = FILL_AREA_STYLE('',(#12496));
#12496 = FILL_AREA_STYLE_COLOUR('',#11803);
#12497 = OVER_RIDING_STYLED_ITEM('overriding color',(#12498),#7789,
  #11026);
#12498 = PRESENTATION_STYLE_ASSIGNMENT((#12499));
#12499 = SURFACE_STYLE_USAGE(.BOTH.,#12500);
#12500 = SURFACE_SIDE_STYLE('',(#12501));
#12501 = SURFACE_STYLE_FILL_AREA(#12502);
#12502 = FILL_AREA_STYLE('',(#12503));
#12503 = FILL_AREA_STYLE_COLOUR('',#11803);
#12504 = OVER_RIDING_STYLED_ITEM('overriding color',(#12505),#7817,
  #11026);
#12505 = PRESENTATION_STYLE_ASSIGNMENT((#12506));
#12506 = SURFACE_STYLE_USAGE(.BOTH.,#12507);
#12507 = SURFACE_SIDE_STYLE('',(#12508));
#12508 = SURFACE_STYLE_FILL_AREA(#12509);
#12509 = FILL_AREA_STYLE('',(#12510));
#12510 = FILL_AREA_STYLE_COLOUR('',#11803);
#12511 = OVER_RIDING_STYLED_ITEM('overriding color',(#12512),#7839,
  #11026);
#12512 = PRESENTATION_STYLE_ASSIGNMENT((#12513));
#12513 = SURFACE_STYLE_USAGE(.BOTH.,#12514);
#12514 = SURFACE_SIDE_STYLE('',(#12515));
#12515 = SURFACE_STYLE_FILL_AREA(#12516);
#12516 = FILL_AREA_STYLE('',(#12517));
#12517 = FILL_AREA_STYLE_COLOUR('',#11803);
#12518 = OVER_RIDING_STYLED_ITEM('overriding color',(#12519),#7855,
  #11026);
#12519 = PRESENTATION_STYLE_ASSIGNMENT((#12520));
#12520 = SURFACE_STYLE_USAGE(.BOTH.,#12521);
#12521 = SURFACE_SIDE_STYLE('',(#12522));
#12522 = SURFACE_STYLE_FILL_AREA(#12523);
#12523 = FILL_AREA_STYLE('',(#12524));
#12524 = FILL_AREA_STYLE_COLOUR('',#11086);
#12525 = OVER_RIDING_STYLED_ITEM('overriding color',(#12526),#7871,
  #11026);
#12526 = PRESENTATION_STYLE_ASSIGNMENT((#12527));
#12527 = SURFACE_STYLE_USAGE(.BOTH.,#12528);
#12528 = SURFACE_SIDE_STYLE('',(#12529));
#12529 = SURFACE_STYLE_FILL_AREA(#12530);
#12530 = FILL_AREA_STYLE('',(#12531));
#12531 = FILL_AREA_STYLE_COLOUR('',#11803);
#12532 = OVER_RIDING_STYLED_ITEM('overriding color',(#12533),#7905,
  #11026);
#12533 = PRESENTATION_STYLE_ASSIGNMENT((#12534));
#12534 = SURFACE_STYLE_USAGE(.BOTH.,#12535);
#12535 = SURFACE_SIDE_STYLE('',(#12536));
#12536 = SURFACE_STYLE_FILL_AREA(#12537);
#12537 = FILL_AREA_STYLE('',(#12538));
#12538 = FILL_AREA_STYLE_COLOUR('',#11803);
#12539 = OVER_RIDING_STYLED_ITEM('overriding color',(#12540),#7927,
  #11026);
#12540 = PRESENTATION_STYLE_ASSIGNMENT((#12541));
#12541 = SURFACE_STYLE_USAGE(.BOTH.,#12542);
#12542 = SURFACE_SIDE_STYLE('',(#12543));
#12543 = SURFACE_STYLE_FILL_AREA(#12544);
#12544 = FILL_AREA_STYLE('',(#12545));
#12545 = FILL_AREA_STYLE_COLOUR('',#11803);
#12546 = OVER_RIDING_STYLED_ITEM('overriding color',(#12547),#7955,
  #11026);
#12547 = PRESENTATION_STYLE_ASSIGNMENT((#12548));
#12548 = SURFACE_STYLE_USAGE(.BOTH.,#12549);
#12549 = SURFACE_SIDE_STYLE('',(#12550));
#12550 = SURFACE_STYLE_FILL_AREA(#12551);
#12551 = FILL_AREA_STYLE('',(#12552));
#12552 = FILL_AREA_STYLE_COLOUR('',#11803);
#12553 = OVER_RIDING_STYLED_ITEM('overriding color',(#12554),#7983,
  #11026);
#12554 = PRESENTATION_STYLE_ASSIGNMENT((#12555));
#12555 = SURFACE_STYLE_USAGE(.BOTH.,#12556);
#12556 = SURFACE_SIDE_STYLE('',(#12557));
#12557 = SURFACE_STYLE_FILL_AREA(#12558);
#12558 = FILL_AREA_STYLE('',(#12559));
#12559 = FILL_AREA_STYLE_COLOUR('',#11803);
#12560 = OVER_RIDING_STYLED_ITEM('overriding color',(#12561),#8011,
  #11026);
#12561 = PRESENTATION_STYLE_ASSIGNMENT((#12562));
#12562 = SURFACE_STYLE_USAGE(.BOTH.,#12563);
#12563 = SURFACE_SIDE_STYLE('',(#12564));
#12564 = SURFACE_STYLE_FILL_AREA(#12565);
#12565 = FILL_AREA_STYLE('',(#12566));
#12566 = FILL_AREA_STYLE_COLOUR('',#11803);
#12567 = OVER_RIDING_STYLED_ITEM('overriding color',(#12568),#8039,
  #11026);
#12568 = PRESENTATION_STYLE_ASSIGNMENT((#12569));
#12569 = SURFACE_STYLE_USAGE(.BOTH.,#12570);
#12570 = SURFACE_SIDE_STYLE('',(#12571));
#12571 = SURFACE_STYLE_FILL_AREA(#12572);
#12572 = FILL_AREA_STYLE('',(#12573));
#12573 = FILL_AREA_STYLE_COLOUR('',#11803);
#12574 = OVER_RIDING_STYLED_ITEM('overriding color',(#12575),#8067,
  #11026);
#12575 = PRESENTATION_STYLE_ASSIGNMENT((#12576));
#12576 = SURFACE_STYLE_USAGE(.BOTH.,#12577);
#12577 = SURFACE_SIDE_STYLE('',(#12578));
#12578 = SURFACE_STYLE_FILL_AREA(#12579);
#12579 = FILL_AREA_STYLE('',(#12580));
#12580 = FILL_AREA_STYLE_COLOUR('',#11803);
#12581 = OVER_RIDING_STYLED_ITEM('overriding color',(#12582),#8095,
  #11026);
#12582 = PRESENTATION_STYLE_ASSIGNMENT((#12583));
#12583 = SURFACE_STYLE_USAGE(.BOTH.,#12584);
#12584 = SURFACE_SIDE_STYLE('',(#12585));
#12585 = SURFACE_STYLE_FILL_AREA(#12586);
#12586 = FILL_AREA_STYLE('',(#12587));
#12587 = FILL_AREA_STYLE_COLOUR('',#11803);
#12588 = OVER_RIDING_STYLED_ITEM('overriding color',(#12589),#8123,
  #11026);
#12589 = PRESENTATION_STYLE_ASSIGNMENT((#12590));
#12590 = SURFACE_STYLE_USAGE(.BOTH.,#12591);
#12591 = SURFACE_SIDE_STYLE('',(#12592));
#12592 = SURFACE_STYLE_FILL_AREA(#12593);
#12593 = FILL_AREA_STYLE('',(#12594));
#12594 = FILL_AREA_STYLE_COLOUR('',#11803);
#12595 = OVER_RIDING_STYLED_ITEM('overriding color',(#12596),#8151,
  #11026);
#12596 = PRESENTATION_STYLE_ASSIGNMENT((#12597));
#12597 = SURFACE_STYLE_USAGE(.BOTH.,#12598);
#12598 = SURFACE_SIDE_STYLE('',(#12599));
#12599 = SURFACE_STYLE_FILL_AREA(#12600);
#12600 = FILL_AREA_STYLE('',(#12601));
#12601 = FILL_AREA_STYLE_COLOUR('',#11803);
#12602 = OVER_RIDING_STYLED_ITEM('overriding color',(#12603),#8179,
  #11026);
#12603 = PRESENTATION_STYLE_ASSIGNMENT((#12604));
#12604 = SURFACE_STYLE_USAGE(.BOTH.,#12605);
#12605 = SURFACE_SIDE_STYLE('',(#12606));
#12606 = SURFACE_STYLE_FILL_AREA(#12607);
#12607 = FILL_AREA_STYLE('',(#12608));
#12608 = FILL_AREA_STYLE_COLOUR('',#11803);
#12609 = OVER_RIDING_STYLED_ITEM('overriding color',(#12610),#8207,
  #11026);
#12610 = PRESENTATION_STYLE_ASSIGNMENT((#12611));
#12611 = SURFACE_STYLE_USAGE(.BOTH.,#12612);
#12612 = SURFACE_SIDE_STYLE('',(#12613));
#12613 = SURFACE_STYLE_FILL_AREA(#12614);
#12614 = FILL_AREA_STYLE('',(#12615));
#12615 = FILL_AREA_STYLE_COLOUR('',#11803);
#12616 = OVER_RIDING_STYLED_ITEM('overriding color',(#12617),#8229,
  #11026);
#12617 = PRESENTATION_STYLE_ASSIGNMENT((#12618));
#12618 = SURFACE_STYLE_USAGE(.BOTH.,#12619);
#12619 = SURFACE_SIDE_STYLE('',(#12620));
#12620 = SURFACE_STYLE_FILL_AREA(#12621);
#12621 = FILL_AREA_STYLE('',(#12622));
#12622 = FILL_AREA_STYLE_COLOUR('',#11803);
#12623 = OVER_RIDING_STYLED_ITEM('overriding color',(#12624),#8257,
  #11026);
#12624 = PRESENTATION_STYLE_ASSIGNMENT((#12625));
#12625 = SURFACE_STYLE_USAGE(.BOTH.,#12626);
#12626 = SURFACE_SIDE_STYLE('',(#12627));
#12627 = SURFACE_STYLE_FILL_AREA(#12628);
#12628 = FILL_AREA_STYLE('',(#12629));
#12629 = FILL_AREA_STYLE_COLOUR('',#11803);
#12630 = OVER_RIDING_STYLED_ITEM('overriding color',(#12631),#8285,
  #11026);
#12631 = PRESENTATION_STYLE_ASSIGNMENT((#12632));
#12632 = SURFACE_STYLE_USAGE(.BOTH.,#12633);
#12633 = SURFACE_SIDE_STYLE('',(#12634));
#12634 = SURFACE_STYLE_FILL_AREA(#12635);
#12635 = FILL_AREA_STYLE('',(#12636));
#12636 = FILL_AREA_STYLE_COLOUR('',#11803);
#12637 = OVER_RIDING_STYLED_ITEM('overriding color',(#12638),#8313,
  #11026);
#12638 = PRESENTATION_STYLE_ASSIGNMENT((#12639));
#12639 = SURFACE_STYLE_USAGE(.BOTH.,#12640);
#12640 = SURFACE_SIDE_STYLE('',(#12641));
#12641 = SURFACE_STYLE_FILL_AREA(#12642);
#12642 = FILL_AREA_STYLE('',(#12643));
#12643 = FILL_AREA_STYLE_COLOUR('',#11803);
#12644 = OVER_RIDING_STYLED_ITEM('overriding color',(#12645),#8341,
  #11026);
#12645 = PRESENTATION_STYLE_ASSIGNMENT((#12646));
#12646 = SURFACE_STYLE_USAGE(.BOTH.,#12647);
#12647 = SURFACE_SIDE_STYLE('',(#12648));
#12648 = SURFACE_STYLE_FILL_AREA(#12649);
#12649 = FILL_AREA_STYLE('',(#12650));
#12650 = FILL_AREA_STYLE_COLOUR('',#11803);
#12651 = OVER_RIDING_STYLED_ITEM('overriding color',(#12652),#8369,
  #11026);
#12652 = PRESENTATION_STYLE_ASSIGNMENT((#12653));
#12653 = SURFACE_STYLE_USAGE(.BOTH.,#12654);
#12654 = SURFACE_SIDE_STYLE('',(#12655));
#12655 = SURFACE_STYLE_FILL_AREA(#12656);
#12656 = FILL_AREA_STYLE('',(#12657));
#12657 = FILL_AREA_STYLE_COLOUR('',#11803);
#12658 = OVER_RIDING_STYLED_ITEM('overriding color',(#12659),#8397,
  #11026);
#12659 = PRESENTATION_STYLE_ASSIGNMENT((#12660));
#12660 = SURFACE_STYLE_USAGE(.BOTH.,#12661);
#12661 = SURFACE_SIDE_STYLE('',(#12662));
#12662 = SURFACE_STYLE_FILL_AREA(#12663);
#12663 = FILL_AREA_STYLE('',(#12664));
#12664 = FILL_AREA_STYLE_COLOUR('',#11803);
#12665 = OVER_RIDING_STYLED_ITEM('overriding color',(#12666),#8425,
  #11026);
#12666 = PRESENTATION_STYLE_ASSIGNMENT((#12667));
#12667 = SURFACE_STYLE_USAGE(.BOTH.,#12668);
#12668 = SURFACE_SIDE_STYLE('',(#12669));
#12669 = SURFACE_STYLE_FILL_AREA(#12670);
#12670 = FILL_AREA_STYLE('',(#12671));
#12671 = FILL_AREA_STYLE_COLOUR('',#11803);
#12672 = OVER_RIDING_STYLED_ITEM('overriding color',(#12673),#8447,
  #11026);
#12673 = PRESENTATION_STYLE_ASSIGNMENT((#12674));
#12674 = SURFACE_STYLE_USAGE(.BOTH.,#12675);
#12675 = SURFACE_SIDE_STYLE('',(#12676));
#12676 = SURFACE_STYLE_FILL_AREA(#12677);
#12677 = FILL_AREA_STYLE('',(#12678));
#12678 = FILL_AREA_STYLE_COLOUR('',#11803);
#12679 = OVER_RIDING_STYLED_ITEM('overriding color',(#12680),#8476,
  #11026);
#12680 = PRESENTATION_STYLE_ASSIGNMENT((#12681));
#12681 = SURFACE_STYLE_USAGE(.BOTH.,#12682);
#12682 = SURFACE_SIDE_STYLE('',(#12683));
#12683 = SURFACE_STYLE_FILL_AREA(#12684);
#12684 = FILL_AREA_STYLE('',(#12685));
#12685 = FILL_AREA_STYLE_COLOUR('',#11803);
#12686 = OVER_RIDING_STYLED_ITEM('overriding color',(#12687),#8504,
  #11026);
#12687 = PRESENTATION_STYLE_ASSIGNMENT((#12688));
#12688 = SURFACE_STYLE_USAGE(.BOTH.,#12689);
#12689 = SURFACE_SIDE_STYLE('',(#12690));
#12690 = SURFACE_STYLE_FILL_AREA(#12691);
#12691 = FILL_AREA_STYLE('',(#12692));
#12692 = FILL_AREA_STYLE_COLOUR('',#11803);
#12693 = OVER_RIDING_STYLED_ITEM('overriding color',(#12694),#8526,
  #11026);
#12694 = PRESENTATION_STYLE_ASSIGNMENT((#12695));
#12695 = SURFACE_STYLE_USAGE(.BOTH.,#12696);
#12696 = SURFACE_SIDE_STYLE('',(#12697));
#12697 = SURFACE_STYLE_FILL_AREA(#12698);
#12698 = FILL_AREA_STYLE('',(#12699));
#12699 = FILL_AREA_STYLE_COLOUR('',#11803);
#12700 = OVER_RIDING_STYLED_ITEM('overriding color',(#12701),#8554,
  #11026);
#12701 = PRESENTATION_STYLE_ASSIGNMENT((#12702));
#12702 = SURFACE_STYLE_USAGE(.BOTH.,#12703);
#12703 = SURFACE_SIDE_STYLE('',(#12704));
#12704 = SURFACE_STYLE_FILL_AREA(#12705);
#12705 = FILL_AREA_STYLE('',(#12706));
#12706 = FILL_AREA_STYLE_COLOUR('',#11803);
#12707 = OVER_RIDING_STYLED_ITEM('overriding color',(#12708),#8576,
  #11026);
#12708 = PRESENTATION_STYLE_ASSIGNMENT((#12709));
#12709 = SURFACE_STYLE_USAGE(.BOTH.,#12710);
#12710 = SURFACE_SIDE_STYLE('',(#12711));
#12711 = SURFACE_STYLE_FILL_AREA(#12712);
#12712 = FILL_AREA_STYLE('',(#12713));
#12713 = FILL_AREA_STYLE_COLOUR('',#11803);
#12714 = OVER_RIDING_STYLED_ITEM('overriding color',(#12715),#8598,
  #11026);
#12715 = PRESENTATION_STYLE_ASSIGNMENT((#12716));
#12716 = SURFACE_STYLE_USAGE(.BOTH.,#12717);
#12717 = SURFACE_SIDE_STYLE('',(#12718));
#12718 = SURFACE_STYLE_FILL_AREA(#12719);
#12719 = FILL_AREA_STYLE('',(#12720));
#12720 = FILL_AREA_STYLE_COLOUR('',#11803);
#12721 = OVER_RIDING_STYLED_ITEM('overriding color',(#12722),#8620,
  #11026);
#12722 = PRESENTATION_STYLE_ASSIGNMENT((#12723));
#12723 = SURFACE_STYLE_USAGE(.BOTH.,#12724);
#12724 = SURFACE_SIDE_STYLE('',(#12725));
#12725 = SURFACE_STYLE_FILL_AREA(#12726);
#12726 = FILL_AREA_STYLE('',(#12727));
#12727 = FILL_AREA_STYLE_COLOUR('',#11803);
#12728 = OVER_RIDING_STYLED_ITEM('overriding color',(#12729),#8642,
  #11026);
#12729 = PRESENTATION_STYLE_ASSIGNMENT((#12730));
#12730 = SURFACE_STYLE_USAGE(.BOTH.,#12731);
#12731 = SURFACE_SIDE_STYLE('',(#12732));
#12732 = SURFACE_STYLE_FILL_AREA(#12733);
#12733 = FILL_AREA_STYLE('',(#12734));
#12734 = FILL_AREA_STYLE_COLOUR('',#11803);
#12735 = OVER_RIDING_STYLED_ITEM('overriding color',(#12736),#8664,
  #11026);
#12736 = PRESENTATION_STYLE_ASSIGNMENT((#12737));
#12737 = SURFACE_STYLE_USAGE(.BOTH.,#12738);
#12738 = SURFACE_SIDE_STYLE('',(#12739));
#12739 = SURFACE_STYLE_FILL_AREA(#12740);
#12740 = FILL_AREA_STYLE('',(#12741));
#12741 = FILL_AREA_STYLE_COLOUR('',#11803);
#12742 = OVER_RIDING_STYLED_ITEM('overriding color',(#12743),#8686,
  #11026);
#12743 = PRESENTATION_STYLE_ASSIGNMENT((#12744));
#12744 = SURFACE_STYLE_USAGE(.BOTH.,#12745);
#12745 = SURFACE_SIDE_STYLE('',(#12746));
#12746 = SURFACE_STYLE_FILL_AREA(#12747);
#12747 = FILL_AREA_STYLE('',(#12748));
#12748 = FILL_AREA_STYLE_COLOUR('',#11803);
#12749 = OVER_RIDING_STYLED_ITEM('overriding color',(#12750),#8714,
  #11026);
#12750 = PRESENTATION_STYLE_ASSIGNMENT((#12751));
#12751 = SURFACE_STYLE_USAGE(.BOTH.,#12752);
#12752 = SURFACE_SIDE_STYLE('',(#12753));
#12753 = SURFACE_STYLE_FILL_AREA(#12754);
#12754 = FILL_AREA_STYLE('',(#12755));
#12755 = FILL_AREA_STYLE_COLOUR('',#11803);
#12756 = OVER_RIDING_STYLED_ITEM('overriding color',(#12757),#8742,
  #11026);
#12757 = PRESENTATION_STYLE_ASSIGNMENT((#12758));
#12758 = SURFACE_STYLE_USAGE(.BOTH.,#12759);
#12759 = SURFACE_SIDE_STYLE('',(#12760));
#12760 = SURFACE_STYLE_FILL_AREA(#12761);
#12761 = FILL_AREA_STYLE('',(#12762));
#12762 = FILL_AREA_STYLE_COLOUR('',#11803);
#12763 = OVER_RIDING_STYLED_ITEM('overriding color',(#12764),#8764,
  #11026);
#12764 = PRESENTATION_STYLE_ASSIGNMENT((#12765));
#12765 = SURFACE_STYLE_USAGE(.BOTH.,#12766);
#12766 = SURFACE_SIDE_STYLE('',(#12767));
#12767 = SURFACE_STYLE_FILL_AREA(#12768);
#12768 = FILL_AREA_STYLE('',(#12769));
#12769 = FILL_AREA_STYLE_COLOUR('',#11803);
#12770 = OVER_RIDING_STYLED_ITEM('overriding color',(#12771),#8792,
  #11026);
#12771 = PRESENTATION_STYLE_ASSIGNMENT((#12772));
#12772 = SURFACE_STYLE_USAGE(.BOTH.,#12773);
#12773 = SURFACE_SIDE_STYLE('',(#12774));
#12774 = SURFACE_STYLE_FILL_AREA(#12775);
#12775 = FILL_AREA_STYLE('',(#12776));
#12776 = FILL_AREA_STYLE_COLOUR('',#11803);
#12777 = OVER_RIDING_STYLED_ITEM('overriding color',(#12778),#8820,
  #11026);
#12778 = PRESENTATION_STYLE_ASSIGNMENT((#12779));
#12779 = SURFACE_STYLE_USAGE(.BOTH.,#12780);
#12780 = SURFACE_SIDE_STYLE('',(#12781));
#12781 = SURFACE_STYLE_FILL_AREA(#12782);
#12782 = FILL_AREA_STYLE('',(#12783));
#12783 = FILL_AREA_STYLE_COLOUR('',#11803);
#12784 = OVER_RIDING_STYLED_ITEM('overriding color',(#12785),#8836,
  #11026);
#12785 = PRESENTATION_STYLE_ASSIGNMENT((#12786));
#12786 = SURFACE_STYLE_USAGE(.BOTH.,#12787);
#12787 = SURFACE_SIDE_STYLE('',(#12788));
#12788 = SURFACE_STYLE_FILL_AREA(#12789);
#12789 = FILL_AREA_STYLE('',(#12790));
#12790 = FILL_AREA_STYLE_COLOUR('',#11803);
#12791 = OVER_RIDING_STYLED_ITEM('overriding color',(#12792),#8859,
  #11026);
#12792 = PRESENTATION_STYLE_ASSIGNMENT((#12793));
#12793 = SURFACE_STYLE_USAGE(.BOTH.,#12794);
#12794 = SURFACE_SIDE_STYLE('',(#12795));
#12795 = SURFACE_STYLE_FILL_AREA(#12796);
#12796 = FILL_AREA_STYLE('',(#12797));
#12797 = FILL_AREA_STYLE_COLOUR('',#11803);
#12798 = OVER_RIDING_STYLED_ITEM('overriding color',(#12799),#8887,
  #11026);
#12799 = PRESENTATION_STYLE_ASSIGNMENT((#12800));
#12800 = SURFACE_STYLE_USAGE(.BOTH.,#12801);
#12801 = SURFACE_SIDE_STYLE('',(#12802));
#12802 = SURFACE_STYLE_FILL_AREA(#12803);
#12803 = FILL_AREA_STYLE('',(#12804));
#12804 = FILL_AREA_STYLE_COLOUR('',#11803);
#12805 = OVER_RIDING_STYLED_ITEM('overriding color',(#12806),#8909,
  #11026);
#12806 = PRESENTATION_STYLE_ASSIGNMENT((#12807));
#12807 = SURFACE_STYLE_USAGE(.BOTH.,#12808);
#12808 = SURFACE_SIDE_STYLE('',(#12809));
#12809 = SURFACE_STYLE_FILL_AREA(#12810);
#12810 = FILL_AREA_STYLE('',(#12811));
#12811 = FILL_AREA_STYLE_COLOUR('',#11803);
#12812 = OVER_RIDING_STYLED_ITEM('overriding color',(#12813),#8931,
  #11026);
#12813 = PRESENTATION_STYLE_ASSIGNMENT((#12814));
#12814 = SURFACE_STYLE_USAGE(.BOTH.,#12815);
#12815 = SURFACE_SIDE_STYLE('',(#12816));
#12816 = SURFACE_STYLE_FILL_AREA(#12817);
#12817 = FILL_AREA_STYLE('',(#12818));
#12818 = FILL_AREA_STYLE_COLOUR('',#11803);
#12819 = OVER_RIDING_STYLED_ITEM('overriding color',(#12820),#8953,
  #11026);
#12820 = PRESENTATION_STYLE_ASSIGNMENT((#12821));
#12821 = SURFACE_STYLE_USAGE(.BOTH.,#12822);
#12822 = SURFACE_SIDE_STYLE('',(#12823));
#12823 = SURFACE_STYLE_FILL_AREA(#12824);
#12824 = FILL_AREA_STYLE('',(#12825));
#12825 = FILL_AREA_STYLE_COLOUR('',#11803);
#12826 = OVER_RIDING_STYLED_ITEM('overriding color',(#12827),#8975,
  #11026);
#12827 = PRESENTATION_STYLE_ASSIGNMENT((#12828));
#12828 = SURFACE_STYLE_USAGE(.BOTH.,#12829);
#12829 = SURFACE_SIDE_STYLE('',(#12830));
#12830 = SURFACE_STYLE_FILL_AREA(#12831);
#12831 = FILL_AREA_STYLE('',(#12832));
#12832 = FILL_AREA_STYLE_COLOUR('',#11803);
#12833 = OVER_RIDING_STYLED_ITEM('overriding color',(#12834),#8997,
  #11026);
#12834 = PRESENTATION_STYLE_ASSIGNMENT((#12835));
#12835 = SURFACE_STYLE_USAGE(.BOTH.,#12836);
#12836 = SURFACE_SIDE_STYLE('',(#12837));
#12837 = SURFACE_STYLE_FILL_AREA(#12838);
#12838 = FILL_AREA_STYLE('',(#12839));
#12839 = FILL_AREA_STYLE_COLOUR('',#11803);
#12840 = OVER_RIDING_STYLED_ITEM('overriding color',(#12841),#9019,
  #11026);
#12841 = PRESENTATION_STYLE_ASSIGNMENT((#12842));
#12842 = SURFACE_STYLE_USAGE(.BOTH.,#12843);
#12843 = SURFACE_SIDE_STYLE('',(#12844));
#12844 = SURFACE_STYLE_FILL_AREA(#12845);
#12845 = FILL_AREA_STYLE('',(#12846));
#12846 = FILL_AREA_STYLE_COLOUR('',#11803);
#12847 = OVER_RIDING_STYLED_ITEM('overriding color',(#12848),#9041,
  #11026);
#12848 = PRESENTATION_STYLE_ASSIGNMENT((#12849));
#12849 = SURFACE_STYLE_USAGE(.BOTH.,#12850);
#12850 = SURFACE_SIDE_STYLE('',(#12851));
#12851 = SURFACE_STYLE_FILL_AREA(#12852);
#12852 = FILL_AREA_STYLE('',(#12853));
#12853 = FILL_AREA_STYLE_COLOUR('',#11803);
#12854 = OVER_RIDING_STYLED_ITEM('overriding color',(#12855),#9063,
  #11026);
#12855 = PRESENTATION_STYLE_ASSIGNMENT((#12856));
#12856 = SURFACE_STYLE_USAGE(.BOTH.,#12857);
#12857 = SURFACE_SIDE_STYLE('',(#12858));
#12858 = SURFACE_STYLE_FILL_AREA(#12859);
#12859 = FILL_AREA_STYLE('',(#12860));
#12860 = FILL_AREA_STYLE_COLOUR('',#11803);
#12861 = OVER_RIDING_STYLED_ITEM('overriding color',(#12862),#9085,
  #11026);
#12862 = PRESENTATION_STYLE_ASSIGNMENT((#12863));
#12863 = SURFACE_STYLE_USAGE(.BOTH.,#12864);
#12864 = SURFACE_SIDE_STYLE('',(#12865));
#12865 = SURFACE_STYLE_FILL_AREA(#12866);
#12866 = FILL_AREA_STYLE('',(#12867));
#12867 = FILL_AREA_STYLE_COLOUR('',#11803);
#12868 = OVER_RIDING_STYLED_ITEM('overriding color',(#12869),#9107,
  #11026);
#12869 = PRESENTATION_STYLE_ASSIGNMENT((#12870));
#12870 = SURFACE_STYLE_USAGE(.BOTH.,#12871);
#12871 = SURFACE_SIDE_STYLE('',(#12872));
#12872 = SURFACE_STYLE_FILL_AREA(#12873);
#12873 = FILL_AREA_STYLE('',(#12874));
#12874 = FILL_AREA_STYLE_COLOUR('',#11803);
#12875 = OVER_RIDING_STYLED_ITEM('overriding color',(#12876),#9123,
  #11026);
#12876 = PRESENTATION_STYLE_ASSIGNMENT((#12877));
#12877 = SURFACE_STYLE_USAGE(.BOTH.,#12878);
#12878 = SURFACE_SIDE_STYLE('',(#12879));
#12879 = SURFACE_STYLE_FILL_AREA(#12880);
#12880 = FILL_AREA_STYLE('',(#12881));
#12881 = FILL_AREA_STYLE_COLOUR('',#11803);
#12882 = OVER_RIDING_STYLED_ITEM('overriding color',(#12883),#9143,
  #11026);
#12883 = PRESENTATION_STYLE_ASSIGNMENT((#12884));
#12884 = SURFACE_STYLE_USAGE(.BOTH.,#12885);
#12885 = SURFACE_SIDE_STYLE('',(#12886));
#12886 = SURFACE_STYLE_FILL_AREA(#12887);
#12887 = FILL_AREA_STYLE('',(#12888));
#12888 = FILL_AREA_STYLE_COLOUR('',#11803);
#12889 = OVER_RIDING_STYLED_ITEM('overriding color',(#12890),#9267,
  #11026);
#12890 = PRESENTATION_STYLE_ASSIGNMENT((#12891));
#12891 = SURFACE_STYLE_USAGE(.BOTH.,#12892);
#12892 = SURFACE_SIDE_STYLE('',(#12893));
#12893 = SURFACE_STYLE_FILL_AREA(#12894);
#12894 = FILL_AREA_STYLE('',(#12895));
#12895 = FILL_AREA_STYLE_COLOUR('',#11803);
#12896 = OVER_RIDING_STYLED_ITEM('overriding color',(#12897),#9287,
  #11026);
#12897 = PRESENTATION_STYLE_ASSIGNMENT((#12898));
#12898 = SURFACE_STYLE_USAGE(.BOTH.,#12899);
#12899 = SURFACE_SIDE_STYLE('',(#12900));
#12900 = SURFACE_STYLE_FILL_AREA(#12901);
#12901 = FILL_AREA_STYLE('',(#12902));
#12902 = FILL_AREA_STYLE_COLOUR('',#11803);
#12903 = OVER_RIDING_STYLED_ITEM('overriding color',(#12904),#9307,
  #11026);
#12904 = PRESENTATION_STYLE_ASSIGNMENT((#12905));
#12905 = SURFACE_STYLE_USAGE(.BOTH.,#12906);
#12906 = SURFACE_SIDE_STYLE('',(#12907));
#12907 = SURFACE_STYLE_FILL_AREA(#12908);
#12908 = FILL_AREA_STYLE('',(#12909));
#12909 = FILL_AREA_STYLE_COLOUR('',#11803);
#12910 = OVER_RIDING_STYLED_ITEM('overriding color',(#12911),#9327,
  #11026);
#12911 = PRESENTATION_STYLE_ASSIGNMENT((#12912));
#12912 = SURFACE_STYLE_USAGE(.BOTH.,#12913);
#12913 = SURFACE_SIDE_STYLE('',(#12914));
#12914 = SURFACE_STYLE_FILL_AREA(#12915);
#12915 = FILL_AREA_STYLE('',(#12916));
#12916 = FILL_AREA_STYLE_COLOUR('',#11803);
#12917 = OVER_RIDING_STYLED_ITEM('overriding color',(#12918),#9347,
  #11026);
#12918 = PRESENTATION_STYLE_ASSIGNMENT((#12919));
#12919 = SURFACE_STYLE_USAGE(.BOTH.,#12920);
#12920 = SURFACE_SIDE_STYLE('',(#12921));
#12921 = SURFACE_STYLE_FILL_AREA(#12922);
#12922 = FILL_AREA_STYLE('',(#12923));
#12923 = FILL_AREA_STYLE_COLOUR('',#11803);
#12924 = OVER_RIDING_STYLED_ITEM('overriding color',(#12925),#9367,
  #11026);
#12925 = PRESENTATION_STYLE_ASSIGNMENT((#12926));
#12926 = SURFACE_STYLE_USAGE(.BOTH.,#12927);
#12927 = SURFACE_SIDE_STYLE('',(#12928));
#12928 = SURFACE_STYLE_FILL_AREA(#12929);
#12929 = FILL_AREA_STYLE('',(#12930));
#12930 = FILL_AREA_STYLE_COLOUR('',#11803);
#12931 = OVER_RIDING_STYLED_ITEM('overriding color',(#12932),#9383,
  #11026);
#12932 = PRESENTATION_STYLE_ASSIGNMENT((#12933));
#12933 = SURFACE_STYLE_USAGE(.BOTH.,#12934);
#12934 = SURFACE_SIDE_STYLE('',(#12935));
#12935 = SURFACE_STYLE_FILL_AREA(#12936);
#12936 = FILL_AREA_STYLE('',(#12937));
#12937 = FILL_AREA_STYLE_COLOUR('',#11803);
#12938 = OVER_RIDING_STYLED_ITEM('overriding color',(#12939),#9395,
  #11026);
#12939 = PRESENTATION_STYLE_ASSIGNMENT((#12940));
#12940 = SURFACE_STYLE_USAGE(.BOTH.,#12941);
#12941 = SURFACE_SIDE_STYLE('',(#12942));
#12942 = SURFACE_STYLE_FILL_AREA(#12943);
#12943 = FILL_AREA_STYLE('',(#12944));
#12944 = FILL_AREA_STYLE_COLOUR('',#11803);
#12945 = OVER_RIDING_STYLED_ITEM('overriding color',(#12946),#9423,
  #11026);
#12946 = PRESENTATION_STYLE_ASSIGNMENT((#12947));
#12947 = SURFACE_STYLE_USAGE(.BOTH.,#12948);
#12948 = SURFACE_SIDE_STYLE('',(#12949));
#12949 = SURFACE_STYLE_FILL_AREA(#12950);
#12950 = FILL_AREA_STYLE('',(#12951));
#12951 = FILL_AREA_STYLE_COLOUR('',#11803);
#12952 = OVER_RIDING_STYLED_ITEM('overriding color',(#12953),#9445,
  #11026);
#12953 = PRESENTATION_STYLE_ASSIGNMENT((#12954));
#12954 = SURFACE_STYLE_USAGE(.BOTH.,#12955);
#12955 = SURFACE_SIDE_STYLE('',(#12956));
#12956 = SURFACE_STYLE_FILL_AREA(#12957);
#12957 = FILL_AREA_STYLE('',(#12958));
#12958 = FILL_AREA_STYLE_COLOUR('',#11803);
#12959 = OVER_RIDING_STYLED_ITEM('overriding color',(#12960),#9467,
  #11026);
#12960 = PRESENTATION_STYLE_ASSIGNMENT((#12961));
#12961 = SURFACE_STYLE_USAGE(.BOTH.,#12962);
#12962 = SURFACE_SIDE_STYLE('',(#12963));
#12963 = SURFACE_STYLE_FILL_AREA(#12964);
#12964 = FILL_AREA_STYLE('',(#12965));
#12965 = FILL_AREA_STYLE_COLOUR('',#11803);
#12966 = OVER_RIDING_STYLED_ITEM('overriding color',(#12967),#9495,
  #11026);
#12967 = PRESENTATION_STYLE_ASSIGNMENT((#12968));
#12968 = SURFACE_STYLE_USAGE(.BOTH.,#12969);
#12969 = SURFACE_SIDE_STYLE('',(#12970));
#12970 = SURFACE_STYLE_FILL_AREA(#12971);
#12971 = FILL_AREA_STYLE('',(#12972));
#12972 = FILL_AREA_STYLE_COLOUR('',#11803);
#12973 = OVER_RIDING_STYLED_ITEM('overriding color',(#12974),#9523,
  #11026);
#12974 = PRESENTATION_STYLE_ASSIGNMENT((#12975));
#12975 = SURFACE_STYLE_USAGE(.BOTH.,#12976);
#12976 = SURFACE_SIDE_STYLE('',(#12977));
#12977 = SURFACE_STYLE_FILL_AREA(#12978);
#12978 = FILL_AREA_STYLE('',(#12979));
#12979 = FILL_AREA_STYLE_COLOUR('',#11803);
#12980 = OVER_RIDING_STYLED_ITEM('overriding color',(#12981),#9551,
  #11026);
#12981 = PRESENTATION_STYLE_ASSIGNMENT((#12982));
#12982 = SURFACE_STYLE_USAGE(.BOTH.,#12983);
#12983 = SURFACE_SIDE_STYLE('',(#12984));
#12984 = SURFACE_STYLE_FILL_AREA(#12985);
#12985 = FILL_AREA_STYLE('',(#12986));
#12986 = FILL_AREA_STYLE_COLOUR('',#11803);
#12987 = OVER_RIDING_STYLED_ITEM('overriding color',(#12988),#9573,
  #11026);
#12988 = PRESENTATION_STYLE_ASSIGNMENT((#12989));
#12989 = SURFACE_STYLE_USAGE(.BOTH.,#12990);
#12990 = SURFACE_SIDE_STYLE('',(#12991));
#12991 = SURFACE_STYLE_FILL_AREA(#12992);
#12992 = FILL_AREA_STYLE('',(#12993));
#12993 = FILL_AREA_STYLE_COLOUR('',#11086);
#12994 = OVER_RIDING_STYLED_ITEM('overriding color',(#12995),#9588,
  #11026);
#12995 = PRESENTATION_STYLE_ASSIGNMENT((#12996));
#12996 = SURFACE_STYLE_USAGE(.BOTH.,#12997);
#12997 = SURFACE_SIDE_STYLE('',(#12998));
#12998 = SURFACE_STYLE_FILL_AREA(#12999);
#12999 = FILL_AREA_STYLE('',(#13000));
#13000 = FILL_AREA_STYLE_COLOUR('',#11803);
#13001 = OVER_RIDING_STYLED_ITEM('overriding color',(#13002),#9700,
  #11026);
#13002 = PRESENTATION_STYLE_ASSIGNMENT((#13003));
#13003 = SURFACE_STYLE_USAGE(.BOTH.,#13004);
#13004 = SURFACE_SIDE_STYLE('',(#13005));
#13005 = SURFACE_STYLE_FILL_AREA(#13006);
#13006 = FILL_AREA_STYLE('',(#13007));
#13007 = FILL_AREA_STYLE_COLOUR('',#11803);
#13008 = OVER_RIDING_STYLED_ITEM('overriding color',(#13009),#9720,
  #11026);
#13009 = PRESENTATION_STYLE_ASSIGNMENT((#13010));
#13010 = SURFACE_STYLE_USAGE(.BOTH.,#13011);
#13011 = SURFACE_SIDE_STYLE('',(#13012));
#13012 = SURFACE_STYLE_FILL_AREA(#13013);
#13013 = FILL_AREA_STYLE('',(#13014));
#13014 = FILL_AREA_STYLE_COLOUR('',#11803);
#13015 = OVER_RIDING_STYLED_ITEM('overriding color',(#13016),#9736,
  #11026);
#13016 = PRESENTATION_STYLE_ASSIGNMENT((#13017));
#13017 = SURFACE_STYLE_USAGE(.BOTH.,#13018);
#13018 = SURFACE_SIDE_STYLE('',(#13019));
#13019 = SURFACE_STYLE_FILL_AREA(#13020);
#13020 = FILL_AREA_STYLE('',(#13021));
#13021 = FILL_AREA_STYLE_COLOUR('',#11803);
#13022 = OVER_RIDING_STYLED_ITEM('overriding color',(#13023),#9752,
  #11026);
#13023 = PRESENTATION_STYLE_ASSIGNMENT((#13024));
#13024 = SURFACE_STYLE_USAGE(.BOTH.,#13025);
#13025 = SURFACE_SIDE_STYLE('',(#13026));
#13026 = SURFACE_STYLE_FILL_AREA(#13027);
#13027 = FILL_AREA_STYLE('',(#13028));
#13028 = FILL_AREA_STYLE_COLOUR('',#11803);
#13029 = OVER_RIDING_STYLED_ITEM('overriding color',(#13030),#9768,
  #11026);
#13030 = PRESENTATION_STYLE_ASSIGNMENT((#13031));
#13031 = SURFACE_STYLE_USAGE(.BOTH.,#13032);
#13032 = SURFACE_SIDE_STYLE('',(#13033));
#13033 = SURFACE_STYLE_FILL_AREA(#13034);
#13034 = FILL_AREA_STYLE('',(#13035));
#13035 = FILL_AREA_STYLE_COLOUR('',#11803);
#13036 = OVER_RIDING_STYLED_ITEM('overriding color',(#13037),#9784,
  #11026);
#13037 = PRESENTATION_STYLE_ASSIGNMENT((#13038));
#13038 = SURFACE_STYLE_USAGE(.BOTH.,#13039);
#13039 = SURFACE_SIDE_STYLE('',(#13040));
#13040 = SURFACE_STYLE_FILL_AREA(#13041);
#13041 = FILL_AREA_STYLE('',(#13042));
#13042 = FILL_AREA_STYLE_COLOUR('',#11803);
#13043 = OVER_RIDING_STYLED_ITEM('overriding color',(#13044),#9800,
  #11026);
#13044 = PRESENTATION_STYLE_ASSIGNMENT((#13045));
#13045 = SURFACE_STYLE_USAGE(.BOTH.,#13046);
#13046 = SURFACE_SIDE_STYLE('',(#13047));
#13047 = SURFACE_STYLE_FILL_AREA(#13048);
#13048 = FILL_AREA_STYLE('',(#13049));
#13049 = FILL_AREA_STYLE_COLOUR('',#11803);
#13050 = OVER_RIDING_STYLED_ITEM('overriding color',(#13051),#9816,
  #11026);
#13051 = PRESENTATION_STYLE_ASSIGNMENT((#13052));
#13052 = SURFACE_STYLE_USAGE(.BOTH.,#13053);
#13053 = SURFACE_SIDE_STYLE('',(#13054));
#13054 = SURFACE_STYLE_FILL_AREA(#13055);
#13055 = FILL_AREA_STYLE('',(#13056));
#13056 = FILL_AREA_STYLE_COLOUR('',#11803);
#13057 = OVER_RIDING_STYLED_ITEM('overriding color',(#13058),#9828,
  #11026);
#13058 = PRESENTATION_STYLE_ASSIGNMENT((#13059));
#13059 = SURFACE_STYLE_USAGE(.BOTH.,#13060);
#13060 = SURFACE_SIDE_STYLE('',(#13061));
#13061 = SURFACE_STYLE_FILL_AREA(#13062);
#13062 = FILL_AREA_STYLE('',(#13063));
#13063 = FILL_AREA_STYLE_COLOUR('',#11803);
#13064 = OVER_RIDING_STYLED_ITEM('overriding color',(#13065),#9856,
  #11026);
#13065 = PRESENTATION_STYLE_ASSIGNMENT((#13066));
#13066 = SURFACE_STYLE_USAGE(.BOTH.,#13067);
#13067 = SURFACE_SIDE_STYLE('',(#13068));
#13068 = SURFACE_STYLE_FILL_AREA(#13069);
#13069 = FILL_AREA_STYLE('',(#13070));
#13070 = FILL_AREA_STYLE_COLOUR('',#11803);
#13071 = OVER_RIDING_STYLED_ITEM('overriding color',(#13072),#9878,
  #11026);
#13072 = PRESENTATION_STYLE_ASSIGNMENT((#13073));
#13073 = SURFACE_STYLE_USAGE(.BOTH.,#13074);
#13074 = SURFACE_SIDE_STYLE('',(#13075));
#13075 = SURFACE_STYLE_FILL_AREA(#13076);
#13076 = FILL_AREA_STYLE('',(#13077));
#13077 = FILL_AREA_STYLE_COLOUR('',#11803);
#13078 = OVER_RIDING_STYLED_ITEM('overriding color',(#13079),#9906,
  #11026);
#13079 = PRESENTATION_STYLE_ASSIGNMENT((#13080));
#13080 = SURFACE_STYLE_USAGE(.BOTH.,#13081);
#13081 = SURFACE_SIDE_STYLE('',(#13082));
#13082 = SURFACE_STYLE_FILL_AREA(#13083);
#13083 = FILL_AREA_STYLE('',(#13084));
#13084 = FILL_AREA_STYLE_COLOUR('',#11803);
#13085 = OVER_RIDING_STYLED_ITEM('overriding color',(#13086),#9928,
  #11026);
#13086 = PRESENTATION_STYLE_ASSIGNMENT((#13087));
#13087 = SURFACE_STYLE_USAGE(.BOTH.,#13088);
#13088 = SURFACE_SIDE_STYLE('',(#13089));
#13089 = SURFACE_STYLE_FILL_AREA(#13090);
#13090 = FILL_AREA_STYLE('',(#13091));
#13091 = FILL_AREA_STYLE_COLOUR('',#11803);
#13092 = OVER_RIDING_STYLED_ITEM('overriding color',(#13093),#9956,
  #11026);
#13093 = PRESENTATION_STYLE_ASSIGNMENT((#13094));
#13094 = SURFACE_STYLE_USAGE(.BOTH.,#13095);
#13095 = SURFACE_SIDE_STYLE('',(#13096));
#13096 = SURFACE_STYLE_FILL_AREA(#13097);
#13097 = FILL_AREA_STYLE('',(#13098));
#13098 = FILL_AREA_STYLE_COLOUR('',#11803);
#13099 = OVER_RIDING_STYLED_ITEM('overriding color',(#13100),#9972,
  #11026);
#13100 = PRESENTATION_STYLE_ASSIGNMENT((#13101));
#13101 = SURFACE_STYLE_USAGE(.BOTH.,#13102);
#13102 = SURFACE_SIDE_STYLE('',(#13103));
#13103 = SURFACE_STYLE_FILL_AREA(#13104);
#13104 = FILL_AREA_STYLE('',(#13105));
#13105 = FILL_AREA_STYLE_COLOUR('',#11086);
#13106 = OVER_RIDING_STYLED_ITEM('overriding color',(#13107),#9986,
  #11026);
#13107 = PRESENTATION_STYLE_ASSIGNMENT((#13108));
#13108 = SURFACE_STYLE_USAGE(.BOTH.,#13109);
#13109 = SURFACE_SIDE_STYLE('',(#13110));
#13110 = SURFACE_STYLE_FILL_AREA(#13111);
#13111 = FILL_AREA_STYLE('',(#13112));
#13112 = FILL_AREA_STYLE_COLOUR('',#11803);
#13113 = OVER_RIDING_STYLED_ITEM('overriding color',(#13114),#10306,
  #11026);
#13114 = PRESENTATION_STYLE_ASSIGNMENT((#13115));
#13115 = SURFACE_STYLE_USAGE(.BOTH.,#13116);
#13116 = SURFACE_SIDE_STYLE('',(#13117));
#13117 = SURFACE_STYLE_FILL_AREA(#13118);
#13118 = FILL_AREA_STYLE('',(#13119));
#13119 = FILL_AREA_STYLE_COLOUR('',#11803);
#13120 = OVER_RIDING_STYLED_ITEM('overriding color',(#13121),#10330,
  #11026);
#13121 = PRESENTATION_STYLE_ASSIGNMENT((#13122));
#13122 = SURFACE_STYLE_USAGE(.BOTH.,#13123);
#13123 = SURFACE_SIDE_STYLE('',(#13124));
#13124 = SURFACE_STYLE_FILL_AREA(#13125);
#13125 = FILL_AREA_STYLE('',(#13126));
#13126 = FILL_AREA_STYLE_COLOUR('',#11803);
#13127 = OVER_RIDING_STYLED_ITEM('overriding color',(#13128),#10350,
  #11026);
#13128 = PRESENTATION_STYLE_ASSIGNMENT((#13129));
#13129 = SURFACE_STYLE_USAGE(.BOTH.,#13130);
#13130 = SURFACE_SIDE_STYLE('',(#13131));
#13131 = SURFACE_STYLE_FILL_AREA(#13132);
#13132 = FILL_AREA_STYLE('',(#13133));
#13133 = FILL_AREA_STYLE_COLOUR('',#11803);
#13134 = OVER_RIDING_STYLED_ITEM('overriding color',(#13135),#10370,
  #11026);
#13135 = PRESENTATION_STYLE_ASSIGNMENT((#13136));
#13136 = SURFACE_STYLE_USAGE(.BOTH.,#13137);
#13137 = SURFACE_SIDE_STYLE('',(#13138));
#13138 = SURFACE_STYLE_FILL_AREA(#13139);
#13139 = FILL_AREA_STYLE('',(#13140));
#13140 = FILL_AREA_STYLE_COLOUR('',#11803);
#13141 = OVER_RIDING_STYLED_ITEM('overriding color',(#13142),#10390,
  #11026);
#13142 = PRESENTATION_STYLE_ASSIGNMENT((#13143));
#13143 = SURFACE_STYLE_USAGE(.BOTH.,#13144);
#13144 = SURFACE_SIDE_STYLE('',(#13145));
#13145 = SURFACE_STYLE_FILL_AREA(#13146);
#13146 = FILL_AREA_STYLE('',(#13147));
#13147 = FILL_AREA_STYLE_COLOUR('',#11803);
#13148 = OVER_RIDING_STYLED_ITEM('overriding color',(#13149),#10410,
  #11026);
#13149 = PRESENTATION_STYLE_ASSIGNMENT((#13150));
#13150 = SURFACE_STYLE_USAGE(.BOTH.,#13151);
#13151 = SURFACE_SIDE_STYLE('',(#13152));
#13152 = SURFACE_STYLE_FILL_AREA(#13153);
#13153 = FILL_AREA_STYLE('',(#13154));
#13154 = FILL_AREA_STYLE_COLOUR('',#11803);
#13155 = OVER_RIDING_STYLED_ITEM('overriding color',(#13156),#10430,
  #11026);
#13156 = PRESENTATION_STYLE_ASSIGNMENT((#13157));
#13157 = SURFACE_STYLE_USAGE(.BOTH.,#13158);
#13158 = SURFACE_SIDE_STYLE('',(#13159));
#13159 = SURFACE_STYLE_FILL_AREA(#13160);
#13160 = FILL_AREA_STYLE('',(#13161));
#13161 = FILL_AREA_STYLE_COLOUR('',#11803);
#13162 = OVER_RIDING_STYLED_ITEM('overriding color',(#13163),#10450,
  #11026);
#13163 = PRESENTATION_STYLE_ASSIGNMENT((#13164));
#13164 = SURFACE_STYLE_USAGE(.BOTH.,#13165);
#13165 = SURFACE_SIDE_STYLE('',(#13166));
#13166 = SURFACE_STYLE_FILL_AREA(#13167);
#13167 = FILL_AREA_STYLE('',(#13168));
#13168 = FILL_AREA_STYLE_COLOUR('',#11803);
#13169 = OVER_RIDING_STYLED_ITEM('overriding color',(#13170),#10470,
  #11026);
#13170 = PRESENTATION_STYLE_ASSIGNMENT((#13171));
#13171 = SURFACE_STYLE_USAGE(.BOTH.,#13172);
#13172 = SURFACE_SIDE_STYLE('',(#13173));
#13173 = SURFACE_STYLE_FILL_AREA(#13174);
#13174 = FILL_AREA_STYLE('',(#13175));
#13175 = FILL_AREA_STYLE_COLOUR('',#11803);
#13176 = OVER_RIDING_STYLED_ITEM('overriding color',(#13177),#10490,
  #11026);
#13177 = PRESENTATION_STYLE_ASSIGNMENT((#13178));
#13178 = SURFACE_STYLE_USAGE(.BOTH.,#13179);
#13179 = SURFACE_SIDE_STYLE('',(#13180));
#13180 = SURFACE_STYLE_FILL_AREA(#13181);
#13181 = FILL_AREA_STYLE('',(#13182));
#13182 = FILL_AREA_STYLE_COLOUR('',#11803);
#13183 = OVER_RIDING_STYLED_ITEM('overriding color',(#13184),#10510,
  #11026);
#13184 = PRESENTATION_STYLE_ASSIGNMENT((#13185));
#13185 = SURFACE_STYLE_USAGE(.BOTH.,#13186);
#13186 = SURFACE_SIDE_STYLE('',(#13187));
#13187 = SURFACE_STYLE_FILL_AREA(#13188);
#13188 = FILL_AREA_STYLE('',(#13189));
#13189 = FILL_AREA_STYLE_COLOUR('',#11803);
#13190 = OVER_RIDING_STYLED_ITEM('overriding color',(#13191),#10530,
  #11026);
#13191 = PRESENTATION_STYLE_ASSIGNMENT((#13192));
#13192 = SURFACE_STYLE_USAGE(.BOTH.,#13193);
#13193 = SURFACE_SIDE_STYLE('',(#13194));
#13194 = SURFACE_STYLE_FILL_AREA(#13195);
#13195 = FILL_AREA_STYLE('',(#13196));
#13196 = FILL_AREA_STYLE_COLOUR('',#11803);
#13197 = OVER_RIDING_STYLED_ITEM('overriding color',(#13198),#10550,
  #11026);
#13198 = PRESENTATION_STYLE_ASSIGNMENT((#13199));
#13199 = SURFACE_STYLE_USAGE(.BOTH.,#13200);
#13200 = SURFACE_SIDE_STYLE('',(#13201));
#13201 = SURFACE_STYLE_FILL_AREA(#13202);
#13202 = FILL_AREA_STYLE('',(#13203));
#13203 = FILL_AREA_STYLE_COLOUR('',#11803);
#13204 = OVER_RIDING_STYLED_ITEM('overriding color',(#13205),#10566,
  #11026);
#13205 = PRESENTATION_STYLE_ASSIGNMENT((#13206));
#13206 = SURFACE_STYLE_USAGE(.BOTH.,#13207);
#13207 = SURFACE_SIDE_STYLE('',(#13208));
#13208 = SURFACE_STYLE_FILL_AREA(#13209);
#13209 = FILL_AREA_STYLE('',(#13210));
#13210 = FILL_AREA_STYLE_COLOUR('',#11803);
#13211 = OVER_RIDING_STYLED_ITEM('overriding color',(#13212),#10582,
  #11026);
#13212 = PRESENTATION_STYLE_ASSIGNMENT((#13213));
#13213 = SURFACE_STYLE_USAGE(.BOTH.,#13214);
#13214 = SURFACE_SIDE_STYLE('',(#13215));
#13215 = SURFACE_STYLE_FILL_AREA(#13216);
#13216 = FILL_AREA_STYLE('',(#13217));
#13217 = FILL_AREA_STYLE_COLOUR('',#11803);
#13218 = OVER_RIDING_STYLED_ITEM('overriding color',(#13219),#10598,
  #11026);
#13219 = PRESENTATION_STYLE_ASSIGNMENT((#13220));
#13220 = SURFACE_STYLE_USAGE(.BOTH.,#13221);
#13221 = SURFACE_SIDE_STYLE('',(#13222));
#13222 = SURFACE_STYLE_FILL_AREA(#13223);
#13223 = FILL_AREA_STYLE('',(#13224));
#13224 = FILL_AREA_STYLE_COLOUR('',#11803);
#13225 = OVER_RIDING_STYLED_ITEM('overriding color',(#13226),#10614,
  #11026);
#13226 = PRESENTATION_STYLE_ASSIGNMENT((#13227));
#13227 = SURFACE_STYLE_USAGE(.BOTH.,#13228);
#13228 = SURFACE_SIDE_STYLE('',(#13229));
#13229 = SURFACE_STYLE_FILL_AREA(#13230);
#13230 = FILL_AREA_STYLE('',(#13231));
#13231 = FILL_AREA_STYLE_COLOUR('',#11803);
#13232 = OVER_RIDING_STYLED_ITEM('overriding color',(#13233),#10634,
  #11026);
#13233 = PRESENTATION_STYLE_ASSIGNMENT((#13234));
#13234 = SURFACE_STYLE_USAGE(.BOTH.,#13235);
#13235 = SURFACE_SIDE_STYLE('',(#13236));
#13236 = SURFACE_STYLE_FILL_AREA(#13237);
#13237 = FILL_AREA_STYLE('',(#13238));
#13238 = FILL_AREA_STYLE_COLOUR('',#11803);
#13239 = OVER_RIDING_STYLED_ITEM('overriding color',(#13240),#10654,
  #11026);
#13240 = PRESENTATION_STYLE_ASSIGNMENT((#13241));
#13241 = SURFACE_STYLE_USAGE(.BOTH.,#13242);
#13242 = SURFACE_SIDE_STYLE('',(#13243));
#13243 = SURFACE_STYLE_FILL_AREA(#13244);
#13244 = FILL_AREA_STYLE('',(#13245));
#13245 = FILL_AREA_STYLE_COLOUR('',#11803);
#13246 = OVER_RIDING_STYLED_ITEM('overriding color',(#13247),#10674,
  #11026);
#13247 = PRESENTATION_STYLE_ASSIGNMENT((#13248));
#13248 = SURFACE_STYLE_USAGE(.BOTH.,#13249);
#13249 = SURFACE_SIDE_STYLE('',(#13250));
#13250 = SURFACE_STYLE_FILL_AREA(#13251);
#13251 = FILL_AREA_STYLE('',(#13252));
#13252 = FILL_AREA_STYLE_COLOUR('',#11803);
#13253 = OVER_RIDING_STYLED_ITEM('overriding color',(#13254),#10694,
  #11026);
#13254 = PRESENTATION_STYLE_ASSIGNMENT((#13255));
#13255 = SURFACE_STYLE_USAGE(.BOTH.,#13256);
#13256 = SURFACE_SIDE_STYLE('',(#13257));
#13257 = SURFACE_STYLE_FILL_AREA(#13258);
#13258 = FILL_AREA_STYLE('',(#13259));
#13259 = FILL_AREA_STYLE_COLOUR('',#11803);
#13260 = OVER_RIDING_STYLED_ITEM('overriding color',(#13261),#10714,
  #11026);
#13261 = PRESENTATION_STYLE_ASSIGNMENT((#13262));
#13262 = SURFACE_STYLE_USAGE(.BOTH.,#13263);
#13263 = SURFACE_SIDE_STYLE('',(#13264));
#13264 = SURFACE_STYLE_FILL_AREA(#13265);
#13265 = FILL_AREA_STYLE('',(#13266));
#13266 = FILL_AREA_STYLE_COLOUR('',#11803);
#13267 = OVER_RIDING_STYLED_ITEM('overriding color',(#13268),#10734,
  #11026);
#13268 = PRESENTATION_STYLE_ASSIGNMENT((#13269));
#13269 = SURFACE_STYLE_USAGE(.BOTH.,#13270);
#13270 = SURFACE_SIDE_STYLE('',(#13271));
#13271 = SURFACE_STYLE_FILL_AREA(#13272);
#13272 = FILL_AREA_STYLE('',(#13273));
#13273 = FILL_AREA_STYLE_COLOUR('',#11803);
#13274 = OVER_RIDING_STYLED_ITEM('overriding color',(#13275),#10754,
  #11026);
#13275 = PRESENTATION_STYLE_ASSIGNMENT((#13276));
#13276 = SURFACE_STYLE_USAGE(.BOTH.,#13277);
#13277 = SURFACE_SIDE_STYLE('',(#13278));
#13278 = SURFACE_STYLE_FILL_AREA(#13279);
#13279 = FILL_AREA_STYLE('',(#13280));
#13280 = FILL_AREA_STYLE_COLOUR('',#11803);
#13281 = OVER_RIDING_STYLED_ITEM('overriding color',(#13282),#10770,
  #11026);
#13282 = PRESENTATION_STYLE_ASSIGNMENT((#13283));
#13283 = SURFACE_STYLE_USAGE(.BOTH.,#13284);
#13284 = SURFACE_SIDE_STYLE('',(#13285));
#13285 = SURFACE_STYLE_FILL_AREA(#13286);
#13286 = FILL_AREA_STYLE('',(#13287));
#13287 = FILL_AREA_STYLE_COLOUR('',#11803);
#13288 = OVER_RIDING_STYLED_ITEM('overriding color',(#13289),#10790,
  #11026);
#13289 = PRESENTATION_STYLE_ASSIGNMENT((#13290));
#13290 = SURFACE_STYLE_USAGE(.BOTH.,#13291);
#13291 = SURFACE_SIDE_STYLE('',(#13292));
#13292 = SURFACE_STYLE_FILL_AREA(#13293);
#13293 = FILL_AREA_STYLE('',(#13294));
#13294 = FILL_AREA_STYLE_COLOUR('',#11803);
#13295 = OVER_RIDING_STYLED_ITEM('overriding color',(#13296),#10810,
  #11026);
#13296 = PRESENTATION_STYLE_ASSIGNMENT((#13297));
#13297 = SURFACE_STYLE_USAGE(.BOTH.,#13298);
#13298 = SURFACE_SIDE_STYLE('',(#13299));
#13299 = SURFACE_STYLE_FILL_AREA(#13300);
#13300 = FILL_AREA_STYLE('',(#13301));
#13301 = FILL_AREA_STYLE_COLOUR('',#11803);
#13302 = OVER_RIDING_STYLED_ITEM('overriding color',(#13303),#10826,
  #11026);
#13303 = PRESENTATION_STYLE_ASSIGNMENT((#13304));
#13304 = SURFACE_STYLE_USAGE(.BOTH.,#13305);
#13305 = SURFACE_SIDE_STYLE('',(#13306));
#13306 = SURFACE_STYLE_FILL_AREA(#13307);
#13307 = FILL_AREA_STYLE('',(#13308));
#13308 = FILL_AREA_STYLE_COLOUR('',#11803);
#13309 = OVER_RIDING_STYLED_ITEM('overriding color',(#13310),#10846,
  #11026);
#13310 = PRESENTATION_STYLE_ASSIGNMENT((#13311));
#13311 = SURFACE_STYLE_USAGE(.BOTH.,#13312);
#13312 = SURFACE_SIDE_STYLE('',(#13313));
#13313 = SURFACE_STYLE_FILL_AREA(#13314);
#13314 = FILL_AREA_STYLE('',(#13315));
#13315 = FILL_AREA_STYLE_COLOUR('',#11803);
#13316 = OVER_RIDING_STYLED_ITEM('overriding color',(#13317),#10866,
  #11026);
#13317 = PRESENTATION_STYLE_ASSIGNMENT((#13318));
#13318 = SURFACE_STYLE_USAGE(.BOTH.,#13319);
#13319 = SURFACE_SIDE_STYLE('',(#13320));
#13320 = SURFACE_STYLE_FILL_AREA(#13321);
#13321 = FILL_AREA_STYLE('',(#13322));
#13322 = FILL_AREA_STYLE_COLOUR('',#11803);
#13323 = OVER_RIDING_STYLED_ITEM('overriding color',(#13324),#10886,
  #11026);
#13324 = PRESENTATION_STYLE_ASSIGNMENT((#13325));
#13325 = SURFACE_STYLE_USAGE(.BOTH.,#13326);
#13326 = SURFACE_SIDE_STYLE('',(#13327));
#13327 = SURFACE_STYLE_FILL_AREA(#13328);
#13328 = FILL_AREA_STYLE('',(#13329));
#13329 = FILL_AREA_STYLE_COLOUR('',#11803);
#13330 = OVER_RIDING_STYLED_ITEM('overriding color',(#13331),#10902,
  #11026);
#13331 = PRESENTATION_STYLE_ASSIGNMENT((#13332));
#13332 = SURFACE_STYLE_USAGE(.BOTH.,#13333);
#13333 = SURFACE_SIDE_STYLE('',(#13334));
#13334 = SURFACE_STYLE_FILL_AREA(#13335);
#13335 = FILL_AREA_STYLE('',(#13336));
#13336 = FILL_AREA_STYLE_COLOUR('',#11803);
#13337 = OVER_RIDING_STYLED_ITEM('overriding color',(#13338),#10922,
  #11026);
#13338 = PRESENTATION_STYLE_ASSIGNMENT((#13339));
#13339 = SURFACE_STYLE_USAGE(.BOTH.,#13340);
#13340 = SURFACE_SIDE_STYLE('',(#13341));
#13341 = SURFACE_STYLE_FILL_AREA(#13342);
#13342 = FILL_AREA_STYLE('',(#13343));
#13343 = FILL_AREA_STYLE_COLOUR('',#11803);
#13344 = OVER_RIDING_STYLED_ITEM('overriding color',(#13345),#10938,
  #11026);
#13345 = PRESENTATION_STYLE_ASSIGNMENT((#13346));
#13346 = SURFACE_STYLE_USAGE(.BOTH.,#13347);
#13347 = SURFACE_SIDE_STYLE('',(#13348));
#13348 = SURFACE_STYLE_FILL_AREA(#13349);
#13349 = FILL_AREA_STYLE('',(#13350));
#13350 = FILL_AREA_STYLE_COLOUR('',#11803);
#13351 = OVER_RIDING_STYLED_ITEM('overriding color',(#13352),#10981,
  #11026);
#13352 = PRESENTATION_STYLE_ASSIGNMENT((#13353));
#13353 = SURFACE_STYLE_USAGE(.BOTH.,#13354);
#13354 = SURFACE_SIDE_STYLE('',(#13355));
#13355 = SURFACE_STYLE_FILL_AREA(#13356);
#13356 = FILL_AREA_STYLE('',(#13357));
#13357 = FILL_AREA_STYLE_COLOUR('',#11803);
#13358 = OVER_RIDING_STYLED_ITEM('overriding color',(#13359),#11009,
  #11026);
#13359 = PRESENTATION_STYLE_ASSIGNMENT((#13360));
#13360 = SURFACE_STYLE_USAGE(.BOTH.,#13361);
#13361 = SURFACE_SIDE_STYLE('',(#13362));
#13362 = SURFACE_STYLE_FILL_AREA(#13363);
#13363 = FILL_AREA_STYLE('',(#13364));
#13364 = FILL_AREA_STYLE_COLOUR('',#11086);
ENDSEC;
END-ISO-10303-21;
