ISO-10303-21;
HEADER;
FILE_DESCRIPTION(('Open CASCADE Model'),'2;1');
FILE_NAME('Open CASCADE Shape Model','2026-05-04T19:00:27',('Author'),(
    'Open CASCADE'),'Open CASCADE STEP processor 7.9','Open CASCADE 7.9'
  ,'Unknown');
FILE_SCHEMA(('AUTOMOTIVE_DESIGN { 1 0 10303 214 1 1 1 1 }'));
ENDSEC;
DATA;
#1 = APPLICATION_PROTOCOL_DEFINITION('international standard',
  'automotive_design',2000,#2);
#2 = APPLICATION_CONTEXT(
  'core data for automotive mechanical design processes');
#3 = SHAPE_DEFINITION_REPRESENTATION(#4,#10);
#4 = PRODUCT_DEFINITION_SHAPE('','',#5);
#5 = PRODUCT_DEFINITION('design','',#6,#9);
#6 = PRODUCT_DEFINITION_FORMATION('','',#7);
#7 = PRODUCT('SOLID','SOLID','',(#8));
#8 = PRODUCT_CONTEXT('',#2,'mechanical');
#9 = PRODUCT_DEFINITION_CONTEXT('part definition',#2,'design');
#10 = ADVANCED_BREP_SHAPE_REPRESENTATION('',(#11,#15),#11411);
#11 = AXIS2_PLACEMENT_3D('',#12,#13,#14);
#12 = CARTESIAN_POINT('',(0.,0.,0.));
#13 = DIRECTION('',(0.,0.,1.));
#14 = DIRECTION('',(1.,0.,-0.));
#15 = MANIFOLD_SOLID_BREP('',#16);
#16 = CLOSED_SHELL('',(#17,#1424,#1454,#1484,#1514,#1552,#1582,#1612,
    #1642,#2115,#2202,#2240,#2277,#2380,#2408,#2455,#2484,#2523,#2545,
    #2578,#2594,#2616,#2674,#2761,#2790,#2829,#2905,#2927,#2968,#2997,
    #3019,#3055,#3079,#3112,#3133,#3154,#3173,#3192,#3213,#3234,#3248,
    #3286,#3324,#3352,#3374,#3396,#3418,#3440,#3462,#3484,#3500,#3570,
    #3598,#3620,#3657,#3679,#3716,#3732,#3760,#3782,#3804,#3877,#3944,
    #4028,#4056,#4129,#4202,#4224,#4240,#4268,#4290,#4312,#4334,#4356,
    #4378,#4400,#4422,#4444,#4466,#4488,#4504,#4524,#4552,#4601,#4674,
    #4747,#4796,#4818,#4867,#4940,#5013,#5056,#5074,#5102,#5124,#5146,
    #5168,#5190,#5206,#5220,#5234,#5247,#5283,#5316,#5340,#5367,#5388,
    #5407,#5426,#5453,#5474,#5488,#5526,#5564,#5580,#5596,#5612,#5628,
    #5656,#5678,#5700,#5722,#5744,#5760,#5774,#5808,#5830,#5858,#5886,
    #5914,#5942,#5970,#5998,#6020,#6048,#6076,#6104,#6132,#6154,#6176,
    #6204,#6226,#6248,#6270,#6292,#6314,#6336,#6358,#6380,#6402,#6424,
    #6440,#6460,#6584,#6604,#6624,#6644,#6664,#6684,#6700,#6712,#6740,
    #6762,#6784,#6812,#6840,#6868,#6890,#6905,#7017,#7037,#7053,#7069,
    #7085,#7101,#7117,#7133,#7145,#7173,#7195,#7223,#7245,#7273,#7289,
    #7303,#7331,#7353,#7375,#7397,#7419,#7441,#7463,#7485,#7507,#7529,
    #7551,#7567,#7587,#7779,#7803,#7819,#7839,#7859,#7875,#7895,#7915,
    #7935,#7955,#7971,#7987,#8003,#8019,#8035,#8069,#8097,#8125,#8153,
    #8181,#8209,#8231,#8247,#8263,#8297,#8319,#8347,#8375,#8403,#8431,
    #8459,#8487,#8515,#8543,#8571,#8599,#8621,#8649,#8677,#8705,#8733,
    #8761,#8789,#8817,#8839,#8868,#8896,#8918,#8946,#8968,#8990,#9012,
    #9034,#9056,#9078,#9106,#9134,#9156,#9184,#9212,#9228,#9251,#9279,
    #9301,#9323,#9345,#9367,#9389,#9411,#9433,#9455,#9477,#9499,#9515,
    #9535,#9659,#9679,#9699,#9719,#9739,#9759,#9775,#9787,#9815,#9837,
    #9859,#9887,#9915,#9943,#9965,#9980,#10092,#10112,#10128,#10144,
    #10160,#10176,#10192,#10208,#10220,#10248,#10270,#10298,#10320,
    #10348,#10364,#10378,#10698,#10722,#10742,#10762,#10782,#10802,
    #10822,#10842,#10862,#10882,#10902,#10922,#10942,#10958,#10974,
    #10990,#11006,#11026,#11046,#11066,#11086,#11106,#11126,#11146,
    #11162,#11182,#11202,#11218,#11238,#11258,#11278,#11294,#11314,
    #11330,#11373,#11401));
#17 = ADVANCED_FACE('',(#18,#76,#162,#279,#466,#582,#641,#673,#717,#841,
    #927,#985,#1071,#1130),#1419,.T.);
#18 = FACE_BOUND('',#19,.T.);
#19 = EDGE_LOOP('',(#20,#29,#36,#43,#50,#57,#64,#71));
#20 = ORIENTED_EDGE('',*,*,#21,.F.);
#21 = EDGE_CURVE('',#22,#24,#26,.T.);
#22 = VERTEX_POINT('',#23);
#23 = CARTESIAN_POINT('',(-0.22086126359,0.39,0.249822813363));
#24 = VERTEX_POINT('',#25);
#25 = CARTESIAN_POINT('',(-0.215246570842,0.39,0.249822813363));
#26 = B_SPLINE_CURVE_WITH_KNOTS('',1,(#27,#28),.UNSPECIFIED.,.F.,.F.,(2,
    2),(-5.614692748368E-03,0.),.PIECEWISE_BEZIER_KNOTS.);
#27 = CARTESIAN_POINT('',(-0.22086126359,0.39,0.249822813363));
#28 = CARTESIAN_POINT('',(-0.215246570842,0.39,0.249822813363));
#29 = ORIENTED_EDGE('',*,*,#30,.F.);
#30 = EDGE_CURVE('',#31,#22,#33,.T.);
#31 = VERTEX_POINT('',#32);
#32 = CARTESIAN_POINT('',(-0.236353656543,0.39,0.209147483677));
#33 = B_SPLINE_CURVE_WITH_KNOTS('',1,(#34,#35),.UNSPECIFIED.,.F.,.F.,(2,
    2),(-4.3525816299E-02,0.),.PIECEWISE_BEZIER_KNOTS.);
#34 = CARTESIAN_POINT('',(-0.236353656543,0.39,0.209147483677));
#35 = CARTESIAN_POINT('',(-0.22086126359,0.39,0.249822813363));
#36 = ORIENTED_EDGE('',*,*,#37,.F.);
#37 = EDGE_CURVE('',#38,#31,#40,.T.);
#38 = VERTEX_POINT('',#39);
#39 = CARTESIAN_POINT('',(-0.23055180737,0.39,0.209147483677));
#40 = B_SPLINE_CURVE_WITH_KNOTS('',1,(#41,#42),.UNSPECIFIED.,.F.,.F.,(2,
    2),(-5.801849172813E-03,0.),.PIECEWISE_BEZIER_KNOTS.);
#41 = CARTESIAN_POINT('',(-0.23055180737,0.39,0.209147483677));
#42 = CARTESIAN_POINT('',(-0.236353656543,0.39,0.209147483677));
#43 = ORIENTED_EDGE('',*,*,#44,.F.);
#44 = EDGE_CURVE('',#45,#38,#47,.T.);
#45 = VERTEX_POINT('',#46);
#46 = CARTESIAN_POINT('',(-0.226403173284,0.39,0.220272893381));
#47 = B_SPLINE_CURVE_WITH_KNOTS('',1,(#48,#49),.UNSPECIFIED.,.F.,.F.,(2,
    2),(-1.18737486024E-02,7.460402556541E-17),
  .PIECEWISE_BEZIER_KNOTS.);
#48 = CARTESIAN_POINT('',(-0.226403173284,0.39,0.220272893381));
#49 = CARTESIAN_POINT('',(-0.23055180737,0.39,0.209147483677));
#50 = ORIENTED_EDGE('',*,*,#51,.F.);
#51 = EDGE_CURVE('',#52,#45,#54,.T.);
#52 = VERTEX_POINT('',#53);
#53 = CARTESIAN_POINT('',(-0.209465516827,0.39,0.220272893381));
#54 = B_SPLINE_CURVE_WITH_KNOTS('',1,(#55,#56),.UNSPECIFIED.,.F.,.F.,(2,
    2),(-1.693765645691E-02,0.),.PIECEWISE_BEZIER_KNOTS.);
#55 = CARTESIAN_POINT('',(-0.209465516827,0.39,0.220272893381));
#56 = CARTESIAN_POINT('',(-0.226403173284,0.39,0.220272893381));
#57 = ORIENTED_EDGE('',*,*,#58,.F.);
#58 = EDGE_CURVE('',#59,#52,#61,.T.);
#59 = VERTEX_POINT('',#60);
#60 = CARTESIAN_POINT('',(-0.205556027062,0.39,0.209147483677));
#61 = B_SPLINE_CURVE_WITH_KNOTS('',1,(#62,#63),.UNSPECIFIED.,.F.,.F.,(2,
    2),(-1.179232171015E-02,0.),.PIECEWISE_BEZIER_KNOTS.);
#62 = CARTESIAN_POINT('',(-0.205556027062,0.39,0.209147483677));
#63 = CARTESIAN_POINT('',(-0.209465516827,0.39,0.220272893381));
#64 = ORIENTED_EDGE('',*,*,#65,.F.);
#65 = EDGE_CURVE('',#66,#59,#68,.T.);
#66 = VERTEX_POINT('',#67);
#67 = CARTESIAN_POINT('',(-0.199754177889,0.39,0.209147483677));
#68 = B_SPLINE_CURVE_WITH_KNOTS('',1,(#69,#70),.UNSPECIFIED.,.F.,.F.,(2,
    2),(-5.801849173091E-03,0.),.PIECEWISE_BEZIER_KNOTS.);
#69 = CARTESIAN_POINT('',(-0.199754177889,0.39,0.209147483677));
#70 = CARTESIAN_POINT('',(-0.205556027062,0.39,0.209147483677));
#71 = ORIENTED_EDGE('',*,*,#72,.F.);
#72 = EDGE_CURVE('',#24,#66,#73,.T.);
#73 = B_SPLINE_CURVE_WITH_KNOTS('',1,(#74,#75),.UNSPECIFIED.,.F.,.F.,(2,
    2),(-4.35258162991E-02,0.),.PIECEWISE_BEZIER_KNOTS.);
#74 = CARTESIAN_POINT('',(-0.215246570842,0.39,0.249822813363));
#75 = CARTESIAN_POINT('',(-0.199754177889,0.39,0.209147483677));
#76 = FACE_BOUND('',#77,.T.);
#77 = EDGE_LOOP('',(#78,#87,#94,#101,#108,#115,#122,#129,#136,#143,#150,
    #157));
#78 = ORIENTED_EDGE('',*,*,#79,.F.);
#79 = EDGE_CURVE('',#80,#82,#84,.T.);
#80 = VERTEX_POINT('',#81);
#81 = CARTESIAN_POINT('',(-0.156697802574,0.39,0.213784803983));
#82 = VERTEX_POINT('',#83);
#83 = CARTESIAN_POINT('',(-0.140072073492,0.39,0.213784803983));
#84 = B_SPLINE_CURVE_WITH_KNOTS('',1,(#85,#86),.UNSPECIFIED.,.F.,.F.,(2,
    2),(-1.662572908182E-02,0.),.PIECEWISE_BEZIER_KNOTS.);
#85 = CARTESIAN_POINT('',(-0.156697802574,0.39,0.213784803983));
#86 = CARTESIAN_POINT('',(-0.140072073492,0.39,0.213784803983));
#87 = ORIENTED_EDGE('',*,*,#88,.F.);
#88 = EDGE_CURVE('',#89,#80,#91,.T.);
#89 = VERTEX_POINT('',#90);
#90 = CARTESIAN_POINT('',(-0.156697802574,0.39,0.209147483677));
#91 = B_SPLINE_CURVE_WITH_KNOTS('',1,(#92,#93),.UNSPECIFIED.,.F.,.F.,(2,
    2),(-4.637320306758E-03,0.),.PIECEWISE_BEZIER_KNOTS.);
#92 = CARTESIAN_POINT('',(-0.156697802574,0.39,0.209147483677));
#93 = CARTESIAN_POINT('',(-0.156697802574,0.39,0.213784803983));
#94 = ORIENTED_EDGE('',*,*,#95,.F.);
#95 = EDGE_CURVE('',#96,#89,#98,.T.);
#96 = VERTEX_POINT('',#97);
#97 = CARTESIAN_POINT('',(-0.134821296015,0.39,0.209147483677));
#98 = B_SPLINE_CURVE_WITH_KNOTS('',1,(#99,#100),.UNSPECIFIED.,.F.,.F.,(2
    ,2),(-2.187650655933E-02,0.),.PIECEWISE_BEZIER_KNOTS.);
#99 = CARTESIAN_POINT('',(-0.134821296015,0.39,0.209147483677));
#100 = CARTESIAN_POINT('',(-0.156697802574,0.39,0.209147483677));
#101 = ORIENTED_EDGE('',*,*,#102,.F.);
#102 = EDGE_CURVE('',#103,#96,#105,.T.);
#103 = VERTEX_POINT('',#104);
#104 = CARTESIAN_POINT('',(-0.134821296015,0.39,0.249822813363));
#105 = B_SPLINE_CURVE_WITH_KNOTS('',1,(#106,#107),.UNSPECIFIED.,.F.,.F.,
  (2,2),(-4.067532968627E-02,-6.938893903907E-18),
  .PIECEWISE_BEZIER_KNOTS.);
#106 = CARTESIAN_POINT('',(-0.134821296015,0.39,0.249822813363));
#107 = CARTESIAN_POINT('',(-0.134821296015,0.39,0.209147483677));
#108 = ORIENTED_EDGE('',*,*,#109,.F.);
#109 = EDGE_CURVE('',#110,#103,#112,.T.);
#110 = VERTEX_POINT('',#111);
#111 = CARTESIAN_POINT('',(-0.155772418029,0.39,0.249822813363));
#112 = B_SPLINE_CURVE_WITH_KNOTS('',1,(#113,#114),.UNSPECIFIED.,.F.,.F.,
  (2,2),(-2.095112201375E-02,0.),.PIECEWISE_BEZIER_KNOTS.);
#113 = CARTESIAN_POINT('',(-0.155772418029,0.39,0.249822813363));
#114 = CARTESIAN_POINT('',(-0.134821296015,0.39,0.249822813363));
#115 = ORIENTED_EDGE('',*,*,#116,.F.);
#116 = EDGE_CURVE('',#117,#110,#119,.T.);
#117 = VERTEX_POINT('',#118);
#118 = CARTESIAN_POINT('',(-0.155772418029,0.39,0.24514390274));
#119 = B_SPLINE_CURVE_WITH_KNOTS('',1,(#120,#121),.UNSPECIFIED.,.F.,.F.,
  (2,2),(-4.678910623362E-03,0.),.PIECEWISE_BEZIER_KNOTS.);
#120 = CARTESIAN_POINT('',(-0.155772418029,0.39,0.24514390274));
#121 = CARTESIAN_POINT('',(-0.155772418029,0.39,0.249822813363));
#122 = ORIENTED_EDGE('',*,*,#123,.F.);
#123 = EDGE_CURVE('',#124,#117,#126,.T.);
#124 = VERTEX_POINT('',#125);
#125 = CARTESIAN_POINT('',(-0.140072073492,0.39,0.24514390274));
#126 = B_SPLINE_CURVE_WITH_KNOTS('',1,(#127,#128),.UNSPECIFIED.,.F.,.F.,
  (2,2),(-1.570034453624E-02,0.),.PIECEWISE_BEZIER_KNOTS.);
#127 = CARTESIAN_POINT('',(-0.140072073492,0.39,0.24514390274));
#128 = CARTESIAN_POINT('',(-0.155772418029,0.39,0.24514390274));
#129 = ORIENTED_EDGE('',*,*,#130,.F.);
#130 = EDGE_CURVE('',#131,#124,#133,.T.);
#131 = VERTEX_POINT('',#132);
#132 = CARTESIAN_POINT('',(-0.140072073492,0.39,0.232126133627));
#133 = B_SPLINE_CURVE_WITH_KNOTS('',1,(#134,#135),.UNSPECIFIED.,.F.,.F.,
  (2,2),(-1.301776911243E-02,0.),.PIECEWISE_BEZIER_KNOTS.);
#134 = CARTESIAN_POINT('',(-0.140072073492,0.39,0.232126133627));
#135 = CARTESIAN_POINT('',(-0.140072073492,0.39,0.24514390274));
#136 = ORIENTED_EDGE('',*,*,#137,.F.);
#137 = EDGE_CURVE('',#138,#131,#140,.T.);
#138 = VERTEX_POINT('',#139);
#139 = CARTESIAN_POINT('',(-0.154618286742,0.39,0.232126133627));
#140 = B_SPLINE_CURVE_WITH_KNOTS('',1,(#141,#142),.UNSPECIFIED.,.F.,.F.,
  (2,2),(-1.454621324906E-02,0.),.PIECEWISE_BEZIER_KNOTS.);
#141 = CARTESIAN_POINT('',(-0.154618286742,0.39,0.232126133627));
#142 = CARTESIAN_POINT('',(-0.140072073492,0.39,0.232126133627));
#143 = ORIENTED_EDGE('',*,*,#144,.F.);
#144 = EDGE_CURVE('',#145,#138,#147,.T.);
#145 = VERTEX_POINT('',#146);
#146 = CARTESIAN_POINT('',(-0.154618286742,0.39,0.227468018162));
#147 = B_SPLINE_CURVE_WITH_KNOTS('',1,(#148,#149),.UNSPECIFIED.,.F.,.F.,
  (2,2),(-4.658115465059E-03,0.),.PIECEWISE_BEZIER_KNOTS.);
#148 = CARTESIAN_POINT('',(-0.154618286742,0.39,0.227468018162));
#149 = CARTESIAN_POINT('',(-0.154618286742,0.39,0.232126133627));
#150 = ORIENTED_EDGE('',*,*,#151,.F.);
#151 = EDGE_CURVE('',#152,#145,#154,.T.);
#152 = VERTEX_POINT('',#153);
#153 = CARTESIAN_POINT('',(-0.140072073492,0.39,0.227468018162));
#154 = B_SPLINE_CURVE_WITH_KNOTS('',1,(#155,#156),.UNSPECIFIED.,.F.,.F.,
  (2,2),(-1.454621324906E-02,0.),.PIECEWISE_BEZIER_KNOTS.);
#155 = CARTESIAN_POINT('',(-0.140072073492,0.39,0.227468018162));
#156 = CARTESIAN_POINT('',(-0.154618286742,0.39,0.227468018162));
#157 = ORIENTED_EDGE('',*,*,#158,.F.);
#158 = EDGE_CURVE('',#82,#152,#159,.T.);
#159 = B_SPLINE_CURVE_WITH_KNOTS('',1,(#160,#161),.UNSPECIFIED.,.F.,.F.,
  (2,2),(-1.368321417866E-02,0.),.PIECEWISE_BEZIER_KNOTS.);
#160 = CARTESIAN_POINT('',(-0.140072073492,0.39,0.213784803983));
#161 = CARTESIAN_POINT('',(-0.140072073492,0.39,0.227468018162));
#162 = FACE_BOUND('',#163,.T.);
#163 = EDGE_LOOP('',(#164,#173,#180,#187,#196,#205,#212,#221,#230,#237,
    #244,#251,#258,#265,#272));
#164 = ORIENTED_EDGE('',*,*,#165,.F.);
#165 = EDGE_CURVE('',#166,#168,#170,.T.);
#166 = VERTEX_POINT('',#167);
#167 = CARTESIAN_POINT('',(-0.124049404002,0.39,0.238198319858));
#168 = VERTEX_POINT('',#169);
#169 = CARTESIAN_POINT('',(-0.1161160511,0.39,0.216321813299));
#170 = B_SPLINE_CURVE_WITH_KNOTS('',1,(#171,#172),.UNSPECIFIED.,.F.,.F.,
  (2,2),(-2.327057428389E-02,4.731184835831E-18),
  .PIECEWISE_BEZIER_KNOTS.);
#171 = CARTESIAN_POINT('',(-0.124049404002,0.39,0.238198319858));
#172 = CARTESIAN_POINT('',(-0.1161160511,0.39,0.216321813299));
#173 = ORIENTED_EDGE('',*,*,#174,.F.);
#174 = EDGE_CURVE('',#175,#166,#177,.T.);
#175 = VERTEX_POINT('',#176);
#176 = CARTESIAN_POINT('',(-0.129331374217,0.39,0.238198319858));
#177 = B_SPLINE_CURVE_WITH_KNOTS('',1,(#178,#179),.UNSPECIFIED.,.F.,.F.,
  (2,2),(-5.281970214694E-03,0.),.PIECEWISE_BEZIER_KNOTS.);
#178 = CARTESIAN_POINT('',(-0.129331374217,0.39,0.238198319858));
#179 = CARTESIAN_POINT('',(-0.124049404002,0.39,0.238198319858));
#180 = ORIENTED_EDGE('',*,*,#181,.F.);
#181 = EDGE_CURVE('',#182,#175,#184,.T.);
#182 = VERTEX_POINT('',#183);
#183 = CARTESIAN_POINT('',(-0.116147243838,0.39,0.20475970527));
#184 = B_SPLINE_CURVE_WITH_KNOTS('',1,(#185,#186),.UNSPECIFIED.,.F.,.F.,
  (2,2),(-3.594387624413E-02,0.),.PIECEWISE_BEZIER_KNOTS.);
#185 = CARTESIAN_POINT('',(-0.116147243838,0.39,0.20475970527));
#186 = CARTESIAN_POINT('',(-0.129331374217,0.39,0.238198319858));
#187 = ORIENTED_EDGE('',*,*,#188,.F.);
#188 = EDGE_CURVE('',#189,#182,#191,.T.);
#189 = VERTEX_POINT('',#190);
#190 = CARTESIAN_POINT('',(-0.105780857412,0.39,0.195464269498));
#191 = B_SPLINE_CURVE_WITH_KNOTS('',3,(#192,#193,#194,#195),
  .UNSPECIFIED.,.F.,.F.,(4,4),(1.,2.),.PIECEWISE_BEZIER_KNOTS.);
#192 = CARTESIAN_POINT('',(-0.105780857412,0.39,0.195464269498));
#193 = CARTESIAN_POINT('',(-0.110241418873,0.39,0.195464269498));
#194 = CARTESIAN_POINT('',(-0.113693415155,0.39,0.198562748088));
#195 = CARTESIAN_POINT('',(-0.116147243838,0.39,0.20475970527));
#196 = ORIENTED_EDGE('',*,*,#197,.F.);
#197 = EDGE_CURVE('',#198,#189,#200,.T.);
#198 = VERTEX_POINT('',#199);
#199 = CARTESIAN_POINT('',(-0.102495222397,0.39,0.195880172664));
#200 = B_SPLINE_CURVE_WITH_KNOTS('',3,(#201,#202,#203,#204),
  .UNSPECIFIED.,.F.,.F.,(4,4),(2.,3.),.PIECEWISE_BEZIER_KNOTS.);
#201 = CARTESIAN_POINT('',(-0.102495222397,0.39,0.195880172664));
#202 = CARTESIAN_POINT('',(-0.103399811784,0.39,0.195609835606));
#203 = CARTESIAN_POINT('',(-0.104501955175,0.39,0.195464269498));
#204 = CARTESIAN_POINT('',(-0.105780857412,0.39,0.195464269498));
#205 = ORIENTED_EDGE('',*,*,#206,.F.);
#206 = EDGE_CURVE('',#207,#198,#209,.T.);
#207 = VERTEX_POINT('',#208);
#208 = CARTESIAN_POINT('',(-0.102495222397,0.39,0.20041351718));
#209 = B_SPLINE_CURVE_WITH_KNOTS('',1,(#210,#211),.UNSPECIFIED.,.F.,.F.,
  (2,2),(-4.533344515244E-03,6.938893903907E-18),
  .PIECEWISE_BEZIER_KNOTS.);
#210 = CARTESIAN_POINT('',(-0.102495222397,0.39,0.20041351718));
#211 = CARTESIAN_POINT('',(-0.102495222397,0.39,0.195880172664));
#212 = ORIENTED_EDGE('',*,*,#213,.F.);
#213 = EDGE_CURVE('',#214,#207,#216,.T.);
#214 = VERTEX_POINT('',#215);
#215 = CARTESIAN_POINT('',(-0.105385749404,0.39,0.199831252746));
#216 = B_SPLINE_CURVE_WITH_KNOTS('',3,(#217,#218,#219,#220),
  .UNSPECIFIED.,.F.,.F.,(4,4),(4.,5.),.PIECEWISE_BEZIER_KNOTS.);
#217 = CARTESIAN_POINT('',(-0.105385749404,0.39,0.199831252746));
#218 = CARTESIAN_POINT('',(-0.104449967279,0.39,0.199831252746));
#219 = CARTESIAN_POINT('',(-0.103493389996,0.39,0.200018409171));
#220 = CARTESIAN_POINT('',(-0.102495222397,0.39,0.20041351718));
#221 = ORIENTED_EDGE('',*,*,#222,.F.);
#222 = EDGE_CURVE('',#223,#214,#225,.T.);
#223 = VERTEX_POINT('',#224);
#224 = CARTESIAN_POINT('',(-0.110605334144,0.39,0.203927898937));
#225 = B_SPLINE_CURVE_WITH_KNOTS('',3,(#226,#227,#228,#229),
  .UNSPECIFIED.,.F.,.F.,(4,4),(5.,6.),.PIECEWISE_BEZIER_KNOTS.);
#226 = CARTESIAN_POINT('',(-0.110605334144,0.39,0.203927898937));
#227 = CARTESIAN_POINT('',(-0.109451202857,0.39,0.201182938038));
#228 = CARTESIAN_POINT('',(-0.107714807137,0.39,0.199831252746));
#229 = CARTESIAN_POINT('',(-0.105385749404,0.39,0.199831252746));
#230 = ORIENTED_EDGE('',*,*,#231,.F.);
#231 = EDGE_CURVE('',#232,#223,#234,.T.);
#232 = VERTEX_POINT('',#233);
#233 = CARTESIAN_POINT('',(-0.112840813664,0.39,0.209209869152));
#234 = B_SPLINE_CURVE_WITH_KNOTS('',1,(#235,#236),.UNSPECIFIED.,.F.,.F.,
  (2,2),(-5.735553856162E-03,-5.40898249892E-18),
  .PIECEWISE_BEZIER_KNOTS.);
#235 = CARTESIAN_POINT('',(-0.112840813664,0.39,0.209209869152));
#236 = CARTESIAN_POINT('',(-0.110605334144,0.39,0.203927898937));
#237 = ORIENTED_EDGE('',*,*,#238,.F.);
#238 = EDGE_CURVE('',#239,#232,#241,.T.);
#239 = VERTEX_POINT('',#240);
#240 = CARTESIAN_POINT('',(-0.101445066901,0.39,0.238198319858));
#241 = B_SPLINE_CURVE_WITH_KNOTS('',1,(#242,#243),.UNSPECIFIED.,.F.,.F.,
  (2,2),(-3.114792639436E-02,-0.),.PIECEWISE_BEZIER_KNOTS.);
#242 = CARTESIAN_POINT('',(-0.101445066901,0.39,0.238198319858));
#243 = CARTESIAN_POINT('',(-0.112840813664,0.39,0.209209869152));
#244 = ORIENTED_EDGE('',*,*,#245,.F.);
#245 = EDGE_CURVE('',#246,#239,#248,.T.);
#246 = VERTEX_POINT('',#247);
#247 = CARTESIAN_POINT('',(-0.107142940283,0.39,0.238198319858));
#248 = B_SPLINE_CURVE_WITH_KNOTS('',1,(#249,#250),.UNSPECIFIED.,.F.,.F.,
  (2,2),(-5.69787338144E-03,0.),.PIECEWISE_BEZIER_KNOTS.);
#249 = CARTESIAN_POINT('',(-0.107142940283,0.39,0.238198319858));
#250 = CARTESIAN_POINT('',(-0.101445066901,0.39,0.238198319858));
#251 = ORIENTED_EDGE('',*,*,#252,.F.);
#252 = EDGE_CURVE('',#253,#246,#255,.T.);
#253 = VERTEX_POINT('',#254);
#254 = CARTESIAN_POINT('',(-0.114733173072,0.39,0.216363403616));
#255 = B_SPLINE_CURVE_WITH_KNOTS('',1,(#256,#257),.UNSPECIFIED.,.F.,.F.,
  (2,2),(-2.311655686124E-02,0.),.PIECEWISE_BEZIER_KNOTS.);
#256 = CARTESIAN_POINT('',(-0.114733173072,0.39,0.216363403616));
#257 = CARTESIAN_POINT('',(-0.107142940283,0.39,0.238198319858));
#258 = ORIENTED_EDGE('',*,*,#259,.F.);
#259 = EDGE_CURVE('',#260,#253,#262,.T.);
#260 = VERTEX_POINT('',#261);
#261 = CARTESIAN_POINT('',(-0.115357027821,0.39,0.213971960408));
#262 = B_SPLINE_CURVE_WITH_KNOTS('',1,(#263,#264),.UNSPECIFIED.,.F.,.F.,
  (2,2),(-2.471476353124E-03,0.),.PIECEWISE_BEZIER_KNOTS.);
#263 = CARTESIAN_POINT('',(-0.115357027821,0.39,0.213971960408));
#264 = CARTESIAN_POINT('',(-0.114733173072,0.39,0.216363403616));
#265 = ORIENTED_EDGE('',*,*,#266,.F.);
#266 = EDGE_CURVE('',#267,#260,#269,.T.);
#267 = VERTEX_POINT('',#268);
#268 = CARTESIAN_POINT('',(-0.11549219635,0.39,0.213971960408));
#269 = B_SPLINE_CURVE_WITH_KNOTS('',1,(#270,#271),.UNSPECIFIED.,.F.,.F.,
  (2,2),(-1.351685289669E-04,0.),.PIECEWISE_BEZIER_KNOTS.);
#270 = CARTESIAN_POINT('',(-0.11549219635,0.39,0.213971960408));
#271 = CARTESIAN_POINT('',(-0.115357027821,0.39,0.213971960408));
#272 = ORIENTED_EDGE('',*,*,#273,.F.);
#273 = EDGE_CURVE('',#168,#267,#274,.T.);
#274 = B_SPLINE_CURVE_WITH_KNOTS('',3,(#275,#276,#277,#278),
  .UNSPECIFIED.,.F.,.F.,(4,4),(12.,13.),.PIECEWISE_BEZIER_KNOTS.);
#275 = CARTESIAN_POINT('',(-0.1161160511,0.39,0.216321813299));
#276 = CARTESIAN_POINT('',(-0.115804123726,0.39,0.215302850541));
#277 = CARTESIAN_POINT('',(-0.115596172142,0.39,0.214512634525));
#278 = CARTESIAN_POINT('',(-0.11549219635,0.39,0.213971960408));
#279 = FACE_BOUND('',#280,.T.);
#280 = EDGE_LOOP('',(#281,#290,#299,#308,#317,#326,#335,#344,#353,#362,
    #371,#378,#387,#396,#405,#414,#423,#432,#441,#450,#459));
#281 = ORIENTED_EDGE('',*,*,#282,.F.);
#282 = EDGE_CURVE('',#283,#285,#287,.T.);
#283 = VERTEX_POINT('',#284);
#284 = CARTESIAN_POINT('',(-7.917345233358E-02,0.39,0.215427621491));
#285 = VERTEX_POINT('',#286);
#286 = CARTESIAN_POINT('',(-7.917345233358E-02,0.39,0.210166446435));
#287 = B_SPLINE_CURVE_WITH_KNOTS('',1,(#288,#289),.UNSPECIFIED.,.F.,.F.,
  (2,2),(-5.261175056389E-03,-0.),.PIECEWISE_BEZIER_KNOTS.);
#288 = CARTESIAN_POINT('',(-7.917345233358E-02,0.39,0.215427621491));
#289 = CARTESIAN_POINT('',(-7.917345233358E-02,0.39,0.210166446435));
#290 = ORIENTED_EDGE('',*,*,#291,.F.);
#291 = EDGE_CURVE('',#292,#283,#294,.T.);
#292 = VERTEX_POINT('',#293);
#293 = CARTESIAN_POINT('',(-8.755390113911E-02,0.39,0.212620275117));
#294 = B_SPLINE_CURVE_WITH_KNOTS('',3,(#295,#296,#297,#298),
  .UNSPECIFIED.,.F.,.F.,(4,4),(0.,1.),.PIECEWISE_BEZIER_KNOTS.);
#295 = CARTESIAN_POINT('',(-8.755390113911E-02,0.39,0.212620275117));
#296 = CARTESIAN_POINT('',(-8.455939834007E-02,0.39,0.212620275117));
#297 = CARTESIAN_POINT('',(-8.177284712432E-02,0.39,0.213556057242));
#298 = CARTESIAN_POINT('',(-7.917345233358E-02,0.39,0.215427621491));
#299 = ORIENTED_EDGE('',*,*,#300,.F.);
#300 = EDGE_CURVE('',#301,#292,#303,.T.);
#301 = VERTEX_POINT('',#302);
#302 = CARTESIAN_POINT('',(-9.356370189537E-02,0.39,0.216550560041));
#303 = B_SPLINE_CURVE_WITH_KNOTS('',3,(#304,#305,#306,#307),
  .UNSPECIFIED.,.F.,.F.,(4,4),(1.,2.),.PIECEWISE_BEZIER_KNOTS.);
#304 = CARTESIAN_POINT('',(-9.356370189537E-02,0.39,0.216550560041));
#305 = CARTESIAN_POINT('',(-9.356370189537E-02,0.39,0.213930370092));
#306 = CARTESIAN_POINT('',(-9.155696911695E-02,0.39,0.212620275117));
#307 = CARTESIAN_POINT('',(-8.755390113911E-02,0.39,0.212620275117));
#308 = ORIENTED_EDGE('',*,*,#309,.F.);
#309 = EDGE_CURVE('',#310,#301,#312,.T.);
#310 = VERTEX_POINT('',#311);
#311 = CARTESIAN_POINT('',(-9.225360692078E-02,0.39,0.219316316098));
#312 = B_SPLINE_CURVE_WITH_KNOTS('',3,(#313,#314,#315,#316),
  .UNSPECIFIED.,.F.,.F.,(4,4),(2.,3.),.PIECEWISE_BEZIER_KNOTS.);
#313 = CARTESIAN_POINT('',(-9.225360692078E-02,0.39,0.219316316098));
#314 = CARTESIAN_POINT('',(-9.31270035706E-02,0.39,0.218588485557));
#315 = CARTESIAN_POINT('',(-9.356370189537E-02,0.39,0.21767349859));
#316 = CARTESIAN_POINT('',(-9.356370189537E-02,0.39,0.216550560041));
#317 = ORIENTED_EDGE('',*,*,#318,.F.);
#318 = EDGE_CURVE('',#319,#310,#321,.T.);
#319 = VERTEX_POINT('',#320);
#320 = CARTESIAN_POINT('',(-8.691964881019E-02,0.39,0.221915710889));
#321 = B_SPLINE_CURVE_WITH_KNOTS('',3,(#322,#323,#324,#325),
  .UNSPECIFIED.,.F.,.F.,(4,4),(3.,4.),.PIECEWISE_BEZIER_KNOTS.);
#322 = CARTESIAN_POINT('',(-8.691964881019E-02,0.39,0.221915710889));
#323 = CARTESIAN_POINT('',(-8.960222423428E-02,0.39,0.220917543289));
#324 = CARTESIAN_POINT('',(-9.13802102711E-02,0.39,0.220044146639));
#325 = CARTESIAN_POINT('',(-9.225360692078E-02,0.39,0.219316316098));
#326 = ORIENTED_EDGE('',*,*,#327,.F.);
#327 = EDGE_CURVE('',#328,#319,#330,.T.);
#328 = VERTEX_POINT('',#329);
#329 = CARTESIAN_POINT('',(-8.064990857473E-02,0.39,0.225762815179));
#330 = B_SPLINE_CURVE_WITH_KNOTS('',3,(#331,#332,#333,#334),
  .UNSPECIFIED.,.F.,.F.,(4,4),(4.,5.),.PIECEWISE_BEZIER_KNOTS.);
#331 = CARTESIAN_POINT('',(-8.064990857473E-02,0.39,0.225762815179));
#332 = CARTESIAN_POINT('',(-8.160648585776E-02,0.39,0.224494310521));
#333 = CARTESIAN_POINT('',(-8.370679684869E-02,0.39,0.223205010705));
#334 = CARTESIAN_POINT('',(-8.691964881019E-02,0.39,0.221915710889));
#335 = ORIENTED_EDGE('',*,*,#336,.F.);
#336 = EDGE_CURVE('',#337,#328,#339,.T.);
#337 = VERTEX_POINT('',#338);
#338 = CARTESIAN_POINT('',(-7.920464507104E-02,0.39,0.230358545169));
#339 = B_SPLINE_CURVE_WITH_KNOTS('',3,(#340,#341,#342,#343),
  .UNSPECIFIED.,.F.,.F.,(4,4),(5.,6.),.PIECEWISE_BEZIER_KNOTS.);
#340 = CARTESIAN_POINT('',(-7.920464507104E-02,0.39,0.230358545169));
#341 = CARTESIAN_POINT('',(-7.920464507104E-02,0.39,0.228570161553));
#342 = CARTESIAN_POINT('',(-7.968293371255E-02,0.39,0.227031319837));
#343 = CARTESIAN_POINT('',(-8.064990857473E-02,0.39,0.225762815179));
#344 = ORIENTED_EDGE('',*,*,#345,.F.);
#345 = EDGE_CURVE('',#346,#337,#348,.T.);
#346 = VERTEX_POINT('',#347);
#347 = CARTESIAN_POINT('',(-8.246948492829E-02,0.39,0.236555502351));
#348 = B_SPLINE_CURVE_WITH_KNOTS('',3,(#349,#350,#351,#352),
  .UNSPECIFIED.,.F.,.F.,(4,4),(6.,7.),.PIECEWISE_BEZIER_KNOTS.);
#349 = CARTESIAN_POINT('',(-8.246948492829E-02,0.39,0.236555502351));
#350 = CARTESIAN_POINT('',(-8.029639088317E-02,0.39,0.234995865476));
#351 = CARTESIAN_POINT('',(-7.920464507104E-02,0.39,0.232937144802));
#352 = CARTESIAN_POINT('',(-7.920464507104E-02,0.39,0.230358545169));
#353 = ORIENTED_EDGE('',*,*,#354,.F.);
#354 = EDGE_CURVE('',#355,#346,#357,.T.);
#355 = VERTEX_POINT('',#356);
#356 = CARTESIAN_POINT('',(-9.051721120057E-02,0.39,0.238863764925));
#357 = B_SPLINE_CURVE_WITH_KNOTS('',3,(#358,#359,#360,#361),
  .UNSPECIFIED.,.F.,.F.,(4,4),(7.,8.),.PIECEWISE_BEZIER_KNOTS.);
#358 = CARTESIAN_POINT('',(-9.051721120057E-02,0.39,0.238863764925));
#359 = CARTESIAN_POINT('',(-8.733555197666E-02,0.39,0.238863764925));
#360 = CARTESIAN_POINT('',(-8.465297655257E-02,0.39,0.238094344067));
#361 = CARTESIAN_POINT('',(-8.246948492829E-02,0.39,0.236555502351));
#362 = ORIENTED_EDGE('',*,*,#363,.F.);
#363 = EDGE_CURVE('',#364,#355,#366,.T.);
#364 = VERTEX_POINT('',#365);
#365 = CARTESIAN_POINT('',(-9.740040860664E-02,0.39,0.237574465109));
#366 = B_SPLINE_CURVE_WITH_KNOTS('',3,(#367,#368,#369,#370),
  .UNSPECIFIED.,.F.,.F.,(4,4),(8.,9.),.PIECEWISE_BEZIER_KNOTS.);
#367 = CARTESIAN_POINT('',(-9.740040860664E-02,0.39,0.237574465109));
#368 = CARTESIAN_POINT('',(-9.527930245728E-02,0.39,0.238447861758));
#369 = CARTESIAN_POINT('',(-9.299183504135E-02,0.39,0.238863764925));
#370 = CARTESIAN_POINT('',(-9.051721120057E-02,0.39,0.238863764925));
#371 = ORIENTED_EDGE('',*,*,#372,.F.);
#372 = EDGE_CURVE('',#373,#364,#375,.T.);
#373 = VERTEX_POINT('',#374);
#374 = CARTESIAN_POINT('',(-9.740040860664E-02,0.39,0.232625217427));
#375 = B_SPLINE_CURVE_WITH_KNOTS('',1,(#376,#377),.UNSPECIFIED.,.F.,.F.,
  (2,2),(-4.949247681573E-03,0.),.PIECEWISE_BEZIER_KNOTS.);
#376 = CARTESIAN_POINT('',(-9.740040860664E-02,0.39,0.232625217427));
#377 = CARTESIAN_POINT('',(-9.740040860664E-02,0.39,0.237574465109));
#378 = ORIENTED_EDGE('',*,*,#379,.F.);
#379 = EDGE_CURVE('',#380,#373,#382,.T.);
#380 = VERTEX_POINT('',#381);
#381 = CARTESIAN_POINT('',(-9.001812740075E-02,0.39,0.234725528418));
#382 = B_SPLINE_CURVE_WITH_KNOTS('',3,(#383,#384,#385,#386),
  .UNSPECIFIED.,.F.,.F.,(4,4),(10.,11.),.PIECEWISE_BEZIER_KNOTS.);
#383 = CARTESIAN_POINT('',(-9.001812740075E-02,0.39,0.234725528418));
#384 = CARTESIAN_POINT('',(-9.277348587904E-02,0.39,0.234725528418));
#385 = CARTESIAN_POINT('',(-9.522731456152E-02,0.39,0.234018493035));
#386 = CARTESIAN_POINT('',(-9.740040860664E-02,0.39,0.232625217427));
#387 = ORIENTED_EDGE('',*,*,#388,.F.);
#388 = EDGE_CURVE('',#389,#380,#391,.T.);
#389 = VERTEX_POINT('',#390);
#390 = CARTESIAN_POINT('',(-8.600466184376E-02,0.39,0.233644180185));
#391 = B_SPLINE_CURVE_WITH_KNOTS('',3,(#392,#393,#394,#395),
  .UNSPECIFIED.,.F.,.F.,(4,4),(11.,12.),.PIECEWISE_BEZIER_KNOTS.);
#392 = CARTESIAN_POINT('',(-8.600466184376E-02,0.39,0.233644180185));
#393 = CARTESIAN_POINT('',(-8.703402218085E-02,0.39,0.234372010726));
#394 = CARTESIAN_POINT('',(-8.837530989304E-02,0.39,0.234725528418));
#395 = CARTESIAN_POINT('',(-9.001812740075E-02,0.39,0.234725528418));
#396 = ORIENTED_EDGE('',*,*,#397,.F.);
#397 = EDGE_CURVE('',#398,#389,#400,.T.);
#398 = VERTEX_POINT('',#399);
#399 = CARTESIAN_POINT('',(-8.445542254841E-02,0.39,0.230816038653));
#400 = B_SPLINE_CURVE_WITH_KNOTS('',3,(#401,#402,#403,#404),
  .UNSPECIFIED.,.F.,.F.,(4,4),(12.,13.),.PIECEWISE_BEZIER_KNOTS.);
#401 = CARTESIAN_POINT('',(-8.445542254841E-02,0.39,0.230816038653));
#402 = CARTESIAN_POINT('',(-8.445542254841E-02,0.39,0.231980567519));
#403 = CARTESIAN_POINT('',(-8.497530150667E-02,0.39,0.232937144802));
#404 = CARTESIAN_POINT('',(-8.600466184376E-02,0.39,0.233644180185));
#405 = ORIENTED_EDGE('',*,*,#406,.F.);
#406 = EDGE_CURVE('',#407,#398,#409,.T.);
#407 = VERTEX_POINT('',#408);
#408 = CARTESIAN_POINT('',(-8.556796351885E-02,0.39,0.22811266807));
#409 = B_SPLINE_CURVE_WITH_KNOTS('',3,(#410,#411,#412,#413),
  .UNSPECIFIED.,.F.,.F.,(4,4),(13.,14.),.PIECEWISE_BEZIER_KNOTS.);
#410 = CARTESIAN_POINT('',(-8.556796351885E-02,0.39,0.22811266807));
#411 = CARTESIAN_POINT('',(-8.482973539828E-02,0.39,0.228757317978));
#412 = CARTESIAN_POINT('',(-8.445542254841E-02,0.39,0.229651509786));
#413 = CARTESIAN_POINT('',(-8.445542254841E-02,0.39,0.230816038653));
#414 = ORIENTED_EDGE('',*,*,#415,.F.);
#415 = EDGE_CURVE('',#416,#407,#418,.T.);
#416 = VERTEX_POINT('',#417);
#417 = CARTESIAN_POINT('',(-9.051721120057E-02,0.39,0.225617249071));
#418 = B_SPLINE_CURVE_WITH_KNOTS('',3,(#419,#420,#421,#422),
  .UNSPECIFIED.,.F.,.F.,(4,4),(14.,15.),.PIECEWISE_BEZIER_KNOTS.);
#419 = CARTESIAN_POINT('',(-9.051721120057E-02,0.39,0.225617249071));
#420 = CARTESIAN_POINT('',(-8.795940672643E-02,0.39,0.226615416671));
#421 = CARTESIAN_POINT('',(-8.631658921872E-02,0.39,0.227447223004));
#422 = CARTESIAN_POINT('',(-8.556796351885E-02,0.39,0.22811266807));
#423 = ORIENTED_EDGE('',*,*,#424,.F.);
#424 = EDGE_CURVE('',#425,#416,#427,.T.);
#425 = VERTEX_POINT('',#426);
#426 = CARTESIAN_POINT('',(-9.708848123169E-02,0.39,0.221853325414));
#427 = B_SPLINE_CURVE_WITH_KNOTS('',3,(#428,#429,#430,#431),
  .UNSPECIFIED.,.F.,.F.,(4,4),(15.,16.),.PIECEWISE_BEZIER_KNOTS.);
#428 = CARTESIAN_POINT('',(-9.708848123169E-02,0.39,0.221853325414));
#429 = CARTESIAN_POINT('',(-9.594474752379E-02,0.39,0.22314262523));
#430 = CARTESIAN_POINT('',(-9.376125589952E-02,0.39,0.224411129888));
#431 = CARTESIAN_POINT('',(-9.051721120057E-02,0.39,0.225617249071));
#432 = ORIENTED_EDGE('',*,*,#433,.F.);
#433 = EDGE_CURVE('',#434,#425,#436,.T.);
#434 = VERTEX_POINT('',#435);
#435 = CARTESIAN_POINT('',(-9.879368421444E-02,0.39,0.217049643841));
#436 = B_SPLINE_CURVE_WITH_KNOTS('',3,(#437,#438,#439,#440),
  .UNSPECIFIED.,.F.,.F.,(4,4),(16.,17.),.PIECEWISE_BEZIER_KNOTS.);
#437 = CARTESIAN_POINT('',(-9.879368421444E-02,0.39,0.217049643841));
#438 = CARTESIAN_POINT('',(-9.879368421444E-02,0.39,0.218962798407));
#439 = CARTESIAN_POINT('',(-9.822181736043E-02,0.39,0.220564025598));
#440 = CARTESIAN_POINT('',(-9.708848123169E-02,0.39,0.221853325414));
#441 = ORIENTED_EDGE('',*,*,#442,.F.);
#442 = EDGE_CURVE('',#443,#434,#445,.T.);
#443 = VERTEX_POINT('',#444);
#444 = CARTESIAN_POINT('',(-9.551844677803E-02,0.39,0.210769506026));
#445 = B_SPLINE_CURVE_WITH_KNOTS('',3,(#446,#447,#448,#449),
  .UNSPECIFIED.,.F.,.F.,(4,4),(17.,18.),.PIECEWISE_BEZIER_KNOTS.);
#446 = CARTESIAN_POINT('',(-9.551844677803E-02,0.39,0.210769506026));
#447 = CARTESIAN_POINT('',(-9.770193840231E-02,0.39,0.212287552584));
#448 = CARTESIAN_POINT('',(-9.879368421444E-02,0.39,0.214387863575));
#449 = CARTESIAN_POINT('',(-9.879368421444E-02,0.39,0.217049643841));
#450 = ORIENTED_EDGE('',*,*,#451,.F.);
#451 = EDGE_CURVE('',#452,#443,#454,.T.);
#452 = VERTEX_POINT('',#453);
#453 = CARTESIAN_POINT('',(-8.70548173393E-02,0.39,0.208461243452));
#454 = B_SPLINE_CURVE_WITH_KNOTS('',3,(#455,#456,#457,#458),
  .UNSPECIFIED.,.F.,.F.,(4,4),(18.,19.),.PIECEWISE_BEZIER_KNOTS.);
#455 = CARTESIAN_POINT('',(-8.70548173393E-02,0.39,0.208461243452));
#456 = CARTESIAN_POINT('',(-9.051721120057E-02,0.39,0.208461243452));
#457 = CARTESIAN_POINT('',(-9.334535273291E-02,0.39,0.20923066431));
#458 = CARTESIAN_POINT('',(-9.551844677803E-02,0.39,0.210769506026));
#459 = ORIENTED_EDGE('',*,*,#460,.F.);
#460 = EDGE_CURVE('',#285,#452,#461,.T.);
#461 = B_SPLINE_CURVE_WITH_KNOTS('',3,(#462,#463,#464,#465),
  .UNSPECIFIED.,.F.,.F.,(4,4),(19.,20.),.PIECEWISE_BEZIER_KNOTS.);
#462 = CARTESIAN_POINT('',(-7.917345233358E-02,0.39,0.210166446435));
#463 = CARTESIAN_POINT('',(-8.141932943276E-02,0.39,0.209043507885));
#464 = CARTESIAN_POINT('',(-8.403951938195E-02,0.39,0.208461243452));
#465 = CARTESIAN_POINT('',(-8.70548173393E-02,0.39,0.208461243452));
#466 = FACE_BOUND('',#467,.T.);
#467 = EDGE_LOOP('',(#468,#477,#486,#495,#502,#509,#516,#523,#532,#541,
    #550,#559,#566,#575));
#468 = ORIENTED_EDGE('',*,*,#469,.F.);
#469 = EDGE_CURVE('',#470,#472,#474,.T.);
#470 = VERTEX_POINT('',#471);
#471 = CARTESIAN_POINT('',(-5.176543365937E-02,0.39,0.236160394343));
#472 = VERTEX_POINT('',#473);
#473 = CARTESIAN_POINT('',(-5.176543365937E-02,0.39,0.231211146661));
#474 = B_SPLINE_CURVE_WITH_KNOTS('',1,(#475,#476),.UNSPECIFIED.,.F.,.F.,
  (2,2),(-4.949247681852E-03,-0.),.PIECEWISE_BEZIER_KNOTS.);
#475 = CARTESIAN_POINT('',(-5.176543365937E-02,0.39,0.236160394343));
#476 = CARTESIAN_POINT('',(-5.176543365937E-02,0.39,0.231211146661));
#477 = ORIENTED_EDGE('',*,*,#478,.F.);
#478 = EDGE_CURVE('',#479,#470,#481,.T.);
#479 = VERTEX_POINT('',#480);
#480 = CARTESIAN_POINT('',(-6.176790481445E-02,0.39,0.238863764925));
#481 = B_SPLINE_CURVE_WITH_KNOTS('',3,(#482,#483,#484,#485),
  .UNSPECIFIED.,.F.,.F.,(4,4),(0.,1.),.PIECEWISE_BEZIER_KNOTS.);
#482 = CARTESIAN_POINT('',(-6.176790481445E-02,0.39,0.238863764925));
#483 = CARTESIAN_POINT('',(-5.798318599907E-02,0.39,0.238863764925));
#484 = CARTESIAN_POINT('',(-5.464556308761E-02,0.39,0.237969573117));
#485 = CARTESIAN_POINT('',(-5.176543365937E-02,0.39,0.236160394343));
#486 = ORIENTED_EDGE('',*,*,#487,.F.);
#487 = EDGE_CURVE('',#488,#479,#490,.T.);
#488 = VERTEX_POINT('',#489);
#489 = CARTESIAN_POINT('',(-7.226945976921E-02,0.39,0.227842331012));
#490 = B_SPLINE_CURVE_WITH_KNOTS('',3,(#491,#492,#493,#494),
  .UNSPECIFIED.,.F.,.F.,(4,4),(1.,2.),.PIECEWISE_BEZIER_KNOTS.);
#491 = CARTESIAN_POINT('',(-7.226945976921E-02,0.39,0.227842331012));
#492 = CARTESIAN_POINT('',(-7.22694597692E-02,0.39,0.23520381706));
#493 = CARTESIAN_POINT('',(-6.876547559119E-02,0.39,0.238863764925));
#494 = CARTESIAN_POINT('',(-6.176790481445E-02,0.39,0.238863764925));
#495 = ORIENTED_EDGE('',*,*,#496,.F.);
#496 = EDGE_CURVE('',#497,#488,#499,.T.);
#497 = VERTEX_POINT('',#498);
#498 = CARTESIAN_POINT('',(-7.226945976921E-02,0.39,0.209147483677));
#499 = B_SPLINE_CURVE_WITH_KNOTS('',1,(#500,#501),.UNSPECIFIED.,.F.,.F.,
  (2,2),(-1.869484733515E-02,-1.20725733306E-31),
  .PIECEWISE_BEZIER_KNOTS.);
#500 = CARTESIAN_POINT('',(-7.226945976921E-02,0.39,0.209147483677));
#501 = CARTESIAN_POINT('',(-7.226945976921E-02,0.39,0.227842331012));
#502 = ORIENTED_EDGE('',*,*,#503,.F.);
#503 = EDGE_CURVE('',#504,#497,#506,.T.);
#504 = VERTEX_POINT('',#505);
#505 = CARTESIAN_POINT('',(-6.717464597924E-02,0.39,0.209147483677));
#506 = B_SPLINE_CURVE_WITH_KNOTS('',1,(#507,#508),.UNSPECIFIED.,.F.,.F.,
  (2,2),(-5.09481378997E-03,0.),.PIECEWISE_BEZIER_KNOTS.);
#507 = CARTESIAN_POINT('',(-6.717464597924E-02,0.39,0.209147483677));
#508 = CARTESIAN_POINT('',(-7.226945976921E-02,0.39,0.209147483677));
#509 = ORIENTED_EDGE('',*,*,#510,.F.);
#510 = EDGE_CURVE('',#511,#504,#513,.T.);
#511 = VERTEX_POINT('',#512);
#512 = CARTESIAN_POINT('',(-6.717464597924E-02,0.39,0.213639237875));
#513 = B_SPLINE_CURVE_WITH_KNOTS('',1,(#514,#515),.UNSPECIFIED.,.F.,.F.,
  (2,2),(-4.491754198361E-03,-0.),.PIECEWISE_BEZIER_KNOTS.);
#514 = CARTESIAN_POINT('',(-6.717464597924E-02,0.39,0.213639237875));
#515 = CARTESIAN_POINT('',(-6.717464597924E-02,0.39,0.209147483677));
#516 = ORIENTED_EDGE('',*,*,#517,.F.);
#517 = EDGE_CURVE('',#518,#511,#520,.T.);
#518 = VERTEX_POINT('',#519);
#519 = CARTESIAN_POINT('',(-6.703947745013E-02,0.39,0.213639237875));
#520 = B_SPLINE_CURVE_WITH_KNOTS('',1,(#521,#522),.UNSPECIFIED.,.F.,.F.,
  (2,2),(-1.351685291055E-04,-0.),.PIECEWISE_BEZIER_KNOTS.);
#521 = CARTESIAN_POINT('',(-6.703947745013E-02,0.39,0.213639237875));
#522 = CARTESIAN_POINT('',(-6.717464597924E-02,0.39,0.213639237875));
#523 = ORIENTED_EDGE('',*,*,#524,.F.);
#524 = EDGE_CURVE('',#525,#518,#527,.T.);
#525 = VERTEX_POINT('',#526);
#526 = CARTESIAN_POINT('',(-5.813914968648E-02,0.39,0.208461243452));
#527 = B_SPLINE_CURVE_WITH_KNOTS('',3,(#528,#529,#530,#531),
  .UNSPECIFIED.,.F.,.F.,(4,4),(6.,7.),.PIECEWISE_BEZIER_KNOTS.);
#528 = CARTESIAN_POINT('',(-5.813914968648E-02,0.39,0.208461243452));
#529 = CARTESIAN_POINT('',(-6.205903703096E-02,0.39,0.208461243452));
#530 = CARTESIAN_POINT('',(-6.503274467171E-02,0.39,0.210187241593));
#531 = CARTESIAN_POINT('',(-6.703947745013E-02,0.39,0.213639237875));
#532 = ORIENTED_EDGE('',*,*,#533,.F.);
#533 = EDGE_CURVE('',#534,#525,#536,.T.);
#534 = VERTEX_POINT('',#535);
#535 = CARTESIAN_POINT('',(-5.14223135471E-02,0.39,0.210748710868));
#536 = B_SPLINE_CURVE_WITH_KNOTS('',3,(#537,#538,#539,#540),
  .UNSPECIFIED.,.F.,.F.,(4,4),(7.,8.),.PIECEWISE_BEZIER_KNOTS.);
#537 = CARTESIAN_POINT('',(-5.14223135471E-02,0.39,0.210748710868));
#538 = CARTESIAN_POINT('',(-5.308592621311E-02,0.39,0.20923066431));
#539 = CARTESIAN_POINT('',(-5.532140573328E-02,0.39,0.208461243452));
#540 = CARTESIAN_POINT('',(-5.813914968648E-02,0.39,0.208461243452));
#541 = ORIENTED_EDGE('',*,*,#542,.F.);
#542 = EDGE_CURVE('',#543,#534,#545,.T.);
#543 = VERTEX_POINT('',#544);
#544 = CARTESIAN_POINT('',(-4.892689454787E-02,0.39,0.216924872891));
#545 = B_SPLINE_CURVE_WITH_KNOTS('',3,(#546,#547,#548,#549),
  .UNSPECIFIED.,.F.,.F.,(4,4),(8.,9.),.PIECEWISE_BEZIER_KNOTS.);
#546 = CARTESIAN_POINT('',(-4.892689454787E-02,0.39,0.216924872891));
#547 = CARTESIAN_POINT('',(-4.892689454787E-02,0.39,0.2143254781));
#548 = CARTESIAN_POINT('',(-4.975870088095E-02,0.39,0.212266757425));
#549 = CARTESIAN_POINT('',(-5.14223135471E-02,0.39,0.210748710868));
#550 = ORIENTED_EDGE('',*,*,#551,.F.);
#551 = EDGE_CURVE('',#552,#543,#554,.T.);
#552 = VERTEX_POINT('',#553);
#553 = CARTESIAN_POINT('',(-5.85654504321E-02,0.39,0.226407465088));
#554 = B_SPLINE_CURVE_WITH_KNOTS('',3,(#555,#556,#557,#558),
  .UNSPECIFIED.,.F.,.F.,(4,4),(9.,10.),.PIECEWISE_BEZIER_KNOTS.);
#555 = CARTESIAN_POINT('',(-5.85654504321E-02,0.39,0.226407465088));
#556 = CARTESIAN_POINT('',(-5.213974650937E-02,0.39,0.225513273279));
#557 = CARTESIAN_POINT('',(-4.892689454787E-02,0.39,0.222352409214));
#558 = CARTESIAN_POINT('',(-4.892689454787E-02,0.39,0.216924872891));
#559 = ORIENTED_EDGE('',*,*,#560,.F.);
#560 = EDGE_CURVE('',#561,#552,#563,.T.);
#561 = VERTEX_POINT('',#562);
#562 = CARTESIAN_POINT('',(-6.717464597924E-02,0.39,0.22761358427));
#563 = B_SPLINE_CURVE_WITH_KNOTS('',1,(#564,#565),.UNSPECIFIED.,.F.,.F.,
  (2,2),(-8.693271619608E-03,0.),.PIECEWISE_BEZIER_KNOTS.);
#564 = CARTESIAN_POINT('',(-6.717464597924E-02,0.39,0.22761358427));
#565 = CARTESIAN_POINT('',(-5.85654504321E-02,0.39,0.226407465088));
#566 = ORIENTED_EDGE('',*,*,#567,.F.);
#567 = EDGE_CURVE('',#568,#561,#570,.T.);
#568 = VERTEX_POINT('',#569);
#569 = CARTESIAN_POINT('',(-6.128961617293E-02,0.39,0.234725528418));
#570 = B_SPLINE_CURVE_WITH_KNOTS('',3,(#571,#572,#573,#574),
  .UNSPECIFIED.,.F.,.F.,(4,4),(11.,12.),.PIECEWISE_BEZIER_KNOTS.);
#571 = CARTESIAN_POINT('',(-6.128961617293E-02,0.39,0.234725528418));
#572 = CARTESIAN_POINT('',(-6.520950351742E-02,0.39,0.234725528418));
#573 = CARTESIAN_POINT('',(-6.717464597924E-02,0.39,0.232354880369));
#574 = CARTESIAN_POINT('',(-6.717464597924E-02,0.39,0.22761358427));
#575 = ORIENTED_EDGE('',*,*,#576,.F.);
#576 = EDGE_CURVE('',#472,#568,#577,.T.);
#577 = B_SPLINE_CURVE_WITH_KNOTS('',3,(#578,#579,#580,#581),
  .UNSPECIFIED.,.F.,.F.,(4,4),(12.,13.),.PIECEWISE_BEZIER_KNOTS.);
#578 = CARTESIAN_POINT('',(-5.176543365937E-02,0.39,0.231211146661));
#579 = CARTESIAN_POINT('',(-5.463516550846E-02,0.39,0.233540204393));
#580 = CARTESIAN_POINT('',(-5.780642715322E-02,0.39,0.234725528418));
#581 = CARTESIAN_POINT('',(-6.128961617293E-02,0.39,0.234725528418));
#582 = FACE_BOUND('',#583,.T.);
#583 = EDGE_LOOP('',(#584,#595,#602,#609,#616,#625,#634));
#584 = ORIENTED_EDGE('',*,*,#585,.F.);
#585 = EDGE_CURVE('',#586,#588,#590,.T.);
#586 = VERTEX_POINT('',#587);
#587 = CARTESIAN_POINT('',(-0.124631668435,0.39,0.273674859963));
#588 = VERTEX_POINT('',#589);
#589 = CARTESIAN_POINT('',(-0.140425591184,0.39,0.279372733345));
#590 = B_SPLINE_CURVE_WITH_KNOTS('',3,(#591,#592,#593,#594),
  .UNSPECIFIED.,.F.,.F.,(4,4),(5.,6.),.PIECEWISE_BEZIER_KNOTS.);
#591 = CARTESIAN_POINT('',(-0.124631668435,0.39,0.273674859963));
#592 = CARTESIAN_POINT('',(-0.131067769937,0.39,0.273674859963));
#593 = CARTESIAN_POINT('',(-0.136339342573,0.39,0.275567219371));
#594 = CARTESIAN_POINT('',(-0.140425591184,0.39,0.279372733345));
#595 = ORIENTED_EDGE('',*,*,#596,.F.);
#596 = EDGE_CURVE('',#597,#586,#599,.T.);
#597 = VERTEX_POINT('',#598);
#598 = CARTESIAN_POINT('',(-0.113443873255,0.39,0.273674859963));
#599 = B_SPLINE_CURVE_WITH_KNOTS('',1,(#600,#601),.UNSPECIFIED.,.F.,.F.,
  (2,2),(-1.118779517957E-02,2.521664364328E-32),
  .PIECEWISE_BEZIER_KNOTS.);
#600 = CARTESIAN_POINT('',(-0.113443873255,0.39,0.273674859963));
#601 = CARTESIAN_POINT('',(-0.124631668435,0.39,0.273674859963));
#602 = ORIENTED_EDGE('',*,*,#603,.F.);
#603 = EDGE_CURVE('',#604,#597,#606,.T.);
#604 = VERTEX_POINT('',#605);
#605 = CARTESIAN_POINT('',(-0.113443873255,0.39,0.314350189649));
#606 = B_SPLINE_CURVE_WITH_KNOTS('',1,(#607,#608),.UNSPECIFIED.,.F.,.F.,
  (2,2),(-4.067532968627E-02,-0.),.PIECEWISE_BEZIER_KNOTS.);
#607 = CARTESIAN_POINT('',(-0.113443873255,0.39,0.314350189649));
#608 = CARTESIAN_POINT('',(-0.113443873255,0.39,0.273674859963));
#609 = ORIENTED_EDGE('',*,*,#610,.F.);
#610 = EDGE_CURVE('',#611,#604,#613,.T.);
#611 = VERTEX_POINT('',#612);
#612 = CARTESIAN_POINT('',(-0.125047571602,0.39,0.314350189649));
#613 = B_SPLINE_CURVE_WITH_KNOTS('',1,(#614,#615),.UNSPECIFIED.,.F.,.F.,
  (2,2),(-1.160369834618E-02,1.387778780781E-17),
  .PIECEWISE_BEZIER_KNOTS.);
#614 = CARTESIAN_POINT('',(-0.125047571602,0.39,0.314350189649));
#615 = CARTESIAN_POINT('',(-0.113443873255,0.39,0.314350189649));
#616 = ORIENTED_EDGE('',*,*,#617,.F.);
#617 = EDGE_CURVE('',#618,#611,#620,.T.);
#618 = VERTEX_POINT('',#619);
#619 = CARTESIAN_POINT('',(-0.140425591184,0.39,0.308964243643));
#620 = B_SPLINE_CURVE_WITH_KNOTS('',3,(#621,#622,#623,#624),
  .UNSPECIFIED.,.F.,.F.,(4,4),(2.,3.),.PIECEWISE_BEZIER_KNOTS.);
#621 = CARTESIAN_POINT('',(-0.140425591184,0.39,0.308964243643));
#622 = CARTESIAN_POINT('',(-0.136339342573,0.39,0.312561806034));
#623 = CARTESIAN_POINT('',(-0.131213336045,0.39,0.314350189649));
#624 = CARTESIAN_POINT('',(-0.125047571602,0.39,0.314350189649));
#625 = ORIENTED_EDGE('',*,*,#626,.F.);
#626 = EDGE_CURVE('',#627,#618,#629,.T.);
#627 = VERTEX_POINT('',#628);
#628 = CARTESIAN_POINT('',(-0.14656016289,0.39,0.294532403765));
#629 = B_SPLINE_CURVE_WITH_KNOTS('',3,(#630,#631,#632,#633),
  .UNSPECIFIED.,.F.,.F.,(4,4),(3.,4.),.PIECEWISE_BEZIER_KNOTS.);
#630 = CARTESIAN_POINT('',(-0.14656016289,0.39,0.294532403765));
#631 = CARTESIAN_POINT('',(-0.14656016289,0.39,0.300562999679));
#632 = CARTESIAN_POINT('',(-0.144511839795,0.39,0.305366681252));
#633 = CARTESIAN_POINT('',(-0.140425591184,0.39,0.308964243643));
#634 = ORIENTED_EDGE('',*,*,#635,.F.);
#635 = EDGE_CURVE('',#588,#627,#636,.T.);
#636 = B_SPLINE_CURVE_WITH_KNOTS('',3,(#637,#638,#639,#640),
  .UNSPECIFIED.,.F.,.F.,(4,4),(4.,5.),.PIECEWISE_BEZIER_KNOTS.);
#637 = CARTESIAN_POINT('',(-0.140425591184,0.39,0.279372733345));
#638 = CARTESIAN_POINT('',(-0.144511839795,0.39,0.283178247318));
#639 = CARTESIAN_POINT('',(-0.14656016289,0.39,0.288231470792));
#640 = CARTESIAN_POINT('',(-0.14656016289,0.39,0.294532403765));
#641 = FACE_BOUND('',#642,.T.);
#642 = EDGE_LOOP('',(#643,#653,#660,#668));
#643 = ORIENTED_EDGE('',*,*,#644,.T.);
#644 = EDGE_CURVE('',#645,#647,#649,.T.);
#645 = VERTEX_POINT('',#646);
#646 = CARTESIAN_POINT('',(0.544111801459,0.39,0.4700001));
#647 = VERTEX_POINT('',#648);
#648 = CARTESIAN_POINT('',(0.544111801459,0.39,3.00001E-02));
#649 = ( BOUNDED_CURVE() B_SPLINE_CURVE(2,(#650,#651,#652),
.UNSPECIFIED.,.F.,.F.) B_SPLINE_CURVE_WITH_KNOTS((3,3),(1.175028017194,
1.966564636396),.PIECEWISE_BEZIER_KNOTS.) CURVE() 
GEOMETRIC_REPRESENTATION_ITEM() RATIONAL_B_SPLINE_CURVE((1.,
0.922700640144,1.)) REPRESENTATION_ITEM('') );
#650 = CARTESIAN_POINT('',(0.544111801459,0.39,0.4700001));
#651 = CARTESIAN_POINT('',(0.452192726937,0.39,0.2500001));
#652 = CARTESIAN_POINT('',(0.544111801459,0.39,3.00001E-02));
#653 = ORIENTED_EDGE('',*,*,#654,.T.);
#654 = EDGE_CURVE('',#647,#655,#657,.T.);
#655 = VERTEX_POINT('',#656);
#656 = CARTESIAN_POINT('',(-0.544111801459,0.39,3.00001E-02));
#657 = B_SPLINE_CURVE_WITH_KNOTS('',1,(#658,#659),.UNSPECIFIED.,.F.,.F.,
  (2,2),(-1.294111801459,-0.205888198541),.PIECEWISE_BEZIER_KNOTS.);
#658 = CARTESIAN_POINT('',(0.544111801459,0.39,3.00001E-02));
#659 = CARTESIAN_POINT('',(-0.544111801459,0.39,3.00001E-02));
#660 = ORIENTED_EDGE('',*,*,#661,.F.);
#661 = EDGE_CURVE('',#662,#655,#664,.T.);
#662 = VERTEX_POINT('',#663);
#663 = CARTESIAN_POINT('',(-0.544111801459,0.39,0.4700001));
#664 = ( BOUNDED_CURVE() B_SPLINE_CURVE(2,(#665,#666,#667),
.UNSPECIFIED.,.F.,.F.) B_SPLINE_CURVE_WITH_KNOTS((3,3),(1.175028017194,
1.966564636396),.PIECEWISE_BEZIER_KNOTS.) CURVE() 
GEOMETRIC_REPRESENTATION_ITEM() RATIONAL_B_SPLINE_CURVE((1.,
0.922700640144,1.)) REPRESENTATION_ITEM('') );
#665 = CARTESIAN_POINT('',(-0.544111801459,0.39,0.4700001));
#666 = CARTESIAN_POINT('',(-0.452192726937,0.39,0.2500001));
#667 = CARTESIAN_POINT('',(-0.544111801459,0.39,3.00001E-02));
#668 = ORIENTED_EDGE('',*,*,#669,.T.);
#669 = EDGE_CURVE('',#662,#645,#670,.T.);
#670 = B_SPLINE_CURVE_WITH_KNOTS('',1,(#671,#672),.UNSPECIFIED.,.F.,.F.,
  (2,2),(0.205888198541,1.294111801459),.PIECEWISE_BEZIER_KNOTS.);
#671 = CARTESIAN_POINT('',(-0.544111801459,0.39,0.4700001));
#672 = CARTESIAN_POINT('',(0.544111801459,0.39,0.4700001));
#673 = FACE_BOUND('',#674,.T.);
#674 = EDGE_LOOP('',(#675,#684,#691,#698,#705,#712));
#675 = ORIENTED_EDGE('',*,*,#676,.F.);
#676 = EDGE_CURVE('',#677,#679,#681,.T.);
#677 = VERTEX_POINT('',#678);
#678 = CARTESIAN_POINT('',(-4.362412917474E-02,0.39,0.27831218027));
#679 = VERTEX_POINT('',#680);
#680 = CARTESIAN_POINT('',(-2.742470083841E-02,0.39,0.27831218027));
#681 = B_SPLINE_CURVE_WITH_KNOTS('',1,(#682,#683),.UNSPECIFIED.,.F.,.F.,
  (2,2),(-1.619942833633E-02,0.),.PIECEWISE_BEZIER_KNOTS.);
#682 = CARTESIAN_POINT('',(-4.362412917474E-02,0.39,0.27831218027));
#683 = CARTESIAN_POINT('',(-2.742470083841E-02,0.39,0.27831218027));
#684 = ORIENTED_EDGE('',*,*,#685,.F.);
#685 = EDGE_CURVE('',#686,#677,#688,.T.);
#686 = VERTEX_POINT('',#687);
#687 = CARTESIAN_POINT('',(-4.362412917474E-02,0.39,0.273674859963));
#688 = B_SPLINE_CURVE_WITH_KNOTS('',1,(#689,#690),.UNSPECIFIED.,.F.,.F.,
  (2,2),(-4.637320306757E-03,0.),.PIECEWISE_BEZIER_KNOTS.);
#689 = CARTESIAN_POINT('',(-4.362412917474E-02,0.39,0.273674859963));
#690 = CARTESIAN_POINT('',(-4.362412917474E-02,0.39,0.27831218027));
#691 = ORIENTED_EDGE('',*,*,#692,.F.);
#692 = EDGE_CURVE('',#693,#686,#695,.T.);
#693 = VERTEX_POINT('',#694);
#694 = CARTESIAN_POINT('',(-2.217392336103E-02,0.39,0.273674859963));
#695 = B_SPLINE_CURVE_WITH_KNOTS('',1,(#696,#697),.UNSPECIFIED.,.F.,.F.,
  (2,2),(-2.145020581371E-02,0.),.PIECEWISE_BEZIER_KNOTS.);
#696 = CARTESIAN_POINT('',(-2.217392336103E-02,0.39,0.273674859963));
#697 = CARTESIAN_POINT('',(-4.362412917474E-02,0.39,0.273674859963));
#698 = ORIENTED_EDGE('',*,*,#699,.F.);
#699 = EDGE_CURVE('',#700,#693,#702,.T.);
#700 = VERTEX_POINT('',#701);
#701 = CARTESIAN_POINT('',(-2.217392336103E-02,0.39,0.314350189649));
#702 = B_SPLINE_CURVE_WITH_KNOTS('',1,(#703,#704),.UNSPECIFIED.,.F.,.F.,
  (2,2),(-4.067532968627E-02,-1.040834085586E-17),
  .PIECEWISE_BEZIER_KNOTS.);
#703 = CARTESIAN_POINT('',(-2.217392336103E-02,0.39,0.314350189649));
#704 = CARTESIAN_POINT('',(-2.217392336103E-02,0.39,0.273674859963));
#705 = ORIENTED_EDGE('',*,*,#706,.F.);
#706 = EDGE_CURVE('',#707,#700,#709,.T.);
#707 = VERTEX_POINT('',#708);
#708 = CARTESIAN_POINT('',(-2.742470083841E-02,0.39,0.314350189649));
#709 = B_SPLINE_CURVE_WITH_KNOTS('',1,(#710,#711),.UNSPECIFIED.,.F.,.F.,
  (2,2),(-5.250777477379E-03,0.),.PIECEWISE_BEZIER_KNOTS.);
#710 = CARTESIAN_POINT('',(-2.742470083841E-02,0.39,0.314350189649));
#711 = CARTESIAN_POINT('',(-2.217392336103E-02,0.39,0.314350189649));
#712 = ORIENTED_EDGE('',*,*,#713,.F.);
#713 = EDGE_CURVE('',#679,#707,#714,.T.);
#714 = B_SPLINE_CURVE_WITH_KNOTS('',1,(#715,#716),.UNSPECIFIED.,.F.,.F.,
  (2,2),(-3.603800937951E-02,0.),.PIECEWISE_BEZIER_KNOTS.);
#715 = CARTESIAN_POINT('',(-2.742470083841E-02,0.39,0.27831218027));
#716 = CARTESIAN_POINT('',(-2.742470083841E-02,0.39,0.314350189649));
#717 = FACE_BOUND('',#718,.T.);
#718 = EDGE_LOOP('',(#719,#728,#737,#746,#755,#764,#773,#782,#789,#798,
    #807,#816,#825,#834));
#719 = ORIENTED_EDGE('',*,*,#720,.F.);
#720 = EDGE_CURVE('',#721,#723,#725,.T.);
#721 = VERTEX_POINT('',#722);
#722 = CARTESIAN_POINT('',(-7.574225120976E-02,0.39,0.275359267788));
#723 = VERTEX_POINT('',#724);
#724 = CARTESIAN_POINT('',(-7.574225120976E-02,0.39,0.280391696103));
#725 = B_SPLINE_CURVE_WITH_KNOTS('',1,(#726,#727),.UNSPECIFIED.,.F.,.F.,
  (2,2),(-5.032428315061E-03,0.),.PIECEWISE_BEZIER_KNOTS.);
#726 = CARTESIAN_POINT('',(-7.574225120976E-02,0.39,0.275359267788));
#727 = CARTESIAN_POINT('',(-7.574225120976E-02,0.39,0.280391696103));
#728 = ORIENTED_EDGE('',*,*,#729,.F.);
#729 = EDGE_CURVE('',#730,#721,#732,.T.);
#730 = VERTEX_POINT('',#731);
#731 = CARTESIAN_POINT('',(-6.448167297599E-02,0.39,0.272988619738));
#732 = B_SPLINE_CURVE_WITH_KNOTS('',3,(#733,#734,#735,#736),
  .UNSPECIFIED.,.F.,.F.,(4,4),(0.,1.),.PIECEWISE_BEZIER_KNOTS.);
#733 = CARTESIAN_POINT('',(-6.448167297599E-02,0.39,0.272988619738));
#734 = CARTESIAN_POINT('',(-6.899422233279E-02,0.39,0.272988619738));
#735 = CARTESIAN_POINT('',(-7.274774841072E-02,0.39,0.273778835755));
#736 = CARTESIAN_POINT('',(-7.574225120976E-02,0.39,0.275359267788));
#737 = ORIENTED_EDGE('',*,*,#738,.F.);
#738 = EDGE_CURVE('',#739,#730,#741,.T.);
#739 = VERTEX_POINT('',#740);
#740 = CARTESIAN_POINT('',(-5.050732658068E-02,0.39,0.278540927012));
#741 = B_SPLINE_CURVE_WITH_KNOTS('',3,(#742,#743,#744,#745),
  .UNSPECIFIED.,.F.,.F.,(4,4),(1.,2.),.PIECEWISE_BEZIER_KNOTS.);
#742 = CARTESIAN_POINT('',(-5.050732658068E-02,0.39,0.278540927012));
#743 = CARTESIAN_POINT('',(-5.399051560039E-02,0.39,0.27483938883));
#744 = CARTESIAN_POINT('',(-5.864863106545E-02,0.39,0.272988619738));
#745 = CARTESIAN_POINT('',(-6.448167297599E-02,0.39,0.272988619738));
#746 = ORIENTED_EDGE('',*,*,#747,.F.);
#747 = EDGE_CURVE('',#748,#739,#750,.T.);
#748 = VERTEX_POINT('',#749);
#749 = CARTESIAN_POINT('',(-4.528774184075E-02,0.39,0.293243103948));
#750 = B_SPLINE_CURVE_WITH_KNOTS('',3,(#751,#752,#753,#754),
  .UNSPECIFIED.,.F.,.F.,(4,4),(2.,3.),.PIECEWISE_BEZIER_KNOTS.);
#751 = CARTESIAN_POINT('',(-4.528774184075E-02,0.39,0.293243103948));
#752 = CARTESIAN_POINT('',(-4.528774184075E-02,0.39,0.287150122559));
#753 = CARTESIAN_POINT('',(-4.702413756096E-02,0.39,0.282242465194));
#754 = CARTESIAN_POINT('',(-5.050732658068E-02,0.39,0.278540927012));
#755 = ORIENTED_EDGE('',*,*,#756,.F.);
#756 = EDGE_CURVE('',#757,#748,#759,.T.);
#757 = VERTEX_POINT('',#758);
#758 = CARTESIAN_POINT('',(-5.11623740679E-02,0.39,0.309047424276));
#759 = B_SPLINE_CURVE_WITH_KNOTS('',3,(#760,#761,#762,#763),
  .UNSPECIFIED.,.F.,.F.,(4,4),(3.,4.),.PIECEWISE_BEZIER_KNOTS.);
#760 = CARTESIAN_POINT('',(-5.11623740679E-02,0.39,0.309047424276));
#761 = CARTESIAN_POINT('',(-4.724248672342E-02,0.39,0.305054753878));
#762 = CARTESIAN_POINT('',(-4.528774184075E-02,0.39,0.299793578821));
#763 = CARTESIAN_POINT('',(-4.528774184075E-02,0.39,0.293243103948));
#764 = ORIENTED_EDGE('',*,*,#765,.F.);
#765 = EDGE_CURVE('',#766,#757,#768,.T.);
#766 = VERTEX_POINT('',#767);
#767 = CARTESIAN_POINT('',(-6.61036953254E-02,0.39,0.315036429874));
#768 = B_SPLINE_CURVE_WITH_KNOTS('',3,(#769,#770,#771,#772),
  .UNSPECIFIED.,.F.,.F.,(4,4),(4.,5.),.PIECEWISE_BEZIER_KNOTS.);
#769 = CARTESIAN_POINT('',(-6.61036953254E-02,0.39,0.315036429874));
#770 = CARTESIAN_POINT('',(-6.006270183169E-02,0.39,0.315036429874));
#771 = CARTESIAN_POINT('',(-5.508226141252E-02,0.39,0.313040094675));
#772 = CARTESIAN_POINT('',(-5.11623740679E-02,0.39,0.309047424276));
#773 = ORIENTED_EDGE('',*,*,#774,.F.);
#774 = EDGE_CURVE('',#775,#766,#777,.T.);
#775 = VERTEX_POINT('',#776);
#776 = CARTESIAN_POINT('',(-7.574225120976E-02,0.39,0.313372817208));
#777 = B_SPLINE_CURVE_WITH_KNOTS('',3,(#778,#779,#780,#781),
  .UNSPECIFIED.,.F.,.F.,(4,4),(5.,6.),.PIECEWISE_BEZIER_KNOTS.);
#778 = CARTESIAN_POINT('',(-7.574225120976E-02,0.39,0.313372817208));
#779 = CARTESIAN_POINT('',(-7.320524189393E-02,0.39,0.3144749606));
#780 = CARTESIAN_POINT('',(-6.999238993243E-02,0.39,0.315036429874));
#781 = CARTESIAN_POINT('',(-6.61036953254E-02,0.39,0.315036429874));
#782 = ORIENTED_EDGE('',*,*,#783,.F.);
#783 = EDGE_CURVE('',#784,#775,#786,.T.);
#784 = VERTEX_POINT('',#785);
#785 = CARTESIAN_POINT('',(-7.574225120976E-02,0.39,0.30788289541));
#786 = B_SPLINE_CURVE_WITH_KNOTS('',1,(#787,#788),.UNSPECIFIED.,.F.,.F.,
  (2,2),(-5.489921797997E-03,0.),.PIECEWISE_BEZIER_KNOTS.);
#787 = CARTESIAN_POINT('',(-7.574225120976E-02,0.39,0.30788289541));
#788 = CARTESIAN_POINT('',(-7.574225120976E-02,0.39,0.313372817208));
#789 = ORIENTED_EDGE('',*,*,#790,.F.);
#790 = EDGE_CURVE('',#791,#784,#793,.T.);
#791 = VERTEX_POINT('',#792);
#792 = CARTESIAN_POINT('',(-6.61556832213E-02,0.39,0.310295133776));
#793 = B_SPLINE_CURVE_WITH_KNOTS('',3,(#794,#795,#796,#797),
  .UNSPECIFIED.,.F.,.F.,(4,4),(7.,8.),.PIECEWISE_BEZIER_KNOTS.);
#794 = CARTESIAN_POINT('',(-6.61556832213E-02,0.39,0.310295133776));
#795 = CARTESIAN_POINT('',(-6.963887224087E-02,0.39,0.310295133776));
#796 = CARTESIAN_POINT('',(-7.283092904407E-02,0.39,0.309504917759));
#797 = CARTESIAN_POINT('',(-7.574225120976E-02,0.39,0.30788289541));
#798 = ORIENTED_EDGE('',*,*,#799,.F.);
#799 = EDGE_CURVE('',#800,#791,#802,.T.);
#800 = VERTEX_POINT('',#801);
#801 = CARTESIAN_POINT('',(-5.507186383337E-02,0.39,0.305782584419));
#802 = B_SPLINE_CURVE_WITH_KNOTS('',3,(#803,#804,#805,#806),
  .UNSPECIFIED.,.F.,.F.,(4,4),(8.,9.),.PIECEWISE_BEZIER_KNOTS.);
#803 = CARTESIAN_POINT('',(-5.507186383337E-02,0.39,0.305782584419));
#804 = CARTESIAN_POINT('',(-5.793119810318E-02,0.39,0.308797882376));
#805 = CARTESIAN_POINT('',(-6.162233870619E-02,0.39,0.310295133776));
#806 = CARTESIAN_POINT('',(-6.61556832213E-02,0.39,0.310295133776));
#807 = ORIENTED_EDGE('',*,*,#808,.F.);
#808 = EDGE_CURVE('',#809,#800,#811,.T.);
#809 = VERTEX_POINT('',#810);
#810 = CARTESIAN_POINT('',(-5.079845879733E-02,0.39,0.293555031323));
#811 = B_SPLINE_CURVE_WITH_KNOTS('',3,(#812,#813,#814,#815),
  .UNSPECIFIED.,.F.,.F.,(4,4),(9.,10.),.PIECEWISE_BEZIER_KNOTS.);
#812 = CARTESIAN_POINT('',(-5.079845879733E-02,0.39,0.293555031323));
#813 = CARTESIAN_POINT('',(-5.079845879733E-02,0.39,0.298670640272));
#814 = CARTESIAN_POINT('',(-5.222292714259E-02,0.39,0.302746491303));
#815 = CARTESIAN_POINT('',(-5.507186383337E-02,0.39,0.305782584419));
#816 = ORIENTED_EDGE('',*,*,#817,.F.);
#817 = EDGE_CURVE('',#818,#809,#820,.T.);
#818 = VERTEX_POINT('',#819);
#819 = CARTESIAN_POINT('',(-5.479112919587E-02,0.39,0.281951332977));
#820 = B_SPLINE_CURVE_WITH_KNOTS('',3,(#821,#822,#823,#824),
  .UNSPECIFIED.,.F.,.F.,(4,4),(10.,11.),.PIECEWISE_BEZIER_KNOTS.);
#821 = CARTESIAN_POINT('',(-5.479112919587E-02,0.39,0.281951332977));
#822 = CARTESIAN_POINT('',(-5.212934893008E-02,0.39,0.284821064826));
#823 = CARTESIAN_POINT('',(-5.079845879733E-02,0.39,0.288688964275));
#824 = CARTESIAN_POINT('',(-5.079845879733E-02,0.39,0.293555031323));
#825 = ORIENTED_EDGE('',*,*,#826,.F.);
#826 = EDGE_CURVE('',#827,#818,#829,.T.);
#827 = VERTEX_POINT('',#828);
#828 = CARTESIAN_POINT('',(-6.524069625487E-02,0.39,0.277667530362));
#829 = B_SPLINE_CURVE_WITH_KNOTS('',3,(#830,#831,#832,#833),
  .UNSPECIFIED.,.F.,.F.,(4,4),(11.,12.),.PIECEWISE_BEZIER_KNOTS.);
#830 = CARTESIAN_POINT('',(-6.524069625487E-02,0.39,0.277667530362));
#831 = CARTESIAN_POINT('',(-6.093609848137E-02,0.39,0.277667530362));
#832 = CARTESIAN_POINT('',(-5.745290946166E-02,0.39,0.279102396286));
#833 = CARTESIAN_POINT('',(-5.479112919587E-02,0.39,0.281951332977));
#834 = ORIENTED_EDGE('',*,*,#835,.F.);
#835 = EDGE_CURVE('',#723,#827,#836,.T.);
#836 = B_SPLINE_CURVE_WITH_KNOTS('',3,(#837,#838,#839,#840),
  .UNSPECIFIED.,.F.,.F.,(4,4),(12.,13.),.PIECEWISE_BEZIER_KNOTS.);
#837 = CARTESIAN_POINT('',(-7.574225120976E-02,0.39,0.280391696103));
#838 = CARTESIAN_POINT('',(-7.276854356902E-02,0.39,0.278582517328));
#839 = CARTESIAN_POINT('',(-6.926455939101E-02,0.39,0.277667530362));
#840 = CARTESIAN_POINT('',(-6.524069625487E-02,0.39,0.277667530362));
#841 = FACE_BOUND('',#842,.T.);
#842 = EDGE_LOOP('',(#843,#852,#859,#866,#873,#880,#887,#894,#901,#908,
    #915,#922));
#843 = ORIENTED_EDGE('',*,*,#844,.F.);
#844 = EDGE_CURVE('',#845,#847,#849,.T.);
#845 = VERTEX_POINT('',#846);
#846 = CARTESIAN_POINT('',(-0.105760062254,0.39,0.27831218027));
#847 = VERTEX_POINT('',#848);
#848 = CARTESIAN_POINT('',(-8.913433317191E-02,0.39,0.27831218027));
#849 = B_SPLINE_CURVE_WITH_KNOTS('',1,(#850,#851),.UNSPECIFIED.,.F.,.F.,
  (2,2),(-1.662572908182E-02,0.),.PIECEWISE_BEZIER_KNOTS.);
#850 = CARTESIAN_POINT('',(-0.105760062254,0.39,0.27831218027));
#851 = CARTESIAN_POINT('',(-8.913433317191E-02,0.39,0.27831218027));
#852 = ORIENTED_EDGE('',*,*,#853,.F.);
#853 = EDGE_CURVE('',#854,#845,#856,.T.);
#854 = VERTEX_POINT('',#855);
#855 = CARTESIAN_POINT('',(-0.105760062254,0.39,0.273674859963));
#856 = B_SPLINE_CURVE_WITH_KNOTS('',1,(#857,#858),.UNSPECIFIED.,.F.,.F.,
  (2,2),(-4.637320306757E-03,0.),.PIECEWISE_BEZIER_KNOTS.);
#857 = CARTESIAN_POINT('',(-0.105760062254,0.39,0.273674859963));
#858 = CARTESIAN_POINT('',(-0.105760062254,0.39,0.27831218027));
#859 = ORIENTED_EDGE('',*,*,#860,.F.);
#860 = EDGE_CURVE('',#861,#854,#863,.T.);
#861 = VERTEX_POINT('',#862);
#862 = CARTESIAN_POINT('',(-8.388355569454E-02,0.39,0.273674859963));
#863 = B_SPLINE_CURVE_WITH_KNOTS('',1,(#864,#865),.UNSPECIFIED.,.F.,.F.,
  (2,2),(-2.187650655919E-02,0.),.PIECEWISE_BEZIER_KNOTS.);
#864 = CARTESIAN_POINT('',(-8.388355569454E-02,0.39,0.273674859963));
#865 = CARTESIAN_POINT('',(-0.105760062254,0.39,0.273674859963));
#866 = ORIENTED_EDGE('',*,*,#867,.F.);
#867 = EDGE_CURVE('',#868,#861,#870,.T.);
#868 = VERTEX_POINT('',#869);
#869 = CARTESIAN_POINT('',(-8.388355569454E-02,0.39,0.314350189649));
#870 = B_SPLINE_CURVE_WITH_KNOTS('',1,(#871,#872),.UNSPECIFIED.,.F.,.F.,
  (2,2),(-4.067532968627E-02,2.081668171172E-17),
  .PIECEWISE_BEZIER_KNOTS.);
#871 = CARTESIAN_POINT('',(-8.388355569454E-02,0.39,0.314350189649));
#872 = CARTESIAN_POINT('',(-8.388355569454E-02,0.39,0.273674859963));
#873 = ORIENTED_EDGE('',*,*,#874,.F.);
#874 = EDGE_CURVE('',#875,#868,#877,.T.);
#875 = VERTEX_POINT('',#876);
#876 = CARTESIAN_POINT('',(-0.104834677708,0.39,0.314350189649));
#877 = B_SPLINE_CURVE_WITH_KNOTS('',1,(#878,#879),.UNSPECIFIED.,.F.,.F.,
  (2,2),(-2.095112201375E-02,0.),.PIECEWISE_BEZIER_KNOTS.);
#878 = CARTESIAN_POINT('',(-0.104834677708,0.39,0.314350189649));
#879 = CARTESIAN_POINT('',(-8.388355569454E-02,0.39,0.314350189649));
#880 = ORIENTED_EDGE('',*,*,#881,.F.);
#881 = EDGE_CURVE('',#882,#875,#884,.T.);
#882 = VERTEX_POINT('',#883);
#883 = CARTESIAN_POINT('',(-0.104834677708,0.39,0.309671279026));
#884 = B_SPLINE_CURVE_WITH_KNOTS('',1,(#885,#886),.UNSPECIFIED.,.F.,.F.,
  (2,2),(-4.678910623362E-03,0.),.PIECEWISE_BEZIER_KNOTS.);
#885 = CARTESIAN_POINT('',(-0.104834677708,0.39,0.309671279026));
#886 = CARTESIAN_POINT('',(-0.104834677708,0.39,0.314350189649));
#887 = ORIENTED_EDGE('',*,*,#888,.F.);
#888 = EDGE_CURVE('',#889,#882,#891,.T.);
#889 = VERTEX_POINT('',#890);
#890 = CARTESIAN_POINT('',(-8.913433317191E-02,0.39,0.309671279026));
#891 = B_SPLINE_CURVE_WITH_KNOTS('',1,(#892,#893),.UNSPECIFIED.,.F.,.F.,
  (2,2),(-1.570034453638E-02,0.),.PIECEWISE_BEZIER_KNOTS.);
#892 = CARTESIAN_POINT('',(-8.913433317191E-02,0.39,0.309671279026));
#893 = CARTESIAN_POINT('',(-0.104834677708,0.39,0.309671279026));
#894 = ORIENTED_EDGE('',*,*,#895,.F.);
#895 = EDGE_CURVE('',#896,#889,#898,.T.);
#896 = VERTEX_POINT('',#897);
#897 = CARTESIAN_POINT('',(-8.913433317191E-02,0.39,0.296653509914));
#898 = B_SPLINE_CURVE_WITH_KNOTS('',1,(#899,#900),.UNSPECIFIED.,.F.,.F.,
  (2,2),(-1.301776911242E-02,0.),.PIECEWISE_BEZIER_KNOTS.);
#899 = CARTESIAN_POINT('',(-8.913433317191E-02,0.39,0.296653509914));
#900 = CARTESIAN_POINT('',(-8.913433317191E-02,0.39,0.309671279026));
#901 = ORIENTED_EDGE('',*,*,#902,.F.);
#902 = EDGE_CURVE('',#903,#896,#905,.T.);
#903 = VERTEX_POINT('',#904);
#904 = CARTESIAN_POINT('',(-0.103680546421,0.39,0.296653509914));
#905 = B_SPLINE_CURVE_WITH_KNOTS('',1,(#906,#907),.UNSPECIFIED.,.F.,.F.,
  (2,2),(-1.454621324919E-02,0.),.PIECEWISE_BEZIER_KNOTS.);
#906 = CARTESIAN_POINT('',(-0.103680546421,0.39,0.296653509914));
#907 = CARTESIAN_POINT('',(-8.913433317191E-02,0.39,0.296653509914));
#908 = ORIENTED_EDGE('',*,*,#909,.F.);
#909 = EDGE_CURVE('',#910,#903,#912,.T.);
#910 = VERTEX_POINT('',#911);
#911 = CARTESIAN_POINT('',(-0.103680546421,0.39,0.291995394449));
#912 = B_SPLINE_CURVE_WITH_KNOTS('',1,(#913,#914),.UNSPECIFIED.,.F.,.F.,
  (2,2),(-4.658115465059E-03,0.),.PIECEWISE_BEZIER_KNOTS.);
#913 = CARTESIAN_POINT('',(-0.103680546421,0.39,0.291995394449));
#914 = CARTESIAN_POINT('',(-0.103680546421,0.39,0.296653509914));
#915 = ORIENTED_EDGE('',*,*,#916,.F.);
#916 = EDGE_CURVE('',#917,#910,#919,.T.);
#917 = VERTEX_POINT('',#918);
#918 = CARTESIAN_POINT('',(-8.913433317191E-02,0.39,0.291995394449));
#919 = B_SPLINE_CURVE_WITH_KNOTS('',1,(#920,#921),.UNSPECIFIED.,.F.,.F.,
  (2,2),(-1.454621324919E-02,0.),.PIECEWISE_BEZIER_KNOTS.);
#920 = CARTESIAN_POINT('',(-8.913433317191E-02,0.39,0.291995394449));
#921 = CARTESIAN_POINT('',(-0.103680546421,0.39,0.291995394449));
#922 = ORIENTED_EDGE('',*,*,#923,.F.);
#923 = EDGE_CURVE('',#847,#917,#924,.T.);
#924 = B_SPLINE_CURVE_WITH_KNOTS('',1,(#925,#926),.UNSPECIFIED.,.F.,.F.,
  (2,2),(-1.368321417866E-02,0.),.PIECEWISE_BEZIER_KNOTS.);
#925 = CARTESIAN_POINT('',(-8.913433317191E-02,0.39,0.27831218027));
#926 = CARTESIAN_POINT('',(-8.913433317191E-02,0.39,0.291995394449));
#927 = FACE_BOUND('',#928,.T.);
#928 = EDGE_LOOP('',(#929,#938,#945,#952,#959,#966,#973,#980));
#929 = ORIENTED_EDGE('',*,*,#930,.F.);
#930 = EDGE_CURVE('',#931,#933,#935,.T.);
#931 = VERTEX_POINT('',#932);
#932 = CARTESIAN_POINT('',(-0.16992352327,0.39,0.314350189649));
#933 = VERTEX_POINT('',#934);
#934 = CARTESIAN_POINT('',(-0.164308830522,0.39,0.314350189649));
#935 = B_SPLINE_CURVE_WITH_KNOTS('',1,(#936,#937),.UNSPECIFIED.,.F.,.F.,
  (2,2),(-5.61469274809E-03,0.),.PIECEWISE_BEZIER_KNOTS.);
#936 = CARTESIAN_POINT('',(-0.16992352327,0.39,0.314350189649));
#937 = CARTESIAN_POINT('',(-0.164308830522,0.39,0.314350189649));
#938 = ORIENTED_EDGE('',*,*,#939,.F.);
#939 = EDGE_CURVE('',#940,#931,#942,.T.);
#940 = VERTEX_POINT('',#941);
#941 = CARTESIAN_POINT('',(-0.185415916223,0.39,0.273674859963));
#942 = B_SPLINE_CURVE_WITH_KNOTS('',1,(#943,#944),.UNSPECIFIED.,.F.,.F.,
  (2,2),(-4.35258162991E-02,0.),.PIECEWISE_BEZIER_KNOTS.);
#943 = CARTESIAN_POINT('',(-0.185415916223,0.39,0.273674859963));
#944 = CARTESIAN_POINT('',(-0.16992352327,0.39,0.314350189649));
#945 = ORIENTED_EDGE('',*,*,#946,.F.);
#946 = EDGE_CURVE('',#947,#940,#949,.T.);
#947 = VERTEX_POINT('',#948);
#948 = CARTESIAN_POINT('',(-0.17961406705,0.39,0.273674859963));
#949 = B_SPLINE_CURVE_WITH_KNOTS('',1,(#950,#951),.UNSPECIFIED.,.F.,.F.,
  (2,2),(-5.801849173091E-03,0.),.PIECEWISE_BEZIER_KNOTS.);
#950 = CARTESIAN_POINT('',(-0.17961406705,0.39,0.273674859963));
#951 = CARTESIAN_POINT('',(-0.185415916223,0.39,0.273674859963));
#952 = ORIENTED_EDGE('',*,*,#953,.F.);
#953 = EDGE_CURVE('',#954,#947,#956,.T.);
#954 = VERTEX_POINT('',#955);
#955 = CARTESIAN_POINT('',(-0.175465432964,0.39,0.284800269668));
#956 = B_SPLINE_CURVE_WITH_KNOTS('',1,(#957,#958),.UNSPECIFIED.,.F.,.F.,
  (2,2),(-1.187374860257E-02,-3.305472382145E-18),
  .PIECEWISE_BEZIER_KNOTS.);
#957 = CARTESIAN_POINT('',(-0.175465432964,0.39,0.284800269668));
#958 = CARTESIAN_POINT('',(-0.17961406705,0.39,0.273674859963));
#959 = ORIENTED_EDGE('',*,*,#960,.F.);
#960 = EDGE_CURVE('',#961,#954,#963,.T.);
#961 = VERTEX_POINT('',#962);
#962 = CARTESIAN_POINT('',(-0.158527776507,0.39,0.284800269668));
#963 = B_SPLINE_CURVE_WITH_KNOTS('',1,(#964,#965),.UNSPECIFIED.,.F.,.F.,
  (2,2),(-1.693765645691E-02,0.),.PIECEWISE_BEZIER_KNOTS.);
#964 = CARTESIAN_POINT('',(-0.158527776507,0.39,0.284800269668));
#965 = CARTESIAN_POINT('',(-0.175465432964,0.39,0.284800269668));
#966 = ORIENTED_EDGE('',*,*,#967,.F.);
#967 = EDGE_CURVE('',#968,#961,#970,.T.);
#968 = VERTEX_POINT('',#969);
#969 = CARTESIAN_POINT('',(-0.154618286742,0.39,0.273674859963));
#970 = B_SPLINE_CURVE_WITH_KNOTS('',1,(#971,#972),.UNSPECIFIED.,.F.,.F.,
  (2,2),(-1.179232171042E-02,0.),.PIECEWISE_BEZIER_KNOTS.);
#971 = CARTESIAN_POINT('',(-0.154618286742,0.39,0.273674859963));
#972 = CARTESIAN_POINT('',(-0.158527776507,0.39,0.284800269668));
#973 = ORIENTED_EDGE('',*,*,#974,.F.);
#974 = EDGE_CURVE('',#975,#968,#977,.T.);
#975 = VERTEX_POINT('',#976);
#976 = CARTESIAN_POINT('',(-0.148816437569,0.39,0.273674859963));
#977 = B_SPLINE_CURVE_WITH_KNOTS('',1,(#978,#979),.UNSPECIFIED.,.F.,.F.,
  (2,2),(-5.801849172813E-03,0.),.PIECEWISE_BEZIER_KNOTS.);
#978 = CARTESIAN_POINT('',(-0.148816437569,0.39,0.273674859963));
#979 = CARTESIAN_POINT('',(-0.154618286742,0.39,0.273674859963));
#980 = ORIENTED_EDGE('',*,*,#981,.F.);
#981 = EDGE_CURVE('',#933,#975,#982,.T.);
#982 = B_SPLINE_CURVE_WITH_KNOTS('',1,(#983,#984),.UNSPECIFIED.,.F.,.F.,
  (2,2),(-4.3525816299E-02,0.),.PIECEWISE_BEZIER_KNOTS.);
#983 = CARTESIAN_POINT('',(-0.164308830522,0.39,0.314350189649));
#984 = CARTESIAN_POINT('',(-0.148816437569,0.39,0.273674859963));
#985 = FACE_BOUND('',#986,.T.);
#986 = EDGE_LOOP('',(#987,#996,#1003,#1010,#1017,#1024,#1031,#1038,#1045
    ,#1052,#1059,#1066));
#987 = ORIENTED_EDGE('',*,*,#988,.F.);
#988 = EDGE_CURVE('',#989,#991,#993,.T.);
#989 = VERTEX_POINT('',#990);
#990 = CARTESIAN_POINT('',(-4.405042992036E-02,0.39,0.213784803983));
#991 = VERTEX_POINT('',#992);
#992 = CARTESIAN_POINT('',(-2.742470083841E-02,0.39,0.213784803983));
#993 = B_SPLINE_CURVE_WITH_KNOTS('',1,(#994,#995),.UNSPECIFIED.,.F.,.F.,
  (2,2),(-1.662572908195E-02,0.),.PIECEWISE_BEZIER_KNOTS.);
#994 = CARTESIAN_POINT('',(-4.405042992036E-02,0.39,0.213784803983));
#995 = CARTESIAN_POINT('',(-2.742470083841E-02,0.39,0.213784803983));
#996 = ORIENTED_EDGE('',*,*,#997,.F.);
#997 = EDGE_CURVE('',#998,#989,#1000,.T.);
#998 = VERTEX_POINT('',#999);
#999 = CARTESIAN_POINT('',(-4.405042992036E-02,0.39,0.209147483677));
#1000 = B_SPLINE_CURVE_WITH_KNOTS('',1,(#1001,#1002),.UNSPECIFIED.,.F.,
  .F.,(2,2),(-4.637320306758E-03,0.),.PIECEWISE_BEZIER_KNOTS.);
#1001 = CARTESIAN_POINT('',(-4.405042992036E-02,0.39,0.209147483677));
#1002 = CARTESIAN_POINT('',(-4.405042992036E-02,0.39,0.213784803983));
#1003 = ORIENTED_EDGE('',*,*,#1004,.F.);
#1004 = EDGE_CURVE('',#1005,#998,#1007,.T.);
#1005 = VERTEX_POINT('',#1006);
#1006 = CARTESIAN_POINT('',(-2.217392336103E-02,0.39,0.209147483677));
#1007 = B_SPLINE_CURVE_WITH_KNOTS('',1,(#1008,#1009),.UNSPECIFIED.,.F.,
  .F.,(2,2),(-2.187650655933E-02,0.),.PIECEWISE_BEZIER_KNOTS.);
#1008 = CARTESIAN_POINT('',(-2.217392336103E-02,0.39,0.209147483677));
#1009 = CARTESIAN_POINT('',(-4.405042992036E-02,0.39,0.209147483677));
#1010 = ORIENTED_EDGE('',*,*,#1011,.F.);
#1011 = EDGE_CURVE('',#1012,#1005,#1014,.T.);
#1012 = VERTEX_POINT('',#1013);
#1013 = CARTESIAN_POINT('',(-2.217392336103E-02,0.39,0.249822813363));
#1014 = B_SPLINE_CURVE_WITH_KNOTS('',1,(#1015,#1016),.UNSPECIFIED.,.F.,
  .F.,(2,2),(-4.067532968627E-02,-2.775557561563E-17),
  .PIECEWISE_BEZIER_KNOTS.);
#1015 = CARTESIAN_POINT('',(-2.217392336103E-02,0.39,0.249822813363));
#1016 = CARTESIAN_POINT('',(-2.217392336103E-02,0.39,0.209147483677));
#1017 = ORIENTED_EDGE('',*,*,#1018,.F.);
#1018 = EDGE_CURVE('',#1019,#1012,#1021,.T.);
#1019 = VERTEX_POINT('',#1020);
#1020 = CARTESIAN_POINT('',(-4.312504537478E-02,0.39,0.249822813363));
#1021 = B_SPLINE_CURVE_WITH_KNOTS('',1,(#1022,#1023),.UNSPECIFIED.,.F.,
  .F.,(2,2),(-2.095112201376E-02,0.),.PIECEWISE_BEZIER_KNOTS.);
#1022 = CARTESIAN_POINT('',(-4.312504537478E-02,0.39,0.249822813363));
#1023 = CARTESIAN_POINT('',(-2.217392336103E-02,0.39,0.249822813363));
#1024 = ORIENTED_EDGE('',*,*,#1025,.F.);
#1025 = EDGE_CURVE('',#1026,#1019,#1028,.T.);
#1026 = VERTEX_POINT('',#1027);
#1027 = CARTESIAN_POINT('',(-4.312504537478E-02,0.39,0.24514390274));
#1028 = B_SPLINE_CURVE_WITH_KNOTS('',1,(#1029,#1030),.UNSPECIFIED.,.F.,
  .F.,(2,2),(-4.678910623362E-03,0.),.PIECEWISE_BEZIER_KNOTS.);
#1029 = CARTESIAN_POINT('',(-4.312504537478E-02,0.39,0.24514390274));
#1030 = CARTESIAN_POINT('',(-4.312504537478E-02,0.39,0.249822813363));
#1031 = ORIENTED_EDGE('',*,*,#1032,.F.);
#1032 = EDGE_CURVE('',#1033,#1026,#1035,.T.);
#1033 = VERTEX_POINT('',#1034);
#1034 = CARTESIAN_POINT('',(-2.742470083841E-02,0.39,0.24514390274));
#1035 = B_SPLINE_CURVE_WITH_KNOTS('',1,(#1036,#1037),.UNSPECIFIED.,.F.,
  .F.,(2,2),(-1.570034453638E-02,0.),.PIECEWISE_BEZIER_KNOTS.);
#1036 = CARTESIAN_POINT('',(-2.742470083841E-02,0.39,0.24514390274));
#1037 = CARTESIAN_POINT('',(-4.312504537478E-02,0.39,0.24514390274));
#1038 = ORIENTED_EDGE('',*,*,#1039,.F.);
#1039 = EDGE_CURVE('',#1040,#1033,#1042,.T.);
#1040 = VERTEX_POINT('',#1041);
#1041 = CARTESIAN_POINT('',(-2.742470083841E-02,0.39,0.232126133627));
#1042 = B_SPLINE_CURVE_WITH_KNOTS('',1,(#1043,#1044),.UNSPECIFIED.,.F.,
  .F.,(2,2),(-1.301776911243E-02,0.),.PIECEWISE_BEZIER_KNOTS.);
#1043 = CARTESIAN_POINT('',(-2.742470083841E-02,0.39,0.232126133627));
#1044 = CARTESIAN_POINT('',(-2.742470083841E-02,0.39,0.24514390274));
#1045 = ORIENTED_EDGE('',*,*,#1046,.F.);
#1046 = EDGE_CURVE('',#1047,#1040,#1049,.T.);
#1047 = VERTEX_POINT('',#1048);
#1048 = CARTESIAN_POINT('',(-4.197091408774E-02,0.39,0.232126133627));
#1049 = B_SPLINE_CURVE_WITH_KNOTS('',1,(#1050,#1051),.UNSPECIFIED.,.F.,
  .F.,(2,2),(-1.454621324933E-02,0.),.PIECEWISE_BEZIER_KNOTS.);
#1050 = CARTESIAN_POINT('',(-4.197091408774E-02,0.39,0.232126133627));
#1051 = CARTESIAN_POINT('',(-2.742470083841E-02,0.39,0.232126133627));
#1052 = ORIENTED_EDGE('',*,*,#1053,.F.);
#1053 = EDGE_CURVE('',#1054,#1047,#1056,.T.);
#1054 = VERTEX_POINT('',#1055);
#1055 = CARTESIAN_POINT('',(-4.197091408774E-02,0.39,0.227468018162));
#1056 = B_SPLINE_CURVE_WITH_KNOTS('',1,(#1057,#1058),.UNSPECIFIED.,.F.,
  .F.,(2,2),(-4.658115465059E-03,0.),.PIECEWISE_BEZIER_KNOTS.);
#1057 = CARTESIAN_POINT('',(-4.197091408774E-02,0.39,0.227468018162));
#1058 = CARTESIAN_POINT('',(-4.197091408774E-02,0.39,0.232126133627));
#1059 = ORIENTED_EDGE('',*,*,#1060,.F.);
#1060 = EDGE_CURVE('',#1061,#1054,#1063,.T.);
#1061 = VERTEX_POINT('',#1062);
#1062 = CARTESIAN_POINT('',(-2.742470083841E-02,0.39,0.227468018162));
#1063 = B_SPLINE_CURVE_WITH_KNOTS('',1,(#1064,#1065),.UNSPECIFIED.,.F.,
  .F.,(2,2),(-1.454621324933E-02,0.),.PIECEWISE_BEZIER_KNOTS.);
#1064 = CARTESIAN_POINT('',(-2.742470083841E-02,0.39,0.227468018162));
#1065 = CARTESIAN_POINT('',(-4.197091408774E-02,0.39,0.227468018162));
#1066 = ORIENTED_EDGE('',*,*,#1067,.F.);
#1067 = EDGE_CURVE('',#991,#1061,#1068,.T.);
#1068 = B_SPLINE_CURVE_WITH_KNOTS('',1,(#1069,#1070),.UNSPECIFIED.,.F.,
  .F.,(2,2),(-1.368321417866E-02,0.),.PIECEWISE_BEZIER_KNOTS.);
#1069 = CARTESIAN_POINT('',(-2.742470083841E-02,0.39,0.213784803983));
#1070 = CARTESIAN_POINT('',(-2.742470083841E-02,0.39,0.227468018162));
#1071 = FACE_BOUND('',#1072,.T.);
#1072 = EDGE_LOOP('',(#1073,#1084,#1091,#1098,#1105,#1114,#1123));
#1073 = ORIENTED_EDGE('',*,*,#1074,.F.);
#1074 = EDGE_CURVE('',#1075,#1077,#1079,.T.);
#1075 = VERTEX_POINT('',#1076);
#1076 = CARTESIAN_POINT('',(-0.175569408756,0.39,0.209147483677));
#1077 = VERTEX_POINT('',#1078);
#1078 = CARTESIAN_POINT('',(-0.191363331504,0.39,0.214845357058));
#1079 = B_SPLINE_CURVE_WITH_KNOTS('',3,(#1080,#1081,#1082,#1083),
  .UNSPECIFIED.,.F.,.F.,(4,4),(5.,6.),.PIECEWISE_BEZIER_KNOTS.);
#1080 = CARTESIAN_POINT('',(-0.175569408756,0.39,0.209147483677));
#1081 = CARTESIAN_POINT('',(-0.182005510257,0.39,0.209147483677));
#1082 = CARTESIAN_POINT('',(-0.187277082893,0.39,0.211039843084));
#1083 = CARTESIAN_POINT('',(-0.191363331504,0.39,0.214845357058));
#1084 = ORIENTED_EDGE('',*,*,#1085,.F.);
#1085 = EDGE_CURVE('',#1086,#1075,#1088,.T.);
#1086 = VERTEX_POINT('',#1087);
#1087 = CARTESIAN_POINT('',(-0.164381613576,0.39,0.209147483677));
#1088 = B_SPLINE_CURVE_WITH_KNOTS('',1,(#1089,#1090),.UNSPECIFIED.,.F.,
  .F.,(2,2),(-1.118779517957E-02,0.),.PIECEWISE_BEZIER_KNOTS.);
#1089 = CARTESIAN_POINT('',(-0.164381613576,0.39,0.209147483677));
#1090 = CARTESIAN_POINT('',(-0.175569408756,0.39,0.209147483677));
#1091 = ORIENTED_EDGE('',*,*,#1092,.F.);
#1092 = EDGE_CURVE('',#1093,#1086,#1095,.T.);
#1093 = VERTEX_POINT('',#1094);
#1094 = CARTESIAN_POINT('',(-0.164381613576,0.39,0.249822813363));
#1095 = B_SPLINE_CURVE_WITH_KNOTS('',1,(#1096,#1097),.UNSPECIFIED.,.F.,
  .F.,(2,2),(-4.067532968627E-02,-0.),.PIECEWISE_BEZIER_KNOTS.);
#1096 = CARTESIAN_POINT('',(-0.164381613576,0.39,0.249822813363));
#1097 = CARTESIAN_POINT('',(-0.164381613576,0.39,0.209147483677));
#1098 = ORIENTED_EDGE('',*,*,#1099,.F.);
#1099 = EDGE_CURVE('',#1100,#1093,#1102,.T.);
#1100 = VERTEX_POINT('',#1101);
#1101 = CARTESIAN_POINT('',(-0.175985311922,0.39,0.249822813363));
#1102 = B_SPLINE_CURVE_WITH_KNOTS('',1,(#1103,#1104),.UNSPECIFIED.,.F.,
  .F.,(2,2),(-1.16036983459E-02,-4.352881416012E-32),
  .PIECEWISE_BEZIER_KNOTS.);
#1103 = CARTESIAN_POINT('',(-0.175985311922,0.39,0.249822813363));
#1104 = CARTESIAN_POINT('',(-0.164381613576,0.39,0.249822813363));
#1105 = ORIENTED_EDGE('',*,*,#1106,.F.);
#1106 = EDGE_CURVE('',#1107,#1100,#1109,.T.);
#1107 = VERTEX_POINT('',#1108);
#1108 = CARTESIAN_POINT('',(-0.191363331504,0.39,0.244436867356));
#1109 = B_SPLINE_CURVE_WITH_KNOTS('',3,(#1110,#1111,#1112,#1113),
  .UNSPECIFIED.,.F.,.F.,(4,4),(2.,3.),.PIECEWISE_BEZIER_KNOTS.);
#1110 = CARTESIAN_POINT('',(-0.191363331504,0.39,0.244436867356));
#1111 = CARTESIAN_POINT('',(-0.187277082893,0.39,0.248034429747));
#1112 = CARTESIAN_POINT('',(-0.182151076366,0.39,0.249822813363));
#1113 = CARTESIAN_POINT('',(-0.175985311922,0.39,0.249822813363));
#1114 = ORIENTED_EDGE('',*,*,#1115,.F.);
#1115 = EDGE_CURVE('',#1116,#1107,#1118,.T.);
#1116 = VERTEX_POINT('',#1117);
#1117 = CARTESIAN_POINT('',(-0.197497903211,0.39,0.230005027478));
#1118 = B_SPLINE_CURVE_WITH_KNOTS('',3,(#1119,#1120,#1121,#1122),
  .UNSPECIFIED.,.F.,.F.,(4,4),(3.,4.),.PIECEWISE_BEZIER_KNOTS.);
#1119 = CARTESIAN_POINT('',(-0.197497903211,0.39,0.230005027478));
#1120 = CARTESIAN_POINT('',(-0.197497903211,0.39,0.236035623392));
#1121 = CARTESIAN_POINT('',(-0.195449580115,0.39,0.240839304966));
#1122 = CARTESIAN_POINT('',(-0.191363331504,0.39,0.244436867356));
#1123 = ORIENTED_EDGE('',*,*,#1124,.F.);
#1124 = EDGE_CURVE('',#1077,#1116,#1125,.T.);
#1125 = B_SPLINE_CURVE_WITH_KNOTS('',3,(#1126,#1127,#1128,#1129),
  .UNSPECIFIED.,.F.,.F.,(4,4),(4.,5.),.PIECEWISE_BEZIER_KNOTS.);
#1126 = CARTESIAN_POINT('',(-0.191363331504,0.39,0.214845357058));
#1127 = CARTESIAN_POINT('',(-0.195449580115,0.39,0.218650871032));
#1128 = CARTESIAN_POINT('',(-0.197497903211,0.39,0.223704094505));
#1129 = CARTESIAN_POINT('',(-0.197497903211,0.39,0.230005027478));
#1130 = FACE_BOUND('',#1131,.T.);
#1131 = EDGE_LOOP('',(#1132,#1143,#1152,#1161,#1170,#1177,#1186,#1195,
    #1204,#1211,#1220,#1229,#1238,#1247,#1256,#1265,#1274,#1283,#1292,
    #1301,#1308,#1315,#1322,#1331,#1340,#1349,#1358,#1367,#1376,#1385,
    #1394,#1403,#1412));
#1132 = ORIENTED_EDGE('',*,*,#1133,.F.);
#1133 = EDGE_CURVE('',#1134,#1136,#1138,.T.);
#1134 = VERTEX_POINT('',#1135);
#1135 = CARTESIAN_POINT('',(3.976892205608E-02,0.39,0.287378909705));
#1136 = VERTEX_POINT('',#1137);
#1137 = CARTESIAN_POINT('',(5.538558791106E-02,0.39,0.310225507275));
#1138 = B_SPLINE_CURVE_WITH_KNOTS('',3,(#1139,#1140,#1141,#1142),
  .UNSPECIFIED.,.F.,.F.,(4,4),(0.,1.),.PIECEWISE_BEZIER_KNOTS.);
#1139 = CARTESIAN_POINT('',(3.976892205608E-02,0.39,0.287378909705));
#1140 = CARTESIAN_POINT('',(4.295008941852E-02,0.39,0.296054832728));
#1141 = CARTESIAN_POINT('',(4.844484507952E-02,0.39,0.303863162898));
#1142 = CARTESIAN_POINT('',(5.538558791106E-02,0.39,0.310225507275));
#1143 = ORIENTED_EDGE('',*,*,#1144,.F.);
#1144 = EDGE_CURVE('',#1145,#1134,#1147,.T.);
#1145 = VERTEX_POINT('',#1146);
#1146 = CARTESIAN_POINT('',(1.113838269794E-02,0.39,0.249494055764));
#1147 = B_SPLINE_CURVE_WITH_KNOTS('',3,(#1148,#1149,#1150,#1151),
  .UNSPECIFIED.,.F.,.F.,(4,4),(35.,36.),.PIECEWISE_BEZIER_KNOTS.);
#1148 = CARTESIAN_POINT('',(1.113838269794E-02,0.39,0.249494055764));
#1149 = CARTESIAN_POINT('',(1.142757571933E-02,0.39,0.266845890779));
#1150 = CARTESIAN_POINT('',(2.328467713722E-02,0.39,0.282173358097));
#1151 = CARTESIAN_POINT('',(3.976892205608E-02,0.39,0.287378909705));
#1152 = ORIENTED_EDGE('',*,*,#1153,.F.);
#1153 = EDGE_CURVE('',#1154,#1145,#1156,.T.);
#1154 = VERTEX_POINT('',#1155);
#1155 = CARTESIAN_POINT('',(2.183868996669E-02,0.39,0.222020299523));
#1156 = B_SPLINE_CURVE_WITH_KNOTS('',3,(#1157,#1158,#1159,#1160),
  .UNSPECIFIED.,.F.,.F.,(4,4),(34.,35.),.PIECEWISE_BEZIER_KNOTS.);
#1157 = CARTESIAN_POINT('',(2.183868996669E-02,0.39,0.222020299523));
#1158 = CARTESIAN_POINT('',(1.489794713502E-02,0.39,0.229539428398));
#1159 = CARTESIAN_POINT('',(1.113838269794E-02,0.39,0.23937214557));
#1160 = CARTESIAN_POINT('',(1.113838269794E-02,0.39,0.249494055764));
#1161 = ORIENTED_EDGE('',*,*,#1162,.F.);
#1162 = EDGE_CURVE('',#1163,#1154,#1165,.T.);
#1163 = VERTEX_POINT('',#1164);
#1164 = CARTESIAN_POINT('',(4.815565205814E-02,0.39,0.209006414988));
#1165 = B_SPLINE_CURVE_WITH_KNOTS('',3,(#1166,#1167,#1168,#1169),
  .UNSPECIFIED.,.F.,.F.,(4,4),(33.,34.),.PIECEWISE_BEZIER_KNOTS.);
#1166 = CARTESIAN_POINT('',(4.815565205814E-02,0.39,0.209006414988));
#1167 = CARTESIAN_POINT('',(3.80337418643E-02,0.39,0.209874005084));
#1168 = CARTESIAN_POINT('',(2.877942176608E-02,0.39,0.214501170649));
#1169 = CARTESIAN_POINT('',(2.183868996669E-02,0.39,0.222020299523));
#1170 = ORIENTED_EDGE('',*,*,#1171,.F.);
#1171 = EDGE_CURVE('',#1172,#1163,#1174,.T.);
#1172 = VERTEX_POINT('',#1173);
#1173 = CARTESIAN_POINT('',(6.521829405177E-02,0.39,0.209006414988));
#1174 = B_SPLINE_CURVE_WITH_KNOTS('',1,(#1175,#1176),.UNSPECIFIED.,.F.,
  .F.,(2,2),(-1.619505189761E-02,8.675900960259E-04),
  .PIECEWISE_BEZIER_KNOTS.);
#1175 = CARTESIAN_POINT('',(6.521829405177E-02,0.39,0.209006414988));
#1176 = CARTESIAN_POINT('',(4.815565205814E-02,0.39,0.209006414988));
#1177 = ORIENTED_EDGE('',*,*,#1178,.F.);
#1178 = EDGE_CURVE('',#1179,#1172,#1181,.T.);
#1179 = VERTEX_POINT('',#1180);
#1180 = CARTESIAN_POINT('',(7.360502405383E-02,0.39,0.217971531033));
#1181 = B_SPLINE_CURVE_WITH_KNOTS('',3,(#1182,#1183,#1184,#1185),
  .UNSPECIFIED.,.F.,.F.,(4,4),(28.,29.),.PIECEWISE_BEZIER_KNOTS.);
#1182 = CARTESIAN_POINT('',(7.360502405383E-02,0.39,0.217971531033));
#1183 = CARTESIAN_POINT('',(7.360502405383E-02,0.39,0.2133443765));
#1184 = CARTESIAN_POINT('',(6.984545961689E-02,0.39,0.209295608009));
#1185 = CARTESIAN_POINT('',(6.521829405177E-02,0.39,0.209006414988));
#1186 = ORIENTED_EDGE('',*,*,#1187,.F.);
#1187 = EDGE_CURVE('',#1188,#1179,#1190,.T.);
#1188 = VERTEX_POINT('',#1189);
#1189 = CARTESIAN_POINT('',(6.463990800914E-02,0.39,0.226936647078));
#1190 = B_SPLINE_CURVE_WITH_KNOTS('',3,(#1191,#1192,#1193,#1194),
  .UNSPECIFIED.,.F.,.F.,(4,4),(27.,28.),.PIECEWISE_BEZIER_KNOTS.);
#1191 = CARTESIAN_POINT('',(6.463990800914E-02,0.39,0.226936647078));
#1192 = CARTESIAN_POINT('',(6.95562665955E-02,0.39,0.226936647078));
#1193 = CARTESIAN_POINT('',(7.360502405383E-02,0.39,0.222887878587));
#1194 = CARTESIAN_POINT('',(7.360502405383E-02,0.39,0.217971531033));
#1195 = ORIENTED_EDGE('',*,*,#1196,.F.);
#1196 = EDGE_CURVE('',#1197,#1188,#1199,.T.);
#1197 = VERTEX_POINT('',#1198);
#1198 = CARTESIAN_POINT('',(6.290472781723E-02,0.39,0.226647454057));
#1199 = B_SPLINE_CURVE_WITH_KNOTS('',3,(#1200,#1201,#1202,#1203),
  .UNSPECIFIED.,.F.,.F.,(4,4),(26.,27.),.PIECEWISE_BEZIER_KNOTS.);
#1200 = CARTESIAN_POINT('',(6.290472781723E-02,0.39,0.226647454057));
#1201 = CARTESIAN_POINT('',(6.348312489187E-02,0.39,0.226647454057));
#1202 = CARTESIAN_POINT('',(6.406152196651E-02,0.39,0.226936647078));
#1203 = CARTESIAN_POINT('',(6.463990800914E-02,0.39,0.226936647078));
#1204 = ORIENTED_EDGE('',*,*,#1205,.F.);
#1205 = EDGE_CURVE('',#1206,#1197,#1208,.T.);
#1206 = VERTEX_POINT('',#1207);
#1207 = CARTESIAN_POINT('',(4.989084328206E-02,0.39,0.226647454057));
#1208 = B_SPLINE_CURVE_WITH_KNOTS('',1,(#1209,#1210),.UNSPECIFIED.,.F.,
  .F.,(2,2),(6.938893903907E-18,1.301388453517E-02),
  .PIECEWISE_BEZIER_KNOTS.);
#1209 = CARTESIAN_POINT('',(4.989084328206E-02,0.39,0.226647454057));
#1210 = CARTESIAN_POINT('',(6.290472781723E-02,0.39,0.226647454057));
#1211 = ORIENTED_EDGE('',*,*,#1212,.F.);
#1212 = EDGE_CURVE('',#1213,#1206,#1215,.T.);
#1213 = VERTEX_POINT('',#1214);
#1214 = CARTESIAN_POINT('',(2.906862581947E-02,0.39,0.249204851711));
#1215 = B_SPLINE_CURVE_WITH_KNOTS('',3,(#1216,#1217,#1218,#1219),
  .UNSPECIFIED.,.F.,.F.,(4,4),(24.,25.),.PIECEWISE_BEZIER_KNOTS.);
#1216 = CARTESIAN_POINT('',(2.906862581947E-02,0.39,0.249204851711));
#1217 = CARTESIAN_POINT('',(2.906862581947E-02,0.39,0.237347755809));
#1218 = CARTESIAN_POINT('',(3.80337418643E-02,0.39,0.227515044153));
#1219 = CARTESIAN_POINT('',(4.989084328206E-02,0.39,0.226647454057));
#1220 = ORIENTED_EDGE('',*,*,#1221,.F.);
#1221 = EDGE_CURVE('',#1222,#1213,#1224,.T.);
#1222 = VERTEX_POINT('',#1223);
#1223 = CARTESIAN_POINT('',(5.162602347397E-02,0.39,0.271762249366));
#1224 = B_SPLINE_CURVE_WITH_KNOTS('',3,(#1225,#1226,#1227,#1228),
  .UNSPECIFIED.,.F.,.F.,(4,4),(23.,24.),.PIECEWISE_BEZIER_KNOTS.);
#1225 = CARTESIAN_POINT('',(5.162602347397E-02,0.39,0.271762249366));
#1226 = CARTESIAN_POINT('',(3.919053601345E-02,0.39,0.271762249366));
#1227 = CARTESIAN_POINT('',(2.906862581947E-02,0.39,0.261640339172));
#1228 = CARTESIAN_POINT('',(2.906862581947E-02,0.39,0.249204851711));
#1229 = ORIENTED_EDGE('',*,*,#1230,.F.);
#1230 = EDGE_CURVE('',#1231,#1222,#1233,.T.);
#1231 = VERTEX_POINT('',#1232);
#1232 = CARTESIAN_POINT('',(5.393960074053E-02,0.39,0.271762249366));
#1233 = B_SPLINE_CURVE_WITH_KNOTS('',3,(#1234,#1235,#1236,#1237),
  .UNSPECIFIED.,.F.,.F.,(4,4),(22.,23.),.PIECEWISE_BEZIER_KNOTS.);
#1234 = CARTESIAN_POINT('',(5.393960074053E-02,0.39,0.271762249366));
#1235 = CARTESIAN_POINT('',(5.307201064464E-02,0.39,0.271762249366));
#1236 = CARTESIAN_POINT('',(5.249361357E-02,0.39,0.271762249366));
#1237 = CARTESIAN_POINT('',(5.162602347397E-02,0.39,0.271762249366));
#1238 = ORIENTED_EDGE('',*,*,#1239,.F.);
#1239 = EDGE_CURVE('',#1240,#1231,#1242,.T.);
#1240 = VERTEX_POINT('',#1241);
#1241 = CARTESIAN_POINT('',(9.442724151656E-02,0.39,0.30791192863));
#1242 = B_SPLINE_CURVE_WITH_KNOTS('',3,(#1243,#1244,#1245,#1246),
  .UNSPECIFIED.,.F.,.F.,(4,4),(21.,22.),.PIECEWISE_BEZIER_KNOTS.);
#1243 = CARTESIAN_POINT('',(9.442724151656E-02,0.39,0.30791192863));
#1244 = CARTESIAN_POINT('',(7.360502405383E-02,0.39,0.30791192863));
#1245 = CARTESIAN_POINT('',(5.625317800708E-02,0.39,0.292006069754));
#1246 = CARTESIAN_POINT('',(5.393960074053E-02,0.39,0.271762249366));
#1247 = ORIENTED_EDGE('',*,*,#1248,.F.);
#1248 = EDGE_CURVE('',#1249,#1240,#1251,.T.);
#1249 = VERTEX_POINT('',#1250);
#1250 = CARTESIAN_POINT('',(0.133179691069,0.39,0.280148990399));
#1251 = B_SPLINE_CURVE_WITH_KNOTS('',3,(#1252,#1253,#1254,#1255),
  .UNSPECIFIED.,.F.,.F.,(4,4),(20.,21.),.PIECEWISE_BEZIER_KNOTS.);
#1252 = CARTESIAN_POINT('',(0.133179691069,0.39,0.280148990399));
#1253 = CARTESIAN_POINT('',(0.12768494644,0.39,0.296344031265));
#1254 = CARTESIAN_POINT('',(0.112646677659,0.39,0.30791192863));
#1255 = CARTESIAN_POINT('',(9.442724151656E-02,0.39,0.30791192863));
#1256 = ORIENTED_EDGE('',*,*,#1257,.F.);
#1257 = EDGE_CURVE('',#1258,#1249,#1260,.T.);
#1258 = VERTEX_POINT('',#1259);
#1259 = CARTESIAN_POINT('',(0.148507152871,0.39,0.284486951911));
#1260 = B_SPLINE_CURVE_WITH_KNOTS('',3,(#1261,#1262,#1263,#1264),
  .UNSPECIFIED.,.F.,.F.,(4,4),(19.,20.),.PIECEWISE_BEZIER_KNOTS.);
#1261 = CARTESIAN_POINT('',(0.148507152871,0.39,0.284486951911));
#1262 = CARTESIAN_POINT('',(0.143012402725,0.39,0.284486951911));
#1263 = CARTESIAN_POINT('',(0.13751765258,0.39,0.282751766204));
#1264 = CARTESIAN_POINT('',(0.133179691069,0.39,0.280148990399));
#1265 = ORIENTED_EDGE('',*,*,#1266,.F.);
#1266 = EDGE_CURVE('',#1267,#1258,#1269,.T.);
#1267 = VERTEX_POINT('',#1268);
#1268 = CARTESIAN_POINT('',(0.177426896282,0.39,0.2555672085));
#1269 = B_SPLINE_CURVE_WITH_KNOTS('',3,(#1270,#1271,#1272,#1273),
  .UNSPECIFIED.,.F.,.F.,(4,4),(18.,19.),.PIECEWISE_BEZIER_KNOTS.);
#1270 = CARTESIAN_POINT('',(0.177426896282,0.39,0.2555672085));
#1271 = CARTESIAN_POINT('',(0.177426896282,0.39,0.271473067376));
#1272 = CARTESIAN_POINT('',(0.164413011747,0.39,0.284486951911));
#1273 = CARTESIAN_POINT('',(0.148507152871,0.39,0.284486951911));
#1274 = ORIENTED_EDGE('',*,*,#1275,.F.);
#1275 = EDGE_CURVE('',#1276,#1267,#1278,.T.);
#1276 = VERTEX_POINT('',#1277);
#1277 = CARTESIAN_POINT('',(0.160075050235,0.39,0.228961042355));
#1278 = B_SPLINE_CURVE_WITH_KNOTS('',3,(#1279,#1280,#1281,#1282),
  .UNSPECIFIED.,.F.,.F.,(4,4),(17.,18.),.PIECEWISE_BEZIER_KNOTS.);
#1279 = CARTESIAN_POINT('',(0.160075050235,0.39,0.228961042355));
#1280 = CARTESIAN_POINT('',(0.170196960429,0.39,0.233588202404));
#1281 = CARTESIAN_POINT('',(0.177426896282,0.39,0.243710112598));
#1282 = CARTESIAN_POINT('',(0.177426896282,0.39,0.2555672085));
#1283 = ORIENTED_EDGE('',*,*,#1284,.F.);
#1284 = EDGE_CURVE('',#1285,#1276,#1287,.T.);
#1285 = VERTEX_POINT('',#1286);
#1286 = CARTESIAN_POINT('',(0.132890492531,0.39,0.24804807411));
#1287 = B_SPLINE_CURVE_WITH_KNOTS('',3,(#1288,#1289,#1290,#1291),
  .UNSPECIFIED.,.F.,.F.,(4,4),(16.,17.),.PIECEWISE_BEZIER_KNOTS.);
#1288 = CARTESIAN_POINT('',(0.132890492531,0.39,0.24804807411));
#1289 = CARTESIAN_POINT('',(0.145325985508,0.39,0.24804807411));
#1290 = CARTESIAN_POINT('',(0.156026287261,0.39,0.239950548161));
#1291 = CARTESIAN_POINT('',(0.160075050235,0.39,0.228961042355));
#1292 = ORIENTED_EDGE('',*,*,#1293,.F.);
#1293 = EDGE_CURVE('',#1294,#1285,#1296,.T.);
#1294 = VERTEX_POINT('',#1295);
#1295 = CARTESIAN_POINT('',(0.111200684973,0.39,0.238215362453));
#1296 = B_SPLINE_CURVE_WITH_KNOTS('',3,(#1297,#1298,#1299,#1300),
  .UNSPECIFIED.,.F.,.F.,(4,4),(15.,16.),.PIECEWISE_BEZIER_KNOTS.);
#1297 = CARTESIAN_POINT('',(0.111200684973,0.39,0.238215362453));
#1298 = CARTESIAN_POINT('',(0.116406236581,0.39,0.244288509673));
#1299 = CARTESIAN_POINT('',(0.124214569508,0.39,0.24804807411));
#1300 = CARTESIAN_POINT('',(0.132890492531,0.39,0.24804807411));
#1301 = ORIENTED_EDGE('',*,*,#1302,.F.);
#1302 = EDGE_CURVE('',#1303,#1294,#1305,.T.);
#1303 = VERTEX_POINT('',#1304);
#1304 = CARTESIAN_POINT('',(7.244822990469E-02,0.39,0.258459182841));
#1305 = B_SPLINE_CURVE_WITH_KNOTS('',1,(#1306,#1307),.UNSPECIFIED.,.F.,
  .F.,(2,2),(0.,4.372144825718E-02),.PIECEWISE_BEZIER_KNOTS.);
#1306 = CARTESIAN_POINT('',(7.244822990469E-02,0.39,0.258459182841));
#1307 = CARTESIAN_POINT('',(0.111200684973,0.39,0.238215362453));
#1308 = ORIENTED_EDGE('',*,*,#1309,.F.);
#1309 = EDGE_CURVE('',#1310,#1303,#1312,.T.);
#1310 = VERTEX_POINT('',#1311);
#1311 = CARTESIAN_POINT('',(6.348311385986E-02,0.39,0.243131715523));
#1312 = B_SPLINE_CURVE_WITH_KNOTS('',1,(#1313,#1314),.UNSPECIFIED.,.F.,
  .F.,(2,2),(0.,1.775681728433E-02),.PIECEWISE_BEZIER_KNOTS.);
#1313 = CARTESIAN_POINT('',(6.348311385986E-02,0.39,0.243131715523));
#1314 = CARTESIAN_POINT('',(7.244822990469E-02,0.39,0.258459182841));
#1315 = ORIENTED_EDGE('',*,*,#1316,.F.);
#1316 = EDGE_CURVE('',#1317,#1310,#1319,.T.);
#1317 = VERTEX_POINT('',#1318);
#1318 = CARTESIAN_POINT('',(0.103970754636,0.39,0.221731106502));
#1319 = B_SPLINE_CURVE_WITH_KNOTS('',1,(#1320,#1321),.UNSPECIFIED.,.F.,
  .F.,(2,2),(-1.621297911045E-18,4.579557972215E-02),
  .PIECEWISE_BEZIER_KNOTS.);
#1320 = CARTESIAN_POINT('',(0.103970754636,0.39,0.221731106502));
#1321 = CARTESIAN_POINT('',(6.348311385986E-02,0.39,0.243131715523));
#1322 = ORIENTED_EDGE('',*,*,#1323,.F.);
#1323 = EDGE_CURVE('',#1324,#1317,#1326,.T.);
#1324 = VERTEX_POINT('',#1325);
#1325 = CARTESIAN_POINT('',(0.103970754636,0.39,0.218839132161));
#1326 = B_SPLINE_CURVE_WITH_KNOTS('',3,(#1327,#1328,#1329,#1330),
  .UNSPECIFIED.,.F.,.F.,(4,4),(11.,12.),.PIECEWISE_BEZIER_KNOTS.);
#1327 = CARTESIAN_POINT('',(0.103970754636,0.39,0.218839132161));
#1328 = CARTESIAN_POINT('',(0.103970754636,0.39,0.219706722257));
#1329 = CARTESIAN_POINT('',(0.103970754636,0.39,0.220574312353));
#1330 = CARTESIAN_POINT('',(0.103970754636,0.39,0.221731106502));
#1331 = ORIENTED_EDGE('',*,*,#1332,.F.);
#1332 = EDGE_CURVE('',#1333,#1324,#1335,.T.);
#1333 = VERTEX_POINT('',#1334);
#1334 = CARTESIAN_POINT('',(0.132890498047,0.39,0.189919388749));
#1335 = B_SPLINE_CURVE_WITH_KNOTS('',3,(#1336,#1337,#1338,#1339),
  .UNSPECIFIED.,.F.,.F.,(4,4),(10.,11.),.PIECEWISE_BEZIER_KNOTS.);
#1336 = CARTESIAN_POINT('',(0.132890498047,0.39,0.189919388749));
#1337 = CARTESIAN_POINT('',(0.116984639171,0.39,0.189919388749));
#1338 = CARTESIAN_POINT('',(0.103970754636,0.39,0.202933273285));
#1339 = CARTESIAN_POINT('',(0.103970754636,0.39,0.218839132161));
#1340 = ORIENTED_EDGE('',*,*,#1341,.F.);
#1341 = EDGE_CURVE('',#1342,#1333,#1344,.T.);
#1342 = VERTEX_POINT('',#1343);
#1343 = CARTESIAN_POINT('',(0.160364257046,0.39,0.209584812063));
#1344 = B_SPLINE_CURVE_WITH_KNOTS('',3,(#1345,#1346,#1347,#1348),
  .UNSPECIFIED.,.F.,.F.,(4,4),(9.,10.),.PIECEWISE_BEZIER_KNOTS.);
#1345 = CARTESIAN_POINT('',(0.160364257046,0.39,0.209584812063));
#1346 = CARTESIAN_POINT('',(0.156604689851,0.39,0.198016914698));
#1347 = CARTESIAN_POINT('',(0.145615189561,0.39,0.189919388749));
#1348 = CARTESIAN_POINT('',(0.132890498047,0.39,0.189919388749));
#1349 = ORIENTED_EDGE('',*,*,#1350,.F.);
#1350 = EDGE_CURVE('',#1351,#1342,#1353,.T.);
#1351 = VERTEX_POINT('',#1352);
#1352 = CARTESIAN_POINT('',(0.183500051775,0.39,0.223466286694));
#1353 = B_SPLINE_CURVE_WITH_KNOTS('',3,(#1354,#1355,#1356,#1357),
  .UNSPECIFIED.,.F.,.F.,(4,4),(8.,9.),.PIECEWISE_BEZIER_KNOTS.);
#1354 = CARTESIAN_POINT('',(0.183500051775,0.39,0.223466286694));
#1355 = CARTESIAN_POINT('',(0.177137708777,0.39,0.216525543862));
#1356 = CARTESIAN_POINT('',(0.169329375849,0.39,0.211898389329));
#1357 = CARTESIAN_POINT('',(0.160364257046,0.39,0.209584812063));
#1358 = ORIENTED_EDGE('',*,*,#1359,.F.);
#1359 = EDGE_CURVE('',#1360,#1351,#1362,.T.);
#1360 = VERTEX_POINT('',#1361);
#1361 = CARTESIAN_POINT('',(0.195646343457,0.39,0.254988800393));
#1362 = B_SPLINE_CURVE_WITH_KNOTS('',3,(#1363,#1364,#1365,#1366),
  .UNSPECIFIED.,.F.,.F.,(4,4),(7.,8.),.PIECEWISE_BEZIER_KNOTS.);
#1363 = CARTESIAN_POINT('',(0.195646343457,0.39,0.254988800393));
#1364 = CARTESIAN_POINT('',(0.195646343457,0.39,0.243420903029));
#1365 = CARTESIAN_POINT('',(0.191308381945,0.39,0.232142198685));
#1366 = CARTESIAN_POINT('',(0.183500051775,0.39,0.223466286694));
#1367 = ORIENTED_EDGE('',*,*,#1368,.F.);
#1368 = EDGE_CURVE('',#1369,#1360,#1371,.T.);
#1369 = VERTEX_POINT('',#1370);
#1370 = CARTESIAN_POINT('',(0.182054056331,0.39,0.287957304021));
#1371 = B_SPLINE_CURVE_WITH_KNOTS('',3,(#1372,#1373,#1374,#1375),
  .UNSPECIFIED.,.F.,.F.,(4,4),(6.,7.),.PIECEWISE_BEZIER_KNOTS.);
#1372 = CARTESIAN_POINT('',(0.182054056331,0.39,0.287957304021));
#1373 = CARTESIAN_POINT('',(0.190729986939,0.39,0.279281383756));
#1374 = CARTESIAN_POINT('',(0.195646343457,0.39,0.267424287854));
#1375 = CARTESIAN_POINT('',(0.195646343457,0.39,0.254988800393));
#1376 = ORIENTED_EDGE('',*,*,#1377,.F.);
#1377 = EDGE_CURVE('',#1378,#1369,#1380,.T.);
#1378 = VERTEX_POINT('',#1379);
#1379 = CARTESIAN_POINT('',(0.148796351408,0.39,0.30183878141));
#1380 = B_SPLINE_CURVE_WITH_KNOTS('',3,(#1381,#1382,#1383,#1384),
  .UNSPECIFIED.,.F.,.F.,(4,4),(5.,6.),.PIECEWISE_BEZIER_KNOTS.);
#1381 = CARTESIAN_POINT('',(0.148796351408,0.39,0.30183878141));
#1382 = CARTESIAN_POINT('',(0.161231841626,0.39,0.30183878141));
#1383 = CARTESIAN_POINT('',(0.17308893477,0.39,0.296922425582));
#1384 = CARTESIAN_POINT('',(0.182054056331,0.39,0.287957304021));
#1385 = ORIENTED_EDGE('',*,*,#1386,.F.);
#1386 = EDGE_CURVE('',#1387,#1378,#1389,.T.);
#1387 = VERTEX_POINT('',#1388);
#1388 = CARTESIAN_POINT('',(0.14214481263,0.39,0.301260387094));
#1389 = B_SPLINE_CURVE_WITH_KNOTS('',3,(#1390,#1391,#1392,#1393),
  .UNSPECIFIED.,.F.,.F.,(4,4),(4.,5.),.PIECEWISE_BEZIER_KNOTS.);
#1390 = CARTESIAN_POINT('',(0.14214481263,0.39,0.301260387094));
#1391 = CARTESIAN_POINT('',(0.144458389896,0.39,0.301549585631));
#1392 = CARTESIAN_POINT('',(0.146482774141,0.39,0.30183878141));
#1393 = CARTESIAN_POINT('',(0.148796351408,0.39,0.30183878141));
#1394 = ORIENTED_EDGE('',*,*,#1395,.F.);
#1395 = EDGE_CURVE('',#1396,#1387,#1398,.T.);
#1396 = VERTEX_POINT('',#1397);
#1397 = CARTESIAN_POINT('',(0.129420126632,0.39,0.31398507447));
#1398 = B_SPLINE_CURVE_WITH_KNOTS('',3,(#1399,#1400,#1401,#1402),
  .UNSPECIFIED.,.F.,.F.,(4,4),(3.,4.),.PIECEWISE_BEZIER_KNOTS.);
#1399 = CARTESIAN_POINT('',(0.129420126632,0.39,0.31398507447));
#1400 = CARTESIAN_POINT('',(0.134336485218,0.39,0.310514704434));
#1401 = CARTESIAN_POINT('',(0.138385248192,0.39,0.306176742922));
#1402 = CARTESIAN_POINT('',(0.14214481263,0.39,0.301260387094));
#1403 = ORIENTED_EDGE('',*,*,#1404,.F.);
#1404 = EDGE_CURVE('',#1405,#1396,#1407,.T.);
#1405 = VERTEX_POINT('',#1406);
#1406 = CARTESIAN_POINT('',(9.471643453794E-02,0.39,0.325263774677));
#1407 = B_SPLINE_CURVE_WITH_KNOTS('',3,(#1408,#1409,#1410,#1411),
  .UNSPECIFIED.,.F.,.F.,(4,4),(2.,3.),.PIECEWISE_BEZIER_KNOTS.);
#1408 = CARTESIAN_POINT('',(9.471643453794E-02,0.39,0.325263774677));
#1409 = CARTESIAN_POINT('',(0.107441120536,0.39,0.325263774677));
#1410 = CARTESIAN_POINT('',(0.119298216438,0.39,0.321215010668));
#1411 = CARTESIAN_POINT('',(0.129420126632,0.39,0.31398507447));
#1412 = ORIENTED_EDGE('',*,*,#1413,.F.);
#1413 = EDGE_CURVE('',#1136,#1405,#1414,.T.);
#1414 = B_SPLINE_CURVE_WITH_KNOTS('',3,(#1415,#1416,#1417,#1418),
  .UNSPECIFIED.,.F.,.F.,(4,4),(1.,2.),.PIECEWISE_BEZIER_KNOTS.);
#1415 = CARTESIAN_POINT('',(5.538558791106E-02,0.39,0.310225507275));
#1416 = CARTESIAN_POINT('',(6.637508820105E-02,0.39,0.319769023498));
#1417 = CARTESIAN_POINT('',(8.025656283225E-02,0.39,0.325263774677));
#1418 = CARTESIAN_POINT('',(9.471643453794E-02,0.39,0.325263774677));
#1419 = B_SPLINE_SURFACE_WITH_KNOTS('',1,1,(
    (#1420,#1421)
    ,(#1422,#1423
    )),.UNSPECIFIED.,.F.,.F.,.F.,(2,2),(2,2),(-0.46,-2.E-02),(
    0.205888198541,1.294111801459),.PIECEWISE_BEZIER_KNOTS.);
#1420 = CARTESIAN_POINT('',(-0.544111801459,0.39,3.00001E-02));
#1421 = CARTESIAN_POINT('',(0.544111801459,0.39,3.00001E-02));
#1422 = CARTESIAN_POINT('',(-0.544111801459,0.39,0.4700001));
#1423 = CARTESIAN_POINT('',(0.544111801459,0.39,0.4700001));
#1424 = ADVANCED_FACE('',(#1425),#1449,.T.);
#1425 = FACE_BOUND('',#1426,.T.);
#1426 = EDGE_LOOP('',(#1427,#1436,#1444));
#1427 = ORIENTED_EDGE('',*,*,#1428,.T.);
#1428 = EDGE_CURVE('',#1429,#1431,#1433,.T.);
#1429 = VERTEX_POINT('',#1430);
#1430 = CARTESIAN_POINT('',(0.550955868282,0.390000000001,
    2.679591920379E-03));
#1431 = VERTEX_POINT('',#1432);
#1432 = CARTESIAN_POINT('',(0.550955868281,0.39,1.428703883328E-02));
#1433 = B_SPLINE_CURVE_WITH_KNOTS('',1,(#1434,#1435),.UNSPECIFIED.,.F.,
  .F.,(2,2),(-7.320508079621E-03,4.286938833275E-03),
  .PIECEWISE_BEZIER_KNOTS.);
#1434 = CARTESIAN_POINT('',(0.550955868281,0.39,2.679591920379E-03));
#1435 = CARTESIAN_POINT('',(0.550955868281,0.39,1.428703883328E-02));
#1436 = ORIENTED_EDGE('',*,*,#1437,.T.);
#1437 = EDGE_CURVE('',#1431,#1438,#1440,.T.);
#1438 = VERTEX_POINT('',#1439);
#1439 = CARTESIAN_POINT('',(0.556378346734,0.39,2.679591924311E-03));
#1440 = ( BOUNDED_CURVE() B_SPLINE_CURVE(2,(#1441,#1442,#1443),
.UNSPECIFIED.,.F.,.F.) B_SPLINE_CURVE_WITH_KNOTS((3,3),(1.996599116039,
2.019049939475),.PIECEWISE_BEZIER_KNOTS.) CURVE() 
GEOMETRIC_REPRESENTATION_ITEM() RATIONAL_B_SPLINE_CURVE((1.,
0.999936995727,1.)) REPRESENTATION_ITEM('') );
#1441 = CARTESIAN_POINT('',(0.550955868281,0.39,1.428703883328E-02));
#1442 = CARTESIAN_POINT('',(0.553601955586,0.39,8.452879323789E-03));
#1443 = CARTESIAN_POINT('',(0.556378346734,0.39,2.679591924311E-03));
#1444 = ORIENTED_EDGE('',*,*,#1445,.F.);
#1445 = EDGE_CURVE('',#1429,#1438,#1446,.T.);
#1446 = B_SPLINE_CURVE_WITH_KNOTS('',1,(#1447,#1448),.UNSPECIFIED.,.F.,
  .F.,(2,2),(5.095586828163E-02,5.637834673364E-02),
  .PIECEWISE_BEZIER_KNOTS.);
#1447 = CARTESIAN_POINT('',(0.550955868282,0.39,2.679591924311E-03));
#1448 = CARTESIAN_POINT('',(0.556378346734,0.39,2.679591924311E-03));
#1449 = B_SPLINE_SURFACE_WITH_KNOTS('',1,1,(
    (#1450,#1451)
    ,(#1452,#1453
    )),.UNSPECIFIED.,.F.,.F.,.F.,(2,2),(2,2),(-0.48732050808,
    -0.475713061167),(1.300955868281,1.306378346734),
  .PIECEWISE_BEZIER_KNOTS.);
#1450 = CARTESIAN_POINT('',(0.550955868281,0.39,2.679591920379E-03));
#1451 = CARTESIAN_POINT('',(0.556378346734,0.39,2.679591920379E-03));
#1452 = CARTESIAN_POINT('',(0.550955868281,0.39,1.428703883328E-02));
#1453 = CARTESIAN_POINT('',(0.556378346734,0.39,1.428703883328E-02));
#1454 = ADVANCED_FACE('',(#1455),#1479,.T.);
#1455 = FACE_BOUND('',#1456,.T.);
#1456 = EDGE_LOOP('',(#1457,#1467,#1474));
#1457 = ORIENTED_EDGE('',*,*,#1458,.F.);
#1458 = EDGE_CURVE('',#1459,#1461,#1463,.T.);
#1459 = VERTEX_POINT('',#1460);
#1460 = CARTESIAN_POINT('',(-0.550955868281,0.39,1.428703883328E-02));
#1461 = VERTEX_POINT('',#1462);
#1462 = CARTESIAN_POINT('',(-0.556378346734,0.39,2.679591924311E-03));
#1463 = ( BOUNDED_CURVE() B_SPLINE_CURVE(2,(#1464,#1465,#1466),
.UNSPECIFIED.,.F.,.F.) B_SPLINE_CURVE_WITH_KNOTS((3,3),(1.996599116039,
2.019049939475),.PIECEWISE_BEZIER_KNOTS.) CURVE() 
GEOMETRIC_REPRESENTATION_ITEM() RATIONAL_B_SPLINE_CURVE((1.,
0.999936995727,1.)) REPRESENTATION_ITEM('') );
#1464 = CARTESIAN_POINT('',(-0.550955868281,0.39,1.428703883328E-02));
#1465 = CARTESIAN_POINT('',(-0.553601955586,0.39,8.452879323789E-03));
#1466 = CARTESIAN_POINT('',(-0.556378346734,0.39,2.679591924311E-03));
#1467 = ORIENTED_EDGE('',*,*,#1468,.F.);
#1468 = EDGE_CURVE('',#1469,#1459,#1471,.T.);
#1469 = VERTEX_POINT('',#1470);
#1470 = CARTESIAN_POINT('',(-0.550955868281,0.39,2.679591924311E-03));
#1471 = B_SPLINE_CURVE_WITH_KNOTS('',1,(#1472,#1473),.UNSPECIFIED.,.F.,
  .F.,(2,2),(-7.320508075689E-03,4.286938833275E-03),
  .PIECEWISE_BEZIER_KNOTS.);
#1472 = CARTESIAN_POINT('',(-0.550955868281,0.39,2.679591924311E-03));
#1473 = CARTESIAN_POINT('',(-0.550955868281,0.39,1.428703883328E-02));
#1474 = ORIENTED_EDGE('',*,*,#1475,.F.);
#1475 = EDGE_CURVE('',#1461,#1469,#1476,.T.);
#1476 = B_SPLINE_CURVE_WITH_KNOTS('',1,(#1477,#1478),.UNSPECIFIED.,.F.,
  .F.,(2,2),(-5.637834673364E-02,-5.095586828139E-02),
  .PIECEWISE_BEZIER_KNOTS.);
#1477 = CARTESIAN_POINT('',(-0.556378346734,0.39,2.679591924311E-03));
#1478 = CARTESIAN_POINT('',(-0.550955868281,0.39,2.679591924311E-03));
#1479 = B_SPLINE_SURFACE_WITH_KNOTS('',1,1,(
    (#1480,#1481)
    ,(#1482,#1483
    )),.UNSPECIFIED.,.F.,.F.,.F.,(2,2),(2,2),(-0.487320508076,
    -0.475713061167),(0.193621653266,0.199044131719),
  .PIECEWISE_BEZIER_KNOTS.);
#1480 = CARTESIAN_POINT('',(-0.556378346734,0.39,2.679591924311E-03));
#1481 = CARTESIAN_POINT('',(-0.550955868281,0.39,2.679591924311E-03));
#1482 = CARTESIAN_POINT('',(-0.556378346734,0.39,1.428703883328E-02));
#1483 = CARTESIAN_POINT('',(-0.550955868281,0.39,1.428703883328E-02));
#1484 = ADVANCED_FACE('',(#1485),#1509,.T.);
#1485 = FACE_BOUND('',#1486,.T.);
#1486 = EDGE_LOOP('',(#1487,#1497,#1504));
#1487 = ORIENTED_EDGE('',*,*,#1488,.T.);
#1488 = EDGE_CURVE('',#1489,#1491,#1493,.T.);
#1489 = VERTEX_POINT('',#1490);
#1490 = CARTESIAN_POINT('',(0.556378346734,0.39,0.497320608076));
#1491 = VERTEX_POINT('',#1492);
#1492 = CARTESIAN_POINT('',(0.550955868281,0.39,0.485713161167));
#1493 = ( BOUNDED_CURVE() B_SPLINE_CURVE(2,(#1494,#1495,#1496),
.UNSPECIFIED.,.F.,.F.) B_SPLINE_CURVE_WITH_KNOTS((3,3),(1.122542714115,
1.144993537551),.PIECEWISE_BEZIER_KNOTS.) CURVE() 
GEOMETRIC_REPRESENTATION_ITEM() RATIONAL_B_SPLINE_CURVE((1.,
0.999936995727,1.)) REPRESENTATION_ITEM('') );
#1494 = CARTESIAN_POINT('',(0.556378346734,0.39,0.497320608076));
#1495 = CARTESIAN_POINT('',(0.553601955586,0.39,0.491547320676));
#1496 = CARTESIAN_POINT('',(0.550955868281,0.39,0.485713161167));
#1497 = ORIENTED_EDGE('',*,*,#1498,.T.);
#1498 = EDGE_CURVE('',#1491,#1499,#1501,.T.);
#1499 = VERTEX_POINT('',#1500);
#1500 = CARTESIAN_POINT('',(0.550955868282,0.390000000001,0.49732060808)
  );
#1501 = B_SPLINE_CURVE_WITH_KNOTS('',1,(#1502,#1503),.UNSPECIFIED.,.F.,
  .F.,(2,2),(-4.286938833275E-03,7.320508079621E-03),
  .PIECEWISE_BEZIER_KNOTS.);
#1502 = CARTESIAN_POINT('',(0.550955868281,0.39,0.485713161167));
#1503 = CARTESIAN_POINT('',(0.550955868281,0.39,0.49732060808));
#1504 = ORIENTED_EDGE('',*,*,#1505,.F.);
#1505 = EDGE_CURVE('',#1489,#1499,#1506,.T.);
#1506 = B_SPLINE_CURVE_WITH_KNOTS('',1,(#1507,#1508),.UNSPECIFIED.,.F.,
  .F.,(2,2),(-5.637834673364E-02,-5.095586828163E-02),
  .PIECEWISE_BEZIER_KNOTS.);
#1507 = CARTESIAN_POINT('',(0.556378346734,0.39,0.497320608076));
#1508 = CARTESIAN_POINT('',(0.550955868282,0.39,0.497320608076));
#1509 = B_SPLINE_SURFACE_WITH_KNOTS('',1,1,(
    (#1510,#1511)
    ,(#1512,#1513
    )),.UNSPECIFIED.,.F.,.F.,.F.,(2,2),(2,2),(-4.286938833275E-03,
    7.320508079621E-03),(1.300955868281,1.306378346734),
  .PIECEWISE_BEZIER_KNOTS.);
#1510 = CARTESIAN_POINT('',(0.550955868281,0.39,0.485713161167));
#1511 = CARTESIAN_POINT('',(0.556378346734,0.39,0.485713161167));
#1512 = CARTESIAN_POINT('',(0.550955868281,0.39,0.49732060808));
#1513 = CARTESIAN_POINT('',(0.556378346734,0.39,0.49732060808));
#1514 = ADVANCED_FACE('',(#1515),#1547,.T.);
#1515 = FACE_BOUND('',#1516,.T.);
#1516 = EDGE_LOOP('',(#1517,#1527,#1534,#1542));
#1517 = ORIENTED_EDGE('',*,*,#1518,.T.);
#1518 = EDGE_CURVE('',#1519,#1521,#1523,.T.);
#1519 = VERTEX_POINT('',#1520);
#1520 = CARTESIAN_POINT('',(-0.544111801459,-0.39,0.4700001));
#1521 = VERTEX_POINT('',#1522);
#1522 = CARTESIAN_POINT('',(-0.544111801459,-0.39,3.00001E-02));
#1523 = ( BOUNDED_CURVE() B_SPLINE_CURVE(2,(#1524,#1525,#1526),
.UNSPECIFIED.,.F.,.F.) B_SPLINE_CURVE_WITH_KNOTS((3,3),(1.175028017194,
1.966564636396),.PIECEWISE_BEZIER_KNOTS.) CURVE() 
GEOMETRIC_REPRESENTATION_ITEM() RATIONAL_B_SPLINE_CURVE((1.,
0.922700640144,1.)) REPRESENTATION_ITEM('') );
#1524 = CARTESIAN_POINT('',(-0.544111801459,-0.39,0.4700001));
#1525 = CARTESIAN_POINT('',(-0.452192726937,-0.39,0.2500001));
#1526 = CARTESIAN_POINT('',(-0.544111801459,-0.39,3.00001E-02));
#1527 = ORIENTED_EDGE('',*,*,#1528,.T.);
#1528 = EDGE_CURVE('',#1521,#1529,#1531,.T.);
#1529 = VERTEX_POINT('',#1530);
#1530 = CARTESIAN_POINT('',(0.544111801459,-0.39,3.00001E-02));
#1531 = B_SPLINE_CURVE_WITH_KNOTS('',1,(#1532,#1533),.UNSPECIFIED.,.F.,
  .F.,(2,2),(0.205888198541,1.294111801459),.PIECEWISE_BEZIER_KNOTS.);
#1532 = CARTESIAN_POINT('',(-0.544111801459,-0.39,3.00001E-02));
#1533 = CARTESIAN_POINT('',(0.544111801459,-0.39,3.00001E-02));
#1534 = ORIENTED_EDGE('',*,*,#1535,.F.);
#1535 = EDGE_CURVE('',#1536,#1529,#1538,.T.);
#1536 = VERTEX_POINT('',#1537);
#1537 = CARTESIAN_POINT('',(0.544111801459,-0.39,0.4700001));
#1538 = ( BOUNDED_CURVE() B_SPLINE_CURVE(2,(#1539,#1540,#1541),
.UNSPECIFIED.,.F.,.F.) B_SPLINE_CURVE_WITH_KNOTS((3,3),(1.175028017194,
1.966564636396),.PIECEWISE_BEZIER_KNOTS.) CURVE() 
GEOMETRIC_REPRESENTATION_ITEM() RATIONAL_B_SPLINE_CURVE((1.,
0.922700640144,1.)) REPRESENTATION_ITEM('') );
#1539 = CARTESIAN_POINT('',(0.544111801459,-0.39,0.4700001));
#1540 = CARTESIAN_POINT('',(0.452192726937,-0.39,0.2500001));
#1541 = CARTESIAN_POINT('',(0.544111801459,-0.39,3.00001E-02));
#1542 = ORIENTED_EDGE('',*,*,#1543,.T.);
#1543 = EDGE_CURVE('',#1536,#1519,#1544,.T.);
#1544 = B_SPLINE_CURVE_WITH_KNOTS('',1,(#1545,#1546),.UNSPECIFIED.,.F.,
  .F.,(2,2),(-1.294111801459,-0.205888198541),.PIECEWISE_BEZIER_KNOTS.);
#1545 = CARTESIAN_POINT('',(0.544111801459,-0.39,0.4700001));
#1546 = CARTESIAN_POINT('',(-0.544111801459,-0.39,0.4700001));
#1547 = B_SPLINE_SURFACE_WITH_KNOTS('',1,1,(
    (#1548,#1549)
    ,(#1550,#1551
  )),.UNSPECIFIED.,.F.,.F.,.F.,(2,2),(2,2),(2.E-02,0.46),(0.205888198541
    ,1.294111801459),.PIECEWISE_BEZIER_KNOTS.);
#1548 = CARTESIAN_POINT('',(-0.544111801459,-0.39,0.4700001));
#1549 = CARTESIAN_POINT('',(0.544111801459,-0.39,0.4700001));
#1550 = CARTESIAN_POINT('',(-0.544111801459,-0.39,3.00001E-02));
#1551 = CARTESIAN_POINT('',(0.544111801459,-0.39,3.00001E-02));
#1552 = ADVANCED_FACE('',(#1553),#1577,.T.);
#1553 = FACE_BOUND('',#1554,.T.);
#1554 = EDGE_LOOP('',(#1555,#1565,#1572));
#1555 = ORIENTED_EDGE('',*,*,#1556,.F.);
#1556 = EDGE_CURVE('',#1557,#1559,#1561,.T.);
#1557 = VERTEX_POINT('',#1558);
#1558 = CARTESIAN_POINT('',(0.550955868281,-0.39,1.428703883328E-02));
#1559 = VERTEX_POINT('',#1560);
#1560 = CARTESIAN_POINT('',(0.556378346734,-0.39,2.679591924311E-03));
#1561 = ( BOUNDED_CURVE() B_SPLINE_CURVE(2,(#1562,#1563,#1564),
.UNSPECIFIED.,.F.,.F.) B_SPLINE_CURVE_WITH_KNOTS((3,3),(1.996599116039,
2.019049939475),.PIECEWISE_BEZIER_KNOTS.) CURVE() 
GEOMETRIC_REPRESENTATION_ITEM() RATIONAL_B_SPLINE_CURVE((1.,
0.999936995727,1.)) REPRESENTATION_ITEM('') );
#1562 = CARTESIAN_POINT('',(0.550955868281,-0.39,1.428703883327E-02));
#1563 = CARTESIAN_POINT('',(0.553601955586,-0.39,8.452879323788E-03));
#1564 = CARTESIAN_POINT('',(0.556378346734,-0.39,2.679591924311E-03));
#1565 = ORIENTED_EDGE('',*,*,#1566,.T.);
#1566 = EDGE_CURVE('',#1557,#1567,#1569,.T.);
#1567 = VERTEX_POINT('',#1568);
#1568 = CARTESIAN_POINT('',(0.550955868281,-0.39,2.679591924311E-03));
#1569 = B_SPLINE_CURVE_WITH_KNOTS('',1,(#1570,#1571),.UNSPECIFIED.,.F.,
  .F.,(2,2),(-4.286938833275E-03,7.320508075689E-03),
  .PIECEWISE_BEZIER_KNOTS.);
#1570 = CARTESIAN_POINT('',(0.550955868281,-0.39,1.428703883328E-02));
#1571 = CARTESIAN_POINT('',(0.550955868281,-0.39,2.679591924311E-03));
#1572 = ORIENTED_EDGE('',*,*,#1573,.F.);
#1573 = EDGE_CURVE('',#1559,#1567,#1574,.T.);
#1574 = B_SPLINE_CURVE_WITH_KNOTS('',1,(#1575,#1576),.UNSPECIFIED.,.F.,
  .F.,(2,2),(-5.637834673364E-02,-5.095586828139E-02),
  .PIECEWISE_BEZIER_KNOTS.);
#1575 = CARTESIAN_POINT('',(0.556378346734,-0.39,2.679591924311E-03));
#1576 = CARTESIAN_POINT('',(0.550955868281,-0.39,2.679591924311E-03));
#1577 = B_SPLINE_SURFACE_WITH_KNOTS('',1,1,(
    (#1578,#1579)
    ,(#1580,#1581
    )),.UNSPECIFIED.,.F.,.F.,.F.,(2,2),(2,2),(0.475713061167,
    0.487320508076),(1.300955868281,1.306378346734),
  .PIECEWISE_BEZIER_KNOTS.);
#1578 = CARTESIAN_POINT('',(0.550955868281,-0.39,1.428703883327E-02));
#1579 = CARTESIAN_POINT('',(0.556378346734,-0.39,1.428703883327E-02));
#1580 = CARTESIAN_POINT('',(0.550955868281,-0.39,2.679591924311E-03));
#1581 = CARTESIAN_POINT('',(0.556378346734,-0.39,2.679591924311E-03));
#1582 = ADVANCED_FACE('',(#1583),#1607,.T.);
#1583 = FACE_BOUND('',#1584,.T.);
#1584 = EDGE_LOOP('',(#1585,#1594,#1602));
#1585 = ORIENTED_EDGE('',*,*,#1586,.F.);
#1586 = EDGE_CURVE('',#1587,#1589,#1591,.T.);
#1587 = VERTEX_POINT('',#1588);
#1588 = CARTESIAN_POINT('',(0.550955868281,-0.39,0.485713161167));
#1589 = VERTEX_POINT('',#1590);
#1590 = CARTESIAN_POINT('',(0.550955868283,-0.390000000005,
    0.497320608083));
#1591 = B_SPLINE_CURVE_WITH_KNOTS('',1,(#1592,#1593),.UNSPECIFIED.,.F.,
  .F.,(2,2),(-4.286938833275E-03,7.320508082665E-03),
  .PIECEWISE_BEZIER_KNOTS.);
#1592 = CARTESIAN_POINT('',(0.550955868281,-0.39,0.485713161167));
#1593 = CARTESIAN_POINT('',(0.550955868281,-0.39,0.497320608083));
#1594 = ORIENTED_EDGE('',*,*,#1595,.F.);
#1595 = EDGE_CURVE('',#1596,#1587,#1598,.T.);
#1596 = VERTEX_POINT('',#1597);
#1597 = CARTESIAN_POINT('',(0.556378346734,-0.39,0.497320608076));
#1598 = ( BOUNDED_CURVE() B_SPLINE_CURVE(2,(#1599,#1600,#1601),
.UNSPECIFIED.,.F.,.F.) B_SPLINE_CURVE_WITH_KNOTS((3,3),(1.122542714115,
1.144993537551),.PIECEWISE_BEZIER_KNOTS.) CURVE() 
GEOMETRIC_REPRESENTATION_ITEM() RATIONAL_B_SPLINE_CURVE((1.,
0.999936995727,1.)) REPRESENTATION_ITEM('') );
#1599 = CARTESIAN_POINT('',(0.556378346734,-0.39,0.497320608076));
#1600 = CARTESIAN_POINT('',(0.553601955586,-0.39,0.491547320676));
#1601 = CARTESIAN_POINT('',(0.550955868281,-0.39,0.485713161167));
#1602 = ORIENTED_EDGE('',*,*,#1603,.F.);
#1603 = EDGE_CURVE('',#1589,#1596,#1604,.T.);
#1604 = B_SPLINE_CURVE_WITH_KNOTS('',1,(#1605,#1606),.UNSPECIFIED.,.F.,
  .F.,(2,2),(5.095586828251E-02,5.637834673364E-02),
  .PIECEWISE_BEZIER_KNOTS.);
#1605 = CARTESIAN_POINT('',(0.550955868283,-0.39,0.497320608076));
#1606 = CARTESIAN_POINT('',(0.556378346734,-0.39,0.497320608076));
#1607 = B_SPLINE_SURFACE_WITH_KNOTS('',1,1,(
    (#1608,#1609)
    ,(#1610,#1611
    )),.UNSPECIFIED.,.F.,.F.,.F.,(2,2),(2,2),(-7.320508082665E-03,
    4.286938833275E-03),(1.300955868281,1.306378346734),
  .PIECEWISE_BEZIER_KNOTS.);
#1608 = CARTESIAN_POINT('',(0.550955868281,-0.39,0.497320608083));
#1609 = CARTESIAN_POINT('',(0.556378346734,-0.39,0.497320608083));
#1610 = CARTESIAN_POINT('',(0.550955868281,-0.39,0.485713161167));
#1611 = CARTESIAN_POINT('',(0.556378346734,-0.39,0.485713161167));
#1612 = ADVANCED_FACE('',(#1613),#1637,.T.);
#1613 = FACE_BOUND('',#1614,.T.);
#1614 = EDGE_LOOP('',(#1615,#1624,#1632));
#1615 = ORIENTED_EDGE('',*,*,#1616,.F.);
#1616 = EDGE_CURVE('',#1617,#1619,#1621,.T.);
#1617 = VERTEX_POINT('',#1618);
#1618 = CARTESIAN_POINT('',(-0.550955868281,-0.39,1.428703883328E-02));
#1619 = VERTEX_POINT('',#1620);
#1620 = CARTESIAN_POINT('',(-0.550955868281,-0.39,2.679591924311E-03));
#1621 = B_SPLINE_CURVE_WITH_KNOTS('',1,(#1622,#1623),.UNSPECIFIED.,.F.,
  .F.,(2,2),(-4.286938833275E-03,7.320508075689E-03),
  .PIECEWISE_BEZIER_KNOTS.);
#1622 = CARTESIAN_POINT('',(-0.550955868281,-0.39,1.428703883328E-02));
#1623 = CARTESIAN_POINT('',(-0.550955868281,-0.39,2.679591924311E-03));
#1624 = ORIENTED_EDGE('',*,*,#1625,.T.);
#1625 = EDGE_CURVE('',#1617,#1626,#1628,.T.);
#1626 = VERTEX_POINT('',#1627);
#1627 = CARTESIAN_POINT('',(-0.556378346734,-0.39,2.679591924311E-03));
#1628 = ( BOUNDED_CURVE() B_SPLINE_CURVE(2,(#1629,#1630,#1631),
.UNSPECIFIED.,.F.,.F.) B_SPLINE_CURVE_WITH_KNOTS((3,3),(1.996599116039,
2.019049939475),.PIECEWISE_BEZIER_KNOTS.) CURVE() 
GEOMETRIC_REPRESENTATION_ITEM() RATIONAL_B_SPLINE_CURVE((1.,
0.999936995727,1.)) REPRESENTATION_ITEM('') );
#1629 = CARTESIAN_POINT('',(-0.550955868281,-0.39,1.428703883327E-02));
#1630 = CARTESIAN_POINT('',(-0.553601955586,-0.39,8.452879323788E-03));
#1631 = CARTESIAN_POINT('',(-0.556378346734,-0.39,2.679591924311E-03));
#1632 = ORIENTED_EDGE('',*,*,#1633,.F.);
#1633 = EDGE_CURVE('',#1619,#1626,#1634,.T.);
#1634 = B_SPLINE_CURVE_WITH_KNOTS('',1,(#1635,#1636),.UNSPECIFIED.,.F.,
  .F.,(2,2),(5.095586828139E-02,5.637834673364E-02),
  .PIECEWISE_BEZIER_KNOTS.);
#1635 = CARTESIAN_POINT('',(-0.550955868281,-0.39,2.679591924311E-03));
#1636 = CARTESIAN_POINT('',(-0.556378346734,-0.39,2.679591924311E-03));
#1637 = B_SPLINE_SURFACE_WITH_KNOTS('',1,1,(
    (#1638,#1639)
    ,(#1640,#1641
    )),.UNSPECIFIED.,.F.,.F.,.F.,(2,2),(2,2),(0.475713061167,
    0.487320508076),(0.193621653266,0.199044131719),
  .PIECEWISE_BEZIER_KNOTS.);
#1638 = CARTESIAN_POINT('',(-0.556378346734,-0.39,1.428703883327E-02));
#1639 = CARTESIAN_POINT('',(-0.550955868281,-0.39,1.428703883327E-02));
#1640 = CARTESIAN_POINT('',(-0.556378346734,-0.39,2.679591924311E-03));
#1641 = CARTESIAN_POINT('',(-0.550955868281,-0.39,2.679591924311E-03));
#1642 = ADVANCED_FACE('',(#1643,#1701,#1772,#1858,#2034,#2078),#2110,.T.
  );
#1643 = FACE_BOUND('',#1644,.T.);
#1644 = EDGE_LOOP('',(#1645,#1654,#1661,#1668,#1675,#1682,#1689,#1696));
#1645 = ORIENTED_EDGE('',*,*,#1646,.T.);
#1646 = EDGE_CURVE('',#1647,#1649,#1651,.T.);
#1647 = VERTEX_POINT('',#1648);
#1648 = CARTESIAN_POINT('',(-0.158581016777,4.453615376E-02,1.00001E-02)
  );
#1649 = VERTEX_POINT('',#1650);
#1650 = CARTESIAN_POINT('',(-0.171995650924,4.453615376E-02,1.00001E-02)
  );
#1651 = B_SPLINE_CURVE_WITH_KNOTS('',1,(#1652,#1653),.UNSPECIFIED.,.F.,
  .F.,(2,2),(0.,1.341463414634E-02),.PIECEWISE_BEZIER_KNOTS.);
#1652 = CARTESIAN_POINT('',(-0.158581016777,4.453615376E-02,1.00001E-02)
  );
#1653 = CARTESIAN_POINT('',(-0.171995650924,4.453615376E-02,1.00001E-02)
  );
#1654 = ORIENTED_EDGE('',*,*,#1655,.T.);
#1655 = EDGE_CURVE('',#1649,#1656,#1658,.T.);
#1656 = VERTEX_POINT('',#1657);
#1657 = CARTESIAN_POINT('',(-0.211020041168,-5.546384624E-02,1.00001E-02
    ));
#1658 = B_SPLINE_CURVE_WITH_KNOTS('',1,(#1659,#1660),.UNSPECIFIED.,.F.,
  .F.,(2,2),(-1.371654363519E-17,0.107344785779),
  .PIECEWISE_BEZIER_KNOTS.);
#1659 = CARTESIAN_POINT('',(-0.171995650924,4.453615376E-02,1.00001E-02)
  );
#1660 = CARTESIAN_POINT('',(-0.211020041168,-5.546384624E-02,1.00001E-02
    ));
#1661 = ORIENTED_EDGE('',*,*,#1662,.T.);
#1662 = EDGE_CURVE('',#1656,#1663,#1665,.T.);
#1663 = VERTEX_POINT('',#1664);
#1664 = CARTESIAN_POINT('',(-0.196385894826,-5.546384624E-02,1.00001E-02
    ));
#1665 = B_SPLINE_CURVE_WITH_KNOTS('',1,(#1666,#1667),.UNSPECIFIED.,.F.,
  .F.,(2,2),(0.,1.463414634146E-02),.PIECEWISE_BEZIER_KNOTS.);
#1666 = CARTESIAN_POINT('',(-0.211020041168,-5.546384624E-02,1.00001E-02
    ));
#1667 = CARTESIAN_POINT('',(-0.196385894826,-5.546384624E-02,1.00001E-02
    ));
#1668 = ORIENTED_EDGE('',*,*,#1669,.T.);
#1669 = EDGE_CURVE('',#1663,#1670,#1672,.T.);
#1670 = VERTEX_POINT('',#1671);
#1671 = CARTESIAN_POINT('',(-0.186267754582,-2.741506575219E-02,
    1.00001E-02));
#1672 = B_SPLINE_CURVE_WITH_KNOTS('',1,(#1673,#1674),.UNSPECIFIED.,.F.,
  .F.,(2,2),(0.,2.981796184933E-02),.PIECEWISE_BEZIER_KNOTS.);
#1673 = CARTESIAN_POINT('',(-0.196385894826,-5.546384624E-02,1.00001E-02
    ));
#1674 = CARTESIAN_POINT('',(-0.186267754582,-2.741506575219E-02,
    1.00001E-02));
#1675 = ORIENTED_EDGE('',*,*,#1676,.T.);
#1676 = EDGE_CURVE('',#1670,#1677,#1679,.T.);
#1677 = VERTEX_POINT('',#1678);
#1678 = CARTESIAN_POINT('',(-0.144956778973,-2.741506575219E-02,
    1.00001E-02));
#1679 = B_SPLINE_CURVE_WITH_KNOTS('',1,(#1680,#1681),.UNSPECIFIED.,.F.,
  .F.,(2,2),(0.,4.131097560976E-02),.PIECEWISE_BEZIER_KNOTS.);
#1680 = CARTESIAN_POINT('',(-0.186267754582,-2.741506575219E-02,
    1.00001E-02));
#1681 = CARTESIAN_POINT('',(-0.144956778973,-2.741506575219E-02,
    1.00001E-02));
#1682 = ORIENTED_EDGE('',*,*,#1683,.T.);
#1683 = EDGE_CURVE('',#1677,#1684,#1686,.T.);
#1684 = VERTEX_POINT('',#1685);
#1685 = CARTESIAN_POINT('',(-0.13541028507,-5.546384624E-02,1.00001E-02)
  );
#1686 = B_SPLINE_CURVE_WITH_KNOTS('',1,(#1687,#1688),.UNSPECIFIED.,.F.,
  .F.,(2,2),(0.,2.962886485646E-02),.PIECEWISE_BEZIER_KNOTS.);
#1687 = CARTESIAN_POINT('',(-0.144956778973,-2.741506575219E-02,
    1.00001E-02));
#1688 = CARTESIAN_POINT('',(-0.13541028507,-5.546384624E-02,1.00001E-02)
  );
#1689 = ORIENTED_EDGE('',*,*,#1690,.T.);
#1690 = EDGE_CURVE('',#1684,#1691,#1693,.T.);
#1691 = VERTEX_POINT('',#1692);
#1692 = CARTESIAN_POINT('',(-0.120776138729,-5.546384624E-02,1.00001E-02
    ));
#1693 = B_SPLINE_CURVE_WITH_KNOTS('',1,(#1694,#1695),.UNSPECIFIED.,.F.,
  .F.,(2,2),(0.,1.463414634146E-02),.PIECEWISE_BEZIER_KNOTS.);
#1694 = CARTESIAN_POINT('',(-0.13541028507,-5.546384624E-02,1.00001E-02)
  );
#1695 = CARTESIAN_POINT('',(-0.120776138729,-5.546384624E-02,1.00001E-02
    ));
#1696 = ORIENTED_EDGE('',*,*,#1697,.T.);
#1697 = EDGE_CURVE('',#1691,#1647,#1698,.T.);
#1698 = B_SPLINE_CURVE_WITH_KNOTS('',1,(#1699,#1700),.UNSPECIFIED.,.F.,
  .F.,(2,2),(0.,0.106907477775),.PIECEWISE_BEZIER_KNOTS.);
#1699 = CARTESIAN_POINT('',(-0.120776138729,-5.546384624E-02,1.00001E-02
    ));
#1700 = CARTESIAN_POINT('',(-0.158581016777,4.453615376E-02,1.00001E-02)
  );
#1701 = FACE_BOUND('',#1702,.T.);
#1702 = EDGE_LOOP('',(#1703,#1729,#1736,#1743,#1750));
#1703 = ORIENTED_EDGE('',*,*,#1704,.T.);
#1704 = EDGE_CURVE('',#1705,#1707,#1709,.T.);
#1705 = VERTEX_POINT('',#1706);
#1706 = CARTESIAN_POINT('',(-0.113459065558,-4.206224288777E-03,
    1.00001E-02));
#1707 = VERTEX_POINT('',#1708);
#1708 = CARTESIAN_POINT('',(-6.016257165545E-02,-5.546384624E-02,
    1.00001E-02));
#1709 = B_SPLINE_CURVE_WITH_KNOTS('',3,(#1710,#1711,#1712,#1713,#1714,
    #1715,#1716,#1717,#1718,#1719,#1720,#1721,#1722,#1723,#1724,#1725,
    #1726,#1727,#1728),.UNSPECIFIED.,.F.,.F.,(4,1,1,1,1,1,1,1,1,1,1,1,1,
    1,1,1,4),(0.,6.806869584499E-02,0.133427432819,0.196146033813,
    0.257048592449,0.316882663159,0.376187208666,0.435960335364,
    0.496535236863,0.557465343481,0.61768686341,0.677943640697,
    0.738805284806,0.800949336767,0.86481466747,0.931024781079,1.),
  .UNSPECIFIED.);
#1710 = CARTESIAN_POINT('',(-0.113459065558,-4.206224288777E-03,
    1.00001E-02));
#1711 = CARTESIAN_POINT('',(-0.113418678838,-6.094982739412E-03,
    1.00001E-02));
#1712 = CARTESIAN_POINT('',(-0.113339513278,-9.797304168593E-03,
    1.00001E-02));
#1713 = CARTESIAN_POINT('',(-0.112615935415,-1.520052367647E-02,
    1.00001E-02));
#1714 = CARTESIAN_POINT('',(-0.111460865806,-2.032022697069E-02,
    1.00001E-02));
#1715 = CARTESIAN_POINT('',(-0.10983948962,-2.515350545457E-02,
    1.00001E-02));
#1716 = CARTESIAN_POINT('',(-0.107740281009,-2.969687298952E-02,
    1.00001E-02));
#1717 = CARTESIAN_POINT('',(-0.105137575043,-3.393373069184E-02,
    1.00001E-02));
#1718 = CARTESIAN_POINT('',(-0.102101519999,-3.789638320161E-02,
    1.00001E-02));
#1719 = CARTESIAN_POINT('',(-9.861131504222E-02,-4.153053892842E-02,
    1.00001E-02));
#1720 = CARTESIAN_POINT('',(-9.47513998854E-02,-4.478309534328E-02,
    1.00001E-02));
#1721 = CARTESIAN_POINT('',(-9.062391625739E-02,-4.767577656927E-02,
    1.00001E-02));
#1722 = CARTESIAN_POINT('',(-8.619339853139E-02,-5.007920913549E-02,
    1.00001E-02));
#1723 = CARTESIAN_POINT('',(-8.149768768514E-02,-5.204292789679E-02,
    1.00001E-02));
#1724 = CARTESIAN_POINT('',(-7.654499652779E-02,-5.360200320312E-02,
    1.00001E-02));
#1725 = CARTESIAN_POINT('',(-7.131386075452E-02,-5.466350104873E-02,
    1.00001E-02));
#1726 = CARTESIAN_POINT('',(-6.582805470098E-02,-5.536134290957E-02,
    1.00001E-02));
#1727 = CARTESIAN_POINT('',(-6.207664335335E-02,-5.542921570238E-02,
    1.00001E-02));
#1728 = CARTESIAN_POINT('',(-6.016257165545E-02,-5.546384624E-02,
    1.00001E-02));
#1729 = ORIENTED_EDGE('',*,*,#1730,.T.);
#1730 = EDGE_CURVE('',#1707,#1731,#1733,.T.);
#1731 = VERTEX_POINT('',#1732);
#1732 = CARTESIAN_POINT('',(-3.297126067984E-02,-5.546384624E-02,
    1.00001E-02));
#1733 = B_SPLINE_CURVE_WITH_KNOTS('',1,(#1734,#1735),.UNSPECIFIED.,.F.,
  .F.,(2,2),(0.,2.719131097561E-02),.PIECEWISE_BEZIER_KNOTS.);
#1734 = CARTESIAN_POINT('',(-6.016257165545E-02,-5.546384624E-02,
    1.00001E-02));
#1735 = CARTESIAN_POINT('',(-3.297126067984E-02,-5.546384624E-02,
    1.00001E-02));
#1736 = ORIENTED_EDGE('',*,*,#1737,.T.);
#1737 = EDGE_CURVE('',#1731,#1738,#1740,.T.);
#1738 = VERTEX_POINT('',#1739);
#1739 = CARTESIAN_POINT('',(-3.297126067984E-02,4.453615376E-02,
    1.00001E-02));
#1740 = B_SPLINE_CURVE_WITH_KNOTS('',1,(#1741,#1742),.UNSPECIFIED.,.F.,
  .F.,(2,2),(0.,0.1),.PIECEWISE_BEZIER_KNOTS.);
#1741 = CARTESIAN_POINT('',(-3.297126067984E-02,-5.546384624E-02,
    1.00001E-02));
#1742 = CARTESIAN_POINT('',(-3.297126067984E-02,4.453615376E-02,
    1.00001E-02));
#1743 = ORIENTED_EDGE('',*,*,#1744,.T.);
#1744 = EDGE_CURVE('',#1738,#1745,#1747,.T.);
#1745 = VERTEX_POINT('',#1746);
#1746 = CARTESIAN_POINT('',(-6.119153507008E-02,4.453615376E-02,
    1.00001E-02));
#1747 = B_SPLINE_CURVE_WITH_KNOTS('',1,(#1748,#1749),.UNSPECIFIED.,.F.,
  .F.,(2,2),(0.,2.822027439024E-02),.PIECEWISE_BEZIER_KNOTS.);
#1748 = CARTESIAN_POINT('',(-3.297126067984E-02,4.453615376E-02,
    1.00001E-02));
#1749 = CARTESIAN_POINT('',(-6.119153507008E-02,4.453615376E-02,
    1.00001E-02));
#1750 = ORIENTED_EDGE('',*,*,#1751,.T.);
#1751 = EDGE_CURVE('',#1745,#1705,#1752,.T.);
#1752 = B_SPLINE_CURVE_WITH_KNOTS('',3,(#1753,#1754,#1755,#1756,#1757,
    #1758,#1759,#1760,#1761,#1762,#1763,#1764,#1765,#1766,#1767,#1768,
    #1769,#1770,#1771),.UNSPECIFIED.,.F.,.F.,(4,1,1,1,1,1,1,1,1,1,1,1,1,
    1,1,1,4),(0.,6.86311786766E-02,0.134566466039,0.198328154011,
    0.260789766641,0.321999151484,0.382721746503,0.443537474036,
    0.505133429485,0.566213874765,0.626105864618,0.685349322161,
    0.744995870348,0.805415841815,0.867636266346,0.932307782302,1.),
  .UNSPECIFIED.);
#1753 = CARTESIAN_POINT('',(-6.119153507008E-02,4.453615376E-02,
    1.00001E-02));
#1754 = CARTESIAN_POINT('',(-6.302872147672E-02,4.449520456475E-02,
    1.00001E-02));
#1755 = CARTESIAN_POINT('',(-6.663092803884E-02,4.441491469359E-02,
    1.00001E-02));
#1756 = CARTESIAN_POINT('',(-7.191334245746E-02,4.38050191693E-02,
    1.00001E-02));
#1757 = CARTESIAN_POINT('',(-7.695292675844E-02,4.274665218842E-02,
    1.00001E-02));
#1758 = CARTESIAN_POINT('',(-8.176353946149E-02,4.130280231546E-02,
    1.00001E-02));
#1759 = CARTESIAN_POINT('',(-8.635075286635E-02,3.945829986094E-02,
    1.00001E-02));
#1760 = CARTESIAN_POINT('',(-9.067135164684E-02,3.714763068842E-02,
    1.00001E-02));
#1761 = CARTESIAN_POINT('',(-9.47727420523E-02,3.445110182852E-02,
    1.00001E-02));
#1762 = CARTESIAN_POINT('',(-9.860155329907E-02,3.136286500014E-02,
    1.00001E-02));
#1763 = CARTESIAN_POINT('',(-0.102091380855,2.792904955135E-02,
    1.00001E-02));
#1764 = CARTESIAN_POINT('',(-0.105133592946,2.417358218505E-02,
    1.00001E-02));
#1765 = CARTESIAN_POINT('',(-0.10773819898,2.014669172476E-02,
    1.00001E-02));
#1766 = CARTESIAN_POINT('',(-0.109834221409,1.581653793943E-02,
    1.00001E-02));
#1767 = CARTESIAN_POINT('',(-0.111461720254,1.120645169733E-02,
    1.00001E-02));
#1768 = CARTESIAN_POINT('',(-0.112614201669,6.319775902612E-03,
    1.00001E-02));
#1769 = CARTESIAN_POINT('',(-0.113341096439,1.15097579392E-03,
    1.00001E-02));
#1770 = CARTESIAN_POINT('',(-0.113419148769,-2.393527631678E-03,
    1.00001E-02));
#1771 = CARTESIAN_POINT('',(-0.113459065558,-4.206224288777E-03,
    1.00001E-02));
#1772 = FACE_BOUND('',#1773,.T.);
#1773 = EDGE_LOOP('',(#1774,#1783,#1790,#1797,#1804,#1811,#1818,#1825,
    #1832,#1839,#1846,#1853));
#1774 = ORIENTED_EDGE('',*,*,#1775,.T.);
#1775 = EDGE_CURVE('',#1776,#1778,#1780,.T.);
#1776 = VERTEX_POINT('',#1777);
#1777 = CARTESIAN_POINT('',(2.678483688114E-02,-4.44882364839E-02,
    1.00001E-02));
#1778 = VERTEX_POINT('',#1779);
#1779 = CARTESIAN_POINT('',(-1.345906555789E-02,-4.44882364839E-02,
    1.00001E-02));
#1780 = B_SPLINE_CURVE_WITH_KNOTS('',1,(#1781,#1782),.UNSPECIFIED.,.F.,
  .F.,(2,2),(0.,4.024390243902E-02),.PIECEWISE_BEZIER_KNOTS.);
#1781 = CARTESIAN_POINT('',(2.678483688114E-02,-4.44882364839E-02,
    1.00001E-02));
#1782 = CARTESIAN_POINT('',(-1.345906555789E-02,-4.44882364839E-02,
    1.00001E-02));
#1783 = ORIENTED_EDGE('',*,*,#1784,.T.);
#1784 = EDGE_CURVE('',#1778,#1785,#1787,.T.);
#1785 = VERTEX_POINT('',#1786);
#1786 = CARTESIAN_POINT('',(-1.345906555789E-02,-5.546384624E-02,
    1.00001E-02));
#1787 = B_SPLINE_CURVE_WITH_KNOTS('',1,(#1788,#1789),.UNSPECIFIED.,.F.,
  .F.,(2,2),(-6.938893903907E-18,1.09756097561E-02),
  .PIECEWISE_BEZIER_KNOTS.);
#1788 = CARTESIAN_POINT('',(-1.345906555789E-02,-4.44882364839E-02,
    1.00001E-02));
#1789 = CARTESIAN_POINT('',(-1.345906555789E-02,-5.546384624E-02,
    1.00001E-02));
#1790 = ORIENTED_EDGE('',*,*,#1791,.T.);
#1791 = EDGE_CURVE('',#1785,#1792,#1794,.T.);
#1792 = VERTEX_POINT('',#1793);
#1793 = CARTESIAN_POINT('',(4.019947102748E-02,-5.546384624E-02,
    1.00001E-02));
#1794 = B_SPLINE_CURVE_WITH_KNOTS('',1,(#1795,#1796),.UNSPECIFIED.,.F.,
  .F.,(2,2),(0.,5.365853658537E-02),.PIECEWISE_BEZIER_KNOTS.);
#1795 = CARTESIAN_POINT('',(-1.345906555789E-02,-5.546384624E-02,
    1.00001E-02));
#1796 = CARTESIAN_POINT('',(4.019947102748E-02,-5.546384624E-02,
    1.00001E-02));
#1797 = ORIENTED_EDGE('',*,*,#1798,.T.);
#1798 = EDGE_CURVE('',#1792,#1799,#1801,.T.);
#1799 = VERTEX_POINT('',#1800);
#1800 = CARTESIAN_POINT('',(4.019947102748E-02,4.453615376E-02,
    1.00001E-02));
#1801 = B_SPLINE_CURVE_WITH_KNOTS('',1,(#1802,#1803),.UNSPECIFIED.,.F.,
  .F.,(2,2),(0.,0.1),.PIECEWISE_BEZIER_KNOTS.);
#1802 = CARTESIAN_POINT('',(4.019947102748E-02,-5.546384624E-02,
    1.00001E-02));
#1803 = CARTESIAN_POINT('',(4.019947102748E-02,4.453615376E-02,
    1.00001E-02));
#1804 = ORIENTED_EDGE('',*,*,#1805,.T.);
#1805 = EDGE_CURVE('',#1799,#1806,#1808,.T.);
#1806 = VERTEX_POINT('',#1807);
#1807 = CARTESIAN_POINT('',(-1.102004116764E-02,4.453615376E-02,
    1.00001E-02));
#1808 = B_SPLINE_CURVE_WITH_KNOTS('',1,(#1809,#1810),.UNSPECIFIED.,.F.,
  .F.,(2,2),(0.,5.121951219512E-02),.PIECEWISE_BEZIER_KNOTS.);
#1809 = CARTESIAN_POINT('',(4.019947102748E-02,4.453615376E-02,
    1.00001E-02));
#1810 = CARTESIAN_POINT('',(-1.102004116764E-02,4.453615376E-02,
    1.00001E-02));
#1811 = ORIENTED_EDGE('',*,*,#1812,.T.);
#1812 = EDGE_CURVE('',#1806,#1813,#1815,.T.);
#1813 = VERTEX_POINT('',#1814);
#1814 = CARTESIAN_POINT('',(-1.102004116764E-02,3.356054400391E-02,
    1.00001E-02));
#1815 = B_SPLINE_CURVE_WITH_KNOTS('',1,(#1816,#1817),.UNSPECIFIED.,.F.,
  .F.,(2,2),(0.,1.09756097561E-02),.PIECEWISE_BEZIER_KNOTS.);
#1816 = CARTESIAN_POINT('',(-1.102004116764E-02,4.453615376E-02,
    1.00001E-02));
#1817 = CARTESIAN_POINT('',(-1.102004116764E-02,3.356054400391E-02,
    1.00001E-02));
#1818 = ORIENTED_EDGE('',*,*,#1819,.T.);
#1819 = EDGE_CURVE('',#1813,#1820,#1822,.T.);
#1820 = VERTEX_POINT('',#1821);
#1821 = CARTESIAN_POINT('',(2.678483688114E-02,3.356054400391E-02,
    1.00001E-02));
#1822 = B_SPLINE_CURVE_WITH_KNOTS('',1,(#1823,#1824),.UNSPECIFIED.,.F.,
  .F.,(2,2),(0.,3.780487804878E-02),.PIECEWISE_BEZIER_KNOTS.);
#1823 = CARTESIAN_POINT('',(-1.102004116764E-02,3.356054400391E-02,
    1.00001E-02));
#1824 = CARTESIAN_POINT('',(2.678483688114E-02,3.356054400391E-02,
    1.00001E-02));
#1825 = ORIENTED_EDGE('',*,*,#1826,.T.);
#1826 = EDGE_CURVE('',#1820,#1827,#1829,.T.);
#1827 = VERTEX_POINT('',#1828);
#1828 = CARTESIAN_POINT('',(2.678483688114E-02,6.337147356134E-04,
    1.00001E-02));
#1829 = B_SPLINE_CURVE_WITH_KNOTS('',1,(#1830,#1831),.UNSPECIFIED.,.F.,
  .F.,(2,2),(0.,3.292682926829E-02),.PIECEWISE_BEZIER_KNOTS.);
#1830 = CARTESIAN_POINT('',(2.678483688114E-02,3.356054400391E-02,
    1.00001E-02));
#1831 = CARTESIAN_POINT('',(2.678483688114E-02,6.337147356133E-04,
    1.00001E-02));
#1832 = ORIENTED_EDGE('',*,*,#1833,.T.);
#1833 = EDGE_CURVE('',#1827,#1834,#1836,.T.);
#1834 = VERTEX_POINT('',#1835);
#1835 = CARTESIAN_POINT('',(-8.581016777401E-03,6.337147356134E-04,
    1.00001E-02));
#1836 = B_SPLINE_CURVE_WITH_KNOTS('',1,(#1837,#1838),.UNSPECIFIED.,.F.,
  .F.,(2,2),(0.,3.536585365854E-02),.PIECEWISE_BEZIER_KNOTS.);
#1837 = CARTESIAN_POINT('',(2.678483688114E-02,6.337147356134E-04,
    1.00001E-02));
#1838 = CARTESIAN_POINT('',(-8.581016777401E-03,6.337147356134E-04,
    1.00001E-02));
#1839 = ORIENTED_EDGE('',*,*,#1840,.T.);
#1840 = EDGE_CURVE('',#1834,#1841,#1843,.T.);
#1841 = VERTEX_POINT('',#1842);
#1842 = CARTESIAN_POINT('',(-8.581016777401E-03,-1.034189502048E-02,
    1.00001E-02));
#1843 = B_SPLINE_CURVE_WITH_KNOTS('',1,(#1844,#1845),.UNSPECIFIED.,.F.,
  .F.,(2,2),(0.,1.09756097561E-02),.PIECEWISE_BEZIER_KNOTS.);
#1844 = CARTESIAN_POINT('',(-8.581016777401E-03,6.337147356134E-04,
    1.00001E-02));
#1845 = CARTESIAN_POINT('',(-8.581016777401E-03,-1.034189502048E-02,
    1.00001E-02));
#1846 = ORIENTED_EDGE('',*,*,#1847,.T.);
#1847 = EDGE_CURVE('',#1841,#1848,#1850,.T.);
#1848 = VERTEX_POINT('',#1849);
#1849 = CARTESIAN_POINT('',(2.678483688114E-02,-1.034189502048E-02,
    1.00001E-02));
#1850 = B_SPLINE_CURVE_WITH_KNOTS('',1,(#1851,#1852),.UNSPECIFIED.,.F.,
  .F.,(2,2),(0.,3.536585365854E-02),.PIECEWISE_BEZIER_KNOTS.);
#1851 = CARTESIAN_POINT('',(-8.581016777401E-03,-1.034189502048E-02,
    1.00001E-02));
#1852 = CARTESIAN_POINT('',(2.678483688114E-02,-1.034189502048E-02,
    1.00001E-02));
#1853 = ORIENTED_EDGE('',*,*,#1854,.T.);
#1854 = EDGE_CURVE('',#1848,#1776,#1855,.T.);
#1855 = B_SPLINE_CURVE_WITH_KNOTS('',1,(#1856,#1857),.UNSPECIFIED.,.F.,
  .F.,(2,2),(0.,3.414634146341E-02),.PIECEWISE_BEZIER_KNOTS.);
#1856 = CARTESIAN_POINT('',(2.678483688114E-02,-1.034189502048E-02,
    1.00001E-02));
#1857 = CARTESIAN_POINT('',(2.678483688114E-02,-4.44882364839E-02,
    1.00001E-02));
#1858 = FACE_BOUND('',#1859,.T.);
#1859 = EDGE_LOOP('',(#1860,#1878,#1885,#1901,#1925,#1949,#1965,#1972,
    #1988,#2012));
#1860 = ORIENTED_EDGE('',*,*,#1861,.T.);
#1861 = EDGE_CURVE('',#1862,#1864,#1866,.T.);
#1862 = VERTEX_POINT('',#1863);
#1863 = CARTESIAN_POINT('',(8.537858688114E-02,-4.570774867902E-02,
    1.00001E-02));
#1864 = VERTEX_POINT('',#1865);
#1865 = CARTESIAN_POINT('',(5.971166614943E-02,-3.930530965463E-02,
    1.00001E-02));
#1866 = B_SPLINE_CURVE_WITH_KNOTS('',3,(#1867,#1868,#1869,#1870,#1871,
    #1872,#1873,#1874,#1875,#1876,#1877),.UNSPECIFIED.,.F.,.F.,(4,1,1,1,
    1,1,1,1,4),(0.,0.135294604763,0.266765657925,0.394816018836,
    0.520051654434,0.642175702971,0.762651820558,0.881834004381,1.),
  .UNSPECIFIED.);
#1867 = CARTESIAN_POINT('',(8.537858688114E-02,-4.570774867902E-02,
    1.00001E-02));
#1868 = CARTESIAN_POINT('',(8.417104482456E-02,-4.569189462428E-02,
    1.00001E-02));
#1869 = CARTESIAN_POINT('',(8.179008697515E-02,-4.566063456515E-02,
    1.00001E-02));
#1870 = CARTESIAN_POINT('',(7.827889879105E-02,-4.533983707027E-02,
    1.00001E-02));
#1871 = CARTESIAN_POINT('',(7.487787591287E-02,-4.485701513877E-02,
    1.00001E-02));
#1872 = CARTESIAN_POINT('',(7.160180082751E-02,-4.414634366657E-02,
    1.00001E-02));
#1873 = CARTESIAN_POINT('',(6.843944142974E-02,-4.325674338157E-02,
    1.00001E-02));
#1874 = CARTESIAN_POINT('',(6.540872613129E-02,-4.213933727083E-02,
    1.00001E-02));
#1875 = CARTESIAN_POINT('',(6.24772702858E-02,-4.086302843218E-02,
    1.00001E-02));
#1876 = CARTESIAN_POINT('',(6.063089916231E-02,-3.982306507243E-02,
    1.00001E-02));
#1877 = CARTESIAN_POINT('',(5.971166614943E-02,-3.930530965463E-02,
    1.00001E-02));
#1878 = ORIENTED_EDGE('',*,*,#1879,.T.);
#1879 = EDGE_CURVE('',#1864,#1880,#1882,.T.);
#1880 = VERTEX_POINT('',#1881);
#1881 = CARTESIAN_POINT('',(5.971166614943E-02,-5.028091941073E-02,
    1.00001E-02));
#1882 = B_SPLINE_CURVE_WITH_KNOTS('',1,(#1883,#1884),.UNSPECIFIED.,.F.,
  .F.,(2,2),(0.,1.09756097561E-02),.PIECEWISE_BEZIER_KNOTS.);
#1883 = CARTESIAN_POINT('',(5.971166614943E-02,-3.930530965463E-02,
    1.00001E-02));
#1884 = CARTESIAN_POINT('',(5.971166614943E-02,-5.028091941073E-02,
    1.00001E-02));
#1885 = ORIENTED_EDGE('',*,*,#1886,.T.);
#1886 = EDGE_CURVE('',#1880,#1887,#1889,.T.);
#1887 = VERTEX_POINT('',#1888);
#1888 = CARTESIAN_POINT('',(8.722691005187E-02,-5.668335843512E-02,
    1.00001E-02));
#1889 = B_SPLINE_CURVE_WITH_KNOTS('',3,(#1890,#1891,#1892,#1893,#1894,
    #1895,#1896,#1897,#1898,#1899,#1900),.UNSPECIFIED.,.F.,.F.,(4,1,1,1,
    1,1,1,1,4),(0.,0.112448389909,0.226527675213,0.344401949326,
    0.465864972487,0.591659449352,0.722168487025,0.858606387555,1.),
  .UNSPECIFIED.);
#1890 = CARTESIAN_POINT('',(5.971166614943E-02,-5.028091941073E-02,
    1.00001E-02));
#1891 = CARTESIAN_POINT('',(6.065000522693E-02,-5.079884437772E-02,
    1.00001E-02));
#1892 = CARTESIAN_POINT('',(6.254029258417E-02,-5.184220603725E-02,
    1.00001E-02));
#1893 = CARTESIAN_POINT('',(6.556325903263E-02,-5.312961504847E-02,
    1.00001E-02));
#1894 = CARTESIAN_POINT('',(6.874415232492E-02,-5.42400659095E-02,
    1.00001E-02));
#1895 = CARTESIAN_POINT('',(7.211081357286E-02,-5.512555086563E-02,
    1.00001E-02));
#1896 = CARTESIAN_POINT('',(7.564086220416E-02,-5.583719244054E-02,
    1.00001E-02));
#1897 = CARTESIAN_POINT('',(7.935300312769E-02,-5.631921277922E-02,
    1.00001E-02));
#1898 = CARTESIAN_POINT('',(8.323253002081E-02,-5.663651108036E-02,
    1.00001E-02));
#1899 = CARTESIAN_POINT('',(8.587971068851E-02,-5.666755805408E-02,
    1.00001E-02));
#1900 = CARTESIAN_POINT('',(8.722691005187E-02,-5.668335843512E-02,
    1.00001E-02));
#1901 = ORIENTED_EDGE('',*,*,#1902,.T.);
#1902 = EDGE_CURVE('',#1887,#1903,#1905,.T.);
#1903 = VERTEX_POINT('',#1904);
#1904 = CARTESIAN_POINT('',(0.134101910052,-7.350279166826E-03,
    1.00001E-02));
#1905 = B_SPLINE_CURVE_WITH_KNOTS('',3,(#1906,#1907,#1908,#1909,#1910,
    #1911,#1912,#1913,#1914,#1915,#1916,#1917,#1918,#1919,#1920,#1921,
    #1922,#1923,#1924),.UNSPECIFIED.,.F.,.F.,(4,1,1,1,1,1,1,1,1,1,1,1,1,
    1,1,1,4),(0.,6.783324845577E-02,0.132655536508,0.195050884051,
    0.255582933069,0.314799834147,0.373600472826,0.432545595327,
    0.492430629284,0.552671255963,0.612513044188,0.672610250357,
    0.733838369314,0.796594238568,0.861449799291,0.929198942351,1.),
  .UNSPECIFIED.);
#1906 = CARTESIAN_POINT('',(8.722691005187E-02,-5.668335843512E-02,
    1.00001E-02));
#1907 = CARTESIAN_POINT('',(8.896281620702E-02,-5.664464272663E-02,
    1.00001E-02));
#1908 = CARTESIAN_POINT('',(9.235757567352E-02,-5.656892981007E-02,
    1.00001E-02));
#1909 = CARTESIAN_POINT('',(9.731682186007E-02,-5.593207458418E-02,
    1.00001E-02));
#1910 = CARTESIAN_POINT('',(0.102008449538,-5.48688230945E-02,
    1.00001E-02));
#1911 = CARTESIAN_POINT('',(0.106430829162,-5.337491566331E-02,
    1.00001E-02));
#1912 = CARTESIAN_POINT('',(0.110599432288,-5.148720789336E-02,
    1.00001E-02));
#1913 = CARTESIAN_POINT('',(0.114492665136,-4.91538148539E-02,
    1.00001E-02));
#1914 = CARTESIAN_POINT('',(0.118084764003,-4.635636031587E-02,
    1.00001E-02));
#1915 = CARTESIAN_POINT('',(0.121423261802,-4.320761121259E-02,
    1.00001E-02));
#1916 = CARTESIAN_POINT('',(0.124402096966,-3.968460050648E-02,
    1.00001E-02));
#1917 = CARTESIAN_POINT('',(0.127009504998,-3.587393202473E-02,
    1.00001E-02));
#1918 = CARTESIAN_POINT('',(0.129215359856,-3.178745826199E-02,
    1.00001E-02));
#1919 = CARTESIAN_POINT('',(0.131005262006,-2.742293579326E-02,
    1.00001E-02));
#1920 = CARTESIAN_POINT('',(0.132400125348,-2.278922423401E-02,
    1.00001E-02));
#1921 = CARTESIAN_POINT('',(0.13337557903,-1.788215259076E-02,
    1.00001E-02));
#1922 = CARTESIAN_POINT('',(0.13400949276,-1.27086054022E-02,1.00001E-02
    ));
#1923 = CARTESIAN_POINT('',(0.134070655203,-9.162425736511E-03,
    1.00001E-02));
#1924 = CARTESIAN_POINT('',(0.134101910052,-7.350279166826E-03,
    1.00001E-02));
#1925 = ORIENTED_EDGE('',*,*,#1926,.T.);
#1926 = EDGE_CURVE('',#1903,#1927,#1929,.T.);
#1927 = VERTEX_POINT('',#1928);
#1928 = CARTESIAN_POINT('',(8.324444053967E-02,4.575566595513E-02,
    1.00001E-02));
#1929 = B_SPLINE_CURVE_WITH_KNOTS('',3,(#1930,#1931,#1932,#1933,#1934,
    #1935,#1936,#1937,#1938,#1939,#1940,#1941,#1942,#1943,#1944,#1945,
    #1946,#1947,#1948),.UNSPECIFIED.,.F.,.F.,(4,1,1,1,1,1,1,1,1,1,1,1,1,
    1,1,1,4),(0.,7.064371857535E-02,0.138256715509,0.203364124218,
    0.266324093803,0.327904761543,0.388737715173,0.449423528109,
    0.510861011459,0.572079396048,0.631734428731,0.691117210579,
    0.75036002949,0.810032900531,0.871362450829,0.934427141231,1.),
  .UNSPECIFIED.);
#1930 = CARTESIAN_POINT('',(0.134101910052,-7.350279166826E-03,
    1.00001E-02));
#1931 = CARTESIAN_POINT('',(0.134058357706,-5.404728055846E-03,
    1.00001E-02));
#1932 = CARTESIAN_POINT('',(0.133973121476,-1.597092898987E-03,
    1.00001E-02));
#1933 = CARTESIAN_POINT('',(0.133295609908,3.970602938726E-03,
    1.00001E-02));
#1934 = CARTESIAN_POINT('',(0.132183924067,9.250002484246E-03,
    1.00001E-02));
#1935 = CARTESIAN_POINT('',(0.130592955634,1.423309175219E-02,
    1.00001E-02));
#1936 = CARTESIAN_POINT('',(0.128566986612,1.892660571056E-02,
    1.00001E-02));
#1937 = CARTESIAN_POINT('',(0.12610429513,2.333678949996E-02,1.00001E-02
    ));
#1938 = CARTESIAN_POINT('',(0.123164865013,2.744092047869E-02,
    1.00001E-02));
#1939 = CARTESIAN_POINT('',(0.119795507564,3.121110308072E-02,
    1.00001E-02));
#1940 = CARTESIAN_POINT('',(0.116107712092,3.462845373084E-02,
    1.00001E-02));
#1941 = CARTESIAN_POINT('',(0.112128596374,3.76104960116E-02,1.00001E-02
    ));
#1942 = CARTESIAN_POINT('',(0.107906158383,4.013057090057E-02,
    1.00001E-02));
#1943 = CARTESIAN_POINT('',(0.103446374773,4.220529654157E-02,
    1.00001E-02));
#1944 = CARTESIAN_POINT('',(9.873285063967E-02,4.378902282805E-02,
    1.00001E-02));
#1945 = CARTESIAN_POINT('',(9.378763926157E-02,4.492641297681E-02,
    1.00001E-02));
#1946 = CARTESIAN_POINT('',(8.859370944913E-02,4.563120581594E-02,
    1.00001E-02));
#1947 = CARTESIAN_POINT('',(8.505055823664E-02,4.571364345378E-02,
    1.00001E-02));
#1948 = CARTESIAN_POINT('',(8.324444053967E-02,4.575566595513E-02,
    1.00001E-02));
#1949 = ORIENTED_EDGE('',*,*,#1950,.T.);
#1950 = EDGE_CURVE('',#1927,#1951,#1953,.T.);
#1951 = VERTEX_POINT('',#1952);
#1952 = CARTESIAN_POINT('',(5.971166614943E-02,4.179225132098E-02,
    1.00001E-02));
#1953 = B_SPLINE_CURVE_WITH_KNOTS('',3,(#1954,#1955,#1956,#1957,#1958,
    #1959,#1960,#1961,#1962,#1963,#1964),.UNSPECIFIED.,.F.,.F.,(4,1,1,1,
    1,1,1,1,4),(0.,0.145186866472,0.28344261092,0.416524365929,
    0.543181123535,0.665153082638,0.781360206313,0.892756655642,1.),
  .UNSPECIFIED.);
#1954 = CARTESIAN_POINT('',(8.324444053967E-02,4.575566595513E-02,
    1.00001E-02));
#1955 = CARTESIAN_POINT('',(8.208175447729E-02,4.574733151156E-02,
    1.00001E-02));
#1956 = CARTESIAN_POINT('',(7.981188819249E-02,4.57310605051E-02,
    1.00001E-02));
#1957 = CARTESIAN_POINT('',(7.648196369562E-02,4.552702057852E-02,
    1.00001E-02));
#1958 = CARTESIAN_POINT('',(7.330723598282E-02,4.52386497067E-02,
    1.00001E-02));
#1959 = CARTESIAN_POINT('',(7.028311084876E-02,4.478898753311E-02,
    1.00001E-02));
#1960 = CARTESIAN_POINT('',(6.740974390068E-02,4.425371159392E-02,
    1.00001E-02));
#1961 = CARTESIAN_POINT('',(6.469789920456E-02,4.355595374138E-02,
    1.00001E-02));
#1962 = CARTESIAN_POINT('',(6.213052957112E-02,4.277412131285E-02,
    1.00001E-02));
#1963 = CARTESIAN_POINT('',(6.050767850049E-02,4.211537028407E-02,
    1.00001E-02));
#1964 = CARTESIAN_POINT('',(5.971166614943E-02,4.179225132098E-02,
    1.00001E-02));
#1965 = ORIENTED_EDGE('',*,*,#1966,.T.);
#1966 = EDGE_CURVE('',#1951,#1967,#1969,.T.);
#1967 = VERTEX_POINT('',#1968);
#1968 = CARTESIAN_POINT('',(5.971166614943E-02,2.837761717464E-02,
    1.00001E-02));
#1969 = B_SPLINE_CURVE_WITH_KNOTS('',1,(#1970,#1971),.UNSPECIFIED.,.F.,
  .F.,(2,2),(-6.938893903907E-18,1.341463414634E-02),
  .PIECEWISE_BEZIER_KNOTS.);
#1970 = CARTESIAN_POINT('',(5.971166614943E-02,4.179225132098E-02,
    1.00001E-02));
#1971 = CARTESIAN_POINT('',(5.971166614943E-02,2.837761717464E-02,
    1.00001E-02));
#1972 = ORIENTED_EDGE('',*,*,#1973,.T.);
#1973 = EDGE_CURVE('',#1967,#1974,#1976,.T.);
#1974 = VERTEX_POINT('',#1975);
#1975 = CARTESIAN_POINT('',(8.313011127138E-02,3.478005619903E-02,
    1.00001E-02));
#1976 = B_SPLINE_CURVE_WITH_KNOTS('',3,(#1977,#1978,#1979,#1980,#1981,
    #1982,#1983,#1984,#1985,#1986,#1987),.UNSPECIFIED.,.F.,.F.,(4,1,1,1,
    1,1,1,1,4),(0.,0.125279696736,0.249419970742,0.373356799493,
    0.496681278782,0.620202915744,0.745086320161,0.871269195019,1.),
  .UNSPECIFIED.);
#1977 = CARTESIAN_POINT('',(5.971166614943E-02,2.837761717464E-02,
    1.00001E-02));
#1978 = CARTESIAN_POINT('',(6.05997047122E-02,2.889363447379E-02,
    1.00001E-02));
#1979 = CARTESIAN_POINT('',(6.236770509947E-02,2.992097587873E-02,
    1.00001E-02));
#1980 = CARTESIAN_POINT('',(6.514844826085E-02,3.120535482134E-02,
    1.00001E-02));
#1981 = CARTESIAN_POINT('',(6.798277257595E-02,3.231936863875E-02,
    1.00001E-02));
#1982 = CARTESIAN_POINT('',(7.089051973144E-02,3.320866872172E-02,
    1.00001E-02));
#1983 = CARTESIAN_POINT('',(7.385338923086E-02,3.392678536385E-02,
    1.00001E-02));
#1984 = CARTESIAN_POINT('',(7.688691776488E-02,3.440844643513E-02,
    1.00001E-02));
#1985 = CARTESIAN_POINT('',(7.998535787166E-02,3.473250979403E-02,
    1.00001E-02));
#1986 = CARTESIAN_POINT('',(8.207489830044E-02,3.476410213939E-02,
    1.00001E-02));
#1987 = CARTESIAN_POINT('',(8.313011127138E-02,3.478005619903E-02,
    1.00001E-02));
#1988 = ORIENTED_EDGE('',*,*,#1989,.T.);
#1989 = EDGE_CURVE('',#1974,#1990,#1992,.T.);
#1990 = VERTEX_POINT('',#1991);
#1991 = CARTESIAN_POINT('',(0.120687275906,-6.530919410728E-03,
    1.00001E-02));
#1992 = B_SPLINE_CURVE_WITH_KNOTS('',3,(#1993,#1994,#1995,#1996,#1997,
    #1998,#1999,#2000,#2001,#2002,#2003,#2004,#2005,#2006,#2007,#2008,
    #2009,#2010,#2011),.UNSPECIFIED.,.F.,.F.,(4,1,1,1,1,1,1,1,1,1,1,1,1,
    1,1,1,4),(0.,6.460397028839E-02,0.126702413963,0.186756814036,
    0.245505687365,0.30365202445,0.361503073971,0.420240222928,
    0.480033340777,0.540678134776,0.601191806381,0.662333502477,
    0.724739510297,0.789467736173,0.856504860044,0.926312095839,1.),
  .UNSPECIFIED.);
#1993 = CARTESIAN_POINT('',(8.313011127138E-02,3.478005619903E-02,
    1.00001E-02));
#1994 = CARTESIAN_POINT('',(8.448504745783E-02,3.475092259043E-02,
    1.00001E-02));
#1995 = CARTESIAN_POINT('',(8.714237153285E-02,3.469378525784E-02,
    1.00001E-02));
#1996 = CARTESIAN_POINT('',(9.1024519304E-02,3.41328022893E-02,
    1.00001E-02));
#1997 = CARTESIAN_POINT('',(9.472725862218E-02,3.329350836607E-02,
    1.00001E-02));
#1998 = CARTESIAN_POINT('',(9.823574175404E-02,3.206513663818E-02,
    1.00001E-02));
#1999 = CARTESIAN_POINT('',(0.101545984801,3.047973360366E-02,
    1.00001E-02));
#2000 = CARTESIAN_POINT('',(0.104655117201,2.853135287245E-02,
    1.00001E-02));
#2001 = CARTESIAN_POINT('',(0.107582233306,2.6261767635E-02,1.00001E-02)
  );
#2002 = CARTESIAN_POINT('',(0.110282680956,2.364266390959E-02,
    1.00001E-02));
#2003 = CARTESIAN_POINT('',(0.112743539934,2.074635353193E-02,
    1.00001E-02));
#2004 = CARTESIAN_POINT('',(0.114855822967,1.755368246491E-02,
    1.00001E-02));
#2005 = CARTESIAN_POINT('',(0.116687492989,1.415106445613E-02,
    1.00001E-02));
#2006 = CARTESIAN_POINT('',(0.118154290782,1.047880143281E-02,
    1.00001E-02));
#2007 = CARTESIAN_POINT('',(0.119290240706,6.565069045892E-03,
    1.00001E-02));
#2008 = CARTESIAN_POINT('',(0.120110157109,2.415207579287E-03,
    1.00001E-02));
#2009 = CARTESIAN_POINT('',(0.120585205378,-1.978436762629E-03,
    1.00001E-02));
#2010 = CARTESIAN_POINT('',(0.120652644458,-4.986310316446E-03,
    1.00001E-02));
#2011 = CARTESIAN_POINT('',(0.120687275906,-6.530919410728E-03,
    1.00001E-02));
#2012 = ORIENTED_EDGE('',*,*,#2013,.T.);
#2013 = EDGE_CURVE('',#1990,#1862,#2014,.T.);
#2014 = B_SPLINE_CURVE_WITH_KNOTS('',3,(#2015,#2016,#2017,#2018,#2019,
    #2020,#2021,#2022,#2023,#2024,#2025,#2026,#2027,#2028,#2029,#2030,
    #2031,#2032,#2033),.UNSPECIFIED.,.F.,.F.,(4,1,1,1,1,1,1,1,1,1,1,1,1,
    1,1,1,4),(0.,7.377411937406E-02,0.144079114726,0.211348518309,
    0.27607688574,0.33852091582,0.399885116693,0.460254067465,
    0.520588964391,0.580207684563,0.638632908553,0.696364549491,
    0.75400177466,0.812805681374,0.872754425526,0.935181996978,1.),
  .UNSPECIFIED.);
#2015 = CARTESIAN_POINT('',(0.120687275906,-6.530919410728E-03,
    1.00001E-02));
#2016 = CARTESIAN_POINT('',(0.120659493921,-7.993039980305E-03,
    1.00001E-02));
#2017 = CARTESIAN_POINT('',(0.120605236359,-1.084852695968E-02,
    1.00001E-02));
#2018 = CARTESIAN_POINT('',(0.120139077697,-1.501629475196E-02,
    1.00001E-02));
#2019 = CARTESIAN_POINT('',(0.119383953273,-1.895696693643E-02,
    1.00001E-02));
#2020 = CARTESIAN_POINT('',(0.118322719103,-2.266707005439E-02,
    1.00001E-02));
#2021 = CARTESIAN_POINT('',(0.116938908584,-2.614317066204E-02,
    1.00001E-02));
#2022 = CARTESIAN_POINT('',(0.115267313975,-2.939450474741E-02,
    1.00001E-02));
#2023 = CARTESIAN_POINT('',(0.1132687122,-3.240638991085E-02,1.00001E-02
    ));
#2024 = CARTESIAN_POINT('',(0.11098722222,-3.516472583554E-02,
    1.00001E-02));
#2025 = CARTESIAN_POINT('',(0.108454167385,-3.763829104655E-02,
    1.00001E-02));
#2026 = CARTESIAN_POINT('',(0.105722591591,-3.98106370788E-02,
    1.00001E-02));
#2027 = CARTESIAN_POINT('',(0.102786543577,-4.162386976188E-02,
    1.00001E-02));
#2028 = CARTESIAN_POINT('',(9.967340150945E-02,-4.312745985002E-02,
    1.00001E-02));
#2029 = CARTESIAN_POINT('',(9.636909960421E-02,-4.428994236933E-02,
    1.00001E-02));
#2030 = CARTESIAN_POINT('',(9.28674525731E-02,-4.510488338401E-02,
    1.00001E-02));
#2031 = CARTESIAN_POINT('',(8.918521196454E-02,-4.560964031479E-02,
    1.00001E-02));
#2032 = CARTESIAN_POINT('',(8.666325438226E-02,-4.567463887063E-02,
    1.00001E-02));
#2033 = CARTESIAN_POINT('',(8.537858688114E-02,-4.570774867902E-02,
    1.00001E-02));
#2034 = FACE_BOUND('',#2035,.T.);
#2035 = EDGE_LOOP('',(#2036,#2045,#2052,#2059,#2066,#2073));
#2036 = ORIENTED_EDGE('',*,*,#2037,.T.);
#2037 = EDGE_CURVE('',#2038,#2040,#2042,.T.);
#2038 = VERTEX_POINT('',#2039);
#2039 = CARTESIAN_POINT('',(0.180443373467,-4.44882364839E-02,
    1.00001E-02));
#2040 = VERTEX_POINT('',#2041);
#2041 = CARTESIAN_POINT('',(0.142638495418,-4.44882364839E-02,
    1.00001E-02));
#2042 = B_SPLINE_CURVE_WITH_KNOTS('',1,(#2043,#2044),.UNSPECIFIED.,.F.,
  .F.,(2,2),(0.,3.780487804878E-02),.PIECEWISE_BEZIER_KNOTS.);
#2043 = CARTESIAN_POINT('',(0.180443373467,-4.44882364839E-02,
    1.00001E-02));
#2044 = CARTESIAN_POINT('',(0.142638495418,-4.44882364839E-02,
    1.00001E-02));
#2045 = ORIENTED_EDGE('',*,*,#2046,.T.);
#2046 = EDGE_CURVE('',#2040,#2047,#2049,.T.);
#2047 = VERTEX_POINT('',#2048);
#2048 = CARTESIAN_POINT('',(0.142638495418,-5.546384624E-02,1.00001E-02)
  );
#2049 = B_SPLINE_CURVE_WITH_KNOTS('',1,(#2050,#2051),.UNSPECIFIED.,.F.,
  .F.,(2,2),(6.938893903907E-18,1.09756097561E-02),
  .PIECEWISE_BEZIER_KNOTS.);
#2050 = CARTESIAN_POINT('',(0.142638495418,-4.44882364839E-02,
    1.00001E-02));
#2051 = CARTESIAN_POINT('',(0.142638495418,-5.546384624E-02,1.00001E-02)
  );
#2052 = ORIENTED_EDGE('',*,*,#2053,.T.);
#2053 = EDGE_CURVE('',#2047,#2054,#2056,.T.);
#2054 = VERTEX_POINT('',#2055);
#2055 = CARTESIAN_POINT('',(0.193858007613,-5.546384624E-02,1.00001E-02)
  );
#2056 = B_SPLINE_CURVE_WITH_KNOTS('',1,(#2057,#2058),.UNSPECIFIED.,.F.,
  .F.,(2,2),(0.,5.121951219512E-02),.PIECEWISE_BEZIER_KNOTS.);
#2057 = CARTESIAN_POINT('',(0.142638495418,-5.546384624E-02,1.00001E-02)
  );
#2058 = CARTESIAN_POINT('',(0.193858007613,-5.546384624E-02,1.00001E-02)
  );
#2059 = ORIENTED_EDGE('',*,*,#2060,.T.);
#2060 = EDGE_CURVE('',#2054,#2061,#2063,.T.);
#2061 = VERTEX_POINT('',#2062);
#2062 = CARTESIAN_POINT('',(0.193858007613,4.453615376E-02,1.00001E-02)
  );
#2063 = B_SPLINE_CURVE_WITH_KNOTS('',1,(#2064,#2065),.UNSPECIFIED.,.F.,
  .F.,(2,2),(0.,0.1),.PIECEWISE_BEZIER_KNOTS.);
#2064 = CARTESIAN_POINT('',(0.193858007613,-5.546384624E-02,1.00001E-02)
  );
#2065 = CARTESIAN_POINT('',(0.193858007613,4.453615376E-02,1.00001E-02)
  );
#2066 = ORIENTED_EDGE('',*,*,#2067,.T.);
#2067 = EDGE_CURVE('',#2061,#2068,#2070,.T.);
#2068 = VERTEX_POINT('',#2069);
#2069 = CARTESIAN_POINT('',(0.180443373467,4.453615376E-02,1.00001E-02)
  );
#2070 = B_SPLINE_CURVE_WITH_KNOTS('',1,(#2071,#2072),.UNSPECIFIED.,.F.,
  .F.,(2,2),(0.,1.341463414634E-02),.PIECEWISE_BEZIER_KNOTS.);
#2071 = CARTESIAN_POINT('',(0.193858007613,4.453615376E-02,1.00001E-02)
  );
#2072 = CARTESIAN_POINT('',(0.180443373467,4.453615376E-02,1.00001E-02)
  );
#2073 = ORIENTED_EDGE('',*,*,#2074,.T.);
#2074 = EDGE_CURVE('',#2068,#2038,#2075,.T.);
#2075 = B_SPLINE_CURVE_WITH_KNOTS('',1,(#2076,#2077),.UNSPECIFIED.,.F.,
  .F.,(2,2),(0.,8.90243902439E-02),.PIECEWISE_BEZIER_KNOTS.);
#2076 = CARTESIAN_POINT('',(0.180443373467,4.453615376E-02,1.00001E-02)
  );
#2077 = CARTESIAN_POINT('',(0.180443373467,-4.44882364839E-02,
    1.00001E-02));
#2078 = FACE_BOUND('',#2079,.T.);
#2079 = EDGE_LOOP('',(#2080,#2090,#2097,#2105));
#2080 = ORIENTED_EDGE('',*,*,#2081,.T.);
#2081 = EDGE_CURVE('',#2082,#2084,#2086,.T.);
#2082 = VERTEX_POINT('',#2083);
#2083 = CARTESIAN_POINT('',(0.545784307857,0.37,1.00001E-02));
#2084 = VERTEX_POINT('',#2085);
#2085 = CARTESIAN_POINT('',(0.545784307857,-0.37,1.00001E-02));
#2086 = ( BOUNDED_CURVE() B_SPLINE_CURVE(2,(#2087,#2088,#2089),
.UNSPECIFIED.,.F.,.F.) B_SPLINE_CURVE_WITH_KNOTS((3,3),(1.324565248266,
1.817027405324),.PIECEWISE_BEZIER_KNOTS.) CURVE() 
GEOMETRIC_REPRESENTATION_ITEM() RATIONAL_B_SPLINE_CURVE((1.,
0.969837984017,1.)) REPRESENTATION_ITEM('') );
#2087 = CARTESIAN_POINT('',(0.545784307857,0.37,1.00001E-02));
#2088 = CARTESIAN_POINT('',(0.452791797587,1.502649958425E-16,
    1.00001E-02));
#2089 = CARTESIAN_POINT('',(0.545784307857,-0.37,1.00001E-02));
#2090 = ORIENTED_EDGE('',*,*,#2091,.T.);
#2091 = EDGE_CURVE('',#2084,#2092,#2094,.T.);
#2092 = VERTEX_POINT('',#2093);
#2093 = CARTESIAN_POINT('',(-0.545784307857,-0.37,1.00001E-02));
#2094 = B_SPLINE_CURVE_WITH_KNOTS('',1,(#2095,#2096),.UNSPECIFIED.,.F.,
  .F.,(2,2),(-1.295784307857,-0.204215692143),.PIECEWISE_BEZIER_KNOTS.);
#2095 = CARTESIAN_POINT('',(0.545784307857,-0.37,1.00001E-02));
#2096 = CARTESIAN_POINT('',(-0.545784307857,-0.37,1.00001E-02));
#2097 = ORIENTED_EDGE('',*,*,#2098,.F.);
#2098 = EDGE_CURVE('',#2099,#2092,#2101,.T.);
#2099 = VERTEX_POINT('',#2100);
#2100 = CARTESIAN_POINT('',(-0.545784307857,0.37,1.00001E-02));
#2101 = ( BOUNDED_CURVE() B_SPLINE_CURVE(2,(#2102,#2103,#2104),
.UNSPECIFIED.,.F.,.F.) B_SPLINE_CURVE_WITH_KNOTS((3,3),(1.324565248266,
1.817027405324),.PIECEWISE_BEZIER_KNOTS.) CURVE() 
GEOMETRIC_REPRESENTATION_ITEM() RATIONAL_B_SPLINE_CURVE((1.,
0.969837984017,1.)) REPRESENTATION_ITEM('') );
#2102 = CARTESIAN_POINT('',(-0.545784307857,0.37,1.00001E-02));
#2103 = CARTESIAN_POINT('',(-0.452791797587,1.502649958425E-16,
    1.00001E-02));
#2104 = CARTESIAN_POINT('',(-0.545784307857,-0.37,1.00001E-02));
#2105 = ORIENTED_EDGE('',*,*,#2106,.T.);
#2106 = EDGE_CURVE('',#2099,#2082,#2107,.T.);
#2107 = B_SPLINE_CURVE_WITH_KNOTS('',1,(#2108,#2109),.UNSPECIFIED.,.F.,
  .F.,(2,2),(0.204215692143,1.295784307857),.PIECEWISE_BEZIER_KNOTS.);
#2108 = CARTESIAN_POINT('',(-0.545784307857,0.37,1.00001E-02));
#2109 = CARTESIAN_POINT('',(0.545784307857,0.37,1.00001E-02));
#2110 = B_SPLINE_SURFACE_WITH_KNOTS('',1,1,(
    (#2111,#2112)
    ,(#2113,#2114
    )),.UNSPECIFIED.,.F.,.F.,.F.,(2,2),(2,2),(-0.76,-2.E-02),(
    0.204215692143,1.295784307857),.PIECEWISE_BEZIER_KNOTS.);
#2111 = CARTESIAN_POINT('',(-0.545784307857,-0.37,1.00001E-02));
#2112 = CARTESIAN_POINT('',(0.545784307857,-0.37,1.00001E-02));
#2113 = CARTESIAN_POINT('',(-0.545784307857,0.37,1.00001E-02));
#2114 = CARTESIAN_POINT('',(0.545784307857,0.37,1.00001E-02));
#2115 = ADVANCED_FACE('',(#2116),#2195,.T.);
#2116 = FACE_BOUND('',#2117,.T.);
#2117 = EDGE_LOOP('',(#2118,#2119,#2128,#2141,#2142,#2157,#2164,#2165,
    #2177,#2185));
#2118 = ORIENTED_EDGE('',*,*,#1468,.T.);
#2119 = ORIENTED_EDGE('',*,*,#2120,.T.);
#2120 = EDGE_CURVE('',#1459,#2121,#2123,.T.);
#2121 = VERTEX_POINT('',#2122);
#2122 = CARTESIAN_POINT('',(-0.54970317669,0.385257133174,
    1.706874711961E-02));
#2123 = B_SPLINE_CURVE_WITH_KNOTS('',3,(#2124,#2125,#2126,#2127),
  .UNSPECIFIED.,.F.,.F.,(4,4),(0.,5.639319368998E-06),
  .PIECEWISE_BEZIER_KNOTS.);
#2124 = CARTESIAN_POINT('',(-0.550955868281,0.39,1.428703883328E-02));
#2125 = CARTESIAN_POINT('',(-0.550535645715,0.388419327418,
    1.521355606381E-02));
#2126 = CARTESIAN_POINT('',(-0.550118082532,0.386838369243,
    1.614079635064E-02));
#2127 = CARTESIAN_POINT('',(-0.54970317669,0.385257133174,
    1.706874711961E-02));
#2128 = ORIENTED_EDGE('',*,*,#2129,.T.);
#2129 = EDGE_CURVE('',#2121,#2099,#2130,.T.);
#2130 = B_SPLINE_CURVE_WITH_KNOTS('',3,(#2131,#2132,#2133,#2134,#2135,
    #2136,#2137,#2138,#2139,#2140),.UNSPECIFIED.,.F.,.F.,(4,3,3,4),(
    1.405952720166E-05,1.973795196358E-05,2.659324825415E-05,
    3.175524521879E-05),.UNSPECIFIED.);
#2131 = CARTESIAN_POINT('',(-0.54970317669,0.385257133174,
    1.706874711961E-02));
#2132 = CARTESIAN_POINT('',(-0.549386297665,0.384049484372,
    1.564389553817E-02));
#2133 = CARTESIAN_POINT('',(-0.549016235373,0.382632889177,
    1.438474193219E-02));
#2134 = CARTESIAN_POINT('',(-0.548616568114,0.381091941299,
    1.335771919943E-02));
#2135 = CARTESIAN_POINT('',(-0.548134373275,0.379232801985,
    1.211862580385E-02));
#2136 = CARTESIAN_POINT('',(-0.547597076054,0.37714586843,
    1.118891308408E-02));
#2137 = CARTESIAN_POINT('',(-0.547049284867,0.374997201216,
    1.063446082358E-02));
#2138 = CARTESIAN_POINT('',(-0.546634370217,0.373369731616,
    1.021450086329E-02));
#2139 = CARTESIAN_POINT('',(-0.546206297403,0.37167901836,
    1.000009999957E-02));
#2140 = CARTESIAN_POINT('',(-0.545784307857,0.37,1.00001E-02));
#2141 = ORIENTED_EDGE('',*,*,#2098,.T.);
#2142 = ORIENTED_EDGE('',*,*,#2143,.T.);
#2143 = EDGE_CURVE('',#2092,#2144,#2146,.T.);
#2144 = VERTEX_POINT('',#2145);
#2145 = CARTESIAN_POINT('',(-0.549703176699,-0.385257133157,
    1.706874709939E-02));
#2146 = B_SPLINE_CURVE_WITH_KNOTS('',3,(#2147,#2148,#2149,#2150,#2151,
    #2152,#2153,#2154,#2155,#2156),.UNSPECIFIED.,.F.,.F.,(4,3,3,4),(0.,
    7.103350732142E-06,1.421227799858E-05,1.771482837236E-05),
  .UNSPECIFIED.);
#2147 = CARTESIAN_POINT('',(-0.545784307857,-0.37,1.00001E-02));
#2148 = CARTESIAN_POINT('',(-0.546361456183,-0.372296366451,1.00001E-02)
  );
#2149 = CARTESIAN_POINT('',(-0.546952241317,-0.374623017775,
    1.04060631052E-02));
#2150 = CARTESIAN_POINT('',(-0.547507061583,-0.376788237319,
    1.11873427396E-02));
#2151 = CARTESIAN_POINT('',(-0.548062118894,-0.378954381948,
    1.19689561738E-02));
#2152 = CARTESIAN_POINT('',(-0.548596696582,-0.381019778598,
    1.314900386566E-02));
#2153 = CARTESIAN_POINT('',(-0.549061704046,-0.382804091046,
    1.463601021354E-02));
#2154 = CARTESIAN_POINT('',(-0.549291633093,-0.383686367767,
    1.537128002875E-02));
#2155 = CARTESIAN_POINT('',(-0.549507262275,-0.38451048922,
    1.618781483735E-02));
#2156 = CARTESIAN_POINT('',(-0.549703176699,-0.385257133157,
    1.706874709939E-02));
#2157 = ORIENTED_EDGE('',*,*,#2158,.F.);
#2158 = EDGE_CURVE('',#1617,#2144,#2159,.T.);
#2159 = B_SPLINE_CURVE_WITH_KNOTS('',3,(#2160,#2161,#2162,#2163),
  .UNSPECIFIED.,.F.,.F.,(4,4),(0.,5.639319371429E-06),
  .PIECEWISE_BEZIER_KNOTS.);
#2160 = CARTESIAN_POINT('',(-0.550955868281,-0.39,1.428703883328E-02));
#2161 = CARTESIAN_POINT('',(-0.550535645715,-0.388419327418,
    1.521355606421E-02));
#2162 = CARTESIAN_POINT('',(-0.550118082532,-0.386838369242,
    1.614079635131E-02));
#2163 = CARTESIAN_POINT('',(-0.549703176699,-0.385257133157,
    1.706874709939E-02));
#2164 = ORIENTED_EDGE('',*,*,#1616,.T.);
#2165 = ORIENTED_EDGE('',*,*,#2166,.F.);
#2166 = EDGE_CURVE('',#2167,#1619,#2169,.T.);
#2167 = VERTEX_POINT('',#2168);
#2168 = CARTESIAN_POINT('',(-0.548333790199,-0.38,1.000000000029E-07));
#2169 = B_SPLINE_CURVE_WITH_KNOTS('',3,(#2170,#2171,#2172,#2173,#2174,
    #2175,#2176),.UNSPECIFIED.,.F.,.F.,(4,3,4),(5.421010862428E-20,
    7.125840458114E-06,1.0745898962E-05),.UNSPECIFIED.);
#2170 = CARTESIAN_POINT('',(-0.548333790199,-0.38,1.000000000029E-07));
#2171 = CARTESIAN_POINT('',(-0.548928413809,-0.382299647487,
    1.000000000584E-07));
#2172 = CARTESIAN_POINT('',(-0.549536943289,-0.384629584075,
    4.071818565692E-04));
#2173 = CARTESIAN_POINT('',(-0.550108316543,-0.386797856493,
    1.190816420504E-03));
#2174 = CARTESIAN_POINT('',(-0.550399510149,-0.387902890831,
    1.590186487738E-03));
#2175 = CARTESIAN_POINT('',(-0.550684268668,-0.388978374565,
    2.089756204668E-03));
#2176 = CARTESIAN_POINT('',(-0.550955868281,-0.39,2.679591924311E-03));
#2177 = ORIENTED_EDGE('',*,*,#2178,.F.);
#2178 = EDGE_CURVE('',#2179,#2167,#2181,.T.);
#2179 = VERTEX_POINT('',#2180);
#2180 = CARTESIAN_POINT('',(-0.548333790199,0.38,1.000000001139E-07));
#2181 = ( BOUNDED_CURVE() B_SPLINE_CURVE(2,(#2182,#2183,#2184),
.UNSPECIFIED.,.F.,.F.) B_SPLINE_CURVE_WITH_KNOTS((3,3),(1.317766654873,
1.823825998717),.PIECEWISE_BEZIER_KNOTS.) CURVE() 
GEOMETRIC_REPRESENTATION_ITEM() RATIONAL_B_SPLINE_CURVE((1.,
0.968158423251,1.)) REPRESENTATION_ITEM('') );
#2182 = CARTESIAN_POINT('',(-0.548333790199,0.38,1.000000001139E-07));
#2183 = CARTESIAN_POINT('',(-0.450076569042,1.515154578124E-16,
    1.000000000584E-07));
#2184 = CARTESIAN_POINT('',(-0.548333790199,-0.38,1.000000000029E-07));
#2185 = ORIENTED_EDGE('',*,*,#2186,.F.);
#2186 = EDGE_CURVE('',#1469,#2179,#2187,.T.);
#2187 = B_SPLINE_CURVE_WITH_KNOTS('',3,(#2188,#2189,#2190,#2191,#2192,
    #2193,#2194),.UNSPECIFIED.,.F.,.F.,(4,3,4),(1.060750560012E-05,
    1.367196457714E-05,2.136234716892E-05),.UNSPECIFIED.);
#2188 = CARTESIAN_POINT('',(-0.550955868281,0.39,2.679591924311E-03));
#2189 = CARTESIAN_POINT('',(-0.550725588555,0.38913379985,
    2.179491034377E-03));
#2190 = CARTESIAN_POINT('',(-0.550485969905,0.388229349453,
    1.744380864251E-03));
#2191 = CARTESIAN_POINT('',(-0.550241103806,0.387301412885,
    1.380503588653E-03));
#2192 = CARTESIAN_POINT('',(-0.549631016433,0.384989445719,
    4.738981775104E-04));
#2193 = CARTESIAN_POINT('',(-0.548973958268,0.382475786137,
    1.000000000584E-07));
#2194 = CARTESIAN_POINT('',(-0.548333790199,0.38,1.000000001139E-07));
#2195 = ( BOUNDED_SURFACE() B_SPLINE_SURFACE(2,1,(
    (#2196,#2197)
    ,(#2198,#2199)
    ,(#2200,#2201
)),.UNSPECIFIED.,.F.,.F.,.F.) B_SPLINE_SURFACE_WITH_KNOTS((3,3),(2,2),(
    1.310956088777,1.830636564813),(-7.068647119605E-03,1.E-02),
.PIECEWISE_BEZIER_KNOTS.) GEOMETRIC_REPRESENTATION_ITEM() 
RATIONAL_B_SPLINE_SURFACE((
    (1.,1.)
    ,(0.9664310375,0.9664310375)
,(1.,1.))) REPRESENTATION_ITEM('') SURFACE() );
#2196 = CARTESIAN_POINT('',(-0.550955868281,0.39,1.706874711961E-02));
#2197 = CARTESIAN_POINT('',(-0.550955868281,0.39,1.000000001139E-07));
#2198 = CARTESIAN_POINT('',(-0.447274180667,1.498364681812E-16,
    1.706874711961E-02));
#2199 = CARTESIAN_POINT('',(-0.447274180667,1.516870546101E-16,
    1.000000000584E-07));
#2200 = CARTESIAN_POINT('',(-0.550955868281,-0.39,1.706874711961E-02));
#2201 = CARTESIAN_POINT('',(-0.550955868281,-0.39,1.000000000029E-07));
#2202 = ADVANCED_FACE('',(#2203),#2235,.T.);
#2203 = FACE_BOUND('',#2204,.T.);
#2204 = EDGE_LOOP('',(#2205,#2215,#2222,#2230));
#2205 = ORIENTED_EDGE('',*,*,#2206,.T.);
#2206 = EDGE_CURVE('',#2207,#2209,#2211,.T.);
#2207 = VERTEX_POINT('',#2208);
#2208 = CARTESIAN_POINT('',(-0.545784307857,0.37,0.4900001));
#2209 = VERTEX_POINT('',#2210);
#2210 = CARTESIAN_POINT('',(-0.545784307857,-0.37,0.4900001));
#2211 = ( BOUNDED_CURVE() B_SPLINE_CURVE(2,(#2212,#2213,#2214),
.UNSPECIFIED.,.F.,.F.) B_SPLINE_CURVE_WITH_KNOTS((3,3),(1.324565248266,
1.817027405324),.PIECEWISE_BEZIER_KNOTS.) CURVE() 
GEOMETRIC_REPRESENTATION_ITEM() RATIONAL_B_SPLINE_CURVE((1.,
0.969837984017,1.)) REPRESENTATION_ITEM('') );
#2212 = CARTESIAN_POINT('',(-0.545784307857,0.37,0.4900001));
#2213 = CARTESIAN_POINT('',(-0.452791797587,1.502649958425E-16,0.4900001
    ));
#2214 = CARTESIAN_POINT('',(-0.545784307857,-0.37,0.4900001));
#2215 = ORIENTED_EDGE('',*,*,#2216,.T.);
#2216 = EDGE_CURVE('',#2209,#2217,#2219,.T.);
#2217 = VERTEX_POINT('',#2218);
#2218 = CARTESIAN_POINT('',(0.545784307857,-0.37,0.4900001));
#2219 = B_SPLINE_CURVE_WITH_KNOTS('',1,(#2220,#2221),.UNSPECIFIED.,.F.,
  .F.,(2,2),(0.204215692143,1.295784307857),.PIECEWISE_BEZIER_KNOTS.);
#2220 = CARTESIAN_POINT('',(-0.545784307857,-0.37,0.4900001));
#2221 = CARTESIAN_POINT('',(0.545784307857,-0.37,0.4900001));
#2222 = ORIENTED_EDGE('',*,*,#2223,.F.);
#2223 = EDGE_CURVE('',#2224,#2217,#2226,.T.);
#2224 = VERTEX_POINT('',#2225);
#2225 = CARTESIAN_POINT('',(0.545784307857,0.37,0.4900001));
#2226 = ( BOUNDED_CURVE() B_SPLINE_CURVE(2,(#2227,#2228,#2229),
.UNSPECIFIED.,.F.,.F.) B_SPLINE_CURVE_WITH_KNOTS((3,3),(1.324565248266,
1.817027405324),.PIECEWISE_BEZIER_KNOTS.) CURVE() 
GEOMETRIC_REPRESENTATION_ITEM() RATIONAL_B_SPLINE_CURVE((1.,
0.969837984017,1.)) REPRESENTATION_ITEM('') );
#2227 = CARTESIAN_POINT('',(0.545784307857,0.37,0.4900001));
#2228 = CARTESIAN_POINT('',(0.452791797587,1.502649958425E-16,0.4900001)
  );
#2229 = CARTESIAN_POINT('',(0.545784307857,-0.37,0.4900001));
#2230 = ORIENTED_EDGE('',*,*,#2231,.T.);
#2231 = EDGE_CURVE('',#2224,#2207,#2232,.T.);
#2232 = B_SPLINE_CURVE_WITH_KNOTS('',1,(#2233,#2234),.UNSPECIFIED.,.F.,
  .F.,(2,2),(-1.295784307857,-0.204215692143),.PIECEWISE_BEZIER_KNOTS.);
#2233 = CARTESIAN_POINT('',(0.545784307857,0.37,0.4900001));
#2234 = CARTESIAN_POINT('',(-0.545784307857,0.37,0.4900001));
#2235 = B_SPLINE_SURFACE_WITH_KNOTS('',1,1,(
    (#2236,#2237)
    ,(#2238,#2239
  )),.UNSPECIFIED.,.F.,.F.,.F.,(2,2),(2,2),(2.E-02,0.76),(0.204215692143
    ,1.295784307857),.PIECEWISE_BEZIER_KNOTS.);
#2236 = CARTESIAN_POINT('',(-0.545784307857,0.37,0.4900001));
#2237 = CARTESIAN_POINT('',(0.545784307857,0.37,0.4900001));
#2238 = CARTESIAN_POINT('',(-0.545784307857,-0.37,0.4900001));
#2239 = CARTESIAN_POINT('',(0.545784307857,-0.37,0.4900001));
#2240 = ADVANCED_FACE('',(#2241),#2272,.F.);
#2241 = FACE_BOUND('',#2242,.T.);
#2242 = EDGE_LOOP('',(#2243,#2252,#2260,#2267));
#2243 = ORIENTED_EDGE('',*,*,#2244,.T.);
#2244 = EDGE_CURVE('',#2245,#2247,#2249,.T.);
#2245 = VERTEX_POINT('',#2246);
#2246 = CARTESIAN_POINT('',(-0.78,-0.4,2.00001E-02));
#2247 = VERTEX_POINT('',#2248);
#2248 = CARTESIAN_POINT('',(-0.548402379757,-0.4,2.00001E-02));
#2249 = B_SPLINE_CURVE_WITH_KNOTS('',1,(#2250,#2251),.UNSPECIFIED.,.F.,
  .F.,(2,2),(-0.28,-4.84023797573E-02),.PIECEWISE_BEZIER_KNOTS.);
#2250 = CARTESIAN_POINT('',(-0.78,-0.4,2.00001E-02));
#2251 = CARTESIAN_POINT('',(-0.548402379757,-0.4,2.00001E-02));
#2252 = ORIENTED_EDGE('',*,*,#2253,.F.);
#2253 = EDGE_CURVE('',#2254,#2247,#2256,.T.);
#2254 = VERTEX_POINT('',#2255);
#2255 = CARTESIAN_POINT('',(-0.548402379757,-0.4,0.4800001));
#2256 = ( BOUNDED_CURVE() B_SPLINE_CURVE(2,(#2257,#2258,#2259),
.UNSPECIFIED.,.F.,.F.) B_SPLINE_CURVE_WITH_KNOTS((3,3),(1.155959358135,
1.985633295455),.PIECEWISE_BEZIER_KNOTS.) CURVE() 
GEOMETRIC_REPRESENTATION_ITEM() RATIONAL_B_SPLINE_CURVE((1.,
0.915182040927,1.)) REPRESENTATION_ITEM('') );
#2257 = CARTESIAN_POINT('',(-0.548402379757,-0.4,0.4800001));
#2258 = CARTESIAN_POINT('',(-0.447111746524,-0.4,0.2500001));
#2259 = CARTESIAN_POINT('',(-0.548402379757,-0.4,2.00001E-02));
#2260 = ORIENTED_EDGE('',*,*,#2261,.T.);
#2261 = EDGE_CURVE('',#2254,#2262,#2264,.T.);
#2262 = VERTEX_POINT('',#2263);
#2263 = CARTESIAN_POINT('',(-0.78,-0.4,0.4800001));
#2264 = B_SPLINE_CURVE_WITH_KNOTS('',1,(#2265,#2266),.UNSPECIFIED.,.F.,
  .F.,(2,2),(4.84023797573E-02,0.28),.PIECEWISE_BEZIER_KNOTS.);
#2265 = CARTESIAN_POINT('',(-0.548402379757,-0.4,0.4800001));
#2266 = CARTESIAN_POINT('',(-0.78,-0.4,0.4800001));
#2267 = ORIENTED_EDGE('',*,*,#2268,.T.);
#2268 = EDGE_CURVE('',#2262,#2245,#2269,.T.);
#2269 = B_SPLINE_CURVE_WITH_KNOTS('',1,(#2270,#2271),.UNSPECIFIED.,.F.,
  .F.,(2,2),(-0.48,-2.E-02),.PIECEWISE_BEZIER_KNOTS.);
#2270 = CARTESIAN_POINT('',(-0.78,-0.4,0.4800001));
#2271 = CARTESIAN_POINT('',(-0.78,-0.4,2.00001E-02));
#2272 = B_SPLINE_SURFACE_WITH_KNOTS('',1,1,(
    (#2273,#2274)
    ,(#2275,#2276
    )),.UNSPECIFIED.,.F.,.F.,.F.,(2,2),(2,2),(-0.48,-2.E-02),(-0.28,0.),
  .PIECEWISE_BEZIER_KNOTS.);
#2273 = CARTESIAN_POINT('',(-0.78,-0.4,2.00001E-02));
#2274 = CARTESIAN_POINT('',(-0.5,-0.4,2.00001E-02));
#2275 = CARTESIAN_POINT('',(-0.78,-0.4,0.4800001));
#2276 = CARTESIAN_POINT('',(-0.5,-0.4,0.4800001));
#2277 = ADVANCED_FACE('',(#2278),#2373,.T.);
#2278 = FACE_BOUND('',#2279,.T.);
#2279 = EDGE_LOOP('',(#2280,#2289,#2298,#2311,#2312,#2327,#2336,#2343,
    #2355,#2363));
#2280 = ORIENTED_EDGE('',*,*,#2281,.F.);
#2281 = EDGE_CURVE('',#2282,#2284,#2286,.T.);
#2282 = VERTEX_POINT('',#2283);
#2283 = CARTESIAN_POINT('',(-0.550955868281,-0.39,0.485713161167));
#2284 = VERTEX_POINT('',#2285);
#2285 = CARTESIAN_POINT('',(-0.550955868281,-0.39,0.497320608076));
#2286 = B_SPLINE_CURVE_WITH_KNOTS('',1,(#2287,#2288),.UNSPECIFIED.,.F.,
  .F.,(2,2),(-4.286938833275E-03,7.320508075689E-03),
  .PIECEWISE_BEZIER_KNOTS.);
#2287 = CARTESIAN_POINT('',(-0.550955868281,-0.39,0.485713161167));
#2288 = CARTESIAN_POINT('',(-0.550955868281,-0.39,0.497320608076));
#2289 = ORIENTED_EDGE('',*,*,#2290,.T.);
#2290 = EDGE_CURVE('',#2282,#2291,#2293,.T.);
#2291 = VERTEX_POINT('',#2292);
#2292 = CARTESIAN_POINT('',(-0.54970317669,-0.385257133174,0.48293145288
    ));
#2293 = B_SPLINE_CURVE_WITH_KNOTS('',3,(#2294,#2295,#2296,#2297),
  .UNSPECIFIED.,.F.,.F.,(4,4),(0.,5.639319368998E-06),
  .PIECEWISE_BEZIER_KNOTS.);
#2294 = CARTESIAN_POINT('',(-0.550955868281,-0.39,0.485713161167));
#2295 = CARTESIAN_POINT('',(-0.550535645715,-0.388419327418,
    0.484786643936));
#2296 = CARTESIAN_POINT('',(-0.550118082532,-0.386838369243,
    0.483859403649));
#2297 = CARTESIAN_POINT('',(-0.54970317669,-0.385257133174,0.48293145288
    ));
#2298 = ORIENTED_EDGE('',*,*,#2299,.T.);
#2299 = EDGE_CURVE('',#2291,#2209,#2300,.T.);
#2300 = B_SPLINE_CURVE_WITH_KNOTS('',3,(#2301,#2302,#2303,#2304,#2305,
    #2306,#2307,#2308,#2309,#2310),.UNSPECIFIED.,.F.,.F.,(4,3,3,4),(
    1.405952720166E-05,1.973795196358E-05,2.659324825415E-05,
    3.175524521879E-05),.UNSPECIFIED.);
#2301 = CARTESIAN_POINT('',(-0.54970317669,-0.385257133174,0.48293145288
    ));
#2302 = CARTESIAN_POINT('',(-0.549386297665,-0.384049484372,
    0.484356304462));
#2303 = CARTESIAN_POINT('',(-0.549016235373,-0.382632889177,
    0.485615458068));
#2304 = CARTESIAN_POINT('',(-0.548616568114,-0.381091941299,
    0.486642480801));
#2305 = CARTESIAN_POINT('',(-0.548134373275,-0.379232801985,
    0.487881574196));
#2306 = CARTESIAN_POINT('',(-0.547597076054,-0.37714586843,
    0.488811286916));
#2307 = CARTESIAN_POINT('',(-0.547049284867,-0.374997201216,
    0.489365739176));
#2308 = CARTESIAN_POINT('',(-0.546634370217,-0.373369731616,
    0.489785699137));
#2309 = CARTESIAN_POINT('',(-0.546206297403,-0.37167901836,0.4900001));
#2310 = CARTESIAN_POINT('',(-0.545784307857,-0.37,0.4900001));
#2311 = ORIENTED_EDGE('',*,*,#2206,.F.);
#2312 = ORIENTED_EDGE('',*,*,#2313,.T.);
#2313 = EDGE_CURVE('',#2207,#2314,#2316,.T.);
#2314 = VERTEX_POINT('',#2315);
#2315 = CARTESIAN_POINT('',(-0.549703176699,0.385257133157,
    0.482931452901));
#2316 = B_SPLINE_CURVE_WITH_KNOTS('',3,(#2317,#2318,#2319,#2320,#2321,
    #2322,#2323,#2324,#2325,#2326),.UNSPECIFIED.,.F.,.F.,(4,3,3,4),(0.,
    7.103350732142E-06,1.421227799858E-05,1.771482837236E-05),
  .UNSPECIFIED.);
#2317 = CARTESIAN_POINT('',(-0.545784307857,0.37,0.4900001));
#2318 = CARTESIAN_POINT('',(-0.546361456183,0.372296366451,0.4900001));
#2319 = CARTESIAN_POINT('',(-0.546952241317,0.374623017775,
    0.489594136895));
#2320 = CARTESIAN_POINT('',(-0.547507061583,0.376788237319,0.48881285726
    ));
#2321 = CARTESIAN_POINT('',(-0.548062118894,0.378954381948,
    0.488031243826));
#2322 = CARTESIAN_POINT('',(-0.548596696582,0.381019778598,
    0.486851196134));
#2323 = CARTESIAN_POINT('',(-0.549061704046,0.382804091046,
    0.485364189786));
#2324 = CARTESIAN_POINT('',(-0.549291633093,0.383686367767,
    0.484628919971));
#2325 = CARTESIAN_POINT('',(-0.549507262275,0.38451048922,0.483812385163
    ));
#2326 = CARTESIAN_POINT('',(-0.549703176699,0.385257133157,
    0.482931452901));
#2327 = ORIENTED_EDGE('',*,*,#2328,.F.);
#2328 = EDGE_CURVE('',#2329,#2314,#2331,.T.);
#2329 = VERTEX_POINT('',#2330);
#2330 = CARTESIAN_POINT('',(-0.550955868281,0.39,0.485713161167));
#2331 = B_SPLINE_CURVE_WITH_KNOTS('',3,(#2332,#2333,#2334,#2335),
  .UNSPECIFIED.,.F.,.F.,(4,4),(0.,5.639319371429E-06),
  .PIECEWISE_BEZIER_KNOTS.);
#2332 = CARTESIAN_POINT('',(-0.550955868281,0.39,0.485713161167));
#2333 = CARTESIAN_POINT('',(-0.550535645715,0.388419327418,
    0.484786643936));
#2334 = CARTESIAN_POINT('',(-0.550118082532,0.386838369242,
    0.483859403649));
#2335 = CARTESIAN_POINT('',(-0.549703176699,0.385257133157,
    0.482931452901));
#2336 = ORIENTED_EDGE('',*,*,#2337,.T.);
#2337 = EDGE_CURVE('',#2329,#2338,#2340,.T.);
#2338 = VERTEX_POINT('',#2339);
#2339 = CARTESIAN_POINT('',(-0.550955868281,0.39,0.497320608076));
#2340 = B_SPLINE_CURVE_WITH_KNOTS('',1,(#2341,#2342),.UNSPECIFIED.,.F.,
  .F.,(2,2),(-4.286938833275E-03,7.320508075689E-03),
  .PIECEWISE_BEZIER_KNOTS.);
#2341 = CARTESIAN_POINT('',(-0.550955868281,0.39,0.485713161167));
#2342 = CARTESIAN_POINT('',(-0.550955868281,0.39,0.497320608076));
#2343 = ORIENTED_EDGE('',*,*,#2344,.T.);
#2344 = EDGE_CURVE('',#2338,#2345,#2347,.T.);
#2345 = VERTEX_POINT('',#2346);
#2346 = CARTESIAN_POINT('',(-0.548333790199,0.38,0.5000001));
#2347 = B_SPLINE_CURVE_WITH_KNOTS('',3,(#2348,#2349,#2350,#2351,#2352,
    #2353,#2354),.UNSPECIFIED.,.F.,.F.,(4,3,4),(1.060750560012E-05,
    1.367196457714E-05,2.136234716892E-05),.UNSPECIFIED.);
#2348 = CARTESIAN_POINT('',(-0.550955868281,0.39,0.497320608076));
#2349 = CARTESIAN_POINT('',(-0.550725588555,0.38913379985,0.497820708966
    ));
#2350 = CARTESIAN_POINT('',(-0.550485969905,0.388229349453,
    0.498255819136));
#2351 = CARTESIAN_POINT('',(-0.550241103806,0.387301412885,
    0.498619696411));
#2352 = CARTESIAN_POINT('',(-0.549631016433,0.384989445719,
    0.499526301822));
#2353 = CARTESIAN_POINT('',(-0.548973958268,0.382475786137,0.5000001));
#2354 = CARTESIAN_POINT('',(-0.548333790199,0.38,0.5000001));
#2355 = ORIENTED_EDGE('',*,*,#2356,.T.);
#2356 = EDGE_CURVE('',#2345,#2357,#2359,.T.);
#2357 = VERTEX_POINT('',#2358);
#2358 = CARTESIAN_POINT('',(-0.548333790199,-0.38,0.5000001));
#2359 = ( BOUNDED_CURVE() B_SPLINE_CURVE(2,(#2360,#2361,#2362),
.UNSPECIFIED.,.F.,.F.) B_SPLINE_CURVE_WITH_KNOTS((3,3),(1.317766654873,
1.823825998717),.PIECEWISE_BEZIER_KNOTS.) CURVE() 
GEOMETRIC_REPRESENTATION_ITEM() RATIONAL_B_SPLINE_CURVE((1.,
0.968158423251,1.)) REPRESENTATION_ITEM('') );
#2360 = CARTESIAN_POINT('',(-0.548333790199,0.38,0.5000001));
#2361 = CARTESIAN_POINT('',(-0.450076569042,1.515154578124E-16,0.5000001
    ));
#2362 = CARTESIAN_POINT('',(-0.548333790199,-0.38,0.5000001));
#2363 = ORIENTED_EDGE('',*,*,#2364,.T.);
#2364 = EDGE_CURVE('',#2357,#2284,#2365,.T.);
#2365 = B_SPLINE_CURVE_WITH_KNOTS('',3,(#2366,#2367,#2368,#2369,#2370,
    #2371,#2372),.UNSPECIFIED.,.F.,.F.,(4,3,4),(5.421010862428E-20,
    7.125840458114E-06,1.0745898962E-05),.UNSPECIFIED.);
#2366 = CARTESIAN_POINT('',(-0.548333790199,-0.38,0.5000001));
#2367 = CARTESIAN_POINT('',(-0.548928413809,-0.382299647487,0.5000001));
#2368 = CARTESIAN_POINT('',(-0.549536943289,-0.384629584075,
    0.499593018143));
#2369 = CARTESIAN_POINT('',(-0.550108316543,-0.386797856493,
    0.498809383579));
#2370 = CARTESIAN_POINT('',(-0.550399510149,-0.387902890831,
    0.498410013512));
#2371 = CARTESIAN_POINT('',(-0.550684268668,-0.388978374565,
    0.497910443795));
#2372 = CARTESIAN_POINT('',(-0.550955868281,-0.39,0.497320608076));
#2373 = ( BOUNDED_SURFACE() B_SPLINE_SURFACE(2,1,(
    (#2374,#2375)
    ,(#2376,#2377)
    ,(#2378,#2379
)),.UNSPECIFIED.,.F.,.F.,.F.) B_SPLINE_SURFACE_WITH_KNOTS((3,3),(2,2),(
    1.310956088777,1.830636564813),(-7.068647119606E-03,1.E-02),
.PIECEWISE_BEZIER_KNOTS.) GEOMETRIC_REPRESENTATION_ITEM() 
RATIONAL_B_SPLINE_SURFACE((
    (1.,1.)
    ,(0.9664310375,0.9664310375)
,(1.,1.))) REPRESENTATION_ITEM('') SURFACE() );
#2374 = CARTESIAN_POINT('',(-0.550955868281,-0.39,0.48293145288));
#2375 = CARTESIAN_POINT('',(-0.550955868281,-0.39,0.5000001));
#2376 = CARTESIAN_POINT('',(-0.447274180667,-4.25153385764E-17,
    0.48293145288));
#2377 = CARTESIAN_POINT('',(-0.447274180667,-4.066475214756E-17,
    0.5000001));
#2378 = CARTESIAN_POINT('',(-0.550955868281,0.39,0.48293145288));
#2379 = CARTESIAN_POINT('',(-0.550955868281,0.39,0.5000001));
#2380 = ADVANCED_FACE('',(#2381),#2403,.F.);
#2381 = FACE_BOUND('',#2382,.T.);
#2382 = EDGE_LOOP('',(#2383,#2390,#2391,#2398));
#2383 = ORIENTED_EDGE('',*,*,#2384,.T.);
#2384 = EDGE_CURVE('',#2385,#2357,#2387,.T.);
#2385 = VERTEX_POINT('',#2386);
#2386 = CARTESIAN_POINT('',(-0.78,-0.38,0.5000001));
#2387 = B_SPLINE_CURVE_WITH_KNOTS('',1,(#2388,#2389),.UNSPECIFIED.,.F.,
  .F.,(2,2),(-0.28,-4.833379019919E-02),.PIECEWISE_BEZIER_KNOTS.);
#2388 = CARTESIAN_POINT('',(-0.78,-0.38,0.5000001));
#2389 = CARTESIAN_POINT('',(-0.548333790199,-0.38,0.5000001));
#2390 = ORIENTED_EDGE('',*,*,#2356,.F.);
#2391 = ORIENTED_EDGE('',*,*,#2392,.T.);
#2392 = EDGE_CURVE('',#2345,#2393,#2395,.T.);
#2393 = VERTEX_POINT('',#2394);
#2394 = CARTESIAN_POINT('',(-0.78,0.38,0.5000001));
#2395 = B_SPLINE_CURVE_WITH_KNOTS('',1,(#2396,#2397),.UNSPECIFIED.,.F.,
  .F.,(2,2),(4.833379019919E-02,0.28),.PIECEWISE_BEZIER_KNOTS.);
#2396 = CARTESIAN_POINT('',(-0.548333790199,0.38,0.5000001));
#2397 = CARTESIAN_POINT('',(-0.78,0.38,0.5000001));
#2398 = ORIENTED_EDGE('',*,*,#2399,.T.);
#2399 = EDGE_CURVE('',#2393,#2385,#2400,.T.);
#2400 = B_SPLINE_CURVE_WITH_KNOTS('',1,(#2401,#2402),.UNSPECIFIED.,.F.,
  .F.,(2,2),(-0.78,-2.E-02),.PIECEWISE_BEZIER_KNOTS.);
#2401 = CARTESIAN_POINT('',(-0.78,0.38,0.5000001));
#2402 = CARTESIAN_POINT('',(-0.78,-0.38,0.5000001));
#2403 = B_SPLINE_SURFACE_WITH_KNOTS('',1,1,(
    (#2404,#2405)
    ,(#2406,#2407
    )),.UNSPECIFIED.,.F.,.F.,.F.,(2,2),(2,2),(-2.22044604925E-16,0.28),(
    -0.78,-2.E-02),.PIECEWISE_BEZIER_KNOTS.);
#2404 = CARTESIAN_POINT('',(-0.5,-0.38,0.5000001));
#2405 = CARTESIAN_POINT('',(-0.5,0.38,0.5000001));
#2406 = CARTESIAN_POINT('',(-0.78,-0.38,0.5000001));
#2407 = CARTESIAN_POINT('',(-0.78,0.38,0.5000001));
#2408 = ADVANCED_FACE('',(#2409),#2448,.T.);
#2409 = FACE_BOUND('',#2410,.T.);
#2410 = EDGE_LOOP('',(#2411,#2420,#2433,#2434,#2435,#2442));
#2411 = ORIENTED_EDGE('',*,*,#2412,.F.);
#2412 = EDGE_CURVE('',#2413,#2415,#2417,.T.);
#2413 = VERTEX_POINT('',#2414);
#2414 = CARTESIAN_POINT('',(-0.548402379757,0.4,2.00001E-02));
#2415 = VERTEX_POINT('',#2416);
#2416 = CARTESIAN_POINT('',(-0.78,0.4,2.00001E-02));
#2417 = B_SPLINE_CURVE_WITH_KNOTS('',1,(#2418,#2419),.UNSPECIFIED.,.F.,
  .F.,(2,2),(4.84023797573E-02,0.28),.PIECEWISE_BEZIER_KNOTS.);
#2418 = CARTESIAN_POINT('',(-0.548402379757,0.4,2.00001E-02));
#2419 = CARTESIAN_POINT('',(-0.78,0.4,2.00001E-02));
#2420 = ORIENTED_EDGE('',*,*,#2421,.T.);
#2421 = EDGE_CURVE('',#2413,#1461,#2422,.T.);
#2422 = B_SPLINE_CURVE_WITH_KNOTS('',3,(#2423,#2424,#2425,#2426,#2427,
    #2428,#2429,#2430,#2431,#2432),.UNSPECIFIED.,.F.,.F.,(4,3,3,4),(
    2.710505431214E-20,7.956051780663E-06,1.592993417484E-05,
    2.232613415464E-05),.UNSPECIFIED.);
#2423 = CARTESIAN_POINT('',(-0.548402379757,0.4,2.00001E-02));
#2424 = CARTESIAN_POINT('',(-0.549471250736,0.4,1.75730214319E-02));
#2425 = CARTESIAN_POINT('',(-0.550572797095,0.399548298195,
    1.512012485311E-02));
#2426 = CARTESIAN_POINT('',(-0.551613507814,0.398675314663,
    1.284240307557E-02));
#2427 = CARTESIAN_POINT('',(-0.552655460407,0.397801289404,
    1.056196330667E-02));
#2428 = CARTESIAN_POINT('',(-0.553667109916,0.396476753373,
    8.389679726848E-03));
#2429 = CARTESIAN_POINT('',(-0.554541598497,0.394788981188,
    6.535849726215E-03));
#2430 = CARTESIAN_POINT('',(-0.555246088725,0.393429307616,
    5.042399555122E-03));
#2431 = CARTESIAN_POINT('',(-0.555878269221,0.391801111061,
    3.719463838385E-03));
#2432 = CARTESIAN_POINT('',(-0.556378346734,0.39,2.679591924311E-03));
#2433 = ORIENTED_EDGE('',*,*,#1475,.T.);
#2434 = ORIENTED_EDGE('',*,*,#2186,.T.);
#2435 = ORIENTED_EDGE('',*,*,#2436,.F.);
#2436 = EDGE_CURVE('',#2437,#2179,#2439,.T.);
#2437 = VERTEX_POINT('',#2438);
#2438 = CARTESIAN_POINT('',(-0.78,0.38,1.000000000584E-07));
#2439 = B_SPLINE_CURVE_WITH_KNOTS('',1,(#2440,#2441),.UNSPECIFIED.,.F.,
  .F.,(2,2),(-0.28,-4.833379019919E-02),.PIECEWISE_BEZIER_KNOTS.);
#2440 = CARTESIAN_POINT('',(-0.78,0.38,1.000000000584E-07));
#2441 = CARTESIAN_POINT('',(-0.548333790199,0.38,1.000000000584E-07));
#2442 = ORIENTED_EDGE('',*,*,#2443,.F.);
#2443 = EDGE_CURVE('',#2415,#2437,#2444,.T.);
#2444 = ( BOUNDED_CURVE() B_SPLINE_CURVE(2,(#2445,#2446,#2447),
.UNSPECIFIED.,.F.,.F.) B_SPLINE_CURVE_WITH_KNOTS((3,3),(1.570796326795,
3.14159265359),.PIECEWISE_BEZIER_KNOTS.) CURVE() 
GEOMETRIC_REPRESENTATION_ITEM() RATIONAL_B_SPLINE_CURVE((1.,
0.707106781187,1.)) REPRESENTATION_ITEM('') );
#2445 = CARTESIAN_POINT('',(-0.78,0.4,2.00001E-02));
#2446 = CARTESIAN_POINT('',(-0.78,0.4,1.000000000584E-07));
#2447 = CARTESIAN_POINT('',(-0.78,0.38,1.000000000584E-07));
#2448 = ( BOUNDED_SURFACE() B_SPLINE_SURFACE(2,1,(
    (#2449,#2450)
    ,(#2451,#2452)
    ,(#2453,#2454
)),.UNSPECIFIED.,.F.,.F.,.F.) B_SPLINE_SURFACE_WITH_KNOTS((3,3),(2,2),(
    1.570796326795,3.14159265359),(4.833379019919E-02,0.28),
.PIECEWISE_BEZIER_KNOTS.) GEOMETRIC_REPRESENTATION_ITEM() 
RATIONAL_B_SPLINE_SURFACE((
    (1.,1.)
    ,(0.707106781187,0.707106781187)
,(1.,1.))) REPRESENTATION_ITEM('') SURFACE() );
#2449 = CARTESIAN_POINT('',(-0.548333790199,0.4,2.00001E-02));
#2450 = CARTESIAN_POINT('',(-0.78,0.4,2.00001E-02));
#2451 = CARTESIAN_POINT('',(-0.548333790199,0.4,1.000000000584E-07));
#2452 = CARTESIAN_POINT('',(-0.78,0.4,1.000000000584E-07));
#2453 = CARTESIAN_POINT('',(-0.548333790199,0.38,1.000000000584E-07));
#2454 = CARTESIAN_POINT('',(-0.78,0.38,1.000000000584E-07));
#2455 = ADVANCED_FACE('',(#2456),#2479,.F.);
#2456 = FACE_BOUND('',#2457,.T.);
#2457 = EDGE_LOOP('',(#2458,#2466,#2467,#2474));
#2458 = ORIENTED_EDGE('',*,*,#2459,.T.);
#2459 = EDGE_CURVE('',#2460,#2413,#2462,.T.);
#2460 = VERTEX_POINT('',#2461);
#2461 = CARTESIAN_POINT('',(-0.548402379757,0.4,0.4800001));
#2462 = ( BOUNDED_CURVE() B_SPLINE_CURVE(2,(#2463,#2464,#2465),
.UNSPECIFIED.,.F.,.F.) B_SPLINE_CURVE_WITH_KNOTS((3,3),(1.155959358135,
1.985633295455),.PIECEWISE_BEZIER_KNOTS.) CURVE() 
GEOMETRIC_REPRESENTATION_ITEM() RATIONAL_B_SPLINE_CURVE((1.,
0.915182040927,1.)) REPRESENTATION_ITEM('') );
#2463 = CARTESIAN_POINT('',(-0.548402379757,0.4,0.4800001));
#2464 = CARTESIAN_POINT('',(-0.447111746524,0.4,0.2500001));
#2465 = CARTESIAN_POINT('',(-0.548402379757,0.4,2.00001E-02));
#2466 = ORIENTED_EDGE('',*,*,#2412,.T.);
#2467 = ORIENTED_EDGE('',*,*,#2468,.T.);
#2468 = EDGE_CURVE('',#2415,#2469,#2471,.T.);
#2469 = VERTEX_POINT('',#2470);
#2470 = CARTESIAN_POINT('',(-0.78,0.4,0.4800001));
#2471 = B_SPLINE_CURVE_WITH_KNOTS('',1,(#2472,#2473),.UNSPECIFIED.,.F.,
  .F.,(2,2),(-0.48,-2.E-02),.PIECEWISE_BEZIER_KNOTS.);
#2472 = CARTESIAN_POINT('',(-0.78,0.4,2.00001E-02));
#2473 = CARTESIAN_POINT('',(-0.78,0.4,0.4800001));
#2474 = ORIENTED_EDGE('',*,*,#2475,.T.);
#2475 = EDGE_CURVE('',#2469,#2460,#2476,.T.);
#2476 = B_SPLINE_CURVE_WITH_KNOTS('',1,(#2477,#2478),.UNSPECIFIED.,.F.,
  .F.,(2,2),(-0.28,-4.84023797573E-02),.PIECEWISE_BEZIER_KNOTS.);
#2477 = CARTESIAN_POINT('',(-0.78,0.4,0.4800001));
#2478 = CARTESIAN_POINT('',(-0.548402379757,0.4,0.4800001));
#2479 = B_SPLINE_SURFACE_WITH_KNOTS('',1,1,(
    (#2480,#2481)
    ,(#2482,#2483
  )),.UNSPECIFIED.,.F.,.F.,.F.,(2,2),(2,2),(2.E-02,0.48),(-0.28,0.),
  .PIECEWISE_BEZIER_KNOTS.);
#2480 = CARTESIAN_POINT('',(-0.78,0.4,0.4800001));
#2481 = CARTESIAN_POINT('',(-0.5,0.4,0.4800001));
#2482 = CARTESIAN_POINT('',(-0.78,0.4,2.00001E-02));
#2483 = CARTESIAN_POINT('',(-0.5,0.4,2.00001E-02));
#2484 = ADVANCED_FACE('',(#2485),#2516,.T.);
#2485 = FACE_BOUND('',#2486,.T.);
#2486 = EDGE_LOOP('',(#2487,#2488,#2495,#2508,#2509,#2515));
#2487 = ORIENTED_EDGE('',*,*,#2344,.F.);
#2488 = ORIENTED_EDGE('',*,*,#2489,.T.);
#2489 = EDGE_CURVE('',#2338,#2490,#2492,.T.);
#2490 = VERTEX_POINT('',#2491);
#2491 = CARTESIAN_POINT('',(-0.556378346734,0.39,0.497320608076));
#2492 = B_SPLINE_CURVE_WITH_KNOTS('',1,(#2493,#2494),.UNSPECIFIED.,.F.,
  .F.,(2,2),(5.095586828139E-02,5.637834673364E-02),
  .PIECEWISE_BEZIER_KNOTS.);
#2493 = CARTESIAN_POINT('',(-0.550955868281,0.39,0.497320608076));
#2494 = CARTESIAN_POINT('',(-0.556378346734,0.39,0.497320608076));
#2495 = ORIENTED_EDGE('',*,*,#2496,.T.);
#2496 = EDGE_CURVE('',#2490,#2460,#2497,.T.);
#2497 = B_SPLINE_CURVE_WITH_KNOTS('',3,(#2498,#2499,#2500,#2501,#2502,
    #2503,#2504,#2505,#2506,#2507),.UNSPECIFIED.,.F.,.F.,(4,3,3,4),(0.,
    7.116571571104E-06,1.420054438822E-05,2.233532919822E-05),
  .UNSPECIFIED.);
#2498 = CARTESIAN_POINT('',(-0.556378346734,0.39,0.497320608076));
#2499 = CARTESIAN_POINT('',(-0.555823757046,0.391997445523,
    0.496167382366));
#2500 = CARTESIAN_POINT('',(-0.555105509199,0.393783091741,
    0.494663434134));
#2501 = CARTESIAN_POINT('',(-0.554305320124,0.395230481831,
    0.492962832109));
#2502 = CARTESIAN_POINT('',(-0.553507383909,0.396673796921,0.49126701798
    ));
#2503 = CARTESIAN_POINT('',(-0.552607670597,0.397822791866,
    0.489332056906));
#2504 = CARTESIAN_POINT('',(-0.551681216659,0.398617863677,
    0.487305930027));
#2505 = CARTESIAN_POINT('',(-0.55062033102,0.399528303183,0.484985805065
    ));
#2506 = CARTESIAN_POINT('',(-0.549494118707,0.400000000055,0.48247910473
    ));
#2507 = CARTESIAN_POINT('',(-0.548402379757,0.4,0.4800001));
#2508 = ORIENTED_EDGE('',*,*,#2475,.F.);
#2509 = ORIENTED_EDGE('',*,*,#2510,.F.);
#2510 = EDGE_CURVE('',#2393,#2469,#2511,.T.);
#2511 = ( BOUNDED_CURVE() B_SPLINE_CURVE(2,(#2512,#2513,#2514),
.UNSPECIFIED.,.F.,.F.) B_SPLINE_CURVE_WITH_KNOTS((3,3),(0.,
1.570796326795),.PIECEWISE_BEZIER_KNOTS.) CURVE() 
GEOMETRIC_REPRESENTATION_ITEM() RATIONAL_B_SPLINE_CURVE((1.,
0.707106781187,1.)) REPRESENTATION_ITEM('') );
#2512 = CARTESIAN_POINT('',(-0.78,0.38,0.5000001));
#2513 = CARTESIAN_POINT('',(-0.78,0.4,0.5000001));
#2514 = CARTESIAN_POINT('',(-0.78,0.4,0.4800001));
#2515 = ORIENTED_EDGE('',*,*,#2392,.F.);
#2516 = ( BOUNDED_SURFACE() B_SPLINE_SURFACE(2,1,(
    (#2517,#2518)
    ,(#2519,#2520)
    ,(#2521,#2522
)),.UNSPECIFIED.,.F.,.F.,.F.) B_SPLINE_SURFACE_WITH_KNOTS((3,3),(2,2),(
    0.,1.570796326795),(4.833379019919E-02,0.28),
.PIECEWISE_BEZIER_KNOTS.) GEOMETRIC_REPRESENTATION_ITEM() 
RATIONAL_B_SPLINE_SURFACE((
    (1.,1.)
    ,(0.707106781187,0.707106781187)
,(1.,1.))) REPRESENTATION_ITEM('') SURFACE() );
#2517 = CARTESIAN_POINT('',(-0.548333790199,0.38,0.5000001));
#2518 = CARTESIAN_POINT('',(-0.78,0.38,0.5000001));
#2519 = CARTESIAN_POINT('',(-0.548333790199,0.4,0.5000001));
#2520 = CARTESIAN_POINT('',(-0.78,0.4,0.5000001));
#2521 = CARTESIAN_POINT('',(-0.548333790199,0.4,0.4800001));
#2522 = CARTESIAN_POINT('',(-0.78,0.4,0.4800001));
#2523 = ADVANCED_FACE('',(#2524),#2540,.F.);
#2524 = FACE_BOUND('',#2525,.T.);
#2525 = EDGE_LOOP('',(#2526,#2527,#2534,#2539));
#2526 = ORIENTED_EDGE('',*,*,#2178,.T.);
#2527 = ORIENTED_EDGE('',*,*,#2528,.T.);
#2528 = EDGE_CURVE('',#2167,#2529,#2531,.T.);
#2529 = VERTEX_POINT('',#2530);
#2530 = CARTESIAN_POINT('',(-0.78,-0.38,1.000000000584E-07));
#2531 = B_SPLINE_CURVE_WITH_KNOTS('',1,(#2532,#2533),.UNSPECIFIED.,.F.,
  .F.,(2,2),(4.833379019919E-02,0.28),.PIECEWISE_BEZIER_KNOTS.);
#2532 = CARTESIAN_POINT('',(-0.548333790199,-0.38,1.000000000584E-07));
#2533 = CARTESIAN_POINT('',(-0.78,-0.38,1.000000000584E-07));
#2534 = ORIENTED_EDGE('',*,*,#2535,.T.);
#2535 = EDGE_CURVE('',#2529,#2437,#2536,.T.);
#2536 = B_SPLINE_CURVE_WITH_KNOTS('',1,(#2537,#2538),.UNSPECIFIED.,.F.,
  .F.,(2,2),(-0.78,-2.E-02),.PIECEWISE_BEZIER_KNOTS.);
#2537 = CARTESIAN_POINT('',(-0.78,-0.38,1.000000000584E-07));
#2538 = CARTESIAN_POINT('',(-0.78,0.38,1.000000000584E-07));
#2539 = ORIENTED_EDGE('',*,*,#2436,.T.);
#2540 = B_SPLINE_SURFACE_WITH_KNOTS('',1,1,(
    (#2541,#2542)
    ,(#2543,#2544
    )),.UNSPECIFIED.,.F.,.F.,.F.,(2,2),(2,2),(-0.28,2.22044604925E-16),(
    -0.78,-2.E-02),.PIECEWISE_BEZIER_KNOTS.);
#2541 = CARTESIAN_POINT('',(-0.78,-0.38,1.000000000584E-07));
#2542 = CARTESIAN_POINT('',(-0.78,0.38,1.000000000584E-07));
#2543 = CARTESIAN_POINT('',(-0.5,-0.38,1.000000000584E-07));
#2544 = CARTESIAN_POINT('',(-0.5,0.38,1.000000000584E-07));
#2545 = ADVANCED_FACE('',(#2546),#2571,.T.);
#2546 = FACE_BOUND('',#2547,.T.);
#2547 = EDGE_LOOP('',(#2548,#2561,#2562,#2568,#2569,#2570));
#2548 = ORIENTED_EDGE('',*,*,#2549,.F.);
#2549 = EDGE_CURVE('',#2247,#1626,#2550,.T.);
#2550 = B_SPLINE_CURVE_WITH_KNOTS('',3,(#2551,#2552,#2553,#2554,#2555,
    #2556,#2557,#2558,#2559,#2560),.UNSPECIFIED.,.F.,.F.,(4,3,3,4),(
    5.421010862428E-20,7.956051780663E-06,1.592993417484E-05,
    2.232613415464E-05),.UNSPECIFIED.);
#2551 = CARTESIAN_POINT('',(-0.548402379757,-0.4,2.00001E-02));
#2552 = CARTESIAN_POINT('',(-0.549471250736,-0.4,1.75730214319E-02));
#2553 = CARTESIAN_POINT('',(-0.550572797095,-0.399548298195,
    1.512012485311E-02));
#2554 = CARTESIAN_POINT('',(-0.551613507814,-0.398675314663,
    1.284240307557E-02));
#2555 = CARTESIAN_POINT('',(-0.552655460407,-0.397801289404,
    1.056196330667E-02));
#2556 = CARTESIAN_POINT('',(-0.553667109916,-0.396476753373,
    8.389679726848E-03));
#2557 = CARTESIAN_POINT('',(-0.554541598497,-0.394788981188,
    6.535849726215E-03));
#2558 = CARTESIAN_POINT('',(-0.555246088725,-0.393429307616,
    5.042399555122E-03));
#2559 = CARTESIAN_POINT('',(-0.555878269221,-0.391801111061,
    3.719463838385E-03));
#2560 = CARTESIAN_POINT('',(-0.556378346734,-0.39,2.679591924311E-03));
#2561 = ORIENTED_EDGE('',*,*,#2244,.F.);
#2562 = ORIENTED_EDGE('',*,*,#2563,.F.);
#2563 = EDGE_CURVE('',#2529,#2245,#2564,.T.);
#2564 = ( BOUNDED_CURVE() B_SPLINE_CURVE(2,(#2565,#2566,#2567),
.UNSPECIFIED.,.F.,.F.) B_SPLINE_CURVE_WITH_KNOTS((3,3),(3.14159265359,
4.712388980385),.PIECEWISE_BEZIER_KNOTS.) CURVE() 
GEOMETRIC_REPRESENTATION_ITEM() RATIONAL_B_SPLINE_CURVE((1.,
0.707106781187,1.)) REPRESENTATION_ITEM('') );
#2565 = CARTESIAN_POINT('',(-0.78,-0.38,1.000000000584E-07));
#2566 = CARTESIAN_POINT('',(-0.78,-0.4,1.000000000584E-07));
#2567 = CARTESIAN_POINT('',(-0.78,-0.4,2.00001E-02));
#2568 = ORIENTED_EDGE('',*,*,#2528,.F.);
#2569 = ORIENTED_EDGE('',*,*,#2166,.T.);
#2570 = ORIENTED_EDGE('',*,*,#1633,.T.);
#2571 = ( BOUNDED_SURFACE() B_SPLINE_SURFACE(2,1,(
    (#2572,#2573)
    ,(#2574,#2575)
    ,(#2576,#2577
)),.UNSPECIFIED.,.F.,.F.,.F.) B_SPLINE_SURFACE_WITH_KNOTS((3,3),(2,2),(
    3.14159265359,4.712388980385),(4.833379019919E-02,0.28),
.PIECEWISE_BEZIER_KNOTS.) GEOMETRIC_REPRESENTATION_ITEM() 
RATIONAL_B_SPLINE_SURFACE((
    (1.,1.)
    ,(0.707106781187,0.707106781187)
,(1.,1.))) REPRESENTATION_ITEM('') SURFACE() );
#2572 = CARTESIAN_POINT('',(-0.548333790199,-0.38,1.000000000584E-07));
#2573 = CARTESIAN_POINT('',(-0.78,-0.38,1.000000000584E-07));
#2574 = CARTESIAN_POINT('',(-0.548333790199,-0.4,1.000000000584E-07));
#2575 = CARTESIAN_POINT('',(-0.78,-0.4,1.000000000584E-07));
#2576 = CARTESIAN_POINT('',(-0.548333790199,-0.4,2.00001E-02));
#2577 = CARTESIAN_POINT('',(-0.78,-0.4,2.00001E-02));
#2578 = ADVANCED_FACE('',(#2579),#2589,.T.);
#2579 = FACE_BOUND('',#2580,.T.);
#2580 = EDGE_LOOP('',(#2581,#2582,#2588));
#2581 = ORIENTED_EDGE('',*,*,#2337,.F.);
#2582 = ORIENTED_EDGE('',*,*,#2583,.F.);
#2583 = EDGE_CURVE('',#2490,#2329,#2584,.T.);
#2584 = ( BOUNDED_CURVE() B_SPLINE_CURVE(2,(#2585,#2586,#2587),
.UNSPECIFIED.,.F.,.F.) B_SPLINE_CURVE_WITH_KNOTS((3,3),(1.122542714115,
1.144993537551),.PIECEWISE_BEZIER_KNOTS.) CURVE() 
GEOMETRIC_REPRESENTATION_ITEM() RATIONAL_B_SPLINE_CURVE((1.,
0.999936995727,1.)) REPRESENTATION_ITEM('') );
#2585 = CARTESIAN_POINT('',(-0.556378346734,0.39,0.497320608076));
#2586 = CARTESIAN_POINT('',(-0.553601955586,0.39,0.491547320676));
#2587 = CARTESIAN_POINT('',(-0.550955868281,0.39,0.485713161167));
#2588 = ORIENTED_EDGE('',*,*,#2489,.F.);
#2589 = B_SPLINE_SURFACE_WITH_KNOTS('',1,1,(
    (#2590,#2591)
    ,(#2592,#2593
    )),.UNSPECIFIED.,.F.,.F.,.F.,(2,2),(2,2),(-4.286938833275E-03,
    7.320508075689E-03),(0.193621653266,0.199044131719),
  .PIECEWISE_BEZIER_KNOTS.);
#2590 = CARTESIAN_POINT('',(-0.556378346734,0.39,0.485713161167));
#2591 = CARTESIAN_POINT('',(-0.550955868281,0.39,0.485713161167));
#2592 = CARTESIAN_POINT('',(-0.556378346734,0.39,0.497320608076));
#2593 = CARTESIAN_POINT('',(-0.550955868281,0.39,0.497320608076));
#2594 = ADVANCED_FACE('',(#2595),#2611,.T.);
#2595 = FACE_BOUND('',#2596,.T.);
#2596 = EDGE_LOOP('',(#2597,#2605,#2606));
#2597 = ORIENTED_EDGE('',*,*,#2598,.T.);
#2598 = EDGE_CURVE('',#2599,#2282,#2601,.T.);
#2599 = VERTEX_POINT('',#2600);
#2600 = CARTESIAN_POINT('',(-0.556378346734,-0.39,0.497320608076));
#2601 = ( BOUNDED_CURVE() B_SPLINE_CURVE(2,(#2602,#2603,#2604),
.UNSPECIFIED.,.F.,.F.) B_SPLINE_CURVE_WITH_KNOTS((3,3),(1.122542714115,
1.144993537551),.PIECEWISE_BEZIER_KNOTS.) CURVE() 
GEOMETRIC_REPRESENTATION_ITEM() RATIONAL_B_SPLINE_CURVE((1.,
0.999936995727,1.)) REPRESENTATION_ITEM('') );
#2602 = CARTESIAN_POINT('',(-0.556378346734,-0.39,0.497320608076));
#2603 = CARTESIAN_POINT('',(-0.553601955586,-0.39,0.491547320676));
#2604 = CARTESIAN_POINT('',(-0.550955868281,-0.39,0.485713161167));
#2605 = ORIENTED_EDGE('',*,*,#2281,.T.);
#2606 = ORIENTED_EDGE('',*,*,#2607,.F.);
#2607 = EDGE_CURVE('',#2599,#2284,#2608,.T.);
#2608 = B_SPLINE_CURVE_WITH_KNOTS('',1,(#2609,#2610),.UNSPECIFIED.,.F.,
  .F.,(2,2),(-5.637834673364E-02,-5.095586828139E-02),
  .PIECEWISE_BEZIER_KNOTS.);
#2609 = CARTESIAN_POINT('',(-0.556378346734,-0.39,0.497320608076));
#2610 = CARTESIAN_POINT('',(-0.550955868281,-0.39,0.497320608076));
#2611 = B_SPLINE_SURFACE_WITH_KNOTS('',1,1,(
    (#2612,#2613)
    ,(#2614,#2615
    )),.UNSPECIFIED.,.F.,.F.,.F.,(2,2),(2,2),(-7.320508075689E-03,
    4.286938833275E-03),(0.193621653266,0.199044131719),
  .PIECEWISE_BEZIER_KNOTS.);
#2612 = CARTESIAN_POINT('',(-0.556378346734,-0.39,0.497320608076));
#2613 = CARTESIAN_POINT('',(-0.550955868281,-0.39,0.497320608076));
#2614 = CARTESIAN_POINT('',(-0.556378346734,-0.39,0.485713161167));
#2615 = CARTESIAN_POINT('',(-0.550955868281,-0.39,0.485713161167));
#2616 = ADVANCED_FACE('',(#2617),#2667,.T.);
#2617 = FACE_BOUND('',#2618,.T.);
#2618 = EDGE_LOOP('',(#2619,#2634,#2641,#2649,#2656,#2666));
#2619 = ORIENTED_EDGE('',*,*,#2620,.T.);
#2620 = EDGE_CURVE('',#1596,#2621,#2623,.T.);
#2621 = VERTEX_POINT('',#2622);
#2622 = CARTESIAN_POINT('',(0.548402379757,-0.4,0.4800001));
#2623 = B_SPLINE_CURVE_WITH_KNOTS('',3,(#2624,#2625,#2626,#2627,#2628,
    #2629,#2630,#2631,#2632,#2633),.UNSPECIFIED.,.F.,.F.,(4,3,3,4),(0.,
    7.116571571104E-06,1.420054438822E-05,2.233532919822E-05),
  .UNSPECIFIED.);
#2624 = CARTESIAN_POINT('',(0.556378346734,-0.39,0.497320608076));
#2625 = CARTESIAN_POINT('',(0.555823757046,-0.391997445523,
    0.496167382366));
#2626 = CARTESIAN_POINT('',(0.555105509199,-0.393783091741,
    0.494663434134));
#2627 = CARTESIAN_POINT('',(0.554305320124,-0.395230481831,
    0.492962832109));
#2628 = CARTESIAN_POINT('',(0.553507383909,-0.396673796921,0.49126701798
    ));
#2629 = CARTESIAN_POINT('',(0.552607670597,-0.397822791866,
    0.489332056906));
#2630 = CARTESIAN_POINT('',(0.551681216659,-0.398617863677,
    0.487305930027));
#2631 = CARTESIAN_POINT('',(0.55062033102,-0.399528303183,0.484985805065
    ));
#2632 = CARTESIAN_POINT('',(0.549494118707,-0.400000000055,0.48247910473
    ));
#2633 = CARTESIAN_POINT('',(0.548402379757,-0.4,0.4800001));
#2634 = ORIENTED_EDGE('',*,*,#2635,.F.);
#2635 = EDGE_CURVE('',#2636,#2621,#2638,.T.);
#2636 = VERTEX_POINT('',#2637);
#2637 = CARTESIAN_POINT('',(0.78,-0.4,0.4800001));
#2638 = B_SPLINE_CURVE_WITH_KNOTS('',1,(#2639,#2640),.UNSPECIFIED.,.F.,
  .F.,(2,2),(-0.28,-4.84023797573E-02),.PIECEWISE_BEZIER_KNOTS.);
#2639 = CARTESIAN_POINT('',(0.78,-0.4,0.4800001));
#2640 = CARTESIAN_POINT('',(0.548402379757,-0.4,0.4800001));
#2641 = ORIENTED_EDGE('',*,*,#2642,.F.);
#2642 = EDGE_CURVE('',#2643,#2636,#2645,.T.);
#2643 = VERTEX_POINT('',#2644);
#2644 = CARTESIAN_POINT('',(0.78,-0.38,0.5000001));
#2645 = ( BOUNDED_CURVE() B_SPLINE_CURVE(2,(#2646,#2647,#2648),
.UNSPECIFIED.,.F.,.F.) B_SPLINE_CURVE_WITH_KNOTS((3,3),(3.14159265359,
4.712388980385),.PIECEWISE_BEZIER_KNOTS.) CURVE() 
GEOMETRIC_REPRESENTATION_ITEM() RATIONAL_B_SPLINE_CURVE((1.,
0.707106781187,1.)) REPRESENTATION_ITEM('') );
#2646 = CARTESIAN_POINT('',(0.78,-0.38,0.5000001));
#2647 = CARTESIAN_POINT('',(0.78,-0.4,0.5000001));
#2648 = CARTESIAN_POINT('',(0.78,-0.4,0.4800001));
#2649 = ORIENTED_EDGE('',*,*,#2650,.F.);
#2650 = EDGE_CURVE('',#2651,#2643,#2653,.T.);
#2651 = VERTEX_POINT('',#2652);
#2652 = CARTESIAN_POINT('',(0.548333790199,-0.38,0.5000001));
#2653 = B_SPLINE_CURVE_WITH_KNOTS('',1,(#2654,#2655),.UNSPECIFIED.,.F.,
  .F.,(2,2),(4.833379019919E-02,0.28),.PIECEWISE_BEZIER_KNOTS.);
#2654 = CARTESIAN_POINT('',(0.548333790199,-0.38,0.5000001));
#2655 = CARTESIAN_POINT('',(0.78,-0.38,0.5000001));
#2656 = ORIENTED_EDGE('',*,*,#2657,.T.);
#2657 = EDGE_CURVE('',#2651,#1589,#2658,.T.);
#2658 = B_SPLINE_CURVE_WITH_KNOTS('',3,(#2659,#2660,#2661,#2662,#2663,
    #2664,#2665),.UNSPECIFIED.,.F.,.F.,(4,3,4),(5.421010862428E-20,
    7.125840458114E-06,1.074589896269E-05),.UNSPECIFIED.);
#2659 = CARTESIAN_POINT('',(0.548333790199,-0.38,0.5000001));
#2660 = CARTESIAN_POINT('',(0.548928413809,-0.382299647487,0.5000001));
#2661 = CARTESIAN_POINT('',(0.549536943289,-0.384629584075,
    0.499593018143));
#2662 = CARTESIAN_POINT('',(0.550108316543,-0.386797856493,
    0.498809383579));
#2663 = CARTESIAN_POINT('',(0.550399510149,-0.387902890831,
    0.498410013512));
#2664 = CARTESIAN_POINT('',(0.550684268668,-0.388978374566,
    0.497910443795));
#2665 = CARTESIAN_POINT('',(0.550955868283,-0.390000000005,
    0.497320608083));
#2666 = ORIENTED_EDGE('',*,*,#1603,.T.);
#2667 = ( BOUNDED_SURFACE() B_SPLINE_SURFACE(2,1,(
    (#2668,#2669)
    ,(#2670,#2671)
    ,(#2672,#2673
)),.UNSPECIFIED.,.F.,.F.,.F.) B_SPLINE_SURFACE_WITH_KNOTS((3,3),(2,2),(
    3.14159265359,4.712388980385),(4.833379019919E-02,0.28),
.PIECEWISE_BEZIER_KNOTS.) GEOMETRIC_REPRESENTATION_ITEM() 
RATIONAL_B_SPLINE_SURFACE((
    (1.,1.)
    ,(0.707106781187,0.707106781187)
,(1.,1.))) REPRESENTATION_ITEM('') SURFACE() );
#2668 = CARTESIAN_POINT('',(0.548333790199,-0.38,0.5000001));
#2669 = CARTESIAN_POINT('',(0.78,-0.38,0.5000001));
#2670 = CARTESIAN_POINT('',(0.548333790199,-0.4,0.5000001));
#2671 = CARTESIAN_POINT('',(0.78,-0.4,0.5000001));
#2672 = CARTESIAN_POINT('',(0.548333790199,-0.4,0.4800001));
#2673 = CARTESIAN_POINT('',(0.78,-0.4,0.4800001));
#2674 = ADVANCED_FACE('',(#2675),#2754,.T.);
#2675 = FACE_BOUND('',#2676,.T.);
#2676 = EDGE_LOOP('',(#2677,#2678,#2687,#2700,#2701,#2716,#2723,#2724,
    #2736,#2744));
#2677 = ORIENTED_EDGE('',*,*,#1566,.F.);
#2678 = ORIENTED_EDGE('',*,*,#2679,.T.);
#2679 = EDGE_CURVE('',#1557,#2680,#2682,.T.);
#2680 = VERTEX_POINT('',#2681);
#2681 = CARTESIAN_POINT('',(0.54970317669,-0.385257133174,
    1.706874711961E-02));
#2682 = B_SPLINE_CURVE_WITH_KNOTS('',3,(#2683,#2684,#2685,#2686),
  .UNSPECIFIED.,.F.,.F.,(4,4),(0.,5.639319368998E-06),
  .PIECEWISE_BEZIER_KNOTS.);
#2683 = CARTESIAN_POINT('',(0.550955868281,-0.39,1.428703883328E-02));
#2684 = CARTESIAN_POINT('',(0.550535645715,-0.388419327418,
    1.521355606381E-02));
#2685 = CARTESIAN_POINT('',(0.550118082532,-0.386838369243,
    1.614079635064E-02));
#2686 = CARTESIAN_POINT('',(0.54970317669,-0.385257133174,
    1.706874711961E-02));
#2687 = ORIENTED_EDGE('',*,*,#2688,.T.);
#2688 = EDGE_CURVE('',#2680,#2084,#2689,.T.);
#2689 = B_SPLINE_CURVE_WITH_KNOTS('',3,(#2690,#2691,#2692,#2693,#2694,
    #2695,#2696,#2697,#2698,#2699),.UNSPECIFIED.,.F.,.F.,(4,3,3,4),(
    1.405952720166E-05,1.973795196358E-05,2.659324825415E-05,
    3.175524521879E-05),.UNSPECIFIED.);
#2690 = CARTESIAN_POINT('',(0.54970317669,-0.385257133174,
    1.706874711961E-02));
#2691 = CARTESIAN_POINT('',(0.549386297665,-0.384049484372,
    1.564389553817E-02));
#2692 = CARTESIAN_POINT('',(0.549016235373,-0.382632889177,
    1.438474193219E-02));
#2693 = CARTESIAN_POINT('',(0.548616568114,-0.381091941299,
    1.335771919943E-02));
#2694 = CARTESIAN_POINT('',(0.548134373275,-0.379232801985,
    1.211862580385E-02));
#2695 = CARTESIAN_POINT('',(0.547597076054,-0.37714586843,
    1.118891308408E-02));
#2696 = CARTESIAN_POINT('',(0.547049284867,-0.374997201216,
    1.063446082358E-02));
#2697 = CARTESIAN_POINT('',(0.546634370217,-0.373369731616,
    1.021450086329E-02));
#2698 = CARTESIAN_POINT('',(0.546206297403,-0.37167901836,
    1.000009999957E-02));
#2699 = CARTESIAN_POINT('',(0.545784307857,-0.37,1.00001E-02));
#2700 = ORIENTED_EDGE('',*,*,#2081,.F.);
#2701 = ORIENTED_EDGE('',*,*,#2702,.T.);
#2702 = EDGE_CURVE('',#2082,#2703,#2705,.T.);
#2703 = VERTEX_POINT('',#2704);
#2704 = CARTESIAN_POINT('',(0.549703176699,0.385257133157,
    1.706874709939E-02));
#2705 = B_SPLINE_CURVE_WITH_KNOTS('',3,(#2706,#2707,#2708,#2709,#2710,
    #2711,#2712,#2713,#2714,#2715),.UNSPECIFIED.,.F.,.F.,(4,3,3,4),(0.,
    7.103350732142E-06,1.421227799858E-05,1.771482837236E-05),
  .UNSPECIFIED.);
#2706 = CARTESIAN_POINT('',(0.545784307857,0.37,1.00001E-02));
#2707 = CARTESIAN_POINT('',(0.546361456183,0.372296366451,1.00001E-02));
#2708 = CARTESIAN_POINT('',(0.546952241317,0.374623017775,
    1.04060631052E-02));
#2709 = CARTESIAN_POINT('',(0.547507061583,0.376788237319,
    1.11873427396E-02));
#2710 = CARTESIAN_POINT('',(0.548062118894,0.378954381948,
    1.19689561738E-02));
#2711 = CARTESIAN_POINT('',(0.548596696582,0.381019778598,
    1.314900386566E-02));
#2712 = CARTESIAN_POINT('',(0.549061704046,0.382804091046,
    1.463601021354E-02));
#2713 = CARTESIAN_POINT('',(0.549291633093,0.383686367767,
    1.537128002875E-02));
#2714 = CARTESIAN_POINT('',(0.549507262275,0.38451048922,
    1.618781483735E-02));
#2715 = CARTESIAN_POINT('',(0.549703176699,0.385257133157,
    1.706874709939E-02));
#2716 = ORIENTED_EDGE('',*,*,#2717,.F.);
#2717 = EDGE_CURVE('',#1431,#2703,#2718,.T.);
#2718 = B_SPLINE_CURVE_WITH_KNOTS('',3,(#2719,#2720,#2721,#2722),
  .UNSPECIFIED.,.F.,.F.,(4,4),(0.,5.639319371429E-06),
  .PIECEWISE_BEZIER_KNOTS.);
#2719 = CARTESIAN_POINT('',(0.550955868281,0.39,1.428703883328E-02));
#2720 = CARTESIAN_POINT('',(0.550535645715,0.388419327418,
    1.521355606421E-02));
#2721 = CARTESIAN_POINT('',(0.550118082532,0.386838369242,
    1.614079635131E-02));
#2722 = CARTESIAN_POINT('',(0.549703176699,0.385257133157,
    1.706874709939E-02));
#2723 = ORIENTED_EDGE('',*,*,#1428,.F.);
#2724 = ORIENTED_EDGE('',*,*,#2725,.T.);
#2725 = EDGE_CURVE('',#1429,#2726,#2728,.T.);
#2726 = VERTEX_POINT('',#2727);
#2727 = CARTESIAN_POINT('',(0.548333790199,0.38,1.000000001139E-07));
#2728 = B_SPLINE_CURVE_WITH_KNOTS('',3,(#2729,#2730,#2731,#2732,#2733,
    #2734,#2735),.UNSPECIFIED.,.F.,.F.,(4,3,4),(1.060750560113E-05,
    1.367196457714E-05,2.136234716892E-05),.UNSPECIFIED.);
#2729 = CARTESIAN_POINT('',(0.550955868282,0.390000000001,
    2.679591920379E-03));
#2730 = CARTESIAN_POINT('',(0.550725588555,0.389133799849,
    2.179491034092E-03));
#2731 = CARTESIAN_POINT('',(0.550485969905,0.388229349453,
    1.744380864132E-03));
#2732 = CARTESIAN_POINT('',(0.550241103806,0.387301412885,
    1.380503588653E-03));
#2733 = CARTESIAN_POINT('',(0.549631016433,0.384989445719,
    4.738981775104E-04));
#2734 = CARTESIAN_POINT('',(0.548973958268,0.382475786137,
    1.000000000584E-07));
#2735 = CARTESIAN_POINT('',(0.548333790199,0.38,1.000000001139E-07));
#2736 = ORIENTED_EDGE('',*,*,#2737,.T.);
#2737 = EDGE_CURVE('',#2726,#2738,#2740,.T.);
#2738 = VERTEX_POINT('',#2739);
#2739 = CARTESIAN_POINT('',(0.548333790199,-0.38,1.000000000029E-07));
#2740 = ( BOUNDED_CURVE() B_SPLINE_CURVE(2,(#2741,#2742,#2743),
.UNSPECIFIED.,.F.,.F.) B_SPLINE_CURVE_WITH_KNOTS((3,3),(1.317766654873,
1.823825998717),.PIECEWISE_BEZIER_KNOTS.) CURVE() 
GEOMETRIC_REPRESENTATION_ITEM() RATIONAL_B_SPLINE_CURVE((1.,
0.968158423251,1.)) REPRESENTATION_ITEM('') );
#2741 = CARTESIAN_POINT('',(0.548333790199,0.38,1.000000001139E-07));
#2742 = CARTESIAN_POINT('',(0.450076569042,1.515154578124E-16,
    1.000000000584E-07));
#2743 = CARTESIAN_POINT('',(0.548333790199,-0.38,1.000000000029E-07));
#2744 = ORIENTED_EDGE('',*,*,#2745,.T.);
#2745 = EDGE_CURVE('',#2738,#1567,#2746,.T.);
#2746 = B_SPLINE_CURVE_WITH_KNOTS('',3,(#2747,#2748,#2749,#2750,#2751,
    #2752,#2753),.UNSPECIFIED.,.F.,.F.,(4,3,4),(1.714274154578E-19,
    7.125840458114E-06,1.0745898962E-05),.UNSPECIFIED.);
#2747 = CARTESIAN_POINT('',(0.548333790199,-0.38,1.000000000029E-07));
#2748 = CARTESIAN_POINT('',(0.548928413809,-0.382299647487,
    1.000000000584E-07));
#2749 = CARTESIAN_POINT('',(0.549536943289,-0.384629584075,
    4.071818565693E-04));
#2750 = CARTESIAN_POINT('',(0.550108316543,-0.386797856493,
    1.190816420504E-03));
#2751 = CARTESIAN_POINT('',(0.550399510149,-0.387902890831,
    1.590186487738E-03));
#2752 = CARTESIAN_POINT('',(0.550684268668,-0.388978374565,
    2.089756204668E-03));
#2753 = CARTESIAN_POINT('',(0.550955868281,-0.39,2.679591924311E-03));
#2754 = ( BOUNDED_SURFACE() B_SPLINE_SURFACE(2,1,(
    (#2755,#2756)
    ,(#2757,#2758)
    ,(#2759,#2760
)),.UNSPECIFIED.,.F.,.F.,.F.) B_SPLINE_SURFACE_WITH_KNOTS((3,3),(2,2),(
    4.452548742366,4.972229218404),(-7.068647119606E-03,1.E-02),
.PIECEWISE_BEZIER_KNOTS.) GEOMETRIC_REPRESENTATION_ITEM() 
RATIONAL_B_SPLINE_SURFACE((
    (1.,1.)
    ,(0.9664310375,0.9664310375)
,(1.,1.))) REPRESENTATION_ITEM('') SURFACE() );
#2755 = CARTESIAN_POINT('',(0.550955868281,-0.39,1.706874711961E-02));
#2756 = CARTESIAN_POINT('',(0.550955868281,-0.39,1.000000000029E-07));
#2757 = CARTESIAN_POINT('',(0.447274180666,5.773103294188E-13,
    1.706874711961E-02));
#2758 = CARTESIAN_POINT('',(0.447274180666,5.773121800053E-13,
    1.000000000584E-07));
#2759 = CARTESIAN_POINT('',(0.550955868282,0.390000000001,
    1.706874711961E-02));
#2760 = CARTESIAN_POINT('',(0.550955868282,0.390000000001,
    1.000000001139E-07));
#2761 = ADVANCED_FACE('',(#2762),#2785,.T.);
#2762 = FACE_BOUND('',#2763,.T.);
#2763 = EDGE_LOOP('',(#2764,#2765,#2773,#2780));
#2764 = ORIENTED_EDGE('',*,*,#2635,.T.);
#2765 = ORIENTED_EDGE('',*,*,#2766,.T.);
#2766 = EDGE_CURVE('',#2621,#2767,#2769,.T.);
#2767 = VERTEX_POINT('',#2768);
#2768 = CARTESIAN_POINT('',(0.548402379757,-0.4,2.00001E-02));
#2769 = ( BOUNDED_CURVE() B_SPLINE_CURVE(2,(#2770,#2771,#2772),
.UNSPECIFIED.,.F.,.F.) B_SPLINE_CURVE_WITH_KNOTS((3,3),(1.155959358135,
1.985633295455),.PIECEWISE_BEZIER_KNOTS.) CURVE() 
GEOMETRIC_REPRESENTATION_ITEM() RATIONAL_B_SPLINE_CURVE((1.,
0.915182040927,1.)) REPRESENTATION_ITEM('') );
#2770 = CARTESIAN_POINT('',(0.548402379757,-0.4,0.4800001));
#2771 = CARTESIAN_POINT('',(0.447111746524,-0.4,0.2500001));
#2772 = CARTESIAN_POINT('',(0.548402379757,-0.4,2.00001E-02));
#2773 = ORIENTED_EDGE('',*,*,#2774,.T.);
#2774 = EDGE_CURVE('',#2767,#2775,#2777,.T.);
#2775 = VERTEX_POINT('',#2776);
#2776 = CARTESIAN_POINT('',(0.78,-0.4,2.00001E-02));
#2777 = B_SPLINE_CURVE_WITH_KNOTS('',1,(#2778,#2779),.UNSPECIFIED.,.F.,
  .F.,(2,2),(4.84023797573E-02,0.28),.PIECEWISE_BEZIER_KNOTS.);
#2778 = CARTESIAN_POINT('',(0.548402379757,-0.4,2.00001E-02));
#2779 = CARTESIAN_POINT('',(0.78,-0.4,2.00001E-02));
#2780 = ORIENTED_EDGE('',*,*,#2781,.T.);
#2781 = EDGE_CURVE('',#2775,#2636,#2782,.T.);
#2782 = B_SPLINE_CURVE_WITH_KNOTS('',1,(#2783,#2784),.UNSPECIFIED.,.F.,
  .F.,(2,2),(-0.48,-2.E-02),.PIECEWISE_BEZIER_KNOTS.);
#2783 = CARTESIAN_POINT('',(0.78,-0.4,2.00001E-02));
#2784 = CARTESIAN_POINT('',(0.78,-0.4,0.4800001));
#2785 = B_SPLINE_SURFACE_WITH_KNOTS('',1,1,(
    (#2786,#2787)
    ,(#2788,#2789
  )),.UNSPECIFIED.,.F.,.F.,.F.,(2,2),(2,2),(2.E-02,0.48),(0.,0.28),
  .PIECEWISE_BEZIER_KNOTS.);
#2786 = CARTESIAN_POINT('',(0.5,-0.4,0.4800001));
#2787 = CARTESIAN_POINT('',(0.78,-0.4,0.4800001));
#2788 = CARTESIAN_POINT('',(0.5,-0.4,2.00001E-02));
#2789 = CARTESIAN_POINT('',(0.78,-0.4,2.00001E-02));
#2790 = ADVANCED_FACE('',(#2791),#2822,.T.);
#2791 = FACE_BOUND('',#2792,.T.);
#2792 = EDGE_LOOP('',(#2793,#2794,#2807,#2808,#2809,#2816));
#2793 = ORIENTED_EDGE('',*,*,#2774,.F.);
#2794 = ORIENTED_EDGE('',*,*,#2795,.T.);
#2795 = EDGE_CURVE('',#2767,#1559,#2796,.T.);
#2796 = B_SPLINE_CURVE_WITH_KNOTS('',3,(#2797,#2798,#2799,#2800,#2801,
    #2802,#2803,#2804,#2805,#2806),.UNSPECIFIED.,.F.,.F.,(4,3,3,4),(
    5.421010862428E-20,7.956051780663E-06,1.592993417484E-05,
    2.232613415464E-05),.UNSPECIFIED.);
#2797 = CARTESIAN_POINT('',(0.548402379757,-0.4,2.00001E-02));
#2798 = CARTESIAN_POINT('',(0.549471250736,-0.4,1.75730214319E-02));
#2799 = CARTESIAN_POINT('',(0.550572797095,-0.399548298195,
    1.512012485311E-02));
#2800 = CARTESIAN_POINT('',(0.551613507814,-0.398675314663,
    1.284240307557E-02));
#2801 = CARTESIAN_POINT('',(0.552655460407,-0.397801289404,
    1.056196330667E-02));
#2802 = CARTESIAN_POINT('',(0.553667109916,-0.396476753373,
    8.389679726848E-03));
#2803 = CARTESIAN_POINT('',(0.554541598497,-0.394788981188,
    6.535849726215E-03));
#2804 = CARTESIAN_POINT('',(0.555246088725,-0.393429307616,
    5.042399555122E-03));
#2805 = CARTESIAN_POINT('',(0.555878269221,-0.391801111061,
    3.719463838385E-03));
#2806 = CARTESIAN_POINT('',(0.556378346734,-0.39,2.679591924311E-03));
#2807 = ORIENTED_EDGE('',*,*,#1573,.T.);
#2808 = ORIENTED_EDGE('',*,*,#2745,.F.);
#2809 = ORIENTED_EDGE('',*,*,#2810,.F.);
#2810 = EDGE_CURVE('',#2811,#2738,#2813,.T.);
#2811 = VERTEX_POINT('',#2812);
#2812 = CARTESIAN_POINT('',(0.78,-0.38,1.000000000584E-07));
#2813 = B_SPLINE_CURVE_WITH_KNOTS('',1,(#2814,#2815),.UNSPECIFIED.,.F.,
  .F.,(2,2),(-0.28,-4.833379019919E-02),.PIECEWISE_BEZIER_KNOTS.);
#2814 = CARTESIAN_POINT('',(0.78,-0.38,1.000000000584E-07));
#2815 = CARTESIAN_POINT('',(0.548333790199,-0.38,1.000000000584E-07));
#2816 = ORIENTED_EDGE('',*,*,#2817,.F.);
#2817 = EDGE_CURVE('',#2775,#2811,#2818,.T.);
#2818 = ( BOUNDED_CURVE() B_SPLINE_CURVE(2,(#2819,#2820,#2821),
.UNSPECIFIED.,.F.,.F.) B_SPLINE_CURVE_WITH_KNOTS((3,3),(4.712388980385,
6.28318530718),.PIECEWISE_BEZIER_KNOTS.) CURVE() 
GEOMETRIC_REPRESENTATION_ITEM() RATIONAL_B_SPLINE_CURVE((1.,
0.707106781187,1.)) REPRESENTATION_ITEM('') );
#2819 = CARTESIAN_POINT('',(0.78,-0.4,2.00001E-02));
#2820 = CARTESIAN_POINT('',(0.78,-0.4,1.000000000584E-07));
#2821 = CARTESIAN_POINT('',(0.78,-0.38,1.000000000584E-07));
#2822 = ( BOUNDED_SURFACE() B_SPLINE_SURFACE(2,1,(
    (#2823,#2824)
    ,(#2825,#2826)
    ,(#2827,#2828
)),.UNSPECIFIED.,.F.,.F.,.F.) B_SPLINE_SURFACE_WITH_KNOTS((3,3),(2,2),(
    4.712388980385,6.28318530718),(4.833379019919E-02,0.28),
.PIECEWISE_BEZIER_KNOTS.) GEOMETRIC_REPRESENTATION_ITEM() 
RATIONAL_B_SPLINE_SURFACE((
    (1.,1.)
    ,(0.707106781187,0.707106781187)
,(1.,1.))) REPRESENTATION_ITEM('') SURFACE() );
#2823 = CARTESIAN_POINT('',(0.548333790199,-0.4,2.00001E-02));
#2824 = CARTESIAN_POINT('',(0.78,-0.4,2.00001E-02));
#2825 = CARTESIAN_POINT('',(0.548333790199,-0.4,1.000000000584E-07));
#2826 = CARTESIAN_POINT('',(0.78,-0.4,1.000000000584E-07));
#2827 = CARTESIAN_POINT('',(0.548333790199,-0.38,1.000000000584E-07));
#2828 = CARTESIAN_POINT('',(0.78,-0.38,1.000000000584E-07));
#2829 = ADVANCED_FACE('',(#2830),#2898,.T.);
#2830 = FACE_BOUND('',#2831,.T.);
#2831 = EDGE_LOOP('',(#2832,#2833,#2842,#2855,#2856,#2871,#2878,#2879,
    #2880,#2888));
#2832 = ORIENTED_EDGE('',*,*,#1498,.F.);
#2833 = ORIENTED_EDGE('',*,*,#2834,.T.);
#2834 = EDGE_CURVE('',#1491,#2835,#2837,.T.);
#2835 = VERTEX_POINT('',#2836);
#2836 = CARTESIAN_POINT('',(0.54970317669,0.385257133174,0.48293145288)
  );
#2837 = B_SPLINE_CURVE_WITH_KNOTS('',3,(#2838,#2839,#2840,#2841),
  .UNSPECIFIED.,.F.,.F.,(4,4),(0.,5.639319368998E-06),
  .PIECEWISE_BEZIER_KNOTS.);
#2838 = CARTESIAN_POINT('',(0.550955868281,0.39,0.485713161167));
#2839 = CARTESIAN_POINT('',(0.550535645715,0.388419327418,0.484786643936
    ));
#2840 = CARTESIAN_POINT('',(0.550118082532,0.386838369243,0.483859403649
    ));
#2841 = CARTESIAN_POINT('',(0.54970317669,0.385257133174,0.48293145288)
  );
#2842 = ORIENTED_EDGE('',*,*,#2843,.T.);
#2843 = EDGE_CURVE('',#2835,#2224,#2844,.T.);
#2844 = B_SPLINE_CURVE_WITH_KNOTS('',3,(#2845,#2846,#2847,#2848,#2849,
    #2850,#2851,#2852,#2853,#2854),.UNSPECIFIED.,.F.,.F.,(4,3,3,4),(
    1.405952720166E-05,1.973795196358E-05,2.659324825415E-05,
    3.175524521879E-05),.UNSPECIFIED.);
#2845 = CARTESIAN_POINT('',(0.54970317669,0.385257133174,0.48293145288)
  );
#2846 = CARTESIAN_POINT('',(0.549386297665,0.384049484372,0.484356304462
    ));
#2847 = CARTESIAN_POINT('',(0.549016235373,0.382632889177,0.485615458068
    ));
#2848 = CARTESIAN_POINT('',(0.548616568114,0.381091941299,0.486642480801
    ));
#2849 = CARTESIAN_POINT('',(0.548134373275,0.379232801985,0.487881574196
    ));
#2850 = CARTESIAN_POINT('',(0.547597076054,0.37714586843,0.488811286916)
  );
#2851 = CARTESIAN_POINT('',(0.547049284867,0.374997201216,0.489365739176
    ));
#2852 = CARTESIAN_POINT('',(0.546634370217,0.373369731616,0.489785699137
    ));
#2853 = CARTESIAN_POINT('',(0.546206297403,0.37167901836,0.4900001));
#2854 = CARTESIAN_POINT('',(0.545784307857,0.37,0.4900001));
#2855 = ORIENTED_EDGE('',*,*,#2223,.T.);
#2856 = ORIENTED_EDGE('',*,*,#2857,.T.);
#2857 = EDGE_CURVE('',#2217,#2858,#2860,.T.);
#2858 = VERTEX_POINT('',#2859);
#2859 = CARTESIAN_POINT('',(0.549703176699,-0.385257133157,
    0.482931452901));
#2860 = B_SPLINE_CURVE_WITH_KNOTS('',3,(#2861,#2862,#2863,#2864,#2865,
    #2866,#2867,#2868,#2869,#2870),.UNSPECIFIED.,.F.,.F.,(4,3,3,4),(
    5.421010862428E-20,7.103350732142E-06,1.421227799858E-05,
    1.771482837236E-05),.UNSPECIFIED.);
#2861 = CARTESIAN_POINT('',(0.545784307857,-0.37,0.4900001));
#2862 = CARTESIAN_POINT('',(0.546361456183,-0.372296366451,0.4900001));
#2863 = CARTESIAN_POINT('',(0.546952241317,-0.374623017775,
    0.489594136895));
#2864 = CARTESIAN_POINT('',(0.547507061583,-0.376788237319,0.48881285726
    ));
#2865 = CARTESIAN_POINT('',(0.548062118894,-0.378954381948,
    0.488031243826));
#2866 = CARTESIAN_POINT('',(0.548596696582,-0.381019778598,
    0.486851196134));
#2867 = CARTESIAN_POINT('',(0.549061704046,-0.382804091046,
    0.485364189786));
#2868 = CARTESIAN_POINT('',(0.549291633093,-0.383686367767,
    0.484628919971));
#2869 = CARTESIAN_POINT('',(0.549507262275,-0.38451048922,0.483812385163
    ));
#2870 = CARTESIAN_POINT('',(0.549703176699,-0.385257133157,
    0.482931452901));
#2871 = ORIENTED_EDGE('',*,*,#2872,.F.);
#2872 = EDGE_CURVE('',#1587,#2858,#2873,.T.);
#2873 = B_SPLINE_CURVE_WITH_KNOTS('',3,(#2874,#2875,#2876,#2877),
  .UNSPECIFIED.,.F.,.F.,(4,4),(0.,5.639319371429E-06),
  .PIECEWISE_BEZIER_KNOTS.);
#2874 = CARTESIAN_POINT('',(0.550955868281,-0.39,0.485713161167));
#2875 = CARTESIAN_POINT('',(0.550535645715,-0.388419327418,
    0.484786643936));
#2876 = CARTESIAN_POINT('',(0.550118082532,-0.386838369242,
    0.483859403649));
#2877 = CARTESIAN_POINT('',(0.549703176699,-0.385257133157,
    0.482931452901));
#2878 = ORIENTED_EDGE('',*,*,#1586,.T.);
#2879 = ORIENTED_EDGE('',*,*,#2657,.F.);
#2880 = ORIENTED_EDGE('',*,*,#2881,.F.);
#2881 = EDGE_CURVE('',#2882,#2651,#2884,.T.);
#2882 = VERTEX_POINT('',#2883);
#2883 = CARTESIAN_POINT('',(0.548333790199,0.38,0.5000001));
#2884 = ( BOUNDED_CURVE() B_SPLINE_CURVE(2,(#2885,#2886,#2887),
.UNSPECIFIED.,.F.,.F.) B_SPLINE_CURVE_WITH_KNOTS((3,3),(1.317766654873,
1.823825998717),.PIECEWISE_BEZIER_KNOTS.) CURVE() 
GEOMETRIC_REPRESENTATION_ITEM() RATIONAL_B_SPLINE_CURVE((1.,
0.968158423251,1.)) REPRESENTATION_ITEM('') );
#2885 = CARTESIAN_POINT('',(0.548333790199,0.38,0.5000001));
#2886 = CARTESIAN_POINT('',(0.450076569042,1.515154578124E-16,0.5000001)
  );
#2887 = CARTESIAN_POINT('',(0.548333790199,-0.38,0.5000001));
#2888 = ORIENTED_EDGE('',*,*,#2889,.F.);
#2889 = EDGE_CURVE('',#1499,#2882,#2890,.T.);
#2890 = B_SPLINE_CURVE_WITH_KNOTS('',3,(#2891,#2892,#2893,#2894,#2895,
    #2896,#2897),.UNSPECIFIED.,.F.,.F.,(4,3,4),(1.060750560113E-05,
    1.367196457714E-05,2.136234716892E-05),.UNSPECIFIED.);
#2891 = CARTESIAN_POINT('',(0.550955868282,0.390000000001,0.49732060808)
  );
#2892 = CARTESIAN_POINT('',(0.550725588555,0.389133799849,0.497820708966
    ));
#2893 = CARTESIAN_POINT('',(0.550485969905,0.388229349453,0.498255819136
    ));
#2894 = CARTESIAN_POINT('',(0.550241103806,0.387301412885,0.498619696411
    ));
#2895 = CARTESIAN_POINT('',(0.549631016433,0.384989445719,0.499526301822
    ));
#2896 = CARTESIAN_POINT('',(0.548973958268,0.382475786137,0.5000001));
#2897 = CARTESIAN_POINT('',(0.548333790199,0.38,0.5000001));
#2898 = ( BOUNDED_SURFACE() B_SPLINE_SURFACE(2,1,(
    (#2899,#2900)
    ,(#2901,#2902)
    ,(#2903,#2904
)),.UNSPECIFIED.,.F.,.F.,.F.) B_SPLINE_SURFACE_WITH_KNOTS((3,3),(2,2),(
    4.452548742366,4.972229218406),(-7.068647119605E-03,1.E-02),
.PIECEWISE_BEZIER_KNOTS.) GEOMETRIC_REPRESENTATION_ITEM() 
RATIONAL_B_SPLINE_SURFACE((
    (1.,1.)
    ,(0.966431037499,0.966431037499)
,(1.,1.))) REPRESENTATION_ITEM('') SURFACE() );
#2899 = CARTESIAN_POINT('',(0.550955868282,0.390000000001,0.48293145288)
  );
#2900 = CARTESIAN_POINT('',(0.550955868282,0.390000000001,0.5000001));
#2901 = CARTESIAN_POINT('',(0.447274180666,-1.835526117712E-12,
    0.48293145288));
#2902 = CARTESIAN_POINT('',(0.447274180666,-1.835524267126E-12,0.5000001
    ));
#2903 = CARTESIAN_POINT('',(0.550955868283,-0.390000000005,0.48293145288
    ));
#2904 = CARTESIAN_POINT('',(0.550955868283,-0.390000000005,0.5000001));
#2905 = ADVANCED_FACE('',(#2906),#2922,.T.);
#2906 = FACE_BOUND('',#2907,.T.);
#2907 = EDGE_LOOP('',(#2908,#2915,#2916,#2917));
#2908 = ORIENTED_EDGE('',*,*,#2909,.T.);
#2909 = EDGE_CURVE('',#2910,#2882,#2912,.T.);
#2910 = VERTEX_POINT('',#2911);
#2911 = CARTESIAN_POINT('',(0.78,0.38,0.5000001));
#2912 = B_SPLINE_CURVE_WITH_KNOTS('',1,(#2913,#2914),.UNSPECIFIED.,.F.,
  .F.,(2,2),(-0.28,-4.833379019919E-02),.PIECEWISE_BEZIER_KNOTS.);
#2913 = CARTESIAN_POINT('',(0.78,0.38,0.5000001));
#2914 = CARTESIAN_POINT('',(0.548333790199,0.38,0.5000001));
#2915 = ORIENTED_EDGE('',*,*,#2881,.T.);
#2916 = ORIENTED_EDGE('',*,*,#2650,.T.);
#2917 = ORIENTED_EDGE('',*,*,#2918,.T.);
#2918 = EDGE_CURVE('',#2643,#2910,#2919,.T.);
#2919 = B_SPLINE_CURVE_WITH_KNOTS('',1,(#2920,#2921),.UNSPECIFIED.,.F.,
  .F.,(2,2),(-0.78,-2.E-02),.PIECEWISE_BEZIER_KNOTS.);
#2920 = CARTESIAN_POINT('',(0.78,-0.38,0.5000001));
#2921 = CARTESIAN_POINT('',(0.78,0.38,0.5000001));
#2922 = B_SPLINE_SURFACE_WITH_KNOTS('',1,1,(
    (#2923,#2924)
    ,(#2925,#2926
    )),.UNSPECIFIED.,.F.,.F.,.F.,(2,2),(2,2),(-2.22044604925E-16,0.28),(
    -0.78,-2.E-02),.PIECEWISE_BEZIER_KNOTS.);
#2923 = CARTESIAN_POINT('',(0.5,-0.38,0.5000001));
#2924 = CARTESIAN_POINT('',(0.5,0.38,0.5000001));
#2925 = CARTESIAN_POINT('',(0.78,-0.38,0.5000001));
#2926 = CARTESIAN_POINT('',(0.78,0.38,0.5000001));
#2927 = ADVANCED_FACE('',(#2928),#2961,.T.);
#2928 = FACE_BOUND('',#2929,.T.);
#2929 = EDGE_LOOP('',(#2930,#2931,#2932,#2933,#2941,#2948));
#2930 = ORIENTED_EDGE('',*,*,#1505,.T.);
#2931 = ORIENTED_EDGE('',*,*,#2889,.T.);
#2932 = ORIENTED_EDGE('',*,*,#2909,.F.);
#2933 = ORIENTED_EDGE('',*,*,#2934,.F.);
#2934 = EDGE_CURVE('',#2935,#2910,#2937,.T.);
#2935 = VERTEX_POINT('',#2936);
#2936 = CARTESIAN_POINT('',(0.78,0.4,0.4800001));
#2937 = ( BOUNDED_CURVE() B_SPLINE_CURVE(2,(#2938,#2939,#2940),
.UNSPECIFIED.,.F.,.F.) B_SPLINE_CURVE_WITH_KNOTS((3,3),(1.570796326795,
3.14159265359),.PIECEWISE_BEZIER_KNOTS.) CURVE() 
GEOMETRIC_REPRESENTATION_ITEM() RATIONAL_B_SPLINE_CURVE((1.,
0.707106781187,1.)) REPRESENTATION_ITEM('') );
#2938 = CARTESIAN_POINT('',(0.78,0.4,0.4800001));
#2939 = CARTESIAN_POINT('',(0.78,0.4,0.5000001));
#2940 = CARTESIAN_POINT('',(0.78,0.38,0.5000001));
#2941 = ORIENTED_EDGE('',*,*,#2942,.F.);
#2942 = EDGE_CURVE('',#2943,#2935,#2945,.T.);
#2943 = VERTEX_POINT('',#2944);
#2944 = CARTESIAN_POINT('',(0.548402379757,0.4,0.4800001));
#2945 = B_SPLINE_CURVE_WITH_KNOTS('',1,(#2946,#2947),.UNSPECIFIED.,.F.,
  .F.,(2,2),(4.84023797573E-02,0.28),.PIECEWISE_BEZIER_KNOTS.);
#2946 = CARTESIAN_POINT('',(0.548402379757,0.4,0.4800001));
#2947 = CARTESIAN_POINT('',(0.78,0.4,0.4800001));
#2948 = ORIENTED_EDGE('',*,*,#2949,.F.);
#2949 = EDGE_CURVE('',#1489,#2943,#2950,.T.);
#2950 = B_SPLINE_CURVE_WITH_KNOTS('',3,(#2951,#2952,#2953,#2954,#2955,
    #2956,#2957,#2958,#2959,#2960),.UNSPECIFIED.,.F.,.F.,(4,3,3,4),(0.,
    7.116571571104E-06,1.420054438822E-05,2.233532919822E-05),
  .UNSPECIFIED.);
#2951 = CARTESIAN_POINT('',(0.556378346734,0.39,0.497320608076));
#2952 = CARTESIAN_POINT('',(0.555823757046,0.391997445523,0.496167382366
    ));
#2953 = CARTESIAN_POINT('',(0.555105509199,0.393783091741,0.494663434134
    ));
#2954 = CARTESIAN_POINT('',(0.554305320124,0.395230481831,0.492962832109
    ));
#2955 = CARTESIAN_POINT('',(0.553507383909,0.396673796921,0.49126701798)
  );
#2956 = CARTESIAN_POINT('',(0.552607670597,0.397822791866,0.489332056906
    ));
#2957 = CARTESIAN_POINT('',(0.551681216659,0.398617863677,0.487305930027
    ));
#2958 = CARTESIAN_POINT('',(0.55062033102,0.399528303183,0.484985805065)
  );
#2959 = CARTESIAN_POINT('',(0.549494118707,0.400000000055,0.48247910473)
  );
#2960 = CARTESIAN_POINT('',(0.548402379757,0.4,0.4800001));
#2961 = ( BOUNDED_SURFACE() B_SPLINE_SURFACE(2,1,(
    (#2962,#2963)
    ,(#2964,#2965)
    ,(#2966,#2967
)),.UNSPECIFIED.,.F.,.F.,.F.) B_SPLINE_SURFACE_WITH_KNOTS((3,3),(2,2),(
    1.570796326795,3.14159265359),(4.833379019919E-02,0.28),
.PIECEWISE_BEZIER_KNOTS.) GEOMETRIC_REPRESENTATION_ITEM() 
RATIONAL_B_SPLINE_SURFACE((
    (1.,1.)
    ,(0.707106781187,0.707106781187)
,(1.,1.))) REPRESENTATION_ITEM('') SURFACE() );
#2962 = CARTESIAN_POINT('',(0.548333790199,0.4,0.4800001));
#2963 = CARTESIAN_POINT('',(0.78,0.4,0.4800001));
#2964 = CARTESIAN_POINT('',(0.548333790199,0.4,0.5000001));
#2965 = CARTESIAN_POINT('',(0.78,0.4,0.5000001));
#2966 = CARTESIAN_POINT('',(0.548333790199,0.38,0.5000001));
#2967 = CARTESIAN_POINT('',(0.78,0.38,0.5000001));
#2968 = ADVANCED_FACE('',(#2969),#2992,.T.);
#2969 = FACE_BOUND('',#2970,.T.);
#2970 = EDGE_LOOP('',(#2971,#2979,#2980,#2987));
#2971 = ORIENTED_EDGE('',*,*,#2972,.F.);
#2972 = EDGE_CURVE('',#2943,#2973,#2975,.T.);
#2973 = VERTEX_POINT('',#2974);
#2974 = CARTESIAN_POINT('',(0.548402379757,0.4,2.00001E-02));
#2975 = ( BOUNDED_CURVE() B_SPLINE_CURVE(2,(#2976,#2977,#2978),
.UNSPECIFIED.,.F.,.F.) B_SPLINE_CURVE_WITH_KNOTS((3,3),(1.155959358135,
1.985633295455),.PIECEWISE_BEZIER_KNOTS.) CURVE() 
GEOMETRIC_REPRESENTATION_ITEM() RATIONAL_B_SPLINE_CURVE((1.,
0.915182040927,1.)) REPRESENTATION_ITEM('') );
#2976 = CARTESIAN_POINT('',(0.548402379757,0.4,0.4800001));
#2977 = CARTESIAN_POINT('',(0.447111746524,0.4,0.2500001));
#2978 = CARTESIAN_POINT('',(0.548402379757,0.4,2.00001E-02));
#2979 = ORIENTED_EDGE('',*,*,#2942,.T.);
#2980 = ORIENTED_EDGE('',*,*,#2981,.T.);
#2981 = EDGE_CURVE('',#2935,#2982,#2984,.T.);
#2982 = VERTEX_POINT('',#2983);
#2983 = CARTESIAN_POINT('',(0.78,0.4,2.00001E-02));
#2984 = B_SPLINE_CURVE_WITH_KNOTS('',1,(#2985,#2986),.UNSPECIFIED.,.F.,
  .F.,(2,2),(2.E-02,0.48),.PIECEWISE_BEZIER_KNOTS.);
#2985 = CARTESIAN_POINT('',(0.78,0.4,0.4800001));
#2986 = CARTESIAN_POINT('',(0.78,0.4,2.00001E-02));
#2987 = ORIENTED_EDGE('',*,*,#2988,.T.);
#2988 = EDGE_CURVE('',#2982,#2973,#2989,.T.);
#2989 = B_SPLINE_CURVE_WITH_KNOTS('',1,(#2990,#2991),.UNSPECIFIED.,.F.,
  .F.,(2,2),(-0.28,-4.84023797573E-02),.PIECEWISE_BEZIER_KNOTS.);
#2990 = CARTESIAN_POINT('',(0.78,0.4,2.00001E-02));
#2991 = CARTESIAN_POINT('',(0.548402379757,0.4,2.00001E-02));
#2992 = B_SPLINE_SURFACE_WITH_KNOTS('',1,1,(
    (#2993,#2994)
    ,(#2995,#2996
    )),.UNSPECIFIED.,.F.,.F.,.F.,(2,2),(2,2),(-0.48,-2.E-02),(0.,0.28),
  .PIECEWISE_BEZIER_KNOTS.);
#2993 = CARTESIAN_POINT('',(0.5,0.4,2.00001E-02));
#2994 = CARTESIAN_POINT('',(0.78,0.4,2.00001E-02));
#2995 = CARTESIAN_POINT('',(0.5,0.4,0.4800001));
#2996 = CARTESIAN_POINT('',(0.78,0.4,0.4800001));
#2997 = ADVANCED_FACE('',(#2998),#3014,.T.);
#2998 = FACE_BOUND('',#2999,.T.);
#2999 = EDGE_LOOP('',(#3000,#3001,#3008,#3013));
#3000 = ORIENTED_EDGE('',*,*,#2737,.F.);
#3001 = ORIENTED_EDGE('',*,*,#3002,.T.);
#3002 = EDGE_CURVE('',#2726,#3003,#3005,.T.);
#3003 = VERTEX_POINT('',#3004);
#3004 = CARTESIAN_POINT('',(0.78,0.38,1.000000000584E-07));
#3005 = B_SPLINE_CURVE_WITH_KNOTS('',1,(#3006,#3007),.UNSPECIFIED.,.F.,
  .F.,(2,2),(4.833379019919E-02,0.28),.PIECEWISE_BEZIER_KNOTS.);
#3006 = CARTESIAN_POINT('',(0.548333790199,0.38,1.000000000584E-07));
#3007 = CARTESIAN_POINT('',(0.78,0.38,1.000000000584E-07));
#3008 = ORIENTED_EDGE('',*,*,#3009,.T.);
#3009 = EDGE_CURVE('',#3003,#2811,#3010,.T.);
#3010 = B_SPLINE_CURVE_WITH_KNOTS('',1,(#3011,#3012),.UNSPECIFIED.,.F.,
  .F.,(2,2),(2.E-02,0.78),.PIECEWISE_BEZIER_KNOTS.);
#3011 = CARTESIAN_POINT('',(0.78,0.38,1.000000000584E-07));
#3012 = CARTESIAN_POINT('',(0.78,-0.38,1.000000000584E-07));
#3013 = ORIENTED_EDGE('',*,*,#2810,.T.);
#3014 = B_SPLINE_SURFACE_WITH_KNOTS('',1,1,(
    (#3015,#3016)
    ,(#3017,#3018
    )),.UNSPECIFIED.,.F.,.F.,.F.,(2,2),(2,2),(-0.28,2.22044604925E-16),(
    -0.78,-2.E-02),.PIECEWISE_BEZIER_KNOTS.);
#3015 = CARTESIAN_POINT('',(0.78,-0.38,1.000000000584E-07));
#3016 = CARTESIAN_POINT('',(0.78,0.38,1.000000000584E-07));
#3017 = CARTESIAN_POINT('',(0.5,-0.38,1.000000000584E-07));
#3018 = CARTESIAN_POINT('',(0.5,0.38,1.000000000584E-07));
#3019 = ADVANCED_FACE('',(#3020),#3050,.T.);
#3020 = FACE_BOUND('',#3021,.T.);
#3021 = EDGE_LOOP('',(#3022,#3031,#3038,#3045));
#3022 = ORIENTED_EDGE('',*,*,#3023,.T.);
#3023 = EDGE_CURVE('',#3024,#3026,#3028,.T.);
#3024 = VERTEX_POINT('',#3025);
#3025 = CARTESIAN_POINT('',(0.8,0.38,0.4800001));
#3026 = VERTEX_POINT('',#3027);
#3027 = CARTESIAN_POINT('',(0.8,-0.38,0.4800001));
#3028 = B_SPLINE_CURVE_WITH_KNOTS('',1,(#3029,#3030),.UNSPECIFIED.,.F.,
  .F.,(2,2),(-0.38,0.38),.PIECEWISE_BEZIER_KNOTS.);
#3029 = CARTESIAN_POINT('',(0.8,0.38,0.4800001));
#3030 = CARTESIAN_POINT('',(0.8,-0.38,0.4800001));
#3031 = ORIENTED_EDGE('',*,*,#3032,.T.);
#3032 = EDGE_CURVE('',#3026,#3033,#3035,.T.);
#3033 = VERTEX_POINT('',#3034);
#3034 = CARTESIAN_POINT('',(0.8,-0.38,2.00001E-02));
#3035 = B_SPLINE_CURVE_WITH_KNOTS('',1,(#3036,#3037),.UNSPECIFIED.,.F.,
  .F.,(2,2),(-0.23,0.23),.PIECEWISE_BEZIER_KNOTS.);
#3036 = CARTESIAN_POINT('',(0.8,-0.38,0.4800001));
#3037 = CARTESIAN_POINT('',(0.8,-0.38,2.00001E-02));
#3038 = ORIENTED_EDGE('',*,*,#3039,.T.);
#3039 = EDGE_CURVE('',#3033,#3040,#3042,.T.);
#3040 = VERTEX_POINT('',#3041);
#3041 = CARTESIAN_POINT('',(0.8,0.38,2.00001E-02));
#3042 = B_SPLINE_CURVE_WITH_KNOTS('',1,(#3043,#3044),.UNSPECIFIED.,.F.,
  .F.,(2,2),(-0.38,0.38),.PIECEWISE_BEZIER_KNOTS.);
#3043 = CARTESIAN_POINT('',(0.8,-0.38,2.00001E-02));
#3044 = CARTESIAN_POINT('',(0.8,0.38,2.00001E-02));
#3045 = ORIENTED_EDGE('',*,*,#3046,.T.);
#3046 = EDGE_CURVE('',#3040,#3024,#3047,.T.);
#3047 = B_SPLINE_CURVE_WITH_KNOTS('',1,(#3048,#3049),.UNSPECIFIED.,.F.,
  .F.,(2,2),(-0.23,0.23),.PIECEWISE_BEZIER_KNOTS.);
#3048 = CARTESIAN_POINT('',(0.8,0.38,2.00001E-02));
#3049 = CARTESIAN_POINT('',(0.8,0.38,0.4800001));
#3050 = B_SPLINE_SURFACE_WITH_KNOTS('',1,1,(
    (#3051,#3052)
    ,(#3053,#3054
    )),.UNSPECIFIED.,.F.,.F.,.F.,(2,2),(2,2),(-0.23,0.23),(-0.38,0.38),
  .PIECEWISE_BEZIER_KNOTS.);
#3051 = CARTESIAN_POINT('',(0.8,-0.38,0.4800001));
#3052 = CARTESIAN_POINT('',(0.8,0.38,0.4800001));
#3053 = CARTESIAN_POINT('',(0.8,-0.38,2.00001E-02));
#3054 = CARTESIAN_POINT('',(0.8,0.38,2.00001E-02));
#3055 = ADVANCED_FACE('',(#3056),#3072,.T.);
#3056 = FACE_BOUND('',#3057,.T.);
#3057 = EDGE_LOOP('',(#3058,#3064,#3065,#3071));
#3058 = ORIENTED_EDGE('',*,*,#3059,.F.);
#3059 = EDGE_CURVE('',#2982,#3040,#3060,.T.);
#3060 = ( BOUNDED_CURVE() B_SPLINE_CURVE(2,(#3061,#3062,#3063),
.UNSPECIFIED.,.F.,.F.) B_SPLINE_CURVE_WITH_KNOTS((3,3),(1.570796326795,
3.14159265359),.PIECEWISE_BEZIER_KNOTS.) CURVE() 
GEOMETRIC_REPRESENTATION_ITEM() RATIONAL_B_SPLINE_CURVE((1.,
0.707106781187,1.)) REPRESENTATION_ITEM('') );
#3061 = CARTESIAN_POINT('',(0.78,0.4,2.00001E-02));
#3062 = CARTESIAN_POINT('',(0.8,0.4,2.00001E-02));
#3063 = CARTESIAN_POINT('',(0.8,0.38,2.00001E-02));
#3064 = ORIENTED_EDGE('',*,*,#2981,.F.);
#3065 = ORIENTED_EDGE('',*,*,#3066,.F.);
#3066 = EDGE_CURVE('',#3024,#2935,#3067,.T.);
#3067 = ( BOUNDED_CURVE() B_SPLINE_CURVE(2,(#3068,#3069,#3070),
.UNSPECIFIED.,.F.,.F.) B_SPLINE_CURVE_WITH_KNOTS((3,3),(0.,
1.570796326795),.PIECEWISE_BEZIER_KNOTS.) CURVE() 
GEOMETRIC_REPRESENTATION_ITEM() RATIONAL_B_SPLINE_CURVE((1.,
0.707106781187,1.)) REPRESENTATION_ITEM('') );
#3068 = CARTESIAN_POINT('',(0.8,0.38,0.4800001));
#3069 = CARTESIAN_POINT('',(0.8,0.4,0.4800001));
#3070 = CARTESIAN_POINT('',(0.78,0.4,0.4800001));
#3071 = ORIENTED_EDGE('',*,*,#3046,.F.);
#3072 = ( BOUNDED_SURFACE() B_SPLINE_SURFACE(2,1,(
    (#3073,#3074)
    ,(#3075,#3076)
    ,(#3077,#3078
)),.UNSPECIFIED.,.F.,.F.,.F.) B_SPLINE_SURFACE_WITH_KNOTS((3,3),(2,2),(
    0.,1.570796326795),(-0.23,0.23),.PIECEWISE_BEZIER_KNOTS.) 
GEOMETRIC_REPRESENTATION_ITEM() RATIONAL_B_SPLINE_SURFACE((
    (1.,1.)
    ,(0.707106781187,0.707106781187)
,(1.,1.))) REPRESENTATION_ITEM('') SURFACE() );
#3073 = CARTESIAN_POINT('',(0.8,0.38,2.00001E-02));
#3074 = CARTESIAN_POINT('',(0.8,0.38,0.4800001));
#3075 = CARTESIAN_POINT('',(0.8,0.4,2.00001E-02));
#3076 = CARTESIAN_POINT('',(0.8,0.4,0.4800001));
#3077 = CARTESIAN_POINT('',(0.78,0.4,2.00001E-02));
#3078 = CARTESIAN_POINT('',(0.78,0.4,0.4800001));
#3079 = ADVANCED_FACE('',(#3080),#3105,.T.);
#3080 = FACE_BOUND('',#3081,.T.);
#3081 = EDGE_LOOP('',(#3082,#3095,#3096,#3102,#3103,#3104));
#3082 = ORIENTED_EDGE('',*,*,#3083,.F.);
#3083 = EDGE_CURVE('',#2973,#1438,#3084,.T.);
#3084 = B_SPLINE_CURVE_WITH_KNOTS('',3,(#3085,#3086,#3087,#3088,#3089,
    #3090,#3091,#3092,#3093,#3094),.UNSPECIFIED.,.F.,.F.,(4,3,3,4),(
    2.710505431214E-20,7.956051780663E-06,1.592993417484E-05,
    2.232613415464E-05),.UNSPECIFIED.);
#3085 = CARTESIAN_POINT('',(0.548402379757,0.4,2.00001E-02));
#3086 = CARTESIAN_POINT('',(0.549471250736,0.4,1.75730214319E-02));
#3087 = CARTESIAN_POINT('',(0.550572797095,0.399548298195,
    1.512012485311E-02));
#3088 = CARTESIAN_POINT('',(0.551613507814,0.398675314663,
    1.284240307557E-02));
#3089 = CARTESIAN_POINT('',(0.552655460407,0.397801289404,
    1.056196330667E-02));
#3090 = CARTESIAN_POINT('',(0.553667109916,0.396476753373,
    8.389679726848E-03));
#3091 = CARTESIAN_POINT('',(0.554541598497,0.394788981188,
    6.535849726215E-03));
#3092 = CARTESIAN_POINT('',(0.555246088725,0.393429307616,
    5.042399555122E-03));
#3093 = CARTESIAN_POINT('',(0.555878269221,0.391801111061,
    3.719463838385E-03));
#3094 = CARTESIAN_POINT('',(0.556378346734,0.39,2.679591924311E-03));
#3095 = ORIENTED_EDGE('',*,*,#2988,.F.);
#3096 = ORIENTED_EDGE('',*,*,#3097,.F.);
#3097 = EDGE_CURVE('',#3003,#2982,#3098,.T.);
#3098 = ( BOUNDED_CURVE() B_SPLINE_CURVE(2,(#3099,#3100,#3101),
.UNSPECIFIED.,.F.,.F.) B_SPLINE_CURVE_WITH_KNOTS((3,3),(0.,
1.570796326795),.PIECEWISE_BEZIER_KNOTS.) CURVE() 
GEOMETRIC_REPRESENTATION_ITEM() RATIONAL_B_SPLINE_CURVE((1.,
0.707106781187,1.)) REPRESENTATION_ITEM('') );
#3099 = CARTESIAN_POINT('',(0.78,0.38,1.000000000584E-07));
#3100 = CARTESIAN_POINT('',(0.78,0.4,1.000000000584E-07));
#3101 = CARTESIAN_POINT('',(0.78,0.4,2.00001E-02));
#3102 = ORIENTED_EDGE('',*,*,#3002,.F.);
#3103 = ORIENTED_EDGE('',*,*,#2725,.F.);
#3104 = ORIENTED_EDGE('',*,*,#1445,.T.);
#3105 = ( BOUNDED_SURFACE() B_SPLINE_SURFACE(2,1,(
    (#3106,#3107)
    ,(#3108,#3109)
    ,(#3110,#3111
)),.UNSPECIFIED.,.F.,.F.,.F.) B_SPLINE_SURFACE_WITH_KNOTS((3,3),(2,2),(
    0.,1.570796326795),(4.833379019919E-02,0.28),
.PIECEWISE_BEZIER_KNOTS.) GEOMETRIC_REPRESENTATION_ITEM() 
RATIONAL_B_SPLINE_SURFACE((
    (1.,1.)
    ,(0.707106781187,0.707106781187)
,(1.,1.))) REPRESENTATION_ITEM('') SURFACE() );
#3106 = CARTESIAN_POINT('',(0.548333790199,0.38,1.000000000584E-07));
#3107 = CARTESIAN_POINT('',(0.78,0.38,1.000000000584E-07));
#3108 = CARTESIAN_POINT('',(0.548333790199,0.4,1.000000000584E-07));
#3109 = CARTESIAN_POINT('',(0.78,0.4,1.000000000584E-07));
#3110 = CARTESIAN_POINT('',(0.548333790199,0.4,2.00001E-02));
#3111 = CARTESIAN_POINT('',(0.78,0.4,2.00001E-02));
#3112 = ADVANCED_FACE('',(#3113),#3123,.T.);
#3113 = FACE_BOUND('',#3114,.T.);
#3114 = EDGE_LOOP('',(#3115,#3116,#3117));
#3115 = ORIENTED_EDGE('',*,*,#3066,.T.);
#3116 = ORIENTED_EDGE('',*,*,#2934,.T.);
#3117 = ORIENTED_EDGE('',*,*,#3118,.F.);
#3118 = EDGE_CURVE('',#3024,#2910,#3119,.T.);
#3119 = ( BOUNDED_CURVE() B_SPLINE_CURVE(2,(#3120,#3121,#3122),
.UNSPECIFIED.,.F.,.F.) B_SPLINE_CURVE_WITH_KNOTS((3,3),(4.712388980385,
6.28318530718),.PIECEWISE_BEZIER_KNOTS.) CURVE() 
GEOMETRIC_REPRESENTATION_ITEM() RATIONAL_B_SPLINE_CURVE((1.,
0.707106781187,1.)) REPRESENTATION_ITEM('') );
#3120 = CARTESIAN_POINT('',(0.8,0.38,0.4800001));
#3121 = CARTESIAN_POINT('',(0.8,0.38,0.5000001));
#3122 = CARTESIAN_POINT('',(0.78,0.38,0.5000001));
#3123 = ( BOUNDED_SURFACE() B_SPLINE_SURFACE(2,2,(
    (#3124,#3125,#3126)
    ,(#3127,#3128,#3129)
    ,(#3130,#3131,#3132
)),.UNSPECIFIED.,.F.,.F.,.F.) B_SPLINE_SURFACE_WITH_KNOTS((3,3),(3,3),(
    4.712388980385,6.28318530718),(0.,1.570796326795),
.PIECEWISE_BEZIER_KNOTS.) GEOMETRIC_REPRESENTATION_ITEM() 
RATIONAL_B_SPLINE_SURFACE((
    (1.,0.707106781187,1.)
    ,(0.707106781187,0.5,0.707106781187)
,(1.,0.707106781187,1.))) REPRESENTATION_ITEM('') SURFACE() );
#3124 = CARTESIAN_POINT('',(0.78,0.38,0.5000001));
#3125 = CARTESIAN_POINT('',(0.78,0.4,0.5000001));
#3126 = CARTESIAN_POINT('',(0.78,0.4,0.4800001));
#3127 = CARTESIAN_POINT('',(0.8,0.38,0.5000001));
#3128 = CARTESIAN_POINT('',(0.8,0.4,0.5000001));
#3129 = CARTESIAN_POINT('',(0.78,0.4,0.4800001));
#3130 = CARTESIAN_POINT('',(0.8,0.38,0.4800001));
#3131 = CARTESIAN_POINT('',(0.8,0.4,0.4800001));
#3132 = CARTESIAN_POINT('',(0.78,0.4,0.4800001));
#3133 = ADVANCED_FACE('',(#3134),#3144,.T.);
#3134 = FACE_BOUND('',#3135,.T.);
#3135 = EDGE_LOOP('',(#3136,#3137,#3138));
#3136 = ORIENTED_EDGE('',*,*,#3097,.T.);
#3137 = ORIENTED_EDGE('',*,*,#3059,.T.);
#3138 = ORIENTED_EDGE('',*,*,#3139,.F.);
#3139 = EDGE_CURVE('',#3003,#3040,#3140,.T.);
#3140 = ( BOUNDED_CURVE() B_SPLINE_CURVE(2,(#3141,#3142,#3143),
.UNSPECIFIED.,.F.,.F.) B_SPLINE_CURVE_WITH_KNOTS((3,3),(3.14159265359,
4.712388980385),.PIECEWISE_BEZIER_KNOTS.) CURVE() 
GEOMETRIC_REPRESENTATION_ITEM() RATIONAL_B_SPLINE_CURVE((1.,
0.707106781187,1.)) REPRESENTATION_ITEM('') );
#3141 = CARTESIAN_POINT('',(0.78,0.38,1.000000000584E-07));
#3142 = CARTESIAN_POINT('',(0.8,0.38,1.000000000584E-07));
#3143 = CARTESIAN_POINT('',(0.8,0.38,2.00001E-02));
#3144 = ( BOUNDED_SURFACE() B_SPLINE_SURFACE(2,2,(
    (#3145,#3146,#3147)
    ,(#3148,#3149,#3150)
    ,(#3151,#3152,#3153
)),.UNSPECIFIED.,.F.,.F.,.F.) B_SPLINE_SURFACE_WITH_KNOTS((3,3),(3,3),(
    0.,1.570796326795),(0.,1.570796326795),.PIECEWISE_BEZIER_KNOTS.) 
GEOMETRIC_REPRESENTATION_ITEM() RATIONAL_B_SPLINE_SURFACE((
    (1.,0.707106781187,1.)
    ,(0.707106781187,0.5,0.707106781187)
,(1.,0.707106781187,1.))) REPRESENTATION_ITEM('') SURFACE() );
#3145 = CARTESIAN_POINT('',(0.8,0.38,2.00001E-02));
#3146 = CARTESIAN_POINT('',(0.8,0.4,2.00001E-02));
#3147 = CARTESIAN_POINT('',(0.78,0.4,2.00001E-02));
#3148 = CARTESIAN_POINT('',(0.8,0.38,1.000000000584E-07));
#3149 = CARTESIAN_POINT('',(0.8,0.4,1.000000000584E-07));
#3150 = CARTESIAN_POINT('',(0.78,0.4,2.00001E-02));
#3151 = CARTESIAN_POINT('',(0.78,0.38,1.000000000584E-07));
#3152 = CARTESIAN_POINT('',(0.78,0.4,1.000000000584E-07));
#3153 = CARTESIAN_POINT('',(0.78,0.4,2.00001E-02));
#3154 = ADVANCED_FACE('',(#3155),#3166,.T.);
#3155 = FACE_BOUND('',#3156,.T.);
#3156 = EDGE_LOOP('',(#3157,#3158,#3159,#3165));
#3157 = ORIENTED_EDGE('',*,*,#3118,.T.);
#3158 = ORIENTED_EDGE('',*,*,#2918,.F.);
#3159 = ORIENTED_EDGE('',*,*,#3160,.F.);
#3160 = EDGE_CURVE('',#3026,#2643,#3161,.T.);
#3161 = ( BOUNDED_CURVE() B_SPLINE_CURVE(2,(#3162,#3163,#3164),
.UNSPECIFIED.,.F.,.F.) B_SPLINE_CURVE_WITH_KNOTS((3,3),(1.570796326795,
3.14159265359),.PIECEWISE_BEZIER_KNOTS.) CURVE() 
GEOMETRIC_REPRESENTATION_ITEM() RATIONAL_B_SPLINE_CURVE((1.,
0.707106781187,1.)) REPRESENTATION_ITEM('') );
#3162 = CARTESIAN_POINT('',(0.8,-0.38,0.4800001));
#3163 = CARTESIAN_POINT('',(0.8,-0.38,0.5000001));
#3164 = CARTESIAN_POINT('',(0.78,-0.38,0.5000001));
#3165 = ORIENTED_EDGE('',*,*,#3023,.F.);
#3166 = ( BOUNDED_SURFACE() B_SPLINE_SURFACE(2,1,(
    (#3167,#3168)
    ,(#3169,#3170)
    ,(#3171,#3172
)),.UNSPECIFIED.,.F.,.F.,.F.) B_SPLINE_SURFACE_WITH_KNOTS((3,3),(2,2),(
    1.570796326795,3.14159265359),(-0.38,0.38),
.PIECEWISE_BEZIER_KNOTS.) GEOMETRIC_REPRESENTATION_ITEM() 
RATIONAL_B_SPLINE_SURFACE((
    (1.,1.)
    ,(0.707106781187,0.707106781187)
,(1.,1.))) REPRESENTATION_ITEM('') SURFACE() );
#3167 = CARTESIAN_POINT('',(0.8,0.38,0.4800001));
#3168 = CARTESIAN_POINT('',(0.8,-0.38,0.4800001));
#3169 = CARTESIAN_POINT('',(0.8,0.38,0.5000001));
#3170 = CARTESIAN_POINT('',(0.8,-0.38,0.5000001));
#3171 = CARTESIAN_POINT('',(0.78,0.38,0.5000001));
#3172 = CARTESIAN_POINT('',(0.78,-0.38,0.5000001));
#3173 = ADVANCED_FACE('',(#3174),#3185,.T.);
#3174 = FACE_BOUND('',#3175,.T.);
#3175 = EDGE_LOOP('',(#3176,#3177,#3178,#3184));
#3176 = ORIENTED_EDGE('',*,*,#3139,.T.);
#3177 = ORIENTED_EDGE('',*,*,#3039,.F.);
#3178 = ORIENTED_EDGE('',*,*,#3179,.F.);
#3179 = EDGE_CURVE('',#2811,#3033,#3180,.T.);
#3180 = ( BOUNDED_CURVE() B_SPLINE_CURVE(2,(#3181,#3182,#3183),
.UNSPECIFIED.,.F.,.F.) B_SPLINE_CURVE_WITH_KNOTS((3,3),(0.,
1.570796326795),.PIECEWISE_BEZIER_KNOTS.) CURVE() 
GEOMETRIC_REPRESENTATION_ITEM() RATIONAL_B_SPLINE_CURVE((1.,
0.707106781187,1.)) REPRESENTATION_ITEM('') );
#3181 = CARTESIAN_POINT('',(0.78,-0.38,1.000000000584E-07));
#3182 = CARTESIAN_POINT('',(0.8,-0.38,1.000000000584E-07));
#3183 = CARTESIAN_POINT('',(0.8,-0.38,2.00001E-02));
#3184 = ORIENTED_EDGE('',*,*,#3009,.F.);
#3185 = ( BOUNDED_SURFACE() B_SPLINE_SURFACE(2,1,(
    (#3186,#3187)
    ,(#3188,#3189)
    ,(#3190,#3191
)),.UNSPECIFIED.,.F.,.F.,.F.) B_SPLINE_SURFACE_WITH_KNOTS((3,3),(2,2),(
    1.570796326795,3.14159265359),(-0.38,0.38),
.PIECEWISE_BEZIER_KNOTS.) GEOMETRIC_REPRESENTATION_ITEM() 
RATIONAL_B_SPLINE_SURFACE((
    (1.,1.)
    ,(0.707106781187,0.707106781187)
,(1.,1.))) REPRESENTATION_ITEM('') SURFACE() );
#3186 = CARTESIAN_POINT('',(0.8,-0.38,2.00001E-02));
#3187 = CARTESIAN_POINT('',(0.8,0.38,2.00001E-02));
#3188 = CARTESIAN_POINT('',(0.8,-0.38,1.000000000584E-07));
#3189 = CARTESIAN_POINT('',(0.8,0.38,1.000000000584E-07));
#3190 = CARTESIAN_POINT('',(0.78,-0.38,1.000000000584E-07));
#3191 = CARTESIAN_POINT('',(0.78,0.38,1.000000000584E-07));
#3192 = ADVANCED_FACE('',(#3193),#3203,.T.);
#3193 = FACE_BOUND('',#3194,.T.);
#3194 = EDGE_LOOP('',(#3195,#3196,#3197));
#3195 = ORIENTED_EDGE('',*,*,#3160,.T.);
#3196 = ORIENTED_EDGE('',*,*,#2642,.T.);
#3197 = ORIENTED_EDGE('',*,*,#3198,.F.);
#3198 = EDGE_CURVE('',#3026,#2636,#3199,.T.);
#3199 = ( BOUNDED_CURVE() B_SPLINE_CURVE(2,(#3200,#3201,#3202),
.UNSPECIFIED.,.F.,.F.) B_SPLINE_CURVE_WITH_KNOTS((3,3),(0.,
1.570796326795),.PIECEWISE_BEZIER_KNOTS.) CURVE() 
GEOMETRIC_REPRESENTATION_ITEM() RATIONAL_B_SPLINE_CURVE((1.,
0.707106781187,1.)) REPRESENTATION_ITEM('') );
#3200 = CARTESIAN_POINT('',(0.8,-0.38,0.4800001));
#3201 = CARTESIAN_POINT('',(0.8,-0.4,0.4800001));
#3202 = CARTESIAN_POINT('',(0.78,-0.4,0.4800001));
#3203 = ( BOUNDED_SURFACE() B_SPLINE_SURFACE(2,2,(
    (#3204,#3205,#3206)
    ,(#3207,#3208,#3209)
    ,(#3210,#3211,#3212
)),.UNSPECIFIED.,.F.,.F.,.F.) B_SPLINE_SURFACE_WITH_KNOTS((3,3),(3,3),(
    4.712388980385,6.28318530718),(-1.570796326795,1.110223024625E-15),
.PIECEWISE_BEZIER_KNOTS.) GEOMETRIC_REPRESENTATION_ITEM() 
RATIONAL_B_SPLINE_SURFACE((
    (1.,0.707106781187,1.)
    ,(0.707106781187,0.5,0.707106781187)
,(1.,0.707106781187,1.))) REPRESENTATION_ITEM('') SURFACE() );
#3204 = CARTESIAN_POINT('',(0.78,-0.4,0.4800001));
#3205 = CARTESIAN_POINT('',(0.78,-0.4,0.5000001));
#3206 = CARTESIAN_POINT('',(0.78,-0.38,0.5000001));
#3207 = CARTESIAN_POINT('',(0.78,-0.4,0.4800001));
#3208 = CARTESIAN_POINT('',(0.8,-0.4,0.5000001));
#3209 = CARTESIAN_POINT('',(0.8,-0.38,0.5000001));
#3210 = CARTESIAN_POINT('',(0.78,-0.4,0.4800001));
#3211 = CARTESIAN_POINT('',(0.8,-0.4,0.4800001));
#3212 = CARTESIAN_POINT('',(0.8,-0.38,0.4800001));
#3213 = ADVANCED_FACE('',(#3214),#3224,.T.);
#3214 = FACE_BOUND('',#3215,.T.);
#3215 = EDGE_LOOP('',(#3216,#3217,#3218));
#3216 = ORIENTED_EDGE('',*,*,#2817,.T.);
#3217 = ORIENTED_EDGE('',*,*,#3179,.T.);
#3218 = ORIENTED_EDGE('',*,*,#3219,.F.);
#3219 = EDGE_CURVE('',#2775,#3033,#3220,.T.);
#3220 = ( BOUNDED_CURVE() B_SPLINE_CURVE(2,(#3221,#3222,#3223),
.UNSPECIFIED.,.F.,.F.) B_SPLINE_CURVE_WITH_KNOTS((3,3),(1.570796326795,
3.14159265359),.PIECEWISE_BEZIER_KNOTS.) CURVE() 
GEOMETRIC_REPRESENTATION_ITEM() RATIONAL_B_SPLINE_CURVE((1.,
0.707106781187,1.)) REPRESENTATION_ITEM('') );
#3221 = CARTESIAN_POINT('',(0.78,-0.4,2.00001E-02));
#3222 = CARTESIAN_POINT('',(0.8,-0.4,2.00001E-02));
#3223 = CARTESIAN_POINT('',(0.8,-0.38,2.00001E-02));
#3224 = ( BOUNDED_SURFACE() B_SPLINE_SURFACE(2,2,(
    (#3225,#3226,#3227)
    ,(#3228,#3229,#3230)
    ,(#3231,#3232,#3233
)),.UNSPECIFIED.,.F.,.F.,.F.) B_SPLINE_SURFACE_WITH_KNOTS((3,3),(3,3),(
    0.,1.570796326795),(-1.570796326795,0.),.PIECEWISE_BEZIER_KNOTS.) 
GEOMETRIC_REPRESENTATION_ITEM() RATIONAL_B_SPLINE_SURFACE((
    (1.,0.707106781187,1.)
    ,(0.707106781187,0.5,0.707106781187)
,(1.,0.707106781187,1.))) REPRESENTATION_ITEM('') SURFACE() );
#3225 = CARTESIAN_POINT('',(0.78,-0.4,2.00001E-02));
#3226 = CARTESIAN_POINT('',(0.8,-0.4,2.00001E-02));
#3227 = CARTESIAN_POINT('',(0.8,-0.38,2.00001E-02));
#3228 = CARTESIAN_POINT('',(0.78,-0.4,2.00001E-02));
#3229 = CARTESIAN_POINT('',(0.8,-0.4,1.000000000584E-07));
#3230 = CARTESIAN_POINT('',(0.8,-0.38,1.000000000584E-07));
#3231 = CARTESIAN_POINT('',(0.78,-0.4,2.00001E-02));
#3232 = CARTESIAN_POINT('',(0.78,-0.4,1.000000000584E-07));
#3233 = CARTESIAN_POINT('',(0.78,-0.38,1.000000000584E-07));
#3234 = ADVANCED_FACE('',(#3235),#3241,.T.);
#3235 = FACE_BOUND('',#3236,.T.);
#3236 = EDGE_LOOP('',(#3237,#3238,#3239,#3240));
#3237 = ORIENTED_EDGE('',*,*,#3198,.T.);
#3238 = ORIENTED_EDGE('',*,*,#2781,.F.);
#3239 = ORIENTED_EDGE('',*,*,#3219,.T.);
#3240 = ORIENTED_EDGE('',*,*,#3032,.F.);
#3241 = ( BOUNDED_SURFACE() B_SPLINE_SURFACE(2,1,(
    (#3242,#3243)
    ,(#3244,#3245)
    ,(#3246,#3247
)),.UNSPECIFIED.,.F.,.F.,.F.) B_SPLINE_SURFACE_WITH_KNOTS((3,3),(2,2),(
    3.14159265359,4.712388980385),(-0.23,0.23),
.PIECEWISE_BEZIER_KNOTS.) GEOMETRIC_REPRESENTATION_ITEM() 
RATIONAL_B_SPLINE_SURFACE((
    (1.,1.)
    ,(0.707106781187,0.707106781187)
,(1.,1.))) REPRESENTATION_ITEM('') SURFACE() );
#3242 = CARTESIAN_POINT('',(0.8,-0.38,0.4800001));
#3243 = CARTESIAN_POINT('',(0.8,-0.38,2.00001E-02));
#3244 = CARTESIAN_POINT('',(0.8,-0.4,0.4800001));
#3245 = CARTESIAN_POINT('',(0.8,-0.4,2.00001E-02));
#3246 = CARTESIAN_POINT('',(0.78,-0.4,0.4800001));
#3247 = CARTESIAN_POINT('',(0.78,-0.4,2.00001E-02));
#3248 = ADVANCED_FACE('',(#3249),#3279,.T.);
#3249 = FACE_BOUND('',#3250,.T.);
#3250 = EDGE_LOOP('',(#3251,#3252,#3253,#3254,#3255,#3265,#3266,#3276,
    #3277,#3278));
#3251 = ORIENTED_EDGE('',*,*,#2972,.T.);
#3252 = ORIENTED_EDGE('',*,*,#3083,.T.);
#3253 = ORIENTED_EDGE('',*,*,#1437,.F.);
#3254 = ORIENTED_EDGE('',*,*,#2717,.T.);
#3255 = ORIENTED_EDGE('',*,*,#3256,.T.);
#3256 = EDGE_CURVE('',#2703,#647,#3257,.T.);
#3257 = B_SPLINE_CURVE_WITH_KNOTS('',3,(#3258,#3259,#3260,#3261,#3262,
    #3263,#3264),.UNSPECIFIED.,.F.,.F.,(4,3,4),(6.063375519732E-07,
    7.840565178185E-06,1.566560337321E-05),.UNSPECIFIED.);
#3258 = CARTESIAN_POINT('',(0.549703176699,0.385257133157,
    1.706874709939E-02));
#3259 = CARTESIAN_POINT('',(0.548924635573,0.386732934739,
    1.880998031958E-02));
#3260 = CARTESIAN_POINT('',(0.548043491616,0.387901200876,
    2.080544202263E-02));
#3261 = CARTESIAN_POINT('',(0.547137244233,0.388695208932,
    2.28945271357E-02));
#3262 = CARTESIAN_POINT('',(0.546156168903,0.389554777445,
    2.515610593411E-02));
#3263 = CARTESIAN_POINT('',(0.545118297187,0.39,2.759114341194E-02));
#3264 = CARTESIAN_POINT('',(0.544111801459,0.39,3.00001E-02));
#3265 = ORIENTED_EDGE('',*,*,#644,.F.);
#3266 = ORIENTED_EDGE('',*,*,#3267,.T.);
#3267 = EDGE_CURVE('',#645,#2835,#3268,.T.);
#3268 = B_SPLINE_CURVE_WITH_KNOTS('',3,(#3269,#3270,#3271,#3272,#3273,
    #3274,#3275),.UNSPECIFIED.,.F.,.F.,(4,3,4),(0.,7.832301669418E-06,
    1.507324433125E-05),.UNSPECIFIED.);
#3269 = CARTESIAN_POINT('',(0.544111801459,0.39,0.4700001));
#3270 = CARTESIAN_POINT('',(0.545118297187,0.39,0.472409056588));
#3271 = CARTESIAN_POINT('',(0.546156168903,0.389554777445,0.474844094066
    ));
#3272 = CARTESIAN_POINT('',(0.547137244233,0.388695208932,0.477105672864
    ));
#3273 = CARTESIAN_POINT('',(0.548043491612,0.387901200879,0.479194757969
    ));
#3274 = CARTESIAN_POINT('',(0.548924635567,0.386732934748,0.481190219665
    ));
#3275 = CARTESIAN_POINT('',(0.54970317669,0.385257133174,0.48293145288)
  );
#3276 = ORIENTED_EDGE('',*,*,#2834,.F.);
#3277 = ORIENTED_EDGE('',*,*,#1488,.F.);
#3278 = ORIENTED_EDGE('',*,*,#2949,.T.);
#3279 = ( BOUNDED_SURFACE() B_SPLINE_SURFACE(2,1,(
    (#3280,#3281)
    ,(#3282,#3283)
    ,(#3284,#3285
)),.UNSPECIFIED.,.F.,.F.,.F.) B_SPLINE_SURFACE_WITH_KNOTS((3,3),(2,2),(
    4.264135367704,5.160642593065),(-4.742866843349E-03,1.E-02),
.PIECEWISE_BEZIER_KNOTS.) GEOMETRIC_REPRESENTATION_ITEM() 
RATIONAL_B_SPLINE_SURFACE((
    (1.,1.)
    ,(0.901205347138,0.901205347138)
,(1.,1.))) REPRESENTATION_ITEM('') SURFACE() );
#3280 = CARTESIAN_POINT('',(0.556378346734,0.385257133157,
    2.679591924311E-03));
#3281 = CARTESIAN_POINT('',(0.556378346734,0.4,2.679591924311E-03));
#3282 = CARTESIAN_POINT('',(0.437441175962,0.385257133157,0.2500001));
#3283 = CARTESIAN_POINT('',(0.437441175962,0.4,0.2500001));
#3284 = CARTESIAN_POINT('',(0.556378346734,0.385257133157,0.497320608076
    ));
#3285 = CARTESIAN_POINT('',(0.556378346734,0.4,0.497320608076));
#3286 = ADVANCED_FACE('',(#3287),#3317,.T.);
#3287 = FACE_BOUND('',#3288,.T.);
#3288 = EDGE_LOOP('',(#3289,#3290,#3291,#3301,#3302,#3312,#3313,#3314,
    #3315,#3316));
#3289 = ORIENTED_EDGE('',*,*,#1595,.T.);
#3290 = ORIENTED_EDGE('',*,*,#2872,.T.);
#3291 = ORIENTED_EDGE('',*,*,#3292,.T.);
#3292 = EDGE_CURVE('',#2858,#1536,#3293,.T.);
#3293 = B_SPLINE_CURVE_WITH_KNOTS('',3,(#3294,#3295,#3296,#3297,#3298,
    #3299,#3300),.UNSPECIFIED.,.F.,.F.,(4,3,4),(6.063375519732E-07,
    7.840565178185E-06,1.566560337321E-05),.UNSPECIFIED.);
#3294 = CARTESIAN_POINT('',(0.549703176699,-0.385257133157,
    0.482931452901));
#3295 = CARTESIAN_POINT('',(0.548924635573,-0.386732934739,0.48119021968
    ));
#3296 = CARTESIAN_POINT('',(0.548043491616,-0.387901200876,
    0.479194757977));
#3297 = CARTESIAN_POINT('',(0.547137244233,-0.388695208932,
    0.477105672864));
#3298 = CARTESIAN_POINT('',(0.546156168903,-0.389554777445,
    0.474844094066));
#3299 = CARTESIAN_POINT('',(0.545118297187,-0.39,0.472409056588));
#3300 = CARTESIAN_POINT('',(0.544111801459,-0.39,0.4700001));
#3301 = ORIENTED_EDGE('',*,*,#1535,.T.);
#3302 = ORIENTED_EDGE('',*,*,#3303,.T.);
#3303 = EDGE_CURVE('',#1529,#2680,#3304,.T.);
#3304 = B_SPLINE_CURVE_WITH_KNOTS('',3,(#3305,#3306,#3307,#3308,#3309,
    #3310,#3311),.UNSPECIFIED.,.F.,.F.,(4,3,4),(2.710505431214E-20,
    7.832301669418E-06,1.507324433125E-05),.UNSPECIFIED.);
#3305 = CARTESIAN_POINT('',(0.544111801459,-0.39,3.00001E-02));
#3306 = CARTESIAN_POINT('',(0.545118297187,-0.39,2.759114341194E-02));
#3307 = CARTESIAN_POINT('',(0.546156168903,-0.389554777445,
    2.515610593411E-02));
#3308 = CARTESIAN_POINT('',(0.547137244233,-0.388695208932,
    2.28945271357E-02));
#3309 = CARTESIAN_POINT('',(0.548043491612,-0.387901200879,
    2.080544203061E-02));
#3310 = CARTESIAN_POINT('',(0.548924635567,-0.386732934748,
    1.880998033492E-02));
#3311 = CARTESIAN_POINT('',(0.54970317669,-0.385257133174,
    1.706874711961E-02));
#3312 = ORIENTED_EDGE('',*,*,#2679,.F.);
#3313 = ORIENTED_EDGE('',*,*,#1556,.T.);
#3314 = ORIENTED_EDGE('',*,*,#2795,.F.);
#3315 = ORIENTED_EDGE('',*,*,#2766,.F.);
#3316 = ORIENTED_EDGE('',*,*,#2620,.F.);
#3317 = ( BOUNDED_SURFACE() B_SPLINE_SURFACE(2,1,(
    (#3318,#3319)
    ,(#3320,#3321)
    ,(#3322,#3323
)),.UNSPECIFIED.,.F.,.F.,.F.) B_SPLINE_SURFACE_WITH_KNOTS((3,3),(2,2),(
    4.264135367704,5.160642593065),(-4.742866843349E-03,1.E-02),
.PIECEWISE_BEZIER_KNOTS.) GEOMETRIC_REPRESENTATION_ITEM() 
RATIONAL_B_SPLINE_SURFACE((
    (1.,1.)
    ,(0.901205347138,0.901205347138)
,(1.,1.))) REPRESENTATION_ITEM('') SURFACE() );
#3318 = CARTESIAN_POINT('',(0.556378346734,-0.385257133157,
    0.497320608076));
#3319 = CARTESIAN_POINT('',(0.556378346734,-0.4,0.497320608076));
#3320 = CARTESIAN_POINT('',(0.437441175962,-0.385257133157,0.2500001));
#3321 = CARTESIAN_POINT('',(0.437441175962,-0.4,0.2500001));
#3322 = CARTESIAN_POINT('',(0.556378346734,-0.385257133157,
    2.679591924311E-03));
#3323 = CARTESIAN_POINT('',(0.556378346734,-0.4,2.679591924311E-03));
#3324 = ADVANCED_FACE('',(#3325),#3347,.T.);
#3325 = FACE_BOUND('',#3326,.T.);
#3326 = EDGE_LOOP('',(#3327,#3328,#3335,#3342));
#3327 = ORIENTED_EDGE('',*,*,#1655,.F.);
#3328 = ORIENTED_EDGE('',*,*,#3329,.F.);
#3329 = EDGE_CURVE('',#3330,#1649,#3332,.T.);
#3330 = VERTEX_POINT('',#3331);
#3331 = CARTESIAN_POINT('',(-0.171995650924,4.453615376E-02,2.00001E-02)
  );
#3332 = B_SPLINE_CURVE_WITH_KNOTS('',1,(#3333,#3334),.UNSPECIFIED.,.F.,
  .F.,(2,2),(0.,1.E-02),.PIECEWISE_BEZIER_KNOTS.);
#3333 = CARTESIAN_POINT('',(-0.171995650924,4.453615376E-02,2.00001E-02)
  );
#3334 = CARTESIAN_POINT('',(-0.171995650924,4.453615376E-02,1.00001E-02)
  );
#3335 = ORIENTED_EDGE('',*,*,#3336,.T.);
#3336 = EDGE_CURVE('',#3330,#3337,#3339,.T.);
#3337 = VERTEX_POINT('',#3338);
#3338 = CARTESIAN_POINT('',(-0.211020041168,-5.546384624E-02,2.00001E-02
    ));
#3339 = B_SPLINE_CURVE_WITH_KNOTS('',1,(#3340,#3341),.UNSPECIFIED.,.F.,
  .F.,(2,2),(0.,0.107344785779),.PIECEWISE_BEZIER_KNOTS.);
#3340 = CARTESIAN_POINT('',(-0.171995650924,4.453615376E-02,2.00001E-02)
  );
#3341 = CARTESIAN_POINT('',(-0.211020041168,-5.546384624E-02,2.00001E-02
    ));
#3342 = ORIENTED_EDGE('',*,*,#3343,.T.);
#3343 = EDGE_CURVE('',#3337,#1656,#3344,.T.);
#3344 = B_SPLINE_CURVE_WITH_KNOTS('',1,(#3345,#3346),.UNSPECIFIED.,.F.,
  .F.,(2,2),(0.,1.E-02),.PIECEWISE_BEZIER_KNOTS.);
#3345 = CARTESIAN_POINT('',(-0.211020041168,-5.546384624E-02,2.00001E-02
    ));
#3346 = CARTESIAN_POINT('',(-0.211020041168,-5.546384624E-02,1.00001E-02
    ));
#3347 = B_SPLINE_SURFACE_WITH_KNOTS('',1,1,(
    (#3348,#3349)
    ,(#3350,#3351
    )),.UNSPECIFIED.,.F.,.F.,.F.,(2,2),(2,2),(-0.107344785779,
    1.371654363519E-17),(-1.E-02,5.777789833162E-34),
  .PIECEWISE_BEZIER_KNOTS.);
#3348 = CARTESIAN_POINT('',(-0.211020041168,-5.546384624E-02,1.00001E-02
    ));
#3349 = CARTESIAN_POINT('',(-0.211020041168,-5.546384624E-02,2.00001E-02
    ));
#3350 = CARTESIAN_POINT('',(-0.171995650924,4.453615376E-02,1.00001E-02)
  );
#3351 = CARTESIAN_POINT('',(-0.171995650924,4.453615376E-02,2.00001E-02)
  );
#3352 = ADVANCED_FACE('',(#3353),#3369,.T.);
#3353 = FACE_BOUND('',#3354,.T.);
#3354 = EDGE_LOOP('',(#3355,#3356,#3357,#3364));
#3355 = ORIENTED_EDGE('',*,*,#1662,.F.);
#3356 = ORIENTED_EDGE('',*,*,#3343,.F.);
#3357 = ORIENTED_EDGE('',*,*,#3358,.T.);
#3358 = EDGE_CURVE('',#3337,#3359,#3361,.T.);
#3359 = VERTEX_POINT('',#3360);
#3360 = CARTESIAN_POINT('',(-0.196385894826,-5.546384624E-02,2.00001E-02
    ));
#3361 = B_SPLINE_CURVE_WITH_KNOTS('',1,(#3362,#3363),.UNSPECIFIED.,.F.,
  .F.,(2,2),(0.,1.463414634146E-02),.PIECEWISE_BEZIER_KNOTS.);
#3362 = CARTESIAN_POINT('',(-0.211020041168,-5.546384624E-02,2.00001E-02
    ));
#3363 = CARTESIAN_POINT('',(-0.196385894826,-5.546384624E-02,2.00001E-02
    ));
#3364 = ORIENTED_EDGE('',*,*,#3365,.T.);
#3365 = EDGE_CURVE('',#3359,#1663,#3366,.T.);
#3366 = B_SPLINE_CURVE_WITH_KNOTS('',1,(#3367,#3368),.UNSPECIFIED.,.F.,
  .F.,(2,2),(0.,1.E-02),.PIECEWISE_BEZIER_KNOTS.);
#3367 = CARTESIAN_POINT('',(-0.196385894826,-5.546384624E-02,2.00001E-02
    ));
#3368 = CARTESIAN_POINT('',(-0.196385894826,-5.546384624E-02,1.00001E-02
    ));
#3369 = B_SPLINE_SURFACE_WITH_KNOTS('',1,1,(
    (#3370,#3371)
    ,(#3372,#3373
    )),.UNSPECIFIED.,.F.,.F.,.F.,(2,2),(2,2),(-1.E-02,0.),(0.,
    1.463414634146E-02),.PIECEWISE_BEZIER_KNOTS.);
#3370 = CARTESIAN_POINT('',(-0.211020041168,-5.546384624E-02,1.00001E-02
    ));
#3371 = CARTESIAN_POINT('',(-0.196385894826,-5.546384624E-02,1.00001E-02
    ));
#3372 = CARTESIAN_POINT('',(-0.211020041168,-5.546384624E-02,2.00001E-02
    ));
#3373 = CARTESIAN_POINT('',(-0.196385894826,-5.546384624E-02,2.00001E-02
    ));
#3374 = ADVANCED_FACE('',(#3375),#3391,.T.);
#3375 = FACE_BOUND('',#3376,.T.);
#3376 = EDGE_LOOP('',(#3377,#3378,#3379,#3386));
#3377 = ORIENTED_EDGE('',*,*,#1669,.F.);
#3378 = ORIENTED_EDGE('',*,*,#3365,.F.);
#3379 = ORIENTED_EDGE('',*,*,#3380,.T.);
#3380 = EDGE_CURVE('',#3359,#3381,#3383,.T.);
#3381 = VERTEX_POINT('',#3382);
#3382 = CARTESIAN_POINT('',(-0.186267754582,-2.741506575219E-02,
    2.00001E-02));
#3383 = B_SPLINE_CURVE_WITH_KNOTS('',1,(#3384,#3385),.UNSPECIFIED.,.F.,
  .F.,(2,2),(0.,2.981796184933E-02),.PIECEWISE_BEZIER_KNOTS.);
#3384 = CARTESIAN_POINT('',(-0.196385894826,-5.546384624E-02,2.00001E-02
    ));
#3385 = CARTESIAN_POINT('',(-0.186267754582,-2.741506575219E-02,
    2.00001E-02));
#3386 = ORIENTED_EDGE('',*,*,#3387,.T.);
#3387 = EDGE_CURVE('',#3381,#1670,#3388,.T.);
#3388 = B_SPLINE_CURVE_WITH_KNOTS('',1,(#3389,#3390),.UNSPECIFIED.,.F.,
  .F.,(2,2),(0.,1.E-02),.PIECEWISE_BEZIER_KNOTS.);
#3389 = CARTESIAN_POINT('',(-0.186267754582,-2.741506575219E-02,
    2.00001E-02));
#3390 = CARTESIAN_POINT('',(-0.186267754582,-2.741506575219E-02,
    1.00001E-02));
#3391 = B_SPLINE_SURFACE_WITH_KNOTS('',1,1,(
    (#3392,#3393)
    ,(#3394,#3395
    )),.UNSPECIFIED.,.F.,.F.,.F.,(2,2),(2,2),(-2.981796184933E-02,
    3.08148791102E-35),(-1.E-02,2.407412430484E-34),
  .PIECEWISE_BEZIER_KNOTS.);
#3392 = CARTESIAN_POINT('',(-0.186267754582,-2.741506575219E-02,
    1.00001E-02));
#3393 = CARTESIAN_POINT('',(-0.186267754582,-2.741506575219E-02,
    2.00001E-02));
#3394 = CARTESIAN_POINT('',(-0.196385894826,-5.546384624E-02,1.00001E-02
    ));
#3395 = CARTESIAN_POINT('',(-0.196385894826,-5.546384624E-02,2.00001E-02
    ));
#3396 = ADVANCED_FACE('',(#3397),#3413,.T.);
#3397 = FACE_BOUND('',#3398,.T.);
#3398 = EDGE_LOOP('',(#3399,#3400,#3401,#3408));
#3399 = ORIENTED_EDGE('',*,*,#1676,.F.);
#3400 = ORIENTED_EDGE('',*,*,#3387,.F.);
#3401 = ORIENTED_EDGE('',*,*,#3402,.T.);
#3402 = EDGE_CURVE('',#3381,#3403,#3405,.T.);
#3403 = VERTEX_POINT('',#3404);
#3404 = CARTESIAN_POINT('',(-0.144956778973,-2.741506575219E-02,
    2.00001E-02));
#3405 = B_SPLINE_CURVE_WITH_KNOTS('',1,(#3406,#3407),.UNSPECIFIED.,.F.,
  .F.,(2,2),(0.,4.131097560976E-02),.PIECEWISE_BEZIER_KNOTS.);
#3406 = CARTESIAN_POINT('',(-0.186267754582,-2.741506575219E-02,
    2.00001E-02));
#3407 = CARTESIAN_POINT('',(-0.144956778973,-2.741506575219E-02,
    2.00001E-02));
#3408 = ORIENTED_EDGE('',*,*,#3409,.T.);
#3409 = EDGE_CURVE('',#3403,#1677,#3410,.T.);
#3410 = B_SPLINE_CURVE_WITH_KNOTS('',1,(#3411,#3412),.UNSPECIFIED.,.F.,
  .F.,(2,2),(0.,1.E-02),.PIECEWISE_BEZIER_KNOTS.);
#3411 = CARTESIAN_POINT('',(-0.144956778973,-2.741506575219E-02,
    2.00001E-02));
#3412 = CARTESIAN_POINT('',(-0.144956778973,-2.741506575219E-02,
    1.00001E-02));
#3413 = B_SPLINE_SURFACE_WITH_KNOTS('',1,1,(
    (#3414,#3415)
    ,(#3416,#3417
    )),.UNSPECIFIED.,.F.,.F.,.F.,(2,2),(2,2),(-1.E-02,0.),(0.,
    4.131097560976E-02),.PIECEWISE_BEZIER_KNOTS.);
#3414 = CARTESIAN_POINT('',(-0.186267754582,-2.741506575219E-02,
    1.00001E-02));
#3415 = CARTESIAN_POINT('',(-0.144956778973,-2.741506575219E-02,
    1.00001E-02));
#3416 = CARTESIAN_POINT('',(-0.186267754582,-2.741506575219E-02,
    2.00001E-02));
#3417 = CARTESIAN_POINT('',(-0.144956778973,-2.741506575219E-02,
    2.00001E-02));
#3418 = ADVANCED_FACE('',(#3419),#3435,.T.);
#3419 = FACE_BOUND('',#3420,.T.);
#3420 = EDGE_LOOP('',(#3421,#3422,#3423,#3430));
#3421 = ORIENTED_EDGE('',*,*,#1683,.F.);
#3422 = ORIENTED_EDGE('',*,*,#3409,.F.);
#3423 = ORIENTED_EDGE('',*,*,#3424,.T.);
#3424 = EDGE_CURVE('',#3403,#3425,#3427,.T.);
#3425 = VERTEX_POINT('',#3426);
#3426 = CARTESIAN_POINT('',(-0.13541028507,-5.546384624E-02,2.00001E-02)
  );
#3427 = B_SPLINE_CURVE_WITH_KNOTS('',1,(#3428,#3429),.UNSPECIFIED.,.F.,
  .F.,(2,2),(0.,2.962886485646E-02),.PIECEWISE_BEZIER_KNOTS.);
#3428 = CARTESIAN_POINT('',(-0.144956778973,-2.741506575219E-02,
    2.00001E-02));
#3429 = CARTESIAN_POINT('',(-0.13541028507,-5.546384624E-02,2.00001E-02)
  );
#3430 = ORIENTED_EDGE('',*,*,#3431,.T.);
#3431 = EDGE_CURVE('',#3425,#1684,#3432,.T.);
#3432 = B_SPLINE_CURVE_WITH_KNOTS('',1,(#3433,#3434),.UNSPECIFIED.,.F.,
  .F.,(2,2),(0.,1.E-02),.PIECEWISE_BEZIER_KNOTS.);
#3433 = CARTESIAN_POINT('',(-0.13541028507,-5.546384624E-02,2.00001E-02)
  );
#3434 = CARTESIAN_POINT('',(-0.13541028507,-5.546384624E-02,1.00001E-02)
  );
#3435 = B_SPLINE_SURFACE_WITH_KNOTS('',1,1,(
    (#3436,#3437)
    ,(#3438,#3439
    )),.UNSPECIFIED.,.F.,.F.,.F.,(2,2),(2,2),(-2.962886485646E-02,
    1.069148450048E-18),(-1.E-02,0.),.PIECEWISE_BEZIER_KNOTS.);
#3436 = CARTESIAN_POINT('',(-0.13541028507,-5.546384624E-02,1.00001E-02)
  );
#3437 = CARTESIAN_POINT('',(-0.13541028507,-5.546384624E-02,2.00001E-02)
  );
#3438 = CARTESIAN_POINT('',(-0.144956778973,-2.741506575219E-02,
    1.00001E-02));
#3439 = CARTESIAN_POINT('',(-0.144956778973,-2.741506575219E-02,
    2.00001E-02));
#3440 = ADVANCED_FACE('',(#3441),#3457,.T.);
#3441 = FACE_BOUND('',#3442,.T.);
#3442 = EDGE_LOOP('',(#3443,#3444,#3445,#3452));
#3443 = ORIENTED_EDGE('',*,*,#1690,.F.);
#3444 = ORIENTED_EDGE('',*,*,#3431,.F.);
#3445 = ORIENTED_EDGE('',*,*,#3446,.T.);
#3446 = EDGE_CURVE('',#3425,#3447,#3449,.T.);
#3447 = VERTEX_POINT('',#3448);
#3448 = CARTESIAN_POINT('',(-0.120776138729,-5.546384624E-02,2.00001E-02
    ));
#3449 = B_SPLINE_CURVE_WITH_KNOTS('',1,(#3450,#3451),.UNSPECIFIED.,.F.,
  .F.,(2,2),(0.,1.463414634146E-02),.PIECEWISE_BEZIER_KNOTS.);
#3450 = CARTESIAN_POINT('',(-0.13541028507,-5.546384624E-02,2.00001E-02)
  );
#3451 = CARTESIAN_POINT('',(-0.120776138729,-5.546384624E-02,2.00001E-02
    ));
#3452 = ORIENTED_EDGE('',*,*,#3453,.T.);
#3453 = EDGE_CURVE('',#3447,#1691,#3454,.T.);
#3454 = B_SPLINE_CURVE_WITH_KNOTS('',1,(#3455,#3456),.UNSPECIFIED.,.F.,
  .F.,(2,2),(0.,1.E-02),.PIECEWISE_BEZIER_KNOTS.);
#3455 = CARTESIAN_POINT('',(-0.120776138729,-5.546384624E-02,2.00001E-02
    ));
#3456 = CARTESIAN_POINT('',(-0.120776138729,-5.546384624E-02,1.00001E-02
    ));
#3457 = B_SPLINE_SURFACE_WITH_KNOTS('',1,1,(
    (#3458,#3459)
    ,(#3460,#3461
    )),.UNSPECIFIED.,.F.,.F.,.F.,(2,2),(2,2),(-1.E-02,0.),(0.,
    1.463414634146E-02),.PIECEWISE_BEZIER_KNOTS.);
#3458 = CARTESIAN_POINT('',(-0.13541028507,-5.546384624E-02,1.00001E-02)
  );
#3459 = CARTESIAN_POINT('',(-0.120776138729,-5.546384624E-02,1.00001E-02
    ));
#3460 = CARTESIAN_POINT('',(-0.13541028507,-5.546384624E-02,2.00001E-02)
  );
#3461 = CARTESIAN_POINT('',(-0.120776138729,-5.546384624E-02,2.00001E-02
    ));
#3462 = ADVANCED_FACE('',(#3463),#3479,.T.);
#3463 = FACE_BOUND('',#3464,.T.);
#3464 = EDGE_LOOP('',(#3465,#3466,#3467,#3474));
#3465 = ORIENTED_EDGE('',*,*,#1697,.F.);
#3466 = ORIENTED_EDGE('',*,*,#3453,.F.);
#3467 = ORIENTED_EDGE('',*,*,#3468,.T.);
#3468 = EDGE_CURVE('',#3447,#3469,#3471,.T.);
#3469 = VERTEX_POINT('',#3470);
#3470 = CARTESIAN_POINT('',(-0.158581016777,4.453615376E-02,2.00001E-02)
  );
#3471 = B_SPLINE_CURVE_WITH_KNOTS('',1,(#3472,#3473),.UNSPECIFIED.,.F.,
  .F.,(2,2),(0.,0.106907477775),.PIECEWISE_BEZIER_KNOTS.);
#3472 = CARTESIAN_POINT('',(-0.120776138729,-5.546384624E-02,2.00001E-02
    ));
#3473 = CARTESIAN_POINT('',(-0.158581016777,4.453615376E-02,2.00001E-02)
  );
#3474 = ORIENTED_EDGE('',*,*,#3475,.T.);
#3475 = EDGE_CURVE('',#3469,#1647,#3476,.T.);
#3476 = B_SPLINE_CURVE_WITH_KNOTS('',1,(#3477,#3478),.UNSPECIFIED.,.F.,
  .F.,(2,2),(0.,1.E-02),.PIECEWISE_BEZIER_KNOTS.);
#3477 = CARTESIAN_POINT('',(-0.158581016777,4.453615376E-02,2.00001E-02)
  );
#3478 = CARTESIAN_POINT('',(-0.158581016777,4.453615376E-02,1.00001E-02)
  );
#3479 = B_SPLINE_SURFACE_WITH_KNOTS('',1,1,(
    (#3480,#3481)
    ,(#3482,#3483
    )),.UNSPECIFIED.,.F.,.F.,.F.,(2,2),(2,2),(-0.106907477775,0.),(
    -1.E-02,3.851859888774E-34),.PIECEWISE_BEZIER_KNOTS.);
#3480 = CARTESIAN_POINT('',(-0.158581016777,4.453615376E-02,1.00001E-02)
  );
#3481 = CARTESIAN_POINT('',(-0.158581016777,4.453615376E-02,2.00001E-02)
  );
#3482 = CARTESIAN_POINT('',(-0.120776138729,-5.546384624E-02,1.00001E-02
    ));
#3483 = CARTESIAN_POINT('',(-0.120776138729,-5.546384624E-02,2.00001E-02
    ));
#3484 = ADVANCED_FACE('',(#3485),#3495,.T.);
#3485 = FACE_BOUND('',#3486,.T.);
#3486 = EDGE_LOOP('',(#3487,#3488,#3489,#3494));
#3487 = ORIENTED_EDGE('',*,*,#1646,.F.);
#3488 = ORIENTED_EDGE('',*,*,#3475,.F.);
#3489 = ORIENTED_EDGE('',*,*,#3490,.T.);
#3490 = EDGE_CURVE('',#3469,#3330,#3491,.T.);
#3491 = B_SPLINE_CURVE_WITH_KNOTS('',1,(#3492,#3493),.UNSPECIFIED.,.F.,
  .F.,(2,2),(0.,1.341463414634E-02),.PIECEWISE_BEZIER_KNOTS.);
#3492 = CARTESIAN_POINT('',(-0.158581016777,4.453615376E-02,2.00001E-02)
  );
#3493 = CARTESIAN_POINT('',(-0.171995650924,4.453615376E-02,2.00001E-02)
  );
#3494 = ORIENTED_EDGE('',*,*,#3329,.T.);
#3495 = B_SPLINE_SURFACE_WITH_KNOTS('',1,1,(
    (#3496,#3497)
    ,(#3498,#3499)),.UNSPECIFIED.,.F.,.F.,.F.,(2,2),(2,2),(0.,1.E-02),(
    -1.341463414634E-02,0.),.PIECEWISE_BEZIER_KNOTS.);
#3496 = CARTESIAN_POINT('',(-0.171995650924,4.453615376E-02,2.00001E-02)
  );
#3497 = CARTESIAN_POINT('',(-0.158581016777,4.453615376E-02,2.00001E-02)
  );
#3498 = CARTESIAN_POINT('',(-0.171995650924,4.453615376E-02,1.00001E-02)
  );
#3499 = CARTESIAN_POINT('',(-0.158581016777,4.453615376E-02,1.00001E-02)
  );
#3500 = ADVANCED_FACE('',(#3501,#3555),#3565,.F.);
#3501 = FACE_BOUND('',#3502,.T.);
#3502 = EDGE_LOOP('',(#3503,#3512,#3519,#3531,#3538,#3550));
#3503 = ORIENTED_EDGE('',*,*,#3504,.F.);
#3504 = EDGE_CURVE('',#3505,#3507,#3509,.T.);
#3505 = VERTEX_POINT('',#3506);
#3506 = CARTESIAN_POINT('',(-0.148329492387,-1.643945599609E-02,
    2.00001E-02));
#3507 = VERTEX_POINT('',#3508);
#3508 = CARTESIAN_POINT('',(-0.181770803363,-1.643945599609E-02,
    2.00001E-02));
#3509 = B_SPLINE_CURVE_WITH_KNOTS('',1,(#3510,#3511),.UNSPECIFIED.,.F.,
  .F.,(2,2),(0.,3.344131097561E-02),.PIECEWISE_BEZIER_KNOTS.);
#3510 = CARTESIAN_POINT('',(-0.148329492387,-1.643945599609E-02,
    2.00001E-02));
#3511 = CARTESIAN_POINT('',(-0.181770803363,-1.643945599609E-02,
    2.00001E-02));
#3512 = ORIENTED_EDGE('',*,*,#3513,.F.);
#3513 = EDGE_CURVE('',#3514,#3505,#3516,.T.);
#3514 = VERTEX_POINT('',#3515);
#3515 = CARTESIAN_POINT('',(-0.163249461899,2.532883668683E-02,
    2.00001E-02));
#3516 = B_SPLINE_CURVE_WITH_KNOTS('',1,(#3517,#3518),.UNSPECIFIED.,.F.,
  .F.,(2,2),(0.,4.435308065841E-02),.PIECEWISE_BEZIER_KNOTS.);
#3517 = CARTESIAN_POINT('',(-0.163249461899,2.532883668683E-02,
    2.00001E-02));
#3518 = CARTESIAN_POINT('',(-0.148329492387,-1.643945599609E-02,
    2.00001E-02));
#3519 = ORIENTED_EDGE('',*,*,#3520,.F.);
#3520 = EDGE_CURVE('',#3521,#3514,#3523,.T.);
#3521 = VERTEX_POINT('',#3522);
#3522 = CARTESIAN_POINT('',(-0.164850071655,3.234103180878E-02,
    2.00001E-02));
#3523 = B_SPLINE_CURVE_WITH_KNOTS('',3,(#3524,#3525,#3526,#3527,#3528,
    #3529,#3530),.UNSPECIFIED.,.F.,.F.,(4,1,1,1,4),(0.,0.300541113159,
    0.567747146484,0.800033613737,1.),.UNSPECIFIED.);
#3524 = CARTESIAN_POINT('',(-0.164850071655,3.234103180878E-02,
    2.00001E-02));
#3525 = CARTESIAN_POINT('',(-0.164733463408,3.162894257996E-02,
    2.00001E-02));
#3526 = CARTESIAN_POINT('',(-0.164513180736,3.028374683135E-02,
    2.00001E-02));
#3527 = CARTESIAN_POINT('',(-0.164141331915,2.839884908562E-02,
    2.00001E-02));
#3528 = CARTESIAN_POINT('',(-0.163727317856,2.676986796329E-02,
    2.00001E-02));
#3529 = CARTESIAN_POINT('',(-0.163400604292,2.578462448751E-02,
    2.00001E-02));
#3530 = CARTESIAN_POINT('',(-0.163249461899,2.532883668683E-02,
    2.00001E-02));
#3531 = ORIENTED_EDGE('',*,*,#3532,.F.);
#3532 = EDGE_CURVE('',#3533,#3521,#3535,.T.);
#3533 = VERTEX_POINT('',#3534);
#3534 = CARTESIAN_POINT('',(-0.165174004582,3.234103180878E-02,
    2.00001E-02));
#3535 = B_SPLINE_CURVE_WITH_KNOTS('',1,(#3536,#3537),.UNSPECIFIED.,.F.,
  .F.,(2,2),(0.,3.239329268293E-04),.PIECEWISE_BEZIER_KNOTS.);
#3536 = CARTESIAN_POINT('',(-0.165174004582,3.234103180878E-02,
    2.00001E-02));
#3537 = CARTESIAN_POINT('',(-0.164850071655,3.234103180878E-02,
    2.00001E-02));
#3538 = ORIENTED_EDGE('',*,*,#3539,.F.);
#3539 = EDGE_CURVE('',#3540,#3533,#3542,.T.);
#3540 = VERTEX_POINT('',#3541);
#3541 = CARTESIAN_POINT('',(-0.166717449704,2.532883668683E-02,
    2.00001E-02));
#3542 = B_SPLINE_CURVE_WITH_KNOTS('',3,(#3543,#3544,#3545,#3546,#3547,
    #3548,#3549),.UNSPECIFIED.,.F.,.F.,(4,1,1,1,4),(0.,0.174481715317,
    0.398285759128,0.673897847399,1.),.UNSPECIFIED.);
#3543 = CARTESIAN_POINT('',(-0.166717449704,2.532883668683E-02,
    2.00001E-02));
#3544 = CARTESIAN_POINT('',(-0.166592659192,2.572782013214E-02,
    2.00001E-02));
#3545 = CARTESIAN_POINT('',(-0.166307802502,2.663857129083E-02,
    2.00001E-02));
#3546 = CARTESIAN_POINT('',(-0.165934521705,2.821047724822E-02,
    2.00001E-02));
#3547 = CARTESIAN_POINT('',(-0.16556854331,3.015384244614E-02,
    2.00001E-02));
#3548 = CARTESIAN_POINT('',(-0.165312674183,3.157229441168E-02,
    2.00001E-02));
#3549 = CARTESIAN_POINT('',(-0.165174004582,3.234103180878E-02,
    2.00001E-02));
#3550 = ORIENTED_EDGE('',*,*,#3551,.F.);
#3551 = EDGE_CURVE('',#3507,#3540,#3552,.T.);
#3552 = B_SPLINE_CURVE_WITH_KNOTS('',1,(#3553,#3554),.UNSPECIFIED.,.F.,
  .F.,(2,2),(0.,4.439812755078E-02),.PIECEWISE_BEZIER_KNOTS.);
#3553 = CARTESIAN_POINT('',(-0.181770803363,-1.643945599609E-02,
    2.00001E-02));
#3554 = CARTESIAN_POINT('',(-0.166717449704,2.532883668683E-02,
    2.00001E-02));
#3555 = FACE_BOUND('',#3556,.T.);
#3556 = EDGE_LOOP('',(#3557,#3558,#3559,#3560,#3561,#3562,#3563,#3564));
#3557 = ORIENTED_EDGE('',*,*,#3336,.F.);
#3558 = ORIENTED_EDGE('',*,*,#3490,.F.);
#3559 = ORIENTED_EDGE('',*,*,#3468,.F.);
#3560 = ORIENTED_EDGE('',*,*,#3446,.F.);
#3561 = ORIENTED_EDGE('',*,*,#3424,.F.);
#3562 = ORIENTED_EDGE('',*,*,#3402,.F.);
#3563 = ORIENTED_EDGE('',*,*,#3380,.F.);
#3564 = ORIENTED_EDGE('',*,*,#3358,.F.);
#3565 = B_SPLINE_SURFACE_WITH_KNOTS('',1,1,(
    (#3566,#3567)
    ,(#3568,#3569
    )),.UNSPECIFIED.,.F.,.F.,.F.,(2,2),(2,2),(-0.211020041168,
    -0.120776138729),(-5.546384624E-02,4.453615376E-02),
  .PIECEWISE_BEZIER_KNOTS.);
#3566 = CARTESIAN_POINT('',(-0.211020041168,-5.546384624E-02,2.00001E-02
    ));
#3567 = CARTESIAN_POINT('',(-0.211020041168,4.453615376E-02,2.00001E-02)
  );
#3568 = CARTESIAN_POINT('',(-0.120776138729,-5.546384624E-02,2.00001E-02
    ));
#3569 = CARTESIAN_POINT('',(-0.120776138729,4.453615376E-02,2.00001E-02)
  );
#3570 = ADVANCED_FACE('',(#3571),#3593,.T.);
#3571 = FACE_BOUND('',#3572,.T.);
#3572 = EDGE_LOOP('',(#3573,#3582,#3587,#3588));
#3573 = ORIENTED_EDGE('',*,*,#3574,.F.);
#3574 = EDGE_CURVE('',#3575,#3577,#3579,.T.);
#3575 = VERTEX_POINT('',#3576);
#3576 = CARTESIAN_POINT('',(-0.148329492387,-1.643945599609E-02,
    1.00001E-02));
#3577 = VERTEX_POINT('',#3578);
#3578 = CARTESIAN_POINT('',(-0.181770803363,-1.643945599609E-02,
    1.00001E-02));
#3579 = B_SPLINE_CURVE_WITH_KNOTS('',1,(#3580,#3581),.UNSPECIFIED.,.F.,
  .F.,(2,2),(0.,3.344131097561E-02),.PIECEWISE_BEZIER_KNOTS.);
#3580 = CARTESIAN_POINT('',(-0.148329492387,-1.643945599609E-02,
    1.00001E-02));
#3581 = CARTESIAN_POINT('',(-0.181770803363,-1.643945599609E-02,
    1.00001E-02));
#3582 = ORIENTED_EDGE('',*,*,#3583,.F.);
#3583 = EDGE_CURVE('',#3505,#3575,#3584,.T.);
#3584 = B_SPLINE_CURVE_WITH_KNOTS('',1,(#3585,#3586),.UNSPECIFIED.,.F.,
  .F.,(2,2),(0.,1.E-02),.PIECEWISE_BEZIER_KNOTS.);
#3585 = CARTESIAN_POINT('',(-0.148329492387,-1.643945599609E-02,
    2.00001E-02));
#3586 = CARTESIAN_POINT('',(-0.148329492387,-1.643945599609E-02,
    1.00001E-02));
#3587 = ORIENTED_EDGE('',*,*,#3504,.T.);
#3588 = ORIENTED_EDGE('',*,*,#3589,.T.);
#3589 = EDGE_CURVE('',#3507,#3577,#3590,.T.);
#3590 = B_SPLINE_CURVE_WITH_KNOTS('',1,(#3591,#3592),.UNSPECIFIED.,.F.,
  .F.,(2,2),(0.,1.E-02),.PIECEWISE_BEZIER_KNOTS.);
#3591 = CARTESIAN_POINT('',(-0.181770803363,-1.643945599609E-02,
    2.00001E-02));
#3592 = CARTESIAN_POINT('',(-0.181770803363,-1.643945599609E-02,
    1.00001E-02));
#3593 = B_SPLINE_SURFACE_WITH_KNOTS('',1,1,(
    (#3594,#3595)
    ,(#3596,#3597)),.UNSPECIFIED.,.F.,.F.,.F.,(2,2),(2,2),(0.,1.E-02),(
    -3.344131097561E-02,0.),.PIECEWISE_BEZIER_KNOTS.);
#3594 = CARTESIAN_POINT('',(-0.181770803363,-1.643945599609E-02,
    2.00001E-02));
#3595 = CARTESIAN_POINT('',(-0.148329492387,-1.643945599609E-02,
    2.00001E-02));
#3596 = CARTESIAN_POINT('',(-0.181770803363,-1.643945599609E-02,
    1.00001E-02));
#3597 = CARTESIAN_POINT('',(-0.148329492387,-1.643945599609E-02,
    1.00001E-02));
#3598 = ADVANCED_FACE('',(#3599),#3615,.T.);
#3599 = FACE_BOUND('',#3600,.T.);
#3600 = EDGE_LOOP('',(#3601,#3608,#3613,#3614));
#3601 = ORIENTED_EDGE('',*,*,#3602,.F.);
#3602 = EDGE_CURVE('',#3603,#3575,#3605,.T.);
#3603 = VERTEX_POINT('',#3604);
#3604 = CARTESIAN_POINT('',(-0.163249461899,2.532883668683E-02,
    1.00001E-02));
#3605 = B_SPLINE_CURVE_WITH_KNOTS('',1,(#3606,#3607),.UNSPECIFIED.,.F.,
  .F.,(2,2),(0.,4.435308065841E-02),.PIECEWISE_BEZIER_KNOTS.);
#3606 = CARTESIAN_POINT('',(-0.163249461899,2.532883668683E-02,
    1.00001E-02));
#3607 = CARTESIAN_POINT('',(-0.148329492387,-1.643945599609E-02,
    1.00001E-02));
#3608 = ORIENTED_EDGE('',*,*,#3609,.F.);
#3609 = EDGE_CURVE('',#3514,#3603,#3610,.T.);
#3610 = B_SPLINE_CURVE_WITH_KNOTS('',1,(#3611,#3612),.UNSPECIFIED.,.F.,
  .F.,(2,2),(0.,1.E-02),.PIECEWISE_BEZIER_KNOTS.);
#3611 = CARTESIAN_POINT('',(-0.163249461899,2.532883668683E-02,
    2.00001E-02));
#3612 = CARTESIAN_POINT('',(-0.163249461899,2.532883668683E-02,
    1.00001E-02));
#3613 = ORIENTED_EDGE('',*,*,#3513,.T.);
#3614 = ORIENTED_EDGE('',*,*,#3583,.T.);
#3615 = B_SPLINE_SURFACE_WITH_KNOTS('',1,1,(
    (#3616,#3617)
    ,(#3618,#3619
    )),.UNSPECIFIED.,.F.,.F.,.F.,(2,2),(2,2),(-4.435308065841E-02,
    1.063559946015E-18),(-1.E-02,0.),.PIECEWISE_BEZIER_KNOTS.);
#3616 = CARTESIAN_POINT('',(-0.148329492387,-1.643945599609E-02,
    1.00001E-02));
#3617 = CARTESIAN_POINT('',(-0.148329492387,-1.643945599609E-02,
    2.00001E-02));
#3618 = CARTESIAN_POINT('',(-0.163249461899,2.532883668683E-02,
    1.00001E-02));
#3619 = CARTESIAN_POINT('',(-0.163249461899,2.532883668683E-02,
    2.00001E-02));
#3620 = ADVANCED_FACE('',(#3621),#3642,.T.);
#3621 = FACE_BOUND('',#3622,.T.);
#3622 = EDGE_LOOP('',(#3623,#3635,#3640,#3641));
#3623 = ORIENTED_EDGE('',*,*,#3624,.F.);
#3624 = EDGE_CURVE('',#3625,#3603,#3627,.T.);
#3625 = VERTEX_POINT('',#3626);
#3626 = CARTESIAN_POINT('',(-0.164850071655,3.234103180878E-02,
    1.00001E-02));
#3627 = B_SPLINE_CURVE_WITH_KNOTS('',3,(#3628,#3629,#3630,#3631,#3632,
    #3633,#3634),.UNSPECIFIED.,.F.,.F.,(4,1,1,1,4),(0.,0.300541113159,
    0.567747146484,0.800033613737,1.),.UNSPECIFIED.);
#3628 = CARTESIAN_POINT('',(-0.164850071655,3.234103180878E-02,
    1.00001E-02));
#3629 = CARTESIAN_POINT('',(-0.164733463408,3.162894257996E-02,
    1.00001E-02));
#3630 = CARTESIAN_POINT('',(-0.164513180736,3.028374683135E-02,
    1.00001E-02));
#3631 = CARTESIAN_POINT('',(-0.164141331915,2.839884908562E-02,
    1.00001E-02));
#3632 = CARTESIAN_POINT('',(-0.163727317856,2.676986796329E-02,
    1.00001E-02));
#3633 = CARTESIAN_POINT('',(-0.163400604292,2.578462448751E-02,
    1.00001E-02));
#3634 = CARTESIAN_POINT('',(-0.163249461899,2.532883668683E-02,
    1.00001E-02));
#3635 = ORIENTED_EDGE('',*,*,#3636,.F.);
#3636 = EDGE_CURVE('',#3521,#3625,#3637,.T.);
#3637 = B_SPLINE_CURVE_WITH_KNOTS('',1,(#3638,#3639),.UNSPECIFIED.,.F.,
  .F.,(2,2),(0.,1.E-02),.PIECEWISE_BEZIER_KNOTS.);
#3638 = CARTESIAN_POINT('',(-0.164850071655,3.234103180878E-02,
    2.00001E-02));
#3639 = CARTESIAN_POINT('',(-0.164850071655,3.234103180878E-02,
    1.00001E-02));
#3640 = ORIENTED_EDGE('',*,*,#3520,.T.);
#3641 = ORIENTED_EDGE('',*,*,#3609,.T.);
#3642 = B_SPLINE_SURFACE_WITH_KNOTS('',3,1,(
    (#3643,#3644)
    ,(#3645,#3646)
    ,(#3647,#3648)
    ,(#3649,#3650)
    ,(#3651,#3652)
    ,(#3653,#3654)
    ,(#3655,#3656
    )),.UNSPECIFIED.,.F.,.F.,.F.,(4,1,1,1,4),(2,2),(0.,0.300541113159,
    0.567747146484,0.800033613737,1.),(0.,1.),.UNSPECIFIED.);
#3643 = CARTESIAN_POINT('',(-0.164850071655,3.234103180878E-02,
    2.00001E-02));
#3644 = CARTESIAN_POINT('',(-0.164850071655,3.234103180878E-02,
    1.00001E-02));
#3645 = CARTESIAN_POINT('',(-0.164733463408,3.162894257996E-02,
    2.00001E-02));
#3646 = CARTESIAN_POINT('',(-0.164733463408,3.162894257996E-02,
    1.00001E-02));
#3647 = CARTESIAN_POINT('',(-0.164513180736,3.028374683135E-02,
    2.00001E-02));
#3648 = CARTESIAN_POINT('',(-0.164513180736,3.028374683135E-02,
    1.00001E-02));
#3649 = CARTESIAN_POINT('',(-0.164141331915,2.839884908562E-02,
    2.00001E-02));
#3650 = CARTESIAN_POINT('',(-0.164141331915,2.839884908562E-02,
    1.00001E-02));
#3651 = CARTESIAN_POINT('',(-0.163727317856,2.676986796329E-02,
    2.00001E-02));
#3652 = CARTESIAN_POINT('',(-0.163727317856,2.676986796329E-02,
    1.00001E-02));
#3653 = CARTESIAN_POINT('',(-0.163400604292,2.578462448751E-02,
    2.00001E-02));
#3654 = CARTESIAN_POINT('',(-0.163400604292,2.578462448751E-02,
    1.00001E-02));
#3655 = CARTESIAN_POINT('',(-0.163249461899,2.532883668683E-02,
    2.00001E-02));
#3656 = CARTESIAN_POINT('',(-0.163249461899,2.532883668683E-02,
    1.00001E-02));
#3657 = ADVANCED_FACE('',(#3658),#3674,.T.);
#3658 = FACE_BOUND('',#3659,.T.);
#3659 = EDGE_LOOP('',(#3660,#3667,#3672,#3673));
#3660 = ORIENTED_EDGE('',*,*,#3661,.F.);
#3661 = EDGE_CURVE('',#3662,#3625,#3664,.T.);
#3662 = VERTEX_POINT('',#3663);
#3663 = CARTESIAN_POINT('',(-0.165174004582,3.234103180878E-02,
    1.00001E-02));
#3664 = B_SPLINE_CURVE_WITH_KNOTS('',1,(#3665,#3666),.UNSPECIFIED.,.F.,
  .F.,(2,2),(0.,3.239329268293E-04),.PIECEWISE_BEZIER_KNOTS.);
#3665 = CARTESIAN_POINT('',(-0.165174004582,3.234103180878E-02,
    1.00001E-02));
#3666 = CARTESIAN_POINT('',(-0.164850071655,3.234103180878E-02,
    1.00001E-02));
#3667 = ORIENTED_EDGE('',*,*,#3668,.F.);
#3668 = EDGE_CURVE('',#3533,#3662,#3669,.T.);
#3669 = B_SPLINE_CURVE_WITH_KNOTS('',1,(#3670,#3671),.UNSPECIFIED.,.F.,
  .F.,(2,2),(0.,1.E-02),.PIECEWISE_BEZIER_KNOTS.);
#3670 = CARTESIAN_POINT('',(-0.165174004582,3.234103180878E-02,
    2.00001E-02));
#3671 = CARTESIAN_POINT('',(-0.165174004582,3.234103180878E-02,
    1.00001E-02));
#3672 = ORIENTED_EDGE('',*,*,#3532,.T.);
#3673 = ORIENTED_EDGE('',*,*,#3636,.T.);
#3674 = B_SPLINE_SURFACE_WITH_KNOTS('',1,1,(
    (#3675,#3676)
    ,(#3677,#3678
    )),.UNSPECIFIED.,.F.,.F.,.F.,(2,2),(2,2),(-1.E-02,0.),(0.,
    3.239329268293E-04),.PIECEWISE_BEZIER_KNOTS.);
#3675 = CARTESIAN_POINT('',(-0.165174004582,3.234103180878E-02,
    1.00001E-02));
#3676 = CARTESIAN_POINT('',(-0.164850071655,3.234103180878E-02,
    1.00001E-02));
#3677 = CARTESIAN_POINT('',(-0.165174004582,3.234103180878E-02,
    2.00001E-02));
#3678 = CARTESIAN_POINT('',(-0.164850071655,3.234103180878E-02,
    2.00001E-02));
#3679 = ADVANCED_FACE('',(#3680),#3701,.T.);
#3680 = FACE_BOUND('',#3681,.T.);
#3681 = EDGE_LOOP('',(#3682,#3694,#3699,#3700));
#3682 = ORIENTED_EDGE('',*,*,#3683,.F.);
#3683 = EDGE_CURVE('',#3684,#3662,#3686,.T.);
#3684 = VERTEX_POINT('',#3685);
#3685 = CARTESIAN_POINT('',(-0.166717449704,2.532883668683E-02,
    1.00001E-02));
#3686 = B_SPLINE_CURVE_WITH_KNOTS('',3,(#3687,#3688,#3689,#3690,#3691,
    #3692,#3693),.UNSPECIFIED.,.F.,.F.,(4,1,1,1,4),(0.,0.174481715317,
    0.398285759128,0.673897847399,1.),.UNSPECIFIED.);
#3687 = CARTESIAN_POINT('',(-0.166717449704,2.532883668683E-02,
    1.00001E-02));
#3688 = CARTESIAN_POINT('',(-0.166592659192,2.572782013214E-02,
    1.00001E-02));
#3689 = CARTESIAN_POINT('',(-0.166307802502,2.663857129083E-02,
    1.00001E-02));
#3690 = CARTESIAN_POINT('',(-0.165934521705,2.821047724822E-02,
    1.00001E-02));
#3691 = CARTESIAN_POINT('',(-0.16556854331,3.015384244614E-02,
    1.00001E-02));
#3692 = CARTESIAN_POINT('',(-0.165312674183,3.157229441168E-02,
    1.00001E-02));
#3693 = CARTESIAN_POINT('',(-0.165174004582,3.234103180878E-02,
    1.00001E-02));
#3694 = ORIENTED_EDGE('',*,*,#3695,.F.);
#3695 = EDGE_CURVE('',#3540,#3684,#3696,.T.);
#3696 = B_SPLINE_CURVE_WITH_KNOTS('',1,(#3697,#3698),.UNSPECIFIED.,.F.,
  .F.,(2,2),(0.,1.E-02),.PIECEWISE_BEZIER_KNOTS.);
#3697 = CARTESIAN_POINT('',(-0.166717449704,2.532883668683E-02,
    2.00001E-02));
#3698 = CARTESIAN_POINT('',(-0.166717449704,2.532883668683E-02,
    1.00001E-02));
#3699 = ORIENTED_EDGE('',*,*,#3539,.T.);
#3700 = ORIENTED_EDGE('',*,*,#3668,.T.);
#3701 = B_SPLINE_SURFACE_WITH_KNOTS('',3,1,(
    (#3702,#3703)
    ,(#3704,#3705)
    ,(#3706,#3707)
    ,(#3708,#3709)
    ,(#3710,#3711)
    ,(#3712,#3713)
    ,(#3714,#3715
    )),.UNSPECIFIED.,.F.,.F.,.F.,(4,1,1,1,4),(2,2),(0.,0.174481715317,
    0.398285759128,0.673897847399,1.),(0.,1.),.UNSPECIFIED.);
#3702 = CARTESIAN_POINT('',(-0.166717449704,2.532883668683E-02,
    2.00001E-02));
#3703 = CARTESIAN_POINT('',(-0.166717449704,2.532883668683E-02,
    1.00001E-02));
#3704 = CARTESIAN_POINT('',(-0.166592659192,2.572782013214E-02,
    2.00001E-02));
#3705 = CARTESIAN_POINT('',(-0.166592659192,2.572782013214E-02,
    1.00001E-02));
#3706 = CARTESIAN_POINT('',(-0.166307802502,2.663857129083E-02,
    2.00001E-02));
#3707 = CARTESIAN_POINT('',(-0.166307802502,2.663857129083E-02,
    1.00001E-02));
#3708 = CARTESIAN_POINT('',(-0.165934521705,2.821047724822E-02,
    2.00001E-02));
#3709 = CARTESIAN_POINT('',(-0.165934521705,2.821047724822E-02,
    1.00001E-02));
#3710 = CARTESIAN_POINT('',(-0.16556854331,3.015384244614E-02,
    2.00001E-02));
#3711 = CARTESIAN_POINT('',(-0.16556854331,3.015384244614E-02,
    1.00001E-02));
#3712 = CARTESIAN_POINT('',(-0.165312674183,3.157229441168E-02,
    2.00001E-02));
#3713 = CARTESIAN_POINT('',(-0.165312674183,3.157229441168E-02,
    1.00001E-02));
#3714 = CARTESIAN_POINT('',(-0.165174004582,3.234103180878E-02,
    2.00001E-02));
#3715 = CARTESIAN_POINT('',(-0.165174004582,3.234103180878E-02,
    1.00001E-02));
#3716 = ADVANCED_FACE('',(#3717),#3727,.T.);
#3717 = FACE_BOUND('',#3718,.T.);
#3718 = EDGE_LOOP('',(#3719,#3724,#3725,#3726));
#3719 = ORIENTED_EDGE('',*,*,#3720,.F.);
#3720 = EDGE_CURVE('',#3577,#3684,#3721,.T.);
#3721 = B_SPLINE_CURVE_WITH_KNOTS('',1,(#3722,#3723),.UNSPECIFIED.,.F.,
  .F.,(2,2),(1.920245672465E-17,4.439812755078E-02),
  .PIECEWISE_BEZIER_KNOTS.);
#3722 = CARTESIAN_POINT('',(-0.181770803363,-1.643945599609E-02,
    1.00001E-02));
#3723 = CARTESIAN_POINT('',(-0.166717449704,2.532883668683E-02,
    1.00001E-02));
#3724 = ORIENTED_EDGE('',*,*,#3589,.F.);
#3725 = ORIENTED_EDGE('',*,*,#3551,.T.);
#3726 = ORIENTED_EDGE('',*,*,#3695,.T.);
#3727 = B_SPLINE_SURFACE_WITH_KNOTS('',1,1,(
    (#3728,#3729)
    ,(#3730,#3731
    )),.UNSPECIFIED.,.F.,.F.,.F.,(2,2),(2,2),(-4.439812755078E-02,0.),(
    -1.E-02,3.851859888774E-34),.PIECEWISE_BEZIER_KNOTS.);
#3728 = CARTESIAN_POINT('',(-0.166717449704,2.532883668683E-02,
    1.00001E-02));
#3729 = CARTESIAN_POINT('',(-0.166717449704,2.532883668683E-02,
    2.00001E-02));
#3730 = CARTESIAN_POINT('',(-0.181770803363,-1.643945599609E-02,
    1.00001E-02));
#3731 = CARTESIAN_POINT('',(-0.181770803363,-1.643945599609E-02,
    2.00001E-02));
#3732 = ADVANCED_FACE('',(#3733),#3755,.T.);
#3733 = FACE_BOUND('',#3734,.T.);
#3734 = EDGE_LOOP('',(#3735,#3736,#3743,#3750));
#3735 = ORIENTED_EDGE('',*,*,#1730,.F.);
#3736 = ORIENTED_EDGE('',*,*,#3737,.F.);
#3737 = EDGE_CURVE('',#3738,#1707,#3740,.T.);
#3738 = VERTEX_POINT('',#3739);
#3739 = CARTESIAN_POINT('',(-6.016257165545E-02,-5.546384624E-02,
    2.00001E-02));
#3740 = B_SPLINE_CURVE_WITH_KNOTS('',1,(#3741,#3742),.UNSPECIFIED.,.F.,
  .F.,(2,2),(0.,1.E-02),.PIECEWISE_BEZIER_KNOTS.);
#3741 = CARTESIAN_POINT('',(-6.016257165545E-02,-5.546384624E-02,
    2.00001E-02));
#3742 = CARTESIAN_POINT('',(-6.016257165545E-02,-5.546384624E-02,
    1.00001E-02));
#3743 = ORIENTED_EDGE('',*,*,#3744,.T.);
#3744 = EDGE_CURVE('',#3738,#3745,#3747,.T.);
#3745 = VERTEX_POINT('',#3746);
#3746 = CARTESIAN_POINT('',(-3.297126067984E-02,-5.546384624E-02,
    2.00001E-02));
#3747 = B_SPLINE_CURVE_WITH_KNOTS('',1,(#3748,#3749),.UNSPECIFIED.,.F.,
  .F.,(2,2),(0.,2.719131097561E-02),.PIECEWISE_BEZIER_KNOTS.);
#3748 = CARTESIAN_POINT('',(-6.016257165545E-02,-5.546384624E-02,
    2.00001E-02));
#3749 = CARTESIAN_POINT('',(-3.297126067984E-02,-5.546384624E-02,
    2.00001E-02));
#3750 = ORIENTED_EDGE('',*,*,#3751,.T.);
#3751 = EDGE_CURVE('',#3745,#1731,#3752,.T.);
#3752 = B_SPLINE_CURVE_WITH_KNOTS('',1,(#3753,#3754),.UNSPECIFIED.,.F.,
  .F.,(2,2),(0.,1.E-02),.PIECEWISE_BEZIER_KNOTS.);
#3753 = CARTESIAN_POINT('',(-3.297126067984E-02,-5.546384624E-02,
    2.00001E-02));
#3754 = CARTESIAN_POINT('',(-3.297126067984E-02,-5.546384624E-02,
    1.00001E-02));
#3755 = B_SPLINE_SURFACE_WITH_KNOTS('',1,1,(
    (#3756,#3757)
    ,(#3758,#3759
    )),.UNSPECIFIED.,.F.,.F.,.F.,(2,2),(2,2),(-1.E-02,0.),(0.,
    2.719131097561E-02),.PIECEWISE_BEZIER_KNOTS.);
#3756 = CARTESIAN_POINT('',(-6.016257165545E-02,-5.546384624E-02,
    1.00001E-02));
#3757 = CARTESIAN_POINT('',(-3.297126067984E-02,-5.546384624E-02,
    1.00001E-02));
#3758 = CARTESIAN_POINT('',(-6.016257165545E-02,-5.546384624E-02,
    2.00001E-02));
#3759 = CARTESIAN_POINT('',(-3.297126067984E-02,-5.546384624E-02,
    2.00001E-02));
#3760 = ADVANCED_FACE('',(#3761),#3777,.T.);
#3761 = FACE_BOUND('',#3762,.T.);
#3762 = EDGE_LOOP('',(#3763,#3764,#3765,#3772));
#3763 = ORIENTED_EDGE('',*,*,#1737,.F.);
#3764 = ORIENTED_EDGE('',*,*,#3751,.F.);
#3765 = ORIENTED_EDGE('',*,*,#3766,.T.);
#3766 = EDGE_CURVE('',#3745,#3767,#3769,.T.);
#3767 = VERTEX_POINT('',#3768);
#3768 = CARTESIAN_POINT('',(-3.297126067984E-02,4.453615376E-02,
    2.00001E-02));
#3769 = B_SPLINE_CURVE_WITH_KNOTS('',1,(#3770,#3771),.UNSPECIFIED.,.F.,
  .F.,(2,2),(0.,0.1),.PIECEWISE_BEZIER_KNOTS.);
#3770 = CARTESIAN_POINT('',(-3.297126067984E-02,-5.546384624E-02,
    2.00001E-02));
#3771 = CARTESIAN_POINT('',(-3.297126067984E-02,4.453615376E-02,
    2.00001E-02));
#3772 = ORIENTED_EDGE('',*,*,#3773,.T.);
#3773 = EDGE_CURVE('',#3767,#1738,#3774,.T.);
#3774 = B_SPLINE_CURVE_WITH_KNOTS('',1,(#3775,#3776),.UNSPECIFIED.,.F.,
  .F.,(2,2),(0.,1.E-02),.PIECEWISE_BEZIER_KNOTS.);
#3775 = CARTESIAN_POINT('',(-3.297126067984E-02,4.453615376E-02,
    2.00001E-02));
#3776 = CARTESIAN_POINT('',(-3.297126067984E-02,4.453615376E-02,
    1.00001E-02));
#3777 = B_SPLINE_SURFACE_WITH_KNOTS('',1,1,(
    (#3778,#3779)
    ,(#3780,#3781
    )),.UNSPECIFIED.,.F.,.F.,.F.,(2,2),(2,2),(-1.E-02,0.),(0.,0.1),
  .PIECEWISE_BEZIER_KNOTS.);
#3778 = CARTESIAN_POINT('',(-3.297126067984E-02,-5.546384624E-02,
    1.00001E-02));
#3779 = CARTESIAN_POINT('',(-3.297126067984E-02,4.453615376E-02,
    1.00001E-02));
#3780 = CARTESIAN_POINT('',(-3.297126067984E-02,-5.546384624E-02,
    2.00001E-02));
#3781 = CARTESIAN_POINT('',(-3.297126067984E-02,4.453615376E-02,
    2.00001E-02));
#3782 = ADVANCED_FACE('',(#3783),#3799,.T.);
#3783 = FACE_BOUND('',#3784,.T.);
#3784 = EDGE_LOOP('',(#3785,#3786,#3787,#3794));
#3785 = ORIENTED_EDGE('',*,*,#1744,.F.);
#3786 = ORIENTED_EDGE('',*,*,#3773,.F.);
#3787 = ORIENTED_EDGE('',*,*,#3788,.T.);
#3788 = EDGE_CURVE('',#3767,#3789,#3791,.T.);
#3789 = VERTEX_POINT('',#3790);
#3790 = CARTESIAN_POINT('',(-6.119153507008E-02,4.453615376E-02,
    2.00001E-02));
#3791 = B_SPLINE_CURVE_WITH_KNOTS('',1,(#3792,#3793),.UNSPECIFIED.,.F.,
  .F.,(2,2),(0.,2.822027439024E-02),.PIECEWISE_BEZIER_KNOTS.);
#3792 = CARTESIAN_POINT('',(-3.297126067984E-02,4.453615376E-02,
    2.00001E-02));
#3793 = CARTESIAN_POINT('',(-6.119153507008E-02,4.453615376E-02,
    2.00001E-02));
#3794 = ORIENTED_EDGE('',*,*,#3795,.T.);
#3795 = EDGE_CURVE('',#3789,#1745,#3796,.T.);
#3796 = B_SPLINE_CURVE_WITH_KNOTS('',1,(#3797,#3798),.UNSPECIFIED.,.F.,
  .F.,(2,2),(0.,1.E-02),.PIECEWISE_BEZIER_KNOTS.);
#3797 = CARTESIAN_POINT('',(-6.119153507008E-02,4.453615376E-02,
    2.00001E-02));
#3798 = CARTESIAN_POINT('',(-6.119153507008E-02,4.453615376E-02,
    1.00001E-02));
#3799 = B_SPLINE_SURFACE_WITH_KNOTS('',1,1,(
    (#3800,#3801)
    ,(#3802,#3803)),.UNSPECIFIED.,.F.,.F.,.F.,(2,2),(2,2),(0.,1.E-02),(
    -2.822027439024E-02,0.),.PIECEWISE_BEZIER_KNOTS.);
#3800 = CARTESIAN_POINT('',(-6.119153507008E-02,4.453615376E-02,
    2.00001E-02));
#3801 = CARTESIAN_POINT('',(-3.297126067984E-02,4.453615376E-02,
    2.00001E-02));
#3802 = CARTESIAN_POINT('',(-6.119153507008E-02,4.453615376E-02,
    1.00001E-02));
#3803 = CARTESIAN_POINT('',(-3.297126067984E-02,4.453615376E-02,
    1.00001E-02));
#3804 = ADVANCED_FACE('',(#3805),#3838,.T.);
#3805 = FACE_BOUND('',#3806,.T.);
#3806 = EDGE_LOOP('',(#3807,#3808,#3809,#3833));
#3807 = ORIENTED_EDGE('',*,*,#1751,.F.);
#3808 = ORIENTED_EDGE('',*,*,#3795,.F.);
#3809 = ORIENTED_EDGE('',*,*,#3810,.T.);
#3810 = EDGE_CURVE('',#3789,#3811,#3813,.T.);
#3811 = VERTEX_POINT('',#3812);
#3812 = CARTESIAN_POINT('',(-0.113459065558,-4.206224288777E-03,
    2.00001E-02));
#3813 = B_SPLINE_CURVE_WITH_KNOTS('',3,(#3814,#3815,#3816,#3817,#3818,
    #3819,#3820,#3821,#3822,#3823,#3824,#3825,#3826,#3827,#3828,#3829,
    #3830,#3831,#3832),.UNSPECIFIED.,.F.,.F.,(4,1,1,1,1,1,1,1,1,1,1,1,1,
    1,1,1,4),(0.,6.86311786766E-02,0.134566466039,0.198328154011,
    0.260789766641,0.321999151484,0.382721746503,0.443537474036,
    0.505133429485,0.566213874765,0.626105864618,0.685349322161,
    0.744995870348,0.805415841815,0.867636266346,0.932307782302,1.),
  .UNSPECIFIED.);
#3814 = CARTESIAN_POINT('',(-6.119153507008E-02,4.453615376E-02,
    2.00001E-02));
#3815 = CARTESIAN_POINT('',(-6.302872147672E-02,4.449520456475E-02,
    2.00001E-02));
#3816 = CARTESIAN_POINT('',(-6.663092803884E-02,4.441491469359E-02,
    2.00001E-02));
#3817 = CARTESIAN_POINT('',(-7.191334245746E-02,4.38050191693E-02,
    2.00001E-02));
#3818 = CARTESIAN_POINT('',(-7.695292675844E-02,4.274665218842E-02,
    2.00001E-02));
#3819 = CARTESIAN_POINT('',(-8.176353946149E-02,4.130280231546E-02,
    2.00001E-02));
#3820 = CARTESIAN_POINT('',(-8.635075286635E-02,3.945829986094E-02,
    2.00001E-02));
#3821 = CARTESIAN_POINT('',(-9.067135164684E-02,3.714763068842E-02,
    2.00001E-02));
#3822 = CARTESIAN_POINT('',(-9.47727420523E-02,3.445110182852E-02,
    2.00001E-02));
#3823 = CARTESIAN_POINT('',(-9.860155329907E-02,3.136286500014E-02,
    2.00001E-02));
#3824 = CARTESIAN_POINT('',(-0.102091380855,2.792904955135E-02,
    2.00001E-02));
#3825 = CARTESIAN_POINT('',(-0.105133592946,2.417358218505E-02,
    2.00001E-02));
#3826 = CARTESIAN_POINT('',(-0.10773819898,2.014669172476E-02,
    2.00001E-02));
#3827 = CARTESIAN_POINT('',(-0.109834221409,1.581653793943E-02,
    2.00001E-02));
#3828 = CARTESIAN_POINT('',(-0.111461720254,1.120645169733E-02,
    2.00001E-02));
#3829 = CARTESIAN_POINT('',(-0.112614201669,6.319775902612E-03,
    2.00001E-02));
#3830 = CARTESIAN_POINT('',(-0.113341096439,1.15097579392E-03,
    2.00001E-02));
#3831 = CARTESIAN_POINT('',(-0.113419148769,-2.393527631678E-03,
    2.00001E-02));
#3832 = CARTESIAN_POINT('',(-0.113459065558,-4.206224288777E-03,
    2.00001E-02));
#3833 = ORIENTED_EDGE('',*,*,#3834,.T.);
#3834 = EDGE_CURVE('',#3811,#1705,#3835,.T.);
#3835 = B_SPLINE_CURVE_WITH_KNOTS('',1,(#3836,#3837),.UNSPECIFIED.,.F.,
  .F.,(2,2),(0.,1.E-02),.PIECEWISE_BEZIER_KNOTS.);
#3836 = CARTESIAN_POINT('',(-0.113459065558,-4.206224288777E-03,
    2.00001E-02));
#3837 = CARTESIAN_POINT('',(-0.113459065558,-4.206224288777E-03,
    1.00001E-02));
#3838 = B_SPLINE_SURFACE_WITH_KNOTS('',3,1,(
    (#3839,#3840)
    ,(#3841,#3842)
    ,(#3843,#3844)
    ,(#3845,#3846)
    ,(#3847,#3848)
    ,(#3849,#3850)
    ,(#3851,#3852)
    ,(#3853,#3854)
    ,(#3855,#3856)
    ,(#3857,#3858)
    ,(#3859,#3860)
    ,(#3861,#3862)
    ,(#3863,#3864)
    ,(#3865,#3866)
    ,(#3867,#3868)
    ,(#3869,#3870)
    ,(#3871,#3872)
    ,(#3873,#3874)
    ,(#3875,#3876
    )),.UNSPECIFIED.,.F.,.F.,.F.,(4,1,1,1,1,1,1,1,1,1,1,1,1,1,1,1,4),(2,
    2),(0.,6.86311786766E-02,0.134566466039,0.198328154011,
    0.260789766641,0.321999151484,0.382721746503,0.443537474036,
    0.505133429485,0.566213874765,0.626105864618,0.685349322161,
    0.744995870348,0.805415841815,0.867636266346,0.932307782302,1.),(0.,
    1.),.UNSPECIFIED.);
#3839 = CARTESIAN_POINT('',(-6.119153507008E-02,4.453615376E-02,
    2.00001E-02));
#3840 = CARTESIAN_POINT('',(-6.119153507008E-02,4.453615376E-02,
    1.00001E-02));
#3841 = CARTESIAN_POINT('',(-6.302872147672E-02,4.449520456475E-02,
    2.00001E-02));
#3842 = CARTESIAN_POINT('',(-6.302872147672E-02,4.449520456475E-02,
    1.00001E-02));
#3843 = CARTESIAN_POINT('',(-6.663092803884E-02,4.441491469359E-02,
    2.00001E-02));
#3844 = CARTESIAN_POINT('',(-6.663092803884E-02,4.441491469359E-02,
    1.00001E-02));
#3845 = CARTESIAN_POINT('',(-7.191334245746E-02,4.38050191693E-02,
    2.00001E-02));
#3846 = CARTESIAN_POINT('',(-7.191334245746E-02,4.38050191693E-02,
    1.00001E-02));
#3847 = CARTESIAN_POINT('',(-7.695292675844E-02,4.274665218842E-02,
    2.00001E-02));
#3848 = CARTESIAN_POINT('',(-7.695292675844E-02,4.274665218842E-02,
    1.00001E-02));
#3849 = CARTESIAN_POINT('',(-8.176353946149E-02,4.130280231546E-02,
    2.00001E-02));
#3850 = CARTESIAN_POINT('',(-8.176353946149E-02,4.130280231546E-02,
    1.00001E-02));
#3851 = CARTESIAN_POINT('',(-8.635075286635E-02,3.945829986094E-02,
    2.00001E-02));
#3852 = CARTESIAN_POINT('',(-8.635075286635E-02,3.945829986094E-02,
    1.00001E-02));
#3853 = CARTESIAN_POINT('',(-9.067135164684E-02,3.714763068842E-02,
    2.00001E-02));
#3854 = CARTESIAN_POINT('',(-9.067135164684E-02,3.714763068842E-02,
    1.00001E-02));
#3855 = CARTESIAN_POINT('',(-9.47727420523E-02,3.445110182852E-02,
    2.00001E-02));
#3856 = CARTESIAN_POINT('',(-9.47727420523E-02,3.445110182852E-02,
    1.00001E-02));
#3857 = CARTESIAN_POINT('',(-9.860155329907E-02,3.136286500014E-02,
    2.00001E-02));
#3858 = CARTESIAN_POINT('',(-9.860155329907E-02,3.136286500014E-02,
    1.00001E-02));
#3859 = CARTESIAN_POINT('',(-0.102091380855,2.792904955135E-02,
    2.00001E-02));
#3860 = CARTESIAN_POINT('',(-0.102091380855,2.792904955135E-02,
    1.00001E-02));
#3861 = CARTESIAN_POINT('',(-0.105133592946,2.417358218505E-02,
    2.00001E-02));
#3862 = CARTESIAN_POINT('',(-0.105133592946,2.417358218505E-02,
    1.00001E-02));
#3863 = CARTESIAN_POINT('',(-0.10773819898,2.014669172476E-02,
    2.00001E-02));
#3864 = CARTESIAN_POINT('',(-0.10773819898,2.014669172476E-02,
    1.00001E-02));
#3865 = CARTESIAN_POINT('',(-0.109834221409,1.581653793943E-02,
    2.00001E-02));
#3866 = CARTESIAN_POINT('',(-0.109834221409,1.581653793943E-02,
    1.00001E-02));
#3867 = CARTESIAN_POINT('',(-0.111461720254,1.120645169733E-02,
    2.00001E-02));
#3868 = CARTESIAN_POINT('',(-0.111461720254,1.120645169733E-02,
    1.00001E-02));
#3869 = CARTESIAN_POINT('',(-0.112614201669,6.319775902612E-03,
    2.00001E-02));
#3870 = CARTESIAN_POINT('',(-0.112614201669,6.319775902612E-03,
    1.00001E-02));
#3871 = CARTESIAN_POINT('',(-0.113341096439,1.15097579392E-03,
    2.00001E-02));
#3872 = CARTESIAN_POINT('',(-0.113341096439,1.15097579392E-03,
    1.00001E-02));
#3873 = CARTESIAN_POINT('',(-0.113419148769,-2.393527631678E-03,
    2.00001E-02));
#3874 = CARTESIAN_POINT('',(-0.113419148769,-2.393527631678E-03,
    1.00001E-02));
#3875 = CARTESIAN_POINT('',(-0.113459065558,-4.206224288777E-03,
    2.00001E-02));
#3876 = CARTESIAN_POINT('',(-0.113459065558,-4.206224288777E-03,
    1.00001E-02));
#3877 = ADVANCED_FACE('',(#3878),#3905,.T.);
#3878 = FACE_BOUND('',#3879,.T.);
#3879 = EDGE_LOOP('',(#3880,#3881,#3882,#3904));
#3880 = ORIENTED_EDGE('',*,*,#1704,.F.);
#3881 = ORIENTED_EDGE('',*,*,#3834,.F.);
#3882 = ORIENTED_EDGE('',*,*,#3883,.T.);
#3883 = EDGE_CURVE('',#3811,#3738,#3884,.T.);
#3884 = B_SPLINE_CURVE_WITH_KNOTS('',3,(#3885,#3886,#3887,#3888,#3889,
    #3890,#3891,#3892,#3893,#3894,#3895,#3896,#3897,#3898,#3899,#3900,
    #3901,#3902,#3903),.UNSPECIFIED.,.F.,.F.,(4,1,1,1,1,1,1,1,1,1,1,1,1,
    1,1,1,4),(0.,6.806869584499E-02,0.133427432819,0.196146033813,
    0.257048592449,0.316882663159,0.376187208666,0.435960335364,
    0.496535236863,0.557465343481,0.61768686341,0.677943640697,
    0.738805284806,0.800949336767,0.86481466747,0.931024781079,1.),
  .UNSPECIFIED.);
#3885 = CARTESIAN_POINT('',(-0.113459065558,-4.206224288777E-03,
    2.00001E-02));
#3886 = CARTESIAN_POINT('',(-0.113418678838,-6.094982739412E-03,
    2.00001E-02));
#3887 = CARTESIAN_POINT('',(-0.113339513278,-9.797304168593E-03,
    2.00001E-02));
#3888 = CARTESIAN_POINT('',(-0.112615935415,-1.520052367647E-02,
    2.00001E-02));
#3889 = CARTESIAN_POINT('',(-0.111460865806,-2.032022697069E-02,
    2.00001E-02));
#3890 = CARTESIAN_POINT('',(-0.10983948962,-2.515350545457E-02,
    2.00001E-02));
#3891 = CARTESIAN_POINT('',(-0.107740281009,-2.969687298952E-02,
    2.00001E-02));
#3892 = CARTESIAN_POINT('',(-0.105137575043,-3.393373069184E-02,
    2.00001E-02));
#3893 = CARTESIAN_POINT('',(-0.102101519999,-3.789638320161E-02,
    2.00001E-02));
#3894 = CARTESIAN_POINT('',(-9.861131504222E-02,-4.153053892842E-02,
    2.00001E-02));
#3895 = CARTESIAN_POINT('',(-9.47513998854E-02,-4.478309534328E-02,
    2.00001E-02));
#3896 = CARTESIAN_POINT('',(-9.062391625739E-02,-4.767577656927E-02,
    2.00001E-02));
#3897 = CARTESIAN_POINT('',(-8.619339853139E-02,-5.007920913549E-02,
    2.00001E-02));
#3898 = CARTESIAN_POINT('',(-8.149768768514E-02,-5.204292789679E-02,
    2.00001E-02));
#3899 = CARTESIAN_POINT('',(-7.654499652779E-02,-5.360200320312E-02,
    2.00001E-02));
#3900 = CARTESIAN_POINT('',(-7.131386075452E-02,-5.466350104873E-02,
    2.00001E-02));
#3901 = CARTESIAN_POINT('',(-6.582805470098E-02,-5.536134290957E-02,
    2.00001E-02));
#3902 = CARTESIAN_POINT('',(-6.207664335335E-02,-5.542921570238E-02,
    2.00001E-02));
#3903 = CARTESIAN_POINT('',(-6.016257165545E-02,-5.546384624E-02,
    2.00001E-02));
#3904 = ORIENTED_EDGE('',*,*,#3737,.T.);
#3905 = B_SPLINE_SURFACE_WITH_KNOTS('',3,1,(
    (#3906,#3907)
    ,(#3908,#3909)
    ,(#3910,#3911)
    ,(#3912,#3913)
    ,(#3914,#3915)
    ,(#3916,#3917)
    ,(#3918,#3919)
    ,(#3920,#3921)
    ,(#3922,#3923)
    ,(#3924,#3925)
    ,(#3926,#3927)
    ,(#3928,#3929)
    ,(#3930,#3931)
    ,(#3932,#3933)
    ,(#3934,#3935)
    ,(#3936,#3937)
    ,(#3938,#3939)
    ,(#3940,#3941)
    ,(#3942,#3943
    )),.UNSPECIFIED.,.F.,.F.,.F.,(4,1,1,1,1,1,1,1,1,1,1,1,1,1,1,1,4),(2,
    2),(0.,6.806869584499E-02,0.133427432819,0.196146033813,
    0.257048592449,0.316882663159,0.376187208666,0.435960335364,
    0.496535236863,0.557465343481,0.61768686341,0.677943640697,
    0.738805284806,0.800949336767,0.86481466747,0.931024781079,1.),(0.,
    1.),.UNSPECIFIED.);
#3906 = CARTESIAN_POINT('',(-0.113459065558,-4.206224288777E-03,
    2.00001E-02));
#3907 = CARTESIAN_POINT('',(-0.113459065558,-4.206224288777E-03,
    1.00001E-02));
#3908 = CARTESIAN_POINT('',(-0.113418678838,-6.094982739412E-03,
    2.00001E-02));
#3909 = CARTESIAN_POINT('',(-0.113418678838,-6.094982739412E-03,
    1.00001E-02));
#3910 = CARTESIAN_POINT('',(-0.113339513278,-9.797304168593E-03,
    2.00001E-02));
#3911 = CARTESIAN_POINT('',(-0.113339513278,-9.797304168593E-03,
    1.00001E-02));
#3912 = CARTESIAN_POINT('',(-0.112615935415,-1.520052367647E-02,
    2.00001E-02));
#3913 = CARTESIAN_POINT('',(-0.112615935415,-1.520052367647E-02,
    1.00001E-02));
#3914 = CARTESIAN_POINT('',(-0.111460865806,-2.032022697069E-02,
    2.00001E-02));
#3915 = CARTESIAN_POINT('',(-0.111460865806,-2.032022697069E-02,
    1.00001E-02));
#3916 = CARTESIAN_POINT('',(-0.10983948962,-2.515350545457E-02,
    2.00001E-02));
#3917 = CARTESIAN_POINT('',(-0.10983948962,-2.515350545457E-02,
    1.00001E-02));
#3918 = CARTESIAN_POINT('',(-0.107740281009,-2.969687298952E-02,
    2.00001E-02));
#3919 = CARTESIAN_POINT('',(-0.107740281009,-2.969687298952E-02,
    1.00001E-02));
#3920 = CARTESIAN_POINT('',(-0.105137575043,-3.393373069184E-02,
    2.00001E-02));
#3921 = CARTESIAN_POINT('',(-0.105137575043,-3.393373069184E-02,
    1.00001E-02));
#3922 = CARTESIAN_POINT('',(-0.102101519999,-3.789638320161E-02,
    2.00001E-02));
#3923 = CARTESIAN_POINT('',(-0.102101519999,-3.789638320161E-02,
    1.00001E-02));
#3924 = CARTESIAN_POINT('',(-9.861131504222E-02,-4.153053892842E-02,
    2.00001E-02));
#3925 = CARTESIAN_POINT('',(-9.861131504222E-02,-4.153053892842E-02,
    1.00001E-02));
#3926 = CARTESIAN_POINT('',(-9.47513998854E-02,-4.478309534328E-02,
    2.00001E-02));
#3927 = CARTESIAN_POINT('',(-9.47513998854E-02,-4.478309534328E-02,
    1.00001E-02));
#3928 = CARTESIAN_POINT('',(-9.062391625739E-02,-4.767577656927E-02,
    2.00001E-02));
#3929 = CARTESIAN_POINT('',(-9.062391625739E-02,-4.767577656927E-02,
    1.00001E-02));
#3930 = CARTESIAN_POINT('',(-8.619339853139E-02,-5.007920913549E-02,
    2.00001E-02));
#3931 = CARTESIAN_POINT('',(-8.619339853139E-02,-5.007920913549E-02,
    1.00001E-02));
#3932 = CARTESIAN_POINT('',(-8.149768768514E-02,-5.204292789679E-02,
    2.00001E-02));
#3933 = CARTESIAN_POINT('',(-8.149768768514E-02,-5.204292789679E-02,
    1.00001E-02));
#3934 = CARTESIAN_POINT('',(-7.654499652779E-02,-5.360200320312E-02,
    2.00001E-02));
#3935 = CARTESIAN_POINT('',(-7.654499652779E-02,-5.360200320312E-02,
    1.00001E-02));
#3936 = CARTESIAN_POINT('',(-7.131386075452E-02,-5.466350104873E-02,
    2.00001E-02));
#3937 = CARTESIAN_POINT('',(-7.131386075452E-02,-5.466350104873E-02,
    1.00001E-02));
#3938 = CARTESIAN_POINT('',(-6.582805470098E-02,-5.536134290957E-02,
    2.00001E-02));
#3939 = CARTESIAN_POINT('',(-6.582805470098E-02,-5.536134290957E-02,
    1.00001E-02));
#3940 = CARTESIAN_POINT('',(-6.207664335335E-02,-5.542921570238E-02,
    2.00001E-02));
#3941 = CARTESIAN_POINT('',(-6.207664335335E-02,-5.542921570238E-02,
    1.00001E-02));
#3942 = CARTESIAN_POINT('',(-6.016257165545E-02,-5.546384624E-02,
    2.00001E-02));
#3943 = CARTESIAN_POINT('',(-6.016257165545E-02,-5.546384624E-02,
    1.00001E-02));
#3944 = ADVANCED_FACE('',(#3945,#4016),#4023,.T.);
#3945 = FACE_BOUND('',#3946,.T.);
#3946 = EDGE_LOOP('',(#3947,#3973,#3997,#4004,#4011));
#3947 = ORIENTED_EDGE('',*,*,#3948,.F.);
#3948 = EDGE_CURVE('',#3949,#3951,#3953,.T.);
#3949 = VERTEX_POINT('',#3950);
#3950 = CARTESIAN_POINT('',(-0.100044431412,-4.492047459509E-03,
    2.00001E-02));
#3951 = VERTEX_POINT('',#3952);
#3952 = CARTESIAN_POINT('',(-6.113437043594E-02,3.356054400391E-02,
    2.00001E-02));
#3953 = B_SPLINE_CURVE_WITH_KNOTS('',3,(#3954,#3955,#3956,#3957,#3958,
    #3959,#3960,#3961,#3962,#3963,#3964,#3965,#3966,#3967,#3968,#3969,
    #3970,#3971,#3972),.UNSPECIFIED.,.F.,.F.,(4,1,1,1,1,1,1,1,1,1,1,1,1,
    1,1,1,4),(0.,7.430379644282E-02,0.144393610364,0.210499496103,
    0.273542606503,0.333824744579,0.392529672409,0.4500874546,
    0.507820611556,0.565464912777,0.623148722334,0.681297192791,
    0.740913498157,0.801855752196,0.865241237721,0.930941657047,1.),
  .UNSPECIFIED.);
#3954 = CARTESIAN_POINT('',(-0.100044431412,-4.492047459509E-03,
    2.00001E-02));
#3955 = CARTESIAN_POINT('',(-0.100011653353,-2.959958945755E-03,
    2.00001E-02));
#3956 = CARTESIAN_POINT('',(-9.994795617501E-02,1.732892497885E-05,
    2.00001E-02));
#3957 = CARTESIAN_POINT('',(-9.945233475487E-02,4.335429711697E-03,
    2.00001E-02));
#3958 = CARTESIAN_POINT('',(-9.862173625026E-02,8.364127225279E-03,
    2.00001E-02));
#3959 = CARTESIAN_POINT('',(-9.744085518288E-02,1.209400190618E-02,
    2.00001E-02));
#3960 = CARTESIAN_POINT('',(-9.593360214687E-02,1.553943590093E-02,
    2.00001E-02));
#3961 = CARTESIAN_POINT('',(-9.407761899685E-02,1.868068874384E-02,
    2.00001E-02));
#3962 = CARTESIAN_POINT('',(-9.188729229143E-02,2.153316042036E-02,
    2.00001E-02));
#3963 = CARTESIAN_POINT('',(-8.93629374488E-02,2.406411766014E-02,
    2.00001E-02));
#3964 = CARTESIAN_POINT('',(-8.656653496464E-02,2.628919433916E-02,
    2.00001E-02));
#3965 = CARTESIAN_POINT('',(-8.356683551944E-02,2.82473713543E-02,
    2.00001E-02));
#3966 = CARTESIAN_POINT('',(-8.033781756675E-02,2.989153538938E-02,
    2.00001E-02));
#3967 = CARTESIAN_POINT('',(-7.69047743784E-02,3.124262799296E-02,
    2.00001E-02));
#3968 = CARTESIAN_POINT('',(-7.325608710046E-02,3.229688334961E-02,
    2.00001E-02));
#3969 = CARTESIAN_POINT('',(-6.940294969054E-02,3.302864344331E-02,
    2.00001E-02));
#3970 = CARTESIAN_POINT('',(-6.5336915607E-02,3.347407042108E-02,
    2.00001E-02));
#3971 = CARTESIAN_POINT('',(-6.255829805658E-02,3.3531244587E-02,
    2.00001E-02));
#3972 = CARTESIAN_POINT('',(-6.113437043594E-02,3.356054400391E-02,
    2.00001E-02));
#3973 = ORIENTED_EDGE('',*,*,#3974,.F.);
#3974 = EDGE_CURVE('',#3975,#3949,#3977,.T.);
#3975 = VERTEX_POINT('',#3976);
#3976 = CARTESIAN_POINT('',(-6.058177897252E-02,-4.44882364839E-02,
    2.00001E-02));
#3977 = B_SPLINE_CURVE_WITH_KNOTS('',3,(#3978,#3979,#3980,#3981,#3982,
    #3983,#3984,#3985,#3986,#3987,#3988,#3989,#3990,#3991,#3992,#3993,
    #3994,#3995,#3996),.UNSPECIFIED.,.F.,.F.,(4,1,1,1,1,1,1,1,1,1,1,1,1,
    1,1,1,4),(0.,7.082657255516E-02,0.13816903328,0.202475331534,
    0.263973754414,0.323380320598,0.381797622713,0.439390074519,
    0.496902724546,0.554662169609,0.612741878492,0.671538836391,
    0.73165572209,0.794297811614,0.859482204979,0.927681325453,1.),
  .UNSPECIFIED.);
#3978 = CARTESIAN_POINT('',(-6.058177897252E-02,-4.44882364839E-02,
    2.00001E-02));
#3979 = CARTESIAN_POINT('',(-6.208853584968E-02,-4.445566559222E-02,
    2.00001E-02));
#3980 = CARTESIAN_POINT('',(-6.502792898412E-02,-4.439212604126E-02,
    2.00001E-02));
#3981 = CARTESIAN_POINT('',(-6.931158463857E-02,-4.388754587996E-02,
    2.00001E-02));
#3982 = CARTESIAN_POINT('',(-7.334327115276E-02,-4.307728642832E-02,
    2.00001E-02));
#3983 = CARTESIAN_POINT('',(-7.712352241579E-02,-4.194223694575E-02,
    2.00001E-02));
#3984 = CARTESIAN_POINT('',(-8.063596111394E-02,-4.043767487484E-02,
    2.00001E-02));
#3985 = CARTESIAN_POINT('',(-8.39089224067E-02,-3.863211502721E-02,
    2.00001E-02));
#3986 = CARTESIAN_POINT('',(-8.691992559854E-02,-3.648353310595E-02,
    2.00001E-02));
#3987 = CARTESIAN_POINT('',(-8.965676508381E-02,-3.401602703474E-02,
    2.00001E-02));
#3988 = CARTESIAN_POINT('',(-9.209623947309E-02,-3.124188396287E-02,
    2.00001E-02));
#3989 = CARTESIAN_POINT('',(-9.424847605955E-02,-2.820449962706E-02,
    2.00001E-02));
#3990 = CARTESIAN_POINT('',(-9.603662707541E-02,-2.488257007794E-02,
    2.00001E-02));
#3991 = CARTESIAN_POINT('',(-9.751737609693E-02,-2.130904114344E-02,
    2.00001E-02));
#3992 = CARTESIAN_POINT('',(-9.864887797965E-02,-1.74681651332E-02,
    2.00001E-02));
#3993 = CARTESIAN_POINT('',(-9.946910571546E-02,-1.337532881106E-02,
    2.00001E-02));
#3994 = CARTESIAN_POINT('',(-9.994286252103E-02,-9.019184948116E-03,
    2.00001E-02));
#3995 = CARTESIAN_POINT('',(-0.10000991981,-6.030301609908E-03,
    2.00001E-02));
#3996 = CARTESIAN_POINT('',(-0.100044431412,-4.492047459509E-03,
    2.00001E-02));
#3997 = ORIENTED_EDGE('',*,*,#3998,.F.);
#3998 = EDGE_CURVE('',#3999,#3975,#4001,.T.);
#3999 = VERTEX_POINT('',#4000);
#4000 = CARTESIAN_POINT('',(-4.638589482618E-02,-4.44882364839E-02,
    2.000009999997E-02));
#4001 = B_SPLINE_CURVE_WITH_KNOTS('',1,(#4002,#4003),.UNSPECIFIED.,.F.,
  .F.,(2,2),(-0.,1.419588414634E-02),.PIECEWISE_BEZIER_KNOTS.);
#4002 = CARTESIAN_POINT('',(-4.638589482618E-02,-4.44882364839E-02,
    2.00001E-02));
#4003 = CARTESIAN_POINT('',(-6.058177897252E-02,-4.44882364839E-02,
    2.00001E-02));
#4004 = ORIENTED_EDGE('',*,*,#4005,.F.);
#4005 = EDGE_CURVE('',#4006,#3999,#4008,.T.);
#4006 = VERTEX_POINT('',#4007);
#4007 = CARTESIAN_POINT('',(-4.638589482618E-02,3.356054400391E-02,
    2.00001E-02));
#4008 = B_SPLINE_CURVE_WITH_KNOTS('',1,(#4009,#4010),.UNSPECIFIED.,.F.,
  .F.,(2,2),(0.,7.80487804878E-02),.PIECEWISE_BEZIER_KNOTS.);
#4009 = CARTESIAN_POINT('',(-4.638589482618E-02,3.356054400391E-02,
    2.00001E-02));
#4010 = CARTESIAN_POINT('',(-4.638589482618E-02,-4.44882364839E-02,
    2.00001E-02));
#4011 = ORIENTED_EDGE('',*,*,#4012,.F.);
#4012 = EDGE_CURVE('',#3951,#4006,#4013,.T.);
#4013 = B_SPLINE_CURVE_WITH_KNOTS('',1,(#4014,#4015),.UNSPECIFIED.,.F.,
  .F.,(2,2),(0.,1.474847560976E-02),.PIECEWISE_BEZIER_KNOTS.);
#4014 = CARTESIAN_POINT('',(-6.113437043594E-02,3.356054400391E-02,
    2.00001E-02));
#4015 = CARTESIAN_POINT('',(-4.638589482618E-02,3.356054400391E-02,
    2.00001E-02));
#4016 = FACE_BOUND('',#4017,.T.);
#4017 = EDGE_LOOP('',(#4018,#4019,#4020,#4021,#4022));
#4018 = ORIENTED_EDGE('',*,*,#3744,.F.);
#4019 = ORIENTED_EDGE('',*,*,#3883,.F.);
#4020 = ORIENTED_EDGE('',*,*,#3810,.F.);
#4021 = ORIENTED_EDGE('',*,*,#3788,.F.);
#4022 = ORIENTED_EDGE('',*,*,#3766,.F.);
#4023 = B_SPLINE_SURFACE_WITH_KNOTS('',1,1,(
    (#4024,#4025)
    ,(#4026,#4027
    )),.UNSPECIFIED.,.F.,.F.,.F.,(2,2),(2,2),(-8.703007004294E-02,
    1.296992995706E-02),(-1.520984611777E-02,6.527795876027E-02),
  .PIECEWISE_BEZIER_KNOTS.);
#4024 = CARTESIAN_POINT('',(-0.113459065558,-5.546384624E-02,
    2.000009999997E-02));
#4025 = CARTESIAN_POINT('',(-3.297126067984E-02,-5.546384624E-02,
    2.000009999997E-02));
#4026 = CARTESIAN_POINT('',(-0.113459065558,4.453615376E-02,2.00001E-02)
  );
#4027 = CARTESIAN_POINT('',(-3.297126067984E-02,4.453615376E-02,
    2.00001E-02));
#4028 = ADVANCED_FACE('',(#4029),#4051,.T.);
#4029 = FACE_BOUND('',#4030,.T.);
#4030 = EDGE_LOOP('',(#4031,#4040,#4045,#4046));
#4031 = ORIENTED_EDGE('',*,*,#4032,.F.);
#4032 = EDGE_CURVE('',#4033,#4035,#4037,.T.);
#4033 = VERTEX_POINT('',#4034);
#4034 = CARTESIAN_POINT('',(-6.113437043594E-02,3.356054400391E-02,
    1.00001E-02));
#4035 = VERTEX_POINT('',#4036);
#4036 = CARTESIAN_POINT('',(-4.638589482618E-02,3.356054400391E-02,
    1.00001E-02));
#4037 = B_SPLINE_CURVE_WITH_KNOTS('',1,(#4038,#4039),.UNSPECIFIED.,.F.,
  .F.,(2,2),(0.,1.474847560976E-02),.PIECEWISE_BEZIER_KNOTS.);
#4038 = CARTESIAN_POINT('',(-6.113437043594E-02,3.356054400391E-02,
    1.00001E-02));
#4039 = CARTESIAN_POINT('',(-4.638589482618E-02,3.356054400391E-02,
    1.00001E-02));
#4040 = ORIENTED_EDGE('',*,*,#4041,.F.);
#4041 = EDGE_CURVE('',#3951,#4033,#4042,.T.);
#4042 = B_SPLINE_CURVE_WITH_KNOTS('',1,(#4043,#4044),.UNSPECIFIED.,.F.,
  .F.,(2,2),(0.,1.E-02),.PIECEWISE_BEZIER_KNOTS.);
#4043 = CARTESIAN_POINT('',(-6.113437043594E-02,3.356054400391E-02,
    2.00001E-02));
#4044 = CARTESIAN_POINT('',(-6.113437043594E-02,3.356054400391E-02,
    1.00001E-02));
#4045 = ORIENTED_EDGE('',*,*,#4012,.T.);
#4046 = ORIENTED_EDGE('',*,*,#4047,.T.);
#4047 = EDGE_CURVE('',#4006,#4035,#4048,.T.);
#4048 = B_SPLINE_CURVE_WITH_KNOTS('',1,(#4049,#4050),.UNSPECIFIED.,.F.,
  .F.,(2,2),(0.,1.E-02),.PIECEWISE_BEZIER_KNOTS.);
#4049 = CARTESIAN_POINT('',(-4.638589482618E-02,3.356054400391E-02,
    2.00001E-02));
#4050 = CARTESIAN_POINT('',(-4.638589482618E-02,3.356054400391E-02,
    1.00001E-02));
#4051 = B_SPLINE_SURFACE_WITH_KNOTS('',1,1,(
    (#4052,#4053)
    ,(#4054,#4055
    )),.UNSPECIFIED.,.F.,.F.,.F.,(2,2),(2,2),(-1.E-02,0.),(0.,
    1.474847560976E-02),.PIECEWISE_BEZIER_KNOTS.);
#4052 = CARTESIAN_POINT('',(-6.113437043594E-02,3.356054400391E-02,
    1.00001E-02));
#4053 = CARTESIAN_POINT('',(-4.638589482618E-02,3.356054400391E-02,
    1.00001E-02));
#4054 = CARTESIAN_POINT('',(-6.113437043594E-02,3.356054400391E-02,
    2.00001E-02));
#4055 = CARTESIAN_POINT('',(-4.638589482618E-02,3.356054400391E-02,
    2.00001E-02));
#4056 = ADVANCED_FACE('',(#4057),#4090,.T.);
#4057 = FACE_BOUND('',#4058,.T.);
#4058 = EDGE_LOOP('',(#4059,#4083,#4088,#4089));
#4059 = ORIENTED_EDGE('',*,*,#4060,.F.);
#4060 = EDGE_CURVE('',#4061,#4033,#4063,.T.);
#4061 = VERTEX_POINT('',#4062);
#4062 = CARTESIAN_POINT('',(-0.100044431412,-4.492047459509E-03,
    1.00001E-02));
#4063 = B_SPLINE_CURVE_WITH_KNOTS('',3,(#4064,#4065,#4066,#4067,#4068,
    #4069,#4070,#4071,#4072,#4073,#4074,#4075,#4076,#4077,#4078,#4079,
    #4080,#4081,#4082),.UNSPECIFIED.,.F.,.F.,(4,1,1,1,1,1,1,1,1,1,1,1,1,
    1,1,1,4),(0.,7.430379644282E-02,0.144393610364,0.210499496103,
    0.273542606503,0.333824744579,0.392529672409,0.4500874546,
    0.507820611556,0.565464912777,0.623148722334,0.681297192791,
    0.740913498157,0.801855752196,0.865241237721,0.930941657047,1.),
  .UNSPECIFIED.);
#4064 = CARTESIAN_POINT('',(-0.100044431412,-4.492047459509E-03,
    1.00001E-02));
#4065 = CARTESIAN_POINT('',(-0.100011653353,-2.959958945755E-03,
    1.00001E-02));
#4066 = CARTESIAN_POINT('',(-9.994795617501E-02,1.732892497885E-05,
    1.00001E-02));
#4067 = CARTESIAN_POINT('',(-9.945233475487E-02,4.335429711697E-03,
    1.00001E-02));
#4068 = CARTESIAN_POINT('',(-9.862173625026E-02,8.364127225279E-03,
    1.00001E-02));
#4069 = CARTESIAN_POINT('',(-9.744085518288E-02,1.209400190618E-02,
    1.00001E-02));
#4070 = CARTESIAN_POINT('',(-9.593360214687E-02,1.553943590093E-02,
    1.00001E-02));
#4071 = CARTESIAN_POINT('',(-9.407761899685E-02,1.868068874384E-02,
    1.00001E-02));
#4072 = CARTESIAN_POINT('',(-9.188729229143E-02,2.153316042036E-02,
    1.00001E-02));
#4073 = CARTESIAN_POINT('',(-8.93629374488E-02,2.406411766014E-02,
    1.00001E-02));
#4074 = CARTESIAN_POINT('',(-8.656653496464E-02,2.628919433916E-02,
    1.00001E-02));
#4075 = CARTESIAN_POINT('',(-8.356683551944E-02,2.82473713543E-02,
    1.00001E-02));
#4076 = CARTESIAN_POINT('',(-8.033781756675E-02,2.989153538938E-02,
    1.00001E-02));
#4077 = CARTESIAN_POINT('',(-7.69047743784E-02,3.124262799296E-02,
    1.00001E-02));
#4078 = CARTESIAN_POINT('',(-7.325608710046E-02,3.229688334961E-02,
    1.00001E-02));
#4079 = CARTESIAN_POINT('',(-6.940294969054E-02,3.302864344331E-02,
    1.00001E-02));
#4080 = CARTESIAN_POINT('',(-6.5336915607E-02,3.347407042108E-02,
    1.00001E-02));
#4081 = CARTESIAN_POINT('',(-6.255829805658E-02,3.3531244587E-02,
    1.00001E-02));
#4082 = CARTESIAN_POINT('',(-6.113437043594E-02,3.356054400391E-02,
    1.00001E-02));
#4083 = ORIENTED_EDGE('',*,*,#4084,.F.);
#4084 = EDGE_CURVE('',#3949,#4061,#4085,.T.);
#4085 = B_SPLINE_CURVE_WITH_KNOTS('',1,(#4086,#4087),.UNSPECIFIED.,.F.,
  .F.,(2,2),(0.,1.E-02),.PIECEWISE_BEZIER_KNOTS.);
#4086 = CARTESIAN_POINT('',(-0.100044431412,-4.492047459509E-03,
    2.00001E-02));
#4087 = CARTESIAN_POINT('',(-0.100044431412,-4.492047459509E-03,
    1.00001E-02));
#4088 = ORIENTED_EDGE('',*,*,#3948,.T.);
#4089 = ORIENTED_EDGE('',*,*,#4041,.T.);
#4090 = B_SPLINE_SURFACE_WITH_KNOTS('',3,1,(
    (#4091,#4092)
    ,(#4093,#4094)
    ,(#4095,#4096)
    ,(#4097,#4098)
    ,(#4099,#4100)
    ,(#4101,#4102)
    ,(#4103,#4104)
    ,(#4105,#4106)
    ,(#4107,#4108)
    ,(#4109,#4110)
    ,(#4111,#4112)
    ,(#4113,#4114)
    ,(#4115,#4116)
    ,(#4117,#4118)
    ,(#4119,#4120)
    ,(#4121,#4122)
    ,(#4123,#4124)
    ,(#4125,#4126)
    ,(#4127,#4128
    )),.UNSPECIFIED.,.F.,.F.,.F.,(4,1,1,1,1,1,1,1,1,1,1,1,1,1,1,1,4),(2,
    2),(0.,7.430379644282E-02,0.144393610364,0.210499496103,
    0.273542606503,0.333824744579,0.392529672409,0.4500874546,
    0.507820611556,0.565464912777,0.623148722334,0.681297192791,
    0.740913498157,0.801855752196,0.865241237721,0.930941657047,1.),(0.,
    1.),.UNSPECIFIED.);
#4091 = CARTESIAN_POINT('',(-0.100044431412,-4.492047459509E-03,
    2.00001E-02));
#4092 = CARTESIAN_POINT('',(-0.100044431412,-4.492047459509E-03,
    1.00001E-02));
#4093 = CARTESIAN_POINT('',(-0.100011653353,-2.959958945755E-03,
    2.00001E-02));
#4094 = CARTESIAN_POINT('',(-0.100011653353,-2.959958945755E-03,
    1.00001E-02));
#4095 = CARTESIAN_POINT('',(-9.994795617501E-02,1.732892497885E-05,
    2.00001E-02));
#4096 = CARTESIAN_POINT('',(-9.994795617501E-02,1.732892497885E-05,
    1.00001E-02));
#4097 = CARTESIAN_POINT('',(-9.945233475487E-02,4.335429711697E-03,
    2.00001E-02));
#4098 = CARTESIAN_POINT('',(-9.945233475487E-02,4.335429711697E-03,
    1.00001E-02));
#4099 = CARTESIAN_POINT('',(-9.862173625026E-02,8.364127225279E-03,
    2.00001E-02));
#4100 = CARTESIAN_POINT('',(-9.862173625026E-02,8.364127225279E-03,
    1.00001E-02));
#4101 = CARTESIAN_POINT('',(-9.744085518288E-02,1.209400190618E-02,
    2.00001E-02));
#4102 = CARTESIAN_POINT('',(-9.744085518288E-02,1.209400190618E-02,
    1.00001E-02));
#4103 = CARTESIAN_POINT('',(-9.593360214687E-02,1.553943590093E-02,
    2.00001E-02));
#4104 = CARTESIAN_POINT('',(-9.593360214687E-02,1.553943590093E-02,
    1.00001E-02));
#4105 = CARTESIAN_POINT('',(-9.407761899685E-02,1.868068874384E-02,
    2.00001E-02));
#4106 = CARTESIAN_POINT('',(-9.407761899685E-02,1.868068874384E-02,
    1.00001E-02));
#4107 = CARTESIAN_POINT('',(-9.188729229143E-02,2.153316042036E-02,
    2.00001E-02));
#4108 = CARTESIAN_POINT('',(-9.188729229143E-02,2.153316042036E-02,
    1.00001E-02));
#4109 = CARTESIAN_POINT('',(-8.93629374488E-02,2.406411766014E-02,
    2.00001E-02));
#4110 = CARTESIAN_POINT('',(-8.93629374488E-02,2.406411766014E-02,
    1.00001E-02));
#4111 = CARTESIAN_POINT('',(-8.656653496464E-02,2.628919433916E-02,
    2.00001E-02));
#4112 = CARTESIAN_POINT('',(-8.656653496464E-02,2.628919433916E-02,
    1.00001E-02));
#4113 = CARTESIAN_POINT('',(-8.356683551944E-02,2.82473713543E-02,
    2.00001E-02));
#4114 = CARTESIAN_POINT('',(-8.356683551944E-02,2.82473713543E-02,
    1.00001E-02));
#4115 = CARTESIAN_POINT('',(-8.033781756675E-02,2.989153538938E-02,
    2.00001E-02));
#4116 = CARTESIAN_POINT('',(-8.033781756675E-02,2.989153538938E-02,
    1.00001E-02));
#4117 = CARTESIAN_POINT('',(-7.69047743784E-02,3.124262799296E-02,
    2.00001E-02));
#4118 = CARTESIAN_POINT('',(-7.69047743784E-02,3.124262799296E-02,
    1.00001E-02));
#4119 = CARTESIAN_POINT('',(-7.325608710046E-02,3.229688334961E-02,
    2.00001E-02));
#4120 = CARTESIAN_POINT('',(-7.325608710046E-02,3.229688334961E-02,
    1.00001E-02));
#4121 = CARTESIAN_POINT('',(-6.940294969054E-02,3.302864344331E-02,
    2.00001E-02));
#4122 = CARTESIAN_POINT('',(-6.940294969054E-02,3.302864344331E-02,
    1.00001E-02));
#4123 = CARTESIAN_POINT('',(-6.5336915607E-02,3.347407042108E-02,
    2.00001E-02));
#4124 = CARTESIAN_POINT('',(-6.5336915607E-02,3.347407042108E-02,
    1.00001E-02));
#4125 = CARTESIAN_POINT('',(-6.255829805658E-02,3.3531244587E-02,
    2.00001E-02));
#4126 = CARTESIAN_POINT('',(-6.255829805658E-02,3.3531244587E-02,
    1.00001E-02));
#4127 = CARTESIAN_POINT('',(-6.113437043594E-02,3.356054400391E-02,
    2.00001E-02));
#4128 = CARTESIAN_POINT('',(-6.113437043594E-02,3.356054400391E-02,
    1.00001E-02));
#4129 = ADVANCED_FACE('',(#4130),#4163,.T.);
#4130 = FACE_BOUND('',#4131,.T.);
#4131 = EDGE_LOOP('',(#4132,#4156,#4161,#4162));
#4132 = ORIENTED_EDGE('',*,*,#4133,.F.);
#4133 = EDGE_CURVE('',#4134,#4061,#4136,.T.);
#4134 = VERTEX_POINT('',#4135);
#4135 = CARTESIAN_POINT('',(-6.058177897252E-02,-4.44882364839E-02,
    1.00001E-02));
#4136 = B_SPLINE_CURVE_WITH_KNOTS('',3,(#4137,#4138,#4139,#4140,#4141,
    #4142,#4143,#4144,#4145,#4146,#4147,#4148,#4149,#4150,#4151,#4152,
    #4153,#4154,#4155),.UNSPECIFIED.,.F.,.F.,(4,1,1,1,1,1,1,1,1,1,1,1,1,
    1,1,1,4),(0.,7.082657255516E-02,0.13816903328,0.202475331534,
    0.263973754414,0.323380320598,0.381797622713,0.439390074519,
    0.496902724546,0.554662169609,0.612741878492,0.671538836391,
    0.73165572209,0.794297811614,0.859482204979,0.927681325453,1.),
  .UNSPECIFIED.);
#4137 = CARTESIAN_POINT('',(-6.058177897252E-02,-4.44882364839E-02,
    1.00001E-02));
#4138 = CARTESIAN_POINT('',(-6.208853584968E-02,-4.445566559222E-02,
    1.00001E-02));
#4139 = CARTESIAN_POINT('',(-6.502792898412E-02,-4.439212604126E-02,
    1.00001E-02));
#4140 = CARTESIAN_POINT('',(-6.931158463857E-02,-4.388754587996E-02,
    1.00001E-02));
#4141 = CARTESIAN_POINT('',(-7.334327115276E-02,-4.307728642832E-02,
    1.00001E-02));
#4142 = CARTESIAN_POINT('',(-7.712352241579E-02,-4.194223694575E-02,
    1.00001E-02));
#4143 = CARTESIAN_POINT('',(-8.063596111394E-02,-4.043767487484E-02,
    1.00001E-02));
#4144 = CARTESIAN_POINT('',(-8.39089224067E-02,-3.863211502721E-02,
    1.00001E-02));
#4145 = CARTESIAN_POINT('',(-8.691992559854E-02,-3.648353310595E-02,
    1.00001E-02));
#4146 = CARTESIAN_POINT('',(-8.965676508381E-02,-3.401602703474E-02,
    1.00001E-02));
#4147 = CARTESIAN_POINT('',(-9.209623947309E-02,-3.124188396287E-02,
    1.00001E-02));
#4148 = CARTESIAN_POINT('',(-9.424847605955E-02,-2.820449962706E-02,
    1.00001E-02));
#4149 = CARTESIAN_POINT('',(-9.603662707541E-02,-2.488257007794E-02,
    1.00001E-02));
#4150 = CARTESIAN_POINT('',(-9.751737609693E-02,-2.130904114344E-02,
    1.00001E-02));
#4151 = CARTESIAN_POINT('',(-9.864887797965E-02,-1.74681651332E-02,
    1.00001E-02));
#4152 = CARTESIAN_POINT('',(-9.946910571546E-02,-1.337532881106E-02,
    1.00001E-02));
#4153 = CARTESIAN_POINT('',(-9.994286252103E-02,-9.019184948116E-03,
    1.00001E-02));
#4154 = CARTESIAN_POINT('',(-0.10000991981,-6.030301609908E-03,
    1.00001E-02));
#4155 = CARTESIAN_POINT('',(-0.100044431412,-4.492047459509E-03,
    1.00001E-02));
#4156 = ORIENTED_EDGE('',*,*,#4157,.F.);
#4157 = EDGE_CURVE('',#3975,#4134,#4158,.T.);
#4158 = B_SPLINE_CURVE_WITH_KNOTS('',1,(#4159,#4160),.UNSPECIFIED.,.F.,
  .F.,(2,2),(0.,1.E-02),.PIECEWISE_BEZIER_KNOTS.);
#4159 = CARTESIAN_POINT('',(-6.058177897252E-02,-4.44882364839E-02,
    2.00001E-02));
#4160 = CARTESIAN_POINT('',(-6.058177897252E-02,-4.44882364839E-02,
    1.00001E-02));
#4161 = ORIENTED_EDGE('',*,*,#3974,.T.);
#4162 = ORIENTED_EDGE('',*,*,#4084,.T.);
#4163 = B_SPLINE_SURFACE_WITH_KNOTS('',3,1,(
    (#4164,#4165)
    ,(#4166,#4167)
    ,(#4168,#4169)
    ,(#4170,#4171)
    ,(#4172,#4173)
    ,(#4174,#4175)
    ,(#4176,#4177)
    ,(#4178,#4179)
    ,(#4180,#4181)
    ,(#4182,#4183)
    ,(#4184,#4185)
    ,(#4186,#4187)
    ,(#4188,#4189)
    ,(#4190,#4191)
    ,(#4192,#4193)
    ,(#4194,#4195)
    ,(#4196,#4197)
    ,(#4198,#4199)
    ,(#4200,#4201
    )),.UNSPECIFIED.,.F.,.F.,.F.,(4,1,1,1,1,1,1,1,1,1,1,1,1,1,1,1,4),(2,
    2),(0.,7.082657255516E-02,0.13816903328,0.202475331534,
    0.263973754414,0.323380320598,0.381797622713,0.439390074519,
    0.496902724546,0.554662169609,0.612741878492,0.671538836391,
    0.73165572209,0.794297811614,0.859482204979,0.927681325453,1.),(0.,
    1.),.UNSPECIFIED.);
#4164 = CARTESIAN_POINT('',(-6.058177897252E-02,-4.44882364839E-02,
    2.00001E-02));
#4165 = CARTESIAN_POINT('',(-6.058177897252E-02,-4.44882364839E-02,
    1.00001E-02));
#4166 = CARTESIAN_POINT('',(-6.208853584968E-02,-4.445566559222E-02,
    2.00001E-02));
#4167 = CARTESIAN_POINT('',(-6.208853584968E-02,-4.445566559222E-02,
    1.00001E-02));
#4168 = CARTESIAN_POINT('',(-6.502792898412E-02,-4.439212604126E-02,
    2.00001E-02));
#4169 = CARTESIAN_POINT('',(-6.502792898412E-02,-4.439212604126E-02,
    1.00001E-02));
#4170 = CARTESIAN_POINT('',(-6.931158463857E-02,-4.388754587996E-02,
    2.00001E-02));
#4171 = CARTESIAN_POINT('',(-6.931158463857E-02,-4.388754587996E-02,
    1.00001E-02));
#4172 = CARTESIAN_POINT('',(-7.334327115276E-02,-4.307728642832E-02,
    2.00001E-02));
#4173 = CARTESIAN_POINT('',(-7.334327115276E-02,-4.307728642832E-02,
    1.00001E-02));
#4174 = CARTESIAN_POINT('',(-7.712352241579E-02,-4.194223694575E-02,
    2.00001E-02));
#4175 = CARTESIAN_POINT('',(-7.712352241579E-02,-4.194223694575E-02,
    1.00001E-02));
#4176 = CARTESIAN_POINT('',(-8.063596111394E-02,-4.043767487484E-02,
    2.00001E-02));
#4177 = CARTESIAN_POINT('',(-8.063596111394E-02,-4.043767487484E-02,
    1.00001E-02));
#4178 = CARTESIAN_POINT('',(-8.39089224067E-02,-3.863211502721E-02,
    2.00001E-02));
#4179 = CARTESIAN_POINT('',(-8.39089224067E-02,-3.863211502721E-02,
    1.00001E-02));
#4180 = CARTESIAN_POINT('',(-8.691992559854E-02,-3.648353310595E-02,
    2.00001E-02));
#4181 = CARTESIAN_POINT('',(-8.691992559854E-02,-3.648353310595E-02,
    1.00001E-02));
#4182 = CARTESIAN_POINT('',(-8.965676508381E-02,-3.401602703474E-02,
    2.00001E-02));
#4183 = CARTESIAN_POINT('',(-8.965676508381E-02,-3.401602703474E-02,
    1.00001E-02));
#4184 = CARTESIAN_POINT('',(-9.209623947309E-02,-3.124188396287E-02,
    2.00001E-02));
#4185 = CARTESIAN_POINT('',(-9.209623947309E-02,-3.124188396287E-02,
    1.00001E-02));
#4186 = CARTESIAN_POINT('',(-9.424847605955E-02,-2.820449962706E-02,
    2.00001E-02));
#4187 = CARTESIAN_POINT('',(-9.424847605955E-02,-2.820449962706E-02,
    1.00001E-02));
#4188 = CARTESIAN_POINT('',(-9.603662707541E-02,-2.488257007794E-02,
    2.00001E-02));
#4189 = CARTESIAN_POINT('',(-9.603662707541E-02,-2.488257007794E-02,
    1.00001E-02));
#4190 = CARTESIAN_POINT('',(-9.751737609693E-02,-2.130904114344E-02,
    2.00001E-02));
#4191 = CARTESIAN_POINT('',(-9.751737609693E-02,-2.130904114344E-02,
    1.00001E-02));
#4192 = CARTESIAN_POINT('',(-9.864887797965E-02,-1.74681651332E-02,
    2.00001E-02));
#4193 = CARTESIAN_POINT('',(-9.864887797965E-02,-1.74681651332E-02,
    1.00001E-02));
#4194 = CARTESIAN_POINT('',(-9.946910571546E-02,-1.337532881106E-02,
    2.00001E-02));
#4195 = CARTESIAN_POINT('',(-9.946910571546E-02,-1.337532881106E-02,
    1.00001E-02));
#4196 = CARTESIAN_POINT('',(-9.994286252103E-02,-9.019184948116E-03,
    2.00001E-02));
#4197 = CARTESIAN_POINT('',(-9.994286252103E-02,-9.019184948116E-03,
    1.00001E-02));
#4198 = CARTESIAN_POINT('',(-0.10000991981,-6.030301609908E-03,
    2.00001E-02));
#4199 = CARTESIAN_POINT('',(-0.10000991981,-6.030301609908E-03,
    1.00001E-02));
#4200 = CARTESIAN_POINT('',(-0.100044431412,-4.492047459509E-03,
    2.00001E-02));
#4201 = CARTESIAN_POINT('',(-0.100044431412,-4.492047459509E-03,
    1.00001E-02));
#4202 = ADVANCED_FACE('',(#4203),#4219,.T.);
#4203 = FACE_BOUND('',#4204,.T.);
#4204 = EDGE_LOOP('',(#4205,#4212,#4217,#4218));
#4205 = ORIENTED_EDGE('',*,*,#4206,.F.);
#4206 = EDGE_CURVE('',#4207,#4134,#4209,.T.);
#4207 = VERTEX_POINT('',#4208);
#4208 = CARTESIAN_POINT('',(-4.638589482618E-02,-4.44882364839E-02,
    1.00001E-02));
#4209 = B_SPLINE_CURVE_WITH_KNOTS('',1,(#4210,#4211),.UNSPECIFIED.,.F.,
  .F.,(2,2),(4.163336342344E-17,1.419588414634E-02),
  .PIECEWISE_BEZIER_KNOTS.);
#4210 = CARTESIAN_POINT('',(-4.638589482618E-02,-4.44882364839E-02,
    1.00001E-02));
#4211 = CARTESIAN_POINT('',(-6.058177897252E-02,-4.44882364839E-02,
    1.00001E-02));
#4212 = ORIENTED_EDGE('',*,*,#4213,.F.);
#4213 = EDGE_CURVE('',#3999,#4207,#4214,.T.);
#4214 = B_SPLINE_CURVE_WITH_KNOTS('',1,(#4215,#4216),.UNSPECIFIED.,.F.,
  .F.,(2,2),(2.561839629323E-14,1.E-02),.PIECEWISE_BEZIER_KNOTS.);
#4215 = CARTESIAN_POINT('',(-4.638589482618E-02,-4.44882364839E-02,
    2.000009999997E-02));
#4216 = CARTESIAN_POINT('',(-4.638589482618E-02,-4.44882364839E-02,
    1.00001E-02));
#4217 = ORIENTED_EDGE('',*,*,#3998,.T.);
#4218 = ORIENTED_EDGE('',*,*,#4157,.T.);
#4219 = B_SPLINE_SURFACE_WITH_KNOTS('',1,1,(
    (#4220,#4221)
    ,(#4222,#4223)),.UNSPECIFIED.,.F.,.F.,.F.,(2,2),(2,2),(0.,1.E-02),(
    -1.419588414634E-02,0.),.PIECEWISE_BEZIER_KNOTS.);
#4220 = CARTESIAN_POINT('',(-6.058177897252E-02,-4.44882364839E-02,
    2.00001E-02));
#4221 = CARTESIAN_POINT('',(-4.638589482618E-02,-4.44882364839E-02,
    2.00001E-02));
#4222 = CARTESIAN_POINT('',(-6.058177897252E-02,-4.44882364839E-02,
    1.00001E-02));
#4223 = CARTESIAN_POINT('',(-4.638589482618E-02,-4.44882364839E-02,
    1.00001E-02));
#4224 = ADVANCED_FACE('',(#4225),#4235,.T.);
#4225 = FACE_BOUND('',#4226,.T.);
#4226 = EDGE_LOOP('',(#4227,#4232,#4233,#4234));
#4227 = ORIENTED_EDGE('',*,*,#4228,.F.);
#4228 = EDGE_CURVE('',#4035,#4207,#4229,.T.);
#4229 = B_SPLINE_CURVE_WITH_KNOTS('',1,(#4230,#4231),.UNSPECIFIED.,.F.,
  .F.,(2,2),(0.,7.80487804878E-02),.PIECEWISE_BEZIER_KNOTS.);
#4230 = CARTESIAN_POINT('',(-4.638589482618E-02,3.356054400391E-02,
    1.00001E-02));
#4231 = CARTESIAN_POINT('',(-4.638589482618E-02,-4.44882364839E-02,
    1.00001E-02));
#4232 = ORIENTED_EDGE('',*,*,#4047,.F.);
#4233 = ORIENTED_EDGE('',*,*,#4005,.T.);
#4234 = ORIENTED_EDGE('',*,*,#4213,.T.);
#4235 = B_SPLINE_SURFACE_WITH_KNOTS('',1,1,(
    (#4236,#4237)
    ,(#4238,#4239
    )),.UNSPECIFIED.,.F.,.F.,.F.,(2,2),(2,2),(0.,1.E-02),(
    -7.80487804878E-02,1.129377263006E-18),.PIECEWISE_BEZIER_KNOTS.);
#4236 = CARTESIAN_POINT('',(-4.638589482618E-02,-4.44882364839E-02,
    2.00001E-02));
#4237 = CARTESIAN_POINT('',(-4.638589482618E-02,3.356054400391E-02,
    2.00001E-02));
#4238 = CARTESIAN_POINT('',(-4.638589482618E-02,-4.44882364839E-02,
    1.00001E-02));
#4239 = CARTESIAN_POINT('',(-4.638589482618E-02,3.356054400391E-02,
    1.00001E-02));
#4240 = ADVANCED_FACE('',(#4241),#4263,.T.);
#4241 = FACE_BOUND('',#4242,.T.);
#4242 = EDGE_LOOP('',(#4243,#4244,#4251,#4258));
#4243 = ORIENTED_EDGE('',*,*,#1784,.F.);
#4244 = ORIENTED_EDGE('',*,*,#4245,.F.);
#4245 = EDGE_CURVE('',#4246,#1778,#4248,.T.);
#4246 = VERTEX_POINT('',#4247);
#4247 = CARTESIAN_POINT('',(-1.345906555789E-02,-4.44882364839E-02,
    2.00001E-02));
#4248 = B_SPLINE_CURVE_WITH_KNOTS('',1,(#4249,#4250),.UNSPECIFIED.,.F.,
  .F.,(2,2),(0.,1.E-02),.PIECEWISE_BEZIER_KNOTS.);
#4249 = CARTESIAN_POINT('',(-1.345906555789E-02,-4.44882364839E-02,
    2.00001E-02));
#4250 = CARTESIAN_POINT('',(-1.345906555789E-02,-4.44882364839E-02,
    1.00001E-02));
#4251 = ORIENTED_EDGE('',*,*,#4252,.T.);
#4252 = EDGE_CURVE('',#4246,#4253,#4255,.T.);
#4253 = VERTEX_POINT('',#4254);
#4254 = CARTESIAN_POINT('',(-1.345906555789E-02,-5.546384624E-02,
    2.00001E-02));
#4255 = B_SPLINE_CURVE_WITH_KNOTS('',1,(#4256,#4257),.UNSPECIFIED.,.F.,
  .F.,(2,2),(0.,1.09756097561E-02),.PIECEWISE_BEZIER_KNOTS.);
#4256 = CARTESIAN_POINT('',(-1.345906555789E-02,-4.44882364839E-02,
    2.00001E-02));
#4257 = CARTESIAN_POINT('',(-1.345906555789E-02,-5.546384624E-02,
    2.00001E-02));
#4258 = ORIENTED_EDGE('',*,*,#4259,.T.);
#4259 = EDGE_CURVE('',#4253,#1785,#4260,.T.);
#4260 = B_SPLINE_CURVE_WITH_KNOTS('',1,(#4261,#4262),.UNSPECIFIED.,.F.,
  .F.,(2,2),(0.,1.E-02),.PIECEWISE_BEZIER_KNOTS.);
#4261 = CARTESIAN_POINT('',(-1.345906555789E-02,-5.546384624E-02,
    2.00001E-02));
#4262 = CARTESIAN_POINT('',(-1.345906555789E-02,-5.546384624E-02,
    1.00001E-02));
#4263 = B_SPLINE_SURFACE_WITH_KNOTS('',1,1,(
    (#4264,#4265)
    ,(#4266,#4267
    )),.UNSPECIFIED.,.F.,.F.,.F.,(2,2),(2,2),(0.,1.E-02),(
    -1.09756097561E-02,6.938893903907E-18),.PIECEWISE_BEZIER_KNOTS.);
#4264 = CARTESIAN_POINT('',(-1.345906555789E-02,-5.546384624E-02,
    2.00001E-02));
#4265 = CARTESIAN_POINT('',(-1.345906555789E-02,-4.44882364839E-02,
    2.00001E-02));
#4266 = CARTESIAN_POINT('',(-1.345906555789E-02,-5.546384624E-02,
    1.00001E-02));
#4267 = CARTESIAN_POINT('',(-1.345906555789E-02,-4.44882364839E-02,
    1.00001E-02));
#4268 = ADVANCED_FACE('',(#4269),#4285,.T.);
#4269 = FACE_BOUND('',#4270,.T.);
#4270 = EDGE_LOOP('',(#4271,#4272,#4273,#4280));
#4271 = ORIENTED_EDGE('',*,*,#1791,.F.);
#4272 = ORIENTED_EDGE('',*,*,#4259,.F.);
#4273 = ORIENTED_EDGE('',*,*,#4274,.T.);
#4274 = EDGE_CURVE('',#4253,#4275,#4277,.T.);
#4275 = VERTEX_POINT('',#4276);
#4276 = CARTESIAN_POINT('',(4.019947102748E-02,-5.546384624E-02,
    2.00001E-02));
#4277 = B_SPLINE_CURVE_WITH_KNOTS('',1,(#4278,#4279),.UNSPECIFIED.,.F.,
  .F.,(2,2),(0.,5.365853658537E-02),.PIECEWISE_BEZIER_KNOTS.);
#4278 = CARTESIAN_POINT('',(-1.345906555789E-02,-5.546384624E-02,
    2.00001E-02));
#4279 = CARTESIAN_POINT('',(4.019947102748E-02,-5.546384624E-02,
    2.00001E-02));
#4280 = ORIENTED_EDGE('',*,*,#4281,.T.);
#4281 = EDGE_CURVE('',#4275,#1792,#4282,.T.);
#4282 = B_SPLINE_CURVE_WITH_KNOTS('',1,(#4283,#4284),.UNSPECIFIED.,.F.,
  .F.,(2,2),(0.,1.E-02),.PIECEWISE_BEZIER_KNOTS.);
#4283 = CARTESIAN_POINT('',(4.019947102748E-02,-5.546384624E-02,
    2.00001E-02));
#4284 = CARTESIAN_POINT('',(4.019947102748E-02,-5.546384624E-02,
    1.00001E-02));
#4285 = B_SPLINE_SURFACE_WITH_KNOTS('',1,1,(
    (#4286,#4287)
    ,(#4288,#4289
    )),.UNSPECIFIED.,.F.,.F.,.F.,(2,2),(2,2),(-1.E-02,0.),(0.,
    5.365853658537E-02),.PIECEWISE_BEZIER_KNOTS.);
#4286 = CARTESIAN_POINT('',(-1.345906555789E-02,-5.546384624E-02,
    1.00001E-02));
#4287 = CARTESIAN_POINT('',(4.019947102748E-02,-5.546384624E-02,
    1.00001E-02));
#4288 = CARTESIAN_POINT('',(-1.345906555789E-02,-5.546384624E-02,
    2.00001E-02));
#4289 = CARTESIAN_POINT('',(4.019947102748E-02,-5.546384624E-02,
    2.00001E-02));
#4290 = ADVANCED_FACE('',(#4291),#4307,.T.);
#4291 = FACE_BOUND('',#4292,.T.);
#4292 = EDGE_LOOP('',(#4293,#4294,#4295,#4302));
#4293 = ORIENTED_EDGE('',*,*,#1798,.F.);
#4294 = ORIENTED_EDGE('',*,*,#4281,.F.);
#4295 = ORIENTED_EDGE('',*,*,#4296,.T.);
#4296 = EDGE_CURVE('',#4275,#4297,#4299,.T.);
#4297 = VERTEX_POINT('',#4298);
#4298 = CARTESIAN_POINT('',(4.019947102748E-02,4.453615376E-02,
    2.00001E-02));
#4299 = B_SPLINE_CURVE_WITH_KNOTS('',1,(#4300,#4301),.UNSPECIFIED.,.F.,
  .F.,(2,2),(0.,0.1),.PIECEWISE_BEZIER_KNOTS.);
#4300 = CARTESIAN_POINT('',(4.019947102748E-02,-5.546384624E-02,
    2.00001E-02));
#4301 = CARTESIAN_POINT('',(4.019947102748E-02,4.453615376E-02,
    2.00001E-02));
#4302 = ORIENTED_EDGE('',*,*,#4303,.T.);
#4303 = EDGE_CURVE('',#4297,#1799,#4304,.T.);
#4304 = B_SPLINE_CURVE_WITH_KNOTS('',1,(#4305,#4306),.UNSPECIFIED.,.F.,
  .F.,(2,2),(0.,1.E-02),.PIECEWISE_BEZIER_KNOTS.);
#4305 = CARTESIAN_POINT('',(4.019947102748E-02,4.453615376E-02,
    2.00001E-02));
#4306 = CARTESIAN_POINT('',(4.019947102748E-02,4.453615376E-02,
    1.00001E-02));
#4307 = B_SPLINE_SURFACE_WITH_KNOTS('',1,1,(
    (#4308,#4309)
    ,(#4310,#4311
    )),.UNSPECIFIED.,.F.,.F.,.F.,(2,2),(2,2),(-1.E-02,0.),(0.,0.1),
  .PIECEWISE_BEZIER_KNOTS.);
#4308 = CARTESIAN_POINT('',(4.019947102748E-02,-5.546384624E-02,
    1.00001E-02));
#4309 = CARTESIAN_POINT('',(4.019947102748E-02,4.453615376E-02,
    1.00001E-02));
#4310 = CARTESIAN_POINT('',(4.019947102748E-02,-5.546384624E-02,
    2.00001E-02));
#4311 = CARTESIAN_POINT('',(4.019947102748E-02,4.453615376E-02,
    2.00001E-02));
#4312 = ADVANCED_FACE('',(#4313),#4329,.T.);
#4313 = FACE_BOUND('',#4314,.T.);
#4314 = EDGE_LOOP('',(#4315,#4316,#4317,#4324));
#4315 = ORIENTED_EDGE('',*,*,#1805,.F.);
#4316 = ORIENTED_EDGE('',*,*,#4303,.F.);
#4317 = ORIENTED_EDGE('',*,*,#4318,.T.);
#4318 = EDGE_CURVE('',#4297,#4319,#4321,.T.);
#4319 = VERTEX_POINT('',#4320);
#4320 = CARTESIAN_POINT('',(-1.102004116764E-02,4.453615376E-02,
    2.00001E-02));
#4321 = B_SPLINE_CURVE_WITH_KNOTS('',1,(#4322,#4323),.UNSPECIFIED.,.F.,
  .F.,(2,2),(0.,5.121951219512E-02),.PIECEWISE_BEZIER_KNOTS.);
#4322 = CARTESIAN_POINT('',(4.019947102748E-02,4.453615376E-02,
    2.00001E-02));
#4323 = CARTESIAN_POINT('',(-1.102004116764E-02,4.453615376E-02,
    2.00001E-02));
#4324 = ORIENTED_EDGE('',*,*,#4325,.T.);
#4325 = EDGE_CURVE('',#4319,#1806,#4326,.T.);
#4326 = B_SPLINE_CURVE_WITH_KNOTS('',1,(#4327,#4328),.UNSPECIFIED.,.F.,
  .F.,(2,2),(0.,1.E-02),.PIECEWISE_BEZIER_KNOTS.);
#4327 = CARTESIAN_POINT('',(-1.102004116764E-02,4.453615376E-02,
    2.00001E-02));
#4328 = CARTESIAN_POINT('',(-1.102004116764E-02,4.453615376E-02,
    1.00001E-02));
#4329 = B_SPLINE_SURFACE_WITH_KNOTS('',1,1,(
    (#4330,#4331)
    ,(#4332,#4333)),.UNSPECIFIED.,.F.,.F.,.F.,(2,2),(2,2),(0.,1.E-02),(
    -5.121951219512E-02,0.),.PIECEWISE_BEZIER_KNOTS.);
#4330 = CARTESIAN_POINT('',(-1.102004116764E-02,4.453615376E-02,
    2.00001E-02));
#4331 = CARTESIAN_POINT('',(4.019947102748E-02,4.453615376E-02,
    2.00001E-02));
#4332 = CARTESIAN_POINT('',(-1.102004116764E-02,4.453615376E-02,
    1.00001E-02));
#4333 = CARTESIAN_POINT('',(4.019947102748E-02,4.453615376E-02,
    1.00001E-02));
#4334 = ADVANCED_FACE('',(#4335),#4351,.T.);
#4335 = FACE_BOUND('',#4336,.T.);
#4336 = EDGE_LOOP('',(#4337,#4338,#4339,#4346));
#4337 = ORIENTED_EDGE('',*,*,#1812,.F.);
#4338 = ORIENTED_EDGE('',*,*,#4325,.F.);
#4339 = ORIENTED_EDGE('',*,*,#4340,.T.);
#4340 = EDGE_CURVE('',#4319,#4341,#4343,.T.);
#4341 = VERTEX_POINT('',#4342);
#4342 = CARTESIAN_POINT('',(-1.102004116764E-02,3.356054400391E-02,
    2.00001E-02));
#4343 = B_SPLINE_CURVE_WITH_KNOTS('',1,(#4344,#4345),.UNSPECIFIED.,.F.,
  .F.,(2,2),(0.,1.09756097561E-02),.PIECEWISE_BEZIER_KNOTS.);
#4344 = CARTESIAN_POINT('',(-1.102004116764E-02,4.453615376E-02,
    2.00001E-02));
#4345 = CARTESIAN_POINT('',(-1.102004116764E-02,3.356054400391E-02,
    2.00001E-02));
#4346 = ORIENTED_EDGE('',*,*,#4347,.T.);
#4347 = EDGE_CURVE('',#4341,#1813,#4348,.T.);
#4348 = B_SPLINE_CURVE_WITH_KNOTS('',1,(#4349,#4350),.UNSPECIFIED.,.F.,
  .F.,(2,2),(0.,1.E-02),.PIECEWISE_BEZIER_KNOTS.);
#4349 = CARTESIAN_POINT('',(-1.102004116764E-02,3.356054400391E-02,
    2.00001E-02));
#4350 = CARTESIAN_POINT('',(-1.102004116764E-02,3.356054400391E-02,
    1.00001E-02));
#4351 = B_SPLINE_SURFACE_WITH_KNOTS('',1,1,(
    (#4352,#4353)
    ,(#4354,#4355
    )),.UNSPECIFIED.,.F.,.F.,.F.,(2,2),(2,2),(0.,1.E-02),(
    -1.09756097561E-02,1.129377263006E-18),.PIECEWISE_BEZIER_KNOTS.);
#4352 = CARTESIAN_POINT('',(-1.102004116764E-02,3.356054400391E-02,
    2.00001E-02));
#4353 = CARTESIAN_POINT('',(-1.102004116764E-02,4.453615376E-02,
    2.00001E-02));
#4354 = CARTESIAN_POINT('',(-1.102004116764E-02,3.356054400391E-02,
    1.00001E-02));
#4355 = CARTESIAN_POINT('',(-1.102004116764E-02,4.453615376E-02,
    1.00001E-02));
#4356 = ADVANCED_FACE('',(#4357),#4373,.T.);
#4357 = FACE_BOUND('',#4358,.T.);
#4358 = EDGE_LOOP('',(#4359,#4360,#4361,#4368));
#4359 = ORIENTED_EDGE('',*,*,#1819,.F.);
#4360 = ORIENTED_EDGE('',*,*,#4347,.F.);
#4361 = ORIENTED_EDGE('',*,*,#4362,.T.);
#4362 = EDGE_CURVE('',#4341,#4363,#4365,.T.);
#4363 = VERTEX_POINT('',#4364);
#4364 = CARTESIAN_POINT('',(2.678483688114E-02,3.356054400391E-02,
    2.00001E-02));
#4365 = B_SPLINE_CURVE_WITH_KNOTS('',1,(#4366,#4367),.UNSPECIFIED.,.F.,
  .F.,(2,2),(0.,3.780487804878E-02),.PIECEWISE_BEZIER_KNOTS.);
#4366 = CARTESIAN_POINT('',(-1.102004116764E-02,3.356054400391E-02,
    2.00001E-02));
#4367 = CARTESIAN_POINT('',(2.678483688114E-02,3.356054400391E-02,
    2.00001E-02));
#4368 = ORIENTED_EDGE('',*,*,#4369,.T.);
#4369 = EDGE_CURVE('',#4363,#1820,#4370,.T.);
#4370 = B_SPLINE_CURVE_WITH_KNOTS('',1,(#4371,#4372),.UNSPECIFIED.,.F.,
  .F.,(2,2),(0.,1.E-02),.PIECEWISE_BEZIER_KNOTS.);
#4371 = CARTESIAN_POINT('',(2.678483688114E-02,3.356054400391E-02,
    2.00001E-02));
#4372 = CARTESIAN_POINT('',(2.678483688114E-02,3.356054400391E-02,
    1.00001E-02));
#4373 = B_SPLINE_SURFACE_WITH_KNOTS('',1,1,(
    (#4374,#4375)
    ,(#4376,#4377
    )),.UNSPECIFIED.,.F.,.F.,.F.,(2,2),(2,2),(-1.E-02,0.),(0.,
    3.780487804878E-02),.PIECEWISE_BEZIER_KNOTS.);
#4374 = CARTESIAN_POINT('',(-1.102004116764E-02,3.356054400391E-02,
    1.00001E-02));
#4375 = CARTESIAN_POINT('',(2.678483688114E-02,3.356054400391E-02,
    1.00001E-02));
#4376 = CARTESIAN_POINT('',(-1.102004116764E-02,3.356054400391E-02,
    2.00001E-02));
#4377 = CARTESIAN_POINT('',(2.678483688114E-02,3.356054400391E-02,
    2.00001E-02));
#4378 = ADVANCED_FACE('',(#4379),#4395,.T.);
#4379 = FACE_BOUND('',#4380,.T.);
#4380 = EDGE_LOOP('',(#4381,#4382,#4383,#4390));
#4381 = ORIENTED_EDGE('',*,*,#1826,.F.);
#4382 = ORIENTED_EDGE('',*,*,#4369,.F.);
#4383 = ORIENTED_EDGE('',*,*,#4384,.T.);
#4384 = EDGE_CURVE('',#4363,#4385,#4387,.T.);
#4385 = VERTEX_POINT('',#4386);
#4386 = CARTESIAN_POINT('',(2.678483688114E-02,6.337147356134E-04,
    2.00001E-02));
#4387 = B_SPLINE_CURVE_WITH_KNOTS('',1,(#4388,#4389),.UNSPECIFIED.,.F.,
  .F.,(2,2),(0.,3.292682926829E-02),.PIECEWISE_BEZIER_KNOTS.);
#4388 = CARTESIAN_POINT('',(2.678483688114E-02,3.356054400391E-02,
    2.00001E-02));
#4389 = CARTESIAN_POINT('',(2.678483688114E-02,6.337147356133E-04,
    2.00001E-02));
#4390 = ORIENTED_EDGE('',*,*,#4391,.T.);
#4391 = EDGE_CURVE('',#4385,#1827,#4392,.T.);
#4392 = B_SPLINE_CURVE_WITH_KNOTS('',1,(#4393,#4394),.UNSPECIFIED.,.F.,
  .F.,(2,2),(0.,1.E-02),.PIECEWISE_BEZIER_KNOTS.);
#4393 = CARTESIAN_POINT('',(2.678483688114E-02,6.337147356134E-04,
    2.00001E-02));
#4394 = CARTESIAN_POINT('',(2.678483688114E-02,6.337147356134E-04,
    1.00001E-02));
#4395 = B_SPLINE_SURFACE_WITH_KNOTS('',1,1,(
    (#4396,#4397)
    ,(#4398,#4399)),.UNSPECIFIED.,.F.,.F.,.F.,(2,2),(2,2),(0.,1.E-02),(
    -3.292682926829E-02,1.129377263006E-18),.PIECEWISE_BEZIER_KNOTS.);
#4396 = CARTESIAN_POINT('',(2.678483688114E-02,6.337147356133E-04,
    2.00001E-02));
#4397 = CARTESIAN_POINT('',(2.678483688114E-02,3.356054400391E-02,
    2.00001E-02));
#4398 = CARTESIAN_POINT('',(2.678483688114E-02,6.337147356133E-04,
    1.00001E-02));
#4399 = CARTESIAN_POINT('',(2.678483688114E-02,3.356054400391E-02,
    1.00001E-02));
#4400 = ADVANCED_FACE('',(#4401),#4417,.T.);
#4401 = FACE_BOUND('',#4402,.T.);
#4402 = EDGE_LOOP('',(#4403,#4404,#4405,#4412));
#4403 = ORIENTED_EDGE('',*,*,#1833,.F.);
#4404 = ORIENTED_EDGE('',*,*,#4391,.F.);
#4405 = ORIENTED_EDGE('',*,*,#4406,.T.);
#4406 = EDGE_CURVE('',#4385,#4407,#4409,.T.);
#4407 = VERTEX_POINT('',#4408);
#4408 = CARTESIAN_POINT('',(-8.581016777401E-03,6.337147356134E-04,
    2.00001E-02));
#4409 = B_SPLINE_CURVE_WITH_KNOTS('',1,(#4410,#4411),.UNSPECIFIED.,.F.,
  .F.,(2,2),(0.,3.536585365854E-02),.PIECEWISE_BEZIER_KNOTS.);
#4410 = CARTESIAN_POINT('',(2.678483688114E-02,6.337147356134E-04,
    2.00001E-02));
#4411 = CARTESIAN_POINT('',(-8.581016777401E-03,6.337147356134E-04,
    2.00001E-02));
#4412 = ORIENTED_EDGE('',*,*,#4413,.T.);
#4413 = EDGE_CURVE('',#4407,#1834,#4414,.T.);
#4414 = B_SPLINE_CURVE_WITH_KNOTS('',1,(#4415,#4416),.UNSPECIFIED.,.F.,
  .F.,(2,2),(0.,1.E-02),.PIECEWISE_BEZIER_KNOTS.);
#4415 = CARTESIAN_POINT('',(-8.581016777401E-03,6.337147356134E-04,
    2.00001E-02));
#4416 = CARTESIAN_POINT('',(-8.581016777401E-03,6.337147356134E-04,
    1.00001E-02));
#4417 = B_SPLINE_SURFACE_WITH_KNOTS('',1,1,(
    (#4418,#4419)
    ,(#4420,#4421)),.UNSPECIFIED.,.F.,.F.,.F.,(2,2),(2,2),(0.,1.E-02),(
    -3.536585365854E-02,0.),.PIECEWISE_BEZIER_KNOTS.);
#4418 = CARTESIAN_POINT('',(-8.581016777401E-03,6.337147356134E-04,
    2.00001E-02));
#4419 = CARTESIAN_POINT('',(2.678483688114E-02,6.337147356134E-04,
    2.00001E-02));
#4420 = CARTESIAN_POINT('',(-8.581016777401E-03,6.337147356134E-04,
    1.00001E-02));
#4421 = CARTESIAN_POINT('',(2.678483688114E-02,6.337147356134E-04,
    1.00001E-02));
#4422 = ADVANCED_FACE('',(#4423),#4439,.T.);
#4423 = FACE_BOUND('',#4424,.T.);
#4424 = EDGE_LOOP('',(#4425,#4426,#4427,#4434));
#4425 = ORIENTED_EDGE('',*,*,#1840,.F.);
#4426 = ORIENTED_EDGE('',*,*,#4413,.F.);
#4427 = ORIENTED_EDGE('',*,*,#4428,.T.);
#4428 = EDGE_CURVE('',#4407,#4429,#4431,.T.);
#4429 = VERTEX_POINT('',#4430);
#4430 = CARTESIAN_POINT('',(-8.581016777401E-03,-1.034189502048E-02,
    2.00001E-02));
#4431 = B_SPLINE_CURVE_WITH_KNOTS('',1,(#4432,#4433),.UNSPECIFIED.,.F.,
  .F.,(2,2),(0.,1.09756097561E-02),.PIECEWISE_BEZIER_KNOTS.);
#4432 = CARTESIAN_POINT('',(-8.581016777401E-03,6.337147356134E-04,
    2.00001E-02));
#4433 = CARTESIAN_POINT('',(-8.581016777401E-03,-1.034189502048E-02,
    2.00001E-02));
#4434 = ORIENTED_EDGE('',*,*,#4435,.T.);
#4435 = EDGE_CURVE('',#4429,#1841,#4436,.T.);
#4436 = B_SPLINE_CURVE_WITH_KNOTS('',1,(#4437,#4438),.UNSPECIFIED.,.F.,
  .F.,(2,2),(0.,1.E-02),.PIECEWISE_BEZIER_KNOTS.);
#4437 = CARTESIAN_POINT('',(-8.581016777401E-03,-1.034189502048E-02,
    2.00001E-02));
#4438 = CARTESIAN_POINT('',(-8.581016777401E-03,-1.034189502048E-02,
    1.00001E-02));
#4439 = B_SPLINE_SURFACE_WITH_KNOTS('',1,1,(
    (#4440,#4441)
    ,(#4442,#4443
    )),.UNSPECIFIED.,.F.,.F.,.F.,(2,2),(2,2),(0.,1.E-02),(
    -1.09756097561E-02,1.192622389734E-18),.PIECEWISE_BEZIER_KNOTS.);
#4440 = CARTESIAN_POINT('',(-8.581016777401E-03,-1.034189502048E-02,
    2.00001E-02));
#4441 = CARTESIAN_POINT('',(-8.581016777401E-03,6.337147356134E-04,
    2.00001E-02));
#4442 = CARTESIAN_POINT('',(-8.581016777401E-03,-1.034189502048E-02,
    1.00001E-02));
#4443 = CARTESIAN_POINT('',(-8.581016777401E-03,6.337147356134E-04,
    1.00001E-02));
#4444 = ADVANCED_FACE('',(#4445),#4461,.T.);
#4445 = FACE_BOUND('',#4446,.T.);
#4446 = EDGE_LOOP('',(#4447,#4448,#4449,#4456));
#4447 = ORIENTED_EDGE('',*,*,#1847,.F.);
#4448 = ORIENTED_EDGE('',*,*,#4435,.F.);
#4449 = ORIENTED_EDGE('',*,*,#4450,.T.);
#4450 = EDGE_CURVE('',#4429,#4451,#4453,.T.);
#4451 = VERTEX_POINT('',#4452);
#4452 = CARTESIAN_POINT('',(2.678483688114E-02,-1.034189502048E-02,
    2.00001E-02));
#4453 = B_SPLINE_CURVE_WITH_KNOTS('',1,(#4454,#4455),.UNSPECIFIED.,.F.,
  .F.,(2,2),(0.,3.536585365854E-02),.PIECEWISE_BEZIER_KNOTS.);
#4454 = CARTESIAN_POINT('',(-8.581016777401E-03,-1.034189502048E-02,
    2.00001E-02));
#4455 = CARTESIAN_POINT('',(2.678483688114E-02,-1.034189502048E-02,
    2.00001E-02));
#4456 = ORIENTED_EDGE('',*,*,#4457,.T.);
#4457 = EDGE_CURVE('',#4451,#1848,#4458,.T.);
#4458 = B_SPLINE_CURVE_WITH_KNOTS('',1,(#4459,#4460),.UNSPECIFIED.,.F.,
  .F.,(2,2),(0.,1.E-02),.PIECEWISE_BEZIER_KNOTS.);
#4459 = CARTESIAN_POINT('',(2.678483688114E-02,-1.034189502048E-02,
    2.00001E-02));
#4460 = CARTESIAN_POINT('',(2.678483688114E-02,-1.034189502048E-02,
    1.00001E-02));
#4461 = B_SPLINE_SURFACE_WITH_KNOTS('',1,1,(
    (#4462,#4463)
    ,(#4464,#4465
    )),.UNSPECIFIED.,.F.,.F.,.F.,(2,2),(2,2),(-1.E-02,0.),(0.,
    3.536585365854E-02),.PIECEWISE_BEZIER_KNOTS.);
#4462 = CARTESIAN_POINT('',(-8.581016777401E-03,-1.034189502048E-02,
    1.00001E-02));
#4463 = CARTESIAN_POINT('',(2.678483688114E-02,-1.034189502048E-02,
    1.00001E-02));
#4464 = CARTESIAN_POINT('',(-8.581016777401E-03,-1.034189502048E-02,
    2.00001E-02));
#4465 = CARTESIAN_POINT('',(2.678483688114E-02,-1.034189502048E-02,
    2.00001E-02));
#4466 = ADVANCED_FACE('',(#4467),#4483,.T.);
#4467 = FACE_BOUND('',#4468,.T.);
#4468 = EDGE_LOOP('',(#4469,#4470,#4471,#4478));
#4469 = ORIENTED_EDGE('',*,*,#1854,.F.);
#4470 = ORIENTED_EDGE('',*,*,#4457,.F.);
#4471 = ORIENTED_EDGE('',*,*,#4472,.T.);
#4472 = EDGE_CURVE('',#4451,#4473,#4475,.T.);
#4473 = VERTEX_POINT('',#4474);
#4474 = CARTESIAN_POINT('',(2.678483688114E-02,-4.44882364839E-02,
    2.00001E-02));
#4475 = B_SPLINE_CURVE_WITH_KNOTS('',1,(#4476,#4477),.UNSPECIFIED.,.F.,
  .F.,(2,2),(0.,3.414634146341E-02),.PIECEWISE_BEZIER_KNOTS.);
#4476 = CARTESIAN_POINT('',(2.678483688114E-02,-1.034189502048E-02,
    2.00001E-02));
#4477 = CARTESIAN_POINT('',(2.678483688114E-02,-4.44882364839E-02,
    2.00001E-02));
#4478 = ORIENTED_EDGE('',*,*,#4479,.T.);
#4479 = EDGE_CURVE('',#4473,#1776,#4480,.T.);
#4480 = B_SPLINE_CURVE_WITH_KNOTS('',1,(#4481,#4482),.UNSPECIFIED.,.F.,
  .F.,(2,2),(0.,1.E-02),.PIECEWISE_BEZIER_KNOTS.);
#4481 = CARTESIAN_POINT('',(2.678483688114E-02,-4.44882364839E-02,
    2.00001E-02));
#4482 = CARTESIAN_POINT('',(2.678483688114E-02,-4.44882364839E-02,
    1.00001E-02));
#4483 = B_SPLINE_SURFACE_WITH_KNOTS('',1,1,(
    (#4484,#4485)
    ,(#4486,#4487)),.UNSPECIFIED.,.F.,.F.,.F.,(2,2),(2,2),(0.,1.E-02),(
    -3.414634146341E-02,1.734723475977E-18),.PIECEWISE_BEZIER_KNOTS.);
#4484 = CARTESIAN_POINT('',(2.678483688114E-02,-4.44882364839E-02,
    2.00001E-02));
#4485 = CARTESIAN_POINT('',(2.678483688114E-02,-1.034189502048E-02,
    2.00001E-02));
#4486 = CARTESIAN_POINT('',(2.678483688114E-02,-4.44882364839E-02,
    1.00001E-02));
#4487 = CARTESIAN_POINT('',(2.678483688114E-02,-1.034189502048E-02,
    1.00001E-02));
#4488 = ADVANCED_FACE('',(#4489),#4499,.T.);
#4489 = FACE_BOUND('',#4490,.T.);
#4490 = EDGE_LOOP('',(#4491,#4492,#4493,#4498));
#4491 = ORIENTED_EDGE('',*,*,#1775,.F.);
#4492 = ORIENTED_EDGE('',*,*,#4479,.F.);
#4493 = ORIENTED_EDGE('',*,*,#4494,.T.);
#4494 = EDGE_CURVE('',#4473,#4246,#4495,.T.);
#4495 = B_SPLINE_CURVE_WITH_KNOTS('',1,(#4496,#4497),.UNSPECIFIED.,.F.,
  .F.,(2,2),(0.,4.024390243902E-02),.PIECEWISE_BEZIER_KNOTS.);
#4496 = CARTESIAN_POINT('',(2.678483688114E-02,-4.44882364839E-02,
    2.00001E-02));
#4497 = CARTESIAN_POINT('',(-1.345906555789E-02,-4.44882364839E-02,
    2.00001E-02));
#4498 = ORIENTED_EDGE('',*,*,#4245,.T.);
#4499 = B_SPLINE_SURFACE_WITH_KNOTS('',1,1,(
    (#4500,#4501)
    ,(#4502,#4503)),.UNSPECIFIED.,.F.,.F.,.F.,(2,2),(2,2),(0.,1.E-02),(
    -4.024390243902E-02,0.),.PIECEWISE_BEZIER_KNOTS.);
#4500 = CARTESIAN_POINT('',(-1.345906555789E-02,-4.44882364839E-02,
    2.00001E-02));
#4501 = CARTESIAN_POINT('',(2.678483688114E-02,-4.44882364839E-02,
    2.00001E-02));
#4502 = CARTESIAN_POINT('',(-1.345906555789E-02,-4.44882364839E-02,
    1.00001E-02));
#4503 = CARTESIAN_POINT('',(2.678483688114E-02,-4.44882364839E-02,
    1.00001E-02));
#4504 = ADVANCED_FACE('',(#4505),#4519,.F.);
#4505 = FACE_BOUND('',#4506,.T.);
#4506 = EDGE_LOOP('',(#4507,#4508,#4509,#4510,#4511,#4512,#4513,#4514,
    #4515,#4516,#4517,#4518));
#4507 = ORIENTED_EDGE('',*,*,#4252,.F.);
#4508 = ORIENTED_EDGE('',*,*,#4494,.F.);
#4509 = ORIENTED_EDGE('',*,*,#4472,.F.);
#4510 = ORIENTED_EDGE('',*,*,#4450,.F.);
#4511 = ORIENTED_EDGE('',*,*,#4428,.F.);
#4512 = ORIENTED_EDGE('',*,*,#4406,.F.);
#4513 = ORIENTED_EDGE('',*,*,#4384,.F.);
#4514 = ORIENTED_EDGE('',*,*,#4362,.F.);
#4515 = ORIENTED_EDGE('',*,*,#4340,.F.);
#4516 = ORIENTED_EDGE('',*,*,#4318,.F.);
#4517 = ORIENTED_EDGE('',*,*,#4296,.F.);
#4518 = ORIENTED_EDGE('',*,*,#4274,.F.);
#4519 = B_SPLINE_SURFACE_WITH_KNOTS('',1,1,(
    (#4520,#4521)
    ,(#4522,#4523
    )),.UNSPECIFIED.,.F.,.F.,.F.,(2,2),(2,2),(-1.345906555789E-02,
    4.019947102748E-02),(-5.546384624E-02,4.453615376E-02),
  .PIECEWISE_BEZIER_KNOTS.);
#4520 = CARTESIAN_POINT('',(-1.345906555789E-02,-5.546384624E-02,
    2.00001E-02));
#4521 = CARTESIAN_POINT('',(-1.345906555789E-02,4.453615376E-02,
    2.00001E-02));
#4522 = CARTESIAN_POINT('',(4.019947102748E-02,-5.546384624E-02,
    2.00001E-02));
#4523 = CARTESIAN_POINT('',(4.019947102748E-02,4.453615376E-02,
    2.00001E-02));
#4524 = ADVANCED_FACE('',(#4525),#4547,.T.);
#4525 = FACE_BOUND('',#4526,.T.);
#4526 = EDGE_LOOP('',(#4527,#4528,#4535,#4542));
#4527 = ORIENTED_EDGE('',*,*,#1879,.F.);
#4528 = ORIENTED_EDGE('',*,*,#4529,.F.);
#4529 = EDGE_CURVE('',#4530,#1864,#4532,.T.);
#4530 = VERTEX_POINT('',#4531);
#4531 = CARTESIAN_POINT('',(5.971166614943E-02,-3.930530965463E-02,
    2.00001E-02));
#4532 = B_SPLINE_CURVE_WITH_KNOTS('',1,(#4533,#4534),.UNSPECIFIED.,.F.,
  .F.,(2,2),(0.,1.E-02),.PIECEWISE_BEZIER_KNOTS.);
#4533 = CARTESIAN_POINT('',(5.971166614943E-02,-3.930530965463E-02,
    2.00001E-02));
#4534 = CARTESIAN_POINT('',(5.971166614943E-02,-3.930530965463E-02,
    1.00001E-02));
#4535 = ORIENTED_EDGE('',*,*,#4536,.T.);
#4536 = EDGE_CURVE('',#4530,#4537,#4539,.T.);
#4537 = VERTEX_POINT('',#4538);
#4538 = CARTESIAN_POINT('',(5.971166614943E-02,-5.028091941073E-02,
    2.00001E-02));
#4539 = B_SPLINE_CURVE_WITH_KNOTS('',1,(#4540,#4541),.UNSPECIFIED.,.F.,
  .F.,(2,2),(0.,1.09756097561E-02),.PIECEWISE_BEZIER_KNOTS.);
#4540 = CARTESIAN_POINT('',(5.971166614943E-02,-3.930530965463E-02,
    2.00001E-02));
#4541 = CARTESIAN_POINT('',(5.971166614943E-02,-5.028091941073E-02,
    2.00001E-02));
#4542 = ORIENTED_EDGE('',*,*,#4543,.T.);
#4543 = EDGE_CURVE('',#4537,#1880,#4544,.T.);
#4544 = B_SPLINE_CURVE_WITH_KNOTS('',1,(#4545,#4546),.UNSPECIFIED.,.F.,
  .F.,(2,2),(0.,1.E-02),.PIECEWISE_BEZIER_KNOTS.);
#4545 = CARTESIAN_POINT('',(5.971166614943E-02,-5.028091941073E-02,
    2.00001E-02));
#4546 = CARTESIAN_POINT('',(5.971166614943E-02,-5.028091941073E-02,
    1.00001E-02));
#4547 = B_SPLINE_SURFACE_WITH_KNOTS('',1,1,(
    (#4548,#4549)
    ,(#4550,#4551
    )),.UNSPECIFIED.,.F.,.F.,.F.,(2,2),(2,2),(0.,1.E-02),(
    -1.09756097561E-02,1.129377263006E-18),.PIECEWISE_BEZIER_KNOTS.);
#4548 = CARTESIAN_POINT('',(5.971166614943E-02,-5.028091941073E-02,
    2.00001E-02));
#4549 = CARTESIAN_POINT('',(5.971166614943E-02,-3.930530965463E-02,
    2.00001E-02));
#4550 = CARTESIAN_POINT('',(5.971166614943E-02,-5.028091941073E-02,
    1.00001E-02));
#4551 = CARTESIAN_POINT('',(5.971166614943E-02,-3.930530965463E-02,
    1.00001E-02));
#4552 = ADVANCED_FACE('',(#4553),#4578,.T.);
#4553 = FACE_BOUND('',#4554,.T.);
#4554 = EDGE_LOOP('',(#4555,#4556,#4557,#4573));
#4555 = ORIENTED_EDGE('',*,*,#1886,.F.);
#4556 = ORIENTED_EDGE('',*,*,#4543,.F.);
#4557 = ORIENTED_EDGE('',*,*,#4558,.T.);
#4558 = EDGE_CURVE('',#4537,#4559,#4561,.T.);
#4559 = VERTEX_POINT('',#4560);
#4560 = CARTESIAN_POINT('',(8.722691005187E-02,-5.668335843512E-02,
    2.00001E-02));
#4561 = B_SPLINE_CURVE_WITH_KNOTS('',3,(#4562,#4563,#4564,#4565,#4566,
    #4567,#4568,#4569,#4570,#4571,#4572),.UNSPECIFIED.,.F.,.F.,(4,1,1,1,
    1,1,1,1,4),(0.,0.112448389909,0.226527675213,0.344401949326,
    0.465864972487,0.591659449352,0.722168487025,0.858606387555,1.),
  .UNSPECIFIED.);
#4562 = CARTESIAN_POINT('',(5.971166614943E-02,-5.028091941073E-02,
    2.00001E-02));
#4563 = CARTESIAN_POINT('',(6.065000522693E-02,-5.079884437772E-02,
    2.00001E-02));
#4564 = CARTESIAN_POINT('',(6.254029258417E-02,-5.184220603725E-02,
    2.00001E-02));
#4565 = CARTESIAN_POINT('',(6.556325903263E-02,-5.312961504847E-02,
    2.00001E-02));
#4566 = CARTESIAN_POINT('',(6.874415232492E-02,-5.42400659095E-02,
    2.00001E-02));
#4567 = CARTESIAN_POINT('',(7.211081357286E-02,-5.512555086563E-02,
    2.00001E-02));
#4568 = CARTESIAN_POINT('',(7.564086220416E-02,-5.583719244054E-02,
    2.00001E-02));
#4569 = CARTESIAN_POINT('',(7.935300312769E-02,-5.631921277922E-02,
    2.00001E-02));
#4570 = CARTESIAN_POINT('',(8.323253002081E-02,-5.663651108036E-02,
    2.00001E-02));
#4571 = CARTESIAN_POINT('',(8.587971068851E-02,-5.666755805408E-02,
    2.00001E-02));
#4572 = CARTESIAN_POINT('',(8.722691005187E-02,-5.668335843512E-02,
    2.00001E-02));
#4573 = ORIENTED_EDGE('',*,*,#4574,.T.);
#4574 = EDGE_CURVE('',#4559,#1887,#4575,.T.);
#4575 = B_SPLINE_CURVE_WITH_KNOTS('',1,(#4576,#4577),.UNSPECIFIED.,.F.,
  .F.,(2,2),(0.,1.E-02),.PIECEWISE_BEZIER_KNOTS.);
#4576 = CARTESIAN_POINT('',(8.722691005187E-02,-5.668335843512E-02,
    2.00001E-02));
#4577 = CARTESIAN_POINT('',(8.722691005187E-02,-5.668335843512E-02,
    1.00001E-02));
#4578 = B_SPLINE_SURFACE_WITH_KNOTS('',3,1,(
    (#4579,#4580)
    ,(#4581,#4582)
    ,(#4583,#4584)
    ,(#4585,#4586)
    ,(#4587,#4588)
    ,(#4589,#4590)
    ,(#4591,#4592)
    ,(#4593,#4594)
    ,(#4595,#4596)
    ,(#4597,#4598)
    ,(#4599,#4600
  )),.UNSPECIFIED.,.F.,.F.,.F.,(4,1,1,1,1,1,1,1,4),(2,2),(0.,
    0.112448389909,0.226527675213,0.344401949326,0.465864972487,
    0.591659449352,0.722168487025,0.858606387555,1.),(0.,1.),
  .UNSPECIFIED.);
#4579 = CARTESIAN_POINT('',(5.971166614943E-02,-5.028091941073E-02,
    2.00001E-02));
#4580 = CARTESIAN_POINT('',(5.971166614943E-02,-5.028091941073E-02,
    1.00001E-02));
#4581 = CARTESIAN_POINT('',(6.065000522693E-02,-5.079884437772E-02,
    2.00001E-02));
#4582 = CARTESIAN_POINT('',(6.065000522693E-02,-5.079884437772E-02,
    1.00001E-02));
#4583 = CARTESIAN_POINT('',(6.254029258417E-02,-5.184220603725E-02,
    2.00001E-02));
#4584 = CARTESIAN_POINT('',(6.254029258417E-02,-5.184220603725E-02,
    1.00001E-02));
#4585 = CARTESIAN_POINT('',(6.556325903263E-02,-5.312961504847E-02,
    2.00001E-02));
#4586 = CARTESIAN_POINT('',(6.556325903263E-02,-5.312961504847E-02,
    1.00001E-02));
#4587 = CARTESIAN_POINT('',(6.874415232492E-02,-5.42400659095E-02,
    2.00001E-02));
#4588 = CARTESIAN_POINT('',(6.874415232492E-02,-5.42400659095E-02,
    1.00001E-02));
#4589 = CARTESIAN_POINT('',(7.211081357286E-02,-5.512555086563E-02,
    2.00001E-02));
#4590 = CARTESIAN_POINT('',(7.211081357286E-02,-5.512555086563E-02,
    1.00001E-02));
#4591 = CARTESIAN_POINT('',(7.564086220416E-02,-5.583719244054E-02,
    2.00001E-02));
#4592 = CARTESIAN_POINT('',(7.564086220416E-02,-5.583719244054E-02,
    1.00001E-02));
#4593 = CARTESIAN_POINT('',(7.935300312769E-02,-5.631921277922E-02,
    2.00001E-02));
#4594 = CARTESIAN_POINT('',(7.935300312769E-02,-5.631921277922E-02,
    1.00001E-02));
#4595 = CARTESIAN_POINT('',(8.323253002081E-02,-5.663651108036E-02,
    2.00001E-02));
#4596 = CARTESIAN_POINT('',(8.323253002081E-02,-5.663651108036E-02,
    1.00001E-02));
#4597 = CARTESIAN_POINT('',(8.587971068851E-02,-5.666755805408E-02,
    2.00001E-02));
#4598 = CARTESIAN_POINT('',(8.587971068851E-02,-5.666755805408E-02,
    1.00001E-02));
#4599 = CARTESIAN_POINT('',(8.722691005187E-02,-5.668335843512E-02,
    2.00001E-02));
#4600 = CARTESIAN_POINT('',(8.722691005187E-02,-5.668335843512E-02,
    1.00001E-02));
#4601 = ADVANCED_FACE('',(#4602),#4635,.T.);
#4602 = FACE_BOUND('',#4603,.T.);
#4603 = EDGE_LOOP('',(#4604,#4605,#4606,#4630));
#4604 = ORIENTED_EDGE('',*,*,#1902,.F.);
#4605 = ORIENTED_EDGE('',*,*,#4574,.F.);
#4606 = ORIENTED_EDGE('',*,*,#4607,.T.);
#4607 = EDGE_CURVE('',#4559,#4608,#4610,.T.);
#4608 = VERTEX_POINT('',#4609);
#4609 = CARTESIAN_POINT('',(0.134101910052,-7.350279166826E-03,
    2.00001E-02));
#4610 = B_SPLINE_CURVE_WITH_KNOTS('',3,(#4611,#4612,#4613,#4614,#4615,
    #4616,#4617,#4618,#4619,#4620,#4621,#4622,#4623,#4624,#4625,#4626,
    #4627,#4628,#4629),.UNSPECIFIED.,.F.,.F.,(4,1,1,1,1,1,1,1,1,1,1,1,1,
    1,1,1,4),(0.,6.783324845577E-02,0.132655536508,0.195050884051,
    0.255582933069,0.314799834147,0.373600472826,0.432545595327,
    0.492430629284,0.552671255963,0.612513044188,0.672610250357,
    0.733838369314,0.796594238568,0.861449799291,0.929198942351,1.),
  .UNSPECIFIED.);
#4611 = CARTESIAN_POINT('',(8.722691005187E-02,-5.668335843512E-02,
    2.00001E-02));
#4612 = CARTESIAN_POINT('',(8.896281620702E-02,-5.664464272663E-02,
    2.00001E-02));
#4613 = CARTESIAN_POINT('',(9.235757567352E-02,-5.656892981007E-02,
    2.00001E-02));
#4614 = CARTESIAN_POINT('',(9.731682186007E-02,-5.593207458418E-02,
    2.00001E-02));
#4615 = CARTESIAN_POINT('',(0.102008449538,-5.48688230945E-02,
    2.00001E-02));
#4616 = CARTESIAN_POINT('',(0.106430829162,-5.337491566331E-02,
    2.00001E-02));
#4617 = CARTESIAN_POINT('',(0.110599432288,-5.148720789336E-02,
    2.00001E-02));
#4618 = CARTESIAN_POINT('',(0.114492665136,-4.91538148539E-02,
    2.00001E-02));
#4619 = CARTESIAN_POINT('',(0.118084764003,-4.635636031587E-02,
    2.00001E-02));
#4620 = CARTESIAN_POINT('',(0.121423261802,-4.320761121259E-02,
    2.00001E-02));
#4621 = CARTESIAN_POINT('',(0.124402096966,-3.968460050648E-02,
    2.00001E-02));
#4622 = CARTESIAN_POINT('',(0.127009504998,-3.587393202473E-02,
    2.00001E-02));
#4623 = CARTESIAN_POINT('',(0.129215359856,-3.178745826199E-02,
    2.00001E-02));
#4624 = CARTESIAN_POINT('',(0.131005262006,-2.742293579326E-02,
    2.00001E-02));
#4625 = CARTESIAN_POINT('',(0.132400125348,-2.278922423401E-02,
    2.00001E-02));
#4626 = CARTESIAN_POINT('',(0.13337557903,-1.788215259076E-02,
    2.00001E-02));
#4627 = CARTESIAN_POINT('',(0.13400949276,-1.27086054022E-02,2.00001E-02
    ));
#4628 = CARTESIAN_POINT('',(0.134070655203,-9.162425736511E-03,
    2.00001E-02));
#4629 = CARTESIAN_POINT('',(0.134101910052,-7.350279166826E-03,
    2.00001E-02));
#4630 = ORIENTED_EDGE('',*,*,#4631,.T.);
#4631 = EDGE_CURVE('',#4608,#1903,#4632,.T.);
#4632 = B_SPLINE_CURVE_WITH_KNOTS('',1,(#4633,#4634),.UNSPECIFIED.,.F.,
  .F.,(2,2),(0.,1.E-02),.PIECEWISE_BEZIER_KNOTS.);
#4633 = CARTESIAN_POINT('',(0.134101910052,-7.350279166826E-03,
    2.00001E-02));
#4634 = CARTESIAN_POINT('',(0.134101910052,-7.350279166826E-03,
    1.00001E-02));
#4635 = B_SPLINE_SURFACE_WITH_KNOTS('',3,1,(
    (#4636,#4637)
    ,(#4638,#4639)
    ,(#4640,#4641)
    ,(#4642,#4643)
    ,(#4644,#4645)
    ,(#4646,#4647)
    ,(#4648,#4649)
    ,(#4650,#4651)
    ,(#4652,#4653)
    ,(#4654,#4655)
    ,(#4656,#4657)
    ,(#4658,#4659)
    ,(#4660,#4661)
    ,(#4662,#4663)
    ,(#4664,#4665)
    ,(#4666,#4667)
    ,(#4668,#4669)
    ,(#4670,#4671)
    ,(#4672,#4673
    )),.UNSPECIFIED.,.F.,.F.,.F.,(4,1,1,1,1,1,1,1,1,1,1,1,1,1,1,1,4),(2,
    2),(0.,6.783324845577E-02,0.132655536508,0.195050884051,
    0.255582933069,0.314799834147,0.373600472826,0.432545595327,
    0.492430629284,0.552671255963,0.612513044188,0.672610250357,
    0.733838369314,0.796594238568,0.861449799291,0.929198942351,1.),(0.,
    1.),.UNSPECIFIED.);
#4636 = CARTESIAN_POINT('',(8.722691005187E-02,-5.668335843512E-02,
    2.00001E-02));
#4637 = CARTESIAN_POINT('',(8.722691005187E-02,-5.668335843512E-02,
    1.00001E-02));
#4638 = CARTESIAN_POINT('',(8.896281620702E-02,-5.664464272663E-02,
    2.00001E-02));
#4639 = CARTESIAN_POINT('',(8.896281620702E-02,-5.664464272663E-02,
    1.00001E-02));
#4640 = CARTESIAN_POINT('',(9.235757567352E-02,-5.656892981007E-02,
    2.00001E-02));
#4641 = CARTESIAN_POINT('',(9.235757567352E-02,-5.656892981007E-02,
    1.00001E-02));
#4642 = CARTESIAN_POINT('',(9.731682186007E-02,-5.593207458418E-02,
    2.00001E-02));
#4643 = CARTESIAN_POINT('',(9.731682186007E-02,-5.593207458418E-02,
    1.00001E-02));
#4644 = CARTESIAN_POINT('',(0.102008449538,-5.48688230945E-02,
    2.00001E-02));
#4645 = CARTESIAN_POINT('',(0.102008449538,-5.48688230945E-02,
    1.00001E-02));
#4646 = CARTESIAN_POINT('',(0.106430829162,-5.337491566331E-02,
    2.00001E-02));
#4647 = CARTESIAN_POINT('',(0.106430829162,-5.337491566331E-02,
    1.00001E-02));
#4648 = CARTESIAN_POINT('',(0.110599432288,-5.148720789336E-02,
    2.00001E-02));
#4649 = CARTESIAN_POINT('',(0.110599432288,-5.148720789336E-02,
    1.00001E-02));
#4650 = CARTESIAN_POINT('',(0.114492665136,-4.91538148539E-02,
    2.00001E-02));
#4651 = CARTESIAN_POINT('',(0.114492665136,-4.91538148539E-02,
    1.00001E-02));
#4652 = CARTESIAN_POINT('',(0.118084764003,-4.635636031587E-02,
    2.00001E-02));
#4653 = CARTESIAN_POINT('',(0.118084764003,-4.635636031587E-02,
    1.00001E-02));
#4654 = CARTESIAN_POINT('',(0.121423261802,-4.320761121259E-02,
    2.00001E-02));
#4655 = CARTESIAN_POINT('',(0.121423261802,-4.320761121259E-02,
    1.00001E-02));
#4656 = CARTESIAN_POINT('',(0.124402096966,-3.968460050648E-02,
    2.00001E-02));
#4657 = CARTESIAN_POINT('',(0.124402096966,-3.968460050648E-02,
    1.00001E-02));
#4658 = CARTESIAN_POINT('',(0.127009504998,-3.587393202473E-02,
    2.00001E-02));
#4659 = CARTESIAN_POINT('',(0.127009504998,-3.587393202473E-02,
    1.00001E-02));
#4660 = CARTESIAN_POINT('',(0.129215359856,-3.178745826199E-02,
    2.00001E-02));
#4661 = CARTESIAN_POINT('',(0.129215359856,-3.178745826199E-02,
    1.00001E-02));
#4662 = CARTESIAN_POINT('',(0.131005262006,-2.742293579326E-02,
    2.00001E-02));
#4663 = CARTESIAN_POINT('',(0.131005262006,-2.742293579326E-02,
    1.00001E-02));
#4664 = CARTESIAN_POINT('',(0.132400125348,-2.278922423401E-02,
    2.00001E-02));
#4665 = CARTESIAN_POINT('',(0.132400125348,-2.278922423401E-02,
    1.00001E-02));
#4666 = CARTESIAN_POINT('',(0.13337557903,-1.788215259076E-02,
    2.00001E-02));
#4667 = CARTESIAN_POINT('',(0.13337557903,-1.788215259076E-02,
    1.00001E-02));
#4668 = CARTESIAN_POINT('',(0.13400949276,-1.27086054022E-02,2.00001E-02
    ));
#4669 = CARTESIAN_POINT('',(0.13400949276,-1.27086054022E-02,1.00001E-02
    ));
#4670 = CARTESIAN_POINT('',(0.134070655203,-9.162425736511E-03,
    2.00001E-02));
#4671 = CARTESIAN_POINT('',(0.134070655203,-9.162425736511E-03,
    1.00001E-02));
#4672 = CARTESIAN_POINT('',(0.134101910052,-7.350279166826E-03,
    2.00001E-02));
#4673 = CARTESIAN_POINT('',(0.134101910052,-7.350279166826E-03,
    1.00001E-02));
#4674 = ADVANCED_FACE('',(#4675),#4708,.T.);
#4675 = FACE_BOUND('',#4676,.T.);
#4676 = EDGE_LOOP('',(#4677,#4678,#4679,#4703));
#4677 = ORIENTED_EDGE('',*,*,#1926,.F.);
#4678 = ORIENTED_EDGE('',*,*,#4631,.F.);
#4679 = ORIENTED_EDGE('',*,*,#4680,.T.);
#4680 = EDGE_CURVE('',#4608,#4681,#4683,.T.);
#4681 = VERTEX_POINT('',#4682);
#4682 = CARTESIAN_POINT('',(8.324444053967E-02,4.575566595513E-02,
    2.00001E-02));
#4683 = B_SPLINE_CURVE_WITH_KNOTS('',3,(#4684,#4685,#4686,#4687,#4688,
    #4689,#4690,#4691,#4692,#4693,#4694,#4695,#4696,#4697,#4698,#4699,
    #4700,#4701,#4702),.UNSPECIFIED.,.F.,.F.,(4,1,1,1,1,1,1,1,1,1,1,1,1,
    1,1,1,4),(0.,7.064371857535E-02,0.138256715509,0.203364124218,
    0.266324093803,0.327904761543,0.388737715173,0.449423528109,
    0.510861011459,0.572079396048,0.631734428731,0.691117210579,
    0.75036002949,0.810032900531,0.871362450829,0.934427141231,1.),
  .UNSPECIFIED.);
#4684 = CARTESIAN_POINT('',(0.134101910052,-7.350279166826E-03,
    2.00001E-02));
#4685 = CARTESIAN_POINT('',(0.134058357706,-5.404728055846E-03,
    2.00001E-02));
#4686 = CARTESIAN_POINT('',(0.133973121476,-1.597092898987E-03,
    2.00001E-02));
#4687 = CARTESIAN_POINT('',(0.133295609908,3.970602938726E-03,
    2.00001E-02));
#4688 = CARTESIAN_POINT('',(0.132183924067,9.250002484246E-03,
    2.00001E-02));
#4689 = CARTESIAN_POINT('',(0.130592955634,1.423309175219E-02,
    2.00001E-02));
#4690 = CARTESIAN_POINT('',(0.128566986612,1.892660571056E-02,
    2.00001E-02));
#4691 = CARTESIAN_POINT('',(0.12610429513,2.333678949996E-02,2.00001E-02
    ));
#4692 = CARTESIAN_POINT('',(0.123164865013,2.744092047869E-02,
    2.00001E-02));
#4693 = CARTESIAN_POINT('',(0.119795507564,3.121110308072E-02,
    2.00001E-02));
#4694 = CARTESIAN_POINT('',(0.116107712092,3.462845373084E-02,
    2.00001E-02));
#4695 = CARTESIAN_POINT('',(0.112128596374,3.76104960116E-02,2.00001E-02
    ));
#4696 = CARTESIAN_POINT('',(0.107906158383,4.013057090057E-02,
    2.00001E-02));
#4697 = CARTESIAN_POINT('',(0.103446374773,4.220529654157E-02,
    2.00001E-02));
#4698 = CARTESIAN_POINT('',(9.873285063967E-02,4.378902282805E-02,
    2.00001E-02));
#4699 = CARTESIAN_POINT('',(9.378763926157E-02,4.492641297681E-02,
    2.00001E-02));
#4700 = CARTESIAN_POINT('',(8.859370944913E-02,4.563120581594E-02,
    2.00001E-02));
#4701 = CARTESIAN_POINT('',(8.505055823664E-02,4.571364345378E-02,
    2.00001E-02));
#4702 = CARTESIAN_POINT('',(8.324444053967E-02,4.575566595513E-02,
    2.00001E-02));
#4703 = ORIENTED_EDGE('',*,*,#4704,.T.);
#4704 = EDGE_CURVE('',#4681,#1927,#4705,.T.);
#4705 = B_SPLINE_CURVE_WITH_KNOTS('',1,(#4706,#4707),.UNSPECIFIED.,.F.,
  .F.,(2,2),(0.,1.E-02),.PIECEWISE_BEZIER_KNOTS.);
#4706 = CARTESIAN_POINT('',(8.324444053967E-02,4.575566595513E-02,
    2.00001E-02));
#4707 = CARTESIAN_POINT('',(8.324444053967E-02,4.575566595513E-02,
    1.00001E-02));
#4708 = B_SPLINE_SURFACE_WITH_KNOTS('',3,1,(
    (#4709,#4710)
    ,(#4711,#4712)
    ,(#4713,#4714)
    ,(#4715,#4716)
    ,(#4717,#4718)
    ,(#4719,#4720)
    ,(#4721,#4722)
    ,(#4723,#4724)
    ,(#4725,#4726)
    ,(#4727,#4728)
    ,(#4729,#4730)
    ,(#4731,#4732)
    ,(#4733,#4734)
    ,(#4735,#4736)
    ,(#4737,#4738)
    ,(#4739,#4740)
    ,(#4741,#4742)
    ,(#4743,#4744)
    ,(#4745,#4746
    )),.UNSPECIFIED.,.F.,.F.,.F.,(4,1,1,1,1,1,1,1,1,1,1,1,1,1,1,1,4),(2,
    2),(0.,7.064371857535E-02,0.138256715509,0.203364124218,
    0.266324093803,0.327904761543,0.388737715173,0.449423528109,
    0.510861011459,0.572079396048,0.631734428731,0.691117210579,
    0.75036002949,0.810032900531,0.871362450829,0.934427141231,1.),(0.,
    1.),.UNSPECIFIED.);
#4709 = CARTESIAN_POINT('',(0.134101910052,-7.350279166826E-03,
    2.00001E-02));
#4710 = CARTESIAN_POINT('',(0.134101910052,-7.350279166826E-03,
    1.00001E-02));
#4711 = CARTESIAN_POINT('',(0.134058357706,-5.404728055846E-03,
    2.00001E-02));
#4712 = CARTESIAN_POINT('',(0.134058357706,-5.404728055846E-03,
    1.00001E-02));
#4713 = CARTESIAN_POINT('',(0.133973121476,-1.597092898987E-03,
    2.00001E-02));
#4714 = CARTESIAN_POINT('',(0.133973121476,-1.597092898987E-03,
    1.00001E-02));
#4715 = CARTESIAN_POINT('',(0.133295609908,3.970602938726E-03,
    2.00001E-02));
#4716 = CARTESIAN_POINT('',(0.133295609908,3.970602938726E-03,
    1.00001E-02));
#4717 = CARTESIAN_POINT('',(0.132183924067,9.250002484246E-03,
    2.00001E-02));
#4718 = CARTESIAN_POINT('',(0.132183924067,9.250002484246E-03,
    1.00001E-02));
#4719 = CARTESIAN_POINT('',(0.130592955634,1.423309175219E-02,
    2.00001E-02));
#4720 = CARTESIAN_POINT('',(0.130592955634,1.423309175219E-02,
    1.00001E-02));
#4721 = CARTESIAN_POINT('',(0.128566986612,1.892660571056E-02,
    2.00001E-02));
#4722 = CARTESIAN_POINT('',(0.128566986612,1.892660571056E-02,
    1.00001E-02));
#4723 = CARTESIAN_POINT('',(0.12610429513,2.333678949996E-02,2.00001E-02
    ));
#4724 = CARTESIAN_POINT('',(0.12610429513,2.333678949996E-02,1.00001E-02
    ));
#4725 = CARTESIAN_POINT('',(0.123164865013,2.744092047869E-02,
    2.00001E-02));
#4726 = CARTESIAN_POINT('',(0.123164865013,2.744092047869E-02,
    1.00001E-02));
#4727 = CARTESIAN_POINT('',(0.119795507564,3.121110308072E-02,
    2.00001E-02));
#4728 = CARTESIAN_POINT('',(0.119795507564,3.121110308072E-02,
    1.00001E-02));
#4729 = CARTESIAN_POINT('',(0.116107712092,3.462845373084E-02,
    2.00001E-02));
#4730 = CARTESIAN_POINT('',(0.116107712092,3.462845373084E-02,
    1.00001E-02));
#4731 = CARTESIAN_POINT('',(0.112128596374,3.76104960116E-02,2.00001E-02
    ));
#4732 = CARTESIAN_POINT('',(0.112128596374,3.76104960116E-02,1.00001E-02
    ));
#4733 = CARTESIAN_POINT('',(0.107906158383,4.013057090057E-02,
    2.00001E-02));
#4734 = CARTESIAN_POINT('',(0.107906158383,4.013057090057E-02,
    1.00001E-02));
#4735 = CARTESIAN_POINT('',(0.103446374773,4.220529654157E-02,
    2.00001E-02));
#4736 = CARTESIAN_POINT('',(0.103446374773,4.220529654157E-02,
    1.00001E-02));
#4737 = CARTESIAN_POINT('',(9.873285063967E-02,4.378902282805E-02,
    2.00001E-02));
#4738 = CARTESIAN_POINT('',(9.873285063967E-02,4.378902282805E-02,
    1.00001E-02));
#4739 = CARTESIAN_POINT('',(9.378763926157E-02,4.492641297681E-02,
    2.00001E-02));
#4740 = CARTESIAN_POINT('',(9.378763926157E-02,4.492641297681E-02,
    1.00001E-02));
#4741 = CARTESIAN_POINT('',(8.859370944913E-02,4.563120581594E-02,
    2.00001E-02));
#4742 = CARTESIAN_POINT('',(8.859370944913E-02,4.563120581594E-02,
    1.00001E-02));
#4743 = CARTESIAN_POINT('',(8.505055823664E-02,4.571364345378E-02,
    2.00001E-02));
#4744 = CARTESIAN_POINT('',(8.505055823664E-02,4.571364345378E-02,
    1.00001E-02));
#4745 = CARTESIAN_POINT('',(8.324444053967E-02,4.575566595513E-02,
    2.00001E-02));
#4746 = CARTESIAN_POINT('',(8.324444053967E-02,4.575566595513E-02,
    1.00001E-02));
#4747 = ADVANCED_FACE('',(#4748),#4773,.T.);
#4748 = FACE_BOUND('',#4749,.T.);
#4749 = EDGE_LOOP('',(#4750,#4751,#4752,#4768));
#4750 = ORIENTED_EDGE('',*,*,#1950,.F.);
#4751 = ORIENTED_EDGE('',*,*,#4704,.F.);
#4752 = ORIENTED_EDGE('',*,*,#4753,.T.);
#4753 = EDGE_CURVE('',#4681,#4754,#4756,.T.);
#4754 = VERTEX_POINT('',#4755);
#4755 = CARTESIAN_POINT('',(5.971166614943E-02,4.179225132098E-02,
    2.00001E-02));
#4756 = B_SPLINE_CURVE_WITH_KNOTS('',3,(#4757,#4758,#4759,#4760,#4761,
    #4762,#4763,#4764,#4765,#4766,#4767),.UNSPECIFIED.,.F.,.F.,(4,1,1,1,
    1,1,1,1,4),(0.,0.145186866472,0.28344261092,0.416524365929,
    0.543181123535,0.665153082638,0.781360206313,0.892756655642,1.),
  .UNSPECIFIED.);
#4757 = CARTESIAN_POINT('',(8.324444053967E-02,4.575566595513E-02,
    2.00001E-02));
#4758 = CARTESIAN_POINT('',(8.208175447729E-02,4.574733151156E-02,
    2.00001E-02));
#4759 = CARTESIAN_POINT('',(7.981188819249E-02,4.57310605051E-02,
    2.00001E-02));
#4760 = CARTESIAN_POINT('',(7.648196369562E-02,4.552702057852E-02,
    2.00001E-02));
#4761 = CARTESIAN_POINT('',(7.330723598282E-02,4.52386497067E-02,
    2.00001E-02));
#4762 = CARTESIAN_POINT('',(7.028311084876E-02,4.478898753311E-02,
    2.00001E-02));
#4763 = CARTESIAN_POINT('',(6.740974390068E-02,4.425371159392E-02,
    2.00001E-02));
#4764 = CARTESIAN_POINT('',(6.469789920456E-02,4.355595374138E-02,
    2.00001E-02));
#4765 = CARTESIAN_POINT('',(6.213052957112E-02,4.277412131285E-02,
    2.00001E-02));
#4766 = CARTESIAN_POINT('',(6.050767850049E-02,4.211537028407E-02,
    2.00001E-02));
#4767 = CARTESIAN_POINT('',(5.971166614943E-02,4.179225132098E-02,
    2.00001E-02));
#4768 = ORIENTED_EDGE('',*,*,#4769,.T.);
#4769 = EDGE_CURVE('',#4754,#1951,#4770,.T.);
#4770 = B_SPLINE_CURVE_WITH_KNOTS('',1,(#4771,#4772),.UNSPECIFIED.,.F.,
  .F.,(2,2),(0.,1.E-02),.PIECEWISE_BEZIER_KNOTS.);
#4771 = CARTESIAN_POINT('',(5.971166614943E-02,4.179225132098E-02,
    2.00001E-02));
#4772 = CARTESIAN_POINT('',(5.971166614943E-02,4.179225132098E-02,
    1.00001E-02));
#4773 = B_SPLINE_SURFACE_WITH_KNOTS('',3,1,(
    (#4774,#4775)
    ,(#4776,#4777)
    ,(#4778,#4779)
    ,(#4780,#4781)
    ,(#4782,#4783)
    ,(#4784,#4785)
    ,(#4786,#4787)
    ,(#4788,#4789)
    ,(#4790,#4791)
    ,(#4792,#4793)
    ,(#4794,#4795
  )),.UNSPECIFIED.,.F.,.F.,.F.,(4,1,1,1,1,1,1,1,4),(2,2),(0.,
    0.145186866472,0.28344261092,0.416524365929,0.543181123535,
    0.665153082638,0.781360206313,0.892756655642,1.),(0.,1.),
  .UNSPECIFIED.);
#4774 = CARTESIAN_POINT('',(8.324444053967E-02,4.575566595513E-02,
    2.00001E-02));
#4775 = CARTESIAN_POINT('',(8.324444053967E-02,4.575566595513E-02,
    1.00001E-02));
#4776 = CARTESIAN_POINT('',(8.208175447729E-02,4.574733151156E-02,
    2.00001E-02));
#4777 = CARTESIAN_POINT('',(8.208175447729E-02,4.574733151156E-02,
    1.00001E-02));
#4778 = CARTESIAN_POINT('',(7.981188819249E-02,4.57310605051E-02,
    2.00001E-02));
#4779 = CARTESIAN_POINT('',(7.981188819249E-02,4.57310605051E-02,
    1.00001E-02));
#4780 = CARTESIAN_POINT('',(7.648196369562E-02,4.552702057852E-02,
    2.00001E-02));
#4781 = CARTESIAN_POINT('',(7.648196369562E-02,4.552702057852E-02,
    1.00001E-02));
#4782 = CARTESIAN_POINT('',(7.330723598282E-02,4.52386497067E-02,
    2.00001E-02));
#4783 = CARTESIAN_POINT('',(7.330723598282E-02,4.52386497067E-02,
    1.00001E-02));
#4784 = CARTESIAN_POINT('',(7.028311084876E-02,4.478898753311E-02,
    2.00001E-02));
#4785 = CARTESIAN_POINT('',(7.028311084876E-02,4.478898753311E-02,
    1.00001E-02));
#4786 = CARTESIAN_POINT('',(6.740974390068E-02,4.425371159392E-02,
    2.00001E-02));
#4787 = CARTESIAN_POINT('',(6.740974390068E-02,4.425371159392E-02,
    1.00001E-02));
#4788 = CARTESIAN_POINT('',(6.469789920456E-02,4.355595374138E-02,
    2.00001E-02));
#4789 = CARTESIAN_POINT('',(6.469789920456E-02,4.355595374138E-02,
    1.00001E-02));
#4790 = CARTESIAN_POINT('',(6.213052957112E-02,4.277412131285E-02,
    2.00001E-02));
#4791 = CARTESIAN_POINT('',(6.213052957112E-02,4.277412131285E-02,
    1.00001E-02));
#4792 = CARTESIAN_POINT('',(6.050767850049E-02,4.211537028407E-02,
    2.00001E-02));
#4793 = CARTESIAN_POINT('',(6.050767850049E-02,4.211537028407E-02,
    1.00001E-02));
#4794 = CARTESIAN_POINT('',(5.971166614943E-02,4.179225132098E-02,
    2.00001E-02));
#4795 = CARTESIAN_POINT('',(5.971166614943E-02,4.179225132098E-02,
    1.00001E-02));
#4796 = ADVANCED_FACE('',(#4797),#4813,.T.);
#4797 = FACE_BOUND('',#4798,.T.);
#4798 = EDGE_LOOP('',(#4799,#4800,#4801,#4808));
#4799 = ORIENTED_EDGE('',*,*,#1966,.F.);
#4800 = ORIENTED_EDGE('',*,*,#4769,.F.);
#4801 = ORIENTED_EDGE('',*,*,#4802,.T.);
#4802 = EDGE_CURVE('',#4754,#4803,#4805,.T.);
#4803 = VERTEX_POINT('',#4804);
#4804 = CARTESIAN_POINT('',(5.971166614943E-02,2.837761717464E-02,
    2.00001E-02));
#4805 = B_SPLINE_CURVE_WITH_KNOTS('',1,(#4806,#4807),.UNSPECIFIED.,.F.,
  .F.,(2,2),(-6.938893903907E-18,1.341463414634E-02),
  .PIECEWISE_BEZIER_KNOTS.);
#4806 = CARTESIAN_POINT('',(5.971166614943E-02,4.179225132098E-02,
    2.00001E-02));
#4807 = CARTESIAN_POINT('',(5.971166614943E-02,2.837761717464E-02,
    2.00001E-02));
#4808 = ORIENTED_EDGE('',*,*,#4809,.T.);
#4809 = EDGE_CURVE('',#4803,#1967,#4810,.T.);
#4810 = B_SPLINE_CURVE_WITH_KNOTS('',1,(#4811,#4812),.UNSPECIFIED.,.F.,
  .F.,(2,2),(0.,1.E-02),.PIECEWISE_BEZIER_KNOTS.);
#4811 = CARTESIAN_POINT('',(5.971166614943E-02,2.837761717464E-02,
    2.00001E-02));
#4812 = CARTESIAN_POINT('',(5.971166614943E-02,2.837761717464E-02,
    1.00001E-02));
#4813 = B_SPLINE_SURFACE_WITH_KNOTS('',1,1,(
    (#4814,#4815)
    ,(#4816,#4817)),.UNSPECIFIED.,.F.,.F.,.F.,(2,2),(2,2),(0.,1.E-02),(
    -1.341463414634E-02,8.068271166913E-18),.PIECEWISE_BEZIER_KNOTS.);
#4814 = CARTESIAN_POINT('',(5.971166614943E-02,2.837761717464E-02,
    2.00001E-02));
#4815 = CARTESIAN_POINT('',(5.971166614943E-02,4.179225132098E-02,
    2.00001E-02));
#4816 = CARTESIAN_POINT('',(5.971166614943E-02,2.837761717464E-02,
    1.00001E-02));
#4817 = CARTESIAN_POINT('',(5.971166614943E-02,4.179225132098E-02,
    1.00001E-02));
#4818 = ADVANCED_FACE('',(#4819),#4844,.T.);
#4819 = FACE_BOUND('',#4820,.T.);
#4820 = EDGE_LOOP('',(#4821,#4822,#4823,#4839));
#4821 = ORIENTED_EDGE('',*,*,#1973,.F.);
#4822 = ORIENTED_EDGE('',*,*,#4809,.F.);
#4823 = ORIENTED_EDGE('',*,*,#4824,.T.);
#4824 = EDGE_CURVE('',#4803,#4825,#4827,.T.);
#4825 = VERTEX_POINT('',#4826);
#4826 = CARTESIAN_POINT('',(8.313011127138E-02,3.478005619903E-02,
    2.00001E-02));
#4827 = B_SPLINE_CURVE_WITH_KNOTS('',3,(#4828,#4829,#4830,#4831,#4832,
    #4833,#4834,#4835,#4836,#4837,#4838),.UNSPECIFIED.,.F.,.F.,(4,1,1,1,
    1,1,1,1,4),(0.,0.125279696736,0.249419970742,0.373356799493,
    0.496681278782,0.620202915744,0.745086320161,0.871269195019,1.),
  .UNSPECIFIED.);
#4828 = CARTESIAN_POINT('',(5.971166614943E-02,2.837761717464E-02,
    2.00001E-02));
#4829 = CARTESIAN_POINT('',(6.05997047122E-02,2.889363447379E-02,
    2.00001E-02));
#4830 = CARTESIAN_POINT('',(6.236770509947E-02,2.992097587873E-02,
    2.00001E-02));
#4831 = CARTESIAN_POINT('',(6.514844826085E-02,3.120535482134E-02,
    2.00001E-02));
#4832 = CARTESIAN_POINT('',(6.798277257595E-02,3.231936863875E-02,
    2.00001E-02));
#4833 = CARTESIAN_POINT('',(7.089051973144E-02,3.320866872172E-02,
    2.00001E-02));
#4834 = CARTESIAN_POINT('',(7.385338923086E-02,3.392678536385E-02,
    2.00001E-02));
#4835 = CARTESIAN_POINT('',(7.688691776488E-02,3.440844643513E-02,
    2.00001E-02));
#4836 = CARTESIAN_POINT('',(7.998535787166E-02,3.473250979403E-02,
    2.00001E-02));
#4837 = CARTESIAN_POINT('',(8.207489830044E-02,3.476410213939E-02,
    2.00001E-02));
#4838 = CARTESIAN_POINT('',(8.313011127138E-02,3.478005619903E-02,
    2.00001E-02));
#4839 = ORIENTED_EDGE('',*,*,#4840,.T.);
#4840 = EDGE_CURVE('',#4825,#1974,#4841,.T.);
#4841 = B_SPLINE_CURVE_WITH_KNOTS('',1,(#4842,#4843),.UNSPECIFIED.,.F.,
  .F.,(2,2),(0.,1.E-02),.PIECEWISE_BEZIER_KNOTS.);
#4842 = CARTESIAN_POINT('',(8.313011127138E-02,3.478005619903E-02,
    2.00001E-02));
#4843 = CARTESIAN_POINT('',(8.313011127138E-02,3.478005619903E-02,
    1.00001E-02));
#4844 = B_SPLINE_SURFACE_WITH_KNOTS('',3,1,(
    (#4845,#4846)
    ,(#4847,#4848)
    ,(#4849,#4850)
    ,(#4851,#4852)
    ,(#4853,#4854)
    ,(#4855,#4856)
    ,(#4857,#4858)
    ,(#4859,#4860)
    ,(#4861,#4862)
    ,(#4863,#4864)
    ,(#4865,#4866
  )),.UNSPECIFIED.,.F.,.F.,.F.,(4,1,1,1,1,1,1,1,4),(2,2),(0.,
    0.125279696736,0.249419970742,0.373356799493,0.496681278782,
    0.620202915744,0.745086320161,0.871269195019,1.),(0.,1.),
  .UNSPECIFIED.);
#4845 = CARTESIAN_POINT('',(5.971166614943E-02,2.837761717464E-02,
    2.00001E-02));
#4846 = CARTESIAN_POINT('',(5.971166614943E-02,2.837761717464E-02,
    1.00001E-02));
#4847 = CARTESIAN_POINT('',(6.05997047122E-02,2.889363447379E-02,
    2.00001E-02));
#4848 = CARTESIAN_POINT('',(6.05997047122E-02,2.889363447379E-02,
    1.00001E-02));
#4849 = CARTESIAN_POINT('',(6.236770509947E-02,2.992097587873E-02,
    2.00001E-02));
#4850 = CARTESIAN_POINT('',(6.236770509947E-02,2.992097587873E-02,
    1.00001E-02));
#4851 = CARTESIAN_POINT('',(6.514844826085E-02,3.120535482134E-02,
    2.00001E-02));
#4852 = CARTESIAN_POINT('',(6.514844826085E-02,3.120535482134E-02,
    1.00001E-02));
#4853 = CARTESIAN_POINT('',(6.798277257595E-02,3.231936863875E-02,
    2.00001E-02));
#4854 = CARTESIAN_POINT('',(6.798277257595E-02,3.231936863875E-02,
    1.00001E-02));
#4855 = CARTESIAN_POINT('',(7.089051973144E-02,3.320866872172E-02,
    2.00001E-02));
#4856 = CARTESIAN_POINT('',(7.089051973144E-02,3.320866872172E-02,
    1.00001E-02));
#4857 = CARTESIAN_POINT('',(7.385338923086E-02,3.392678536385E-02,
    2.00001E-02));
#4858 = CARTESIAN_POINT('',(7.385338923086E-02,3.392678536385E-02,
    1.00001E-02));
#4859 = CARTESIAN_POINT('',(7.688691776488E-02,3.440844643513E-02,
    2.00001E-02));
#4860 = CARTESIAN_POINT('',(7.688691776488E-02,3.440844643513E-02,
    1.00001E-02));
#4861 = CARTESIAN_POINT('',(7.998535787166E-02,3.473250979403E-02,
    2.00001E-02));
#4862 = CARTESIAN_POINT('',(7.998535787166E-02,3.473250979403E-02,
    1.00001E-02));
#4863 = CARTESIAN_POINT('',(8.207489830044E-02,3.476410213939E-02,
    2.00001E-02));
#4864 = CARTESIAN_POINT('',(8.207489830044E-02,3.476410213939E-02,
    1.00001E-02));
#4865 = CARTESIAN_POINT('',(8.313011127138E-02,3.478005619903E-02,
    2.00001E-02));
#4866 = CARTESIAN_POINT('',(8.313011127138E-02,3.478005619903E-02,
    1.00001E-02));
#4867 = ADVANCED_FACE('',(#4868),#4901,.T.);
#4868 = FACE_BOUND('',#4869,.T.);
#4869 = EDGE_LOOP('',(#4870,#4871,#4872,#4896));
#4870 = ORIENTED_EDGE('',*,*,#1989,.F.);
#4871 = ORIENTED_EDGE('',*,*,#4840,.F.);
#4872 = ORIENTED_EDGE('',*,*,#4873,.T.);
#4873 = EDGE_CURVE('',#4825,#4874,#4876,.T.);
#4874 = VERTEX_POINT('',#4875);
#4875 = CARTESIAN_POINT('',(0.120687275906,-6.530919410728E-03,
    2.00001E-02));
#4876 = B_SPLINE_CURVE_WITH_KNOTS('',3,(#4877,#4878,#4879,#4880,#4881,
    #4882,#4883,#4884,#4885,#4886,#4887,#4888,#4889,#4890,#4891,#4892,
    #4893,#4894,#4895),.UNSPECIFIED.,.F.,.F.,(4,1,1,1,1,1,1,1,1,1,1,1,1,
    1,1,1,4),(0.,6.460397028839E-02,0.126702413963,0.186756814036,
    0.245505687365,0.30365202445,0.361503073971,0.420240222928,
    0.480033340777,0.540678134776,0.601191806381,0.662333502477,
    0.724739510297,0.789467736173,0.856504860044,0.926312095839,1.),
  .UNSPECIFIED.);
#4877 = CARTESIAN_POINT('',(8.313011127138E-02,3.478005619903E-02,
    2.00001E-02));
#4878 = CARTESIAN_POINT('',(8.448504745783E-02,3.475092259043E-02,
    2.00001E-02));
#4879 = CARTESIAN_POINT('',(8.714237153285E-02,3.469378525784E-02,
    2.00001E-02));
#4880 = CARTESIAN_POINT('',(9.1024519304E-02,3.41328022893E-02,
    2.00001E-02));
#4881 = CARTESIAN_POINT('',(9.472725862218E-02,3.329350836607E-02,
    2.00001E-02));
#4882 = CARTESIAN_POINT('',(9.823574175404E-02,3.206513663818E-02,
    2.00001E-02));
#4883 = CARTESIAN_POINT('',(0.101545984801,3.047973360366E-02,
    2.00001E-02));
#4884 = CARTESIAN_POINT('',(0.104655117201,2.853135287245E-02,
    2.00001E-02));
#4885 = CARTESIAN_POINT('',(0.107582233306,2.6261767635E-02,2.00001E-02)
  );
#4886 = CARTESIAN_POINT('',(0.110282680956,2.364266390959E-02,
    2.00001E-02));
#4887 = CARTESIAN_POINT('',(0.112743539934,2.074635353193E-02,
    2.00001E-02));
#4888 = CARTESIAN_POINT('',(0.114855822967,1.755368246491E-02,
    2.00001E-02));
#4889 = CARTESIAN_POINT('',(0.116687492989,1.415106445613E-02,
    2.00001E-02));
#4890 = CARTESIAN_POINT('',(0.118154290782,1.047880143281E-02,
    2.00001E-02));
#4891 = CARTESIAN_POINT('',(0.119290240706,6.565069045892E-03,
    2.00001E-02));
#4892 = CARTESIAN_POINT('',(0.120110157109,2.415207579287E-03,
    2.00001E-02));
#4893 = CARTESIAN_POINT('',(0.120585205378,-1.978436762629E-03,
    2.00001E-02));
#4894 = CARTESIAN_POINT('',(0.120652644458,-4.986310316446E-03,
    2.00001E-02));
#4895 = CARTESIAN_POINT('',(0.120687275906,-6.530919410728E-03,
    2.00001E-02));
#4896 = ORIENTED_EDGE('',*,*,#4897,.T.);
#4897 = EDGE_CURVE('',#4874,#1990,#4898,.T.);
#4898 = B_SPLINE_CURVE_WITH_KNOTS('',1,(#4899,#4900),.UNSPECIFIED.,.F.,
  .F.,(2,2),(0.,1.E-02),.PIECEWISE_BEZIER_KNOTS.);
#4899 = CARTESIAN_POINT('',(0.120687275906,-6.530919410728E-03,
    2.00001E-02));
#4900 = CARTESIAN_POINT('',(0.120687275906,-6.530919410728E-03,
    1.00001E-02));
#4901 = B_SPLINE_SURFACE_WITH_KNOTS('',3,1,(
    (#4902,#4903)
    ,(#4904,#4905)
    ,(#4906,#4907)
    ,(#4908,#4909)
    ,(#4910,#4911)
    ,(#4912,#4913)
    ,(#4914,#4915)
    ,(#4916,#4917)
    ,(#4918,#4919)
    ,(#4920,#4921)
    ,(#4922,#4923)
    ,(#4924,#4925)
    ,(#4926,#4927)
    ,(#4928,#4929)
    ,(#4930,#4931)
    ,(#4932,#4933)
    ,(#4934,#4935)
    ,(#4936,#4937)
    ,(#4938,#4939
    )),.UNSPECIFIED.,.F.,.F.,.F.,(4,1,1,1,1,1,1,1,1,1,1,1,1,1,1,1,4),(2,
    2),(0.,6.460397028839E-02,0.126702413963,0.186756814036,
    0.245505687365,0.30365202445,0.361503073971,0.420240222928,
    0.480033340777,0.540678134776,0.601191806381,0.662333502477,
    0.724739510297,0.789467736173,0.856504860044,0.926312095839,1.),(0.,
    1.),.UNSPECIFIED.);
#4902 = CARTESIAN_POINT('',(8.313011127138E-02,3.478005619903E-02,
    2.00001E-02));
#4903 = CARTESIAN_POINT('',(8.313011127138E-02,3.478005619903E-02,
    1.00001E-02));
#4904 = CARTESIAN_POINT('',(8.448504745783E-02,3.475092259043E-02,
    2.00001E-02));
#4905 = CARTESIAN_POINT('',(8.448504745783E-02,3.475092259043E-02,
    1.00001E-02));
#4906 = CARTESIAN_POINT('',(8.714237153285E-02,3.469378525784E-02,
    2.00001E-02));
#4907 = CARTESIAN_POINT('',(8.714237153285E-02,3.469378525784E-02,
    1.00001E-02));
#4908 = CARTESIAN_POINT('',(9.1024519304E-02,3.41328022893E-02,
    2.00001E-02));
#4909 = CARTESIAN_POINT('',(9.1024519304E-02,3.41328022893E-02,
    1.00001E-02));
#4910 = CARTESIAN_POINT('',(9.472725862218E-02,3.329350836607E-02,
    2.00001E-02));
#4911 = CARTESIAN_POINT('',(9.472725862218E-02,3.329350836607E-02,
    1.00001E-02));
#4912 = CARTESIAN_POINT('',(9.823574175404E-02,3.206513663818E-02,
    2.00001E-02));
#4913 = CARTESIAN_POINT('',(9.823574175404E-02,3.206513663818E-02,
    1.00001E-02));
#4914 = CARTESIAN_POINT('',(0.101545984801,3.047973360366E-02,
    2.00001E-02));
#4915 = CARTESIAN_POINT('',(0.101545984801,3.047973360366E-02,
    1.00001E-02));
#4916 = CARTESIAN_POINT('',(0.104655117201,2.853135287245E-02,
    2.00001E-02));
#4917 = CARTESIAN_POINT('',(0.104655117201,2.853135287245E-02,
    1.00001E-02));
#4918 = CARTESIAN_POINT('',(0.107582233306,2.6261767635E-02,2.00001E-02)
  );
#4919 = CARTESIAN_POINT('',(0.107582233306,2.6261767635E-02,1.00001E-02)
  );
#4920 = CARTESIAN_POINT('',(0.110282680956,2.364266390959E-02,
    2.00001E-02));
#4921 = CARTESIAN_POINT('',(0.110282680956,2.364266390959E-02,
    1.00001E-02));
#4922 = CARTESIAN_POINT('',(0.112743539934,2.074635353193E-02,
    2.00001E-02));
#4923 = CARTESIAN_POINT('',(0.112743539934,2.074635353193E-02,
    1.00001E-02));
#4924 = CARTESIAN_POINT('',(0.114855822967,1.755368246491E-02,
    2.00001E-02));
#4925 = CARTESIAN_POINT('',(0.114855822967,1.755368246491E-02,
    1.00001E-02));
#4926 = CARTESIAN_POINT('',(0.116687492989,1.415106445613E-02,
    2.00001E-02));
#4927 = CARTESIAN_POINT('',(0.116687492989,1.415106445613E-02,
    1.00001E-02));
#4928 = CARTESIAN_POINT('',(0.118154290782,1.047880143281E-02,
    2.00001E-02));
#4929 = CARTESIAN_POINT('',(0.118154290782,1.047880143281E-02,
    1.00001E-02));
#4930 = CARTESIAN_POINT('',(0.119290240706,6.565069045892E-03,
    2.00001E-02));
#4931 = CARTESIAN_POINT('',(0.119290240706,6.565069045892E-03,
    1.00001E-02));
#4932 = CARTESIAN_POINT('',(0.120110157109,2.415207579287E-03,
    2.00001E-02));
#4933 = CARTESIAN_POINT('',(0.120110157109,2.415207579287E-03,
    1.00001E-02));
#4934 = CARTESIAN_POINT('',(0.120585205378,-1.978436762629E-03,
    2.00001E-02));
#4935 = CARTESIAN_POINT('',(0.120585205378,-1.978436762629E-03,
    1.00001E-02));
#4936 = CARTESIAN_POINT('',(0.120652644458,-4.986310316446E-03,
    2.00001E-02));
#4937 = CARTESIAN_POINT('',(0.120652644458,-4.986310316446E-03,
    1.00001E-02));
#4938 = CARTESIAN_POINT('',(0.120687275906,-6.530919410728E-03,
    2.00001E-02));
#4939 = CARTESIAN_POINT('',(0.120687275906,-6.530919410728E-03,
    1.00001E-02));
#4940 = ADVANCED_FACE('',(#4941),#4974,.T.);
#4941 = FACE_BOUND('',#4942,.T.);
#4942 = EDGE_LOOP('',(#4943,#4944,#4945,#4969));
#4943 = ORIENTED_EDGE('',*,*,#2013,.F.);
#4944 = ORIENTED_EDGE('',*,*,#4897,.F.);
#4945 = ORIENTED_EDGE('',*,*,#4946,.T.);
#4946 = EDGE_CURVE('',#4874,#4947,#4949,.T.);
#4947 = VERTEX_POINT('',#4948);
#4948 = CARTESIAN_POINT('',(8.537858688114E-02,-4.570774867902E-02,
    2.00001E-02));
#4949 = B_SPLINE_CURVE_WITH_KNOTS('',3,(#4950,#4951,#4952,#4953,#4954,
    #4955,#4956,#4957,#4958,#4959,#4960,#4961,#4962,#4963,#4964,#4965,
    #4966,#4967,#4968),.UNSPECIFIED.,.F.,.F.,(4,1,1,1,1,1,1,1,1,1,1,1,1,
    1,1,1,4),(0.,7.377411937406E-02,0.144079114726,0.211348518309,
    0.27607688574,0.33852091582,0.399885116693,0.460254067465,
    0.520588964391,0.580207684563,0.638632908553,0.696364549491,
    0.75400177466,0.812805681374,0.872754425526,0.935181996978,1.),
  .UNSPECIFIED.);
#4950 = CARTESIAN_POINT('',(0.120687275906,-6.530919410728E-03,
    2.00001E-02));
#4951 = CARTESIAN_POINT('',(0.120659493921,-7.993039980305E-03,
    2.00001E-02));
#4952 = CARTESIAN_POINT('',(0.120605236359,-1.084852695968E-02,
    2.00001E-02));
#4953 = CARTESIAN_POINT('',(0.120139077697,-1.501629475196E-02,
    2.00001E-02));
#4954 = CARTESIAN_POINT('',(0.119383953273,-1.895696693643E-02,
    2.00001E-02));
#4955 = CARTESIAN_POINT('',(0.118322719103,-2.266707005439E-02,
    2.00001E-02));
#4956 = CARTESIAN_POINT('',(0.116938908584,-2.614317066204E-02,
    2.00001E-02));
#4957 = CARTESIAN_POINT('',(0.115267313975,-2.939450474741E-02,
    2.00001E-02));
#4958 = CARTESIAN_POINT('',(0.1132687122,-3.240638991085E-02,2.00001E-02
    ));
#4959 = CARTESIAN_POINT('',(0.11098722222,-3.516472583554E-02,
    2.00001E-02));
#4960 = CARTESIAN_POINT('',(0.108454167385,-3.763829104655E-02,
    2.00001E-02));
#4961 = CARTESIAN_POINT('',(0.105722591591,-3.98106370788E-02,
    2.00001E-02));
#4962 = CARTESIAN_POINT('',(0.102786543577,-4.162386976188E-02,
    2.00001E-02));
#4963 = CARTESIAN_POINT('',(9.967340150945E-02,-4.312745985002E-02,
    2.00001E-02));
#4964 = CARTESIAN_POINT('',(9.636909960421E-02,-4.428994236933E-02,
    2.00001E-02));
#4965 = CARTESIAN_POINT('',(9.28674525731E-02,-4.510488338401E-02,
    2.00001E-02));
#4966 = CARTESIAN_POINT('',(8.918521196454E-02,-4.560964031479E-02,
    2.00001E-02));
#4967 = CARTESIAN_POINT('',(8.666325438226E-02,-4.567463887063E-02,
    2.00001E-02));
#4968 = CARTESIAN_POINT('',(8.537858688114E-02,-4.570774867902E-02,
    2.00001E-02));
#4969 = ORIENTED_EDGE('',*,*,#4970,.T.);
#4970 = EDGE_CURVE('',#4947,#1862,#4971,.T.);
#4971 = B_SPLINE_CURVE_WITH_KNOTS('',1,(#4972,#4973),.UNSPECIFIED.,.F.,
  .F.,(2,2),(0.,1.E-02),.PIECEWISE_BEZIER_KNOTS.);
#4972 = CARTESIAN_POINT('',(8.537858688114E-02,-4.570774867902E-02,
    2.00001E-02));
#4973 = CARTESIAN_POINT('',(8.537858688114E-02,-4.570774867902E-02,
    1.00001E-02));
#4974 = B_SPLINE_SURFACE_WITH_KNOTS('',3,1,(
    (#4975,#4976)
    ,(#4977,#4978)
    ,(#4979,#4980)
    ,(#4981,#4982)
    ,(#4983,#4984)
    ,(#4985,#4986)
    ,(#4987,#4988)
    ,(#4989,#4990)
    ,(#4991,#4992)
    ,(#4993,#4994)
    ,(#4995,#4996)
    ,(#4997,#4998)
    ,(#4999,#5000)
    ,(#5001,#5002)
    ,(#5003,#5004)
    ,(#5005,#5006)
    ,(#5007,#5008)
    ,(#5009,#5010)
    ,(#5011,#5012
    )),.UNSPECIFIED.,.F.,.F.,.F.,(4,1,1,1,1,1,1,1,1,1,1,1,1,1,1,1,4),(2,
    2),(0.,7.377411937406E-02,0.144079114726,0.211348518309,
    0.27607688574,0.33852091582,0.399885116693,0.460254067465,
    0.520588964391,0.580207684563,0.638632908553,0.696364549491,
    0.75400177466,0.812805681374,0.872754425526,0.935181996978,1.),(0.,
    1.),.UNSPECIFIED.);
#4975 = CARTESIAN_POINT('',(0.120687275906,-6.530919410728E-03,
    2.00001E-02));
#4976 = CARTESIAN_POINT('',(0.120687275906,-6.530919410728E-03,
    1.00001E-02));
#4977 = CARTESIAN_POINT('',(0.120659493921,-7.993039980305E-03,
    2.00001E-02));
#4978 = CARTESIAN_POINT('',(0.120659493921,-7.993039980305E-03,
    1.00001E-02));
#4979 = CARTESIAN_POINT('',(0.120605236359,-1.084852695968E-02,
    2.00001E-02));
#4980 = CARTESIAN_POINT('',(0.120605236359,-1.084852695968E-02,
    1.00001E-02));
#4981 = CARTESIAN_POINT('',(0.120139077697,-1.501629475196E-02,
    2.00001E-02));
#4982 = CARTESIAN_POINT('',(0.120139077697,-1.501629475196E-02,
    1.00001E-02));
#4983 = CARTESIAN_POINT('',(0.119383953273,-1.895696693643E-02,
    2.00001E-02));
#4984 = CARTESIAN_POINT('',(0.119383953273,-1.895696693643E-02,
    1.00001E-02));
#4985 = CARTESIAN_POINT('',(0.118322719103,-2.266707005439E-02,
    2.00001E-02));
#4986 = CARTESIAN_POINT('',(0.118322719103,-2.266707005439E-02,
    1.00001E-02));
#4987 = CARTESIAN_POINT('',(0.116938908584,-2.614317066204E-02,
    2.00001E-02));
#4988 = CARTESIAN_POINT('',(0.116938908584,-2.614317066204E-02,
    1.00001E-02));
#4989 = CARTESIAN_POINT('',(0.115267313975,-2.939450474741E-02,
    2.00001E-02));
#4990 = CARTESIAN_POINT('',(0.115267313975,-2.939450474741E-02,
    1.00001E-02));
#4991 = CARTESIAN_POINT('',(0.1132687122,-3.240638991085E-02,2.00001E-02
    ));
#4992 = CARTESIAN_POINT('',(0.1132687122,-3.240638991085E-02,1.00001E-02
    ));
#4993 = CARTESIAN_POINT('',(0.11098722222,-3.516472583554E-02,
    2.00001E-02));
#4994 = CARTESIAN_POINT('',(0.11098722222,-3.516472583554E-02,
    1.00001E-02));
#4995 = CARTESIAN_POINT('',(0.108454167385,-3.763829104655E-02,
    2.00001E-02));
#4996 = CARTESIAN_POINT('',(0.108454167385,-3.763829104655E-02,
    1.00001E-02));
#4997 = CARTESIAN_POINT('',(0.105722591591,-3.98106370788E-02,
    2.00001E-02));
#4998 = CARTESIAN_POINT('',(0.105722591591,-3.98106370788E-02,
    1.00001E-02));
#4999 = CARTESIAN_POINT('',(0.102786543577,-4.162386976188E-02,
    2.00001E-02));
#5000 = CARTESIAN_POINT('',(0.102786543577,-4.162386976188E-02,
    1.00001E-02));
#5001 = CARTESIAN_POINT('',(9.967340150945E-02,-4.312745985002E-02,
    2.00001E-02));
#5002 = CARTESIAN_POINT('',(9.967340150945E-02,-4.312745985002E-02,
    1.00001E-02));
#5003 = CARTESIAN_POINT('',(9.636909960421E-02,-4.428994236933E-02,
    2.00001E-02));
#5004 = CARTESIAN_POINT('',(9.636909960421E-02,-4.428994236933E-02,
    1.00001E-02));
#5005 = CARTESIAN_POINT('',(9.28674525731E-02,-4.510488338401E-02,
    2.00001E-02));
#5006 = CARTESIAN_POINT('',(9.28674525731E-02,-4.510488338401E-02,
    1.00001E-02));
#5007 = CARTESIAN_POINT('',(8.918521196454E-02,-4.560964031479E-02,
    2.00001E-02));
#5008 = CARTESIAN_POINT('',(8.918521196454E-02,-4.560964031479E-02,
    1.00001E-02));
#5009 = CARTESIAN_POINT('',(8.666325438226E-02,-4.567463887063E-02,
    2.00001E-02));
#5010 = CARTESIAN_POINT('',(8.666325438226E-02,-4.567463887063E-02,
    1.00001E-02));
#5011 = CARTESIAN_POINT('',(8.537858688114E-02,-4.570774867902E-02,
    2.00001E-02));
#5012 = CARTESIAN_POINT('',(8.537858688114E-02,-4.570774867902E-02,
    1.00001E-02));
#5013 = ADVANCED_FACE('',(#5014),#5033,.T.);
#5014 = FACE_BOUND('',#5015,.T.);
#5015 = EDGE_LOOP('',(#5016,#5017,#5018,#5032));
#5016 = ORIENTED_EDGE('',*,*,#1861,.F.);
#5017 = ORIENTED_EDGE('',*,*,#4970,.F.);
#5018 = ORIENTED_EDGE('',*,*,#5019,.T.);
#5019 = EDGE_CURVE('',#4947,#4530,#5020,.T.);
#5020 = B_SPLINE_CURVE_WITH_KNOTS('',3,(#5021,#5022,#5023,#5024,#5025,
    #5026,#5027,#5028,#5029,#5030,#5031),.UNSPECIFIED.,.F.,.F.,(4,1,1,1,
    1,1,1,1,4),(0.,0.135294604763,0.266765657925,0.394816018836,
    0.520051654434,0.642175702971,0.762651820558,0.881834004381,1.),
  .UNSPECIFIED.);
#5021 = CARTESIAN_POINT('',(8.537858688114E-02,-4.570774867902E-02,
    2.00001E-02));
#5022 = CARTESIAN_POINT('',(8.417104482456E-02,-4.569189462428E-02,
    2.00001E-02));
#5023 = CARTESIAN_POINT('',(8.179008697515E-02,-4.566063456515E-02,
    2.00001E-02));
#5024 = CARTESIAN_POINT('',(7.827889879105E-02,-4.533983707027E-02,
    2.00001E-02));
#5025 = CARTESIAN_POINT('',(7.487787591287E-02,-4.485701513877E-02,
    2.00001E-02));
#5026 = CARTESIAN_POINT('',(7.160180082751E-02,-4.414634366657E-02,
    2.00001E-02));
#5027 = CARTESIAN_POINT('',(6.843944142974E-02,-4.325674338157E-02,
    2.00001E-02));
#5028 = CARTESIAN_POINT('',(6.540872613129E-02,-4.213933727083E-02,
    2.00001E-02));
#5029 = CARTESIAN_POINT('',(6.24772702858E-02,-4.086302843218E-02,
    2.00001E-02));
#5030 = CARTESIAN_POINT('',(6.063089916231E-02,-3.982306507243E-02,
    2.00001E-02));
#5031 = CARTESIAN_POINT('',(5.971166614943E-02,-3.930530965463E-02,
    2.00001E-02));
#5032 = ORIENTED_EDGE('',*,*,#4529,.T.);
#5033 = B_SPLINE_SURFACE_WITH_KNOTS('',3,1,(
    (#5034,#5035)
    ,(#5036,#5037)
    ,(#5038,#5039)
    ,(#5040,#5041)
    ,(#5042,#5043)
    ,(#5044,#5045)
    ,(#5046,#5047)
    ,(#5048,#5049)
    ,(#5050,#5051)
    ,(#5052,#5053)
    ,(#5054,#5055
  )),.UNSPECIFIED.,.F.,.F.,.F.,(4,1,1,1,1,1,1,1,4),(2,2),(0.,
    0.135294604763,0.266765657925,0.394816018836,0.520051654434,
    0.642175702971,0.762651820558,0.881834004381,1.),(0.,1.),
  .UNSPECIFIED.);
#5034 = CARTESIAN_POINT('',(8.537858688114E-02,-4.570774867902E-02,
    2.00001E-02));
#5035 = CARTESIAN_POINT('',(8.537858688114E-02,-4.570774867902E-02,
    1.00001E-02));
#5036 = CARTESIAN_POINT('',(8.417104482456E-02,-4.569189462428E-02,
    2.00001E-02));
#5037 = CARTESIAN_POINT('',(8.417104482456E-02,-4.569189462428E-02,
    1.00001E-02));
#5038 = CARTESIAN_POINT('',(8.179008697515E-02,-4.566063456515E-02,
    2.00001E-02));
#5039 = CARTESIAN_POINT('',(8.179008697515E-02,-4.566063456515E-02,
    1.00001E-02));
#5040 = CARTESIAN_POINT('',(7.827889879105E-02,-4.533983707027E-02,
    2.00001E-02));
#5041 = CARTESIAN_POINT('',(7.827889879105E-02,-4.533983707027E-02,
    1.00001E-02));
#5042 = CARTESIAN_POINT('',(7.487787591287E-02,-4.485701513877E-02,
    2.00001E-02));
#5043 = CARTESIAN_POINT('',(7.487787591287E-02,-4.485701513877E-02,
    1.00001E-02));
#5044 = CARTESIAN_POINT('',(7.160180082751E-02,-4.414634366657E-02,
    2.00001E-02));
#5045 = CARTESIAN_POINT('',(7.160180082751E-02,-4.414634366657E-02,
    1.00001E-02));
#5046 = CARTESIAN_POINT('',(6.843944142974E-02,-4.325674338157E-02,
    2.00001E-02));
#5047 = CARTESIAN_POINT('',(6.843944142974E-02,-4.325674338157E-02,
    1.00001E-02));
#5048 = CARTESIAN_POINT('',(6.540872613129E-02,-4.213933727083E-02,
    2.00001E-02));
#5049 = CARTESIAN_POINT('',(6.540872613129E-02,-4.213933727083E-02,
    1.00001E-02));
#5050 = CARTESIAN_POINT('',(6.24772702858E-02,-4.086302843218E-02,
    2.00001E-02));
#5051 = CARTESIAN_POINT('',(6.24772702858E-02,-4.086302843218E-02,
    1.00001E-02));
#5052 = CARTESIAN_POINT('',(6.063089916231E-02,-3.982306507243E-02,
    2.00001E-02));
#5053 = CARTESIAN_POINT('',(6.063089916231E-02,-3.982306507243E-02,
    1.00001E-02));
#5054 = CARTESIAN_POINT('',(5.971166614943E-02,-3.930530965463E-02,
    2.00001E-02));
#5055 = CARTESIAN_POINT('',(5.971166614943E-02,-3.930530965463E-02,
    1.00001E-02));
#5056 = ADVANCED_FACE('',(#5057),#5069,.T.);
#5057 = FACE_BOUND('',#5058,.T.);
#5058 = EDGE_LOOP('',(#5059,#5060,#5061,#5062,#5063,#5064,#5065,#5066,
    #5067,#5068));
#5059 = ORIENTED_EDGE('',*,*,#4536,.F.);
#5060 = ORIENTED_EDGE('',*,*,#5019,.F.);
#5061 = ORIENTED_EDGE('',*,*,#4946,.F.);
#5062 = ORIENTED_EDGE('',*,*,#4873,.F.);
#5063 = ORIENTED_EDGE('',*,*,#4824,.F.);
#5064 = ORIENTED_EDGE('',*,*,#4802,.F.);
#5065 = ORIENTED_EDGE('',*,*,#4753,.F.);
#5066 = ORIENTED_EDGE('',*,*,#4680,.F.);
#5067 = ORIENTED_EDGE('',*,*,#4607,.F.);
#5068 = ORIENTED_EDGE('',*,*,#4558,.F.);
#5069 = B_SPLINE_SURFACE_WITH_KNOTS('',1,1,(
    (#5070,#5071)
    ,(#5072,#5073
    )),.UNSPECIFIED.,.F.,.F.,.F.,(2,2),(2,2),(-1.38726664463E-03,
    0.101051757746),(-1.331880435891E-02,6.107143954353E-02),
  .PIECEWISE_BEZIER_KNOTS.);
#5070 = CARTESIAN_POINT('',(5.971166614943E-02,-5.668335843512E-02,
    2.00001E-02));
#5071 = CARTESIAN_POINT('',(0.134101910052,-5.668335843512E-02,
    2.000009999999E-02));
#5072 = CARTESIAN_POINT('',(5.971166614943E-02,4.575566595513E-02,
    2.000009999998E-02));
#5073 = CARTESIAN_POINT('',(0.134101910052,4.575566595513E-02,
    2.000009999997E-02));
#5074 = ADVANCED_FACE('',(#5075),#5097,.T.);
#5075 = FACE_BOUND('',#5076,.T.);
#5076 = EDGE_LOOP('',(#5077,#5078,#5085,#5092));
#5077 = ORIENTED_EDGE('',*,*,#2046,.F.);
#5078 = ORIENTED_EDGE('',*,*,#5079,.F.);
#5079 = EDGE_CURVE('',#5080,#2040,#5082,.T.);
#5080 = VERTEX_POINT('',#5081);
#5081 = CARTESIAN_POINT('',(0.142638495418,-4.44882364839E-02,
    2.00001E-02));
#5082 = B_SPLINE_CURVE_WITH_KNOTS('',1,(#5083,#5084),.UNSPECIFIED.,.F.,
  .F.,(2,2),(0.,1.E-02),.PIECEWISE_BEZIER_KNOTS.);
#5083 = CARTESIAN_POINT('',(0.142638495418,-4.44882364839E-02,
    2.00001E-02));
#5084 = CARTESIAN_POINT('',(0.142638495418,-4.44882364839E-02,
    1.00001E-02));
#5085 = ORIENTED_EDGE('',*,*,#5086,.T.);
#5086 = EDGE_CURVE('',#5080,#5087,#5089,.T.);
#5087 = VERTEX_POINT('',#5088);
#5088 = CARTESIAN_POINT('',(0.142638495418,-5.546384624E-02,2.00001E-02)
  );
#5089 = B_SPLINE_CURVE_WITH_KNOTS('',1,(#5090,#5091),.UNSPECIFIED.,.F.,
  .F.,(2,2),(0.,1.09756097561E-02),.PIECEWISE_BEZIER_KNOTS.);
#5090 = CARTESIAN_POINT('',(0.142638495418,-4.44882364839E-02,
    2.00001E-02));
#5091 = CARTESIAN_POINT('',(0.142638495418,-5.546384624E-02,2.00001E-02)
  );
#5092 = ORIENTED_EDGE('',*,*,#5093,.T.);
#5093 = EDGE_CURVE('',#5087,#2047,#5094,.T.);
#5094 = B_SPLINE_CURVE_WITH_KNOTS('',1,(#5095,#5096),.UNSPECIFIED.,.F.,
  .F.,(2,2),(0.,1.E-02),.PIECEWISE_BEZIER_KNOTS.);
#5095 = CARTESIAN_POINT('',(0.142638495418,-5.546384624E-02,2.00001E-02)
  );
#5096 = CARTESIAN_POINT('',(0.142638495418,-5.546384624E-02,1.00001E-02)
  );
#5097 = B_SPLINE_SURFACE_WITH_KNOTS('',1,1,(
    (#5098,#5099)
    ,(#5100,#5101
    )),.UNSPECIFIED.,.F.,.F.,.F.,(2,2),(2,2),(0.,1.E-02),(
    -1.09756097561E-02,1.129377263006E-18),.PIECEWISE_BEZIER_KNOTS.);
#5098 = CARTESIAN_POINT('',(0.142638495418,-5.546384624E-02,2.00001E-02)
  );
#5099 = CARTESIAN_POINT('',(0.142638495418,-4.44882364839E-02,
    2.00001E-02));
#5100 = CARTESIAN_POINT('',(0.142638495418,-5.546384624E-02,1.00001E-02)
  );
#5101 = CARTESIAN_POINT('',(0.142638495418,-4.44882364839E-02,
    1.00001E-02));
#5102 = ADVANCED_FACE('',(#5103),#5119,.T.);
#5103 = FACE_BOUND('',#5104,.T.);
#5104 = EDGE_LOOP('',(#5105,#5106,#5107,#5114));
#5105 = ORIENTED_EDGE('',*,*,#2053,.F.);
#5106 = ORIENTED_EDGE('',*,*,#5093,.F.);
#5107 = ORIENTED_EDGE('',*,*,#5108,.T.);
#5108 = EDGE_CURVE('',#5087,#5109,#5111,.T.);
#5109 = VERTEX_POINT('',#5110);
#5110 = CARTESIAN_POINT('',(0.193858007613,-5.546384624E-02,2.00001E-02)
  );
#5111 = B_SPLINE_CURVE_WITH_KNOTS('',1,(#5112,#5113),.UNSPECIFIED.,.F.,
  .F.,(2,2),(0.,5.121951219512E-02),.PIECEWISE_BEZIER_KNOTS.);
#5112 = CARTESIAN_POINT('',(0.142638495418,-5.546384624E-02,2.00001E-02)
  );
#5113 = CARTESIAN_POINT('',(0.193858007613,-5.546384624E-02,2.00001E-02)
  );
#5114 = ORIENTED_EDGE('',*,*,#5115,.T.);
#5115 = EDGE_CURVE('',#5109,#2054,#5116,.T.);
#5116 = B_SPLINE_CURVE_WITH_KNOTS('',1,(#5117,#5118),.UNSPECIFIED.,.F.,
  .F.,(2,2),(0.,1.E-02),.PIECEWISE_BEZIER_KNOTS.);
#5117 = CARTESIAN_POINT('',(0.193858007613,-5.546384624E-02,2.00001E-02)
  );
#5118 = CARTESIAN_POINT('',(0.193858007613,-5.546384624E-02,1.00001E-02)
  );
#5119 = B_SPLINE_SURFACE_WITH_KNOTS('',1,1,(
    (#5120,#5121)
    ,(#5122,#5123
    )),.UNSPECIFIED.,.F.,.F.,.F.,(2,2),(2,2),(-1.E-02,0.),(0.,
    5.121951219512E-02),.PIECEWISE_BEZIER_KNOTS.);
#5120 = CARTESIAN_POINT('',(0.142638495418,-5.546384624E-02,1.00001E-02)
  );
#5121 = CARTESIAN_POINT('',(0.193858007613,-5.546384624E-02,1.00001E-02)
  );
#5122 = CARTESIAN_POINT('',(0.142638495418,-5.546384624E-02,2.00001E-02)
  );
#5123 = CARTESIAN_POINT('',(0.193858007613,-5.546384624E-02,2.00001E-02)
  );
#5124 = ADVANCED_FACE('',(#5125),#5141,.T.);
#5125 = FACE_BOUND('',#5126,.T.);
#5126 = EDGE_LOOP('',(#5127,#5128,#5129,#5136));
#5127 = ORIENTED_EDGE('',*,*,#2060,.F.);
#5128 = ORIENTED_EDGE('',*,*,#5115,.F.);
#5129 = ORIENTED_EDGE('',*,*,#5130,.T.);
#5130 = EDGE_CURVE('',#5109,#5131,#5133,.T.);
#5131 = VERTEX_POINT('',#5132);
#5132 = CARTESIAN_POINT('',(0.193858007613,4.453615376E-02,2.00001E-02)
  );
#5133 = B_SPLINE_CURVE_WITH_KNOTS('',1,(#5134,#5135),.UNSPECIFIED.,.F.,
  .F.,(2,2),(0.,0.1),.PIECEWISE_BEZIER_KNOTS.);
#5134 = CARTESIAN_POINT('',(0.193858007613,-5.546384624E-02,2.00001E-02)
  );
#5135 = CARTESIAN_POINT('',(0.193858007613,4.453615376E-02,2.00001E-02)
  );
#5136 = ORIENTED_EDGE('',*,*,#5137,.T.);
#5137 = EDGE_CURVE('',#5131,#2061,#5138,.T.);
#5138 = B_SPLINE_CURVE_WITH_KNOTS('',1,(#5139,#5140),.UNSPECIFIED.,.F.,
  .F.,(2,2),(0.,1.E-02),.PIECEWISE_BEZIER_KNOTS.);
#5139 = CARTESIAN_POINT('',(0.193858007613,4.453615376E-02,2.00001E-02)
  );
#5140 = CARTESIAN_POINT('',(0.193858007613,4.453615376E-02,1.00001E-02)
  );
#5141 = B_SPLINE_SURFACE_WITH_KNOTS('',1,1,(
    (#5142,#5143)
    ,(#5144,#5145
    )),.UNSPECIFIED.,.F.,.F.,.F.,(2,2),(2,2),(-1.E-02,0.),(0.,0.1),
  .PIECEWISE_BEZIER_KNOTS.);
#5142 = CARTESIAN_POINT('',(0.193858007613,-5.546384624E-02,1.00001E-02)
  );
#5143 = CARTESIAN_POINT('',(0.193858007613,4.453615376E-02,1.00001E-02)
  );
#5144 = CARTESIAN_POINT('',(0.193858007613,-5.546384624E-02,2.00001E-02)
  );
#5145 = CARTESIAN_POINT('',(0.193858007613,4.453615376E-02,2.00001E-02)
  );
#5146 = ADVANCED_FACE('',(#5147),#5163,.T.);
#5147 = FACE_BOUND('',#5148,.T.);
#5148 = EDGE_LOOP('',(#5149,#5150,#5151,#5158));
#5149 = ORIENTED_EDGE('',*,*,#2067,.F.);
#5150 = ORIENTED_EDGE('',*,*,#5137,.F.);
#5151 = ORIENTED_EDGE('',*,*,#5152,.T.);
#5152 = EDGE_CURVE('',#5131,#5153,#5155,.T.);
#5153 = VERTEX_POINT('',#5154);
#5154 = CARTESIAN_POINT('',(0.180443373467,4.453615376E-02,2.00001E-02)
  );
#5155 = B_SPLINE_CURVE_WITH_KNOTS('',1,(#5156,#5157),.UNSPECIFIED.,.F.,
  .F.,(2,2),(0.,1.341463414634E-02),.PIECEWISE_BEZIER_KNOTS.);
#5156 = CARTESIAN_POINT('',(0.193858007613,4.453615376E-02,2.00001E-02)
  );
#5157 = CARTESIAN_POINT('',(0.180443373467,4.453615376E-02,2.00001E-02)
  );
#5158 = ORIENTED_EDGE('',*,*,#5159,.T.);
#5159 = EDGE_CURVE('',#5153,#2068,#5160,.T.);
#5160 = B_SPLINE_CURVE_WITH_KNOTS('',1,(#5161,#5162),.UNSPECIFIED.,.F.,
  .F.,(2,2),(0.,1.E-02),.PIECEWISE_BEZIER_KNOTS.);
#5161 = CARTESIAN_POINT('',(0.180443373467,4.453615376E-02,2.00001E-02)
  );
#5162 = CARTESIAN_POINT('',(0.180443373467,4.453615376E-02,1.00001E-02)
  );
#5163 = B_SPLINE_SURFACE_WITH_KNOTS('',1,1,(
    (#5164,#5165)
    ,(#5166,#5167)),.UNSPECIFIED.,.F.,.F.,.F.,(2,2),(2,2),(0.,1.E-02),(
    -1.341463414634E-02,0.),.PIECEWISE_BEZIER_KNOTS.);
#5164 = CARTESIAN_POINT('',(0.180443373467,4.453615376E-02,2.00001E-02)
  );
#5165 = CARTESIAN_POINT('',(0.193858007613,4.453615376E-02,2.00001E-02)
  );
#5166 = CARTESIAN_POINT('',(0.180443373467,4.453615376E-02,1.00001E-02)
  );
#5167 = CARTESIAN_POINT('',(0.193858007613,4.453615376E-02,1.00001E-02)
  );
#5168 = ADVANCED_FACE('',(#5169),#5185,.T.);
#5169 = FACE_BOUND('',#5170,.T.);
#5170 = EDGE_LOOP('',(#5171,#5172,#5173,#5180));
#5171 = ORIENTED_EDGE('',*,*,#2074,.F.);
#5172 = ORIENTED_EDGE('',*,*,#5159,.F.);
#5173 = ORIENTED_EDGE('',*,*,#5174,.T.);
#5174 = EDGE_CURVE('',#5153,#5175,#5177,.T.);
#5175 = VERTEX_POINT('',#5176);
#5176 = CARTESIAN_POINT('',(0.180443373467,-4.44882364839E-02,
    2.00001E-02));
#5177 = B_SPLINE_CURVE_WITH_KNOTS('',1,(#5178,#5179),.UNSPECIFIED.,.F.,
  .F.,(2,2),(0.,8.90243902439E-02),.PIECEWISE_BEZIER_KNOTS.);
#5178 = CARTESIAN_POINT('',(0.180443373467,4.453615376E-02,2.00001E-02)
  );
#5179 = CARTESIAN_POINT('',(0.180443373467,-4.44882364839E-02,
    2.00001E-02));
#5180 = ORIENTED_EDGE('',*,*,#5181,.T.);
#5181 = EDGE_CURVE('',#5175,#2038,#5182,.T.);
#5182 = B_SPLINE_CURVE_WITH_KNOTS('',1,(#5183,#5184),.UNSPECIFIED.,.F.,
  .F.,(2,2),(0.,1.E-02),.PIECEWISE_BEZIER_KNOTS.);
#5183 = CARTESIAN_POINT('',(0.180443373467,-4.44882364839E-02,
    2.00001E-02));
#5184 = CARTESIAN_POINT('',(0.180443373467,-4.44882364839E-02,
    1.00001E-02));
#5185 = B_SPLINE_SURFACE_WITH_KNOTS('',1,1,(
    (#5186,#5187)
    ,(#5188,#5189
    )),.UNSPECIFIED.,.F.,.F.,.F.,(2,2),(2,2),(0.,1.E-02),(
    -8.90243902439E-02,1.129377263006E-18),.PIECEWISE_BEZIER_KNOTS.);
#5186 = CARTESIAN_POINT('',(0.180443373467,-4.44882364839E-02,
    2.00001E-02));
#5187 = CARTESIAN_POINT('',(0.180443373467,4.453615376E-02,2.00001E-02)
  );
#5188 = CARTESIAN_POINT('',(0.180443373467,-4.44882364839E-02,
    1.00001E-02));
#5189 = CARTESIAN_POINT('',(0.180443373467,4.453615376E-02,1.00001E-02)
  );
#5190 = ADVANCED_FACE('',(#5191),#5201,.T.);
#5191 = FACE_BOUND('',#5192,.T.);
#5192 = EDGE_LOOP('',(#5193,#5194,#5195,#5200));
#5193 = ORIENTED_EDGE('',*,*,#2037,.F.);
#5194 = ORIENTED_EDGE('',*,*,#5181,.F.);
#5195 = ORIENTED_EDGE('',*,*,#5196,.T.);
#5196 = EDGE_CURVE('',#5175,#5080,#5197,.T.);
#5197 = B_SPLINE_CURVE_WITH_KNOTS('',1,(#5198,#5199),.UNSPECIFIED.,.F.,
  .F.,(2,2),(0.,3.780487804878E-02),.PIECEWISE_BEZIER_KNOTS.);
#5198 = CARTESIAN_POINT('',(0.180443373467,-4.44882364839E-02,
    2.00001E-02));
#5199 = CARTESIAN_POINT('',(0.142638495418,-4.44882364839E-02,
    2.00001E-02));
#5200 = ORIENTED_EDGE('',*,*,#5079,.T.);
#5201 = B_SPLINE_SURFACE_WITH_KNOTS('',1,1,(
    (#5202,#5203)
    ,(#5204,#5205)),.UNSPECIFIED.,.F.,.F.,.F.,(2,2),(2,2),(0.,1.E-02),(
    -3.780487804878E-02,0.),.PIECEWISE_BEZIER_KNOTS.);
#5202 = CARTESIAN_POINT('',(0.142638495418,-4.44882364839E-02,
    2.00001E-02));
#5203 = CARTESIAN_POINT('',(0.180443373467,-4.44882364839E-02,
    2.00001E-02));
#5204 = CARTESIAN_POINT('',(0.142638495418,-4.44882364839E-02,
    1.00001E-02));
#5205 = CARTESIAN_POINT('',(0.180443373467,-4.44882364839E-02,
    1.00001E-02));
#5206 = ADVANCED_FACE('',(#5207),#5215,.F.);
#5207 = FACE_BOUND('',#5208,.T.);
#5208 = EDGE_LOOP('',(#5209,#5210,#5211,#5212,#5213,#5214));
#5209 = ORIENTED_EDGE('',*,*,#5086,.F.);
#5210 = ORIENTED_EDGE('',*,*,#5196,.F.);
#5211 = ORIENTED_EDGE('',*,*,#5174,.F.);
#5212 = ORIENTED_EDGE('',*,*,#5152,.F.);
#5213 = ORIENTED_EDGE('',*,*,#5130,.F.);
#5214 = ORIENTED_EDGE('',*,*,#5108,.F.);
#5215 = B_SPLINE_SURFACE_WITH_KNOTS('',1,1,(
    (#5216,#5217)
    ,(#5218,#5219
    )),.UNSPECIFIED.,.F.,.F.,.F.,(2,2),(2,2),(0.142638495418,
    0.193858007613),(-5.546384624E-02,4.453615376E-02),
  .PIECEWISE_BEZIER_KNOTS.);
#5216 = CARTESIAN_POINT('',(0.142638495418,-5.546384624E-02,2.00001E-02)
  );
#5217 = CARTESIAN_POINT('',(0.142638495418,4.453615376E-02,2.00001E-02)
  );
#5218 = CARTESIAN_POINT('',(0.193858007613,-5.546384624E-02,2.00001E-02)
  );
#5219 = CARTESIAN_POINT('',(0.193858007613,4.453615376E-02,2.00001E-02)
  );
#5220 = ADVANCED_FACE('',(#5221),#5229,.T.);
#5221 = FACE_BOUND('',#5222,.T.);
#5222 = EDGE_LOOP('',(#5223,#5224,#5225,#5226,#5227,#5228));
#5223 = ORIENTED_EDGE('',*,*,#3602,.T.);
#5224 = ORIENTED_EDGE('',*,*,#3574,.T.);
#5225 = ORIENTED_EDGE('',*,*,#3720,.T.);
#5226 = ORIENTED_EDGE('',*,*,#3683,.T.);
#5227 = ORIENTED_EDGE('',*,*,#3661,.T.);
#5228 = ORIENTED_EDGE('',*,*,#3624,.T.);
#5229 = B_SPLINE_SURFACE_WITH_KNOTS('',1,1,(
    (#5230,#5231)
    ,(#5232,#5233
    )),.UNSPECIFIED.,.F.,.F.,.F.,(2,2),(2,2),(-0.406439455996,
    -0.357658968191),(0.568229196637,0.601670507613),
  .PIECEWISE_BEZIER_KNOTS.);
#5230 = CARTESIAN_POINT('',(-0.181770803363,-1.643945599609E-02,
    1.00001E-02));
#5231 = CARTESIAN_POINT('',(-0.148329492387,-1.643945599609E-02,
    1.00001E-02));
#5232 = CARTESIAN_POINT('',(-0.181770803363,3.234103180878E-02,
    1.00001E-02));
#5233 = CARTESIAN_POINT('',(-0.148329492387,3.234103180878E-02,
    1.00001E-02));
#5234 = ADVANCED_FACE('',(#5235),#5242,.T.);
#5235 = FACE_BOUND('',#5236,.T.);
#5236 = EDGE_LOOP('',(#5237,#5238,#5239,#5240,#5241));
#5237 = ORIENTED_EDGE('',*,*,#4060,.T.);
#5238 = ORIENTED_EDGE('',*,*,#4032,.T.);
#5239 = ORIENTED_EDGE('',*,*,#4228,.T.);
#5240 = ORIENTED_EDGE('',*,*,#4206,.T.);
#5241 = ORIENTED_EDGE('',*,*,#4133,.T.);
#5242 = B_SPLINE_SURFACE_WITH_KNOTS('',1,1,(
    (#5243,#5244)
    ,(#5245,#5246
    )),.UNSPECIFIED.,.F.,.F.,.F.,(2,2),(2,2),(-0.434488236484,
    -0.356439455996),(0.649955568588,0.703614105174),
  .PIECEWISE_BEZIER_KNOTS.);
#5243 = CARTESIAN_POINT('',(-0.100044431412,-4.44882364839E-02,
    1.00001E-02));
#5244 = CARTESIAN_POINT('',(-4.638589482618E-02,-4.44882364839E-02,
    1.00001E-02));
#5245 = CARTESIAN_POINT('',(-0.100044431412,3.356054400391E-02,
    1.00001E-02));
#5246 = CARTESIAN_POINT('',(-4.638589482618E-02,3.356054400391E-02,
    1.00001E-02));
#5247 = ADVANCED_FACE('',(#5248),#5278,.T.);
#5248 = FACE_BOUND('',#5249,.T.);
#5249 = EDGE_LOOP('',(#5250,#5259,#5266,#5273));
#5250 = ORIENTED_EDGE('',*,*,#5251,.T.);
#5251 = EDGE_CURVE('',#5252,#5254,#5256,.T.);
#5252 = VERTEX_POINT('',#5253);
#5253 = CARTESIAN_POINT('',(-0.8,-0.38,0.4800001));
#5254 = VERTEX_POINT('',#5255);
#5255 = CARTESIAN_POINT('',(-0.8,0.38,0.4800001));
#5256 = B_SPLINE_CURVE_WITH_KNOTS('',1,(#5257,#5258),.UNSPECIFIED.,.F.,
  .F.,(2,2),(-0.78,-2.E-02),.PIECEWISE_BEZIER_KNOTS.);
#5257 = CARTESIAN_POINT('',(-0.8,-0.38,0.4800001));
#5258 = CARTESIAN_POINT('',(-0.8,0.38,0.4800001));
#5259 = ORIENTED_EDGE('',*,*,#5260,.T.);
#5260 = EDGE_CURVE('',#5254,#5261,#5263,.T.);
#5261 = VERTEX_POINT('',#5262);
#5262 = CARTESIAN_POINT('',(-0.8,0.38,2.00001E-02));
#5263 = B_SPLINE_CURVE_WITH_KNOTS('',1,(#5264,#5265),.UNSPECIFIED.,.F.,
  .F.,(2,2),(-0.48,-2.E-02),.PIECEWISE_BEZIER_KNOTS.);
#5264 = CARTESIAN_POINT('',(-0.8,0.38,0.4800001));
#5265 = CARTESIAN_POINT('',(-0.8,0.38,2.00001E-02));
#5266 = ORIENTED_EDGE('',*,*,#5267,.T.);
#5267 = EDGE_CURVE('',#5261,#5268,#5270,.T.);
#5268 = VERTEX_POINT('',#5269);
#5269 = CARTESIAN_POINT('',(-0.8,-0.38,2.00001E-02));
#5270 = B_SPLINE_CURVE_WITH_KNOTS('',1,(#5271,#5272),.UNSPECIFIED.,.F.,
  .F.,(2,2),(-0.78,-2.E-02),.PIECEWISE_BEZIER_KNOTS.);
#5271 = CARTESIAN_POINT('',(-0.8,0.38,2.00001E-02));
#5272 = CARTESIAN_POINT('',(-0.8,-0.38,2.00001E-02));
#5273 = ORIENTED_EDGE('',*,*,#5274,.T.);
#5274 = EDGE_CURVE('',#5268,#5252,#5275,.T.);
#5275 = B_SPLINE_CURVE_WITH_KNOTS('',1,(#5276,#5277),.UNSPECIFIED.,.F.,
  .F.,(2,2),(-0.48,-2.E-02),.PIECEWISE_BEZIER_KNOTS.);
#5276 = CARTESIAN_POINT('',(-0.8,-0.38,2.00001E-02));
#5277 = CARTESIAN_POINT('',(-0.8,-0.38,0.4800001));
#5278 = B_SPLINE_SURFACE_WITH_KNOTS('',1,1,(
    (#5279,#5280)
    ,(#5281,#5282
    )),.UNSPECIFIED.,.F.,.F.,.F.,(2,2),(2,2),(-0.23,0.23),(-0.38,0.38),
  .PIECEWISE_BEZIER_KNOTS.);
#5279 = CARTESIAN_POINT('',(-0.8,0.38,0.4800001));
#5280 = CARTESIAN_POINT('',(-0.8,-0.38,0.4800001));
#5281 = CARTESIAN_POINT('',(-0.8,0.38,2.00001E-02));
#5282 = CARTESIAN_POINT('',(-0.8,-0.38,2.00001E-02));
#5283 = ADVANCED_FACE('',(#5284),#5309,.T.);
#5284 = FACE_BOUND('',#5285,.T.);
#5285 = EDGE_LOOP('',(#5286,#5287,#5300,#5301,#5302,#5303));
#5286 = ORIENTED_EDGE('',*,*,#2261,.F.);
#5287 = ORIENTED_EDGE('',*,*,#5288,.F.);
#5288 = EDGE_CURVE('',#2599,#2254,#5289,.T.);
#5289 = B_SPLINE_CURVE_WITH_KNOTS('',3,(#5290,#5291,#5292,#5293,#5294,
    #5295,#5296,#5297,#5298,#5299),.UNSPECIFIED.,.F.,.F.,(4,3,3,4),(0.,
    7.116571571104E-06,1.420054438822E-05,2.233532919822E-05),
  .UNSPECIFIED.);
#5290 = CARTESIAN_POINT('',(-0.556378346734,-0.39,0.497320608076));
#5291 = CARTESIAN_POINT('',(-0.555823757046,-0.391997445523,
    0.496167382366));
#5292 = CARTESIAN_POINT('',(-0.555105509199,-0.393783091741,
    0.494663434134));
#5293 = CARTESIAN_POINT('',(-0.554305320124,-0.395230481831,
    0.492962832109));
#5294 = CARTESIAN_POINT('',(-0.553507383909,-0.396673796921,
    0.49126701798));
#5295 = CARTESIAN_POINT('',(-0.552607670597,-0.397822791866,
    0.489332056906));
#5296 = CARTESIAN_POINT('',(-0.551681216659,-0.398617863677,
    0.487305930027));
#5297 = CARTESIAN_POINT('',(-0.55062033102,-0.399528303183,
    0.484985805065));
#5298 = CARTESIAN_POINT('',(-0.549494118707,-0.400000000055,
    0.48247910473));
#5299 = CARTESIAN_POINT('',(-0.548402379757,-0.4,0.4800001));
#5300 = ORIENTED_EDGE('',*,*,#2607,.T.);
#5301 = ORIENTED_EDGE('',*,*,#2364,.F.);
#5302 = ORIENTED_EDGE('',*,*,#2384,.F.);
#5303 = ORIENTED_EDGE('',*,*,#5304,.F.);
#5304 = EDGE_CURVE('',#2262,#2385,#5305,.T.);
#5305 = ( BOUNDED_CURVE() B_SPLINE_CURVE(2,(#5306,#5307,#5308),
.UNSPECIFIED.,.F.,.F.) B_SPLINE_CURVE_WITH_KNOTS((3,3),(4.712388980385,
6.28318530718),.PIECEWISE_BEZIER_KNOTS.) CURVE() 
GEOMETRIC_REPRESENTATION_ITEM() RATIONAL_B_SPLINE_CURVE((1.,
0.707106781187,1.)) REPRESENTATION_ITEM('') );
#5306 = CARTESIAN_POINT('',(-0.78,-0.4,0.4800001));
#5307 = CARTESIAN_POINT('',(-0.78,-0.4,0.5000001));
#5308 = CARTESIAN_POINT('',(-0.78,-0.38,0.5000001));
#5309 = ( BOUNDED_SURFACE() B_SPLINE_SURFACE(2,1,(
    (#5310,#5311)
    ,(#5312,#5313)
    ,(#5314,#5315
)),.UNSPECIFIED.,.F.,.F.,.F.) B_SPLINE_SURFACE_WITH_KNOTS((3,3),(2,2),(
    4.712388980385,6.28318530718),(4.833379019919E-02,0.28),
.PIECEWISE_BEZIER_KNOTS.) GEOMETRIC_REPRESENTATION_ITEM() 
RATIONAL_B_SPLINE_SURFACE((
    (1.,1.)
    ,(0.707106781187,0.707106781187)
,(1.,1.))) REPRESENTATION_ITEM('') SURFACE() );
#5310 = CARTESIAN_POINT('',(-0.548333790199,-0.4,0.4800001));
#5311 = CARTESIAN_POINT('',(-0.78,-0.4,0.4800001));
#5312 = CARTESIAN_POINT('',(-0.548333790199,-0.4,0.5000001));
#5313 = CARTESIAN_POINT('',(-0.78,-0.4,0.5000001));
#5314 = CARTESIAN_POINT('',(-0.548333790199,-0.38,0.5000001));
#5315 = CARTESIAN_POINT('',(-0.78,-0.38,0.5000001));
#5316 = ADVANCED_FACE('',(#5317),#5333,.T.);
#5317 = FACE_BOUND('',#5318,.T.);
#5318 = EDGE_LOOP('',(#5319,#5325,#5326,#5332));
#5319 = ORIENTED_EDGE('',*,*,#5320,.F.);
#5320 = EDGE_CURVE('',#2245,#5268,#5321,.T.);
#5321 = ( BOUNDED_CURVE() B_SPLINE_CURVE(2,(#5322,#5323,#5324),
.UNSPECIFIED.,.F.,.F.) B_SPLINE_CURVE_WITH_KNOTS((3,3),(4.712388980385,
6.28318530718),.PIECEWISE_BEZIER_KNOTS.) CURVE() 
GEOMETRIC_REPRESENTATION_ITEM() RATIONAL_B_SPLINE_CURVE((1.,
0.707106781187,1.)) REPRESENTATION_ITEM('') );
#5322 = CARTESIAN_POINT('',(-0.78,-0.4,2.00001E-02));
#5323 = CARTESIAN_POINT('',(-0.8,-0.4,2.00001E-02));
#5324 = CARTESIAN_POINT('',(-0.8,-0.38,2.00001E-02));
#5325 = ORIENTED_EDGE('',*,*,#2268,.F.);
#5326 = ORIENTED_EDGE('',*,*,#5327,.F.);
#5327 = EDGE_CURVE('',#5252,#2262,#5328,.T.);
#5328 = ( BOUNDED_CURVE() B_SPLINE_CURVE(2,(#5329,#5330,#5331),
.UNSPECIFIED.,.F.,.F.) B_SPLINE_CURVE_WITH_KNOTS((3,3),(3.14159265359,
4.712388980385),.PIECEWISE_BEZIER_KNOTS.) CURVE() 
GEOMETRIC_REPRESENTATION_ITEM() RATIONAL_B_SPLINE_CURVE((1.,
0.707106781187,1.)) REPRESENTATION_ITEM('') );
#5329 = CARTESIAN_POINT('',(-0.8,-0.38,0.4800001));
#5330 = CARTESIAN_POINT('',(-0.8,-0.4,0.4800001));
#5331 = CARTESIAN_POINT('',(-0.78,-0.4,0.4800001));
#5332 = ORIENTED_EDGE('',*,*,#5274,.F.);
#5333 = ( BOUNDED_SURFACE() B_SPLINE_SURFACE(2,1,(
    (#5334,#5335)
    ,(#5336,#5337)
    ,(#5338,#5339
)),.UNSPECIFIED.,.F.,.F.,.F.) B_SPLINE_SURFACE_WITH_KNOTS((3,3),(2,2),(
    3.14159265359,4.712388980385),(-0.48,-2.E-02),
.PIECEWISE_BEZIER_KNOTS.) GEOMETRIC_REPRESENTATION_ITEM() 
RATIONAL_B_SPLINE_SURFACE((
    (1.,1.)
    ,(0.707106781187,0.707106781187)
,(1.,1.))) REPRESENTATION_ITEM('') SURFACE() );
#5334 = CARTESIAN_POINT('',(-0.8,-0.38,2.00001E-02));
#5335 = CARTESIAN_POINT('',(-0.8,-0.38,0.4800001));
#5336 = CARTESIAN_POINT('',(-0.8,-0.4,2.00001E-02));
#5337 = CARTESIAN_POINT('',(-0.8,-0.4,0.4800001));
#5338 = CARTESIAN_POINT('',(-0.78,-0.4,2.00001E-02));
#5339 = CARTESIAN_POINT('',(-0.78,-0.4,0.4800001));
#5340 = ADVANCED_FACE('',(#5341),#5351,.T.);
#5341 = FACE_BOUND('',#5342,.T.);
#5342 = EDGE_LOOP('',(#5343,#5344,#5345));
#5343 = ORIENTED_EDGE('',*,*,#2563,.T.);
#5344 = ORIENTED_EDGE('',*,*,#5320,.T.);
#5345 = ORIENTED_EDGE('',*,*,#5346,.F.);
#5346 = EDGE_CURVE('',#2529,#5268,#5347,.T.);
#5347 = ( BOUNDED_CURVE() B_SPLINE_CURVE(2,(#5348,#5349,#5350),
.UNSPECIFIED.,.F.,.F.) B_SPLINE_CURVE_WITH_KNOTS((3,3),(0.,
1.570796326795),.PIECEWISE_BEZIER_KNOTS.) CURVE() 
GEOMETRIC_REPRESENTATION_ITEM() RATIONAL_B_SPLINE_CURVE((1.,
0.707106781187,1.)) REPRESENTATION_ITEM('') );
#5348 = CARTESIAN_POINT('',(-0.78,-0.38,1.000000000584E-07));
#5349 = CARTESIAN_POINT('',(-0.8,-0.38,1.000000000584E-07));
#5350 = CARTESIAN_POINT('',(-0.8,-0.38,2.00001E-02));
#5351 = ( BOUNDED_SURFACE() B_SPLINE_SURFACE(2,2,(
    (#5352,#5353,#5354)
    ,(#5355,#5356,#5357)
    ,(#5358,#5359,#5360)
    ,(#5361,#5362,#5363)
    ,(#5364,#5365,#5366
)),.UNSPECIFIED.,.F.,.F.,.F.) B_SPLINE_SURFACE_WITH_KNOTS((3,2,3),(3,3),
  (0.,1.570796326795,3.14159265359),(-1.570796326795,0.),
.PIECEWISE_BEZIER_KNOTS.) GEOMETRIC_REPRESENTATION_ITEM() 
RATIONAL_B_SPLINE_SURFACE((
    (1.,0.707106781187,1.)
    ,(0.707106781187,0.5,0.707106781187)
    ,(1.,0.707106781187,1.)
    ,(0.707106781187,0.5,0.707106781187)
,(1.,0.707106781187,1.))) REPRESENTATION_ITEM('') SURFACE() );
#5352 = CARTESIAN_POINT('',(-0.78,-0.4,2.00001E-02));
#5353 = CARTESIAN_POINT('',(-0.76,-0.4,2.00001E-02));
#5354 = CARTESIAN_POINT('',(-0.76,-0.38,2.00001E-02));
#5355 = CARTESIAN_POINT('',(-0.78,-0.4,2.00001E-02));
#5356 = CARTESIAN_POINT('',(-0.76,-0.4,1.000000000584E-07));
#5357 = CARTESIAN_POINT('',(-0.76,-0.38,1.000000000584E-07));
#5358 = CARTESIAN_POINT('',(-0.78,-0.4,2.00001E-02));
#5359 = CARTESIAN_POINT('',(-0.78,-0.4,1.000000000584E-07));
#5360 = CARTESIAN_POINT('',(-0.78,-0.38,1.000000000584E-07));
#5361 = CARTESIAN_POINT('',(-0.78,-0.4,2.00001E-02));
#5362 = CARTESIAN_POINT('',(-0.8,-0.4,1.000000000584E-07));
#5363 = CARTESIAN_POINT('',(-0.8,-0.38,1.000000000584E-07));
#5364 = CARTESIAN_POINT('',(-0.78,-0.4,2.00001E-02));
#5365 = CARTESIAN_POINT('',(-0.8,-0.4,2.00001E-02));
#5366 = CARTESIAN_POINT('',(-0.8,-0.38,2.00001E-02));
#5367 = ADVANCED_FACE('',(#5368),#5378,.T.);
#5368 = FACE_BOUND('',#5369,.T.);
#5369 = EDGE_LOOP('',(#5370,#5371,#5372));
#5370 = ORIENTED_EDGE('',*,*,#5327,.T.);
#5371 = ORIENTED_EDGE('',*,*,#5304,.T.);
#5372 = ORIENTED_EDGE('',*,*,#5373,.F.);
#5373 = EDGE_CURVE('',#5252,#2385,#5374,.T.);
#5374 = ( BOUNDED_CURVE() B_SPLINE_CURVE(2,(#5375,#5376,#5377),
.UNSPECIFIED.,.F.,.F.) B_SPLINE_CURVE_WITH_KNOTS((3,3),(1.570796326795,
3.14159265359),.PIECEWISE_BEZIER_KNOTS.) CURVE() 
GEOMETRIC_REPRESENTATION_ITEM() RATIONAL_B_SPLINE_CURVE((1.,
0.707106781187,1.)) REPRESENTATION_ITEM('') );
#5375 = CARTESIAN_POINT('',(-0.8,-0.38,0.4800001));
#5376 = CARTESIAN_POINT('',(-0.8,-0.38,0.5000001));
#5377 = CARTESIAN_POINT('',(-0.78,-0.38,0.5000001));
#5378 = ( BOUNDED_SURFACE() B_SPLINE_SURFACE(2,2,(
    (#5379,#5380,#5381)
    ,(#5382,#5383,#5384)
    ,(#5385,#5386,#5387
)),.UNSPECIFIED.,.F.,.F.,.F.) B_SPLINE_SURFACE_WITH_KNOTS((3,3),(3,3),(
    3.14159265359,4.712388980385),(-1.570796326795,0.),
.PIECEWISE_BEZIER_KNOTS.) GEOMETRIC_REPRESENTATION_ITEM() 
RATIONAL_B_SPLINE_SURFACE((
    (1.,0.707106781187,1.)
    ,(0.707106781187,0.5,0.707106781187)
,(1.,0.707106781187,1.))) REPRESENTATION_ITEM('') SURFACE() );
#5379 = CARTESIAN_POINT('',(-0.78,-0.4,0.4800001));
#5380 = CARTESIAN_POINT('',(-0.8,-0.4,0.4800001));
#5381 = CARTESIAN_POINT('',(-0.8,-0.38,0.4800001));
#5382 = CARTESIAN_POINT('',(-0.78,-0.4,0.4800001));
#5383 = CARTESIAN_POINT('',(-0.8,-0.4,0.5000001));
#5384 = CARTESIAN_POINT('',(-0.8,-0.38,0.5000001));
#5385 = CARTESIAN_POINT('',(-0.78,-0.4,0.4800001));
#5386 = CARTESIAN_POINT('',(-0.78,-0.4,0.5000001));
#5387 = CARTESIAN_POINT('',(-0.78,-0.38,0.5000001));
#5388 = ADVANCED_FACE('',(#5389),#5400,.T.);
#5389 = FACE_BOUND('',#5390,.T.);
#5390 = EDGE_LOOP('',(#5391,#5392,#5393,#5399));
#5391 = ORIENTED_EDGE('',*,*,#5346,.T.);
#5392 = ORIENTED_EDGE('',*,*,#5267,.F.);
#5393 = ORIENTED_EDGE('',*,*,#5394,.F.);
#5394 = EDGE_CURVE('',#2437,#5261,#5395,.T.);
#5395 = ( BOUNDED_CURVE() B_SPLINE_CURVE(2,(#5396,#5397,#5398),
.UNSPECIFIED.,.F.,.F.) B_SPLINE_CURVE_WITH_KNOTS((3,3),(3.14159265359,
4.712388980385),.PIECEWISE_BEZIER_KNOTS.) CURVE() 
GEOMETRIC_REPRESENTATION_ITEM() RATIONAL_B_SPLINE_CURVE((1.,
0.707106781187,1.)) REPRESENTATION_ITEM('') );
#5396 = CARTESIAN_POINT('',(-0.78,0.38,1.000000000584E-07));
#5397 = CARTESIAN_POINT('',(-0.8,0.38,1.000000000584E-07));
#5398 = CARTESIAN_POINT('',(-0.8,0.38,2.00001E-02));
#5399 = ORIENTED_EDGE('',*,*,#2535,.F.);
#5400 = ( BOUNDED_SURFACE() B_SPLINE_SURFACE(2,1,(
    (#5401,#5402)
    ,(#5403,#5404)
    ,(#5405,#5406
)),.UNSPECIFIED.,.F.,.F.,.F.) B_SPLINE_SURFACE_WITH_KNOTS((3,3),(2,2),(
    4.712388980385,6.28318530718),(2.E-02,0.78),
.PIECEWISE_BEZIER_KNOTS.) GEOMETRIC_REPRESENTATION_ITEM() 
RATIONAL_B_SPLINE_SURFACE((
    (1.,1.)
    ,(0.707106781187,0.707106781187)
,(1.,1.))) REPRESENTATION_ITEM('') SURFACE() );
#5401 = CARTESIAN_POINT('',(-0.8,0.38,2.00001E-02));
#5402 = CARTESIAN_POINT('',(-0.8,-0.38,2.00001E-02));
#5403 = CARTESIAN_POINT('',(-0.8,0.38,1.000000000584E-07));
#5404 = CARTESIAN_POINT('',(-0.8,-0.38,1.000000000584E-07));
#5405 = CARTESIAN_POINT('',(-0.78,0.38,1.000000000584E-07));
#5406 = CARTESIAN_POINT('',(-0.78,-0.38,1.000000000584E-07));
#5407 = ADVANCED_FACE('',(#5408),#5419,.T.);
#5408 = FACE_BOUND('',#5409,.T.);
#5409 = EDGE_LOOP('',(#5410,#5411,#5412,#5418));
#5410 = ORIENTED_EDGE('',*,*,#5373,.T.);
#5411 = ORIENTED_EDGE('',*,*,#2399,.F.);
#5412 = ORIENTED_EDGE('',*,*,#5413,.F.);
#5413 = EDGE_CURVE('',#5254,#2393,#5414,.T.);
#5414 = ( BOUNDED_CURVE() B_SPLINE_CURVE(2,(#5415,#5416,#5417),
.UNSPECIFIED.,.F.,.F.) B_SPLINE_CURVE_WITH_KNOTS((3,3),(4.712388980385,
6.28318530718),.PIECEWISE_BEZIER_KNOTS.) CURVE() 
GEOMETRIC_REPRESENTATION_ITEM() RATIONAL_B_SPLINE_CURVE((1.,
0.707106781187,1.)) REPRESENTATION_ITEM('') );
#5415 = CARTESIAN_POINT('',(-0.8,0.38,0.4800001));
#5416 = CARTESIAN_POINT('',(-0.8,0.38,0.5000001));
#5417 = CARTESIAN_POINT('',(-0.78,0.38,0.5000001));
#5418 = ORIENTED_EDGE('',*,*,#5251,.F.);
#5419 = ( BOUNDED_SURFACE() B_SPLINE_SURFACE(2,1,(
    (#5420,#5421)
    ,(#5422,#5423)
    ,(#5424,#5425
)),.UNSPECIFIED.,.F.,.F.,.F.) B_SPLINE_SURFACE_WITH_KNOTS((3,3),(2,2),(
    4.712388980385,6.28318530718),(-0.78,-2.E-02),
.PIECEWISE_BEZIER_KNOTS.) GEOMETRIC_REPRESENTATION_ITEM() 
RATIONAL_B_SPLINE_SURFACE((
    (1.,1.)
    ,(0.707106781187,0.707106781187)
,(1.,1.))) REPRESENTATION_ITEM('') SURFACE() );
#5420 = CARTESIAN_POINT('',(-0.8,-0.38,0.4800001));
#5421 = CARTESIAN_POINT('',(-0.8,0.38,0.4800001));
#5422 = CARTESIAN_POINT('',(-0.8,-0.38,0.5000001));
#5423 = CARTESIAN_POINT('',(-0.8,0.38,0.5000001));
#5424 = CARTESIAN_POINT('',(-0.78,-0.38,0.5000001));
#5425 = CARTESIAN_POINT('',(-0.78,0.38,0.5000001));
#5426 = ADVANCED_FACE('',(#5427),#5437,.T.);
#5427 = FACE_BOUND('',#5428,.T.);
#5428 = EDGE_LOOP('',(#5429,#5430,#5431));
#5429 = ORIENTED_EDGE('',*,*,#2443,.T.);
#5430 = ORIENTED_EDGE('',*,*,#5394,.T.);
#5431 = ORIENTED_EDGE('',*,*,#5432,.F.);
#5432 = EDGE_CURVE('',#2415,#5261,#5433,.T.);
#5433 = ( BOUNDED_CURVE() B_SPLINE_CURVE(2,(#5434,#5435,#5436),
.UNSPECIFIED.,.F.,.F.) B_SPLINE_CURVE_WITH_KNOTS((3,3),(4.712388980385,
6.28318530718),.PIECEWISE_BEZIER_KNOTS.) CURVE() 
GEOMETRIC_REPRESENTATION_ITEM() RATIONAL_B_SPLINE_CURVE((1.,
0.707106781187,1.)) REPRESENTATION_ITEM('') );
#5434 = CARTESIAN_POINT('',(-0.78,0.4,2.00001E-02));
#5435 = CARTESIAN_POINT('',(-0.8,0.4,2.00001E-02));
#5436 = CARTESIAN_POINT('',(-0.8,0.38,2.00001E-02));
#5437 = ( BOUNDED_SURFACE() B_SPLINE_SURFACE(2,2,(
    (#5438,#5439,#5440)
    ,(#5441,#5442,#5443)
    ,(#5444,#5445,#5446)
    ,(#5447,#5448,#5449)
    ,(#5450,#5451,#5452
)),.UNSPECIFIED.,.F.,.F.,.F.) B_SPLINE_SURFACE_WITH_KNOTS((3,2,3),(3,3),
  (0.,1.570796326795,3.14159265359),(0.,1.570796326795),
.PIECEWISE_BEZIER_KNOTS.) GEOMETRIC_REPRESENTATION_ITEM() 
RATIONAL_B_SPLINE_SURFACE((
    (1.,0.707106781187,1.)
    ,(0.707106781187,0.5,0.707106781187)
    ,(1.,0.707106781187,1.)
    ,(0.707106781187,0.5,0.707106781187)
,(1.,0.707106781187,1.))) REPRESENTATION_ITEM('') SURFACE() );
#5438 = CARTESIAN_POINT('',(-0.76,0.38,2.00001E-02));
#5439 = CARTESIAN_POINT('',(-0.76,0.4,2.00001E-02));
#5440 = CARTESIAN_POINT('',(-0.78,0.4,2.00001E-02));
#5441 = CARTESIAN_POINT('',(-0.76,0.38,1.000000000584E-07));
#5442 = CARTESIAN_POINT('',(-0.76,0.4,1.000000000584E-07));
#5443 = CARTESIAN_POINT('',(-0.78,0.4,2.00001E-02));
#5444 = CARTESIAN_POINT('',(-0.78,0.38,1.000000000584E-07));
#5445 = CARTESIAN_POINT('',(-0.78,0.4,1.000000000584E-07));
#5446 = CARTESIAN_POINT('',(-0.78,0.4,2.00001E-02));
#5447 = CARTESIAN_POINT('',(-0.8,0.38,1.000000000584E-07));
#5448 = CARTESIAN_POINT('',(-0.8,0.4,1.000000000584E-07));
#5449 = CARTESIAN_POINT('',(-0.78,0.4,2.00001E-02));
#5450 = CARTESIAN_POINT('',(-0.8,0.38,2.00001E-02));
#5451 = CARTESIAN_POINT('',(-0.8,0.4,2.00001E-02));
#5452 = CARTESIAN_POINT('',(-0.78,0.4,2.00001E-02));
#5453 = ADVANCED_FACE('',(#5454),#5464,.T.);
#5454 = FACE_BOUND('',#5455,.T.);
#5455 = EDGE_LOOP('',(#5456,#5457,#5458));
#5456 = ORIENTED_EDGE('',*,*,#5413,.T.);
#5457 = ORIENTED_EDGE('',*,*,#2510,.T.);
#5458 = ORIENTED_EDGE('',*,*,#5459,.F.);
#5459 = EDGE_CURVE('',#5254,#2469,#5460,.T.);
#5460 = ( BOUNDED_CURVE() B_SPLINE_CURVE(2,(#5461,#5462,#5463),
.UNSPECIFIED.,.F.,.F.) B_SPLINE_CURVE_WITH_KNOTS((3,3),(3.14159265359,
4.712388980385),.PIECEWISE_BEZIER_KNOTS.) CURVE() 
GEOMETRIC_REPRESENTATION_ITEM() RATIONAL_B_SPLINE_CURVE((1.,
0.707106781187,1.)) REPRESENTATION_ITEM('') );
#5461 = CARTESIAN_POINT('',(-0.8,0.38,0.4800001));
#5462 = CARTESIAN_POINT('',(-0.8,0.4,0.4800001));
#5463 = CARTESIAN_POINT('',(-0.78,0.4,0.4800001));
#5464 = ( BOUNDED_SURFACE() B_SPLINE_SURFACE(2,2,(
    (#5465,#5466,#5467)
    ,(#5468,#5469,#5470)
    ,(#5471,#5472,#5473
)),.UNSPECIFIED.,.F.,.F.,.F.) B_SPLINE_SURFACE_WITH_KNOTS((3,3),(3,3),(
    3.14159265359,4.712388980385),(0.,1.570796326795),
.PIECEWISE_BEZIER_KNOTS.) GEOMETRIC_REPRESENTATION_ITEM() 
RATIONAL_B_SPLINE_SURFACE((
    (1.,0.707106781187,1.)
    ,(0.707106781187,0.5,0.707106781187)
,(1.,0.707106781187,1.))) REPRESENTATION_ITEM('') SURFACE() );
#5465 = CARTESIAN_POINT('',(-0.8,0.38,0.4800001));
#5466 = CARTESIAN_POINT('',(-0.8,0.4,0.4800001));
#5467 = CARTESIAN_POINT('',(-0.78,0.4,0.4800001));
#5468 = CARTESIAN_POINT('',(-0.8,0.38,0.5000001));
#5469 = CARTESIAN_POINT('',(-0.8,0.4,0.5000001));
#5470 = CARTESIAN_POINT('',(-0.78,0.4,0.4800001));
#5471 = CARTESIAN_POINT('',(-0.78,0.38,0.5000001));
#5472 = CARTESIAN_POINT('',(-0.78,0.4,0.5000001));
#5473 = CARTESIAN_POINT('',(-0.78,0.4,0.4800001));
#5474 = ADVANCED_FACE('',(#5475),#5481,.T.);
#5475 = FACE_BOUND('',#5476,.T.);
#5476 = EDGE_LOOP('',(#5477,#5478,#5479,#5480));
#5477 = ORIENTED_EDGE('',*,*,#5432,.T.);
#5478 = ORIENTED_EDGE('',*,*,#5260,.F.);
#5479 = ORIENTED_EDGE('',*,*,#5459,.T.);
#5480 = ORIENTED_EDGE('',*,*,#2468,.F.);
#5481 = ( BOUNDED_SURFACE() B_SPLINE_SURFACE(2,1,(
    (#5482,#5483)
    ,(#5484,#5485)
    ,(#5486,#5487
)),.UNSPECIFIED.,.F.,.F.,.F.) B_SPLINE_SURFACE_WITH_KNOTS((3,3),(2,2),(
    0.,1.570796326795),(2.E-02,0.48),.PIECEWISE_BEZIER_KNOTS.) 
GEOMETRIC_REPRESENTATION_ITEM() RATIONAL_B_SPLINE_SURFACE((
    (1.,1.)
    ,(0.707106781187,0.707106781187)
,(1.,1.))) REPRESENTATION_ITEM('') SURFACE() );
#5482 = CARTESIAN_POINT('',(-0.8,0.38,0.4800001));
#5483 = CARTESIAN_POINT('',(-0.8,0.38,2.00001E-02));
#5484 = CARTESIAN_POINT('',(-0.8,0.4,0.4800001));
#5485 = CARTESIAN_POINT('',(-0.8,0.4,2.00001E-02));
#5486 = CARTESIAN_POINT('',(-0.78,0.4,0.4800001));
#5487 = CARTESIAN_POINT('',(-0.78,0.4,2.00001E-02));
#5488 = ADVANCED_FACE('',(#5489),#5519,.T.);
#5489 = FACE_BOUND('',#5490,.T.);
#5490 = EDGE_LOOP('',(#5491,#5492,#5493,#5494,#5504,#5505,#5515,#5516,
    #5517,#5518));
#5491 = ORIENTED_EDGE('',*,*,#2496,.F.);
#5492 = ORIENTED_EDGE('',*,*,#2583,.T.);
#5493 = ORIENTED_EDGE('',*,*,#2328,.T.);
#5494 = ORIENTED_EDGE('',*,*,#5495,.T.);
#5495 = EDGE_CURVE('',#2314,#662,#5496,.T.);
#5496 = B_SPLINE_CURVE_WITH_KNOTS('',3,(#5497,#5498,#5499,#5500,#5501,
    #5502,#5503),.UNSPECIFIED.,.F.,.F.,(4,3,4),(6.063375519732E-07,
    7.840565178185E-06,1.566560337321E-05),.UNSPECIFIED.);
#5497 = CARTESIAN_POINT('',(-0.549703176699,0.385257133157,
    0.482931452901));
#5498 = CARTESIAN_POINT('',(-0.548924635573,0.386732934739,0.48119021968
    ));
#5499 = CARTESIAN_POINT('',(-0.548043491616,0.387901200876,
    0.479194757977));
#5500 = CARTESIAN_POINT('',(-0.547137244233,0.388695208932,
    0.477105672864));
#5501 = CARTESIAN_POINT('',(-0.546156168903,0.389554777445,
    0.474844094066));
#5502 = CARTESIAN_POINT('',(-0.545118297187,0.39,0.472409056588));
#5503 = CARTESIAN_POINT('',(-0.544111801459,0.39,0.4700001));
#5504 = ORIENTED_EDGE('',*,*,#661,.T.);
#5505 = ORIENTED_EDGE('',*,*,#5506,.T.);
#5506 = EDGE_CURVE('',#655,#2121,#5507,.T.);
#5507 = B_SPLINE_CURVE_WITH_KNOTS('',3,(#5508,#5509,#5510,#5511,#5512,
    #5513,#5514),.UNSPECIFIED.,.F.,.F.,(4,3,4),(0.,7.832301669418E-06,
    1.507324433125E-05),.UNSPECIFIED.);
#5508 = CARTESIAN_POINT('',(-0.544111801459,0.39,3.00001E-02));
#5509 = CARTESIAN_POINT('',(-0.545118297187,0.39,2.759114341194E-02));
#5510 = CARTESIAN_POINT('',(-0.546156168903,0.389554777445,
    2.515610593411E-02));
#5511 = CARTESIAN_POINT('',(-0.547137244233,0.388695208932,
    2.28945271357E-02));
#5512 = CARTESIAN_POINT('',(-0.548043491612,0.387901200879,
    2.080544203061E-02));
#5513 = CARTESIAN_POINT('',(-0.548924635567,0.386732934748,
    1.880998033492E-02));
#5514 = CARTESIAN_POINT('',(-0.54970317669,0.385257133174,
    1.706874711961E-02));
#5515 = ORIENTED_EDGE('',*,*,#2120,.F.);
#5516 = ORIENTED_EDGE('',*,*,#1458,.T.);
#5517 = ORIENTED_EDGE('',*,*,#2421,.F.);
#5518 = ORIENTED_EDGE('',*,*,#2459,.F.);
#5519 = ( BOUNDED_SURFACE() B_SPLINE_SURFACE(2,1,(
    (#5520,#5521)
    ,(#5522,#5523)
    ,(#5524,#5525
)),.UNSPECIFIED.,.F.,.F.,.F.) B_SPLINE_SURFACE_WITH_KNOTS((3,3),(2,2),(
    1.122542714115,2.019049939475),(-4.742866843349E-03,1.E-02),
.PIECEWISE_BEZIER_KNOTS.) GEOMETRIC_REPRESENTATION_ITEM() 
RATIONAL_B_SPLINE_SURFACE((
    (1.,1.)
    ,(0.901205347138,0.901205347138)
,(1.,1.))) REPRESENTATION_ITEM('') SURFACE() );
#5520 = CARTESIAN_POINT('',(-0.556378346734,0.385257133157,
    0.497320608076));
#5521 = CARTESIAN_POINT('',(-0.556378346734,0.4,0.497320608076));
#5522 = CARTESIAN_POINT('',(-0.437441175962,0.385257133157,0.2500001));
#5523 = CARTESIAN_POINT('',(-0.437441175962,0.4,0.2500001));
#5524 = CARTESIAN_POINT('',(-0.556378346734,0.385257133157,
    2.679591924311E-03));
#5525 = CARTESIAN_POINT('',(-0.556378346734,0.4,2.679591924311E-03));
#5526 = ADVANCED_FACE('',(#5527),#5557,.T.);
#5527 = FACE_BOUND('',#5528,.T.);
#5528 = EDGE_LOOP('',(#5529,#5530,#5531,#5532,#5533,#5543,#5544,#5554,
    #5555,#5556));
#5529 = ORIENTED_EDGE('',*,*,#2253,.T.);
#5530 = ORIENTED_EDGE('',*,*,#2549,.T.);
#5531 = ORIENTED_EDGE('',*,*,#1625,.F.);
#5532 = ORIENTED_EDGE('',*,*,#2158,.T.);
#5533 = ORIENTED_EDGE('',*,*,#5534,.T.);
#5534 = EDGE_CURVE('',#2144,#1521,#5535,.T.);
#5535 = B_SPLINE_CURVE_WITH_KNOTS('',3,(#5536,#5537,#5538,#5539,#5540,
    #5541,#5542),.UNSPECIFIED.,.F.,.F.,(4,3,4),(6.063375519735E-07,
    7.840565178185E-06,1.566560337321E-05),.UNSPECIFIED.);
#5536 = CARTESIAN_POINT('',(-0.549703176699,-0.385257133157,
    1.706874709939E-02));
#5537 = CARTESIAN_POINT('',(-0.548924635573,-0.386732934739,
    1.880998031958E-02));
#5538 = CARTESIAN_POINT('',(-0.548043491616,-0.387901200876,
    2.080544202263E-02));
#5539 = CARTESIAN_POINT('',(-0.547137244233,-0.388695208932,
    2.28945271357E-02));
#5540 = CARTESIAN_POINT('',(-0.546156168903,-0.389554777445,
    2.515610593411E-02));
#5541 = CARTESIAN_POINT('',(-0.545118297187,-0.39,2.759114341194E-02));
#5542 = CARTESIAN_POINT('',(-0.544111801459,-0.39,3.00001E-02));
#5543 = ORIENTED_EDGE('',*,*,#1518,.F.);
#5544 = ORIENTED_EDGE('',*,*,#5545,.T.);
#5545 = EDGE_CURVE('',#1519,#2291,#5546,.T.);
#5546 = B_SPLINE_CURVE_WITH_KNOTS('',3,(#5547,#5548,#5549,#5550,#5551,
    #5552,#5553),.UNSPECIFIED.,.F.,.F.,(4,3,4),(2.710505431214E-20,
    7.832301669418E-06,1.507324433125E-05),.UNSPECIFIED.);
#5547 = CARTESIAN_POINT('',(-0.544111801459,-0.39,0.4700001));
#5548 = CARTESIAN_POINT('',(-0.545118297187,-0.39,0.472409056588));
#5549 = CARTESIAN_POINT('',(-0.546156168903,-0.389554777445,
    0.474844094066));
#5550 = CARTESIAN_POINT('',(-0.547137244233,-0.388695208932,
    0.477105672864));
#5551 = CARTESIAN_POINT('',(-0.548043491612,-0.387901200879,
    0.479194757969));
#5552 = CARTESIAN_POINT('',(-0.548924635567,-0.386732934748,
    0.481190219665));
#5553 = CARTESIAN_POINT('',(-0.54970317669,-0.385257133174,0.48293145288
    ));
#5554 = ORIENTED_EDGE('',*,*,#2290,.F.);
#5555 = ORIENTED_EDGE('',*,*,#2598,.F.);
#5556 = ORIENTED_EDGE('',*,*,#5288,.T.);
#5557 = ( BOUNDED_SURFACE() B_SPLINE_SURFACE(2,1,(
    (#5558,#5559)
    ,(#5560,#5561)
    ,(#5562,#5563
)),.UNSPECIFIED.,.F.,.F.,.F.) B_SPLINE_SURFACE_WITH_KNOTS((3,3),(2,2),(
    1.122542714115,2.019049939475),(-4.742866843349E-03,1.E-02),
.PIECEWISE_BEZIER_KNOTS.) GEOMETRIC_REPRESENTATION_ITEM() 
RATIONAL_B_SPLINE_SURFACE((
    (1.,1.)
    ,(0.901205347138,0.901205347138)
,(1.,1.))) REPRESENTATION_ITEM('') SURFACE() );
#5558 = CARTESIAN_POINT('',(-0.556378346734,-0.385257133157,
    2.679591924311E-03));
#5559 = CARTESIAN_POINT('',(-0.556378346734,-0.4,2.679591924311E-03));
#5560 = CARTESIAN_POINT('',(-0.437441175962,-0.385257133157,0.2500001));
#5561 = CARTESIAN_POINT('',(-0.437441175962,-0.4,0.2500001));
#5562 = CARTESIAN_POINT('',(-0.556378346734,-0.385257133157,
    0.497320608076));
#5563 = CARTESIAN_POINT('',(-0.556378346734,-0.4,0.497320608076));
#5564 = ADVANCED_FACE('',(#5565),#5573,.T.);
#5565 = FACE_BOUND('',#5566,.T.);
#5566 = EDGE_LOOP('',(#5567,#5568,#5569,#5570,#5571,#5572));
#5567 = ORIENTED_EDGE('',*,*,#2143,.F.);
#5568 = ORIENTED_EDGE('',*,*,#2091,.F.);
#5569 = ORIENTED_EDGE('',*,*,#2688,.F.);
#5570 = ORIENTED_EDGE('',*,*,#3303,.F.);
#5571 = ORIENTED_EDGE('',*,*,#1528,.F.);
#5572 = ORIENTED_EDGE('',*,*,#5534,.F.);
#5573 = ( BOUNDED_SURFACE() B_SPLINE_SURFACE(2,1,(
    (#5574,#5575)
    ,(#5576,#5577)
    ,(#5578,#5579
)),.UNSPECIFIED.,.F.,.F.,.F.) B_SPLINE_SURFACE_WITH_KNOTS((3,3),(2,2),(
    4.712388980385,6.28318530718),(0.200296823301,1.29970317669),
.PIECEWISE_BEZIER_KNOTS.) GEOMETRIC_REPRESENTATION_ITEM() 
RATIONAL_B_SPLINE_SURFACE((
    (1.,1.)
    ,(0.707106781187,0.707106781187)
,(1.,1.))) REPRESENTATION_ITEM('') SURFACE() );
#5574 = CARTESIAN_POINT('',(-0.549703176699,-0.39,3.00001E-02));
#5575 = CARTESIAN_POINT('',(0.54970317669,-0.39,3.00001E-02));
#5576 = CARTESIAN_POINT('',(-0.549703176699,-0.39,1.00001E-02));
#5577 = CARTESIAN_POINT('',(0.54970317669,-0.39,1.00001E-02));
#5578 = CARTESIAN_POINT('',(-0.549703176699,-0.37,1.00001E-02));
#5579 = CARTESIAN_POINT('',(0.54970317669,-0.37,1.00001E-02));
#5580 = ADVANCED_FACE('',(#5581),#5589,.T.);
#5581 = FACE_BOUND('',#5582,.T.);
#5582 = EDGE_LOOP('',(#5583,#5584,#5585,#5586,#5587,#5588));
#5583 = ORIENTED_EDGE('',*,*,#1543,.F.);
#5584 = ORIENTED_EDGE('',*,*,#3292,.F.);
#5585 = ORIENTED_EDGE('',*,*,#2857,.F.);
#5586 = ORIENTED_EDGE('',*,*,#2216,.F.);
#5587 = ORIENTED_EDGE('',*,*,#2299,.F.);
#5588 = ORIENTED_EDGE('',*,*,#5545,.F.);
#5589 = ( BOUNDED_SURFACE() B_SPLINE_SURFACE(2,1,(
    (#5590,#5591)
    ,(#5592,#5593)
    ,(#5594,#5595
)),.UNSPECIFIED.,.F.,.F.,.F.) B_SPLINE_SURFACE_WITH_KNOTS((3,3),(2,2),(
    3.14159265359,4.712388980385),(0.20029682331,1.299703176699),
.PIECEWISE_BEZIER_KNOTS.) GEOMETRIC_REPRESENTATION_ITEM() 
RATIONAL_B_SPLINE_SURFACE((
    (1.,1.)
    ,(0.707106781187,0.707106781187)
,(1.,1.))) REPRESENTATION_ITEM('') SURFACE() );
#5590 = CARTESIAN_POINT('',(-0.54970317669,-0.37,0.4900001));
#5591 = CARTESIAN_POINT('',(0.549703176699,-0.37,0.4900001));
#5592 = CARTESIAN_POINT('',(-0.54970317669,-0.39,0.4900001));
#5593 = CARTESIAN_POINT('',(0.549703176699,-0.39,0.4900001));
#5594 = CARTESIAN_POINT('',(-0.54970317669,-0.39,0.4700001));
#5595 = CARTESIAN_POINT('',(0.549703176699,-0.39,0.4700001));
#5596 = ADVANCED_FACE('',(#5597),#5605,.T.);
#5597 = FACE_BOUND('',#5598,.T.);
#5598 = EDGE_LOOP('',(#5599,#5600,#5601,#5602,#5603,#5604));
#5599 = ORIENTED_EDGE('',*,*,#654,.F.);
#5600 = ORIENTED_EDGE('',*,*,#3256,.F.);
#5601 = ORIENTED_EDGE('',*,*,#2702,.F.);
#5602 = ORIENTED_EDGE('',*,*,#2106,.F.);
#5603 = ORIENTED_EDGE('',*,*,#2129,.F.);
#5604 = ORIENTED_EDGE('',*,*,#5506,.F.);
#5605 = ( BOUNDED_SURFACE() B_SPLINE_SURFACE(2,1,(
    (#5606,#5607)
    ,(#5608,#5609)
    ,(#5610,#5611
)),.UNSPECIFIED.,.F.,.F.,.F.) B_SPLINE_SURFACE_WITH_KNOTS((3,3),(2,2),(
    0.,1.570796326795),(0.20029682331,1.299703176699),
.PIECEWISE_BEZIER_KNOTS.) GEOMETRIC_REPRESENTATION_ITEM() 
RATIONAL_B_SPLINE_SURFACE((
    (1.,1.)
    ,(0.707106781187,0.707106781187)
,(1.,1.))) REPRESENTATION_ITEM('') SURFACE() );
#5606 = CARTESIAN_POINT('',(-0.54970317669,0.37,1.00001E-02));
#5607 = CARTESIAN_POINT('',(0.549703176699,0.37,1.00001E-02));
#5608 = CARTESIAN_POINT('',(-0.54970317669,0.39,1.00001E-02));
#5609 = CARTESIAN_POINT('',(0.549703176699,0.39,1.00001E-02));
#5610 = CARTESIAN_POINT('',(-0.54970317669,0.39,3.00001E-02));
#5611 = CARTESIAN_POINT('',(0.549703176699,0.39,3.00001E-02));
#5612 = ADVANCED_FACE('',(#5613),#5621,.T.);
#5613 = FACE_BOUND('',#5614,.T.);
#5614 = EDGE_LOOP('',(#5615,#5616,#5617,#5618,#5619,#5620));
#5615 = ORIENTED_EDGE('',*,*,#2313,.F.);
#5616 = ORIENTED_EDGE('',*,*,#2231,.F.);
#5617 = ORIENTED_EDGE('',*,*,#2843,.F.);
#5618 = ORIENTED_EDGE('',*,*,#3267,.F.);
#5619 = ORIENTED_EDGE('',*,*,#669,.F.);
#5620 = ORIENTED_EDGE('',*,*,#5495,.F.);
#5621 = ( BOUNDED_SURFACE() B_SPLINE_SURFACE(2,1,(
    (#5622,#5623)
    ,(#5624,#5625)
    ,(#5626,#5627
)),.UNSPECIFIED.,.F.,.F.,.F.) B_SPLINE_SURFACE_WITH_KNOTS((3,3),(2,2),(
    1.570796326795,3.14159265359),(0.200296823301,1.29970317669),
.PIECEWISE_BEZIER_KNOTS.) GEOMETRIC_REPRESENTATION_ITEM() 
RATIONAL_B_SPLINE_SURFACE((
    (1.,1.)
    ,(0.707106781187,0.707106781187)
,(1.,1.))) REPRESENTATION_ITEM('') SURFACE() );
#5622 = CARTESIAN_POINT('',(-0.549703176699,0.39,0.4700001));
#5623 = CARTESIAN_POINT('',(0.54970317669,0.39,0.4700001));
#5624 = CARTESIAN_POINT('',(-0.549703176699,0.39,0.4900001));
#5625 = CARTESIAN_POINT('',(0.54970317669,0.39,0.4900001));
#5626 = CARTESIAN_POINT('',(-0.549703176699,0.37,0.4900001));
#5627 = CARTESIAN_POINT('',(0.54970317669,0.37,0.4900001));
#5628 = ADVANCED_FACE('',(#5629),#5651,.F.);
#5629 = FACE_BOUND('',#5630,.T.);
#5630 = EDGE_LOOP('',(#5631,#5632,#5639,#5646));
#5631 = ORIENTED_EDGE('',*,*,#685,.T.);
#5632 = ORIENTED_EDGE('',*,*,#5633,.F.);
#5633 = EDGE_CURVE('',#5634,#677,#5636,.T.);
#5634 = VERTEX_POINT('',#5635);
#5635 = CARTESIAN_POINT('',(-4.362412917474E-02,0.4,0.27831218027));
#5636 = B_SPLINE_CURVE_WITH_KNOTS('',1,(#5637,#5638),.UNSPECIFIED.,.F.,
  .F.,(2,2),(-0.,1.E-02),.PIECEWISE_BEZIER_KNOTS.);
#5637 = CARTESIAN_POINT('',(-4.362412917474E-02,0.4,0.27831218027));
#5638 = CARTESIAN_POINT('',(-4.362412917474E-02,0.39,0.27831218027));
#5639 = ORIENTED_EDGE('',*,*,#5640,.F.);
#5640 = EDGE_CURVE('',#5641,#5634,#5643,.T.);
#5641 = VERTEX_POINT('',#5642);
#5642 = CARTESIAN_POINT('',(-4.362412917474E-02,0.4,0.273674859963));
#5643 = B_SPLINE_CURVE_WITH_KNOTS('',1,(#5644,#5645),.UNSPECIFIED.,.F.,
  .F.,(2,2),(-4.637320306757E-03,0.),.PIECEWISE_BEZIER_KNOTS.);
#5644 = CARTESIAN_POINT('',(-4.362412917474E-02,0.4,0.273674859963));
#5645 = CARTESIAN_POINT('',(-4.362412917474E-02,0.4,0.27831218027));
#5646 = ORIENTED_EDGE('',*,*,#5647,.T.);
#5647 = EDGE_CURVE('',#5641,#686,#5648,.T.);
#5648 = B_SPLINE_CURVE_WITH_KNOTS('',1,(#5649,#5650),.UNSPECIFIED.,.F.,
  .F.,(2,2),(-0.,1.E-02),.PIECEWISE_BEZIER_KNOTS.);
#5649 = CARTESIAN_POINT('',(-4.362412917474E-02,0.4,0.273674859963));
#5650 = CARTESIAN_POINT('',(-4.362412917474E-02,0.39,0.273674859963));
#5651 = B_SPLINE_SURFACE_WITH_KNOTS('',1,1,(
    (#5652,#5653)
    ,(#5654,#5655
    )),.UNSPECIFIED.,.F.,.F.,.F.,(2,2),(2,2),(-0.,4.637320306757E-03),(
    -1.E-02,0.),.PIECEWISE_BEZIER_KNOTS.);
#5652 = CARTESIAN_POINT('',(-4.362412917474E-02,0.39,0.27831218027));
#5653 = CARTESIAN_POINT('',(-4.362412917474E-02,0.4,0.27831218027));
#5654 = CARTESIAN_POINT('',(-4.362412917474E-02,0.39,0.273674859963));
#5655 = CARTESIAN_POINT('',(-4.362412917474E-02,0.4,0.273674859963));
#5656 = ADVANCED_FACE('',(#5657),#5673,.F.);
#5657 = FACE_BOUND('',#5658,.T.);
#5658 = EDGE_LOOP('',(#5659,#5660,#5667,#5672));
#5659 = ORIENTED_EDGE('',*,*,#676,.T.);
#5660 = ORIENTED_EDGE('',*,*,#5661,.F.);
#5661 = EDGE_CURVE('',#5662,#679,#5664,.T.);
#5662 = VERTEX_POINT('',#5663);
#5663 = CARTESIAN_POINT('',(-2.742470083841E-02,0.4,0.27831218027));
#5664 = B_SPLINE_CURVE_WITH_KNOTS('',1,(#5665,#5666),.UNSPECIFIED.,.F.,
  .F.,(2,2),(-0.,1.E-02),.PIECEWISE_BEZIER_KNOTS.);
#5665 = CARTESIAN_POINT('',(-2.742470083841E-02,0.4,0.27831218027));
#5666 = CARTESIAN_POINT('',(-2.742470083841E-02,0.39,0.27831218027));
#5667 = ORIENTED_EDGE('',*,*,#5668,.F.);
#5668 = EDGE_CURVE('',#5634,#5662,#5669,.T.);
#5669 = B_SPLINE_CURVE_WITH_KNOTS('',1,(#5670,#5671),.UNSPECIFIED.,.F.,
  .F.,(2,2),(-1.619942833633E-02,0.),.PIECEWISE_BEZIER_KNOTS.);
#5670 = CARTESIAN_POINT('',(-4.362412917474E-02,0.4,0.27831218027));
#5671 = CARTESIAN_POINT('',(-2.742470083841E-02,0.4,0.27831218027));
#5672 = ORIENTED_EDGE('',*,*,#5633,.T.);
#5673 = B_SPLINE_SURFACE_WITH_KNOTS('',1,1,(
    (#5674,#5675)
    ,(#5676,#5677
    )),.UNSPECIFIED.,.F.,.F.,.F.,(2,2),(2,2),(0.,1.619942833633E-02),(
    -1.E-02,0.),.PIECEWISE_BEZIER_KNOTS.);
#5674 = CARTESIAN_POINT('',(-2.742470083841E-02,0.39,0.27831218027));
#5675 = CARTESIAN_POINT('',(-2.742470083841E-02,0.4,0.27831218027));
#5676 = CARTESIAN_POINT('',(-4.362412917474E-02,0.39,0.27831218027));
#5677 = CARTESIAN_POINT('',(-4.362412917474E-02,0.4,0.27831218027));
#5678 = ADVANCED_FACE('',(#5679),#5695,.F.);
#5679 = FACE_BOUND('',#5680,.T.);
#5680 = EDGE_LOOP('',(#5681,#5682,#5689,#5694));
#5681 = ORIENTED_EDGE('',*,*,#713,.T.);
#5682 = ORIENTED_EDGE('',*,*,#5683,.F.);
#5683 = EDGE_CURVE('',#5684,#707,#5686,.T.);
#5684 = VERTEX_POINT('',#5685);
#5685 = CARTESIAN_POINT('',(-2.742470083841E-02,0.4,0.314350189649));
#5686 = B_SPLINE_CURVE_WITH_KNOTS('',1,(#5687,#5688),.UNSPECIFIED.,.F.,
  .F.,(2,2),(-0.,1.E-02),.PIECEWISE_BEZIER_KNOTS.);
#5687 = CARTESIAN_POINT('',(-2.742470083841E-02,0.4,0.314350189649));
#5688 = CARTESIAN_POINT('',(-2.742470083841E-02,0.39,0.314350189649));
#5689 = ORIENTED_EDGE('',*,*,#5690,.F.);
#5690 = EDGE_CURVE('',#5662,#5684,#5691,.T.);
#5691 = B_SPLINE_CURVE_WITH_KNOTS('',1,(#5692,#5693),.UNSPECIFIED.,.F.,
  .F.,(2,2),(-3.603800937951E-02,0.),.PIECEWISE_BEZIER_KNOTS.);
#5692 = CARTESIAN_POINT('',(-2.742470083841E-02,0.4,0.27831218027));
#5693 = CARTESIAN_POINT('',(-2.742470083841E-02,0.4,0.314350189649));
#5694 = ORIENTED_EDGE('',*,*,#5661,.T.);
#5695 = B_SPLINE_SURFACE_WITH_KNOTS('',1,1,(
    (#5696,#5697)
    ,(#5698,#5699
    )),.UNSPECIFIED.,.F.,.F.,.F.,(2,2),(2,2),(-0.,3.603800937951E-02),(
    -1.E-02,0.),.PIECEWISE_BEZIER_KNOTS.);
#5696 = CARTESIAN_POINT('',(-2.742470083841E-02,0.39,0.314350189649));
#5697 = CARTESIAN_POINT('',(-2.742470083841E-02,0.4,0.314350189649));
#5698 = CARTESIAN_POINT('',(-2.742470083841E-02,0.39,0.27831218027));
#5699 = CARTESIAN_POINT('',(-2.742470083841E-02,0.4,0.27831218027));
#5700 = ADVANCED_FACE('',(#5701),#5717,.F.);
#5701 = FACE_BOUND('',#5702,.T.);
#5702 = EDGE_LOOP('',(#5703,#5704,#5711,#5716));
#5703 = ORIENTED_EDGE('',*,*,#706,.T.);
#5704 = ORIENTED_EDGE('',*,*,#5705,.F.);
#5705 = EDGE_CURVE('',#5706,#700,#5708,.T.);
#5706 = VERTEX_POINT('',#5707);
#5707 = CARTESIAN_POINT('',(-2.217392336103E-02,0.4,0.314350189649));
#5708 = B_SPLINE_CURVE_WITH_KNOTS('',1,(#5709,#5710),.UNSPECIFIED.,.F.,
  .F.,(2,2),(-0.,1.E-02),.PIECEWISE_BEZIER_KNOTS.);
#5709 = CARTESIAN_POINT('',(-2.217392336103E-02,0.4,0.314350189649));
#5710 = CARTESIAN_POINT('',(-2.217392336103E-02,0.39,0.314350189649));
#5711 = ORIENTED_EDGE('',*,*,#5712,.F.);
#5712 = EDGE_CURVE('',#5684,#5706,#5713,.T.);
#5713 = B_SPLINE_CURVE_WITH_KNOTS('',1,(#5714,#5715),.UNSPECIFIED.,.F.,
  .F.,(2,2),(-5.250777477379E-03,0.),.PIECEWISE_BEZIER_KNOTS.);
#5714 = CARTESIAN_POINT('',(-2.742470083841E-02,0.4,0.314350189649));
#5715 = CARTESIAN_POINT('',(-2.217392336103E-02,0.4,0.314350189649));
#5716 = ORIENTED_EDGE('',*,*,#5683,.T.);
#5717 = B_SPLINE_SURFACE_WITH_KNOTS('',1,1,(
    (#5718,#5719)
    ,(#5720,#5721
    )),.UNSPECIFIED.,.F.,.F.,.F.,(2,2),(2,2),(0.,5.250777477379E-03),(
    -1.E-02,0.),.PIECEWISE_BEZIER_KNOTS.);
#5718 = CARTESIAN_POINT('',(-2.217392336103E-02,0.39,0.314350189649));
#5719 = CARTESIAN_POINT('',(-2.217392336103E-02,0.4,0.314350189649));
#5720 = CARTESIAN_POINT('',(-2.742470083841E-02,0.39,0.314350189649));
#5721 = CARTESIAN_POINT('',(-2.742470083841E-02,0.4,0.314350189649));
#5722 = ADVANCED_FACE('',(#5723),#5739,.F.);
#5723 = FACE_BOUND('',#5724,.T.);
#5724 = EDGE_LOOP('',(#5725,#5726,#5733,#5738));
#5725 = ORIENTED_EDGE('',*,*,#699,.T.);
#5726 = ORIENTED_EDGE('',*,*,#5727,.F.);
#5727 = EDGE_CURVE('',#5728,#693,#5730,.T.);
#5728 = VERTEX_POINT('',#5729);
#5729 = CARTESIAN_POINT('',(-2.217392336103E-02,0.4,0.273674859963));
#5730 = B_SPLINE_CURVE_WITH_KNOTS('',1,(#5731,#5732),.UNSPECIFIED.,.F.,
  .F.,(2,2),(-0.,1.E-02),.PIECEWISE_BEZIER_KNOTS.);
#5731 = CARTESIAN_POINT('',(-2.217392336103E-02,0.4,0.273674859963));
#5732 = CARTESIAN_POINT('',(-2.217392336103E-02,0.39,0.273674859963));
#5733 = ORIENTED_EDGE('',*,*,#5734,.F.);
#5734 = EDGE_CURVE('',#5706,#5728,#5735,.T.);
#5735 = B_SPLINE_CURVE_WITH_KNOTS('',1,(#5736,#5737),.UNSPECIFIED.,.F.,
  .F.,(2,2),(-4.067532968627E-02,-0.),.PIECEWISE_BEZIER_KNOTS.);
#5736 = CARTESIAN_POINT('',(-2.217392336103E-02,0.4,0.314350189649));
#5737 = CARTESIAN_POINT('',(-2.217392336103E-02,0.4,0.273674859963));
#5738 = ORIENTED_EDGE('',*,*,#5705,.T.);
#5739 = B_SPLINE_SURFACE_WITH_KNOTS('',1,1,(
    (#5740,#5741)
    ,(#5742,#5743
    )),.UNSPECIFIED.,.F.,.F.,.F.,(2,2),(2,2),(0.,4.067532968627E-02),(
    -1.E-02,0.),.PIECEWISE_BEZIER_KNOTS.);
#5740 = CARTESIAN_POINT('',(-2.217392336103E-02,0.39,0.273674859963));
#5741 = CARTESIAN_POINT('',(-2.217392336103E-02,0.4,0.273674859963));
#5742 = CARTESIAN_POINT('',(-2.217392336103E-02,0.39,0.314350189649));
#5743 = CARTESIAN_POINT('',(-2.217392336103E-02,0.4,0.314350189649));
#5744 = ADVANCED_FACE('',(#5745),#5755,.F.);
#5745 = FACE_BOUND('',#5746,.T.);
#5746 = EDGE_LOOP('',(#5747,#5748,#5749,#5754));
#5747 = ORIENTED_EDGE('',*,*,#692,.T.);
#5748 = ORIENTED_EDGE('',*,*,#5647,.F.);
#5749 = ORIENTED_EDGE('',*,*,#5750,.F.);
#5750 = EDGE_CURVE('',#5728,#5641,#5751,.T.);
#5751 = B_SPLINE_CURVE_WITH_KNOTS('',1,(#5752,#5753),.UNSPECIFIED.,.F.,
  .F.,(2,2),(-2.145020581371E-02,0.),.PIECEWISE_BEZIER_KNOTS.);
#5752 = CARTESIAN_POINT('',(-2.217392336103E-02,0.4,0.273674859963));
#5753 = CARTESIAN_POINT('',(-4.362412917474E-02,0.4,0.273674859963));
#5754 = ORIENTED_EDGE('',*,*,#5727,.T.);
#5755 = B_SPLINE_SURFACE_WITH_KNOTS('',1,1,(
    (#5756,#5757)
    ,(#5758,#5759
    )),.UNSPECIFIED.,.F.,.F.,.F.,(2,2),(2,2),(0.,2.145020581371E-02),(
    -1.E-02,0.),.PIECEWISE_BEZIER_KNOTS.);
#5756 = CARTESIAN_POINT('',(-4.362412917474E-02,0.39,0.273674859963));
#5757 = CARTESIAN_POINT('',(-4.362412917474E-02,0.4,0.273674859963));
#5758 = CARTESIAN_POINT('',(-2.217392336103E-02,0.39,0.273674859963));
#5759 = CARTESIAN_POINT('',(-2.217392336103E-02,0.4,0.273674859963));
#5760 = ADVANCED_FACE('',(#5761),#5769,.F.);
#5761 = FACE_BOUND('',#5762,.T.);
#5762 = EDGE_LOOP('',(#5763,#5764,#5765,#5766,#5767,#5768));
#5763 = ORIENTED_EDGE('',*,*,#5640,.T.);
#5764 = ORIENTED_EDGE('',*,*,#5668,.T.);
#5765 = ORIENTED_EDGE('',*,*,#5690,.T.);
#5766 = ORIENTED_EDGE('',*,*,#5712,.T.);
#5767 = ORIENTED_EDGE('',*,*,#5734,.T.);
#5768 = ORIENTED_EDGE('',*,*,#5750,.T.);
#5769 = B_SPLINE_SURFACE_WITH_KNOTS('',1,1,(
    (#5770,#5771)
    ,(#5772,#5773
    )),.UNSPECIFIED.,.F.,.F.,.F.,(2,2),(2,2),(-6.435008964948E-02,
    -2.367475996321E-02),(-4.362412917474E-02,-2.217392336103E-02),
  .PIECEWISE_BEZIER_KNOTS.);
#5770 = CARTESIAN_POINT('',(-4.362412917474E-02,0.4,0.314350189649));
#5771 = CARTESIAN_POINT('',(-2.217392336103E-02,0.4,0.314350189649));
#5772 = CARTESIAN_POINT('',(-4.362412917474E-02,0.4,0.273674859963));
#5773 = CARTESIAN_POINT('',(-2.217392336103E-02,0.4,0.273674859963));
#5774 = ADVANCED_FACE('',(#5775),#5799,.F.);
#5775 = FACE_BOUND('',#5776,.F.);
#5776 = EDGE_LOOP('',(#5777,#5784,#5793,#5798));
#5777 = ORIENTED_EDGE('',*,*,#5778,.F.);
#5778 = EDGE_CURVE('',#5779,#730,#5781,.T.);
#5779 = VERTEX_POINT('',#5780);
#5780 = CARTESIAN_POINT('',(-6.448167297599E-02,0.4,0.272988619738));
#5781 = B_SPLINE_CURVE_WITH_KNOTS('',1,(#5782,#5783),.UNSPECIFIED.,.F.,
  .F.,(2,2),(-0.,1.E-02),.PIECEWISE_BEZIER_KNOTS.);
#5782 = CARTESIAN_POINT('',(-6.448167297599E-02,0.4,0.272988619738));
#5783 = CARTESIAN_POINT('',(-6.448167297599E-02,0.39,0.272988619738));
#5784 = ORIENTED_EDGE('',*,*,#5785,.T.);
#5785 = EDGE_CURVE('',#5779,#5786,#5788,.T.);
#5786 = VERTEX_POINT('',#5787);
#5787 = CARTESIAN_POINT('',(-7.574225120976E-02,0.4,0.275359267788));
#5788 = B_SPLINE_CURVE_WITH_KNOTS('',3,(#5789,#5790,#5791,#5792),
  .UNSPECIFIED.,.F.,.F.,(4,4),(0.,1.),.PIECEWISE_BEZIER_KNOTS.);
#5789 = CARTESIAN_POINT('',(-6.448167297599E-02,0.4,0.272988619738));
#5790 = CARTESIAN_POINT('',(-6.899422233279E-02,0.4,0.272988619738));
#5791 = CARTESIAN_POINT('',(-7.274774841072E-02,0.4,0.273778835755));
#5792 = CARTESIAN_POINT('',(-7.574225120976E-02,0.4,0.275359267788));
#5793 = ORIENTED_EDGE('',*,*,#5794,.T.);
#5794 = EDGE_CURVE('',#5786,#721,#5795,.T.);
#5795 = B_SPLINE_CURVE_WITH_KNOTS('',1,(#5796,#5797),.UNSPECIFIED.,.F.,
  .F.,(2,2),(-0.,1.E-02),.PIECEWISE_BEZIER_KNOTS.);
#5796 = CARTESIAN_POINT('',(-7.574225120976E-02,0.4,0.275359267788));
#5797 = CARTESIAN_POINT('',(-7.574225120976E-02,0.39,0.275359267788));
#5798 = ORIENTED_EDGE('',*,*,#729,.F.);
#5799 = B_SPLINE_SURFACE_WITH_KNOTS('',3,1,(
    (#5800,#5801)
    ,(#5802,#5803)
    ,(#5804,#5805)
    ,(#5806,#5807
    )),.UNSPECIFIED.,.F.,.F.,.F.,(4,4),(2,2),(0.,1.),(0.,1.),
  .PIECEWISE_BEZIER_KNOTS.);
#5800 = CARTESIAN_POINT('',(-6.448167297599E-02,0.4,0.272988619738));
#5801 = CARTESIAN_POINT('',(-6.448167297599E-02,0.39,0.272988619738));
#5802 = CARTESIAN_POINT('',(-6.899422233279E-02,0.4,0.272988619738));
#5803 = CARTESIAN_POINT('',(-6.899422233279E-02,0.39,0.272988619738));
#5804 = CARTESIAN_POINT('',(-7.274774841072E-02,0.4,0.273778835755));
#5805 = CARTESIAN_POINT('',(-7.274774841072E-02,0.39,0.273778835755));
#5806 = CARTESIAN_POINT('',(-7.574225120976E-02,0.4,0.275359267788));
#5807 = CARTESIAN_POINT('',(-7.574225120976E-02,0.39,0.275359267788));
#5808 = ADVANCED_FACE('',(#5809),#5825,.F.);
#5809 = FACE_BOUND('',#5810,.T.);
#5810 = EDGE_LOOP('',(#5811,#5812,#5819,#5824));
#5811 = ORIENTED_EDGE('',*,*,#720,.T.);
#5812 = ORIENTED_EDGE('',*,*,#5813,.F.);
#5813 = EDGE_CURVE('',#5814,#723,#5816,.T.);
#5814 = VERTEX_POINT('',#5815);
#5815 = CARTESIAN_POINT('',(-7.574225120976E-02,0.4,0.280391696103));
#5816 = B_SPLINE_CURVE_WITH_KNOTS('',1,(#5817,#5818),.UNSPECIFIED.,.F.,
  .F.,(2,2),(-0.,1.E-02),.PIECEWISE_BEZIER_KNOTS.);
#5817 = CARTESIAN_POINT('',(-7.574225120976E-02,0.4,0.280391696103));
#5818 = CARTESIAN_POINT('',(-7.574225120976E-02,0.39,0.280391696103));
#5819 = ORIENTED_EDGE('',*,*,#5820,.F.);
#5820 = EDGE_CURVE('',#5786,#5814,#5821,.T.);
#5821 = B_SPLINE_CURVE_WITH_KNOTS('',1,(#5822,#5823),.UNSPECIFIED.,.F.,
  .F.,(2,2),(-5.032428315061E-03,0.),.PIECEWISE_BEZIER_KNOTS.);
#5822 = CARTESIAN_POINT('',(-7.574225120976E-02,0.4,0.275359267788));
#5823 = CARTESIAN_POINT('',(-7.574225120976E-02,0.4,0.280391696103));
#5824 = ORIENTED_EDGE('',*,*,#5794,.T.);
#5825 = B_SPLINE_SURFACE_WITH_KNOTS('',1,1,(
    (#5826,#5827)
    ,(#5828,#5829
    )),.UNSPECIFIED.,.F.,.F.,.F.,(2,2),(2,2),(-0.,5.032428315061E-03),(
    -1.E-02,0.),.PIECEWISE_BEZIER_KNOTS.);
#5826 = CARTESIAN_POINT('',(-7.574225120976E-02,0.39,0.280391696103));
#5827 = CARTESIAN_POINT('',(-7.574225120976E-02,0.4,0.280391696103));
#5828 = CARTESIAN_POINT('',(-7.574225120976E-02,0.39,0.275359267788));
#5829 = CARTESIAN_POINT('',(-7.574225120976E-02,0.4,0.275359267788));
#5830 = ADVANCED_FACE('',(#5831),#5849,.F.);
#5831 = FACE_BOUND('',#5832,.F.);
#5832 = EDGE_LOOP('',(#5833,#5834,#5843,#5848));
#5833 = ORIENTED_EDGE('',*,*,#5813,.F.);
#5834 = ORIENTED_EDGE('',*,*,#5835,.T.);
#5835 = EDGE_CURVE('',#5814,#5836,#5838,.T.);
#5836 = VERTEX_POINT('',#5837);
#5837 = CARTESIAN_POINT('',(-6.524069625487E-02,0.4,0.277667530362));
#5838 = B_SPLINE_CURVE_WITH_KNOTS('',3,(#5839,#5840,#5841,#5842),
  .UNSPECIFIED.,.F.,.F.,(4,4),(12.,13.),.PIECEWISE_BEZIER_KNOTS.);
#5839 = CARTESIAN_POINT('',(-7.574225120976E-02,0.4,0.280391696103));
#5840 = CARTESIAN_POINT('',(-7.276854356902E-02,0.4,0.278582517328));
#5841 = CARTESIAN_POINT('',(-6.926455939101E-02,0.4,0.277667530362));
#5842 = CARTESIAN_POINT('',(-6.524069625487E-02,0.4,0.277667530362));
#5843 = ORIENTED_EDGE('',*,*,#5844,.T.);
#5844 = EDGE_CURVE('',#5836,#827,#5845,.T.);
#5845 = B_SPLINE_CURVE_WITH_KNOTS('',1,(#5846,#5847),.UNSPECIFIED.,.F.,
  .F.,(2,2),(-0.,1.E-02),.PIECEWISE_BEZIER_KNOTS.);
#5846 = CARTESIAN_POINT('',(-6.524069625487E-02,0.4,0.277667530362));
#5847 = CARTESIAN_POINT('',(-6.524069625487E-02,0.39,0.277667530362));
#5848 = ORIENTED_EDGE('',*,*,#835,.F.);
#5849 = B_SPLINE_SURFACE_WITH_KNOTS('',3,1,(
    (#5850,#5851)
    ,(#5852,#5853)
    ,(#5854,#5855)
    ,(#5856,#5857
    )),.UNSPECIFIED.,.F.,.F.,.F.,(4,4),(2,2),(12.,13.),(0.,1.),
  .PIECEWISE_BEZIER_KNOTS.);
#5850 = CARTESIAN_POINT('',(-7.574225120976E-02,0.4,0.280391696103));
#5851 = CARTESIAN_POINT('',(-7.574225120976E-02,0.39,0.280391696103));
#5852 = CARTESIAN_POINT('',(-7.276854356902E-02,0.4,0.278582517328));
#5853 = CARTESIAN_POINT('',(-7.276854356902E-02,0.39,0.278582517328));
#5854 = CARTESIAN_POINT('',(-6.926455939101E-02,0.4,0.277667530362));
#5855 = CARTESIAN_POINT('',(-6.926455939101E-02,0.39,0.277667530362));
#5856 = CARTESIAN_POINT('',(-6.524069625487E-02,0.4,0.277667530362));
#5857 = CARTESIAN_POINT('',(-6.524069625487E-02,0.39,0.277667530362));
#5858 = ADVANCED_FACE('',(#5859),#5877,.F.);
#5859 = FACE_BOUND('',#5860,.F.);
#5860 = EDGE_LOOP('',(#5861,#5862,#5871,#5876));
#5861 = ORIENTED_EDGE('',*,*,#5844,.F.);
#5862 = ORIENTED_EDGE('',*,*,#5863,.T.);
#5863 = EDGE_CURVE('',#5836,#5864,#5866,.T.);
#5864 = VERTEX_POINT('',#5865);
#5865 = CARTESIAN_POINT('',(-5.479112919587E-02,0.4,0.281951332977));
#5866 = B_SPLINE_CURVE_WITH_KNOTS('',3,(#5867,#5868,#5869,#5870),
  .UNSPECIFIED.,.F.,.F.,(4,4),(11.,12.),.PIECEWISE_BEZIER_KNOTS.);
#5867 = CARTESIAN_POINT('',(-6.524069625487E-02,0.4,0.277667530362));
#5868 = CARTESIAN_POINT('',(-6.093609848137E-02,0.4,0.277667530362));
#5869 = CARTESIAN_POINT('',(-5.745290946166E-02,0.4,0.279102396286));
#5870 = CARTESIAN_POINT('',(-5.479112919587E-02,0.4,0.281951332977));
#5871 = ORIENTED_EDGE('',*,*,#5872,.T.);
#5872 = EDGE_CURVE('',#5864,#818,#5873,.T.);
#5873 = B_SPLINE_CURVE_WITH_KNOTS('',1,(#5874,#5875),.UNSPECIFIED.,.F.,
  .F.,(2,2),(-0.,1.E-02),.PIECEWISE_BEZIER_KNOTS.);
#5874 = CARTESIAN_POINT('',(-5.479112919587E-02,0.4,0.281951332977));
#5875 = CARTESIAN_POINT('',(-5.479112919587E-02,0.39,0.281951332977));
#5876 = ORIENTED_EDGE('',*,*,#826,.F.);
#5877 = B_SPLINE_SURFACE_WITH_KNOTS('',3,1,(
    (#5878,#5879)
    ,(#5880,#5881)
    ,(#5882,#5883)
    ,(#5884,#5885
    )),.UNSPECIFIED.,.F.,.F.,.F.,(4,4),(2,2),(11.,12.),(0.,1.),
  .PIECEWISE_BEZIER_KNOTS.);
#5878 = CARTESIAN_POINT('',(-6.524069625487E-02,0.4,0.277667530362));
#5879 = CARTESIAN_POINT('',(-6.524069625487E-02,0.39,0.277667530362));
#5880 = CARTESIAN_POINT('',(-6.093609848137E-02,0.4,0.277667530362));
#5881 = CARTESIAN_POINT('',(-6.093609848137E-02,0.39,0.277667530362));
#5882 = CARTESIAN_POINT('',(-5.745290946166E-02,0.4,0.279102396286));
#5883 = CARTESIAN_POINT('',(-5.745290946166E-02,0.39,0.279102396286));
#5884 = CARTESIAN_POINT('',(-5.479112919587E-02,0.4,0.281951332977));
#5885 = CARTESIAN_POINT('',(-5.479112919587E-02,0.39,0.281951332977));
#5886 = ADVANCED_FACE('',(#5887),#5905,.F.);
#5887 = FACE_BOUND('',#5888,.F.);
#5888 = EDGE_LOOP('',(#5889,#5890,#5899,#5904));
#5889 = ORIENTED_EDGE('',*,*,#5872,.F.);
#5890 = ORIENTED_EDGE('',*,*,#5891,.T.);
#5891 = EDGE_CURVE('',#5864,#5892,#5894,.T.);
#5892 = VERTEX_POINT('',#5893);
#5893 = CARTESIAN_POINT('',(-5.079845879733E-02,0.4,0.293555031323));
#5894 = B_SPLINE_CURVE_WITH_KNOTS('',3,(#5895,#5896,#5897,#5898),
  .UNSPECIFIED.,.F.,.F.,(4,4),(10.,11.),.PIECEWISE_BEZIER_KNOTS.);
#5895 = CARTESIAN_POINT('',(-5.479112919587E-02,0.4,0.281951332977));
#5896 = CARTESIAN_POINT('',(-5.212934893008E-02,0.4,0.284821064826));
#5897 = CARTESIAN_POINT('',(-5.079845879733E-02,0.4,0.288688964275));
#5898 = CARTESIAN_POINT('',(-5.079845879733E-02,0.4,0.293555031323));
#5899 = ORIENTED_EDGE('',*,*,#5900,.T.);
#5900 = EDGE_CURVE('',#5892,#809,#5901,.T.);
#5901 = B_SPLINE_CURVE_WITH_KNOTS('',1,(#5902,#5903),.UNSPECIFIED.,.F.,
  .F.,(2,2),(-0.,1.E-02),.PIECEWISE_BEZIER_KNOTS.);
#5902 = CARTESIAN_POINT('',(-5.079845879733E-02,0.4,0.293555031323));
#5903 = CARTESIAN_POINT('',(-5.079845879733E-02,0.39,0.293555031323));
#5904 = ORIENTED_EDGE('',*,*,#817,.F.);
#5905 = B_SPLINE_SURFACE_WITH_KNOTS('',3,1,(
    (#5906,#5907)
    ,(#5908,#5909)
    ,(#5910,#5911)
    ,(#5912,#5913
    )),.UNSPECIFIED.,.F.,.F.,.F.,(4,4),(2,2),(10.,11.),(0.,1.),
  .PIECEWISE_BEZIER_KNOTS.);
#5906 = CARTESIAN_POINT('',(-5.479112919587E-02,0.4,0.281951332977));
#5907 = CARTESIAN_POINT('',(-5.479112919587E-02,0.39,0.281951332977));
#5908 = CARTESIAN_POINT('',(-5.212934893008E-02,0.4,0.284821064826));
#5909 = CARTESIAN_POINT('',(-5.212934893008E-02,0.39,0.284821064826));
#5910 = CARTESIAN_POINT('',(-5.079845879733E-02,0.4,0.288688964275));
#5911 = CARTESIAN_POINT('',(-5.079845879733E-02,0.39,0.288688964275));
#5912 = CARTESIAN_POINT('',(-5.079845879733E-02,0.4,0.293555031323));
#5913 = CARTESIAN_POINT('',(-5.079845879733E-02,0.39,0.293555031323));
#5914 = ADVANCED_FACE('',(#5915),#5933,.F.);
#5915 = FACE_BOUND('',#5916,.F.);
#5916 = EDGE_LOOP('',(#5917,#5918,#5927,#5932));
#5917 = ORIENTED_EDGE('',*,*,#5900,.F.);
#5918 = ORIENTED_EDGE('',*,*,#5919,.T.);
#5919 = EDGE_CURVE('',#5892,#5920,#5922,.T.);
#5920 = VERTEX_POINT('',#5921);
#5921 = CARTESIAN_POINT('',(-5.507186383337E-02,0.4,0.305782584419));
#5922 = B_SPLINE_CURVE_WITH_KNOTS('',3,(#5923,#5924,#5925,#5926),
  .UNSPECIFIED.,.F.,.F.,(4,4),(9.,10.),.PIECEWISE_BEZIER_KNOTS.);
#5923 = CARTESIAN_POINT('',(-5.079845879733E-02,0.4,0.293555031323));
#5924 = CARTESIAN_POINT('',(-5.079845879733E-02,0.4,0.298670640272));
#5925 = CARTESIAN_POINT('',(-5.222292714259E-02,0.4,0.302746491303));
#5926 = CARTESIAN_POINT('',(-5.507186383337E-02,0.4,0.305782584419));
#5927 = ORIENTED_EDGE('',*,*,#5928,.T.);
#5928 = EDGE_CURVE('',#5920,#800,#5929,.T.);
#5929 = B_SPLINE_CURVE_WITH_KNOTS('',1,(#5930,#5931),.UNSPECIFIED.,.F.,
  .F.,(2,2),(-0.,1.E-02),.PIECEWISE_BEZIER_KNOTS.);
#5930 = CARTESIAN_POINT('',(-5.507186383337E-02,0.4,0.305782584419));
#5931 = CARTESIAN_POINT('',(-5.507186383337E-02,0.39,0.305782584419));
#5932 = ORIENTED_EDGE('',*,*,#808,.F.);
#5933 = B_SPLINE_SURFACE_WITH_KNOTS('',3,1,(
    (#5934,#5935)
    ,(#5936,#5937)
    ,(#5938,#5939)
    ,(#5940,#5941
    )),.UNSPECIFIED.,.F.,.F.,.F.,(4,4),(2,2),(9.,10.),(0.,1.),
  .PIECEWISE_BEZIER_KNOTS.);
#5934 = CARTESIAN_POINT('',(-5.079845879733E-02,0.4,0.293555031323));
#5935 = CARTESIAN_POINT('',(-5.079845879733E-02,0.39,0.293555031323));
#5936 = CARTESIAN_POINT('',(-5.079845879733E-02,0.4,0.298670640272));
#5937 = CARTESIAN_POINT('',(-5.079845879733E-02,0.39,0.298670640272));
#5938 = CARTESIAN_POINT('',(-5.222292714259E-02,0.4,0.302746491303));
#5939 = CARTESIAN_POINT('',(-5.222292714259E-02,0.39,0.302746491303));
#5940 = CARTESIAN_POINT('',(-5.507186383337E-02,0.4,0.305782584419));
#5941 = CARTESIAN_POINT('',(-5.507186383337E-02,0.39,0.305782584419));
#5942 = ADVANCED_FACE('',(#5943),#5961,.F.);
#5943 = FACE_BOUND('',#5944,.F.);
#5944 = EDGE_LOOP('',(#5945,#5946,#5955,#5960));
#5945 = ORIENTED_EDGE('',*,*,#5928,.F.);
#5946 = ORIENTED_EDGE('',*,*,#5947,.T.);
#5947 = EDGE_CURVE('',#5920,#5948,#5950,.T.);
#5948 = VERTEX_POINT('',#5949);
#5949 = CARTESIAN_POINT('',(-6.61556832213E-02,0.4,0.310295133776));
#5950 = B_SPLINE_CURVE_WITH_KNOTS('',3,(#5951,#5952,#5953,#5954),
  .UNSPECIFIED.,.F.,.F.,(4,4),(8.,9.),.PIECEWISE_BEZIER_KNOTS.);
#5951 = CARTESIAN_POINT('',(-5.507186383337E-02,0.4,0.305782584419));
#5952 = CARTESIAN_POINT('',(-5.793119810318E-02,0.4,0.308797882376));
#5953 = CARTESIAN_POINT('',(-6.162233870619E-02,0.4,0.310295133776));
#5954 = CARTESIAN_POINT('',(-6.61556832213E-02,0.4,0.310295133776));
#5955 = ORIENTED_EDGE('',*,*,#5956,.T.);
#5956 = EDGE_CURVE('',#5948,#791,#5957,.T.);
#5957 = B_SPLINE_CURVE_WITH_KNOTS('',1,(#5958,#5959),.UNSPECIFIED.,.F.,
  .F.,(2,2),(-0.,1.E-02),.PIECEWISE_BEZIER_KNOTS.);
#5958 = CARTESIAN_POINT('',(-6.61556832213E-02,0.4,0.310295133776));
#5959 = CARTESIAN_POINT('',(-6.61556832213E-02,0.39,0.310295133776));
#5960 = ORIENTED_EDGE('',*,*,#799,.F.);
#5961 = B_SPLINE_SURFACE_WITH_KNOTS('',3,1,(
    (#5962,#5963)
    ,(#5964,#5965)
    ,(#5966,#5967)
    ,(#5968,#5969
    )),.UNSPECIFIED.,.F.,.F.,.F.,(4,4),(2,2),(8.,9.),(0.,1.),
  .PIECEWISE_BEZIER_KNOTS.);
#5962 = CARTESIAN_POINT('',(-5.507186383337E-02,0.4,0.305782584419));
#5963 = CARTESIAN_POINT('',(-5.507186383337E-02,0.39,0.305782584419));
#5964 = CARTESIAN_POINT('',(-5.793119810318E-02,0.4,0.308797882376));
#5965 = CARTESIAN_POINT('',(-5.793119810318E-02,0.39,0.308797882376));
#5966 = CARTESIAN_POINT('',(-6.162233870619E-02,0.4,0.310295133776));
#5967 = CARTESIAN_POINT('',(-6.162233870619E-02,0.39,0.310295133776));
#5968 = CARTESIAN_POINT('',(-6.61556832213E-02,0.4,0.310295133776));
#5969 = CARTESIAN_POINT('',(-6.61556832213E-02,0.39,0.310295133776));
#5970 = ADVANCED_FACE('',(#5971),#5989,.F.);
#5971 = FACE_BOUND('',#5972,.F.);
#5972 = EDGE_LOOP('',(#5973,#5974,#5983,#5988));
#5973 = ORIENTED_EDGE('',*,*,#5956,.F.);
#5974 = ORIENTED_EDGE('',*,*,#5975,.T.);
#5975 = EDGE_CURVE('',#5948,#5976,#5978,.T.);
#5976 = VERTEX_POINT('',#5977);
#5977 = CARTESIAN_POINT('',(-7.574225120976E-02,0.4,0.30788289541));
#5978 = B_SPLINE_CURVE_WITH_KNOTS('',3,(#5979,#5980,#5981,#5982),
  .UNSPECIFIED.,.F.,.F.,(4,4),(7.,8.),.PIECEWISE_BEZIER_KNOTS.);
#5979 = CARTESIAN_POINT('',(-6.61556832213E-02,0.4,0.310295133776));
#5980 = CARTESIAN_POINT('',(-6.963887224087E-02,0.4,0.310295133776));
#5981 = CARTESIAN_POINT('',(-7.283092904407E-02,0.4,0.309504917759));
#5982 = CARTESIAN_POINT('',(-7.574225120976E-02,0.4,0.30788289541));
#5983 = ORIENTED_EDGE('',*,*,#5984,.T.);
#5984 = EDGE_CURVE('',#5976,#784,#5985,.T.);
#5985 = B_SPLINE_CURVE_WITH_KNOTS('',1,(#5986,#5987),.UNSPECIFIED.,.F.,
  .F.,(2,2),(-0.,1.E-02),.PIECEWISE_BEZIER_KNOTS.);
#5986 = CARTESIAN_POINT('',(-7.574225120976E-02,0.4,0.30788289541));
#5987 = CARTESIAN_POINT('',(-7.574225120976E-02,0.39,0.30788289541));
#5988 = ORIENTED_EDGE('',*,*,#790,.F.);
#5989 = B_SPLINE_SURFACE_WITH_KNOTS('',3,1,(
    (#5990,#5991)
    ,(#5992,#5993)
    ,(#5994,#5995)
    ,(#5996,#5997
    )),.UNSPECIFIED.,.F.,.F.,.F.,(4,4),(2,2),(7.,8.),(0.,1.),
  .PIECEWISE_BEZIER_KNOTS.);
#5990 = CARTESIAN_POINT('',(-6.61556832213E-02,0.4,0.310295133776));
#5991 = CARTESIAN_POINT('',(-6.61556832213E-02,0.39,0.310295133776));
#5992 = CARTESIAN_POINT('',(-6.963887224087E-02,0.4,0.310295133776));
#5993 = CARTESIAN_POINT('',(-6.963887224087E-02,0.39,0.310295133776));
#5994 = CARTESIAN_POINT('',(-7.283092904407E-02,0.4,0.309504917759));
#5995 = CARTESIAN_POINT('',(-7.283092904407E-02,0.39,0.309504917759));
#5996 = CARTESIAN_POINT('',(-7.574225120976E-02,0.4,0.30788289541));
#5997 = CARTESIAN_POINT('',(-7.574225120976E-02,0.39,0.30788289541));
#5998 = ADVANCED_FACE('',(#5999),#6015,.F.);
#5999 = FACE_BOUND('',#6000,.T.);
#6000 = EDGE_LOOP('',(#6001,#6002,#6009,#6014));
#6001 = ORIENTED_EDGE('',*,*,#783,.T.);
#6002 = ORIENTED_EDGE('',*,*,#6003,.F.);
#6003 = EDGE_CURVE('',#6004,#775,#6006,.T.);
#6004 = VERTEX_POINT('',#6005);
#6005 = CARTESIAN_POINT('',(-7.574225120976E-02,0.4,0.313372817208));
#6006 = B_SPLINE_CURVE_WITH_KNOTS('',1,(#6007,#6008),.UNSPECIFIED.,.F.,
  .F.,(2,2),(-0.,1.E-02),.PIECEWISE_BEZIER_KNOTS.);
#6007 = CARTESIAN_POINT('',(-7.574225120976E-02,0.4,0.313372817208));
#6008 = CARTESIAN_POINT('',(-7.574225120976E-02,0.39,0.313372817208));
#6009 = ORIENTED_EDGE('',*,*,#6010,.F.);
#6010 = EDGE_CURVE('',#5976,#6004,#6011,.T.);
#6011 = B_SPLINE_CURVE_WITH_KNOTS('',1,(#6012,#6013),.UNSPECIFIED.,.F.,
  .F.,(2,2),(-5.489921797997E-03,0.),.PIECEWISE_BEZIER_KNOTS.);
#6012 = CARTESIAN_POINT('',(-7.574225120976E-02,0.4,0.30788289541));
#6013 = CARTESIAN_POINT('',(-7.574225120976E-02,0.4,0.313372817208));
#6014 = ORIENTED_EDGE('',*,*,#5984,.T.);
#6015 = B_SPLINE_SURFACE_WITH_KNOTS('',1,1,(
    (#6016,#6017)
    ,(#6018,#6019
    )),.UNSPECIFIED.,.F.,.F.,.F.,(2,2),(2,2),(-0.,5.489921797997E-03),(
    -1.E-02,0.),.PIECEWISE_BEZIER_KNOTS.);
#6016 = CARTESIAN_POINT('',(-7.574225120976E-02,0.39,0.313372817208));
#6017 = CARTESIAN_POINT('',(-7.574225120976E-02,0.4,0.313372817208));
#6018 = CARTESIAN_POINT('',(-7.574225120976E-02,0.39,0.30788289541));
#6019 = CARTESIAN_POINT('',(-7.574225120976E-02,0.4,0.30788289541));
#6020 = ADVANCED_FACE('',(#6021),#6039,.F.);
#6021 = FACE_BOUND('',#6022,.F.);
#6022 = EDGE_LOOP('',(#6023,#6024,#6033,#6038));
#6023 = ORIENTED_EDGE('',*,*,#6003,.F.);
#6024 = ORIENTED_EDGE('',*,*,#6025,.T.);
#6025 = EDGE_CURVE('',#6004,#6026,#6028,.T.);
#6026 = VERTEX_POINT('',#6027);
#6027 = CARTESIAN_POINT('',(-6.61036953254E-02,0.4,0.315036429874));
#6028 = B_SPLINE_CURVE_WITH_KNOTS('',3,(#6029,#6030,#6031,#6032),
  .UNSPECIFIED.,.F.,.F.,(4,4),(5.,6.),.PIECEWISE_BEZIER_KNOTS.);
#6029 = CARTESIAN_POINT('',(-7.574225120976E-02,0.4,0.313372817208));
#6030 = CARTESIAN_POINT('',(-7.320524189393E-02,0.4,0.3144749606));
#6031 = CARTESIAN_POINT('',(-6.999238993243E-02,0.4,0.315036429874));
#6032 = CARTESIAN_POINT('',(-6.61036953254E-02,0.4,0.315036429874));
#6033 = ORIENTED_EDGE('',*,*,#6034,.T.);
#6034 = EDGE_CURVE('',#6026,#766,#6035,.T.);
#6035 = B_SPLINE_CURVE_WITH_KNOTS('',1,(#6036,#6037),.UNSPECIFIED.,.F.,
  .F.,(2,2),(-0.,1.E-02),.PIECEWISE_BEZIER_KNOTS.);
#6036 = CARTESIAN_POINT('',(-6.61036953254E-02,0.4,0.315036429874));
#6037 = CARTESIAN_POINT('',(-6.61036953254E-02,0.39,0.315036429874));
#6038 = ORIENTED_EDGE('',*,*,#774,.F.);
#6039 = B_SPLINE_SURFACE_WITH_KNOTS('',3,1,(
    (#6040,#6041)
    ,(#6042,#6043)
    ,(#6044,#6045)
    ,(#6046,#6047
    )),.UNSPECIFIED.,.F.,.F.,.F.,(4,4),(2,2),(5.,6.),(0.,1.),
  .PIECEWISE_BEZIER_KNOTS.);
#6040 = CARTESIAN_POINT('',(-7.574225120976E-02,0.4,0.313372817208));
#6041 = CARTESIAN_POINT('',(-7.574225120976E-02,0.39,0.313372817208));
#6042 = CARTESIAN_POINT('',(-7.320524189393E-02,0.4,0.3144749606));
#6043 = CARTESIAN_POINT('',(-7.320524189393E-02,0.39,0.3144749606));
#6044 = CARTESIAN_POINT('',(-6.999238993243E-02,0.4,0.315036429874));
#6045 = CARTESIAN_POINT('',(-6.999238993243E-02,0.39,0.315036429874));
#6046 = CARTESIAN_POINT('',(-6.61036953254E-02,0.4,0.315036429874));
#6047 = CARTESIAN_POINT('',(-6.61036953254E-02,0.39,0.315036429874));
#6048 = ADVANCED_FACE('',(#6049),#6067,.F.);
#6049 = FACE_BOUND('',#6050,.F.);
#6050 = EDGE_LOOP('',(#6051,#6052,#6061,#6066));
#6051 = ORIENTED_EDGE('',*,*,#6034,.F.);
#6052 = ORIENTED_EDGE('',*,*,#6053,.T.);
#6053 = EDGE_CURVE('',#6026,#6054,#6056,.T.);
#6054 = VERTEX_POINT('',#6055);
#6055 = CARTESIAN_POINT('',(-5.11623740679E-02,0.4,0.309047424276));
#6056 = B_SPLINE_CURVE_WITH_KNOTS('',3,(#6057,#6058,#6059,#6060),
  .UNSPECIFIED.,.F.,.F.,(4,4),(4.,5.),.PIECEWISE_BEZIER_KNOTS.);
#6057 = CARTESIAN_POINT('',(-6.61036953254E-02,0.4,0.315036429874));
#6058 = CARTESIAN_POINT('',(-6.006270183169E-02,0.4,0.315036429874));
#6059 = CARTESIAN_POINT('',(-5.508226141252E-02,0.4,0.313040094675));
#6060 = CARTESIAN_POINT('',(-5.11623740679E-02,0.4,0.309047424276));
#6061 = ORIENTED_EDGE('',*,*,#6062,.T.);
#6062 = EDGE_CURVE('',#6054,#757,#6063,.T.);
#6063 = B_SPLINE_CURVE_WITH_KNOTS('',1,(#6064,#6065),.UNSPECIFIED.,.F.,
  .F.,(2,2),(-0.,1.E-02),.PIECEWISE_BEZIER_KNOTS.);
#6064 = CARTESIAN_POINT('',(-5.11623740679E-02,0.4,0.309047424276));
#6065 = CARTESIAN_POINT('',(-5.11623740679E-02,0.39,0.309047424276));
#6066 = ORIENTED_EDGE('',*,*,#765,.F.);
#6067 = B_SPLINE_SURFACE_WITH_KNOTS('',3,1,(
    (#6068,#6069)
    ,(#6070,#6071)
    ,(#6072,#6073)
    ,(#6074,#6075
    )),.UNSPECIFIED.,.F.,.F.,.F.,(4,4),(2,2),(4.,5.),(0.,1.),
  .PIECEWISE_BEZIER_KNOTS.);
#6068 = CARTESIAN_POINT('',(-6.61036953254E-02,0.4,0.315036429874));
#6069 = CARTESIAN_POINT('',(-6.61036953254E-02,0.39,0.315036429874));
#6070 = CARTESIAN_POINT('',(-6.006270183169E-02,0.4,0.315036429874));
#6071 = CARTESIAN_POINT('',(-6.006270183169E-02,0.39,0.315036429874));
#6072 = CARTESIAN_POINT('',(-5.508226141252E-02,0.4,0.313040094675));
#6073 = CARTESIAN_POINT('',(-5.508226141252E-02,0.39,0.313040094675));
#6074 = CARTESIAN_POINT('',(-5.11623740679E-02,0.4,0.309047424276));
#6075 = CARTESIAN_POINT('',(-5.11623740679E-02,0.39,0.309047424276));
#6076 = ADVANCED_FACE('',(#6077),#6095,.F.);
#6077 = FACE_BOUND('',#6078,.F.);
#6078 = EDGE_LOOP('',(#6079,#6080,#6089,#6094));
#6079 = ORIENTED_EDGE('',*,*,#6062,.F.);
#6080 = ORIENTED_EDGE('',*,*,#6081,.T.);
#6081 = EDGE_CURVE('',#6054,#6082,#6084,.T.);
#6082 = VERTEX_POINT('',#6083);
#6083 = CARTESIAN_POINT('',(-4.528774184075E-02,0.4,0.293243103948));
#6084 = B_SPLINE_CURVE_WITH_KNOTS('',3,(#6085,#6086,#6087,#6088),
  .UNSPECIFIED.,.F.,.F.,(4,4),(3.,4.),.PIECEWISE_BEZIER_KNOTS.);
#6085 = CARTESIAN_POINT('',(-5.11623740679E-02,0.4,0.309047424276));
#6086 = CARTESIAN_POINT('',(-4.724248672342E-02,0.4,0.305054753878));
#6087 = CARTESIAN_POINT('',(-4.528774184075E-02,0.4,0.299793578821));
#6088 = CARTESIAN_POINT('',(-4.528774184075E-02,0.4,0.293243103948));
#6089 = ORIENTED_EDGE('',*,*,#6090,.T.);
#6090 = EDGE_CURVE('',#6082,#748,#6091,.T.);
#6091 = B_SPLINE_CURVE_WITH_KNOTS('',1,(#6092,#6093),.UNSPECIFIED.,.F.,
  .F.,(2,2),(-0.,1.E-02),.PIECEWISE_BEZIER_KNOTS.);
#6092 = CARTESIAN_POINT('',(-4.528774184075E-02,0.4,0.293243103948));
#6093 = CARTESIAN_POINT('',(-4.528774184075E-02,0.39,0.293243103948));
#6094 = ORIENTED_EDGE('',*,*,#756,.F.);
#6095 = B_SPLINE_SURFACE_WITH_KNOTS('',3,1,(
    (#6096,#6097)
    ,(#6098,#6099)
    ,(#6100,#6101)
    ,(#6102,#6103
    )),.UNSPECIFIED.,.F.,.F.,.F.,(4,4),(2,2),(3.,4.),(0.,1.),
  .PIECEWISE_BEZIER_KNOTS.);
#6096 = CARTESIAN_POINT('',(-5.11623740679E-02,0.4,0.309047424276));
#6097 = CARTESIAN_POINT('',(-5.11623740679E-02,0.39,0.309047424276));
#6098 = CARTESIAN_POINT('',(-4.724248672342E-02,0.4,0.305054753878));
#6099 = CARTESIAN_POINT('',(-4.724248672342E-02,0.39,0.305054753878));
#6100 = CARTESIAN_POINT('',(-4.528774184075E-02,0.4,0.299793578821));
#6101 = CARTESIAN_POINT('',(-4.528774184075E-02,0.39,0.299793578821));
#6102 = CARTESIAN_POINT('',(-4.528774184075E-02,0.4,0.293243103948));
#6103 = CARTESIAN_POINT('',(-4.528774184075E-02,0.39,0.293243103948));
#6104 = ADVANCED_FACE('',(#6105),#6123,.F.);
#6105 = FACE_BOUND('',#6106,.F.);
#6106 = EDGE_LOOP('',(#6107,#6108,#6117,#6122));
#6107 = ORIENTED_EDGE('',*,*,#6090,.F.);
#6108 = ORIENTED_EDGE('',*,*,#6109,.T.);
#6109 = EDGE_CURVE('',#6082,#6110,#6112,.T.);
#6110 = VERTEX_POINT('',#6111);
#6111 = CARTESIAN_POINT('',(-5.050732658068E-02,0.4,0.278540927012));
#6112 = B_SPLINE_CURVE_WITH_KNOTS('',3,(#6113,#6114,#6115,#6116),
  .UNSPECIFIED.,.F.,.F.,(4,4),(2.,3.),.PIECEWISE_BEZIER_KNOTS.);
#6113 = CARTESIAN_POINT('',(-4.528774184075E-02,0.4,0.293243103948));
#6114 = CARTESIAN_POINT('',(-4.528774184075E-02,0.4,0.287150122559));
#6115 = CARTESIAN_POINT('',(-4.702413756096E-02,0.4,0.282242465194));
#6116 = CARTESIAN_POINT('',(-5.050732658068E-02,0.4,0.278540927012));
#6117 = ORIENTED_EDGE('',*,*,#6118,.T.);
#6118 = EDGE_CURVE('',#6110,#739,#6119,.T.);
#6119 = B_SPLINE_CURVE_WITH_KNOTS('',1,(#6120,#6121),.UNSPECIFIED.,.F.,
  .F.,(2,2),(-0.,1.E-02),.PIECEWISE_BEZIER_KNOTS.);
#6120 = CARTESIAN_POINT('',(-5.050732658068E-02,0.4,0.278540927012));
#6121 = CARTESIAN_POINT('',(-5.050732658068E-02,0.39,0.278540927012));
#6122 = ORIENTED_EDGE('',*,*,#747,.F.);
#6123 = B_SPLINE_SURFACE_WITH_KNOTS('',3,1,(
    (#6124,#6125)
    ,(#6126,#6127)
    ,(#6128,#6129)
    ,(#6130,#6131
    )),.UNSPECIFIED.,.F.,.F.,.F.,(4,4),(2,2),(2.,3.),(0.,1.),
  .PIECEWISE_BEZIER_KNOTS.);
#6124 = CARTESIAN_POINT('',(-4.528774184075E-02,0.4,0.293243103948));
#6125 = CARTESIAN_POINT('',(-4.528774184075E-02,0.39,0.293243103948));
#6126 = CARTESIAN_POINT('',(-4.528774184075E-02,0.4,0.287150122559));
#6127 = CARTESIAN_POINT('',(-4.528774184075E-02,0.39,0.287150122559));
#6128 = CARTESIAN_POINT('',(-4.702413756096E-02,0.4,0.282242465194));
#6129 = CARTESIAN_POINT('',(-4.702413756096E-02,0.39,0.282242465194));
#6130 = CARTESIAN_POINT('',(-5.050732658068E-02,0.4,0.278540927012));
#6131 = CARTESIAN_POINT('',(-5.050732658068E-02,0.39,0.278540927012));
#6132 = ADVANCED_FACE('',(#6133),#6145,.F.);
#6133 = FACE_BOUND('',#6134,.F.);
#6134 = EDGE_LOOP('',(#6135,#6136,#6143,#6144));
#6135 = ORIENTED_EDGE('',*,*,#6118,.F.);
#6136 = ORIENTED_EDGE('',*,*,#6137,.T.);
#6137 = EDGE_CURVE('',#6110,#5779,#6138,.T.);
#6138 = B_SPLINE_CURVE_WITH_KNOTS('',3,(#6139,#6140,#6141,#6142),
  .UNSPECIFIED.,.F.,.F.,(4,4),(1.,2.),.PIECEWISE_BEZIER_KNOTS.);
#6139 = CARTESIAN_POINT('',(-5.050732658068E-02,0.4,0.278540927012));
#6140 = CARTESIAN_POINT('',(-5.399051560039E-02,0.4,0.27483938883));
#6141 = CARTESIAN_POINT('',(-5.864863106545E-02,0.4,0.272988619738));
#6142 = CARTESIAN_POINT('',(-6.448167297599E-02,0.4,0.272988619738));
#6143 = ORIENTED_EDGE('',*,*,#5778,.T.);
#6144 = ORIENTED_EDGE('',*,*,#738,.F.);
#6145 = B_SPLINE_SURFACE_WITH_KNOTS('',3,1,(
    (#6146,#6147)
    ,(#6148,#6149)
    ,(#6150,#6151)
    ,(#6152,#6153
    )),.UNSPECIFIED.,.F.,.F.,.F.,(4,4),(2,2),(1.,2.),(0.,1.),
  .PIECEWISE_BEZIER_KNOTS.);
#6146 = CARTESIAN_POINT('',(-5.050732658068E-02,0.4,0.278540927012));
#6147 = CARTESIAN_POINT('',(-5.050732658068E-02,0.39,0.278540927012));
#6148 = CARTESIAN_POINT('',(-5.399051560039E-02,0.4,0.27483938883));
#6149 = CARTESIAN_POINT('',(-5.399051560039E-02,0.39,0.27483938883));
#6150 = CARTESIAN_POINT('',(-5.864863106545E-02,0.4,0.272988619738));
#6151 = CARTESIAN_POINT('',(-5.864863106545E-02,0.39,0.272988619738));
#6152 = CARTESIAN_POINT('',(-6.448167297599E-02,0.4,0.272988619738));
#6153 = CARTESIAN_POINT('',(-6.448167297599E-02,0.39,0.272988619738));
#6154 = ADVANCED_FACE('',(#6155),#6171,.T.);
#6155 = FACE_BOUND('',#6156,.T.);
#6156 = EDGE_LOOP('',(#6157,#6158,#6159,#6160,#6161,#6162,#6163,#6164,
    #6165,#6166,#6167,#6168,#6169,#6170));
#6157 = ORIENTED_EDGE('',*,*,#5785,.T.);
#6158 = ORIENTED_EDGE('',*,*,#5820,.T.);
#6159 = ORIENTED_EDGE('',*,*,#5835,.T.);
#6160 = ORIENTED_EDGE('',*,*,#5863,.T.);
#6161 = ORIENTED_EDGE('',*,*,#5891,.T.);
#6162 = ORIENTED_EDGE('',*,*,#5919,.T.);
#6163 = ORIENTED_EDGE('',*,*,#5947,.T.);
#6164 = ORIENTED_EDGE('',*,*,#5975,.T.);
#6165 = ORIENTED_EDGE('',*,*,#6010,.T.);
#6166 = ORIENTED_EDGE('',*,*,#6025,.T.);
#6167 = ORIENTED_EDGE('',*,*,#6053,.T.);
#6168 = ORIENTED_EDGE('',*,*,#6081,.T.);
#6169 = ORIENTED_EDGE('',*,*,#6109,.T.);
#6170 = ORIENTED_EDGE('',*,*,#6137,.T.);
#6171 = B_SPLINE_SURFACE_WITH_KNOTS('',1,1,(
    (#6172,#6173)
    ,(#6174,#6175
    )),.UNSPECIFIED.,.F.,.F.,.F.,(2,2),(2,2),(-5.926620122838E-04,
    4.145514812362E-02),(-5.061021657727E-03,2.539348771128E-02),
  .PIECEWISE_BEZIER_KNOTS.);
#6172 = CARTESIAN_POINT('',(-7.574225120976E-02,0.4,0.272988619738));
#6173 = CARTESIAN_POINT('',(-4.528774184075E-02,0.4,0.272988619738));
#6174 = CARTESIAN_POINT('',(-7.574225120976E-02,0.4,0.315036429874));
#6175 = CARTESIAN_POINT('',(-4.528774184075E-02,0.4,0.315036429874));
#6176 = ADVANCED_FACE('',(#6177),#6199,.F.);
#6177 = FACE_BOUND('',#6178,.T.);
#6178 = EDGE_LOOP('',(#6179,#6180,#6187,#6194));
#6179 = ORIENTED_EDGE('',*,*,#853,.T.);
#6180 = ORIENTED_EDGE('',*,*,#6181,.F.);
#6181 = EDGE_CURVE('',#6182,#845,#6184,.T.);
#6182 = VERTEX_POINT('',#6183);
#6183 = CARTESIAN_POINT('',(-0.105760062254,0.4,0.27831218027));
#6184 = B_SPLINE_CURVE_WITH_KNOTS('',1,(#6185,#6186),.UNSPECIFIED.,.F.,
  .F.,(2,2),(-0.,1.E-02),.PIECEWISE_BEZIER_KNOTS.);
#6185 = CARTESIAN_POINT('',(-0.105760062254,0.4,0.27831218027));
#6186 = CARTESIAN_POINT('',(-0.105760062254,0.39,0.27831218027));
#6187 = ORIENTED_EDGE('',*,*,#6188,.F.);
#6188 = EDGE_CURVE('',#6189,#6182,#6191,.T.);
#6189 = VERTEX_POINT('',#6190);
#6190 = CARTESIAN_POINT('',(-0.105760062254,0.4,0.273674859963));
#6191 = B_SPLINE_CURVE_WITH_KNOTS('',1,(#6192,#6193),.UNSPECIFIED.,.F.,
  .F.,(2,2),(-4.637320306757E-03,0.),.PIECEWISE_BEZIER_KNOTS.);
#6192 = CARTESIAN_POINT('',(-0.105760062254,0.4,0.273674859963));
#6193 = CARTESIAN_POINT('',(-0.105760062254,0.4,0.27831218027));
#6194 = ORIENTED_EDGE('',*,*,#6195,.T.);
#6195 = EDGE_CURVE('',#6189,#854,#6196,.T.);
#6196 = B_SPLINE_CURVE_WITH_KNOTS('',1,(#6197,#6198),.UNSPECIFIED.,.F.,
  .F.,(2,2),(-0.,1.E-02),.PIECEWISE_BEZIER_KNOTS.);
#6197 = CARTESIAN_POINT('',(-0.105760062254,0.4,0.273674859963));
#6198 = CARTESIAN_POINT('',(-0.105760062254,0.39,0.273674859963));
#6199 = B_SPLINE_SURFACE_WITH_KNOTS('',1,1,(
    (#6200,#6201)
    ,(#6202,#6203
    )),.UNSPECIFIED.,.F.,.F.,.F.,(2,2),(2,2),(-0.,4.637320306757E-03),(
    -1.E-02,0.),.PIECEWISE_BEZIER_KNOTS.);
#6200 = CARTESIAN_POINT('',(-0.105760062254,0.39,0.27831218027));
#6201 = CARTESIAN_POINT('',(-0.105760062254,0.4,0.27831218027));
#6202 = CARTESIAN_POINT('',(-0.105760062254,0.39,0.273674859963));
#6203 = CARTESIAN_POINT('',(-0.105760062254,0.4,0.273674859963));
#6204 = ADVANCED_FACE('',(#6205),#6221,.F.);
#6205 = FACE_BOUND('',#6206,.T.);
#6206 = EDGE_LOOP('',(#6207,#6208,#6215,#6220));
#6207 = ORIENTED_EDGE('',*,*,#844,.T.);
#6208 = ORIENTED_EDGE('',*,*,#6209,.F.);
#6209 = EDGE_CURVE('',#6210,#847,#6212,.T.);
#6210 = VERTEX_POINT('',#6211);
#6211 = CARTESIAN_POINT('',(-8.913433317191E-02,0.4,0.27831218027));
#6212 = B_SPLINE_CURVE_WITH_KNOTS('',1,(#6213,#6214),.UNSPECIFIED.,.F.,
  .F.,(2,2),(-0.,1.E-02),.PIECEWISE_BEZIER_KNOTS.);
#6213 = CARTESIAN_POINT('',(-8.913433317191E-02,0.4,0.27831218027));
#6214 = CARTESIAN_POINT('',(-8.913433317191E-02,0.39,0.27831218027));
#6215 = ORIENTED_EDGE('',*,*,#6216,.F.);
#6216 = EDGE_CURVE('',#6182,#6210,#6217,.T.);
#6217 = B_SPLINE_CURVE_WITH_KNOTS('',1,(#6218,#6219),.UNSPECIFIED.,.F.,
  .F.,(2,2),(-1.662572908182E-02,0.),.PIECEWISE_BEZIER_KNOTS.);
#6218 = CARTESIAN_POINT('',(-0.105760062254,0.4,0.27831218027));
#6219 = CARTESIAN_POINT('',(-8.913433317191E-02,0.4,0.27831218027));
#6220 = ORIENTED_EDGE('',*,*,#6181,.T.);
#6221 = B_SPLINE_SURFACE_WITH_KNOTS('',1,1,(
    (#6222,#6223)
    ,(#6224,#6225
    )),.UNSPECIFIED.,.F.,.F.,.F.,(2,2),(2,2),(0.,1.662572908182E-02),(
    -1.E-02,0.),.PIECEWISE_BEZIER_KNOTS.);
#6222 = CARTESIAN_POINT('',(-8.913433317191E-02,0.39,0.27831218027));
#6223 = CARTESIAN_POINT('',(-8.913433317191E-02,0.4,0.27831218027));
#6224 = CARTESIAN_POINT('',(-0.105760062254,0.39,0.27831218027));
#6225 = CARTESIAN_POINT('',(-0.105760062254,0.4,0.27831218027));
#6226 = ADVANCED_FACE('',(#6227),#6243,.F.);
#6227 = FACE_BOUND('',#6228,.T.);
#6228 = EDGE_LOOP('',(#6229,#6230,#6237,#6242));
#6229 = ORIENTED_EDGE('',*,*,#923,.T.);
#6230 = ORIENTED_EDGE('',*,*,#6231,.F.);
#6231 = EDGE_CURVE('',#6232,#917,#6234,.T.);
#6232 = VERTEX_POINT('',#6233);
#6233 = CARTESIAN_POINT('',(-8.913433317191E-02,0.4,0.291995394449));
#6234 = B_SPLINE_CURVE_WITH_KNOTS('',1,(#6235,#6236),.UNSPECIFIED.,.F.,
  .F.,(2,2),(-0.,1.E-02),.PIECEWISE_BEZIER_KNOTS.);
#6235 = CARTESIAN_POINT('',(-8.913433317191E-02,0.4,0.291995394449));
#6236 = CARTESIAN_POINT('',(-8.913433317191E-02,0.39,0.291995394449));
#6237 = ORIENTED_EDGE('',*,*,#6238,.F.);
#6238 = EDGE_CURVE('',#6210,#6232,#6239,.T.);
#6239 = B_SPLINE_CURVE_WITH_KNOTS('',1,(#6240,#6241),.UNSPECIFIED.,.F.,
  .F.,(2,2),(-1.368321417866E-02,0.),.PIECEWISE_BEZIER_KNOTS.);
#6240 = CARTESIAN_POINT('',(-8.913433317191E-02,0.4,0.27831218027));
#6241 = CARTESIAN_POINT('',(-8.913433317191E-02,0.4,0.291995394449));
#6242 = ORIENTED_EDGE('',*,*,#6209,.T.);
#6243 = B_SPLINE_SURFACE_WITH_KNOTS('',1,1,(
    (#6244,#6245)
    ,(#6246,#6247
    )),.UNSPECIFIED.,.F.,.F.,.F.,(2,2),(2,2),(-0.,1.368321417866E-02),(
    -1.E-02,0.),.PIECEWISE_BEZIER_KNOTS.);
#6244 = CARTESIAN_POINT('',(-8.913433317191E-02,0.39,0.291995394449));
#6245 = CARTESIAN_POINT('',(-8.913433317191E-02,0.4,0.291995394449));
#6246 = CARTESIAN_POINT('',(-8.913433317191E-02,0.39,0.27831218027));
#6247 = CARTESIAN_POINT('',(-8.913433317191E-02,0.4,0.27831218027));
#6248 = ADVANCED_FACE('',(#6249),#6265,.F.);
#6249 = FACE_BOUND('',#6250,.T.);
#6250 = EDGE_LOOP('',(#6251,#6252,#6259,#6264));
#6251 = ORIENTED_EDGE('',*,*,#916,.T.);
#6252 = ORIENTED_EDGE('',*,*,#6253,.F.);
#6253 = EDGE_CURVE('',#6254,#910,#6256,.T.);
#6254 = VERTEX_POINT('',#6255);
#6255 = CARTESIAN_POINT('',(-0.103680546421,0.4,0.291995394449));
#6256 = B_SPLINE_CURVE_WITH_KNOTS('',1,(#6257,#6258),.UNSPECIFIED.,.F.,
  .F.,(2,2),(-0.,1.E-02),.PIECEWISE_BEZIER_KNOTS.);
#6257 = CARTESIAN_POINT('',(-0.103680546421,0.4,0.291995394449));
#6258 = CARTESIAN_POINT('',(-0.103680546421,0.39,0.291995394449));
#6259 = ORIENTED_EDGE('',*,*,#6260,.F.);
#6260 = EDGE_CURVE('',#6232,#6254,#6261,.T.);
#6261 = B_SPLINE_CURVE_WITH_KNOTS('',1,(#6262,#6263),.UNSPECIFIED.,.F.,
  .F.,(2,2),(-1.454621324919E-02,0.),.PIECEWISE_BEZIER_KNOTS.);
#6262 = CARTESIAN_POINT('',(-8.913433317191E-02,0.4,0.291995394449));
#6263 = CARTESIAN_POINT('',(-0.103680546421,0.4,0.291995394449));
#6264 = ORIENTED_EDGE('',*,*,#6231,.T.);
#6265 = B_SPLINE_SURFACE_WITH_KNOTS('',1,1,(
    (#6266,#6267)
    ,(#6268,#6269
    )),.UNSPECIFIED.,.F.,.F.,.F.,(2,2),(2,2),(0.,1.454621324919E-02),(
    -1.E-02,0.),.PIECEWISE_BEZIER_KNOTS.);
#6266 = CARTESIAN_POINT('',(-0.103680546421,0.39,0.291995394449));
#6267 = CARTESIAN_POINT('',(-0.103680546421,0.4,0.291995394449));
#6268 = CARTESIAN_POINT('',(-8.913433317191E-02,0.39,0.291995394449));
#6269 = CARTESIAN_POINT('',(-8.913433317191E-02,0.4,0.291995394449));
#6270 = ADVANCED_FACE('',(#6271),#6287,.F.);
#6271 = FACE_BOUND('',#6272,.T.);
#6272 = EDGE_LOOP('',(#6273,#6274,#6281,#6286));
#6273 = ORIENTED_EDGE('',*,*,#909,.T.);
#6274 = ORIENTED_EDGE('',*,*,#6275,.F.);
#6275 = EDGE_CURVE('',#6276,#903,#6278,.T.);
#6276 = VERTEX_POINT('',#6277);
#6277 = CARTESIAN_POINT('',(-0.103680546421,0.4,0.296653509914));
#6278 = B_SPLINE_CURVE_WITH_KNOTS('',1,(#6279,#6280),.UNSPECIFIED.,.F.,
  .F.,(2,2),(-0.,1.E-02),.PIECEWISE_BEZIER_KNOTS.);
#6279 = CARTESIAN_POINT('',(-0.103680546421,0.4,0.296653509914));
#6280 = CARTESIAN_POINT('',(-0.103680546421,0.39,0.296653509914));
#6281 = ORIENTED_EDGE('',*,*,#6282,.F.);
#6282 = EDGE_CURVE('',#6254,#6276,#6283,.T.);
#6283 = B_SPLINE_CURVE_WITH_KNOTS('',1,(#6284,#6285),.UNSPECIFIED.,.F.,
  .F.,(2,2),(-4.658115465059E-03,0.),.PIECEWISE_BEZIER_KNOTS.);
#6284 = CARTESIAN_POINT('',(-0.103680546421,0.4,0.291995394449));
#6285 = CARTESIAN_POINT('',(-0.103680546421,0.4,0.296653509914));
#6286 = ORIENTED_EDGE('',*,*,#6253,.T.);
#6287 = B_SPLINE_SURFACE_WITH_KNOTS('',1,1,(
    (#6288,#6289)
    ,(#6290,#6291
    )),.UNSPECIFIED.,.F.,.F.,.F.,(2,2),(2,2),(0.,4.658115465059E-03),(
    -1.E-02,0.),.PIECEWISE_BEZIER_KNOTS.);
#6288 = CARTESIAN_POINT('',(-0.103680546421,0.39,0.296653509914));
#6289 = CARTESIAN_POINT('',(-0.103680546421,0.4,0.296653509914));
#6290 = CARTESIAN_POINT('',(-0.103680546421,0.39,0.291995394449));
#6291 = CARTESIAN_POINT('',(-0.103680546421,0.4,0.291995394449));
#6292 = ADVANCED_FACE('',(#6293),#6309,.F.);
#6293 = FACE_BOUND('',#6294,.T.);
#6294 = EDGE_LOOP('',(#6295,#6296,#6303,#6308));
#6295 = ORIENTED_EDGE('',*,*,#902,.T.);
#6296 = ORIENTED_EDGE('',*,*,#6297,.F.);
#6297 = EDGE_CURVE('',#6298,#896,#6300,.T.);
#6298 = VERTEX_POINT('',#6299);
#6299 = CARTESIAN_POINT('',(-8.913433317191E-02,0.4,0.296653509914));
#6300 = B_SPLINE_CURVE_WITH_KNOTS('',1,(#6301,#6302),.UNSPECIFIED.,.F.,
  .F.,(2,2),(-0.,1.E-02),.PIECEWISE_BEZIER_KNOTS.);
#6301 = CARTESIAN_POINT('',(-8.913433317191E-02,0.4,0.296653509914));
#6302 = CARTESIAN_POINT('',(-8.913433317191E-02,0.39,0.296653509914));
#6303 = ORIENTED_EDGE('',*,*,#6304,.F.);
#6304 = EDGE_CURVE('',#6276,#6298,#6305,.T.);
#6305 = B_SPLINE_CURVE_WITH_KNOTS('',1,(#6306,#6307),.UNSPECIFIED.,.F.,
  .F.,(2,2),(-1.454621324919E-02,0.),.PIECEWISE_BEZIER_KNOTS.);
#6306 = CARTESIAN_POINT('',(-0.103680546421,0.4,0.296653509914));
#6307 = CARTESIAN_POINT('',(-8.913433317191E-02,0.4,0.296653509914));
#6308 = ORIENTED_EDGE('',*,*,#6275,.T.);
#6309 = B_SPLINE_SURFACE_WITH_KNOTS('',1,1,(
    (#6310,#6311)
    ,(#6312,#6313
    )),.UNSPECIFIED.,.F.,.F.,.F.,(2,2),(2,2),(0.,1.454621324919E-02),(
    -1.E-02,0.),.PIECEWISE_BEZIER_KNOTS.);
#6310 = CARTESIAN_POINT('',(-8.913433317191E-02,0.39,0.296653509914));
#6311 = CARTESIAN_POINT('',(-8.913433317191E-02,0.4,0.296653509914));
#6312 = CARTESIAN_POINT('',(-0.103680546421,0.39,0.296653509914));
#6313 = CARTESIAN_POINT('',(-0.103680546421,0.4,0.296653509914));
#6314 = ADVANCED_FACE('',(#6315),#6331,.F.);
#6315 = FACE_BOUND('',#6316,.T.);
#6316 = EDGE_LOOP('',(#6317,#6318,#6325,#6330));
#6317 = ORIENTED_EDGE('',*,*,#895,.T.);
#6318 = ORIENTED_EDGE('',*,*,#6319,.F.);
#6319 = EDGE_CURVE('',#6320,#889,#6322,.T.);
#6320 = VERTEX_POINT('',#6321);
#6321 = CARTESIAN_POINT('',(-8.913433317191E-02,0.4,0.309671279026));
#6322 = B_SPLINE_CURVE_WITH_KNOTS('',1,(#6323,#6324),.UNSPECIFIED.,.F.,
  .F.,(2,2),(-0.,1.E-02),.PIECEWISE_BEZIER_KNOTS.);
#6323 = CARTESIAN_POINT('',(-8.913433317191E-02,0.4,0.309671279026));
#6324 = CARTESIAN_POINT('',(-8.913433317191E-02,0.39,0.309671279026));
#6325 = ORIENTED_EDGE('',*,*,#6326,.F.);
#6326 = EDGE_CURVE('',#6298,#6320,#6327,.T.);
#6327 = B_SPLINE_CURVE_WITH_KNOTS('',1,(#6328,#6329),.UNSPECIFIED.,.F.,
  .F.,(2,2),(-1.301776911242E-02,0.),.PIECEWISE_BEZIER_KNOTS.);
#6328 = CARTESIAN_POINT('',(-8.913433317191E-02,0.4,0.296653509914));
#6329 = CARTESIAN_POINT('',(-8.913433317191E-02,0.4,0.309671279026));
#6330 = ORIENTED_EDGE('',*,*,#6297,.T.);
#6331 = B_SPLINE_SURFACE_WITH_KNOTS('',1,1,(
    (#6332,#6333)
    ,(#6334,#6335
    )),.UNSPECIFIED.,.F.,.F.,.F.,(2,2),(2,2),(-0.,1.301776911242E-02),(
    -1.E-02,0.),.PIECEWISE_BEZIER_KNOTS.);
#6332 = CARTESIAN_POINT('',(-8.913433317191E-02,0.39,0.309671279026));
#6333 = CARTESIAN_POINT('',(-8.913433317191E-02,0.4,0.309671279026));
#6334 = CARTESIAN_POINT('',(-8.913433317191E-02,0.39,0.296653509914));
#6335 = CARTESIAN_POINT('',(-8.913433317191E-02,0.4,0.296653509914));
#6336 = ADVANCED_FACE('',(#6337),#6353,.F.);
#6337 = FACE_BOUND('',#6338,.T.);
#6338 = EDGE_LOOP('',(#6339,#6340,#6347,#6352));
#6339 = ORIENTED_EDGE('',*,*,#888,.T.);
#6340 = ORIENTED_EDGE('',*,*,#6341,.F.);
#6341 = EDGE_CURVE('',#6342,#882,#6344,.T.);
#6342 = VERTEX_POINT('',#6343);
#6343 = CARTESIAN_POINT('',(-0.104834677708,0.4,0.309671279026));
#6344 = B_SPLINE_CURVE_WITH_KNOTS('',1,(#6345,#6346),.UNSPECIFIED.,.F.,
  .F.,(2,2),(-0.,1.E-02),.PIECEWISE_BEZIER_KNOTS.);
#6345 = CARTESIAN_POINT('',(-0.104834677708,0.4,0.309671279026));
#6346 = CARTESIAN_POINT('',(-0.104834677708,0.39,0.309671279026));
#6347 = ORIENTED_EDGE('',*,*,#6348,.F.);
#6348 = EDGE_CURVE('',#6320,#6342,#6349,.T.);
#6349 = B_SPLINE_CURVE_WITH_KNOTS('',1,(#6350,#6351),.UNSPECIFIED.,.F.,
  .F.,(2,2),(-1.570034453638E-02,0.),.PIECEWISE_BEZIER_KNOTS.);
#6350 = CARTESIAN_POINT('',(-8.913433317191E-02,0.4,0.309671279026));
#6351 = CARTESIAN_POINT('',(-0.104834677708,0.4,0.309671279026));
#6352 = ORIENTED_EDGE('',*,*,#6319,.T.);
#6353 = B_SPLINE_SURFACE_WITH_KNOTS('',1,1,(
    (#6354,#6355)
    ,(#6356,#6357
    )),.UNSPECIFIED.,.F.,.F.,.F.,(2,2),(2,2),(0.,1.570034453638E-02),(
    -1.E-02,0.),.PIECEWISE_BEZIER_KNOTS.);
#6354 = CARTESIAN_POINT('',(-0.104834677708,0.39,0.309671279026));
#6355 = CARTESIAN_POINT('',(-0.104834677708,0.4,0.309671279026));
#6356 = CARTESIAN_POINT('',(-8.913433317191E-02,0.39,0.309671279026));
#6357 = CARTESIAN_POINT('',(-8.913433317191E-02,0.4,0.309671279026));
#6358 = ADVANCED_FACE('',(#6359),#6375,.F.);
#6359 = FACE_BOUND('',#6360,.T.);
#6360 = EDGE_LOOP('',(#6361,#6362,#6369,#6374));
#6361 = ORIENTED_EDGE('',*,*,#881,.T.);
#6362 = ORIENTED_EDGE('',*,*,#6363,.F.);
#6363 = EDGE_CURVE('',#6364,#875,#6366,.T.);
#6364 = VERTEX_POINT('',#6365);
#6365 = CARTESIAN_POINT('',(-0.104834677708,0.4,0.314350189649));
#6366 = B_SPLINE_CURVE_WITH_KNOTS('',1,(#6367,#6368),.UNSPECIFIED.,.F.,
  .F.,(2,2),(-0.,1.E-02),.PIECEWISE_BEZIER_KNOTS.);
#6367 = CARTESIAN_POINT('',(-0.104834677708,0.4,0.314350189649));
#6368 = CARTESIAN_POINT('',(-0.104834677708,0.39,0.314350189649));
#6369 = ORIENTED_EDGE('',*,*,#6370,.F.);
#6370 = EDGE_CURVE('',#6342,#6364,#6371,.T.);
#6371 = B_SPLINE_CURVE_WITH_KNOTS('',1,(#6372,#6373),.UNSPECIFIED.,.F.,
  .F.,(2,2),(-4.678910623362E-03,0.),.PIECEWISE_BEZIER_KNOTS.);
#6372 = CARTESIAN_POINT('',(-0.104834677708,0.4,0.309671279026));
#6373 = CARTESIAN_POINT('',(-0.104834677708,0.4,0.314350189649));
#6374 = ORIENTED_EDGE('',*,*,#6341,.T.);
#6375 = B_SPLINE_SURFACE_WITH_KNOTS('',1,1,(
    (#6376,#6377)
    ,(#6378,#6379
    )),.UNSPECIFIED.,.F.,.F.,.F.,(2,2),(2,2),(-0.,4.678910623362E-03),(
    -1.E-02,0.),.PIECEWISE_BEZIER_KNOTS.);
#6376 = CARTESIAN_POINT('',(-0.104834677708,0.39,0.314350189649));
#6377 = CARTESIAN_POINT('',(-0.104834677708,0.4,0.314350189649));
#6378 = CARTESIAN_POINT('',(-0.104834677708,0.39,0.309671279026));
#6379 = CARTESIAN_POINT('',(-0.104834677708,0.4,0.309671279026));
#6380 = ADVANCED_FACE('',(#6381),#6397,.F.);
#6381 = FACE_BOUND('',#6382,.T.);
#6382 = EDGE_LOOP('',(#6383,#6384,#6391,#6396));
#6383 = ORIENTED_EDGE('',*,*,#874,.T.);
#6384 = ORIENTED_EDGE('',*,*,#6385,.F.);
#6385 = EDGE_CURVE('',#6386,#868,#6388,.T.);
#6386 = VERTEX_POINT('',#6387);
#6387 = CARTESIAN_POINT('',(-8.388355569454E-02,0.4,0.314350189649));
#6388 = B_SPLINE_CURVE_WITH_KNOTS('',1,(#6389,#6390),.UNSPECIFIED.,.F.,
  .F.,(2,2),(-0.,1.E-02),.PIECEWISE_BEZIER_KNOTS.);
#6389 = CARTESIAN_POINT('',(-8.388355569454E-02,0.4,0.314350189649));
#6390 = CARTESIAN_POINT('',(-8.388355569454E-02,0.39,0.314350189649));
#6391 = ORIENTED_EDGE('',*,*,#6392,.F.);
#6392 = EDGE_CURVE('',#6364,#6386,#6393,.T.);
#6393 = B_SPLINE_CURVE_WITH_KNOTS('',1,(#6394,#6395),.UNSPECIFIED.,.F.,
  .F.,(2,2),(-2.095112201375E-02,0.),.PIECEWISE_BEZIER_KNOTS.);
#6394 = CARTESIAN_POINT('',(-0.104834677708,0.4,0.314350189649));
#6395 = CARTESIAN_POINT('',(-8.388355569454E-02,0.4,0.314350189649));
#6396 = ORIENTED_EDGE('',*,*,#6363,.T.);
#6397 = B_SPLINE_SURFACE_WITH_KNOTS('',1,1,(
    (#6398,#6399)
    ,(#6400,#6401
    )),.UNSPECIFIED.,.F.,.F.,.F.,(2,2),(2,2),(0.,2.095112201375E-02),(
    -1.E-02,0.),.PIECEWISE_BEZIER_KNOTS.);
#6398 = CARTESIAN_POINT('',(-8.388355569454E-02,0.39,0.314350189649));
#6399 = CARTESIAN_POINT('',(-8.388355569454E-02,0.4,0.314350189649));
#6400 = CARTESIAN_POINT('',(-0.104834677708,0.39,0.314350189649));
#6401 = CARTESIAN_POINT('',(-0.104834677708,0.4,0.314350189649));
#6402 = ADVANCED_FACE('',(#6403),#6419,.F.);
#6403 = FACE_BOUND('',#6404,.T.);
#6404 = EDGE_LOOP('',(#6405,#6406,#6413,#6418));
#6405 = ORIENTED_EDGE('',*,*,#867,.T.);
#6406 = ORIENTED_EDGE('',*,*,#6407,.F.);
#6407 = EDGE_CURVE('',#6408,#861,#6410,.T.);
#6408 = VERTEX_POINT('',#6409);
#6409 = CARTESIAN_POINT('',(-8.388355569454E-02,0.4,0.273674859963));
#6410 = B_SPLINE_CURVE_WITH_KNOTS('',1,(#6411,#6412),.UNSPECIFIED.,.F.,
  .F.,(2,2),(-0.,1.E-02),.PIECEWISE_BEZIER_KNOTS.);
#6411 = CARTESIAN_POINT('',(-8.388355569454E-02,0.4,0.273674859963));
#6412 = CARTESIAN_POINT('',(-8.388355569454E-02,0.39,0.273674859963));
#6413 = ORIENTED_EDGE('',*,*,#6414,.F.);
#6414 = EDGE_CURVE('',#6386,#6408,#6415,.T.);
#6415 = B_SPLINE_CURVE_WITH_KNOTS('',1,(#6416,#6417),.UNSPECIFIED.,.F.,
  .F.,(2,2),(-4.067532968627E-02,-0.),.PIECEWISE_BEZIER_KNOTS.);
#6416 = CARTESIAN_POINT('',(-8.388355569454E-02,0.4,0.314350189649));
#6417 = CARTESIAN_POINT('',(-8.388355569454E-02,0.4,0.273674859963));
#6418 = ORIENTED_EDGE('',*,*,#6385,.T.);
#6419 = B_SPLINE_SURFACE_WITH_KNOTS('',1,1,(
    (#6420,#6421)
    ,(#6422,#6423
    )),.UNSPECIFIED.,.F.,.F.,.F.,(2,2),(2,2),(-2.081668171172E-17,
    4.067532968627E-02),(-1.E-02,0.),.PIECEWISE_BEZIER_KNOTS.);
#6420 = CARTESIAN_POINT('',(-8.388355569454E-02,0.39,0.273674859963));
#6421 = CARTESIAN_POINT('',(-8.388355569454E-02,0.4,0.273674859963));
#6422 = CARTESIAN_POINT('',(-8.388355569454E-02,0.39,0.314350189649));
#6423 = CARTESIAN_POINT('',(-8.388355569454E-02,0.4,0.314350189649));
#6424 = ADVANCED_FACE('',(#6425),#6435,.F.);
#6425 = FACE_BOUND('',#6426,.T.);
#6426 = EDGE_LOOP('',(#6427,#6428,#6429,#6434));
#6427 = ORIENTED_EDGE('',*,*,#860,.T.);
#6428 = ORIENTED_EDGE('',*,*,#6195,.F.);
#6429 = ORIENTED_EDGE('',*,*,#6430,.F.);
#6430 = EDGE_CURVE('',#6408,#6189,#6431,.T.);
#6431 = B_SPLINE_CURVE_WITH_KNOTS('',1,(#6432,#6433),.UNSPECIFIED.,.F.,
  .F.,(2,2),(-2.187650655919E-02,0.),.PIECEWISE_BEZIER_KNOTS.);
#6432 = CARTESIAN_POINT('',(-8.388355569454E-02,0.4,0.273674859963));
#6433 = CARTESIAN_POINT('',(-0.105760062254,0.4,0.273674859963));
#6434 = ORIENTED_EDGE('',*,*,#6407,.T.);
#6435 = B_SPLINE_SURFACE_WITH_KNOTS('',1,1,(
    (#6436,#6437)
    ,(#6438,#6439
    )),.UNSPECIFIED.,.F.,.F.,.F.,(2,2),(2,2),(0.,2.187650655919E-02),(
    -1.E-02,0.),.PIECEWISE_BEZIER_KNOTS.);
#6436 = CARTESIAN_POINT('',(-0.105760062254,0.39,0.273674859963));
#6437 = CARTESIAN_POINT('',(-0.105760062254,0.4,0.273674859963));
#6438 = CARTESIAN_POINT('',(-8.388355569454E-02,0.39,0.273674859963));
#6439 = CARTESIAN_POINT('',(-8.388355569454E-02,0.4,0.273674859963));
#6440 = ADVANCED_FACE('',(#6441),#6455,.F.);
#6441 = FACE_BOUND('',#6442,.T.);
#6442 = EDGE_LOOP('',(#6443,#6444,#6445,#6446,#6447,#6448,#6449,#6450,
    #6451,#6452,#6453,#6454));
#6443 = ORIENTED_EDGE('',*,*,#6188,.T.);
#6444 = ORIENTED_EDGE('',*,*,#6216,.T.);
#6445 = ORIENTED_EDGE('',*,*,#6238,.T.);
#6446 = ORIENTED_EDGE('',*,*,#6260,.T.);
#6447 = ORIENTED_EDGE('',*,*,#6282,.T.);
#6448 = ORIENTED_EDGE('',*,*,#6304,.T.);
#6449 = ORIENTED_EDGE('',*,*,#6326,.T.);
#6450 = ORIENTED_EDGE('',*,*,#6348,.T.);
#6451 = ORIENTED_EDGE('',*,*,#6370,.T.);
#6452 = ORIENTED_EDGE('',*,*,#6392,.T.);
#6453 = ORIENTED_EDGE('',*,*,#6414,.T.);
#6454 = ORIENTED_EDGE('',*,*,#6430,.T.);
#6455 = B_SPLINE_SURFACE_WITH_KNOTS('',1,1,(
    (#6456,#6457)
    ,(#6458,#6459
    )),.UNSPECIFIED.,.F.,.F.,.F.,(2,2),(2,2),(-6.435008964948E-02,
    -2.367475996321E-02),(-0.105760062254,-8.388355569454E-02),
  .PIECEWISE_BEZIER_KNOTS.);
#6456 = CARTESIAN_POINT('',(-0.105760062254,0.4,0.314350189649));
#6457 = CARTESIAN_POINT('',(-8.388355569454E-02,0.4,0.314350189649));
#6458 = CARTESIAN_POINT('',(-0.105760062254,0.4,0.273674859963));
#6459 = CARTESIAN_POINT('',(-8.388355569454E-02,0.4,0.273674859963));
#6460 = ADVANCED_FACE('',(#6461,#6520),#6579,.T.);
#6461 = FACE_BOUND('',#6462,.T.);
#6462 = EDGE_LOOP('',(#6463,#6472,#6481,#6490,#6499,#6508,#6515));
#6463 = ORIENTED_EDGE('',*,*,#6464,.T.);
#6464 = EDGE_CURVE('',#6465,#6467,#6469,.T.);
#6465 = VERTEX_POINT('',#6466);
#6466 = CARTESIAN_POINT('',(-0.113443873255,0.4,0.273674859963));
#6467 = VERTEX_POINT('',#6468);
#6468 = CARTESIAN_POINT('',(-0.124631668435,0.4,0.273674859963));
#6469 = B_SPLINE_CURVE_WITH_KNOTS('',1,(#6470,#6471),.UNSPECIFIED.,.F.,
  .F.,(2,2),(-1.118779517957E-02,2.521664364328E-32),
  .PIECEWISE_BEZIER_KNOTS.);
#6470 = CARTESIAN_POINT('',(-0.113443873255,0.4,0.273674859963));
#6471 = CARTESIAN_POINT('',(-0.124631668435,0.4,0.273674859963));
#6472 = ORIENTED_EDGE('',*,*,#6473,.T.);
#6473 = EDGE_CURVE('',#6467,#6474,#6476,.T.);
#6474 = VERTEX_POINT('',#6475);
#6475 = CARTESIAN_POINT('',(-0.140425591184,0.4,0.279372733345));
#6476 = B_SPLINE_CURVE_WITH_KNOTS('',3,(#6477,#6478,#6479,#6480),
  .UNSPECIFIED.,.F.,.F.,(4,4),(5.,6.),.PIECEWISE_BEZIER_KNOTS.);
#6477 = CARTESIAN_POINT('',(-0.124631668435,0.4,0.273674859963));
#6478 = CARTESIAN_POINT('',(-0.131067769937,0.4,0.273674859963));
#6479 = CARTESIAN_POINT('',(-0.136339342573,0.4,0.275567219371));
#6480 = CARTESIAN_POINT('',(-0.140425591184,0.4,0.279372733345));
#6481 = ORIENTED_EDGE('',*,*,#6482,.T.);
#6482 = EDGE_CURVE('',#6474,#6483,#6485,.T.);
#6483 = VERTEX_POINT('',#6484);
#6484 = CARTESIAN_POINT('',(-0.14656016289,0.4,0.294532403765));
#6485 = B_SPLINE_CURVE_WITH_KNOTS('',3,(#6486,#6487,#6488,#6489),
  .UNSPECIFIED.,.F.,.F.,(4,4),(4.,5.),.PIECEWISE_BEZIER_KNOTS.);
#6486 = CARTESIAN_POINT('',(-0.140425591184,0.4,0.279372733345));
#6487 = CARTESIAN_POINT('',(-0.144511839795,0.4,0.283178247318));
#6488 = CARTESIAN_POINT('',(-0.14656016289,0.4,0.288231470792));
#6489 = CARTESIAN_POINT('',(-0.14656016289,0.4,0.294532403765));
#6490 = ORIENTED_EDGE('',*,*,#6491,.T.);
#6491 = EDGE_CURVE('',#6483,#6492,#6494,.T.);
#6492 = VERTEX_POINT('',#6493);
#6493 = CARTESIAN_POINT('',(-0.140425591184,0.4,0.308964243643));
#6494 = B_SPLINE_CURVE_WITH_KNOTS('',3,(#6495,#6496,#6497,#6498),
  .UNSPECIFIED.,.F.,.F.,(4,4),(3.,4.),.PIECEWISE_BEZIER_KNOTS.);
#6495 = CARTESIAN_POINT('',(-0.14656016289,0.4,0.294532403765));
#6496 = CARTESIAN_POINT('',(-0.14656016289,0.4,0.300562999679));
#6497 = CARTESIAN_POINT('',(-0.144511839795,0.4,0.305366681252));
#6498 = CARTESIAN_POINT('',(-0.140425591184,0.4,0.308964243643));
#6499 = ORIENTED_EDGE('',*,*,#6500,.T.);
#6500 = EDGE_CURVE('',#6492,#6501,#6503,.T.);
#6501 = VERTEX_POINT('',#6502);
#6502 = CARTESIAN_POINT('',(-0.125047571602,0.4,0.314350189649));
#6503 = B_SPLINE_CURVE_WITH_KNOTS('',3,(#6504,#6505,#6506,#6507),
  .UNSPECIFIED.,.F.,.F.,(4,4),(2.,3.),.PIECEWISE_BEZIER_KNOTS.);
#6504 = CARTESIAN_POINT('',(-0.140425591184,0.4,0.308964243643));
#6505 = CARTESIAN_POINT('',(-0.136339342573,0.4,0.312561806034));
#6506 = CARTESIAN_POINT('',(-0.131213336045,0.4,0.314350189649));
#6507 = CARTESIAN_POINT('',(-0.125047571602,0.4,0.314350189649));
#6508 = ORIENTED_EDGE('',*,*,#6509,.T.);
#6509 = EDGE_CURVE('',#6501,#6510,#6512,.T.);
#6510 = VERTEX_POINT('',#6511);
#6511 = CARTESIAN_POINT('',(-0.113443873255,0.4,0.314350189649));
#6512 = B_SPLINE_CURVE_WITH_KNOTS('',1,(#6513,#6514),.UNSPECIFIED.,.F.,
  .F.,(2,2),(-1.160369834618E-02,0.),.PIECEWISE_BEZIER_KNOTS.);
#6513 = CARTESIAN_POINT('',(-0.125047571602,0.4,0.314350189649));
#6514 = CARTESIAN_POINT('',(-0.113443873255,0.4,0.314350189649));
#6515 = ORIENTED_EDGE('',*,*,#6516,.T.);
#6516 = EDGE_CURVE('',#6510,#6465,#6517,.T.);
#6517 = B_SPLINE_CURVE_WITH_KNOTS('',1,(#6518,#6519),.UNSPECIFIED.,.F.,
  .F.,(2,2),(-4.067532968627E-02,-0.),.PIECEWISE_BEZIER_KNOTS.);
#6518 = CARTESIAN_POINT('',(-0.113443873255,0.4,0.314350189649));
#6519 = CARTESIAN_POINT('',(-0.113443873255,0.4,0.273674859963));
#6520 = FACE_BOUND('',#6521,.T.);
#6521 = EDGE_LOOP('',(#6522,#6531,#6538,#6547,#6556,#6565,#6574));
#6522 = ORIENTED_EDGE('',*,*,#6523,.F.);
#6523 = EDGE_CURVE('',#6524,#6526,#6528,.T.);
#6524 = VERTEX_POINT('',#6525);
#6525 = CARTESIAN_POINT('',(-0.118694650733,0.4,0.309671279026));
#6526 = VERTEX_POINT('',#6527);
#6527 = CARTESIAN_POINT('',(-0.118694650733,0.4,0.27831218027));
#6528 = B_SPLINE_CURVE_WITH_KNOTS('',1,(#6529,#6530),.UNSPECIFIED.,.F.,
  .F.,(2,2),(0.,3.135909875615E-02),.PIECEWISE_BEZIER_KNOTS.);
#6529 = CARTESIAN_POINT('',(-0.118694650733,0.4,0.309671279026));
#6530 = CARTESIAN_POINT('',(-0.118694650733,0.4,0.27831218027));
#6531 = ORIENTED_EDGE('',*,*,#6532,.F.);
#6532 = EDGE_CURVE('',#6533,#6524,#6535,.T.);
#6533 = VERTEX_POINT('',#6534);
#6534 = CARTESIAN_POINT('',(-0.124839620018,0.4,0.309671279026));
#6535 = B_SPLINE_CURVE_WITH_KNOTS('',1,(#6536,#6537),.UNSPECIFIED.,.F.,
  .F.,(2,2),(7.65175086343E-32,6.144969285084E-03),
  .PIECEWISE_BEZIER_KNOTS.);
#6536 = CARTESIAN_POINT('',(-0.124839620018,0.4,0.309671279026));
#6537 = CARTESIAN_POINT('',(-0.118694650733,0.4,0.309671279026));
#6538 = ORIENTED_EDGE('',*,*,#6539,.F.);
#6539 = EDGE_CURVE('',#6540,#6533,#6542,.T.);
#6540 = VERTEX_POINT('',#6541);
#6541 = CARTESIAN_POINT('',(-0.136578486893,0.4,0.305844969894));
#6542 = B_SPLINE_CURVE_WITH_KNOTS('',3,(#6543,#6544,#6545,#6546),
  .UNSPECIFIED.,.F.,.F.,(4,4),(5.,6.),.PIECEWISE_BEZIER_KNOTS.);
#6543 = CARTESIAN_POINT('',(-0.136578486893,0.4,0.305844969894));
#6544 = CARTESIAN_POINT('',(-0.133604779253,0.4,0.308402774368));
#6545 = CARTESIAN_POINT('',(-0.129684891908,0.4,0.309671279026));
#6546 = CARTESIAN_POINT('',(-0.124839620018,0.4,0.309671279026));
#6547 = ORIENTED_EDGE('',*,*,#6548,.F.);
#6548 = EDGE_CURVE('',#6549,#6540,#6551,.T.);
#6549 = VERTEX_POINT('',#6550);
#6550 = CARTESIAN_POINT('',(-0.141039048355,0.4,0.294386837656));
#6551 = B_SPLINE_CURVE_WITH_KNOTS('',3,(#6552,#6553,#6554,#6555),
  .UNSPECIFIED.,.F.,.F.,(4,4),(4.,5.),.PIECEWISE_BEZIER_KNOTS.);
#6552 = CARTESIAN_POINT('',(-0.141039048355,0.4,0.294386837656));
#6553 = CARTESIAN_POINT('',(-0.141039048355,0.4,0.299460856288));
#6554 = CARTESIAN_POINT('',(-0.139552194534,0.4,0.30328716542));
#6555 = CARTESIAN_POINT('',(-0.136578486893,0.4,0.305844969894));
#6556 = ORIENTED_EDGE('',*,*,#6557,.F.);
#6557 = EDGE_CURVE('',#6558,#6549,#6560,.T.);
#6558 = VERTEX_POINT('',#6559);
#6559 = CARTESIAN_POINT('',(-0.136692860264,0.4,0.282554392568));
#6560 = B_SPLINE_CURVE_WITH_KNOTS('',3,(#6561,#6562,#6563,#6564),
  .UNSPECIFIED.,.F.,.F.,(4,4),(3.,4.),.PIECEWISE_BEZIER_KNOTS.);
#6561 = CARTESIAN_POINT('',(-0.136692860264,0.4,0.282554392568));
#6562 = CARTESIAN_POINT('',(-0.139593784851,0.4,0.285361738943));
#6563 = CARTESIAN_POINT('',(-0.141039048355,0.4,0.289312819025));
#6564 = CARTESIAN_POINT('',(-0.141039048355,0.4,0.294386837656));
#6565 = ORIENTED_EDGE('',*,*,#6566,.F.);
#6566 = EDGE_CURVE('',#6567,#6558,#6569,.T.);
#6567 = VERTEX_POINT('',#6568);
#6568 = CARTESIAN_POINT('',(-0.124600475698,0.4,0.27831218027));
#6569 = B_SPLINE_CURVE_WITH_KNOTS('',3,(#6570,#6571,#6572,#6573),
  .UNSPECIFIED.,.F.,.F.,(4,4),(2.,3.),.PIECEWISE_BEZIER_KNOTS.);
#6570 = CARTESIAN_POINT('',(-0.124600475698,0.4,0.27831218027));
#6571 = CARTESIAN_POINT('',(-0.129768072542,0.4,0.27831218027));
#6572 = CARTESIAN_POINT('',(-0.133802333257,0.4,0.279726251036));
#6573 = CARTESIAN_POINT('',(-0.136692860264,0.4,0.282554392568));
#6574 = ORIENTED_EDGE('',*,*,#6575,.F.);
#6575 = EDGE_CURVE('',#6526,#6567,#6576,.T.);
#6576 = B_SPLINE_CURVE_WITH_KNOTS('',1,(#6577,#6578),.UNSPECIFIED.,.F.,
  .F.,(2,2),(0.,5.905824964603E-03),.PIECEWISE_BEZIER_KNOTS.);
#6577 = CARTESIAN_POINT('',(-0.118694650733,0.4,0.27831218027));
#6578 = CARTESIAN_POINT('',(-0.124600475698,0.4,0.27831218027));
#6579 = B_SPLINE_SURFACE_WITH_KNOTS('',1,1,(
    (#6580,#6581)
    ,(#6582,#6583
    )),.UNSPECIFIED.,.F.,.F.,.F.,(2,2),(2,2),(-3.933144257947E-02,
    1.343887106798E-03),(-1.304376306016E-02,2.00725265745E-02),
  .PIECEWISE_BEZIER_KNOTS.);
#6580 = CARTESIAN_POINT('',(-0.14656016289,0.4,0.273674859963));
#6581 = CARTESIAN_POINT('',(-0.113443873255,0.4,0.273674859963));
#6582 = CARTESIAN_POINT('',(-0.14656016289,0.4,0.314350189649));
#6583 = CARTESIAN_POINT('',(-0.113443873255,0.4,0.314350189649));
#6584 = ADVANCED_FACE('',(#6585),#6599,.F.);
#6585 = FACE_BOUND('',#6586,.T.);
#6586 = EDGE_LOOP('',(#6587,#6588,#6593,#6594));
#6587 = ORIENTED_EDGE('',*,*,#596,.T.);
#6588 = ORIENTED_EDGE('',*,*,#6589,.F.);
#6589 = EDGE_CURVE('',#6467,#586,#6590,.T.);
#6590 = B_SPLINE_CURVE_WITH_KNOTS('',1,(#6591,#6592),.UNSPECIFIED.,.F.,
  .F.,(2,2),(-0.,1.E-02),.PIECEWISE_BEZIER_KNOTS.);
#6591 = CARTESIAN_POINT('',(-0.124631668435,0.4,0.273674859963));
#6592 = CARTESIAN_POINT('',(-0.124631668435,0.39,0.273674859963));
#6593 = ORIENTED_EDGE('',*,*,#6464,.F.);
#6594 = ORIENTED_EDGE('',*,*,#6595,.T.);
#6595 = EDGE_CURVE('',#6465,#597,#6596,.T.);
#6596 = B_SPLINE_CURVE_WITH_KNOTS('',1,(#6597,#6598),.UNSPECIFIED.,.F.,
  .F.,(2,2),(-0.,1.E-02),.PIECEWISE_BEZIER_KNOTS.);
#6597 = CARTESIAN_POINT('',(-0.113443873255,0.4,0.273674859963));
#6598 = CARTESIAN_POINT('',(-0.113443873255,0.39,0.273674859963));
#6599 = B_SPLINE_SURFACE_WITH_KNOTS('',1,1,(
    (#6600,#6601)
    ,(#6602,#6603
    )),.UNSPECIFIED.,.F.,.F.,.F.,(2,2),(2,2),(-2.521664364328E-32,
    1.118779517957E-02),(-1.E-02,0.),.PIECEWISE_BEZIER_KNOTS.);
#6600 = CARTESIAN_POINT('',(-0.124631668435,0.39,0.273674859963));
#6601 = CARTESIAN_POINT('',(-0.124631668435,0.4,0.273674859963));
#6602 = CARTESIAN_POINT('',(-0.113443873255,0.39,0.273674859963));
#6603 = CARTESIAN_POINT('',(-0.113443873255,0.4,0.273674859963));
#6604 = ADVANCED_FACE('',(#6605),#6615,.F.);
#6605 = FACE_BOUND('',#6606,.F.);
#6606 = EDGE_LOOP('',(#6607,#6608,#6609,#6614));
#6607 = ORIENTED_EDGE('',*,*,#6589,.F.);
#6608 = ORIENTED_EDGE('',*,*,#6473,.T.);
#6609 = ORIENTED_EDGE('',*,*,#6610,.T.);
#6610 = EDGE_CURVE('',#6474,#588,#6611,.T.);
#6611 = B_SPLINE_CURVE_WITH_KNOTS('',1,(#6612,#6613),.UNSPECIFIED.,.F.,
  .F.,(2,2),(-0.,1.E-02),.PIECEWISE_BEZIER_KNOTS.);
#6612 = CARTESIAN_POINT('',(-0.140425591184,0.4,0.279372733345));
#6613 = CARTESIAN_POINT('',(-0.140425591184,0.39,0.279372733345));
#6614 = ORIENTED_EDGE('',*,*,#585,.F.);
#6615 = B_SPLINE_SURFACE_WITH_KNOTS('',3,1,(
    (#6616,#6617)
    ,(#6618,#6619)
    ,(#6620,#6621)
    ,(#6622,#6623
    )),.UNSPECIFIED.,.F.,.F.,.F.,(4,4),(2,2),(5.,6.),(0.,1.),
  .PIECEWISE_BEZIER_KNOTS.);
#6616 = CARTESIAN_POINT('',(-0.124631668435,0.4,0.273674859963));
#6617 = CARTESIAN_POINT('',(-0.124631668435,0.39,0.273674859963));
#6618 = CARTESIAN_POINT('',(-0.131067769937,0.4,0.273674859963));
#6619 = CARTESIAN_POINT('',(-0.131067769937,0.39,0.273674859963));
#6620 = CARTESIAN_POINT('',(-0.136339342573,0.4,0.275567219371));
#6621 = CARTESIAN_POINT('',(-0.136339342573,0.39,0.275567219371));
#6622 = CARTESIAN_POINT('',(-0.140425591184,0.4,0.279372733345));
#6623 = CARTESIAN_POINT('',(-0.140425591184,0.39,0.279372733345));
#6624 = ADVANCED_FACE('',(#6625),#6635,.F.);
#6625 = FACE_BOUND('',#6626,.F.);
#6626 = EDGE_LOOP('',(#6627,#6628,#6629,#6634));
#6627 = ORIENTED_EDGE('',*,*,#6610,.F.);
#6628 = ORIENTED_EDGE('',*,*,#6482,.T.);
#6629 = ORIENTED_EDGE('',*,*,#6630,.T.);
#6630 = EDGE_CURVE('',#6483,#627,#6631,.T.);
#6631 = B_SPLINE_CURVE_WITH_KNOTS('',1,(#6632,#6633),.UNSPECIFIED.,.F.,
  .F.,(2,2),(-0.,1.E-02),.PIECEWISE_BEZIER_KNOTS.);
#6632 = CARTESIAN_POINT('',(-0.14656016289,0.4,0.294532403765));
#6633 = CARTESIAN_POINT('',(-0.14656016289,0.39,0.294532403765));
#6634 = ORIENTED_EDGE('',*,*,#635,.F.);
#6635 = B_SPLINE_SURFACE_WITH_KNOTS('',3,1,(
    (#6636,#6637)
    ,(#6638,#6639)
    ,(#6640,#6641)
    ,(#6642,#6643
    )),.UNSPECIFIED.,.F.,.F.,.F.,(4,4),(2,2),(4.,5.),(0.,1.),
  .PIECEWISE_BEZIER_KNOTS.);
#6636 = CARTESIAN_POINT('',(-0.140425591184,0.4,0.279372733345));
#6637 = CARTESIAN_POINT('',(-0.140425591184,0.39,0.279372733345));
#6638 = CARTESIAN_POINT('',(-0.144511839795,0.4,0.283178247318));
#6639 = CARTESIAN_POINT('',(-0.144511839795,0.39,0.283178247318));
#6640 = CARTESIAN_POINT('',(-0.14656016289,0.4,0.288231470792));
#6641 = CARTESIAN_POINT('',(-0.14656016289,0.39,0.288231470792));
#6642 = CARTESIAN_POINT('',(-0.14656016289,0.4,0.294532403765));
#6643 = CARTESIAN_POINT('',(-0.14656016289,0.39,0.294532403765));
#6644 = ADVANCED_FACE('',(#6645),#6655,.F.);
#6645 = FACE_BOUND('',#6646,.F.);
#6646 = EDGE_LOOP('',(#6647,#6648,#6649,#6654));
#6647 = ORIENTED_EDGE('',*,*,#6630,.F.);
#6648 = ORIENTED_EDGE('',*,*,#6491,.T.);
#6649 = ORIENTED_EDGE('',*,*,#6650,.T.);
#6650 = EDGE_CURVE('',#6492,#618,#6651,.T.);
#6651 = B_SPLINE_CURVE_WITH_KNOTS('',1,(#6652,#6653),.UNSPECIFIED.,.F.,
  .F.,(2,2),(-0.,1.E-02),.PIECEWISE_BEZIER_KNOTS.);
#6652 = CARTESIAN_POINT('',(-0.140425591184,0.4,0.308964243643));
#6653 = CARTESIAN_POINT('',(-0.140425591184,0.39,0.308964243643));
#6654 = ORIENTED_EDGE('',*,*,#626,.F.);
#6655 = B_SPLINE_SURFACE_WITH_KNOTS('',3,1,(
    (#6656,#6657)
    ,(#6658,#6659)
    ,(#6660,#6661)
    ,(#6662,#6663
    )),.UNSPECIFIED.,.F.,.F.,.F.,(4,4),(2,2),(3.,4.),(0.,1.),
  .PIECEWISE_BEZIER_KNOTS.);
#6656 = CARTESIAN_POINT('',(-0.14656016289,0.4,0.294532403765));
#6657 = CARTESIAN_POINT('',(-0.14656016289,0.39,0.294532403765));
#6658 = CARTESIAN_POINT('',(-0.14656016289,0.4,0.300562999679));
#6659 = CARTESIAN_POINT('',(-0.14656016289,0.39,0.300562999679));
#6660 = CARTESIAN_POINT('',(-0.144511839795,0.4,0.305366681252));
#6661 = CARTESIAN_POINT('',(-0.144511839795,0.39,0.305366681252));
#6662 = CARTESIAN_POINT('',(-0.140425591184,0.4,0.308964243643));
#6663 = CARTESIAN_POINT('',(-0.140425591184,0.39,0.308964243643));
#6664 = ADVANCED_FACE('',(#6665),#6675,.F.);
#6665 = FACE_BOUND('',#6666,.F.);
#6666 = EDGE_LOOP('',(#6667,#6668,#6669,#6674));
#6667 = ORIENTED_EDGE('',*,*,#6650,.F.);
#6668 = ORIENTED_EDGE('',*,*,#6500,.T.);
#6669 = ORIENTED_EDGE('',*,*,#6670,.T.);
#6670 = EDGE_CURVE('',#6501,#611,#6671,.T.);
#6671 = B_SPLINE_CURVE_WITH_KNOTS('',1,(#6672,#6673),.UNSPECIFIED.,.F.,
  .F.,(2,2),(-0.,1.E-02),.PIECEWISE_BEZIER_KNOTS.);
#6672 = CARTESIAN_POINT('',(-0.125047571602,0.4,0.314350189649));
#6673 = CARTESIAN_POINT('',(-0.125047571602,0.39,0.314350189649));
#6674 = ORIENTED_EDGE('',*,*,#617,.F.);
#6675 = B_SPLINE_SURFACE_WITH_KNOTS('',3,1,(
    (#6676,#6677)
    ,(#6678,#6679)
    ,(#6680,#6681)
    ,(#6682,#6683
    )),.UNSPECIFIED.,.F.,.F.,.F.,(4,4),(2,2),(2.,3.),(0.,1.),
  .PIECEWISE_BEZIER_KNOTS.);
#6676 = CARTESIAN_POINT('',(-0.140425591184,0.4,0.308964243643));
#6677 = CARTESIAN_POINT('',(-0.140425591184,0.39,0.308964243643));
#6678 = CARTESIAN_POINT('',(-0.136339342573,0.4,0.312561806034));
#6679 = CARTESIAN_POINT('',(-0.136339342573,0.39,0.312561806034));
#6680 = CARTESIAN_POINT('',(-0.131213336045,0.4,0.314350189649));
#6681 = CARTESIAN_POINT('',(-0.131213336045,0.39,0.314350189649));
#6682 = CARTESIAN_POINT('',(-0.125047571602,0.4,0.314350189649));
#6683 = CARTESIAN_POINT('',(-0.125047571602,0.39,0.314350189649));
#6684 = ADVANCED_FACE('',(#6685),#6695,.F.);
#6685 = FACE_BOUND('',#6686,.T.);
#6686 = EDGE_LOOP('',(#6687,#6688,#6693,#6694));
#6687 = ORIENTED_EDGE('',*,*,#610,.T.);
#6688 = ORIENTED_EDGE('',*,*,#6689,.F.);
#6689 = EDGE_CURVE('',#6510,#604,#6690,.T.);
#6690 = B_SPLINE_CURVE_WITH_KNOTS('',1,(#6691,#6692),.UNSPECIFIED.,.F.,
  .F.,(2,2),(-0.,1.E-02),.PIECEWISE_BEZIER_KNOTS.);
#6691 = CARTESIAN_POINT('',(-0.113443873255,0.4,0.314350189649));
#6692 = CARTESIAN_POINT('',(-0.113443873255,0.39,0.314350189649));
#6693 = ORIENTED_EDGE('',*,*,#6509,.F.);
#6694 = ORIENTED_EDGE('',*,*,#6670,.T.);
#6695 = B_SPLINE_SURFACE_WITH_KNOTS('',1,1,(
    (#6696,#6697)
    ,(#6698,#6699
    )),.UNSPECIFIED.,.F.,.F.,.F.,(2,2),(2,2),(-1.387778780781E-17,
    1.160369834618E-02),(-1.E-02,0.),.PIECEWISE_BEZIER_KNOTS.);
#6696 = CARTESIAN_POINT('',(-0.113443873255,0.39,0.314350189649));
#6697 = CARTESIAN_POINT('',(-0.113443873255,0.4,0.314350189649));
#6698 = CARTESIAN_POINT('',(-0.125047571602,0.39,0.314350189649));
#6699 = CARTESIAN_POINT('',(-0.125047571602,0.4,0.314350189649));
#6700 = ADVANCED_FACE('',(#6701),#6707,.F.);
#6701 = FACE_BOUND('',#6702,.T.);
#6702 = EDGE_LOOP('',(#6703,#6704,#6705,#6706));
#6703 = ORIENTED_EDGE('',*,*,#603,.T.);
#6704 = ORIENTED_EDGE('',*,*,#6595,.F.);
#6705 = ORIENTED_EDGE('',*,*,#6516,.F.);
#6706 = ORIENTED_EDGE('',*,*,#6689,.T.);
#6707 = B_SPLINE_SURFACE_WITH_KNOTS('',1,1,(
    (#6708,#6709)
    ,(#6710,#6711
    )),.UNSPECIFIED.,.F.,.F.,.F.,(2,2),(2,2),(0.,4.067532968627E-02),(
    -1.E-02,0.),.PIECEWISE_BEZIER_KNOTS.);
#6708 = CARTESIAN_POINT('',(-0.113443873255,0.39,0.273674859963));
#6709 = CARTESIAN_POINT('',(-0.113443873255,0.4,0.273674859963));
#6710 = CARTESIAN_POINT('',(-0.113443873255,0.39,0.314350189649));
#6711 = CARTESIAN_POINT('',(-0.113443873255,0.4,0.314350189649));
#6712 = ADVANCED_FACE('',(#6713),#6735,.T.);
#6713 = FACE_BOUND('',#6714,.T.);
#6714 = EDGE_LOOP('',(#6715,#6724,#6729,#6730));
#6715 = ORIENTED_EDGE('',*,*,#6716,.F.);
#6716 = EDGE_CURVE('',#6717,#6719,#6721,.T.);
#6717 = VERTEX_POINT('',#6718);
#6718 = CARTESIAN_POINT('',(-0.124839620018,0.39,0.309671279026));
#6719 = VERTEX_POINT('',#6720);
#6720 = CARTESIAN_POINT('',(-0.118694650733,0.39,0.309671279026));
#6721 = B_SPLINE_CURVE_WITH_KNOTS('',1,(#6722,#6723),.UNSPECIFIED.,.F.,
  .F.,(2,2),(7.65175086343E-32,6.144969285084E-03),
  .PIECEWISE_BEZIER_KNOTS.);
#6722 = CARTESIAN_POINT('',(-0.124839620018,0.39,0.309671279026));
#6723 = CARTESIAN_POINT('',(-0.118694650733,0.39,0.309671279026));
#6724 = ORIENTED_EDGE('',*,*,#6725,.F.);
#6725 = EDGE_CURVE('',#6533,#6717,#6726,.T.);
#6726 = B_SPLINE_CURVE_WITH_KNOTS('',1,(#6727,#6728),.UNSPECIFIED.,.F.,
  .F.,(2,2),(-0.,1.E-02),.PIECEWISE_BEZIER_KNOTS.);
#6727 = CARTESIAN_POINT('',(-0.124839620018,0.4,0.309671279026));
#6728 = CARTESIAN_POINT('',(-0.124839620018,0.39,0.309671279026));
#6729 = ORIENTED_EDGE('',*,*,#6532,.T.);
#6730 = ORIENTED_EDGE('',*,*,#6731,.T.);
#6731 = EDGE_CURVE('',#6524,#6719,#6732,.T.);
#6732 = B_SPLINE_CURVE_WITH_KNOTS('',1,(#6733,#6734),.UNSPECIFIED.,.F.,
  .F.,(2,2),(-0.,1.E-02),.PIECEWISE_BEZIER_KNOTS.);
#6733 = CARTESIAN_POINT('',(-0.118694650733,0.4,0.309671279026));
#6734 = CARTESIAN_POINT('',(-0.118694650733,0.39,0.309671279026));
#6735 = B_SPLINE_SURFACE_WITH_KNOTS('',1,1,(
    (#6736,#6737)
    ,(#6738,#6739
    )),.UNSPECIFIED.,.F.,.F.,.F.,(2,2),(2,2),(-6.144969285084E-03,0.),(
    -1.E-02,0.),.PIECEWISE_BEZIER_KNOTS.);
#6736 = CARTESIAN_POINT('',(-0.118694650733,0.39,0.309671279026));
#6737 = CARTESIAN_POINT('',(-0.118694650733,0.4,0.309671279026));
#6738 = CARTESIAN_POINT('',(-0.124839620018,0.39,0.309671279026));
#6739 = CARTESIAN_POINT('',(-0.124839620018,0.4,0.309671279026));
#6740 = ADVANCED_FACE('',(#6741),#6757,.T.);
#6741 = FACE_BOUND('',#6742,.T.);
#6742 = EDGE_LOOP('',(#6743,#6750,#6751,#6752));
#6743 = ORIENTED_EDGE('',*,*,#6744,.F.);
#6744 = EDGE_CURVE('',#6719,#6745,#6747,.T.);
#6745 = VERTEX_POINT('',#6746);
#6746 = CARTESIAN_POINT('',(-0.118694650733,0.39,0.27831218027));
#6747 = B_SPLINE_CURVE_WITH_KNOTS('',1,(#6748,#6749),.UNSPECIFIED.,.F.,
  .F.,(2,2),(1.387778780781E-17,3.135909875615E-02),
  .PIECEWISE_BEZIER_KNOTS.);
#6748 = CARTESIAN_POINT('',(-0.118694650733,0.39,0.309671279026));
#6749 = CARTESIAN_POINT('',(-0.118694650733,0.39,0.27831218027));
#6750 = ORIENTED_EDGE('',*,*,#6731,.F.);
#6751 = ORIENTED_EDGE('',*,*,#6523,.T.);
#6752 = ORIENTED_EDGE('',*,*,#6753,.T.);
#6753 = EDGE_CURVE('',#6526,#6745,#6754,.T.);
#6754 = B_SPLINE_CURVE_WITH_KNOTS('',1,(#6755,#6756),.UNSPECIFIED.,.F.,
  .F.,(2,2),(-0.,1.E-02),.PIECEWISE_BEZIER_KNOTS.);
#6755 = CARTESIAN_POINT('',(-0.118694650733,0.4,0.27831218027));
#6756 = CARTESIAN_POINT('',(-0.118694650733,0.39,0.27831218027));
#6757 = B_SPLINE_SURFACE_WITH_KNOTS('',1,1,(
    (#6758,#6759)
    ,(#6760,#6761
    )),.UNSPECIFIED.,.F.,.F.,.F.,(2,2),(2,2),(-3.135909875615E-02,0.),(
    -1.E-02,0.),.PIECEWISE_BEZIER_KNOTS.);
#6758 = CARTESIAN_POINT('',(-0.118694650733,0.39,0.27831218027));
#6759 = CARTESIAN_POINT('',(-0.118694650733,0.4,0.27831218027));
#6760 = CARTESIAN_POINT('',(-0.118694650733,0.39,0.309671279026));
#6761 = CARTESIAN_POINT('',(-0.118694650733,0.4,0.309671279026));
#6762 = ADVANCED_FACE('',(#6763),#6779,.T.);
#6763 = FACE_BOUND('',#6764,.T.);
#6764 = EDGE_LOOP('',(#6765,#6772,#6773,#6774));
#6765 = ORIENTED_EDGE('',*,*,#6766,.F.);
#6766 = EDGE_CURVE('',#6745,#6767,#6769,.T.);
#6767 = VERTEX_POINT('',#6768);
#6768 = CARTESIAN_POINT('',(-0.124600475698,0.39,0.27831218027));
#6769 = B_SPLINE_CURVE_WITH_KNOTS('',1,(#6770,#6771),.UNSPECIFIED.,.F.,
  .F.,(2,2),(-2.775557561563E-17,5.905824964603E-03),
  .PIECEWISE_BEZIER_KNOTS.);
#6770 = CARTESIAN_POINT('',(-0.118694650733,0.39,0.27831218027));
#6771 = CARTESIAN_POINT('',(-0.124600475698,0.39,0.27831218027));
#6772 = ORIENTED_EDGE('',*,*,#6753,.F.);
#6773 = ORIENTED_EDGE('',*,*,#6575,.T.);
#6774 = ORIENTED_EDGE('',*,*,#6775,.T.);
#6775 = EDGE_CURVE('',#6567,#6767,#6776,.T.);
#6776 = B_SPLINE_CURVE_WITH_KNOTS('',1,(#6777,#6778),.UNSPECIFIED.,.F.,
  .F.,(2,2),(-0.,1.E-02),.PIECEWISE_BEZIER_KNOTS.);
#6777 = CARTESIAN_POINT('',(-0.124600475698,0.4,0.27831218027));
#6778 = CARTESIAN_POINT('',(-0.124600475698,0.39,0.27831218027));
#6779 = B_SPLINE_SURFACE_WITH_KNOTS('',1,1,(
    (#6780,#6781)
    ,(#6782,#6783
    )),.UNSPECIFIED.,.F.,.F.,.F.,(2,2),(2,2),(-5.905824964603E-03,
    2.775557561563E-17),(-1.E-02,0.),.PIECEWISE_BEZIER_KNOTS.);
#6780 = CARTESIAN_POINT('',(-0.124600475698,0.39,0.27831218027));
#6781 = CARTESIAN_POINT('',(-0.124600475698,0.4,0.27831218027));
#6782 = CARTESIAN_POINT('',(-0.118694650733,0.39,0.27831218027));
#6783 = CARTESIAN_POINT('',(-0.118694650733,0.4,0.27831218027));
#6784 = ADVANCED_FACE('',(#6785),#6803,.T.);
#6785 = FACE_BOUND('',#6786,.T.);
#6786 = EDGE_LOOP('',(#6787,#6796,#6797,#6798));
#6787 = ORIENTED_EDGE('',*,*,#6788,.F.);
#6788 = EDGE_CURVE('',#6767,#6789,#6791,.T.);
#6789 = VERTEX_POINT('',#6790);
#6790 = CARTESIAN_POINT('',(-0.136692860264,0.39,0.282554392568));
#6791 = B_SPLINE_CURVE_WITH_KNOTS('',3,(#6792,#6793,#6794,#6795),
  .UNSPECIFIED.,.F.,.F.,(4,4),(2.,3.),.PIECEWISE_BEZIER_KNOTS.);
#6792 = CARTESIAN_POINT('',(-0.124600475698,0.39,0.27831218027));
#6793 = CARTESIAN_POINT('',(-0.129768072542,0.39,0.27831218027));
#6794 = CARTESIAN_POINT('',(-0.133802333257,0.39,0.279726251036));
#6795 = CARTESIAN_POINT('',(-0.136692860264,0.39,0.282554392568));
#6796 = ORIENTED_EDGE('',*,*,#6775,.F.);
#6797 = ORIENTED_EDGE('',*,*,#6566,.T.);
#6798 = ORIENTED_EDGE('',*,*,#6799,.T.);
#6799 = EDGE_CURVE('',#6558,#6789,#6800,.T.);
#6800 = B_SPLINE_CURVE_WITH_KNOTS('',1,(#6801,#6802),.UNSPECIFIED.,.F.,
  .F.,(2,2),(-0.,1.E-02),.PIECEWISE_BEZIER_KNOTS.);
#6801 = CARTESIAN_POINT('',(-0.136692860264,0.4,0.282554392568));
#6802 = CARTESIAN_POINT('',(-0.136692860264,0.39,0.282554392568));
#6803 = B_SPLINE_SURFACE_WITH_KNOTS('',3,1,(
    (#6804,#6805)
    ,(#6806,#6807)
    ,(#6808,#6809)
    ,(#6810,#6811
    )),.UNSPECIFIED.,.F.,.F.,.F.,(4,4),(2,2),(2.,3.),(0.,1.),
  .PIECEWISE_BEZIER_KNOTS.);
#6804 = CARTESIAN_POINT('',(-0.124600475698,0.4,0.27831218027));
#6805 = CARTESIAN_POINT('',(-0.124600475698,0.39,0.27831218027));
#6806 = CARTESIAN_POINT('',(-0.129768072542,0.4,0.27831218027));
#6807 = CARTESIAN_POINT('',(-0.129768072542,0.39,0.27831218027));
#6808 = CARTESIAN_POINT('',(-0.133802333257,0.4,0.279726251036));
#6809 = CARTESIAN_POINT('',(-0.133802333257,0.39,0.279726251036));
#6810 = CARTESIAN_POINT('',(-0.136692860264,0.4,0.282554392568));
#6811 = CARTESIAN_POINT('',(-0.136692860264,0.39,0.282554392568));
#6812 = ADVANCED_FACE('',(#6813),#6831,.T.);
#6813 = FACE_BOUND('',#6814,.T.);
#6814 = EDGE_LOOP('',(#6815,#6824,#6825,#6826));
#6815 = ORIENTED_EDGE('',*,*,#6816,.F.);
#6816 = EDGE_CURVE('',#6789,#6817,#6819,.T.);
#6817 = VERTEX_POINT('',#6818);
#6818 = CARTESIAN_POINT('',(-0.141039048355,0.39,0.294386837656));
#6819 = B_SPLINE_CURVE_WITH_KNOTS('',3,(#6820,#6821,#6822,#6823),
  .UNSPECIFIED.,.F.,.F.,(4,4),(3.,4.),.PIECEWISE_BEZIER_KNOTS.);
#6820 = CARTESIAN_POINT('',(-0.136692860264,0.39,0.282554392568));
#6821 = CARTESIAN_POINT('',(-0.139593784851,0.39,0.285361738943));
#6822 = CARTESIAN_POINT('',(-0.141039048355,0.39,0.289312819025));
#6823 = CARTESIAN_POINT('',(-0.141039048355,0.39,0.294386837656));
#6824 = ORIENTED_EDGE('',*,*,#6799,.F.);
#6825 = ORIENTED_EDGE('',*,*,#6557,.T.);
#6826 = ORIENTED_EDGE('',*,*,#6827,.T.);
#6827 = EDGE_CURVE('',#6549,#6817,#6828,.T.);
#6828 = B_SPLINE_CURVE_WITH_KNOTS('',1,(#6829,#6830),.UNSPECIFIED.,.F.,
  .F.,(2,2),(-0.,1.E-02),.PIECEWISE_BEZIER_KNOTS.);
#6829 = CARTESIAN_POINT('',(-0.141039048355,0.4,0.294386837656));
#6830 = CARTESIAN_POINT('',(-0.141039048355,0.39,0.294386837656));
#6831 = B_SPLINE_SURFACE_WITH_KNOTS('',3,1,(
    (#6832,#6833)
    ,(#6834,#6835)
    ,(#6836,#6837)
    ,(#6838,#6839
    )),.UNSPECIFIED.,.F.,.F.,.F.,(4,4),(2,2),(3.,4.),(0.,1.),
  .PIECEWISE_BEZIER_KNOTS.);
#6832 = CARTESIAN_POINT('',(-0.136692860264,0.4,0.282554392568));
#6833 = CARTESIAN_POINT('',(-0.136692860264,0.39,0.282554392568));
#6834 = CARTESIAN_POINT('',(-0.139593784851,0.4,0.285361738943));
#6835 = CARTESIAN_POINT('',(-0.139593784851,0.39,0.285361738943));
#6836 = CARTESIAN_POINT('',(-0.141039048355,0.4,0.289312819025));
#6837 = CARTESIAN_POINT('',(-0.141039048355,0.39,0.289312819025));
#6838 = CARTESIAN_POINT('',(-0.141039048355,0.4,0.294386837656));
#6839 = CARTESIAN_POINT('',(-0.141039048355,0.39,0.294386837656));
#6840 = ADVANCED_FACE('',(#6841),#6859,.T.);
#6841 = FACE_BOUND('',#6842,.T.);
#6842 = EDGE_LOOP('',(#6843,#6852,#6853,#6854));
#6843 = ORIENTED_EDGE('',*,*,#6844,.F.);
#6844 = EDGE_CURVE('',#6817,#6845,#6847,.T.);
#6845 = VERTEX_POINT('',#6846);
#6846 = CARTESIAN_POINT('',(-0.136578486893,0.39,0.305844969894));
#6847 = B_SPLINE_CURVE_WITH_KNOTS('',3,(#6848,#6849,#6850,#6851),
  .UNSPECIFIED.,.F.,.F.,(4,4),(4.,5.),.PIECEWISE_BEZIER_KNOTS.);
#6848 = CARTESIAN_POINT('',(-0.141039048355,0.39,0.294386837656));
#6849 = CARTESIAN_POINT('',(-0.141039048355,0.39,0.299460856288));
#6850 = CARTESIAN_POINT('',(-0.139552194534,0.39,0.30328716542));
#6851 = CARTESIAN_POINT('',(-0.136578486893,0.39,0.305844969894));
#6852 = ORIENTED_EDGE('',*,*,#6827,.F.);
#6853 = ORIENTED_EDGE('',*,*,#6548,.T.);
#6854 = ORIENTED_EDGE('',*,*,#6855,.T.);
#6855 = EDGE_CURVE('',#6540,#6845,#6856,.T.);
#6856 = B_SPLINE_CURVE_WITH_KNOTS('',1,(#6857,#6858),.UNSPECIFIED.,.F.,
  .F.,(2,2),(-0.,1.E-02),.PIECEWISE_BEZIER_KNOTS.);
#6857 = CARTESIAN_POINT('',(-0.136578486893,0.4,0.305844969894));
#6858 = CARTESIAN_POINT('',(-0.136578486893,0.39,0.305844969894));
#6859 = B_SPLINE_SURFACE_WITH_KNOTS('',3,1,(
    (#6860,#6861)
    ,(#6862,#6863)
    ,(#6864,#6865)
    ,(#6866,#6867
    )),.UNSPECIFIED.,.F.,.F.,.F.,(4,4),(2,2),(4.,5.),(0.,1.),
  .PIECEWISE_BEZIER_KNOTS.);
#6860 = CARTESIAN_POINT('',(-0.141039048355,0.4,0.294386837656));
#6861 = CARTESIAN_POINT('',(-0.141039048355,0.39,0.294386837656));
#6862 = CARTESIAN_POINT('',(-0.141039048355,0.4,0.299460856288));
#6863 = CARTESIAN_POINT('',(-0.141039048355,0.39,0.299460856288));
#6864 = CARTESIAN_POINT('',(-0.139552194534,0.4,0.30328716542));
#6865 = CARTESIAN_POINT('',(-0.139552194534,0.39,0.30328716542));
#6866 = CARTESIAN_POINT('',(-0.136578486893,0.4,0.305844969894));
#6867 = CARTESIAN_POINT('',(-0.136578486893,0.39,0.305844969894));
#6868 = ADVANCED_FACE('',(#6869),#6881,.T.);
#6869 = FACE_BOUND('',#6870,.T.);
#6870 = EDGE_LOOP('',(#6871,#6878,#6879,#6880));
#6871 = ORIENTED_EDGE('',*,*,#6872,.F.);
#6872 = EDGE_CURVE('',#6845,#6717,#6873,.T.);
#6873 = B_SPLINE_CURVE_WITH_KNOTS('',3,(#6874,#6875,#6876,#6877),
  .UNSPECIFIED.,.F.,.F.,(4,4),(5.,6.),.PIECEWISE_BEZIER_KNOTS.);
#6874 = CARTESIAN_POINT('',(-0.136578486893,0.39,0.305844969894));
#6875 = CARTESIAN_POINT('',(-0.133604779253,0.39,0.308402774368));
#6876 = CARTESIAN_POINT('',(-0.129684891908,0.39,0.309671279026));
#6877 = CARTESIAN_POINT('',(-0.124839620018,0.39,0.309671279026));
#6878 = ORIENTED_EDGE('',*,*,#6855,.F.);
#6879 = ORIENTED_EDGE('',*,*,#6539,.T.);
#6880 = ORIENTED_EDGE('',*,*,#6725,.T.);
#6881 = B_SPLINE_SURFACE_WITH_KNOTS('',3,1,(
    (#6882,#6883)
    ,(#6884,#6885)
    ,(#6886,#6887)
    ,(#6888,#6889
    )),.UNSPECIFIED.,.F.,.F.,.F.,(4,4),(2,2),(5.,6.),(0.,1.),
  .PIECEWISE_BEZIER_KNOTS.);
#6882 = CARTESIAN_POINT('',(-0.136578486893,0.4,0.305844969894));
#6883 = CARTESIAN_POINT('',(-0.136578486893,0.39,0.305844969894));
#6884 = CARTESIAN_POINT('',(-0.133604779253,0.4,0.308402774368));
#6885 = CARTESIAN_POINT('',(-0.133604779253,0.39,0.308402774368));
#6886 = CARTESIAN_POINT('',(-0.129684891908,0.4,0.309671279026));
#6887 = CARTESIAN_POINT('',(-0.129684891908,0.39,0.309671279026));
#6888 = CARTESIAN_POINT('',(-0.124839620018,0.4,0.309671279026));
#6889 = CARTESIAN_POINT('',(-0.124839620018,0.39,0.309671279026));
#6890 = ADVANCED_FACE('',(#6891),#6900,.T.);
#6891 = FACE_BOUND('',#6892,.T.);
#6892 = EDGE_LOOP('',(#6893,#6894,#6895,#6896,#6897,#6898,#6899));
#6893 = ORIENTED_EDGE('',*,*,#6716,.T.);
#6894 = ORIENTED_EDGE('',*,*,#6744,.T.);
#6895 = ORIENTED_EDGE('',*,*,#6766,.T.);
#6896 = ORIENTED_EDGE('',*,*,#6788,.T.);
#6897 = ORIENTED_EDGE('',*,*,#6816,.T.);
#6898 = ORIENTED_EDGE('',*,*,#6844,.T.);
#6899 = ORIENTED_EDGE('',*,*,#6872,.T.);
#6900 = B_SPLINE_SURFACE_WITH_KNOTS('',1,1,(
    (#6901,#6902)
    ,(#6903,#6904
    )),.UNSPECIFIED.,.F.,.F.,.F.,(2,2),(2,2),(-0.21168791973,
    -0.180328820974),(0.608960951645,0.631305349267),
  .PIECEWISE_BEZIER_KNOTS.);
#6901 = CARTESIAN_POINT('',(-0.141039048355,0.39,0.27831218027));
#6902 = CARTESIAN_POINT('',(-0.118694650733,0.39,0.27831218027));
#6903 = CARTESIAN_POINT('',(-0.141039048355,0.39,0.309671279026));
#6904 = CARTESIAN_POINT('',(-0.118694650733,0.39,0.309671279026));
#6905 = ADVANCED_FACE('',(#6906,#6964),#7012,.F.);
#6906 = FACE_BOUND('',#6907,.T.);
#6907 = EDGE_LOOP('',(#6908,#6917,#6924,#6931,#6938,#6945,#6952,#6959));
#6908 = ORIENTED_EDGE('',*,*,#6909,.T.);
#6909 = EDGE_CURVE('',#6910,#6912,#6914,.T.);
#6910 = VERTEX_POINT('',#6911);
#6911 = CARTESIAN_POINT('',(-0.185415916223,0.4,0.273674859963));
#6912 = VERTEX_POINT('',#6913);
#6913 = CARTESIAN_POINT('',(-0.16992352327,0.4,0.314350189649));
#6914 = B_SPLINE_CURVE_WITH_KNOTS('',1,(#6915,#6916),.UNSPECIFIED.,.F.,
  .F.,(2,2),(-4.35258162991E-02,0.),.PIECEWISE_BEZIER_KNOTS.);
#6915 = CARTESIAN_POINT('',(-0.185415916223,0.4,0.273674859963));
#6916 = CARTESIAN_POINT('',(-0.16992352327,0.4,0.314350189649));
#6917 = ORIENTED_EDGE('',*,*,#6918,.T.);
#6918 = EDGE_CURVE('',#6912,#6919,#6921,.T.);
#6919 = VERTEX_POINT('',#6920);
#6920 = CARTESIAN_POINT('',(-0.164308830522,0.4,0.314350189649));
#6921 = B_SPLINE_CURVE_WITH_KNOTS('',1,(#6922,#6923),.UNSPECIFIED.,.F.,
  .F.,(2,2),(-5.61469274809E-03,0.),.PIECEWISE_BEZIER_KNOTS.);
#6922 = CARTESIAN_POINT('',(-0.16992352327,0.4,0.314350189649));
#6923 = CARTESIAN_POINT('',(-0.164308830522,0.4,0.314350189649));
#6924 = ORIENTED_EDGE('',*,*,#6925,.T.);
#6925 = EDGE_CURVE('',#6919,#6926,#6928,.T.);
#6926 = VERTEX_POINT('',#6927);
#6927 = CARTESIAN_POINT('',(-0.148816437569,0.4,0.273674859963));
#6928 = B_SPLINE_CURVE_WITH_KNOTS('',1,(#6929,#6930),.UNSPECIFIED.,.F.,
  .F.,(2,2),(-4.3525816299E-02,0.),.PIECEWISE_BEZIER_KNOTS.);
#6929 = CARTESIAN_POINT('',(-0.164308830522,0.4,0.314350189649));
#6930 = CARTESIAN_POINT('',(-0.148816437569,0.4,0.273674859963));
#6931 = ORIENTED_EDGE('',*,*,#6932,.T.);
#6932 = EDGE_CURVE('',#6926,#6933,#6935,.T.);
#6933 = VERTEX_POINT('',#6934);
#6934 = CARTESIAN_POINT('',(-0.154618286742,0.4,0.273674859963));
#6935 = B_SPLINE_CURVE_WITH_KNOTS('',1,(#6936,#6937),.UNSPECIFIED.,.F.,
  .F.,(2,2),(-5.801849172813E-03,0.),.PIECEWISE_BEZIER_KNOTS.);
#6936 = CARTESIAN_POINT('',(-0.148816437569,0.4,0.273674859963));
#6937 = CARTESIAN_POINT('',(-0.154618286742,0.4,0.273674859963));
#6938 = ORIENTED_EDGE('',*,*,#6939,.T.);
#6939 = EDGE_CURVE('',#6933,#6940,#6942,.T.);
#6940 = VERTEX_POINT('',#6941);
#6941 = CARTESIAN_POINT('',(-0.158527776507,0.4,0.284800269668));
#6942 = B_SPLINE_CURVE_WITH_KNOTS('',1,(#6943,#6944),.UNSPECIFIED.,.F.,
  .F.,(2,2),(-1.179232171042E-02,0.),.PIECEWISE_BEZIER_KNOTS.);
#6943 = CARTESIAN_POINT('',(-0.154618286742,0.4,0.273674859963));
#6944 = CARTESIAN_POINT('',(-0.158527776507,0.4,0.284800269668));
#6945 = ORIENTED_EDGE('',*,*,#6946,.T.);
#6946 = EDGE_CURVE('',#6940,#6947,#6949,.T.);
#6947 = VERTEX_POINT('',#6948);
#6948 = CARTESIAN_POINT('',(-0.175465432964,0.4,0.284800269668));
#6949 = B_SPLINE_CURVE_WITH_KNOTS('',1,(#6950,#6951),.UNSPECIFIED.,.F.,
  .F.,(2,2),(-1.693765645691E-02,0.),.PIECEWISE_BEZIER_KNOTS.);
#6950 = CARTESIAN_POINT('',(-0.158527776507,0.4,0.284800269668));
#6951 = CARTESIAN_POINT('',(-0.175465432964,0.4,0.284800269668));
#6952 = ORIENTED_EDGE('',*,*,#6953,.T.);
#6953 = EDGE_CURVE('',#6947,#6954,#6956,.T.);
#6954 = VERTEX_POINT('',#6955);
#6955 = CARTESIAN_POINT('',(-0.17961406705,0.4,0.273674859963));
#6956 = B_SPLINE_CURVE_WITH_KNOTS('',1,(#6957,#6958),.UNSPECIFIED.,.F.,
  .F.,(2,2),(-1.187374860257E-02,-0.),.PIECEWISE_BEZIER_KNOTS.);
#6957 = CARTESIAN_POINT('',(-0.175465432964,0.4,0.284800269668));
#6958 = CARTESIAN_POINT('',(-0.17961406705,0.4,0.273674859963));
#6959 = ORIENTED_EDGE('',*,*,#6960,.T.);
#6960 = EDGE_CURVE('',#6954,#6910,#6961,.T.);
#6961 = B_SPLINE_CURVE_WITH_KNOTS('',1,(#6962,#6963),.UNSPECIFIED.,.F.,
  .F.,(2,2),(-5.801849173091E-03,0.),.PIECEWISE_BEZIER_KNOTS.);
#6962 = CARTESIAN_POINT('',(-0.17961406705,0.4,0.273674859963));
#6963 = CARTESIAN_POINT('',(-0.185415916223,0.4,0.273674859963));
#6964 = FACE_BOUND('',#6965,.T.);
#6965 = EDGE_LOOP('',(#6966,#6975,#6982,#6991,#6998,#7007));
#6966 = ORIENTED_EDGE('',*,*,#6967,.F.);
#6967 = EDGE_CURVE('',#6968,#6970,#6972,.T.);
#6968 = VERTEX_POINT('',#6969);
#6969 = CARTESIAN_POINT('',(-0.160191389173,0.4,0.289395999658));
#6970 = VERTEX_POINT('',#6971);
#6971 = CARTESIAN_POINT('',(-0.173843410614,0.4,0.289395999658));
#6972 = B_SPLINE_CURVE_WITH_KNOTS('',1,(#6973,#6974),.UNSPECIFIED.,.F.,
  .F.,(2,2),(0.,1.365202144121E-02),.PIECEWISE_BEZIER_KNOTS.);
#6973 = CARTESIAN_POINT('',(-0.160191389173,0.4,0.289395999658));
#6974 = CARTESIAN_POINT('',(-0.173843410614,0.4,0.289395999658));
#6975 = ORIENTED_EDGE('',*,*,#6976,.F.);
#6976 = EDGE_CURVE('',#6977,#6968,#6979,.T.);
#6977 = VERTEX_POINT('',#6978);
#6978 = CARTESIAN_POINT('',(-0.166273972983,0.4,0.306302463377));
#6979 = B_SPLINE_CURVE_WITH_KNOTS('',1,(#6980,#6981),.UNSPECIFIED.,.F.,
  .F.,(2,2),(9.396234743446E-18,1.796736879176E-02),
  .PIECEWISE_BEZIER_KNOTS.);
#6980 = CARTESIAN_POINT('',(-0.166273972983,0.4,0.306302463377));
#6981 = CARTESIAN_POINT('',(-0.160191389173,0.4,0.289395999658));
#6982 = ORIENTED_EDGE('',*,*,#6983,.F.);
#6983 = EDGE_CURVE('',#6984,#6977,#6986,.T.);
#6984 = VERTEX_POINT('',#6985);
#6985 = CARTESIAN_POINT('',(-0.16693941805,0.4,0.309151400068));
#6986 = B_SPLINE_CURVE_WITH_KNOTS('',3,(#6987,#6988,#6989,#6990),
  .UNSPECIFIED.,.F.,.F.,(4,4),(3.,4.),.PIECEWISE_BEZIER_KNOTS.);
#6987 = CARTESIAN_POINT('',(-0.16693941805,0.4,0.309151400068));
#6988 = CARTESIAN_POINT('',(-0.166741864046,0.4,0.307924485727));
#6989 = CARTESIAN_POINT('',(-0.166523514883,0.4,0.306967908444));
#6990 = CARTESIAN_POINT('',(-0.166273972983,0.4,0.306302463377));
#6991 = ORIENTED_EDGE('',*,*,#6992,.F.);
#6992 = EDGE_CURVE('',#6993,#6984,#6995,.T.);
#6993 = VERTEX_POINT('',#6994);
#6994 = CARTESIAN_POINT('',(-0.167064189,0.4,0.309151400068));
#6995 = B_SPLINE_CURVE_WITH_KNOTS('',1,(#6996,#6997),.UNSPECIFIED.,.F.,
  .F.,(2,2),(2.775557561563E-17,1.247709498159E-04),
  .PIECEWISE_BEZIER_KNOTS.);
#6996 = CARTESIAN_POINT('',(-0.167064189,0.4,0.309151400068));
#6997 = CARTESIAN_POINT('',(-0.16693941805,0.4,0.309151400068));
#6998 = ORIENTED_EDGE('',*,*,#6999,.F.);
#6999 = EDGE_CURVE('',#7000,#6993,#7002,.T.);
#7000 = VERTEX_POINT('',#7001);
#7001 = CARTESIAN_POINT('',(-0.167698441329,0.4,0.306302463377));
#7002 = B_SPLINE_CURVE_WITH_KNOTS('',3,(#7003,#7004,#7005,#7006),
  .UNSPECIFIED.,.F.,.F.,(4,4),(1.,2.),.PIECEWISE_BEZIER_KNOTS.);
#7003 = CARTESIAN_POINT('',(-0.167698441329,0.4,0.306302463377));
#7004 = CARTESIAN_POINT('',(-0.167500887325,0.4,0.306863932652));
#7005 = CARTESIAN_POINT('',(-0.167292935741,0.4,0.307799714777));
#7006 = CARTESIAN_POINT('',(-0.167064189,0.4,0.309151400068));
#7007 = ORIENTED_EDGE('',*,*,#7008,.F.);
#7008 = EDGE_CURVE('',#6970,#7000,#7009,.T.);
#7009 = B_SPLINE_CURVE_WITH_KNOTS('',1,(#7010,#7011),.UNSPECIFIED.,.F.,
  .F.,(2,2),(0.,1.798858424129E-02),.PIECEWISE_BEZIER_KNOTS.);
#7010 = CARTESIAN_POINT('',(-0.173843410614,0.4,0.289395999658));
#7011 = CARTESIAN_POINT('',(-0.167698441329,0.4,0.306302463377));
#7012 = B_SPLINE_SURFACE_WITH_KNOTS('',1,1,(
    (#7013,#7014)
    ,(#7015,#7016
    )),.UNSPECIFIED.,.F.,.F.,.F.,(2,2),(2,2),(-6.435008964948E-02,
    -2.367475996321E-02),(-0.185415916223,-0.148816437569),
  .PIECEWISE_BEZIER_KNOTS.);
#7013 = CARTESIAN_POINT('',(-0.185415916223,0.4,0.314350189649));
#7014 = CARTESIAN_POINT('',(-0.148816437569,0.4,0.314350189649));
#7015 = CARTESIAN_POINT('',(-0.185415916223,0.4,0.273674859963));
#7016 = CARTESIAN_POINT('',(-0.148816437569,0.4,0.273674859963));
#7017 = ADVANCED_FACE('',(#7018),#7032,.F.);
#7018 = FACE_BOUND('',#7019,.T.);
#7019 = EDGE_LOOP('',(#7020,#7021,#7026,#7027));
#7020 = ORIENTED_EDGE('',*,*,#939,.T.);
#7021 = ORIENTED_EDGE('',*,*,#7022,.F.);
#7022 = EDGE_CURVE('',#6912,#931,#7023,.T.);
#7023 = B_SPLINE_CURVE_WITH_KNOTS('',1,(#7024,#7025),.UNSPECIFIED.,.F.,
  .F.,(2,2),(-0.,1.E-02),.PIECEWISE_BEZIER_KNOTS.);
#7024 = CARTESIAN_POINT('',(-0.16992352327,0.4,0.314350189649));
#7025 = CARTESIAN_POINT('',(-0.16992352327,0.39,0.314350189649));
#7026 = ORIENTED_EDGE('',*,*,#6909,.F.);
#7027 = ORIENTED_EDGE('',*,*,#7028,.T.);
#7028 = EDGE_CURVE('',#6910,#940,#7029,.T.);
#7029 = B_SPLINE_CURVE_WITH_KNOTS('',1,(#7030,#7031),.UNSPECIFIED.,.F.,
  .F.,(2,2),(-0.,1.E-02),.PIECEWISE_BEZIER_KNOTS.);
#7030 = CARTESIAN_POINT('',(-0.185415916223,0.4,0.273674859963));
#7031 = CARTESIAN_POINT('',(-0.185415916223,0.39,0.273674859963));
#7032 = B_SPLINE_SURFACE_WITH_KNOTS('',1,1,(
    (#7033,#7034)
    ,(#7035,#7036
    )),.UNSPECIFIED.,.F.,.F.,.F.,(2,2),(2,2),(-0.,4.35258162991E-02),(
    -1.E-02,0.),.PIECEWISE_BEZIER_KNOTS.);
#7033 = CARTESIAN_POINT('',(-0.16992352327,0.39,0.314350189649));
#7034 = CARTESIAN_POINT('',(-0.16992352327,0.4,0.314350189649));
#7035 = CARTESIAN_POINT('',(-0.185415916223,0.39,0.273674859963));
#7036 = CARTESIAN_POINT('',(-0.185415916223,0.4,0.273674859963));
#7037 = ADVANCED_FACE('',(#7038),#7048,.F.);
#7038 = FACE_BOUND('',#7039,.T.);
#7039 = EDGE_LOOP('',(#7040,#7041,#7046,#7047));
#7040 = ORIENTED_EDGE('',*,*,#930,.T.);
#7041 = ORIENTED_EDGE('',*,*,#7042,.F.);
#7042 = EDGE_CURVE('',#6919,#933,#7043,.T.);
#7043 = B_SPLINE_CURVE_WITH_KNOTS('',1,(#7044,#7045),.UNSPECIFIED.,.F.,
  .F.,(2,2),(-0.,1.E-02),.PIECEWISE_BEZIER_KNOTS.);
#7044 = CARTESIAN_POINT('',(-0.164308830522,0.4,0.314350189649));
#7045 = CARTESIAN_POINT('',(-0.164308830522,0.39,0.314350189649));
#7046 = ORIENTED_EDGE('',*,*,#6918,.F.);
#7047 = ORIENTED_EDGE('',*,*,#7022,.T.);
#7048 = B_SPLINE_SURFACE_WITH_KNOTS('',1,1,(
    (#7049,#7050)
    ,(#7051,#7052
    )),.UNSPECIFIED.,.F.,.F.,.F.,(2,2),(2,2),(0.,5.61469274809E-03),(
    -1.E-02,0.),.PIECEWISE_BEZIER_KNOTS.);
#7049 = CARTESIAN_POINT('',(-0.164308830522,0.39,0.314350189649));
#7050 = CARTESIAN_POINT('',(-0.164308830522,0.4,0.314350189649));
#7051 = CARTESIAN_POINT('',(-0.16992352327,0.39,0.314350189649));
#7052 = CARTESIAN_POINT('',(-0.16992352327,0.4,0.314350189649));
#7053 = ADVANCED_FACE('',(#7054),#7064,.F.);
#7054 = FACE_BOUND('',#7055,.T.);
#7055 = EDGE_LOOP('',(#7056,#7057,#7062,#7063));
#7056 = ORIENTED_EDGE('',*,*,#981,.T.);
#7057 = ORIENTED_EDGE('',*,*,#7058,.F.);
#7058 = EDGE_CURVE('',#6926,#975,#7059,.T.);
#7059 = B_SPLINE_CURVE_WITH_KNOTS('',1,(#7060,#7061),.UNSPECIFIED.,.F.,
  .F.,(2,2),(-0.,1.E-02),.PIECEWISE_BEZIER_KNOTS.);
#7060 = CARTESIAN_POINT('',(-0.148816437569,0.4,0.273674859963));
#7061 = CARTESIAN_POINT('',(-0.148816437569,0.39,0.273674859963));
#7062 = ORIENTED_EDGE('',*,*,#6925,.F.);
#7063 = ORIENTED_EDGE('',*,*,#7042,.T.);
#7064 = B_SPLINE_SURFACE_WITH_KNOTS('',1,1,(
    (#7065,#7066)
    ,(#7067,#7068
    )),.UNSPECIFIED.,.F.,.F.,.F.,(2,2),(2,2),(0.,4.3525816299E-02),(
    -1.E-02,0.),.PIECEWISE_BEZIER_KNOTS.);
#7065 = CARTESIAN_POINT('',(-0.148816437569,0.39,0.273674859963));
#7066 = CARTESIAN_POINT('',(-0.148816437569,0.4,0.273674859963));
#7067 = CARTESIAN_POINT('',(-0.164308830522,0.39,0.314350189649));
#7068 = CARTESIAN_POINT('',(-0.164308830522,0.4,0.314350189649));
#7069 = ADVANCED_FACE('',(#7070),#7080,.F.);
#7070 = FACE_BOUND('',#7071,.T.);
#7071 = EDGE_LOOP('',(#7072,#7073,#7078,#7079));
#7072 = ORIENTED_EDGE('',*,*,#974,.T.);
#7073 = ORIENTED_EDGE('',*,*,#7074,.F.);
#7074 = EDGE_CURVE('',#6933,#968,#7075,.T.);
#7075 = B_SPLINE_CURVE_WITH_KNOTS('',1,(#7076,#7077),.UNSPECIFIED.,.F.,
  .F.,(2,2),(-0.,1.E-02),.PIECEWISE_BEZIER_KNOTS.);
#7076 = CARTESIAN_POINT('',(-0.154618286742,0.4,0.273674859963));
#7077 = CARTESIAN_POINT('',(-0.154618286742,0.39,0.273674859963));
#7078 = ORIENTED_EDGE('',*,*,#6932,.F.);
#7079 = ORIENTED_EDGE('',*,*,#7058,.T.);
#7080 = B_SPLINE_SURFACE_WITH_KNOTS('',1,1,(
    (#7081,#7082)
    ,(#7083,#7084
    )),.UNSPECIFIED.,.F.,.F.,.F.,(2,2),(2,2),(0.,5.801849172813E-03),(
    -1.E-02,0.),.PIECEWISE_BEZIER_KNOTS.);
#7081 = CARTESIAN_POINT('',(-0.154618286742,0.39,0.273674859963));
#7082 = CARTESIAN_POINT('',(-0.154618286742,0.4,0.273674859963));
#7083 = CARTESIAN_POINT('',(-0.148816437569,0.39,0.273674859963));
#7084 = CARTESIAN_POINT('',(-0.148816437569,0.4,0.273674859963));
#7085 = ADVANCED_FACE('',(#7086),#7096,.F.);
#7086 = FACE_BOUND('',#7087,.T.);
#7087 = EDGE_LOOP('',(#7088,#7089,#7094,#7095));
#7088 = ORIENTED_EDGE('',*,*,#967,.T.);
#7089 = ORIENTED_EDGE('',*,*,#7090,.F.);
#7090 = EDGE_CURVE('',#6940,#961,#7091,.T.);
#7091 = B_SPLINE_CURVE_WITH_KNOTS('',1,(#7092,#7093),.UNSPECIFIED.,.F.,
  .F.,(2,2),(-0.,1.E-02),.PIECEWISE_BEZIER_KNOTS.);
#7092 = CARTESIAN_POINT('',(-0.158527776507,0.4,0.284800269668));
#7093 = CARTESIAN_POINT('',(-0.158527776507,0.39,0.284800269668));
#7094 = ORIENTED_EDGE('',*,*,#6939,.F.);
#7095 = ORIENTED_EDGE('',*,*,#7074,.T.);
#7096 = B_SPLINE_SURFACE_WITH_KNOTS('',1,1,(
    (#7097,#7098)
    ,(#7099,#7100
    )),.UNSPECIFIED.,.F.,.F.,.F.,(2,2),(2,2),(0.,1.179232171042E-02),(
    -1.E-02,0.),.PIECEWISE_BEZIER_KNOTS.);
#7097 = CARTESIAN_POINT('',(-0.158527776507,0.39,0.284800269668));
#7098 = CARTESIAN_POINT('',(-0.158527776507,0.4,0.284800269668));
#7099 = CARTESIAN_POINT('',(-0.154618286742,0.39,0.273674859963));
#7100 = CARTESIAN_POINT('',(-0.154618286742,0.4,0.273674859963));
#7101 = ADVANCED_FACE('',(#7102),#7112,.F.);
#7102 = FACE_BOUND('',#7103,.T.);
#7103 = EDGE_LOOP('',(#7104,#7105,#7110,#7111));
#7104 = ORIENTED_EDGE('',*,*,#960,.T.);
#7105 = ORIENTED_EDGE('',*,*,#7106,.F.);
#7106 = EDGE_CURVE('',#6947,#954,#7107,.T.);
#7107 = B_SPLINE_CURVE_WITH_KNOTS('',1,(#7108,#7109),.UNSPECIFIED.,.F.,
  .F.,(2,2),(-0.,1.E-02),.PIECEWISE_BEZIER_KNOTS.);
#7108 = CARTESIAN_POINT('',(-0.175465432964,0.4,0.284800269668));
#7109 = CARTESIAN_POINT('',(-0.175465432964,0.39,0.284800269668));
#7110 = ORIENTED_EDGE('',*,*,#6946,.F.);
#7111 = ORIENTED_EDGE('',*,*,#7090,.T.);
#7112 = B_SPLINE_SURFACE_WITH_KNOTS('',1,1,(
    (#7113,#7114)
    ,(#7115,#7116
    )),.UNSPECIFIED.,.F.,.F.,.F.,(2,2),(2,2),(0.,1.693765645691E-02),(
    -1.E-02,0.),.PIECEWISE_BEZIER_KNOTS.);
#7113 = CARTESIAN_POINT('',(-0.175465432964,0.39,0.284800269668));
#7114 = CARTESIAN_POINT('',(-0.175465432964,0.4,0.284800269668));
#7115 = CARTESIAN_POINT('',(-0.158527776507,0.39,0.284800269668));
#7116 = CARTESIAN_POINT('',(-0.158527776507,0.4,0.284800269668));
#7117 = ADVANCED_FACE('',(#7118),#7128,.F.);
#7118 = FACE_BOUND('',#7119,.T.);
#7119 = EDGE_LOOP('',(#7120,#7121,#7126,#7127));
#7120 = ORIENTED_EDGE('',*,*,#953,.T.);
#7121 = ORIENTED_EDGE('',*,*,#7122,.F.);
#7122 = EDGE_CURVE('',#6954,#947,#7123,.T.);
#7123 = B_SPLINE_CURVE_WITH_KNOTS('',1,(#7124,#7125),.UNSPECIFIED.,.F.,
  .F.,(2,2),(-0.,1.E-02),.PIECEWISE_BEZIER_KNOTS.);
#7124 = CARTESIAN_POINT('',(-0.17961406705,0.4,0.273674859963));
#7125 = CARTESIAN_POINT('',(-0.17961406705,0.39,0.273674859963));
#7126 = ORIENTED_EDGE('',*,*,#6953,.F.);
#7127 = ORIENTED_EDGE('',*,*,#7106,.T.);
#7128 = B_SPLINE_SURFACE_WITH_KNOTS('',1,1,(
    (#7129,#7130)
    ,(#7131,#7132
    )),.UNSPECIFIED.,.F.,.F.,.F.,(2,2),(2,2),(0.,1.187374860257E-02),(
    -1.E-02,0.),.PIECEWISE_BEZIER_KNOTS.);
#7129 = CARTESIAN_POINT('',(-0.17961406705,0.39,0.273674859963));
#7130 = CARTESIAN_POINT('',(-0.17961406705,0.4,0.273674859963));
#7131 = CARTESIAN_POINT('',(-0.175465432964,0.39,0.284800269668));
#7132 = CARTESIAN_POINT('',(-0.175465432964,0.4,0.284800269668));
#7133 = ADVANCED_FACE('',(#7134),#7140,.F.);
#7134 = FACE_BOUND('',#7135,.T.);
#7135 = EDGE_LOOP('',(#7136,#7137,#7138,#7139));
#7136 = ORIENTED_EDGE('',*,*,#946,.T.);
#7137 = ORIENTED_EDGE('',*,*,#7028,.F.);
#7138 = ORIENTED_EDGE('',*,*,#6960,.F.);
#7139 = ORIENTED_EDGE('',*,*,#7122,.T.);
#7140 = B_SPLINE_SURFACE_WITH_KNOTS('',1,1,(
    (#7141,#7142)
    ,(#7143,#7144
    )),.UNSPECIFIED.,.F.,.F.,.F.,(2,2),(2,2),(0.,5.801849173091E-03),(
    -1.E-02,0.),.PIECEWISE_BEZIER_KNOTS.);
#7141 = CARTESIAN_POINT('',(-0.185415916223,0.39,0.273674859963));
#7142 = CARTESIAN_POINT('',(-0.185415916223,0.4,0.273674859963));
#7143 = CARTESIAN_POINT('',(-0.17961406705,0.39,0.273674859963));
#7144 = CARTESIAN_POINT('',(-0.17961406705,0.4,0.273674859963));
#7145 = ADVANCED_FACE('',(#7146),#7168,.T.);
#7146 = FACE_BOUND('',#7147,.T.);
#7147 = EDGE_LOOP('',(#7148,#7157,#7162,#7163));
#7148 = ORIENTED_EDGE('',*,*,#7149,.F.);
#7149 = EDGE_CURVE('',#7150,#7152,#7154,.T.);
#7150 = VERTEX_POINT('',#7151);
#7151 = CARTESIAN_POINT('',(-0.160191389173,0.39,0.289395999658));
#7152 = VERTEX_POINT('',#7153);
#7153 = CARTESIAN_POINT('',(-0.173843410614,0.39,0.289395999658));
#7154 = B_SPLINE_CURVE_WITH_KNOTS('',1,(#7155,#7156),.UNSPECIFIED.,.F.,
  .F.,(2,2),(-1.110223024625E-16,1.365202144121E-02),
  .PIECEWISE_BEZIER_KNOTS.);
#7155 = CARTESIAN_POINT('',(-0.160191389173,0.39,0.289395999658));
#7156 = CARTESIAN_POINT('',(-0.173843410614,0.39,0.289395999658));
#7157 = ORIENTED_EDGE('',*,*,#7158,.F.);
#7158 = EDGE_CURVE('',#6968,#7150,#7159,.T.);
#7159 = B_SPLINE_CURVE_WITH_KNOTS('',1,(#7160,#7161),.UNSPECIFIED.,.F.,
  .F.,(2,2),(-0.,1.E-02),.PIECEWISE_BEZIER_KNOTS.);
#7160 = CARTESIAN_POINT('',(-0.160191389173,0.4,0.289395999658));
#7161 = CARTESIAN_POINT('',(-0.160191389173,0.39,0.289395999658));
#7162 = ORIENTED_EDGE('',*,*,#6967,.T.);
#7163 = ORIENTED_EDGE('',*,*,#7164,.T.);
#7164 = EDGE_CURVE('',#6970,#7152,#7165,.T.);
#7165 = B_SPLINE_CURVE_WITH_KNOTS('',1,(#7166,#7167),.UNSPECIFIED.,.F.,
  .F.,(2,2),(-0.,1.E-02),.PIECEWISE_BEZIER_KNOTS.);
#7166 = CARTESIAN_POINT('',(-0.173843410614,0.4,0.289395999658));
#7167 = CARTESIAN_POINT('',(-0.173843410614,0.39,0.289395999658));
#7168 = B_SPLINE_SURFACE_WITH_KNOTS('',1,1,(
    (#7169,#7170)
    ,(#7171,#7172
    )),.UNSPECIFIED.,.F.,.F.,.F.,(2,2),(2,2),(-1.365202144121E-02,
    1.110223024625E-16),(-1.E-02,0.),.PIECEWISE_BEZIER_KNOTS.);
#7169 = CARTESIAN_POINT('',(-0.173843410614,0.39,0.289395999658));
#7170 = CARTESIAN_POINT('',(-0.173843410614,0.4,0.289395999658));
#7171 = CARTESIAN_POINT('',(-0.160191389173,0.39,0.289395999658));
#7172 = CARTESIAN_POINT('',(-0.160191389173,0.4,0.289395999658));
#7173 = ADVANCED_FACE('',(#7174),#7190,.T.);
#7174 = FACE_BOUND('',#7175,.T.);
#7175 = EDGE_LOOP('',(#7176,#7183,#7184,#7185));
#7176 = ORIENTED_EDGE('',*,*,#7177,.F.);
#7177 = EDGE_CURVE('',#7152,#7178,#7180,.T.);
#7178 = VERTEX_POINT('',#7179);
#7179 = CARTESIAN_POINT('',(-0.167698441329,0.39,0.306302463377));
#7180 = B_SPLINE_CURVE_WITH_KNOTS('',1,(#7181,#7182),.UNSPECIFIED.,.F.,
  .F.,(2,2),(2.844423285921E-17,1.798858424129E-02),
  .PIECEWISE_BEZIER_KNOTS.);
#7181 = CARTESIAN_POINT('',(-0.173843410614,0.39,0.289395999658));
#7182 = CARTESIAN_POINT('',(-0.167698441329,0.39,0.306302463377));
#7183 = ORIENTED_EDGE('',*,*,#7164,.F.);
#7184 = ORIENTED_EDGE('',*,*,#7008,.T.);
#7185 = ORIENTED_EDGE('',*,*,#7186,.T.);
#7186 = EDGE_CURVE('',#7000,#7178,#7187,.T.);
#7187 = B_SPLINE_CURVE_WITH_KNOTS('',1,(#7188,#7189),.UNSPECIFIED.,.F.,
  .F.,(2,2),(-0.,1.E-02),.PIECEWISE_BEZIER_KNOTS.);
#7188 = CARTESIAN_POINT('',(-0.167698441329,0.4,0.306302463377));
#7189 = CARTESIAN_POINT('',(-0.167698441329,0.39,0.306302463377));
#7190 = B_SPLINE_SURFACE_WITH_KNOTS('',1,1,(
    (#7191,#7192)
    ,(#7193,#7194
    )),.UNSPECIFIED.,.F.,.F.,.F.,(2,2),(2,2),(-1.798858424129E-02,0.),(
    -1.E-02,0.),.PIECEWISE_BEZIER_KNOTS.);
#7191 = CARTESIAN_POINT('',(-0.167698441329,0.39,0.306302463377));
#7192 = CARTESIAN_POINT('',(-0.167698441329,0.4,0.306302463377));
#7193 = CARTESIAN_POINT('',(-0.173843410614,0.39,0.289395999658));
#7194 = CARTESIAN_POINT('',(-0.173843410614,0.4,0.289395999658));
#7195 = ADVANCED_FACE('',(#7196),#7214,.T.);
#7196 = FACE_BOUND('',#7197,.T.);
#7197 = EDGE_LOOP('',(#7198,#7207,#7208,#7209));
#7198 = ORIENTED_EDGE('',*,*,#7199,.F.);
#7199 = EDGE_CURVE('',#7178,#7200,#7202,.T.);
#7200 = VERTEX_POINT('',#7201);
#7201 = CARTESIAN_POINT('',(-0.167064189,0.39,0.309151400068));
#7202 = B_SPLINE_CURVE_WITH_KNOTS('',3,(#7203,#7204,#7205,#7206),
  .UNSPECIFIED.,.F.,.F.,(4,4),(1.,2.),.PIECEWISE_BEZIER_KNOTS.);
#7203 = CARTESIAN_POINT('',(-0.167698441329,0.39,0.306302463377));
#7204 = CARTESIAN_POINT('',(-0.167500887325,0.39,0.306863932652));
#7205 = CARTESIAN_POINT('',(-0.167292935741,0.39,0.307799714777));
#7206 = CARTESIAN_POINT('',(-0.167064189,0.39,0.309151400068));
#7207 = ORIENTED_EDGE('',*,*,#7186,.F.);
#7208 = ORIENTED_EDGE('',*,*,#6999,.T.);
#7209 = ORIENTED_EDGE('',*,*,#7210,.T.);
#7210 = EDGE_CURVE('',#6993,#7200,#7211,.T.);
#7211 = B_SPLINE_CURVE_WITH_KNOTS('',1,(#7212,#7213),.UNSPECIFIED.,.F.,
  .F.,(2,2),(-0.,1.E-02),.PIECEWISE_BEZIER_KNOTS.);
#7212 = CARTESIAN_POINT('',(-0.167064189,0.4,0.309151400068));
#7213 = CARTESIAN_POINT('',(-0.167064189,0.39,0.309151400068));
#7214 = B_SPLINE_SURFACE_WITH_KNOTS('',3,1,(
    (#7215,#7216)
    ,(#7217,#7218)
    ,(#7219,#7220)
    ,(#7221,#7222
    )),.UNSPECIFIED.,.F.,.F.,.F.,(4,4),(2,2),(1.,2.),(0.,1.),
  .PIECEWISE_BEZIER_KNOTS.);
#7215 = CARTESIAN_POINT('',(-0.167698441329,0.4,0.306302463377));
#7216 = CARTESIAN_POINT('',(-0.167698441329,0.39,0.306302463377));
#7217 = CARTESIAN_POINT('',(-0.167500887325,0.4,0.306863932652));
#7218 = CARTESIAN_POINT('',(-0.167500887325,0.39,0.306863932652));
#7219 = CARTESIAN_POINT('',(-0.167292935741,0.4,0.307799714777));
#7220 = CARTESIAN_POINT('',(-0.167292935741,0.39,0.307799714777));
#7221 = CARTESIAN_POINT('',(-0.167064189,0.4,0.309151400068));
#7222 = CARTESIAN_POINT('',(-0.167064189,0.39,0.309151400068));
#7223 = ADVANCED_FACE('',(#7224),#7240,.T.);
#7224 = FACE_BOUND('',#7225,.T.);
#7225 = EDGE_LOOP('',(#7226,#7233,#7234,#7235));
#7226 = ORIENTED_EDGE('',*,*,#7227,.F.);
#7227 = EDGE_CURVE('',#7200,#7228,#7230,.T.);
#7228 = VERTEX_POINT('',#7229);
#7229 = CARTESIAN_POINT('',(-0.16693941805,0.39,0.309151400068));
#7230 = B_SPLINE_CURVE_WITH_KNOTS('',1,(#7231,#7232),.UNSPECIFIED.,.F.,
  .F.,(2,2),(2.775557561563E-17,1.247709498159E-04),
  .PIECEWISE_BEZIER_KNOTS.);
#7231 = CARTESIAN_POINT('',(-0.167064189,0.39,0.309151400068));
#7232 = CARTESIAN_POINT('',(-0.16693941805,0.39,0.309151400068));
#7233 = ORIENTED_EDGE('',*,*,#7210,.F.);
#7234 = ORIENTED_EDGE('',*,*,#6992,.T.);
#7235 = ORIENTED_EDGE('',*,*,#7236,.T.);
#7236 = EDGE_CURVE('',#6984,#7228,#7237,.T.);
#7237 = B_SPLINE_CURVE_WITH_KNOTS('',1,(#7238,#7239),.UNSPECIFIED.,.F.,
  .F.,(2,2),(-0.,1.E-02),.PIECEWISE_BEZIER_KNOTS.);
#7238 = CARTESIAN_POINT('',(-0.16693941805,0.4,0.309151400068));
#7239 = CARTESIAN_POINT('',(-0.16693941805,0.39,0.309151400068));
#7240 = B_SPLINE_SURFACE_WITH_KNOTS('',1,1,(
    (#7241,#7242)
    ,(#7243,#7244
    )),.UNSPECIFIED.,.F.,.F.,.F.,(2,2),(2,2),(-1.247709498159E-04,
    -2.775557561563E-17),(-1.E-02,0.),.PIECEWISE_BEZIER_KNOTS.);
#7241 = CARTESIAN_POINT('',(-0.16693941805,0.39,0.309151400068));
#7242 = CARTESIAN_POINT('',(-0.16693941805,0.4,0.309151400068));
#7243 = CARTESIAN_POINT('',(-0.167064189,0.39,0.309151400068));
#7244 = CARTESIAN_POINT('',(-0.167064189,0.4,0.309151400068));
#7245 = ADVANCED_FACE('',(#7246),#7264,.T.);
#7246 = FACE_BOUND('',#7247,.T.);
#7247 = EDGE_LOOP('',(#7248,#7257,#7258,#7259));
#7248 = ORIENTED_EDGE('',*,*,#7249,.F.);
#7249 = EDGE_CURVE('',#7228,#7250,#7252,.T.);
#7250 = VERTEX_POINT('',#7251);
#7251 = CARTESIAN_POINT('',(-0.166273972983,0.39,0.306302463377));
#7252 = B_SPLINE_CURVE_WITH_KNOTS('',3,(#7253,#7254,#7255,#7256),
  .UNSPECIFIED.,.F.,.F.,(4,4),(3.,4.),.PIECEWISE_BEZIER_KNOTS.);
#7253 = CARTESIAN_POINT('',(-0.16693941805,0.39,0.309151400068));
#7254 = CARTESIAN_POINT('',(-0.166741864046,0.39,0.307924485727));
#7255 = CARTESIAN_POINT('',(-0.166523514883,0.39,0.306967908444));
#7256 = CARTESIAN_POINT('',(-0.166273972983,0.39,0.306302463377));
#7257 = ORIENTED_EDGE('',*,*,#7236,.F.);
#7258 = ORIENTED_EDGE('',*,*,#6983,.T.);
#7259 = ORIENTED_EDGE('',*,*,#7260,.T.);
#7260 = EDGE_CURVE('',#6977,#7250,#7261,.T.);
#7261 = B_SPLINE_CURVE_WITH_KNOTS('',1,(#7262,#7263),.UNSPECIFIED.,.F.,
  .F.,(2,2),(1.110223024625E-16,1.E-02),.PIECEWISE_BEZIER_KNOTS.);
#7262 = CARTESIAN_POINT('',(-0.166273972983,0.4,0.306302463377));
#7263 = CARTESIAN_POINT('',(-0.166273972983,0.39,0.306302463377));
#7264 = B_SPLINE_SURFACE_WITH_KNOTS('',3,1,(
    (#7265,#7266)
    ,(#7267,#7268)
    ,(#7269,#7270)
    ,(#7271,#7272
    )),.UNSPECIFIED.,.F.,.F.,.F.,(4,4),(2,2),(3.,4.),(0.,1.),
  .PIECEWISE_BEZIER_KNOTS.);
#7265 = CARTESIAN_POINT('',(-0.16693941805,0.4,0.309151400068));
#7266 = CARTESIAN_POINT('',(-0.16693941805,0.39,0.309151400068));
#7267 = CARTESIAN_POINT('',(-0.166741864046,0.4,0.307924485727));
#7268 = CARTESIAN_POINT('',(-0.166741864046,0.39,0.307924485727));
#7269 = CARTESIAN_POINT('',(-0.166523514883,0.4,0.306967908444));
#7270 = CARTESIAN_POINT('',(-0.166523514883,0.39,0.306967908444));
#7271 = CARTESIAN_POINT('',(-0.166273972983,0.4,0.306302463377));
#7272 = CARTESIAN_POINT('',(-0.166273972983,0.39,0.306302463377));
#7273 = ADVANCED_FACE('',(#7274),#7284,.T.);
#7274 = FACE_BOUND('',#7275,.T.);
#7275 = EDGE_LOOP('',(#7276,#7281,#7282,#7283));
#7276 = ORIENTED_EDGE('',*,*,#7277,.F.);
#7277 = EDGE_CURVE('',#7250,#7150,#7278,.T.);
#7278 = B_SPLINE_CURVE_WITH_KNOTS('',1,(#7279,#7280),.UNSPECIFIED.,.F.,
  .F.,(2,2),(0.,1.796736879176E-02),.PIECEWISE_BEZIER_KNOTS.);
#7279 = CARTESIAN_POINT('',(-0.166273972983,0.39,0.306302463377));
#7280 = CARTESIAN_POINT('',(-0.160191389173,0.39,0.289395999658));
#7281 = ORIENTED_EDGE('',*,*,#7260,.F.);
#7282 = ORIENTED_EDGE('',*,*,#6976,.T.);
#7283 = ORIENTED_EDGE('',*,*,#7158,.T.);
#7284 = B_SPLINE_SURFACE_WITH_KNOTS('',1,1,(
    (#7285,#7286)
    ,(#7287,#7288
    )),.UNSPECIFIED.,.F.,.F.,.F.,(2,2),(2,2),(-1.796736879176E-02,0.),(
    -1.E-02,0.),.PIECEWISE_BEZIER_KNOTS.);
#7285 = CARTESIAN_POINT('',(-0.160191389173,0.39,0.289395999658));
#7286 = CARTESIAN_POINT('',(-0.160191389173,0.4,0.289395999658));
#7287 = CARTESIAN_POINT('',(-0.166273972983,0.39,0.306302463377));
#7288 = CARTESIAN_POINT('',(-0.166273972983,0.4,0.306302463377));
#7289 = ADVANCED_FACE('',(#7290),#7298,.T.);
#7290 = FACE_BOUND('',#7291,.T.);
#7291 = EDGE_LOOP('',(#7292,#7293,#7294,#7295,#7296,#7297));
#7292 = ORIENTED_EDGE('',*,*,#7149,.T.);
#7293 = ORIENTED_EDGE('',*,*,#7177,.T.);
#7294 = ORIENTED_EDGE('',*,*,#7199,.T.);
#7295 = ORIENTED_EDGE('',*,*,#7227,.T.);
#7296 = ORIENTED_EDGE('',*,*,#7249,.T.);
#7297 = ORIENTED_EDGE('',*,*,#7277,.T.);
#7298 = B_SPLINE_SURFACE_WITH_KNOTS('',1,1,(
    (#7299,#7300)
    ,(#7301,#7302
    )),.UNSPECIFIED.,.F.,.F.,.F.,(2,2),(2,2),(-0.200604100342,
    -0.180848699932),(0.576156589386,0.589808610827),
  .PIECEWISE_BEZIER_KNOTS.);
#7299 = CARTESIAN_POINT('',(-0.173843410614,0.39,0.289395999658));
#7300 = CARTESIAN_POINT('',(-0.160191389173,0.39,0.289395999658));
#7301 = CARTESIAN_POINT('',(-0.173843410614,0.39,0.309151400068));
#7302 = CARTESIAN_POINT('',(-0.160191389173,0.39,0.309151400068));
#7303 = ADVANCED_FACE('',(#7304),#7326,.F.);
#7304 = FACE_BOUND('',#7305,.T.);
#7305 = EDGE_LOOP('',(#7306,#7307,#7314,#7321));
#7306 = ORIENTED_EDGE('',*,*,#997,.T.);
#7307 = ORIENTED_EDGE('',*,*,#7308,.F.);
#7308 = EDGE_CURVE('',#7309,#989,#7311,.T.);
#7309 = VERTEX_POINT('',#7310);
#7310 = CARTESIAN_POINT('',(-4.405042992036E-02,0.4,0.213784803983));
#7311 = B_SPLINE_CURVE_WITH_KNOTS('',1,(#7312,#7313),.UNSPECIFIED.,.F.,
  .F.,(2,2),(-0.,1.E-02),.PIECEWISE_BEZIER_KNOTS.);
#7312 = CARTESIAN_POINT('',(-4.405042992036E-02,0.4,0.213784803983));
#7313 = CARTESIAN_POINT('',(-4.405042992036E-02,0.39,0.213784803983));
#7314 = ORIENTED_EDGE('',*,*,#7315,.F.);
#7315 = EDGE_CURVE('',#7316,#7309,#7318,.T.);
#7316 = VERTEX_POINT('',#7317);
#7317 = CARTESIAN_POINT('',(-4.405042992036E-02,0.4,0.209147483677));
#7318 = B_SPLINE_CURVE_WITH_KNOTS('',1,(#7319,#7320),.UNSPECIFIED.,.F.,
  .F.,(2,2),(-4.637320306758E-03,0.),.PIECEWISE_BEZIER_KNOTS.);
#7319 = CARTESIAN_POINT('',(-4.405042992036E-02,0.4,0.209147483677));
#7320 = CARTESIAN_POINT('',(-4.405042992036E-02,0.4,0.213784803983));
#7321 = ORIENTED_EDGE('',*,*,#7322,.T.);
#7322 = EDGE_CURVE('',#7316,#998,#7323,.T.);
#7323 = B_SPLINE_CURVE_WITH_KNOTS('',1,(#7324,#7325),.UNSPECIFIED.,.F.,
  .F.,(2,2),(-0.,1.E-02),.PIECEWISE_BEZIER_KNOTS.);
#7324 = CARTESIAN_POINT('',(-4.405042992036E-02,0.4,0.209147483677));
#7325 = CARTESIAN_POINT('',(-4.405042992036E-02,0.39,0.209147483677));
#7326 = B_SPLINE_SURFACE_WITH_KNOTS('',1,1,(
    (#7327,#7328)
    ,(#7329,#7330
    )),.UNSPECIFIED.,.F.,.F.,.F.,(2,2),(2,2),(-0.,4.637320306758E-03),(
    -1.E-02,0.),.PIECEWISE_BEZIER_KNOTS.);
#7327 = CARTESIAN_POINT('',(-4.405042992036E-02,0.39,0.213784803983));
#7328 = CARTESIAN_POINT('',(-4.405042992036E-02,0.4,0.213784803983));
#7329 = CARTESIAN_POINT('',(-4.405042992036E-02,0.39,0.209147483677));
#7330 = CARTESIAN_POINT('',(-4.405042992036E-02,0.4,0.209147483677));
#7331 = ADVANCED_FACE('',(#7332),#7348,.F.);
#7332 = FACE_BOUND('',#7333,.T.);
#7333 = EDGE_LOOP('',(#7334,#7335,#7342,#7347));
#7334 = ORIENTED_EDGE('',*,*,#988,.T.);
#7335 = ORIENTED_EDGE('',*,*,#7336,.F.);
#7336 = EDGE_CURVE('',#7337,#991,#7339,.T.);
#7337 = VERTEX_POINT('',#7338);
#7338 = CARTESIAN_POINT('',(-2.742470083841E-02,0.4,0.213784803983));
#7339 = B_SPLINE_CURVE_WITH_KNOTS('',1,(#7340,#7341),.UNSPECIFIED.,.F.,
  .F.,(2,2),(-0.,1.E-02),.PIECEWISE_BEZIER_KNOTS.);
#7340 = CARTESIAN_POINT('',(-2.742470083841E-02,0.4,0.213784803983));
#7341 = CARTESIAN_POINT('',(-2.742470083841E-02,0.39,0.213784803983));
#7342 = ORIENTED_EDGE('',*,*,#7343,.F.);
#7343 = EDGE_CURVE('',#7309,#7337,#7344,.T.);
#7344 = B_SPLINE_CURVE_WITH_KNOTS('',1,(#7345,#7346),.UNSPECIFIED.,.F.,
  .F.,(2,2),(-1.662572908195E-02,0.),.PIECEWISE_BEZIER_KNOTS.);
#7345 = CARTESIAN_POINT('',(-4.405042992036E-02,0.4,0.213784803983));
#7346 = CARTESIAN_POINT('',(-2.742470083841E-02,0.4,0.213784803983));
#7347 = ORIENTED_EDGE('',*,*,#7308,.T.);
#7348 = B_SPLINE_SURFACE_WITH_KNOTS('',1,1,(
    (#7349,#7350)
    ,(#7351,#7352
    )),.UNSPECIFIED.,.F.,.F.,.F.,(2,2),(2,2),(0.,1.662572908195E-02),(
    -1.E-02,0.),.PIECEWISE_BEZIER_KNOTS.);
#7349 = CARTESIAN_POINT('',(-2.742470083841E-02,0.39,0.213784803983));
#7350 = CARTESIAN_POINT('',(-2.742470083841E-02,0.4,0.213784803983));
#7351 = CARTESIAN_POINT('',(-4.405042992036E-02,0.39,0.213784803983));
#7352 = CARTESIAN_POINT('',(-4.405042992036E-02,0.4,0.213784803983));
#7353 = ADVANCED_FACE('',(#7354),#7370,.F.);
#7354 = FACE_BOUND('',#7355,.T.);
#7355 = EDGE_LOOP('',(#7356,#7357,#7364,#7369));
#7356 = ORIENTED_EDGE('',*,*,#1067,.T.);
#7357 = ORIENTED_EDGE('',*,*,#7358,.F.);
#7358 = EDGE_CURVE('',#7359,#1061,#7361,.T.);
#7359 = VERTEX_POINT('',#7360);
#7360 = CARTESIAN_POINT('',(-2.742470083841E-02,0.4,0.227468018162));
#7361 = B_SPLINE_CURVE_WITH_KNOTS('',1,(#7362,#7363),.UNSPECIFIED.,.F.,
  .F.,(2,2),(-0.,1.E-02),.PIECEWISE_BEZIER_KNOTS.);
#7362 = CARTESIAN_POINT('',(-2.742470083841E-02,0.4,0.227468018162));
#7363 = CARTESIAN_POINT('',(-2.742470083841E-02,0.39,0.227468018162));
#7364 = ORIENTED_EDGE('',*,*,#7365,.F.);
#7365 = EDGE_CURVE('',#7337,#7359,#7366,.T.);
#7366 = B_SPLINE_CURVE_WITH_KNOTS('',1,(#7367,#7368),.UNSPECIFIED.,.F.,
  .F.,(2,2),(-1.368321417866E-02,0.),.PIECEWISE_BEZIER_KNOTS.);
#7367 = CARTESIAN_POINT('',(-2.742470083841E-02,0.4,0.213784803983));
#7368 = CARTESIAN_POINT('',(-2.742470083841E-02,0.4,0.227468018162));
#7369 = ORIENTED_EDGE('',*,*,#7336,.T.);
#7370 = B_SPLINE_SURFACE_WITH_KNOTS('',1,1,(
    (#7371,#7372)
    ,(#7373,#7374
    )),.UNSPECIFIED.,.F.,.F.,.F.,(2,2),(2,2),(-0.,1.368321417866E-02),(
    -1.E-02,0.),.PIECEWISE_BEZIER_KNOTS.);
#7371 = CARTESIAN_POINT('',(-2.742470083841E-02,0.39,0.227468018162));
#7372 = CARTESIAN_POINT('',(-2.742470083841E-02,0.4,0.227468018162));
#7373 = CARTESIAN_POINT('',(-2.742470083841E-02,0.39,0.213784803983));
#7374 = CARTESIAN_POINT('',(-2.742470083841E-02,0.4,0.213784803983));
#7375 = ADVANCED_FACE('',(#7376),#7392,.F.);
#7376 = FACE_BOUND('',#7377,.T.);
#7377 = EDGE_LOOP('',(#7378,#7379,#7386,#7391));
#7378 = ORIENTED_EDGE('',*,*,#1060,.T.);
#7379 = ORIENTED_EDGE('',*,*,#7380,.F.);
#7380 = EDGE_CURVE('',#7381,#1054,#7383,.T.);
#7381 = VERTEX_POINT('',#7382);
#7382 = CARTESIAN_POINT('',(-4.197091408774E-02,0.4,0.227468018162));
#7383 = B_SPLINE_CURVE_WITH_KNOTS('',1,(#7384,#7385),.UNSPECIFIED.,.F.,
  .F.,(2,2),(-0.,1.E-02),.PIECEWISE_BEZIER_KNOTS.);
#7384 = CARTESIAN_POINT('',(-4.197091408774E-02,0.4,0.227468018162));
#7385 = CARTESIAN_POINT('',(-4.197091408774E-02,0.39,0.227468018162));
#7386 = ORIENTED_EDGE('',*,*,#7387,.F.);
#7387 = EDGE_CURVE('',#7359,#7381,#7388,.T.);
#7388 = B_SPLINE_CURVE_WITH_KNOTS('',1,(#7389,#7390),.UNSPECIFIED.,.F.,
  .F.,(2,2),(-1.454621324933E-02,0.),.PIECEWISE_BEZIER_KNOTS.);
#7389 = CARTESIAN_POINT('',(-2.742470083841E-02,0.4,0.227468018162));
#7390 = CARTESIAN_POINT('',(-4.197091408774E-02,0.4,0.227468018162));
#7391 = ORIENTED_EDGE('',*,*,#7358,.T.);
#7392 = B_SPLINE_SURFACE_WITH_KNOTS('',1,1,(
    (#7393,#7394)
    ,(#7395,#7396
    )),.UNSPECIFIED.,.F.,.F.,.F.,(2,2),(2,2),(0.,1.454621324933E-02),(
    -1.E-02,0.),.PIECEWISE_BEZIER_KNOTS.);
#7393 = CARTESIAN_POINT('',(-4.197091408774E-02,0.39,0.227468018162));
#7394 = CARTESIAN_POINT('',(-4.197091408774E-02,0.4,0.227468018162));
#7395 = CARTESIAN_POINT('',(-2.742470083841E-02,0.39,0.227468018162));
#7396 = CARTESIAN_POINT('',(-2.742470083841E-02,0.4,0.227468018162));
#7397 = ADVANCED_FACE('',(#7398),#7414,.F.);
#7398 = FACE_BOUND('',#7399,.T.);
#7399 = EDGE_LOOP('',(#7400,#7401,#7408,#7413));
#7400 = ORIENTED_EDGE('',*,*,#1053,.T.);
#7401 = ORIENTED_EDGE('',*,*,#7402,.F.);
#7402 = EDGE_CURVE('',#7403,#1047,#7405,.T.);
#7403 = VERTEX_POINT('',#7404);
#7404 = CARTESIAN_POINT('',(-4.197091408774E-02,0.4,0.232126133627));
#7405 = B_SPLINE_CURVE_WITH_KNOTS('',1,(#7406,#7407),.UNSPECIFIED.,.F.,
  .F.,(2,2),(-0.,1.E-02),.PIECEWISE_BEZIER_KNOTS.);
#7406 = CARTESIAN_POINT('',(-4.197091408774E-02,0.4,0.232126133627));
#7407 = CARTESIAN_POINT('',(-4.197091408774E-02,0.39,0.232126133627));
#7408 = ORIENTED_EDGE('',*,*,#7409,.F.);
#7409 = EDGE_CURVE('',#7381,#7403,#7410,.T.);
#7410 = B_SPLINE_CURVE_WITH_KNOTS('',1,(#7411,#7412),.UNSPECIFIED.,.F.,
  .F.,(2,2),(-4.658115465059E-03,0.),.PIECEWISE_BEZIER_KNOTS.);
#7411 = CARTESIAN_POINT('',(-4.197091408774E-02,0.4,0.227468018162));
#7412 = CARTESIAN_POINT('',(-4.197091408774E-02,0.4,0.232126133627));
#7413 = ORIENTED_EDGE('',*,*,#7380,.T.);
#7414 = B_SPLINE_SURFACE_WITH_KNOTS('',1,1,(
    (#7415,#7416)
    ,(#7417,#7418
    )),.UNSPECIFIED.,.F.,.F.,.F.,(2,2),(2,2),(-0.,4.658115465059E-03),(
    -1.E-02,0.),.PIECEWISE_BEZIER_KNOTS.);
#7415 = CARTESIAN_POINT('',(-4.197091408774E-02,0.39,0.232126133627));
#7416 = CARTESIAN_POINT('',(-4.197091408774E-02,0.4,0.232126133627));
#7417 = CARTESIAN_POINT('',(-4.197091408774E-02,0.39,0.227468018162));
#7418 = CARTESIAN_POINT('',(-4.197091408774E-02,0.4,0.227468018162));
#7419 = ADVANCED_FACE('',(#7420),#7436,.F.);
#7420 = FACE_BOUND('',#7421,.T.);
#7421 = EDGE_LOOP('',(#7422,#7423,#7430,#7435));
#7422 = ORIENTED_EDGE('',*,*,#1046,.T.);
#7423 = ORIENTED_EDGE('',*,*,#7424,.F.);
#7424 = EDGE_CURVE('',#7425,#1040,#7427,.T.);
#7425 = VERTEX_POINT('',#7426);
#7426 = CARTESIAN_POINT('',(-2.742470083841E-02,0.4,0.232126133627));
#7427 = B_SPLINE_CURVE_WITH_KNOTS('',1,(#7428,#7429),.UNSPECIFIED.,.F.,
  .F.,(2,2),(-0.,1.E-02),.PIECEWISE_BEZIER_KNOTS.);
#7428 = CARTESIAN_POINT('',(-2.742470083841E-02,0.4,0.232126133627));
#7429 = CARTESIAN_POINT('',(-2.742470083841E-02,0.39,0.232126133627));
#7430 = ORIENTED_EDGE('',*,*,#7431,.F.);
#7431 = EDGE_CURVE('',#7403,#7425,#7432,.T.);
#7432 = B_SPLINE_CURVE_WITH_KNOTS('',1,(#7433,#7434),.UNSPECIFIED.,.F.,
  .F.,(2,2),(-1.454621324933E-02,0.),.PIECEWISE_BEZIER_KNOTS.);
#7433 = CARTESIAN_POINT('',(-4.197091408774E-02,0.4,0.232126133627));
#7434 = CARTESIAN_POINT('',(-2.742470083841E-02,0.4,0.232126133627));
#7435 = ORIENTED_EDGE('',*,*,#7402,.T.);
#7436 = B_SPLINE_SURFACE_WITH_KNOTS('',1,1,(
    (#7437,#7438)
    ,(#7439,#7440
    )),.UNSPECIFIED.,.F.,.F.,.F.,(2,2),(2,2),(0.,1.454621324933E-02),(
    -1.E-02,0.),.PIECEWISE_BEZIER_KNOTS.);
#7437 = CARTESIAN_POINT('',(-2.742470083841E-02,0.39,0.232126133627));
#7438 = CARTESIAN_POINT('',(-2.742470083841E-02,0.4,0.232126133627));
#7439 = CARTESIAN_POINT('',(-4.197091408774E-02,0.39,0.232126133627));
#7440 = CARTESIAN_POINT('',(-4.197091408774E-02,0.4,0.232126133627));
#7441 = ADVANCED_FACE('',(#7442),#7458,.F.);
#7442 = FACE_BOUND('',#7443,.T.);
#7443 = EDGE_LOOP('',(#7444,#7445,#7452,#7457));
#7444 = ORIENTED_EDGE('',*,*,#1039,.T.);
#7445 = ORIENTED_EDGE('',*,*,#7446,.F.);
#7446 = EDGE_CURVE('',#7447,#1033,#7449,.T.);
#7447 = VERTEX_POINT('',#7448);
#7448 = CARTESIAN_POINT('',(-2.742470083841E-02,0.4,0.24514390274));
#7449 = B_SPLINE_CURVE_WITH_KNOTS('',1,(#7450,#7451),.UNSPECIFIED.,.F.,
  .F.,(2,2),(-0.,1.E-02),.PIECEWISE_BEZIER_KNOTS.);
#7450 = CARTESIAN_POINT('',(-2.742470083841E-02,0.4,0.24514390274));
#7451 = CARTESIAN_POINT('',(-2.742470083841E-02,0.39,0.24514390274));
#7452 = ORIENTED_EDGE('',*,*,#7453,.F.);
#7453 = EDGE_CURVE('',#7425,#7447,#7454,.T.);
#7454 = B_SPLINE_CURVE_WITH_KNOTS('',1,(#7455,#7456),.UNSPECIFIED.,.F.,
  .F.,(2,2),(-1.301776911243E-02,0.),.PIECEWISE_BEZIER_KNOTS.);
#7455 = CARTESIAN_POINT('',(-2.742470083841E-02,0.4,0.232126133627));
#7456 = CARTESIAN_POINT('',(-2.742470083841E-02,0.4,0.24514390274));
#7457 = ORIENTED_EDGE('',*,*,#7424,.T.);
#7458 = B_SPLINE_SURFACE_WITH_KNOTS('',1,1,(
    (#7459,#7460)
    ,(#7461,#7462
    )),.UNSPECIFIED.,.F.,.F.,.F.,(2,2),(2,2),(-0.,1.301776911243E-02),(
    -1.E-02,0.),.PIECEWISE_BEZIER_KNOTS.);
#7459 = CARTESIAN_POINT('',(-2.742470083841E-02,0.39,0.24514390274));
#7460 = CARTESIAN_POINT('',(-2.742470083841E-02,0.4,0.24514390274));
#7461 = CARTESIAN_POINT('',(-2.742470083841E-02,0.39,0.232126133627));
#7462 = CARTESIAN_POINT('',(-2.742470083841E-02,0.4,0.232126133627));
#7463 = ADVANCED_FACE('',(#7464),#7480,.F.);
#7464 = FACE_BOUND('',#7465,.T.);
#7465 = EDGE_LOOP('',(#7466,#7467,#7474,#7479));
#7466 = ORIENTED_EDGE('',*,*,#1032,.T.);
#7467 = ORIENTED_EDGE('',*,*,#7468,.F.);
#7468 = EDGE_CURVE('',#7469,#1026,#7471,.T.);
#7469 = VERTEX_POINT('',#7470);
#7470 = CARTESIAN_POINT('',(-4.312504537478E-02,0.4,0.24514390274));
#7471 = B_SPLINE_CURVE_WITH_KNOTS('',1,(#7472,#7473),.UNSPECIFIED.,.F.,
  .F.,(2,2),(-0.,1.E-02),.PIECEWISE_BEZIER_KNOTS.);
#7472 = CARTESIAN_POINT('',(-4.312504537478E-02,0.4,0.24514390274));
#7473 = CARTESIAN_POINT('',(-4.312504537478E-02,0.39,0.24514390274));
#7474 = ORIENTED_EDGE('',*,*,#7475,.F.);
#7475 = EDGE_CURVE('',#7447,#7469,#7476,.T.);
#7476 = B_SPLINE_CURVE_WITH_KNOTS('',1,(#7477,#7478),.UNSPECIFIED.,.F.,
  .F.,(2,2),(-1.570034453638E-02,0.),.PIECEWISE_BEZIER_KNOTS.);
#7477 = CARTESIAN_POINT('',(-2.742470083841E-02,0.4,0.24514390274));
#7478 = CARTESIAN_POINT('',(-4.312504537478E-02,0.4,0.24514390274));
#7479 = ORIENTED_EDGE('',*,*,#7446,.T.);
#7480 = B_SPLINE_SURFACE_WITH_KNOTS('',1,1,(
    (#7481,#7482)
    ,(#7483,#7484
    )),.UNSPECIFIED.,.F.,.F.,.F.,(2,2),(2,2),(0.,1.570034453638E-02),(
    -1.E-02,0.),.PIECEWISE_BEZIER_KNOTS.);
#7481 = CARTESIAN_POINT('',(-4.312504537478E-02,0.39,0.24514390274));
#7482 = CARTESIAN_POINT('',(-4.312504537478E-02,0.4,0.24514390274));
#7483 = CARTESIAN_POINT('',(-2.742470083841E-02,0.39,0.24514390274));
#7484 = CARTESIAN_POINT('',(-2.742470083841E-02,0.4,0.24514390274));
#7485 = ADVANCED_FACE('',(#7486),#7502,.F.);
#7486 = FACE_BOUND('',#7487,.T.);
#7487 = EDGE_LOOP('',(#7488,#7489,#7496,#7501));
#7488 = ORIENTED_EDGE('',*,*,#1025,.T.);
#7489 = ORIENTED_EDGE('',*,*,#7490,.F.);
#7490 = EDGE_CURVE('',#7491,#1019,#7493,.T.);
#7491 = VERTEX_POINT('',#7492);
#7492 = CARTESIAN_POINT('',(-4.312504537478E-02,0.4,0.249822813363));
#7493 = B_SPLINE_CURVE_WITH_KNOTS('',1,(#7494,#7495),.UNSPECIFIED.,.F.,
  .F.,(2,2),(-0.,1.E-02),.PIECEWISE_BEZIER_KNOTS.);
#7494 = CARTESIAN_POINT('',(-4.312504537478E-02,0.4,0.249822813363));
#7495 = CARTESIAN_POINT('',(-4.312504537478E-02,0.39,0.249822813363));
#7496 = ORIENTED_EDGE('',*,*,#7497,.F.);
#7497 = EDGE_CURVE('',#7469,#7491,#7498,.T.);
#7498 = B_SPLINE_CURVE_WITH_KNOTS('',1,(#7499,#7500),.UNSPECIFIED.,.F.,
  .F.,(2,2),(-4.678910623362E-03,0.),.PIECEWISE_BEZIER_KNOTS.);
#7499 = CARTESIAN_POINT('',(-4.312504537478E-02,0.4,0.24514390274));
#7500 = CARTESIAN_POINT('',(-4.312504537478E-02,0.4,0.249822813363));
#7501 = ORIENTED_EDGE('',*,*,#7468,.T.);
#7502 = B_SPLINE_SURFACE_WITH_KNOTS('',1,1,(
    (#7503,#7504)
    ,(#7505,#7506
    )),.UNSPECIFIED.,.F.,.F.,.F.,(2,2),(2,2),(-0.,4.678910623362E-03),(
    -1.E-02,0.),.PIECEWISE_BEZIER_KNOTS.);
#7503 = CARTESIAN_POINT('',(-4.312504537478E-02,0.39,0.249822813363));
#7504 = CARTESIAN_POINT('',(-4.312504537478E-02,0.4,0.249822813363));
#7505 = CARTESIAN_POINT('',(-4.312504537478E-02,0.39,0.24514390274));
#7506 = CARTESIAN_POINT('',(-4.312504537478E-02,0.4,0.24514390274));
#7507 = ADVANCED_FACE('',(#7508),#7524,.F.);
#7508 = FACE_BOUND('',#7509,.T.);
#7509 = EDGE_LOOP('',(#7510,#7511,#7518,#7523));
#7510 = ORIENTED_EDGE('',*,*,#1018,.T.);
#7511 = ORIENTED_EDGE('',*,*,#7512,.F.);
#7512 = EDGE_CURVE('',#7513,#1012,#7515,.T.);
#7513 = VERTEX_POINT('',#7514);
#7514 = CARTESIAN_POINT('',(-2.217392336103E-02,0.4,0.249822813363));
#7515 = B_SPLINE_CURVE_WITH_KNOTS('',1,(#7516,#7517),.UNSPECIFIED.,.F.,
  .F.,(2,2),(-0.,1.E-02),.PIECEWISE_BEZIER_KNOTS.);
#7516 = CARTESIAN_POINT('',(-2.217392336103E-02,0.4,0.249822813363));
#7517 = CARTESIAN_POINT('',(-2.217392336103E-02,0.39,0.249822813363));
#7518 = ORIENTED_EDGE('',*,*,#7519,.F.);
#7519 = EDGE_CURVE('',#7491,#7513,#7520,.T.);
#7520 = B_SPLINE_CURVE_WITH_KNOTS('',1,(#7521,#7522),.UNSPECIFIED.,.F.,
  .F.,(2,2),(-2.095112201376E-02,0.),.PIECEWISE_BEZIER_KNOTS.);
#7521 = CARTESIAN_POINT('',(-4.312504537478E-02,0.4,0.249822813363));
#7522 = CARTESIAN_POINT('',(-2.217392336103E-02,0.4,0.249822813363));
#7523 = ORIENTED_EDGE('',*,*,#7490,.T.);
#7524 = B_SPLINE_SURFACE_WITH_KNOTS('',1,1,(
    (#7525,#7526)
    ,(#7527,#7528
    )),.UNSPECIFIED.,.F.,.F.,.F.,(2,2),(2,2),(0.,2.095112201376E-02),(
    -1.E-02,0.),.PIECEWISE_BEZIER_KNOTS.);
#7525 = CARTESIAN_POINT('',(-2.217392336103E-02,0.39,0.249822813363));
#7526 = CARTESIAN_POINT('',(-2.217392336103E-02,0.4,0.249822813363));
#7527 = CARTESIAN_POINT('',(-4.312504537478E-02,0.39,0.249822813363));
#7528 = CARTESIAN_POINT('',(-4.312504537478E-02,0.4,0.249822813363));
#7529 = ADVANCED_FACE('',(#7530),#7546,.F.);
#7530 = FACE_BOUND('',#7531,.T.);
#7531 = EDGE_LOOP('',(#7532,#7533,#7540,#7545));
#7532 = ORIENTED_EDGE('',*,*,#1011,.T.);
#7533 = ORIENTED_EDGE('',*,*,#7534,.F.);
#7534 = EDGE_CURVE('',#7535,#1005,#7537,.T.);
#7535 = VERTEX_POINT('',#7536);
#7536 = CARTESIAN_POINT('',(-2.217392336103E-02,0.4,0.209147483677));
#7537 = B_SPLINE_CURVE_WITH_KNOTS('',1,(#7538,#7539),.UNSPECIFIED.,.F.,
  .F.,(2,2),(-0.,1.E-02),.PIECEWISE_BEZIER_KNOTS.);
#7538 = CARTESIAN_POINT('',(-2.217392336103E-02,0.4,0.209147483677));
#7539 = CARTESIAN_POINT('',(-2.217392336103E-02,0.39,0.209147483677));
#7540 = ORIENTED_EDGE('',*,*,#7541,.F.);
#7541 = EDGE_CURVE('',#7513,#7535,#7542,.T.);
#7542 = B_SPLINE_CURVE_WITH_KNOTS('',1,(#7543,#7544),.UNSPECIFIED.,.F.,
  .F.,(2,2),(-4.067532968627E-02,-0.),.PIECEWISE_BEZIER_KNOTS.);
#7543 = CARTESIAN_POINT('',(-2.217392336103E-02,0.4,0.249822813363));
#7544 = CARTESIAN_POINT('',(-2.217392336103E-02,0.4,0.209147483677));
#7545 = ORIENTED_EDGE('',*,*,#7512,.T.);
#7546 = B_SPLINE_SURFACE_WITH_KNOTS('',1,1,(
    (#7547,#7548)
    ,(#7549,#7550
    )),.UNSPECIFIED.,.F.,.F.,.F.,(2,2),(2,2),(0.,4.067532968627E-02),(
    -1.E-02,0.),.PIECEWISE_BEZIER_KNOTS.);
#7547 = CARTESIAN_POINT('',(-2.217392336103E-02,0.39,0.209147483677));
#7548 = CARTESIAN_POINT('',(-2.217392336103E-02,0.4,0.209147483677));
#7549 = CARTESIAN_POINT('',(-2.217392336103E-02,0.39,0.249822813363));
#7550 = CARTESIAN_POINT('',(-2.217392336103E-02,0.4,0.249822813363));
#7551 = ADVANCED_FACE('',(#7552),#7562,.F.);
#7552 = FACE_BOUND('',#7553,.T.);
#7553 = EDGE_LOOP('',(#7554,#7555,#7556,#7561));
#7554 = ORIENTED_EDGE('',*,*,#1004,.T.);
#7555 = ORIENTED_EDGE('',*,*,#7322,.F.);
#7556 = ORIENTED_EDGE('',*,*,#7557,.F.);
#7557 = EDGE_CURVE('',#7535,#7316,#7558,.T.);
#7558 = B_SPLINE_CURVE_WITH_KNOTS('',1,(#7559,#7560),.UNSPECIFIED.,.F.,
  .F.,(2,2),(-2.187650655933E-02,0.),.PIECEWISE_BEZIER_KNOTS.);
#7559 = CARTESIAN_POINT('',(-2.217392336103E-02,0.4,0.209147483677));
#7560 = CARTESIAN_POINT('',(-4.405042992036E-02,0.4,0.209147483677));
#7561 = ORIENTED_EDGE('',*,*,#7534,.T.);
#7562 = B_SPLINE_SURFACE_WITH_KNOTS('',1,1,(
    (#7563,#7564)
    ,(#7565,#7566
    )),.UNSPECIFIED.,.F.,.F.,.F.,(2,2),(2,2),(0.,2.187650655933E-02),(
    -1.E-02,0.),.PIECEWISE_BEZIER_KNOTS.);
#7563 = CARTESIAN_POINT('',(-4.405042992036E-02,0.39,0.209147483677));
#7564 = CARTESIAN_POINT('',(-4.405042992036E-02,0.4,0.209147483677));
#7565 = CARTESIAN_POINT('',(-2.217392336103E-02,0.39,0.209147483677));
#7566 = CARTESIAN_POINT('',(-2.217392336103E-02,0.4,0.209147483677));
#7567 = ADVANCED_FACE('',(#7568),#7582,.F.);
#7568 = FACE_BOUND('',#7569,.T.);
#7569 = EDGE_LOOP('',(#7570,#7571,#7572,#7573,#7574,#7575,#7576,#7577,
    #7578,#7579,#7580,#7581));
#7570 = ORIENTED_EDGE('',*,*,#7315,.T.);
#7571 = ORIENTED_EDGE('',*,*,#7343,.T.);
#7572 = ORIENTED_EDGE('',*,*,#7365,.T.);
#7573 = ORIENTED_EDGE('',*,*,#7387,.T.);
#7574 = ORIENTED_EDGE('',*,*,#7409,.T.);
#7575 = ORIENTED_EDGE('',*,*,#7431,.T.);
#7576 = ORIENTED_EDGE('',*,*,#7453,.T.);
#7577 = ORIENTED_EDGE('',*,*,#7475,.T.);
#7578 = ORIENTED_EDGE('',*,*,#7497,.T.);
#7579 = ORIENTED_EDGE('',*,*,#7519,.T.);
#7580 = ORIENTED_EDGE('',*,*,#7541,.T.);
#7581 = ORIENTED_EDGE('',*,*,#7557,.T.);
#7582 = B_SPLINE_SURFACE_WITH_KNOTS('',1,1,(
    (#7583,#7584)
    ,(#7585,#7586
    )),.UNSPECIFIED.,.F.,.F.,.F.,(2,2),(2,2),(1.772866370897E-04,
    4.085261632336E-02),(-4.405042992036E-02,-2.217392336103E-02),
  .PIECEWISE_BEZIER_KNOTS.);
#7583 = CARTESIAN_POINT('',(-4.405042992036E-02,0.4,0.249822813363));
#7584 = CARTESIAN_POINT('',(-2.217392336103E-02,0.4,0.249822813363));
#7585 = CARTESIAN_POINT('',(-4.405042992036E-02,0.4,0.209147483677));
#7586 = CARTESIAN_POINT('',(-2.217392336103E-02,0.4,0.209147483677));
#7587 = ADVANCED_FACE('',(#7588,#7704),#7774,.T.);
#7588 = FACE_BOUND('',#7589,.T.);
#7589 = EDGE_LOOP('',(#7590,#7601,#7608,#7617,#7626,#7633,#7642,#7651,
    #7660,#7669,#7676,#7683,#7690,#7697));
#7590 = ORIENTED_EDGE('',*,*,#7591,.T.);
#7591 = EDGE_CURVE('',#7592,#7594,#7596,.T.);
#7592 = VERTEX_POINT('',#7593);
#7593 = CARTESIAN_POINT('',(-6.176790481445E-02,0.4,0.238863764925));
#7594 = VERTEX_POINT('',#7595);
#7595 = CARTESIAN_POINT('',(-5.176543365937E-02,0.4,0.236160394343));
#7596 = B_SPLINE_CURVE_WITH_KNOTS('',3,(#7597,#7598,#7599,#7600),
  .UNSPECIFIED.,.F.,.F.,(4,4),(0.,1.),.PIECEWISE_BEZIER_KNOTS.);
#7597 = CARTESIAN_POINT('',(-6.176790481445E-02,0.4,0.238863764925));
#7598 = CARTESIAN_POINT('',(-5.798318599907E-02,0.4,0.238863764925));
#7599 = CARTESIAN_POINT('',(-5.464556308761E-02,0.4,0.237969573117));
#7600 = CARTESIAN_POINT('',(-5.176543365937E-02,0.4,0.236160394343));
#7601 = ORIENTED_EDGE('',*,*,#7602,.T.);
#7602 = EDGE_CURVE('',#7594,#7603,#7605,.T.);
#7603 = VERTEX_POINT('',#7604);
#7604 = CARTESIAN_POINT('',(-5.176543365937E-02,0.4,0.231211146661));
#7605 = B_SPLINE_CURVE_WITH_KNOTS('',1,(#7606,#7607),.UNSPECIFIED.,.F.,
  .F.,(2,2),(-4.949247681852E-03,-0.),.PIECEWISE_BEZIER_KNOTS.);
#7606 = CARTESIAN_POINT('',(-5.176543365937E-02,0.4,0.236160394343));
#7607 = CARTESIAN_POINT('',(-5.176543365937E-02,0.4,0.231211146661));
#7608 = ORIENTED_EDGE('',*,*,#7609,.T.);
#7609 = EDGE_CURVE('',#7603,#7610,#7612,.T.);
#7610 = VERTEX_POINT('',#7611);
#7611 = CARTESIAN_POINT('',(-6.128961617293E-02,0.4,0.234725528418));
#7612 = B_SPLINE_CURVE_WITH_KNOTS('',3,(#7613,#7614,#7615,#7616),
  .UNSPECIFIED.,.F.,.F.,(4,4),(12.,13.),.PIECEWISE_BEZIER_KNOTS.);
#7613 = CARTESIAN_POINT('',(-5.176543365937E-02,0.4,0.231211146661));
#7614 = CARTESIAN_POINT('',(-5.463516550846E-02,0.4,0.233540204393));
#7615 = CARTESIAN_POINT('',(-5.780642715322E-02,0.4,0.234725528418));
#7616 = CARTESIAN_POINT('',(-6.128961617293E-02,0.4,0.234725528418));
#7617 = ORIENTED_EDGE('',*,*,#7618,.T.);
#7618 = EDGE_CURVE('',#7610,#7619,#7621,.T.);
#7619 = VERTEX_POINT('',#7620);
#7620 = CARTESIAN_POINT('',(-6.717464597924E-02,0.4,0.22761358427));
#7621 = B_SPLINE_CURVE_WITH_KNOTS('',3,(#7622,#7623,#7624,#7625),
  .UNSPECIFIED.,.F.,.F.,(4,4),(11.,12.),.PIECEWISE_BEZIER_KNOTS.);
#7622 = CARTESIAN_POINT('',(-6.128961617293E-02,0.4,0.234725528418));
#7623 = CARTESIAN_POINT('',(-6.520950351742E-02,0.4,0.234725528418));
#7624 = CARTESIAN_POINT('',(-6.717464597924E-02,0.4,0.232354880369));
#7625 = CARTESIAN_POINT('',(-6.717464597924E-02,0.4,0.22761358427));
#7626 = ORIENTED_EDGE('',*,*,#7627,.T.);
#7627 = EDGE_CURVE('',#7619,#7628,#7630,.T.);
#7628 = VERTEX_POINT('',#7629);
#7629 = CARTESIAN_POINT('',(-5.85654504321E-02,0.4,0.226407465088));
#7630 = B_SPLINE_CURVE_WITH_KNOTS('',1,(#7631,#7632),.UNSPECIFIED.,.F.,
  .F.,(2,2),(-8.693271619608E-03,0.),.PIECEWISE_BEZIER_KNOTS.);
#7631 = CARTESIAN_POINT('',(-6.717464597924E-02,0.4,0.22761358427));
#7632 = CARTESIAN_POINT('',(-5.85654504321E-02,0.4,0.226407465088));
#7633 = ORIENTED_EDGE('',*,*,#7634,.T.);
#7634 = EDGE_CURVE('',#7628,#7635,#7637,.T.);
#7635 = VERTEX_POINT('',#7636);
#7636 = CARTESIAN_POINT('',(-4.892689454787E-02,0.4,0.216924872891));
#7637 = B_SPLINE_CURVE_WITH_KNOTS('',3,(#7638,#7639,#7640,#7641),
  .UNSPECIFIED.,.F.,.F.,(4,4),(9.,10.),.PIECEWISE_BEZIER_KNOTS.);
#7638 = CARTESIAN_POINT('',(-5.85654504321E-02,0.4,0.226407465088));
#7639 = CARTESIAN_POINT('',(-5.213974650937E-02,0.4,0.225513273279));
#7640 = CARTESIAN_POINT('',(-4.892689454787E-02,0.4,0.222352409214));
#7641 = CARTESIAN_POINT('',(-4.892689454787E-02,0.4,0.216924872891));
#7642 = ORIENTED_EDGE('',*,*,#7643,.T.);
#7643 = EDGE_CURVE('',#7635,#7644,#7646,.T.);
#7644 = VERTEX_POINT('',#7645);
#7645 = CARTESIAN_POINT('',(-5.14223135471E-02,0.4,0.210748710868));
#7646 = B_SPLINE_CURVE_WITH_KNOTS('',3,(#7647,#7648,#7649,#7650),
  .UNSPECIFIED.,.F.,.F.,(4,4),(8.,9.),.PIECEWISE_BEZIER_KNOTS.);
#7647 = CARTESIAN_POINT('',(-4.892689454787E-02,0.4,0.216924872891));
#7648 = CARTESIAN_POINT('',(-4.892689454787E-02,0.4,0.2143254781));
#7649 = CARTESIAN_POINT('',(-4.975870088095E-02,0.4,0.212266757425));
#7650 = CARTESIAN_POINT('',(-5.14223135471E-02,0.4,0.210748710868));
#7651 = ORIENTED_EDGE('',*,*,#7652,.T.);
#7652 = EDGE_CURVE('',#7644,#7653,#7655,.T.);
#7653 = VERTEX_POINT('',#7654);
#7654 = CARTESIAN_POINT('',(-5.813914968648E-02,0.4,0.208461243452));
#7655 = B_SPLINE_CURVE_WITH_KNOTS('',3,(#7656,#7657,#7658,#7659),
  .UNSPECIFIED.,.F.,.F.,(4,4),(7.,8.),.PIECEWISE_BEZIER_KNOTS.);
#7656 = CARTESIAN_POINT('',(-5.14223135471E-02,0.4,0.210748710868));
#7657 = CARTESIAN_POINT('',(-5.308592621311E-02,0.4,0.20923066431));
#7658 = CARTESIAN_POINT('',(-5.532140573328E-02,0.4,0.208461243452));
#7659 = CARTESIAN_POINT('',(-5.813914968648E-02,0.4,0.208461243452));
#7660 = ORIENTED_EDGE('',*,*,#7661,.T.);
#7661 = EDGE_CURVE('',#7653,#7662,#7664,.T.);
#7662 = VERTEX_POINT('',#7663);
#7663 = CARTESIAN_POINT('',(-6.703947745013E-02,0.4,0.213639237875));
#7664 = B_SPLINE_CURVE_WITH_KNOTS('',3,(#7665,#7666,#7667,#7668),
  .UNSPECIFIED.,.F.,.F.,(4,4),(6.,7.),.PIECEWISE_BEZIER_KNOTS.);
#7665 = CARTESIAN_POINT('',(-5.813914968648E-02,0.4,0.208461243452));
#7666 = CARTESIAN_POINT('',(-6.205903703096E-02,0.4,0.208461243452));
#7667 = CARTESIAN_POINT('',(-6.503274467171E-02,0.4,0.210187241593));
#7668 = CARTESIAN_POINT('',(-6.703947745013E-02,0.4,0.213639237875));
#7669 = ORIENTED_EDGE('',*,*,#7670,.T.);
#7670 = EDGE_CURVE('',#7662,#7671,#7673,.T.);
#7671 = VERTEX_POINT('',#7672);
#7672 = CARTESIAN_POINT('',(-6.717464597924E-02,0.4,0.213639237875));
#7673 = B_SPLINE_CURVE_WITH_KNOTS('',1,(#7674,#7675),.UNSPECIFIED.,.F.,
  .F.,(2,2),(-1.351685291055E-04,-0.),.PIECEWISE_BEZIER_KNOTS.);
#7674 = CARTESIAN_POINT('',(-6.703947745013E-02,0.4,0.213639237875));
#7675 = CARTESIAN_POINT('',(-6.717464597924E-02,0.4,0.213639237875));
#7676 = ORIENTED_EDGE('',*,*,#7677,.T.);
#7677 = EDGE_CURVE('',#7671,#7678,#7680,.T.);
#7678 = VERTEX_POINT('',#7679);
#7679 = CARTESIAN_POINT('',(-6.717464597924E-02,0.4,0.209147483677));
#7680 = B_SPLINE_CURVE_WITH_KNOTS('',1,(#7681,#7682),.UNSPECIFIED.,.F.,
  .F.,(2,2),(-4.491754198361E-03,-0.),.PIECEWISE_BEZIER_KNOTS.);
#7681 = CARTESIAN_POINT('',(-6.717464597924E-02,0.4,0.213639237875));
#7682 = CARTESIAN_POINT('',(-6.717464597924E-02,0.4,0.209147483677));
#7683 = ORIENTED_EDGE('',*,*,#7684,.T.);
#7684 = EDGE_CURVE('',#7678,#7685,#7687,.T.);
#7685 = VERTEX_POINT('',#7686);
#7686 = CARTESIAN_POINT('',(-7.226945976921E-02,0.4,0.209147483677));
#7687 = B_SPLINE_CURVE_WITH_KNOTS('',1,(#7688,#7689),.UNSPECIFIED.,.F.,
  .F.,(2,2),(-5.09481378997E-03,0.),.PIECEWISE_BEZIER_KNOTS.);
#7688 = CARTESIAN_POINT('',(-6.717464597924E-02,0.4,0.209147483677));
#7689 = CARTESIAN_POINT('',(-7.226945976921E-02,0.4,0.209147483677));
#7690 = ORIENTED_EDGE('',*,*,#7691,.T.);
#7691 = EDGE_CURVE('',#7685,#7692,#7694,.T.);
#7692 = VERTEX_POINT('',#7693);
#7693 = CARTESIAN_POINT('',(-7.226945976921E-02,0.4,0.227842331012));
#7694 = B_SPLINE_CURVE_WITH_KNOTS('',1,(#7695,#7696),.UNSPECIFIED.,.F.,
  .F.,(2,2),(-1.869484733515E-02,0.),.PIECEWISE_BEZIER_KNOTS.);
#7695 = CARTESIAN_POINT('',(-7.226945976921E-02,0.4,0.209147483677));
#7696 = CARTESIAN_POINT('',(-7.226945976921E-02,0.4,0.227842331012));
#7697 = ORIENTED_EDGE('',*,*,#7698,.T.);
#7698 = EDGE_CURVE('',#7692,#7592,#7699,.T.);
#7699 = B_SPLINE_CURVE_WITH_KNOTS('',3,(#7700,#7701,#7702,#7703),
  .UNSPECIFIED.,.F.,.F.,(4,4),(1.,2.),.PIECEWISE_BEZIER_KNOTS.);
#7700 = CARTESIAN_POINT('',(-7.226945976921E-02,0.4,0.227842331012));
#7701 = CARTESIAN_POINT('',(-7.22694597692E-02,0.4,0.23520381706));
#7702 = CARTESIAN_POINT('',(-6.876547559119E-02,0.4,0.238863764925));
#7703 = CARTESIAN_POINT('',(-6.176790481445E-02,0.4,0.238863764925));
#7704 = FACE_BOUND('',#7705,.T.);
#7705 = EDGE_LOOP('',(#7706,#7717,#7726,#7733,#7740,#7749,#7758,#7767));
#7706 = ORIENTED_EDGE('',*,*,#7707,.F.);
#7707 = EDGE_CURVE('',#7708,#7710,#7712,.T.);
#7708 = VERTEX_POINT('',#7709);
#7709 = CARTESIAN_POINT('',(-5.544617668324E-02,0.4,0.221021519081));
#7710 = VERTEX_POINT('',#7711);
#7711 = CARTESIAN_POINT('',(-5.409449139204E-02,0.4,0.217340776057));
#7712 = B_SPLINE_CURVE_WITH_KNOTS('',3,(#7713,#7714,#7715,#7716),
  .UNSPECIFIED.,.F.,.F.,(4,4),(1.,2.),.PIECEWISE_BEZIER_KNOTS.);
#7713 = CARTESIAN_POINT('',(-5.544617668324E-02,0.4,0.221021519081));
#7714 = CARTESIAN_POINT('',(-5.455198487511E-02,0.4,0.220148122431));
#7715 = CARTESIAN_POINT('',(-5.409449139204E-02,0.4,0.21892120809));
#7716 = CARTESIAN_POINT('',(-5.409449139204E-02,0.4,0.217340776057));
#7717 = ORIENTED_EDGE('',*,*,#7718,.F.);
#7718 = EDGE_CURVE('',#7719,#7708,#7721,.T.);
#7719 = VERTEX_POINT('',#7720);
#7720 = CARTESIAN_POINT('',(-6.037462920651E-02,0.4,0.222809902697));
#7721 = B_SPLINE_CURVE_WITH_KNOTS('',3,(#7722,#7723,#7724,#7725),
  .UNSPECIFIED.,.F.,.F.,(4,4),(0.,1.),.PIECEWISE_BEZIER_KNOTS.);
#7722 = CARTESIAN_POINT('',(-6.037462920651E-02,0.4,0.222809902697));
#7723 = CARTESIAN_POINT('',(-5.799358357822E-02,0.4,0.222477180164));
#7724 = CARTESIAN_POINT('',(-5.635076607037E-02,0.4,0.221894915731));
#7725 = CARTESIAN_POINT('',(-5.544617668324E-02,0.4,0.221021519081));
#7726 = ORIENTED_EDGE('',*,*,#7727,.F.);
#7727 = EDGE_CURVE('',#7728,#7719,#7730,.T.);
#7728 = VERTEX_POINT('',#7729);
#7729 = CARTESIAN_POINT('',(-6.717464597924E-02,0.4,0.223724889663));
#7730 = B_SPLINE_CURVE_WITH_KNOTS('',1,(#7731,#7732),.UNSPECIFIED.,.F.,
  .F.,(2,2),(0.,6.861299385546E-03),.PIECEWISE_BEZIER_KNOTS.);
#7731 = CARTESIAN_POINT('',(-6.717464597924E-02,0.4,0.223724889663));
#7732 = CARTESIAN_POINT('',(-6.037462920651E-02,0.4,0.222809902697));
#7733 = ORIENTED_EDGE('',*,*,#7734,.F.);
#7734 = EDGE_CURVE('',#7735,#7728,#7737,.T.);
#7735 = VERTEX_POINT('',#7736);
#7736 = CARTESIAN_POINT('',(-6.717464597924E-02,0.4,0.220938338448));
#7737 = B_SPLINE_CURVE_WITH_KNOTS('',1,(#7738,#7739),.UNSPECIFIED.,.F.,
  .F.,(2,2),(0.,2.78655121588E-03),.PIECEWISE_BEZIER_KNOTS.);
#7738 = CARTESIAN_POINT('',(-6.717464597924E-02,0.4,0.220938338448));
#7739 = CARTESIAN_POINT('',(-6.717464597924E-02,0.4,0.223724889663));
#7740 = ORIENTED_EDGE('',*,*,#7741,.F.);
#7741 = EDGE_CURVE('',#7742,#7735,#7744,.T.);
#7742 = VERTEX_POINT('',#7743);
#7743 = CARTESIAN_POINT('',(-6.499115435496E-02,0.4,0.215011718325));
#7744 = B_SPLINE_CURVE_WITH_KNOTS('',3,(#7745,#7746,#7747,#7748),
  .UNSPECIFIED.,.F.,.F.,(4,4),(5.,6.),.PIECEWISE_BEZIER_KNOTS.);
#7745 = CARTESIAN_POINT('',(-6.499115435496E-02,0.4,0.215011718325));
#7746 = CARTESIAN_POINT('',(-6.644681543781E-02,0.4,0.216571355199));
#7747 = CARTESIAN_POINT('',(-6.717464597924E-02,0.4,0.21854689524));
#7748 = CARTESIAN_POINT('',(-6.717464597924E-02,0.4,0.220938338448));
#7749 = ORIENTED_EDGE('',*,*,#7750,.F.);
#7750 = EDGE_CURVE('',#7751,#7742,#7753,.T.);
#7751 = VERTEX_POINT('',#7752);
#7752 = CARTESIAN_POINT('',(-5.945964224022E-02,0.4,0.212641070275));
#7753 = B_SPLINE_CURVE_WITH_KNOTS('',3,(#7754,#7755,#7756,#7757),
  .UNSPECIFIED.,.F.,.F.,(4,4),(4.,5.),.PIECEWISE_BEZIER_KNOTS.);
#7754 = CARTESIAN_POINT('',(-5.945964224022E-02,0.4,0.212641070275));
#7755 = CARTESIAN_POINT('',(-6.169512176025E-02,0.4,0.212641070275));
#7756 = CARTESIAN_POINT('',(-6.354589085126E-02,0.4,0.213431286292));
#7757 = CARTESIAN_POINT('',(-6.499115435496E-02,0.4,0.215011718325));
#7758 = ORIENTED_EDGE('',*,*,#7759,.F.);
#7759 = EDGE_CURVE('',#7760,#7751,#7762,.T.);
#7760 = VERTEX_POINT('',#7761);
#7761 = CARTESIAN_POINT('',(-5.557094763319E-02,0.4,0.21395116525));
#7762 = B_SPLINE_CURVE_WITH_KNOTS('',3,(#7763,#7764,#7765,#7766),
  .UNSPECIFIED.,.F.,.F.,(4,4),(3.,4.),.PIECEWISE_BEZIER_KNOTS.);
#7763 = CARTESIAN_POINT('',(-5.557094763319E-02,0.4,0.21395116525));
#7764 = CARTESIAN_POINT('',(-5.654832007453E-02,0.4,0.2130777686));
#7765 = CARTESIAN_POINT('',(-5.784801746983E-02,0.4,0.212641070275));
#7766 = CARTESIAN_POINT('',(-5.945964224022E-02,0.4,0.212641070275));
#7767 = ORIENTED_EDGE('',*,*,#7768,.F.);
#7768 = EDGE_CURVE('',#7710,#7760,#7769,.T.);
#7769 = B_SPLINE_CURVE_WITH_KNOTS('',3,(#7770,#7771,#7772,#7773),
  .UNSPECIFIED.,.F.,.F.,(4,4),(2.,3.),.PIECEWISE_BEZIER_KNOTS.);
#7770 = CARTESIAN_POINT('',(-5.409449139204E-02,0.4,0.217340776057));
#7771 = CARTESIAN_POINT('',(-5.409449139204E-02,0.4,0.215947500449));
#7772 = CARTESIAN_POINT('',(-5.458317761271E-02,0.4,0.2148245619));
#7773 = CARTESIAN_POINT('',(-5.557094763319E-02,0.4,0.21395116525));
#7774 = B_SPLINE_SURFACE_WITH_KNOTS('',1,1,(
    (#7775,#7776)
    ,(#7777,#7778
    )),.UNSPECIFIED.,.F.,.F.,.F.,(2,2),(2,2),(-2.972927822227E-02,
    6.732432508455E-04),(-1.584201155247E-02,7.500553668861E-03),
  .PIECEWISE_BEZIER_KNOTS.);
#7775 = CARTESIAN_POINT('',(-7.226945976921E-02,0.4,0.208461243452));
#7776 = CARTESIAN_POINT('',(-4.892689454787E-02,0.4,0.208461243452));
#7777 = CARTESIAN_POINT('',(-7.226945976921E-02,0.4,0.238863764925));
#7778 = CARTESIAN_POINT('',(-4.892689454787E-02,0.4,0.238863764925));
#7779 = ADVANCED_FACE('',(#7780),#7794,.F.);
#7780 = FACE_BOUND('',#7781,.F.);
#7781 = EDGE_LOOP('',(#7782,#7787,#7788,#7793));
#7782 = ORIENTED_EDGE('',*,*,#7783,.F.);
#7783 = EDGE_CURVE('',#7592,#479,#7784,.T.);
#7784 = B_SPLINE_CURVE_WITH_KNOTS('',1,(#7785,#7786),.UNSPECIFIED.,.F.,
  .F.,(2,2),(-0.,1.E-02),.PIECEWISE_BEZIER_KNOTS.);
#7785 = CARTESIAN_POINT('',(-6.176790481445E-02,0.4,0.238863764925));
#7786 = CARTESIAN_POINT('',(-6.176790481445E-02,0.39,0.238863764925));
#7787 = ORIENTED_EDGE('',*,*,#7591,.T.);
#7788 = ORIENTED_EDGE('',*,*,#7789,.T.);
#7789 = EDGE_CURVE('',#7594,#470,#7790,.T.);
#7790 = B_SPLINE_CURVE_WITH_KNOTS('',1,(#7791,#7792),.UNSPECIFIED.,.F.,
  .F.,(2,2),(-0.,1.E-02),.PIECEWISE_BEZIER_KNOTS.);
#7791 = CARTESIAN_POINT('',(-5.176543365937E-02,0.4,0.236160394343));
#7792 = CARTESIAN_POINT('',(-5.176543365937E-02,0.39,0.236160394343));
#7793 = ORIENTED_EDGE('',*,*,#478,.F.);
#7794 = B_SPLINE_SURFACE_WITH_KNOTS('',3,1,(
    (#7795,#7796)
    ,(#7797,#7798)
    ,(#7799,#7800)
    ,(#7801,#7802
    )),.UNSPECIFIED.,.F.,.F.,.F.,(4,4),(2,2),(0.,1.),(0.,1.),
  .PIECEWISE_BEZIER_KNOTS.);
#7795 = CARTESIAN_POINT('',(-6.176790481445E-02,0.4,0.238863764925));
#7796 = CARTESIAN_POINT('',(-6.176790481445E-02,0.39,0.238863764925));
#7797 = CARTESIAN_POINT('',(-5.798318599907E-02,0.4,0.238863764925));
#7798 = CARTESIAN_POINT('',(-5.798318599907E-02,0.39,0.238863764925));
#7799 = CARTESIAN_POINT('',(-5.464556308761E-02,0.4,0.237969573117));
#7800 = CARTESIAN_POINT('',(-5.464556308761E-02,0.39,0.237969573117));
#7801 = CARTESIAN_POINT('',(-5.176543365937E-02,0.4,0.236160394343));
#7802 = CARTESIAN_POINT('',(-5.176543365937E-02,0.39,0.236160394343));
#7803 = ADVANCED_FACE('',(#7804),#7814,.F.);
#7804 = FACE_BOUND('',#7805,.T.);
#7805 = EDGE_LOOP('',(#7806,#7807,#7812,#7813));
#7806 = ORIENTED_EDGE('',*,*,#469,.T.);
#7807 = ORIENTED_EDGE('',*,*,#7808,.F.);
#7808 = EDGE_CURVE('',#7603,#472,#7809,.T.);
#7809 = B_SPLINE_CURVE_WITH_KNOTS('',1,(#7810,#7811),.UNSPECIFIED.,.F.,
  .F.,(2,2),(-0.,1.E-02),.PIECEWISE_BEZIER_KNOTS.);
#7810 = CARTESIAN_POINT('',(-5.176543365937E-02,0.4,0.231211146661));
#7811 = CARTESIAN_POINT('',(-5.176543365937E-02,0.39,0.231211146661));
#7812 = ORIENTED_EDGE('',*,*,#7602,.F.);
#7813 = ORIENTED_EDGE('',*,*,#7789,.T.);
#7814 = B_SPLINE_SURFACE_WITH_KNOTS('',1,1,(
    (#7815,#7816)
    ,(#7817,#7818
    )),.UNSPECIFIED.,.F.,.F.,.F.,(2,2),(2,2),(0.,4.949247681852E-03),(
    -1.E-02,0.),.PIECEWISE_BEZIER_KNOTS.);
#7815 = CARTESIAN_POINT('',(-5.176543365937E-02,0.39,0.231211146661));
#7816 = CARTESIAN_POINT('',(-5.176543365937E-02,0.4,0.231211146661));
#7817 = CARTESIAN_POINT('',(-5.176543365937E-02,0.39,0.236160394343));
#7818 = CARTESIAN_POINT('',(-5.176543365937E-02,0.4,0.236160394343));
#7819 = ADVANCED_FACE('',(#7820),#7830,.F.);
#7820 = FACE_BOUND('',#7821,.F.);
#7821 = EDGE_LOOP('',(#7822,#7823,#7824,#7829));
#7822 = ORIENTED_EDGE('',*,*,#7808,.F.);
#7823 = ORIENTED_EDGE('',*,*,#7609,.T.);
#7824 = ORIENTED_EDGE('',*,*,#7825,.T.);
#7825 = EDGE_CURVE('',#7610,#568,#7826,.T.);
#7826 = B_SPLINE_CURVE_WITH_KNOTS('',1,(#7827,#7828),.UNSPECIFIED.,.F.,
  .F.,(2,2),(-0.,1.E-02),.PIECEWISE_BEZIER_KNOTS.);
#7827 = CARTESIAN_POINT('',(-6.128961617293E-02,0.4,0.234725528418));
#7828 = CARTESIAN_POINT('',(-6.128961617293E-02,0.39,0.234725528418));
#7829 = ORIENTED_EDGE('',*,*,#576,.F.);
#7830 = B_SPLINE_SURFACE_WITH_KNOTS('',3,1,(
    (#7831,#7832)
    ,(#7833,#7834)
    ,(#7835,#7836)
    ,(#7837,#7838
    )),.UNSPECIFIED.,.F.,.F.,.F.,(4,4),(2,2),(12.,13.),(0.,1.),
  .PIECEWISE_BEZIER_KNOTS.);
#7831 = CARTESIAN_POINT('',(-5.176543365937E-02,0.4,0.231211146661));
#7832 = CARTESIAN_POINT('',(-5.176543365937E-02,0.39,0.231211146661));
#7833 = CARTESIAN_POINT('',(-5.463516550846E-02,0.4,0.233540204393));
#7834 = CARTESIAN_POINT('',(-5.463516550846E-02,0.39,0.233540204393));
#7835 = CARTESIAN_POINT('',(-5.780642715322E-02,0.4,0.234725528418));
#7836 = CARTESIAN_POINT('',(-5.780642715322E-02,0.39,0.234725528418));
#7837 = CARTESIAN_POINT('',(-6.128961617293E-02,0.4,0.234725528418));
#7838 = CARTESIAN_POINT('',(-6.128961617293E-02,0.39,0.234725528418));
#7839 = ADVANCED_FACE('',(#7840),#7850,.F.);
#7840 = FACE_BOUND('',#7841,.F.);
#7841 = EDGE_LOOP('',(#7842,#7843,#7844,#7849));
#7842 = ORIENTED_EDGE('',*,*,#7825,.F.);
#7843 = ORIENTED_EDGE('',*,*,#7618,.T.);
#7844 = ORIENTED_EDGE('',*,*,#7845,.T.);
#7845 = EDGE_CURVE('',#7619,#561,#7846,.T.);
#7846 = B_SPLINE_CURVE_WITH_KNOTS('',1,(#7847,#7848),.UNSPECIFIED.,.F.,
  .F.,(2,2),(-0.,1.E-02),.PIECEWISE_BEZIER_KNOTS.);
#7847 = CARTESIAN_POINT('',(-6.717464597924E-02,0.4,0.22761358427));
#7848 = CARTESIAN_POINT('',(-6.717464597924E-02,0.39,0.22761358427));
#7849 = ORIENTED_EDGE('',*,*,#567,.F.);
#7850 = B_SPLINE_SURFACE_WITH_KNOTS('',3,1,(
    (#7851,#7852)
    ,(#7853,#7854)
    ,(#7855,#7856)
    ,(#7857,#7858
    )),.UNSPECIFIED.,.F.,.F.,.F.,(4,4),(2,2),(11.,12.),(0.,1.),
  .PIECEWISE_BEZIER_KNOTS.);
#7851 = CARTESIAN_POINT('',(-6.128961617293E-02,0.4,0.234725528418));
#7852 = CARTESIAN_POINT('',(-6.128961617293E-02,0.39,0.234725528418));
#7853 = CARTESIAN_POINT('',(-6.520950351742E-02,0.4,0.234725528418));
#7854 = CARTESIAN_POINT('',(-6.520950351742E-02,0.39,0.234725528418));
#7855 = CARTESIAN_POINT('',(-6.717464597924E-02,0.4,0.232354880369));
#7856 = CARTESIAN_POINT('',(-6.717464597924E-02,0.39,0.232354880369));
#7857 = CARTESIAN_POINT('',(-6.717464597924E-02,0.4,0.22761358427));
#7858 = CARTESIAN_POINT('',(-6.717464597924E-02,0.39,0.22761358427));
#7859 = ADVANCED_FACE('',(#7860),#7870,.F.);
#7860 = FACE_BOUND('',#7861,.T.);
#7861 = EDGE_LOOP('',(#7862,#7863,#7868,#7869));
#7862 = ORIENTED_EDGE('',*,*,#560,.T.);
#7863 = ORIENTED_EDGE('',*,*,#7864,.F.);
#7864 = EDGE_CURVE('',#7628,#552,#7865,.T.);
#7865 = B_SPLINE_CURVE_WITH_KNOTS('',1,(#7866,#7867),.UNSPECIFIED.,.F.,
  .F.,(2,2),(-0.,1.E-02),.PIECEWISE_BEZIER_KNOTS.);
#7866 = CARTESIAN_POINT('',(-5.85654504321E-02,0.4,0.226407465088));
#7867 = CARTESIAN_POINT('',(-5.85654504321E-02,0.39,0.226407465088));
#7868 = ORIENTED_EDGE('',*,*,#7627,.F.);
#7869 = ORIENTED_EDGE('',*,*,#7845,.T.);
#7870 = B_SPLINE_SURFACE_WITH_KNOTS('',1,1,(
    (#7871,#7872)
    ,(#7873,#7874
    )),.UNSPECIFIED.,.F.,.F.,.F.,(2,2),(2,2),(0.,8.693271619608E-03),(
    -1.E-02,0.),.PIECEWISE_BEZIER_KNOTS.);
#7871 = CARTESIAN_POINT('',(-5.85654504321E-02,0.39,0.226407465088));
#7872 = CARTESIAN_POINT('',(-5.85654504321E-02,0.4,0.226407465088));
#7873 = CARTESIAN_POINT('',(-6.717464597924E-02,0.39,0.22761358427));
#7874 = CARTESIAN_POINT('',(-6.717464597924E-02,0.4,0.22761358427));
#7875 = ADVANCED_FACE('',(#7876),#7886,.F.);
#7876 = FACE_BOUND('',#7877,.F.);
#7877 = EDGE_LOOP('',(#7878,#7879,#7880,#7885));
#7878 = ORIENTED_EDGE('',*,*,#7864,.F.);
#7879 = ORIENTED_EDGE('',*,*,#7634,.T.);
#7880 = ORIENTED_EDGE('',*,*,#7881,.T.);
#7881 = EDGE_CURVE('',#7635,#543,#7882,.T.);
#7882 = B_SPLINE_CURVE_WITH_KNOTS('',1,(#7883,#7884),.UNSPECIFIED.,.F.,
  .F.,(2,2),(-0.,1.E-02),.PIECEWISE_BEZIER_KNOTS.);
#7883 = CARTESIAN_POINT('',(-4.892689454787E-02,0.4,0.216924872891));
#7884 = CARTESIAN_POINT('',(-4.892689454787E-02,0.39,0.216924872891));
#7885 = ORIENTED_EDGE('',*,*,#551,.F.);
#7886 = B_SPLINE_SURFACE_WITH_KNOTS('',3,1,(
    (#7887,#7888)
    ,(#7889,#7890)
    ,(#7891,#7892)
    ,(#7893,#7894
    )),.UNSPECIFIED.,.F.,.F.,.F.,(4,4),(2,2),(9.,10.),(0.,1.),
  .PIECEWISE_BEZIER_KNOTS.);
#7887 = CARTESIAN_POINT('',(-5.85654504321E-02,0.4,0.226407465088));
#7888 = CARTESIAN_POINT('',(-5.85654504321E-02,0.39,0.226407465088));
#7889 = CARTESIAN_POINT('',(-5.213974650937E-02,0.4,0.225513273279));
#7890 = CARTESIAN_POINT('',(-5.213974650937E-02,0.39,0.225513273279));
#7891 = CARTESIAN_POINT('',(-4.892689454787E-02,0.4,0.222352409214));
#7892 = CARTESIAN_POINT('',(-4.892689454787E-02,0.39,0.222352409214));
#7893 = CARTESIAN_POINT('',(-4.892689454787E-02,0.4,0.216924872891));
#7894 = CARTESIAN_POINT('',(-4.892689454787E-02,0.39,0.216924872891));
#7895 = ADVANCED_FACE('',(#7896),#7906,.F.);
#7896 = FACE_BOUND('',#7897,.F.);
#7897 = EDGE_LOOP('',(#7898,#7899,#7900,#7905));
#7898 = ORIENTED_EDGE('',*,*,#7881,.F.);
#7899 = ORIENTED_EDGE('',*,*,#7643,.T.);
#7900 = ORIENTED_EDGE('',*,*,#7901,.T.);
#7901 = EDGE_CURVE('',#7644,#534,#7902,.T.);
#7902 = B_SPLINE_CURVE_WITH_KNOTS('',1,(#7903,#7904),.UNSPECIFIED.,.F.,
  .F.,(2,2),(-0.,1.E-02),.PIECEWISE_BEZIER_KNOTS.);
#7903 = CARTESIAN_POINT('',(-5.14223135471E-02,0.4,0.210748710868));
#7904 = CARTESIAN_POINT('',(-5.14223135471E-02,0.39,0.210748710868));
#7905 = ORIENTED_EDGE('',*,*,#542,.F.);
#7906 = B_SPLINE_SURFACE_WITH_KNOTS('',3,1,(
    (#7907,#7908)
    ,(#7909,#7910)
    ,(#7911,#7912)
    ,(#7913,#7914
    )),.UNSPECIFIED.,.F.,.F.,.F.,(4,4),(2,2),(8.,9.),(0.,1.),
  .PIECEWISE_BEZIER_KNOTS.);
#7907 = CARTESIAN_POINT('',(-4.892689454787E-02,0.4,0.216924872891));
#7908 = CARTESIAN_POINT('',(-4.892689454787E-02,0.39,0.216924872891));
#7909 = CARTESIAN_POINT('',(-4.892689454787E-02,0.4,0.2143254781));
#7910 = CARTESIAN_POINT('',(-4.892689454787E-02,0.39,0.2143254781));
#7911 = CARTESIAN_POINT('',(-4.975870088095E-02,0.4,0.212266757425));
#7912 = CARTESIAN_POINT('',(-4.975870088095E-02,0.39,0.212266757425));
#7913 = CARTESIAN_POINT('',(-5.14223135471E-02,0.4,0.210748710868));
#7914 = CARTESIAN_POINT('',(-5.14223135471E-02,0.39,0.210748710868));
#7915 = ADVANCED_FACE('',(#7916),#7926,.F.);
#7916 = FACE_BOUND('',#7917,.F.);
#7917 = EDGE_LOOP('',(#7918,#7919,#7920,#7925));
#7918 = ORIENTED_EDGE('',*,*,#7901,.F.);
#7919 = ORIENTED_EDGE('',*,*,#7652,.T.);
#7920 = ORIENTED_EDGE('',*,*,#7921,.T.);
#7921 = EDGE_CURVE('',#7653,#525,#7922,.T.);
#7922 = B_SPLINE_CURVE_WITH_KNOTS('',1,(#7923,#7924),.UNSPECIFIED.,.F.,
  .F.,(2,2),(-0.,1.E-02),.PIECEWISE_BEZIER_KNOTS.);
#7923 = CARTESIAN_POINT('',(-5.813914968648E-02,0.4,0.208461243452));
#7924 = CARTESIAN_POINT('',(-5.813914968648E-02,0.39,0.208461243452));
#7925 = ORIENTED_EDGE('',*,*,#533,.F.);
#7926 = B_SPLINE_SURFACE_WITH_KNOTS('',3,1,(
    (#7927,#7928)
    ,(#7929,#7930)
    ,(#7931,#7932)
    ,(#7933,#7934
    )),.UNSPECIFIED.,.F.,.F.,.F.,(4,4),(2,2),(7.,8.),(0.,1.),
  .PIECEWISE_BEZIER_KNOTS.);
#7927 = CARTESIAN_POINT('',(-5.14223135471E-02,0.4,0.210748710868));
#7928 = CARTESIAN_POINT('',(-5.14223135471E-02,0.39,0.210748710868));
#7929 = CARTESIAN_POINT('',(-5.308592621311E-02,0.4,0.20923066431));
#7930 = CARTESIAN_POINT('',(-5.308592621311E-02,0.39,0.20923066431));
#7931 = CARTESIAN_POINT('',(-5.532140573328E-02,0.4,0.208461243452));
#7932 = CARTESIAN_POINT('',(-5.532140573328E-02,0.39,0.208461243452));
#7933 = CARTESIAN_POINT('',(-5.813914968648E-02,0.4,0.208461243452));
#7934 = CARTESIAN_POINT('',(-5.813914968648E-02,0.39,0.208461243452));
#7935 = ADVANCED_FACE('',(#7936),#7946,.F.);
#7936 = FACE_BOUND('',#7937,.F.);
#7937 = EDGE_LOOP('',(#7938,#7939,#7940,#7945));
#7938 = ORIENTED_EDGE('',*,*,#7921,.F.);
#7939 = ORIENTED_EDGE('',*,*,#7661,.T.);
#7940 = ORIENTED_EDGE('',*,*,#7941,.T.);
#7941 = EDGE_CURVE('',#7662,#518,#7942,.T.);
#7942 = B_SPLINE_CURVE_WITH_KNOTS('',1,(#7943,#7944),.UNSPECIFIED.,.F.,
  .F.,(2,2),(-0.,1.E-02),.PIECEWISE_BEZIER_KNOTS.);
#7943 = CARTESIAN_POINT('',(-6.703947745013E-02,0.4,0.213639237875));
#7944 = CARTESIAN_POINT('',(-6.703947745013E-02,0.39,0.213639237875));
#7945 = ORIENTED_EDGE('',*,*,#524,.F.);
#7946 = B_SPLINE_SURFACE_WITH_KNOTS('',3,1,(
    (#7947,#7948)
    ,(#7949,#7950)
    ,(#7951,#7952)
    ,(#7953,#7954
    )),.UNSPECIFIED.,.F.,.F.,.F.,(4,4),(2,2),(6.,7.),(0.,1.),
  .PIECEWISE_BEZIER_KNOTS.);
#7947 = CARTESIAN_POINT('',(-5.813914968648E-02,0.4,0.208461243452));
#7948 = CARTESIAN_POINT('',(-5.813914968648E-02,0.39,0.208461243452));
#7949 = CARTESIAN_POINT('',(-6.205903703096E-02,0.4,0.208461243452));
#7950 = CARTESIAN_POINT('',(-6.205903703096E-02,0.39,0.208461243452));
#7951 = CARTESIAN_POINT('',(-6.503274467171E-02,0.4,0.210187241593));
#7952 = CARTESIAN_POINT('',(-6.503274467171E-02,0.39,0.210187241593));
#7953 = CARTESIAN_POINT('',(-6.703947745013E-02,0.4,0.213639237875));
#7954 = CARTESIAN_POINT('',(-6.703947745013E-02,0.39,0.213639237875));
#7955 = ADVANCED_FACE('',(#7956),#7966,.F.);
#7956 = FACE_BOUND('',#7957,.T.);
#7957 = EDGE_LOOP('',(#7958,#7959,#7964,#7965));
#7958 = ORIENTED_EDGE('',*,*,#517,.T.);
#7959 = ORIENTED_EDGE('',*,*,#7960,.F.);
#7960 = EDGE_CURVE('',#7671,#511,#7961,.T.);
#7961 = B_SPLINE_CURVE_WITH_KNOTS('',1,(#7962,#7963),.UNSPECIFIED.,.F.,
  .F.,(2,2),(-0.,1.E-02),.PIECEWISE_BEZIER_KNOTS.);
#7962 = CARTESIAN_POINT('',(-6.717464597924E-02,0.4,0.213639237875));
#7963 = CARTESIAN_POINT('',(-6.717464597924E-02,0.39,0.213639237875));
#7964 = ORIENTED_EDGE('',*,*,#7670,.F.);
#7965 = ORIENTED_EDGE('',*,*,#7941,.T.);
#7966 = B_SPLINE_SURFACE_WITH_KNOTS('',1,1,(
    (#7967,#7968)
    ,(#7969,#7970
    )),.UNSPECIFIED.,.F.,.F.,.F.,(2,2),(2,2),(0.,1.351685291055E-04),(
    -1.E-02,0.),.PIECEWISE_BEZIER_KNOTS.);
#7967 = CARTESIAN_POINT('',(-6.717464597924E-02,0.39,0.213639237875));
#7968 = CARTESIAN_POINT('',(-6.717464597924E-02,0.4,0.213639237875));
#7969 = CARTESIAN_POINT('',(-6.703947745013E-02,0.39,0.213639237875));
#7970 = CARTESIAN_POINT('',(-6.703947745013E-02,0.4,0.213639237875));
#7971 = ADVANCED_FACE('',(#7972),#7982,.F.);
#7972 = FACE_BOUND('',#7973,.T.);
#7973 = EDGE_LOOP('',(#7974,#7975,#7980,#7981));
#7974 = ORIENTED_EDGE('',*,*,#510,.T.);
#7975 = ORIENTED_EDGE('',*,*,#7976,.F.);
#7976 = EDGE_CURVE('',#7678,#504,#7977,.T.);
#7977 = B_SPLINE_CURVE_WITH_KNOTS('',1,(#7978,#7979),.UNSPECIFIED.,.F.,
  .F.,(2,2),(-0.,1.E-02),.PIECEWISE_BEZIER_KNOTS.);
#7978 = CARTESIAN_POINT('',(-6.717464597924E-02,0.4,0.209147483677));
#7979 = CARTESIAN_POINT('',(-6.717464597924E-02,0.39,0.209147483677));
#7980 = ORIENTED_EDGE('',*,*,#7677,.F.);
#7981 = ORIENTED_EDGE('',*,*,#7960,.T.);
#7982 = B_SPLINE_SURFACE_WITH_KNOTS('',1,1,(
    (#7983,#7984)
    ,(#7985,#7986
    )),.UNSPECIFIED.,.F.,.F.,.F.,(2,2),(2,2),(0.,4.491754198361E-03),(
    -1.E-02,0.),.PIECEWISE_BEZIER_KNOTS.);
#7983 = CARTESIAN_POINT('',(-6.717464597924E-02,0.39,0.209147483677));
#7984 = CARTESIAN_POINT('',(-6.717464597924E-02,0.4,0.209147483677));
#7985 = CARTESIAN_POINT('',(-6.717464597924E-02,0.39,0.213639237875));
#7986 = CARTESIAN_POINT('',(-6.717464597924E-02,0.4,0.213639237875));
#7987 = ADVANCED_FACE('',(#7988),#7998,.F.);
#7988 = FACE_BOUND('',#7989,.T.);
#7989 = EDGE_LOOP('',(#7990,#7991,#7996,#7997));
#7990 = ORIENTED_EDGE('',*,*,#503,.T.);
#7991 = ORIENTED_EDGE('',*,*,#7992,.F.);
#7992 = EDGE_CURVE('',#7685,#497,#7993,.T.);
#7993 = B_SPLINE_CURVE_WITH_KNOTS('',1,(#7994,#7995),.UNSPECIFIED.,.F.,
  .F.,(2,2),(-0.,1.E-02),.PIECEWISE_BEZIER_KNOTS.);
#7994 = CARTESIAN_POINT('',(-7.226945976921E-02,0.4,0.209147483677));
#7995 = CARTESIAN_POINT('',(-7.226945976921E-02,0.39,0.209147483677));
#7996 = ORIENTED_EDGE('',*,*,#7684,.F.);
#7997 = ORIENTED_EDGE('',*,*,#7976,.T.);
#7998 = B_SPLINE_SURFACE_WITH_KNOTS('',1,1,(
    (#7999,#8000)
    ,(#8001,#8002
    )),.UNSPECIFIED.,.F.,.F.,.F.,(2,2),(2,2),(0.,5.09481378997E-03),(
    -1.E-02,0.),.PIECEWISE_BEZIER_KNOTS.);
#7999 = CARTESIAN_POINT('',(-7.226945976921E-02,0.39,0.209147483677));
#8000 = CARTESIAN_POINT('',(-7.226945976921E-02,0.4,0.209147483677));
#8001 = CARTESIAN_POINT('',(-6.717464597924E-02,0.39,0.209147483677));
#8002 = CARTESIAN_POINT('',(-6.717464597924E-02,0.4,0.209147483677));
#8003 = ADVANCED_FACE('',(#8004),#8014,.F.);
#8004 = FACE_BOUND('',#8005,.T.);
#8005 = EDGE_LOOP('',(#8006,#8007,#8012,#8013));
#8006 = ORIENTED_EDGE('',*,*,#496,.T.);
#8007 = ORIENTED_EDGE('',*,*,#8008,.F.);
#8008 = EDGE_CURVE('',#7692,#488,#8009,.T.);
#8009 = B_SPLINE_CURVE_WITH_KNOTS('',1,(#8010,#8011),.UNSPECIFIED.,.F.,
  .F.,(2,2),(-0.,1.E-02),.PIECEWISE_BEZIER_KNOTS.);
#8010 = CARTESIAN_POINT('',(-7.226945976921E-02,0.4,0.227842331012));
#8011 = CARTESIAN_POINT('',(-7.226945976921E-02,0.39,0.227842331012));
#8012 = ORIENTED_EDGE('',*,*,#7691,.F.);
#8013 = ORIENTED_EDGE('',*,*,#7992,.T.);
#8014 = B_SPLINE_SURFACE_WITH_KNOTS('',1,1,(
    (#8015,#8016)
    ,(#8017,#8018
    )),.UNSPECIFIED.,.F.,.F.,.F.,(2,2),(2,2),(0.,1.869484733515E-02),(
    -1.E-02,0.),.PIECEWISE_BEZIER_KNOTS.);
#8015 = CARTESIAN_POINT('',(-7.226945976921E-02,0.39,0.227842331012));
#8016 = CARTESIAN_POINT('',(-7.226945976921E-02,0.4,0.227842331012));
#8017 = CARTESIAN_POINT('',(-7.226945976921E-02,0.39,0.209147483677));
#8018 = CARTESIAN_POINT('',(-7.226945976921E-02,0.4,0.209147483677));
#8019 = ADVANCED_FACE('',(#8020),#8026,.F.);
#8020 = FACE_BOUND('',#8021,.F.);
#8021 = EDGE_LOOP('',(#8022,#8023,#8024,#8025));
#8022 = ORIENTED_EDGE('',*,*,#8008,.F.);
#8023 = ORIENTED_EDGE('',*,*,#7698,.T.);
#8024 = ORIENTED_EDGE('',*,*,#7783,.T.);
#8025 = ORIENTED_EDGE('',*,*,#487,.F.);
#8026 = B_SPLINE_SURFACE_WITH_KNOTS('',3,1,(
    (#8027,#8028)
    ,(#8029,#8030)
    ,(#8031,#8032)
    ,(#8033,#8034
    )),.UNSPECIFIED.,.F.,.F.,.F.,(4,4),(2,2),(1.,2.),(0.,1.),
  .PIECEWISE_BEZIER_KNOTS.);
#8027 = CARTESIAN_POINT('',(-7.226945976921E-02,0.4,0.227842331012));
#8028 = CARTESIAN_POINT('',(-7.226945976921E-02,0.39,0.227842331012));
#8029 = CARTESIAN_POINT('',(-7.22694597692E-02,0.4,0.23520381706));
#8030 = CARTESIAN_POINT('',(-7.22694597692E-02,0.39,0.23520381706));
#8031 = CARTESIAN_POINT('',(-6.876547559119E-02,0.4,0.238863764925));
#8032 = CARTESIAN_POINT('',(-6.876547559119E-02,0.39,0.238863764925));
#8033 = CARTESIAN_POINT('',(-6.176790481445E-02,0.4,0.238863764925));
#8034 = CARTESIAN_POINT('',(-6.176790481445E-02,0.39,0.238863764925));
#8035 = ADVANCED_FACE('',(#8036),#8060,.T.);
#8036 = FACE_BOUND('',#8037,.T.);
#8037 = EDGE_LOOP('',(#8038,#8049,#8054,#8055));
#8038 = ORIENTED_EDGE('',*,*,#8039,.F.);
#8039 = EDGE_CURVE('',#8040,#8042,#8044,.T.);
#8040 = VERTEX_POINT('',#8041);
#8041 = CARTESIAN_POINT('',(-6.037462920651E-02,0.39,0.222809902697));
#8042 = VERTEX_POINT('',#8043);
#8043 = CARTESIAN_POINT('',(-5.544617668324E-02,0.39,0.221021519081));
#8044 = B_SPLINE_CURVE_WITH_KNOTS('',3,(#8045,#8046,#8047,#8048),
  .UNSPECIFIED.,.F.,.F.,(4,4),(0.,1.),.PIECEWISE_BEZIER_KNOTS.);
#8045 = CARTESIAN_POINT('',(-6.037462920651E-02,0.39,0.222809902697));
#8046 = CARTESIAN_POINT('',(-5.799358357822E-02,0.39,0.222477180164));
#8047 = CARTESIAN_POINT('',(-5.635076607037E-02,0.39,0.221894915731));
#8048 = CARTESIAN_POINT('',(-5.544617668324E-02,0.39,0.221021519081));
#8049 = ORIENTED_EDGE('',*,*,#8050,.F.);
#8050 = EDGE_CURVE('',#7719,#8040,#8051,.T.);
#8051 = B_SPLINE_CURVE_WITH_KNOTS('',1,(#8052,#8053),.UNSPECIFIED.,.F.,
  .F.,(2,2),(-0.,1.E-02),.PIECEWISE_BEZIER_KNOTS.);
#8052 = CARTESIAN_POINT('',(-6.037462920651E-02,0.4,0.222809902697));
#8053 = CARTESIAN_POINT('',(-6.037462920651E-02,0.39,0.222809902697));
#8054 = ORIENTED_EDGE('',*,*,#7718,.T.);
#8055 = ORIENTED_EDGE('',*,*,#8056,.T.);
#8056 = EDGE_CURVE('',#7708,#8042,#8057,.T.);
#8057 = B_SPLINE_CURVE_WITH_KNOTS('',1,(#8058,#8059),.UNSPECIFIED.,.F.,
  .F.,(2,2),(-0.,1.E-02),.PIECEWISE_BEZIER_KNOTS.);
#8058 = CARTESIAN_POINT('',(-5.544617668324E-02,0.4,0.221021519081));
#8059 = CARTESIAN_POINT('',(-5.544617668324E-02,0.39,0.221021519081));
#8060 = B_SPLINE_SURFACE_WITH_KNOTS('',3,1,(
    (#8061,#8062)
    ,(#8063,#8064)
    ,(#8065,#8066)
    ,(#8067,#8068
    )),.UNSPECIFIED.,.F.,.F.,.F.,(4,4),(2,2),(0.,1.),(0.,1.),
  .PIECEWISE_BEZIER_KNOTS.);
#8061 = CARTESIAN_POINT('',(-6.037462920651E-02,0.4,0.222809902697));
#8062 = CARTESIAN_POINT('',(-6.037462920651E-02,0.39,0.222809902697));
#8063 = CARTESIAN_POINT('',(-5.799358357822E-02,0.4,0.222477180164));
#8064 = CARTESIAN_POINT('',(-5.799358357822E-02,0.39,0.222477180164));
#8065 = CARTESIAN_POINT('',(-5.635076607037E-02,0.4,0.221894915731));
#8066 = CARTESIAN_POINT('',(-5.635076607037E-02,0.39,0.221894915731));
#8067 = CARTESIAN_POINT('',(-5.544617668324E-02,0.4,0.221021519081));
#8068 = CARTESIAN_POINT('',(-5.544617668324E-02,0.39,0.221021519081));
#8069 = ADVANCED_FACE('',(#8070),#8088,.T.);
#8070 = FACE_BOUND('',#8071,.T.);
#8071 = EDGE_LOOP('',(#8072,#8081,#8082,#8083));
#8072 = ORIENTED_EDGE('',*,*,#8073,.F.);
#8073 = EDGE_CURVE('',#8042,#8074,#8076,.T.);
#8074 = VERTEX_POINT('',#8075);
#8075 = CARTESIAN_POINT('',(-5.409449139204E-02,0.39,0.217340776057));
#8076 = B_SPLINE_CURVE_WITH_KNOTS('',3,(#8077,#8078,#8079,#8080),
  .UNSPECIFIED.,.F.,.F.,(4,4),(1.,2.),.PIECEWISE_BEZIER_KNOTS.);
#8077 = CARTESIAN_POINT('',(-5.544617668324E-02,0.39,0.221021519081));
#8078 = CARTESIAN_POINT('',(-5.455198487511E-02,0.39,0.220148122431));
#8079 = CARTESIAN_POINT('',(-5.409449139204E-02,0.39,0.21892120809));
#8080 = CARTESIAN_POINT('',(-5.409449139204E-02,0.39,0.217340776057));
#8081 = ORIENTED_EDGE('',*,*,#8056,.F.);
#8082 = ORIENTED_EDGE('',*,*,#7707,.T.);
#8083 = ORIENTED_EDGE('',*,*,#8084,.T.);
#8084 = EDGE_CURVE('',#7710,#8074,#8085,.T.);
#8085 = B_SPLINE_CURVE_WITH_KNOTS('',1,(#8086,#8087),.UNSPECIFIED.,.F.,
  .F.,(2,2),(-0.,1.E-02),.PIECEWISE_BEZIER_KNOTS.);
#8086 = CARTESIAN_POINT('',(-5.409449139204E-02,0.4,0.217340776057));
#8087 = CARTESIAN_POINT('',(-5.409449139204E-02,0.39,0.217340776057));
#8088 = B_SPLINE_SURFACE_WITH_KNOTS('',3,1,(
    (#8089,#8090)
    ,(#8091,#8092)
    ,(#8093,#8094)
    ,(#8095,#8096
    )),.UNSPECIFIED.,.F.,.F.,.F.,(4,4),(2,2),(1.,2.),(0.,1.),
  .PIECEWISE_BEZIER_KNOTS.);
#8089 = CARTESIAN_POINT('',(-5.544617668324E-02,0.4,0.221021519081));
#8090 = CARTESIAN_POINT('',(-5.544617668324E-02,0.39,0.221021519081));
#8091 = CARTESIAN_POINT('',(-5.455198487511E-02,0.4,0.220148122431));
#8092 = CARTESIAN_POINT('',(-5.455198487511E-02,0.39,0.220148122431));
#8093 = CARTESIAN_POINT('',(-5.409449139204E-02,0.4,0.21892120809));
#8094 = CARTESIAN_POINT('',(-5.409449139204E-02,0.39,0.21892120809));
#8095 = CARTESIAN_POINT('',(-5.409449139204E-02,0.4,0.217340776057));
#8096 = CARTESIAN_POINT('',(-5.409449139204E-02,0.39,0.217340776057));
#8097 = ADVANCED_FACE('',(#8098),#8116,.T.);
#8098 = FACE_BOUND('',#8099,.T.);
#8099 = EDGE_LOOP('',(#8100,#8109,#8110,#8111));
#8100 = ORIENTED_EDGE('',*,*,#8101,.F.);
#8101 = EDGE_CURVE('',#8074,#8102,#8104,.T.);
#8102 = VERTEX_POINT('',#8103);
#8103 = CARTESIAN_POINT('',(-5.557094763319E-02,0.39,0.21395116525));
#8104 = B_SPLINE_CURVE_WITH_KNOTS('',3,(#8105,#8106,#8107,#8108),
  .UNSPECIFIED.,.F.,.F.,(4,4),(2.,3.),.PIECEWISE_BEZIER_KNOTS.);
#8105 = CARTESIAN_POINT('',(-5.409449139204E-02,0.39,0.217340776057));
#8106 = CARTESIAN_POINT('',(-5.409449139204E-02,0.39,0.215947500449));
#8107 = CARTESIAN_POINT('',(-5.458317761271E-02,0.39,0.2148245619));
#8108 = CARTESIAN_POINT('',(-5.557094763319E-02,0.39,0.21395116525));
#8109 = ORIENTED_EDGE('',*,*,#8084,.F.);
#8110 = ORIENTED_EDGE('',*,*,#7768,.T.);
#8111 = ORIENTED_EDGE('',*,*,#8112,.T.);
#8112 = EDGE_CURVE('',#7760,#8102,#8113,.T.);
#8113 = B_SPLINE_CURVE_WITH_KNOTS('',1,(#8114,#8115),.UNSPECIFIED.,.F.,
  .F.,(2,2),(-0.,1.E-02),.PIECEWISE_BEZIER_KNOTS.);
#8114 = CARTESIAN_POINT('',(-5.557094763319E-02,0.4,0.21395116525));
#8115 = CARTESIAN_POINT('',(-5.557094763319E-02,0.39,0.21395116525));
#8116 = B_SPLINE_SURFACE_WITH_KNOTS('',3,1,(
    (#8117,#8118)
    ,(#8119,#8120)
    ,(#8121,#8122)
    ,(#8123,#8124
    )),.UNSPECIFIED.,.F.,.F.,.F.,(4,4),(2,2),(2.,3.),(0.,1.),
  .PIECEWISE_BEZIER_KNOTS.);
#8117 = CARTESIAN_POINT('',(-5.409449139204E-02,0.4,0.217340776057));
#8118 = CARTESIAN_POINT('',(-5.409449139204E-02,0.39,0.217340776057));
#8119 = CARTESIAN_POINT('',(-5.409449139204E-02,0.4,0.215947500449));
#8120 = CARTESIAN_POINT('',(-5.409449139204E-02,0.39,0.215947500449));
#8121 = CARTESIAN_POINT('',(-5.458317761271E-02,0.4,0.2148245619));
#8122 = CARTESIAN_POINT('',(-5.458317761271E-02,0.39,0.2148245619));
#8123 = CARTESIAN_POINT('',(-5.557094763319E-02,0.4,0.21395116525));
#8124 = CARTESIAN_POINT('',(-5.557094763319E-02,0.39,0.21395116525));
#8125 = ADVANCED_FACE('',(#8126),#8144,.T.);
#8126 = FACE_BOUND('',#8127,.T.);
#8127 = EDGE_LOOP('',(#8128,#8137,#8138,#8139));
#8128 = ORIENTED_EDGE('',*,*,#8129,.F.);
#8129 = EDGE_CURVE('',#8102,#8130,#8132,.T.);
#8130 = VERTEX_POINT('',#8131);
#8131 = CARTESIAN_POINT('',(-5.945964224022E-02,0.39,0.212641070275));
#8132 = B_SPLINE_CURVE_WITH_KNOTS('',3,(#8133,#8134,#8135,#8136),
  .UNSPECIFIED.,.F.,.F.,(4,4),(3.,4.),.PIECEWISE_BEZIER_KNOTS.);
#8133 = CARTESIAN_POINT('',(-5.557094763319E-02,0.39,0.21395116525));
#8134 = CARTESIAN_POINT('',(-5.654832007453E-02,0.39,0.2130777686));
#8135 = CARTESIAN_POINT('',(-5.784801746983E-02,0.39,0.212641070275));
#8136 = CARTESIAN_POINT('',(-5.945964224022E-02,0.39,0.212641070275));
#8137 = ORIENTED_EDGE('',*,*,#8112,.F.);
#8138 = ORIENTED_EDGE('',*,*,#7759,.T.);
#8139 = ORIENTED_EDGE('',*,*,#8140,.T.);
#8140 = EDGE_CURVE('',#7751,#8130,#8141,.T.);
#8141 = B_SPLINE_CURVE_WITH_KNOTS('',1,(#8142,#8143),.UNSPECIFIED.,.F.,
  .F.,(2,2),(-0.,1.E-02),.PIECEWISE_BEZIER_KNOTS.);
#8142 = CARTESIAN_POINT('',(-5.945964224022E-02,0.4,0.212641070275));
#8143 = CARTESIAN_POINT('',(-5.945964224022E-02,0.39,0.212641070275));
#8144 = B_SPLINE_SURFACE_WITH_KNOTS('',3,1,(
    (#8145,#8146)
    ,(#8147,#8148)
    ,(#8149,#8150)
    ,(#8151,#8152
    )),.UNSPECIFIED.,.F.,.F.,.F.,(4,4),(2,2),(3.,4.),(0.,1.),
  .PIECEWISE_BEZIER_KNOTS.);
#8145 = CARTESIAN_POINT('',(-5.557094763319E-02,0.4,0.21395116525));
#8146 = CARTESIAN_POINT('',(-5.557094763319E-02,0.39,0.21395116525));
#8147 = CARTESIAN_POINT('',(-5.654832007453E-02,0.4,0.2130777686));
#8148 = CARTESIAN_POINT('',(-5.654832007453E-02,0.39,0.2130777686));
#8149 = CARTESIAN_POINT('',(-5.784801746983E-02,0.4,0.212641070275));
#8150 = CARTESIAN_POINT('',(-5.784801746983E-02,0.39,0.212641070275));
#8151 = CARTESIAN_POINT('',(-5.945964224022E-02,0.4,0.212641070275));
#8152 = CARTESIAN_POINT('',(-5.945964224022E-02,0.39,0.212641070275));
#8153 = ADVANCED_FACE('',(#8154),#8172,.T.);
#8154 = FACE_BOUND('',#8155,.T.);
#8155 = EDGE_LOOP('',(#8156,#8165,#8166,#8167));
#8156 = ORIENTED_EDGE('',*,*,#8157,.F.);
#8157 = EDGE_CURVE('',#8130,#8158,#8160,.T.);
#8158 = VERTEX_POINT('',#8159);
#8159 = CARTESIAN_POINT('',(-6.499115435496E-02,0.39,0.215011718325));
#8160 = B_SPLINE_CURVE_WITH_KNOTS('',3,(#8161,#8162,#8163,#8164),
  .UNSPECIFIED.,.F.,.F.,(4,4),(4.,5.),.PIECEWISE_BEZIER_KNOTS.);
#8161 = CARTESIAN_POINT('',(-5.945964224022E-02,0.39,0.212641070275));
#8162 = CARTESIAN_POINT('',(-6.169512176025E-02,0.39,0.212641070275));
#8163 = CARTESIAN_POINT('',(-6.354589085126E-02,0.39,0.213431286292));
#8164 = CARTESIAN_POINT('',(-6.499115435496E-02,0.39,0.215011718325));
#8165 = ORIENTED_EDGE('',*,*,#8140,.F.);
#8166 = ORIENTED_EDGE('',*,*,#7750,.T.);
#8167 = ORIENTED_EDGE('',*,*,#8168,.T.);
#8168 = EDGE_CURVE('',#7742,#8158,#8169,.T.);
#8169 = B_SPLINE_CURVE_WITH_KNOTS('',1,(#8170,#8171),.UNSPECIFIED.,.F.,
  .F.,(2,2),(-0.,1.E-02),.PIECEWISE_BEZIER_KNOTS.);
#8170 = CARTESIAN_POINT('',(-6.499115435496E-02,0.4,0.215011718325));
#8171 = CARTESIAN_POINT('',(-6.499115435496E-02,0.39,0.215011718325));
#8172 = B_SPLINE_SURFACE_WITH_KNOTS('',3,1,(
    (#8173,#8174)
    ,(#8175,#8176)
    ,(#8177,#8178)
    ,(#8179,#8180
    )),.UNSPECIFIED.,.F.,.F.,.F.,(4,4),(2,2),(4.,5.),(0.,1.),
  .PIECEWISE_BEZIER_KNOTS.);
#8173 = CARTESIAN_POINT('',(-5.945964224022E-02,0.4,0.212641070275));
#8174 = CARTESIAN_POINT('',(-5.945964224022E-02,0.39,0.212641070275));
#8175 = CARTESIAN_POINT('',(-6.169512176025E-02,0.4,0.212641070275));
#8176 = CARTESIAN_POINT('',(-6.169512176025E-02,0.39,0.212641070275));
#8177 = CARTESIAN_POINT('',(-6.354589085126E-02,0.4,0.213431286292));
#8178 = CARTESIAN_POINT('',(-6.354589085126E-02,0.39,0.213431286292));
#8179 = CARTESIAN_POINT('',(-6.499115435496E-02,0.4,0.215011718325));
#8180 = CARTESIAN_POINT('',(-6.499115435496E-02,0.39,0.215011718325));
#8181 = ADVANCED_FACE('',(#8182),#8200,.T.);
#8182 = FACE_BOUND('',#8183,.T.);
#8183 = EDGE_LOOP('',(#8184,#8193,#8194,#8195));
#8184 = ORIENTED_EDGE('',*,*,#8185,.F.);
#8185 = EDGE_CURVE('',#8158,#8186,#8188,.T.);
#8186 = VERTEX_POINT('',#8187);
#8187 = CARTESIAN_POINT('',(-6.717464597924E-02,0.39,0.220938338448));
#8188 = B_SPLINE_CURVE_WITH_KNOTS('',3,(#8189,#8190,#8191,#8192),
  .UNSPECIFIED.,.F.,.F.,(4,4),(5.,6.),.PIECEWISE_BEZIER_KNOTS.);
#8189 = CARTESIAN_POINT('',(-6.499115435496E-02,0.39,0.215011718325));
#8190 = CARTESIAN_POINT('',(-6.644681543781E-02,0.39,0.216571355199));
#8191 = CARTESIAN_POINT('',(-6.717464597924E-02,0.39,0.21854689524));
#8192 = CARTESIAN_POINT('',(-6.717464597924E-02,0.39,0.220938338448));
#8193 = ORIENTED_EDGE('',*,*,#8168,.F.);
#8194 = ORIENTED_EDGE('',*,*,#7741,.T.);
#8195 = ORIENTED_EDGE('',*,*,#8196,.T.);
#8196 = EDGE_CURVE('',#7735,#8186,#8197,.T.);
#8197 = B_SPLINE_CURVE_WITH_KNOTS('',1,(#8198,#8199),.UNSPECIFIED.,.F.,
  .F.,(2,2),(-0.,1.E-02),.PIECEWISE_BEZIER_KNOTS.);
#8198 = CARTESIAN_POINT('',(-6.717464597924E-02,0.4,0.220938338448));
#8199 = CARTESIAN_POINT('',(-6.717464597924E-02,0.39,0.220938338448));
#8200 = B_SPLINE_SURFACE_WITH_KNOTS('',3,1,(
    (#8201,#8202)
    ,(#8203,#8204)
    ,(#8205,#8206)
    ,(#8207,#8208
    )),.UNSPECIFIED.,.F.,.F.,.F.,(4,4),(2,2),(5.,6.),(0.,1.),
  .PIECEWISE_BEZIER_KNOTS.);
#8201 = CARTESIAN_POINT('',(-6.499115435496E-02,0.4,0.215011718325));
#8202 = CARTESIAN_POINT('',(-6.499115435496E-02,0.39,0.215011718325));
#8203 = CARTESIAN_POINT('',(-6.644681543781E-02,0.4,0.216571355199));
#8204 = CARTESIAN_POINT('',(-6.644681543781E-02,0.39,0.216571355199));
#8205 = CARTESIAN_POINT('',(-6.717464597924E-02,0.4,0.21854689524));
#8206 = CARTESIAN_POINT('',(-6.717464597924E-02,0.39,0.21854689524));
#8207 = CARTESIAN_POINT('',(-6.717464597924E-02,0.4,0.220938338448));
#8208 = CARTESIAN_POINT('',(-6.717464597924E-02,0.39,0.220938338448));
#8209 = ADVANCED_FACE('',(#8210),#8226,.T.);
#8210 = FACE_BOUND('',#8211,.T.);
#8211 = EDGE_LOOP('',(#8212,#8219,#8220,#8221));
#8212 = ORIENTED_EDGE('',*,*,#8213,.F.);
#8213 = EDGE_CURVE('',#8186,#8214,#8216,.T.);
#8214 = VERTEX_POINT('',#8215);
#8215 = CARTESIAN_POINT('',(-6.717464597924E-02,0.39,0.223724889663));
#8216 = B_SPLINE_CURVE_WITH_KNOTS('',1,(#8217,#8218),.UNSPECIFIED.,.F.,
  .F.,(2,2),(-6.938893903908E-18,2.78655121588E-03),
  .PIECEWISE_BEZIER_KNOTS.);
#8217 = CARTESIAN_POINT('',(-6.717464597924E-02,0.39,0.220938338448));
#8218 = CARTESIAN_POINT('',(-6.717464597924E-02,0.39,0.223724889663));
#8219 = ORIENTED_EDGE('',*,*,#8196,.F.);
#8220 = ORIENTED_EDGE('',*,*,#7734,.T.);
#8221 = ORIENTED_EDGE('',*,*,#8222,.T.);
#8222 = EDGE_CURVE('',#7728,#8214,#8223,.T.);
#8223 = B_SPLINE_CURVE_WITH_KNOTS('',1,(#8224,#8225),.UNSPECIFIED.,.F.,
  .F.,(2,2),(-0.,1.E-02),.PIECEWISE_BEZIER_KNOTS.);
#8224 = CARTESIAN_POINT('',(-6.717464597924E-02,0.4,0.223724889663));
#8225 = CARTESIAN_POINT('',(-6.717464597924E-02,0.39,0.223724889663));
#8226 = B_SPLINE_SURFACE_WITH_KNOTS('',1,1,(
    (#8227,#8228)
    ,(#8229,#8230
    )),.UNSPECIFIED.,.F.,.F.,.F.,(2,2),(2,2),(-2.78655121588E-03,
    6.938893903908E-18),(-1.E-02,0.),.PIECEWISE_BEZIER_KNOTS.);
#8227 = CARTESIAN_POINT('',(-6.717464597924E-02,0.39,0.223724889663));
#8228 = CARTESIAN_POINT('',(-6.717464597924E-02,0.4,0.223724889663));
#8229 = CARTESIAN_POINT('',(-6.717464597924E-02,0.39,0.220938338448));
#8230 = CARTESIAN_POINT('',(-6.717464597924E-02,0.4,0.220938338448));
#8231 = ADVANCED_FACE('',(#8232),#8242,.T.);
#8232 = FACE_BOUND('',#8233,.T.);
#8233 = EDGE_LOOP('',(#8234,#8239,#8240,#8241));
#8234 = ORIENTED_EDGE('',*,*,#8235,.F.);
#8235 = EDGE_CURVE('',#8214,#8040,#8236,.T.);
#8236 = B_SPLINE_CURVE_WITH_KNOTS('',1,(#8237,#8238),.UNSPECIFIED.,.F.,
  .F.,(2,2),(0.,6.861299385546E-03),.PIECEWISE_BEZIER_KNOTS.);
#8237 = CARTESIAN_POINT('',(-6.717464597924E-02,0.39,0.223724889663));
#8238 = CARTESIAN_POINT('',(-6.037462920651E-02,0.39,0.222809902697));
#8239 = ORIENTED_EDGE('',*,*,#8222,.F.);
#8240 = ORIENTED_EDGE('',*,*,#7727,.T.);
#8241 = ORIENTED_EDGE('',*,*,#8050,.T.);
#8242 = B_SPLINE_SURFACE_WITH_KNOTS('',1,1,(
    (#8243,#8244)
    ,(#8245,#8246
    )),.UNSPECIFIED.,.F.,.F.,.F.,(2,2),(2,2),(-6.861299385546E-03,0.),(
    -1.E-02,0.),.PIECEWISE_BEZIER_KNOTS.);
#8243 = CARTESIAN_POINT('',(-6.037462920651E-02,0.39,0.222809902697));
#8244 = CARTESIAN_POINT('',(-6.037462920651E-02,0.4,0.222809902697));
#8245 = CARTESIAN_POINT('',(-6.717464597924E-02,0.39,0.223724889663));
#8246 = CARTESIAN_POINT('',(-6.717464597924E-02,0.4,0.223724889663));
#8247 = ADVANCED_FACE('',(#8248),#8258,.T.);
#8248 = FACE_BOUND('',#8249,.T.);
#8249 = EDGE_LOOP('',(#8250,#8251,#8252,#8253,#8254,#8255,#8256,#8257));
#8250 = ORIENTED_EDGE('',*,*,#8039,.T.);
#8251 = ORIENTED_EDGE('',*,*,#8073,.T.);
#8252 = ORIENTED_EDGE('',*,*,#8101,.T.);
#8253 = ORIENTED_EDGE('',*,*,#8129,.T.);
#8254 = ORIENTED_EDGE('',*,*,#8157,.T.);
#8255 = ORIENTED_EDGE('',*,*,#8185,.T.);
#8256 = ORIENTED_EDGE('',*,*,#8213,.T.);
#8257 = ORIENTED_EDGE('',*,*,#8235,.T.);
#8258 = B_SPLINE_SURFACE_WITH_KNOTS('',1,1,(
    (#8259,#8260)
    ,(#8261,#8262
    )),.UNSPECIFIED.,.F.,.F.,.F.,(2,2),(2,2),(-0.277359029725,
    -0.266275210337),(0.682825354021,0.695905508608),
  .PIECEWISE_BEZIER_KNOTS.);
#8259 = CARTESIAN_POINT('',(-6.717464597924E-02,0.39,0.212641070275));
#8260 = CARTESIAN_POINT('',(-5.409449139204E-02,0.39,0.212641070275));
#8261 = CARTESIAN_POINT('',(-6.717464597924E-02,0.39,0.223724889663));
#8262 = CARTESIAN_POINT('',(-5.409449139204E-02,0.39,0.223724889663));
#8263 = ADVANCED_FACE('',(#8264),#8288,.F.);
#8264 = FACE_BOUND('',#8265,.F.);
#8265 = EDGE_LOOP('',(#8266,#8273,#8282,#8287));
#8266 = ORIENTED_EDGE('',*,*,#8267,.F.);
#8267 = EDGE_CURVE('',#8268,#292,#8270,.T.);
#8268 = VERTEX_POINT('',#8269);
#8269 = CARTESIAN_POINT('',(-8.755390113911E-02,0.4,0.212620275117));
#8270 = B_SPLINE_CURVE_WITH_KNOTS('',1,(#8271,#8272),.UNSPECIFIED.,.F.,
  .F.,(2,2),(-0.,1.E-02),.PIECEWISE_BEZIER_KNOTS.);
#8271 = CARTESIAN_POINT('',(-8.755390113911E-02,0.4,0.212620275117));
#8272 = CARTESIAN_POINT('',(-8.755390113911E-02,0.39,0.212620275117));
#8273 = ORIENTED_EDGE('',*,*,#8274,.T.);
#8274 = EDGE_CURVE('',#8268,#8275,#8277,.T.);
#8275 = VERTEX_POINT('',#8276);
#8276 = CARTESIAN_POINT('',(-7.917345233358E-02,0.4,0.215427621491));
#8277 = B_SPLINE_CURVE_WITH_KNOTS('',3,(#8278,#8279,#8280,#8281),
  .UNSPECIFIED.,.F.,.F.,(4,4),(0.,1.),.PIECEWISE_BEZIER_KNOTS.);
#8278 = CARTESIAN_POINT('',(-8.755390113911E-02,0.4,0.212620275117));
#8279 = CARTESIAN_POINT('',(-8.455939834007E-02,0.4,0.212620275117));
#8280 = CARTESIAN_POINT('',(-8.177284712432E-02,0.4,0.213556057242));
#8281 = CARTESIAN_POINT('',(-7.917345233358E-02,0.4,0.215427621491));
#8282 = ORIENTED_EDGE('',*,*,#8283,.T.);
#8283 = EDGE_CURVE('',#8275,#283,#8284,.T.);
#8284 = B_SPLINE_CURVE_WITH_KNOTS('',1,(#8285,#8286),.UNSPECIFIED.,.F.,
  .F.,(2,2),(-0.,1.E-02),.PIECEWISE_BEZIER_KNOTS.);
#8285 = CARTESIAN_POINT('',(-7.917345233358E-02,0.4,0.215427621491));
#8286 = CARTESIAN_POINT('',(-7.917345233358E-02,0.39,0.215427621491));
#8287 = ORIENTED_EDGE('',*,*,#291,.F.);
#8288 = B_SPLINE_SURFACE_WITH_KNOTS('',3,1,(
    (#8289,#8290)
    ,(#8291,#8292)
    ,(#8293,#8294)
    ,(#8295,#8296
    )),.UNSPECIFIED.,.F.,.F.,.F.,(4,4),(2,2),(0.,1.),(0.,1.),
  .PIECEWISE_BEZIER_KNOTS.);
#8289 = CARTESIAN_POINT('',(-8.755390113911E-02,0.4,0.212620275117));
#8290 = CARTESIAN_POINT('',(-8.755390113911E-02,0.39,0.212620275117));
#8291 = CARTESIAN_POINT('',(-8.455939834007E-02,0.4,0.212620275117));
#8292 = CARTESIAN_POINT('',(-8.455939834007E-02,0.39,0.212620275117));
#8293 = CARTESIAN_POINT('',(-8.177284712432E-02,0.4,0.213556057242));
#8294 = CARTESIAN_POINT('',(-8.177284712432E-02,0.39,0.213556057242));
#8295 = CARTESIAN_POINT('',(-7.917345233358E-02,0.4,0.215427621491));
#8296 = CARTESIAN_POINT('',(-7.917345233358E-02,0.39,0.215427621491));
#8297 = ADVANCED_FACE('',(#8298),#8314,.F.);
#8298 = FACE_BOUND('',#8299,.T.);
#8299 = EDGE_LOOP('',(#8300,#8301,#8308,#8313));
#8300 = ORIENTED_EDGE('',*,*,#282,.T.);
#8301 = ORIENTED_EDGE('',*,*,#8302,.F.);
#8302 = EDGE_CURVE('',#8303,#285,#8305,.T.);
#8303 = VERTEX_POINT('',#8304);
#8304 = CARTESIAN_POINT('',(-7.917345233358E-02,0.4,0.210166446435));
#8305 = B_SPLINE_CURVE_WITH_KNOTS('',1,(#8306,#8307),.UNSPECIFIED.,.F.,
  .F.,(2,2),(-0.,1.E-02),.PIECEWISE_BEZIER_KNOTS.);
#8306 = CARTESIAN_POINT('',(-7.917345233358E-02,0.4,0.210166446435));
#8307 = CARTESIAN_POINT('',(-7.917345233358E-02,0.39,0.210166446435));
#8308 = ORIENTED_EDGE('',*,*,#8309,.F.);
#8309 = EDGE_CURVE('',#8275,#8303,#8310,.T.);
#8310 = B_SPLINE_CURVE_WITH_KNOTS('',1,(#8311,#8312),.UNSPECIFIED.,.F.,
  .F.,(2,2),(-5.261175056389E-03,-0.),.PIECEWISE_BEZIER_KNOTS.);
#8311 = CARTESIAN_POINT('',(-7.917345233358E-02,0.4,0.215427621491));
#8312 = CARTESIAN_POINT('',(-7.917345233358E-02,0.4,0.210166446435));
#8313 = ORIENTED_EDGE('',*,*,#8283,.T.);
#8314 = B_SPLINE_SURFACE_WITH_KNOTS('',1,1,(
    (#8315,#8316)
    ,(#8317,#8318
    )),.UNSPECIFIED.,.F.,.F.,.F.,(2,2),(2,2),(0.,5.261175056389E-03),(
    -1.E-02,0.),.PIECEWISE_BEZIER_KNOTS.);
#8315 = CARTESIAN_POINT('',(-7.917345233358E-02,0.39,0.210166446435));
#8316 = CARTESIAN_POINT('',(-7.917345233358E-02,0.4,0.210166446435));
#8317 = CARTESIAN_POINT('',(-7.917345233358E-02,0.39,0.215427621491));
#8318 = CARTESIAN_POINT('',(-7.917345233358E-02,0.4,0.215427621491));
#8319 = ADVANCED_FACE('',(#8320),#8338,.F.);
#8320 = FACE_BOUND('',#8321,.F.);
#8321 = EDGE_LOOP('',(#8322,#8323,#8332,#8337));
#8322 = ORIENTED_EDGE('',*,*,#8302,.F.);
#8323 = ORIENTED_EDGE('',*,*,#8324,.T.);
#8324 = EDGE_CURVE('',#8303,#8325,#8327,.T.);
#8325 = VERTEX_POINT('',#8326);
#8326 = CARTESIAN_POINT('',(-8.70548173393E-02,0.4,0.208461243452));
#8327 = B_SPLINE_CURVE_WITH_KNOTS('',3,(#8328,#8329,#8330,#8331),
  .UNSPECIFIED.,.F.,.F.,(4,4),(19.,20.),.PIECEWISE_BEZIER_KNOTS.);
#8328 = CARTESIAN_POINT('',(-7.917345233358E-02,0.4,0.210166446435));
#8329 = CARTESIAN_POINT('',(-8.141932943276E-02,0.4,0.209043507885));
#8330 = CARTESIAN_POINT('',(-8.403951938195E-02,0.4,0.208461243452));
#8331 = CARTESIAN_POINT('',(-8.70548173393E-02,0.4,0.208461243452));
#8332 = ORIENTED_EDGE('',*,*,#8333,.T.);
#8333 = EDGE_CURVE('',#8325,#452,#8334,.T.);
#8334 = B_SPLINE_CURVE_WITH_KNOTS('',1,(#8335,#8336),.UNSPECIFIED.,.F.,
  .F.,(2,2),(-0.,1.E-02),.PIECEWISE_BEZIER_KNOTS.);
#8335 = CARTESIAN_POINT('',(-8.70548173393E-02,0.4,0.208461243452));
#8336 = CARTESIAN_POINT('',(-8.70548173393E-02,0.39,0.208461243452));
#8337 = ORIENTED_EDGE('',*,*,#460,.F.);
#8338 = B_SPLINE_SURFACE_WITH_KNOTS('',3,1,(
    (#8339,#8340)
    ,(#8341,#8342)
    ,(#8343,#8344)
    ,(#8345,#8346
    )),.UNSPECIFIED.,.F.,.F.,.F.,(4,4),(2,2),(19.,20.),(0.,1.),
  .PIECEWISE_BEZIER_KNOTS.);
#8339 = CARTESIAN_POINT('',(-7.917345233358E-02,0.4,0.210166446435));
#8340 = CARTESIAN_POINT('',(-7.917345233358E-02,0.39,0.210166446435));
#8341 = CARTESIAN_POINT('',(-8.141932943276E-02,0.4,0.209043507885));
#8342 = CARTESIAN_POINT('',(-8.141932943276E-02,0.39,0.209043507885));
#8343 = CARTESIAN_POINT('',(-8.403951938195E-02,0.4,0.208461243452));
#8344 = CARTESIAN_POINT('',(-8.403951938195E-02,0.39,0.208461243452));
#8345 = CARTESIAN_POINT('',(-8.70548173393E-02,0.4,0.208461243452));
#8346 = CARTESIAN_POINT('',(-8.70548173393E-02,0.39,0.208461243452));
#8347 = ADVANCED_FACE('',(#8348),#8366,.F.);
#8348 = FACE_BOUND('',#8349,.F.);
#8349 = EDGE_LOOP('',(#8350,#8351,#8360,#8365));
#8350 = ORIENTED_EDGE('',*,*,#8333,.F.);
#8351 = ORIENTED_EDGE('',*,*,#8352,.T.);
#8352 = EDGE_CURVE('',#8325,#8353,#8355,.T.);
#8353 = VERTEX_POINT('',#8354);
#8354 = CARTESIAN_POINT('',(-9.551844677803E-02,0.4,0.210769506026));
#8355 = B_SPLINE_CURVE_WITH_KNOTS('',3,(#8356,#8357,#8358,#8359),
  .UNSPECIFIED.,.F.,.F.,(4,4),(18.,19.),.PIECEWISE_BEZIER_KNOTS.);
#8356 = CARTESIAN_POINT('',(-8.70548173393E-02,0.4,0.208461243452));
#8357 = CARTESIAN_POINT('',(-9.051721120057E-02,0.4,0.208461243452));
#8358 = CARTESIAN_POINT('',(-9.334535273291E-02,0.4,0.20923066431));
#8359 = CARTESIAN_POINT('',(-9.551844677803E-02,0.4,0.210769506026));
#8360 = ORIENTED_EDGE('',*,*,#8361,.T.);
#8361 = EDGE_CURVE('',#8353,#443,#8362,.T.);
#8362 = B_SPLINE_CURVE_WITH_KNOTS('',1,(#8363,#8364),.UNSPECIFIED.,.F.,
  .F.,(2,2),(-0.,1.E-02),.PIECEWISE_BEZIER_KNOTS.);
#8363 = CARTESIAN_POINT('',(-9.551844677803E-02,0.4,0.210769506026));
#8364 = CARTESIAN_POINT('',(-9.551844677803E-02,0.39,0.210769506026));
#8365 = ORIENTED_EDGE('',*,*,#451,.F.);
#8366 = B_SPLINE_SURFACE_WITH_KNOTS('',3,1,(
    (#8367,#8368)
    ,(#8369,#8370)
    ,(#8371,#8372)
    ,(#8373,#8374
    )),.UNSPECIFIED.,.F.,.F.,.F.,(4,4),(2,2),(18.,19.),(0.,1.),
  .PIECEWISE_BEZIER_KNOTS.);
#8367 = CARTESIAN_POINT('',(-8.70548173393E-02,0.4,0.208461243452));
#8368 = CARTESIAN_POINT('',(-8.70548173393E-02,0.39,0.208461243452));
#8369 = CARTESIAN_POINT('',(-9.051721120057E-02,0.4,0.208461243452));
#8370 = CARTESIAN_POINT('',(-9.051721120057E-02,0.39,0.208461243452));
#8371 = CARTESIAN_POINT('',(-9.334535273291E-02,0.4,0.20923066431));
#8372 = CARTESIAN_POINT('',(-9.334535273291E-02,0.39,0.20923066431));
#8373 = CARTESIAN_POINT('',(-9.551844677803E-02,0.4,0.210769506026));
#8374 = CARTESIAN_POINT('',(-9.551844677803E-02,0.39,0.210769506026));
#8375 = ADVANCED_FACE('',(#8376),#8394,.F.);
#8376 = FACE_BOUND('',#8377,.F.);
#8377 = EDGE_LOOP('',(#8378,#8379,#8388,#8393));
#8378 = ORIENTED_EDGE('',*,*,#8361,.F.);
#8379 = ORIENTED_EDGE('',*,*,#8380,.T.);
#8380 = EDGE_CURVE('',#8353,#8381,#8383,.T.);
#8381 = VERTEX_POINT('',#8382);
#8382 = CARTESIAN_POINT('',(-9.879368421444E-02,0.4,0.217049643841));
#8383 = B_SPLINE_CURVE_WITH_KNOTS('',3,(#8384,#8385,#8386,#8387),
  .UNSPECIFIED.,.F.,.F.,(4,4),(17.,18.),.PIECEWISE_BEZIER_KNOTS.);
#8384 = CARTESIAN_POINT('',(-9.551844677803E-02,0.4,0.210769506026));
#8385 = CARTESIAN_POINT('',(-9.770193840231E-02,0.4,0.212287552584));
#8386 = CARTESIAN_POINT('',(-9.879368421444E-02,0.4,0.214387863575));
#8387 = CARTESIAN_POINT('',(-9.879368421444E-02,0.4,0.217049643841));
#8388 = ORIENTED_EDGE('',*,*,#8389,.T.);
#8389 = EDGE_CURVE('',#8381,#434,#8390,.T.);
#8390 = B_SPLINE_CURVE_WITH_KNOTS('',1,(#8391,#8392),.UNSPECIFIED.,.F.,
  .F.,(2,2),(-0.,1.E-02),.PIECEWISE_BEZIER_KNOTS.);
#8391 = CARTESIAN_POINT('',(-9.879368421444E-02,0.4,0.217049643841));
#8392 = CARTESIAN_POINT('',(-9.879368421444E-02,0.39,0.217049643841));
#8393 = ORIENTED_EDGE('',*,*,#442,.F.);
#8394 = B_SPLINE_SURFACE_WITH_KNOTS('',3,1,(
    (#8395,#8396)
    ,(#8397,#8398)
    ,(#8399,#8400)
    ,(#8401,#8402
    )),.UNSPECIFIED.,.F.,.F.,.F.,(4,4),(2,2),(17.,18.),(0.,1.),
  .PIECEWISE_BEZIER_KNOTS.);
#8395 = CARTESIAN_POINT('',(-9.551844677803E-02,0.4,0.210769506026));
#8396 = CARTESIAN_POINT('',(-9.551844677803E-02,0.39,0.210769506026));
#8397 = CARTESIAN_POINT('',(-9.770193840231E-02,0.4,0.212287552584));
#8398 = CARTESIAN_POINT('',(-9.770193840231E-02,0.39,0.212287552584));
#8399 = CARTESIAN_POINT('',(-9.879368421444E-02,0.4,0.214387863575));
#8400 = CARTESIAN_POINT('',(-9.879368421444E-02,0.39,0.214387863575));
#8401 = CARTESIAN_POINT('',(-9.879368421444E-02,0.4,0.217049643841));
#8402 = CARTESIAN_POINT('',(-9.879368421444E-02,0.39,0.217049643841));
#8403 = ADVANCED_FACE('',(#8404),#8422,.F.);
#8404 = FACE_BOUND('',#8405,.F.);
#8405 = EDGE_LOOP('',(#8406,#8407,#8416,#8421));
#8406 = ORIENTED_EDGE('',*,*,#8389,.F.);
#8407 = ORIENTED_EDGE('',*,*,#8408,.T.);
#8408 = EDGE_CURVE('',#8381,#8409,#8411,.T.);
#8409 = VERTEX_POINT('',#8410);
#8410 = CARTESIAN_POINT('',(-9.708848123169E-02,0.4,0.221853325414));
#8411 = B_SPLINE_CURVE_WITH_KNOTS('',3,(#8412,#8413,#8414,#8415),
  .UNSPECIFIED.,.F.,.F.,(4,4),(16.,17.),.PIECEWISE_BEZIER_KNOTS.);
#8412 = CARTESIAN_POINT('',(-9.879368421444E-02,0.4,0.217049643841));
#8413 = CARTESIAN_POINT('',(-9.879368421444E-02,0.4,0.218962798407));
#8414 = CARTESIAN_POINT('',(-9.822181736043E-02,0.4,0.220564025598));
#8415 = CARTESIAN_POINT('',(-9.708848123169E-02,0.4,0.221853325414));
#8416 = ORIENTED_EDGE('',*,*,#8417,.T.);
#8417 = EDGE_CURVE('',#8409,#425,#8418,.T.);
#8418 = B_SPLINE_CURVE_WITH_KNOTS('',1,(#8419,#8420),.UNSPECIFIED.,.F.,
  .F.,(2,2),(-0.,1.E-02),.PIECEWISE_BEZIER_KNOTS.);
#8419 = CARTESIAN_POINT('',(-9.708848123169E-02,0.4,0.221853325414));
#8420 = CARTESIAN_POINT('',(-9.708848123169E-02,0.39,0.221853325414));
#8421 = ORIENTED_EDGE('',*,*,#433,.F.);
#8422 = B_SPLINE_SURFACE_WITH_KNOTS('',3,1,(
    (#8423,#8424)
    ,(#8425,#8426)
    ,(#8427,#8428)
    ,(#8429,#8430
    )),.UNSPECIFIED.,.F.,.F.,.F.,(4,4),(2,2),(16.,17.),(0.,1.),
  .PIECEWISE_BEZIER_KNOTS.);
#8423 = CARTESIAN_POINT('',(-9.879368421444E-02,0.4,0.217049643841));
#8424 = CARTESIAN_POINT('',(-9.879368421444E-02,0.39,0.217049643841));
#8425 = CARTESIAN_POINT('',(-9.879368421444E-02,0.4,0.218962798407));
#8426 = CARTESIAN_POINT('',(-9.879368421444E-02,0.39,0.218962798407));
#8427 = CARTESIAN_POINT('',(-9.822181736043E-02,0.4,0.220564025598));
#8428 = CARTESIAN_POINT('',(-9.822181736043E-02,0.39,0.220564025598));
#8429 = CARTESIAN_POINT('',(-9.708848123169E-02,0.4,0.221853325414));
#8430 = CARTESIAN_POINT('',(-9.708848123169E-02,0.39,0.221853325414));
#8431 = ADVANCED_FACE('',(#8432),#8450,.F.);
#8432 = FACE_BOUND('',#8433,.F.);
#8433 = EDGE_LOOP('',(#8434,#8435,#8444,#8449));
#8434 = ORIENTED_EDGE('',*,*,#8417,.F.);
#8435 = ORIENTED_EDGE('',*,*,#8436,.T.);
#8436 = EDGE_CURVE('',#8409,#8437,#8439,.T.);
#8437 = VERTEX_POINT('',#8438);
#8438 = CARTESIAN_POINT('',(-9.051721120057E-02,0.4,0.225617249071));
#8439 = B_SPLINE_CURVE_WITH_KNOTS('',3,(#8440,#8441,#8442,#8443),
  .UNSPECIFIED.,.F.,.F.,(4,4),(15.,16.),.PIECEWISE_BEZIER_KNOTS.);
#8440 = CARTESIAN_POINT('',(-9.708848123169E-02,0.4,0.221853325414));
#8441 = CARTESIAN_POINT('',(-9.594474752379E-02,0.4,0.22314262523));
#8442 = CARTESIAN_POINT('',(-9.376125589952E-02,0.4,0.224411129888));
#8443 = CARTESIAN_POINT('',(-9.051721120057E-02,0.4,0.225617249071));
#8444 = ORIENTED_EDGE('',*,*,#8445,.T.);
#8445 = EDGE_CURVE('',#8437,#416,#8446,.T.);
#8446 = B_SPLINE_CURVE_WITH_KNOTS('',1,(#8447,#8448),.UNSPECIFIED.,.F.,
  .F.,(2,2),(-0.,1.E-02),.PIECEWISE_BEZIER_KNOTS.);
#8447 = CARTESIAN_POINT('',(-9.051721120057E-02,0.4,0.225617249071));
#8448 = CARTESIAN_POINT('',(-9.051721120057E-02,0.39,0.225617249071));
#8449 = ORIENTED_EDGE('',*,*,#424,.F.);
#8450 = B_SPLINE_SURFACE_WITH_KNOTS('',3,1,(
    (#8451,#8452)
    ,(#8453,#8454)
    ,(#8455,#8456)
    ,(#8457,#8458
    )),.UNSPECIFIED.,.F.,.F.,.F.,(4,4),(2,2),(15.,16.),(0.,1.),
  .PIECEWISE_BEZIER_KNOTS.);
#8451 = CARTESIAN_POINT('',(-9.708848123169E-02,0.4,0.221853325414));
#8452 = CARTESIAN_POINT('',(-9.708848123169E-02,0.39,0.221853325414));
#8453 = CARTESIAN_POINT('',(-9.594474752379E-02,0.4,0.22314262523));
#8454 = CARTESIAN_POINT('',(-9.594474752379E-02,0.39,0.22314262523));
#8455 = CARTESIAN_POINT('',(-9.376125589952E-02,0.4,0.224411129888));
#8456 = CARTESIAN_POINT('',(-9.376125589952E-02,0.39,0.224411129888));
#8457 = CARTESIAN_POINT('',(-9.051721120057E-02,0.4,0.225617249071));
#8458 = CARTESIAN_POINT('',(-9.051721120057E-02,0.39,0.225617249071));
#8459 = ADVANCED_FACE('',(#8460),#8478,.F.);
#8460 = FACE_BOUND('',#8461,.F.);
#8461 = EDGE_LOOP('',(#8462,#8463,#8472,#8477));
#8462 = ORIENTED_EDGE('',*,*,#8445,.F.);
#8463 = ORIENTED_EDGE('',*,*,#8464,.T.);
#8464 = EDGE_CURVE('',#8437,#8465,#8467,.T.);
#8465 = VERTEX_POINT('',#8466);
#8466 = CARTESIAN_POINT('',(-8.556796351885E-02,0.4,0.22811266807));
#8467 = B_SPLINE_CURVE_WITH_KNOTS('',3,(#8468,#8469,#8470,#8471),
  .UNSPECIFIED.,.F.,.F.,(4,4),(14.,15.),.PIECEWISE_BEZIER_KNOTS.);
#8468 = CARTESIAN_POINT('',(-9.051721120057E-02,0.4,0.225617249071));
#8469 = CARTESIAN_POINT('',(-8.795940672643E-02,0.4,0.226615416671));
#8470 = CARTESIAN_POINT('',(-8.631658921872E-02,0.4,0.227447223004));
#8471 = CARTESIAN_POINT('',(-8.556796351885E-02,0.4,0.22811266807));
#8472 = ORIENTED_EDGE('',*,*,#8473,.T.);
#8473 = EDGE_CURVE('',#8465,#407,#8474,.T.);
#8474 = B_SPLINE_CURVE_WITH_KNOTS('',1,(#8475,#8476),.UNSPECIFIED.,.F.,
  .F.,(2,2),(-0.,1.E-02),.PIECEWISE_BEZIER_KNOTS.);
#8475 = CARTESIAN_POINT('',(-8.556796351885E-02,0.4,0.22811266807));
#8476 = CARTESIAN_POINT('',(-8.556796351885E-02,0.39,0.22811266807));
#8477 = ORIENTED_EDGE('',*,*,#415,.F.);
#8478 = B_SPLINE_SURFACE_WITH_KNOTS('',3,1,(
    (#8479,#8480)
    ,(#8481,#8482)
    ,(#8483,#8484)
    ,(#8485,#8486
    )),.UNSPECIFIED.,.F.,.F.,.F.,(4,4),(2,2),(14.,15.),(0.,1.),
  .PIECEWISE_BEZIER_KNOTS.);
#8479 = CARTESIAN_POINT('',(-9.051721120057E-02,0.4,0.225617249071));
#8480 = CARTESIAN_POINT('',(-9.051721120057E-02,0.39,0.225617249071));
#8481 = CARTESIAN_POINT('',(-8.795940672643E-02,0.4,0.226615416671));
#8482 = CARTESIAN_POINT('',(-8.795940672643E-02,0.39,0.226615416671));
#8483 = CARTESIAN_POINT('',(-8.631658921872E-02,0.4,0.227447223004));
#8484 = CARTESIAN_POINT('',(-8.631658921872E-02,0.39,0.227447223004));
#8485 = CARTESIAN_POINT('',(-8.556796351885E-02,0.4,0.22811266807));
#8486 = CARTESIAN_POINT('',(-8.556796351885E-02,0.39,0.22811266807));
#8487 = ADVANCED_FACE('',(#8488),#8506,.F.);
#8488 = FACE_BOUND('',#8489,.F.);
#8489 = EDGE_LOOP('',(#8490,#8491,#8500,#8505));
#8490 = ORIENTED_EDGE('',*,*,#8473,.F.);
#8491 = ORIENTED_EDGE('',*,*,#8492,.T.);
#8492 = EDGE_CURVE('',#8465,#8493,#8495,.T.);
#8493 = VERTEX_POINT('',#8494);
#8494 = CARTESIAN_POINT('',(-8.445542254841E-02,0.4,0.230816038653));
#8495 = B_SPLINE_CURVE_WITH_KNOTS('',3,(#8496,#8497,#8498,#8499),
  .UNSPECIFIED.,.F.,.F.,(4,4),(13.,14.),.PIECEWISE_BEZIER_KNOTS.);
#8496 = CARTESIAN_POINT('',(-8.556796351885E-02,0.4,0.22811266807));
#8497 = CARTESIAN_POINT('',(-8.482973539828E-02,0.4,0.228757317978));
#8498 = CARTESIAN_POINT('',(-8.445542254841E-02,0.4,0.229651509786));
#8499 = CARTESIAN_POINT('',(-8.445542254841E-02,0.4,0.230816038653));
#8500 = ORIENTED_EDGE('',*,*,#8501,.T.);
#8501 = EDGE_CURVE('',#8493,#398,#8502,.T.);
#8502 = B_SPLINE_CURVE_WITH_KNOTS('',1,(#8503,#8504),.UNSPECIFIED.,.F.,
  .F.,(2,2),(-0.,1.E-02),.PIECEWISE_BEZIER_KNOTS.);
#8503 = CARTESIAN_POINT('',(-8.445542254841E-02,0.4,0.230816038653));
#8504 = CARTESIAN_POINT('',(-8.445542254841E-02,0.39,0.230816038653));
#8505 = ORIENTED_EDGE('',*,*,#406,.F.);
#8506 = B_SPLINE_SURFACE_WITH_KNOTS('',3,1,(
    (#8507,#8508)
    ,(#8509,#8510)
    ,(#8511,#8512)
    ,(#8513,#8514
    )),.UNSPECIFIED.,.F.,.F.,.F.,(4,4),(2,2),(13.,14.),(0.,1.),
  .PIECEWISE_BEZIER_KNOTS.);
#8507 = CARTESIAN_POINT('',(-8.556796351885E-02,0.4,0.22811266807));
#8508 = CARTESIAN_POINT('',(-8.556796351885E-02,0.39,0.22811266807));
#8509 = CARTESIAN_POINT('',(-8.482973539828E-02,0.4,0.228757317978));
#8510 = CARTESIAN_POINT('',(-8.482973539828E-02,0.39,0.228757317978));
#8511 = CARTESIAN_POINT('',(-8.445542254841E-02,0.4,0.229651509786));
#8512 = CARTESIAN_POINT('',(-8.445542254841E-02,0.39,0.229651509786));
#8513 = CARTESIAN_POINT('',(-8.445542254841E-02,0.4,0.230816038653));
#8514 = CARTESIAN_POINT('',(-8.445542254841E-02,0.39,0.230816038653));
#8515 = ADVANCED_FACE('',(#8516),#8534,.F.);
#8516 = FACE_BOUND('',#8517,.F.);
#8517 = EDGE_LOOP('',(#8518,#8519,#8528,#8533));
#8518 = ORIENTED_EDGE('',*,*,#8501,.F.);
#8519 = ORIENTED_EDGE('',*,*,#8520,.T.);
#8520 = EDGE_CURVE('',#8493,#8521,#8523,.T.);
#8521 = VERTEX_POINT('',#8522);
#8522 = CARTESIAN_POINT('',(-8.600466184376E-02,0.4,0.233644180185));
#8523 = B_SPLINE_CURVE_WITH_KNOTS('',3,(#8524,#8525,#8526,#8527),
  .UNSPECIFIED.,.F.,.F.,(4,4),(12.,13.),.PIECEWISE_BEZIER_KNOTS.);
#8524 = CARTESIAN_POINT('',(-8.445542254841E-02,0.4,0.230816038653));
#8525 = CARTESIAN_POINT('',(-8.445542254841E-02,0.4,0.231980567519));
#8526 = CARTESIAN_POINT('',(-8.497530150667E-02,0.4,0.232937144802));
#8527 = CARTESIAN_POINT('',(-8.600466184376E-02,0.4,0.233644180185));
#8528 = ORIENTED_EDGE('',*,*,#8529,.T.);
#8529 = EDGE_CURVE('',#8521,#389,#8530,.T.);
#8530 = B_SPLINE_CURVE_WITH_KNOTS('',1,(#8531,#8532),.UNSPECIFIED.,.F.,
  .F.,(2,2),(-0.,1.E-02),.PIECEWISE_BEZIER_KNOTS.);
#8531 = CARTESIAN_POINT('',(-8.600466184376E-02,0.4,0.233644180185));
#8532 = CARTESIAN_POINT('',(-8.600466184376E-02,0.39,0.233644180185));
#8533 = ORIENTED_EDGE('',*,*,#397,.F.);
#8534 = B_SPLINE_SURFACE_WITH_KNOTS('',3,1,(
    (#8535,#8536)
    ,(#8537,#8538)
    ,(#8539,#8540)
    ,(#8541,#8542
    )),.UNSPECIFIED.,.F.,.F.,.F.,(4,4),(2,2),(12.,13.),(0.,1.),
  .PIECEWISE_BEZIER_KNOTS.);
#8535 = CARTESIAN_POINT('',(-8.445542254841E-02,0.4,0.230816038653));
#8536 = CARTESIAN_POINT('',(-8.445542254841E-02,0.39,0.230816038653));
#8537 = CARTESIAN_POINT('',(-8.445542254841E-02,0.4,0.231980567519));
#8538 = CARTESIAN_POINT('',(-8.445542254841E-02,0.39,0.231980567519));
#8539 = CARTESIAN_POINT('',(-8.497530150667E-02,0.4,0.232937144802));
#8540 = CARTESIAN_POINT('',(-8.497530150667E-02,0.39,0.232937144802));
#8541 = CARTESIAN_POINT('',(-8.600466184376E-02,0.4,0.233644180185));
#8542 = CARTESIAN_POINT('',(-8.600466184376E-02,0.39,0.233644180185));
#8543 = ADVANCED_FACE('',(#8544),#8562,.F.);
#8544 = FACE_BOUND('',#8545,.F.);
#8545 = EDGE_LOOP('',(#8546,#8547,#8556,#8561));
#8546 = ORIENTED_EDGE('',*,*,#8529,.F.);
#8547 = ORIENTED_EDGE('',*,*,#8548,.T.);
#8548 = EDGE_CURVE('',#8521,#8549,#8551,.T.);
#8549 = VERTEX_POINT('',#8550);
#8550 = CARTESIAN_POINT('',(-9.001812740075E-02,0.4,0.234725528418));
#8551 = B_SPLINE_CURVE_WITH_KNOTS('',3,(#8552,#8553,#8554,#8555),
  .UNSPECIFIED.,.F.,.F.,(4,4),(11.,12.),.PIECEWISE_BEZIER_KNOTS.);
#8552 = CARTESIAN_POINT('',(-8.600466184376E-02,0.4,0.233644180185));
#8553 = CARTESIAN_POINT('',(-8.703402218085E-02,0.4,0.234372010726));
#8554 = CARTESIAN_POINT('',(-8.837530989304E-02,0.4,0.234725528418));
#8555 = CARTESIAN_POINT('',(-9.001812740075E-02,0.4,0.234725528418));
#8556 = ORIENTED_EDGE('',*,*,#8557,.T.);
#8557 = EDGE_CURVE('',#8549,#380,#8558,.T.);
#8558 = B_SPLINE_CURVE_WITH_KNOTS('',1,(#8559,#8560),.UNSPECIFIED.,.F.,
  .F.,(2,2),(-0.,1.E-02),.PIECEWISE_BEZIER_KNOTS.);
#8559 = CARTESIAN_POINT('',(-9.001812740075E-02,0.4,0.234725528418));
#8560 = CARTESIAN_POINT('',(-9.001812740075E-02,0.39,0.234725528418));
#8561 = ORIENTED_EDGE('',*,*,#388,.F.);
#8562 = B_SPLINE_SURFACE_WITH_KNOTS('',3,1,(
    (#8563,#8564)
    ,(#8565,#8566)
    ,(#8567,#8568)
    ,(#8569,#8570
    )),.UNSPECIFIED.,.F.,.F.,.F.,(4,4),(2,2),(11.,12.),(0.,1.),
  .PIECEWISE_BEZIER_KNOTS.);
#8563 = CARTESIAN_POINT('',(-8.600466184376E-02,0.4,0.233644180185));
#8564 = CARTESIAN_POINT('',(-8.600466184376E-02,0.39,0.233644180185));
#8565 = CARTESIAN_POINT('',(-8.703402218085E-02,0.4,0.234372010726));
#8566 = CARTESIAN_POINT('',(-8.703402218085E-02,0.39,0.234372010726));
#8567 = CARTESIAN_POINT('',(-8.837530989304E-02,0.4,0.234725528418));
#8568 = CARTESIAN_POINT('',(-8.837530989304E-02,0.39,0.234725528418));
#8569 = CARTESIAN_POINT('',(-9.001812740075E-02,0.4,0.234725528418));
#8570 = CARTESIAN_POINT('',(-9.001812740075E-02,0.39,0.234725528418));
#8571 = ADVANCED_FACE('',(#8572),#8590,.F.);
#8572 = FACE_BOUND('',#8573,.F.);
#8573 = EDGE_LOOP('',(#8574,#8575,#8584,#8589));
#8574 = ORIENTED_EDGE('',*,*,#8557,.F.);
#8575 = ORIENTED_EDGE('',*,*,#8576,.T.);
#8576 = EDGE_CURVE('',#8549,#8577,#8579,.T.);
#8577 = VERTEX_POINT('',#8578);
#8578 = CARTESIAN_POINT('',(-9.740040860664E-02,0.4,0.232625217427));
#8579 = B_SPLINE_CURVE_WITH_KNOTS('',3,(#8580,#8581,#8582,#8583),
  .UNSPECIFIED.,.F.,.F.,(4,4),(10.,11.),.PIECEWISE_BEZIER_KNOTS.);
#8580 = CARTESIAN_POINT('',(-9.001812740075E-02,0.4,0.234725528418));
#8581 = CARTESIAN_POINT('',(-9.277348587904E-02,0.4,0.234725528418));
#8582 = CARTESIAN_POINT('',(-9.522731456152E-02,0.4,0.234018493035));
#8583 = CARTESIAN_POINT('',(-9.740040860664E-02,0.4,0.232625217427));
#8584 = ORIENTED_EDGE('',*,*,#8585,.T.);
#8585 = EDGE_CURVE('',#8577,#373,#8586,.T.);
#8586 = B_SPLINE_CURVE_WITH_KNOTS('',1,(#8587,#8588),.UNSPECIFIED.,.F.,
  .F.,(2,2),(-0.,1.E-02),.PIECEWISE_BEZIER_KNOTS.);
#8587 = CARTESIAN_POINT('',(-9.740040860664E-02,0.4,0.232625217427));
#8588 = CARTESIAN_POINT('',(-9.740040860664E-02,0.39,0.232625217427));
#8589 = ORIENTED_EDGE('',*,*,#379,.F.);
#8590 = B_SPLINE_SURFACE_WITH_KNOTS('',3,1,(
    (#8591,#8592)
    ,(#8593,#8594)
    ,(#8595,#8596)
    ,(#8597,#8598
    )),.UNSPECIFIED.,.F.,.F.,.F.,(4,4),(2,2),(10.,11.),(0.,1.),
  .PIECEWISE_BEZIER_KNOTS.);
#8591 = CARTESIAN_POINT('',(-9.001812740075E-02,0.4,0.234725528418));
#8592 = CARTESIAN_POINT('',(-9.001812740075E-02,0.39,0.234725528418));
#8593 = CARTESIAN_POINT('',(-9.277348587904E-02,0.4,0.234725528418));
#8594 = CARTESIAN_POINT('',(-9.277348587904E-02,0.39,0.234725528418));
#8595 = CARTESIAN_POINT('',(-9.522731456152E-02,0.4,0.234018493035));
#8596 = CARTESIAN_POINT('',(-9.522731456152E-02,0.39,0.234018493035));
#8597 = CARTESIAN_POINT('',(-9.740040860664E-02,0.4,0.232625217427));
#8598 = CARTESIAN_POINT('',(-9.740040860664E-02,0.39,0.232625217427));
#8599 = ADVANCED_FACE('',(#8600),#8616,.F.);
#8600 = FACE_BOUND('',#8601,.T.);
#8601 = EDGE_LOOP('',(#8602,#8603,#8610,#8615));
#8602 = ORIENTED_EDGE('',*,*,#372,.T.);
#8603 = ORIENTED_EDGE('',*,*,#8604,.F.);
#8604 = EDGE_CURVE('',#8605,#364,#8607,.T.);
#8605 = VERTEX_POINT('',#8606);
#8606 = CARTESIAN_POINT('',(-9.740040860664E-02,0.4,0.237574465109));
#8607 = B_SPLINE_CURVE_WITH_KNOTS('',1,(#8608,#8609),.UNSPECIFIED.,.F.,
  .F.,(2,2),(-0.,1.E-02),.PIECEWISE_BEZIER_KNOTS.);
#8608 = CARTESIAN_POINT('',(-9.740040860664E-02,0.4,0.237574465109));
#8609 = CARTESIAN_POINT('',(-9.740040860664E-02,0.39,0.237574465109));
#8610 = ORIENTED_EDGE('',*,*,#8611,.F.);
#8611 = EDGE_CURVE('',#8577,#8605,#8612,.T.);
#8612 = B_SPLINE_CURVE_WITH_KNOTS('',1,(#8613,#8614),.UNSPECIFIED.,.F.,
  .F.,(2,2),(-4.949247681573E-03,0.),.PIECEWISE_BEZIER_KNOTS.);
#8613 = CARTESIAN_POINT('',(-9.740040860664E-02,0.4,0.232625217427));
#8614 = CARTESIAN_POINT('',(-9.740040860664E-02,0.4,0.237574465109));
#8615 = ORIENTED_EDGE('',*,*,#8585,.T.);
#8616 = B_SPLINE_SURFACE_WITH_KNOTS('',1,1,(
    (#8617,#8618)
    ,(#8619,#8620
    )),.UNSPECIFIED.,.F.,.F.,.F.,(2,2),(2,2),(-0.,4.949247681573E-03),(
    -1.E-02,0.),.PIECEWISE_BEZIER_KNOTS.);
#8617 = CARTESIAN_POINT('',(-9.740040860664E-02,0.39,0.237574465109));
#8618 = CARTESIAN_POINT('',(-9.740040860664E-02,0.4,0.237574465109));
#8619 = CARTESIAN_POINT('',(-9.740040860664E-02,0.39,0.232625217427));
#8620 = CARTESIAN_POINT('',(-9.740040860664E-02,0.4,0.232625217427));
#8621 = ADVANCED_FACE('',(#8622),#8640,.F.);
#8622 = FACE_BOUND('',#8623,.F.);
#8623 = EDGE_LOOP('',(#8624,#8625,#8634,#8639));
#8624 = ORIENTED_EDGE('',*,*,#8604,.F.);
#8625 = ORIENTED_EDGE('',*,*,#8626,.T.);
#8626 = EDGE_CURVE('',#8605,#8627,#8629,.T.);
#8627 = VERTEX_POINT('',#8628);
#8628 = CARTESIAN_POINT('',(-9.051721120057E-02,0.4,0.238863764925));
#8629 = B_SPLINE_CURVE_WITH_KNOTS('',3,(#8630,#8631,#8632,#8633),
  .UNSPECIFIED.,.F.,.F.,(4,4),(8.,9.),.PIECEWISE_BEZIER_KNOTS.);
#8630 = CARTESIAN_POINT('',(-9.740040860664E-02,0.4,0.237574465109));
#8631 = CARTESIAN_POINT('',(-9.527930245728E-02,0.4,0.238447861758));
#8632 = CARTESIAN_POINT('',(-9.299183504135E-02,0.4,0.238863764925));
#8633 = CARTESIAN_POINT('',(-9.051721120057E-02,0.4,0.238863764925));
#8634 = ORIENTED_EDGE('',*,*,#8635,.T.);
#8635 = EDGE_CURVE('',#8627,#355,#8636,.T.);
#8636 = B_SPLINE_CURVE_WITH_KNOTS('',1,(#8637,#8638),.UNSPECIFIED.,.F.,
  .F.,(2,2),(-0.,1.E-02),.PIECEWISE_BEZIER_KNOTS.);
#8637 = CARTESIAN_POINT('',(-9.051721120057E-02,0.4,0.238863764925));
#8638 = CARTESIAN_POINT('',(-9.051721120057E-02,0.39,0.238863764925));
#8639 = ORIENTED_EDGE('',*,*,#363,.F.);
#8640 = B_SPLINE_SURFACE_WITH_KNOTS('',3,1,(
    (#8641,#8642)
    ,(#8643,#8644)
    ,(#8645,#8646)
    ,(#8647,#8648
    )),.UNSPECIFIED.,.F.,.F.,.F.,(4,4),(2,2),(8.,9.),(0.,1.),
  .PIECEWISE_BEZIER_KNOTS.);
#8641 = CARTESIAN_POINT('',(-9.740040860664E-02,0.4,0.237574465109));
#8642 = CARTESIAN_POINT('',(-9.740040860664E-02,0.39,0.237574465109));
#8643 = CARTESIAN_POINT('',(-9.527930245728E-02,0.4,0.238447861758));
#8644 = CARTESIAN_POINT('',(-9.527930245728E-02,0.39,0.238447861758));
#8645 = CARTESIAN_POINT('',(-9.299183504135E-02,0.4,0.238863764925));
#8646 = CARTESIAN_POINT('',(-9.299183504135E-02,0.39,0.238863764925));
#8647 = CARTESIAN_POINT('',(-9.051721120057E-02,0.4,0.238863764925));
#8648 = CARTESIAN_POINT('',(-9.051721120057E-02,0.39,0.238863764925));
#8649 = ADVANCED_FACE('',(#8650),#8668,.F.);
#8650 = FACE_BOUND('',#8651,.F.);
#8651 = EDGE_LOOP('',(#8652,#8653,#8662,#8667));
#8652 = ORIENTED_EDGE('',*,*,#8635,.F.);
#8653 = ORIENTED_EDGE('',*,*,#8654,.T.);
#8654 = EDGE_CURVE('',#8627,#8655,#8657,.T.);
#8655 = VERTEX_POINT('',#8656);
#8656 = CARTESIAN_POINT('',(-8.246948492829E-02,0.4,0.236555502351));
#8657 = B_SPLINE_CURVE_WITH_KNOTS('',3,(#8658,#8659,#8660,#8661),
  .UNSPECIFIED.,.F.,.F.,(4,4),(7.,8.),.PIECEWISE_BEZIER_KNOTS.);
#8658 = CARTESIAN_POINT('',(-9.051721120057E-02,0.4,0.238863764925));
#8659 = CARTESIAN_POINT('',(-8.733555197666E-02,0.4,0.238863764925));
#8660 = CARTESIAN_POINT('',(-8.465297655257E-02,0.4,0.238094344067));
#8661 = CARTESIAN_POINT('',(-8.246948492829E-02,0.4,0.236555502351));
#8662 = ORIENTED_EDGE('',*,*,#8663,.T.);
#8663 = EDGE_CURVE('',#8655,#346,#8664,.T.);
#8664 = B_SPLINE_CURVE_WITH_KNOTS('',1,(#8665,#8666),.UNSPECIFIED.,.F.,
  .F.,(2,2),(-0.,1.E-02),.PIECEWISE_BEZIER_KNOTS.);
#8665 = CARTESIAN_POINT('',(-8.246948492829E-02,0.4,0.236555502351));
#8666 = CARTESIAN_POINT('',(-8.246948492829E-02,0.39,0.236555502351));
#8667 = ORIENTED_EDGE('',*,*,#354,.F.);
#8668 = B_SPLINE_SURFACE_WITH_KNOTS('',3,1,(
    (#8669,#8670)
    ,(#8671,#8672)
    ,(#8673,#8674)
    ,(#8675,#8676
    )),.UNSPECIFIED.,.F.,.F.,.F.,(4,4),(2,2),(7.,8.),(0.,1.),
  .PIECEWISE_BEZIER_KNOTS.);
#8669 = CARTESIAN_POINT('',(-9.051721120057E-02,0.4,0.238863764925));
#8670 = CARTESIAN_POINT('',(-9.051721120057E-02,0.39,0.238863764925));
#8671 = CARTESIAN_POINT('',(-8.733555197666E-02,0.4,0.238863764925));
#8672 = CARTESIAN_POINT('',(-8.733555197666E-02,0.39,0.238863764925));
#8673 = CARTESIAN_POINT('',(-8.465297655257E-02,0.4,0.238094344067));
#8674 = CARTESIAN_POINT('',(-8.465297655257E-02,0.39,0.238094344067));
#8675 = CARTESIAN_POINT('',(-8.246948492829E-02,0.4,0.236555502351));
#8676 = CARTESIAN_POINT('',(-8.246948492829E-02,0.39,0.236555502351));
#8677 = ADVANCED_FACE('',(#8678),#8696,.F.);
#8678 = FACE_BOUND('',#8679,.F.);
#8679 = EDGE_LOOP('',(#8680,#8681,#8690,#8695));
#8680 = ORIENTED_EDGE('',*,*,#8663,.F.);
#8681 = ORIENTED_EDGE('',*,*,#8682,.T.);
#8682 = EDGE_CURVE('',#8655,#8683,#8685,.T.);
#8683 = VERTEX_POINT('',#8684);
#8684 = CARTESIAN_POINT('',(-7.920464507104E-02,0.4,0.230358545169));
#8685 = B_SPLINE_CURVE_WITH_KNOTS('',3,(#8686,#8687,#8688,#8689),
  .UNSPECIFIED.,.F.,.F.,(4,4),(6.,7.),.PIECEWISE_BEZIER_KNOTS.);
#8686 = CARTESIAN_POINT('',(-8.246948492829E-02,0.4,0.236555502351));
#8687 = CARTESIAN_POINT('',(-8.029639088317E-02,0.4,0.234995865476));
#8688 = CARTESIAN_POINT('',(-7.920464507104E-02,0.4,0.232937144802));
#8689 = CARTESIAN_POINT('',(-7.920464507104E-02,0.4,0.230358545169));
#8690 = ORIENTED_EDGE('',*,*,#8691,.T.);
#8691 = EDGE_CURVE('',#8683,#337,#8692,.T.);
#8692 = B_SPLINE_CURVE_WITH_KNOTS('',1,(#8693,#8694),.UNSPECIFIED.,.F.,
  .F.,(2,2),(-0.,1.E-02),.PIECEWISE_BEZIER_KNOTS.);
#8693 = CARTESIAN_POINT('',(-7.920464507104E-02,0.4,0.230358545169));
#8694 = CARTESIAN_POINT('',(-7.920464507104E-02,0.39,0.230358545169));
#8695 = ORIENTED_EDGE('',*,*,#345,.F.);
#8696 = B_SPLINE_SURFACE_WITH_KNOTS('',3,1,(
    (#8697,#8698)
    ,(#8699,#8700)
    ,(#8701,#8702)
    ,(#8703,#8704
    )),.UNSPECIFIED.,.F.,.F.,.F.,(4,4),(2,2),(6.,7.),(0.,1.),
  .PIECEWISE_BEZIER_KNOTS.);
#8697 = CARTESIAN_POINT('',(-8.246948492829E-02,0.4,0.236555502351));
#8698 = CARTESIAN_POINT('',(-8.246948492829E-02,0.39,0.236555502351));
#8699 = CARTESIAN_POINT('',(-8.029639088317E-02,0.4,0.234995865476));
#8700 = CARTESIAN_POINT('',(-8.029639088317E-02,0.39,0.234995865476));
#8701 = CARTESIAN_POINT('',(-7.920464507104E-02,0.4,0.232937144802));
#8702 = CARTESIAN_POINT('',(-7.920464507104E-02,0.39,0.232937144802));
#8703 = CARTESIAN_POINT('',(-7.920464507104E-02,0.4,0.230358545169));
#8704 = CARTESIAN_POINT('',(-7.920464507104E-02,0.39,0.230358545169));
#8705 = ADVANCED_FACE('',(#8706),#8724,.F.);
#8706 = FACE_BOUND('',#8707,.F.);
#8707 = EDGE_LOOP('',(#8708,#8709,#8718,#8723));
#8708 = ORIENTED_EDGE('',*,*,#8691,.F.);
#8709 = ORIENTED_EDGE('',*,*,#8710,.T.);
#8710 = EDGE_CURVE('',#8683,#8711,#8713,.T.);
#8711 = VERTEX_POINT('',#8712);
#8712 = CARTESIAN_POINT('',(-8.064990857473E-02,0.4,0.225762815179));
#8713 = B_SPLINE_CURVE_WITH_KNOTS('',3,(#8714,#8715,#8716,#8717),
  .UNSPECIFIED.,.F.,.F.,(4,4),(5.,6.),.PIECEWISE_BEZIER_KNOTS.);
#8714 = CARTESIAN_POINT('',(-7.920464507104E-02,0.4,0.230358545169));
#8715 = CARTESIAN_POINT('',(-7.920464507104E-02,0.4,0.228570161553));
#8716 = CARTESIAN_POINT('',(-7.968293371255E-02,0.4,0.227031319837));
#8717 = CARTESIAN_POINT('',(-8.064990857473E-02,0.4,0.225762815179));
#8718 = ORIENTED_EDGE('',*,*,#8719,.T.);
#8719 = EDGE_CURVE('',#8711,#328,#8720,.T.);
#8720 = B_SPLINE_CURVE_WITH_KNOTS('',1,(#8721,#8722),.UNSPECIFIED.,.F.,
  .F.,(2,2),(-0.,1.E-02),.PIECEWISE_BEZIER_KNOTS.);
#8721 = CARTESIAN_POINT('',(-8.064990857473E-02,0.4,0.225762815179));
#8722 = CARTESIAN_POINT('',(-8.064990857473E-02,0.39,0.225762815179));
#8723 = ORIENTED_EDGE('',*,*,#336,.F.);
#8724 = B_SPLINE_SURFACE_WITH_KNOTS('',3,1,(
    (#8725,#8726)
    ,(#8727,#8728)
    ,(#8729,#8730)
    ,(#8731,#8732
    )),.UNSPECIFIED.,.F.,.F.,.F.,(4,4),(2,2),(5.,6.),(0.,1.),
  .PIECEWISE_BEZIER_KNOTS.);
#8725 = CARTESIAN_POINT('',(-7.920464507104E-02,0.4,0.230358545169));
#8726 = CARTESIAN_POINT('',(-7.920464507104E-02,0.39,0.230358545169));
#8727 = CARTESIAN_POINT('',(-7.920464507104E-02,0.4,0.228570161553));
#8728 = CARTESIAN_POINT('',(-7.920464507104E-02,0.39,0.228570161553));
#8729 = CARTESIAN_POINT('',(-7.968293371255E-02,0.4,0.227031319837));
#8730 = CARTESIAN_POINT('',(-7.968293371255E-02,0.39,0.227031319837));
#8731 = CARTESIAN_POINT('',(-8.064990857473E-02,0.4,0.225762815179));
#8732 = CARTESIAN_POINT('',(-8.064990857473E-02,0.39,0.225762815179));
#8733 = ADVANCED_FACE('',(#8734),#8752,.F.);
#8734 = FACE_BOUND('',#8735,.F.);
#8735 = EDGE_LOOP('',(#8736,#8737,#8746,#8751));
#8736 = ORIENTED_EDGE('',*,*,#8719,.F.);
#8737 = ORIENTED_EDGE('',*,*,#8738,.T.);
#8738 = EDGE_CURVE('',#8711,#8739,#8741,.T.);
#8739 = VERTEX_POINT('',#8740);
#8740 = CARTESIAN_POINT('',(-8.691964881019E-02,0.4,0.221915710889));
#8741 = B_SPLINE_CURVE_WITH_KNOTS('',3,(#8742,#8743,#8744,#8745),
  .UNSPECIFIED.,.F.,.F.,(4,4),(4.,5.),.PIECEWISE_BEZIER_KNOTS.);
#8742 = CARTESIAN_POINT('',(-8.064990857473E-02,0.4,0.225762815179));
#8743 = CARTESIAN_POINT('',(-8.160648585776E-02,0.4,0.224494310521));
#8744 = CARTESIAN_POINT('',(-8.370679684869E-02,0.4,0.223205010705));
#8745 = CARTESIAN_POINT('',(-8.691964881019E-02,0.4,0.221915710889));
#8746 = ORIENTED_EDGE('',*,*,#8747,.T.);
#8747 = EDGE_CURVE('',#8739,#319,#8748,.T.);
#8748 = B_SPLINE_CURVE_WITH_KNOTS('',1,(#8749,#8750),.UNSPECIFIED.,.F.,
  .F.,(2,2),(-0.,1.E-02),.PIECEWISE_BEZIER_KNOTS.);
#8749 = CARTESIAN_POINT('',(-8.691964881019E-02,0.4,0.221915710889));
#8750 = CARTESIAN_POINT('',(-8.691964881019E-02,0.39,0.221915710889));
#8751 = ORIENTED_EDGE('',*,*,#327,.F.);
#8752 = B_SPLINE_SURFACE_WITH_KNOTS('',3,1,(
    (#8753,#8754)
    ,(#8755,#8756)
    ,(#8757,#8758)
    ,(#8759,#8760
    )),.UNSPECIFIED.,.F.,.F.,.F.,(4,4),(2,2),(4.,5.),(0.,1.),
  .PIECEWISE_BEZIER_KNOTS.);
#8753 = CARTESIAN_POINT('',(-8.064990857473E-02,0.4,0.225762815179));
#8754 = CARTESIAN_POINT('',(-8.064990857473E-02,0.39,0.225762815179));
#8755 = CARTESIAN_POINT('',(-8.160648585776E-02,0.4,0.224494310521));
#8756 = CARTESIAN_POINT('',(-8.160648585776E-02,0.39,0.224494310521));
#8757 = CARTESIAN_POINT('',(-8.370679684869E-02,0.4,0.223205010705));
#8758 = CARTESIAN_POINT('',(-8.370679684869E-02,0.39,0.223205010705));
#8759 = CARTESIAN_POINT('',(-8.691964881019E-02,0.4,0.221915710889));
#8760 = CARTESIAN_POINT('',(-8.691964881019E-02,0.39,0.221915710889));
#8761 = ADVANCED_FACE('',(#8762),#8780,.F.);
#8762 = FACE_BOUND('',#8763,.F.);
#8763 = EDGE_LOOP('',(#8764,#8765,#8774,#8779));
#8764 = ORIENTED_EDGE('',*,*,#8747,.F.);
#8765 = ORIENTED_EDGE('',*,*,#8766,.T.);
#8766 = EDGE_CURVE('',#8739,#8767,#8769,.T.);
#8767 = VERTEX_POINT('',#8768);
#8768 = CARTESIAN_POINT('',(-9.225360692078E-02,0.4,0.219316316098));
#8769 = B_SPLINE_CURVE_WITH_KNOTS('',3,(#8770,#8771,#8772,#8773),
  .UNSPECIFIED.,.F.,.F.,(4,4),(3.,4.),.PIECEWISE_BEZIER_KNOTS.);
#8770 = CARTESIAN_POINT('',(-8.691964881019E-02,0.4,0.221915710889));
#8771 = CARTESIAN_POINT('',(-8.960222423428E-02,0.4,0.220917543289));
#8772 = CARTESIAN_POINT('',(-9.13802102711E-02,0.4,0.220044146639));
#8773 = CARTESIAN_POINT('',(-9.225360692078E-02,0.4,0.219316316098));
#8774 = ORIENTED_EDGE('',*,*,#8775,.T.);
#8775 = EDGE_CURVE('',#8767,#310,#8776,.T.);
#8776 = B_SPLINE_CURVE_WITH_KNOTS('',1,(#8777,#8778),.UNSPECIFIED.,.F.,
  .F.,(2,2),(-0.,1.E-02),.PIECEWISE_BEZIER_KNOTS.);
#8777 = CARTESIAN_POINT('',(-9.225360692078E-02,0.4,0.219316316098));
#8778 = CARTESIAN_POINT('',(-9.225360692078E-02,0.39,0.219316316098));
#8779 = ORIENTED_EDGE('',*,*,#318,.F.);
#8780 = B_SPLINE_SURFACE_WITH_KNOTS('',3,1,(
    (#8781,#8782)
    ,(#8783,#8784)
    ,(#8785,#8786)
    ,(#8787,#8788
    )),.UNSPECIFIED.,.F.,.F.,.F.,(4,4),(2,2),(3.,4.),(0.,1.),
  .PIECEWISE_BEZIER_KNOTS.);
#8781 = CARTESIAN_POINT('',(-8.691964881019E-02,0.4,0.221915710889));
#8782 = CARTESIAN_POINT('',(-8.691964881019E-02,0.39,0.221915710889));
#8783 = CARTESIAN_POINT('',(-8.960222423428E-02,0.4,0.220917543289));
#8784 = CARTESIAN_POINT('',(-8.960222423428E-02,0.39,0.220917543289));
#8785 = CARTESIAN_POINT('',(-9.13802102711E-02,0.4,0.220044146639));
#8786 = CARTESIAN_POINT('',(-9.13802102711E-02,0.39,0.220044146639));
#8787 = CARTESIAN_POINT('',(-9.225360692078E-02,0.4,0.219316316098));
#8788 = CARTESIAN_POINT('',(-9.225360692078E-02,0.39,0.219316316098));
#8789 = ADVANCED_FACE('',(#8790),#8808,.F.);
#8790 = FACE_BOUND('',#8791,.F.);
#8791 = EDGE_LOOP('',(#8792,#8793,#8802,#8807));
#8792 = ORIENTED_EDGE('',*,*,#8775,.F.);
#8793 = ORIENTED_EDGE('',*,*,#8794,.T.);
#8794 = EDGE_CURVE('',#8767,#8795,#8797,.T.);
#8795 = VERTEX_POINT('',#8796);
#8796 = CARTESIAN_POINT('',(-9.356370189537E-02,0.4,0.216550560041));
#8797 = B_SPLINE_CURVE_WITH_KNOTS('',3,(#8798,#8799,#8800,#8801),
  .UNSPECIFIED.,.F.,.F.,(4,4),(2.,3.),.PIECEWISE_BEZIER_KNOTS.);
#8798 = CARTESIAN_POINT('',(-9.225360692078E-02,0.4,0.219316316098));
#8799 = CARTESIAN_POINT('',(-9.31270035706E-02,0.4,0.218588485557));
#8800 = CARTESIAN_POINT('',(-9.356370189537E-02,0.4,0.21767349859));
#8801 = CARTESIAN_POINT('',(-9.356370189537E-02,0.4,0.216550560041));
#8802 = ORIENTED_EDGE('',*,*,#8803,.T.);
#8803 = EDGE_CURVE('',#8795,#301,#8804,.T.);
#8804 = B_SPLINE_CURVE_WITH_KNOTS('',1,(#8805,#8806),.UNSPECIFIED.,.F.,
  .F.,(2,2),(-0.,1.E-02),.PIECEWISE_BEZIER_KNOTS.);
#8805 = CARTESIAN_POINT('',(-9.356370189537E-02,0.4,0.216550560041));
#8806 = CARTESIAN_POINT('',(-9.356370189537E-02,0.39,0.216550560041));
#8807 = ORIENTED_EDGE('',*,*,#309,.F.);
#8808 = B_SPLINE_SURFACE_WITH_KNOTS('',3,1,(
    (#8809,#8810)
    ,(#8811,#8812)
    ,(#8813,#8814)
    ,(#8815,#8816
    )),.UNSPECIFIED.,.F.,.F.,.F.,(4,4),(2,2),(2.,3.),(0.,1.),
  .PIECEWISE_BEZIER_KNOTS.);
#8809 = CARTESIAN_POINT('',(-9.225360692078E-02,0.4,0.219316316098));
#8810 = CARTESIAN_POINT('',(-9.225360692078E-02,0.39,0.219316316098));
#8811 = CARTESIAN_POINT('',(-9.31270035706E-02,0.4,0.218588485557));
#8812 = CARTESIAN_POINT('',(-9.31270035706E-02,0.39,0.218588485557));
#8813 = CARTESIAN_POINT('',(-9.356370189537E-02,0.4,0.21767349859));
#8814 = CARTESIAN_POINT('',(-9.356370189537E-02,0.39,0.21767349859));
#8815 = CARTESIAN_POINT('',(-9.356370189537E-02,0.4,0.216550560041));
#8816 = CARTESIAN_POINT('',(-9.356370189537E-02,0.39,0.216550560041));
#8817 = ADVANCED_FACE('',(#8818),#8830,.F.);
#8818 = FACE_BOUND('',#8819,.F.);
#8819 = EDGE_LOOP('',(#8820,#8821,#8828,#8829));
#8820 = ORIENTED_EDGE('',*,*,#8803,.F.);
#8821 = ORIENTED_EDGE('',*,*,#8822,.T.);
#8822 = EDGE_CURVE('',#8795,#8268,#8823,.T.);
#8823 = B_SPLINE_CURVE_WITH_KNOTS('',3,(#8824,#8825,#8826,#8827),
  .UNSPECIFIED.,.F.,.F.,(4,4),(1.,2.),.PIECEWISE_BEZIER_KNOTS.);
#8824 = CARTESIAN_POINT('',(-9.356370189537E-02,0.4,0.216550560041));
#8825 = CARTESIAN_POINT('',(-9.356370189537E-02,0.4,0.213930370092));
#8826 = CARTESIAN_POINT('',(-9.155696911695E-02,0.4,0.212620275117));
#8827 = CARTESIAN_POINT('',(-8.755390113911E-02,0.4,0.212620275117));
#8828 = ORIENTED_EDGE('',*,*,#8267,.T.);
#8829 = ORIENTED_EDGE('',*,*,#300,.F.);
#8830 = B_SPLINE_SURFACE_WITH_KNOTS('',3,1,(
    (#8831,#8832)
    ,(#8833,#8834)
    ,(#8835,#8836)
    ,(#8837,#8838
    )),.UNSPECIFIED.,.F.,.F.,.F.,(4,4),(2,2),(1.,2.),(0.,1.),
  .PIECEWISE_BEZIER_KNOTS.);
#8831 = CARTESIAN_POINT('',(-9.356370189537E-02,0.4,0.216550560041));
#8832 = CARTESIAN_POINT('',(-9.356370189537E-02,0.39,0.216550560041));
#8833 = CARTESIAN_POINT('',(-9.356370189537E-02,0.4,0.213930370092));
#8834 = CARTESIAN_POINT('',(-9.356370189537E-02,0.39,0.213930370092));
#8835 = CARTESIAN_POINT('',(-9.155696911695E-02,0.4,0.212620275117));
#8836 = CARTESIAN_POINT('',(-9.155696911695E-02,0.39,0.212620275117));
#8837 = CARTESIAN_POINT('',(-8.755390113911E-02,0.4,0.212620275117));
#8838 = CARTESIAN_POINT('',(-8.755390113911E-02,0.39,0.212620275117));
#8839 = ADVANCED_FACE('',(#8840),#8863,.F.);
#8840 = FACE_BOUND('',#8841,.T.);
#8841 = EDGE_LOOP('',(#8842,#8843,#8844,#8845,#8846,#8847,#8848,#8849,
    #8850,#8851,#8852,#8853,#8854,#8855,#8856,#8857,#8858,#8859,#8860,
    #8861,#8862));
#8842 = ORIENTED_EDGE('',*,*,#8274,.T.);
#8843 = ORIENTED_EDGE('',*,*,#8309,.T.);
#8844 = ORIENTED_EDGE('',*,*,#8324,.T.);
#8845 = ORIENTED_EDGE('',*,*,#8352,.T.);
#8846 = ORIENTED_EDGE('',*,*,#8380,.T.);
#8847 = ORIENTED_EDGE('',*,*,#8408,.T.);
#8848 = ORIENTED_EDGE('',*,*,#8436,.T.);
#8849 = ORIENTED_EDGE('',*,*,#8464,.T.);
#8850 = ORIENTED_EDGE('',*,*,#8492,.T.);
#8851 = ORIENTED_EDGE('',*,*,#8520,.T.);
#8852 = ORIENTED_EDGE('',*,*,#8548,.T.);
#8853 = ORIENTED_EDGE('',*,*,#8576,.T.);
#8854 = ORIENTED_EDGE('',*,*,#8611,.T.);
#8855 = ORIENTED_EDGE('',*,*,#8626,.T.);
#8856 = ORIENTED_EDGE('',*,*,#8654,.T.);
#8857 = ORIENTED_EDGE('',*,*,#8682,.T.);
#8858 = ORIENTED_EDGE('',*,*,#8710,.T.);
#8859 = ORIENTED_EDGE('',*,*,#8738,.T.);
#8860 = ORIENTED_EDGE('',*,*,#8766,.T.);
#8861 = ORIENTED_EDGE('',*,*,#8794,.T.);
#8862 = ORIENTED_EDGE('',*,*,#8822,.T.);
#8863 = B_SPLINE_SURFACE_WITH_KNOTS('',1,1,(
    (#8864,#8865)
    ,(#8866,#8867
    )),.UNSPECIFIED.,.F.,.F.,.F.,(2,2),(2,2),(-2.554165321437E-02,
    4.860868258753E-03),(-1.557817298121E-02,4.04205889965E-03),
  .PIECEWISE_BEZIER_KNOTS.);
#8864 = CARTESIAN_POINT('',(-9.879368421444E-02,0.4,0.238863764925));
#8865 = CARTESIAN_POINT('',(-7.917345233358E-02,0.4,0.238863764925));
#8866 = CARTESIAN_POINT('',(-9.879368421444E-02,0.4,0.208461243452));
#8867 = CARTESIAN_POINT('',(-7.917345233358E-02,0.4,0.208461243452));
#8868 = ADVANCED_FACE('',(#8869),#8891,.F.);
#8869 = FACE_BOUND('',#8870,.T.);
#8870 = EDGE_LOOP('',(#8871,#8872,#8879,#8886));
#8871 = ORIENTED_EDGE('',*,*,#174,.T.);
#8872 = ORIENTED_EDGE('',*,*,#8873,.F.);
#8873 = EDGE_CURVE('',#8874,#166,#8876,.T.);
#8874 = VERTEX_POINT('',#8875);
#8875 = CARTESIAN_POINT('',(-0.124049404002,0.4,0.238198319858));
#8876 = B_SPLINE_CURVE_WITH_KNOTS('',1,(#8877,#8878),.UNSPECIFIED.,.F.,
  .F.,(2,2),(-0.,1.E-02),.PIECEWISE_BEZIER_KNOTS.);
#8877 = CARTESIAN_POINT('',(-0.124049404002,0.4,0.238198319858));
#8878 = CARTESIAN_POINT('',(-0.124049404002,0.39,0.238198319858));
#8879 = ORIENTED_EDGE('',*,*,#8880,.F.);
#8880 = EDGE_CURVE('',#8881,#8874,#8883,.T.);
#8881 = VERTEX_POINT('',#8882);
#8882 = CARTESIAN_POINT('',(-0.129331374217,0.4,0.238198319858));
#8883 = B_SPLINE_CURVE_WITH_KNOTS('',1,(#8884,#8885),.UNSPECIFIED.,.F.,
  .F.,(2,2),(-5.281970214694E-03,0.),.PIECEWISE_BEZIER_KNOTS.);
#8884 = CARTESIAN_POINT('',(-0.129331374217,0.4,0.238198319858));
#8885 = CARTESIAN_POINT('',(-0.124049404002,0.4,0.238198319858));
#8886 = ORIENTED_EDGE('',*,*,#8887,.T.);
#8887 = EDGE_CURVE('',#8881,#175,#8888,.T.);
#8888 = B_SPLINE_CURVE_WITH_KNOTS('',1,(#8889,#8890),.UNSPECIFIED.,.F.,
  .F.,(2,2),(-0.,1.E-02),.PIECEWISE_BEZIER_KNOTS.);
#8889 = CARTESIAN_POINT('',(-0.129331374217,0.4,0.238198319858));
#8890 = CARTESIAN_POINT('',(-0.129331374217,0.39,0.238198319858));
#8891 = B_SPLINE_SURFACE_WITH_KNOTS('',1,1,(
    (#8892,#8893)
    ,(#8894,#8895
    )),.UNSPECIFIED.,.F.,.F.,.F.,(2,2),(2,2),(0.,5.281970214694E-03),(
    -1.E-02,0.),.PIECEWISE_BEZIER_KNOTS.);
#8892 = CARTESIAN_POINT('',(-0.124049404002,0.39,0.238198319858));
#8893 = CARTESIAN_POINT('',(-0.124049404002,0.4,0.238198319858));
#8894 = CARTESIAN_POINT('',(-0.129331374217,0.39,0.238198319858));
#8895 = CARTESIAN_POINT('',(-0.129331374217,0.4,0.238198319858));
#8896 = ADVANCED_FACE('',(#8897),#8913,.F.);
#8897 = FACE_BOUND('',#8898,.T.);
#8898 = EDGE_LOOP('',(#8899,#8900,#8907,#8912));
#8899 = ORIENTED_EDGE('',*,*,#165,.T.);
#8900 = ORIENTED_EDGE('',*,*,#8901,.F.);
#8901 = EDGE_CURVE('',#8902,#168,#8904,.T.);
#8902 = VERTEX_POINT('',#8903);
#8903 = CARTESIAN_POINT('',(-0.1161160511,0.4,0.216321813299));
#8904 = B_SPLINE_CURVE_WITH_KNOTS('',1,(#8905,#8906),.UNSPECIFIED.,.F.,
  .F.,(2,2),(-0.,1.E-02),.PIECEWISE_BEZIER_KNOTS.);
#8905 = CARTESIAN_POINT('',(-0.1161160511,0.4,0.216321813299));
#8906 = CARTESIAN_POINT('',(-0.1161160511,0.39,0.216321813299));
#8907 = ORIENTED_EDGE('',*,*,#8908,.F.);
#8908 = EDGE_CURVE('',#8874,#8902,#8909,.T.);
#8909 = B_SPLINE_CURVE_WITH_KNOTS('',1,(#8910,#8911),.UNSPECIFIED.,.F.,
  .F.,(2,2),(-2.327057428389E-02,4.731184835831E-18),
  .PIECEWISE_BEZIER_KNOTS.);
#8910 = CARTESIAN_POINT('',(-0.124049404002,0.4,0.238198319858));
#8911 = CARTESIAN_POINT('',(-0.1161160511,0.4,0.216321813299));
#8912 = ORIENTED_EDGE('',*,*,#8873,.T.);
#8913 = B_SPLINE_SURFACE_WITH_KNOTS('',1,1,(
    (#8914,#8915)
    ,(#8916,#8917
    )),.UNSPECIFIED.,.F.,.F.,.F.,(2,2),(2,2),(-6.523206352859E-18,
    2.327057428389E-02),(-1.E-02,0.),.PIECEWISE_BEZIER_KNOTS.);
#8914 = CARTESIAN_POINT('',(-0.1161160511,0.39,0.216321813299));
#8915 = CARTESIAN_POINT('',(-0.1161160511,0.4,0.216321813299));
#8916 = CARTESIAN_POINT('',(-0.124049404002,0.39,0.238198319858));
#8917 = CARTESIAN_POINT('',(-0.124049404002,0.4,0.238198319858));
#8918 = ADVANCED_FACE('',(#8919),#8937,.F.);
#8919 = FACE_BOUND('',#8920,.F.);
#8920 = EDGE_LOOP('',(#8921,#8922,#8931,#8936));
#8921 = ORIENTED_EDGE('',*,*,#8901,.F.);
#8922 = ORIENTED_EDGE('',*,*,#8923,.T.);
#8923 = EDGE_CURVE('',#8902,#8924,#8926,.T.);
#8924 = VERTEX_POINT('',#8925);
#8925 = CARTESIAN_POINT('',(-0.11549219635,0.4,0.213971960408));
#8926 = B_SPLINE_CURVE_WITH_KNOTS('',3,(#8927,#8928,#8929,#8930),
  .UNSPECIFIED.,.F.,.F.,(4,4),(12.,13.),.PIECEWISE_BEZIER_KNOTS.);
#8927 = CARTESIAN_POINT('',(-0.1161160511,0.4,0.216321813299));
#8928 = CARTESIAN_POINT('',(-0.115804123726,0.4,0.215302850541));
#8929 = CARTESIAN_POINT('',(-0.115596172142,0.4,0.214512634525));
#8930 = CARTESIAN_POINT('',(-0.11549219635,0.4,0.213971960408));
#8931 = ORIENTED_EDGE('',*,*,#8932,.T.);
#8932 = EDGE_CURVE('',#8924,#267,#8933,.T.);
#8933 = B_SPLINE_CURVE_WITH_KNOTS('',1,(#8934,#8935),.UNSPECIFIED.,.F.,
  .F.,(2,2),(-0.,1.E-02),.PIECEWISE_BEZIER_KNOTS.);
#8934 = CARTESIAN_POINT('',(-0.11549219635,0.4,0.213971960408));
#8935 = CARTESIAN_POINT('',(-0.11549219635,0.39,0.213971960408));
#8936 = ORIENTED_EDGE('',*,*,#273,.F.);
#8937 = B_SPLINE_SURFACE_WITH_KNOTS('',3,1,(
    (#8938,#8939)
    ,(#8940,#8941)
    ,(#8942,#8943)
    ,(#8944,#8945
    )),.UNSPECIFIED.,.F.,.F.,.F.,(4,4),(2,2),(12.,13.),(0.,1.),
  .PIECEWISE_BEZIER_KNOTS.);
#8938 = CARTESIAN_POINT('',(-0.1161160511,0.4,0.216321813299));
#8939 = CARTESIAN_POINT('',(-0.1161160511,0.39,0.216321813299));
#8940 = CARTESIAN_POINT('',(-0.115804123726,0.4,0.215302850541));
#8941 = CARTESIAN_POINT('',(-0.115804123726,0.39,0.215302850541));
#8942 = CARTESIAN_POINT('',(-0.115596172142,0.4,0.214512634525));
#8943 = CARTESIAN_POINT('',(-0.115596172142,0.39,0.214512634525));
#8944 = CARTESIAN_POINT('',(-0.11549219635,0.4,0.213971960408));
#8945 = CARTESIAN_POINT('',(-0.11549219635,0.39,0.213971960408));
#8946 = ADVANCED_FACE('',(#8947),#8963,.F.);
#8947 = FACE_BOUND('',#8948,.T.);
#8948 = EDGE_LOOP('',(#8949,#8950,#8957,#8962));
#8949 = ORIENTED_EDGE('',*,*,#266,.T.);
#8950 = ORIENTED_EDGE('',*,*,#8951,.F.);
#8951 = EDGE_CURVE('',#8952,#260,#8954,.T.);
#8952 = VERTEX_POINT('',#8953);
#8953 = CARTESIAN_POINT('',(-0.115357027821,0.4,0.213971960408));
#8954 = B_SPLINE_CURVE_WITH_KNOTS('',1,(#8955,#8956),.UNSPECIFIED.,.F.,
  .F.,(2,2),(-0.,1.E-02),.PIECEWISE_BEZIER_KNOTS.);
#8955 = CARTESIAN_POINT('',(-0.115357027821,0.4,0.213971960408));
#8956 = CARTESIAN_POINT('',(-0.115357027821,0.39,0.213971960408));
#8957 = ORIENTED_EDGE('',*,*,#8958,.F.);
#8958 = EDGE_CURVE('',#8924,#8952,#8959,.T.);
#8959 = B_SPLINE_CURVE_WITH_KNOTS('',1,(#8960,#8961),.UNSPECIFIED.,.F.,
  .F.,(2,2),(-1.351685289669E-04,0.),.PIECEWISE_BEZIER_KNOTS.);
#8960 = CARTESIAN_POINT('',(-0.11549219635,0.4,0.213971960408));
#8961 = CARTESIAN_POINT('',(-0.115357027821,0.4,0.213971960408));
#8962 = ORIENTED_EDGE('',*,*,#8932,.T.);
#8963 = B_SPLINE_SURFACE_WITH_KNOTS('',1,1,(
    (#8964,#8965)
    ,(#8966,#8967
    )),.UNSPECIFIED.,.F.,.F.,.F.,(2,2),(2,2),(-0.,1.351685289669E-04),(
    -1.E-02,0.),.PIECEWISE_BEZIER_KNOTS.);
#8964 = CARTESIAN_POINT('',(-0.115357027821,0.39,0.213971960408));
#8965 = CARTESIAN_POINT('',(-0.115357027821,0.4,0.213971960408));
#8966 = CARTESIAN_POINT('',(-0.11549219635,0.39,0.213971960408));
#8967 = CARTESIAN_POINT('',(-0.11549219635,0.4,0.213971960408));
#8968 = ADVANCED_FACE('',(#8969),#8985,.F.);
#8969 = FACE_BOUND('',#8970,.T.);
#8970 = EDGE_LOOP('',(#8971,#8972,#8979,#8984));
#8971 = ORIENTED_EDGE('',*,*,#259,.T.);
#8972 = ORIENTED_EDGE('',*,*,#8973,.F.);
#8973 = EDGE_CURVE('',#8974,#253,#8976,.T.);
#8974 = VERTEX_POINT('',#8975);
#8975 = CARTESIAN_POINT('',(-0.114733173072,0.4,0.216363403616));
#8976 = B_SPLINE_CURVE_WITH_KNOTS('',1,(#8977,#8978),.UNSPECIFIED.,.F.,
  .F.,(2,2),(-0.,1.E-02),.PIECEWISE_BEZIER_KNOTS.);
#8977 = CARTESIAN_POINT('',(-0.114733173072,0.4,0.216363403616));
#8978 = CARTESIAN_POINT('',(-0.114733173072,0.39,0.216363403616));
#8979 = ORIENTED_EDGE('',*,*,#8980,.F.);
#8980 = EDGE_CURVE('',#8952,#8974,#8981,.T.);
#8981 = B_SPLINE_CURVE_WITH_KNOTS('',1,(#8982,#8983),.UNSPECIFIED.,.F.,
  .F.,(2,2),(-2.471476353124E-03,0.),.PIECEWISE_BEZIER_KNOTS.);
#8982 = CARTESIAN_POINT('',(-0.115357027821,0.4,0.213971960408));
#8983 = CARTESIAN_POINT('',(-0.114733173072,0.4,0.216363403616));
#8984 = ORIENTED_EDGE('',*,*,#8951,.T.);
#8985 = B_SPLINE_SURFACE_WITH_KNOTS('',1,1,(
    (#8986,#8987)
    ,(#8988,#8989
    )),.UNSPECIFIED.,.F.,.F.,.F.,(2,2),(2,2),(-0.,2.471476353124E-03),(
    -1.E-02,0.),.PIECEWISE_BEZIER_KNOTS.);
#8986 = CARTESIAN_POINT('',(-0.114733173072,0.39,0.216363403616));
#8987 = CARTESIAN_POINT('',(-0.114733173072,0.4,0.216363403616));
#8988 = CARTESIAN_POINT('',(-0.115357027821,0.39,0.213971960408));
#8989 = CARTESIAN_POINT('',(-0.115357027821,0.4,0.213971960408));
#8990 = ADVANCED_FACE('',(#8991),#9007,.F.);
#8991 = FACE_BOUND('',#8992,.T.);
#8992 = EDGE_LOOP('',(#8993,#8994,#9001,#9006));
#8993 = ORIENTED_EDGE('',*,*,#252,.T.);
#8994 = ORIENTED_EDGE('',*,*,#8995,.F.);
#8995 = EDGE_CURVE('',#8996,#246,#8998,.T.);
#8996 = VERTEX_POINT('',#8997);
#8997 = CARTESIAN_POINT('',(-0.107142940283,0.4,0.238198319858));
#8998 = B_SPLINE_CURVE_WITH_KNOTS('',1,(#8999,#9000),.UNSPECIFIED.,.F.,
  .F.,(2,2),(-0.,1.E-02),.PIECEWISE_BEZIER_KNOTS.);
#8999 = CARTESIAN_POINT('',(-0.107142940283,0.4,0.238198319858));
#9000 = CARTESIAN_POINT('',(-0.107142940283,0.39,0.238198319858));
#9001 = ORIENTED_EDGE('',*,*,#9002,.F.);
#9002 = EDGE_CURVE('',#8974,#8996,#9003,.T.);
#9003 = B_SPLINE_CURVE_WITH_KNOTS('',1,(#9004,#9005),.UNSPECIFIED.,.F.,
  .F.,(2,2),(-2.311655686124E-02,0.),.PIECEWISE_BEZIER_KNOTS.);
#9004 = CARTESIAN_POINT('',(-0.114733173072,0.4,0.216363403616));
#9005 = CARTESIAN_POINT('',(-0.107142940283,0.4,0.238198319858));
#9006 = ORIENTED_EDGE('',*,*,#8973,.T.);
#9007 = B_SPLINE_SURFACE_WITH_KNOTS('',1,1,(
    (#9008,#9009)
    ,(#9010,#9011
    )),.UNSPECIFIED.,.F.,.F.,.F.,(2,2),(2,2),(-0.,2.311655686124E-02),(
    -1.E-02,0.),.PIECEWISE_BEZIER_KNOTS.);
#9008 = CARTESIAN_POINT('',(-0.107142940283,0.39,0.238198319858));
#9009 = CARTESIAN_POINT('',(-0.107142940283,0.4,0.238198319858));
#9010 = CARTESIAN_POINT('',(-0.114733173072,0.39,0.216363403616));
#9011 = CARTESIAN_POINT('',(-0.114733173072,0.4,0.216363403616));
#9012 = ADVANCED_FACE('',(#9013),#9029,.F.);
#9013 = FACE_BOUND('',#9014,.T.);
#9014 = EDGE_LOOP('',(#9015,#9016,#9023,#9028));
#9015 = ORIENTED_EDGE('',*,*,#245,.T.);
#9016 = ORIENTED_EDGE('',*,*,#9017,.F.);
#9017 = EDGE_CURVE('',#9018,#239,#9020,.T.);
#9018 = VERTEX_POINT('',#9019);
#9019 = CARTESIAN_POINT('',(-0.101445066901,0.4,0.238198319858));
#9020 = B_SPLINE_CURVE_WITH_KNOTS('',1,(#9021,#9022),.UNSPECIFIED.,.F.,
  .F.,(2,2),(-0.,1.E-02),.PIECEWISE_BEZIER_KNOTS.);
#9021 = CARTESIAN_POINT('',(-0.101445066901,0.4,0.238198319858));
#9022 = CARTESIAN_POINT('',(-0.101445066901,0.39,0.238198319858));
#9023 = ORIENTED_EDGE('',*,*,#9024,.F.);
#9024 = EDGE_CURVE('',#8996,#9018,#9025,.T.);
#9025 = B_SPLINE_CURVE_WITH_KNOTS('',1,(#9026,#9027),.UNSPECIFIED.,.F.,
  .F.,(2,2),(-5.69787338144E-03,0.),.PIECEWISE_BEZIER_KNOTS.);
#9026 = CARTESIAN_POINT('',(-0.107142940283,0.4,0.238198319858));
#9027 = CARTESIAN_POINT('',(-0.101445066901,0.4,0.238198319858));
#9028 = ORIENTED_EDGE('',*,*,#8995,.T.);
#9029 = B_SPLINE_SURFACE_WITH_KNOTS('',1,1,(
    (#9030,#9031)
    ,(#9032,#9033
    )),.UNSPECIFIED.,.F.,.F.,.F.,(2,2),(2,2),(0.,5.69787338144E-03),(
    -1.E-02,0.),.PIECEWISE_BEZIER_KNOTS.);
#9030 = CARTESIAN_POINT('',(-0.101445066901,0.39,0.238198319858));
#9031 = CARTESIAN_POINT('',(-0.101445066901,0.4,0.238198319858));
#9032 = CARTESIAN_POINT('',(-0.107142940283,0.39,0.238198319858));
#9033 = CARTESIAN_POINT('',(-0.107142940283,0.4,0.238198319858));
#9034 = ADVANCED_FACE('',(#9035),#9051,.F.);
#9035 = FACE_BOUND('',#9036,.T.);
#9036 = EDGE_LOOP('',(#9037,#9038,#9045,#9050));
#9037 = ORIENTED_EDGE('',*,*,#238,.T.);
#9038 = ORIENTED_EDGE('',*,*,#9039,.F.);
#9039 = EDGE_CURVE('',#9040,#232,#9042,.T.);
#9040 = VERTEX_POINT('',#9041);
#9041 = CARTESIAN_POINT('',(-0.112840813664,0.4,0.209209869152));
#9042 = B_SPLINE_CURVE_WITH_KNOTS('',1,(#9043,#9044),.UNSPECIFIED.,.F.,
  .F.,(2,2),(-0.,1.E-02),.PIECEWISE_BEZIER_KNOTS.);
#9043 = CARTESIAN_POINT('',(-0.112840813664,0.4,0.209209869152));
#9044 = CARTESIAN_POINT('',(-0.112840813664,0.39,0.209209869152));
#9045 = ORIENTED_EDGE('',*,*,#9046,.F.);
#9046 = EDGE_CURVE('',#9018,#9040,#9047,.T.);
#9047 = B_SPLINE_CURVE_WITH_KNOTS('',1,(#9048,#9049),.UNSPECIFIED.,.F.,
  .F.,(2,2),(-3.114792639436E-02,-0.),.PIECEWISE_BEZIER_KNOTS.);
#9048 = CARTESIAN_POINT('',(-0.101445066901,0.4,0.238198319858));
#9049 = CARTESIAN_POINT('',(-0.112840813664,0.4,0.209209869152));
#9050 = ORIENTED_EDGE('',*,*,#9017,.T.);
#9051 = B_SPLINE_SURFACE_WITH_KNOTS('',1,1,(
    (#9052,#9053)
    ,(#9054,#9055
    )),.UNSPECIFIED.,.F.,.F.,.F.,(2,2),(2,2),(0.,3.114792639436E-02),(
    -1.E-02,0.),.PIECEWISE_BEZIER_KNOTS.);
#9052 = CARTESIAN_POINT('',(-0.112840813664,0.39,0.209209869152));
#9053 = CARTESIAN_POINT('',(-0.112840813664,0.4,0.209209869152));
#9054 = CARTESIAN_POINT('',(-0.101445066901,0.39,0.238198319858));
#9055 = CARTESIAN_POINT('',(-0.101445066901,0.4,0.238198319858));
#9056 = ADVANCED_FACE('',(#9057),#9073,.F.);
#9057 = FACE_BOUND('',#9058,.T.);
#9058 = EDGE_LOOP('',(#9059,#9060,#9067,#9072));
#9059 = ORIENTED_EDGE('',*,*,#231,.T.);
#9060 = ORIENTED_EDGE('',*,*,#9061,.F.);
#9061 = EDGE_CURVE('',#9062,#223,#9064,.T.);
#9062 = VERTEX_POINT('',#9063);
#9063 = CARTESIAN_POINT('',(-0.110605334144,0.4,0.203927898937));
#9064 = B_SPLINE_CURVE_WITH_KNOTS('',1,(#9065,#9066),.UNSPECIFIED.,.F.,
  .F.,(2,2),(-0.,1.E-02),.PIECEWISE_BEZIER_KNOTS.);
#9065 = CARTESIAN_POINT('',(-0.110605334144,0.4,0.203927898937));
#9066 = CARTESIAN_POINT('',(-0.110605334144,0.39,0.203927898937));
#9067 = ORIENTED_EDGE('',*,*,#9068,.F.);
#9068 = EDGE_CURVE('',#9040,#9062,#9069,.T.);
#9069 = B_SPLINE_CURVE_WITH_KNOTS('',1,(#9070,#9071),.UNSPECIFIED.,.F.,
  .F.,(2,2),(-5.735553856162E-03,-5.40898249892E-18),
  .PIECEWISE_BEZIER_KNOTS.);
#9070 = CARTESIAN_POINT('',(-0.112840813664,0.4,0.209209869152));
#9071 = CARTESIAN_POINT('',(-0.110605334144,0.4,0.203927898937));
#9072 = ORIENTED_EDGE('',*,*,#9039,.T.);
#9073 = B_SPLINE_SURFACE_WITH_KNOTS('',1,1,(
    (#9074,#9075)
    ,(#9076,#9077
    )),.UNSPECIFIED.,.F.,.F.,.F.,(2,2),(2,2),(5.40898249892E-18,
    5.735553856162E-03),(-1.E-02,0.),.PIECEWISE_BEZIER_KNOTS.);
#9074 = CARTESIAN_POINT('',(-0.110605334144,0.39,0.203927898937));
#9075 = CARTESIAN_POINT('',(-0.110605334144,0.4,0.203927898937));
#9076 = CARTESIAN_POINT('',(-0.112840813664,0.39,0.209209869152));
#9077 = CARTESIAN_POINT('',(-0.112840813664,0.4,0.209209869152));
#9078 = ADVANCED_FACE('',(#9079),#9097,.F.);
#9079 = FACE_BOUND('',#9080,.F.);
#9080 = EDGE_LOOP('',(#9081,#9082,#9091,#9096));
#9081 = ORIENTED_EDGE('',*,*,#9061,.F.);
#9082 = ORIENTED_EDGE('',*,*,#9083,.T.);
#9083 = EDGE_CURVE('',#9062,#9084,#9086,.T.);
#9084 = VERTEX_POINT('',#9085);
#9085 = CARTESIAN_POINT('',(-0.105385749404,0.4,0.199831252746));
#9086 = B_SPLINE_CURVE_WITH_KNOTS('',3,(#9087,#9088,#9089,#9090),
  .UNSPECIFIED.,.F.,.F.,(4,4),(5.,6.),.PIECEWISE_BEZIER_KNOTS.);
#9087 = CARTESIAN_POINT('',(-0.110605334144,0.4,0.203927898937));
#9088 = CARTESIAN_POINT('',(-0.109451202857,0.4,0.201182938038));
#9089 = CARTESIAN_POINT('',(-0.107714807137,0.4,0.199831252746));
#9090 = CARTESIAN_POINT('',(-0.105385749404,0.4,0.199831252746));
#9091 = ORIENTED_EDGE('',*,*,#9092,.T.);
#9092 = EDGE_CURVE('',#9084,#214,#9093,.T.);
#9093 = B_SPLINE_CURVE_WITH_KNOTS('',1,(#9094,#9095),.UNSPECIFIED.,.F.,
  .F.,(2,2),(-0.,1.E-02),.PIECEWISE_BEZIER_KNOTS.);
#9094 = CARTESIAN_POINT('',(-0.105385749404,0.4,0.199831252746));
#9095 = CARTESIAN_POINT('',(-0.105385749404,0.39,0.199831252746));
#9096 = ORIENTED_EDGE('',*,*,#222,.F.);
#9097 = B_SPLINE_SURFACE_WITH_KNOTS('',3,1,(
    (#9098,#9099)
    ,(#9100,#9101)
    ,(#9102,#9103)
    ,(#9104,#9105
    )),.UNSPECIFIED.,.F.,.F.,.F.,(4,4),(2,2),(5.,6.),(0.,1.),
  .PIECEWISE_BEZIER_KNOTS.);
#9098 = CARTESIAN_POINT('',(-0.110605334144,0.4,0.203927898937));
#9099 = CARTESIAN_POINT('',(-0.110605334144,0.39,0.203927898937));
#9100 = CARTESIAN_POINT('',(-0.109451202857,0.4,0.201182938038));
#9101 = CARTESIAN_POINT('',(-0.109451202857,0.39,0.201182938038));
#9102 = CARTESIAN_POINT('',(-0.107714807137,0.4,0.199831252746));
#9103 = CARTESIAN_POINT('',(-0.107714807137,0.39,0.199831252746));
#9104 = CARTESIAN_POINT('',(-0.105385749404,0.4,0.199831252746));
#9105 = CARTESIAN_POINT('',(-0.105385749404,0.39,0.199831252746));
#9106 = ADVANCED_FACE('',(#9107),#9125,.F.);
#9107 = FACE_BOUND('',#9108,.F.);
#9108 = EDGE_LOOP('',(#9109,#9110,#9119,#9124));
#9109 = ORIENTED_EDGE('',*,*,#9092,.F.);
#9110 = ORIENTED_EDGE('',*,*,#9111,.T.);
#9111 = EDGE_CURVE('',#9084,#9112,#9114,.T.);
#9112 = VERTEX_POINT('',#9113);
#9113 = CARTESIAN_POINT('',(-0.102495222397,0.4,0.20041351718));
#9114 = B_SPLINE_CURVE_WITH_KNOTS('',3,(#9115,#9116,#9117,#9118),
  .UNSPECIFIED.,.F.,.F.,(4,4),(4.,5.),.PIECEWISE_BEZIER_KNOTS.);
#9115 = CARTESIAN_POINT('',(-0.105385749404,0.4,0.199831252746));
#9116 = CARTESIAN_POINT('',(-0.104449967279,0.4,0.199831252746));
#9117 = CARTESIAN_POINT('',(-0.103493389996,0.4,0.200018409171));
#9118 = CARTESIAN_POINT('',(-0.102495222397,0.4,0.20041351718));
#9119 = ORIENTED_EDGE('',*,*,#9120,.T.);
#9120 = EDGE_CURVE('',#9112,#207,#9121,.T.);
#9121 = B_SPLINE_CURVE_WITH_KNOTS('',1,(#9122,#9123),.UNSPECIFIED.,.F.,
  .F.,(2,2),(-0.,1.E-02),.PIECEWISE_BEZIER_KNOTS.);
#9122 = CARTESIAN_POINT('',(-0.102495222397,0.4,0.20041351718));
#9123 = CARTESIAN_POINT('',(-0.102495222397,0.39,0.20041351718));
#9124 = ORIENTED_EDGE('',*,*,#213,.F.);
#9125 = B_SPLINE_SURFACE_WITH_KNOTS('',3,1,(
    (#9126,#9127)
    ,(#9128,#9129)
    ,(#9130,#9131)
    ,(#9132,#9133
    )),.UNSPECIFIED.,.F.,.F.,.F.,(4,4),(2,2),(4.,5.),(0.,1.),
  .PIECEWISE_BEZIER_KNOTS.);
#9126 = CARTESIAN_POINT('',(-0.105385749404,0.4,0.199831252746));
#9127 = CARTESIAN_POINT('',(-0.105385749404,0.39,0.199831252746));
#9128 = CARTESIAN_POINT('',(-0.104449967279,0.4,0.199831252746));
#9129 = CARTESIAN_POINT('',(-0.104449967279,0.39,0.199831252746));
#9130 = CARTESIAN_POINT('',(-0.103493389996,0.4,0.200018409171));
#9131 = CARTESIAN_POINT('',(-0.103493389996,0.39,0.200018409171));
#9132 = CARTESIAN_POINT('',(-0.102495222397,0.4,0.20041351718));
#9133 = CARTESIAN_POINT('',(-0.102495222397,0.39,0.20041351718));
#9134 = ADVANCED_FACE('',(#9135),#9151,.F.);
#9135 = FACE_BOUND('',#9136,.T.);
#9136 = EDGE_LOOP('',(#9137,#9138,#9145,#9150));
#9137 = ORIENTED_EDGE('',*,*,#206,.T.);
#9138 = ORIENTED_EDGE('',*,*,#9139,.F.);
#9139 = EDGE_CURVE('',#9140,#198,#9142,.T.);
#9140 = VERTEX_POINT('',#9141);
#9141 = CARTESIAN_POINT('',(-0.102495222397,0.4,0.195880172664));
#9142 = B_SPLINE_CURVE_WITH_KNOTS('',1,(#9143,#9144),.UNSPECIFIED.,.F.,
  .F.,(2,2),(-0.,1.E-02),.PIECEWISE_BEZIER_KNOTS.);
#9143 = CARTESIAN_POINT('',(-0.102495222397,0.4,0.195880172664));
#9144 = CARTESIAN_POINT('',(-0.102495222397,0.39,0.195880172664));
#9145 = ORIENTED_EDGE('',*,*,#9146,.F.);
#9146 = EDGE_CURVE('',#9112,#9140,#9147,.T.);
#9147 = B_SPLINE_CURVE_WITH_KNOTS('',1,(#9148,#9149),.UNSPECIFIED.,.F.,
  .F.,(2,2),(-4.533344515244E-03,6.938893903907E-18),
  .PIECEWISE_BEZIER_KNOTS.);
#9148 = CARTESIAN_POINT('',(-0.102495222397,0.4,0.20041351718));
#9149 = CARTESIAN_POINT('',(-0.102495222397,0.4,0.195880172664));
#9150 = ORIENTED_EDGE('',*,*,#9120,.T.);
#9151 = B_SPLINE_SURFACE_WITH_KNOTS('',1,1,(
    (#9152,#9153)
    ,(#9154,#9155
    )),.UNSPECIFIED.,.F.,.F.,.F.,(2,2),(2,2),(-6.938893903907E-18,
    4.533344515244E-03),(-1.E-02,0.),.PIECEWISE_BEZIER_KNOTS.);
#9152 = CARTESIAN_POINT('',(-0.102495222397,0.39,0.195880172664));
#9153 = CARTESIAN_POINT('',(-0.102495222397,0.4,0.195880172664));
#9154 = CARTESIAN_POINT('',(-0.102495222397,0.39,0.20041351718));
#9155 = CARTESIAN_POINT('',(-0.102495222397,0.4,0.20041351718));
#9156 = ADVANCED_FACE('',(#9157),#9175,.F.);
#9157 = FACE_BOUND('',#9158,.F.);
#9158 = EDGE_LOOP('',(#9159,#9160,#9169,#9174));
#9159 = ORIENTED_EDGE('',*,*,#9139,.F.);
#9160 = ORIENTED_EDGE('',*,*,#9161,.T.);
#9161 = EDGE_CURVE('',#9140,#9162,#9164,.T.);
#9162 = VERTEX_POINT('',#9163);
#9163 = CARTESIAN_POINT('',(-0.105780857412,0.4,0.195464269498));
#9164 = B_SPLINE_CURVE_WITH_KNOTS('',3,(#9165,#9166,#9167,#9168),
  .UNSPECIFIED.,.F.,.F.,(4,4),(2.,3.),.PIECEWISE_BEZIER_KNOTS.);
#9165 = CARTESIAN_POINT('',(-0.102495222397,0.4,0.195880172664));
#9166 = CARTESIAN_POINT('',(-0.103399811784,0.4,0.195609835606));
#9167 = CARTESIAN_POINT('',(-0.104501955175,0.4,0.195464269498));
#9168 = CARTESIAN_POINT('',(-0.105780857412,0.4,0.195464269498));
#9169 = ORIENTED_EDGE('',*,*,#9170,.T.);
#9170 = EDGE_CURVE('',#9162,#189,#9171,.T.);
#9171 = B_SPLINE_CURVE_WITH_KNOTS('',1,(#9172,#9173),.UNSPECIFIED.,.F.,
  .F.,(2,2),(-0.,1.E-02),.PIECEWISE_BEZIER_KNOTS.);
#9172 = CARTESIAN_POINT('',(-0.105780857412,0.4,0.195464269498));
#9173 = CARTESIAN_POINT('',(-0.105780857412,0.39,0.195464269498));
#9174 = ORIENTED_EDGE('',*,*,#197,.F.);
#9175 = B_SPLINE_SURFACE_WITH_KNOTS('',3,1,(
    (#9176,#9177)
    ,(#9178,#9179)
    ,(#9180,#9181)
    ,(#9182,#9183
    )),.UNSPECIFIED.,.F.,.F.,.F.,(4,4),(2,2),(2.,3.),(0.,1.),
  .PIECEWISE_BEZIER_KNOTS.);
#9176 = CARTESIAN_POINT('',(-0.102495222397,0.4,0.195880172664));
#9177 = CARTESIAN_POINT('',(-0.102495222397,0.39,0.195880172664));
#9178 = CARTESIAN_POINT('',(-0.103399811784,0.4,0.195609835606));
#9179 = CARTESIAN_POINT('',(-0.103399811784,0.39,0.195609835606));
#9180 = CARTESIAN_POINT('',(-0.104501955175,0.4,0.195464269498));
#9181 = CARTESIAN_POINT('',(-0.104501955175,0.39,0.195464269498));
#9182 = CARTESIAN_POINT('',(-0.105780857412,0.4,0.195464269498));
#9183 = CARTESIAN_POINT('',(-0.105780857412,0.39,0.195464269498));
#9184 = ADVANCED_FACE('',(#9185),#9203,.F.);
#9185 = FACE_BOUND('',#9186,.F.);
#9186 = EDGE_LOOP('',(#9187,#9188,#9197,#9202));
#9187 = ORIENTED_EDGE('',*,*,#9170,.F.);
#9188 = ORIENTED_EDGE('',*,*,#9189,.T.);
#9189 = EDGE_CURVE('',#9162,#9190,#9192,.T.);
#9190 = VERTEX_POINT('',#9191);
#9191 = CARTESIAN_POINT('',(-0.116147243838,0.4,0.20475970527));
#9192 = B_SPLINE_CURVE_WITH_KNOTS('',3,(#9193,#9194,#9195,#9196),
  .UNSPECIFIED.,.F.,.F.,(4,4),(1.,2.),.PIECEWISE_BEZIER_KNOTS.);
#9193 = CARTESIAN_POINT('',(-0.105780857412,0.4,0.195464269498));
#9194 = CARTESIAN_POINT('',(-0.110241418873,0.4,0.195464269498));
#9195 = CARTESIAN_POINT('',(-0.113693415155,0.4,0.198562748088));
#9196 = CARTESIAN_POINT('',(-0.116147243838,0.4,0.20475970527));
#9197 = ORIENTED_EDGE('',*,*,#9198,.T.);
#9198 = EDGE_CURVE('',#9190,#182,#9199,.T.);
#9199 = B_SPLINE_CURVE_WITH_KNOTS('',1,(#9200,#9201),.UNSPECIFIED.,.F.,
  .F.,(2,2),(-0.,1.E-02),.PIECEWISE_BEZIER_KNOTS.);
#9200 = CARTESIAN_POINT('',(-0.116147243838,0.4,0.20475970527));
#9201 = CARTESIAN_POINT('',(-0.116147243838,0.39,0.20475970527));
#9202 = ORIENTED_EDGE('',*,*,#188,.F.);
#9203 = B_SPLINE_SURFACE_WITH_KNOTS('',3,1,(
    (#9204,#9205)
    ,(#9206,#9207)
    ,(#9208,#9209)
    ,(#9210,#9211
    )),.UNSPECIFIED.,.F.,.F.,.F.,(4,4),(2,2),(1.,2.),(0.,1.),
  .PIECEWISE_BEZIER_KNOTS.);
#9204 = CARTESIAN_POINT('',(-0.105780857412,0.4,0.195464269498));
#9205 = CARTESIAN_POINT('',(-0.105780857412,0.39,0.195464269498));
#9206 = CARTESIAN_POINT('',(-0.110241418873,0.4,0.195464269498));
#9207 = CARTESIAN_POINT('',(-0.110241418873,0.39,0.195464269498));
#9208 = CARTESIAN_POINT('',(-0.113693415155,0.4,0.198562748088));
#9209 = CARTESIAN_POINT('',(-0.113693415155,0.39,0.198562748088));
#9210 = CARTESIAN_POINT('',(-0.116147243838,0.4,0.20475970527));
#9211 = CARTESIAN_POINT('',(-0.116147243838,0.39,0.20475970527));
#9212 = ADVANCED_FACE('',(#9213),#9223,.F.);
#9213 = FACE_BOUND('',#9214,.T.);
#9214 = EDGE_LOOP('',(#9215,#9216,#9217,#9222));
#9215 = ORIENTED_EDGE('',*,*,#181,.T.);
#9216 = ORIENTED_EDGE('',*,*,#8887,.F.);
#9217 = ORIENTED_EDGE('',*,*,#9218,.F.);
#9218 = EDGE_CURVE('',#9190,#8881,#9219,.T.);
#9219 = B_SPLINE_CURVE_WITH_KNOTS('',1,(#9220,#9221),.UNSPECIFIED.,.F.,
  .F.,(2,2),(-3.594387624413E-02,0.),.PIECEWISE_BEZIER_KNOTS.);
#9220 = CARTESIAN_POINT('',(-0.116147243838,0.4,0.20475970527));
#9221 = CARTESIAN_POINT('',(-0.129331374217,0.4,0.238198319858));
#9222 = ORIENTED_EDGE('',*,*,#9198,.T.);
#9223 = B_SPLINE_SURFACE_WITH_KNOTS('',1,1,(
    (#9224,#9225)
    ,(#9226,#9227
    )),.UNSPECIFIED.,.F.,.F.,.F.,(2,2),(2,2),(0.,3.594387624413E-02),(
    -1.E-02,0.),.PIECEWISE_BEZIER_KNOTS.);
#9224 = CARTESIAN_POINT('',(-0.129331374217,0.39,0.238198319858));
#9225 = CARTESIAN_POINT('',(-0.129331374217,0.4,0.238198319858));
#9226 = CARTESIAN_POINT('',(-0.116147243838,0.39,0.20475970527));
#9227 = CARTESIAN_POINT('',(-0.116147243838,0.4,0.20475970527));
#9228 = ADVANCED_FACE('',(#9229),#9246,.T.);
#9229 = FACE_BOUND('',#9230,.T.);
#9230 = EDGE_LOOP('',(#9231,#9232,#9233,#9234,#9235,#9236,#9237,#9238,
    #9239,#9240,#9241,#9242,#9243,#9244,#9245));
#9231 = ORIENTED_EDGE('',*,*,#8880,.T.);
#9232 = ORIENTED_EDGE('',*,*,#8908,.T.);
#9233 = ORIENTED_EDGE('',*,*,#8923,.T.);
#9234 = ORIENTED_EDGE('',*,*,#8958,.T.);
#9235 = ORIENTED_EDGE('',*,*,#8980,.T.);
#9236 = ORIENTED_EDGE('',*,*,#9002,.T.);
#9237 = ORIENTED_EDGE('',*,*,#9024,.T.);
#9238 = ORIENTED_EDGE('',*,*,#9046,.T.);
#9239 = ORIENTED_EDGE('',*,*,#9068,.T.);
#9240 = ORIENTED_EDGE('',*,*,#9083,.T.);
#9241 = ORIENTED_EDGE('',*,*,#9111,.T.);
#9242 = ORIENTED_EDGE('',*,*,#9146,.T.);
#9243 = ORIENTED_EDGE('',*,*,#9161,.T.);
#9244 = ORIENTED_EDGE('',*,*,#9189,.T.);
#9245 = ORIENTED_EDGE('',*,*,#9218,.T.);
#9246 = B_SPLINE_SURFACE_WITH_KNOTS('',1,1,(
    (#9247,#9248)
    ,(#9249,#9250
    )),.UNSPECIFIED.,.F.,.F.,.F.,(2,2),(2,2),(-2.323858943023E-03,
    4.04101914177E-02),(-1.761479879976E-02,1.027150851582E-02),
  .PIECEWISE_BEZIER_KNOTS.);
#9247 = CARTESIAN_POINT('',(-0.129331374217,0.4,0.195464269498));
#9248 = CARTESIAN_POINT('',(-0.101445066901,0.4,0.195464269498));
#9249 = CARTESIAN_POINT('',(-0.129331374217,0.4,0.238198319858));
#9250 = CARTESIAN_POINT('',(-0.101445066901,0.4,0.238198319858));
#9251 = ADVANCED_FACE('',(#9252),#9274,.F.);
#9252 = FACE_BOUND('',#9253,.T.);
#9253 = EDGE_LOOP('',(#9254,#9255,#9262,#9269));
#9254 = ORIENTED_EDGE('',*,*,#88,.T.);
#9255 = ORIENTED_EDGE('',*,*,#9256,.F.);
#9256 = EDGE_CURVE('',#9257,#80,#9259,.T.);
#9257 = VERTEX_POINT('',#9258);
#9258 = CARTESIAN_POINT('',(-0.156697802574,0.4,0.213784803983));
#9259 = B_SPLINE_CURVE_WITH_KNOTS('',1,(#9260,#9261),.UNSPECIFIED.,.F.,
  .F.,(2,2),(-0.,1.E-02),.PIECEWISE_BEZIER_KNOTS.);
#9260 = CARTESIAN_POINT('',(-0.156697802574,0.4,0.213784803983));
#9261 = CARTESIAN_POINT('',(-0.156697802574,0.39,0.213784803983));
#9262 = ORIENTED_EDGE('',*,*,#9263,.F.);
#9263 = EDGE_CURVE('',#9264,#9257,#9266,.T.);
#9264 = VERTEX_POINT('',#9265);
#9265 = CARTESIAN_POINT('',(-0.156697802574,0.4,0.209147483677));
#9266 = B_SPLINE_CURVE_WITH_KNOTS('',1,(#9267,#9268),.UNSPECIFIED.,.F.,
  .F.,(2,2),(-4.637320306758E-03,0.),.PIECEWISE_BEZIER_KNOTS.);
#9267 = CARTESIAN_POINT('',(-0.156697802574,0.4,0.209147483677));
#9268 = CARTESIAN_POINT('',(-0.156697802574,0.4,0.213784803983));
#9269 = ORIENTED_EDGE('',*,*,#9270,.T.);
#9270 = EDGE_CURVE('',#9264,#89,#9271,.T.);
#9271 = B_SPLINE_CURVE_WITH_KNOTS('',1,(#9272,#9273),.UNSPECIFIED.,.F.,
  .F.,(2,2),(-0.,1.E-02),.PIECEWISE_BEZIER_KNOTS.);
#9272 = CARTESIAN_POINT('',(-0.156697802574,0.4,0.209147483677));
#9273 = CARTESIAN_POINT('',(-0.156697802574,0.39,0.209147483677));
#9274 = B_SPLINE_SURFACE_WITH_KNOTS('',1,1,(
    (#9275,#9276)
    ,(#9277,#9278
    )),.UNSPECIFIED.,.F.,.F.,.F.,(2,2),(2,2),(-0.,4.637320306758E-03),(
    -1.E-02,0.),.PIECEWISE_BEZIER_KNOTS.);
#9275 = CARTESIAN_POINT('',(-0.156697802574,0.39,0.213784803983));
#9276 = CARTESIAN_POINT('',(-0.156697802574,0.4,0.213784803983));
#9277 = CARTESIAN_POINT('',(-0.156697802574,0.39,0.209147483677));
#9278 = CARTESIAN_POINT('',(-0.156697802574,0.4,0.209147483677));
#9279 = ADVANCED_FACE('',(#9280),#9296,.F.);
#9280 = FACE_BOUND('',#9281,.T.);
#9281 = EDGE_LOOP('',(#9282,#9283,#9290,#9295));
#9282 = ORIENTED_EDGE('',*,*,#79,.T.);
#9283 = ORIENTED_EDGE('',*,*,#9284,.F.);
#9284 = EDGE_CURVE('',#9285,#82,#9287,.T.);
#9285 = VERTEX_POINT('',#9286);
#9286 = CARTESIAN_POINT('',(-0.140072073492,0.4,0.213784803983));
#9287 = B_SPLINE_CURVE_WITH_KNOTS('',1,(#9288,#9289),.UNSPECIFIED.,.F.,
  .F.,(2,2),(-0.,1.E-02),.PIECEWISE_BEZIER_KNOTS.);
#9288 = CARTESIAN_POINT('',(-0.140072073492,0.4,0.213784803983));
#9289 = CARTESIAN_POINT('',(-0.140072073492,0.39,0.213784803983));
#9290 = ORIENTED_EDGE('',*,*,#9291,.F.);
#9291 = EDGE_CURVE('',#9257,#9285,#9292,.T.);
#9292 = B_SPLINE_CURVE_WITH_KNOTS('',1,(#9293,#9294),.UNSPECIFIED.,.F.,
  .F.,(2,2),(-1.662572908182E-02,0.),.PIECEWISE_BEZIER_KNOTS.);
#9293 = CARTESIAN_POINT('',(-0.156697802574,0.4,0.213784803983));
#9294 = CARTESIAN_POINT('',(-0.140072073492,0.4,0.213784803983));
#9295 = ORIENTED_EDGE('',*,*,#9256,.T.);
#9296 = B_SPLINE_SURFACE_WITH_KNOTS('',1,1,(
    (#9297,#9298)
    ,(#9299,#9300
    )),.UNSPECIFIED.,.F.,.F.,.F.,(2,2),(2,2),(0.,1.662572908182E-02),(
    -1.E-02,0.),.PIECEWISE_BEZIER_KNOTS.);
#9297 = CARTESIAN_POINT('',(-0.140072073492,0.39,0.213784803983));
#9298 = CARTESIAN_POINT('',(-0.140072073492,0.4,0.213784803983));
#9299 = CARTESIAN_POINT('',(-0.156697802574,0.39,0.213784803983));
#9300 = CARTESIAN_POINT('',(-0.156697802574,0.4,0.213784803983));
#9301 = ADVANCED_FACE('',(#9302),#9318,.F.);
#9302 = FACE_BOUND('',#9303,.T.);
#9303 = EDGE_LOOP('',(#9304,#9305,#9312,#9317));
#9304 = ORIENTED_EDGE('',*,*,#158,.T.);
#9305 = ORIENTED_EDGE('',*,*,#9306,.F.);
#9306 = EDGE_CURVE('',#9307,#152,#9309,.T.);
#9307 = VERTEX_POINT('',#9308);
#9308 = CARTESIAN_POINT('',(-0.140072073492,0.4,0.227468018162));
#9309 = B_SPLINE_CURVE_WITH_KNOTS('',1,(#9310,#9311),.UNSPECIFIED.,.F.,
  .F.,(2,2),(-0.,1.E-02),.PIECEWISE_BEZIER_KNOTS.);
#9310 = CARTESIAN_POINT('',(-0.140072073492,0.4,0.227468018162));
#9311 = CARTESIAN_POINT('',(-0.140072073492,0.39,0.227468018162));
#9312 = ORIENTED_EDGE('',*,*,#9313,.F.);
#9313 = EDGE_CURVE('',#9285,#9307,#9314,.T.);
#9314 = B_SPLINE_CURVE_WITH_KNOTS('',1,(#9315,#9316),.UNSPECIFIED.,.F.,
  .F.,(2,2),(-1.368321417866E-02,0.),.PIECEWISE_BEZIER_KNOTS.);
#9315 = CARTESIAN_POINT('',(-0.140072073492,0.4,0.213784803983));
#9316 = CARTESIAN_POINT('',(-0.140072073492,0.4,0.227468018162));
#9317 = ORIENTED_EDGE('',*,*,#9284,.T.);
#9318 = B_SPLINE_SURFACE_WITH_KNOTS('',1,1,(
    (#9319,#9320)
    ,(#9321,#9322
    )),.UNSPECIFIED.,.F.,.F.,.F.,(2,2),(2,2),(-0.,1.368321417866E-02),(
    -1.E-02,0.),.PIECEWISE_BEZIER_KNOTS.);
#9319 = CARTESIAN_POINT('',(-0.140072073492,0.39,0.227468018162));
#9320 = CARTESIAN_POINT('',(-0.140072073492,0.4,0.227468018162));
#9321 = CARTESIAN_POINT('',(-0.140072073492,0.39,0.213784803983));
#9322 = CARTESIAN_POINT('',(-0.140072073492,0.4,0.213784803983));
#9323 = ADVANCED_FACE('',(#9324),#9340,.F.);
#9324 = FACE_BOUND('',#9325,.T.);
#9325 = EDGE_LOOP('',(#9326,#9327,#9334,#9339));
#9326 = ORIENTED_EDGE('',*,*,#151,.T.);
#9327 = ORIENTED_EDGE('',*,*,#9328,.F.);
#9328 = EDGE_CURVE('',#9329,#145,#9331,.T.);
#9329 = VERTEX_POINT('',#9330);
#9330 = CARTESIAN_POINT('',(-0.154618286742,0.4,0.227468018162));
#9331 = B_SPLINE_CURVE_WITH_KNOTS('',1,(#9332,#9333),.UNSPECIFIED.,.F.,
  .F.,(2,2),(-0.,1.E-02),.PIECEWISE_BEZIER_KNOTS.);
#9332 = CARTESIAN_POINT('',(-0.154618286742,0.4,0.227468018162));
#9333 = CARTESIAN_POINT('',(-0.154618286742,0.39,0.227468018162));
#9334 = ORIENTED_EDGE('',*,*,#9335,.F.);
#9335 = EDGE_CURVE('',#9307,#9329,#9336,.T.);
#9336 = B_SPLINE_CURVE_WITH_KNOTS('',1,(#9337,#9338),.UNSPECIFIED.,.F.,
  .F.,(2,2),(-1.454621324906E-02,0.),.PIECEWISE_BEZIER_KNOTS.);
#9337 = CARTESIAN_POINT('',(-0.140072073492,0.4,0.227468018162));
#9338 = CARTESIAN_POINT('',(-0.154618286742,0.4,0.227468018162));
#9339 = ORIENTED_EDGE('',*,*,#9306,.T.);
#9340 = B_SPLINE_SURFACE_WITH_KNOTS('',1,1,(
    (#9341,#9342)
    ,(#9343,#9344
    )),.UNSPECIFIED.,.F.,.F.,.F.,(2,2),(2,2),(0.,1.454621324906E-02),(
    -1.E-02,0.),.PIECEWISE_BEZIER_KNOTS.);
#9341 = CARTESIAN_POINT('',(-0.154618286742,0.39,0.227468018162));
#9342 = CARTESIAN_POINT('',(-0.154618286742,0.4,0.227468018162));
#9343 = CARTESIAN_POINT('',(-0.140072073492,0.39,0.227468018162));
#9344 = CARTESIAN_POINT('',(-0.140072073492,0.4,0.227468018162));
#9345 = ADVANCED_FACE('',(#9346),#9362,.F.);
#9346 = FACE_BOUND('',#9347,.T.);
#9347 = EDGE_LOOP('',(#9348,#9349,#9356,#9361));
#9348 = ORIENTED_EDGE('',*,*,#144,.T.);
#9349 = ORIENTED_EDGE('',*,*,#9350,.F.);
#9350 = EDGE_CURVE('',#9351,#138,#9353,.T.);
#9351 = VERTEX_POINT('',#9352);
#9352 = CARTESIAN_POINT('',(-0.154618286742,0.4,0.232126133627));
#9353 = B_SPLINE_CURVE_WITH_KNOTS('',1,(#9354,#9355),.UNSPECIFIED.,.F.,
  .F.,(2,2),(-0.,1.E-02),.PIECEWISE_BEZIER_KNOTS.);
#9354 = CARTESIAN_POINT('',(-0.154618286742,0.4,0.232126133627));
#9355 = CARTESIAN_POINT('',(-0.154618286742,0.39,0.232126133627));
#9356 = ORIENTED_EDGE('',*,*,#9357,.F.);
#9357 = EDGE_CURVE('',#9329,#9351,#9358,.T.);
#9358 = B_SPLINE_CURVE_WITH_KNOTS('',1,(#9359,#9360),.UNSPECIFIED.,.F.,
  .F.,(2,2),(-4.658115465059E-03,0.),.PIECEWISE_BEZIER_KNOTS.);
#9359 = CARTESIAN_POINT('',(-0.154618286742,0.4,0.227468018162));
#9360 = CARTESIAN_POINT('',(-0.154618286742,0.4,0.232126133627));
#9361 = ORIENTED_EDGE('',*,*,#9328,.T.);
#9362 = B_SPLINE_SURFACE_WITH_KNOTS('',1,1,(
    (#9363,#9364)
    ,(#9365,#9366
    )),.UNSPECIFIED.,.F.,.F.,.F.,(2,2),(2,2),(-0.,4.658115465059E-03),(
    -1.E-02,0.),.PIECEWISE_BEZIER_KNOTS.);
#9363 = CARTESIAN_POINT('',(-0.154618286742,0.39,0.232126133627));
#9364 = CARTESIAN_POINT('',(-0.154618286742,0.4,0.232126133627));
#9365 = CARTESIAN_POINT('',(-0.154618286742,0.39,0.227468018162));
#9366 = CARTESIAN_POINT('',(-0.154618286742,0.4,0.227468018162));
#9367 = ADVANCED_FACE('',(#9368),#9384,.F.);
#9368 = FACE_BOUND('',#9369,.T.);
#9369 = EDGE_LOOP('',(#9370,#9371,#9378,#9383));
#9370 = ORIENTED_EDGE('',*,*,#137,.T.);
#9371 = ORIENTED_EDGE('',*,*,#9372,.F.);
#9372 = EDGE_CURVE('',#9373,#131,#9375,.T.);
#9373 = VERTEX_POINT('',#9374);
#9374 = CARTESIAN_POINT('',(-0.140072073492,0.4,0.232126133627));
#9375 = B_SPLINE_CURVE_WITH_KNOTS('',1,(#9376,#9377),.UNSPECIFIED.,.F.,
  .F.,(2,2),(-0.,1.E-02),.PIECEWISE_BEZIER_KNOTS.);
#9376 = CARTESIAN_POINT('',(-0.140072073492,0.4,0.232126133627));
#9377 = CARTESIAN_POINT('',(-0.140072073492,0.39,0.232126133627));
#9378 = ORIENTED_EDGE('',*,*,#9379,.F.);
#9379 = EDGE_CURVE('',#9351,#9373,#9380,.T.);
#9380 = B_SPLINE_CURVE_WITH_KNOTS('',1,(#9381,#9382),.UNSPECIFIED.,.F.,
  .F.,(2,2),(-1.454621324906E-02,0.),.PIECEWISE_BEZIER_KNOTS.);
#9381 = CARTESIAN_POINT('',(-0.154618286742,0.4,0.232126133627));
#9382 = CARTESIAN_POINT('',(-0.140072073492,0.4,0.232126133627));
#9383 = ORIENTED_EDGE('',*,*,#9350,.T.);
#9384 = B_SPLINE_SURFACE_WITH_KNOTS('',1,1,(
    (#9385,#9386)
    ,(#9387,#9388
    )),.UNSPECIFIED.,.F.,.F.,.F.,(2,2),(2,2),(0.,1.454621324906E-02),(
    -1.E-02,0.),.PIECEWISE_BEZIER_KNOTS.);
#9385 = CARTESIAN_POINT('',(-0.140072073492,0.39,0.232126133627));
#9386 = CARTESIAN_POINT('',(-0.140072073492,0.4,0.232126133627));
#9387 = CARTESIAN_POINT('',(-0.154618286742,0.39,0.232126133627));
#9388 = CARTESIAN_POINT('',(-0.154618286742,0.4,0.232126133627));
#9389 = ADVANCED_FACE('',(#9390),#9406,.F.);
#9390 = FACE_BOUND('',#9391,.T.);
#9391 = EDGE_LOOP('',(#9392,#9393,#9400,#9405));
#9392 = ORIENTED_EDGE('',*,*,#130,.T.);
#9393 = ORIENTED_EDGE('',*,*,#9394,.F.);
#9394 = EDGE_CURVE('',#9395,#124,#9397,.T.);
#9395 = VERTEX_POINT('',#9396);
#9396 = CARTESIAN_POINT('',(-0.140072073492,0.4,0.24514390274));
#9397 = B_SPLINE_CURVE_WITH_KNOTS('',1,(#9398,#9399),.UNSPECIFIED.,.F.,
  .F.,(2,2),(-0.,1.E-02),.PIECEWISE_BEZIER_KNOTS.);
#9398 = CARTESIAN_POINT('',(-0.140072073492,0.4,0.24514390274));
#9399 = CARTESIAN_POINT('',(-0.140072073492,0.39,0.24514390274));
#9400 = ORIENTED_EDGE('',*,*,#9401,.F.);
#9401 = EDGE_CURVE('',#9373,#9395,#9402,.T.);
#9402 = B_SPLINE_CURVE_WITH_KNOTS('',1,(#9403,#9404),.UNSPECIFIED.,.F.,
  .F.,(2,2),(-1.301776911243E-02,0.),.PIECEWISE_BEZIER_KNOTS.);
#9403 = CARTESIAN_POINT('',(-0.140072073492,0.4,0.232126133627));
#9404 = CARTESIAN_POINT('',(-0.140072073492,0.4,0.24514390274));
#9405 = ORIENTED_EDGE('',*,*,#9372,.T.);
#9406 = B_SPLINE_SURFACE_WITH_KNOTS('',1,1,(
    (#9407,#9408)
    ,(#9409,#9410
    )),.UNSPECIFIED.,.F.,.F.,.F.,(2,2),(2,2),(-0.,1.301776911243E-02),(
    -1.E-02,0.),.PIECEWISE_BEZIER_KNOTS.);
#9407 = CARTESIAN_POINT('',(-0.140072073492,0.39,0.24514390274));
#9408 = CARTESIAN_POINT('',(-0.140072073492,0.4,0.24514390274));
#9409 = CARTESIAN_POINT('',(-0.140072073492,0.39,0.232126133627));
#9410 = CARTESIAN_POINT('',(-0.140072073492,0.4,0.232126133627));
#9411 = ADVANCED_FACE('',(#9412),#9428,.F.);
#9412 = FACE_BOUND('',#9413,.T.);
#9413 = EDGE_LOOP('',(#9414,#9415,#9422,#9427));
#9414 = ORIENTED_EDGE('',*,*,#123,.T.);
#9415 = ORIENTED_EDGE('',*,*,#9416,.F.);
#9416 = EDGE_CURVE('',#9417,#117,#9419,.T.);
#9417 = VERTEX_POINT('',#9418);
#9418 = CARTESIAN_POINT('',(-0.155772418029,0.4,0.24514390274));
#9419 = B_SPLINE_CURVE_WITH_KNOTS('',1,(#9420,#9421),.UNSPECIFIED.,.F.,
  .F.,(2,2),(-0.,1.E-02),.PIECEWISE_BEZIER_KNOTS.);
#9420 = CARTESIAN_POINT('',(-0.155772418029,0.4,0.24514390274));
#9421 = CARTESIAN_POINT('',(-0.155772418029,0.39,0.24514390274));
#9422 = ORIENTED_EDGE('',*,*,#9423,.F.);
#9423 = EDGE_CURVE('',#9395,#9417,#9424,.T.);
#9424 = B_SPLINE_CURVE_WITH_KNOTS('',1,(#9425,#9426),.UNSPECIFIED.,.F.,
  .F.,(2,2),(-1.570034453624E-02,0.),.PIECEWISE_BEZIER_KNOTS.);
#9425 = CARTESIAN_POINT('',(-0.140072073492,0.4,0.24514390274));
#9426 = CARTESIAN_POINT('',(-0.155772418029,0.4,0.24514390274));
#9427 = ORIENTED_EDGE('',*,*,#9394,.T.);
#9428 = B_SPLINE_SURFACE_WITH_KNOTS('',1,1,(
    (#9429,#9430)
    ,(#9431,#9432
    )),.UNSPECIFIED.,.F.,.F.,.F.,(2,2),(2,2),(0.,1.570034453624E-02),(
    -1.E-02,0.),.PIECEWISE_BEZIER_KNOTS.);
#9429 = CARTESIAN_POINT('',(-0.155772418029,0.39,0.24514390274));
#9430 = CARTESIAN_POINT('',(-0.155772418029,0.4,0.24514390274));
#9431 = CARTESIAN_POINT('',(-0.140072073492,0.39,0.24514390274));
#9432 = CARTESIAN_POINT('',(-0.140072073492,0.4,0.24514390274));
#9433 = ADVANCED_FACE('',(#9434),#9450,.F.);
#9434 = FACE_BOUND('',#9435,.T.);
#9435 = EDGE_LOOP('',(#9436,#9437,#9444,#9449));
#9436 = ORIENTED_EDGE('',*,*,#116,.T.);
#9437 = ORIENTED_EDGE('',*,*,#9438,.F.);
#9438 = EDGE_CURVE('',#9439,#110,#9441,.T.);
#9439 = VERTEX_POINT('',#9440);
#9440 = CARTESIAN_POINT('',(-0.155772418029,0.4,0.249822813363));
#9441 = B_SPLINE_CURVE_WITH_KNOTS('',1,(#9442,#9443),.UNSPECIFIED.,.F.,
  .F.,(2,2),(-0.,1.E-02),.PIECEWISE_BEZIER_KNOTS.);
#9442 = CARTESIAN_POINT('',(-0.155772418029,0.4,0.249822813363));
#9443 = CARTESIAN_POINT('',(-0.155772418029,0.39,0.249822813363));
#9444 = ORIENTED_EDGE('',*,*,#9445,.F.);
#9445 = EDGE_CURVE('',#9417,#9439,#9446,.T.);
#9446 = B_SPLINE_CURVE_WITH_KNOTS('',1,(#9447,#9448),.UNSPECIFIED.,.F.,
  .F.,(2,2),(-4.678910623362E-03,0.),.PIECEWISE_BEZIER_KNOTS.);
#9447 = CARTESIAN_POINT('',(-0.155772418029,0.4,0.24514390274));
#9448 = CARTESIAN_POINT('',(-0.155772418029,0.4,0.249822813363));
#9449 = ORIENTED_EDGE('',*,*,#9416,.T.);
#9450 = B_SPLINE_SURFACE_WITH_KNOTS('',1,1,(
    (#9451,#9452)
    ,(#9453,#9454
    )),.UNSPECIFIED.,.F.,.F.,.F.,(2,2),(2,2),(-0.,4.678910623362E-03),(
    -1.E-02,0.),.PIECEWISE_BEZIER_KNOTS.);
#9451 = CARTESIAN_POINT('',(-0.155772418029,0.39,0.249822813363));
#9452 = CARTESIAN_POINT('',(-0.155772418029,0.4,0.249822813363));
#9453 = CARTESIAN_POINT('',(-0.155772418029,0.39,0.24514390274));
#9454 = CARTESIAN_POINT('',(-0.155772418029,0.4,0.24514390274));
#9455 = ADVANCED_FACE('',(#9456),#9472,.F.);
#9456 = FACE_BOUND('',#9457,.T.);
#9457 = EDGE_LOOP('',(#9458,#9459,#9466,#9471));
#9458 = ORIENTED_EDGE('',*,*,#109,.T.);
#9459 = ORIENTED_EDGE('',*,*,#9460,.F.);
#9460 = EDGE_CURVE('',#9461,#103,#9463,.T.);
#9461 = VERTEX_POINT('',#9462);
#9462 = CARTESIAN_POINT('',(-0.134821296015,0.4,0.249822813363));
#9463 = B_SPLINE_CURVE_WITH_KNOTS('',1,(#9464,#9465),.UNSPECIFIED.,.F.,
  .F.,(2,2),(-0.,1.E-02),.PIECEWISE_BEZIER_KNOTS.);
#9464 = CARTESIAN_POINT('',(-0.134821296015,0.4,0.249822813363));
#9465 = CARTESIAN_POINT('',(-0.134821296015,0.39,0.249822813363));
#9466 = ORIENTED_EDGE('',*,*,#9467,.F.);
#9467 = EDGE_CURVE('',#9439,#9461,#9468,.T.);
#9468 = B_SPLINE_CURVE_WITH_KNOTS('',1,(#9469,#9470),.UNSPECIFIED.,.F.,
  .F.,(2,2),(-2.095112201375E-02,0.),.PIECEWISE_BEZIER_KNOTS.);
#9469 = CARTESIAN_POINT('',(-0.155772418029,0.4,0.249822813363));
#9470 = CARTESIAN_POINT('',(-0.134821296015,0.4,0.249822813363));
#9471 = ORIENTED_EDGE('',*,*,#9438,.T.);
#9472 = B_SPLINE_SURFACE_WITH_KNOTS('',1,1,(
    (#9473,#9474)
    ,(#9475,#9476
    )),.UNSPECIFIED.,.F.,.F.,.F.,(2,2),(2,2),(0.,2.095112201375E-02),(
    -1.E-02,0.),.PIECEWISE_BEZIER_KNOTS.);
#9473 = CARTESIAN_POINT('',(-0.134821296015,0.39,0.249822813363));
#9474 = CARTESIAN_POINT('',(-0.134821296015,0.4,0.249822813363));
#9475 = CARTESIAN_POINT('',(-0.155772418029,0.39,0.249822813363));
#9476 = CARTESIAN_POINT('',(-0.155772418029,0.4,0.249822813363));
#9477 = ADVANCED_FACE('',(#9478),#9494,.F.);
#9478 = FACE_BOUND('',#9479,.T.);
#9479 = EDGE_LOOP('',(#9480,#9481,#9488,#9493));
#9480 = ORIENTED_EDGE('',*,*,#102,.T.);
#9481 = ORIENTED_EDGE('',*,*,#9482,.F.);
#9482 = EDGE_CURVE('',#9483,#96,#9485,.T.);
#9483 = VERTEX_POINT('',#9484);
#9484 = CARTESIAN_POINT('',(-0.134821296015,0.4,0.209147483677));
#9485 = B_SPLINE_CURVE_WITH_KNOTS('',1,(#9486,#9487),.UNSPECIFIED.,.F.,
  .F.,(2,2),(-0.,1.E-02),.PIECEWISE_BEZIER_KNOTS.);
#9486 = CARTESIAN_POINT('',(-0.134821296015,0.4,0.209147483677));
#9487 = CARTESIAN_POINT('',(-0.134821296015,0.39,0.209147483677));
#9488 = ORIENTED_EDGE('',*,*,#9489,.F.);
#9489 = EDGE_CURVE('',#9461,#9483,#9490,.T.);
#9490 = B_SPLINE_CURVE_WITH_KNOTS('',1,(#9491,#9492),.UNSPECIFIED.,.F.,
  .F.,(2,2),(-4.067532968627E-02,-0.),.PIECEWISE_BEZIER_KNOTS.);
#9491 = CARTESIAN_POINT('',(-0.134821296015,0.4,0.249822813363));
#9492 = CARTESIAN_POINT('',(-0.134821296015,0.4,0.209147483677));
#9493 = ORIENTED_EDGE('',*,*,#9460,.T.);
#9494 = B_SPLINE_SURFACE_WITH_KNOTS('',1,1,(
    (#9495,#9496)
    ,(#9497,#9498
    )),.UNSPECIFIED.,.F.,.F.,.F.,(2,2),(2,2),(0.,4.067532968627E-02),(
    -1.E-02,0.),.PIECEWISE_BEZIER_KNOTS.);
#9495 = CARTESIAN_POINT('',(-0.134821296015,0.39,0.209147483677));
#9496 = CARTESIAN_POINT('',(-0.134821296015,0.4,0.209147483677));
#9497 = CARTESIAN_POINT('',(-0.134821296015,0.39,0.249822813363));
#9498 = CARTESIAN_POINT('',(-0.134821296015,0.4,0.249822813363));
#9499 = ADVANCED_FACE('',(#9500),#9510,.F.);
#9500 = FACE_BOUND('',#9501,.T.);
#9501 = EDGE_LOOP('',(#9502,#9503,#9504,#9509));
#9502 = ORIENTED_EDGE('',*,*,#95,.T.);
#9503 = ORIENTED_EDGE('',*,*,#9270,.F.);
#9504 = ORIENTED_EDGE('',*,*,#9505,.F.);
#9505 = EDGE_CURVE('',#9483,#9264,#9506,.T.);
#9506 = B_SPLINE_CURVE_WITH_KNOTS('',1,(#9507,#9508),.UNSPECIFIED.,.F.,
  .F.,(2,2),(-2.187650655933E-02,0.),.PIECEWISE_BEZIER_KNOTS.);
#9507 = CARTESIAN_POINT('',(-0.134821296015,0.4,0.209147483677));
#9508 = CARTESIAN_POINT('',(-0.156697802574,0.4,0.209147483677));
#9509 = ORIENTED_EDGE('',*,*,#9482,.T.);
#9510 = B_SPLINE_SURFACE_WITH_KNOTS('',1,1,(
    (#9511,#9512)
    ,(#9513,#9514
    )),.UNSPECIFIED.,.F.,.F.,.F.,(2,2),(2,2),(0.,2.187650655933E-02),(
    -1.E-02,0.),.PIECEWISE_BEZIER_KNOTS.);
#9511 = CARTESIAN_POINT('',(-0.156697802574,0.39,0.209147483677));
#9512 = CARTESIAN_POINT('',(-0.156697802574,0.4,0.209147483677));
#9513 = CARTESIAN_POINT('',(-0.134821296015,0.39,0.209147483677));
#9514 = CARTESIAN_POINT('',(-0.134821296015,0.4,0.209147483677));
#9515 = ADVANCED_FACE('',(#9516),#9530,.F.);
#9516 = FACE_BOUND('',#9517,.T.);
#9517 = EDGE_LOOP('',(#9518,#9519,#9520,#9521,#9522,#9523,#9524,#9525,
    #9526,#9527,#9528,#9529));
#9518 = ORIENTED_EDGE('',*,*,#9263,.T.);
#9519 = ORIENTED_EDGE('',*,*,#9291,.T.);
#9520 = ORIENTED_EDGE('',*,*,#9313,.T.);
#9521 = ORIENTED_EDGE('',*,*,#9335,.T.);
#9522 = ORIENTED_EDGE('',*,*,#9357,.T.);
#9523 = ORIENTED_EDGE('',*,*,#9379,.T.);
#9524 = ORIENTED_EDGE('',*,*,#9401,.T.);
#9525 = ORIENTED_EDGE('',*,*,#9423,.T.);
#9526 = ORIENTED_EDGE('',*,*,#9445,.T.);
#9527 = ORIENTED_EDGE('',*,*,#9467,.T.);
#9528 = ORIENTED_EDGE('',*,*,#9489,.T.);
#9529 = ORIENTED_EDGE('',*,*,#9505,.T.);
#9530 = B_SPLINE_SURFACE_WITH_KNOTS('',1,1,(
    (#9531,#9532)
    ,(#9533,#9534
    )),.UNSPECIFIED.,.F.,.F.,.F.,(2,2),(2,2),(1.772866370889E-04,
    4.085261632336E-02),(-0.156697802574,-0.134821296015),
  .PIECEWISE_BEZIER_KNOTS.);
#9531 = CARTESIAN_POINT('',(-0.156697802574,0.4,0.249822813363));
#9532 = CARTESIAN_POINT('',(-0.134821296015,0.4,0.249822813363));
#9533 = CARTESIAN_POINT('',(-0.156697802574,0.4,0.209147483677));
#9534 = CARTESIAN_POINT('',(-0.134821296015,0.4,0.209147483677));
#9535 = ADVANCED_FACE('',(#9536,#9595),#9654,.T.);
#9536 = FACE_BOUND('',#9537,.T.);
#9537 = EDGE_LOOP('',(#9538,#9547,#9556,#9565,#9574,#9583,#9590));
#9538 = ORIENTED_EDGE('',*,*,#9539,.T.);
#9539 = EDGE_CURVE('',#9540,#9542,#9544,.T.);
#9540 = VERTEX_POINT('',#9541);
#9541 = CARTESIAN_POINT('',(-0.164381613576,0.4,0.209147483677));
#9542 = VERTEX_POINT('',#9543);
#9543 = CARTESIAN_POINT('',(-0.175569408756,0.4,0.209147483677));
#9544 = B_SPLINE_CURVE_WITH_KNOTS('',1,(#9545,#9546),.UNSPECIFIED.,.F.,
  .F.,(2,2),(-1.118779517957E-02,0.),.PIECEWISE_BEZIER_KNOTS.);
#9545 = CARTESIAN_POINT('',(-0.164381613576,0.4,0.209147483677));
#9546 = CARTESIAN_POINT('',(-0.175569408756,0.4,0.209147483677));
#9547 = ORIENTED_EDGE('',*,*,#9548,.T.);
#9548 = EDGE_CURVE('',#9542,#9549,#9551,.T.);
#9549 = VERTEX_POINT('',#9550);
#9550 = CARTESIAN_POINT('',(-0.191363331504,0.4,0.214845357058));
#9551 = B_SPLINE_CURVE_WITH_KNOTS('',3,(#9552,#9553,#9554,#9555),
  .UNSPECIFIED.,.F.,.F.,(4,4),(5.,6.),.PIECEWISE_BEZIER_KNOTS.);
#9552 = CARTESIAN_POINT('',(-0.175569408756,0.4,0.209147483677));
#9553 = CARTESIAN_POINT('',(-0.182005510257,0.4,0.209147483677));
#9554 = CARTESIAN_POINT('',(-0.187277082893,0.4,0.211039843084));
#9555 = CARTESIAN_POINT('',(-0.191363331504,0.4,0.214845357058));
#9556 = ORIENTED_EDGE('',*,*,#9557,.T.);
#9557 = EDGE_CURVE('',#9549,#9558,#9560,.T.);
#9558 = VERTEX_POINT('',#9559);
#9559 = CARTESIAN_POINT('',(-0.197497903211,0.4,0.230005027478));
#9560 = B_SPLINE_CURVE_WITH_KNOTS('',3,(#9561,#9562,#9563,#9564),
  .UNSPECIFIED.,.F.,.F.,(4,4),(4.,5.),.PIECEWISE_BEZIER_KNOTS.);
#9561 = CARTESIAN_POINT('',(-0.191363331504,0.4,0.214845357058));
#9562 = CARTESIAN_POINT('',(-0.195449580115,0.4,0.218650871032));
#9563 = CARTESIAN_POINT('',(-0.197497903211,0.4,0.223704094505));
#9564 = CARTESIAN_POINT('',(-0.197497903211,0.4,0.230005027478));
#9565 = ORIENTED_EDGE('',*,*,#9566,.T.);
#9566 = EDGE_CURVE('',#9558,#9567,#9569,.T.);
#9567 = VERTEX_POINT('',#9568);
#9568 = CARTESIAN_POINT('',(-0.191363331504,0.4,0.244436867356));
#9569 = B_SPLINE_CURVE_WITH_KNOTS('',3,(#9570,#9571,#9572,#9573),
  .UNSPECIFIED.,.F.,.F.,(4,4),(3.,4.),.PIECEWISE_BEZIER_KNOTS.);
#9570 = CARTESIAN_POINT('',(-0.197497903211,0.4,0.230005027478));
#9571 = CARTESIAN_POINT('',(-0.197497903211,0.4,0.236035623392));
#9572 = CARTESIAN_POINT('',(-0.195449580115,0.4,0.240839304966));
#9573 = CARTESIAN_POINT('',(-0.191363331504,0.4,0.244436867356));
#9574 = ORIENTED_EDGE('',*,*,#9575,.T.);
#9575 = EDGE_CURVE('',#9567,#9576,#9578,.T.);
#9576 = VERTEX_POINT('',#9577);
#9577 = CARTESIAN_POINT('',(-0.175985311922,0.4,0.249822813363));
#9578 = B_SPLINE_CURVE_WITH_KNOTS('',3,(#9579,#9580,#9581,#9582),
  .UNSPECIFIED.,.F.,.F.,(4,4),(2.,3.),.PIECEWISE_BEZIER_KNOTS.);
#9579 = CARTESIAN_POINT('',(-0.191363331504,0.4,0.244436867356));
#9580 = CARTESIAN_POINT('',(-0.187277082893,0.4,0.248034429747));
#9581 = CARTESIAN_POINT('',(-0.182151076366,0.4,0.249822813363));
#9582 = CARTESIAN_POINT('',(-0.175985311922,0.4,0.249822813363));
#9583 = ORIENTED_EDGE('',*,*,#9584,.T.);
#9584 = EDGE_CURVE('',#9576,#9585,#9587,.T.);
#9585 = VERTEX_POINT('',#9586);
#9586 = CARTESIAN_POINT('',(-0.164381613576,0.4,0.249822813363));
#9587 = B_SPLINE_CURVE_WITH_KNOTS('',1,(#9588,#9589),.UNSPECIFIED.,.F.,
  .F.,(2,2),(-1.16036983459E-02,0.),.PIECEWISE_BEZIER_KNOTS.);
#9588 = CARTESIAN_POINT('',(-0.175985311922,0.4,0.249822813363));
#9589 = CARTESIAN_POINT('',(-0.164381613576,0.4,0.249822813363));
#9590 = ORIENTED_EDGE('',*,*,#9591,.T.);
#9591 = EDGE_CURVE('',#9585,#9540,#9592,.T.);
#9592 = B_SPLINE_CURVE_WITH_KNOTS('',1,(#9593,#9594),.UNSPECIFIED.,.F.,
  .F.,(2,2),(-4.067532968627E-02,-0.),.PIECEWISE_BEZIER_KNOTS.);
#9593 = CARTESIAN_POINT('',(-0.164381613576,0.4,0.249822813363));
#9594 = CARTESIAN_POINT('',(-0.164381613576,0.4,0.209147483677));
#9595 = FACE_BOUND('',#9596,.T.);
#9596 = EDGE_LOOP('',(#9597,#9606,#9613,#9622,#9631,#9640,#9649));
#9597 = ORIENTED_EDGE('',*,*,#9598,.F.);
#9598 = EDGE_CURVE('',#9599,#9601,#9603,.T.);
#9599 = VERTEX_POINT('',#9600);
#9600 = CARTESIAN_POINT('',(-0.169632391053,0.4,0.24514390274));
#9601 = VERTEX_POINT('',#9602);
#9602 = CARTESIAN_POINT('',(-0.169632391053,0.4,0.213784803983));
#9603 = B_SPLINE_CURVE_WITH_KNOTS('',1,(#9604,#9605),.UNSPECIFIED.,.F.,
  .F.,(2,2),(0.,3.135909875615E-02),.PIECEWISE_BEZIER_KNOTS.);
#9604 = CARTESIAN_POINT('',(-0.169632391053,0.4,0.24514390274));
#9605 = CARTESIAN_POINT('',(-0.169632391053,0.4,0.213784803983));
#9606 = ORIENTED_EDGE('',*,*,#9607,.F.);
#9607 = EDGE_CURVE('',#9608,#9599,#9610,.T.);
#9608 = VERTEX_POINT('',#9609);
#9609 = CARTESIAN_POINT('',(-0.175777360339,0.4,0.24514390274));
#9610 = B_SPLINE_CURVE_WITH_KNOTS('',1,(#9611,#9612),.UNSPECIFIED.,.F.,
  .F.,(2,2),(2.295525258925E-32,6.144969285362E-03),
  .PIECEWISE_BEZIER_KNOTS.);
#9611 = CARTESIAN_POINT('',(-0.175777360339,0.4,0.24514390274));
#9612 = CARTESIAN_POINT('',(-0.169632391053,0.4,0.24514390274));
#9613 = ORIENTED_EDGE('',*,*,#9614,.F.);
#9614 = EDGE_CURVE('',#9615,#9608,#9617,.T.);
#9615 = VERTEX_POINT('',#9616);
#9616 = CARTESIAN_POINT('',(-0.187516227214,0.4,0.241317593607));
#9617 = B_SPLINE_CURVE_WITH_KNOTS('',3,(#9618,#9619,#9620,#9621),
  .UNSPECIFIED.,.F.,.F.,(4,4),(5.,6.),.PIECEWISE_BEZIER_KNOTS.);
#9618 = CARTESIAN_POINT('',(-0.187516227214,0.4,0.241317593607));
#9619 = CARTESIAN_POINT('',(-0.184542519573,0.4,0.243875398081));
#9620 = CARTESIAN_POINT('',(-0.180622632229,0.4,0.24514390274));
#9621 = CARTESIAN_POINT('',(-0.175777360339,0.4,0.24514390274));
#9622 = ORIENTED_EDGE('',*,*,#9623,.F.);
#9623 = EDGE_CURVE('',#9624,#9615,#9626,.T.);
#9624 = VERTEX_POINT('',#9625);
#9625 = CARTESIAN_POINT('',(-0.191976788675,0.4,0.22985946137));
#9626 = B_SPLINE_CURVE_WITH_KNOTS('',3,(#9627,#9628,#9629,#9630),
  .UNSPECIFIED.,.F.,.F.,(4,4),(4.,5.),.PIECEWISE_BEZIER_KNOTS.);
#9627 = CARTESIAN_POINT('',(-0.191976788675,0.4,0.22985946137));
#9628 = CARTESIAN_POINT('',(-0.191976788675,0.4,0.234933480001));
#9629 = CARTESIAN_POINT('',(-0.190489934854,0.4,0.238759789133));
#9630 = CARTESIAN_POINT('',(-0.187516227214,0.4,0.241317593607));
#9631 = ORIENTED_EDGE('',*,*,#9632,.F.);
#9632 = EDGE_CURVE('',#9633,#9624,#9635,.T.);
#9633 = VERTEX_POINT('',#9634);
#9634 = CARTESIAN_POINT('',(-0.187630600585,0.4,0.218027016282));
#9635 = B_SPLINE_CURVE_WITH_KNOTS('',3,(#9636,#9637,#9638,#9639),
  .UNSPECIFIED.,.F.,.F.,(4,4),(3.,4.),.PIECEWISE_BEZIER_KNOTS.);
#9636 = CARTESIAN_POINT('',(-0.187630600585,0.4,0.218027016282));
#9637 = CARTESIAN_POINT('',(-0.190531525171,0.4,0.220834362656));
#9638 = CARTESIAN_POINT('',(-0.191976788675,0.4,0.224785442738));
#9639 = CARTESIAN_POINT('',(-0.191976788675,0.4,0.22985946137));
#9640 = ORIENTED_EDGE('',*,*,#9641,.F.);
#9641 = EDGE_CURVE('',#9642,#9633,#9644,.T.);
#9642 = VERTEX_POINT('',#9643);
#9643 = CARTESIAN_POINT('',(-0.175538216018,0.4,0.213784803983));
#9644 = B_SPLINE_CURVE_WITH_KNOTS('',3,(#9645,#9646,#9647,#9648),
  .UNSPECIFIED.,.F.,.F.,(4,4),(2.,3.),.PIECEWISE_BEZIER_KNOTS.);
#9645 = CARTESIAN_POINT('',(-0.175538216018,0.4,0.213784803983));
#9646 = CARTESIAN_POINT('',(-0.180705812862,0.4,0.213784803983));
#9647 = CARTESIAN_POINT('',(-0.184740073577,0.4,0.215198874749));
#9648 = CARTESIAN_POINT('',(-0.187630600585,0.4,0.218027016282));
#9649 = ORIENTED_EDGE('',*,*,#9650,.F.);
#9650 = EDGE_CURVE('',#9601,#9642,#9651,.T.);
#9651 = B_SPLINE_CURVE_WITH_KNOTS('',1,(#9652,#9653),.UNSPECIFIED.,.F.,
  .F.,(2,2),(0.,5.905824964605E-03),.PIECEWISE_BEZIER_KNOTS.);
#9652 = CARTESIAN_POINT('',(-0.169632391053,0.4,0.213784803983));
#9653 = CARTESIAN_POINT('',(-0.175538216018,0.4,0.213784803983));
#9654 = B_SPLINE_SURFACE_WITH_KNOTS('',1,1,(
    (#9655,#9656)
    ,(#9657,#9658
    )),.UNSPECIFIED.,.F.,.F.,.F.,(2,2),(2,2),(-3.933144257936E-02,
    1.343887106902E-03),(-1.304376306034E-02,2.007252657432E-02),
  .PIECEWISE_BEZIER_KNOTS.);
#9655 = CARTESIAN_POINT('',(-0.197497903211,0.4,0.209147483677));
#9656 = CARTESIAN_POINT('',(-0.164381613576,0.4,0.209147483677));
#9657 = CARTESIAN_POINT('',(-0.197497903211,0.4,0.249822813363));
#9658 = CARTESIAN_POINT('',(-0.164381613576,0.4,0.249822813363));
#9659 = ADVANCED_FACE('',(#9660),#9674,.F.);
#9660 = FACE_BOUND('',#9661,.T.);
#9661 = EDGE_LOOP('',(#9662,#9663,#9668,#9669));
#9662 = ORIENTED_EDGE('',*,*,#1085,.T.);
#9663 = ORIENTED_EDGE('',*,*,#9664,.F.);
#9664 = EDGE_CURVE('',#9542,#1075,#9665,.T.);
#9665 = B_SPLINE_CURVE_WITH_KNOTS('',1,(#9666,#9667),.UNSPECIFIED.,.F.,
  .F.,(2,2),(-0.,1.E-02),.PIECEWISE_BEZIER_KNOTS.);
#9666 = CARTESIAN_POINT('',(-0.175569408756,0.4,0.209147483677));
#9667 = CARTESIAN_POINT('',(-0.175569408756,0.39,0.209147483677));
#9668 = ORIENTED_EDGE('',*,*,#9539,.F.);
#9669 = ORIENTED_EDGE('',*,*,#9670,.T.);
#9670 = EDGE_CURVE('',#9540,#1086,#9671,.T.);
#9671 = B_SPLINE_CURVE_WITH_KNOTS('',1,(#9672,#9673),.UNSPECIFIED.,.F.,
  .F.,(2,2),(-0.,1.E-02),.PIECEWISE_BEZIER_KNOTS.);
#9672 = CARTESIAN_POINT('',(-0.164381613576,0.4,0.209147483677));
#9673 = CARTESIAN_POINT('',(-0.164381613576,0.39,0.209147483677));
#9674 = B_SPLINE_SURFACE_WITH_KNOTS('',1,1,(
    (#9675,#9676)
    ,(#9677,#9678
    )),.UNSPECIFIED.,.F.,.F.,.F.,(2,2),(2,2),(0.,1.118779517957E-02),(
    -1.E-02,0.),.PIECEWISE_BEZIER_KNOTS.);
#9675 = CARTESIAN_POINT('',(-0.175569408756,0.39,0.209147483677));
#9676 = CARTESIAN_POINT('',(-0.175569408756,0.4,0.209147483677));
#9677 = CARTESIAN_POINT('',(-0.164381613576,0.39,0.209147483677));
#9678 = CARTESIAN_POINT('',(-0.164381613576,0.4,0.209147483677));
#9679 = ADVANCED_FACE('',(#9680),#9690,.F.);
#9680 = FACE_BOUND('',#9681,.F.);
#9681 = EDGE_LOOP('',(#9682,#9683,#9684,#9689));
#9682 = ORIENTED_EDGE('',*,*,#9664,.F.);
#9683 = ORIENTED_EDGE('',*,*,#9548,.T.);
#9684 = ORIENTED_EDGE('',*,*,#9685,.T.);
#9685 = EDGE_CURVE('',#9549,#1077,#9686,.T.);
#9686 = B_SPLINE_CURVE_WITH_KNOTS('',1,(#9687,#9688),.UNSPECIFIED.,.F.,
  .F.,(2,2),(-0.,1.E-02),.PIECEWISE_BEZIER_KNOTS.);
#9687 = CARTESIAN_POINT('',(-0.191363331504,0.4,0.214845357058));
#9688 = CARTESIAN_POINT('',(-0.191363331504,0.39,0.214845357058));
#9689 = ORIENTED_EDGE('',*,*,#1074,.F.);
#9690 = B_SPLINE_SURFACE_WITH_KNOTS('',3,1,(
    (#9691,#9692)
    ,(#9693,#9694)
    ,(#9695,#9696)
    ,(#9697,#9698
    )),.UNSPECIFIED.,.F.,.F.,.F.,(4,4),(2,2),(5.,6.),(0.,1.),
  .PIECEWISE_BEZIER_KNOTS.);
#9691 = CARTESIAN_POINT('',(-0.175569408756,0.4,0.209147483677));
#9692 = CARTESIAN_POINT('',(-0.175569408756,0.39,0.209147483677));
#9693 = CARTESIAN_POINT('',(-0.182005510257,0.4,0.209147483677));
#9694 = CARTESIAN_POINT('',(-0.182005510257,0.39,0.209147483677));
#9695 = CARTESIAN_POINT('',(-0.187277082893,0.4,0.211039843084));
#9696 = CARTESIAN_POINT('',(-0.187277082893,0.39,0.211039843084));
#9697 = CARTESIAN_POINT('',(-0.191363331504,0.4,0.214845357058));
#9698 = CARTESIAN_POINT('',(-0.191363331504,0.39,0.214845357058));
#9699 = ADVANCED_FACE('',(#9700),#9710,.F.);
#9700 = FACE_BOUND('',#9701,.F.);
#9701 = EDGE_LOOP('',(#9702,#9703,#9704,#9709));
#9702 = ORIENTED_EDGE('',*,*,#9685,.F.);
#9703 = ORIENTED_EDGE('',*,*,#9557,.T.);
#9704 = ORIENTED_EDGE('',*,*,#9705,.T.);
#9705 = EDGE_CURVE('',#9558,#1116,#9706,.T.);
#9706 = B_SPLINE_CURVE_WITH_KNOTS('',1,(#9707,#9708),.UNSPECIFIED.,.F.,
  .F.,(2,2),(-0.,1.E-02),.PIECEWISE_BEZIER_KNOTS.);
#9707 = CARTESIAN_POINT('',(-0.197497903211,0.4,0.230005027478));
#9708 = CARTESIAN_POINT('',(-0.197497903211,0.39,0.230005027478));
#9709 = ORIENTED_EDGE('',*,*,#1124,.F.);
#9710 = B_SPLINE_SURFACE_WITH_KNOTS('',3,1,(
    (#9711,#9712)
    ,(#9713,#9714)
    ,(#9715,#9716)
    ,(#9717,#9718
    )),.UNSPECIFIED.,.F.,.F.,.F.,(4,4),(2,2),(4.,5.),(0.,1.),
  .PIECEWISE_BEZIER_KNOTS.);
#9711 = CARTESIAN_POINT('',(-0.191363331504,0.4,0.214845357058));
#9712 = CARTESIAN_POINT('',(-0.191363331504,0.39,0.214845357058));
#9713 = CARTESIAN_POINT('',(-0.195449580115,0.4,0.218650871032));
#9714 = CARTESIAN_POINT('',(-0.195449580115,0.39,0.218650871032));
#9715 = CARTESIAN_POINT('',(-0.197497903211,0.4,0.223704094505));
#9716 = CARTESIAN_POINT('',(-0.197497903211,0.39,0.223704094505));
#9717 = CARTESIAN_POINT('',(-0.197497903211,0.4,0.230005027478));
#9718 = CARTESIAN_POINT('',(-0.197497903211,0.39,0.230005027478));
#9719 = ADVANCED_FACE('',(#9720),#9730,.F.);
#9720 = FACE_BOUND('',#9721,.F.);
#9721 = EDGE_LOOP('',(#9722,#9723,#9724,#9729));
#9722 = ORIENTED_EDGE('',*,*,#9705,.F.);
#9723 = ORIENTED_EDGE('',*,*,#9566,.T.);
#9724 = ORIENTED_EDGE('',*,*,#9725,.T.);
#9725 = EDGE_CURVE('',#9567,#1107,#9726,.T.);
#9726 = B_SPLINE_CURVE_WITH_KNOTS('',1,(#9727,#9728),.UNSPECIFIED.,.F.,
  .F.,(2,2),(-0.,1.E-02),.PIECEWISE_BEZIER_KNOTS.);
#9727 = CARTESIAN_POINT('',(-0.191363331504,0.4,0.244436867356));
#9728 = CARTESIAN_POINT('',(-0.191363331504,0.39,0.244436867356));
#9729 = ORIENTED_EDGE('',*,*,#1115,.F.);
#9730 = B_SPLINE_SURFACE_WITH_KNOTS('',3,1,(
    (#9731,#9732)
    ,(#9733,#9734)
    ,(#9735,#9736)
    ,(#9737,#9738
    )),.UNSPECIFIED.,.F.,.F.,.F.,(4,4),(2,2),(3.,4.),(0.,1.),
  .PIECEWISE_BEZIER_KNOTS.);
#9731 = CARTESIAN_POINT('',(-0.197497903211,0.4,0.230005027478));
#9732 = CARTESIAN_POINT('',(-0.197497903211,0.39,0.230005027478));
#9733 = CARTESIAN_POINT('',(-0.197497903211,0.4,0.236035623392));
#9734 = CARTESIAN_POINT('',(-0.197497903211,0.39,0.236035623392));
#9735 = CARTESIAN_POINT('',(-0.195449580115,0.4,0.240839304966));
#9736 = CARTESIAN_POINT('',(-0.195449580115,0.39,0.240839304966));
#9737 = CARTESIAN_POINT('',(-0.191363331504,0.4,0.244436867356));
#9738 = CARTESIAN_POINT('',(-0.191363331504,0.39,0.244436867356));
#9739 = ADVANCED_FACE('',(#9740),#9750,.F.);
#9740 = FACE_BOUND('',#9741,.F.);
#9741 = EDGE_LOOP('',(#9742,#9743,#9744,#9749));
#9742 = ORIENTED_EDGE('',*,*,#9725,.F.);
#9743 = ORIENTED_EDGE('',*,*,#9575,.T.);
#9744 = ORIENTED_EDGE('',*,*,#9745,.T.);
#9745 = EDGE_CURVE('',#9576,#1100,#9746,.T.);
#9746 = B_SPLINE_CURVE_WITH_KNOTS('',1,(#9747,#9748),.UNSPECIFIED.,.F.,
  .F.,(2,2),(-0.,1.E-02),.PIECEWISE_BEZIER_KNOTS.);
#9747 = CARTESIAN_POINT('',(-0.175985311922,0.4,0.249822813363));
#9748 = CARTESIAN_POINT('',(-0.175985311922,0.39,0.249822813363));
#9749 = ORIENTED_EDGE('',*,*,#1106,.F.);
#9750 = B_SPLINE_SURFACE_WITH_KNOTS('',3,1,(
    (#9751,#9752)
    ,(#9753,#9754)
    ,(#9755,#9756)
    ,(#9757,#9758
    )),.UNSPECIFIED.,.F.,.F.,.F.,(4,4),(2,2),(2.,3.),(0.,1.),
  .PIECEWISE_BEZIER_KNOTS.);
#9751 = CARTESIAN_POINT('',(-0.191363331504,0.4,0.244436867356));
#9752 = CARTESIAN_POINT('',(-0.191363331504,0.39,0.244436867356));
#9753 = CARTESIAN_POINT('',(-0.187277082893,0.4,0.248034429747));
#9754 = CARTESIAN_POINT('',(-0.187277082893,0.39,0.248034429747));
#9755 = CARTESIAN_POINT('',(-0.182151076366,0.4,0.249822813363));
#9756 = CARTESIAN_POINT('',(-0.182151076366,0.39,0.249822813363));
#9757 = CARTESIAN_POINT('',(-0.175985311922,0.4,0.249822813363));
#9758 = CARTESIAN_POINT('',(-0.175985311922,0.39,0.249822813363));
#9759 = ADVANCED_FACE('',(#9760),#9770,.F.);
#9760 = FACE_BOUND('',#9761,.T.);
#9761 = EDGE_LOOP('',(#9762,#9763,#9768,#9769));
#9762 = ORIENTED_EDGE('',*,*,#1099,.T.);
#9763 = ORIENTED_EDGE('',*,*,#9764,.F.);
#9764 = EDGE_CURVE('',#9585,#1093,#9765,.T.);
#9765 = B_SPLINE_CURVE_WITH_KNOTS('',1,(#9766,#9767),.UNSPECIFIED.,.F.,
  .F.,(2,2),(-0.,1.E-02),.PIECEWISE_BEZIER_KNOTS.);
#9766 = CARTESIAN_POINT('',(-0.164381613576,0.4,0.249822813363));
#9767 = CARTESIAN_POINT('',(-0.164381613576,0.39,0.249822813363));
#9768 = ORIENTED_EDGE('',*,*,#9584,.F.);
#9769 = ORIENTED_EDGE('',*,*,#9745,.T.);
#9770 = B_SPLINE_SURFACE_WITH_KNOTS('',1,1,(
    (#9771,#9772)
    ,(#9773,#9774
    )),.UNSPECIFIED.,.F.,.F.,.F.,(2,2),(2,2),(0.,1.16036983459E-02),(
    -1.E-02,0.),.PIECEWISE_BEZIER_KNOTS.);
#9771 = CARTESIAN_POINT('',(-0.164381613576,0.39,0.249822813363));
#9772 = CARTESIAN_POINT('',(-0.164381613576,0.4,0.249822813363));
#9773 = CARTESIAN_POINT('',(-0.175985311922,0.39,0.249822813363));
#9774 = CARTESIAN_POINT('',(-0.175985311922,0.4,0.249822813363));
#9775 = ADVANCED_FACE('',(#9776),#9782,.F.);
#9776 = FACE_BOUND('',#9777,.T.);
#9777 = EDGE_LOOP('',(#9778,#9779,#9780,#9781));
#9778 = ORIENTED_EDGE('',*,*,#1092,.T.);
#9779 = ORIENTED_EDGE('',*,*,#9670,.F.);
#9780 = ORIENTED_EDGE('',*,*,#9591,.F.);
#9781 = ORIENTED_EDGE('',*,*,#9764,.T.);
#9782 = B_SPLINE_SURFACE_WITH_KNOTS('',1,1,(
    (#9783,#9784)
    ,(#9785,#9786
    )),.UNSPECIFIED.,.F.,.F.,.F.,(2,2),(2,2),(0.,4.067532968627E-02),(
    -1.E-02,0.),.PIECEWISE_BEZIER_KNOTS.);
#9783 = CARTESIAN_POINT('',(-0.164381613576,0.39,0.209147483677));
#9784 = CARTESIAN_POINT('',(-0.164381613576,0.4,0.209147483677));
#9785 = CARTESIAN_POINT('',(-0.164381613576,0.39,0.249822813363));
#9786 = CARTESIAN_POINT('',(-0.164381613576,0.4,0.249822813363));
#9787 = ADVANCED_FACE('',(#9788),#9810,.T.);
#9788 = FACE_BOUND('',#9789,.T.);
#9789 = EDGE_LOOP('',(#9790,#9799,#9804,#9805));
#9790 = ORIENTED_EDGE('',*,*,#9791,.F.);
#9791 = EDGE_CURVE('',#9792,#9794,#9796,.T.);
#9792 = VERTEX_POINT('',#9793);
#9793 = CARTESIAN_POINT('',(-0.175777360339,0.39,0.24514390274));
#9794 = VERTEX_POINT('',#9795);
#9795 = CARTESIAN_POINT('',(-0.169632391053,0.39,0.24514390274));
#9796 = B_SPLINE_CURVE_WITH_KNOTS('',1,(#9797,#9798),.UNSPECIFIED.,.F.,
  .F.,(2,2),(2.295525258925E-32,6.144969285362E-03),
  .PIECEWISE_BEZIER_KNOTS.);
#9797 = CARTESIAN_POINT('',(-0.175777360339,0.39,0.24514390274));
#9798 = CARTESIAN_POINT('',(-0.169632391053,0.39,0.24514390274));
#9799 = ORIENTED_EDGE('',*,*,#9800,.F.);
#9800 = EDGE_CURVE('',#9608,#9792,#9801,.T.);
#9801 = B_SPLINE_CURVE_WITH_KNOTS('',1,(#9802,#9803),.UNSPECIFIED.,.F.,
  .F.,(2,2),(-0.,1.E-02),.PIECEWISE_BEZIER_KNOTS.);
#9802 = CARTESIAN_POINT('',(-0.175777360339,0.4,0.24514390274));
#9803 = CARTESIAN_POINT('',(-0.175777360339,0.39,0.24514390274));
#9804 = ORIENTED_EDGE('',*,*,#9607,.T.);
#9805 = ORIENTED_EDGE('',*,*,#9806,.T.);
#9806 = EDGE_CURVE('',#9599,#9794,#9807,.T.);
#9807 = B_SPLINE_CURVE_WITH_KNOTS('',1,(#9808,#9809),.UNSPECIFIED.,.F.,
  .F.,(2,2),(-0.,1.E-02),.PIECEWISE_BEZIER_KNOTS.);
#9808 = CARTESIAN_POINT('',(-0.169632391053,0.4,0.24514390274));
#9809 = CARTESIAN_POINT('',(-0.169632391053,0.39,0.24514390274));
#9810 = B_SPLINE_SURFACE_WITH_KNOTS('',1,1,(
    (#9811,#9812)
    ,(#9813,#9814
    )),.UNSPECIFIED.,.F.,.F.,.F.,(2,2),(2,2),(-6.144969285362E-03,0.),(
    -1.E-02,0.),.PIECEWISE_BEZIER_KNOTS.);
#9811 = CARTESIAN_POINT('',(-0.169632391053,0.39,0.24514390274));
#9812 = CARTESIAN_POINT('',(-0.169632391053,0.4,0.24514390274));
#9813 = CARTESIAN_POINT('',(-0.175777360339,0.39,0.24514390274));
#9814 = CARTESIAN_POINT('',(-0.175777360339,0.4,0.24514390274));
#9815 = ADVANCED_FACE('',(#9816),#9832,.T.);
#9816 = FACE_BOUND('',#9817,.T.);
#9817 = EDGE_LOOP('',(#9818,#9825,#9826,#9827));
#9818 = ORIENTED_EDGE('',*,*,#9819,.F.);
#9819 = EDGE_CURVE('',#9794,#9820,#9822,.T.);
#9820 = VERTEX_POINT('',#9821);
#9821 = CARTESIAN_POINT('',(-0.169632391053,0.39,0.213784803983));
#9822 = B_SPLINE_CURVE_WITH_KNOTS('',1,(#9823,#9824),.UNSPECIFIED.,.F.,
  .F.,(2,2),(-3.469446951954E-17,3.135909875615E-02),
  .PIECEWISE_BEZIER_KNOTS.);
#9823 = CARTESIAN_POINT('',(-0.169632391053,0.39,0.24514390274));
#9824 = CARTESIAN_POINT('',(-0.169632391053,0.39,0.213784803983));
#9825 = ORIENTED_EDGE('',*,*,#9806,.F.);
#9826 = ORIENTED_EDGE('',*,*,#9598,.T.);
#9827 = ORIENTED_EDGE('',*,*,#9828,.T.);
#9828 = EDGE_CURVE('',#9601,#9820,#9829,.T.);
#9829 = B_SPLINE_CURVE_WITH_KNOTS('',1,(#9830,#9831),.UNSPECIFIED.,.F.,
  .F.,(2,2),(-0.,1.E-02),.PIECEWISE_BEZIER_KNOTS.);
#9830 = CARTESIAN_POINT('',(-0.169632391053,0.4,0.213784803983));
#9831 = CARTESIAN_POINT('',(-0.169632391053,0.39,0.213784803983));
#9832 = B_SPLINE_SURFACE_WITH_KNOTS('',1,1,(
    (#9833,#9834)
    ,(#9835,#9836
    )),.UNSPECIFIED.,.F.,.F.,.F.,(2,2),(2,2),(-3.135909875615E-02,
    3.469446951954E-17),(-1.E-02,0.),.PIECEWISE_BEZIER_KNOTS.);
#9833 = CARTESIAN_POINT('',(-0.169632391053,0.39,0.213784803983));
#9834 = CARTESIAN_POINT('',(-0.169632391053,0.4,0.213784803983));
#9835 = CARTESIAN_POINT('',(-0.169632391053,0.39,0.24514390274));
#9836 = CARTESIAN_POINT('',(-0.169632391053,0.4,0.24514390274));
#9837 = ADVANCED_FACE('',(#9838),#9854,.T.);
#9838 = FACE_BOUND('',#9839,.T.);
#9839 = EDGE_LOOP('',(#9840,#9847,#9848,#9849));
#9840 = ORIENTED_EDGE('',*,*,#9841,.F.);
#9841 = EDGE_CURVE('',#9820,#9842,#9844,.T.);
#9842 = VERTEX_POINT('',#9843);
#9843 = CARTESIAN_POINT('',(-0.175538216018,0.39,0.213784803983));
#9844 = B_SPLINE_CURVE_WITH_KNOTS('',1,(#9845,#9846),.UNSPECIFIED.,.F.,
  .F.,(2,2),(-2.775557561563E-17,5.905824964605E-03),
  .PIECEWISE_BEZIER_KNOTS.);
#9845 = CARTESIAN_POINT('',(-0.169632391053,0.39,0.213784803983));
#9846 = CARTESIAN_POINT('',(-0.175538216018,0.39,0.213784803983));
#9847 = ORIENTED_EDGE('',*,*,#9828,.F.);
#9848 = ORIENTED_EDGE('',*,*,#9650,.T.);
#9849 = ORIENTED_EDGE('',*,*,#9850,.T.);
#9850 = EDGE_CURVE('',#9642,#9842,#9851,.T.);
#9851 = B_SPLINE_CURVE_WITH_KNOTS('',1,(#9852,#9853),.UNSPECIFIED.,.F.,
  .F.,(2,2),(-0.,1.E-02),.PIECEWISE_BEZIER_KNOTS.);
#9852 = CARTESIAN_POINT('',(-0.175538216018,0.4,0.213784803983));
#9853 = CARTESIAN_POINT('',(-0.175538216018,0.39,0.213784803983));
#9854 = B_SPLINE_SURFACE_WITH_KNOTS('',1,1,(
    (#9855,#9856)
    ,(#9857,#9858
    )),.UNSPECIFIED.,.F.,.F.,.F.,(2,2),(2,2),(-5.905824964605E-03,
    2.775557561563E-17),(-1.E-02,0.),.PIECEWISE_BEZIER_KNOTS.);
#9855 = CARTESIAN_POINT('',(-0.175538216018,0.39,0.213784803983));
#9856 = CARTESIAN_POINT('',(-0.175538216018,0.4,0.213784803983));
#9857 = CARTESIAN_POINT('',(-0.169632391053,0.39,0.213784803983));
#9858 = CARTESIAN_POINT('',(-0.169632391053,0.4,0.213784803983));
#9859 = ADVANCED_FACE('',(#9860),#9878,.T.);
#9860 = FACE_BOUND('',#9861,.T.);
#9861 = EDGE_LOOP('',(#9862,#9871,#9872,#9873));
#9862 = ORIENTED_EDGE('',*,*,#9863,.F.);
#9863 = EDGE_CURVE('',#9842,#9864,#9866,.T.);
#9864 = VERTEX_POINT('',#9865);
#9865 = CARTESIAN_POINT('',(-0.187630600585,0.39,0.218027016282));
#9866 = B_SPLINE_CURVE_WITH_KNOTS('',3,(#9867,#9868,#9869,#9870),
  .UNSPECIFIED.,.F.,.F.,(4,4),(2.,3.),.PIECEWISE_BEZIER_KNOTS.);
#9867 = CARTESIAN_POINT('',(-0.175538216018,0.39,0.213784803983));
#9868 = CARTESIAN_POINT('',(-0.180705812862,0.39,0.213784803983));
#9869 = CARTESIAN_POINT('',(-0.184740073577,0.39,0.215198874749));
#9870 = CARTESIAN_POINT('',(-0.187630600585,0.39,0.218027016282));
#9871 = ORIENTED_EDGE('',*,*,#9850,.F.);
#9872 = ORIENTED_EDGE('',*,*,#9641,.T.);
#9873 = ORIENTED_EDGE('',*,*,#9874,.T.);
#9874 = EDGE_CURVE('',#9633,#9864,#9875,.T.);
#9875 = B_SPLINE_CURVE_WITH_KNOTS('',1,(#9876,#9877),.UNSPECIFIED.,.F.,
  .F.,(2,2),(-0.,1.E-02),.PIECEWISE_BEZIER_KNOTS.);
#9876 = CARTESIAN_POINT('',(-0.187630600585,0.4,0.218027016282));
#9877 = CARTESIAN_POINT('',(-0.187630600585,0.39,0.218027016282));
#9878 = B_SPLINE_SURFACE_WITH_KNOTS('',3,1,(
    (#9879,#9880)
    ,(#9881,#9882)
    ,(#9883,#9884)
    ,(#9885,#9886
    )),.UNSPECIFIED.,.F.,.F.,.F.,(4,4),(2,2),(2.,3.),(0.,1.),
  .PIECEWISE_BEZIER_KNOTS.);
#9879 = CARTESIAN_POINT('',(-0.175538216018,0.4,0.213784803983));
#9880 = CARTESIAN_POINT('',(-0.175538216018,0.39,0.213784803983));
#9881 = CARTESIAN_POINT('',(-0.180705812862,0.4,0.213784803983));
#9882 = CARTESIAN_POINT('',(-0.180705812862,0.39,0.213784803983));
#9883 = CARTESIAN_POINT('',(-0.184740073577,0.4,0.215198874749));
#9884 = CARTESIAN_POINT('',(-0.184740073577,0.39,0.215198874749));
#9885 = CARTESIAN_POINT('',(-0.187630600585,0.4,0.218027016282));
#9886 = CARTESIAN_POINT('',(-0.187630600585,0.39,0.218027016282));
#9887 = ADVANCED_FACE('',(#9888),#9906,.T.);
#9888 = FACE_BOUND('',#9889,.T.);
#9889 = EDGE_LOOP('',(#9890,#9899,#9900,#9901));
#9890 = ORIENTED_EDGE('',*,*,#9891,.F.);
#9891 = EDGE_CURVE('',#9864,#9892,#9894,.T.);
#9892 = VERTEX_POINT('',#9893);
#9893 = CARTESIAN_POINT('',(-0.191976788675,0.39,0.22985946137));
#9894 = B_SPLINE_CURVE_WITH_KNOTS('',3,(#9895,#9896,#9897,#9898),
  .UNSPECIFIED.,.F.,.F.,(4,4),(3.,4.),.PIECEWISE_BEZIER_KNOTS.);
#9895 = CARTESIAN_POINT('',(-0.187630600585,0.39,0.218027016282));
#9896 = CARTESIAN_POINT('',(-0.190531525171,0.39,0.220834362656));
#9897 = CARTESIAN_POINT('',(-0.191976788675,0.39,0.224785442738));
#9898 = CARTESIAN_POINT('',(-0.191976788675,0.39,0.22985946137));
#9899 = ORIENTED_EDGE('',*,*,#9874,.F.);
#9900 = ORIENTED_EDGE('',*,*,#9632,.T.);
#9901 = ORIENTED_EDGE('',*,*,#9902,.T.);
#9902 = EDGE_CURVE('',#9624,#9892,#9903,.T.);
#9903 = B_SPLINE_CURVE_WITH_KNOTS('',1,(#9904,#9905),.UNSPECIFIED.,.F.,
  .F.,(2,2),(-0.,1.E-02),.PIECEWISE_BEZIER_KNOTS.);
#9904 = CARTESIAN_POINT('',(-0.191976788675,0.4,0.22985946137));
#9905 = CARTESIAN_POINT('',(-0.191976788675,0.39,0.22985946137));
#9906 = B_SPLINE_SURFACE_WITH_KNOTS('',3,1,(
    (#9907,#9908)
    ,(#9909,#9910)
    ,(#9911,#9912)
    ,(#9913,#9914
    )),.UNSPECIFIED.,.F.,.F.,.F.,(4,4),(2,2),(3.,4.),(0.,1.),
  .PIECEWISE_BEZIER_KNOTS.);
#9907 = CARTESIAN_POINT('',(-0.187630600585,0.4,0.218027016282));
#9908 = CARTESIAN_POINT('',(-0.187630600585,0.39,0.218027016282));
#9909 = CARTESIAN_POINT('',(-0.190531525171,0.4,0.220834362656));
#9910 = CARTESIAN_POINT('',(-0.190531525171,0.39,0.220834362656));
#9911 = CARTESIAN_POINT('',(-0.191976788675,0.4,0.224785442738));
#9912 = CARTESIAN_POINT('',(-0.191976788675,0.39,0.224785442738));
#9913 = CARTESIAN_POINT('',(-0.191976788675,0.4,0.22985946137));
#9914 = CARTESIAN_POINT('',(-0.191976788675,0.39,0.22985946137));
#9915 = ADVANCED_FACE('',(#9916),#9934,.T.);
#9916 = FACE_BOUND('',#9917,.T.);
#9917 = EDGE_LOOP('',(#9918,#9927,#9928,#9929));
#9918 = ORIENTED_EDGE('',*,*,#9919,.F.);
#9919 = EDGE_CURVE('',#9892,#9920,#9922,.T.);
#9920 = VERTEX_POINT('',#9921);
#9921 = CARTESIAN_POINT('',(-0.187516227214,0.39,0.241317593607));
#9922 = B_SPLINE_CURVE_WITH_KNOTS('',3,(#9923,#9924,#9925,#9926),
  .UNSPECIFIED.,.F.,.F.,(4,4),(4.,5.),.PIECEWISE_BEZIER_KNOTS.);
#9923 = CARTESIAN_POINT('',(-0.191976788675,0.39,0.22985946137));
#9924 = CARTESIAN_POINT('',(-0.191976788675,0.39,0.234933480001));
#9925 = CARTESIAN_POINT('',(-0.190489934854,0.39,0.238759789133));
#9926 = CARTESIAN_POINT('',(-0.187516227214,0.39,0.241317593607));
#9927 = ORIENTED_EDGE('',*,*,#9902,.F.);
#9928 = ORIENTED_EDGE('',*,*,#9623,.T.);
#9929 = ORIENTED_EDGE('',*,*,#9930,.T.);
#9930 = EDGE_CURVE('',#9615,#9920,#9931,.T.);
#9931 = B_SPLINE_CURVE_WITH_KNOTS('',1,(#9932,#9933),.UNSPECIFIED.,.F.,
  .F.,(2,2),(-0.,1.E-02),.PIECEWISE_BEZIER_KNOTS.);
#9932 = CARTESIAN_POINT('',(-0.187516227214,0.4,0.241317593607));
#9933 = CARTESIAN_POINT('',(-0.187516227214,0.39,0.241317593607));
#9934 = B_SPLINE_SURFACE_WITH_KNOTS('',3,1,(
    (#9935,#9936)
    ,(#9937,#9938)
    ,(#9939,#9940)
    ,(#9941,#9942
    )),.UNSPECIFIED.,.F.,.F.,.F.,(4,4),(2,2),(4.,5.),(0.,1.),
  .PIECEWISE_BEZIER_KNOTS.);
#9935 = CARTESIAN_POINT('',(-0.191976788675,0.4,0.22985946137));
#9936 = CARTESIAN_POINT('',(-0.191976788675,0.39,0.22985946137));
#9937 = CARTESIAN_POINT('',(-0.191976788675,0.4,0.234933480001));
#9938 = CARTESIAN_POINT('',(-0.191976788675,0.39,0.234933480001));
#9939 = CARTESIAN_POINT('',(-0.190489934854,0.4,0.238759789133));
#9940 = CARTESIAN_POINT('',(-0.190489934854,0.39,0.238759789133));
#9941 = CARTESIAN_POINT('',(-0.187516227214,0.4,0.241317593607));
#9942 = CARTESIAN_POINT('',(-0.187516227214,0.39,0.241317593607));
#9943 = ADVANCED_FACE('',(#9944),#9956,.T.);
#9944 = FACE_BOUND('',#9945,.T.);
#9945 = EDGE_LOOP('',(#9946,#9953,#9954,#9955));
#9946 = ORIENTED_EDGE('',*,*,#9947,.F.);
#9947 = EDGE_CURVE('',#9920,#9792,#9948,.T.);
#9948 = B_SPLINE_CURVE_WITH_KNOTS('',3,(#9949,#9950,#9951,#9952),
  .UNSPECIFIED.,.F.,.F.,(4,4),(5.,6.),.PIECEWISE_BEZIER_KNOTS.);
#9949 = CARTESIAN_POINT('',(-0.187516227214,0.39,0.241317593607));
#9950 = CARTESIAN_POINT('',(-0.184542519573,0.39,0.243875398081));
#9951 = CARTESIAN_POINT('',(-0.180622632229,0.39,0.24514390274));
#9952 = CARTESIAN_POINT('',(-0.175777360339,0.39,0.24514390274));
#9953 = ORIENTED_EDGE('',*,*,#9930,.F.);
#9954 = ORIENTED_EDGE('',*,*,#9614,.T.);
#9955 = ORIENTED_EDGE('',*,*,#9800,.T.);
#9956 = B_SPLINE_SURFACE_WITH_KNOTS('',3,1,(
    (#9957,#9958)
    ,(#9959,#9960)
    ,(#9961,#9962)
    ,(#9963,#9964
    )),.UNSPECIFIED.,.F.,.F.,.F.,(4,4),(2,2),(5.,6.),(0.,1.),
  .PIECEWISE_BEZIER_KNOTS.);
#9957 = CARTESIAN_POINT('',(-0.187516227214,0.4,0.241317593607));
#9958 = CARTESIAN_POINT('',(-0.187516227214,0.39,0.241317593607));
#9959 = CARTESIAN_POINT('',(-0.184542519573,0.4,0.243875398081));
#9960 = CARTESIAN_POINT('',(-0.184542519573,0.39,0.243875398081));
#9961 = CARTESIAN_POINT('',(-0.180622632229,0.4,0.24514390274));
#9962 = CARTESIAN_POINT('',(-0.180622632229,0.39,0.24514390274));
#9963 = CARTESIAN_POINT('',(-0.175777360339,0.4,0.24514390274));
#9964 = CARTESIAN_POINT('',(-0.175777360339,0.39,0.24514390274));
#9965 = ADVANCED_FACE('',(#9966),#9975,.T.);
#9966 = FACE_BOUND('',#9967,.T.);
#9967 = EDGE_LOOP('',(#9968,#9969,#9970,#9971,#9972,#9973,#9974));
#9968 = ORIENTED_EDGE('',*,*,#9791,.T.);
#9969 = ORIENTED_EDGE('',*,*,#9819,.T.);
#9970 = ORIENTED_EDGE('',*,*,#9841,.T.);
#9971 = ORIENTED_EDGE('',*,*,#9863,.T.);
#9972 = ORIENTED_EDGE('',*,*,#9891,.T.);
#9973 = ORIENTED_EDGE('',*,*,#9919,.T.);
#9974 = ORIENTED_EDGE('',*,*,#9947,.T.);
#9975 = B_SPLINE_SURFACE_WITH_KNOTS('',1,1,(
    (#9976,#9977)
    ,(#9978,#9979
    )),.UNSPECIFIED.,.F.,.F.,.F.,(2,2),(2,2),(-0.276215296017,
    -0.24485619726),(0.558023211325,0.580367608947),
  .PIECEWISE_BEZIER_KNOTS.);
#9976 = CARTESIAN_POINT('',(-0.191976788675,0.39,0.213784803983));
#9977 = CARTESIAN_POINT('',(-0.169632391053,0.39,0.213784803983));
#9978 = CARTESIAN_POINT('',(-0.191976788675,0.39,0.24514390274));
#9979 = CARTESIAN_POINT('',(-0.169632391053,0.39,0.24514390274));
#9980 = ADVANCED_FACE('',(#9981,#10039),#10087,.F.);
#9981 = FACE_BOUND('',#9982,.T.);
#9982 = EDGE_LOOP('',(#9983,#9992,#9999,#10006,#10013,#10020,#10027,
    #10034));
#9983 = ORIENTED_EDGE('',*,*,#9984,.T.);
#9984 = EDGE_CURVE('',#9985,#9987,#9989,.T.);
#9985 = VERTEX_POINT('',#9986);
#9986 = CARTESIAN_POINT('',(-0.236353656543,0.4,0.209147483677));
#9987 = VERTEX_POINT('',#9988);
#9988 = CARTESIAN_POINT('',(-0.22086126359,0.4,0.249822813363));
#9989 = B_SPLINE_CURVE_WITH_KNOTS('',1,(#9990,#9991),.UNSPECIFIED.,.F.,
  .F.,(2,2),(-4.3525816299E-02,0.),.PIECEWISE_BEZIER_KNOTS.);
#9990 = CARTESIAN_POINT('',(-0.236353656543,0.4,0.209147483677));
#9991 = CARTESIAN_POINT('',(-0.22086126359,0.4,0.249822813363));
#9992 = ORIENTED_EDGE('',*,*,#9993,.T.);
#9993 = EDGE_CURVE('',#9987,#9994,#9996,.T.);
#9994 = VERTEX_POINT('',#9995);
#9995 = CARTESIAN_POINT('',(-0.215246570842,0.4,0.249822813363));
#9996 = B_SPLINE_CURVE_WITH_KNOTS('',1,(#9997,#9998),.UNSPECIFIED.,.F.,
  .F.,(2,2),(-5.614692748368E-03,0.),.PIECEWISE_BEZIER_KNOTS.);
#9997 = CARTESIAN_POINT('',(-0.22086126359,0.4,0.249822813363));
#9998 = CARTESIAN_POINT('',(-0.215246570842,0.4,0.249822813363));
#9999 = ORIENTED_EDGE('',*,*,#10000,.T.);
#10000 = EDGE_CURVE('',#9994,#10001,#10003,.T.);
#10001 = VERTEX_POINT('',#10002);
#10002 = CARTESIAN_POINT('',(-0.199754177889,0.4,0.209147483677));
#10003 = B_SPLINE_CURVE_WITH_KNOTS('',1,(#10004,#10005),.UNSPECIFIED.,
  .F.,.F.,(2,2),(-4.35258162991E-02,0.),.PIECEWISE_BEZIER_KNOTS.);
#10004 = CARTESIAN_POINT('',(-0.215246570842,0.4,0.249822813363));
#10005 = CARTESIAN_POINT('',(-0.199754177889,0.4,0.209147483677));
#10006 = ORIENTED_EDGE('',*,*,#10007,.T.);
#10007 = EDGE_CURVE('',#10001,#10008,#10010,.T.);
#10008 = VERTEX_POINT('',#10009);
#10009 = CARTESIAN_POINT('',(-0.205556027062,0.4,0.209147483677));
#10010 = B_SPLINE_CURVE_WITH_KNOTS('',1,(#10011,#10012),.UNSPECIFIED.,
  .F.,.F.,(2,2),(-5.801849173091E-03,0.),.PIECEWISE_BEZIER_KNOTS.);
#10011 = CARTESIAN_POINT('',(-0.199754177889,0.4,0.209147483677));
#10012 = CARTESIAN_POINT('',(-0.205556027062,0.4,0.209147483677));
#10013 = ORIENTED_EDGE('',*,*,#10014,.T.);
#10014 = EDGE_CURVE('',#10008,#10015,#10017,.T.);
#10015 = VERTEX_POINT('',#10016);
#10016 = CARTESIAN_POINT('',(-0.209465516827,0.4,0.220272893381));
#10017 = B_SPLINE_CURVE_WITH_KNOTS('',1,(#10018,#10019),.UNSPECIFIED.,
  .F.,.F.,(2,2),(-1.179232171015E-02,0.),.PIECEWISE_BEZIER_KNOTS.);
#10018 = CARTESIAN_POINT('',(-0.205556027062,0.4,0.209147483677));
#10019 = CARTESIAN_POINT('',(-0.209465516827,0.4,0.220272893381));
#10020 = ORIENTED_EDGE('',*,*,#10021,.T.);
#10021 = EDGE_CURVE('',#10015,#10022,#10024,.T.);
#10022 = VERTEX_POINT('',#10023);
#10023 = CARTESIAN_POINT('',(-0.226403173284,0.4,0.220272893381));
#10024 = B_SPLINE_CURVE_WITH_KNOTS('',1,(#10025,#10026),.UNSPECIFIED.,
  .F.,.F.,(2,2),(-1.693765645691E-02,0.),.PIECEWISE_BEZIER_KNOTS.);
#10025 = CARTESIAN_POINT('',(-0.209465516827,0.4,0.220272893381));
#10026 = CARTESIAN_POINT('',(-0.226403173284,0.4,0.220272893381));
#10027 = ORIENTED_EDGE('',*,*,#10028,.T.);
#10028 = EDGE_CURVE('',#10022,#10029,#10031,.T.);
#10029 = VERTEX_POINT('',#10030);
#10030 = CARTESIAN_POINT('',(-0.23055180737,0.4,0.209147483677));
#10031 = B_SPLINE_CURVE_WITH_KNOTS('',1,(#10032,#10033),.UNSPECIFIED.,
  .F.,.F.,(2,2),(-1.18737486024E-02,-0.),.PIECEWISE_BEZIER_KNOTS.);
#10032 = CARTESIAN_POINT('',(-0.226403173284,0.4,0.220272893381));
#10033 = CARTESIAN_POINT('',(-0.23055180737,0.4,0.209147483677));
#10034 = ORIENTED_EDGE('',*,*,#10035,.T.);
#10035 = EDGE_CURVE('',#10029,#9985,#10036,.T.);
#10036 = B_SPLINE_CURVE_WITH_KNOTS('',1,(#10037,#10038),.UNSPECIFIED.,
  .F.,.F.,(2,2),(-5.801849172813E-03,0.),.PIECEWISE_BEZIER_KNOTS.);
#10037 = CARTESIAN_POINT('',(-0.23055180737,0.4,0.209147483677));
#10038 = CARTESIAN_POINT('',(-0.236353656543,0.4,0.209147483677));
#10039 = FACE_BOUND('',#10040,.T.);
#10040 = EDGE_LOOP('',(#10041,#10050,#10057,#10066,#10073,#10082));
#10041 = ORIENTED_EDGE('',*,*,#10042,.F.);
#10042 = EDGE_CURVE('',#10043,#10045,#10047,.T.);
#10043 = VERTEX_POINT('',#10044);
#10044 = CARTESIAN_POINT('',(-0.211129129494,0.4,0.224868623371));
#10045 = VERTEX_POINT('',#10046);
#10046 = CARTESIAN_POINT('',(-0.224781150935,0.4,0.224868623371));
#10047 = B_SPLINE_CURVE_WITH_KNOTS('',1,(#10048,#10049),.UNSPECIFIED.,
  .F.,.F.,(2,2),(0.,1.365202144121E-02),.PIECEWISE_BEZIER_KNOTS.);
#10048 = CARTESIAN_POINT('',(-0.211129129494,0.4,0.224868623371));
#10049 = CARTESIAN_POINT('',(-0.224781150935,0.4,0.224868623371));
#10050 = ORIENTED_EDGE('',*,*,#10051,.F.);
#10051 = EDGE_CURVE('',#10052,#10043,#10054,.T.);
#10052 = VERTEX_POINT('',#10053);
#10053 = CARTESIAN_POINT('',(-0.217211713304,0.4,0.241775087091));
#10054 = B_SPLINE_CURVE_WITH_KNOTS('',1,(#10055,#10056),.UNSPECIFIED.,
  .F.,.F.,(2,2),(1.142606237712E-17,1.796736879193E-02),
  .PIECEWISE_BEZIER_KNOTS.);
#10055 = CARTESIAN_POINT('',(-0.217211713304,0.4,0.241775087091));
#10056 = CARTESIAN_POINT('',(-0.211129129494,0.4,0.224868623371));
#10057 = ORIENTED_EDGE('',*,*,#10058,.F.);
#10058 = EDGE_CURVE('',#10059,#10052,#10061,.T.);
#10059 = VERTEX_POINT('',#10060);
#10060 = CARTESIAN_POINT('',(-0.21787715837,0.4,0.244624023781));
#10061 = B_SPLINE_CURVE_WITH_KNOTS('',3,(#10062,#10063,#10064,#10065),
  .UNSPECIFIED.,.F.,.F.,(4,4),(3.,4.),.PIECEWISE_BEZIER_KNOTS.);
#10062 = CARTESIAN_POINT('',(-0.21787715837,0.4,0.244624023781));
#10063 = CARTESIAN_POINT('',(-0.217679604366,0.4,0.24339710944));
#10064 = CARTESIAN_POINT('',(-0.217461255204,0.4,0.242440532157));
#10065 = CARTESIAN_POINT('',(-0.217211713304,0.4,0.241775087091));
#10066 = ORIENTED_EDGE('',*,*,#10067,.F.);
#10067 = EDGE_CURVE('',#10068,#10059,#10070,.T.);
#10068 = VERTEX_POINT('',#10069);
#10069 = CARTESIAN_POINT('',(-0.21800192932,0.4,0.244624023781));
#10070 = B_SPLINE_CURVE_WITH_KNOTS('',1,(#10071,#10072),.UNSPECIFIED.,
  .F.,.F.,(2,2),(2.775557561563E-17,1.247709500934E-04),
  .PIECEWISE_BEZIER_KNOTS.);
#10071 = CARTESIAN_POINT('',(-0.21800192932,0.4,0.244624023781));
#10072 = CARTESIAN_POINT('',(-0.21787715837,0.4,0.244624023781));
#10073 = ORIENTED_EDGE('',*,*,#10074,.F.);
#10074 = EDGE_CURVE('',#10075,#10068,#10077,.T.);
#10075 = VERTEX_POINT('',#10076);
#10076 = CARTESIAN_POINT('',(-0.218636181649,0.4,0.241775087091));
#10077 = B_SPLINE_CURVE_WITH_KNOTS('',3,(#10078,#10079,#10080,#10081),
  .UNSPECIFIED.,.F.,.F.,(4,4),(1.,2.),.PIECEWISE_BEZIER_KNOTS.);
#10078 = CARTESIAN_POINT('',(-0.218636181649,0.4,0.241775087091));
#10079 = CARTESIAN_POINT('',(-0.218438627645,0.4,0.242336556365));
#10080 = CARTESIAN_POINT('',(-0.218230676062,0.4,0.24327233849));
#10081 = CARTESIAN_POINT('',(-0.21800192932,0.4,0.244624023781));
#10082 = ORIENTED_EDGE('',*,*,#10083,.F.);
#10083 = EDGE_CURVE('',#10045,#10075,#10084,.T.);
#10084 = B_SPLINE_CURVE_WITH_KNOTS('',1,(#10085,#10086),.UNSPECIFIED.,
  .F.,.F.,(2,2),(0.,1.798858424164E-02),.PIECEWISE_BEZIER_KNOTS.);
#10085 = CARTESIAN_POINT('',(-0.224781150935,0.4,0.224868623371));
#10086 = CARTESIAN_POINT('',(-0.218636181649,0.4,0.241775087091));
#10087 = B_SPLINE_SURFACE_WITH_KNOTS('',1,1,(
    (#10088,#10089)
    ,(#10090,#10091
    )),.UNSPECIFIED.,.F.,.F.,.F.,(2,2),(2,2),(1.772866370885E-04,
    4.085261632336E-02),(-0.236353656543,-0.199754177889),
  .PIECEWISE_BEZIER_KNOTS.);
#10088 = CARTESIAN_POINT('',(-0.236353656543,0.4,0.249822813363));
#10089 = CARTESIAN_POINT('',(-0.199754177889,0.4,0.249822813363));
#10090 = CARTESIAN_POINT('',(-0.236353656543,0.4,0.209147483677));
#10091 = CARTESIAN_POINT('',(-0.199754177889,0.4,0.209147483677));
#10092 = ADVANCED_FACE('',(#10093),#10107,.F.);
#10093 = FACE_BOUND('',#10094,.T.);
#10094 = EDGE_LOOP('',(#10095,#10096,#10101,#10102));
#10095 = ORIENTED_EDGE('',*,*,#30,.T.);
#10096 = ORIENTED_EDGE('',*,*,#10097,.F.);
#10097 = EDGE_CURVE('',#9987,#22,#10098,.T.);
#10098 = B_SPLINE_CURVE_WITH_KNOTS('',1,(#10099,#10100),.UNSPECIFIED.,
  .F.,.F.,(2,2),(-0.,1.E-02),.PIECEWISE_BEZIER_KNOTS.);
#10099 = CARTESIAN_POINT('',(-0.22086126359,0.4,0.249822813363));
#10100 = CARTESIAN_POINT('',(-0.22086126359,0.39,0.249822813363));
#10101 = ORIENTED_EDGE('',*,*,#9984,.F.);
#10102 = ORIENTED_EDGE('',*,*,#10103,.T.);
#10103 = EDGE_CURVE('',#9985,#31,#10104,.T.);
#10104 = B_SPLINE_CURVE_WITH_KNOTS('',1,(#10105,#10106),.UNSPECIFIED.,
  .F.,.F.,(2,2),(-0.,1.E-02),.PIECEWISE_BEZIER_KNOTS.);
#10105 = CARTESIAN_POINT('',(-0.236353656543,0.4,0.209147483677));
#10106 = CARTESIAN_POINT('',(-0.236353656543,0.39,0.209147483677));
#10107 = B_SPLINE_SURFACE_WITH_KNOTS('',1,1,(
    (#10108,#10109)
    ,(#10110,#10111
    )),.UNSPECIFIED.,.F.,.F.,.F.,(2,2),(2,2),(-0.,4.3525816299E-02),(
    -1.E-02,0.),.PIECEWISE_BEZIER_KNOTS.);
#10108 = CARTESIAN_POINT('',(-0.22086126359,0.39,0.249822813363));
#10109 = CARTESIAN_POINT('',(-0.22086126359,0.4,0.249822813363));
#10110 = CARTESIAN_POINT('',(-0.236353656543,0.39,0.209147483677));
#10111 = CARTESIAN_POINT('',(-0.236353656543,0.4,0.209147483677));
#10112 = ADVANCED_FACE('',(#10113),#10123,.F.);
#10113 = FACE_BOUND('',#10114,.T.);
#10114 = EDGE_LOOP('',(#10115,#10116,#10121,#10122));
#10115 = ORIENTED_EDGE('',*,*,#21,.T.);
#10116 = ORIENTED_EDGE('',*,*,#10117,.F.);
#10117 = EDGE_CURVE('',#9994,#24,#10118,.T.);
#10118 = B_SPLINE_CURVE_WITH_KNOTS('',1,(#10119,#10120),.UNSPECIFIED.,
  .F.,.F.,(2,2),(-0.,1.E-02),.PIECEWISE_BEZIER_KNOTS.);
#10119 = CARTESIAN_POINT('',(-0.215246570842,0.4,0.249822813363));
#10120 = CARTESIAN_POINT('',(-0.215246570842,0.39,0.249822813363));
#10121 = ORIENTED_EDGE('',*,*,#9993,.F.);
#10122 = ORIENTED_EDGE('',*,*,#10097,.T.);
#10123 = B_SPLINE_SURFACE_WITH_KNOTS('',1,1,(
    (#10124,#10125)
    ,(#10126,#10127
    )),.UNSPECIFIED.,.F.,.F.,.F.,(2,2),(2,2),(0.,5.614692748368E-03),(
    -1.E-02,0.),.PIECEWISE_BEZIER_KNOTS.);
#10124 = CARTESIAN_POINT('',(-0.215246570842,0.39,0.249822813363));
#10125 = CARTESIAN_POINT('',(-0.215246570842,0.4,0.249822813363));
#10126 = CARTESIAN_POINT('',(-0.22086126359,0.39,0.249822813363));
#10127 = CARTESIAN_POINT('',(-0.22086126359,0.4,0.249822813363));
#10128 = ADVANCED_FACE('',(#10129),#10139,.F.);
#10129 = FACE_BOUND('',#10130,.T.);
#10130 = EDGE_LOOP('',(#10131,#10132,#10137,#10138));
#10131 = ORIENTED_EDGE('',*,*,#72,.T.);
#10132 = ORIENTED_EDGE('',*,*,#10133,.F.);
#10133 = EDGE_CURVE('',#10001,#66,#10134,.T.);
#10134 = B_SPLINE_CURVE_WITH_KNOTS('',1,(#10135,#10136),.UNSPECIFIED.,
  .F.,.F.,(2,2),(-0.,1.E-02),.PIECEWISE_BEZIER_KNOTS.);
#10135 = CARTESIAN_POINT('',(-0.199754177889,0.4,0.209147483677));
#10136 = CARTESIAN_POINT('',(-0.199754177889,0.39,0.209147483677));
#10137 = ORIENTED_EDGE('',*,*,#10000,.F.);
#10138 = ORIENTED_EDGE('',*,*,#10117,.T.);
#10139 = B_SPLINE_SURFACE_WITH_KNOTS('',1,1,(
    (#10140,#10141)
    ,(#10142,#10143
    )),.UNSPECIFIED.,.F.,.F.,.F.,(2,2),(2,2),(0.,4.35258162991E-02),(
    -1.E-02,0.),.PIECEWISE_BEZIER_KNOTS.);
#10140 = CARTESIAN_POINT('',(-0.199754177889,0.39,0.209147483677));
#10141 = CARTESIAN_POINT('',(-0.199754177889,0.4,0.209147483677));
#10142 = CARTESIAN_POINT('',(-0.215246570842,0.39,0.249822813363));
#10143 = CARTESIAN_POINT('',(-0.215246570842,0.4,0.249822813363));
#10144 = ADVANCED_FACE('',(#10145),#10155,.F.);
#10145 = FACE_BOUND('',#10146,.T.);
#10146 = EDGE_LOOP('',(#10147,#10148,#10153,#10154));
#10147 = ORIENTED_EDGE('',*,*,#65,.T.);
#10148 = ORIENTED_EDGE('',*,*,#10149,.F.);
#10149 = EDGE_CURVE('',#10008,#59,#10150,.T.);
#10150 = B_SPLINE_CURVE_WITH_KNOTS('',1,(#10151,#10152),.UNSPECIFIED.,
  .F.,.F.,(2,2),(-0.,1.E-02),.PIECEWISE_BEZIER_KNOTS.);
#10151 = CARTESIAN_POINT('',(-0.205556027062,0.4,0.209147483677));
#10152 = CARTESIAN_POINT('',(-0.205556027062,0.39,0.209147483677));
#10153 = ORIENTED_EDGE('',*,*,#10007,.F.);
#10154 = ORIENTED_EDGE('',*,*,#10133,.T.);
#10155 = B_SPLINE_SURFACE_WITH_KNOTS('',1,1,(
    (#10156,#10157)
    ,(#10158,#10159
    )),.UNSPECIFIED.,.F.,.F.,.F.,(2,2),(2,2),(0.,5.801849173091E-03),(
    -1.E-02,0.),.PIECEWISE_BEZIER_KNOTS.);
#10156 = CARTESIAN_POINT('',(-0.205556027062,0.39,0.209147483677));
#10157 = CARTESIAN_POINT('',(-0.205556027062,0.4,0.209147483677));
#10158 = CARTESIAN_POINT('',(-0.199754177889,0.39,0.209147483677));
#10159 = CARTESIAN_POINT('',(-0.199754177889,0.4,0.209147483677));
#10160 = ADVANCED_FACE('',(#10161),#10171,.F.);
#10161 = FACE_BOUND('',#10162,.T.);
#10162 = EDGE_LOOP('',(#10163,#10164,#10169,#10170));
#10163 = ORIENTED_EDGE('',*,*,#58,.T.);
#10164 = ORIENTED_EDGE('',*,*,#10165,.F.);
#10165 = EDGE_CURVE('',#10015,#52,#10166,.T.);
#10166 = B_SPLINE_CURVE_WITH_KNOTS('',1,(#10167,#10168),.UNSPECIFIED.,
  .F.,.F.,(2,2),(-0.,1.E-02),.PIECEWISE_BEZIER_KNOTS.);
#10167 = CARTESIAN_POINT('',(-0.209465516827,0.4,0.220272893381));
#10168 = CARTESIAN_POINT('',(-0.209465516827,0.39,0.220272893381));
#10169 = ORIENTED_EDGE('',*,*,#10014,.F.);
#10170 = ORIENTED_EDGE('',*,*,#10149,.T.);
#10171 = B_SPLINE_SURFACE_WITH_KNOTS('',1,1,(
    (#10172,#10173)
    ,(#10174,#10175
    )),.UNSPECIFIED.,.F.,.F.,.F.,(2,2),(2,2),(0.,1.179232171015E-02),(
    -1.E-02,0.),.PIECEWISE_BEZIER_KNOTS.);
#10172 = CARTESIAN_POINT('',(-0.209465516827,0.39,0.220272893381));
#10173 = CARTESIAN_POINT('',(-0.209465516827,0.4,0.220272893381));
#10174 = CARTESIAN_POINT('',(-0.205556027062,0.39,0.209147483677));
#10175 = CARTESIAN_POINT('',(-0.205556027062,0.4,0.209147483677));
#10176 = ADVANCED_FACE('',(#10177),#10187,.F.);
#10177 = FACE_BOUND('',#10178,.T.);
#10178 = EDGE_LOOP('',(#10179,#10180,#10185,#10186));
#10179 = ORIENTED_EDGE('',*,*,#51,.T.);
#10180 = ORIENTED_EDGE('',*,*,#10181,.F.);
#10181 = EDGE_CURVE('',#10022,#45,#10182,.T.);
#10182 = B_SPLINE_CURVE_WITH_KNOTS('',1,(#10183,#10184),.UNSPECIFIED.,
  .F.,.F.,(2,2),(-0.,1.E-02),.PIECEWISE_BEZIER_KNOTS.);
#10183 = CARTESIAN_POINT('',(-0.226403173284,0.4,0.220272893381));
#10184 = CARTESIAN_POINT('',(-0.226403173284,0.39,0.220272893381));
#10185 = ORIENTED_EDGE('',*,*,#10021,.F.);
#10186 = ORIENTED_EDGE('',*,*,#10165,.T.);
#10187 = B_SPLINE_SURFACE_WITH_KNOTS('',1,1,(
    (#10188,#10189)
    ,(#10190,#10191
    )),.UNSPECIFIED.,.F.,.F.,.F.,(2,2),(2,2),(0.,1.693765645691E-02),(
    -1.E-02,0.),.PIECEWISE_BEZIER_KNOTS.);
#10188 = CARTESIAN_POINT('',(-0.226403173284,0.39,0.220272893381));
#10189 = CARTESIAN_POINT('',(-0.226403173284,0.4,0.220272893381));
#10190 = CARTESIAN_POINT('',(-0.209465516827,0.39,0.220272893381));
#10191 = CARTESIAN_POINT('',(-0.209465516827,0.4,0.220272893381));
#10192 = ADVANCED_FACE('',(#10193),#10203,.F.);
#10193 = FACE_BOUND('',#10194,.T.);
#10194 = EDGE_LOOP('',(#10195,#10196,#10201,#10202));
#10195 = ORIENTED_EDGE('',*,*,#44,.T.);
#10196 = ORIENTED_EDGE('',*,*,#10197,.F.);
#10197 = EDGE_CURVE('',#10029,#38,#10198,.T.);
#10198 = B_SPLINE_CURVE_WITH_KNOTS('',1,(#10199,#10200),.UNSPECIFIED.,
  .F.,.F.,(2,2),(-0.,1.E-02),.PIECEWISE_BEZIER_KNOTS.);
#10199 = CARTESIAN_POINT('',(-0.23055180737,0.4,0.209147483677));
#10200 = CARTESIAN_POINT('',(-0.23055180737,0.39,0.209147483677));
#10201 = ORIENTED_EDGE('',*,*,#10028,.F.);
#10202 = ORIENTED_EDGE('',*,*,#10181,.T.);
#10203 = B_SPLINE_SURFACE_WITH_KNOTS('',1,1,(
    (#10204,#10205)
    ,(#10206,#10207
    )),.UNSPECIFIED.,.F.,.F.,.F.,(2,2),(2,2),(-7.460402556541E-17,
    1.18737486024E-02),(-1.E-02,0.),.PIECEWISE_BEZIER_KNOTS.);
#10204 = CARTESIAN_POINT('',(-0.23055180737,0.39,0.209147483677));
#10205 = CARTESIAN_POINT('',(-0.23055180737,0.4,0.209147483677));
#10206 = CARTESIAN_POINT('',(-0.226403173284,0.39,0.220272893381));
#10207 = CARTESIAN_POINT('',(-0.226403173284,0.4,0.220272893381));
#10208 = ADVANCED_FACE('',(#10209),#10215,.F.);
#10209 = FACE_BOUND('',#10210,.T.);
#10210 = EDGE_LOOP('',(#10211,#10212,#10213,#10214));
#10211 = ORIENTED_EDGE('',*,*,#37,.T.);
#10212 = ORIENTED_EDGE('',*,*,#10103,.F.);
#10213 = ORIENTED_EDGE('',*,*,#10035,.F.);
#10214 = ORIENTED_EDGE('',*,*,#10197,.T.);
#10215 = B_SPLINE_SURFACE_WITH_KNOTS('',1,1,(
    (#10216,#10217)
    ,(#10218,#10219
    )),.UNSPECIFIED.,.F.,.F.,.F.,(2,2),(2,2),(0.,5.801849172813E-03),(
    -1.E-02,0.),.PIECEWISE_BEZIER_KNOTS.);
#10216 = CARTESIAN_POINT('',(-0.236353656543,0.39,0.209147483677));
#10217 = CARTESIAN_POINT('',(-0.236353656543,0.4,0.209147483677));
#10218 = CARTESIAN_POINT('',(-0.23055180737,0.39,0.209147483677));
#10219 = CARTESIAN_POINT('',(-0.23055180737,0.4,0.209147483677));
#10220 = ADVANCED_FACE('',(#10221),#10243,.T.);
#10221 = FACE_BOUND('',#10222,.T.);
#10222 = EDGE_LOOP('',(#10223,#10232,#10237,#10238));
#10223 = ORIENTED_EDGE('',*,*,#10224,.F.);
#10224 = EDGE_CURVE('',#10225,#10227,#10229,.T.);
#10225 = VERTEX_POINT('',#10226);
#10226 = CARTESIAN_POINT('',(-0.211129129494,0.39,0.224868623371));
#10227 = VERTEX_POINT('',#10228);
#10228 = CARTESIAN_POINT('',(-0.224781150935,0.39,0.224868623371));
#10229 = B_SPLINE_CURVE_WITH_KNOTS('',1,(#10230,#10231),.UNSPECIFIED.,
  .F.,.F.,(2,2),(8.326672684689E-17,1.365202144121E-02),
  .PIECEWISE_BEZIER_KNOTS.);
#10230 = CARTESIAN_POINT('',(-0.211129129494,0.39,0.224868623371));
#10231 = CARTESIAN_POINT('',(-0.224781150935,0.39,0.224868623371));
#10232 = ORIENTED_EDGE('',*,*,#10233,.F.);
#10233 = EDGE_CURVE('',#10043,#10225,#10234,.T.);
#10234 = B_SPLINE_CURVE_WITH_KNOTS('',1,(#10235,#10236),.UNSPECIFIED.,
  .F.,.F.,(2,2),(-0.,1.E-02),.PIECEWISE_BEZIER_KNOTS.);
#10235 = CARTESIAN_POINT('',(-0.211129129494,0.4,0.224868623371));
#10236 = CARTESIAN_POINT('',(-0.211129129494,0.39,0.224868623371));
#10237 = ORIENTED_EDGE('',*,*,#10042,.T.);
#10238 = ORIENTED_EDGE('',*,*,#10239,.T.);
#10239 = EDGE_CURVE('',#10045,#10227,#10240,.T.);
#10240 = B_SPLINE_CURVE_WITH_KNOTS('',1,(#10241,#10242),.UNSPECIFIED.,
  .F.,.F.,(2,2),(-0.,1.E-02),.PIECEWISE_BEZIER_KNOTS.);
#10241 = CARTESIAN_POINT('',(-0.224781150935,0.4,0.224868623371));
#10242 = CARTESIAN_POINT('',(-0.224781150935,0.39,0.224868623371));
#10243 = B_SPLINE_SURFACE_WITH_KNOTS('',1,1,(
    (#10244,#10245)
    ,(#10246,#10247
    )),.UNSPECIFIED.,.F.,.F.,.F.,(2,2),(2,2),(-1.365202144121E-02,0.),(
    -1.E-02,0.),.PIECEWISE_BEZIER_KNOTS.);
#10244 = CARTESIAN_POINT('',(-0.224781150935,0.39,0.224868623371));
#10245 = CARTESIAN_POINT('',(-0.224781150935,0.4,0.224868623371));
#10246 = CARTESIAN_POINT('',(-0.211129129494,0.39,0.224868623371));
#10247 = CARTESIAN_POINT('',(-0.211129129494,0.4,0.224868623371));
#10248 = ADVANCED_FACE('',(#10249),#10265,.T.);
#10249 = FACE_BOUND('',#10250,.T.);
#10250 = EDGE_LOOP('',(#10251,#10258,#10259,#10260));
#10251 = ORIENTED_EDGE('',*,*,#10252,.F.);
#10252 = EDGE_CURVE('',#10227,#10253,#10255,.T.);
#10253 = VERTEX_POINT('',#10254);
#10254 = CARTESIAN_POINT('',(-0.218636181649,0.39,0.241775087091));
#10255 = B_SPLINE_CURVE_WITH_KNOTS('',1,(#10256,#10257),.UNSPECIFIED.,
  .F.,.F.,(2,2),(1.304295618418E-17,1.798858424164E-02),
  .PIECEWISE_BEZIER_KNOTS.);
#10256 = CARTESIAN_POINT('',(-0.224781150935,0.39,0.224868623371));
#10257 = CARTESIAN_POINT('',(-0.218636181649,0.39,0.241775087091));
#10258 = ORIENTED_EDGE('',*,*,#10239,.F.);
#10259 = ORIENTED_EDGE('',*,*,#10083,.T.);
#10260 = ORIENTED_EDGE('',*,*,#10261,.T.);
#10261 = EDGE_CURVE('',#10075,#10253,#10262,.T.);
#10262 = B_SPLINE_CURVE_WITH_KNOTS('',1,(#10263,#10264),.UNSPECIFIED.,
  .F.,.F.,(2,2),(-0.,1.E-02),.PIECEWISE_BEZIER_KNOTS.);
#10263 = CARTESIAN_POINT('',(-0.218636181649,0.4,0.241775087091));
#10264 = CARTESIAN_POINT('',(-0.218636181649,0.39,0.241775087091));
#10265 = B_SPLINE_SURFACE_WITH_KNOTS('',1,1,(
    (#10266,#10267)
    ,(#10268,#10269
    )),.UNSPECIFIED.,.F.,.F.,.F.,(2,2),(2,2),(-1.798858424164E-02,0.),(
    -1.E-02,0.),.PIECEWISE_BEZIER_KNOTS.);
#10266 = CARTESIAN_POINT('',(-0.218636181649,0.39,0.241775087091));
#10267 = CARTESIAN_POINT('',(-0.218636181649,0.4,0.241775087091));
#10268 = CARTESIAN_POINT('',(-0.224781150935,0.39,0.224868623371));
#10269 = CARTESIAN_POINT('',(-0.224781150935,0.4,0.224868623371));
#10270 = ADVANCED_FACE('',(#10271),#10289,.T.);
#10271 = FACE_BOUND('',#10272,.T.);
#10272 = EDGE_LOOP('',(#10273,#10282,#10283,#10284));
#10273 = ORIENTED_EDGE('',*,*,#10274,.F.);
#10274 = EDGE_CURVE('',#10253,#10275,#10277,.T.);
#10275 = VERTEX_POINT('',#10276);
#10276 = CARTESIAN_POINT('',(-0.21800192932,0.39,0.244624023781));
#10277 = B_SPLINE_CURVE_WITH_KNOTS('',3,(#10278,#10279,#10280,#10281),
  .UNSPECIFIED.,.F.,.F.,(4,4),(1.,2.),.PIECEWISE_BEZIER_KNOTS.);
#10278 = CARTESIAN_POINT('',(-0.218636181649,0.39,0.241775087091));
#10279 = CARTESIAN_POINT('',(-0.218438627645,0.39,0.242336556365));
#10280 = CARTESIAN_POINT('',(-0.218230676062,0.39,0.24327233849));
#10281 = CARTESIAN_POINT('',(-0.21800192932,0.39,0.244624023781));
#10282 = ORIENTED_EDGE('',*,*,#10261,.F.);
#10283 = ORIENTED_EDGE('',*,*,#10074,.T.);
#10284 = ORIENTED_EDGE('',*,*,#10285,.T.);
#10285 = EDGE_CURVE('',#10068,#10275,#10286,.T.);
#10286 = B_SPLINE_CURVE_WITH_KNOTS('',1,(#10287,#10288),.UNSPECIFIED.,
  .F.,.F.,(2,2),(-0.,1.E-02),.PIECEWISE_BEZIER_KNOTS.);
#10287 = CARTESIAN_POINT('',(-0.21800192932,0.4,0.244624023781));
#10288 = CARTESIAN_POINT('',(-0.21800192932,0.39,0.244624023781));
#10289 = B_SPLINE_SURFACE_WITH_KNOTS('',3,1,(
    (#10290,#10291)
    ,(#10292,#10293)
    ,(#10294,#10295)
    ,(#10296,#10297
    )),.UNSPECIFIED.,.F.,.F.,.F.,(4,4),(2,2),(1.,2.),(0.,1.),
  .PIECEWISE_BEZIER_KNOTS.);
#10290 = CARTESIAN_POINT('',(-0.218636181649,0.4,0.241775087091));
#10291 = CARTESIAN_POINT('',(-0.218636181649,0.39,0.241775087091));
#10292 = CARTESIAN_POINT('',(-0.218438627645,0.4,0.242336556365));
#10293 = CARTESIAN_POINT('',(-0.218438627645,0.39,0.242336556365));
#10294 = CARTESIAN_POINT('',(-0.218230676062,0.4,0.24327233849));
#10295 = CARTESIAN_POINT('',(-0.218230676062,0.39,0.24327233849));
#10296 = CARTESIAN_POINT('',(-0.21800192932,0.4,0.244624023781));
#10297 = CARTESIAN_POINT('',(-0.21800192932,0.39,0.244624023781));
#10298 = ADVANCED_FACE('',(#10299),#10315,.T.);
#10299 = FACE_BOUND('',#10300,.T.);
#10300 = EDGE_LOOP('',(#10301,#10308,#10309,#10310));
#10301 = ORIENTED_EDGE('',*,*,#10302,.F.);
#10302 = EDGE_CURVE('',#10275,#10303,#10305,.T.);
#10303 = VERTEX_POINT('',#10304);
#10304 = CARTESIAN_POINT('',(-0.21787715837,0.39,0.244624023781));
#10305 = B_SPLINE_CURVE_WITH_KNOTS('',1,(#10306,#10307),.UNSPECIFIED.,
  .F.,.F.,(2,2),(8.326672684689E-17,1.247709500934E-04),
  .PIECEWISE_BEZIER_KNOTS.);
#10306 = CARTESIAN_POINT('',(-0.21800192932,0.39,0.244624023781));
#10307 = CARTESIAN_POINT('',(-0.21787715837,0.39,0.244624023781));
#10308 = ORIENTED_EDGE('',*,*,#10285,.F.);
#10309 = ORIENTED_EDGE('',*,*,#10067,.T.);
#10310 = ORIENTED_EDGE('',*,*,#10311,.T.);
#10311 = EDGE_CURVE('',#10059,#10303,#10312,.T.);
#10312 = B_SPLINE_CURVE_WITH_KNOTS('',1,(#10313,#10314),.UNSPECIFIED.,
  .F.,.F.,(2,2),(-0.,1.E-02),.PIECEWISE_BEZIER_KNOTS.);
#10313 = CARTESIAN_POINT('',(-0.21787715837,0.4,0.244624023781));
#10314 = CARTESIAN_POINT('',(-0.21787715837,0.39,0.244624023781));
#10315 = B_SPLINE_SURFACE_WITH_KNOTS('',1,1,(
    (#10316,#10317)
    ,(#10318,#10319
    )),.UNSPECIFIED.,.F.,.F.,.F.,(2,2),(2,2),(-1.247709500934E-04,
    -2.775557561563E-17),(-1.E-02,0.),.PIECEWISE_BEZIER_KNOTS.);
#10316 = CARTESIAN_POINT('',(-0.21787715837,0.39,0.244624023781));
#10317 = CARTESIAN_POINT('',(-0.21787715837,0.4,0.244624023781));
#10318 = CARTESIAN_POINT('',(-0.21800192932,0.39,0.244624023781));
#10319 = CARTESIAN_POINT('',(-0.21800192932,0.4,0.244624023781));
#10320 = ADVANCED_FACE('',(#10321),#10339,.T.);
#10321 = FACE_BOUND('',#10322,.T.);
#10322 = EDGE_LOOP('',(#10323,#10332,#10333,#10334));
#10323 = ORIENTED_EDGE('',*,*,#10324,.F.);
#10324 = EDGE_CURVE('',#10303,#10325,#10327,.T.);
#10325 = VERTEX_POINT('',#10326);
#10326 = CARTESIAN_POINT('',(-0.217211713304,0.39,0.241775087091));
#10327 = B_SPLINE_CURVE_WITH_KNOTS('',3,(#10328,#10329,#10330,#10331),
  .UNSPECIFIED.,.F.,.F.,(4,4),(3.,4.),.PIECEWISE_BEZIER_KNOTS.);
#10328 = CARTESIAN_POINT('',(-0.21787715837,0.39,0.244624023781));
#10329 = CARTESIAN_POINT('',(-0.217679604366,0.39,0.24339710944));
#10330 = CARTESIAN_POINT('',(-0.217461255204,0.39,0.242440532157));
#10331 = CARTESIAN_POINT('',(-0.217211713304,0.39,0.241775087091));
#10332 = ORIENTED_EDGE('',*,*,#10311,.F.);
#10333 = ORIENTED_EDGE('',*,*,#10058,.T.);
#10334 = ORIENTED_EDGE('',*,*,#10335,.T.);
#10335 = EDGE_CURVE('',#10052,#10325,#10336,.T.);
#10336 = B_SPLINE_CURVE_WITH_KNOTS('',1,(#10337,#10338),.UNSPECIFIED.,
  .F.,.F.,(2,2),(1.110223024625E-16,1.E-02),.PIECEWISE_BEZIER_KNOTS.);
#10337 = CARTESIAN_POINT('',(-0.217211713304,0.4,0.241775087091));
#10338 = CARTESIAN_POINT('',(-0.217211713304,0.39,0.241775087091));
#10339 = B_SPLINE_SURFACE_WITH_KNOTS('',3,1,(
    (#10340,#10341)
    ,(#10342,#10343)
    ,(#10344,#10345)
    ,(#10346,#10347
    )),.UNSPECIFIED.,.F.,.F.,.F.,(4,4),(2,2),(3.,4.),(0.,1.),
  .PIECEWISE_BEZIER_KNOTS.);
#10340 = CARTESIAN_POINT('',(-0.21787715837,0.4,0.244624023781));
#10341 = CARTESIAN_POINT('',(-0.21787715837,0.39,0.244624023781));
#10342 = CARTESIAN_POINT('',(-0.217679604366,0.4,0.24339710944));
#10343 = CARTESIAN_POINT('',(-0.217679604366,0.39,0.24339710944));
#10344 = CARTESIAN_POINT('',(-0.217461255204,0.4,0.242440532157));
#10345 = CARTESIAN_POINT('',(-0.217461255204,0.39,0.242440532157));
#10346 = CARTESIAN_POINT('',(-0.217211713304,0.4,0.241775087091));
#10347 = CARTESIAN_POINT('',(-0.217211713304,0.39,0.241775087091));
#10348 = ADVANCED_FACE('',(#10349),#10359,.T.);
#10349 = FACE_BOUND('',#10350,.T.);
#10350 = EDGE_LOOP('',(#10351,#10356,#10357,#10358));
#10351 = ORIENTED_EDGE('',*,*,#10352,.F.);
#10352 = EDGE_CURVE('',#10325,#10225,#10353,.T.);
#10353 = B_SPLINE_CURVE_WITH_KNOTS('',1,(#10354,#10355),.UNSPECIFIED.,
  .F.,.F.,(2,2),(4.896883875907E-18,1.796736879193E-02),
  .PIECEWISE_BEZIER_KNOTS.);
#10354 = CARTESIAN_POINT('',(-0.217211713304,0.39,0.241775087091));
#10355 = CARTESIAN_POINT('',(-0.211129129494,0.39,0.224868623371));
#10356 = ORIENTED_EDGE('',*,*,#10335,.F.);
#10357 = ORIENTED_EDGE('',*,*,#10051,.T.);
#10358 = ORIENTED_EDGE('',*,*,#10233,.T.);
#10359 = B_SPLINE_SURFACE_WITH_KNOTS('',1,1,(
    (#10360,#10361)
    ,(#10362,#10363
    )),.UNSPECIFIED.,.F.,.F.,.F.,(2,2),(2,2),(-1.796736879193E-02,
    -4.896883875907E-18),(-1.E-02,0.),.PIECEWISE_BEZIER_KNOTS.);
#10360 = CARTESIAN_POINT('',(-0.211129129494,0.39,0.224868623371));
#10361 = CARTESIAN_POINT('',(-0.211129129494,0.4,0.224868623371));
#10362 = CARTESIAN_POINT('',(-0.217211713304,0.39,0.241775087091));
#10363 = CARTESIAN_POINT('',(-0.217211713304,0.4,0.241775087091));
#10364 = ADVANCED_FACE('',(#10365),#10373,.T.);
#10365 = FACE_BOUND('',#10366,.T.);
#10366 = EDGE_LOOP('',(#10367,#10368,#10369,#10370,#10371,#10372));
#10367 = ORIENTED_EDGE('',*,*,#10224,.T.);
#10368 = ORIENTED_EDGE('',*,*,#10252,.T.);
#10369 = ORIENTED_EDGE('',*,*,#10274,.T.);
#10370 = ORIENTED_EDGE('',*,*,#10302,.T.);
#10371 = ORIENTED_EDGE('',*,*,#10324,.T.);
#10372 = ORIENTED_EDGE('',*,*,#10352,.T.);
#10373 = B_SPLINE_SURFACE_WITH_KNOTS('',1,1,(
    (#10374,#10375)
    ,(#10376,#10377
    )),.UNSPECIFIED.,.F.,.F.,.F.,(2,2),(2,2),(-0.265131476629,
    -0.245376076219),(0.525218849065,0.538870870506),
  .PIECEWISE_BEZIER_KNOTS.);
#10374 = CARTESIAN_POINT('',(-0.224781150935,0.39,0.224868623371));
#10375 = CARTESIAN_POINT('',(-0.211129129494,0.39,0.224868623371));
#10376 = CARTESIAN_POINT('',(-0.224781150935,0.39,0.244624023781));
#10377 = CARTESIAN_POINT('',(-0.211129129494,0.39,0.244624023781));
#10378 = ADVANCED_FACE('',(#10379,#10668),#10693,.F.);
#10379 = FACE_BOUND('',#10380,.T.);
#10380 = EDGE_LOOP('',(#10381,#10392,#10401,#10410,#10419,#10428,#10437,
    #10446,#10455,#10464,#10473,#10482,#10491,#10500,#10507,#10514,
    #10521,#10530,#10539,#10548,#10557,#10566,#10575,#10584,#10593,
    #10602,#10611,#10618,#10627,#10636,#10645,#10652,#10661));
#10381 = ORIENTED_EDGE('',*,*,#10382,.T.);
#10382 = EDGE_CURVE('',#10383,#10385,#10387,.T.);
#10383 = VERTEX_POINT('',#10384);
#10384 = CARTESIAN_POINT('',(1.113838269794E-02,0.4,0.249494055764));
#10385 = VERTEX_POINT('',#10386);
#10386 = CARTESIAN_POINT('',(3.976892205608E-02,0.4,0.287378909705));
#10387 = B_SPLINE_CURVE_WITH_KNOTS('',3,(#10388,#10389,#10390,#10391),
  .UNSPECIFIED.,.F.,.F.,(4,4),(35.,36.),.PIECEWISE_BEZIER_KNOTS.);
#10388 = CARTESIAN_POINT('',(1.113838269794E-02,0.4,0.249494055764));
#10389 = CARTESIAN_POINT('',(1.142757571933E-02,0.4,0.266845890779));
#10390 = CARTESIAN_POINT('',(2.328467713722E-02,0.4,0.282173358097));
#10391 = CARTESIAN_POINT('',(3.976892205608E-02,0.4,0.287378909705));
#10392 = ORIENTED_EDGE('',*,*,#10393,.T.);
#10393 = EDGE_CURVE('',#10385,#10394,#10396,.T.);
#10394 = VERTEX_POINT('',#10395);
#10395 = CARTESIAN_POINT('',(5.538558791106E-02,0.4,0.310225507275));
#10396 = B_SPLINE_CURVE_WITH_KNOTS('',3,(#10397,#10398,#10399,#10400),
  .UNSPECIFIED.,.F.,.F.,(4,4),(0.,1.),.PIECEWISE_BEZIER_KNOTS.);
#10397 = CARTESIAN_POINT('',(3.976892205608E-02,0.4,0.287378909705));
#10398 = CARTESIAN_POINT('',(4.295008941852E-02,0.4,0.296054832728));
#10399 = CARTESIAN_POINT('',(4.844484507952E-02,0.4,0.303863162898));
#10400 = CARTESIAN_POINT('',(5.538558791106E-02,0.4,0.310225507275));
#10401 = ORIENTED_EDGE('',*,*,#10402,.T.);
#10402 = EDGE_CURVE('',#10394,#10403,#10405,.T.);
#10403 = VERTEX_POINT('',#10404);
#10404 = CARTESIAN_POINT('',(9.471643453794E-02,0.4,0.325263774677));
#10405 = B_SPLINE_CURVE_WITH_KNOTS('',3,(#10406,#10407,#10408,#10409),
  .UNSPECIFIED.,.F.,.F.,(4,4),(1.,2.),.PIECEWISE_BEZIER_KNOTS.);
#10406 = CARTESIAN_POINT('',(5.538558791106E-02,0.4,0.310225507275));
#10407 = CARTESIAN_POINT('',(6.637508820105E-02,0.4,0.319769023498));
#10408 = CARTESIAN_POINT('',(8.025656283225E-02,0.4,0.325263774677));
#10409 = CARTESIAN_POINT('',(9.471643453794E-02,0.4,0.325263774677));
#10410 = ORIENTED_EDGE('',*,*,#10411,.T.);
#10411 = EDGE_CURVE('',#10403,#10412,#10414,.T.);
#10412 = VERTEX_POINT('',#10413);
#10413 = CARTESIAN_POINT('',(0.129420126632,0.4,0.31398507447));
#10414 = B_SPLINE_CURVE_WITH_KNOTS('',3,(#10415,#10416,#10417,#10418),
  .UNSPECIFIED.,.F.,.F.,(4,4),(2.,3.),.PIECEWISE_BEZIER_KNOTS.);
#10415 = CARTESIAN_POINT('',(9.471643453794E-02,0.4,0.325263774677));
#10416 = CARTESIAN_POINT('',(0.107441120536,0.4,0.325263774677));
#10417 = CARTESIAN_POINT('',(0.119298216438,0.4,0.321215010668));
#10418 = CARTESIAN_POINT('',(0.129420126632,0.4,0.31398507447));
#10419 = ORIENTED_EDGE('',*,*,#10420,.T.);
#10420 = EDGE_CURVE('',#10412,#10421,#10423,.T.);
#10421 = VERTEX_POINT('',#10422);
#10422 = CARTESIAN_POINT('',(0.14214481263,0.4,0.301260387094));
#10423 = B_SPLINE_CURVE_WITH_KNOTS('',3,(#10424,#10425,#10426,#10427),
  .UNSPECIFIED.,.F.,.F.,(4,4),(3.,4.),.PIECEWISE_BEZIER_KNOTS.);
#10424 = CARTESIAN_POINT('',(0.129420126632,0.4,0.31398507447));
#10425 = CARTESIAN_POINT('',(0.134336485218,0.4,0.310514704434));
#10426 = CARTESIAN_POINT('',(0.138385248192,0.4,0.306176742922));
#10427 = CARTESIAN_POINT('',(0.14214481263,0.4,0.301260387094));
#10428 = ORIENTED_EDGE('',*,*,#10429,.T.);
#10429 = EDGE_CURVE('',#10421,#10430,#10432,.T.);
#10430 = VERTEX_POINT('',#10431);
#10431 = CARTESIAN_POINT('',(0.148796351408,0.4,0.30183878141));
#10432 = B_SPLINE_CURVE_WITH_KNOTS('',3,(#10433,#10434,#10435,#10436),
  .UNSPECIFIED.,.F.,.F.,(4,4),(4.,5.),.PIECEWISE_BEZIER_KNOTS.);
#10433 = CARTESIAN_POINT('',(0.14214481263,0.4,0.301260387094));
#10434 = CARTESIAN_POINT('',(0.144458389896,0.4,0.301549585631));
#10435 = CARTESIAN_POINT('',(0.146482774141,0.4,0.30183878141));
#10436 = CARTESIAN_POINT('',(0.148796351408,0.4,0.30183878141));
#10437 = ORIENTED_EDGE('',*,*,#10438,.T.);
#10438 = EDGE_CURVE('',#10430,#10439,#10441,.T.);
#10439 = VERTEX_POINT('',#10440);
#10440 = CARTESIAN_POINT('',(0.182054056331,0.4,0.287957304021));
#10441 = B_SPLINE_CURVE_WITH_KNOTS('',3,(#10442,#10443,#10444,#10445),
  .UNSPECIFIED.,.F.,.F.,(4,4),(5.,6.),.PIECEWISE_BEZIER_KNOTS.);
#10442 = CARTESIAN_POINT('',(0.148796351408,0.4,0.30183878141));
#10443 = CARTESIAN_POINT('',(0.161231841626,0.4,0.30183878141));
#10444 = CARTESIAN_POINT('',(0.17308893477,0.4,0.296922425582));
#10445 = CARTESIAN_POINT('',(0.182054056331,0.4,0.287957304021));
#10446 = ORIENTED_EDGE('',*,*,#10447,.T.);
#10447 = EDGE_CURVE('',#10439,#10448,#10450,.T.);
#10448 = VERTEX_POINT('',#10449);
#10449 = CARTESIAN_POINT('',(0.195646343457,0.4,0.254988800393));
#10450 = B_SPLINE_CURVE_WITH_KNOTS('',3,(#10451,#10452,#10453,#10454),
  .UNSPECIFIED.,.F.,.F.,(4,4),(6.,7.),.PIECEWISE_BEZIER_KNOTS.);
#10451 = CARTESIAN_POINT('',(0.182054056331,0.4,0.287957304021));
#10452 = CARTESIAN_POINT('',(0.190729986939,0.4,0.279281383756));
#10453 = CARTESIAN_POINT('',(0.195646343457,0.4,0.267424287854));
#10454 = CARTESIAN_POINT('',(0.195646343457,0.4,0.254988800393));
#10455 = ORIENTED_EDGE('',*,*,#10456,.T.);
#10456 = EDGE_CURVE('',#10448,#10457,#10459,.T.);
#10457 = VERTEX_POINT('',#10458);
#10458 = CARTESIAN_POINT('',(0.183500051775,0.4,0.223466286694));
#10459 = B_SPLINE_CURVE_WITH_KNOTS('',3,(#10460,#10461,#10462,#10463),
  .UNSPECIFIED.,.F.,.F.,(4,4),(7.,8.),.PIECEWISE_BEZIER_KNOTS.);
#10460 = CARTESIAN_POINT('',(0.195646343457,0.4,0.254988800393));
#10461 = CARTESIAN_POINT('',(0.195646343457,0.4,0.243420903029));
#10462 = CARTESIAN_POINT('',(0.191308381945,0.4,0.232142198685));
#10463 = CARTESIAN_POINT('',(0.183500051775,0.4,0.223466286694));
#10464 = ORIENTED_EDGE('',*,*,#10465,.T.);
#10465 = EDGE_CURVE('',#10457,#10466,#10468,.T.);
#10466 = VERTEX_POINT('',#10467);
#10467 = CARTESIAN_POINT('',(0.160364257046,0.4,0.209584812063));
#10468 = B_SPLINE_CURVE_WITH_KNOTS('',3,(#10469,#10470,#10471,#10472),
  .UNSPECIFIED.,.F.,.F.,(4,4),(8.,9.),.PIECEWISE_BEZIER_KNOTS.);
#10469 = CARTESIAN_POINT('',(0.183500051775,0.4,0.223466286694));
#10470 = CARTESIAN_POINT('',(0.177137708777,0.4,0.216525543862));
#10471 = CARTESIAN_POINT('',(0.169329375849,0.4,0.211898389329));
#10472 = CARTESIAN_POINT('',(0.160364257046,0.4,0.209584812063));
#10473 = ORIENTED_EDGE('',*,*,#10474,.T.);
#10474 = EDGE_CURVE('',#10466,#10475,#10477,.T.);
#10475 = VERTEX_POINT('',#10476);
#10476 = CARTESIAN_POINT('',(0.132890498047,0.4,0.189919388749));
#10477 = B_SPLINE_CURVE_WITH_KNOTS('',3,(#10478,#10479,#10480,#10481),
  .UNSPECIFIED.,.F.,.F.,(4,4),(9.,10.),.PIECEWISE_BEZIER_KNOTS.);
#10478 = CARTESIAN_POINT('',(0.160364257046,0.4,0.209584812063));
#10479 = CARTESIAN_POINT('',(0.156604689851,0.4,0.198016914698));
#10480 = CARTESIAN_POINT('',(0.145615189561,0.4,0.189919388749));
#10481 = CARTESIAN_POINT('',(0.132890498047,0.4,0.189919388749));
#10482 = ORIENTED_EDGE('',*,*,#10483,.T.);
#10483 = EDGE_CURVE('',#10475,#10484,#10486,.T.);
#10484 = VERTEX_POINT('',#10485);
#10485 = CARTESIAN_POINT('',(0.103970754636,0.4,0.218839132161));
#10486 = B_SPLINE_CURVE_WITH_KNOTS('',3,(#10487,#10488,#10489,#10490),
  .UNSPECIFIED.,.F.,.F.,(4,4),(10.,11.),.PIECEWISE_BEZIER_KNOTS.);
#10487 = CARTESIAN_POINT('',(0.132890498047,0.4,0.189919388749));
#10488 = CARTESIAN_POINT('',(0.116984639171,0.4,0.189919388749));
#10489 = CARTESIAN_POINT('',(0.103970754636,0.4,0.202933273285));
#10490 = CARTESIAN_POINT('',(0.103970754636,0.4,0.218839132161));
#10491 = ORIENTED_EDGE('',*,*,#10492,.T.);
#10492 = EDGE_CURVE('',#10484,#10493,#10495,.T.);
#10493 = VERTEX_POINT('',#10494);
#10494 = CARTESIAN_POINT('',(0.103970754636,0.4,0.221731106502));
#10495 = B_SPLINE_CURVE_WITH_KNOTS('',3,(#10496,#10497,#10498,#10499),
  .UNSPECIFIED.,.F.,.F.,(4,4),(11.,12.),.PIECEWISE_BEZIER_KNOTS.);
#10496 = CARTESIAN_POINT('',(0.103970754636,0.4,0.218839132161));
#10497 = CARTESIAN_POINT('',(0.103970754636,0.4,0.219706722257));
#10498 = CARTESIAN_POINT('',(0.103970754636,0.4,0.220574312353));
#10499 = CARTESIAN_POINT('',(0.103970754636,0.4,0.221731106502));
#10500 = ORIENTED_EDGE('',*,*,#10501,.T.);
#10501 = EDGE_CURVE('',#10493,#10502,#10504,.T.);
#10502 = VERTEX_POINT('',#10503);
#10503 = CARTESIAN_POINT('',(6.348311385986E-02,0.4,0.243131715523));
#10504 = B_SPLINE_CURVE_WITH_KNOTS('',1,(#10505,#10506),.UNSPECIFIED.,
  .F.,.F.,(2,2),(-1.621297911045E-18,4.579557972215E-02),
  .PIECEWISE_BEZIER_KNOTS.);
#10505 = CARTESIAN_POINT('',(0.103970754636,0.4,0.221731106502));
#10506 = CARTESIAN_POINT('',(6.348311385986E-02,0.4,0.243131715523));
#10507 = ORIENTED_EDGE('',*,*,#10508,.T.);
#10508 = EDGE_CURVE('',#10502,#10509,#10511,.T.);
#10509 = VERTEX_POINT('',#10510);
#10510 = CARTESIAN_POINT('',(7.244822990469E-02,0.4,0.258459182841));
#10511 = B_SPLINE_CURVE_WITH_KNOTS('',1,(#10512,#10513),.UNSPECIFIED.,
  .F.,.F.,(2,2),(0.,1.775681728433E-02),.PIECEWISE_BEZIER_KNOTS.);
#10512 = CARTESIAN_POINT('',(6.348311385986E-02,0.4,0.243131715523));
#10513 = CARTESIAN_POINT('',(7.244822990469E-02,0.4,0.258459182841));
#10514 = ORIENTED_EDGE('',*,*,#10515,.T.);
#10515 = EDGE_CURVE('',#10509,#10516,#10518,.T.);
#10516 = VERTEX_POINT('',#10517);
#10517 = CARTESIAN_POINT('',(0.111200684973,0.4,0.238215362453));
#10518 = B_SPLINE_CURVE_WITH_KNOTS('',1,(#10519,#10520),.UNSPECIFIED.,
  .F.,.F.,(2,2),(0.,4.372144825718E-02),.PIECEWISE_BEZIER_KNOTS.);
#10519 = CARTESIAN_POINT('',(7.244822990469E-02,0.4,0.258459182841));
#10520 = CARTESIAN_POINT('',(0.111200684973,0.4,0.238215362453));
#10521 = ORIENTED_EDGE('',*,*,#10522,.T.);
#10522 = EDGE_CURVE('',#10516,#10523,#10525,.T.);
#10523 = VERTEX_POINT('',#10524);
#10524 = CARTESIAN_POINT('',(0.132890492531,0.4,0.24804807411));
#10525 = B_SPLINE_CURVE_WITH_KNOTS('',3,(#10526,#10527,#10528,#10529),
  .UNSPECIFIED.,.F.,.F.,(4,4),(15.,16.),.PIECEWISE_BEZIER_KNOTS.);
#10526 = CARTESIAN_POINT('',(0.111200684973,0.4,0.238215362453));
#10527 = CARTESIAN_POINT('',(0.116406236581,0.4,0.244288509673));
#10528 = CARTESIAN_POINT('',(0.124214569508,0.4,0.24804807411));
#10529 = CARTESIAN_POINT('',(0.132890492531,0.4,0.24804807411));
#10530 = ORIENTED_EDGE('',*,*,#10531,.T.);
#10531 = EDGE_CURVE('',#10523,#10532,#10534,.T.);
#10532 = VERTEX_POINT('',#10533);
#10533 = CARTESIAN_POINT('',(0.160075050235,0.4,0.228961042355));
#10534 = B_SPLINE_CURVE_WITH_KNOTS('',3,(#10535,#10536,#10537,#10538),
  .UNSPECIFIED.,.F.,.F.,(4,4),(16.,17.),.PIECEWISE_BEZIER_KNOTS.);
#10535 = CARTESIAN_POINT('',(0.132890492531,0.4,0.24804807411));
#10536 = CARTESIAN_POINT('',(0.145325985508,0.4,0.24804807411));
#10537 = CARTESIAN_POINT('',(0.156026287261,0.4,0.239950548161));
#10538 = CARTESIAN_POINT('',(0.160075050235,0.4,0.228961042355));
#10539 = ORIENTED_EDGE('',*,*,#10540,.T.);
#10540 = EDGE_CURVE('',#10532,#10541,#10543,.T.);
#10541 = VERTEX_POINT('',#10542);
#10542 = CARTESIAN_POINT('',(0.177426896282,0.4,0.2555672085));
#10543 = B_SPLINE_CURVE_WITH_KNOTS('',3,(#10544,#10545,#10546,#10547),
  .UNSPECIFIED.,.F.,.F.,(4,4),(17.,18.),.PIECEWISE_BEZIER_KNOTS.);
#10544 = CARTESIAN_POINT('',(0.160075050235,0.4,0.228961042355));
#10545 = CARTESIAN_POINT('',(0.170196960429,0.4,0.233588202404));
#10546 = CARTESIAN_POINT('',(0.177426896282,0.4,0.243710112598));
#10547 = CARTESIAN_POINT('',(0.177426896282,0.4,0.2555672085));
#10548 = ORIENTED_EDGE('',*,*,#10549,.T.);
#10549 = EDGE_CURVE('',#10541,#10550,#10552,.T.);
#10550 = VERTEX_POINT('',#10551);
#10551 = CARTESIAN_POINT('',(0.148507152871,0.4,0.284486951911));
#10552 = B_SPLINE_CURVE_WITH_KNOTS('',3,(#10553,#10554,#10555,#10556),
  .UNSPECIFIED.,.F.,.F.,(4,4),(18.,19.),.PIECEWISE_BEZIER_KNOTS.);
#10553 = CARTESIAN_POINT('',(0.177426896282,0.4,0.2555672085));
#10554 = CARTESIAN_POINT('',(0.177426896282,0.4,0.271473067376));
#10555 = CARTESIAN_POINT('',(0.164413011747,0.4,0.284486951911));
#10556 = CARTESIAN_POINT('',(0.148507152871,0.4,0.284486951911));
#10557 = ORIENTED_EDGE('',*,*,#10558,.T.);
#10558 = EDGE_CURVE('',#10550,#10559,#10561,.T.);
#10559 = VERTEX_POINT('',#10560);
#10560 = CARTESIAN_POINT('',(0.133179691069,0.4,0.280148990399));
#10561 = B_SPLINE_CURVE_WITH_KNOTS('',3,(#10562,#10563,#10564,#10565),
  .UNSPECIFIED.,.F.,.F.,(4,4),(19.,20.),.PIECEWISE_BEZIER_KNOTS.);
#10562 = CARTESIAN_POINT('',(0.148507152871,0.4,0.284486951911));
#10563 = CARTESIAN_POINT('',(0.143012402725,0.4,0.284486951911));
#10564 = CARTESIAN_POINT('',(0.13751765258,0.4,0.282751766204));
#10565 = CARTESIAN_POINT('',(0.133179691069,0.4,0.280148990399));
#10566 = ORIENTED_EDGE('',*,*,#10567,.T.);
#10567 = EDGE_CURVE('',#10559,#10568,#10570,.T.);
#10568 = VERTEX_POINT('',#10569);
#10569 = CARTESIAN_POINT('',(9.442724151656E-02,0.4,0.30791192863));
#10570 = B_SPLINE_CURVE_WITH_KNOTS('',3,(#10571,#10572,#10573,#10574),
  .UNSPECIFIED.,.F.,.F.,(4,4),(20.,21.),.PIECEWISE_BEZIER_KNOTS.);
#10571 = CARTESIAN_POINT('',(0.133179691069,0.4,0.280148990399));
#10572 = CARTESIAN_POINT('',(0.12768494644,0.4,0.296344031265));
#10573 = CARTESIAN_POINT('',(0.112646677659,0.4,0.30791192863));
#10574 = CARTESIAN_POINT('',(9.442724151656E-02,0.4,0.30791192863));
#10575 = ORIENTED_EDGE('',*,*,#10576,.T.);
#10576 = EDGE_CURVE('',#10568,#10577,#10579,.T.);
#10577 = VERTEX_POINT('',#10578);
#10578 = CARTESIAN_POINT('',(5.393960074053E-02,0.4,0.271762249366));
#10579 = B_SPLINE_CURVE_WITH_KNOTS('',3,(#10580,#10581,#10582,#10583),
  .UNSPECIFIED.,.F.,.F.,(4,4),(21.,22.),.PIECEWISE_BEZIER_KNOTS.);
#10580 = CARTESIAN_POINT('',(9.442724151656E-02,0.4,0.30791192863));
#10581 = CARTESIAN_POINT('',(7.360502405383E-02,0.4,0.30791192863));
#10582 = CARTESIAN_POINT('',(5.625317800708E-02,0.4,0.292006069754));
#10583 = CARTESIAN_POINT('',(5.393960074053E-02,0.4,0.271762249366));
#10584 = ORIENTED_EDGE('',*,*,#10585,.T.);
#10585 = EDGE_CURVE('',#10577,#10586,#10588,.T.);
#10586 = VERTEX_POINT('',#10587);
#10587 = CARTESIAN_POINT('',(5.162602347397E-02,0.4,0.271762249366));
#10588 = B_SPLINE_CURVE_WITH_KNOTS('',3,(#10589,#10590,#10591,#10592),
  .UNSPECIFIED.,.F.,.F.,(4,4),(22.,23.),.PIECEWISE_BEZIER_KNOTS.);
#10589 = CARTESIAN_POINT('',(5.393960074053E-02,0.4,0.271762249366));
#10590 = CARTESIAN_POINT('',(5.307201064464E-02,0.4,0.271762249366));
#10591 = CARTESIAN_POINT('',(5.249361357E-02,0.4,0.271762249366));
#10592 = CARTESIAN_POINT('',(5.162602347397E-02,0.4,0.271762249366));
#10593 = ORIENTED_EDGE('',*,*,#10594,.T.);
#10594 = EDGE_CURVE('',#10586,#10595,#10597,.T.);
#10595 = VERTEX_POINT('',#10596);
#10596 = CARTESIAN_POINT('',(2.906862581947E-02,0.4,0.249204851711));
#10597 = B_SPLINE_CURVE_WITH_KNOTS('',3,(#10598,#10599,#10600,#10601),
  .UNSPECIFIED.,.F.,.F.,(4,4),(23.,24.),.PIECEWISE_BEZIER_KNOTS.);
#10598 = CARTESIAN_POINT('',(5.162602347397E-02,0.4,0.271762249366));
#10599 = CARTESIAN_POINT('',(3.919053601345E-02,0.4,0.271762249366));
#10600 = CARTESIAN_POINT('',(2.906862581947E-02,0.4,0.261640339172));
#10601 = CARTESIAN_POINT('',(2.906862581947E-02,0.4,0.249204851711));
#10602 = ORIENTED_EDGE('',*,*,#10603,.T.);
#10603 = EDGE_CURVE('',#10595,#10604,#10606,.T.);
#10604 = VERTEX_POINT('',#10605);
#10605 = CARTESIAN_POINT('',(4.989084328206E-02,0.4,0.226647454057));
#10606 = B_SPLINE_CURVE_WITH_KNOTS('',3,(#10607,#10608,#10609,#10610),
  .UNSPECIFIED.,.F.,.F.,(4,4),(24.,25.),.PIECEWISE_BEZIER_KNOTS.);
#10607 = CARTESIAN_POINT('',(2.906862581947E-02,0.4,0.249204851711));
#10608 = CARTESIAN_POINT('',(2.906862581947E-02,0.4,0.237347755809));
#10609 = CARTESIAN_POINT('',(3.80337418643E-02,0.4,0.227515044153));
#10610 = CARTESIAN_POINT('',(4.989084328206E-02,0.4,0.226647454057));
#10611 = ORIENTED_EDGE('',*,*,#10612,.T.);
#10612 = EDGE_CURVE('',#10604,#10613,#10615,.T.);
#10613 = VERTEX_POINT('',#10614);
#10614 = CARTESIAN_POINT('',(6.290472781723E-02,0.4,0.226647454057));
#10615 = B_SPLINE_CURVE_WITH_KNOTS('',1,(#10616,#10617),.UNSPECIFIED.,
  .F.,.F.,(2,2),(6.938893903907E-18,1.301388453517E-02),
  .PIECEWISE_BEZIER_KNOTS.);
#10616 = CARTESIAN_POINT('',(4.989084328206E-02,0.4,0.226647454057));
#10617 = CARTESIAN_POINT('',(6.290472781723E-02,0.4,0.226647454057));
#10618 = ORIENTED_EDGE('',*,*,#10619,.T.);
#10619 = EDGE_CURVE('',#10613,#10620,#10622,.T.);
#10620 = VERTEX_POINT('',#10621);
#10621 = CARTESIAN_POINT('',(6.463990800914E-02,0.4,0.226936647078));
#10622 = B_SPLINE_CURVE_WITH_KNOTS('',3,(#10623,#10624,#10625,#10626),
  .UNSPECIFIED.,.F.,.F.,(4,4),(26.,27.),.PIECEWISE_BEZIER_KNOTS.);
#10623 = CARTESIAN_POINT('',(6.290472781723E-02,0.4,0.226647454057));
#10624 = CARTESIAN_POINT('',(6.348312489187E-02,0.4,0.226647454057));
#10625 = CARTESIAN_POINT('',(6.406152196651E-02,0.4,0.226936647078));
#10626 = CARTESIAN_POINT('',(6.463990800914E-02,0.4,0.226936647078));
#10627 = ORIENTED_EDGE('',*,*,#10628,.T.);
#10628 = EDGE_CURVE('',#10620,#10629,#10631,.T.);
#10629 = VERTEX_POINT('',#10630);
#10630 = CARTESIAN_POINT('',(7.360502405383E-02,0.4,0.217971531033));
#10631 = B_SPLINE_CURVE_WITH_KNOTS('',3,(#10632,#10633,#10634,#10635),
  .UNSPECIFIED.,.F.,.F.,(4,4),(27.,28.),.PIECEWISE_BEZIER_KNOTS.);
#10632 = CARTESIAN_POINT('',(6.463990800914E-02,0.4,0.226936647078));
#10633 = CARTESIAN_POINT('',(6.95562665955E-02,0.4,0.226936647078));
#10634 = CARTESIAN_POINT('',(7.360502405383E-02,0.4,0.222887878587));
#10635 = CARTESIAN_POINT('',(7.360502405383E-02,0.4,0.217971531033));
#10636 = ORIENTED_EDGE('',*,*,#10637,.T.);
#10637 = EDGE_CURVE('',#10629,#10638,#10640,.T.);
#10638 = VERTEX_POINT('',#10639);
#10639 = CARTESIAN_POINT('',(6.521829405177E-02,0.4,0.209006414988));
#10640 = B_SPLINE_CURVE_WITH_KNOTS('',3,(#10641,#10642,#10643,#10644),
  .UNSPECIFIED.,.F.,.F.,(4,4),(28.,29.),.PIECEWISE_BEZIER_KNOTS.);
#10641 = CARTESIAN_POINT('',(7.360502405383E-02,0.4,0.217971531033));
#10642 = CARTESIAN_POINT('',(7.360502405383E-02,0.4,0.2133443765));
#10643 = CARTESIAN_POINT('',(6.984545961689E-02,0.4,0.209295608009));
#10644 = CARTESIAN_POINT('',(6.521829405177E-02,0.4,0.209006414988));
#10645 = ORIENTED_EDGE('',*,*,#10646,.T.);
#10646 = EDGE_CURVE('',#10638,#10647,#10649,.T.);
#10647 = VERTEX_POINT('',#10648);
#10648 = CARTESIAN_POINT('',(4.815565205814E-02,0.4,0.209006414988));
#10649 = B_SPLINE_CURVE_WITH_KNOTS('',1,(#10650,#10651),.UNSPECIFIED.,
  .F.,.F.,(2,2),(-1.387778780781E-17,1.706264199363E-02),
  .PIECEWISE_BEZIER_KNOTS.);
#10650 = CARTESIAN_POINT('',(6.521829405177E-02,0.4,0.209006414988));
#10651 = CARTESIAN_POINT('',(4.815565205814E-02,0.4,0.209006414988));
#10652 = ORIENTED_EDGE('',*,*,#10653,.T.);
#10653 = EDGE_CURVE('',#10647,#10654,#10656,.T.);
#10654 = VERTEX_POINT('',#10655);
#10655 = CARTESIAN_POINT('',(2.183868996669E-02,0.4,0.222020299523));
#10656 = B_SPLINE_CURVE_WITH_KNOTS('',3,(#10657,#10658,#10659,#10660),
  .UNSPECIFIED.,.F.,.F.,(4,4),(33.,34.),.PIECEWISE_BEZIER_KNOTS.);
#10657 = CARTESIAN_POINT('',(4.815565205814E-02,0.4,0.209006414988));
#10658 = CARTESIAN_POINT('',(3.80337418643E-02,0.4,0.209874005084));
#10659 = CARTESIAN_POINT('',(2.877942176608E-02,0.4,0.214501170649));
#10660 = CARTESIAN_POINT('',(2.183868996669E-02,0.4,0.222020299523));
#10661 = ORIENTED_EDGE('',*,*,#10662,.T.);
#10662 = EDGE_CURVE('',#10654,#10383,#10663,.T.);
#10663 = B_SPLINE_CURVE_WITH_KNOTS('',3,(#10664,#10665,#10666,#10667),
  .UNSPECIFIED.,.F.,.F.,(4,4),(34.,35.),.PIECEWISE_BEZIER_KNOTS.);
#10664 = CARTESIAN_POINT('',(2.183868996669E-02,0.4,0.222020299523));
#10665 = CARTESIAN_POINT('',(1.489794713502E-02,0.4,0.229539428398));
#10666 = CARTESIAN_POINT('',(1.113838269794E-02,0.4,0.23937214557));
#10667 = CARTESIAN_POINT('',(1.113838269794E-02,0.4,0.249494055764));
#10668 = FACE_BOUND('',#10669,.T.);
#10669 = EDGE_LOOP('',(#10670,#10684));
#10670 = ORIENTED_EDGE('',*,*,#10671,.F.);
#10671 = EDGE_CURVE('',#10672,#10674,#10676,.T.);
#10672 = VERTEX_POINT('',#10673);
#10673 = CARTESIAN_POINT('',(0.133179696585,0.4,0.207271212732));
#10674 = VERTEX_POINT('',#10675);
#10675 = CARTESIAN_POINT('',(0.133179696585,0.4,0.229828621419));
#10676 = B_SPLINE_CURVE_WITH_KNOTS('',3,(#10677,#10678,#10679,#10680,
    #10681,#10682,#10683),.UNSPECIFIED.,.F.,.F.,(4,3,4),(0.,1.,2.),
  .PIECEWISE_BEZIER_KNOTS.);
#10677 = CARTESIAN_POINT('',(0.133179696585,0.4,0.207271212732));
#10678 = CARTESIAN_POINT('',(0.126817356344,0.4,0.207271212732));
#10679 = CARTESIAN_POINT('',(0.121900997758,0.4,0.212476775372));
#10680 = CARTESIAN_POINT('',(0.121900997758,0.4,0.218549917076));
#10681 = CARTESIAN_POINT('',(0.121900997758,0.4,0.224912262832));
#10682 = CARTESIAN_POINT('',(0.127106549365,0.4,0.229828621419));
#10683 = CARTESIAN_POINT('',(0.133179696585,0.4,0.229828621419));
#10684 = ORIENTED_EDGE('',*,*,#10685,.F.);
#10685 = EDGE_CURVE('',#10674,#10672,#10686,.T.);
#10686 = B_SPLINE_CURVE_WITH_KNOTS('',3,(#10687,#10688,#10689,#10690,
    #10691,#10692),.UNSPECIFIED.,.F.,.F.,(4,2,4),(2.,3.,4.),
  .UNSPECIFIED.);
#10687 = CARTESIAN_POINT('',(0.133179696585,0.4,0.229828621419));
#10688 = CARTESIAN_POINT('',(0.139252843804,0.4,0.229828621419));
#10689 = CARTESIAN_POINT('',(0.144458395412,0.4,0.224912262832));
#10690 = CARTESIAN_POINT('',(0.144458395412,0.4,0.212187571319));
#10691 = CARTESIAN_POINT('',(0.139252843804,0.4,0.207271212732));
#10692 = CARTESIAN_POINT('',(0.133179696585,0.4,0.207271212732));
#10693 = B_SPLINE_SURFACE_WITH_KNOTS('',1,1,(
    (#10694,#10695)
    ,(#10696,#10697
    )),.UNSPECIFIED.,.F.,.F.,.F.,(2,2),(2,2),(-5.227243566464E-02,
    8.307195026263E-02),(-8.242125217516E-03,0.176265835541),
  .PIECEWISE_BEZIER_KNOTS.);
#10694 = CARTESIAN_POINT('',(1.113838269794E-02,0.4,0.325263774677));
#10695 = CARTESIAN_POINT('',(0.195646343457,0.4,0.325263774677));
#10696 = CARTESIAN_POINT('',(1.113838269794E-02,0.4,0.189919388749));
#10697 = CARTESIAN_POINT('',(0.195646343457,0.4,0.189919388749));
#10698 = ADVANCED_FACE('',(#10699),#10713,.F.);
#10699 = FACE_BOUND('',#10700,.F.);
#10700 = EDGE_LOOP('',(#10701,#10706,#10707,#10712));
#10701 = ORIENTED_EDGE('',*,*,#10702,.F.);
#10702 = EDGE_CURVE('',#10383,#1145,#10703,.T.);
#10703 = B_SPLINE_CURVE_WITH_KNOTS('',1,(#10704,#10705),.UNSPECIFIED.,
  .F.,.F.,(2,2),(-0.,1.E-02),.PIECEWISE_BEZIER_KNOTS.);
#10704 = CARTESIAN_POINT('',(1.113838269794E-02,0.4,0.249494055764));
#10705 = CARTESIAN_POINT('',(1.113838269794E-02,0.39,0.249494055764));
#10706 = ORIENTED_EDGE('',*,*,#10382,.T.);
#10707 = ORIENTED_EDGE('',*,*,#10708,.T.);
#10708 = EDGE_CURVE('',#10385,#1134,#10709,.T.);
#10709 = B_SPLINE_CURVE_WITH_KNOTS('',1,(#10710,#10711),.UNSPECIFIED.,
  .F.,.F.,(2,2),(-0.,1.E-02),.PIECEWISE_BEZIER_KNOTS.);
#10710 = CARTESIAN_POINT('',(3.976892205608E-02,0.4,0.287378909705));
#10711 = CARTESIAN_POINT('',(3.976892205608E-02,0.39,0.287378909705));
#10712 = ORIENTED_EDGE('',*,*,#1144,.F.);
#10713 = B_SPLINE_SURFACE_WITH_KNOTS('',3,1,(
    (#10714,#10715)
    ,(#10716,#10717)
    ,(#10718,#10719)
    ,(#10720,#10721
    )),.UNSPECIFIED.,.F.,.F.,.F.,(4,4),(2,2),(35.,36.),(0.,1.),
  .PIECEWISE_BEZIER_KNOTS.);
#10714 = CARTESIAN_POINT('',(1.113838269794E-02,0.4,0.249494055764));
#10715 = CARTESIAN_POINT('',(1.113838269794E-02,0.39,0.249494055764));
#10716 = CARTESIAN_POINT('',(1.142757571933E-02,0.4,0.266845890779));
#10717 = CARTESIAN_POINT('',(1.142757571933E-02,0.39,0.266845890779));
#10718 = CARTESIAN_POINT('',(2.328467713722E-02,0.4,0.282173358097));
#10719 = CARTESIAN_POINT('',(2.328467713722E-02,0.39,0.282173358097));
#10720 = CARTESIAN_POINT('',(3.976892205608E-02,0.4,0.287378909705));
#10721 = CARTESIAN_POINT('',(3.976892205608E-02,0.39,0.287378909705));
#10722 = ADVANCED_FACE('',(#10723),#10733,.F.);
#10723 = FACE_BOUND('',#10724,.F.);
#10724 = EDGE_LOOP('',(#10725,#10726,#10727,#10732));
#10725 = ORIENTED_EDGE('',*,*,#10708,.F.);
#10726 = ORIENTED_EDGE('',*,*,#10393,.T.);
#10727 = ORIENTED_EDGE('',*,*,#10728,.T.);
#10728 = EDGE_CURVE('',#10394,#1136,#10729,.T.);
#10729 = B_SPLINE_CURVE_WITH_KNOTS('',1,(#10730,#10731),.UNSPECIFIED.,
  .F.,.F.,(2,2),(-0.,1.E-02),.PIECEWISE_BEZIER_KNOTS.);
#10730 = CARTESIAN_POINT('',(5.538558791106E-02,0.4,0.310225507275));
#10731 = CARTESIAN_POINT('',(5.538558791106E-02,0.39,0.310225507275));
#10732 = ORIENTED_EDGE('',*,*,#1133,.F.);
#10733 = B_SPLINE_SURFACE_WITH_KNOTS('',3,1,(
    (#10734,#10735)
    ,(#10736,#10737)
    ,(#10738,#10739)
    ,(#10740,#10741
    )),.UNSPECIFIED.,.F.,.F.,.F.,(4,4),(2,2),(0.,1.),(0.,1.),
  .PIECEWISE_BEZIER_KNOTS.);
#10734 = CARTESIAN_POINT('',(3.976892205608E-02,0.4,0.287378909705));
#10735 = CARTESIAN_POINT('',(3.976892205608E-02,0.39,0.287378909705));
#10736 = CARTESIAN_POINT('',(4.295008941852E-02,0.4,0.296054832728));
#10737 = CARTESIAN_POINT('',(4.295008941852E-02,0.39,0.296054832728));
#10738 = CARTESIAN_POINT('',(4.844484507952E-02,0.4,0.303863162898));
#10739 = CARTESIAN_POINT('',(4.844484507952E-02,0.39,0.303863162898));
#10740 = CARTESIAN_POINT('',(5.538558791106E-02,0.4,0.310225507275));
#10741 = CARTESIAN_POINT('',(5.538558791106E-02,0.39,0.310225507275));
#10742 = ADVANCED_FACE('',(#10743),#10753,.F.);
#10743 = FACE_BOUND('',#10744,.F.);
#10744 = EDGE_LOOP('',(#10745,#10746,#10747,#10752));
#10745 = ORIENTED_EDGE('',*,*,#10728,.F.);
#10746 = ORIENTED_EDGE('',*,*,#10402,.T.);
#10747 = ORIENTED_EDGE('',*,*,#10748,.T.);
#10748 = EDGE_CURVE('',#10403,#1405,#10749,.T.);
#10749 = B_SPLINE_CURVE_WITH_KNOTS('',1,(#10750,#10751),.UNSPECIFIED.,
  .F.,.F.,(2,2),(-0.,1.E-02),.PIECEWISE_BEZIER_KNOTS.);
#10750 = CARTESIAN_POINT('',(9.471643453794E-02,0.4,0.325263774677));
#10751 = CARTESIAN_POINT('',(9.471643453794E-02,0.39,0.325263774677));
#10752 = ORIENTED_EDGE('',*,*,#1413,.F.);
#10753 = B_SPLINE_SURFACE_WITH_KNOTS('',3,1,(
    (#10754,#10755)
    ,(#10756,#10757)
    ,(#10758,#10759)
    ,(#10760,#10761
    )),.UNSPECIFIED.,.F.,.F.,.F.,(4,4),(2,2),(1.,2.),(0.,1.),
  .PIECEWISE_BEZIER_KNOTS.);
#10754 = CARTESIAN_POINT('',(5.538558791106E-02,0.4,0.310225507275));
#10755 = CARTESIAN_POINT('',(5.538558791106E-02,0.39,0.310225507275));
#10756 = CARTESIAN_POINT('',(6.637508820105E-02,0.4,0.319769023498));
#10757 = CARTESIAN_POINT('',(6.637508820105E-02,0.39,0.319769023498));
#10758 = CARTESIAN_POINT('',(8.025656283225E-02,0.4,0.325263774677));
#10759 = CARTESIAN_POINT('',(8.025656283225E-02,0.39,0.325263774677));
#10760 = CARTESIAN_POINT('',(9.471643453794E-02,0.4,0.325263774677));
#10761 = CARTESIAN_POINT('',(9.471643453794E-02,0.39,0.325263774677));
#10762 = ADVANCED_FACE('',(#10763),#10773,.F.);
#10763 = FACE_BOUND('',#10764,.F.);
#10764 = EDGE_LOOP('',(#10765,#10766,#10767,#10772));
#10765 = ORIENTED_EDGE('',*,*,#10748,.F.);
#10766 = ORIENTED_EDGE('',*,*,#10411,.T.);
#10767 = ORIENTED_EDGE('',*,*,#10768,.T.);
#10768 = EDGE_CURVE('',#10412,#1396,#10769,.T.);
#10769 = B_SPLINE_CURVE_WITH_KNOTS('',1,(#10770,#10771),.UNSPECIFIED.,
  .F.,.F.,(2,2),(-0.,1.E-02),.PIECEWISE_BEZIER_KNOTS.);
#10770 = CARTESIAN_POINT('',(0.129420126632,0.4,0.31398507447));
#10771 = CARTESIAN_POINT('',(0.129420126632,0.39,0.31398507447));
#10772 = ORIENTED_EDGE('',*,*,#1404,.F.);
#10773 = B_SPLINE_SURFACE_WITH_KNOTS('',3,1,(
    (#10774,#10775)
    ,(#10776,#10777)
    ,(#10778,#10779)
    ,(#10780,#10781
    )),.UNSPECIFIED.,.F.,.F.,.F.,(4,4),(2,2),(2.,3.),(0.,1.),
  .PIECEWISE_BEZIER_KNOTS.);
#10774 = CARTESIAN_POINT('',(9.471643453794E-02,0.4,0.325263774677));
#10775 = CARTESIAN_POINT('',(9.471643453794E-02,0.39,0.325263774677));
#10776 = CARTESIAN_POINT('',(0.107441120536,0.4,0.325263774677));
#10777 = CARTESIAN_POINT('',(0.107441120536,0.39,0.325263774677));
#10778 = CARTESIAN_POINT('',(0.119298216438,0.4,0.321215010668));
#10779 = CARTESIAN_POINT('',(0.119298216438,0.39,0.321215010668));
#10780 = CARTESIAN_POINT('',(0.129420126632,0.4,0.31398507447));
#10781 = CARTESIAN_POINT('',(0.129420126632,0.39,0.31398507447));
#10782 = ADVANCED_FACE('',(#10783),#10793,.F.);
#10783 = FACE_BOUND('',#10784,.F.);
#10784 = EDGE_LOOP('',(#10785,#10786,#10787,#10792));
#10785 = ORIENTED_EDGE('',*,*,#10768,.F.);
#10786 = ORIENTED_EDGE('',*,*,#10420,.T.);
#10787 = ORIENTED_EDGE('',*,*,#10788,.T.);
#10788 = EDGE_CURVE('',#10421,#1387,#10789,.T.);
#10789 = B_SPLINE_CURVE_WITH_KNOTS('',1,(#10790,#10791),.UNSPECIFIED.,
  .F.,.F.,(2,2),(-0.,1.E-02),.PIECEWISE_BEZIER_KNOTS.);
#10790 = CARTESIAN_POINT('',(0.14214481263,0.4,0.301260387094));
#10791 = CARTESIAN_POINT('',(0.14214481263,0.39,0.301260387094));
#10792 = ORIENTED_EDGE('',*,*,#1395,.F.);
#10793 = B_SPLINE_SURFACE_WITH_KNOTS('',3,1,(
    (#10794,#10795)
    ,(#10796,#10797)
    ,(#10798,#10799)
    ,(#10800,#10801
    )),.UNSPECIFIED.,.F.,.F.,.F.,(4,4),(2,2),(3.,4.),(0.,1.),
  .PIECEWISE_BEZIER_KNOTS.);
#10794 = CARTESIAN_POINT('',(0.129420126632,0.4,0.31398507447));
#10795 = CARTESIAN_POINT('',(0.129420126632,0.39,0.31398507447));
#10796 = CARTESIAN_POINT('',(0.134336485218,0.4,0.310514704434));
#10797 = CARTESIAN_POINT('',(0.134336485218,0.39,0.310514704434));
#10798 = CARTESIAN_POINT('',(0.138385248192,0.4,0.306176742922));
#10799 = CARTESIAN_POINT('',(0.138385248192,0.39,0.306176742922));
#10800 = CARTESIAN_POINT('',(0.14214481263,0.4,0.301260387094));
#10801 = CARTESIAN_POINT('',(0.14214481263,0.39,0.301260387094));
#10802 = ADVANCED_FACE('',(#10803),#10813,.F.);
#10803 = FACE_BOUND('',#10804,.F.);
#10804 = EDGE_LOOP('',(#10805,#10806,#10807,#10812));
#10805 = ORIENTED_EDGE('',*,*,#10788,.F.);
#10806 = ORIENTED_EDGE('',*,*,#10429,.T.);
#10807 = ORIENTED_EDGE('',*,*,#10808,.T.);
#10808 = EDGE_CURVE('',#10430,#1378,#10809,.T.);
#10809 = B_SPLINE_CURVE_WITH_KNOTS('',1,(#10810,#10811),.UNSPECIFIED.,
  .F.,.F.,(2,2),(-0.,1.E-02),.PIECEWISE_BEZIER_KNOTS.);
#10810 = CARTESIAN_POINT('',(0.148796351408,0.4,0.30183878141));
#10811 = CARTESIAN_POINT('',(0.148796351408,0.39,0.30183878141));
#10812 = ORIENTED_EDGE('',*,*,#1386,.F.);
#10813 = B_SPLINE_SURFACE_WITH_KNOTS('',3,1,(
    (#10814,#10815)
    ,(#10816,#10817)
    ,(#10818,#10819)
    ,(#10820,#10821
    )),.UNSPECIFIED.,.F.,.F.,.F.,(4,4),(2,2),(4.,5.),(0.,1.),
  .PIECEWISE_BEZIER_KNOTS.);
#10814 = CARTESIAN_POINT('',(0.14214481263,0.4,0.301260387094));
#10815 = CARTESIAN_POINT('',(0.14214481263,0.39,0.301260387094));
#10816 = CARTESIAN_POINT('',(0.144458389896,0.4,0.301549585631));
#10817 = CARTESIAN_POINT('',(0.144458389896,0.39,0.301549585631));
#10818 = CARTESIAN_POINT('',(0.146482774141,0.4,0.30183878141));
#10819 = CARTESIAN_POINT('',(0.146482774141,0.39,0.30183878141));
#10820 = CARTESIAN_POINT('',(0.148796351408,0.4,0.30183878141));
#10821 = CARTESIAN_POINT('',(0.148796351408,0.39,0.30183878141));
#10822 = ADVANCED_FACE('',(#10823),#10833,.F.);
#10823 = FACE_BOUND('',#10824,.F.);
#10824 = EDGE_LOOP('',(#10825,#10826,#10827,#10832));
#10825 = ORIENTED_EDGE('',*,*,#10808,.F.);
#10826 = ORIENTED_EDGE('',*,*,#10438,.T.);
#10827 = ORIENTED_EDGE('',*,*,#10828,.T.);
#10828 = EDGE_CURVE('',#10439,#1369,#10829,.T.);
#10829 = B_SPLINE_CURVE_WITH_KNOTS('',1,(#10830,#10831),.UNSPECIFIED.,
  .F.,.F.,(2,2),(-0.,1.E-02),.PIECEWISE_BEZIER_KNOTS.);
#10830 = CARTESIAN_POINT('',(0.182054056331,0.4,0.287957304021));
#10831 = CARTESIAN_POINT('',(0.182054056331,0.39,0.287957304021));
#10832 = ORIENTED_EDGE('',*,*,#1377,.F.);
#10833 = B_SPLINE_SURFACE_WITH_KNOTS('',3,1,(
    (#10834,#10835)
    ,(#10836,#10837)
    ,(#10838,#10839)
    ,(#10840,#10841
    )),.UNSPECIFIED.,.F.,.F.,.F.,(4,4),(2,2),(5.,6.),(0.,1.),
  .PIECEWISE_BEZIER_KNOTS.);
#10834 = CARTESIAN_POINT('',(0.148796351408,0.4,0.30183878141));
#10835 = CARTESIAN_POINT('',(0.148796351408,0.39,0.30183878141));
#10836 = CARTESIAN_POINT('',(0.161231841626,0.4,0.30183878141));
#10837 = CARTESIAN_POINT('',(0.161231841626,0.39,0.30183878141));
#10838 = CARTESIAN_POINT('',(0.17308893477,0.4,0.296922425582));
#10839 = CARTESIAN_POINT('',(0.17308893477,0.39,0.296922425582));
#10840 = CARTESIAN_POINT('',(0.182054056331,0.4,0.287957304021));
#10841 = CARTESIAN_POINT('',(0.182054056331,0.39,0.287957304021));
#10842 = ADVANCED_FACE('',(#10843),#10853,.F.);
#10843 = FACE_BOUND('',#10844,.F.);
#10844 = EDGE_LOOP('',(#10845,#10846,#10847,#10852));
#10845 = ORIENTED_EDGE('',*,*,#10828,.F.);
#10846 = ORIENTED_EDGE('',*,*,#10447,.T.);
#10847 = ORIENTED_EDGE('',*,*,#10848,.T.);
#10848 = EDGE_CURVE('',#10448,#1360,#10849,.T.);
#10849 = B_SPLINE_CURVE_WITH_KNOTS('',1,(#10850,#10851),.UNSPECIFIED.,
  .F.,.F.,(2,2),(-0.,1.E-02),.PIECEWISE_BEZIER_KNOTS.);
#10850 = CARTESIAN_POINT('',(0.195646343457,0.4,0.254988800393));
#10851 = CARTESIAN_POINT('',(0.195646343457,0.39,0.254988800393));
#10852 = ORIENTED_EDGE('',*,*,#1368,.F.);
#10853 = B_SPLINE_SURFACE_WITH_KNOTS('',3,1,(
    (#10854,#10855)
    ,(#10856,#10857)
    ,(#10858,#10859)
    ,(#10860,#10861
    )),.UNSPECIFIED.,.F.,.F.,.F.,(4,4),(2,2),(6.,7.),(0.,1.),
  .PIECEWISE_BEZIER_KNOTS.);
#10854 = CARTESIAN_POINT('',(0.182054056331,0.4,0.287957304021));
#10855 = CARTESIAN_POINT('',(0.182054056331,0.39,0.287957304021));
#10856 = CARTESIAN_POINT('',(0.190729986939,0.4,0.279281383756));
#10857 = CARTESIAN_POINT('',(0.190729986939,0.39,0.279281383756));
#10858 = CARTESIAN_POINT('',(0.195646343457,0.4,0.267424287854));
#10859 = CARTESIAN_POINT('',(0.195646343457,0.39,0.267424287854));
#10860 = CARTESIAN_POINT('',(0.195646343457,0.4,0.254988800393));
#10861 = CARTESIAN_POINT('',(0.195646343457,0.39,0.254988800393));
#10862 = ADVANCED_FACE('',(#10863),#10873,.F.);
#10863 = FACE_BOUND('',#10864,.F.);
#10864 = EDGE_LOOP('',(#10865,#10866,#10867,#10872));
#10865 = ORIENTED_EDGE('',*,*,#10848,.F.);
#10866 = ORIENTED_EDGE('',*,*,#10456,.T.);
#10867 = ORIENTED_EDGE('',*,*,#10868,.T.);
#10868 = EDGE_CURVE('',#10457,#1351,#10869,.T.);
#10869 = B_SPLINE_CURVE_WITH_KNOTS('',1,(#10870,#10871),.UNSPECIFIED.,
  .F.,.F.,(2,2),(-0.,1.E-02),.PIECEWISE_BEZIER_KNOTS.);
#10870 = CARTESIAN_POINT('',(0.183500051775,0.4,0.223466286694));
#10871 = CARTESIAN_POINT('',(0.183500051775,0.39,0.223466286694));
#10872 = ORIENTED_EDGE('',*,*,#1359,.F.);
#10873 = B_SPLINE_SURFACE_WITH_KNOTS('',3,1,(
    (#10874,#10875)
    ,(#10876,#10877)
    ,(#10878,#10879)
    ,(#10880,#10881
    )),.UNSPECIFIED.,.F.,.F.,.F.,(4,4),(2,2),(7.,8.),(0.,1.),
  .PIECEWISE_BEZIER_KNOTS.);
#10874 = CARTESIAN_POINT('',(0.195646343457,0.4,0.254988800393));
#10875 = CARTESIAN_POINT('',(0.195646343457,0.39,0.254988800393));
#10876 = CARTESIAN_POINT('',(0.195646343457,0.4,0.243420903029));
#10877 = CARTESIAN_POINT('',(0.195646343457,0.39,0.243420903029));
#10878 = CARTESIAN_POINT('',(0.191308381945,0.4,0.232142198685));
#10879 = CARTESIAN_POINT('',(0.191308381945,0.39,0.232142198685));
#10880 = CARTESIAN_POINT('',(0.183500051775,0.4,0.223466286694));
#10881 = CARTESIAN_POINT('',(0.183500051775,0.39,0.223466286694));
#10882 = ADVANCED_FACE('',(#10883),#10893,.F.);
#10883 = FACE_BOUND('',#10884,.F.);
#10884 = EDGE_LOOP('',(#10885,#10886,#10887,#10892));
#10885 = ORIENTED_EDGE('',*,*,#10868,.F.);
#10886 = ORIENTED_EDGE('',*,*,#10465,.T.);
#10887 = ORIENTED_EDGE('',*,*,#10888,.T.);
#10888 = EDGE_CURVE('',#10466,#1342,#10889,.T.);
#10889 = B_SPLINE_CURVE_WITH_KNOTS('',1,(#10890,#10891),.UNSPECIFIED.,
  .F.,.F.,(2,2),(-0.,1.E-02),.PIECEWISE_BEZIER_KNOTS.);
#10890 = CARTESIAN_POINT('',(0.160364257046,0.4,0.209584812063));
#10891 = CARTESIAN_POINT('',(0.160364257046,0.39,0.209584812063));
#10892 = ORIENTED_EDGE('',*,*,#1350,.F.);
#10893 = B_SPLINE_SURFACE_WITH_KNOTS('',3,1,(
    (#10894,#10895)
    ,(#10896,#10897)
    ,(#10898,#10899)
    ,(#10900,#10901
    )),.UNSPECIFIED.,.F.,.F.,.F.,(4,4),(2,2),(8.,9.),(0.,1.),
  .PIECEWISE_BEZIER_KNOTS.);
#10894 = CARTESIAN_POINT('',(0.183500051775,0.4,0.223466286694));
#10895 = CARTESIAN_POINT('',(0.183500051775,0.39,0.223466286694));
#10896 = CARTESIAN_POINT('',(0.177137708777,0.4,0.216525543862));
#10897 = CARTESIAN_POINT('',(0.177137708777,0.39,0.216525543862));
#10898 = CARTESIAN_POINT('',(0.169329375849,0.4,0.211898389329));
#10899 = CARTESIAN_POINT('',(0.169329375849,0.39,0.211898389329));
#10900 = CARTESIAN_POINT('',(0.160364257046,0.4,0.209584812063));
#10901 = CARTESIAN_POINT('',(0.160364257046,0.39,0.209584812063));
#10902 = ADVANCED_FACE('',(#10903),#10913,.F.);
#10903 = FACE_BOUND('',#10904,.F.);
#10904 = EDGE_LOOP('',(#10905,#10906,#10907,#10912));
#10905 = ORIENTED_EDGE('',*,*,#10888,.F.);
#10906 = ORIENTED_EDGE('',*,*,#10474,.T.);
#10907 = ORIENTED_EDGE('',*,*,#10908,.T.);
#10908 = EDGE_CURVE('',#10475,#1333,#10909,.T.);
#10909 = B_SPLINE_CURVE_WITH_KNOTS('',1,(#10910,#10911),.UNSPECIFIED.,
  .F.,.F.,(2,2),(-0.,1.E-02),.PIECEWISE_BEZIER_KNOTS.);
#10910 = CARTESIAN_POINT('',(0.132890498047,0.4,0.189919388749));
#10911 = CARTESIAN_POINT('',(0.132890498047,0.39,0.189919388749));
#10912 = ORIENTED_EDGE('',*,*,#1341,.F.);
#10913 = B_SPLINE_SURFACE_WITH_KNOTS('',3,1,(
    (#10914,#10915)
    ,(#10916,#10917)
    ,(#10918,#10919)
    ,(#10920,#10921
    )),.UNSPECIFIED.,.F.,.F.,.F.,(4,4),(2,2),(9.,10.),(0.,1.),
  .PIECEWISE_BEZIER_KNOTS.);
#10914 = CARTESIAN_POINT('',(0.160364257046,0.4,0.209584812063));
#10915 = CARTESIAN_POINT('',(0.160364257046,0.39,0.209584812063));
#10916 = CARTESIAN_POINT('',(0.156604689851,0.4,0.198016914698));
#10917 = CARTESIAN_POINT('',(0.156604689851,0.39,0.198016914698));
#10918 = CARTESIAN_POINT('',(0.145615189561,0.4,0.189919388749));
#10919 = CARTESIAN_POINT('',(0.145615189561,0.39,0.189919388749));
#10920 = CARTESIAN_POINT('',(0.132890498047,0.4,0.189919388749));
#10921 = CARTESIAN_POINT('',(0.132890498047,0.39,0.189919388749));
#10922 = ADVANCED_FACE('',(#10923),#10933,.F.);
#10923 = FACE_BOUND('',#10924,.F.);
#10924 = EDGE_LOOP('',(#10925,#10926,#10927,#10932));
#10925 = ORIENTED_EDGE('',*,*,#10908,.F.);
#10926 = ORIENTED_EDGE('',*,*,#10483,.T.);
#10927 = ORIENTED_EDGE('',*,*,#10928,.T.);
#10928 = EDGE_CURVE('',#10484,#1324,#10929,.T.);
#10929 = B_SPLINE_CURVE_WITH_KNOTS('',1,(#10930,#10931),.UNSPECIFIED.,
  .F.,.F.,(2,2),(-0.,1.E-02),.PIECEWISE_BEZIER_KNOTS.);
#10930 = CARTESIAN_POINT('',(0.103970754636,0.4,0.218839132161));
#10931 = CARTESIAN_POINT('',(0.103970754636,0.39,0.218839132161));
#10932 = ORIENTED_EDGE('',*,*,#1332,.F.);
#10933 = B_SPLINE_SURFACE_WITH_KNOTS('',3,1,(
    (#10934,#10935)
    ,(#10936,#10937)
    ,(#10938,#10939)
    ,(#10940,#10941
    )),.UNSPECIFIED.,.F.,.F.,.F.,(4,4),(2,2),(10.,11.),(0.,1.),
  .PIECEWISE_BEZIER_KNOTS.);
#10934 = CARTESIAN_POINT('',(0.132890498047,0.4,0.189919388749));
#10935 = CARTESIAN_POINT('',(0.132890498047,0.39,0.189919388749));
#10936 = CARTESIAN_POINT('',(0.116984639171,0.4,0.189919388749));
#10937 = CARTESIAN_POINT('',(0.116984639171,0.39,0.189919388749));
#10938 = CARTESIAN_POINT('',(0.103970754636,0.4,0.202933273285));
#10939 = CARTESIAN_POINT('',(0.103970754636,0.39,0.202933273285));
#10940 = CARTESIAN_POINT('',(0.103970754636,0.4,0.218839132161));
#10941 = CARTESIAN_POINT('',(0.103970754636,0.39,0.218839132161));
#10942 = ADVANCED_FACE('',(#10943),#10953,.F.);
#10943 = FACE_BOUND('',#10944,.T.);
#10944 = EDGE_LOOP('',(#10945,#10946,#10951,#10952));
#10945 = ORIENTED_EDGE('',*,*,#1323,.T.);
#10946 = ORIENTED_EDGE('',*,*,#10947,.F.);
#10947 = EDGE_CURVE('',#10493,#1317,#10948,.T.);
#10948 = B_SPLINE_CURVE_WITH_KNOTS('',1,(#10949,#10950),.UNSPECIFIED.,
  .F.,.F.,(2,2),(-0.,1.E-02),.PIECEWISE_BEZIER_KNOTS.);
#10949 = CARTESIAN_POINT('',(0.103970754636,0.4,0.221731106502));
#10950 = CARTESIAN_POINT('',(0.103970754636,0.39,0.221731106502));
#10951 = ORIENTED_EDGE('',*,*,#10492,.F.);
#10952 = ORIENTED_EDGE('',*,*,#10928,.T.);
#10953 = B_SPLINE_SURFACE_WITH_KNOTS('',1,1,(
    (#10954,#10955)
    ,(#10956,#10957
    )),.UNSPECIFIED.,.F.,.F.,.F.,(2,2),(2,2),(-2.891974341333E-03,0.),(
    -1.E-02,0.),.PIECEWISE_BEZIER_KNOTS.);
#10954 = CARTESIAN_POINT('',(0.103970754636,0.39,0.221731106502));
#10955 = CARTESIAN_POINT('',(0.103970754636,0.4,0.221731106502));
#10956 = CARTESIAN_POINT('',(0.103970754636,0.39,0.218839132161));
#10957 = CARTESIAN_POINT('',(0.103970754636,0.4,0.218839132161));
#10958 = ADVANCED_FACE('',(#10959),#10969,.F.);
#10959 = FACE_BOUND('',#10960,.T.);
#10960 = EDGE_LOOP('',(#10961,#10962,#10967,#10968));
#10961 = ORIENTED_EDGE('',*,*,#1316,.T.);
#10962 = ORIENTED_EDGE('',*,*,#10963,.F.);
#10963 = EDGE_CURVE('',#10502,#1310,#10964,.T.);
#10964 = B_SPLINE_CURVE_WITH_KNOTS('',1,(#10965,#10966),.UNSPECIFIED.,
  .F.,.F.,(2,2),(-0.,1.E-02),.PIECEWISE_BEZIER_KNOTS.);
#10965 = CARTESIAN_POINT('',(6.348311385986E-02,0.4,0.243131715523));
#10966 = CARTESIAN_POINT('',(6.348311385986E-02,0.39,0.243131715523));
#10967 = ORIENTED_EDGE('',*,*,#10501,.F.);
#10968 = ORIENTED_EDGE('',*,*,#10947,.T.);
#10969 = B_SPLINE_SURFACE_WITH_KNOTS('',1,1,(
    (#10970,#10971)
    ,(#10972,#10973
    )),.UNSPECIFIED.,.F.,.F.,.F.,(2,2),(2,2),(-4.579557972215E-02,
    1.621297911045E-18),(-1.E-02,0.),.PIECEWISE_BEZIER_KNOTS.);
#10970 = CARTESIAN_POINT('',(6.348311385986E-02,0.39,0.243131715523));
#10971 = CARTESIAN_POINT('',(6.348311385986E-02,0.4,0.243131715523));
#10972 = CARTESIAN_POINT('',(0.103970754636,0.39,0.221731106502));
#10973 = CARTESIAN_POINT('',(0.103970754636,0.4,0.221731106502));
#10974 = ADVANCED_FACE('',(#10975),#10985,.F.);
#10975 = FACE_BOUND('',#10976,.T.);
#10976 = EDGE_LOOP('',(#10977,#10978,#10983,#10984));
#10977 = ORIENTED_EDGE('',*,*,#1309,.T.);
#10978 = ORIENTED_EDGE('',*,*,#10979,.F.);
#10979 = EDGE_CURVE('',#10509,#1303,#10980,.T.);
#10980 = B_SPLINE_CURVE_WITH_KNOTS('',1,(#10981,#10982),.UNSPECIFIED.,
  .F.,.F.,(2,2),(-0.,1.E-02),.PIECEWISE_BEZIER_KNOTS.);
#10981 = CARTESIAN_POINT('',(7.244822990469E-02,0.4,0.258459182841));
#10982 = CARTESIAN_POINT('',(7.244822990469E-02,0.39,0.258459182841));
#10983 = ORIENTED_EDGE('',*,*,#10508,.F.);
#10984 = ORIENTED_EDGE('',*,*,#10963,.T.);
#10985 = B_SPLINE_SURFACE_WITH_KNOTS('',1,1,(
    (#10986,#10987)
    ,(#10988,#10989
    )),.UNSPECIFIED.,.F.,.F.,.F.,(2,2),(2,2),(-1.775681728433E-02,0.),(
    -1.E-02,0.),.PIECEWISE_BEZIER_KNOTS.);
#10986 = CARTESIAN_POINT('',(7.244822990469E-02,0.39,0.258459182841));
#10987 = CARTESIAN_POINT('',(7.244822990469E-02,0.4,0.258459182841));
#10988 = CARTESIAN_POINT('',(6.348311385986E-02,0.39,0.243131715523));
#10989 = CARTESIAN_POINT('',(6.348311385986E-02,0.4,0.243131715523));
#10990 = ADVANCED_FACE('',(#10991),#11001,.F.);
#10991 = FACE_BOUND('',#10992,.T.);
#10992 = EDGE_LOOP('',(#10993,#10994,#10999,#11000));
#10993 = ORIENTED_EDGE('',*,*,#1302,.T.);
#10994 = ORIENTED_EDGE('',*,*,#10995,.F.);
#10995 = EDGE_CURVE('',#10516,#1294,#10996,.T.);
#10996 = B_SPLINE_CURVE_WITH_KNOTS('',1,(#10997,#10998),.UNSPECIFIED.,
  .F.,.F.,(2,2),(-0.,1.E-02),.PIECEWISE_BEZIER_KNOTS.);
#10997 = CARTESIAN_POINT('',(0.111200684973,0.4,0.238215362453));
#10998 = CARTESIAN_POINT('',(0.111200684973,0.39,0.238215362453));
#10999 = ORIENTED_EDGE('',*,*,#10515,.F.);
#11000 = ORIENTED_EDGE('',*,*,#10979,.T.);
#11001 = B_SPLINE_SURFACE_WITH_KNOTS('',1,1,(
    (#11002,#11003)
    ,(#11004,#11005
    )),.UNSPECIFIED.,.F.,.F.,.F.,(2,2),(2,2),(-4.372144825718E-02,0.),(
    -1.E-02,0.),.PIECEWISE_BEZIER_KNOTS.);
#11002 = CARTESIAN_POINT('',(0.111200684973,0.39,0.238215362453));
#11003 = CARTESIAN_POINT('',(0.111200684973,0.4,0.238215362453));
#11004 = CARTESIAN_POINT('',(7.244822990469E-02,0.39,0.258459182841));
#11005 = CARTESIAN_POINT('',(7.244822990469E-02,0.4,0.258459182841));
#11006 = ADVANCED_FACE('',(#11007),#11017,.F.);
#11007 = FACE_BOUND('',#11008,.F.);
#11008 = EDGE_LOOP('',(#11009,#11010,#11011,#11016));
#11009 = ORIENTED_EDGE('',*,*,#10995,.F.);
#11010 = ORIENTED_EDGE('',*,*,#10522,.T.);
#11011 = ORIENTED_EDGE('',*,*,#11012,.T.);
#11012 = EDGE_CURVE('',#10523,#1285,#11013,.T.);
#11013 = B_SPLINE_CURVE_WITH_KNOTS('',1,(#11014,#11015),.UNSPECIFIED.,
  .F.,.F.,(2,2),(-0.,1.E-02),.PIECEWISE_BEZIER_KNOTS.);
#11014 = CARTESIAN_POINT('',(0.132890492531,0.4,0.24804807411));
#11015 = CARTESIAN_POINT('',(0.132890492531,0.39,0.24804807411));
#11016 = ORIENTED_EDGE('',*,*,#1293,.F.);
#11017 = B_SPLINE_SURFACE_WITH_KNOTS('',3,1,(
    (#11018,#11019)
    ,(#11020,#11021)
    ,(#11022,#11023)
    ,(#11024,#11025
    )),.UNSPECIFIED.,.F.,.F.,.F.,(4,4),(2,2),(15.,16.),(0.,1.),
  .PIECEWISE_BEZIER_KNOTS.);
#11018 = CARTESIAN_POINT('',(0.111200684973,0.4,0.238215362453));
#11019 = CARTESIAN_POINT('',(0.111200684973,0.39,0.238215362453));
#11020 = CARTESIAN_POINT('',(0.116406236581,0.4,0.244288509673));
#11021 = CARTESIAN_POINT('',(0.116406236581,0.39,0.244288509673));
#11022 = CARTESIAN_POINT('',(0.124214569508,0.4,0.24804807411));
#11023 = CARTESIAN_POINT('',(0.124214569508,0.39,0.24804807411));
#11024 = CARTESIAN_POINT('',(0.132890492531,0.4,0.24804807411));
#11025 = CARTESIAN_POINT('',(0.132890492531,0.39,0.24804807411));
#11026 = ADVANCED_FACE('',(#11027),#11037,.F.);
#11027 = FACE_BOUND('',#11028,.F.);
#11028 = EDGE_LOOP('',(#11029,#11030,#11031,#11036));
#11029 = ORIENTED_EDGE('',*,*,#11012,.F.);
#11030 = ORIENTED_EDGE('',*,*,#10531,.T.);
#11031 = ORIENTED_EDGE('',*,*,#11032,.T.);
#11032 = EDGE_CURVE('',#10532,#1276,#11033,.T.);
#11033 = B_SPLINE_CURVE_WITH_KNOTS('',1,(#11034,#11035),.UNSPECIFIED.,
  .F.,.F.,(2,2),(-0.,1.E-02),.PIECEWISE_BEZIER_KNOTS.);
#11034 = CARTESIAN_POINT('',(0.160075050235,0.4,0.228961042355));
#11035 = CARTESIAN_POINT('',(0.160075050235,0.39,0.228961042355));
#11036 = ORIENTED_EDGE('',*,*,#1284,.F.);
#11037 = B_SPLINE_SURFACE_WITH_KNOTS('',3,1,(
    (#11038,#11039)
    ,(#11040,#11041)
    ,(#11042,#11043)
    ,(#11044,#11045
    )),.UNSPECIFIED.,.F.,.F.,.F.,(4,4),(2,2),(16.,17.),(0.,1.),
  .PIECEWISE_BEZIER_KNOTS.);
#11038 = CARTESIAN_POINT('',(0.132890492531,0.4,0.24804807411));
#11039 = CARTESIAN_POINT('',(0.132890492531,0.39,0.24804807411));
#11040 = CARTESIAN_POINT('',(0.145325985508,0.4,0.24804807411));
#11041 = CARTESIAN_POINT('',(0.145325985508,0.39,0.24804807411));
#11042 = CARTESIAN_POINT('',(0.156026287261,0.4,0.239950548161));
#11043 = CARTESIAN_POINT('',(0.156026287261,0.39,0.239950548161));
#11044 = CARTESIAN_POINT('',(0.160075050235,0.4,0.228961042355));
#11045 = CARTESIAN_POINT('',(0.160075050235,0.39,0.228961042355));
#11046 = ADVANCED_FACE('',(#11047),#11057,.F.);
#11047 = FACE_BOUND('',#11048,.F.);
#11048 = EDGE_LOOP('',(#11049,#11050,#11051,#11056));
#11049 = ORIENTED_EDGE('',*,*,#11032,.F.);
#11050 = ORIENTED_EDGE('',*,*,#10540,.T.);
#11051 = ORIENTED_EDGE('',*,*,#11052,.T.);
#11052 = EDGE_CURVE('',#10541,#1267,#11053,.T.);
#11053 = B_SPLINE_CURVE_WITH_KNOTS('',1,(#11054,#11055),.UNSPECIFIED.,
  .F.,.F.,(2,2),(-0.,1.E-02),.PIECEWISE_BEZIER_KNOTS.);
#11054 = CARTESIAN_POINT('',(0.177426896282,0.4,0.2555672085));
#11055 = CARTESIAN_POINT('',(0.177426896282,0.39,0.2555672085));
#11056 = ORIENTED_EDGE('',*,*,#1275,.F.);
#11057 = B_SPLINE_SURFACE_WITH_KNOTS('',3,1,(
    (#11058,#11059)
    ,(#11060,#11061)
    ,(#11062,#11063)
    ,(#11064,#11065
    )),.UNSPECIFIED.,.F.,.F.,.F.,(4,4),(2,2),(17.,18.),(0.,1.),
  .PIECEWISE_BEZIER_KNOTS.);
#11058 = CARTESIAN_POINT('',(0.160075050235,0.4,0.228961042355));
#11059 = CARTESIAN_POINT('',(0.160075050235,0.39,0.228961042355));
#11060 = CARTESIAN_POINT('',(0.170196960429,0.4,0.233588202404));
#11061 = CARTESIAN_POINT('',(0.170196960429,0.39,0.233588202404));
#11062 = CARTESIAN_POINT('',(0.177426896282,0.4,0.243710112598));
#11063 = CARTESIAN_POINT('',(0.177426896282,0.39,0.243710112598));
#11064 = CARTESIAN_POINT('',(0.177426896282,0.4,0.2555672085));
#11065 = CARTESIAN_POINT('',(0.177426896282,0.39,0.2555672085));
#11066 = ADVANCED_FACE('',(#11067),#11077,.F.);
#11067 = FACE_BOUND('',#11068,.F.);
#11068 = EDGE_LOOP('',(#11069,#11070,#11071,#11076));
#11069 = ORIENTED_EDGE('',*,*,#11052,.F.);
#11070 = ORIENTED_EDGE('',*,*,#10549,.T.);
#11071 = ORIENTED_EDGE('',*,*,#11072,.T.);
#11072 = EDGE_CURVE('',#10550,#1258,#11073,.T.);
#11073 = B_SPLINE_CURVE_WITH_KNOTS('',1,(#11074,#11075),.UNSPECIFIED.,
  .F.,.F.,(2,2),(-0.,1.E-02),.PIECEWISE_BEZIER_KNOTS.);
#11074 = CARTESIAN_POINT('',(0.148507152871,0.4,0.284486951911));
#11075 = CARTESIAN_POINT('',(0.148507152871,0.39,0.284486951911));
#11076 = ORIENTED_EDGE('',*,*,#1266,.F.);
#11077 = B_SPLINE_SURFACE_WITH_KNOTS('',3,1,(
    (#11078,#11079)
    ,(#11080,#11081)
    ,(#11082,#11083)
    ,(#11084,#11085
    )),.UNSPECIFIED.,.F.,.F.,.F.,(4,4),(2,2),(18.,19.),(0.,1.),
  .PIECEWISE_BEZIER_KNOTS.);
#11078 = CARTESIAN_POINT('',(0.177426896282,0.4,0.2555672085));
#11079 = CARTESIAN_POINT('',(0.177426896282,0.39,0.2555672085));
#11080 = CARTESIAN_POINT('',(0.177426896282,0.4,0.271473067376));
#11081 = CARTESIAN_POINT('',(0.177426896282,0.39,0.271473067376));
#11082 = CARTESIAN_POINT('',(0.164413011747,0.4,0.284486951911));
#11083 = CARTESIAN_POINT('',(0.164413011747,0.39,0.284486951911));
#11084 = CARTESIAN_POINT('',(0.148507152871,0.4,0.284486951911));
#11085 = CARTESIAN_POINT('',(0.148507152871,0.39,0.284486951911));
#11086 = ADVANCED_FACE('',(#11087),#11097,.F.);
#11087 = FACE_BOUND('',#11088,.F.);
#11088 = EDGE_LOOP('',(#11089,#11090,#11091,#11096));
#11089 = ORIENTED_EDGE('',*,*,#11072,.F.);
#11090 = ORIENTED_EDGE('',*,*,#10558,.T.);
#11091 = ORIENTED_EDGE('',*,*,#11092,.T.);
#11092 = EDGE_CURVE('',#10559,#1249,#11093,.T.);
#11093 = B_SPLINE_CURVE_WITH_KNOTS('',1,(#11094,#11095),.UNSPECIFIED.,
  .F.,.F.,(2,2),(-0.,1.E-02),.PIECEWISE_BEZIER_KNOTS.);
#11094 = CARTESIAN_POINT('',(0.133179691069,0.4,0.280148990399));
#11095 = CARTESIAN_POINT('',(0.133179691069,0.39,0.280148990399));
#11096 = ORIENTED_EDGE('',*,*,#1257,.F.);
#11097 = B_SPLINE_SURFACE_WITH_KNOTS('',3,1,(
    (#11098,#11099)
    ,(#11100,#11101)
    ,(#11102,#11103)
    ,(#11104,#11105
    )),.UNSPECIFIED.,.F.,.F.,.F.,(4,4),(2,2),(19.,20.),(0.,1.),
  .PIECEWISE_BEZIER_KNOTS.);
#11098 = CARTESIAN_POINT('',(0.148507152871,0.4,0.284486951911));
#11099 = CARTESIAN_POINT('',(0.148507152871,0.39,0.284486951911));
#11100 = CARTESIAN_POINT('',(0.143012402725,0.4,0.284486951911));
#11101 = CARTESIAN_POINT('',(0.143012402725,0.39,0.284486951911));
#11102 = CARTESIAN_POINT('',(0.13751765258,0.4,0.282751766204));
#11103 = CARTESIAN_POINT('',(0.13751765258,0.39,0.282751766204));
#11104 = CARTESIAN_POINT('',(0.133179691069,0.4,0.280148990399));
#11105 = CARTESIAN_POINT('',(0.133179691069,0.39,0.280148990399));
#11106 = ADVANCED_FACE('',(#11107),#11117,.F.);
#11107 = FACE_BOUND('',#11108,.F.);
#11108 = EDGE_LOOP('',(#11109,#11110,#11111,#11116));
#11109 = ORIENTED_EDGE('',*,*,#11092,.F.);
#11110 = ORIENTED_EDGE('',*,*,#10567,.T.);
#11111 = ORIENTED_EDGE('',*,*,#11112,.T.);
#11112 = EDGE_CURVE('',#10568,#1240,#11113,.T.);
#11113 = B_SPLINE_CURVE_WITH_KNOTS('',1,(#11114,#11115),.UNSPECIFIED.,
  .F.,.F.,(2,2),(-0.,1.E-02),.PIECEWISE_BEZIER_KNOTS.);
#11114 = CARTESIAN_POINT('',(9.442724151656E-02,0.4,0.30791192863));
#11115 = CARTESIAN_POINT('',(9.442724151656E-02,0.39,0.30791192863));
#11116 = ORIENTED_EDGE('',*,*,#1248,.F.);
#11117 = B_SPLINE_SURFACE_WITH_KNOTS('',3,1,(
    (#11118,#11119)
    ,(#11120,#11121)
    ,(#11122,#11123)
    ,(#11124,#11125
    )),.UNSPECIFIED.,.F.,.F.,.F.,(4,4),(2,2),(20.,21.),(0.,1.),
  .PIECEWISE_BEZIER_KNOTS.);
#11118 = CARTESIAN_POINT('',(0.133179691069,0.4,0.280148990399));
#11119 = CARTESIAN_POINT('',(0.133179691069,0.39,0.280148990399));
#11120 = CARTESIAN_POINT('',(0.12768494644,0.4,0.296344031265));
#11121 = CARTESIAN_POINT('',(0.12768494644,0.39,0.296344031265));
#11122 = CARTESIAN_POINT('',(0.112646677659,0.4,0.30791192863));
#11123 = CARTESIAN_POINT('',(0.112646677659,0.39,0.30791192863));
#11124 = CARTESIAN_POINT('',(9.442724151656E-02,0.4,0.30791192863));
#11125 = CARTESIAN_POINT('',(9.442724151656E-02,0.39,0.30791192863));
#11126 = ADVANCED_FACE('',(#11127),#11137,.F.);
#11127 = FACE_BOUND('',#11128,.F.);
#11128 = EDGE_LOOP('',(#11129,#11130,#11131,#11136));
#11129 = ORIENTED_EDGE('',*,*,#11112,.F.);
#11130 = ORIENTED_EDGE('',*,*,#10576,.T.);
#11131 = ORIENTED_EDGE('',*,*,#11132,.T.);
#11132 = EDGE_CURVE('',#10577,#1231,#11133,.T.);
#11133 = B_SPLINE_CURVE_WITH_KNOTS('',1,(#11134,#11135),.UNSPECIFIED.,
  .F.,.F.,(2,2),(-0.,1.E-02),.PIECEWISE_BEZIER_KNOTS.);
#11134 = CARTESIAN_POINT('',(5.393960074053E-02,0.4,0.271762249366));
#11135 = CARTESIAN_POINT('',(5.393960074053E-02,0.39,0.271762249366));
#11136 = ORIENTED_EDGE('',*,*,#1239,.F.);
#11137 = B_SPLINE_SURFACE_WITH_KNOTS('',3,1,(
    (#11138,#11139)
    ,(#11140,#11141)
    ,(#11142,#11143)
    ,(#11144,#11145
    )),.UNSPECIFIED.,.F.,.F.,.F.,(4,4),(2,2),(21.,22.),(0.,1.),
  .PIECEWISE_BEZIER_KNOTS.);
#11138 = CARTESIAN_POINT('',(9.442724151656E-02,0.4,0.30791192863));
#11139 = CARTESIAN_POINT('',(9.442724151656E-02,0.39,0.30791192863));
#11140 = CARTESIAN_POINT('',(7.360502405383E-02,0.4,0.30791192863));
#11141 = CARTESIAN_POINT('',(7.360502405383E-02,0.39,0.30791192863));
#11142 = CARTESIAN_POINT('',(5.625317800708E-02,0.4,0.292006069754));
#11143 = CARTESIAN_POINT('',(5.625317800708E-02,0.39,0.292006069754));
#11144 = CARTESIAN_POINT('',(5.393960074053E-02,0.4,0.271762249366));
#11145 = CARTESIAN_POINT('',(5.393960074053E-02,0.39,0.271762249366));
#11146 = ADVANCED_FACE('',(#11147),#11157,.F.);
#11147 = FACE_BOUND('',#11148,.T.);
#11148 = EDGE_LOOP('',(#11149,#11150,#11155,#11156));
#11149 = ORIENTED_EDGE('',*,*,#1230,.T.);
#11150 = ORIENTED_EDGE('',*,*,#11151,.F.);
#11151 = EDGE_CURVE('',#10586,#1222,#11152,.T.);
#11152 = B_SPLINE_CURVE_WITH_KNOTS('',1,(#11153,#11154),.UNSPECIFIED.,
  .F.,.F.,(2,2),(-0.,1.E-02),.PIECEWISE_BEZIER_KNOTS.);
#11153 = CARTESIAN_POINT('',(5.162602347397E-02,0.4,0.271762249366));
#11154 = CARTESIAN_POINT('',(5.162602347397E-02,0.39,0.271762249366));
#11155 = ORIENTED_EDGE('',*,*,#10585,.F.);
#11156 = ORIENTED_EDGE('',*,*,#11132,.T.);
#11157 = B_SPLINE_SURFACE_WITH_KNOTS('',1,1,(
    (#11158,#11159)
    ,(#11160,#11161
    )),.UNSPECIFIED.,.F.,.F.,.F.,(2,2),(2,2),(-2.313577266554E-03,0.),(
    -1.E-02,0.),.PIECEWISE_BEZIER_KNOTS.);
#11158 = CARTESIAN_POINT('',(5.162602347397E-02,0.39,0.271762249366));
#11159 = CARTESIAN_POINT('',(5.162602347397E-02,0.4,0.271762249366));
#11160 = CARTESIAN_POINT('',(5.393960074053E-02,0.39,0.271762249366));
#11161 = CARTESIAN_POINT('',(5.393960074053E-02,0.4,0.271762249366));
#11162 = ADVANCED_FACE('',(#11163),#11173,.F.);
#11163 = FACE_BOUND('',#11164,.F.);
#11164 = EDGE_LOOP('',(#11165,#11166,#11167,#11172));
#11165 = ORIENTED_EDGE('',*,*,#11151,.F.);
#11166 = ORIENTED_EDGE('',*,*,#10594,.T.);
#11167 = ORIENTED_EDGE('',*,*,#11168,.T.);
#11168 = EDGE_CURVE('',#10595,#1213,#11169,.T.);
#11169 = B_SPLINE_CURVE_WITH_KNOTS('',1,(#11170,#11171),.UNSPECIFIED.,
  .F.,.F.,(2,2),(-0.,1.E-02),.PIECEWISE_BEZIER_KNOTS.);
#11170 = CARTESIAN_POINT('',(2.906862581947E-02,0.4,0.249204851711));
#11171 = CARTESIAN_POINT('',(2.906862581947E-02,0.39,0.249204851711));
#11172 = ORIENTED_EDGE('',*,*,#1221,.F.);
#11173 = B_SPLINE_SURFACE_WITH_KNOTS('',3,1,(
    (#11174,#11175)
    ,(#11176,#11177)
    ,(#11178,#11179)
    ,(#11180,#11181
    )),.UNSPECIFIED.,.F.,.F.,.F.,(4,4),(2,2),(23.,24.),(0.,1.),
  .PIECEWISE_BEZIER_KNOTS.);
#11174 = CARTESIAN_POINT('',(5.162602347397E-02,0.4,0.271762249366));
#11175 = CARTESIAN_POINT('',(5.162602347397E-02,0.39,0.271762249366));
#11176 = CARTESIAN_POINT('',(3.919053601345E-02,0.4,0.271762249366));
#11177 = CARTESIAN_POINT('',(3.919053601345E-02,0.39,0.271762249366));
#11178 = CARTESIAN_POINT('',(2.906862581947E-02,0.4,0.261640339172));
#11179 = CARTESIAN_POINT('',(2.906862581947E-02,0.39,0.261640339172));
#11180 = CARTESIAN_POINT('',(2.906862581947E-02,0.4,0.249204851711));
#11181 = CARTESIAN_POINT('',(2.906862581947E-02,0.39,0.249204851711));
#11182 = ADVANCED_FACE('',(#11183),#11193,.F.);
#11183 = FACE_BOUND('',#11184,.F.);
#11184 = EDGE_LOOP('',(#11185,#11186,#11187,#11192));
#11185 = ORIENTED_EDGE('',*,*,#11168,.F.);
#11186 = ORIENTED_EDGE('',*,*,#10603,.T.);
#11187 = ORIENTED_EDGE('',*,*,#11188,.T.);
#11188 = EDGE_CURVE('',#10604,#1206,#11189,.T.);
#11189 = B_SPLINE_CURVE_WITH_KNOTS('',1,(#11190,#11191),.UNSPECIFIED.,
  .F.,.F.,(2,2),(-0.,1.E-02),.PIECEWISE_BEZIER_KNOTS.);
#11190 = CARTESIAN_POINT('',(4.989084328206E-02,0.4,0.226647454057));
#11191 = CARTESIAN_POINT('',(4.989084328206E-02,0.39,0.226647454057));
#11192 = ORIENTED_EDGE('',*,*,#1212,.F.);
#11193 = B_SPLINE_SURFACE_WITH_KNOTS('',3,1,(
    (#11194,#11195)
    ,(#11196,#11197)
    ,(#11198,#11199)
    ,(#11200,#11201
    )),.UNSPECIFIED.,.F.,.F.,.F.,(4,4),(2,2),(24.,25.),(0.,1.),
  .PIECEWISE_BEZIER_KNOTS.);
#11194 = CARTESIAN_POINT('',(2.906862581947E-02,0.4,0.249204851711));
#11195 = CARTESIAN_POINT('',(2.906862581947E-02,0.39,0.249204851711));
#11196 = CARTESIAN_POINT('',(2.906862581947E-02,0.4,0.237347755809));
#11197 = CARTESIAN_POINT('',(2.906862581947E-02,0.39,0.237347755809));
#11198 = CARTESIAN_POINT('',(3.80337418643E-02,0.4,0.227515044153));
#11199 = CARTESIAN_POINT('',(3.80337418643E-02,0.39,0.227515044153));
#11200 = CARTESIAN_POINT('',(4.989084328206E-02,0.4,0.226647454057));
#11201 = CARTESIAN_POINT('',(4.989084328206E-02,0.39,0.226647454057));
#11202 = ADVANCED_FACE('',(#11203),#11213,.F.);
#11203 = FACE_BOUND('',#11204,.T.);
#11204 = EDGE_LOOP('',(#11205,#11206,#11211,#11212));
#11205 = ORIENTED_EDGE('',*,*,#1205,.T.);
#11206 = ORIENTED_EDGE('',*,*,#11207,.F.);
#11207 = EDGE_CURVE('',#10613,#1197,#11208,.T.);
#11208 = B_SPLINE_CURVE_WITH_KNOTS('',1,(#11209,#11210),.UNSPECIFIED.,
  .F.,.F.,(2,2),(-0.,1.E-02),.PIECEWISE_BEZIER_KNOTS.);
#11209 = CARTESIAN_POINT('',(6.290472781723E-02,0.4,0.226647454057));
#11210 = CARTESIAN_POINT('',(6.290472781723E-02,0.39,0.226647454057));
#11211 = ORIENTED_EDGE('',*,*,#10612,.F.);
#11212 = ORIENTED_EDGE('',*,*,#11188,.T.);
#11213 = B_SPLINE_SURFACE_WITH_KNOTS('',1,1,(
    (#11214,#11215)
    ,(#11216,#11217
    )),.UNSPECIFIED.,.F.,.F.,.F.,(2,2),(2,2),(-1.301388453517E-02,
    -6.938893903907E-18),(-1.E-02,0.),.PIECEWISE_BEZIER_KNOTS.);
#11214 = CARTESIAN_POINT('',(6.290472781723E-02,0.39,0.226647454057));
#11215 = CARTESIAN_POINT('',(6.290472781723E-02,0.4,0.226647454057));
#11216 = CARTESIAN_POINT('',(4.989084328206E-02,0.39,0.226647454057));
#11217 = CARTESIAN_POINT('',(4.989084328206E-02,0.4,0.226647454057));
#11218 = ADVANCED_FACE('',(#11219),#11229,.F.);
#11219 = FACE_BOUND('',#11220,.F.);
#11220 = EDGE_LOOP('',(#11221,#11222,#11223,#11228));
#11221 = ORIENTED_EDGE('',*,*,#11207,.F.);
#11222 = ORIENTED_EDGE('',*,*,#10619,.T.);
#11223 = ORIENTED_EDGE('',*,*,#11224,.T.);
#11224 = EDGE_CURVE('',#10620,#1188,#11225,.T.);
#11225 = B_SPLINE_CURVE_WITH_KNOTS('',1,(#11226,#11227),.UNSPECIFIED.,
  .F.,.F.,(2,2),(-0.,1.E-02),.PIECEWISE_BEZIER_KNOTS.);
#11226 = CARTESIAN_POINT('',(6.463990800914E-02,0.4,0.226936647078));
#11227 = CARTESIAN_POINT('',(6.463990800914E-02,0.39,0.226936647078));
#11228 = ORIENTED_EDGE('',*,*,#1196,.F.);
#11229 = B_SPLINE_SURFACE_WITH_KNOTS('',3,1,(
    (#11230,#11231)
    ,(#11232,#11233)
    ,(#11234,#11235)
    ,(#11236,#11237
    )),.UNSPECIFIED.,.F.,.F.,.F.,(4,4),(2,2),(26.,27.),(0.,1.),
  .PIECEWISE_BEZIER_KNOTS.);
#11230 = CARTESIAN_POINT('',(6.290472781723E-02,0.4,0.226647454057));
#11231 = CARTESIAN_POINT('',(6.290472781723E-02,0.39,0.226647454057));
#11232 = CARTESIAN_POINT('',(6.348312489187E-02,0.4,0.226647454057));
#11233 = CARTESIAN_POINT('',(6.348312489187E-02,0.39,0.226647454057));
#11234 = CARTESIAN_POINT('',(6.406152196651E-02,0.4,0.226936647078));
#11235 = CARTESIAN_POINT('',(6.406152196651E-02,0.39,0.226936647078));
#11236 = CARTESIAN_POINT('',(6.463990800914E-02,0.4,0.226936647078));
#11237 = CARTESIAN_POINT('',(6.463990800914E-02,0.39,0.226936647078));
#11238 = ADVANCED_FACE('',(#11239),#11249,.F.);
#11239 = FACE_BOUND('',#11240,.F.);
#11240 = EDGE_LOOP('',(#11241,#11242,#11243,#11248));
#11241 = ORIENTED_EDGE('',*,*,#11224,.F.);
#11242 = ORIENTED_EDGE('',*,*,#10628,.T.);
#11243 = ORIENTED_EDGE('',*,*,#11244,.T.);
#11244 = EDGE_CURVE('',#10629,#1179,#11245,.T.);
#11245 = B_SPLINE_CURVE_WITH_KNOTS('',1,(#11246,#11247),.UNSPECIFIED.,
  .F.,.F.,(2,2),(-0.,1.E-02),.PIECEWISE_BEZIER_KNOTS.);
#11246 = CARTESIAN_POINT('',(7.360502405383E-02,0.4,0.217971531033));
#11247 = CARTESIAN_POINT('',(7.360502405383E-02,0.39,0.217971531033));
#11248 = ORIENTED_EDGE('',*,*,#1187,.F.);
#11249 = B_SPLINE_SURFACE_WITH_KNOTS('',3,1,(
    (#11250,#11251)
    ,(#11252,#11253)
    ,(#11254,#11255)
    ,(#11256,#11257
    )),.UNSPECIFIED.,.F.,.F.,.F.,(4,4),(2,2),(27.,28.),(0.,1.),
  .PIECEWISE_BEZIER_KNOTS.);
#11250 = CARTESIAN_POINT('',(6.463990800914E-02,0.4,0.226936647078));
#11251 = CARTESIAN_POINT('',(6.463990800914E-02,0.39,0.226936647078));
#11252 = CARTESIAN_POINT('',(6.95562665955E-02,0.4,0.226936647078));
#11253 = CARTESIAN_POINT('',(6.95562665955E-02,0.39,0.226936647078));
#11254 = CARTESIAN_POINT('',(7.360502405383E-02,0.4,0.222887878587));
#11255 = CARTESIAN_POINT('',(7.360502405383E-02,0.39,0.222887878587));
#11256 = CARTESIAN_POINT('',(7.360502405383E-02,0.4,0.217971531033));
#11257 = CARTESIAN_POINT('',(7.360502405383E-02,0.39,0.217971531033));
#11258 = ADVANCED_FACE('',(#11259),#11269,.F.);
#11259 = FACE_BOUND('',#11260,.F.);
#11260 = EDGE_LOOP('',(#11261,#11262,#11263,#11268));
#11261 = ORIENTED_EDGE('',*,*,#11244,.F.);
#11262 = ORIENTED_EDGE('',*,*,#10637,.T.);
#11263 = ORIENTED_EDGE('',*,*,#11264,.T.);
#11264 = EDGE_CURVE('',#10638,#1172,#11265,.T.);
#11265 = B_SPLINE_CURVE_WITH_KNOTS('',1,(#11266,#11267),.UNSPECIFIED.,
  .F.,.F.,(2,2),(-0.,1.E-02),.PIECEWISE_BEZIER_KNOTS.);
#11266 = CARTESIAN_POINT('',(6.521829405177E-02,0.4,0.209006414988));
#11267 = CARTESIAN_POINT('',(6.521829405177E-02,0.39,0.209006414988));
#11268 = ORIENTED_EDGE('',*,*,#1178,.F.);
#11269 = B_SPLINE_SURFACE_WITH_KNOTS('',3,1,(
    (#11270,#11271)
    ,(#11272,#11273)
    ,(#11274,#11275)
    ,(#11276,#11277
    )),.UNSPECIFIED.,.F.,.F.,.F.,(4,4),(2,2),(28.,29.),(0.,1.),
  .PIECEWISE_BEZIER_KNOTS.);
#11270 = CARTESIAN_POINT('',(7.360502405383E-02,0.4,0.217971531033));
#11271 = CARTESIAN_POINT('',(7.360502405383E-02,0.39,0.217971531033));
#11272 = CARTESIAN_POINT('',(7.360502405383E-02,0.4,0.2133443765));
#11273 = CARTESIAN_POINT('',(7.360502405383E-02,0.39,0.2133443765));
#11274 = CARTESIAN_POINT('',(6.984545961689E-02,0.4,0.209295608009));
#11275 = CARTESIAN_POINT('',(6.984545961689E-02,0.39,0.209295608009));
#11276 = CARTESIAN_POINT('',(6.521829405177E-02,0.4,0.209006414988));
#11277 = CARTESIAN_POINT('',(6.521829405177E-02,0.39,0.209006414988));
#11278 = ADVANCED_FACE('',(#11279),#11289,.F.);
#11279 = FACE_BOUND('',#11280,.T.);
#11280 = EDGE_LOOP('',(#11281,#11282,#11287,#11288));
#11281 = ORIENTED_EDGE('',*,*,#1171,.T.);
#11282 = ORIENTED_EDGE('',*,*,#11283,.F.);
#11283 = EDGE_CURVE('',#10647,#1163,#11284,.T.);
#11284 = B_SPLINE_CURVE_WITH_KNOTS('',1,(#11285,#11286),.UNSPECIFIED.,
  .F.,.F.,(2,2),(-0.,1.E-02),.PIECEWISE_BEZIER_KNOTS.);
#11285 = CARTESIAN_POINT('',(4.815565205814E-02,0.4,0.209006414988));
#11286 = CARTESIAN_POINT('',(4.815565205814E-02,0.39,0.209006414988));
#11287 = ORIENTED_EDGE('',*,*,#10646,.F.);
#11288 = ORIENTED_EDGE('',*,*,#11264,.T.);
#11289 = B_SPLINE_SURFACE_WITH_KNOTS('',1,1,(
    (#11290,#11291)
    ,(#11292,#11293
    )),.UNSPECIFIED.,.F.,.F.,.F.,(2,2),(2,2),(-8.675900960259E-04,
    1.619505189761E-02),(-1.E-02,0.),.PIECEWISE_BEZIER_KNOTS.);
#11290 = CARTESIAN_POINT('',(4.815565205814E-02,0.39,0.209006414988));
#11291 = CARTESIAN_POINT('',(4.815565205814E-02,0.4,0.209006414988));
#11292 = CARTESIAN_POINT('',(6.521829405177E-02,0.39,0.209006414988));
#11293 = CARTESIAN_POINT('',(6.521829405177E-02,0.4,0.209006414988));
#11294 = ADVANCED_FACE('',(#11295),#11305,.F.);
#11295 = FACE_BOUND('',#11296,.F.);
#11296 = EDGE_LOOP('',(#11297,#11298,#11299,#11304));
#11297 = ORIENTED_EDGE('',*,*,#11283,.F.);
#11298 = ORIENTED_EDGE('',*,*,#10653,.T.);
#11299 = ORIENTED_EDGE('',*,*,#11300,.T.);
#11300 = EDGE_CURVE('',#10654,#1154,#11301,.T.);
#11301 = B_SPLINE_CURVE_WITH_KNOTS('',1,(#11302,#11303),.UNSPECIFIED.,
  .F.,.F.,(2,2),(-0.,1.E-02),.PIECEWISE_BEZIER_KNOTS.);
#11302 = CARTESIAN_POINT('',(2.183868996669E-02,0.4,0.222020299523));
#11303 = CARTESIAN_POINT('',(2.183868996669E-02,0.39,0.222020299523));
#11304 = ORIENTED_EDGE('',*,*,#1162,.F.);
#11305 = B_SPLINE_SURFACE_WITH_KNOTS('',3,1,(
    (#11306,#11307)
    ,(#11308,#11309)
    ,(#11310,#11311)
    ,(#11312,#11313
    )),.UNSPECIFIED.,.F.,.F.,.F.,(4,4),(2,2),(33.,34.),(0.,1.),
  .PIECEWISE_BEZIER_KNOTS.);
#11306 = CARTESIAN_POINT('',(4.815565205814E-02,0.4,0.209006414988));
#11307 = CARTESIAN_POINT('',(4.815565205814E-02,0.39,0.209006414988));
#11308 = CARTESIAN_POINT('',(3.80337418643E-02,0.4,0.209874005084));
#11309 = CARTESIAN_POINT('',(3.80337418643E-02,0.39,0.209874005084));
#11310 = CARTESIAN_POINT('',(2.877942176608E-02,0.4,0.214501170649));
#11311 = CARTESIAN_POINT('',(2.877942176608E-02,0.39,0.214501170649));
#11312 = CARTESIAN_POINT('',(2.183868996669E-02,0.4,0.222020299523));
#11313 = CARTESIAN_POINT('',(2.183868996669E-02,0.39,0.222020299523));
#11314 = ADVANCED_FACE('',(#11315),#11321,.F.);
#11315 = FACE_BOUND('',#11316,.F.);
#11316 = EDGE_LOOP('',(#11317,#11318,#11319,#11320));
#11317 = ORIENTED_EDGE('',*,*,#11300,.F.);
#11318 = ORIENTED_EDGE('',*,*,#10662,.T.);
#11319 = ORIENTED_EDGE('',*,*,#10702,.T.);
#11320 = ORIENTED_EDGE('',*,*,#1153,.F.);
#11321 = B_SPLINE_SURFACE_WITH_KNOTS('',3,1,(
    (#11322,#11323)
    ,(#11324,#11325)
    ,(#11326,#11327)
    ,(#11328,#11329
    )),.UNSPECIFIED.,.F.,.F.,.F.,(4,4),(2,2),(34.,35.),(0.,1.),
  .PIECEWISE_BEZIER_KNOTS.);
#11322 = CARTESIAN_POINT('',(2.183868996669E-02,0.4,0.222020299523));
#11323 = CARTESIAN_POINT('',(2.183868996669E-02,0.39,0.222020299523));
#11324 = CARTESIAN_POINT('',(1.489794713502E-02,0.4,0.229539428398));
#11325 = CARTESIAN_POINT('',(1.489794713502E-02,0.39,0.229539428398));
#11326 = CARTESIAN_POINT('',(1.113838269794E-02,0.4,0.23937214557));
#11327 = CARTESIAN_POINT('',(1.113838269794E-02,0.39,0.23937214557));
#11328 = CARTESIAN_POINT('',(1.113838269794E-02,0.4,0.249494055764));
#11329 = CARTESIAN_POINT('',(1.113838269794E-02,0.39,0.249494055764));
#11330 = ADVANCED_FACE('',(#11331),#11358,.T.);
#11331 = FACE_BOUND('',#11332,.T.);
#11332 = EDGE_LOOP('',(#11333,#11347,#11352,#11353));
#11333 = ORIENTED_EDGE('',*,*,#11334,.F.);
#11334 = EDGE_CURVE('',#11335,#11337,#11339,.T.);
#11335 = VERTEX_POINT('',#11336);
#11336 = CARTESIAN_POINT('',(0.133179696585,0.39,0.207271212732));
#11337 = VERTEX_POINT('',#11338);
#11338 = CARTESIAN_POINT('',(0.133179696585,0.39,0.229828621419));
#11339 = B_SPLINE_CURVE_WITH_KNOTS('',3,(#11340,#11341,#11342,#11343,
    #11344,#11345,#11346),.UNSPECIFIED.,.F.,.F.,(4,3,4),(0.,1.,2.),
  .PIECEWISE_BEZIER_KNOTS.);
#11340 = CARTESIAN_POINT('',(0.133179696585,0.39,0.207271212732));
#11341 = CARTESIAN_POINT('',(0.126817356344,0.39,0.207271212732));
#11342 = CARTESIAN_POINT('',(0.121900997758,0.39,0.212476775372));
#11343 = CARTESIAN_POINT('',(0.121900997758,0.39,0.218549917076));
#11344 = CARTESIAN_POINT('',(0.121900997758,0.39,0.224912262832));
#11345 = CARTESIAN_POINT('',(0.127106549365,0.39,0.229828621419));
#11346 = CARTESIAN_POINT('',(0.133179696585,0.39,0.229828621419));
#11347 = ORIENTED_EDGE('',*,*,#11348,.F.);
#11348 = EDGE_CURVE('',#10672,#11335,#11349,.T.);
#11349 = B_SPLINE_CURVE_WITH_KNOTS('',1,(#11350,#11351),.UNSPECIFIED.,
  .F.,.F.,(2,2),(-0.,1.E-02),.PIECEWISE_BEZIER_KNOTS.);
#11350 = CARTESIAN_POINT('',(0.133179696585,0.4,0.207271212732));
#11351 = CARTESIAN_POINT('',(0.133179696585,0.39,0.207271212732));
#11352 = ORIENTED_EDGE('',*,*,#10671,.T.);
#11353 = ORIENTED_EDGE('',*,*,#11354,.T.);
#11354 = EDGE_CURVE('',#10674,#11337,#11355,.T.);
#11355 = B_SPLINE_CURVE_WITH_KNOTS('',1,(#11356,#11357),.UNSPECIFIED.,
  .F.,.F.,(2,2),(-0.,1.E-02),.PIECEWISE_BEZIER_KNOTS.);
#11356 = CARTESIAN_POINT('',(0.133179696585,0.4,0.229828621419));
#11357 = CARTESIAN_POINT('',(0.133179696585,0.39,0.229828621419));
#11358 = B_SPLINE_SURFACE_WITH_KNOTS('',3,1,(
    (#11359,#11360)
    ,(#11361,#11362)
    ,(#11363,#11364)
    ,(#11365,#11366)
    ,(#11367,#11368)
    ,(#11369,#11370)
    ,(#11371,#11372
  )),.UNSPECIFIED.,.F.,.F.,.F.,(4,3,4),(2,2),(0.,1.,2.),(0.,1.),
  .PIECEWISE_BEZIER_KNOTS.);
#11359 = CARTESIAN_POINT('',(0.133179696585,0.4,0.207271212732));
#11360 = CARTESIAN_POINT('',(0.133179696585,0.39,0.207271212732));
#11361 = CARTESIAN_POINT('',(0.126817356344,0.4,0.207271212732));
#11362 = CARTESIAN_POINT('',(0.126817356344,0.39,0.207271212732));
#11363 = CARTESIAN_POINT('',(0.121900997758,0.4,0.212476775372));
#11364 = CARTESIAN_POINT('',(0.121900997758,0.39,0.212476775372));
#11365 = CARTESIAN_POINT('',(0.121900997758,0.4,0.218549917076));
#11366 = CARTESIAN_POINT('',(0.121900997758,0.39,0.218549917076));
#11367 = CARTESIAN_POINT('',(0.121900997758,0.4,0.224912262832));
#11368 = CARTESIAN_POINT('',(0.121900997758,0.39,0.224912262832));
#11369 = CARTESIAN_POINT('',(0.127106549365,0.4,0.229828621419));
#11370 = CARTESIAN_POINT('',(0.127106549365,0.39,0.229828621419));
#11371 = CARTESIAN_POINT('',(0.133179696585,0.4,0.229828621419));
#11372 = CARTESIAN_POINT('',(0.133179696585,0.39,0.229828621419));
#11373 = ADVANCED_FACE('',(#11374),#11388,.T.);
#11374 = FACE_BOUND('',#11375,.T.);
#11375 = EDGE_LOOP('',(#11376,#11385,#11386,#11387));
#11376 = ORIENTED_EDGE('',*,*,#11377,.F.);
#11377 = EDGE_CURVE('',#11337,#11335,#11378,.T.);
#11378 = B_SPLINE_CURVE_WITH_KNOTS('',3,(#11379,#11380,#11381,#11382,
    #11383,#11384),.UNSPECIFIED.,.F.,.F.,(4,2,4),(2.,3.,4.),
  .UNSPECIFIED.);
#11379 = CARTESIAN_POINT('',(0.133179696585,0.39,0.229828621419));
#11380 = CARTESIAN_POINT('',(0.139252843804,0.39,0.229828621419));
#11381 = CARTESIAN_POINT('',(0.144458395412,0.39,0.224912262832));
#11382 = CARTESIAN_POINT('',(0.144458395412,0.39,0.212187571319));
#11383 = CARTESIAN_POINT('',(0.139252843804,0.39,0.207271212732));
#11384 = CARTESIAN_POINT('',(0.133179696585,0.39,0.207271212732));
#11385 = ORIENTED_EDGE('',*,*,#11354,.F.);
#11386 = ORIENTED_EDGE('',*,*,#10685,.T.);
#11387 = ORIENTED_EDGE('',*,*,#11348,.T.);
#11388 = B_SPLINE_SURFACE_WITH_KNOTS('',3,1,(
    (#11389,#11390)
    ,(#11391,#11392)
    ,(#11393,#11394)
    ,(#11395,#11396)
    ,(#11397,#11398)
    ,(#11399,#11400
  )),.UNSPECIFIED.,.F.,.F.,.F.,(4,2,4),(2,2),(2.,3.,4.),(0.,1.),
  .UNSPECIFIED.);
#11389 = CARTESIAN_POINT('',(0.133179696585,0.4,0.229828621419));
#11390 = CARTESIAN_POINT('',(0.133179696585,0.39,0.229828621419));
#11391 = CARTESIAN_POINT('',(0.139252843804,0.4,0.229828621419));
#11392 = CARTESIAN_POINT('',(0.139252843804,0.39,0.229828621419));
#11393 = CARTESIAN_POINT('',(0.144458395412,0.4,0.224912262832));
#11394 = CARTESIAN_POINT('',(0.144458395412,0.39,0.224912262832));
#11395 = CARTESIAN_POINT('',(0.144458395412,0.4,0.212187571319));
#11396 = CARTESIAN_POINT('',(0.144458395412,0.39,0.212187571319));
#11397 = CARTESIAN_POINT('',(0.139252843804,0.4,0.207271212732));
#11398 = CARTESIAN_POINT('',(0.139252843804,0.39,0.207271212732));
#11399 = CARTESIAN_POINT('',(0.133179696585,0.4,0.207271212732));
#11400 = CARTESIAN_POINT('',(0.133179696585,0.39,0.207271212732));
#11401 = ADVANCED_FACE('',(#11402),#11406,.T.);
#11402 = FACE_BOUND('',#11403,.T.);
#11403 = EDGE_LOOP('',(#11404,#11405));
#11404 = ORIENTED_EDGE('',*,*,#11334,.T.);
#11405 = ORIENTED_EDGE('',*,*,#11377,.T.);
#11406 = B_SPLINE_SURFACE_WITH_KNOTS('',1,1,(
    (#11407,#11408)
    ,(#11409,#11410
    )),.UNSPECIFIED.,.F.,.F.,.F.,(2,2),(2,2),(-0.282728887268,
    -0.260171478581),(0.871900997758,0.894458395412),
  .PIECEWISE_BEZIER_KNOTS.);
#11407 = CARTESIAN_POINT('',(0.121900997758,0.39,0.207271212732));
#11408 = CARTESIAN_POINT('',(0.144458395412,0.39,0.207271212732));
#11409 = CARTESIAN_POINT('',(0.121900997758,0.39,0.229828621419));
#11410 = CARTESIAN_POINT('',(0.144458395412,0.39,0.229828621419));
#11411 = ( GEOMETRIC_REPRESENTATION_CONTEXT(3) 
GLOBAL_UNCERTAINTY_ASSIGNED_CONTEXT((#11415)) 
GLOBAL_UNIT_ASSIGNED_CONTEXT((#11412,#11413,#11414)) 
REPRESENTATION_CONTEXT('Context #1',
  '3D Context with UNIT and UNCERTAINTY') );
#11412 = ( LENGTH_UNIT() NAMED_UNIT(*) SI_UNIT(.MILLI.,.METRE.) );
#11413 = ( NAMED_UNIT(*) PLANE_ANGLE_UNIT() SI_UNIT($,.RADIAN.) );
#11414 = ( NAMED_UNIT(*) SI_UNIT($,.STERADIAN.) SOLID_ANGLE_UNIT() );
#11415 = UNCERTAINTY_MEASURE_WITH_UNIT(LENGTH_MEASURE(2.E-04),#11412,
  'distance_accuracy_value','confusion accuracy');
#11416 = PRODUCT_RELATED_PRODUCT_CATEGORY('part',$,(#7));
#11417 = MECHANICAL_DESIGN_GEOMETRIC_PRESENTATION_REPRESENTATION('',(
    #11418,#11428,#11436,#11443,#11450,#11457,#11464,#11471,#11478,
    #11485,#11492,#11500,#11507,#11514,#11521,#11528,#11535,#11542,
    #11549,#11556,#11563,#11570,#11577,#11584,#11591,#11598,#11605,
    #11612,#11619,#11626,#11633,#11640,#11647,#11654,#11661,#11668,
    #11675,#11682,#11689,#11696,#11703,#11710,#11717,#11724,#11731,
    #11738,#11745,#11752,#11759,#11766,#11773,#11780,#11787,#11794,
    #11801,#11808,#11815,#11822,#11829,#11836,#11843,#11850,#11857,
    #11864,#11871,#11878,#11885,#11892,#11899,#11906,#11913,#11920,
    #11927,#11934,#11941,#11948,#11955,#11962,#11969,#11976,#11983,
    #11990,#11997,#12004,#12011,#12018,#12025,#12032,#12039,#12046,
    #12053,#12060,#12067,#12074,#12081,#12088,#12095,#12102,#12109,
    #12116,#12123,#12130,#12137,#12144,#12151,#12158,#12165,#12172,
    #12179,#12186,#12193,#12200,#12207,#12214,#12221,#12228,#12235,
    #12242,#12249,#12256,#12263,#12270,#12277,#12284,#12291,#12298,
    #12305,#12312,#12319,#12326,#12333,#12340,#12347,#12354,#12361,
    #12368,#12375,#12382,#12389,#12396,#12403,#12410,#12417,#12424,
    #12431,#12438,#12445,#12452,#12459,#12466,#12473,#12480,#12487,
    #12494,#12501,#12508,#12515,#12522,#12529,#12536,#12543,#12550,
    #12557,#12564,#12571,#12578,#12585,#12592,#12599,#12606,#12613,
    #12620,#12627,#12634,#12641,#12648,#12655,#12662,#12669,#12676,
    #12683,#12690,#12697,#12704,#12711,#12718,#12725,#12732,#12739,
    #12746,#12753,#12760,#12767,#12774,#12781,#12788,#12795,#12802,
    #12809,#12816,#12823,#12830,#12837,#12844,#12851,#12858,#12865,
    #12872,#12879,#12886,#12893,#12900,#12907,#12914,#12921,#12928,
    #12935,#12942,#12949,#12956,#12963,#12970,#12977,#12984,#12991,
    #12998,#13005,#13012,#13019,#13026,#13033,#13040,#13047,#13054,
    #13061,#13068,#13075,#13082,#13089,#13096,#13103,#13110,#13117,
    #13124,#13131,#13138,#13145,#13152,#13159,#13166,#13173,#13180,
    #13187,#13194,#13201,#13208,#13215,#13222,#13229,#13236,#13243,
    #13250,#13257,#13264,#13271,#13278,#13285,#13292,#13299,#13306,
    #13313,#13320,#13327,#13334,#13341,#13348,#13355,#13362,#13369,
    #13376,#13383),#11411);
#11418 = STYLED_ITEM('color',(#11419),#15);
#11419 = PRESENTATION_STYLE_ASSIGNMENT((#11420,#11426));
#11420 = SURFACE_STYLE_USAGE(.BOTH.,#11421);
#11421 = SURFACE_SIDE_STYLE('',(#11422));
#11422 = SURFACE_STYLE_FILL_AREA(#11423);
#11423 = FILL_AREA_STYLE('',(#11424));
#11424 = FILL_AREA_STYLE_COLOUR('',#11425);
#11425 = DRAUGHTING_PRE_DEFINED_COLOUR('white');
#11426 = CURVE_STYLE('',#11427,POSITIVE_LENGTH_MEASURE(0.1),#11425);
#11427 = DRAUGHTING_PRE_DEFINED_CURVE_FONT('continuous');
#11428 = OVER_RIDING_STYLED_ITEM('overriding color',(#11429),#17,#11418
  );
#11429 = PRESENTATION_STYLE_ASSIGNMENT((#11430));
#11430 = SURFACE_STYLE_USAGE(.BOTH.,#11431);
#11431 = SURFACE_SIDE_STYLE('',(#11432));
#11432 = SURFACE_STYLE_FILL_AREA(#11433);
#11433 = FILL_AREA_STYLE('',(#11434));
#11434 = FILL_AREA_STYLE_COLOUR('',#11435);
#11435 = COLOUR_RGB('',0.250980388104,0.250980388104,0.250980388104);
#11436 = OVER_RIDING_STYLED_ITEM('overriding color',(#11437),#1424,
  #11418);
#11437 = PRESENTATION_STYLE_ASSIGNMENT((#11438));
#11438 = SURFACE_STYLE_USAGE(.BOTH.,#11439);
#11439 = SURFACE_SIDE_STYLE('',(#11440));
#11440 = SURFACE_STYLE_FILL_AREA(#11441);
#11441 = FILL_AREA_STYLE('',(#11442));
#11442 = FILL_AREA_STYLE_COLOUR('',#11435);
#11443 = OVER_RIDING_STYLED_ITEM('overriding color',(#11444),#1454,
  #11418);
#11444 = PRESENTATION_STYLE_ASSIGNMENT((#11445));
#11445 = SURFACE_STYLE_USAGE(.BOTH.,#11446);
#11446 = SURFACE_SIDE_STYLE('',(#11447));
#11447 = SURFACE_STYLE_FILL_AREA(#11448);
#11448 = FILL_AREA_STYLE('',(#11449));
#11449 = FILL_AREA_STYLE_COLOUR('',#11435);
#11450 = OVER_RIDING_STYLED_ITEM('overriding color',(#11451),#1484,
  #11418);
#11451 = PRESENTATION_STYLE_ASSIGNMENT((#11452));
#11452 = SURFACE_STYLE_USAGE(.BOTH.,#11453);
#11453 = SURFACE_SIDE_STYLE('',(#11454));
#11454 = SURFACE_STYLE_FILL_AREA(#11455);
#11455 = FILL_AREA_STYLE('',(#11456));
#11456 = FILL_AREA_STYLE_COLOUR('',#11435);
#11457 = OVER_RIDING_STYLED_ITEM('overriding color',(#11458),#1514,
  #11418);
#11458 = PRESENTATION_STYLE_ASSIGNMENT((#11459));
#11459 = SURFACE_STYLE_USAGE(.BOTH.,#11460);
#11460 = SURFACE_SIDE_STYLE('',(#11461));
#11461 = SURFACE_STYLE_FILL_AREA(#11462);
#11462 = FILL_AREA_STYLE('',(#11463));
#11463 = FILL_AREA_STYLE_COLOUR('',#11435);
#11464 = OVER_RIDING_STYLED_ITEM('overriding color',(#11465),#1552,
  #11418);
#11465 = PRESENTATION_STYLE_ASSIGNMENT((#11466));
#11466 = SURFACE_STYLE_USAGE(.BOTH.,#11467);
#11467 = SURFACE_SIDE_STYLE('',(#11468));
#11468 = SURFACE_STYLE_FILL_AREA(#11469);
#11469 = FILL_AREA_STYLE('',(#11470));
#11470 = FILL_AREA_STYLE_COLOUR('',#11435);
#11471 = OVER_RIDING_STYLED_ITEM('overriding color',(#11472),#1582,
  #11418);
#11472 = PRESENTATION_STYLE_ASSIGNMENT((#11473));
#11473 = SURFACE_STYLE_USAGE(.BOTH.,#11474);
#11474 = SURFACE_SIDE_STYLE('',(#11475));
#11475 = SURFACE_STYLE_FILL_AREA(#11476);
#11476 = FILL_AREA_STYLE('',(#11477));
#11477 = FILL_AREA_STYLE_COLOUR('',#11435);
#11478 = OVER_RIDING_STYLED_ITEM('overriding color',(#11479),#1612,
  #11418);
#11479 = PRESENTATION_STYLE_ASSIGNMENT((#11480));
#11480 = SURFACE_STYLE_USAGE(.BOTH.,#11481);
#11481 = SURFACE_SIDE_STYLE('',(#11482));
#11482 = SURFACE_STYLE_FILL_AREA(#11483);
#11483 = FILL_AREA_STYLE('',(#11484));
#11484 = FILL_AREA_STYLE_COLOUR('',#11435);
#11485 = OVER_RIDING_STYLED_ITEM('overriding color',(#11486),#1642,
  #11418);
#11486 = PRESENTATION_STYLE_ASSIGNMENT((#11487));
#11487 = SURFACE_STYLE_USAGE(.BOTH.,#11488);
#11488 = SURFACE_SIDE_STYLE('',(#11489));
#11489 = SURFACE_STYLE_FILL_AREA(#11490);
#11490 = FILL_AREA_STYLE('',(#11491));
#11491 = FILL_AREA_STYLE_COLOUR('',#11435);
#11492 = OVER_RIDING_STYLED_ITEM('overriding color',(#11493),#2115,
  #11418);
#11493 = PRESENTATION_STYLE_ASSIGNMENT((#11494));
#11494 = SURFACE_STYLE_USAGE(.BOTH.,#11495);
#11495 = SURFACE_SIDE_STYLE('',(#11496));
#11496 = SURFACE_STYLE_FILL_AREA(#11497);
#11497 = FILL_AREA_STYLE('',(#11498));
#11498 = FILL_AREA_STYLE_COLOUR('',#11499);
#11499 = COLOUR_RGB('',0.854901964685,0.854901964685,0.854901964685);
#11500 = OVER_RIDING_STYLED_ITEM('overriding color',(#11501),#2202,
  #11418);
#11501 = PRESENTATION_STYLE_ASSIGNMENT((#11502));
#11502 = SURFACE_STYLE_USAGE(.BOTH.,#11503);
#11503 = SURFACE_SIDE_STYLE('',(#11504));
#11504 = SURFACE_STYLE_FILL_AREA(#11505);
#11505 = FILL_AREA_STYLE('',(#11506));
#11506 = FILL_AREA_STYLE_COLOUR('',#11435);
#11507 = OVER_RIDING_STYLED_ITEM('overriding color',(#11508),#2240,
  #11418);
#11508 = PRESENTATION_STYLE_ASSIGNMENT((#11509));
#11509 = SURFACE_STYLE_USAGE(.BOTH.,#11510);
#11510 = SURFACE_SIDE_STYLE('',(#11511));
#11511 = SURFACE_STYLE_FILL_AREA(#11512);
#11512 = FILL_AREA_STYLE('',(#11513));
#11513 = FILL_AREA_STYLE_COLOUR('',#11499);
#11514 = OVER_RIDING_STYLED_ITEM('overriding color',(#11515),#2277,
  #11418);
#11515 = PRESENTATION_STYLE_ASSIGNMENT((#11516));
#11516 = SURFACE_STYLE_USAGE(.BOTH.,#11517);
#11517 = SURFACE_SIDE_STYLE('',(#11518));
#11518 = SURFACE_STYLE_FILL_AREA(#11519);
#11519 = FILL_AREA_STYLE('',(#11520));
#11520 = FILL_AREA_STYLE_COLOUR('',#11499);
#11521 = OVER_RIDING_STYLED_ITEM('overriding color',(#11522),#2380,
  #11418);
#11522 = PRESENTATION_STYLE_ASSIGNMENT((#11523));
#11523 = SURFACE_STYLE_USAGE(.BOTH.,#11524);
#11524 = SURFACE_SIDE_STYLE('',(#11525));
#11525 = SURFACE_STYLE_FILL_AREA(#11526);
#11526 = FILL_AREA_STYLE('',(#11527));
#11527 = FILL_AREA_STYLE_COLOUR('',#11499);
#11528 = OVER_RIDING_STYLED_ITEM('overriding color',(#11529),#2408,
  #11418);
#11529 = PRESENTATION_STYLE_ASSIGNMENT((#11530));
#11530 = SURFACE_STYLE_USAGE(.BOTH.,#11531);
#11531 = SURFACE_SIDE_STYLE('',(#11532));
#11532 = SURFACE_STYLE_FILL_AREA(#11533);
#11533 = FILL_AREA_STYLE('',(#11534));
#11534 = FILL_AREA_STYLE_COLOUR('',#11499);
#11535 = OVER_RIDING_STYLED_ITEM('overriding color',(#11536),#2455,
  #11418);
#11536 = PRESENTATION_STYLE_ASSIGNMENT((#11537));
#11537 = SURFACE_STYLE_USAGE(.BOTH.,#11538);
#11538 = SURFACE_SIDE_STYLE('',(#11539));
#11539 = SURFACE_STYLE_FILL_AREA(#11540);
#11540 = FILL_AREA_STYLE('',(#11541));
#11541 = FILL_AREA_STYLE_COLOUR('',#11499);
#11542 = OVER_RIDING_STYLED_ITEM('overriding color',(#11543),#2484,
  #11418);
#11543 = PRESENTATION_STYLE_ASSIGNMENT((#11544));
#11544 = SURFACE_STYLE_USAGE(.BOTH.,#11545);
#11545 = SURFACE_SIDE_STYLE('',(#11546));
#11546 = SURFACE_STYLE_FILL_AREA(#11547);
#11547 = FILL_AREA_STYLE('',(#11548));
#11548 = FILL_AREA_STYLE_COLOUR('',#11499);
#11549 = OVER_RIDING_STYLED_ITEM('overriding color',(#11550),#2523,
  #11418);
#11550 = PRESENTATION_STYLE_ASSIGNMENT((#11551));
#11551 = SURFACE_STYLE_USAGE(.BOTH.,#11552);
#11552 = SURFACE_SIDE_STYLE('',(#11553));
#11553 = SURFACE_STYLE_FILL_AREA(#11554);
#11554 = FILL_AREA_STYLE('',(#11555));
#11555 = FILL_AREA_STYLE_COLOUR('',#11499);
#11556 = OVER_RIDING_STYLED_ITEM('overriding color',(#11557),#2545,
  #11418);
#11557 = PRESENTATION_STYLE_ASSIGNMENT((#11558));
#11558 = SURFACE_STYLE_USAGE(.BOTH.,#11559);
#11559 = SURFACE_SIDE_STYLE('',(#11560));
#11560 = SURFACE_STYLE_FILL_AREA(#11561);
#11561 = FILL_AREA_STYLE('',(#11562));
#11562 = FILL_AREA_STYLE_COLOUR('',#11499);
#11563 = OVER_RIDING_STYLED_ITEM('overriding color',(#11564),#2578,
  #11418);
#11564 = PRESENTATION_STYLE_ASSIGNMENT((#11565));
#11565 = SURFACE_STYLE_USAGE(.BOTH.,#11566);
#11566 = SURFACE_SIDE_STYLE('',(#11567));
#11567 = SURFACE_STYLE_FILL_AREA(#11568);
#11568 = FILL_AREA_STYLE('',(#11569));
#11569 = FILL_AREA_STYLE_COLOUR('',#11435);
#11570 = OVER_RIDING_STYLED_ITEM('overriding color',(#11571),#2594,
  #11418);
#11571 = PRESENTATION_STYLE_ASSIGNMENT((#11572));
#11572 = SURFACE_STYLE_USAGE(.BOTH.,#11573);
#11573 = SURFACE_SIDE_STYLE('',(#11574));
#11574 = SURFACE_STYLE_FILL_AREA(#11575);
#11575 = FILL_AREA_STYLE('',(#11576));
#11576 = FILL_AREA_STYLE_COLOUR('',#11435);
#11577 = OVER_RIDING_STYLED_ITEM('overriding color',(#11578),#2616,
  #11418);
#11578 = PRESENTATION_STYLE_ASSIGNMENT((#11579));
#11579 = SURFACE_STYLE_USAGE(.BOTH.,#11580);
#11580 = SURFACE_SIDE_STYLE('',(#11581));
#11581 = SURFACE_STYLE_FILL_AREA(#11582);
#11582 = FILL_AREA_STYLE('',(#11583));
#11583 = FILL_AREA_STYLE_COLOUR('',#11499);
#11584 = OVER_RIDING_STYLED_ITEM('overriding color',(#11585),#2674,
  #11418);
#11585 = PRESENTATION_STYLE_ASSIGNMENT((#11586));
#11586 = SURFACE_STYLE_USAGE(.BOTH.,#11587);
#11587 = SURFACE_SIDE_STYLE('',(#11588));
#11588 = SURFACE_STYLE_FILL_AREA(#11589);
#11589 = FILL_AREA_STYLE('',(#11590));
#11590 = FILL_AREA_STYLE_COLOUR('',#11499);
#11591 = OVER_RIDING_STYLED_ITEM('overriding color',(#11592),#2761,
  #11418);
#11592 = PRESENTATION_STYLE_ASSIGNMENT((#11593));
#11593 = SURFACE_STYLE_USAGE(.BOTH.,#11594);
#11594 = SURFACE_SIDE_STYLE('',(#11595));
#11595 = SURFACE_STYLE_FILL_AREA(#11596);
#11596 = FILL_AREA_STYLE('',(#11597));
#11597 = FILL_AREA_STYLE_COLOUR('',#11499);
#11598 = OVER_RIDING_STYLED_ITEM('overriding color',(#11599),#2790,
  #11418);
#11599 = PRESENTATION_STYLE_ASSIGNMENT((#11600));
#11600 = SURFACE_STYLE_USAGE(.BOTH.,#11601);
#11601 = SURFACE_SIDE_STYLE('',(#11602));
#11602 = SURFACE_STYLE_FILL_AREA(#11603);
#11603 = FILL_AREA_STYLE('',(#11604));
#11604 = FILL_AREA_STYLE_COLOUR('',#11499);
#11605 = OVER_RIDING_STYLED_ITEM('overriding color',(#11606),#2829,
  #11418);
#11606 = PRESENTATION_STYLE_ASSIGNMENT((#11607));
#11607 = SURFACE_STYLE_USAGE(.BOTH.,#11608);
#11608 = SURFACE_SIDE_STYLE('',(#11609));
#11609 = SURFACE_STYLE_FILL_AREA(#11610);
#11610 = FILL_AREA_STYLE('',(#11611));
#11611 = FILL_AREA_STYLE_COLOUR('',#11499);
#11612 = OVER_RIDING_STYLED_ITEM('overriding color',(#11613),#2905,
  #11418);
#11613 = PRESENTATION_STYLE_ASSIGNMENT((#11614));
#11614 = SURFACE_STYLE_USAGE(.BOTH.,#11615);
#11615 = SURFACE_SIDE_STYLE('',(#11616));
#11616 = SURFACE_STYLE_FILL_AREA(#11617);
#11617 = FILL_AREA_STYLE('',(#11618));
#11618 = FILL_AREA_STYLE_COLOUR('',#11499);
#11619 = OVER_RIDING_STYLED_ITEM('overriding color',(#11620),#2927,
  #11418);
#11620 = PRESENTATION_STYLE_ASSIGNMENT((#11621));
#11621 = SURFACE_STYLE_USAGE(.BOTH.,#11622);
#11622 = SURFACE_SIDE_STYLE('',(#11623));
#11623 = SURFACE_STYLE_FILL_AREA(#11624);
#11624 = FILL_AREA_STYLE('',(#11625));
#11625 = FILL_AREA_STYLE_COLOUR('',#11499);
#11626 = OVER_RIDING_STYLED_ITEM('overriding color',(#11627),#2968,
  #11418);
#11627 = PRESENTATION_STYLE_ASSIGNMENT((#11628));
#11628 = SURFACE_STYLE_USAGE(.BOTH.,#11629);
#11629 = SURFACE_SIDE_STYLE('',(#11630));
#11630 = SURFACE_STYLE_FILL_AREA(#11631);
#11631 = FILL_AREA_STYLE('',(#11632));
#11632 = FILL_AREA_STYLE_COLOUR('',#11499);
#11633 = OVER_RIDING_STYLED_ITEM('overriding color',(#11634),#2997,
  #11418);
#11634 = PRESENTATION_STYLE_ASSIGNMENT((#11635));
#11635 = SURFACE_STYLE_USAGE(.BOTH.,#11636);
#11636 = SURFACE_SIDE_STYLE('',(#11637));
#11637 = SURFACE_STYLE_FILL_AREA(#11638);
#11638 = FILL_AREA_STYLE('',(#11639));
#11639 = FILL_AREA_STYLE_COLOUR('',#11499);
#11640 = OVER_RIDING_STYLED_ITEM('overriding color',(#11641),#3019,
  #11418);
#11641 = PRESENTATION_STYLE_ASSIGNMENT((#11642));
#11642 = SURFACE_STYLE_USAGE(.BOTH.,#11643);
#11643 = SURFACE_SIDE_STYLE('',(#11644));
#11644 = SURFACE_STYLE_FILL_AREA(#11645);
#11645 = FILL_AREA_STYLE('',(#11646));
#11646 = FILL_AREA_STYLE_COLOUR('',#11499);
#11647 = OVER_RIDING_STYLED_ITEM('overriding color',(#11648),#3055,
  #11418);
#11648 = PRESENTATION_STYLE_ASSIGNMENT((#11649));
#11649 = SURFACE_STYLE_USAGE(.BOTH.,#11650);
#11650 = SURFACE_SIDE_STYLE('',(#11651));
#11651 = SURFACE_STYLE_FILL_AREA(#11652);
#11652 = FILL_AREA_STYLE('',(#11653));
#11653 = FILL_AREA_STYLE_COLOUR('',#11499);
#11654 = OVER_RIDING_STYLED_ITEM('overriding color',(#11655),#3079,
  #11418);
#11655 = PRESENTATION_STYLE_ASSIGNMENT((#11656));
#11656 = SURFACE_STYLE_USAGE(.BOTH.,#11657);
#11657 = SURFACE_SIDE_STYLE('',(#11658));
#11658 = SURFACE_STYLE_FILL_AREA(#11659);
#11659 = FILL_AREA_STYLE('',(#11660));
#11660 = FILL_AREA_STYLE_COLOUR('',#11499);
#11661 = OVER_RIDING_STYLED_ITEM('overriding color',(#11662),#3112,
  #11418);
#11662 = PRESENTATION_STYLE_ASSIGNMENT((#11663));
#11663 = SURFACE_STYLE_USAGE(.BOTH.,#11664);
#11664 = SURFACE_SIDE_STYLE('',(#11665));
#11665 = SURFACE_STYLE_FILL_AREA(#11666);
#11666 = FILL_AREA_STYLE('',(#11667));
#11667 = FILL_AREA_STYLE_COLOUR('',#11499);
#11668 = OVER_RIDING_STYLED_ITEM('overriding color',(#11669),#3133,
  #11418);
#11669 = PRESENTATION_STYLE_ASSIGNMENT((#11670));
#11670 = SURFACE_STYLE_USAGE(.BOTH.,#11671);
#11671 = SURFACE_SIDE_STYLE('',(#11672));
#11672 = SURFACE_STYLE_FILL_AREA(#11673);
#11673 = FILL_AREA_STYLE('',(#11674));
#11674 = FILL_AREA_STYLE_COLOUR('',#11499);
#11675 = OVER_RIDING_STYLED_ITEM('overriding color',(#11676),#3154,
  #11418);
#11676 = PRESENTATION_STYLE_ASSIGNMENT((#11677));
#11677 = SURFACE_STYLE_USAGE(.BOTH.,#11678);
#11678 = SURFACE_SIDE_STYLE('',(#11679));
#11679 = SURFACE_STYLE_FILL_AREA(#11680);
#11680 = FILL_AREA_STYLE('',(#11681));
#11681 = FILL_AREA_STYLE_COLOUR('',#11499);
#11682 = OVER_RIDING_STYLED_ITEM('overriding color',(#11683),#3173,
  #11418);
#11683 = PRESENTATION_STYLE_ASSIGNMENT((#11684));
#11684 = SURFACE_STYLE_USAGE(.BOTH.,#11685);
#11685 = SURFACE_SIDE_STYLE('',(#11686));
#11686 = SURFACE_STYLE_FILL_AREA(#11687);
#11687 = FILL_AREA_STYLE('',(#11688));
#11688 = FILL_AREA_STYLE_COLOUR('',#11499);
#11689 = OVER_RIDING_STYLED_ITEM('overriding color',(#11690),#3192,
  #11418);
#11690 = PRESENTATION_STYLE_ASSIGNMENT((#11691));
#11691 = SURFACE_STYLE_USAGE(.BOTH.,#11692);
#11692 = SURFACE_SIDE_STYLE('',(#11693));
#11693 = SURFACE_STYLE_FILL_AREA(#11694);
#11694 = FILL_AREA_STYLE('',(#11695));
#11695 = FILL_AREA_STYLE_COLOUR('',#11499);
#11696 = OVER_RIDING_STYLED_ITEM('overriding color',(#11697),#3213,
  #11418);
#11697 = PRESENTATION_STYLE_ASSIGNMENT((#11698));
#11698 = SURFACE_STYLE_USAGE(.BOTH.,#11699);
#11699 = SURFACE_SIDE_STYLE('',(#11700));
#11700 = SURFACE_STYLE_FILL_AREA(#11701);
#11701 = FILL_AREA_STYLE('',(#11702));
#11702 = FILL_AREA_STYLE_COLOUR('',#11499);
#11703 = OVER_RIDING_STYLED_ITEM('overriding color',(#11704),#3234,
  #11418);
#11704 = PRESENTATION_STYLE_ASSIGNMENT((#11705));
#11705 = SURFACE_STYLE_USAGE(.BOTH.,#11706);
#11706 = SURFACE_SIDE_STYLE('',(#11707));
#11707 = SURFACE_STYLE_FILL_AREA(#11708);
#11708 = FILL_AREA_STYLE('',(#11709));
#11709 = FILL_AREA_STYLE_COLOUR('',#11499);
#11710 = OVER_RIDING_STYLED_ITEM('overriding color',(#11711),#5220,
  #11418);
#11711 = PRESENTATION_STYLE_ASSIGNMENT((#11712));
#11712 = SURFACE_STYLE_USAGE(.BOTH.,#11713);
#11713 = SURFACE_SIDE_STYLE('',(#11714));
#11714 = SURFACE_STYLE_FILL_AREA(#11715);
#11715 = FILL_AREA_STYLE('',(#11716));
#11716 = FILL_AREA_STYLE_COLOUR('',#11435);
#11717 = OVER_RIDING_STYLED_ITEM('overriding color',(#11718),#5234,
  #11418);
#11718 = PRESENTATION_STYLE_ASSIGNMENT((#11719));
#11719 = SURFACE_STYLE_USAGE(.BOTH.,#11720);
#11720 = SURFACE_SIDE_STYLE('',(#11721));
#11721 = SURFACE_STYLE_FILL_AREA(#11722);
#11722 = FILL_AREA_STYLE('',(#11723));
#11723 = FILL_AREA_STYLE_COLOUR('',#11435);
#11724 = OVER_RIDING_STYLED_ITEM('overriding color',(#11725),#5247,
  #11418);
#11725 = PRESENTATION_STYLE_ASSIGNMENT((#11726));
#11726 = SURFACE_STYLE_USAGE(.BOTH.,#11727);
#11727 = SURFACE_SIDE_STYLE('',(#11728));
#11728 = SURFACE_STYLE_FILL_AREA(#11729);
#11729 = FILL_AREA_STYLE('',(#11730));
#11730 = FILL_AREA_STYLE_COLOUR('',#11499);
#11731 = OVER_RIDING_STYLED_ITEM('overriding color',(#11732),#5283,
  #11418);
#11732 = PRESENTATION_STYLE_ASSIGNMENT((#11733));
#11733 = SURFACE_STYLE_USAGE(.BOTH.,#11734);
#11734 = SURFACE_SIDE_STYLE('',(#11735));
#11735 = SURFACE_STYLE_FILL_AREA(#11736);
#11736 = FILL_AREA_STYLE('',(#11737));
#11737 = FILL_AREA_STYLE_COLOUR('',#11499);
#11738 = OVER_RIDING_STYLED_ITEM('overriding color',(#11739),#5316,
  #11418);
#11739 = PRESENTATION_STYLE_ASSIGNMENT((#11740));
#11740 = SURFACE_STYLE_USAGE(.BOTH.,#11741);
#11741 = SURFACE_SIDE_STYLE('',(#11742));
#11742 = SURFACE_STYLE_FILL_AREA(#11743);
#11743 = FILL_AREA_STYLE('',(#11744));
#11744 = FILL_AREA_STYLE_COLOUR('',#11499);
#11745 = OVER_RIDING_STYLED_ITEM('overriding color',(#11746),#5340,
  #11418);
#11746 = PRESENTATION_STYLE_ASSIGNMENT((#11747));
#11747 = SURFACE_STYLE_USAGE(.BOTH.,#11748);
#11748 = SURFACE_SIDE_STYLE('',(#11749));
#11749 = SURFACE_STYLE_FILL_AREA(#11750);
#11750 = FILL_AREA_STYLE('',(#11751));
#11751 = FILL_AREA_STYLE_COLOUR('',#11499);
#11752 = OVER_RIDING_STYLED_ITEM('overriding color',(#11753),#5367,
  #11418);
#11753 = PRESENTATION_STYLE_ASSIGNMENT((#11754));
#11754 = SURFACE_STYLE_USAGE(.BOTH.,#11755);
#11755 = SURFACE_SIDE_STYLE('',(#11756));
#11756 = SURFACE_STYLE_FILL_AREA(#11757);
#11757 = FILL_AREA_STYLE('',(#11758));
#11758 = FILL_AREA_STYLE_COLOUR('',#11499);
#11759 = OVER_RIDING_STYLED_ITEM('overriding color',(#11760),#5388,
  #11418);
#11760 = PRESENTATION_STYLE_ASSIGNMENT((#11761));
#11761 = SURFACE_STYLE_USAGE(.BOTH.,#11762);
#11762 = SURFACE_SIDE_STYLE('',(#11763));
#11763 = SURFACE_STYLE_FILL_AREA(#11764);
#11764 = FILL_AREA_STYLE('',(#11765));
#11765 = FILL_AREA_STYLE_COLOUR('',#11499);
#11766 = OVER_RIDING_STYLED_ITEM('overriding color',(#11767),#5407,
  #11418);
#11767 = PRESENTATION_STYLE_ASSIGNMENT((#11768));
#11768 = SURFACE_STYLE_USAGE(.BOTH.,#11769);
#11769 = SURFACE_SIDE_STYLE('',(#11770));
#11770 = SURFACE_STYLE_FILL_AREA(#11771);
#11771 = FILL_AREA_STYLE('',(#11772));
#11772 = FILL_AREA_STYLE_COLOUR('',#11499);
#11773 = OVER_RIDING_STYLED_ITEM('overriding color',(#11774),#5426,
  #11418);
#11774 = PRESENTATION_STYLE_ASSIGNMENT((#11775));
#11775 = SURFACE_STYLE_USAGE(.BOTH.,#11776);
#11776 = SURFACE_SIDE_STYLE('',(#11777));
#11777 = SURFACE_STYLE_FILL_AREA(#11778);
#11778 = FILL_AREA_STYLE('',(#11779));
#11779 = FILL_AREA_STYLE_COLOUR('',#11499);
#11780 = OVER_RIDING_STYLED_ITEM('overriding color',(#11781),#5453,
  #11418);
#11781 = PRESENTATION_STYLE_ASSIGNMENT((#11782));
#11782 = SURFACE_STYLE_USAGE(.BOTH.,#11783);
#11783 = SURFACE_SIDE_STYLE('',(#11784));
#11784 = SURFACE_STYLE_FILL_AREA(#11785);
#11785 = FILL_AREA_STYLE('',(#11786));
#11786 = FILL_AREA_STYLE_COLOUR('',#11499);
#11787 = OVER_RIDING_STYLED_ITEM('overriding color',(#11788),#5474,
  #11418);
#11788 = PRESENTATION_STYLE_ASSIGNMENT((#11789));
#11789 = SURFACE_STYLE_USAGE(.BOTH.,#11790);
#11790 = SURFACE_SIDE_STYLE('',(#11791));
#11791 = SURFACE_STYLE_FILL_AREA(#11792);
#11792 = FILL_AREA_STYLE('',(#11793));
#11793 = FILL_AREA_STYLE_COLOUR('',#11499);
#11794 = OVER_RIDING_STYLED_ITEM('overriding color',(#11795),#5564,
  #11418);
#11795 = PRESENTATION_STYLE_ASSIGNMENT((#11796));
#11796 = SURFACE_STYLE_USAGE(.BOTH.,#11797);
#11797 = SURFACE_SIDE_STYLE('',(#11798));
#11798 = SURFACE_STYLE_FILL_AREA(#11799);
#11799 = FILL_AREA_STYLE('',(#11800));
#11800 = FILL_AREA_STYLE_COLOUR('',#11435);
#11801 = OVER_RIDING_STYLED_ITEM('overriding color',(#11802),#5580,
  #11418);
#11802 = PRESENTATION_STYLE_ASSIGNMENT((#11803));
#11803 = SURFACE_STYLE_USAGE(.BOTH.,#11804);
#11804 = SURFACE_SIDE_STYLE('',(#11805));
#11805 = SURFACE_STYLE_FILL_AREA(#11806);
#11806 = FILL_AREA_STYLE('',(#11807));
#11807 = FILL_AREA_STYLE_COLOUR('',#11435);
#11808 = OVER_RIDING_STYLED_ITEM('overriding color',(#11809),#5596,
  #11418);
#11809 = PRESENTATION_STYLE_ASSIGNMENT((#11810));
#11810 = SURFACE_STYLE_USAGE(.BOTH.,#11811);
#11811 = SURFACE_SIDE_STYLE('',(#11812));
#11812 = SURFACE_STYLE_FILL_AREA(#11813);
#11813 = FILL_AREA_STYLE('',(#11814));
#11814 = FILL_AREA_STYLE_COLOUR('',#11435);
#11815 = OVER_RIDING_STYLED_ITEM('overriding color',(#11816),#5612,
  #11418);
#11816 = PRESENTATION_STYLE_ASSIGNMENT((#11817));
#11817 = SURFACE_STYLE_USAGE(.BOTH.,#11818);
#11818 = SURFACE_SIDE_STYLE('',(#11819));
#11819 = SURFACE_STYLE_FILL_AREA(#11820);
#11820 = FILL_AREA_STYLE('',(#11821));
#11821 = FILL_AREA_STYLE_COLOUR('',#11435);
#11822 = OVER_RIDING_STYLED_ITEM('overriding color',(#11823),#5628,
  #11418);
#11823 = PRESENTATION_STYLE_ASSIGNMENT((#11824));
#11824 = SURFACE_STYLE_USAGE(.BOTH.,#11825);
#11825 = SURFACE_SIDE_STYLE('',(#11826));
#11826 = SURFACE_STYLE_FILL_AREA(#11827);
#11827 = FILL_AREA_STYLE('',(#11828));
#11828 = FILL_AREA_STYLE_COLOUR('',#11425);
#11829 = OVER_RIDING_STYLED_ITEM('overriding color',(#11830),#5656,
  #11418);
#11830 = PRESENTATION_STYLE_ASSIGNMENT((#11831));
#11831 = SURFACE_STYLE_USAGE(.BOTH.,#11832);
#11832 = SURFACE_SIDE_STYLE('',(#11833));
#11833 = SURFACE_STYLE_FILL_AREA(#11834);
#11834 = FILL_AREA_STYLE('',(#11835));
#11835 = FILL_AREA_STYLE_COLOUR('',#11425);
#11836 = OVER_RIDING_STYLED_ITEM('overriding color',(#11837),#5678,
  #11418);
#11837 = PRESENTATION_STYLE_ASSIGNMENT((#11838));
#11838 = SURFACE_STYLE_USAGE(.BOTH.,#11839);
#11839 = SURFACE_SIDE_STYLE('',(#11840));
#11840 = SURFACE_STYLE_FILL_AREA(#11841);
#11841 = FILL_AREA_STYLE('',(#11842));
#11842 = FILL_AREA_STYLE_COLOUR('',#11425);
#11843 = OVER_RIDING_STYLED_ITEM('overriding color',(#11844),#5700,
  #11418);
#11844 = PRESENTATION_STYLE_ASSIGNMENT((#11845));
#11845 = SURFACE_STYLE_USAGE(.BOTH.,#11846);
#11846 = SURFACE_SIDE_STYLE('',(#11847));
#11847 = SURFACE_STYLE_FILL_AREA(#11848);
#11848 = FILL_AREA_STYLE('',(#11849));
#11849 = FILL_AREA_STYLE_COLOUR('',#11425);
#11850 = OVER_RIDING_STYLED_ITEM('overriding color',(#11851),#5722,
  #11418);
#11851 = PRESENTATION_STYLE_ASSIGNMENT((#11852));
#11852 = SURFACE_STYLE_USAGE(.BOTH.,#11853);
#11853 = SURFACE_SIDE_STYLE('',(#11854));
#11854 = SURFACE_STYLE_FILL_AREA(#11855);
#11855 = FILL_AREA_STYLE('',(#11856));
#11856 = FILL_AREA_STYLE_COLOUR('',#11425);
#11857 = OVER_RIDING_STYLED_ITEM('overriding color',(#11858),#5744,
  #11418);
#11858 = PRESENTATION_STYLE_ASSIGNMENT((#11859));
#11859 = SURFACE_STYLE_USAGE(.BOTH.,#11860);
#11860 = SURFACE_SIDE_STYLE('',(#11861));
#11861 = SURFACE_STYLE_FILL_AREA(#11862);
#11862 = FILL_AREA_STYLE('',(#11863));
#11863 = FILL_AREA_STYLE_COLOUR('',#11425);
#11864 = OVER_RIDING_STYLED_ITEM('overriding color',(#11865),#5760,
  #11418);
#11865 = PRESENTATION_STYLE_ASSIGNMENT((#11866));
#11866 = SURFACE_STYLE_USAGE(.BOTH.,#11867);
#11867 = SURFACE_SIDE_STYLE('',(#11868));
#11868 = SURFACE_STYLE_FILL_AREA(#11869);
#11869 = FILL_AREA_STYLE('',(#11870));
#11870 = FILL_AREA_STYLE_COLOUR('',#11425);
#11871 = OVER_RIDING_STYLED_ITEM('overriding color',(#11872),#5774,
  #11418);
#11872 = PRESENTATION_STYLE_ASSIGNMENT((#11873));
#11873 = SURFACE_STYLE_USAGE(.BOTH.,#11874);
#11874 = SURFACE_SIDE_STYLE('',(#11875));
#11875 = SURFACE_STYLE_FILL_AREA(#11876);
#11876 = FILL_AREA_STYLE('',(#11877));
#11877 = FILL_AREA_STYLE_COLOUR('',#11425);
#11878 = OVER_RIDING_STYLED_ITEM('overriding color',(#11879),#5808,
  #11418);
#11879 = PRESENTATION_STYLE_ASSIGNMENT((#11880));
#11880 = SURFACE_STYLE_USAGE(.BOTH.,#11881);
#11881 = SURFACE_SIDE_STYLE('',(#11882));
#11882 = SURFACE_STYLE_FILL_AREA(#11883);
#11883 = FILL_AREA_STYLE('',(#11884));
#11884 = FILL_AREA_STYLE_COLOUR('',#11425);
#11885 = OVER_RIDING_STYLED_ITEM('overriding color',(#11886),#5830,
  #11418);
#11886 = PRESENTATION_STYLE_ASSIGNMENT((#11887));
#11887 = SURFACE_STYLE_USAGE(.BOTH.,#11888);
#11888 = SURFACE_SIDE_STYLE('',(#11889));
#11889 = SURFACE_STYLE_FILL_AREA(#11890);
#11890 = FILL_AREA_STYLE('',(#11891));
#11891 = FILL_AREA_STYLE_COLOUR('',#11425);
#11892 = OVER_RIDING_STYLED_ITEM('overriding color',(#11893),#5858,
  #11418);
#11893 = PRESENTATION_STYLE_ASSIGNMENT((#11894));
#11894 = SURFACE_STYLE_USAGE(.BOTH.,#11895);
#11895 = SURFACE_SIDE_STYLE('',(#11896));
#11896 = SURFACE_STYLE_FILL_AREA(#11897);
#11897 = FILL_AREA_STYLE('',(#11898));
#11898 = FILL_AREA_STYLE_COLOUR('',#11425);
#11899 = OVER_RIDING_STYLED_ITEM('overriding color',(#11900),#5886,
  #11418);
#11900 = PRESENTATION_STYLE_ASSIGNMENT((#11901));
#11901 = SURFACE_STYLE_USAGE(.BOTH.,#11902);
#11902 = SURFACE_SIDE_STYLE('',(#11903));
#11903 = SURFACE_STYLE_FILL_AREA(#11904);
#11904 = FILL_AREA_STYLE('',(#11905));
#11905 = FILL_AREA_STYLE_COLOUR('',#11425);
#11906 = OVER_RIDING_STYLED_ITEM('overriding color',(#11907),#5914,
  #11418);
#11907 = PRESENTATION_STYLE_ASSIGNMENT((#11908));
#11908 = SURFACE_STYLE_USAGE(.BOTH.,#11909);
#11909 = SURFACE_SIDE_STYLE('',(#11910));
#11910 = SURFACE_STYLE_FILL_AREA(#11911);
#11911 = FILL_AREA_STYLE('',(#11912));
#11912 = FILL_AREA_STYLE_COLOUR('',#11425);
#11913 = OVER_RIDING_STYLED_ITEM('overriding color',(#11914),#5942,
  #11418);
#11914 = PRESENTATION_STYLE_ASSIGNMENT((#11915));
#11915 = SURFACE_STYLE_USAGE(.BOTH.,#11916);
#11916 = SURFACE_SIDE_STYLE('',(#11917));
#11917 = SURFACE_STYLE_FILL_AREA(#11918);
#11918 = FILL_AREA_STYLE('',(#11919));
#11919 = FILL_AREA_STYLE_COLOUR('',#11425);
#11920 = OVER_RIDING_STYLED_ITEM('overriding color',(#11921),#5970,
  #11418);
#11921 = PRESENTATION_STYLE_ASSIGNMENT((#11922));
#11922 = SURFACE_STYLE_USAGE(.BOTH.,#11923);
#11923 = SURFACE_SIDE_STYLE('',(#11924));
#11924 = SURFACE_STYLE_FILL_AREA(#11925);
#11925 = FILL_AREA_STYLE('',(#11926));
#11926 = FILL_AREA_STYLE_COLOUR('',#11425);
#11927 = OVER_RIDING_STYLED_ITEM('overriding color',(#11928),#5998,
  #11418);
#11928 = PRESENTATION_STYLE_ASSIGNMENT((#11929));
#11929 = SURFACE_STYLE_USAGE(.BOTH.,#11930);
#11930 = SURFACE_SIDE_STYLE('',(#11931));
#11931 = SURFACE_STYLE_FILL_AREA(#11932);
#11932 = FILL_AREA_STYLE('',(#11933));
#11933 = FILL_AREA_STYLE_COLOUR('',#11425);
#11934 = OVER_RIDING_STYLED_ITEM('overriding color',(#11935),#6020,
  #11418);
#11935 = PRESENTATION_STYLE_ASSIGNMENT((#11936));
#11936 = SURFACE_STYLE_USAGE(.BOTH.,#11937);
#11937 = SURFACE_SIDE_STYLE('',(#11938));
#11938 = SURFACE_STYLE_FILL_AREA(#11939);
#11939 = FILL_AREA_STYLE('',(#11940));
#11940 = FILL_AREA_STYLE_COLOUR('',#11425);
#11941 = OVER_RIDING_STYLED_ITEM('overriding color',(#11942),#6048,
  #11418);
#11942 = PRESENTATION_STYLE_ASSIGNMENT((#11943));
#11943 = SURFACE_STYLE_USAGE(.BOTH.,#11944);
#11944 = SURFACE_SIDE_STYLE('',(#11945));
#11945 = SURFACE_STYLE_FILL_AREA(#11946);
#11946 = FILL_AREA_STYLE('',(#11947));
#11947 = FILL_AREA_STYLE_COLOUR('',#11425);
#11948 = OVER_RIDING_STYLED_ITEM('overriding color',(#11949),#6076,
  #11418);
#11949 = PRESENTATION_STYLE_ASSIGNMENT((#11950));
#11950 = SURFACE_STYLE_USAGE(.BOTH.,#11951);
#11951 = SURFACE_SIDE_STYLE('',(#11952));
#11952 = SURFACE_STYLE_FILL_AREA(#11953);
#11953 = FILL_AREA_STYLE('',(#11954));
#11954 = FILL_AREA_STYLE_COLOUR('',#11425);
#11955 = OVER_RIDING_STYLED_ITEM('overriding color',(#11956),#6104,
  #11418);
#11956 = PRESENTATION_STYLE_ASSIGNMENT((#11957));
#11957 = SURFACE_STYLE_USAGE(.BOTH.,#11958);
#11958 = SURFACE_SIDE_STYLE('',(#11959));
#11959 = SURFACE_STYLE_FILL_AREA(#11960);
#11960 = FILL_AREA_STYLE('',(#11961));
#11961 = FILL_AREA_STYLE_COLOUR('',#11425);
#11962 = OVER_RIDING_STYLED_ITEM('overriding color',(#11963),#6132,
  #11418);
#11963 = PRESENTATION_STYLE_ASSIGNMENT((#11964));
#11964 = SURFACE_STYLE_USAGE(.BOTH.,#11965);
#11965 = SURFACE_SIDE_STYLE('',(#11966));
#11966 = SURFACE_STYLE_FILL_AREA(#11967);
#11967 = FILL_AREA_STYLE('',(#11968));
#11968 = FILL_AREA_STYLE_COLOUR('',#11425);
#11969 = OVER_RIDING_STYLED_ITEM('overriding color',(#11970),#6154,
  #11418);
#11970 = PRESENTATION_STYLE_ASSIGNMENT((#11971));
#11971 = SURFACE_STYLE_USAGE(.BOTH.,#11972);
#11972 = SURFACE_SIDE_STYLE('',(#11973));
#11973 = SURFACE_STYLE_FILL_AREA(#11974);
#11974 = FILL_AREA_STYLE('',(#11975));
#11975 = FILL_AREA_STYLE_COLOUR('',#11425);
#11976 = OVER_RIDING_STYLED_ITEM('overriding color',(#11977),#6176,
  #11418);
#11977 = PRESENTATION_STYLE_ASSIGNMENT((#11978));
#11978 = SURFACE_STYLE_USAGE(.BOTH.,#11979);
#11979 = SURFACE_SIDE_STYLE('',(#11980));
#11980 = SURFACE_STYLE_FILL_AREA(#11981);
#11981 = FILL_AREA_STYLE('',(#11982));
#11982 = FILL_AREA_STYLE_COLOUR('',#11425);
#11983 = OVER_RIDING_STYLED_ITEM('overriding color',(#11984),#6204,
  #11418);
#11984 = PRESENTATION_STYLE_ASSIGNMENT((#11985));
#11985 = SURFACE_STYLE_USAGE(.BOTH.,#11986);
#11986 = SURFACE_SIDE_STYLE('',(#11987));
#11987 = SURFACE_STYLE_FILL_AREA(#11988);
#11988 = FILL_AREA_STYLE('',(#11989));
#11989 = FILL_AREA_STYLE_COLOUR('',#11425);
#11990 = OVER_RIDING_STYLED_ITEM('overriding color',(#11991),#6226,
  #11418);
#11991 = PRESENTATION_STYLE_ASSIGNMENT((#11992));
#11992 = SURFACE_STYLE_USAGE(.BOTH.,#11993);
#11993 = SURFACE_SIDE_STYLE('',(#11994));
#11994 = SURFACE_STYLE_FILL_AREA(#11995);
#11995 = FILL_AREA_STYLE('',(#11996));
#11996 = FILL_AREA_STYLE_COLOUR('',#11425);
#11997 = OVER_RIDING_STYLED_ITEM('overriding color',(#11998),#6248,
  #11418);
#11998 = PRESENTATION_STYLE_ASSIGNMENT((#11999));
#11999 = SURFACE_STYLE_USAGE(.BOTH.,#12000);
#12000 = SURFACE_SIDE_STYLE('',(#12001));
#12001 = SURFACE_STYLE_FILL_AREA(#12002);
#12002 = FILL_AREA_STYLE('',(#12003));
#12003 = FILL_AREA_STYLE_COLOUR('',#11425);
#12004 = OVER_RIDING_STYLED_ITEM('overriding color',(#12005),#6270,
  #11418);
#12005 = PRESENTATION_STYLE_ASSIGNMENT((#12006));
#12006 = SURFACE_STYLE_USAGE(.BOTH.,#12007);
#12007 = SURFACE_SIDE_STYLE('',(#12008));
#12008 = SURFACE_STYLE_FILL_AREA(#12009);
#12009 = FILL_AREA_STYLE('',(#12010));
#12010 = FILL_AREA_STYLE_COLOUR('',#11425);
#12011 = OVER_RIDING_STYLED_ITEM('overriding color',(#12012),#6292,
  #11418);
#12012 = PRESENTATION_STYLE_ASSIGNMENT((#12013));
#12013 = SURFACE_STYLE_USAGE(.BOTH.,#12014);
#12014 = SURFACE_SIDE_STYLE('',(#12015));
#12015 = SURFACE_STYLE_FILL_AREA(#12016);
#12016 = FILL_AREA_STYLE('',(#12017));
#12017 = FILL_AREA_STYLE_COLOUR('',#11425);
#12018 = OVER_RIDING_STYLED_ITEM('overriding color',(#12019),#6314,
  #11418);
#12019 = PRESENTATION_STYLE_ASSIGNMENT((#12020));
#12020 = SURFACE_STYLE_USAGE(.BOTH.,#12021);
#12021 = SURFACE_SIDE_STYLE('',(#12022));
#12022 = SURFACE_STYLE_FILL_AREA(#12023);
#12023 = FILL_AREA_STYLE('',(#12024));
#12024 = FILL_AREA_STYLE_COLOUR('',#11425);
#12025 = OVER_RIDING_STYLED_ITEM('overriding color',(#12026),#6336,
  #11418);
#12026 = PRESENTATION_STYLE_ASSIGNMENT((#12027));
#12027 = SURFACE_STYLE_USAGE(.BOTH.,#12028);
#12028 = SURFACE_SIDE_STYLE('',(#12029));
#12029 = SURFACE_STYLE_FILL_AREA(#12030);
#12030 = FILL_AREA_STYLE('',(#12031));
#12031 = FILL_AREA_STYLE_COLOUR('',#11425);
#12032 = OVER_RIDING_STYLED_ITEM('overriding color',(#12033),#6358,
  #11418);
#12033 = PRESENTATION_STYLE_ASSIGNMENT((#12034));
#12034 = SURFACE_STYLE_USAGE(.BOTH.,#12035);
#12035 = SURFACE_SIDE_STYLE('',(#12036));
#12036 = SURFACE_STYLE_FILL_AREA(#12037);
#12037 = FILL_AREA_STYLE('',(#12038));
#12038 = FILL_AREA_STYLE_COLOUR('',#11425);
#12039 = OVER_RIDING_STYLED_ITEM('overriding color',(#12040),#6380,
  #11418);
#12040 = PRESENTATION_STYLE_ASSIGNMENT((#12041));
#12041 = SURFACE_STYLE_USAGE(.BOTH.,#12042);
#12042 = SURFACE_SIDE_STYLE('',(#12043));
#12043 = SURFACE_STYLE_FILL_AREA(#12044);
#12044 = FILL_AREA_STYLE('',(#12045));
#12045 = FILL_AREA_STYLE_COLOUR('',#11425);
#12046 = OVER_RIDING_STYLED_ITEM('overriding color',(#12047),#6402,
  #11418);
#12047 = PRESENTATION_STYLE_ASSIGNMENT((#12048));
#12048 = SURFACE_STYLE_USAGE(.BOTH.,#12049);
#12049 = SURFACE_SIDE_STYLE('',(#12050));
#12050 = SURFACE_STYLE_FILL_AREA(#12051);
#12051 = FILL_AREA_STYLE('',(#12052));
#12052 = FILL_AREA_STYLE_COLOUR('',#11425);
#12053 = OVER_RIDING_STYLED_ITEM('overriding color',(#12054),#6424,
  #11418);
#12054 = PRESENTATION_STYLE_ASSIGNMENT((#12055));
#12055 = SURFACE_STYLE_USAGE(.BOTH.,#12056);
#12056 = SURFACE_SIDE_STYLE('',(#12057));
#12057 = SURFACE_STYLE_FILL_AREA(#12058);
#12058 = FILL_AREA_STYLE('',(#12059));
#12059 = FILL_AREA_STYLE_COLOUR('',#11425);
#12060 = OVER_RIDING_STYLED_ITEM('overriding color',(#12061),#6440,
  #11418);
#12061 = PRESENTATION_STYLE_ASSIGNMENT((#12062));
#12062 = SURFACE_STYLE_USAGE(.BOTH.,#12063);
#12063 = SURFACE_SIDE_STYLE('',(#12064));
#12064 = SURFACE_STYLE_FILL_AREA(#12065);
#12065 = FILL_AREA_STYLE('',(#12066));
#12066 = FILL_AREA_STYLE_COLOUR('',#11425);
#12067 = OVER_RIDING_STYLED_ITEM('overriding color',(#12068),#6460,
  #11418);
#12068 = PRESENTATION_STYLE_ASSIGNMENT((#12069));
#12069 = SURFACE_STYLE_USAGE(.BOTH.,#12070);
#12070 = SURFACE_SIDE_STYLE('',(#12071));
#12071 = SURFACE_STYLE_FILL_AREA(#12072);
#12072 = FILL_AREA_STYLE('',(#12073));
#12073 = FILL_AREA_STYLE_COLOUR('',#11425);
#12074 = OVER_RIDING_STYLED_ITEM('overriding color',(#12075),#6584,
  #11418);
#12075 = PRESENTATION_STYLE_ASSIGNMENT((#12076));
#12076 = SURFACE_STYLE_USAGE(.BOTH.,#12077);
#12077 = SURFACE_SIDE_STYLE('',(#12078));
#12078 = SURFACE_STYLE_FILL_AREA(#12079);
#12079 = FILL_AREA_STYLE('',(#12080));
#12080 = FILL_AREA_STYLE_COLOUR('',#11425);
#12081 = OVER_RIDING_STYLED_ITEM('overriding color',(#12082),#6604,
  #11418);
#12082 = PRESENTATION_STYLE_ASSIGNMENT((#12083));
#12083 = SURFACE_STYLE_USAGE(.BOTH.,#12084);
#12084 = SURFACE_SIDE_STYLE('',(#12085));
#12085 = SURFACE_STYLE_FILL_AREA(#12086);
#12086 = FILL_AREA_STYLE('',(#12087));
#12087 = FILL_AREA_STYLE_COLOUR('',#11425);
#12088 = OVER_RIDING_STYLED_ITEM('overriding color',(#12089),#6624,
  #11418);
#12089 = PRESENTATION_STYLE_ASSIGNMENT((#12090));
#12090 = SURFACE_STYLE_USAGE(.BOTH.,#12091);
#12091 = SURFACE_SIDE_STYLE('',(#12092));
#12092 = SURFACE_STYLE_FILL_AREA(#12093);
#12093 = FILL_AREA_STYLE('',(#12094));
#12094 = FILL_AREA_STYLE_COLOUR('',#11425);
#12095 = OVER_RIDING_STYLED_ITEM('overriding color',(#12096),#6644,
  #11418);
#12096 = PRESENTATION_STYLE_ASSIGNMENT((#12097));
#12097 = SURFACE_STYLE_USAGE(.BOTH.,#12098);
#12098 = SURFACE_SIDE_STYLE('',(#12099));
#12099 = SURFACE_STYLE_FILL_AREA(#12100);
#12100 = FILL_AREA_STYLE('',(#12101));
#12101 = FILL_AREA_STYLE_COLOUR('',#11425);
#12102 = OVER_RIDING_STYLED_ITEM('overriding color',(#12103),#6664,
  #11418);
#12103 = PRESENTATION_STYLE_ASSIGNMENT((#12104));
#12104 = SURFACE_STYLE_USAGE(.BOTH.,#12105);
#12105 = SURFACE_SIDE_STYLE('',(#12106));
#12106 = SURFACE_STYLE_FILL_AREA(#12107);
#12107 = FILL_AREA_STYLE('',(#12108));
#12108 = FILL_AREA_STYLE_COLOUR('',#11425);
#12109 = OVER_RIDING_STYLED_ITEM('overriding color',(#12110),#6684,
  #11418);
#12110 = PRESENTATION_STYLE_ASSIGNMENT((#12111));
#12111 = SURFACE_STYLE_USAGE(.BOTH.,#12112);
#12112 = SURFACE_SIDE_STYLE('',(#12113));
#12113 = SURFACE_STYLE_FILL_AREA(#12114);
#12114 = FILL_AREA_STYLE('',(#12115));
#12115 = FILL_AREA_STYLE_COLOUR('',#11425);
#12116 = OVER_RIDING_STYLED_ITEM('overriding color',(#12117),#6700,
  #11418);
#12117 = PRESENTATION_STYLE_ASSIGNMENT((#12118));
#12118 = SURFACE_STYLE_USAGE(.BOTH.,#12119);
#12119 = SURFACE_SIDE_STYLE('',(#12120));
#12120 = SURFACE_STYLE_FILL_AREA(#12121);
#12121 = FILL_AREA_STYLE('',(#12122));
#12122 = FILL_AREA_STYLE_COLOUR('',#11425);
#12123 = OVER_RIDING_STYLED_ITEM('overriding color',(#12124),#6712,
  #11418);
#12124 = PRESENTATION_STYLE_ASSIGNMENT((#12125));
#12125 = SURFACE_STYLE_USAGE(.BOTH.,#12126);
#12126 = SURFACE_SIDE_STYLE('',(#12127));
#12127 = SURFACE_STYLE_FILL_AREA(#12128);
#12128 = FILL_AREA_STYLE('',(#12129));
#12129 = FILL_AREA_STYLE_COLOUR('',#11425);
#12130 = OVER_RIDING_STYLED_ITEM('overriding color',(#12131),#6740,
  #11418);
#12131 = PRESENTATION_STYLE_ASSIGNMENT((#12132));
#12132 = SURFACE_STYLE_USAGE(.BOTH.,#12133);
#12133 = SURFACE_SIDE_STYLE('',(#12134));
#12134 = SURFACE_STYLE_FILL_AREA(#12135);
#12135 = FILL_AREA_STYLE('',(#12136));
#12136 = FILL_AREA_STYLE_COLOUR('',#11425);
#12137 = OVER_RIDING_STYLED_ITEM('overriding color',(#12138),#6762,
  #11418);
#12138 = PRESENTATION_STYLE_ASSIGNMENT((#12139));
#12139 = SURFACE_STYLE_USAGE(.BOTH.,#12140);
#12140 = SURFACE_SIDE_STYLE('',(#12141));
#12141 = SURFACE_STYLE_FILL_AREA(#12142);
#12142 = FILL_AREA_STYLE('',(#12143));
#12143 = FILL_AREA_STYLE_COLOUR('',#11425);
#12144 = OVER_RIDING_STYLED_ITEM('overriding color',(#12145),#6784,
  #11418);
#12145 = PRESENTATION_STYLE_ASSIGNMENT((#12146));
#12146 = SURFACE_STYLE_USAGE(.BOTH.,#12147);
#12147 = SURFACE_SIDE_STYLE('',(#12148));
#12148 = SURFACE_STYLE_FILL_AREA(#12149);
#12149 = FILL_AREA_STYLE('',(#12150));
#12150 = FILL_AREA_STYLE_COLOUR('',#11425);
#12151 = OVER_RIDING_STYLED_ITEM('overriding color',(#12152),#6812,
  #11418);
#12152 = PRESENTATION_STYLE_ASSIGNMENT((#12153));
#12153 = SURFACE_STYLE_USAGE(.BOTH.,#12154);
#12154 = SURFACE_SIDE_STYLE('',(#12155));
#12155 = SURFACE_STYLE_FILL_AREA(#12156);
#12156 = FILL_AREA_STYLE('',(#12157));
#12157 = FILL_AREA_STYLE_COLOUR('',#11425);
#12158 = OVER_RIDING_STYLED_ITEM('overriding color',(#12159),#6840,
  #11418);
#12159 = PRESENTATION_STYLE_ASSIGNMENT((#12160));
#12160 = SURFACE_STYLE_USAGE(.BOTH.,#12161);
#12161 = SURFACE_SIDE_STYLE('',(#12162));
#12162 = SURFACE_STYLE_FILL_AREA(#12163);
#12163 = FILL_AREA_STYLE('',(#12164));
#12164 = FILL_AREA_STYLE_COLOUR('',#11425);
#12165 = OVER_RIDING_STYLED_ITEM('overriding color',(#12166),#6868,
  #11418);
#12166 = PRESENTATION_STYLE_ASSIGNMENT((#12167));
#12167 = SURFACE_STYLE_USAGE(.BOTH.,#12168);
#12168 = SURFACE_SIDE_STYLE('',(#12169));
#12169 = SURFACE_STYLE_FILL_AREA(#12170);
#12170 = FILL_AREA_STYLE('',(#12171));
#12171 = FILL_AREA_STYLE_COLOUR('',#11425);
#12172 = OVER_RIDING_STYLED_ITEM('overriding color',(#12173),#6890,
  #11418);
#12173 = PRESENTATION_STYLE_ASSIGNMENT((#12174));
#12174 = SURFACE_STYLE_USAGE(.BOTH.,#12175);
#12175 = SURFACE_SIDE_STYLE('',(#12176));
#12176 = SURFACE_STYLE_FILL_AREA(#12177);
#12177 = FILL_AREA_STYLE('',(#12178));
#12178 = FILL_AREA_STYLE_COLOUR('',#11435);
#12179 = OVER_RIDING_STYLED_ITEM('overriding color',(#12180),#6905,
  #11418);
#12180 = PRESENTATION_STYLE_ASSIGNMENT((#12181));
#12181 = SURFACE_STYLE_USAGE(.BOTH.,#12182);
#12182 = SURFACE_SIDE_STYLE('',(#12183));
#12183 = SURFACE_STYLE_FILL_AREA(#12184);
#12184 = FILL_AREA_STYLE('',(#12185));
#12185 = FILL_AREA_STYLE_COLOUR('',#11425);
#12186 = OVER_RIDING_STYLED_ITEM('overriding color',(#12187),#7017,
  #11418);
#12187 = PRESENTATION_STYLE_ASSIGNMENT((#12188));
#12188 = SURFACE_STYLE_USAGE(.BOTH.,#12189);
#12189 = SURFACE_SIDE_STYLE('',(#12190));
#12190 = SURFACE_STYLE_FILL_AREA(#12191);
#12191 = FILL_AREA_STYLE('',(#12192));
#12192 = FILL_AREA_STYLE_COLOUR('',#11425);
#12193 = OVER_RIDING_STYLED_ITEM('overriding color',(#12194),#7037,
  #11418);
#12194 = PRESENTATION_STYLE_ASSIGNMENT((#12195));
#12195 = SURFACE_STYLE_USAGE(.BOTH.,#12196);
#12196 = SURFACE_SIDE_STYLE('',(#12197));
#12197 = SURFACE_STYLE_FILL_AREA(#12198);
#12198 = FILL_AREA_STYLE('',(#12199));
#12199 = FILL_AREA_STYLE_COLOUR('',#11425);
#12200 = OVER_RIDING_STYLED_ITEM('overriding color',(#12201),#7053,
  #11418);
#12201 = PRESENTATION_STYLE_ASSIGNMENT((#12202));
#12202 = SURFACE_STYLE_USAGE(.BOTH.,#12203);
#12203 = SURFACE_SIDE_STYLE('',(#12204));
#12204 = SURFACE_STYLE_FILL_AREA(#12205);
#12205 = FILL_AREA_STYLE('',(#12206));
#12206 = FILL_AREA_STYLE_COLOUR('',#11425);
#12207 = OVER_RIDING_STYLED_ITEM('overriding color',(#12208),#7069,
  #11418);
#12208 = PRESENTATION_STYLE_ASSIGNMENT((#12209));
#12209 = SURFACE_STYLE_USAGE(.BOTH.,#12210);
#12210 = SURFACE_SIDE_STYLE('',(#12211));
#12211 = SURFACE_STYLE_FILL_AREA(#12212);
#12212 = FILL_AREA_STYLE('',(#12213));
#12213 = FILL_AREA_STYLE_COLOUR('',#11425);
#12214 = OVER_RIDING_STYLED_ITEM('overriding color',(#12215),#7085,
  #11418);
#12215 = PRESENTATION_STYLE_ASSIGNMENT((#12216));
#12216 = SURFACE_STYLE_USAGE(.BOTH.,#12217);
#12217 = SURFACE_SIDE_STYLE('',(#12218));
#12218 = SURFACE_STYLE_FILL_AREA(#12219);
#12219 = FILL_AREA_STYLE('',(#12220));
#12220 = FILL_AREA_STYLE_COLOUR('',#11425);
#12221 = OVER_RIDING_STYLED_ITEM('overriding color',(#12222),#7101,
  #11418);
#12222 = PRESENTATION_STYLE_ASSIGNMENT((#12223));
#12223 = SURFACE_STYLE_USAGE(.BOTH.,#12224);
#12224 = SURFACE_SIDE_STYLE('',(#12225));
#12225 = SURFACE_STYLE_FILL_AREA(#12226);
#12226 = FILL_AREA_STYLE('',(#12227));
#12227 = FILL_AREA_STYLE_COLOUR('',#11425);
#12228 = OVER_RIDING_STYLED_ITEM('overriding color',(#12229),#7117,
  #11418);
#12229 = PRESENTATION_STYLE_ASSIGNMENT((#12230));
#12230 = SURFACE_STYLE_USAGE(.BOTH.,#12231);
#12231 = SURFACE_SIDE_STYLE('',(#12232));
#12232 = SURFACE_STYLE_FILL_AREA(#12233);
#12233 = FILL_AREA_STYLE('',(#12234));
#12234 = FILL_AREA_STYLE_COLOUR('',#11425);
#12235 = OVER_RIDING_STYLED_ITEM('overriding color',(#12236),#7133,
  #11418);
#12236 = PRESENTATION_STYLE_ASSIGNMENT((#12237));
#12237 = SURFACE_STYLE_USAGE(.BOTH.,#12238);
#12238 = SURFACE_SIDE_STYLE('',(#12239));
#12239 = SURFACE_STYLE_FILL_AREA(#12240);
#12240 = FILL_AREA_STYLE('',(#12241));
#12241 = FILL_AREA_STYLE_COLOUR('',#11425);
#12242 = OVER_RIDING_STYLED_ITEM('overriding color',(#12243),#7145,
  #11418);
#12243 = PRESENTATION_STYLE_ASSIGNMENT((#12244));
#12244 = SURFACE_STYLE_USAGE(.BOTH.,#12245);
#12245 = SURFACE_SIDE_STYLE('',(#12246));
#12246 = SURFACE_STYLE_FILL_AREA(#12247);
#12247 = FILL_AREA_STYLE('',(#12248));
#12248 = FILL_AREA_STYLE_COLOUR('',#11425);
#12249 = OVER_RIDING_STYLED_ITEM('overriding color',(#12250),#7173,
  #11418);
#12250 = PRESENTATION_STYLE_ASSIGNMENT((#12251));
#12251 = SURFACE_STYLE_USAGE(.BOTH.,#12252);
#12252 = SURFACE_SIDE_STYLE('',(#12253));
#12253 = SURFACE_STYLE_FILL_AREA(#12254);
#12254 = FILL_AREA_STYLE('',(#12255));
#12255 = FILL_AREA_STYLE_COLOUR('',#11425);
#12256 = OVER_RIDING_STYLED_ITEM('overriding color',(#12257),#7195,
  #11418);
#12257 = PRESENTATION_STYLE_ASSIGNMENT((#12258));
#12258 = SURFACE_STYLE_USAGE(.BOTH.,#12259);
#12259 = SURFACE_SIDE_STYLE('',(#12260));
#12260 = SURFACE_STYLE_FILL_AREA(#12261);
#12261 = FILL_AREA_STYLE('',(#12262));
#12262 = FILL_AREA_STYLE_COLOUR('',#11425);
#12263 = OVER_RIDING_STYLED_ITEM('overriding color',(#12264),#7223,
  #11418);
#12264 = PRESENTATION_STYLE_ASSIGNMENT((#12265));
#12265 = SURFACE_STYLE_USAGE(.BOTH.,#12266);
#12266 = SURFACE_SIDE_STYLE('',(#12267));
#12267 = SURFACE_STYLE_FILL_AREA(#12268);
#12268 = FILL_AREA_STYLE('',(#12269));
#12269 = FILL_AREA_STYLE_COLOUR('',#11425);
#12270 = OVER_RIDING_STYLED_ITEM('overriding color',(#12271),#7245,
  #11418);
#12271 = PRESENTATION_STYLE_ASSIGNMENT((#12272));
#12272 = SURFACE_STYLE_USAGE(.BOTH.,#12273);
#12273 = SURFACE_SIDE_STYLE('',(#12274));
#12274 = SURFACE_STYLE_FILL_AREA(#12275);
#12275 = FILL_AREA_STYLE('',(#12276));
#12276 = FILL_AREA_STYLE_COLOUR('',#11425);
#12277 = OVER_RIDING_STYLED_ITEM('overriding color',(#12278),#7273,
  #11418);
#12278 = PRESENTATION_STYLE_ASSIGNMENT((#12279));
#12279 = SURFACE_STYLE_USAGE(.BOTH.,#12280);
#12280 = SURFACE_SIDE_STYLE('',(#12281));
#12281 = SURFACE_STYLE_FILL_AREA(#12282);
#12282 = FILL_AREA_STYLE('',(#12283));
#12283 = FILL_AREA_STYLE_COLOUR('',#11425);
#12284 = OVER_RIDING_STYLED_ITEM('overriding color',(#12285),#7289,
  #11418);
#12285 = PRESENTATION_STYLE_ASSIGNMENT((#12286));
#12286 = SURFACE_STYLE_USAGE(.BOTH.,#12287);
#12287 = SURFACE_SIDE_STYLE('',(#12288));
#12288 = SURFACE_STYLE_FILL_AREA(#12289);
#12289 = FILL_AREA_STYLE('',(#12290));
#12290 = FILL_AREA_STYLE_COLOUR('',#11435);
#12291 = OVER_RIDING_STYLED_ITEM('overriding color',(#12292),#7303,
  #11418);
#12292 = PRESENTATION_STYLE_ASSIGNMENT((#12293));
#12293 = SURFACE_STYLE_USAGE(.BOTH.,#12294);
#12294 = SURFACE_SIDE_STYLE('',(#12295));
#12295 = SURFACE_STYLE_FILL_AREA(#12296);
#12296 = FILL_AREA_STYLE('',(#12297));
#12297 = FILL_AREA_STYLE_COLOUR('',#11425);
#12298 = OVER_RIDING_STYLED_ITEM('overriding color',(#12299),#7331,
  #11418);
#12299 = PRESENTATION_STYLE_ASSIGNMENT((#12300));
#12300 = SURFACE_STYLE_USAGE(.BOTH.,#12301);
#12301 = SURFACE_SIDE_STYLE('',(#12302));
#12302 = SURFACE_STYLE_FILL_AREA(#12303);
#12303 = FILL_AREA_STYLE('',(#12304));
#12304 = FILL_AREA_STYLE_COLOUR('',#11425);
#12305 = OVER_RIDING_STYLED_ITEM('overriding color',(#12306),#7353,
  #11418);
#12306 = PRESENTATION_STYLE_ASSIGNMENT((#12307));
#12307 = SURFACE_STYLE_USAGE(.BOTH.,#12308);
#12308 = SURFACE_SIDE_STYLE('',(#12309));
#12309 = SURFACE_STYLE_FILL_AREA(#12310);
#12310 = FILL_AREA_STYLE('',(#12311));
#12311 = FILL_AREA_STYLE_COLOUR('',#11425);
#12312 = OVER_RIDING_STYLED_ITEM('overriding color',(#12313),#7375,
  #11418);
#12313 = PRESENTATION_STYLE_ASSIGNMENT((#12314));
#12314 = SURFACE_STYLE_USAGE(.BOTH.,#12315);
#12315 = SURFACE_SIDE_STYLE('',(#12316));
#12316 = SURFACE_STYLE_FILL_AREA(#12317);
#12317 = FILL_AREA_STYLE('',(#12318));
#12318 = FILL_AREA_STYLE_COLOUR('',#11425);
#12319 = OVER_RIDING_STYLED_ITEM('overriding color',(#12320),#7397,
  #11418);
#12320 = PRESENTATION_STYLE_ASSIGNMENT((#12321));
#12321 = SURFACE_STYLE_USAGE(.BOTH.,#12322);
#12322 = SURFACE_SIDE_STYLE('',(#12323));
#12323 = SURFACE_STYLE_FILL_AREA(#12324);
#12324 = FILL_AREA_STYLE('',(#12325));
#12325 = FILL_AREA_STYLE_COLOUR('',#11425);
#12326 = OVER_RIDING_STYLED_ITEM('overriding color',(#12327),#7419,
  #11418);
#12327 = PRESENTATION_STYLE_ASSIGNMENT((#12328));
#12328 = SURFACE_STYLE_USAGE(.BOTH.,#12329);
#12329 = SURFACE_SIDE_STYLE('',(#12330));
#12330 = SURFACE_STYLE_FILL_AREA(#12331);
#12331 = FILL_AREA_STYLE('',(#12332));
#12332 = FILL_AREA_STYLE_COLOUR('',#11425);
#12333 = OVER_RIDING_STYLED_ITEM('overriding color',(#12334),#7441,
  #11418);
#12334 = PRESENTATION_STYLE_ASSIGNMENT((#12335));
#12335 = SURFACE_STYLE_USAGE(.BOTH.,#12336);
#12336 = SURFACE_SIDE_STYLE('',(#12337));
#12337 = SURFACE_STYLE_FILL_AREA(#12338);
#12338 = FILL_AREA_STYLE('',(#12339));
#12339 = FILL_AREA_STYLE_COLOUR('',#11425);
#12340 = OVER_RIDING_STYLED_ITEM('overriding color',(#12341),#7463,
  #11418);
#12341 = PRESENTATION_STYLE_ASSIGNMENT((#12342));
#12342 = SURFACE_STYLE_USAGE(.BOTH.,#12343);
#12343 = SURFACE_SIDE_STYLE('',(#12344));
#12344 = SURFACE_STYLE_FILL_AREA(#12345);
#12345 = FILL_AREA_STYLE('',(#12346));
#12346 = FILL_AREA_STYLE_COLOUR('',#11425);
#12347 = OVER_RIDING_STYLED_ITEM('overriding color',(#12348),#7485,
  #11418);
#12348 = PRESENTATION_STYLE_ASSIGNMENT((#12349));
#12349 = SURFACE_STYLE_USAGE(.BOTH.,#12350);
#12350 = SURFACE_SIDE_STYLE('',(#12351));
#12351 = SURFACE_STYLE_FILL_AREA(#12352);
#12352 = FILL_AREA_STYLE('',(#12353));
#12353 = FILL_AREA_STYLE_COLOUR('',#11425);
#12354 = OVER_RIDING_STYLED_ITEM('overriding color',(#12355),#7507,
  #11418);
#12355 = PRESENTATION_STYLE_ASSIGNMENT((#12356));
#12356 = SURFACE_STYLE_USAGE(.BOTH.,#12357);
#12357 = SURFACE_SIDE_STYLE('',(#12358));
#12358 = SURFACE_STYLE_FILL_AREA(#12359);
#12359 = FILL_AREA_STYLE('',(#12360));
#12360 = FILL_AREA_STYLE_COLOUR('',#11425);
#12361 = OVER_RIDING_STYLED_ITEM('overriding color',(#12362),#7529,
  #11418);
#12362 = PRESENTATION_STYLE_ASSIGNMENT((#12363));
#12363 = SURFACE_STYLE_USAGE(.BOTH.,#12364);
#12364 = SURFACE_SIDE_STYLE('',(#12365));
#12365 = SURFACE_STYLE_FILL_AREA(#12366);
#12366 = FILL_AREA_STYLE('',(#12367));
#12367 = FILL_AREA_STYLE_COLOUR('',#11425);
#12368 = OVER_RIDING_STYLED_ITEM('overriding color',(#12369),#7551,
  #11418);
#12369 = PRESENTATION_STYLE_ASSIGNMENT((#12370));
#12370 = SURFACE_STYLE_USAGE(.BOTH.,#12371);
#12371 = SURFACE_SIDE_STYLE('',(#12372));
#12372 = SURFACE_STYLE_FILL_AREA(#12373);
#12373 = FILL_AREA_STYLE('',(#12374));
#12374 = FILL_AREA_STYLE_COLOUR('',#11425);
#12375 = OVER_RIDING_STYLED_ITEM('overriding color',(#12376),#7567,
  #11418);
#12376 = PRESENTATION_STYLE_ASSIGNMENT((#12377));
#12377 = SURFACE_STYLE_USAGE(.BOTH.,#12378);
#12378 = SURFACE_SIDE_STYLE('',(#12379));
#12379 = SURFACE_STYLE_FILL_AREA(#12380);
#12380 = FILL_AREA_STYLE('',(#12381));
#12381 = FILL_AREA_STYLE_COLOUR('',#11425);
#12382 = OVER_RIDING_STYLED_ITEM('overriding color',(#12383),#7587,
  #11418);
#12383 = PRESENTATION_STYLE_ASSIGNMENT((#12384));
#12384 = SURFACE_STYLE_USAGE(.BOTH.,#12385);
#12385 = SURFACE_SIDE_STYLE('',(#12386));
#12386 = SURFACE_STYLE_FILL_AREA(#12387);
#12387 = FILL_AREA_STYLE('',(#12388));
#12388 = FILL_AREA_STYLE_COLOUR('',#11425);
#12389 = OVER_RIDING_STYLED_ITEM('overriding color',(#12390),#7779,
  #11418);
#12390 = PRESENTATION_STYLE_ASSIGNMENT((#12391));
#12391 = SURFACE_STYLE_USAGE(.BOTH.,#12392);
#12392 = SURFACE_SIDE_STYLE('',(#12393));
#12393 = SURFACE_STYLE_FILL_AREA(#12394);
#12394 = FILL_AREA_STYLE('',(#12395));
#12395 = FILL_AREA_STYLE_COLOUR('',#11425);
#12396 = OVER_RIDING_STYLED_ITEM('overriding color',(#12397),#7803,
  #11418);
#12397 = PRESENTATION_STYLE_ASSIGNMENT((#12398));
#12398 = SURFACE_STYLE_USAGE(.BOTH.,#12399);
#12399 = SURFACE_SIDE_STYLE('',(#12400));
#12400 = SURFACE_STYLE_FILL_AREA(#12401);
#12401 = FILL_AREA_STYLE('',(#12402));
#12402 = FILL_AREA_STYLE_COLOUR('',#11425);
#12403 = OVER_RIDING_STYLED_ITEM('overriding color',(#12404),#7819,
  #11418);
#12404 = PRESENTATION_STYLE_ASSIGNMENT((#12405));
#12405 = SURFACE_STYLE_USAGE(.BOTH.,#12406);
#12406 = SURFACE_SIDE_STYLE('',(#12407));
#12407 = SURFACE_STYLE_FILL_AREA(#12408);
#12408 = FILL_AREA_STYLE('',(#12409));
#12409 = FILL_AREA_STYLE_COLOUR('',#11425);
#12410 = OVER_RIDING_STYLED_ITEM('overriding color',(#12411),#7839,
  #11418);
#12411 = PRESENTATION_STYLE_ASSIGNMENT((#12412));
#12412 = SURFACE_STYLE_USAGE(.BOTH.,#12413);
#12413 = SURFACE_SIDE_STYLE('',(#12414));
#12414 = SURFACE_STYLE_FILL_AREA(#12415);
#12415 = FILL_AREA_STYLE('',(#12416));
#12416 = FILL_AREA_STYLE_COLOUR('',#11425);
#12417 = OVER_RIDING_STYLED_ITEM('overriding color',(#12418),#7859,
  #11418);
#12418 = PRESENTATION_STYLE_ASSIGNMENT((#12419));
#12419 = SURFACE_STYLE_USAGE(.BOTH.,#12420);
#12420 = SURFACE_SIDE_STYLE('',(#12421));
#12421 = SURFACE_STYLE_FILL_AREA(#12422);
#12422 = FILL_AREA_STYLE('',(#12423));
#12423 = FILL_AREA_STYLE_COLOUR('',#11425);
#12424 = OVER_RIDING_STYLED_ITEM('overriding color',(#12425),#7875,
  #11418);
#12425 = PRESENTATION_STYLE_ASSIGNMENT((#12426));
#12426 = SURFACE_STYLE_USAGE(.BOTH.,#12427);
#12427 = SURFACE_SIDE_STYLE('',(#12428));
#12428 = SURFACE_STYLE_FILL_AREA(#12429);
#12429 = FILL_AREA_STYLE('',(#12430));
#12430 = FILL_AREA_STYLE_COLOUR('',#11425);
#12431 = OVER_RIDING_STYLED_ITEM('overriding color',(#12432),#7895,
  #11418);
#12432 = PRESENTATION_STYLE_ASSIGNMENT((#12433));
#12433 = SURFACE_STYLE_USAGE(.BOTH.,#12434);
#12434 = SURFACE_SIDE_STYLE('',(#12435));
#12435 = SURFACE_STYLE_FILL_AREA(#12436);
#12436 = FILL_AREA_STYLE('',(#12437));
#12437 = FILL_AREA_STYLE_COLOUR('',#11425);
#12438 = OVER_RIDING_STYLED_ITEM('overriding color',(#12439),#7915,
  #11418);
#12439 = PRESENTATION_STYLE_ASSIGNMENT((#12440));
#12440 = SURFACE_STYLE_USAGE(.BOTH.,#12441);
#12441 = SURFACE_SIDE_STYLE('',(#12442));
#12442 = SURFACE_STYLE_FILL_AREA(#12443);
#12443 = FILL_AREA_STYLE('',(#12444));
#12444 = FILL_AREA_STYLE_COLOUR('',#11425);
#12445 = OVER_RIDING_STYLED_ITEM('overriding color',(#12446),#7935,
  #11418);
#12446 = PRESENTATION_STYLE_ASSIGNMENT((#12447));
#12447 = SURFACE_STYLE_USAGE(.BOTH.,#12448);
#12448 = SURFACE_SIDE_STYLE('',(#12449));
#12449 = SURFACE_STYLE_FILL_AREA(#12450);
#12450 = FILL_AREA_STYLE('',(#12451));
#12451 = FILL_AREA_STYLE_COLOUR('',#11425);
#12452 = OVER_RIDING_STYLED_ITEM('overriding color',(#12453),#7955,
  #11418);
#12453 = PRESENTATION_STYLE_ASSIGNMENT((#12454));
#12454 = SURFACE_STYLE_USAGE(.BOTH.,#12455);
#12455 = SURFACE_SIDE_STYLE('',(#12456));
#12456 = SURFACE_STYLE_FILL_AREA(#12457);
#12457 = FILL_AREA_STYLE('',(#12458));
#12458 = FILL_AREA_STYLE_COLOUR('',#11425);
#12459 = OVER_RIDING_STYLED_ITEM('overriding color',(#12460),#7971,
  #11418);
#12460 = PRESENTATION_STYLE_ASSIGNMENT((#12461));
#12461 = SURFACE_STYLE_USAGE(.BOTH.,#12462);
#12462 = SURFACE_SIDE_STYLE('',(#12463));
#12463 = SURFACE_STYLE_FILL_AREA(#12464);
#12464 = FILL_AREA_STYLE('',(#12465));
#12465 = FILL_AREA_STYLE_COLOUR('',#11425);
#12466 = OVER_RIDING_STYLED_ITEM('overriding color',(#12467),#7987,
  #11418);
#12467 = PRESENTATION_STYLE_ASSIGNMENT((#12468));
#12468 = SURFACE_STYLE_USAGE(.BOTH.,#12469);
#12469 = SURFACE_SIDE_STYLE('',(#12470));
#12470 = SURFACE_STYLE_FILL_AREA(#12471);
#12471 = FILL_AREA_STYLE('',(#12472));
#12472 = FILL_AREA_STYLE_COLOUR('',#11425);
#12473 = OVER_RIDING_STYLED_ITEM('overriding color',(#12474),#8003,
  #11418);
#12474 = PRESENTATION_STYLE_ASSIGNMENT((#12475));
#12475 = SURFACE_STYLE_USAGE(.BOTH.,#12476);
#12476 = SURFACE_SIDE_STYLE('',(#12477));
#12477 = SURFACE_STYLE_FILL_AREA(#12478);
#12478 = FILL_AREA_STYLE('',(#12479));
#12479 = FILL_AREA_STYLE_COLOUR('',#11425);
#12480 = OVER_RIDING_STYLED_ITEM('overriding color',(#12481),#8019,
  #11418);
#12481 = PRESENTATION_STYLE_ASSIGNMENT((#12482));
#12482 = SURFACE_STYLE_USAGE(.BOTH.,#12483);
#12483 = SURFACE_SIDE_STYLE('',(#12484));
#12484 = SURFACE_STYLE_FILL_AREA(#12485);
#12485 = FILL_AREA_STYLE('',(#12486));
#12486 = FILL_AREA_STYLE_COLOUR('',#11425);
#12487 = OVER_RIDING_STYLED_ITEM('overriding color',(#12488),#8035,
  #11418);
#12488 = PRESENTATION_STYLE_ASSIGNMENT((#12489));
#12489 = SURFACE_STYLE_USAGE(.BOTH.,#12490);
#12490 = SURFACE_SIDE_STYLE('',(#12491));
#12491 = SURFACE_STYLE_FILL_AREA(#12492);
#12492 = FILL_AREA_STYLE('',(#12493));
#12493 = FILL_AREA_STYLE_COLOUR('',#11425);
#12494 = OVER_RIDING_STYLED_ITEM('overriding color',(#12495),#8069,
  #11418);
#12495 = PRESENTATION_STYLE_ASSIGNMENT((#12496));
#12496 = SURFACE_STYLE_USAGE(.BOTH.,#12497);
#12497 = SURFACE_SIDE_STYLE('',(#12498));
#12498 = SURFACE_STYLE_FILL_AREA(#12499);
#12499 = FILL_AREA_STYLE('',(#12500));
#12500 = FILL_AREA_STYLE_COLOUR('',#11425);
#12501 = OVER_RIDING_STYLED_ITEM('overriding color',(#12502),#8097,
  #11418);
#12502 = PRESENTATION_STYLE_ASSIGNMENT((#12503));
#12503 = SURFACE_STYLE_USAGE(.BOTH.,#12504);
#12504 = SURFACE_SIDE_STYLE('',(#12505));
#12505 = SURFACE_STYLE_FILL_AREA(#12506);
#12506 = FILL_AREA_STYLE('',(#12507));
#12507 = FILL_AREA_STYLE_COLOUR('',#11425);
#12508 = OVER_RIDING_STYLED_ITEM('overriding color',(#12509),#8125,
  #11418);
#12509 = PRESENTATION_STYLE_ASSIGNMENT((#12510));
#12510 = SURFACE_STYLE_USAGE(.BOTH.,#12511);
#12511 = SURFACE_SIDE_STYLE('',(#12512));
#12512 = SURFACE_STYLE_FILL_AREA(#12513);
#12513 = FILL_AREA_STYLE('',(#12514));
#12514 = FILL_AREA_STYLE_COLOUR('',#11425);
#12515 = OVER_RIDING_STYLED_ITEM('overriding color',(#12516),#8153,
  #11418);
#12516 = PRESENTATION_STYLE_ASSIGNMENT((#12517));
#12517 = SURFACE_STYLE_USAGE(.BOTH.,#12518);
#12518 = SURFACE_SIDE_STYLE('',(#12519));
#12519 = SURFACE_STYLE_FILL_AREA(#12520);
#12520 = FILL_AREA_STYLE('',(#12521));
#12521 = FILL_AREA_STYLE_COLOUR('',#11425);
#12522 = OVER_RIDING_STYLED_ITEM('overriding color',(#12523),#8181,
  #11418);
#12523 = PRESENTATION_STYLE_ASSIGNMENT((#12524));
#12524 = SURFACE_STYLE_USAGE(.BOTH.,#12525);
#12525 = SURFACE_SIDE_STYLE('',(#12526));
#12526 = SURFACE_STYLE_FILL_AREA(#12527);
#12527 = FILL_AREA_STYLE('',(#12528));
#12528 = FILL_AREA_STYLE_COLOUR('',#11425);
#12529 = OVER_RIDING_STYLED_ITEM('overriding color',(#12530),#8209,
  #11418);
#12530 = PRESENTATION_STYLE_ASSIGNMENT((#12531));
#12531 = SURFACE_STYLE_USAGE(.BOTH.,#12532);
#12532 = SURFACE_SIDE_STYLE('',(#12533));
#12533 = SURFACE_STYLE_FILL_AREA(#12534);
#12534 = FILL_AREA_STYLE('',(#12535));
#12535 = FILL_AREA_STYLE_COLOUR('',#11425);
#12536 = OVER_RIDING_STYLED_ITEM('overriding color',(#12537),#8231,
  #11418);
#12537 = PRESENTATION_STYLE_ASSIGNMENT((#12538));
#12538 = SURFACE_STYLE_USAGE(.BOTH.,#12539);
#12539 = SURFACE_SIDE_STYLE('',(#12540));
#12540 = SURFACE_STYLE_FILL_AREA(#12541);
#12541 = FILL_AREA_STYLE('',(#12542));
#12542 = FILL_AREA_STYLE_COLOUR('',#11425);
#12543 = OVER_RIDING_STYLED_ITEM('overriding color',(#12544),#8247,
  #11418);
#12544 = PRESENTATION_STYLE_ASSIGNMENT((#12545));
#12545 = SURFACE_STYLE_USAGE(.BOTH.,#12546);
#12546 = SURFACE_SIDE_STYLE('',(#12547));
#12547 = SURFACE_STYLE_FILL_AREA(#12548);
#12548 = FILL_AREA_STYLE('',(#12549));
#12549 = FILL_AREA_STYLE_COLOUR('',#11435);
#12550 = OVER_RIDING_STYLED_ITEM('overriding color',(#12551),#8263,
  #11418);
#12551 = PRESENTATION_STYLE_ASSIGNMENT((#12552));
#12552 = SURFACE_STYLE_USAGE(.BOTH.,#12553);
#12553 = SURFACE_SIDE_STYLE('',(#12554));
#12554 = SURFACE_STYLE_FILL_AREA(#12555);
#12555 = FILL_AREA_STYLE('',(#12556));
#12556 = FILL_AREA_STYLE_COLOUR('',#11425);
#12557 = OVER_RIDING_STYLED_ITEM('overriding color',(#12558),#8297,
  #11418);
#12558 = PRESENTATION_STYLE_ASSIGNMENT((#12559));
#12559 = SURFACE_STYLE_USAGE(.BOTH.,#12560);
#12560 = SURFACE_SIDE_STYLE('',(#12561));
#12561 = SURFACE_STYLE_FILL_AREA(#12562);
#12562 = FILL_AREA_STYLE('',(#12563));
#12563 = FILL_AREA_STYLE_COLOUR('',#11425);
#12564 = OVER_RIDING_STYLED_ITEM('overriding color',(#12565),#8319,
  #11418);
#12565 = PRESENTATION_STYLE_ASSIGNMENT((#12566));
#12566 = SURFACE_STYLE_USAGE(.BOTH.,#12567);
#12567 = SURFACE_SIDE_STYLE('',(#12568));
#12568 = SURFACE_STYLE_FILL_AREA(#12569);
#12569 = FILL_AREA_STYLE('',(#12570));
#12570 = FILL_AREA_STYLE_COLOUR('',#11425);
#12571 = OVER_RIDING_STYLED_ITEM('overriding color',(#12572),#8347,
  #11418);
#12572 = PRESENTATION_STYLE_ASSIGNMENT((#12573));
#12573 = SURFACE_STYLE_USAGE(.BOTH.,#12574);
#12574 = SURFACE_SIDE_STYLE('',(#12575));
#12575 = SURFACE_STYLE_FILL_AREA(#12576);
#12576 = FILL_AREA_STYLE('',(#12577));
#12577 = FILL_AREA_STYLE_COLOUR('',#11425);
#12578 = OVER_RIDING_STYLED_ITEM('overriding color',(#12579),#8375,
  #11418);
#12579 = PRESENTATION_STYLE_ASSIGNMENT((#12580));
#12580 = SURFACE_STYLE_USAGE(.BOTH.,#12581);
#12581 = SURFACE_SIDE_STYLE('',(#12582));
#12582 = SURFACE_STYLE_FILL_AREA(#12583);
#12583 = FILL_AREA_STYLE('',(#12584));
#12584 = FILL_AREA_STYLE_COLOUR('',#11425);
#12585 = OVER_RIDING_STYLED_ITEM('overriding color',(#12586),#8403,
  #11418);
#12586 = PRESENTATION_STYLE_ASSIGNMENT((#12587));
#12587 = SURFACE_STYLE_USAGE(.BOTH.,#12588);
#12588 = SURFACE_SIDE_STYLE('',(#12589));
#12589 = SURFACE_STYLE_FILL_AREA(#12590);
#12590 = FILL_AREA_STYLE('',(#12591));
#12591 = FILL_AREA_STYLE_COLOUR('',#11425);
#12592 = OVER_RIDING_STYLED_ITEM('overriding color',(#12593),#8431,
  #11418);
#12593 = PRESENTATION_STYLE_ASSIGNMENT((#12594));
#12594 = SURFACE_STYLE_USAGE(.BOTH.,#12595);
#12595 = SURFACE_SIDE_STYLE('',(#12596));
#12596 = SURFACE_STYLE_FILL_AREA(#12597);
#12597 = FILL_AREA_STYLE('',(#12598));
#12598 = FILL_AREA_STYLE_COLOUR('',#11425);
#12599 = OVER_RIDING_STYLED_ITEM('overriding color',(#12600),#8459,
  #11418);
#12600 = PRESENTATION_STYLE_ASSIGNMENT((#12601));
#12601 = SURFACE_STYLE_USAGE(.BOTH.,#12602);
#12602 = SURFACE_SIDE_STYLE('',(#12603));
#12603 = SURFACE_STYLE_FILL_AREA(#12604);
#12604 = FILL_AREA_STYLE('',(#12605));
#12605 = FILL_AREA_STYLE_COLOUR('',#11425);
#12606 = OVER_RIDING_STYLED_ITEM('overriding color',(#12607),#8487,
  #11418);
#12607 = PRESENTATION_STYLE_ASSIGNMENT((#12608));
#12608 = SURFACE_STYLE_USAGE(.BOTH.,#12609);
#12609 = SURFACE_SIDE_STYLE('',(#12610));
#12610 = SURFACE_STYLE_FILL_AREA(#12611);
#12611 = FILL_AREA_STYLE('',(#12612));
#12612 = FILL_AREA_STYLE_COLOUR('',#11425);
#12613 = OVER_RIDING_STYLED_ITEM('overriding color',(#12614),#8515,
  #11418);
#12614 = PRESENTATION_STYLE_ASSIGNMENT((#12615));
#12615 = SURFACE_STYLE_USAGE(.BOTH.,#12616);
#12616 = SURFACE_SIDE_STYLE('',(#12617));
#12617 = SURFACE_STYLE_FILL_AREA(#12618);
#12618 = FILL_AREA_STYLE('',(#12619));
#12619 = FILL_AREA_STYLE_COLOUR('',#11425);
#12620 = OVER_RIDING_STYLED_ITEM('overriding color',(#12621),#8543,
  #11418);
#12621 = PRESENTATION_STYLE_ASSIGNMENT((#12622));
#12622 = SURFACE_STYLE_USAGE(.BOTH.,#12623);
#12623 = SURFACE_SIDE_STYLE('',(#12624));
#12624 = SURFACE_STYLE_FILL_AREA(#12625);
#12625 = FILL_AREA_STYLE('',(#12626));
#12626 = FILL_AREA_STYLE_COLOUR('',#11425);
#12627 = OVER_RIDING_STYLED_ITEM('overriding color',(#12628),#8571,
  #11418);
#12628 = PRESENTATION_STYLE_ASSIGNMENT((#12629));
#12629 = SURFACE_STYLE_USAGE(.BOTH.,#12630);
#12630 = SURFACE_SIDE_STYLE('',(#12631));
#12631 = SURFACE_STYLE_FILL_AREA(#12632);
#12632 = FILL_AREA_STYLE('',(#12633));
#12633 = FILL_AREA_STYLE_COLOUR('',#11425);
#12634 = OVER_RIDING_STYLED_ITEM('overriding color',(#12635),#8599,
  #11418);
#12635 = PRESENTATION_STYLE_ASSIGNMENT((#12636));
#12636 = SURFACE_STYLE_USAGE(.BOTH.,#12637);
#12637 = SURFACE_SIDE_STYLE('',(#12638));
#12638 = SURFACE_STYLE_FILL_AREA(#12639);
#12639 = FILL_AREA_STYLE('',(#12640));
#12640 = FILL_AREA_STYLE_COLOUR('',#11425);
#12641 = OVER_RIDING_STYLED_ITEM('overriding color',(#12642),#8621,
  #11418);
#12642 = PRESENTATION_STYLE_ASSIGNMENT((#12643));
#12643 = SURFACE_STYLE_USAGE(.BOTH.,#12644);
#12644 = SURFACE_SIDE_STYLE('',(#12645));
#12645 = SURFACE_STYLE_FILL_AREA(#12646);
#12646 = FILL_AREA_STYLE('',(#12647));
#12647 = FILL_AREA_STYLE_COLOUR('',#11425);
#12648 = OVER_RIDING_STYLED_ITEM('overriding color',(#12649),#8649,
  #11418);
#12649 = PRESENTATION_STYLE_ASSIGNMENT((#12650));
#12650 = SURFACE_STYLE_USAGE(.BOTH.,#12651);
#12651 = SURFACE_SIDE_STYLE('',(#12652));
#12652 = SURFACE_STYLE_FILL_AREA(#12653);
#12653 = FILL_AREA_STYLE('',(#12654));
#12654 = FILL_AREA_STYLE_COLOUR('',#11425);
#12655 = OVER_RIDING_STYLED_ITEM('overriding color',(#12656),#8677,
  #11418);
#12656 = PRESENTATION_STYLE_ASSIGNMENT((#12657));
#12657 = SURFACE_STYLE_USAGE(.BOTH.,#12658);
#12658 = SURFACE_SIDE_STYLE('',(#12659));
#12659 = SURFACE_STYLE_FILL_AREA(#12660);
#12660 = FILL_AREA_STYLE('',(#12661));
#12661 = FILL_AREA_STYLE_COLOUR('',#11425);
#12662 = OVER_RIDING_STYLED_ITEM('overriding color',(#12663),#8705,
  #11418);
#12663 = PRESENTATION_STYLE_ASSIGNMENT((#12664));
#12664 = SURFACE_STYLE_USAGE(.BOTH.,#12665);
#12665 = SURFACE_SIDE_STYLE('',(#12666));
#12666 = SURFACE_STYLE_FILL_AREA(#12667);
#12667 = FILL_AREA_STYLE('',(#12668));
#12668 = FILL_AREA_STYLE_COLOUR('',#11425);
#12669 = OVER_RIDING_STYLED_ITEM('overriding color',(#12670),#8733,
  #11418);
#12670 = PRESENTATION_STYLE_ASSIGNMENT((#12671));
#12671 = SURFACE_STYLE_USAGE(.BOTH.,#12672);
#12672 = SURFACE_SIDE_STYLE('',(#12673));
#12673 = SURFACE_STYLE_FILL_AREA(#12674);
#12674 = FILL_AREA_STYLE('',(#12675));
#12675 = FILL_AREA_STYLE_COLOUR('',#11425);
#12676 = OVER_RIDING_STYLED_ITEM('overriding color',(#12677),#8761,
  #11418);
#12677 = PRESENTATION_STYLE_ASSIGNMENT((#12678));
#12678 = SURFACE_STYLE_USAGE(.BOTH.,#12679);
#12679 = SURFACE_SIDE_STYLE('',(#12680));
#12680 = SURFACE_STYLE_FILL_AREA(#12681);
#12681 = FILL_AREA_STYLE('',(#12682));
#12682 = FILL_AREA_STYLE_COLOUR('',#11425);
#12683 = OVER_RIDING_STYLED_ITEM('overriding color',(#12684),#8789,
  #11418);
#12684 = PRESENTATION_STYLE_ASSIGNMENT((#12685));
#12685 = SURFACE_STYLE_USAGE(.BOTH.,#12686);
#12686 = SURFACE_SIDE_STYLE('',(#12687));
#12687 = SURFACE_STYLE_FILL_AREA(#12688);
#12688 = FILL_AREA_STYLE('',(#12689));
#12689 = FILL_AREA_STYLE_COLOUR('',#11425);
#12690 = OVER_RIDING_STYLED_ITEM('overriding color',(#12691),#8817,
  #11418);
#12691 = PRESENTATION_STYLE_ASSIGNMENT((#12692));
#12692 = SURFACE_STYLE_USAGE(.BOTH.,#12693);
#12693 = SURFACE_SIDE_STYLE('',(#12694));
#12694 = SURFACE_STYLE_FILL_AREA(#12695);
#12695 = FILL_AREA_STYLE('',(#12696));
#12696 = FILL_AREA_STYLE_COLOUR('',#11425);
#12697 = OVER_RIDING_STYLED_ITEM('overriding color',(#12698),#8839,
  #11418);
#12698 = PRESENTATION_STYLE_ASSIGNMENT((#12699));
#12699 = SURFACE_STYLE_USAGE(.BOTH.,#12700);
#12700 = SURFACE_SIDE_STYLE('',(#12701));
#12701 = SURFACE_STYLE_FILL_AREA(#12702);
#12702 = FILL_AREA_STYLE('',(#12703));
#12703 = FILL_AREA_STYLE_COLOUR('',#11425);
#12704 = OVER_RIDING_STYLED_ITEM('overriding color',(#12705),#8868,
  #11418);
#12705 = PRESENTATION_STYLE_ASSIGNMENT((#12706));
#12706 = SURFACE_STYLE_USAGE(.BOTH.,#12707);
#12707 = SURFACE_SIDE_STYLE('',(#12708));
#12708 = SURFACE_STYLE_FILL_AREA(#12709);
#12709 = FILL_AREA_STYLE('',(#12710));
#12710 = FILL_AREA_STYLE_COLOUR('',#11425);
#12711 = OVER_RIDING_STYLED_ITEM('overriding color',(#12712),#8896,
  #11418);
#12712 = PRESENTATION_STYLE_ASSIGNMENT((#12713));
#12713 = SURFACE_STYLE_USAGE(.BOTH.,#12714);
#12714 = SURFACE_SIDE_STYLE('',(#12715));
#12715 = SURFACE_STYLE_FILL_AREA(#12716);
#12716 = FILL_AREA_STYLE('',(#12717));
#12717 = FILL_AREA_STYLE_COLOUR('',#11425);
#12718 = OVER_RIDING_STYLED_ITEM('overriding color',(#12719),#8918,
  #11418);
#12719 = PRESENTATION_STYLE_ASSIGNMENT((#12720));
#12720 = SURFACE_STYLE_USAGE(.BOTH.,#12721);
#12721 = SURFACE_SIDE_STYLE('',(#12722));
#12722 = SURFACE_STYLE_FILL_AREA(#12723);
#12723 = FILL_AREA_STYLE('',(#12724));
#12724 = FILL_AREA_STYLE_COLOUR('',#11425);
#12725 = OVER_RIDING_STYLED_ITEM('overriding color',(#12726),#8946,
  #11418);
#12726 = PRESENTATION_STYLE_ASSIGNMENT((#12727));
#12727 = SURFACE_STYLE_USAGE(.BOTH.,#12728);
#12728 = SURFACE_SIDE_STYLE('',(#12729));
#12729 = SURFACE_STYLE_FILL_AREA(#12730);
#12730 = FILL_AREA_STYLE('',(#12731));
#12731 = FILL_AREA_STYLE_COLOUR('',#11425);
#12732 = OVER_RIDING_STYLED_ITEM('overriding color',(#12733),#8968,
  #11418);
#12733 = PRESENTATION_STYLE_ASSIGNMENT((#12734));
#12734 = SURFACE_STYLE_USAGE(.BOTH.,#12735);
#12735 = SURFACE_SIDE_STYLE('',(#12736));
#12736 = SURFACE_STYLE_FILL_AREA(#12737);
#12737 = FILL_AREA_STYLE('',(#12738));
#12738 = FILL_AREA_STYLE_COLOUR('',#11425);
#12739 = OVER_RIDING_STYLED_ITEM('overriding color',(#12740),#8990,
  #11418);
#12740 = PRESENTATION_STYLE_ASSIGNMENT((#12741));
#12741 = SURFACE_STYLE_USAGE(.BOTH.,#12742);
#12742 = SURFACE_SIDE_STYLE('',(#12743));
#12743 = SURFACE_STYLE_FILL_AREA(#12744);
#12744 = FILL_AREA_STYLE('',(#12745));
#12745 = FILL_AREA_STYLE_COLOUR('',#11425);
#12746 = OVER_RIDING_STYLED_ITEM('overriding color',(#12747),#9012,
  #11418);
#12747 = PRESENTATION_STYLE_ASSIGNMENT((#12748));
#12748 = SURFACE_STYLE_USAGE(.BOTH.,#12749);
#12749 = SURFACE_SIDE_STYLE('',(#12750));
#12750 = SURFACE_STYLE_FILL_AREA(#12751);
#12751 = FILL_AREA_STYLE('',(#12752));
#12752 = FILL_AREA_STYLE_COLOUR('',#11425);
#12753 = OVER_RIDING_STYLED_ITEM('overriding color',(#12754),#9034,
  #11418);
#12754 = PRESENTATION_STYLE_ASSIGNMENT((#12755));
#12755 = SURFACE_STYLE_USAGE(.BOTH.,#12756);
#12756 = SURFACE_SIDE_STYLE('',(#12757));
#12757 = SURFACE_STYLE_FILL_AREA(#12758);
#12758 = FILL_AREA_STYLE('',(#12759));
#12759 = FILL_AREA_STYLE_COLOUR('',#11425);
#12760 = OVER_RIDING_STYLED_ITEM('overriding color',(#12761),#9056,
  #11418);
#12761 = PRESENTATION_STYLE_ASSIGNMENT((#12762));
#12762 = SURFACE_STYLE_USAGE(.BOTH.,#12763);
#12763 = SURFACE_SIDE_STYLE('',(#12764));
#12764 = SURFACE_STYLE_FILL_AREA(#12765);
#12765 = FILL_AREA_STYLE('',(#12766));
#12766 = FILL_AREA_STYLE_COLOUR('',#11425);
#12767 = OVER_RIDING_STYLED_ITEM('overriding color',(#12768),#9078,
  #11418);
#12768 = PRESENTATION_STYLE_ASSIGNMENT((#12769));
#12769 = SURFACE_STYLE_USAGE(.BOTH.,#12770);
#12770 = SURFACE_SIDE_STYLE('',(#12771));
#12771 = SURFACE_STYLE_FILL_AREA(#12772);
#12772 = FILL_AREA_STYLE('',(#12773));
#12773 = FILL_AREA_STYLE_COLOUR('',#11425);
#12774 = OVER_RIDING_STYLED_ITEM('overriding color',(#12775),#9106,
  #11418);
#12775 = PRESENTATION_STYLE_ASSIGNMENT((#12776));
#12776 = SURFACE_STYLE_USAGE(.BOTH.,#12777);
#12777 = SURFACE_SIDE_STYLE('',(#12778));
#12778 = SURFACE_STYLE_FILL_AREA(#12779);
#12779 = FILL_AREA_STYLE('',(#12780));
#12780 = FILL_AREA_STYLE_COLOUR('',#11425);
#12781 = OVER_RIDING_STYLED_ITEM('overriding color',(#12782),#9134,
  #11418);
#12782 = PRESENTATION_STYLE_ASSIGNMENT((#12783));
#12783 = SURFACE_STYLE_USAGE(.BOTH.,#12784);
#12784 = SURFACE_SIDE_STYLE('',(#12785));
#12785 = SURFACE_STYLE_FILL_AREA(#12786);
#12786 = FILL_AREA_STYLE('',(#12787));
#12787 = FILL_AREA_STYLE_COLOUR('',#11425);
#12788 = OVER_RIDING_STYLED_ITEM('overriding color',(#12789),#9156,
  #11418);
#12789 = PRESENTATION_STYLE_ASSIGNMENT((#12790));
#12790 = SURFACE_STYLE_USAGE(.BOTH.,#12791);
#12791 = SURFACE_SIDE_STYLE('',(#12792));
#12792 = SURFACE_STYLE_FILL_AREA(#12793);
#12793 = FILL_AREA_STYLE('',(#12794));
#12794 = FILL_AREA_STYLE_COLOUR('',#11425);
#12795 = OVER_RIDING_STYLED_ITEM('overriding color',(#12796),#9184,
  #11418);
#12796 = PRESENTATION_STYLE_ASSIGNMENT((#12797));
#12797 = SURFACE_STYLE_USAGE(.BOTH.,#12798);
#12798 = SURFACE_SIDE_STYLE('',(#12799));
#12799 = SURFACE_STYLE_FILL_AREA(#12800);
#12800 = FILL_AREA_STYLE('',(#12801));
#12801 = FILL_AREA_STYLE_COLOUR('',#11425);
#12802 = OVER_RIDING_STYLED_ITEM('overriding color',(#12803),#9212,
  #11418);
#12803 = PRESENTATION_STYLE_ASSIGNMENT((#12804));
#12804 = SURFACE_STYLE_USAGE(.BOTH.,#12805);
#12805 = SURFACE_SIDE_STYLE('',(#12806));
#12806 = SURFACE_STYLE_FILL_AREA(#12807);
#12807 = FILL_AREA_STYLE('',(#12808));
#12808 = FILL_AREA_STYLE_COLOUR('',#11425);
#12809 = OVER_RIDING_STYLED_ITEM('overriding color',(#12810),#9228,
  #11418);
#12810 = PRESENTATION_STYLE_ASSIGNMENT((#12811));
#12811 = SURFACE_STYLE_USAGE(.BOTH.,#12812);
#12812 = SURFACE_SIDE_STYLE('',(#12813));
#12813 = SURFACE_STYLE_FILL_AREA(#12814);
#12814 = FILL_AREA_STYLE('',(#12815));
#12815 = FILL_AREA_STYLE_COLOUR('',#11425);
#12816 = OVER_RIDING_STYLED_ITEM('overriding color',(#12817),#9251,
  #11418);
#12817 = PRESENTATION_STYLE_ASSIGNMENT((#12818));
#12818 = SURFACE_STYLE_USAGE(.BOTH.,#12819);
#12819 = SURFACE_SIDE_STYLE('',(#12820));
#12820 = SURFACE_STYLE_FILL_AREA(#12821);
#12821 = FILL_AREA_STYLE('',(#12822));
#12822 = FILL_AREA_STYLE_COLOUR('',#11425);
#12823 = OVER_RIDING_STYLED_ITEM('overriding color',(#12824),#9279,
  #11418);
#12824 = PRESENTATION_STYLE_ASSIGNMENT((#12825));
#12825 = SURFACE_STYLE_USAGE(.BOTH.,#12826);
#12826 = SURFACE_SIDE_STYLE('',(#12827));
#12827 = SURFACE_STYLE_FILL_AREA(#12828);
#12828 = FILL_AREA_STYLE('',(#12829));
#12829 = FILL_AREA_STYLE_COLOUR('',#11425);
#12830 = OVER_RIDING_STYLED_ITEM('overriding color',(#12831),#9301,
  #11418);
#12831 = PRESENTATION_STYLE_ASSIGNMENT((#12832));
#12832 = SURFACE_STYLE_USAGE(.BOTH.,#12833);
#12833 = SURFACE_SIDE_STYLE('',(#12834));
#12834 = SURFACE_STYLE_FILL_AREA(#12835);
#12835 = FILL_AREA_STYLE('',(#12836));
#12836 = FILL_AREA_STYLE_COLOUR('',#11425);
#12837 = OVER_RIDING_STYLED_ITEM('overriding color',(#12838),#9323,
  #11418);
#12838 = PRESENTATION_STYLE_ASSIGNMENT((#12839));
#12839 = SURFACE_STYLE_USAGE(.BOTH.,#12840);
#12840 = SURFACE_SIDE_STYLE('',(#12841));
#12841 = SURFACE_STYLE_FILL_AREA(#12842);
#12842 = FILL_AREA_STYLE('',(#12843));
#12843 = FILL_AREA_STYLE_COLOUR('',#11425);
#12844 = OVER_RIDING_STYLED_ITEM('overriding color',(#12845),#9345,
  #11418);
#12845 = PRESENTATION_STYLE_ASSIGNMENT((#12846));
#12846 = SURFACE_STYLE_USAGE(.BOTH.,#12847);
#12847 = SURFACE_SIDE_STYLE('',(#12848));
#12848 = SURFACE_STYLE_FILL_AREA(#12849);
#12849 = FILL_AREA_STYLE('',(#12850));
#12850 = FILL_AREA_STYLE_COLOUR('',#11425);
#12851 = OVER_RIDING_STYLED_ITEM('overriding color',(#12852),#9367,
  #11418);
#12852 = PRESENTATION_STYLE_ASSIGNMENT((#12853));
#12853 = SURFACE_STYLE_USAGE(.BOTH.,#12854);
#12854 = SURFACE_SIDE_STYLE('',(#12855));
#12855 = SURFACE_STYLE_FILL_AREA(#12856);
#12856 = FILL_AREA_STYLE('',(#12857));
#12857 = FILL_AREA_STYLE_COLOUR('',#11425);
#12858 = OVER_RIDING_STYLED_ITEM('overriding color',(#12859),#9389,
  #11418);
#12859 = PRESENTATION_STYLE_ASSIGNMENT((#12860));
#12860 = SURFACE_STYLE_USAGE(.BOTH.,#12861);
#12861 = SURFACE_SIDE_STYLE('',(#12862));
#12862 = SURFACE_STYLE_FILL_AREA(#12863);
#12863 = FILL_AREA_STYLE('',(#12864));
#12864 = FILL_AREA_STYLE_COLOUR('',#11425);
#12865 = OVER_RIDING_STYLED_ITEM('overriding color',(#12866),#9411,
  #11418);
#12866 = PRESENTATION_STYLE_ASSIGNMENT((#12867));
#12867 = SURFACE_STYLE_USAGE(.BOTH.,#12868);
#12868 = SURFACE_SIDE_STYLE('',(#12869));
#12869 = SURFACE_STYLE_FILL_AREA(#12870);
#12870 = FILL_AREA_STYLE('',(#12871));
#12871 = FILL_AREA_STYLE_COLOUR('',#11425);
#12872 = OVER_RIDING_STYLED_ITEM('overriding color',(#12873),#9433,
  #11418);
#12873 = PRESENTATION_STYLE_ASSIGNMENT((#12874));
#12874 = SURFACE_STYLE_USAGE(.BOTH.,#12875);
#12875 = SURFACE_SIDE_STYLE('',(#12876));
#12876 = SURFACE_STYLE_FILL_AREA(#12877);
#12877 = FILL_AREA_STYLE('',(#12878));
#12878 = FILL_AREA_STYLE_COLOUR('',#11425);
#12879 = OVER_RIDING_STYLED_ITEM('overriding color',(#12880),#9455,
  #11418);
#12880 = PRESENTATION_STYLE_ASSIGNMENT((#12881));
#12881 = SURFACE_STYLE_USAGE(.BOTH.,#12882);
#12882 = SURFACE_SIDE_STYLE('',(#12883));
#12883 = SURFACE_STYLE_FILL_AREA(#12884);
#12884 = FILL_AREA_STYLE('',(#12885));
#12885 = FILL_AREA_STYLE_COLOUR('',#11425);
#12886 = OVER_RIDING_STYLED_ITEM('overriding color',(#12887),#9477,
  #11418);
#12887 = PRESENTATION_STYLE_ASSIGNMENT((#12888));
#12888 = SURFACE_STYLE_USAGE(.BOTH.,#12889);
#12889 = SURFACE_SIDE_STYLE('',(#12890));
#12890 = SURFACE_STYLE_FILL_AREA(#12891);
#12891 = FILL_AREA_STYLE('',(#12892));
#12892 = FILL_AREA_STYLE_COLOUR('',#11425);
#12893 = OVER_RIDING_STYLED_ITEM('overriding color',(#12894),#9499,
  #11418);
#12894 = PRESENTATION_STYLE_ASSIGNMENT((#12895));
#12895 = SURFACE_STYLE_USAGE(.BOTH.,#12896);
#12896 = SURFACE_SIDE_STYLE('',(#12897));
#12897 = SURFACE_STYLE_FILL_AREA(#12898);
#12898 = FILL_AREA_STYLE('',(#12899));
#12899 = FILL_AREA_STYLE_COLOUR('',#11425);
#12900 = OVER_RIDING_STYLED_ITEM('overriding color',(#12901),#9515,
  #11418);
#12901 = PRESENTATION_STYLE_ASSIGNMENT((#12902));
#12902 = SURFACE_STYLE_USAGE(.BOTH.,#12903);
#12903 = SURFACE_SIDE_STYLE('',(#12904));
#12904 = SURFACE_STYLE_FILL_AREA(#12905);
#12905 = FILL_AREA_STYLE('',(#12906));
#12906 = FILL_AREA_STYLE_COLOUR('',#11425);
#12907 = OVER_RIDING_STYLED_ITEM('overriding color',(#12908),#9535,
  #11418);
#12908 = PRESENTATION_STYLE_ASSIGNMENT((#12909));
#12909 = SURFACE_STYLE_USAGE(.BOTH.,#12910);
#12910 = SURFACE_SIDE_STYLE('',(#12911));
#12911 = SURFACE_STYLE_FILL_AREA(#12912);
#12912 = FILL_AREA_STYLE('',(#12913));
#12913 = FILL_AREA_STYLE_COLOUR('',#11425);
#12914 = OVER_RIDING_STYLED_ITEM('overriding color',(#12915),#9659,
  #11418);
#12915 = PRESENTATION_STYLE_ASSIGNMENT((#12916));
#12916 = SURFACE_STYLE_USAGE(.BOTH.,#12917);
#12917 = SURFACE_SIDE_STYLE('',(#12918));
#12918 = SURFACE_STYLE_FILL_AREA(#12919);
#12919 = FILL_AREA_STYLE('',(#12920));
#12920 = FILL_AREA_STYLE_COLOUR('',#11425);
#12921 = OVER_RIDING_STYLED_ITEM('overriding color',(#12922),#9679,
  #11418);
#12922 = PRESENTATION_STYLE_ASSIGNMENT((#12923));
#12923 = SURFACE_STYLE_USAGE(.BOTH.,#12924);
#12924 = SURFACE_SIDE_STYLE('',(#12925));
#12925 = SURFACE_STYLE_FILL_AREA(#12926);
#12926 = FILL_AREA_STYLE('',(#12927));
#12927 = FILL_AREA_STYLE_COLOUR('',#11425);
#12928 = OVER_RIDING_STYLED_ITEM('overriding color',(#12929),#9699,
  #11418);
#12929 = PRESENTATION_STYLE_ASSIGNMENT((#12930));
#12930 = SURFACE_STYLE_USAGE(.BOTH.,#12931);
#12931 = SURFACE_SIDE_STYLE('',(#12932));
#12932 = SURFACE_STYLE_FILL_AREA(#12933);
#12933 = FILL_AREA_STYLE('',(#12934));
#12934 = FILL_AREA_STYLE_COLOUR('',#11425);
#12935 = OVER_RIDING_STYLED_ITEM('overriding color',(#12936),#9719,
  #11418);
#12936 = PRESENTATION_STYLE_ASSIGNMENT((#12937));
#12937 = SURFACE_STYLE_USAGE(.BOTH.,#12938);
#12938 = SURFACE_SIDE_STYLE('',(#12939));
#12939 = SURFACE_STYLE_FILL_AREA(#12940);
#12940 = FILL_AREA_STYLE('',(#12941));
#12941 = FILL_AREA_STYLE_COLOUR('',#11425);
#12942 = OVER_RIDING_STYLED_ITEM('overriding color',(#12943),#9739,
  #11418);
#12943 = PRESENTATION_STYLE_ASSIGNMENT((#12944));
#12944 = SURFACE_STYLE_USAGE(.BOTH.,#12945);
#12945 = SURFACE_SIDE_STYLE('',(#12946));
#12946 = SURFACE_STYLE_FILL_AREA(#12947);
#12947 = FILL_AREA_STYLE('',(#12948));
#12948 = FILL_AREA_STYLE_COLOUR('',#11425);
#12949 = OVER_RIDING_STYLED_ITEM('overriding color',(#12950),#9759,
  #11418);
#12950 = PRESENTATION_STYLE_ASSIGNMENT((#12951));
#12951 = SURFACE_STYLE_USAGE(.BOTH.,#12952);
#12952 = SURFACE_SIDE_STYLE('',(#12953));
#12953 = SURFACE_STYLE_FILL_AREA(#12954);
#12954 = FILL_AREA_STYLE('',(#12955));
#12955 = FILL_AREA_STYLE_COLOUR('',#11425);
#12956 = OVER_RIDING_STYLED_ITEM('overriding color',(#12957),#9775,
  #11418);
#12957 = PRESENTATION_STYLE_ASSIGNMENT((#12958));
#12958 = SURFACE_STYLE_USAGE(.BOTH.,#12959);
#12959 = SURFACE_SIDE_STYLE('',(#12960));
#12960 = SURFACE_STYLE_FILL_AREA(#12961);
#12961 = FILL_AREA_STYLE('',(#12962));
#12962 = FILL_AREA_STYLE_COLOUR('',#11425);
#12963 = OVER_RIDING_STYLED_ITEM('overriding color',(#12964),#9787,
  #11418);
#12964 = PRESENTATION_STYLE_ASSIGNMENT((#12965));
#12965 = SURFACE_STYLE_USAGE(.BOTH.,#12966);
#12966 = SURFACE_SIDE_STYLE('',(#12967));
#12967 = SURFACE_STYLE_FILL_AREA(#12968);
#12968 = FILL_AREA_STYLE('',(#12969));
#12969 = FILL_AREA_STYLE_COLOUR('',#11425);
#12970 = OVER_RIDING_STYLED_ITEM('overriding color',(#12971),#9815,
  #11418);
#12971 = PRESENTATION_STYLE_ASSIGNMENT((#12972));
#12972 = SURFACE_STYLE_USAGE(.BOTH.,#12973);
#12973 = SURFACE_SIDE_STYLE('',(#12974));
#12974 = SURFACE_STYLE_FILL_AREA(#12975);
#12975 = FILL_AREA_STYLE('',(#12976));
#12976 = FILL_AREA_STYLE_COLOUR('',#11425);
#12977 = OVER_RIDING_STYLED_ITEM('overriding color',(#12978),#9837,
  #11418);
#12978 = PRESENTATION_STYLE_ASSIGNMENT((#12979));
#12979 = SURFACE_STYLE_USAGE(.BOTH.,#12980);
#12980 = SURFACE_SIDE_STYLE('',(#12981));
#12981 = SURFACE_STYLE_FILL_AREA(#12982);
#12982 = FILL_AREA_STYLE('',(#12983));
#12983 = FILL_AREA_STYLE_COLOUR('',#11425);
#12984 = OVER_RIDING_STYLED_ITEM('overriding color',(#12985),#9859,
  #11418);
#12985 = PRESENTATION_STYLE_ASSIGNMENT((#12986));
#12986 = SURFACE_STYLE_USAGE(.BOTH.,#12987);
#12987 = SURFACE_SIDE_STYLE('',(#12988));
#12988 = SURFACE_STYLE_FILL_AREA(#12989);
#12989 = FILL_AREA_STYLE('',(#12990));
#12990 = FILL_AREA_STYLE_COLOUR('',#11425);
#12991 = OVER_RIDING_STYLED_ITEM('overriding color',(#12992),#9887,
  #11418);
#12992 = PRESENTATION_STYLE_ASSIGNMENT((#12993));
#12993 = SURFACE_STYLE_USAGE(.BOTH.,#12994);
#12994 = SURFACE_SIDE_STYLE('',(#12995));
#12995 = SURFACE_STYLE_FILL_AREA(#12996);
#12996 = FILL_AREA_STYLE('',(#12997));
#12997 = FILL_AREA_STYLE_COLOUR('',#11425);
#12998 = OVER_RIDING_STYLED_ITEM('overriding color',(#12999),#9915,
  #11418);
#12999 = PRESENTATION_STYLE_ASSIGNMENT((#13000));
#13000 = SURFACE_STYLE_USAGE(.BOTH.,#13001);
#13001 = SURFACE_SIDE_STYLE('',(#13002));
#13002 = SURFACE_STYLE_FILL_AREA(#13003);
#13003 = FILL_AREA_STYLE('',(#13004));
#13004 = FILL_AREA_STYLE_COLOUR('',#11425);
#13005 = OVER_RIDING_STYLED_ITEM('overriding color',(#13006),#9943,
  #11418);
#13006 = PRESENTATION_STYLE_ASSIGNMENT((#13007));
#13007 = SURFACE_STYLE_USAGE(.BOTH.,#13008);
#13008 = SURFACE_SIDE_STYLE('',(#13009));
#13009 = SURFACE_STYLE_FILL_AREA(#13010);
#13010 = FILL_AREA_STYLE('',(#13011));
#13011 = FILL_AREA_STYLE_COLOUR('',#11425);
#13012 = OVER_RIDING_STYLED_ITEM('overriding color',(#13013),#9965,
  #11418);
#13013 = PRESENTATION_STYLE_ASSIGNMENT((#13014));
#13014 = SURFACE_STYLE_USAGE(.BOTH.,#13015);
#13015 = SURFACE_SIDE_STYLE('',(#13016));
#13016 = SURFACE_STYLE_FILL_AREA(#13017);
#13017 = FILL_AREA_STYLE('',(#13018));
#13018 = FILL_AREA_STYLE_COLOUR('',#11435);
#13019 = OVER_RIDING_STYLED_ITEM('overriding color',(#13020),#9980,
  #11418);
#13020 = PRESENTATION_STYLE_ASSIGNMENT((#13021));
#13021 = SURFACE_STYLE_USAGE(.BOTH.,#13022);
#13022 = SURFACE_SIDE_STYLE('',(#13023));
#13023 = SURFACE_STYLE_FILL_AREA(#13024);
#13024 = FILL_AREA_STYLE('',(#13025));
#13025 = FILL_AREA_STYLE_COLOUR('',#11425);
#13026 = OVER_RIDING_STYLED_ITEM('overriding color',(#13027),#10092,
  #11418);
#13027 = PRESENTATION_STYLE_ASSIGNMENT((#13028));
#13028 = SURFACE_STYLE_USAGE(.BOTH.,#13029);
#13029 = SURFACE_SIDE_STYLE('',(#13030));
#13030 = SURFACE_STYLE_FILL_AREA(#13031);
#13031 = FILL_AREA_STYLE('',(#13032));
#13032 = FILL_AREA_STYLE_COLOUR('',#11425);
#13033 = OVER_RIDING_STYLED_ITEM('overriding color',(#13034),#10112,
  #11418);
#13034 = PRESENTATION_STYLE_ASSIGNMENT((#13035));
#13035 = SURFACE_STYLE_USAGE(.BOTH.,#13036);
#13036 = SURFACE_SIDE_STYLE('',(#13037));
#13037 = SURFACE_STYLE_FILL_AREA(#13038);
#13038 = FILL_AREA_STYLE('',(#13039));
#13039 = FILL_AREA_STYLE_COLOUR('',#11425);
#13040 = OVER_RIDING_STYLED_ITEM('overriding color',(#13041),#10128,
  #11418);
#13041 = PRESENTATION_STYLE_ASSIGNMENT((#13042));
#13042 = SURFACE_STYLE_USAGE(.BOTH.,#13043);
#13043 = SURFACE_SIDE_STYLE('',(#13044));
#13044 = SURFACE_STYLE_FILL_AREA(#13045);
#13045 = FILL_AREA_STYLE('',(#13046));
#13046 = FILL_AREA_STYLE_COLOUR('',#11425);
#13047 = OVER_RIDING_STYLED_ITEM('overriding color',(#13048),#10144,
  #11418);
#13048 = PRESENTATION_STYLE_ASSIGNMENT((#13049));
#13049 = SURFACE_STYLE_USAGE(.BOTH.,#13050);
#13050 = SURFACE_SIDE_STYLE('',(#13051));
#13051 = SURFACE_STYLE_FILL_AREA(#13052);
#13052 = FILL_AREA_STYLE('',(#13053));
#13053 = FILL_AREA_STYLE_COLOUR('',#11425);
#13054 = OVER_RIDING_STYLED_ITEM('overriding color',(#13055),#10160,
  #11418);
#13055 = PRESENTATION_STYLE_ASSIGNMENT((#13056));
#13056 = SURFACE_STYLE_USAGE(.BOTH.,#13057);
#13057 = SURFACE_SIDE_STYLE('',(#13058));
#13058 = SURFACE_STYLE_FILL_AREA(#13059);
#13059 = FILL_AREA_STYLE('',(#13060));
#13060 = FILL_AREA_STYLE_COLOUR('',#11425);
#13061 = OVER_RIDING_STYLED_ITEM('overriding color',(#13062),#10176,
  #11418);
#13062 = PRESENTATION_STYLE_ASSIGNMENT((#13063));
#13063 = SURFACE_STYLE_USAGE(.BOTH.,#13064);
#13064 = SURFACE_SIDE_STYLE('',(#13065));
#13065 = SURFACE_STYLE_FILL_AREA(#13066);
#13066 = FILL_AREA_STYLE('',(#13067));
#13067 = FILL_AREA_STYLE_COLOUR('',#11425);
#13068 = OVER_RIDING_STYLED_ITEM('overriding color',(#13069),#10192,
  #11418);
#13069 = PRESENTATION_STYLE_ASSIGNMENT((#13070));
#13070 = SURFACE_STYLE_USAGE(.BOTH.,#13071);
#13071 = SURFACE_SIDE_STYLE('',(#13072));
#13072 = SURFACE_STYLE_FILL_AREA(#13073);
#13073 = FILL_AREA_STYLE('',(#13074));
#13074 = FILL_AREA_STYLE_COLOUR('',#11425);
#13075 = OVER_RIDING_STYLED_ITEM('overriding color',(#13076),#10208,
  #11418);
#13076 = PRESENTATION_STYLE_ASSIGNMENT((#13077));
#13077 = SURFACE_STYLE_USAGE(.BOTH.,#13078);
#13078 = SURFACE_SIDE_STYLE('',(#13079));
#13079 = SURFACE_STYLE_FILL_AREA(#13080);
#13080 = FILL_AREA_STYLE('',(#13081));
#13081 = FILL_AREA_STYLE_COLOUR('',#11425);
#13082 = OVER_RIDING_STYLED_ITEM('overriding color',(#13083),#10220,
  #11418);
#13083 = PRESENTATION_STYLE_ASSIGNMENT((#13084));
#13084 = SURFACE_STYLE_USAGE(.BOTH.,#13085);
#13085 = SURFACE_SIDE_STYLE('',(#13086));
#13086 = SURFACE_STYLE_FILL_AREA(#13087);
#13087 = FILL_AREA_STYLE('',(#13088));
#13088 = FILL_AREA_STYLE_COLOUR('',#11425);
#13089 = OVER_RIDING_STYLED_ITEM('overriding color',(#13090),#10248,
  #11418);
#13090 = PRESENTATION_STYLE_ASSIGNMENT((#13091));
#13091 = SURFACE_STYLE_USAGE(.BOTH.,#13092);
#13092 = SURFACE_SIDE_STYLE('',(#13093));
#13093 = SURFACE_STYLE_FILL_AREA(#13094);
#13094 = FILL_AREA_STYLE('',(#13095));
#13095 = FILL_AREA_STYLE_COLOUR('',#11425);
#13096 = OVER_RIDING_STYLED_ITEM('overriding color',(#13097),#10270,
  #11418);
#13097 = PRESENTATION_STYLE_ASSIGNMENT((#13098));
#13098 = SURFACE_STYLE_USAGE(.BOTH.,#13099);
#13099 = SURFACE_SIDE_STYLE('',(#13100));
#13100 = SURFACE_STYLE_FILL_AREA(#13101);
#13101 = FILL_AREA_STYLE('',(#13102));
#13102 = FILL_AREA_STYLE_COLOUR('',#11425);
#13103 = OVER_RIDING_STYLED_ITEM('overriding color',(#13104),#10298,
  #11418);
#13104 = PRESENTATION_STYLE_ASSIGNMENT((#13105));
#13105 = SURFACE_STYLE_USAGE(.BOTH.,#13106);
#13106 = SURFACE_SIDE_STYLE('',(#13107));
#13107 = SURFACE_STYLE_FILL_AREA(#13108);
#13108 = FILL_AREA_STYLE('',(#13109));
#13109 = FILL_AREA_STYLE_COLOUR('',#11425);
#13110 = OVER_RIDING_STYLED_ITEM('overriding color',(#13111),#10320,
  #11418);
#13111 = PRESENTATION_STYLE_ASSIGNMENT((#13112));
#13112 = SURFACE_STYLE_USAGE(.BOTH.,#13113);
#13113 = SURFACE_SIDE_STYLE('',(#13114));
#13114 = SURFACE_STYLE_FILL_AREA(#13115);
#13115 = FILL_AREA_STYLE('',(#13116));
#13116 = FILL_AREA_STYLE_COLOUR('',#11425);
#13117 = OVER_RIDING_STYLED_ITEM('overriding color',(#13118),#10348,
  #11418);
#13118 = PRESENTATION_STYLE_ASSIGNMENT((#13119));
#13119 = SURFACE_STYLE_USAGE(.BOTH.,#13120);
#13120 = SURFACE_SIDE_STYLE('',(#13121));
#13121 = SURFACE_STYLE_FILL_AREA(#13122);
#13122 = FILL_AREA_STYLE('',(#13123));
#13123 = FILL_AREA_STYLE_COLOUR('',#11425);
#13124 = OVER_RIDING_STYLED_ITEM('overriding color',(#13125),#10364,
  #11418);
#13125 = PRESENTATION_STYLE_ASSIGNMENT((#13126));
#13126 = SURFACE_STYLE_USAGE(.BOTH.,#13127);
#13127 = SURFACE_SIDE_STYLE('',(#13128));
#13128 = SURFACE_STYLE_FILL_AREA(#13129);
#13129 = FILL_AREA_STYLE('',(#13130));
#13130 = FILL_AREA_STYLE_COLOUR('',#11435);
#13131 = OVER_RIDING_STYLED_ITEM('overriding color',(#13132),#10378,
  #11418);
#13132 = PRESENTATION_STYLE_ASSIGNMENT((#13133));
#13133 = SURFACE_STYLE_USAGE(.BOTH.,#13134);
#13134 = SURFACE_SIDE_STYLE('',(#13135));
#13135 = SURFACE_STYLE_FILL_AREA(#13136);
#13136 = FILL_AREA_STYLE('',(#13137));
#13137 = FILL_AREA_STYLE_COLOUR('',#11425);
#13138 = OVER_RIDING_STYLED_ITEM('overriding color',(#13139),#10698,
  #11418);
#13139 = PRESENTATION_STYLE_ASSIGNMENT((#13140));
#13140 = SURFACE_STYLE_USAGE(.BOTH.,#13141);
#13141 = SURFACE_SIDE_STYLE('',(#13142));
#13142 = SURFACE_STYLE_FILL_AREA(#13143);
#13143 = FILL_AREA_STYLE('',(#13144));
#13144 = FILL_AREA_STYLE_COLOUR('',#11425);
#13145 = OVER_RIDING_STYLED_ITEM('overriding color',(#13146),#10722,
  #11418);
#13146 = PRESENTATION_STYLE_ASSIGNMENT((#13147));
#13147 = SURFACE_STYLE_USAGE(.BOTH.,#13148);
#13148 = SURFACE_SIDE_STYLE('',(#13149));
#13149 = SURFACE_STYLE_FILL_AREA(#13150);
#13150 = FILL_AREA_STYLE('',(#13151));
#13151 = FILL_AREA_STYLE_COLOUR('',#11425);
#13152 = OVER_RIDING_STYLED_ITEM('overriding color',(#13153),#10742,
  #11418);
#13153 = PRESENTATION_STYLE_ASSIGNMENT((#13154));
#13154 = SURFACE_STYLE_USAGE(.BOTH.,#13155);
#13155 = SURFACE_SIDE_STYLE('',(#13156));
#13156 = SURFACE_STYLE_FILL_AREA(#13157);
#13157 = FILL_AREA_STYLE('',(#13158));
#13158 = FILL_AREA_STYLE_COLOUR('',#11425);
#13159 = OVER_RIDING_STYLED_ITEM('overriding color',(#13160),#10762,
  #11418);
#13160 = PRESENTATION_STYLE_ASSIGNMENT((#13161));
#13161 = SURFACE_STYLE_USAGE(.BOTH.,#13162);
#13162 = SURFACE_SIDE_STYLE('',(#13163));
#13163 = SURFACE_STYLE_FILL_AREA(#13164);
#13164 = FILL_AREA_STYLE('',(#13165));
#13165 = FILL_AREA_STYLE_COLOUR('',#11425);
#13166 = OVER_RIDING_STYLED_ITEM('overriding color',(#13167),#10782,
  #11418);
#13167 = PRESENTATION_STYLE_ASSIGNMENT((#13168));
#13168 = SURFACE_STYLE_USAGE(.BOTH.,#13169);
#13169 = SURFACE_SIDE_STYLE('',(#13170));
#13170 = SURFACE_STYLE_FILL_AREA(#13171);
#13171 = FILL_AREA_STYLE('',(#13172));
#13172 = FILL_AREA_STYLE_COLOUR('',#11425);
#13173 = OVER_RIDING_STYLED_ITEM('overriding color',(#13174),#10802,
  #11418);
#13174 = PRESENTATION_STYLE_ASSIGNMENT((#13175));
#13175 = SURFACE_STYLE_USAGE(.BOTH.,#13176);
#13176 = SURFACE_SIDE_STYLE('',(#13177));
#13177 = SURFACE_STYLE_FILL_AREA(#13178);
#13178 = FILL_AREA_STYLE('',(#13179));
#13179 = FILL_AREA_STYLE_COLOUR('',#11425);
#13180 = OVER_RIDING_STYLED_ITEM('overriding color',(#13181),#10822,
  #11418);
#13181 = PRESENTATION_STYLE_ASSIGNMENT((#13182));
#13182 = SURFACE_STYLE_USAGE(.BOTH.,#13183);
#13183 = SURFACE_SIDE_STYLE('',(#13184));
#13184 = SURFACE_STYLE_FILL_AREA(#13185);
#13185 = FILL_AREA_STYLE('',(#13186));
#13186 = FILL_AREA_STYLE_COLOUR('',#11425);
#13187 = OVER_RIDING_STYLED_ITEM('overriding color',(#13188),#10842,
  #11418);
#13188 = PRESENTATION_STYLE_ASSIGNMENT((#13189));
#13189 = SURFACE_STYLE_USAGE(.BOTH.,#13190);
#13190 = SURFACE_SIDE_STYLE('',(#13191));
#13191 = SURFACE_STYLE_FILL_AREA(#13192);
#13192 = FILL_AREA_STYLE('',(#13193));
#13193 = FILL_AREA_STYLE_COLOUR('',#11425);
#13194 = OVER_RIDING_STYLED_ITEM('overriding color',(#13195),#10862,
  #11418);
#13195 = PRESENTATION_STYLE_ASSIGNMENT((#13196));
#13196 = SURFACE_STYLE_USAGE(.BOTH.,#13197);
#13197 = SURFACE_SIDE_STYLE('',(#13198));
#13198 = SURFACE_STYLE_FILL_AREA(#13199);
#13199 = FILL_AREA_STYLE('',(#13200));
#13200 = FILL_AREA_STYLE_COLOUR('',#11425);
#13201 = OVER_RIDING_STYLED_ITEM('overriding color',(#13202),#10882,
  #11418);
#13202 = PRESENTATION_STYLE_ASSIGNMENT((#13203));
#13203 = SURFACE_STYLE_USAGE(.BOTH.,#13204);
#13204 = SURFACE_SIDE_STYLE('',(#13205));
#13205 = SURFACE_STYLE_FILL_AREA(#13206);
#13206 = FILL_AREA_STYLE('',(#13207));
#13207 = FILL_AREA_STYLE_COLOUR('',#11425);
#13208 = OVER_RIDING_STYLED_ITEM('overriding color',(#13209),#10902,
  #11418);
#13209 = PRESENTATION_STYLE_ASSIGNMENT((#13210));
#13210 = SURFACE_STYLE_USAGE(.BOTH.,#13211);
#13211 = SURFACE_SIDE_STYLE('',(#13212));
#13212 = SURFACE_STYLE_FILL_AREA(#13213);
#13213 = FILL_AREA_STYLE('',(#13214));
#13214 = FILL_AREA_STYLE_COLOUR('',#11425);
#13215 = OVER_RIDING_STYLED_ITEM('overriding color',(#13216),#10922,
  #11418);
#13216 = PRESENTATION_STYLE_ASSIGNMENT((#13217));
#13217 = SURFACE_STYLE_USAGE(.BOTH.,#13218);
#13218 = SURFACE_SIDE_STYLE('',(#13219));
#13219 = SURFACE_STYLE_FILL_AREA(#13220);
#13220 = FILL_AREA_STYLE('',(#13221));
#13221 = FILL_AREA_STYLE_COLOUR('',#11425);
#13222 = OVER_RIDING_STYLED_ITEM('overriding color',(#13223),#10942,
  #11418);
#13223 = PRESENTATION_STYLE_ASSIGNMENT((#13224));
#13224 = SURFACE_STYLE_USAGE(.BOTH.,#13225);
#13225 = SURFACE_SIDE_STYLE('',(#13226));
#13226 = SURFACE_STYLE_FILL_AREA(#13227);
#13227 = FILL_AREA_STYLE('',(#13228));
#13228 = FILL_AREA_STYLE_COLOUR('',#11425);
#13229 = OVER_RIDING_STYLED_ITEM('overriding color',(#13230),#10958,
  #11418);
#13230 = PRESENTATION_STYLE_ASSIGNMENT((#13231));
#13231 = SURFACE_STYLE_USAGE(.BOTH.,#13232);
#13232 = SURFACE_SIDE_STYLE('',(#13233));
#13233 = SURFACE_STYLE_FILL_AREA(#13234);
#13234 = FILL_AREA_STYLE('',(#13235));
#13235 = FILL_AREA_STYLE_COLOUR('',#11425);
#13236 = OVER_RIDING_STYLED_ITEM('overriding color',(#13237),#10974,
  #11418);
#13237 = PRESENTATION_STYLE_ASSIGNMENT((#13238));
#13238 = SURFACE_STYLE_USAGE(.BOTH.,#13239);
#13239 = SURFACE_SIDE_STYLE('',(#13240));
#13240 = SURFACE_STYLE_FILL_AREA(#13241);
#13241 = FILL_AREA_STYLE('',(#13242));
#13242 = FILL_AREA_STYLE_COLOUR('',#11425);
#13243 = OVER_RIDING_STYLED_ITEM('overriding color',(#13244),#10990,
  #11418);
#13244 = PRESENTATION_STYLE_ASSIGNMENT((#13245));
#13245 = SURFACE_STYLE_USAGE(.BOTH.,#13246);
#13246 = SURFACE_SIDE_STYLE('',(#13247));
#13247 = SURFACE_STYLE_FILL_AREA(#13248);
#13248 = FILL_AREA_STYLE('',(#13249));
#13249 = FILL_AREA_STYLE_COLOUR('',#11425);
#13250 = OVER_RIDING_STYLED_ITEM('overriding color',(#13251),#11006,
  #11418);
#13251 = PRESENTATION_STYLE_ASSIGNMENT((#13252));
#13252 = SURFACE_STYLE_USAGE(.BOTH.,#13253);
#13253 = SURFACE_SIDE_STYLE('',(#13254));
#13254 = SURFACE_STYLE_FILL_AREA(#13255);
#13255 = FILL_AREA_STYLE('',(#13256));
#13256 = FILL_AREA_STYLE_COLOUR('',#11425);
#13257 = OVER_RIDING_STYLED_ITEM('overriding color',(#13258),#11026,
  #11418);
#13258 = PRESENTATION_STYLE_ASSIGNMENT((#13259));
#13259 = SURFACE_STYLE_USAGE(.BOTH.,#13260);
#13260 = SURFACE_SIDE_STYLE('',(#13261));
#13261 = SURFACE_STYLE_FILL_AREA(#13262);
#13262 = FILL_AREA_STYLE('',(#13263));
#13263 = FILL_AREA_STYLE_COLOUR('',#11425);
#13264 = OVER_RIDING_STYLED_ITEM('overriding color',(#13265),#11046,
  #11418);
#13265 = PRESENTATION_STYLE_ASSIGNMENT((#13266));
#13266 = SURFACE_STYLE_USAGE(.BOTH.,#13267);
#13267 = SURFACE_SIDE_STYLE('',(#13268));
#13268 = SURFACE_STYLE_FILL_AREA(#13269);
#13269 = FILL_AREA_STYLE('',(#13270));
#13270 = FILL_AREA_STYLE_COLOUR('',#11425);
#13271 = OVER_RIDING_STYLED_ITEM('overriding color',(#13272),#11066,
  #11418);
#13272 = PRESENTATION_STYLE_ASSIGNMENT((#13273));
#13273 = SURFACE_STYLE_USAGE(.BOTH.,#13274);
#13274 = SURFACE_SIDE_STYLE('',(#13275));
#13275 = SURFACE_STYLE_FILL_AREA(#13276);
#13276 = FILL_AREA_STYLE('',(#13277));
#13277 = FILL_AREA_STYLE_COLOUR('',#11425);
#13278 = OVER_RIDING_STYLED_ITEM('overriding color',(#13279),#11086,
  #11418);
#13279 = PRESENTATION_STYLE_ASSIGNMENT((#13280));
#13280 = SURFACE_STYLE_USAGE(.BOTH.,#13281);
#13281 = SURFACE_SIDE_STYLE('',(#13282));
#13282 = SURFACE_STYLE_FILL_AREA(#13283);
#13283 = FILL_AREA_STYLE('',(#13284));
#13284 = FILL_AREA_STYLE_COLOUR('',#11425);
#13285 = OVER_RIDING_STYLED_ITEM('overriding color',(#13286),#11106,
  #11418);
#13286 = PRESENTATION_STYLE_ASSIGNMENT((#13287));
#13287 = SURFACE_STYLE_USAGE(.BOTH.,#13288);
#13288 = SURFACE_SIDE_STYLE('',(#13289));
#13289 = SURFACE_STYLE_FILL_AREA(#13290);
#13290 = FILL_AREA_STYLE('',(#13291));
#13291 = FILL_AREA_STYLE_COLOUR('',#11425);
#13292 = OVER_RIDING_STYLED_ITEM('overriding color',(#13293),#11126,
  #11418);
#13293 = PRESENTATION_STYLE_ASSIGNMENT((#13294));
#13294 = SURFACE_STYLE_USAGE(.BOTH.,#13295);
#13295 = SURFACE_SIDE_STYLE('',(#13296));
#13296 = SURFACE_STYLE_FILL_AREA(#13297);
#13297 = FILL_AREA_STYLE('',(#13298));
#13298 = FILL_AREA_STYLE_COLOUR('',#11425);
#13299 = OVER_RIDING_STYLED_ITEM('overriding color',(#13300),#11146,
  #11418);
#13300 = PRESENTATION_STYLE_ASSIGNMENT((#13301));
#13301 = SURFACE_STYLE_USAGE(.BOTH.,#13302);
#13302 = SURFACE_SIDE_STYLE('',(#13303));
#13303 = SURFACE_STYLE_FILL_AREA(#13304);
#13304 = FILL_AREA_STYLE('',(#13305));
#13305 = FILL_AREA_STYLE_COLOUR('',#11425);
#13306 = OVER_RIDING_STYLED_ITEM('overriding color',(#13307),#11162,
  #11418);
#13307 = PRESENTATION_STYLE_ASSIGNMENT((#13308));
#13308 = SURFACE_STYLE_USAGE(.BOTH.,#13309);
#13309 = SURFACE_SIDE_STYLE('',(#13310));
#13310 = SURFACE_STYLE_FILL_AREA(#13311);
#13311 = FILL_AREA_STYLE('',(#13312));
#13312 = FILL_AREA_STYLE_COLOUR('',#11425);
#13313 = OVER_RIDING_STYLED_ITEM('overriding color',(#13314),#11182,
  #11418);
#13314 = PRESENTATION_STYLE_ASSIGNMENT((#13315));
#13315 = SURFACE_STYLE_USAGE(.BOTH.,#13316);
#13316 = SURFACE_SIDE_STYLE('',(#13317));
#13317 = SURFACE_STYLE_FILL_AREA(#13318);
#13318 = FILL_AREA_STYLE('',(#13319));
#13319 = FILL_AREA_STYLE_COLOUR('',#11425);
#13320 = OVER_RIDING_STYLED_ITEM('overriding color',(#13321),#11202,
  #11418);
#13321 = PRESENTATION_STYLE_ASSIGNMENT((#13322));
#13322 = SURFACE_STYLE_USAGE(.BOTH.,#13323);
#13323 = SURFACE_SIDE_STYLE('',(#13324));
#13324 = SURFACE_STYLE_FILL_AREA(#13325);
#13325 = FILL_AREA_STYLE('',(#13326));
#13326 = FILL_AREA_STYLE_COLOUR('',#11425);
#13327 = OVER_RIDING_STYLED_ITEM('overriding color',(#13328),#11218,
  #11418);
#13328 = PRESENTATION_STYLE_ASSIGNMENT((#13329));
#13329 = SURFACE_STYLE_USAGE(.BOTH.,#13330);
#13330 = SURFACE_SIDE_STYLE('',(#13331));
#13331 = SURFACE_STYLE_FILL_AREA(#13332);
#13332 = FILL_AREA_STYLE('',(#13333));
#13333 = FILL_AREA_STYLE_COLOUR('',#11425);
#13334 = OVER_RIDING_STYLED_ITEM('overriding color',(#13335),#11238,
  #11418);
#13335 = PRESENTATION_STYLE_ASSIGNMENT((#13336));
#13336 = SURFACE_STYLE_USAGE(.BOTH.,#13337);
#13337 = SURFACE_SIDE_STYLE('',(#13338));
#13338 = SURFACE_STYLE_FILL_AREA(#13339);
#13339 = FILL_AREA_STYLE('',(#13340));
#13340 = FILL_AREA_STYLE_COLOUR('',#11425);
#13341 = OVER_RIDING_STYLED_ITEM('overriding color',(#13342),#11258,
  #11418);
#13342 = PRESENTATION_STYLE_ASSIGNMENT((#13343));
#13343 = SURFACE_STYLE_USAGE(.BOTH.,#13344);
#13344 = SURFACE_SIDE_STYLE('',(#13345));
#13345 = SURFACE_STYLE_FILL_AREA(#13346);
#13346 = FILL_AREA_STYLE('',(#13347));
#13347 = FILL_AREA_STYLE_COLOUR('',#11425);
#13348 = OVER_RIDING_STYLED_ITEM('overriding color',(#13349),#11278,
  #11418);
#13349 = PRESENTATION_STYLE_ASSIGNMENT((#13350));
#13350 = SURFACE_STYLE_USAGE(.BOTH.,#13351);
#13351 = SURFACE_SIDE_STYLE('',(#13352));
#13352 = SURFACE_STYLE_FILL_AREA(#13353);
#13353 = FILL_AREA_STYLE('',(#13354));
#13354 = FILL_AREA_STYLE_COLOUR('',#11425);
#13355 = OVER_RIDING_STYLED_ITEM('overriding color',(#13356),#11294,
  #11418);
#13356 = PRESENTATION_STYLE_ASSIGNMENT((#13357));
#13357 = SURFACE_STYLE_USAGE(.BOTH.,#13358);
#13358 = SURFACE_SIDE_STYLE('',(#13359));
#13359 = SURFACE_STYLE_FILL_AREA(#13360);
#13360 = FILL_AREA_STYLE('',(#13361));
#13361 = FILL_AREA_STYLE_COLOUR('',#11425);
#13362 = OVER_RIDING_STYLED_ITEM('overriding color',(#13363),#11314,
  #11418);
#13363 = PRESENTATION_STYLE_ASSIGNMENT((#13364));
#13364 = SURFACE_STYLE_USAGE(.BOTH.,#13365);
#13365 = SURFACE_SIDE_STYLE('',(#13366));
#13366 = SURFACE_STYLE_FILL_AREA(#13367);
#13367 = FILL_AREA_STYLE('',(#13368));
#13368 = FILL_AREA_STYLE_COLOUR('',#11425);
#13369 = OVER_RIDING_STYLED_ITEM('overriding color',(#13370),#11330,
  #11418);
#13370 = PRESENTATION_STYLE_ASSIGNMENT((#13371));
#13371 = SURFACE_STYLE_USAGE(.BOTH.,#13372);
#13372 = SURFACE_SIDE_STYLE('',(#13373));
#13373 = SURFACE_STYLE_FILL_AREA(#13374);
#13374 = FILL_AREA_STYLE('',(#13375));
#13375 = FILL_AREA_STYLE_COLOUR('',#11425);
#13376 = OVER_RIDING_STYLED_ITEM('overriding color',(#13377),#11373,
  #11418);
#13377 = PRESENTATION_STYLE_ASSIGNMENT((#13378));
#13378 = SURFACE_STYLE_USAGE(.BOTH.,#13379);
#13379 = SURFACE_SIDE_STYLE('',(#13380));
#13380 = SURFACE_STYLE_FILL_AREA(#13381);
#13381 = FILL_AREA_STYLE('',(#13382));
#13382 = FILL_AREA_STYLE_COLOUR('',#11425);
#13383 = OVER_RIDING_STYLED_ITEM('overriding color',(#13384),#11401,
  #11418);
#13384 = PRESENTATION_STYLE_ASSIGNMENT((#13385));
#13385 = SURFACE_STYLE_USAGE(.BOTH.,#13386);
#13386 = SURFACE_SIDE_STYLE('',(#13387));
#13387 = SURFACE_STYLE_FILL_AREA(#13388);
#13388 = FILL_AREA_STYLE('',(#13389));
#13389 = FILL_AREA_STYLE_COLOUR('',#11435);
ENDSEC;
END-ISO-10303-21;
