ISO-10303-21;
HEADER;
FILE_DESCRIPTION(('Open CASCADE Model'),'2;1');
FILE_NAME('Open CASCADE Shape Model','2026-04-15T17:41:03',('Author'),(
    'Open CASCADE'),'Open CASCADE STEP processor 7.9','Open CASCADE 7.9'
  ,'Unknown');
FILE_SCHEMA(('AUTOMOTIVE_DESIGN { 1 0 10303 214 1 1 1 1 }'));
ENDSEC;
DATA;
#1 = APPLICATION_PROTOCOL_DEFINITION('international standard',
  'automotive_design',2000,#2);
#2 = APPLICATION_CONTEXT(
  'core data for automotive mechanical design processes');
#3 = SHAPE_DEFINITION_REPRESENTATION(#4,#10);
#4 = PRODUCT_DEFINITION_SHAPE('','',#5);
#5 = PRODUCT_DEFINITION('design','',#6,#9);
#6 = PRODUCT_DEFINITION_FORMATION('','',#7);
#7 = PRODUCT('COMPOUND','COMPOUND','',(#8));
#8 = PRODUCT_CONTEXT('',#2,'mechanical');
#9 = PRODUCT_DEFINITION_CONTEXT('part definition',#2,'design');
#10 = SHAPE_REPRESENTATION('',(#11,#15,#4511,#4709,#5243,#5621,#6127,
    #6585,#6963,#7757,#8557,#9065,#9443,#9949,#10407),#11731);
#11 = AXIS2_PLACEMENT_3D('',#12,#13,#14);
#12 = CARTESIAN_POINT('',(0.,0.,0.));
#13 = DIRECTION('',(0.,0.,1.));
#14 = DIRECTION('',(1.,0.,-0.));
#15 = MANIFOLD_SOLID_BREP('',#16);
#16 = CLOSED_SHELL('',(#17,#65,#536,#628,#696,#732,#768,#832,#860,#908,
    #936,#983,#1011,#1047,#1075,#1103,#1135,#1163,#1187,#1215,#1247,
    #1275,#1299,#1320,#1341,#1381,#1401,#1429,#1461,#1489,#1521,#1549,
    #1577,#1605,#1637,#1657,#1678,#1699,#1739,#1767,#1799,#1827,#1855,
    #1883,#1915,#1943,#1975,#1995,#2015,#2036,#2057,#2082,#2092,#2120,
    #2142,#2164,#2186,#2208,#2230,#2252,#2268,#2338,#2366,#2388,#2425,
    #2447,#2484,#2500,#2528,#2550,#2572,#2645,#2712,#2796,#2824,#2897,
    #2970,#2992,#3008,#3036,#3058,#3080,#3102,#3124,#3146,#3168,#3190,
    #3212,#3234,#3256,#3272,#3292,#3320,#3369,#3442,#3515,#3564,#3586,
    #3635,#3708,#3781,#3824,#3842,#3870,#3892,#3914,#3936,#3958,#3974,
    #3988,#4002,#4015,#4039,#4065,#4091,#4111,#4130,#4154,#4173,#4193,
    #4212,#4233,#4254,#4273,#4297,#4318,#4338,#4358,#4379,#4398,#4417,
    #4436,#4455,#4476,#4497));
#17 = ADVANCED_FACE('',(#18),#54,.F.);
#18 = FACE_BOUND('',#19,.F.);
#19 = EDGE_LOOP('',(#20,#29,#39,#46));
#20 = ORIENTED_EDGE('',*,*,#21,.T.);
#21 = EDGE_CURVE('',#22,#24,#26,.T.);
#22 = VERTEX_POINT('',#23);
#23 = CARTESIAN_POINT('',(-0.924505260325,-0.363290201221,1.0490001));
#24 = VERTEX_POINT('',#25);
#25 = CARTESIAN_POINT('',(-0.924505260325,-0.363290201221,1.0500001));
#26 = B_SPLINE_CURVE_WITH_KNOTS('',1,(#27,#28),.UNSPECIFIED.,.F.,.F.,(2,
    2),(0.,1.E-03),.PIECEWISE_BEZIER_KNOTS.);
#27 = CARTESIAN_POINT('',(-0.924505260325,-0.363290201221,1.0490001));
#28 = CARTESIAN_POINT('',(-0.924505260325,-0.363290201221,1.0500001));
#29 = ORIENTED_EDGE('',*,*,#30,.F.);
#30 = EDGE_CURVE('',#31,#24,#33,.T.);
#31 = VERTEX_POINT('',#32);
#32 = CARTESIAN_POINT('',(-1.108124512673,-0.363290201221,1.0500001));
#33 = ( BOUNDED_CURVE() B_SPLINE_CURVE(2,(#34,#35,#36,#37,#38),
.UNSPECIFIED.,.F.,.F.) B_SPLINE_CURVE_WITH_KNOTS((3,2,3),(3.14159265359,
4.712388980385,6.28318530718),.PIECEWISE_BEZIER_KNOTS.) CURVE() 
GEOMETRIC_REPRESENTATION_ITEM() RATIONAL_B_SPLINE_CURVE((1.,
0.707106781187,1.,0.707106781187,1.)) REPRESENTATION_ITEM('') );
#34 = CARTESIAN_POINT('',(-1.108124512673,-0.363290201221,1.0500001));
#35 = CARTESIAN_POINT('',(-1.108124512673,-0.455099827395,1.0500001));
#36 = CARTESIAN_POINT('',(-1.016314886499,-0.455099827395,1.0500001));
#37 = CARTESIAN_POINT('',(-0.924505260325,-0.455099827395,1.0500001));
#38 = CARTESIAN_POINT('',(-0.924505260325,-0.363290201221,1.0500001));
#39 = ORIENTED_EDGE('',*,*,#40,.F.);
#40 = EDGE_CURVE('',#41,#31,#43,.T.);
#41 = VERTEX_POINT('',#42);
#42 = CARTESIAN_POINT('',(-1.108124512673,-0.363290201221,1.0490001));
#43 = B_SPLINE_CURVE_WITH_KNOTS('',1,(#44,#45),.UNSPECIFIED.,.F.,.F.,(2,
    2),(0.,1.E-03),.PIECEWISE_BEZIER_KNOTS.);
#44 = CARTESIAN_POINT('',(-1.108124512673,-0.363290201221,1.0490001));
#45 = CARTESIAN_POINT('',(-1.108124512673,-0.363290201221,1.0500001));
#46 = ORIENTED_EDGE('',*,*,#47,.T.);
#47 = EDGE_CURVE('',#41,#22,#48,.T.);
#48 = ( BOUNDED_CURVE() B_SPLINE_CURVE(2,(#49,#50,#51,#52,#53),
.UNSPECIFIED.,.F.,.F.) B_SPLINE_CURVE_WITH_KNOTS((3,2,3),(3.14159265359,
4.712388980385,6.28318530718),.PIECEWISE_BEZIER_KNOTS.) CURVE() 
GEOMETRIC_REPRESENTATION_ITEM() RATIONAL_B_SPLINE_CURVE((1.,
0.707106781187,1.,0.707106781187,1.)) REPRESENTATION_ITEM('') );
#49 = CARTESIAN_POINT('',(-1.108124512673,-0.363290201221,1.0490001));
#50 = CARTESIAN_POINT('',(-1.108124512673,-0.455099827395,1.0490001));
#51 = CARTESIAN_POINT('',(-1.016314886499,-0.455099827395,1.0490001));
#52 = CARTESIAN_POINT('',(-0.924505260325,-0.455099827395,1.0490001));
#53 = CARTESIAN_POINT('',(-0.924505260325,-0.363290201221,1.0490001));
#54 = ( BOUNDED_SURFACE() B_SPLINE_SURFACE(2,1,(
    (#55,#56)
    ,(#57,#58)
    ,(#59,#60)
    ,(#61,#62)
,(#63,#64
    )),.UNSPECIFIED.,.F.,.F.,.F.) B_SPLINE_SURFACE_WITH_KNOTS((3,2,3),(2
    ,2),(3.14159265359,4.712388980385,6.28318530718),(0.,1.E-03),
.PIECEWISE_BEZIER_KNOTS.) GEOMETRIC_REPRESENTATION_ITEM() 
RATIONAL_B_SPLINE_SURFACE((
    (1.,1.)
    ,(0.707106781187,0.707106781187)
    ,(1.,1.)
    ,(0.707106781187,0.707106781187)
,(1.,1.))) REPRESENTATION_ITEM('') SURFACE() );
#55 = CARTESIAN_POINT('',(-1.108124512673,-0.363290201221,1.0490001));
#56 = CARTESIAN_POINT('',(-1.108124512673,-0.363290201221,1.0500001));
#57 = CARTESIAN_POINT('',(-1.108124512673,-0.455099827395,1.0490001));
#58 = CARTESIAN_POINT('',(-1.108124512673,-0.455099827395,1.0500001));
#59 = CARTESIAN_POINT('',(-1.016314886499,-0.455099827395,1.0490001));
#60 = CARTESIAN_POINT('',(-1.016314886499,-0.455099827395,1.0500001));
#61 = CARTESIAN_POINT('',(-0.924505260325,-0.455099827395,1.0490001));
#62 = CARTESIAN_POINT('',(-0.924505260325,-0.455099827395,1.0500001));
#63 = CARTESIAN_POINT('',(-0.924505260325,-0.363290201221,1.0490001));
#64 = CARTESIAN_POINT('',(-0.924505260325,-0.363290201221,1.0500001));
#65 = ADVANCED_FACE('',(#66,#96,#272,#343,#401,#487),#531,.F.);
#66 = FACE_BOUND('',#67,.T.);
#67 = EDGE_LOOP('',(#68,#77,#84,#91));
#68 = ORIENTED_EDGE('',*,*,#69,.T.);
#69 = EDGE_CURVE('',#70,#72,#74,.T.);
#70 = VERTEX_POINT('',#71);
#71 = CARTESIAN_POINT('',(1.354425477333,-0.554425477333,5.00001E-02));
#72 = VERTEX_POINT('',#73);
#73 = CARTESIAN_POINT('',(-1.354425477333,-0.554425477333,5.00001E-02));
#74 = B_SPLINE_CURVE_WITH_KNOTS('',1,(#75,#76),.UNSPECIFIED.,.F.,.F.,(2,
    2),(-2.755476708972,-4.662575430688E-02),.PIECEWISE_BEZIER_KNOTS.);
#75 = CARTESIAN_POINT('',(1.354425477333,-0.554425477333,5.00001E-02));
#76 = CARTESIAN_POINT('',(-1.354425477333,-0.554425477333,5.00001E-02));
#77 = ORIENTED_EDGE('',*,*,#78,.T.);
#78 = EDGE_CURVE('',#72,#79,#81,.T.);
#79 = VERTEX_POINT('',#80);
#80 = CARTESIAN_POINT('',(-1.354425477333,0.554425477333,5.00001E-02));
#81 = B_SPLINE_CURVE_WITH_KNOTS('',1,(#82,#83),.UNSPECIFIED.,.F.,.F.,(2,
    2),(-1.155476708972,-4.662575430688E-02),.PIECEWISE_BEZIER_KNOTS.);
#82 = CARTESIAN_POINT('',(-1.354425477333,-0.554425477333,5.00001E-02));
#83 = CARTESIAN_POINT('',(-1.354425477333,0.554425477333,5.00001E-02));
#84 = ORIENTED_EDGE('',*,*,#85,.T.);
#85 = EDGE_CURVE('',#79,#86,#88,.T.);
#86 = VERTEX_POINT('',#87);
#87 = CARTESIAN_POINT('',(1.354425477333,0.554425477333,5.00001E-02));
#88 = B_SPLINE_CURVE_WITH_KNOTS('',1,(#89,#90),.UNSPECIFIED.,.F.,.F.,(2,
    2),(-2.755476708972,-4.662575430688E-02),.PIECEWISE_BEZIER_KNOTS.);
#89 = CARTESIAN_POINT('',(-1.354425477333,0.554425477333,5.00001E-02));
#90 = CARTESIAN_POINT('',(1.354425477333,0.554425477333,5.00001E-02));
#91 = ORIENTED_EDGE('',*,*,#92,.T.);
#92 = EDGE_CURVE('',#86,#70,#93,.T.);
#93 = B_SPLINE_CURVE_WITH_KNOTS('',1,(#94,#95),.UNSPECIFIED.,.F.,.F.,(2,
    2),(-1.155476708972,-4.662575430688E-02),.PIECEWISE_BEZIER_KNOTS.);
#94 = CARTESIAN_POINT('',(1.354425477333,0.554425477333,5.00001E-02));
#95 = CARTESIAN_POINT('',(1.354425477333,-0.554425477333,5.00001E-02));
#96 = FACE_BOUND('',#97,.T.);
#97 = EDGE_LOOP('',(#98,#107,#123,#147,#171,#187,#194,#210,#234,#258));
#98 = ORIENTED_EDGE('',*,*,#99,.T.);
#99 = EDGE_CURVE('',#100,#102,#104,.T.);
#100 = VERTEX_POINT('',#101);
#101 = CARTESIAN_POINT('',(3.505262881527E-02,-3.132100056514E-02,
    5.00001E-02));
#102 = VERTEX_POINT('',#103);
#103 = CARTESIAN_POINT('',(3.505262881527E-02,-4.229661032124E-02,
    5.00001E-02));
#104 = B_SPLINE_CURVE_WITH_KNOTS('',1,(#105,#106),.UNSPECIFIED.,.F.,.F.,
  (2,2),(0.,1.09756097561E-02),.PIECEWISE_BEZIER_KNOTS.);
#105 = CARTESIAN_POINT('',(3.505262881527E-02,-3.132100056514E-02,
    5.00001E-02));
#106 = CARTESIAN_POINT('',(3.505262881527E-02,-4.229661032124E-02,
    5.00001E-02));
#107 = ORIENTED_EDGE('',*,*,#108,.T.);
#108 = EDGE_CURVE('',#102,#109,#111,.T.);
#109 = VERTEX_POINT('',#110);
#110 = CARTESIAN_POINT('',(6.25678727177E-02,-4.869904934563E-02,
    5.00001E-02));
#111 = B_SPLINE_CURVE_WITH_KNOTS('',3,(#112,#113,#114,#115,#116,#117,
    #118,#119,#120,#121,#122),.UNSPECIFIED.,.F.,.F.,(4,1,1,1,1,1,1,1,4),
  (0.,0.112448389909,0.226527675213,0.344401949326,0.465864972487,
    0.591659449352,0.722168487025,0.858606387555,1.),.UNSPECIFIED.);
#112 = CARTESIAN_POINT('',(3.505262881527E-02,-4.229661032124E-02,
    5.00001E-02));
#113 = CARTESIAN_POINT('',(3.599096789276E-02,-4.281453528823E-02,
    5.00001E-02));
#114 = CARTESIAN_POINT('',(3.788125525001E-02,-4.385789694776E-02,
    5.00001E-02));
#115 = CARTESIAN_POINT('',(4.090422169847E-02,-4.514530595898E-02,
    5.00001E-02));
#116 = CARTESIAN_POINT('',(4.408511499076E-02,-4.625575682E-02,
    5.00001E-02));
#117 = CARTESIAN_POINT('',(4.74517762387E-02,-4.714124177614E-02,
    5.00001E-02));
#118 = CARTESIAN_POINT('',(5.098182486999E-02,-4.785288335105E-02,
    5.00001E-02));
#119 = CARTESIAN_POINT('',(5.469396579353E-02,-4.833490368973E-02,
    5.00001E-02));
#120 = CARTESIAN_POINT('',(5.857349268664E-02,-4.865220199087E-02,
    5.00001E-02));
#121 = CARTESIAN_POINT('',(6.122067335435E-02,-4.868324896459E-02,
    5.00001E-02));
#122 = CARTESIAN_POINT('',(6.25678727177E-02,-4.869904934563E-02,
    5.00001E-02));
#123 = ORIENTED_EDGE('',*,*,#124,.T.);
#124 = EDGE_CURVE('',#109,#125,#127,.T.);
#125 = VERTEX_POINT('',#126);
#126 = CARTESIAN_POINT('',(0.109442872718,6.34029922665E-04,5.00001E-02)
  );
#127 = B_SPLINE_CURVE_WITH_KNOTS('',3,(#128,#129,#130,#131,#132,#133,
    #134,#135,#136,#137,#138,#139,#140,#141,#142,#143,#144,#145,#146),
  .UNSPECIFIED.,.F.,.F.,(4,1,1,1,1,1,1,1,1,1,1,1,1,1,1,1,4),(0.,
    6.783324845577E-02,0.132655536508,0.195050884051,0.255582933069,
    0.314799834147,0.373600472826,0.432545595327,0.492430629284,
    0.552671255963,0.612513044188,0.672610250357,0.733838369314,
    0.796594238568,0.861449799291,0.929198942351,1.),.UNSPECIFIED.);
#128 = CARTESIAN_POINT('',(6.25678727177E-02,-4.869904934563E-02,
    5.00001E-02));
#129 = CARTESIAN_POINT('',(6.430377887286E-02,-4.866033363714E-02,
    5.00001E-02));
#130 = CARTESIAN_POINT('',(6.769853833936E-02,-4.858462072058E-02,
    5.00001E-02));
#131 = CARTESIAN_POINT('',(7.26577845259E-02,-4.794776549469E-02,
    5.00001E-02));
#132 = CARTESIAN_POINT('',(7.734941220391E-02,-4.688451400501E-02,
    5.00001E-02));
#133 = CARTESIAN_POINT('',(8.177179182764E-02,-4.539060657382E-02,
    5.00001E-02));
#134 = CARTESIAN_POINT('',(8.594039495353E-02,-4.350289880387E-02,
    5.00001E-02));
#135 = CARTESIAN_POINT('',(8.983362780166E-02,-4.116950576441E-02,
    5.00001E-02));
#136 = CARTESIAN_POINT('',(9.342572666882E-02,-3.837205122638E-02,
    5.00001E-02));
#137 = CARTESIAN_POINT('',(9.676422446799E-02,-3.52233021231E-02,
    5.00001E-02));
#138 = CARTESIAN_POINT('',(9.974305963149E-02,-3.170029141699E-02,
    5.00001E-02));
#139 = CARTESIAN_POINT('',(0.102350467664,-2.788962293524E-02,
    5.00001E-02));
#140 = CARTESIAN_POINT('',(0.104556322521,-2.38031491725E-02,5.00001E-02
    ));
#141 = CARTESIAN_POINT('',(0.106346224671,-1.943862670377E-02,
    5.00001E-02));
#142 = CARTESIAN_POINT('',(0.107741088013,-1.480491514452E-02,
    5.00001E-02));
#143 = CARTESIAN_POINT('',(0.108716541696,-9.89784350127E-03,5.00001E-02
    ));
#144 = CARTESIAN_POINT('',(0.109350455426,-4.724296312714E-03,
    5.00001E-02));
#145 = CARTESIAN_POINT('',(0.109411617869,-1.178116647021E-03,
    5.00001E-02));
#146 = CARTESIAN_POINT('',(0.109442872718,6.34029922665E-04,5.00001E-02)
  );
#147 = ORIENTED_EDGE('',*,*,#148,.T.);
#148 = EDGE_CURVE('',#125,#149,#151,.T.);
#149 = VERTEX_POINT('',#150);
#150 = CARTESIAN_POINT('',(5.858540320551E-02,5.373997504462E-02,
    5.00001E-02));
#151 = B_SPLINE_CURVE_WITH_KNOTS('',3,(#152,#153,#154,#155,#156,#157,
    #158,#159,#160,#161,#162,#163,#164,#165,#166,#167,#168,#169,#170),
  .UNSPECIFIED.,.F.,.F.,(4,1,1,1,1,1,1,1,1,1,1,1,1,1,1,1,4),(0.,
    7.064371857535E-02,0.138256715509,0.203364124218,0.266324093803,
    0.327904761543,0.388737715173,0.449423528109,0.510861011459,
    0.572079396048,0.631734428731,0.691117210579,0.75036002949,
    0.810032900531,0.871362450829,0.934427141231,1.),.UNSPECIFIED.);
#152 = CARTESIAN_POINT('',(0.109442872718,6.34029922665E-04,5.00001E-02)
  );
#153 = CARTESIAN_POINT('',(0.109399320372,2.579581033645E-03,5.00001E-02
    ));
#154 = CARTESIAN_POINT('',(0.109314084142,6.387216190503E-03,5.00001E-02
    ));
#155 = CARTESIAN_POINT('',(0.108636572574,1.195491202822E-02,5.00001E-02
    ));
#156 = CARTESIAN_POINT('',(0.107524886733,1.723431157374E-02,5.00001E-02
    ));
#157 = CARTESIAN_POINT('',(0.105933918299,2.221740084168E-02,5.00001E-02
    ));
#158 = CARTESIAN_POINT('',(0.103907949277,2.691091480006E-02,5.00001E-02
    ));
#159 = CARTESIAN_POINT('',(0.101445257796,3.132109858945E-02,5.00001E-02
    ));
#160 = CARTESIAN_POINT('',(9.850582767867E-02,3.542522956818E-02,
    5.00001E-02));
#161 = CARTESIAN_POINT('',(9.51364702296E-02,3.919541217021E-02,
    5.00001E-02));
#162 = CARTESIAN_POINT('',(9.144867475734E-02,4.261276282033E-02,
    5.00001E-02));
#163 = CARTESIAN_POINT('',(8.746955903968E-02,4.559480510109E-02,
    5.00001E-02));
#164 = CARTESIAN_POINT('',(8.324712104887E-02,4.811487999006E-02,
    5.00001E-02));
#165 = CARTESIAN_POINT('',(7.878733743898E-02,5.018960563106E-02,
    5.00001E-02));
#166 = CARTESIAN_POINT('',(7.407381330551E-02,5.177333191754E-02,
    5.00001E-02));
#167 = CARTESIAN_POINT('',(6.912860192741E-02,5.29107220663E-02,
    5.00001E-02));
#168 = CARTESIAN_POINT('',(6.393467211497E-02,5.361551490543E-02,
    5.00001E-02));
#169 = CARTESIAN_POINT('',(6.039152090248E-02,5.369795254327E-02,
    5.00001E-02));
#170 = CARTESIAN_POINT('',(5.858540320551E-02,5.373997504462E-02,
    5.00001E-02));
#171 = ORIENTED_EDGE('',*,*,#172,.T.);
#172 = EDGE_CURVE('',#149,#173,#175,.T.);
#173 = VERTEX_POINT('',#174);
#174 = CARTESIAN_POINT('',(3.505262881527E-02,4.977656041047E-02,
    5.00001E-02));
#175 = B_SPLINE_CURVE_WITH_KNOTS('',3,(#176,#177,#178,#179,#180,#181,
    #182,#183,#184,#185,#186),.UNSPECIFIED.,.F.,.F.,(4,1,1,1,1,1,1,1,4),
  (0.,0.145186866472,0.28344261092,0.416524365929,0.543181123535,
    0.665153082638,0.781360206313,0.892756655642,1.),.UNSPECIFIED.);
#176 = CARTESIAN_POINT('',(5.858540320551E-02,5.373997504462E-02,
    5.00001E-02));
#177 = CARTESIAN_POINT('',(5.742271714313E-02,5.373164060106E-02,
    5.00001E-02));
#178 = CARTESIAN_POINT('',(5.515285085833E-02,5.371536959459E-02,
    5.00001E-02));
#179 = CARTESIAN_POINT('',(5.182292636146E-02,5.351132966801E-02,
    5.00001E-02));
#180 = CARTESIAN_POINT('',(4.864819864866E-02,5.322295879619E-02,
    5.00001E-02));
#181 = CARTESIAN_POINT('',(4.56240735146E-02,5.27732966226E-02,
    5.00001E-02));
#182 = CARTESIAN_POINT('',(4.275070656652E-02,5.223802068341E-02,
    5.00001E-02));
#183 = CARTESIAN_POINT('',(4.00388618704E-02,5.154026283087E-02,
    5.00001E-02));
#184 = CARTESIAN_POINT('',(3.747149223696E-02,5.075843040234E-02,
    5.00001E-02));
#185 = CARTESIAN_POINT('',(3.584864116633E-02,5.009967937356E-02,
    5.00001E-02));
#186 = CARTESIAN_POINT('',(3.505262881527E-02,4.977656041047E-02,
    5.00001E-02));
#187 = ORIENTED_EDGE('',*,*,#188,.T.);
#188 = EDGE_CURVE('',#173,#189,#191,.T.);
#189 = VERTEX_POINT('',#190);
#190 = CARTESIAN_POINT('',(3.505262881527E-02,3.636192626413E-02,
    5.00001E-02));
#191 = B_SPLINE_CURVE_WITH_KNOTS('',1,(#192,#193),.UNSPECIFIED.,.F.,.F.,
  (2,2),(0.,1.341463414634E-02),.PIECEWISE_BEZIER_KNOTS.);
#192 = CARTESIAN_POINT('',(3.505262881527E-02,4.977656041047E-02,
    5.00001E-02));
#193 = CARTESIAN_POINT('',(3.505262881527E-02,3.636192626413E-02,
    5.00001E-02));
#194 = ORIENTED_EDGE('',*,*,#195,.T.);
#195 = EDGE_CURVE('',#189,#196,#198,.T.);
#196 = VERTEX_POINT('',#197);
#197 = CARTESIAN_POINT('',(5.847107393722E-02,4.276436528852E-02,
    5.00001E-02));
#198 = B_SPLINE_CURVE_WITH_KNOTS('',3,(#199,#200,#201,#202,#203,#204,
    #205,#206,#207,#208,#209),.UNSPECIFIED.,.F.,.F.,(4,1,1,1,1,1,1,1,4),
  (0.,0.125279696736,0.249419970742,0.373356799493,0.496681278782,
    0.620202915744,0.745086320161,0.871269195019,1.),.UNSPECIFIED.);
#199 = CARTESIAN_POINT('',(3.505262881527E-02,3.636192626413E-02,
    5.00001E-02));
#200 = CARTESIAN_POINT('',(3.594066737804E-02,3.687794356328E-02,
    5.00001E-02));
#201 = CARTESIAN_POINT('',(3.770866776531E-02,3.790528496822E-02,
    5.00001E-02));
#202 = CARTESIAN_POINT('',(4.048941092669E-02,3.918966391083E-02,
    5.00001E-02));
#203 = CARTESIAN_POINT('',(4.332373524178E-02,4.030367772824E-02,
    5.00001E-02));
#204 = CARTESIAN_POINT('',(4.623148239728E-02,4.119297781121E-02,
    5.00001E-02));
#205 = CARTESIAN_POINT('',(4.91943518967E-02,4.191109445334E-02,
    5.00001E-02));
#206 = CARTESIAN_POINT('',(5.222788043072E-02,4.239275552462E-02,
    5.00001E-02));
#207 = CARTESIAN_POINT('',(5.53263205375E-02,4.271681888352E-02,
    5.00001E-02));
#208 = CARTESIAN_POINT('',(5.741586096627E-02,4.274841122888E-02,
    5.00001E-02));
#209 = CARTESIAN_POINT('',(5.847107393722E-02,4.276436528852E-02,
    5.00001E-02));
#210 = ORIENTED_EDGE('',*,*,#211,.T.);
#211 = EDGE_CURVE('',#196,#212,#214,.T.);
#212 = VERTEX_POINT('',#213);
#213 = CARTESIAN_POINT('',(9.602823857136E-02,1.453389678763E-03,
    5.00001E-02));
#214 = B_SPLINE_CURVE_WITH_KNOTS('',3,(#215,#216,#217,#218,#219,#220,
    #221,#222,#223,#224,#225,#226,#227,#228,#229,#230,#231,#232,#233),
  .UNSPECIFIED.,.F.,.F.,(4,1,1,1,1,1,1,1,1,1,1,1,1,1,1,1,4),(0.,
    6.460397028839E-02,0.126702413963,0.186756814036,0.245505687365,
    0.30365202445,0.361503073971,0.420240222928,0.480033340777,
    0.540678134776,0.601191806381,0.662333502477,0.724739510297,
    0.789467736173,0.856504860044,0.926312095839,1.),.UNSPECIFIED.);
#215 = CARTESIAN_POINT('',(5.847107393722E-02,4.276436528852E-02,
    5.00001E-02));
#216 = CARTESIAN_POINT('',(5.982601012367E-02,4.273523167992E-02,
    5.00001E-02));
#217 = CARTESIAN_POINT('',(6.248333419869E-02,4.267809434733E-02,
    5.00001E-02));
#218 = CARTESIAN_POINT('',(6.636548196984E-02,4.211711137879E-02,
    5.00001E-02));
#219 = CARTESIAN_POINT('',(7.006822128801E-02,4.127781745556E-02,
    5.00001E-02));
#220 = CARTESIAN_POINT('',(7.357670441988E-02,4.004944572767E-02,
    5.00001E-02));
#221 = CARTESIAN_POINT('',(7.688694746656E-02,3.846404269315E-02,
    5.00001E-02));
#222 = CARTESIAN_POINT('',(7.999607986643E-02,3.651566196194E-02,
    5.00001E-02));
#223 = CARTESIAN_POINT('',(8.292319597213E-02,3.424607672449E-02,
    5.00001E-02));
#224 = CARTESIAN_POINT('',(8.562364362209E-02,3.162697299908E-02,
    5.00001E-02));
#225 = CARTESIAN_POINT('',(8.808450259968E-02,2.873066262142E-02,
    5.00001E-02));
#226 = CARTESIAN_POINT('',(9.019678563322E-02,2.55379915544E-02,
    5.00001E-02));
#227 = CARTESIAN_POINT('',(9.202845565532E-02,2.213537354562E-02,
    5.00001E-02));
#228 = CARTESIAN_POINT('',(9.349525344771E-02,1.84631105223E-02,
    5.00001E-02));
#229 = CARTESIAN_POINT('',(9.463120337214E-02,1.454937813538E-02,
    5.00001E-02));
#230 = CARTESIAN_POINT('',(9.545111977509E-02,1.039951666878E-02,
    5.00001E-02));
#231 = CARTESIAN_POINT('',(9.592616804334E-02,6.005872326862E-03,
    5.00001E-02));
#232 = CARTESIAN_POINT('',(9.599360712342E-02,2.997998773044E-03,
    5.00001E-02));
#233 = CARTESIAN_POINT('',(9.602823857136E-02,1.453389678763E-03,
    5.00001E-02));
#234 = ORIENTED_EDGE('',*,*,#235,.T.);
#235 = EDGE_CURVE('',#212,#236,#238,.T.);
#236 = VERTEX_POINT('',#237);
#237 = CARTESIAN_POINT('',(6.071954954697E-02,-3.772343958953E-02,
    5.00001E-02));
#238 = B_SPLINE_CURVE_WITH_KNOTS('',3,(#239,#240,#241,#242,#243,#244,
    #245,#246,#247,#248,#249,#250,#251,#252,#253,#254,#255,#256,#257),
  .UNSPECIFIED.,.F.,.F.,(4,1,1,1,1,1,1,1,1,1,1,1,1,1,1,1,4),(0.,
    7.377411937406E-02,0.144079114726,0.211348518309,0.27607688574,
    0.33852091582,0.399885116693,0.460254067465,0.520588964391,
    0.580207684563,0.638632908553,0.696364549491,0.75400177466,
    0.812805681374,0.872754425526,0.935181996978,1.),.UNSPECIFIED.);
#239 = CARTESIAN_POINT('',(9.602823857136E-02,1.453389678763E-03,
    5.00001E-02));
#240 = CARTESIAN_POINT('',(9.600045658635E-02,-8.730890814551E-06,
    5.00001E-02));
#241 = CARTESIAN_POINT('',(9.594619902503E-02,-2.864217870188E-03,
    5.00001E-02));
#242 = CARTESIAN_POINT('',(9.54800403627E-02,-7.031985662471E-03,
    5.00001E-02));
#243 = CARTESIAN_POINT('',(9.472491593837E-02,-1.097265784694E-02,
    5.00001E-02));
#244 = CARTESIAN_POINT('',(9.36636817686E-02,-1.46827609649E-02,
    5.00001E-02));
#245 = CARTESIAN_POINT('',(9.227987124971E-02,-1.815886157255E-02,
    5.00001E-02));
#246 = CARTESIAN_POINT('',(9.060827664113E-02,-2.141019565792E-02,
    5.00001E-02));
#247 = CARTESIAN_POINT('',(8.860967486582E-02,-2.442208082136E-02,
    5.00001E-02));
#248 = CARTESIAN_POINT('',(8.632818488608E-02,-2.718041674604E-02,
    5.00001E-02));
#249 = CARTESIAN_POINT('',(8.379513005064E-02,-2.965398195706E-02,
    5.00001E-02));
#250 = CARTESIAN_POINT('',(8.106355425666E-02,-3.182632798931E-02,
    5.00001E-02));
#251 = CARTESIAN_POINT('',(7.812750624292E-02,-3.363956067239E-02,
    5.00001E-02));
#252 = CARTESIAN_POINT('',(7.501436417528E-02,-3.514315076053E-02,
    5.00001E-02));
#253 = CARTESIAN_POINT('',(7.171006227005E-02,-3.630563327984E-02,
    5.00001E-02));
#254 = CARTESIAN_POINT('',(6.820841523894E-02,-3.712057429452E-02,
    5.00001E-02));
#255 = CARTESIAN_POINT('',(6.452617463037E-02,-3.76253312253E-02,
    5.00001E-02));
#256 = CARTESIAN_POINT('',(6.200421704809E-02,-3.769032978114E-02,
    5.00001E-02));
#257 = CARTESIAN_POINT('',(6.071954954697E-02,-3.772343958953E-02,
    5.00001E-02));
#258 = ORIENTED_EDGE('',*,*,#259,.T.);
#259 = EDGE_CURVE('',#236,#100,#260,.T.);
#260 = B_SPLINE_CURVE_WITH_KNOTS('',3,(#261,#262,#263,#264,#265,#266,
    #267,#268,#269,#270,#271),.UNSPECIFIED.,.F.,.F.,(4,1,1,1,1,1,1,1,4),
  (0.,0.135294604763,0.266765657925,0.394816018836,0.520051654434,
    0.642175702971,0.762651820558,0.881834004381,1.),.UNSPECIFIED.);
#261 = CARTESIAN_POINT('',(6.071954954697E-02,-3.772343958953E-02,
    5.00001E-02));
#262 = CARTESIAN_POINT('',(5.95120074904E-02,-3.770758553479E-02,
    5.00001E-02));
#263 = CARTESIAN_POINT('',(5.713104964099E-02,-3.767632547566E-02,
    5.00001E-02));
#264 = CARTESIAN_POINT('',(5.361986145689E-02,-3.735552798078E-02,
    5.00001E-02));
#265 = CARTESIAN_POINT('',(5.021883857871E-02,-3.687270604928E-02,
    5.00001E-02));
#266 = CARTESIAN_POINT('',(4.694276349334E-02,-3.616203457708E-02,
    5.00001E-02));
#267 = CARTESIAN_POINT('',(4.378040409558E-02,-3.527243429208E-02,
    5.00001E-02));
#268 = CARTESIAN_POINT('',(4.074968879713E-02,-3.415502818134E-02,
    5.00001E-02));
#269 = CARTESIAN_POINT('',(3.781823295164E-02,-3.287871934269E-02,
    5.00001E-02));
#270 = CARTESIAN_POINT('',(3.597186182815E-02,-3.183875598294E-02,
    5.00001E-02));
#271 = CARTESIAN_POINT('',(3.505262881527E-02,-3.132100056514E-02,
    5.00001E-02));
#272 = FACE_BOUND('',#273,.T.);
#273 = EDGE_LOOP('',(#274,#283,#290,#297,#321));
#274 = ORIENTED_EDGE('',*,*,#275,.T.);
#275 = EDGE_CURVE('',#276,#278,#280,.T.);
#276 = VERTEX_POINT('',#277);
#277 = CARTESIAN_POINT('',(-8.482160898961E-02,-4.747953715051E-02,
    5.00001E-02));
#278 = VERTEX_POINT('',#279);
#279 = CARTESIAN_POINT('',(-5.7630298014E-02,-4.747953715051E-02,
    5.00001E-02));
#280 = B_SPLINE_CURVE_WITH_KNOTS('',1,(#281,#282),.UNSPECIFIED.,.F.,.F.,
  (2,2),(0.,2.719131097561E-02),.PIECEWISE_BEZIER_KNOTS.);
#281 = CARTESIAN_POINT('',(-8.482160898961E-02,-4.747953715051E-02,
    5.00001E-02));
#282 = CARTESIAN_POINT('',(-5.7630298014E-02,-4.747953715051E-02,
    5.00001E-02));
#283 = ORIENTED_EDGE('',*,*,#284,.T.);
#284 = EDGE_CURVE('',#278,#285,#287,.T.);
#285 = VERTEX_POINT('',#286);
#286 = CARTESIAN_POINT('',(-5.7630298014E-02,5.252046284949E-02,
    5.00001E-02));
#287 = B_SPLINE_CURVE_WITH_KNOTS('',1,(#288,#289),.UNSPECIFIED.,.F.,.F.,
  (2,2),(0.,0.1),.PIECEWISE_BEZIER_KNOTS.);
#288 = CARTESIAN_POINT('',(-5.7630298014E-02,-4.747953715051E-02,
    5.00001E-02));
#289 = CARTESIAN_POINT('',(-5.7630298014E-02,5.252046284949E-02,
    5.00001E-02));
#290 = ORIENTED_EDGE('',*,*,#291,.T.);
#291 = EDGE_CURVE('',#285,#292,#294,.T.);
#292 = VERTEX_POINT('',#293);
#293 = CARTESIAN_POINT('',(-8.585057240425E-02,5.252046284949E-02,
    5.00001E-02));
#294 = B_SPLINE_CURVE_WITH_KNOTS('',1,(#295,#296),.UNSPECIFIED.,.F.,.F.,
  (2,2),(0.,2.822027439024E-02),.PIECEWISE_BEZIER_KNOTS.);
#295 = CARTESIAN_POINT('',(-5.7630298014E-02,5.252046284949E-02,
    5.00001E-02));
#296 = CARTESIAN_POINT('',(-8.585057240425E-02,5.252046284949E-02,
    5.00001E-02));
#297 = ORIENTED_EDGE('',*,*,#298,.T.);
#298 = EDGE_CURVE('',#292,#299,#301,.T.);
#299 = VERTEX_POINT('',#300);
#300 = CARTESIAN_POINT('',(-0.138118102892,3.778084800714E-03,
    5.00001E-02));
#301 = B_SPLINE_CURVE_WITH_KNOTS('',3,(#302,#303,#304,#305,#306,#307,
    #308,#309,#310,#311,#312,#313,#314,#315,#316,#317,#318,#319,#320),
  .UNSPECIFIED.,.F.,.F.,(4,1,1,1,1,1,1,1,1,1,1,1,1,1,1,1,4),(0.,
    6.86311786766E-02,0.134566466039,0.198328154011,0.260789766641,
    0.321999151484,0.382721746503,0.443537474036,0.505133429485,
    0.566213874765,0.626105864618,0.685349322161,0.744995870348,
    0.805415841815,0.867636266346,0.932307782302,1.),.UNSPECIFIED.);
#302 = CARTESIAN_POINT('',(-8.585057240425E-02,5.252046284949E-02,
    5.00001E-02));
#303 = CARTESIAN_POINT('',(-8.768775881088E-02,5.247951365424E-02,
    5.00001E-02));
#304 = CARTESIAN_POINT('',(-9.128996537301E-02,5.239922378308E-02,
    5.00001E-02));
#305 = CARTESIAN_POINT('',(-9.657237979162E-02,5.178932825879E-02,
    5.00001E-02));
#306 = CARTESIAN_POINT('',(-0.101611964093,5.073096127791E-02,
    5.00001E-02));
#307 = CARTESIAN_POINT('',(-0.106422576796,4.928711140495E-02,
    5.00001E-02));
#308 = CARTESIAN_POINT('',(-0.111009790201,4.744260895043E-02,
    5.00001E-02));
#309 = CARTESIAN_POINT('',(-0.115330388981,4.513193977791E-02,
    5.00001E-02));
#310 = CARTESIAN_POINT('',(-0.119431779386,4.243541091802E-02,
    5.00001E-02));
#311 = CARTESIAN_POINT('',(-0.123260590633,3.934717408963E-02,
    5.00001E-02));
#312 = CARTESIAN_POINT('',(-0.126750418189,3.591335864084E-02,
    5.00001E-02));
#313 = CARTESIAN_POINT('',(-0.12979263028,3.215789127454E-02,5.00001E-02
    ));
#314 = CARTESIAN_POINT('',(-0.132397236314,2.813100081425E-02,
    5.00001E-02));
#315 = CARTESIAN_POINT('',(-0.134493258743,2.380084702892E-02,
    5.00001E-02));
#316 = CARTESIAN_POINT('',(-0.136120757588,1.919076078682E-02,
    5.00001E-02));
#317 = CARTESIAN_POINT('',(-0.137273239003,1.43040849921E-02,5.00001E-02
    ));
#318 = CARTESIAN_POINT('',(-0.138000133773,9.135284883411E-03,
    5.00001E-02));
#319 = CARTESIAN_POINT('',(-0.138078186103,5.590781457812E-03,
    5.00001E-02));
#320 = CARTESIAN_POINT('',(-0.138118102892,3.778084800714E-03,
    5.00001E-02));
#321 = ORIENTED_EDGE('',*,*,#322,.T.);
#322 = EDGE_CURVE('',#299,#276,#323,.T.);
#323 = B_SPLINE_CURVE_WITH_KNOTS('',3,(#324,#325,#326,#327,#328,#329,
    #330,#331,#332,#333,#334,#335,#336,#337,#338,#339,#340,#341,#342),
  .UNSPECIFIED.,.F.,.F.,(4,1,1,1,1,1,1,1,1,1,1,1,1,1,1,1,4),(0.,
    6.806869584499E-02,0.133427432819,0.196146033813,0.257048592449,
    0.316882663159,0.376187208666,0.435960335364,0.496535236863,
    0.557465343481,0.61768686341,0.677943640697,0.738805284806,
    0.800949336767,0.86481466747,0.931024781079,1.),.UNSPECIFIED.);
#324 = CARTESIAN_POINT('',(-0.138118102892,3.778084800714E-03,
    5.00001E-02));
#325 = CARTESIAN_POINT('',(-0.138077716172,1.889326350079E-03,
    5.00001E-02));
#326 = CARTESIAN_POINT('',(-0.137998550612,-1.812995079102E-03,
    5.00001E-02));
#327 = CARTESIAN_POINT('',(-0.137274972749,-7.216214586975E-03,
    5.00001E-02));
#328 = CARTESIAN_POINT('',(-0.136119903141,-1.23359178812E-02,
    5.00001E-02));
#329 = CARTESIAN_POINT('',(-0.134498526955,-1.716919636508E-02,
    5.00001E-02));
#330 = CARTESIAN_POINT('',(-0.132399318343,-2.171256390002E-02,
    5.00001E-02));
#331 = CARTESIAN_POINT('',(-0.129796612377,-2.594942160235E-02,
    5.00001E-02));
#332 = CARTESIAN_POINT('',(-0.126760557333,-2.991207411212E-02,
    5.00001E-02));
#333 = CARTESIAN_POINT('',(-0.123270352376,-3.354622983893E-02,
    5.00001E-02));
#334 = CARTESIAN_POINT('',(-0.11941043722,-3.679878625379E-02,
    5.00001E-02));
#335 = CARTESIAN_POINT('',(-0.115282953592,-3.969146747978E-02,
    5.00001E-02));
#336 = CARTESIAN_POINT('',(-0.110852435866,-4.209490004599E-02,
    5.00001E-02));
#337 = CARTESIAN_POINT('',(-0.106156725019,-4.40586188073E-02,
    5.00001E-02));
#338 = CARTESIAN_POINT('',(-0.101204033862,-4.561769411363E-02,
    5.00001E-02));
#339 = CARTESIAN_POINT('',(-9.597289808868E-02,-4.667919195924E-02,
    5.00001E-02));
#340 = CARTESIAN_POINT('',(-9.048709203514E-02,-4.737703382007E-02,
    5.00001E-02));
#341 = CARTESIAN_POINT('',(-8.673568068751E-02,-4.744490661289E-02,
    5.00001E-02));
#342 = CARTESIAN_POINT('',(-8.482160898961E-02,-4.747953715051E-02,
    5.00001E-02));
#343 = FACE_BOUND('',#344,.T.);
#344 = EDGE_LOOP('',(#345,#354,#361,#368,#375,#382,#389,#396));
#345 = ORIENTED_EDGE('',*,*,#346,.T.);
#346 = EDGE_CURVE('',#347,#349,#351,.T.);
#347 = VERTEX_POINT('',#348);
#348 = CARTESIAN_POINT('',(-0.196654688258,5.252046284949E-02,
    5.00001E-02));
#349 = VERTEX_POINT('',#350);
#350 = CARTESIAN_POINT('',(-0.235679078502,-4.747953715051E-02,
    5.00001E-02));
#351 = B_SPLINE_CURVE_WITH_KNOTS('',1,(#352,#353),.UNSPECIFIED.,.F.,.F.,
  (2,2),(0.,0.107344785779),.PIECEWISE_BEZIER_KNOTS.);
#352 = CARTESIAN_POINT('',(-0.196654688258,5.252046284949E-02,
    5.00001E-02));
#353 = CARTESIAN_POINT('',(-0.235679078502,-4.747953715051E-02,
    5.00001E-02));
#354 = ORIENTED_EDGE('',*,*,#355,.T.);
#355 = EDGE_CURVE('',#349,#356,#358,.T.);
#356 = VERTEX_POINT('',#357);
#357 = CARTESIAN_POINT('',(-0.22104493216,-4.747953715051E-02,
    5.00001E-02));
#358 = B_SPLINE_CURVE_WITH_KNOTS('',1,(#359,#360),.UNSPECIFIED.,.F.,.F.,
  (2,2),(0.,1.463414634146E-02),.PIECEWISE_BEZIER_KNOTS.);
#359 = CARTESIAN_POINT('',(-0.235679078502,-4.747953715051E-02,
    5.00001E-02));
#360 = CARTESIAN_POINT('',(-0.22104493216,-4.747953715051E-02,
    5.00001E-02));
#361 = ORIENTED_EDGE('',*,*,#362,.T.);
#362 = EDGE_CURVE('',#356,#363,#365,.T.);
#363 = VERTEX_POINT('',#364);
#364 = CARTESIAN_POINT('',(-0.210926791916,-1.94307566627E-02,
    5.00001E-02));
#365 = B_SPLINE_CURVE_WITH_KNOTS('',1,(#366,#367),.UNSPECIFIED.,.F.,.F.,
  (2,2),(0.,2.981796184933E-02),.PIECEWISE_BEZIER_KNOTS.);
#366 = CARTESIAN_POINT('',(-0.22104493216,-4.747953715051E-02,
    5.00001E-02));
#367 = CARTESIAN_POINT('',(-0.210926791916,-1.94307566627E-02,
    5.00001E-02));
#368 = ORIENTED_EDGE('',*,*,#369,.T.);
#369 = EDGE_CURVE('',#363,#370,#372,.T.);
#370 = VERTEX_POINT('',#371);
#371 = CARTESIAN_POINT('',(-0.169615816307,-1.94307566627E-02,
    5.00001E-02));
#372 = B_SPLINE_CURVE_WITH_KNOTS('',1,(#373,#374),.UNSPECIFIED.,.F.,.F.,
  (2,2),(0.,4.131097560976E-02),.PIECEWISE_BEZIER_KNOTS.);
#373 = CARTESIAN_POINT('',(-0.210926791916,-1.94307566627E-02,
    5.00001E-02));
#374 = CARTESIAN_POINT('',(-0.169615816307,-1.94307566627E-02,
    5.00001E-02));
#375 = ORIENTED_EDGE('',*,*,#376,.T.);
#376 = EDGE_CURVE('',#370,#377,#379,.T.);
#377 = VERTEX_POINT('',#378);
#378 = CARTESIAN_POINT('',(-0.160069322404,-4.747953715051E-02,
    5.00001E-02));
#379 = B_SPLINE_CURVE_WITH_KNOTS('',1,(#380,#381),.UNSPECIFIED.,.F.,.F.,
  (2,2),(0.,2.962886485646E-02),.PIECEWISE_BEZIER_KNOTS.);
#380 = CARTESIAN_POINT('',(-0.169615816307,-1.94307566627E-02,
    5.00001E-02));
#381 = CARTESIAN_POINT('',(-0.160069322404,-4.747953715051E-02,
    5.00001E-02));
#382 = ORIENTED_EDGE('',*,*,#383,.T.);
#383 = EDGE_CURVE('',#377,#384,#386,.T.);
#384 = VERTEX_POINT('',#385);
#385 = CARTESIAN_POINT('',(-0.145435176063,-4.747953715051E-02,
    5.00001E-02));
#386 = B_SPLINE_CURVE_WITH_KNOTS('',1,(#387,#388),.UNSPECIFIED.,.F.,.F.,
  (2,2),(0.,1.463414634146E-02),.PIECEWISE_BEZIER_KNOTS.);
#387 = CARTESIAN_POINT('',(-0.160069322404,-4.747953715051E-02,
    5.00001E-02));
#388 = CARTESIAN_POINT('',(-0.145435176063,-4.747953715051E-02,
    5.00001E-02));
#389 = ORIENTED_EDGE('',*,*,#390,.T.);
#390 = EDGE_CURVE('',#384,#391,#393,.T.);
#391 = VERTEX_POINT('',#392);
#392 = CARTESIAN_POINT('',(-0.183240054112,5.252046284949E-02,
    5.00001E-02));
#393 = B_SPLINE_CURVE_WITH_KNOTS('',1,(#394,#395),.UNSPECIFIED.,.F.,.F.,
  (2,2),(0.,0.106907477775),.PIECEWISE_BEZIER_KNOTS.);
#394 = CARTESIAN_POINT('',(-0.145435176063,-4.747953715051E-02,
    5.00001E-02));
#395 = CARTESIAN_POINT('',(-0.183240054112,5.252046284949E-02,
    5.00001E-02));
#396 = ORIENTED_EDGE('',*,*,#397,.T.);
#397 = EDGE_CURVE('',#391,#347,#398,.T.);
#398 = B_SPLINE_CURVE_WITH_KNOTS('',1,(#399,#400),.UNSPECIFIED.,.F.,.F.,
  (2,2),(0.,1.341463414634E-02),.PIECEWISE_BEZIER_KNOTS.);
#399 = CARTESIAN_POINT('',(-0.183240054112,5.252046284949E-02,
    5.00001E-02));
#400 = CARTESIAN_POINT('',(-0.196654688258,5.252046284949E-02,
    5.00001E-02));
#401 = FACE_BOUND('',#402,.T.);
#402 = EDGE_LOOP('',(#403,#412,#419,#426,#433,#440,#447,#454,#461,#468,
    #475,#482));
#403 = ORIENTED_EDGE('',*,*,#404,.T.);
#404 = EDGE_CURVE('',#405,#407,#409,.T.);
#405 = VERTEX_POINT('',#406);
#406 = CARTESIAN_POINT('',(-3.811810289205E-02,-3.650392739441E-02,
    5.00001E-02));
#407 = VERTEX_POINT('',#408);
#408 = CARTESIAN_POINT('',(-3.811810289205E-02,-4.747953715051E-02,
    5.00001E-02));
#409 = B_SPLINE_CURVE_WITH_KNOTS('',1,(#410,#411),.UNSPECIFIED.,.F.,.F.,
  (2,2),(0.,1.09756097561E-02),.PIECEWISE_BEZIER_KNOTS.);
#410 = CARTESIAN_POINT('',(-3.811810289205E-02,-3.650392739441E-02,
    5.00001E-02));
#411 = CARTESIAN_POINT('',(-3.811810289205E-02,-4.747953715051E-02,
    5.00001E-02));
#412 = ORIENTED_EDGE('',*,*,#413,.T.);
#413 = EDGE_CURVE('',#407,#414,#416,.T.);
#414 = VERTEX_POINT('',#415);
#415 = CARTESIAN_POINT('',(1.554043369331E-02,-4.747953715051E-02,
    5.00001E-02));
#416 = B_SPLINE_CURVE_WITH_KNOTS('',1,(#417,#418),.UNSPECIFIED.,.F.,.F.,
  (2,2),(0.,5.365853658537E-02),.PIECEWISE_BEZIER_KNOTS.);
#417 = CARTESIAN_POINT('',(-3.811810289205E-02,-4.747953715051E-02,
    5.00001E-02));
#418 = CARTESIAN_POINT('',(1.554043369331E-02,-4.747953715051E-02,
    5.00001E-02));
#419 = ORIENTED_EDGE('',*,*,#420,.T.);
#420 = EDGE_CURVE('',#414,#421,#423,.T.);
#421 = VERTEX_POINT('',#422);
#422 = CARTESIAN_POINT('',(1.554043369331E-02,5.252046284949E-02,
    5.00001E-02));
#423 = B_SPLINE_CURVE_WITH_KNOTS('',1,(#424,#425),.UNSPECIFIED.,.F.,.F.,
  (2,2),(0.,0.1),.PIECEWISE_BEZIER_KNOTS.);
#424 = CARTESIAN_POINT('',(1.554043369331E-02,-4.747953715051E-02,
    5.00001E-02));
#425 = CARTESIAN_POINT('',(1.554043369331E-02,5.252046284949E-02,
    5.00001E-02));
#426 = ORIENTED_EDGE('',*,*,#427,.T.);
#427 = EDGE_CURVE('',#421,#428,#430,.T.);
#428 = VERTEX_POINT('',#429);
#429 = CARTESIAN_POINT('',(-3.567907850181E-02,5.252046284949E-02,
    5.00001E-02));
#430 = B_SPLINE_CURVE_WITH_KNOTS('',1,(#431,#432),.UNSPECIFIED.,.F.,.F.,
  (2,2),(0.,5.121951219512E-02),.PIECEWISE_BEZIER_KNOTS.);
#431 = CARTESIAN_POINT('',(1.554043369331E-02,5.252046284949E-02,
    5.00001E-02));
#432 = CARTESIAN_POINT('',(-3.567907850181E-02,5.252046284949E-02,
    5.00001E-02));
#433 = ORIENTED_EDGE('',*,*,#434,.T.);
#434 = EDGE_CURVE('',#428,#435,#437,.T.);
#435 = VERTEX_POINT('',#436);
#436 = CARTESIAN_POINT('',(-3.567907850181E-02,4.15448530934E-02,
    5.00001E-02));
#437 = B_SPLINE_CURVE_WITH_KNOTS('',1,(#438,#439),.UNSPECIFIED.,.F.,.F.,
  (2,2),(0.,1.09756097561E-02),.PIECEWISE_BEZIER_KNOTS.);
#438 = CARTESIAN_POINT('',(-3.567907850181E-02,5.252046284949E-02,
    5.00001E-02));
#439 = CARTESIAN_POINT('',(-3.567907850181E-02,4.15448530934E-02,
    5.00001E-02));
#440 = ORIENTED_EDGE('',*,*,#441,.T.);
#441 = EDGE_CURVE('',#435,#442,#444,.T.);
#442 = VERTEX_POINT('',#443);
#443 = CARTESIAN_POINT('',(2.125799546973E-03,4.15448530934E-02,
    5.00001E-02));
#444 = B_SPLINE_CURVE_WITH_KNOTS('',1,(#445,#446),.UNSPECIFIED.,.F.,.F.,
  (2,2),(0.,3.780487804878E-02),.PIECEWISE_BEZIER_KNOTS.);
#445 = CARTESIAN_POINT('',(-3.567907850181E-02,4.15448530934E-02,
    5.00001E-02));
#446 = CARTESIAN_POINT('',(2.125799546973E-03,4.15448530934E-02,
    5.00001E-02));
#447 = ORIENTED_EDGE('',*,*,#448,.T.);
#448 = EDGE_CURVE('',#442,#449,#451,.T.);
#449 = VERTEX_POINT('',#450);
#450 = CARTESIAN_POINT('',(2.125799546973E-03,8.618023825104E-03,
    5.00001E-02));
#451 = B_SPLINE_CURVE_WITH_KNOTS('',1,(#452,#453),.UNSPECIFIED.,.F.,.F.,
  (2,2),(0.,3.292682926829E-02),.PIECEWISE_BEZIER_KNOTS.);
#452 = CARTESIAN_POINT('',(2.125799546973E-03,4.15448530934E-02,
    5.00001E-02));
#453 = CARTESIAN_POINT('',(2.125799546973E-03,8.618023825104E-03,
    5.00001E-02));
#454 = ORIENTED_EDGE('',*,*,#455,.T.);
#455 = EDGE_CURVE('',#449,#456,#458,.T.);
#456 = VERTEX_POINT('',#457);
#457 = CARTESIAN_POINT('',(-3.324005411156E-02,8.618023825104E-03,
    5.00001E-02));
#458 = B_SPLINE_CURVE_WITH_KNOTS('',1,(#459,#460),.UNSPECIFIED.,.F.,.F.,
  (2,2),(0.,3.536585365854E-02),.PIECEWISE_BEZIER_KNOTS.);
#459 = CARTESIAN_POINT('',(2.125799546973E-03,8.618023825104E-03,
    5.00001E-02));
#460 = CARTESIAN_POINT('',(-3.324005411156E-02,8.618023825104E-03,
    5.00001E-02));
#461 = ORIENTED_EDGE('',*,*,#462,.T.);
#462 = EDGE_CURVE('',#456,#463,#465,.T.);
#463 = VERTEX_POINT('',#464);
#464 = CARTESIAN_POINT('',(-3.324005411156E-02,-2.357585930994E-03,
    5.00001E-02));
#465 = B_SPLINE_CURVE_WITH_KNOTS('',1,(#466,#467),.UNSPECIFIED.,.F.,.F.,
  (2,2),(0.,1.09756097561E-02),.PIECEWISE_BEZIER_KNOTS.);
#466 = CARTESIAN_POINT('',(-3.324005411156E-02,8.618023825104E-03,
    5.00001E-02));
#467 = CARTESIAN_POINT('',(-3.324005411156E-02,-2.357585930994E-03,
    5.00001E-02));
#468 = ORIENTED_EDGE('',*,*,#469,.T.);
#469 = EDGE_CURVE('',#463,#470,#472,.T.);
#470 = VERTEX_POINT('',#471);
#471 = CARTESIAN_POINT('',(2.125799546973E-03,-2.357585930994E-03,
    5.00001E-02));
#472 = B_SPLINE_CURVE_WITH_KNOTS('',1,(#473,#474),.UNSPECIFIED.,.F.,.F.,
  (2,2),(0.,3.536585365854E-02),.PIECEWISE_BEZIER_KNOTS.);
#473 = CARTESIAN_POINT('',(-3.324005411156E-02,-2.357585930994E-03,
    5.00001E-02));
#474 = CARTESIAN_POINT('',(2.125799546973E-03,-2.357585930994E-03,
    5.00001E-02));
#475 = ORIENTED_EDGE('',*,*,#476,.T.);
#476 = EDGE_CURVE('',#470,#477,#479,.T.);
#477 = VERTEX_POINT('',#478);
#478 = CARTESIAN_POINT('',(2.125799546973E-03,-3.650392739441E-02,
    5.00001E-02));
#479 = B_SPLINE_CURVE_WITH_KNOTS('',1,(#480,#481),.UNSPECIFIED.,.F.,.F.,
  (2,2),(0.,3.414634146341E-02),.PIECEWISE_BEZIER_KNOTS.);
#480 = CARTESIAN_POINT('',(2.125799546973E-03,-2.357585930994E-03,
    5.00001E-02));
#481 = CARTESIAN_POINT('',(2.125799546973E-03,-3.650392739441E-02,
    5.00001E-02));
#482 = ORIENTED_EDGE('',*,*,#483,.T.);
#483 = EDGE_CURVE('',#477,#405,#484,.T.);
#484 = B_SPLINE_CURVE_WITH_KNOTS('',1,(#485,#486),.UNSPECIFIED.,.F.,.F.,
  (2,2),(0.,4.024390243902E-02),.PIECEWISE_BEZIER_KNOTS.);
#485 = CARTESIAN_POINT('',(2.125799546973E-03,-3.650392739441E-02,
    5.00001E-02));
#486 = CARTESIAN_POINT('',(-3.811810289205E-02,-3.650392739441E-02,
    5.00001E-02));
#487 = FACE_BOUND('',#488,.T.);
#488 = EDGE_LOOP('',(#489,#498,#505,#512,#519,#526));
#489 = ORIENTED_EDGE('',*,*,#490,.T.);
#490 = EDGE_CURVE('',#491,#493,#495,.T.);
#491 = VERTEX_POINT('',#492);
#492 = CARTESIAN_POINT('',(0.117979458084,-3.650392739441E-02,
    5.00001E-02));
#493 = VERTEX_POINT('',#494);
#494 = CARTESIAN_POINT('',(0.117979458084,-4.747953715051E-02,
    5.00001E-02));
#495 = B_SPLINE_CURVE_WITH_KNOTS('',1,(#496,#497),.UNSPECIFIED.,.F.,.F.,
  (2,2),(0.,1.09756097561E-02),.PIECEWISE_BEZIER_KNOTS.);
#496 = CARTESIAN_POINT('',(0.117979458084,-3.650392739441E-02,
    5.00001E-02));
#497 = CARTESIAN_POINT('',(0.117979458084,-4.747953715051E-02,
    5.00001E-02));
#498 = ORIENTED_EDGE('',*,*,#499,.T.);
#499 = EDGE_CURVE('',#493,#500,#502,.T.);
#500 = VERTEX_POINT('',#501);
#501 = CARTESIAN_POINT('',(0.169198970279,-4.747953715051E-02,
    5.00001E-02));
#502 = B_SPLINE_CURVE_WITH_KNOTS('',1,(#503,#504),.UNSPECIFIED.,.F.,.F.,
  (2,2),(0.,5.121951219512E-02),.PIECEWISE_BEZIER_KNOTS.);
#503 = CARTESIAN_POINT('',(0.117979458084,-4.747953715051E-02,
    5.00001E-02));
#504 = CARTESIAN_POINT('',(0.169198970279,-4.747953715051E-02,
    5.00001E-02));
#505 = ORIENTED_EDGE('',*,*,#506,.T.);
#506 = EDGE_CURVE('',#500,#507,#509,.T.);
#507 = VERTEX_POINT('',#508);
#508 = CARTESIAN_POINT('',(0.169198970279,5.252046284949E-02,5.00001E-02
    ));
#509 = B_SPLINE_CURVE_WITH_KNOTS('',1,(#510,#511),.UNSPECIFIED.,.F.,.F.,
  (2,2),(0.,0.1),.PIECEWISE_BEZIER_KNOTS.);
#510 = CARTESIAN_POINT('',(0.169198970279,-4.747953715051E-02,
    5.00001E-02));
#511 = CARTESIAN_POINT('',(0.169198970279,5.252046284949E-02,5.00001E-02
    ));
#512 = ORIENTED_EDGE('',*,*,#513,.T.);
#513 = EDGE_CURVE('',#507,#514,#516,.T.);
#514 = VERTEX_POINT('',#515);
#515 = CARTESIAN_POINT('',(0.155784336132,5.252046284949E-02,5.00001E-02
    ));
#516 = B_SPLINE_CURVE_WITH_KNOTS('',1,(#517,#518),.UNSPECIFIED.,.F.,.F.,
  (2,2),(0.,1.341463414634E-02),.PIECEWISE_BEZIER_KNOTS.);
#517 = CARTESIAN_POINT('',(0.169198970279,5.252046284949E-02,5.00001E-02
    ));
#518 = CARTESIAN_POINT('',(0.155784336132,5.252046284949E-02,5.00001E-02
    ));
#519 = ORIENTED_EDGE('',*,*,#520,.T.);
#520 = EDGE_CURVE('',#514,#521,#523,.T.);
#521 = VERTEX_POINT('',#522);
#522 = CARTESIAN_POINT('',(0.155784336132,-3.650392739441E-02,
    5.00001E-02));
#523 = B_SPLINE_CURVE_WITH_KNOTS('',1,(#524,#525),.UNSPECIFIED.,.F.,.F.,
  (2,2),(0.,8.90243902439E-02),.PIECEWISE_BEZIER_KNOTS.);
#524 = CARTESIAN_POINT('',(0.155784336132,5.252046284949E-02,5.00001E-02
    ));
#525 = CARTESIAN_POINT('',(0.155784336132,-3.650392739441E-02,
    5.00001E-02));
#526 = ORIENTED_EDGE('',*,*,#527,.T.);
#527 = EDGE_CURVE('',#521,#491,#528,.T.);
#528 = B_SPLINE_CURVE_WITH_KNOTS('',1,(#529,#530),.UNSPECIFIED.,.F.,.F.,
  (2,2),(0.,3.780487804878E-02),.PIECEWISE_BEZIER_KNOTS.);
#529 = CARTESIAN_POINT('',(0.155784336132,-3.650392739441E-02,
    5.00001E-02));
#530 = CARTESIAN_POINT('',(0.117979458084,-3.650392739441E-02,
    5.00001E-02));
#531 = B_SPLINE_SURFACE_WITH_KNOTS('',1,1,(
    (#532,#533)
    ,(#534,#535
    )),.UNSPECIFIED.,.F.,.F.,.F.,(2,2),(2,2),(-1.354425477333,
    1.354425477333),(-0.554425477333,0.554425477333),
  .PIECEWISE_BEZIER_KNOTS.);
#532 = CARTESIAN_POINT('',(-1.354425477333,-0.554425477333,5.00001E-02)
  );
#533 = CARTESIAN_POINT('',(-1.354425477333,0.554425477333,5.00001E-02));
#534 = CARTESIAN_POINT('',(1.354425477333,-0.554425477333,5.00001E-02));
#535 = CARTESIAN_POINT('',(1.354425477333,0.554425477333,5.00001E-02));
#536 = ADVANCED_FACE('',(#537),#623,.T.);
#537 = FACE_BOUND('',#538,.T.);
#538 = EDGE_LOOP('',(#539,#548,#555,#562,#569,#576,#583,#590,#597,#604,
    #611,#618));
#539 = ORIENTED_EDGE('',*,*,#540,.T.);
#540 = EDGE_CURVE('',#541,#543,#545,.T.);
#541 = VERTEX_POINT('',#542);
#542 = CARTESIAN_POINT('',(-1.354425477333,-0.604303679846,
    9.651227631279E-02));
#543 = VERTEX_POINT('',#544);
#544 = CARTESIAN_POINT('',(1.354425477333,-0.604303679846,
    9.651227631279E-02));
#545 = B_SPLINE_CURVE_WITH_KNOTS('',1,(#546,#547),.UNSPECIFIED.,.F.,.F.,
  (2,2),(-2.755476708972,-4.662575430688E-02),.PIECEWISE_BEZIER_KNOTS.);
#546 = CARTESIAN_POINT('',(-1.354425477333,-0.604303679846,
    9.651227631279E-02));
#547 = CARTESIAN_POINT('',(1.354425477333,-0.604303679846,
    9.651227631279E-02));
#548 = ORIENTED_EDGE('',*,*,#549,.T.);
#549 = EDGE_CURVE('',#543,#550,#552,.T.);
#550 = VERTEX_POINT('',#551);
#551 = CARTESIAN_POINT('',(1.400121797487,-0.65,0.7500001));
#552 = B_SPLINE_CURVE_WITH_KNOTS('',1,(#553,#554),.UNSPECIFIED.,.F.,.F.,
  (2,2),(-0.458342954909,0.19833249237),.PIECEWISE_BEZIER_KNOTS.);
#553 = CARTESIAN_POINT('',(1.354425477333,-0.604303679846,
    9.651227631279E-02));
#554 = CARTESIAN_POINT('',(1.400121797487,-0.65,0.7500001));
#555 = ORIENTED_EDGE('',*,*,#556,.F.);
#556 = EDGE_CURVE('',#557,#550,#559,.T.);
#557 = VERTEX_POINT('',#558);
#558 = CARTESIAN_POINT('',(1.15,-0.65,0.7500001));
#559 = B_SPLINE_CURVE_WITH_KNOTS('',1,(#560,#561),.UNSPECIFIED.,.F.,.F.,
  (2,2),(2.6,2.850121797487),.PIECEWISE_BEZIER_KNOTS.);
#560 = CARTESIAN_POINT('',(1.15,-0.65,0.7500001));
#561 = CARTESIAN_POINT('',(1.400121797487,-0.65,0.7500001));
#562 = ORIENTED_EDGE('',*,*,#563,.F.);
#563 = EDGE_CURVE('',#564,#557,#566,.T.);
#564 = VERTEX_POINT('',#565);
#565 = CARTESIAN_POINT('',(1.15,-0.644405855045,0.6700001));
#566 = B_SPLINE_CURVE_WITH_KNOTS('',1,(#567,#568),.UNSPECIFIED.,.F.,.F.,
  (2,2),(-8.019535184649E-02,0.),.PIECEWISE_BEZIER_KNOTS.);
#567 = CARTESIAN_POINT('',(1.15,-0.644405855045,0.6700001));
#568 = CARTESIAN_POINT('',(1.15,-0.65,0.7500001));
#569 = ORIENTED_EDGE('',*,*,#570,.T.);
#570 = EDGE_CURVE('',#564,#571,#573,.T.);
#571 = VERTEX_POINT('',#572);
#572 = CARTESIAN_POINT('',(0.75,-0.644405855045,0.6700001));
#573 = B_SPLINE_CURVE_WITH_KNOTS('',1,(#574,#575),.UNSPECIFIED.,.F.,.F.,
  (2,2),(-0.,0.4),.PIECEWISE_BEZIER_KNOTS.);
#574 = CARTESIAN_POINT('',(1.15,-0.644405855045,0.6700001));
#575 = CARTESIAN_POINT('',(0.75,-0.644405855045,0.6700001));
#576 = ORIENTED_EDGE('',*,*,#577,.T.);
#577 = EDGE_CURVE('',#571,#578,#580,.T.);
#578 = VERTEX_POINT('',#579);
#579 = CARTESIAN_POINT('',(0.75,-0.65,0.7500001));
#580 = B_SPLINE_CURVE_WITH_KNOTS('',1,(#581,#582),.UNSPECIFIED.,.F.,.F.,
  (2,2),(-8.019535184649E-02,0.),.PIECEWISE_BEZIER_KNOTS.);
#581 = CARTESIAN_POINT('',(0.75,-0.644405855045,0.6700001));
#582 = CARTESIAN_POINT('',(0.75,-0.65,0.7500001));
#583 = ORIENTED_EDGE('',*,*,#584,.F.);
#584 = EDGE_CURVE('',#585,#578,#587,.T.);
#585 = VERTEX_POINT('',#586);
#586 = CARTESIAN_POINT('',(-0.75,-0.65,0.7500001));
#587 = B_SPLINE_CURVE_WITH_KNOTS('',1,(#588,#589),.UNSPECIFIED.,.F.,.F.,
  (2,2),(0.7,2.2),.PIECEWISE_BEZIER_KNOTS.);
#588 = CARTESIAN_POINT('',(-0.75,-0.65,0.7500001));
#589 = CARTESIAN_POINT('',(0.75,-0.65,0.7500001));
#590 = ORIENTED_EDGE('',*,*,#591,.F.);
#591 = EDGE_CURVE('',#592,#585,#594,.T.);
#592 = VERTEX_POINT('',#593);
#593 = CARTESIAN_POINT('',(-0.75,-0.644405855045,0.6700001));
#594 = B_SPLINE_CURVE_WITH_KNOTS('',1,(#595,#596),.UNSPECIFIED.,.F.,.F.,
  (2,2),(-8.019535184649E-02,1.820498437226E-16),
  .PIECEWISE_BEZIER_KNOTS.);
#595 = CARTESIAN_POINT('',(-0.75,-0.644405855045,0.6700001));
#596 = CARTESIAN_POINT('',(-0.75,-0.65,0.7500001));
#597 = ORIENTED_EDGE('',*,*,#598,.F.);
#598 = EDGE_CURVE('',#599,#592,#601,.T.);
#599 = VERTEX_POINT('',#600);
#600 = CARTESIAN_POINT('',(-1.15,-0.644405855045,0.6700001));
#601 = B_SPLINE_CURVE_WITH_KNOTS('',1,(#602,#603),.UNSPECIFIED.,.F.,.F.,
  (2,2),(0.,0.4),.PIECEWISE_BEZIER_KNOTS.);
#602 = CARTESIAN_POINT('',(-1.15,-0.644405855045,0.6700001));
#603 = CARTESIAN_POINT('',(-0.75,-0.644405855045,0.6700001));
#604 = ORIENTED_EDGE('',*,*,#605,.T.);
#605 = EDGE_CURVE('',#599,#606,#608,.T.);
#606 = VERTEX_POINT('',#607);
#607 = CARTESIAN_POINT('',(-1.15,-0.65,0.7500001));
#608 = B_SPLINE_CURVE_WITH_KNOTS('',1,(#609,#610),.UNSPECIFIED.,.F.,.F.,
  (2,2),(-8.019535184649E-02,0.),.PIECEWISE_BEZIER_KNOTS.);
#609 = CARTESIAN_POINT('',(-1.15,-0.644405855045,0.6700001));
#610 = CARTESIAN_POINT('',(-1.15,-0.65,0.7500001));
#611 = ORIENTED_EDGE('',*,*,#612,.F.);
#612 = EDGE_CURVE('',#613,#606,#615,.T.);
#613 = VERTEX_POINT('',#614);
#614 = CARTESIAN_POINT('',(-1.400121797487,-0.65,0.7500001));
#615 = B_SPLINE_CURVE_WITH_KNOTS('',1,(#616,#617),.UNSPECIFIED.,.F.,.F.,
  (2,2),(4.987820251299E-02,0.3),.PIECEWISE_BEZIER_KNOTS.);
#616 = CARTESIAN_POINT('',(-1.400121797487,-0.65,0.7500001));
#617 = CARTESIAN_POINT('',(-1.15,-0.65,0.7500001));
#618 = ORIENTED_EDGE('',*,*,#619,.T.);
#619 = EDGE_CURVE('',#613,#541,#620,.T.);
#620 = B_SPLINE_CURVE_WITH_KNOTS('',1,(#621,#622),.UNSPECIFIED.,.F.,.F.,
  (2,2),(3.470893148514E-03,0.660146340427),.PIECEWISE_BEZIER_KNOTS.);
#621 = CARTESIAN_POINT('',(-1.400121797487,-0.65,0.7500001));
#622 = CARTESIAN_POINT('',(-1.354425477333,-0.604303679846,
    9.651227631279E-02));
#623 = B_SPLINE_SURFACE_WITH_KNOTS('',1,1,(
    (#624,#625)
    ,(#626,#627
    )),.UNSPECIFIED.,.F.,.F.,.F.,(2,2),(2,2),(-8.858482823579E-19,
    0.65508357435),(4.987820251299E-02,2.850121797487),
  .PIECEWISE_BEZIER_KNOTS.);
#624 = CARTESIAN_POINT('',(-1.400121797487,-0.65,0.7500001));
#625 = CARTESIAN_POINT('',(1.400121797487,-0.65,0.7500001));
#626 = CARTESIAN_POINT('',(-1.400121797487,-0.604303679846,
    9.651227631279E-02));
#627 = CARTESIAN_POINT('',(1.400121797487,-0.604303679846,
    9.651227631279E-02));
#628 = ADVANCED_FACE('',(#629),#691,.T.);
#629 = FACE_BOUND('',#630,.T.);
#630 = EDGE_LOOP('',(#631,#632,#639,#646,#651,#652,#659,#666,#671,#672,
    #679,#686));
#631 = ORIENTED_EDGE('',*,*,#556,.T.);
#632 = ORIENTED_EDGE('',*,*,#633,.T.);
#633 = EDGE_CURVE('',#550,#634,#636,.T.);
#634 = VERTEX_POINT('',#635);
#635 = CARTESIAN_POINT('',(1.38239620211,-0.632274404623,1.003487923687)
  );
#636 = B_SPLINE_CURVE_WITH_KNOTS('',1,(#637,#638),.UNSPECIFIED.,.F.,.F.,
  (2,2),(-0.19833249237,5.639181000554E-02),.PIECEWISE_BEZIER_KNOTS.);
#637 = CARTESIAN_POINT('',(1.400121797487,-0.65,0.7500001));
#638 = CARTESIAN_POINT('',(1.38239620211,-0.632274404623,1.003487923687)
  );
#639 = ORIENTED_EDGE('',*,*,#640,.T.);
#640 = EDGE_CURVE('',#634,#641,#643,.T.);
#641 = VERTEX_POINT('',#642);
#642 = CARTESIAN_POINT('',(-1.38239620211,-0.632274404623,1.003487923687
    ));
#643 = B_SPLINE_CURVE_WITH_KNOTS('',1,(#644,#645),.UNSPECIFIED.,.F.,.F.,
  (2,2),(-2.811418158527,-4.662575430688E-02),.PIECEWISE_BEZIER_KNOTS.);
#644 = CARTESIAN_POINT('',(1.38239620211,-0.632274404623,1.003487923687)
  );
#645 = CARTESIAN_POINT('',(-1.38239620211,-0.632274404623,1.003487923687
    ));
#646 = ORIENTED_EDGE('',*,*,#647,.T.);
#647 = EDGE_CURVE('',#641,#613,#648,.T.);
#648 = B_SPLINE_CURVE_WITH_KNOTS('',1,(#649,#650),.UNSPECIFIED.,.F.,.F.,
  (2,2),(-0.258195195524,-3.470893148514E-03),.PIECEWISE_BEZIER_KNOTS.);
#649 = CARTESIAN_POINT('',(-1.38239620211,-0.632274404623,1.003487923687
    ));
#650 = CARTESIAN_POINT('',(-1.400121797487,-0.65,0.7500001));
#651 = ORIENTED_EDGE('',*,*,#612,.T.);
#652 = ORIENTED_EDGE('',*,*,#653,.T.);
#653 = EDGE_CURVE('',#606,#654,#656,.T.);
#654 = VERTEX_POINT('',#655);
#655 = CARTESIAN_POINT('',(-1.15,-0.645105123164,0.8200001));
#656 = B_SPLINE_CURVE_WITH_KNOTS('',1,(#657,#658),.UNSPECIFIED.,.F.,.F.,
  (2,2),(-7.017093286568E-02,0.),.PIECEWISE_BEZIER_KNOTS.);
#657 = CARTESIAN_POINT('',(-1.15,-0.65,0.7500001));
#658 = CARTESIAN_POINT('',(-1.15,-0.645105123164,0.8200001));
#659 = ORIENTED_EDGE('',*,*,#660,.T.);
#660 = EDGE_CURVE('',#654,#661,#663,.T.);
#661 = VERTEX_POINT('',#662);
#662 = CARTESIAN_POINT('',(-0.75,-0.645105123164,0.8200001));
#663 = B_SPLINE_CURVE_WITH_KNOTS('',1,(#664,#665),.UNSPECIFIED.,.F.,.F.,
  (2,2),(0.,0.4),.PIECEWISE_BEZIER_KNOTS.);
#664 = CARTESIAN_POINT('',(-1.15,-0.645105123164,0.8200001));
#665 = CARTESIAN_POINT('',(-0.75,-0.645105123164,0.8200001));
#666 = ORIENTED_EDGE('',*,*,#667,.F.);
#667 = EDGE_CURVE('',#585,#661,#668,.T.);
#668 = B_SPLINE_CURVE_WITH_KNOTS('',1,(#669,#670),.UNSPECIFIED.,.F.,.F.,
  (2,2),(-7.017093286568E-02,0.),.PIECEWISE_BEZIER_KNOTS.);
#669 = CARTESIAN_POINT('',(-0.75,-0.65,0.7500001));
#670 = CARTESIAN_POINT('',(-0.75,-0.645105123164,0.8200001));
#671 = ORIENTED_EDGE('',*,*,#584,.T.);
#672 = ORIENTED_EDGE('',*,*,#673,.T.);
#673 = EDGE_CURVE('',#578,#674,#676,.T.);
#674 = VERTEX_POINT('',#675);
#675 = CARTESIAN_POINT('',(0.75,-0.645105123164,0.8200001));
#676 = B_SPLINE_CURVE_WITH_KNOTS('',1,(#677,#678),.UNSPECIFIED.,.F.,.F.,
  (2,2),(-7.017093286568E-02,-3.097809730696E-17),
  .PIECEWISE_BEZIER_KNOTS.);
#677 = CARTESIAN_POINT('',(0.75,-0.65,0.7500001));
#678 = CARTESIAN_POINT('',(0.75,-0.645105123164,0.8200001));
#679 = ORIENTED_EDGE('',*,*,#680,.F.);
#680 = EDGE_CURVE('',#681,#674,#683,.T.);
#681 = VERTEX_POINT('',#682);
#682 = CARTESIAN_POINT('',(1.15,-0.645105123164,0.8200001));
#683 = B_SPLINE_CURVE_WITH_KNOTS('',1,(#684,#685),.UNSPECIFIED.,.F.,.F.,
  (2,2),(-0.,0.4),.PIECEWISE_BEZIER_KNOTS.);
#684 = CARTESIAN_POINT('',(1.15,-0.645105123164,0.8200001));
#685 = CARTESIAN_POINT('',(0.75,-0.645105123164,0.8200001));
#686 = ORIENTED_EDGE('',*,*,#687,.F.);
#687 = EDGE_CURVE('',#557,#681,#688,.T.);
#688 = B_SPLINE_CURVE_WITH_KNOTS('',1,(#689,#690),.UNSPECIFIED.,.F.,.F.,
  (2,2),(-7.017093286568E-02,0.),.PIECEWISE_BEZIER_KNOTS.);
#689 = CARTESIAN_POINT('',(1.15,-0.65,0.7500001));
#690 = CARTESIAN_POINT('',(1.15,-0.645105123164,0.8200001));
#691 = B_SPLINE_SURFACE_WITH_KNOTS('',1,1,(
    (#692,#693)
    ,(#694,#695
    )),.UNSPECIFIED.,.F.,.F.,.F.,(2,2),(2,2),(-0.254106815117,
    1.249000902703E-16),(4.987820251299E-02,2.850121797487),
  .PIECEWISE_BEZIER_KNOTS.);
#692 = CARTESIAN_POINT('',(-1.400121797487,-0.632274404623,
    1.003487923687));
#693 = CARTESIAN_POINT('',(1.400121797487,-0.632274404623,1.003487923687
    ));
#694 = CARTESIAN_POINT('',(-1.400121797487,-0.65,0.7500001));
#695 = CARTESIAN_POINT('',(1.400121797487,-0.65,0.7500001));
#696 = ADVANCED_FACE('',(#697),#727,.T.);
#697 = FACE_BOUND('',#698,.T.);
#698 = EDGE_LOOP('',(#699,#708,#715,#722));
#699 = ORIENTED_EDGE('',*,*,#700,.F.);
#700 = EDGE_CURVE('',#701,#703,#705,.T.);
#701 = VERTEX_POINT('',#702);
#702 = CARTESIAN_POINT('',(1.45,-0.600121797487,0.7500001));
#703 = VERTEX_POINT('',#704);
#704 = CARTESIAN_POINT('',(1.45,0.600121797487,0.7500001));
#705 = B_SPLINE_CURVE_WITH_KNOTS('',1,(#706,#707),.UNSPECIFIED.,.F.,.F.,
  (2,2),(-1.250121797487,-4.987820251299E-02),.PIECEWISE_BEZIER_KNOTS.);
#706 = CARTESIAN_POINT('',(1.45,-0.600121797487,0.7500001));
#707 = CARTESIAN_POINT('',(1.45,0.600121797487,0.7500001));
#708 = ORIENTED_EDGE('',*,*,#709,.T.);
#709 = EDGE_CURVE('',#701,#710,#712,.T.);
#710 = VERTEX_POINT('',#711);
#711 = CARTESIAN_POINT('',(1.404303679846,-0.554425477333,
    9.651227631279E-02));
#712 = B_SPLINE_CURVE_WITH_KNOTS('',1,(#713,#714),.UNSPECIFIED.,.F.,.F.,
  (2,2),(-8.699269346315E-02,0.569682753816),.PIECEWISE_BEZIER_KNOTS.);
#713 = CARTESIAN_POINT('',(1.45,-0.600121797487,0.7500001));
#714 = CARTESIAN_POINT('',(1.404303679846,-0.554425477333,
    9.651227631279E-02));
#715 = ORIENTED_EDGE('',*,*,#716,.T.);
#716 = EDGE_CURVE('',#710,#717,#719,.T.);
#717 = VERTEX_POINT('',#718);
#718 = CARTESIAN_POINT('',(1.404303679846,0.554425477333,
    9.651227631279E-02));
#719 = B_SPLINE_CURVE_WITH_KNOTS('',1,(#720,#721),.UNSPECIFIED.,.F.,.F.,
  (2,2),(-1.155476708972,-4.662575430688E-02),.PIECEWISE_BEZIER_KNOTS.);
#720 = CARTESIAN_POINT('',(1.404303679846,-0.554425477333,
    9.651227631279E-02));
#721 = CARTESIAN_POINT('',(1.404303679846,0.554425477333,
    9.651227631279E-02));
#722 = ORIENTED_EDGE('',*,*,#723,.T.);
#723 = EDGE_CURVE('',#717,#703,#724,.T.);
#724 = B_SPLINE_CURVE_WITH_KNOTS('',1,(#725,#726),.UNSPECIFIED.,.F.,.F.,
  (2,2),(-0.660146340427,-3.470893148514E-03),.PIECEWISE_BEZIER_KNOTS.);
#725 = CARTESIAN_POINT('',(1.404303679846,0.554425477333,
    9.651227631279E-02));
#726 = CARTESIAN_POINT('',(1.45,0.600121797487,0.7500001));
#727 = B_SPLINE_SURFACE_WITH_KNOTS('',1,1,(
    (#728,#729)
    ,(#730,#731
    )),.UNSPECIFIED.,.F.,.F.,.F.,(2,2),(2,2),(-8.23993651089E-18,
    0.65508357435),(-1.250121797487,-4.987820251299E-02),
  .PIECEWISE_BEZIER_KNOTS.);
#728 = CARTESIAN_POINT('',(1.45,-0.600121797487,0.7500001));
#729 = CARTESIAN_POINT('',(1.45,0.600121797487,0.7500001));
#730 = CARTESIAN_POINT('',(1.404303679846,-0.600121797487,
    9.651227631279E-02));
#731 = CARTESIAN_POINT('',(1.404303679846,0.600121797487,
    9.651227631279E-02));
#732 = ADVANCED_FACE('',(#733),#763,.T.);
#733 = FACE_BOUND('',#734,.T.);
#734 = EDGE_LOOP('',(#735,#744,#751,#758));
#735 = ORIENTED_EDGE('',*,*,#736,.F.);
#736 = EDGE_CURVE('',#737,#739,#741,.T.);
#737 = VERTEX_POINT('',#738);
#738 = CARTESIAN_POINT('',(-1.45,0.600121797487,0.7500001));
#739 = VERTEX_POINT('',#740);
#740 = CARTESIAN_POINT('',(-1.45,-0.600121797487,0.7500001));
#741 = B_SPLINE_CURVE_WITH_KNOTS('',1,(#742,#743),.UNSPECIFIED.,.F.,.F.,
  (2,2),(4.987820251299E-02,1.250121797487),.PIECEWISE_BEZIER_KNOTS.);
#742 = CARTESIAN_POINT('',(-1.45,0.600121797487,0.7500001));
#743 = CARTESIAN_POINT('',(-1.45,-0.600121797487,0.7500001));
#744 = ORIENTED_EDGE('',*,*,#745,.T.);
#745 = EDGE_CURVE('',#737,#746,#748,.T.);
#746 = VERTEX_POINT('',#747);
#747 = CARTESIAN_POINT('',(-1.404303679846,0.554425477333,
    9.651227631279E-02));
#748 = B_SPLINE_CURVE_WITH_KNOTS('',1,(#749,#750),.UNSPECIFIED.,.F.,.F.,
  (2,2),(3.470893148514E-03,0.660146340427),.PIECEWISE_BEZIER_KNOTS.);
#749 = CARTESIAN_POINT('',(-1.45,0.600121797487,0.7500001));
#750 = CARTESIAN_POINT('',(-1.404303679846,0.554425477333,
    9.651227631279E-02));
#751 = ORIENTED_EDGE('',*,*,#752,.T.);
#752 = EDGE_CURVE('',#746,#753,#755,.T.);
#753 = VERTEX_POINT('',#754);
#754 = CARTESIAN_POINT('',(-1.404303679846,-0.554425477333,
    9.651227631279E-02));
#755 = B_SPLINE_CURVE_WITH_KNOTS('',1,(#756,#757),.UNSPECIFIED.,.F.,.F.,
  (2,2),(-1.155476708972,-4.662575430688E-02),.PIECEWISE_BEZIER_KNOTS.);
#756 = CARTESIAN_POINT('',(-1.404303679846,0.554425477333,
    9.651227631279E-02));
#757 = CARTESIAN_POINT('',(-1.404303679846,-0.554425477333,
    9.651227631279E-02));
#758 = ORIENTED_EDGE('',*,*,#759,.T.);
#759 = EDGE_CURVE('',#753,#739,#760,.T.);
#760 = B_SPLINE_CURVE_WITH_KNOTS('',1,(#761,#762),.UNSPECIFIED.,.F.,.F.,
  (2,2),(-0.569682753816,8.699269346315E-02),.PIECEWISE_BEZIER_KNOTS.);
#761 = CARTESIAN_POINT('',(-1.404303679846,-0.554425477333,
    9.651227631279E-02));
#762 = CARTESIAN_POINT('',(-1.45,-0.600121797487,0.7500001));
#763 = B_SPLINE_SURFACE_WITH_KNOTS('',1,1,(
    (#764,#765)
    ,(#766,#767)),.UNSPECIFIED.,.F.,.F.,.F.,(2,2),(2,2),(-0.65508357435,
    9.107298248878E-18),(-1.250121797487,-4.987820251299E-02),
  .PIECEWISE_BEZIER_KNOTS.);
#764 = CARTESIAN_POINT('',(-1.404303679846,-0.600121797487,
    9.651227631279E-02));
#765 = CARTESIAN_POINT('',(-1.404303679846,0.600121797487,
    9.651227631279E-02));
#766 = CARTESIAN_POINT('',(-1.45,-0.600121797487,0.7500001));
#767 = CARTESIAN_POINT('',(-1.45,0.600121797487,0.7500001));
#768 = ADVANCED_FACE('',(#769),#827,.T.);
#769 = FACE_BOUND('',#770,.T.);
#770 = EDGE_LOOP('',(#771,#780,#787,#794,#801,#808,#815,#822));
#771 = ORIENTED_EDGE('',*,*,#772,.F.);
#772 = EDGE_CURVE('',#773,#775,#777,.T.);
#773 = VERTEX_POINT('',#774);
#774 = CARTESIAN_POINT('',(1.400121797487,0.65,0.7500001));
#775 = VERTEX_POINT('',#776);
#776 = CARTESIAN_POINT('',(0.2,0.65,0.7500001));
#777 = B_SPLINE_CURVE_WITH_KNOTS('',1,(#778,#779),.UNSPECIFIED.,.F.,.F.,
  (2,2),(-2.850121797487,-1.65),.PIECEWISE_BEZIER_KNOTS.);
#778 = CARTESIAN_POINT('',(1.400121797487,0.65,0.7500001));
#779 = CARTESIAN_POINT('',(0.2,0.65,0.7500001));
#780 = ORIENTED_EDGE('',*,*,#781,.T.);
#781 = EDGE_CURVE('',#773,#782,#784,.T.);
#782 = VERTEX_POINT('',#783);
#783 = CARTESIAN_POINT('',(1.354425477333,0.604303679846,
    9.651227631279E-02));
#784 = B_SPLINE_CURVE_WITH_KNOTS('',1,(#785,#786),.UNSPECIFIED.,.F.,.F.,
  (2,2),(-0.19833249237,0.458342954909),.PIECEWISE_BEZIER_KNOTS.);
#785 = CARTESIAN_POINT('',(1.400121797487,0.65,0.7500001));
#786 = CARTESIAN_POINT('',(1.354425477333,0.604303679846,
    9.651227631279E-02));
#787 = ORIENTED_EDGE('',*,*,#788,.T.);
#788 = EDGE_CURVE('',#782,#789,#791,.T.);
#789 = VERTEX_POINT('',#790);
#790 = CARTESIAN_POINT('',(-1.354425477333,0.604303679846,
    9.651227631279E-02));
#791 = B_SPLINE_CURVE_WITH_KNOTS('',1,(#792,#793),.UNSPECIFIED.,.F.,.F.,
  (2,2),(-2.755476708972,-4.662575430688E-02),.PIECEWISE_BEZIER_KNOTS.);
#792 = CARTESIAN_POINT('',(1.354425477333,0.604303679846,
    9.651227631279E-02));
#793 = CARTESIAN_POINT('',(-1.354425477333,0.604303679846,
    9.651227631279E-02));
#794 = ORIENTED_EDGE('',*,*,#795,.T.);
#795 = EDGE_CURVE('',#789,#796,#798,.T.);
#796 = VERTEX_POINT('',#797);
#797 = CARTESIAN_POINT('',(-1.400121797487,0.65,0.7500001));
#798 = B_SPLINE_CURVE_WITH_KNOTS('',1,(#799,#800),.UNSPECIFIED.,.F.,.F.,
  (2,2),(-0.660146340427,-3.470893148514E-03),.PIECEWISE_BEZIER_KNOTS.);
#799 = CARTESIAN_POINT('',(-1.354425477333,0.604303679846,
    9.651227631279E-02));
#800 = CARTESIAN_POINT('',(-1.400121797487,0.65,0.7500001));
#801 = ORIENTED_EDGE('',*,*,#802,.F.);
#802 = EDGE_CURVE('',#803,#796,#805,.T.);
#803 = VERTEX_POINT('',#804);
#804 = CARTESIAN_POINT('',(-0.2,0.65,0.7500001));
#805 = B_SPLINE_CURVE_WITH_KNOTS('',1,(#806,#807),.UNSPECIFIED.,.F.,.F.,
  (2,2),(-1.25,-4.987820251299E-02),.PIECEWISE_BEZIER_KNOTS.);
#806 = CARTESIAN_POINT('',(-0.2,0.65,0.7500001));
#807 = CARTESIAN_POINT('',(-1.400121797487,0.65,0.7500001));
#808 = ORIENTED_EDGE('',*,*,#809,.T.);
#809 = EDGE_CURVE('',#803,#810,#812,.T.);
#810 = VERTEX_POINT('',#811);
#811 = CARTESIAN_POINT('',(-0.2,0.644405855045,0.6700001));
#812 = B_SPLINE_CURVE_WITH_KNOTS('',1,(#813,#814),.UNSPECIFIED.,.F.,.F.,
  (2,2),(0.,8.019535184649E-02),.PIECEWISE_BEZIER_KNOTS.);
#813 = CARTESIAN_POINT('',(-0.2,0.65,0.7500001));
#814 = CARTESIAN_POINT('',(-0.2,0.644405855045,0.6700001));
#815 = ORIENTED_EDGE('',*,*,#816,.T.);
#816 = EDGE_CURVE('',#810,#817,#819,.T.);
#817 = VERTEX_POINT('',#818);
#818 = CARTESIAN_POINT('',(0.2,0.644405855045,0.6700001));
#819 = B_SPLINE_CURVE_WITH_KNOTS('',1,(#820,#821),.UNSPECIFIED.,.F.,.F.,
  (2,2),(1.25,1.65),.PIECEWISE_BEZIER_KNOTS.);
#820 = CARTESIAN_POINT('',(-0.2,0.644405855045,0.6700001));
#821 = CARTESIAN_POINT('',(0.2,0.644405855045,0.6700001));
#822 = ORIENTED_EDGE('',*,*,#823,.F.);
#823 = EDGE_CURVE('',#775,#817,#824,.T.);
#824 = B_SPLINE_CURVE_WITH_KNOTS('',1,(#825,#826),.UNSPECIFIED.,.F.,.F.,
  (2,2),(0.,8.019535184649E-02),.PIECEWISE_BEZIER_KNOTS.);
#825 = CARTESIAN_POINT('',(0.2,0.65,0.7500001));
#826 = CARTESIAN_POINT('',(0.2,0.644405855045,0.6700001));
#827 = B_SPLINE_SURFACE_WITH_KNOTS('',1,1,(
    (#828,#829)
    ,(#830,#831)),.UNSPECIFIED.,.F.,.F.,.F.,(2,2),(2,2),(-0.65508357435,
    5.551115123126E-17),(4.987820251299E-02,2.850121797487),
  .PIECEWISE_BEZIER_KNOTS.);
#828 = CARTESIAN_POINT('',(-1.400121797487,0.604303679846,
    9.651227631279E-02));
#829 = CARTESIAN_POINT('',(1.400121797487,0.604303679846,
    9.651227631279E-02));
#830 = CARTESIAN_POINT('',(-1.400121797487,0.65,0.7500001));
#831 = CARTESIAN_POINT('',(1.400121797487,0.65,0.7500001));
#832 = ADVANCED_FACE('',(#833),#855,.T.);
#833 = FACE_BOUND('',#834,.T.);
#834 = EDGE_LOOP('',(#835,#844,#849,#850));
#835 = ORIENTED_EDGE('',*,*,#836,.T.);
#836 = EDGE_CURVE('',#837,#839,#841,.T.);
#837 = VERTEX_POINT('',#838);
#838 = CARTESIAN_POINT('',(1.432274404623,0.58239620211,1.003487923687)
  );
#839 = VERTEX_POINT('',#840);
#840 = CARTESIAN_POINT('',(1.432274404623,-0.58239620211,1.003487923687)
  );
#841 = B_SPLINE_CURVE_WITH_KNOTS('',1,(#842,#843),.UNSPECIFIED.,.F.,.F.,
  (2,2),(-1.211418158527,-4.662575430688E-02),.PIECEWISE_BEZIER_KNOTS.);
#842 = CARTESIAN_POINT('',(1.432274404623,0.58239620211,1.003487923687)
  );
#843 = CARTESIAN_POINT('',(1.432274404623,-0.58239620211,1.003487923687)
  );
#844 = ORIENTED_EDGE('',*,*,#845,.T.);
#845 = EDGE_CURVE('',#839,#701,#846,.T.);
#846 = B_SPLINE_CURVE_WITH_KNOTS('',1,(#847,#848),.UNSPECIFIED.,.F.,.F.,
  (2,2),(-0.167731608912,8.699269346315E-02),.PIECEWISE_BEZIER_KNOTS.);
#847 = CARTESIAN_POINT('',(1.432274404623,-0.58239620211,1.003487923687)
  );
#848 = CARTESIAN_POINT('',(1.45,-0.600121797487,0.7500001));
#849 = ORIENTED_EDGE('',*,*,#700,.T.);
#850 = ORIENTED_EDGE('',*,*,#851,.T.);
#851 = EDGE_CURVE('',#703,#837,#852,.T.);
#852 = B_SPLINE_CURVE_WITH_KNOTS('',1,(#853,#854),.UNSPECIFIED.,.F.,.F.,
  (2,2),(3.470893148514E-03,0.258195195524),.PIECEWISE_BEZIER_KNOTS.);
#853 = CARTESIAN_POINT('',(1.45,0.600121797487,0.7500001));
#854 = CARTESIAN_POINT('',(1.432274404623,0.58239620211,1.003487923687)
  );
#855 = B_SPLINE_SURFACE_WITH_KNOTS('',1,1,(
    (#856,#857)
    ,(#858,#859
    )),.UNSPECIFIED.,.F.,.F.,.F.,(2,2),(2,2),(-0.254106815117,
    4.336808689942E-19),(-1.250121797487,-4.987820251299E-02),
  .PIECEWISE_BEZIER_KNOTS.);
#856 = CARTESIAN_POINT('',(1.432274404623,-0.600121797487,1.003487923687
    ));
#857 = CARTESIAN_POINT('',(1.432274404623,0.600121797487,1.003487923687)
  );
#858 = CARTESIAN_POINT('',(1.45,-0.600121797487,0.7500001));
#859 = CARTESIAN_POINT('',(1.45,0.600121797487,0.7500001));
#860 = ADVANCED_FACE('',(#861),#903,.T.);
#861 = FACE_BOUND('',#862,.T.);
#862 = EDGE_LOOP('',(#863,#872,#877,#878,#885,#892,#897,#898));
#863 = ORIENTED_EDGE('',*,*,#864,.T.);
#864 = EDGE_CURVE('',#865,#867,#869,.T.);
#865 = VERTEX_POINT('',#866);
#866 = CARTESIAN_POINT('',(-1.38239620211,0.632274404623,1.003487923687)
  );
#867 = VERTEX_POINT('',#868);
#868 = CARTESIAN_POINT('',(1.38239620211,0.632274404623,1.003487923687)
  );
#869 = B_SPLINE_CURVE_WITH_KNOTS('',1,(#870,#871),.UNSPECIFIED.,.F.,.F.,
  (2,2),(-2.811418158527,-4.662575430688E-02),.PIECEWISE_BEZIER_KNOTS.);
#870 = CARTESIAN_POINT('',(-1.38239620211,0.632274404623,1.003487923687)
  );
#871 = CARTESIAN_POINT('',(1.38239620211,0.632274404623,1.003487923687)
  );
#872 = ORIENTED_EDGE('',*,*,#873,.T.);
#873 = EDGE_CURVE('',#867,#773,#874,.T.);
#874 = B_SPLINE_CURVE_WITH_KNOTS('',1,(#875,#876),.UNSPECIFIED.,.F.,.F.,
  (2,2),(-5.639181000554E-02,0.19833249237),.PIECEWISE_BEZIER_KNOTS.);
#875 = CARTESIAN_POINT('',(1.38239620211,0.632274404623,1.003487923687)
  );
#876 = CARTESIAN_POINT('',(1.400121797487,0.65,0.7500001));
#877 = ORIENTED_EDGE('',*,*,#772,.T.);
#878 = ORIENTED_EDGE('',*,*,#879,.T.);
#879 = EDGE_CURVE('',#775,#880,#882,.T.);
#880 = VERTEX_POINT('',#881);
#881 = CARTESIAN_POINT('',(0.2,0.645105123164,0.8200001));
#882 = B_SPLINE_CURVE_WITH_KNOTS('',1,(#883,#884),.UNSPECIFIED.,.F.,.F.,
  (2,2),(0.,7.017093286568E-02),.PIECEWISE_BEZIER_KNOTS.);
#883 = CARTESIAN_POINT('',(0.2,0.65,0.7500001));
#884 = CARTESIAN_POINT('',(0.2,0.645105123164,0.8200001));
#885 = ORIENTED_EDGE('',*,*,#886,.T.);
#886 = EDGE_CURVE('',#880,#887,#889,.T.);
#887 = VERTEX_POINT('',#888);
#888 = CARTESIAN_POINT('',(-0.2,0.645105123164,0.8200001));
#889 = B_SPLINE_CURVE_WITH_KNOTS('',1,(#890,#891),.UNSPECIFIED.,.F.,.F.,
  (2,2),(-1.65,-1.25),.PIECEWISE_BEZIER_KNOTS.);
#890 = CARTESIAN_POINT('',(0.2,0.645105123164,0.8200001));
#891 = CARTESIAN_POINT('',(-0.2,0.645105123164,0.8200001));
#892 = ORIENTED_EDGE('',*,*,#893,.F.);
#893 = EDGE_CURVE('',#803,#887,#894,.T.);
#894 = B_SPLINE_CURVE_WITH_KNOTS('',1,(#895,#896),.UNSPECIFIED.,.F.,.F.,
  (2,2),(0.,7.017093286568E-02),.PIECEWISE_BEZIER_KNOTS.);
#895 = CARTESIAN_POINT('',(-0.2,0.65,0.7500001));
#896 = CARTESIAN_POINT('',(-0.2,0.645105123164,0.8200001));
#897 = ORIENTED_EDGE('',*,*,#802,.T.);
#898 = ORIENTED_EDGE('',*,*,#899,.T.);
#899 = EDGE_CURVE('',#796,#865,#900,.T.);
#900 = B_SPLINE_CURVE_WITH_KNOTS('',1,(#901,#902),.UNSPECIFIED.,.F.,.F.,
  (2,2),(3.470893148514E-03,0.258195195524),.PIECEWISE_BEZIER_KNOTS.);
#901 = CARTESIAN_POINT('',(-1.400121797487,0.65,0.7500001));
#902 = CARTESIAN_POINT('',(-1.38239620211,0.632274404623,1.003487923687)
  );
#903 = B_SPLINE_SURFACE_WITH_KNOTS('',1,1,(
    (#904,#905)
    ,(#906,#907
    )),.UNSPECIFIED.,.F.,.F.,.F.,(2,2),(2,2),(-4.336808689942E-19,
    0.254106815117),(4.987820251299E-02,2.850121797487),
  .PIECEWISE_BEZIER_KNOTS.);
#904 = CARTESIAN_POINT('',(-1.400121797487,0.65,0.7500001));
#905 = CARTESIAN_POINT('',(1.400121797487,0.65,0.7500001));
#906 = CARTESIAN_POINT('',(-1.400121797487,0.632274404623,1.003487923687
    ));
#907 = CARTESIAN_POINT('',(1.400121797487,0.632274404623,1.003487923687)
  );
#908 = ADVANCED_FACE('',(#909),#931,.T.);
#909 = FACE_BOUND('',#910,.T.);
#910 = EDGE_LOOP('',(#911,#920,#925,#926));
#911 = ORIENTED_EDGE('',*,*,#912,.T.);
#912 = EDGE_CURVE('',#913,#915,#917,.T.);
#913 = VERTEX_POINT('',#914);
#914 = CARTESIAN_POINT('',(-1.432274404623,-0.58239620211,1.003487923687
    ));
#915 = VERTEX_POINT('',#916);
#916 = CARTESIAN_POINT('',(-1.432274404623,0.58239620211,1.003487923687)
  );
#917 = B_SPLINE_CURVE_WITH_KNOTS('',1,(#918,#919),.UNSPECIFIED.,.F.,.F.,
  (2,2),(-1.211418158527,-4.662575430688E-02),.PIECEWISE_BEZIER_KNOTS.);
#918 = CARTESIAN_POINT('',(-1.432274404623,-0.58239620211,1.003487923687
    ));
#919 = CARTESIAN_POINT('',(-1.432274404623,0.58239620211,1.003487923687)
  );
#920 = ORIENTED_EDGE('',*,*,#921,.T.);
#921 = EDGE_CURVE('',#915,#737,#922,.T.);
#922 = B_SPLINE_CURVE_WITH_KNOTS('',1,(#923,#924),.UNSPECIFIED.,.F.,.F.,
  (2,2),(-0.258195195524,-3.470893148514E-03),.PIECEWISE_BEZIER_KNOTS.);
#923 = CARTESIAN_POINT('',(-1.432274404623,0.58239620211,1.003487923687)
  );
#924 = CARTESIAN_POINT('',(-1.45,0.600121797487,0.7500001));
#925 = ORIENTED_EDGE('',*,*,#736,.T.);
#926 = ORIENTED_EDGE('',*,*,#927,.T.);
#927 = EDGE_CURVE('',#739,#913,#928,.T.);
#928 = B_SPLINE_CURVE_WITH_KNOTS('',1,(#929,#930),.UNSPECIFIED.,.F.,.F.,
  (2,2),(-8.699269346315E-02,0.167731608912),.PIECEWISE_BEZIER_KNOTS.);
#929 = CARTESIAN_POINT('',(-1.45,-0.600121797487,0.7500001));
#930 = CARTESIAN_POINT('',(-1.432274404623,-0.58239620211,1.003487923687
    ));
#931 = B_SPLINE_SURFACE_WITH_KNOTS('',1,1,(
    (#932,#933)
    ,(#934,#935
    )),.UNSPECIFIED.,.F.,.F.,.F.,(2,2),(2,2),(-9.107298248878E-18,
    0.254106815117),(-1.250121797487,-4.987820251299E-02),
  .PIECEWISE_BEZIER_KNOTS.);
#932 = CARTESIAN_POINT('',(-1.45,-0.600121797487,0.7500001));
#933 = CARTESIAN_POINT('',(-1.45,0.600121797487,0.7500001));
#934 = CARTESIAN_POINT('',(-1.432274404623,-0.600121797487,
    1.003487923687));
#935 = CARTESIAN_POINT('',(-1.432274404623,0.600121797487,1.003487923687
    ));
#936 = ADVANCED_FACE('',(#937,#967),#978,.T.);
#937 = FACE_BOUND('',#938,.T.);
#938 = EDGE_LOOP('',(#939,#948,#955,#962));
#939 = ORIENTED_EDGE('',*,*,#940,.T.);
#940 = EDGE_CURVE('',#941,#943,#945,.T.);
#941 = VERTEX_POINT('',#942);
#942 = CARTESIAN_POINT('',(-1.38239620211,-0.58239620211,1.0500001));
#943 = VERTEX_POINT('',#944);
#944 = CARTESIAN_POINT('',(1.38239620211,-0.58239620211,1.0500001));
#945 = B_SPLINE_CURVE_WITH_KNOTS('',1,(#946,#947),.UNSPECIFIED.,.F.,.F.,
  (2,2),(-2.811418158527,-4.662575430688E-02),.PIECEWISE_BEZIER_KNOTS.);
#946 = CARTESIAN_POINT('',(-1.38239620211,-0.58239620211,1.0500001));
#947 = CARTESIAN_POINT('',(1.38239620211,-0.58239620211,1.0500001));
#948 = ORIENTED_EDGE('',*,*,#949,.T.);
#949 = EDGE_CURVE('',#943,#950,#952,.T.);
#950 = VERTEX_POINT('',#951);
#951 = CARTESIAN_POINT('',(1.38239620211,0.58239620211,1.0500001));
#952 = B_SPLINE_CURVE_WITH_KNOTS('',1,(#953,#954),.UNSPECIFIED.,.F.,.F.,
  (2,2),(-1.211418158527,-4.662575430688E-02),.PIECEWISE_BEZIER_KNOTS.);
#953 = CARTESIAN_POINT('',(1.38239620211,-0.58239620211,1.0500001));
#954 = CARTESIAN_POINT('',(1.38239620211,0.58239620211,1.0500001));
#955 = ORIENTED_EDGE('',*,*,#956,.T.);
#956 = EDGE_CURVE('',#950,#957,#959,.T.);
#957 = VERTEX_POINT('',#958);
#958 = CARTESIAN_POINT('',(-1.38239620211,0.58239620211,1.0500001));
#959 = B_SPLINE_CURVE_WITH_KNOTS('',1,(#960,#961),.UNSPECIFIED.,.F.,.F.,
  (2,2),(-2.811418158527,-4.662575430688E-02),.PIECEWISE_BEZIER_KNOTS.);
#960 = CARTESIAN_POINT('',(1.38239620211,0.58239620211,1.0500001));
#961 = CARTESIAN_POINT('',(-1.38239620211,0.58239620211,1.0500001));
#962 = ORIENTED_EDGE('',*,*,#963,.T.);
#963 = EDGE_CURVE('',#957,#941,#964,.T.);
#964 = B_SPLINE_CURVE_WITH_KNOTS('',1,(#965,#966),.UNSPECIFIED.,.F.,.F.,
  (2,2),(-1.211418158527,-4.662575430688E-02),.PIECEWISE_BEZIER_KNOTS.);
#965 = CARTESIAN_POINT('',(-1.38239620211,0.58239620211,1.0500001));
#966 = CARTESIAN_POINT('',(-1.38239620211,-0.58239620211,1.0500001));
#967 = FACE_BOUND('',#968,.T.);
#968 = EDGE_LOOP('',(#969,#977));
#969 = ORIENTED_EDGE('',*,*,#970,.F.);
#970 = EDGE_CURVE('',#24,#31,#971,.T.);
#971 = ( BOUNDED_CURVE() B_SPLINE_CURVE(2,(#972,#973,#974,#975,#976),
.UNSPECIFIED.,.F.,.F.) B_SPLINE_CURVE_WITH_KNOTS((3,2,3),(0.,
1.570796326795,3.14159265359),.PIECEWISE_BEZIER_KNOTS.) CURVE() 
GEOMETRIC_REPRESENTATION_ITEM() RATIONAL_B_SPLINE_CURVE((1.,
0.707106781187,1.,0.707106781187,1.)) REPRESENTATION_ITEM('') );
#972 = CARTESIAN_POINT('',(-0.924505260325,-0.363290201221,1.0500001));
#973 = CARTESIAN_POINT('',(-0.924505260325,-0.271480575048,1.0500001));
#974 = CARTESIAN_POINT('',(-1.016314886499,-0.271480575048,1.0500001));
#975 = CARTESIAN_POINT('',(-1.108124512673,-0.271480575048,1.0500001));
#976 = CARTESIAN_POINT('',(-1.108124512673,-0.363290201221,1.0500001));
#977 = ORIENTED_EDGE('',*,*,#30,.F.);
#978 = B_SPLINE_SURFACE_WITH_KNOTS('',1,1,(
    (#979,#980)
    ,(#981,#982
    )),.UNSPECIFIED.,.F.,.F.,.F.,(2,2),(2,2),(-1.38239620211,
    1.38239620211),(-0.58239620211,0.58239620211),
  .PIECEWISE_BEZIER_KNOTS.);
#979 = CARTESIAN_POINT('',(-1.38239620211,-0.58239620211,1.0500001));
#980 = CARTESIAN_POINT('',(-1.38239620211,0.58239620211,1.0500001));
#981 = CARTESIAN_POINT('',(1.38239620211,-0.58239620211,1.0500001));
#982 = CARTESIAN_POINT('',(1.38239620211,0.58239620211,1.0500001));
#983 = ADVANCED_FACE('',(#984),#1006,.T.);
#984 = FACE_BOUND('',#985,.T.);
#985 = EDGE_LOOP('',(#986,#987,#994,#1001));
#986 = ORIENTED_EDGE('',*,*,#886,.F.);
#987 = ORIENTED_EDGE('',*,*,#988,.T.);
#988 = EDGE_CURVE('',#880,#989,#991,.T.);
#989 = VERTEX_POINT('',#990);
#990 = CARTESIAN_POINT('',(0.2,0.727371553153,0.8200001));
#991 = B_SPLINE_CURVE_WITH_KNOTS('',1,(#992,#993),.UNSPECIFIED.,.F.,.F.,
  (2,2),(0.270285341676,0.352551771664),.PIECEWISE_BEZIER_KNOTS.);
#992 = CARTESIAN_POINT('',(0.2,0.645105123164,0.8200001));
#993 = CARTESIAN_POINT('',(0.2,0.727371553153,0.8200001));
#994 = ORIENTED_EDGE('',*,*,#995,.T.);
#995 = EDGE_CURVE('',#989,#996,#998,.T.);
#996 = VERTEX_POINT('',#997);
#997 = CARTESIAN_POINT('',(-0.2,0.727371553153,0.8200001));
#998 = B_SPLINE_CURVE_WITH_KNOTS('',1,(#999,#1000),.UNSPECIFIED.,.F.,.F.
  ,(2,2),(-0.,0.4),.PIECEWISE_BEZIER_KNOTS.);
#999 = CARTESIAN_POINT('',(0.2,0.727371553153,0.8200001));
#1000 = CARTESIAN_POINT('',(-0.2,0.727371553153,0.8200001));
#1001 = ORIENTED_EDGE('',*,*,#1002,.F.);
#1002 = EDGE_CURVE('',#887,#996,#1003,.T.);
#1003 = B_SPLINE_CURVE_WITH_KNOTS('',1,(#1004,#1005),.UNSPECIFIED.,.F.,
  .F.,(2,2),(0.270285341676,0.352551771664),.PIECEWISE_BEZIER_KNOTS.);
#1004 = CARTESIAN_POINT('',(-0.2,0.645105123164,0.8200001));
#1005 = CARTESIAN_POINT('',(-0.2,0.727371553153,0.8200001));
#1006 = B_SPLINE_SURFACE_WITH_KNOTS('',1,1,(
    (#1007,#1008)
    ,(#1009,#1010
    )),.UNSPECIFIED.,.F.,.F.,.F.,(2,2),(2,2),(-0.352551771664,
    -0.270285341676),(-0.4,2.22044604925E-16),.PIECEWISE_BEZIER_KNOTS.);
#1007 = CARTESIAN_POINT('',(-0.2,0.727371553153,0.8200001));
#1008 = CARTESIAN_POINT('',(0.2,0.727371553153,0.8200001));
#1009 = CARTESIAN_POINT('',(-0.2,0.645105123164,0.8200001));
#1010 = CARTESIAN_POINT('',(0.2,0.645105123164,0.8200001));
#1011 = ADVANCED_FACE('',(#1012),#1042,.F.);
#1012 = FACE_BOUND('',#1013,.T.);
#1013 = EDGE_LOOP('',(#1014,#1023,#1030,#1037));
#1014 = ORIENTED_EDGE('',*,*,#1015,.T.);
#1015 = EDGE_CURVE('',#1016,#1018,#1020,.T.);
#1016 = VERTEX_POINT('',#1017);
#1017 = CARTESIAN_POINT('',(-0.2,0.999725906951,1.000000005025E-07));
#1018 = VERTEX_POINT('',#1019);
#1019 = CARTESIAN_POINT('',(-0.2,1.2,1.000000002804E-07));
#1020 = B_SPLINE_CURVE_WITH_KNOTS('',1,(#1021,#1022),.UNSPECIFIED.,.F.,
  .F.,(2,2),(-6.010294176926E-32,0.200274093049),
  .PIECEWISE_BEZIER_KNOTS.);
#1021 = CARTESIAN_POINT('',(-0.2,0.999725906951,1.000000003915E-07));
#1022 = CARTESIAN_POINT('',(-0.2,1.2,1.000000002804E-07));
#1023 = ORIENTED_EDGE('',*,*,#1024,.F.);
#1024 = EDGE_CURVE('',#1025,#1018,#1027,.T.);
#1025 = VERTEX_POINT('',#1026);
#1026 = CARTESIAN_POINT('',(0.2,1.2,1.000000002804E-07));
#1027 = B_SPLINE_CURVE_WITH_KNOTS('',1,(#1028,#1029),.UNSPECIFIED.,.F.,
  .F.,(2,2),(-0.,0.4),.PIECEWISE_BEZIER_KNOTS.);
#1028 = CARTESIAN_POINT('',(0.2,1.2,1.000000002804E-07));
#1029 = CARTESIAN_POINT('',(-0.2,1.2,1.000000002804E-07));
#1030 = ORIENTED_EDGE('',*,*,#1031,.F.);
#1031 = EDGE_CURVE('',#1032,#1025,#1034,.T.);
#1032 = VERTEX_POINT('',#1033);
#1033 = CARTESIAN_POINT('',(0.2,0.999725906951,1.000000005025E-07));
#1034 = B_SPLINE_CURVE_WITH_KNOTS('',1,(#1035,#1036),.UNSPECIFIED.,.F.,
  .F.,(2,2),(-6.010294176926E-32,0.200274093049),
  .PIECEWISE_BEZIER_KNOTS.);
#1035 = CARTESIAN_POINT('',(0.2,0.999725906951,1.000000003915E-07));
#1036 = CARTESIAN_POINT('',(0.2,1.2,1.000000002804E-07));
#1037 = ORIENTED_EDGE('',*,*,#1038,.T.);
#1038 = EDGE_CURVE('',#1032,#1016,#1039,.T.);
#1039 = B_SPLINE_CURVE_WITH_KNOTS('',1,(#1040,#1041),.UNSPECIFIED.,.F.,
  .F.,(2,2),(-0.,0.4),.PIECEWISE_BEZIER_KNOTS.);
#1040 = CARTESIAN_POINT('',(0.2,0.999725906951,1.000000005025E-07));
#1041 = CARTESIAN_POINT('',(-0.2,0.999725906951,1.000000005025E-07));
#1042 = B_SPLINE_SURFACE_WITH_KNOTS('',1,1,(
    (#1043,#1044)
    ,(#1045,#1046
    )),.UNSPECIFIED.,.F.,.F.,.F.,(2,2),(2,2),(-0.200274093049,
    6.010294176926E-32),(-0.4,0.),.PIECEWISE_BEZIER_KNOTS.);
#1043 = CARTESIAN_POINT('',(-0.2,1.2,1.000000002804E-07));
#1044 = CARTESIAN_POINT('',(0.2,1.2,1.000000002804E-07));
#1045 = CARTESIAN_POINT('',(-0.2,0.999725906951,1.000000003915E-07));
#1046 = CARTESIAN_POINT('',(0.2,0.999725906951,1.000000003915E-07));
#1047 = ADVANCED_FACE('',(#1048),#1070,.T.);
#1048 = FACE_BOUND('',#1049,.T.);
#1049 = EDGE_LOOP('',(#1050,#1057,#1064,#1069));
#1050 = ORIENTED_EDGE('',*,*,#1051,.F.);
#1051 = EDGE_CURVE('',#1052,#1018,#1054,.T.);
#1052 = VERTEX_POINT('',#1053);
#1053 = CARTESIAN_POINT('',(-0.2,1.2,0.1500001));
#1054 = B_SPLINE_CURVE_WITH_KNOTS('',1,(#1055,#1056),.UNSPECIFIED.,.F.,
  .F.,(2,2),(0.,0.15),.PIECEWISE_BEZIER_KNOTS.);
#1055 = CARTESIAN_POINT('',(-0.2,1.2,0.1500001));
#1056 = CARTESIAN_POINT('',(-0.2,1.2,1.000000002804E-07));
#1057 = ORIENTED_EDGE('',*,*,#1058,.F.);
#1058 = EDGE_CURVE('',#1059,#1052,#1061,.T.);
#1059 = VERTEX_POINT('',#1060);
#1060 = CARTESIAN_POINT('',(0.2,1.2,0.1500001));
#1061 = B_SPLINE_CURVE_WITH_KNOTS('',1,(#1062,#1063),.UNSPECIFIED.,.F.,
  .F.,(2,2),(-0.,0.4),.PIECEWISE_BEZIER_KNOTS.);
#1062 = CARTESIAN_POINT('',(0.2,1.2,0.1500001));
#1063 = CARTESIAN_POINT('',(-0.2,1.2,0.1500001));
#1064 = ORIENTED_EDGE('',*,*,#1065,.T.);
#1065 = EDGE_CURVE('',#1059,#1025,#1066,.T.);
#1066 = B_SPLINE_CURVE_WITH_KNOTS('',1,(#1067,#1068),.UNSPECIFIED.,.F.,
  .F.,(2,2),(0.,0.15),.PIECEWISE_BEZIER_KNOTS.);
#1067 = CARTESIAN_POINT('',(0.2,1.2,0.1500001));
#1068 = CARTESIAN_POINT('',(0.2,1.2,1.000000002804E-07));
#1069 = ORIENTED_EDGE('',*,*,#1024,.T.);
#1070 = B_SPLINE_SURFACE_WITH_KNOTS('',1,1,(
    (#1071,#1072)
    ,(#1073,#1074
    )),.UNSPECIFIED.,.F.,.F.,.F.,(2,2),(2,2),(-0.15,0.),(-0.4,0.),
  .PIECEWISE_BEZIER_KNOTS.);
#1071 = CARTESIAN_POINT('',(-0.2,1.2,1.000000002804E-07));
#1072 = CARTESIAN_POINT('',(0.2,1.2,1.000000002804E-07));
#1073 = CARTESIAN_POINT('',(-0.2,1.2,0.1500001));
#1074 = CARTESIAN_POINT('',(0.2,1.2,0.1500001));
#1075 = ADVANCED_FACE('',(#1076),#1098,.T.);
#1076 = FACE_BOUND('',#1077,.T.);
#1077 = EDGE_LOOP('',(#1078,#1085,#1092,#1097));
#1078 = ORIENTED_EDGE('',*,*,#1079,.F.);
#1079 = EDGE_CURVE('',#1080,#1052,#1082,.T.);
#1080 = VERTEX_POINT('',#1081);
#1081 = CARTESIAN_POINT('',(-0.2,0.999725906951,0.1500001));
#1082 = B_SPLINE_CURVE_WITH_KNOTS('',1,(#1083,#1084),.UNSPECIFIED.,.F.,
  .F.,(2,2),(0.,0.200274093049),.PIECEWISE_BEZIER_KNOTS.);
#1083 = CARTESIAN_POINT('',(-0.2,0.999725906951,0.1500001));
#1084 = CARTESIAN_POINT('',(-0.2,1.2,0.1500001));
#1085 = ORIENTED_EDGE('',*,*,#1086,.F.);
#1086 = EDGE_CURVE('',#1087,#1080,#1089,.T.);
#1087 = VERTEX_POINT('',#1088);
#1088 = CARTESIAN_POINT('',(0.2,0.999725906951,0.1500001));
#1089 = B_SPLINE_CURVE_WITH_KNOTS('',1,(#1090,#1091),.UNSPECIFIED.,.F.,
  .F.,(2,2),(-0.,0.4),.PIECEWISE_BEZIER_KNOTS.);
#1090 = CARTESIAN_POINT('',(0.2,0.999725906951,0.1500001));
#1091 = CARTESIAN_POINT('',(-0.2,0.999725906951,0.1500001));
#1092 = ORIENTED_EDGE('',*,*,#1093,.T.);
#1093 = EDGE_CURVE('',#1087,#1059,#1094,.T.);
#1094 = B_SPLINE_CURVE_WITH_KNOTS('',1,(#1095,#1096),.UNSPECIFIED.,.F.,
  .F.,(2,2),(0.,0.200274093049),.PIECEWISE_BEZIER_KNOTS.);
#1095 = CARTESIAN_POINT('',(0.2,0.999725906951,0.1500001));
#1096 = CARTESIAN_POINT('',(0.2,1.2,0.1500001));
#1097 = ORIENTED_EDGE('',*,*,#1058,.T.);
#1098 = B_SPLINE_SURFACE_WITH_KNOTS('',1,1,(
    (#1099,#1100)
    ,(#1101,#1102
    )),.UNSPECIFIED.,.F.,.F.,.F.,(2,2),(2,2),(-0.200274093049,0.),(-0.4,
    0.),.PIECEWISE_BEZIER_KNOTS.);
#1099 = CARTESIAN_POINT('',(-0.2,1.2,0.1500001));
#1100 = CARTESIAN_POINT('',(0.2,1.2,0.1500001));
#1101 = CARTESIAN_POINT('',(-0.2,0.999725906951,0.1500001));
#1102 = CARTESIAN_POINT('',(0.2,0.999725906951,0.1500001));
#1103 = ADVANCED_FACE('',(#1104),#1128,.F.);
#1104 = FACE_BOUND('',#1105,.F.);
#1105 = EDGE_LOOP('',(#1106,#1107,#1115,#1122));
#1106 = ORIENTED_EDGE('',*,*,#1086,.F.);
#1107 = ORIENTED_EDGE('',*,*,#1108,.F.);
#1108 = EDGE_CURVE('',#1109,#1087,#1111,.T.);
#1109 = VERTEX_POINT('',#1110);
#1110 = CARTESIAN_POINT('',(0.2,0.949794430213,0.197383302188));
#1111 = ( BOUNDED_CURVE() B_SPLINE_CURVE(2,(#1112,#1113,#1114),
.UNSPECIFIED.,.F.,.F.) B_SPLINE_CURVE_WITH_KNOTS((3,3),(4.764748857945,
6.28318530718),.PIECEWISE_BEZIER_KNOTS.) CURVE() 
GEOMETRIC_REPRESENTATION_ITEM() RATIONAL_B_SPLINE_CURVE((1.,
0.725374371012,1.)) REPRESENTATION_ITEM('') );
#1112 = CARTESIAN_POINT('',(0.2,0.949794430213,0.197383302188));
#1113 = CARTESIAN_POINT('',(0.2,0.952277678615,0.1500001));
#1114 = CARTESIAN_POINT('',(0.2,0.999725906951,0.1500001));
#1115 = ORIENTED_EDGE('',*,*,#1116,.T.);
#1116 = EDGE_CURVE('',#1109,#1117,#1119,.T.);
#1117 = VERTEX_POINT('',#1118);
#1118 = CARTESIAN_POINT('',(-0.2,0.949794430213,0.197383302188));
#1119 = B_SPLINE_CURVE_WITH_KNOTS('',1,(#1120,#1121),.UNSPECIFIED.,.F.,
  .F.,(2,2),(-0.,0.4),.PIECEWISE_BEZIER_KNOTS.);
#1120 = CARTESIAN_POINT('',(0.2,0.949794430213,0.197383302188));
#1121 = CARTESIAN_POINT('',(-0.2,0.949794430213,0.197383302188));
#1122 = ORIENTED_EDGE('',*,*,#1123,.T.);
#1123 = EDGE_CURVE('',#1117,#1080,#1124,.T.);
#1124 = ( BOUNDED_CURVE() B_SPLINE_CURVE(2,(#1125,#1126,#1127),
.UNSPECIFIED.,.F.,.F.) B_SPLINE_CURVE_WITH_KNOTS((3,3),(4.764748857945,
6.28318530718),.PIECEWISE_BEZIER_KNOTS.) CURVE() 
GEOMETRIC_REPRESENTATION_ITEM() RATIONAL_B_SPLINE_CURVE((1.,
0.725374371012,1.)) REPRESENTATION_ITEM('') );
#1125 = CARTESIAN_POINT('',(-0.2,0.949794430213,0.197383302188));
#1126 = CARTESIAN_POINT('',(-0.2,0.952277678615,0.1500001));
#1127 = CARTESIAN_POINT('',(-0.2,0.999725906951,0.1500001));
#1128 = ( BOUNDED_SURFACE() B_SPLINE_SURFACE(2,1,(
    (#1129,#1130)
    ,(#1131,#1132)
    ,(#1133,#1134
)),.UNSPECIFIED.,.F.,.F.,.F.) B_SPLINE_SURFACE_WITH_KNOTS((3,3),(2,2),(
    3.14159265359,4.660029102825),(0.,0.4),.PIECEWISE_BEZIER_KNOTS.) 
GEOMETRIC_REPRESENTATION_ITEM() RATIONAL_B_SPLINE_SURFACE((
    (1.,1.)
    ,(0.725374371012,0.725374371012)
,(1.,1.))) REPRESENTATION_ITEM('') SURFACE() );
#1129 = CARTESIAN_POINT('',(0.2,0.999725906951,0.1500001));
#1130 = CARTESIAN_POINT('',(-0.2,0.999725906951,0.1500001));
#1131 = CARTESIAN_POINT('',(0.2,0.952277678615,0.1500001));
#1132 = CARTESIAN_POINT('',(-0.2,0.952277678615,0.1500001));
#1133 = CARTESIAN_POINT('',(0.2,0.949794430213,0.197383302188));
#1134 = CARTESIAN_POINT('',(-0.2,0.949794430213,0.197383302188));
#1135 = ADVANCED_FACE('',(#1136),#1158,.T.);
#1136 = FACE_BOUND('',#1137,.T.);
#1137 = EDGE_LOOP('',(#1138,#1145,#1152,#1157));
#1138 = ORIENTED_EDGE('',*,*,#1139,.F.);
#1139 = EDGE_CURVE('',#1140,#1117,#1142,.T.);
#1140 = VERTEX_POINT('',#1141);
#1141 = CARTESIAN_POINT('',(-0.2,0.927097460103,0.630467291249));
#1142 = B_SPLINE_CURVE_WITH_KNOTS('',1,(#1143,#1144),.UNSPECIFIED.,.F.,
  .F.,(2,2),(0.,0.43367833014),.PIECEWISE_BEZIER_KNOTS.);
#1143 = CARTESIAN_POINT('',(-0.2,0.927097460103,0.630467291249));
#1144 = CARTESIAN_POINT('',(-0.2,0.949794430213,0.197383302188));
#1145 = ORIENTED_EDGE('',*,*,#1146,.F.);
#1146 = EDGE_CURVE('',#1147,#1140,#1149,.T.);
#1147 = VERTEX_POINT('',#1148);
#1148 = CARTESIAN_POINT('',(0.2,0.927097460103,0.630467291249));
#1149 = B_SPLINE_CURVE_WITH_KNOTS('',1,(#1150,#1151),.UNSPECIFIED.,.F.,
  .F.,(2,2),(-0.,0.4),.PIECEWISE_BEZIER_KNOTS.);
#1150 = CARTESIAN_POINT('',(0.2,0.927097460103,0.630467291249));
#1151 = CARTESIAN_POINT('',(-0.2,0.927097460103,0.630467291249));
#1152 = ORIENTED_EDGE('',*,*,#1153,.T.);
#1153 = EDGE_CURVE('',#1147,#1109,#1154,.T.);
#1154 = B_SPLINE_CURVE_WITH_KNOTS('',1,(#1155,#1156),.UNSPECIFIED.,.F.,
  .F.,(2,2),(0.,0.43367833014),.PIECEWISE_BEZIER_KNOTS.);
#1155 = CARTESIAN_POINT('',(0.2,0.927097460103,0.630467291249));
#1156 = CARTESIAN_POINT('',(0.2,0.949794430213,0.197383302188));
#1157 = ORIENTED_EDGE('',*,*,#1116,.T.);
#1158 = B_SPLINE_SURFACE_WITH_KNOTS('',1,1,(
    (#1159,#1160)
    ,(#1161,#1162
    )),.UNSPECIFIED.,.F.,.F.,.F.,(2,2),(2,2),(-0.43367833014,0.),(-0.4,
    0.),.PIECEWISE_BEZIER_KNOTS.);
#1159 = CARTESIAN_POINT('',(-0.2,0.949794430213,0.197383302188));
#1160 = CARTESIAN_POINT('',(0.2,0.949794430213,0.197383302188));
#1161 = CARTESIAN_POINT('',(-0.2,0.927097460103,0.630467291249));
#1162 = CARTESIAN_POINT('',(0.2,0.927097460103,0.630467291249));
#1163 = ADVANCED_FACE('',(#1164),#1180,.T.);
#1164 = FACE_BOUND('',#1165,.T.);
#1165 = EDGE_LOOP('',(#1166,#1172,#1173,#1179));
#1166 = ORIENTED_EDGE('',*,*,#1167,.F.);
#1167 = EDGE_CURVE('',#996,#1140,#1168,.T.);
#1168 = ( BOUNDED_CURVE() B_SPLINE_CURVE(2,(#1169,#1170,#1171),
.UNSPECIFIED.,.F.,.F.) B_SPLINE_CURVE_WITH_KNOTS((3,3),(3.14159265359,
4.660029102825),.PIECEWISE_BEZIER_KNOTS.) CURVE() 
GEOMETRIC_REPRESENTATION_ITEM() RATIONAL_B_SPLINE_CURVE((1.,
0.725374371012,1.)) REPRESENTATION_ITEM('') );
#1169 = CARTESIAN_POINT('',(-0.2,0.727371553153,0.8200001));
#1170 = CARTESIAN_POINT('',(-0.2,0.917164466496,0.8200001));
#1171 = CARTESIAN_POINT('',(-0.2,0.927097460103,0.630467291249));
#1172 = ORIENTED_EDGE('',*,*,#995,.F.);
#1173 = ORIENTED_EDGE('',*,*,#1174,.T.);
#1174 = EDGE_CURVE('',#989,#1147,#1175,.T.);
#1175 = ( BOUNDED_CURVE() B_SPLINE_CURVE(2,(#1176,#1177,#1178),
.UNSPECIFIED.,.F.,.F.) B_SPLINE_CURVE_WITH_KNOTS((3,3),(3.14159265359,
4.660029102825),.PIECEWISE_BEZIER_KNOTS.) CURVE() 
GEOMETRIC_REPRESENTATION_ITEM() RATIONAL_B_SPLINE_CURVE((1.,
0.725374371012,1.)) REPRESENTATION_ITEM('') );
#1176 = CARTESIAN_POINT('',(0.2,0.727371553153,0.8200001));
#1177 = CARTESIAN_POINT('',(0.2,0.917164466496,0.8200001));
#1178 = CARTESIAN_POINT('',(0.2,0.927097460103,0.630467291249));
#1179 = ORIENTED_EDGE('',*,*,#1146,.T.);
#1180 = ( BOUNDED_SURFACE() B_SPLINE_SURFACE(2,1,(
    (#1181,#1182)
    ,(#1183,#1184)
    ,(#1185,#1186
)),.UNSPECIFIED.,.F.,.F.,.F.) B_SPLINE_SURFACE_WITH_KNOTS((3,3),(2,2),(
    0.,1.518436449235),(0.,0.4),.PIECEWISE_BEZIER_KNOTS.) 
GEOMETRIC_REPRESENTATION_ITEM() RATIONAL_B_SPLINE_SURFACE((
    (1.,1.)
    ,(0.725374371012,0.725374371012)
,(1.,1.))) REPRESENTATION_ITEM('') SURFACE() );
#1181 = CARTESIAN_POINT('',(0.2,0.727371553153,0.8200001));
#1182 = CARTESIAN_POINT('',(-0.2,0.727371553153,0.8200001));
#1183 = CARTESIAN_POINT('',(0.2,0.917164466496,0.8200001));
#1184 = CARTESIAN_POINT('',(-0.2,0.917164466496,0.8200001));
#1185 = CARTESIAN_POINT('',(0.2,0.927097460103,0.630467291249));
#1186 = CARTESIAN_POINT('',(-0.2,0.927097460103,0.630467291249));
#1187 = ADVANCED_FACE('',(#1188),#1210,.F.);
#1188 = FACE_BOUND('',#1189,.T.);
#1189 = EDGE_LOOP('',(#1190,#1191,#1198,#1205));
#1190 = ORIENTED_EDGE('',*,*,#816,.F.);
#1191 = ORIENTED_EDGE('',*,*,#1192,.T.);
#1192 = EDGE_CURVE('',#810,#1193,#1195,.T.);
#1193 = VERTEX_POINT('',#1194);
#1194 = CARTESIAN_POINT('',(-0.2,0.727371553153,0.6700001));
#1195 = B_SPLINE_CURVE_WITH_KNOTS('',1,(#1196,#1197),.UNSPECIFIED.,.F.,
  .F.,(2,2),(0.269586073556,0.352551771664),.PIECEWISE_BEZIER_KNOTS.);
#1196 = CARTESIAN_POINT('',(-0.2,0.644405855045,0.6700001));
#1197 = CARTESIAN_POINT('',(-0.2,0.727371553153,0.6700001));
#1198 = ORIENTED_EDGE('',*,*,#1199,.F.);
#1199 = EDGE_CURVE('',#1200,#1193,#1202,.T.);
#1200 = VERTEX_POINT('',#1201);
#1201 = CARTESIAN_POINT('',(0.2,0.727371553153,0.6700001));
#1202 = B_SPLINE_CURVE_WITH_KNOTS('',1,(#1203,#1204),.UNSPECIFIED.,.F.,
  .F.,(2,2),(-0.,0.4),.PIECEWISE_BEZIER_KNOTS.);
#1203 = CARTESIAN_POINT('',(0.2,0.727371553153,0.6700001));
#1204 = CARTESIAN_POINT('',(-0.2,0.727371553153,0.6700001));
#1205 = ORIENTED_EDGE('',*,*,#1206,.F.);
#1206 = EDGE_CURVE('',#817,#1200,#1207,.T.);
#1207 = B_SPLINE_CURVE_WITH_KNOTS('',1,(#1208,#1209),.UNSPECIFIED.,.F.,
  .F.,(2,2),(0.269586073556,0.352551771664),.PIECEWISE_BEZIER_KNOTS.);
#1208 = CARTESIAN_POINT('',(0.2,0.644405855045,0.6700001));
#1209 = CARTESIAN_POINT('',(0.2,0.727371553153,0.6700001));
#1210 = B_SPLINE_SURFACE_WITH_KNOTS('',1,1,(
    (#1211,#1212)
    ,(#1213,#1214
    )),.UNSPECIFIED.,.F.,.F.,.F.,(2,2),(2,2),(-0.352551771664,
    -0.269586073556),(-0.4,2.22044604925E-16),.PIECEWISE_BEZIER_KNOTS.);
#1211 = CARTESIAN_POINT('',(-0.2,0.727371553153,0.6700001));
#1212 = CARTESIAN_POINT('',(0.2,0.727371553153,0.6700001));
#1213 = CARTESIAN_POINT('',(-0.2,0.644405855045,0.6700001));
#1214 = CARTESIAN_POINT('',(0.2,0.644405855045,0.6700001));
#1215 = ADVANCED_FACE('',(#1216),#1240,.F.);
#1216 = FACE_BOUND('',#1217,.F.);
#1217 = EDGE_LOOP('',(#1218,#1219,#1227,#1234));
#1218 = ORIENTED_EDGE('',*,*,#1199,.F.);
#1219 = ORIENTED_EDGE('',*,*,#1220,.T.);
#1220 = EDGE_CURVE('',#1200,#1221,#1223,.T.);
#1221 = VERTEX_POINT('',#1222);
#1222 = CARTESIAN_POINT('',(0.2,0.77730302989,0.622616897812));
#1223 = ( BOUNDED_CURVE() B_SPLINE_CURVE(2,(#1224,#1225,#1226),
.UNSPECIFIED.,.F.,.F.) B_SPLINE_CURVE_WITH_KNOTS((3,3),(0.,
1.518436449235),.PIECEWISE_BEZIER_KNOTS.) CURVE() 
GEOMETRIC_REPRESENTATION_ITEM() RATIONAL_B_SPLINE_CURVE((1.,
0.725374371012,1.)) REPRESENTATION_ITEM('') );
#1224 = CARTESIAN_POINT('',(0.2,0.727371553153,0.6700001));
#1225 = CARTESIAN_POINT('',(0.2,0.774819781488,0.6700001));
#1226 = CARTESIAN_POINT('',(0.2,0.77730302989,0.622616897812));
#1227 = ORIENTED_EDGE('',*,*,#1228,.T.);
#1228 = EDGE_CURVE('',#1221,#1229,#1231,.T.);
#1229 = VERTEX_POINT('',#1230);
#1230 = CARTESIAN_POINT('',(-0.2,0.77730302989,0.622616897812));
#1231 = B_SPLINE_CURVE_WITH_KNOTS('',1,(#1232,#1233),.UNSPECIFIED.,.F.,
  .F.,(2,2),(-0.,0.4),.PIECEWISE_BEZIER_KNOTS.);
#1232 = CARTESIAN_POINT('',(0.2,0.77730302989,0.622616897812));
#1233 = CARTESIAN_POINT('',(-0.2,0.77730302989,0.622616897812));
#1234 = ORIENTED_EDGE('',*,*,#1235,.F.);
#1235 = EDGE_CURVE('',#1193,#1229,#1236,.T.);
#1236 = ( BOUNDED_CURVE() B_SPLINE_CURVE(2,(#1237,#1238,#1239),
.UNSPECIFIED.,.F.,.F.) B_SPLINE_CURVE_WITH_KNOTS((3,3),(0.,
1.518436449235),.PIECEWISE_BEZIER_KNOTS.) CURVE() 
GEOMETRIC_REPRESENTATION_ITEM() RATIONAL_B_SPLINE_CURVE((1.,
0.725374371012,1.)) REPRESENTATION_ITEM('') );
#1237 = CARTESIAN_POINT('',(-0.2,0.727371553153,0.6700001));
#1238 = CARTESIAN_POINT('',(-0.2,0.774819781488,0.6700001));
#1239 = CARTESIAN_POINT('',(-0.2,0.77730302989,0.622616897812));
#1240 = ( BOUNDED_SURFACE() B_SPLINE_SURFACE(2,1,(
    (#1241,#1242)
    ,(#1243,#1244)
    ,(#1245,#1246
)),.UNSPECIFIED.,.F.,.F.,.F.) B_SPLINE_SURFACE_WITH_KNOTS((3,3),(2,2),(
    0.,1.518436449235),(0.,0.4),.PIECEWISE_BEZIER_KNOTS.) 
GEOMETRIC_REPRESENTATION_ITEM() RATIONAL_B_SPLINE_SURFACE((
    (1.,1.)
    ,(0.725374371012,0.725374371012)
,(1.,1.))) REPRESENTATION_ITEM('') SURFACE() );
#1241 = CARTESIAN_POINT('',(0.2,0.727371553153,0.6700001));
#1242 = CARTESIAN_POINT('',(-0.2,0.727371553153,0.6700001));
#1243 = CARTESIAN_POINT('',(0.2,0.774819781488,0.6700001));
#1244 = CARTESIAN_POINT('',(-0.2,0.774819781488,0.6700001));
#1245 = CARTESIAN_POINT('',(0.2,0.77730302989,0.622616897812));
#1246 = CARTESIAN_POINT('',(-0.2,0.77730302989,0.622616897812));
#1247 = ADVANCED_FACE('',(#1248),#1270,.F.);
#1248 = FACE_BOUND('',#1249,.T.);
#1249 = EDGE_LOOP('',(#1250,#1257,#1264,#1269));
#1250 = ORIENTED_EDGE('',*,*,#1251,.T.);
#1251 = EDGE_CURVE('',#1229,#1252,#1254,.T.);
#1252 = VERTEX_POINT('',#1253);
#1253 = CARTESIAN_POINT('',(-0.2,0.8,0.189532908751));
#1254 = B_SPLINE_CURVE_WITH_KNOTS('',1,(#1255,#1256),.UNSPECIFIED.,.F.,
  .F.,(2,2),(0.,0.43367833014),.PIECEWISE_BEZIER_KNOTS.);
#1255 = CARTESIAN_POINT('',(-0.2,0.77730302989,0.622616897812));
#1256 = CARTESIAN_POINT('',(-0.2,0.8,0.189532908751));
#1257 = ORIENTED_EDGE('',*,*,#1258,.F.);
#1258 = EDGE_CURVE('',#1259,#1252,#1261,.T.);
#1259 = VERTEX_POINT('',#1260);
#1260 = CARTESIAN_POINT('',(0.2,0.8,0.189532908751));
#1261 = B_SPLINE_CURVE_WITH_KNOTS('',1,(#1262,#1263),.UNSPECIFIED.,.F.,
  .F.,(2,2),(-0.,0.4),.PIECEWISE_BEZIER_KNOTS.);
#1262 = CARTESIAN_POINT('',(0.2,0.8,0.189532908751));
#1263 = CARTESIAN_POINT('',(-0.2,0.8,0.189532908751));
#1264 = ORIENTED_EDGE('',*,*,#1265,.F.);
#1265 = EDGE_CURVE('',#1221,#1259,#1266,.T.);
#1266 = B_SPLINE_CURVE_WITH_KNOTS('',1,(#1267,#1268),.UNSPECIFIED.,.F.,
  .F.,(2,2),(0.,0.43367833014),.PIECEWISE_BEZIER_KNOTS.);
#1267 = CARTESIAN_POINT('',(0.2,0.77730302989,0.622616897812));
#1268 = CARTESIAN_POINT('',(0.2,0.8,0.189532908751));
#1269 = ORIENTED_EDGE('',*,*,#1228,.T.);
#1270 = B_SPLINE_SURFACE_WITH_KNOTS('',1,1,(
    (#1271,#1272)
    ,(#1273,#1274
    )),.UNSPECIFIED.,.F.,.F.,.F.,(2,2),(2,2),(-0.43367833014,0.),(-0.4,
    0.),.PIECEWISE_BEZIER_KNOTS.);
#1271 = CARTESIAN_POINT('',(-0.2,0.8,0.189532908751));
#1272 = CARTESIAN_POINT('',(0.2,0.8,0.189532908751));
#1273 = CARTESIAN_POINT('',(-0.2,0.77730302989,0.622616897812));
#1274 = CARTESIAN_POINT('',(0.2,0.77730302989,0.622616897812));
#1275 = ADVANCED_FACE('',(#1276),#1292,.T.);
#1276 = FACE_BOUND('',#1277,.T.);
#1277 = EDGE_LOOP('',(#1278,#1284,#1285,#1291));
#1278 = ORIENTED_EDGE('',*,*,#1279,.T.);
#1279 = EDGE_CURVE('',#1252,#1016,#1280,.T.);
#1280 = ( BOUNDED_CURVE() B_SPLINE_CURVE(2,(#1281,#1282,#1283),
.UNSPECIFIED.,.F.,.F.) B_SPLINE_CURVE_WITH_KNOTS((3,3),(1.623156204355,
3.14159265359),.PIECEWISE_BEZIER_KNOTS.) CURVE() 
GEOMETRIC_REPRESENTATION_ITEM() RATIONAL_B_SPLINE_CURVE((1.,
0.725374371012,1.)) REPRESENTATION_ITEM('') );
#1281 = CARTESIAN_POINT('',(-0.2,0.8,0.189532908751));
#1282 = CARTESIAN_POINT('',(-0.2,0.809932993608,1.000000003915E-07));
#1283 = CARTESIAN_POINT('',(-0.2,0.999725906951,1.000000003915E-07));
#1284 = ORIENTED_EDGE('',*,*,#1038,.F.);
#1285 = ORIENTED_EDGE('',*,*,#1286,.F.);
#1286 = EDGE_CURVE('',#1259,#1032,#1287,.T.);
#1287 = ( BOUNDED_CURVE() B_SPLINE_CURVE(2,(#1288,#1289,#1290),
.UNSPECIFIED.,.F.,.F.) B_SPLINE_CURVE_WITH_KNOTS((3,3),(1.623156204355,
3.14159265359),.PIECEWISE_BEZIER_KNOTS.) CURVE() 
GEOMETRIC_REPRESENTATION_ITEM() RATIONAL_B_SPLINE_CURVE((1.,
0.725374371012,1.)) REPRESENTATION_ITEM('') );
#1288 = CARTESIAN_POINT('',(0.2,0.8,0.189532908751));
#1289 = CARTESIAN_POINT('',(0.2,0.809932993608,1.000000003915E-07));
#1290 = CARTESIAN_POINT('',(0.2,0.999725906951,1.000000003915E-07));
#1291 = ORIENTED_EDGE('',*,*,#1258,.T.);
#1292 = ( BOUNDED_SURFACE() B_SPLINE_SURFACE(2,1,(
    (#1293,#1294)
    ,(#1295,#1296)
    ,(#1297,#1298
)),.UNSPECIFIED.,.F.,.F.,.F.) B_SPLINE_SURFACE_WITH_KNOTS((3,3),(2,2),(
    3.14159265359,4.660029102825),(0.,0.4),.PIECEWISE_BEZIER_KNOTS.) 
GEOMETRIC_REPRESENTATION_ITEM() RATIONAL_B_SPLINE_SURFACE((
    (1.,1.)
    ,(0.725374371012,0.725374371012)
,(1.,1.))) REPRESENTATION_ITEM('') SURFACE() );
#1293 = CARTESIAN_POINT('',(0.2,0.999725906951,1.000000003915E-07));
#1294 = CARTESIAN_POINT('',(-0.2,0.999725906951,1.000000003915E-07));
#1295 = CARTESIAN_POINT('',(0.2,0.809932993608,1.000000003915E-07));
#1296 = CARTESIAN_POINT('',(-0.2,0.809932993608,1.000000003915E-07));
#1297 = CARTESIAN_POINT('',(0.2,0.8,0.189532908751));
#1298 = CARTESIAN_POINT('',(-0.2,0.8,0.189532908751));
#1299 = ADVANCED_FACE('',(#1300),#1315,.T.);
#1300 = FACE_BOUND('',#1301,.T.);
#1301 = EDGE_LOOP('',(#1302,#1303,#1304,#1305,#1306,#1307,#1308,#1309,
    #1310,#1311,#1312,#1313,#1314));
#1302 = ORIENTED_EDGE('',*,*,#879,.F.);
#1303 = ORIENTED_EDGE('',*,*,#823,.T.);
#1304 = ORIENTED_EDGE('',*,*,#1206,.T.);
#1305 = ORIENTED_EDGE('',*,*,#1220,.T.);
#1306 = ORIENTED_EDGE('',*,*,#1265,.T.);
#1307 = ORIENTED_EDGE('',*,*,#1286,.T.);
#1308 = ORIENTED_EDGE('',*,*,#1031,.T.);
#1309 = ORIENTED_EDGE('',*,*,#1065,.F.);
#1310 = ORIENTED_EDGE('',*,*,#1093,.F.);
#1311 = ORIENTED_EDGE('',*,*,#1108,.F.);
#1312 = ORIENTED_EDGE('',*,*,#1153,.F.);
#1313 = ORIENTED_EDGE('',*,*,#1174,.F.);
#1314 = ORIENTED_EDGE('',*,*,#988,.F.);
#1315 = B_SPLINE_SURFACE_WITH_KNOTS('',1,1,(
    (#1316,#1317)
    ,(#1318,#1319
    )),.UNSPECIFIED.,.F.,.F.,.F.,(2,2),(2,2),(-0.62,0.2),(
    -0.355320051906,0.200274093049),.PIECEWISE_BEZIER_KNOTS.);
#1316 = CARTESIAN_POINT('',(0.2,0.644405855045,0.8200001));
#1317 = CARTESIAN_POINT('',(0.2,1.2,0.8200001));
#1318 = CARTESIAN_POINT('',(0.2,0.644405855045,1.000000002804E-07));
#1319 = CARTESIAN_POINT('',(0.2,1.2,1.000000002804E-07));
#1320 = ADVANCED_FACE('',(#1321),#1336,.F.);
#1321 = FACE_BOUND('',#1322,.T.);
#1322 = EDGE_LOOP('',(#1323,#1324,#1325,#1326,#1327,#1328,#1329,#1330,
    #1331,#1332,#1333,#1334,#1335));
#1323 = ORIENTED_EDGE('',*,*,#809,.F.);
#1324 = ORIENTED_EDGE('',*,*,#893,.T.);
#1325 = ORIENTED_EDGE('',*,*,#1002,.T.);
#1326 = ORIENTED_EDGE('',*,*,#1167,.T.);
#1327 = ORIENTED_EDGE('',*,*,#1139,.T.);
#1328 = ORIENTED_EDGE('',*,*,#1123,.T.);
#1329 = ORIENTED_EDGE('',*,*,#1079,.T.);
#1330 = ORIENTED_EDGE('',*,*,#1051,.T.);
#1331 = ORIENTED_EDGE('',*,*,#1015,.F.);
#1332 = ORIENTED_EDGE('',*,*,#1279,.F.);
#1333 = ORIENTED_EDGE('',*,*,#1251,.F.);
#1334 = ORIENTED_EDGE('',*,*,#1235,.F.);
#1335 = ORIENTED_EDGE('',*,*,#1192,.F.);
#1336 = B_SPLINE_SURFACE_WITH_KNOTS('',1,1,(
    (#1337,#1338)
    ,(#1339,#1340
    )),.UNSPECIFIED.,.F.,.F.,.F.,(2,2),(2,2),(-0.62,0.2),(
    -0.355320051906,0.200274093049),.PIECEWISE_BEZIER_KNOTS.);
#1337 = CARTESIAN_POINT('',(-0.2,0.644405855045,0.8200001));
#1338 = CARTESIAN_POINT('',(-0.2,1.2,0.8200001));
#1339 = CARTESIAN_POINT('',(-0.2,0.644405855045,1.000000002804E-07));
#1340 = CARTESIAN_POINT('',(-0.2,1.2,1.000000002804E-07));
#1341 = ADVANCED_FACE('',(#1342),#1374,.F.);
#1342 = FACE_BOUND('',#1343,.F.);
#1343 = EDGE_LOOP('',(#1344,#1353,#1361,#1368));
#1344 = ORIENTED_EDGE('',*,*,#1345,.F.);
#1345 = EDGE_CURVE('',#1346,#1348,#1350,.T.);
#1346 = VERTEX_POINT('',#1347);
#1347 = CARTESIAN_POINT('',(1.15,-0.77730302989,0.622616897812));
#1348 = VERTEX_POINT('',#1349);
#1349 = CARTESIAN_POINT('',(0.75,-0.77730302989,0.622616897812));
#1350 = B_SPLINE_CURVE_WITH_KNOTS('',1,(#1351,#1352),.UNSPECIFIED.,.F.,
  .F.,(2,2),(-0.,0.4),.PIECEWISE_BEZIER_KNOTS.);
#1351 = CARTESIAN_POINT('',(1.15,-0.77730302989,0.622616897812));
#1352 = CARTESIAN_POINT('',(0.75,-0.77730302989,0.622616897812));
#1353 = ORIENTED_EDGE('',*,*,#1354,.T.);
#1354 = EDGE_CURVE('',#1346,#1355,#1357,.T.);
#1355 = VERTEX_POINT('',#1356);
#1356 = CARTESIAN_POINT('',(1.15,-0.727371553153,0.6700001));
#1357 = ( BOUNDED_CURVE() B_SPLINE_CURVE(2,(#1358,#1359,#1360),
.UNSPECIFIED.,.F.,.F.) B_SPLINE_CURVE_WITH_KNOTS((3,3),(4.764748857945,
6.28318530718),.PIECEWISE_BEZIER_KNOTS.) CURVE() 
GEOMETRIC_REPRESENTATION_ITEM() RATIONAL_B_SPLINE_CURVE((1.,
0.725374371012,1.)) REPRESENTATION_ITEM('') );
#1358 = CARTESIAN_POINT('',(1.15,-0.77730302989,0.622616897812));
#1359 = CARTESIAN_POINT('',(1.15,-0.774819781488,0.6700001));
#1360 = CARTESIAN_POINT('',(1.15,-0.727371553153,0.6700001));
#1361 = ORIENTED_EDGE('',*,*,#1362,.T.);
#1362 = EDGE_CURVE('',#1355,#1363,#1365,.T.);
#1363 = VERTEX_POINT('',#1364);
#1364 = CARTESIAN_POINT('',(0.75,-0.727371553153,0.6700001));
#1365 = B_SPLINE_CURVE_WITH_KNOTS('',1,(#1366,#1367),.UNSPECIFIED.,.F.,
  .F.,(2,2),(-0.,0.4),.PIECEWISE_BEZIER_KNOTS.);
#1366 = CARTESIAN_POINT('',(1.15,-0.727371553153,0.6700001));
#1367 = CARTESIAN_POINT('',(0.75,-0.727371553153,0.6700001));
#1368 = ORIENTED_EDGE('',*,*,#1369,.F.);
#1369 = EDGE_CURVE('',#1348,#1363,#1370,.T.);
#1370 = ( BOUNDED_CURVE() B_SPLINE_CURVE(2,(#1371,#1372,#1373),
.UNSPECIFIED.,.F.,.F.) B_SPLINE_CURVE_WITH_KNOTS((3,3),(4.764748857945,
6.28318530718),.PIECEWISE_BEZIER_KNOTS.) CURVE() 
GEOMETRIC_REPRESENTATION_ITEM() RATIONAL_B_SPLINE_CURVE((1.,
0.725374371012,1.)) REPRESENTATION_ITEM('') );
#1371 = CARTESIAN_POINT('',(0.75,-0.77730302989,0.622616897812));
#1372 = CARTESIAN_POINT('',(0.75,-0.774819781488,0.6700001));
#1373 = CARTESIAN_POINT('',(0.75,-0.727371553153,0.6700001));
#1374 = ( BOUNDED_SURFACE() B_SPLINE_SURFACE(2,1,(
    (#1375,#1376)
    ,(#1377,#1378)
    ,(#1379,#1380
)),.UNSPECIFIED.,.F.,.F.,.F.) B_SPLINE_SURFACE_WITH_KNOTS((3,3),(2,2),(
    4.764748857945,6.28318530718),(0.,0.4),.PIECEWISE_BEZIER_KNOTS.) 
GEOMETRIC_REPRESENTATION_ITEM() RATIONAL_B_SPLINE_SURFACE((
    (1.,1.)
    ,(0.725374371012,0.725374371012)
,(1.,1.))) REPRESENTATION_ITEM('') SURFACE() );
#1375 = CARTESIAN_POINT('',(1.15,-0.77730302989,0.622616897812));
#1376 = CARTESIAN_POINT('',(0.75,-0.77730302989,0.622616897812));
#1377 = CARTESIAN_POINT('',(1.15,-0.774819781488,0.6700001));
#1378 = CARTESIAN_POINT('',(0.75,-0.774819781488,0.6700001));
#1379 = CARTESIAN_POINT('',(1.15,-0.727371553153,0.6700001));
#1380 = CARTESIAN_POINT('',(0.75,-0.727371553153,0.6700001));
#1381 = ADVANCED_FACE('',(#1382),#1396,.F.);
#1382 = FACE_BOUND('',#1383,.T.);
#1383 = EDGE_LOOP('',(#1384,#1389,#1390,#1395));
#1384 = ORIENTED_EDGE('',*,*,#1385,.T.);
#1385 = EDGE_CURVE('',#1363,#571,#1386,.T.);
#1386 = B_SPLINE_CURVE_WITH_KNOTS('',1,(#1387,#1388),.UNSPECIFIED.,.F.,
  .F.,(2,2),(-8.296569810804E-02,0.),.PIECEWISE_BEZIER_KNOTS.);
#1387 = CARTESIAN_POINT('',(0.75,-0.727371553153,0.6700001));
#1388 = CARTESIAN_POINT('',(0.75,-0.644405855045,0.6700001));
#1389 = ORIENTED_EDGE('',*,*,#570,.F.);
#1390 = ORIENTED_EDGE('',*,*,#1391,.F.);
#1391 = EDGE_CURVE('',#1355,#564,#1392,.T.);
#1392 = B_SPLINE_CURVE_WITH_KNOTS('',1,(#1393,#1394),.UNSPECIFIED.,.F.,
  .F.,(2,2),(-8.296569810804E-02,0.),.PIECEWISE_BEZIER_KNOTS.);
#1393 = CARTESIAN_POINT('',(1.15,-0.727371553153,0.6700001));
#1394 = CARTESIAN_POINT('',(1.15,-0.644405855045,0.6700001));
#1395 = ORIENTED_EDGE('',*,*,#1362,.T.);
#1396 = B_SPLINE_SURFACE_WITH_KNOTS('',1,1,(
    (#1397,#1398)
    ,(#1399,#1400
    )),.UNSPECIFIED.,.F.,.F.,.F.,(2,2),(2,2),(-0.,8.296569810804E-02),(
    -0.4,0.),.PIECEWISE_BEZIER_KNOTS.);
#1397 = CARTESIAN_POINT('',(0.75,-0.644405855045,0.6700001));
#1398 = CARTESIAN_POINT('',(1.15,-0.644405855045,0.6700001));
#1399 = CARTESIAN_POINT('',(0.75,-0.727371553153,0.6700001));
#1400 = CARTESIAN_POINT('',(1.15,-0.727371553153,0.6700001));
#1401 = ADVANCED_FACE('',(#1402),#1424,.F.);
#1402 = FACE_BOUND('',#1403,.T.);
#1403 = EDGE_LOOP('',(#1404,#1411,#1418,#1423));
#1404 = ORIENTED_EDGE('',*,*,#1405,.T.);
#1405 = EDGE_CURVE('',#674,#1406,#1408,.T.);
#1406 = VERTEX_POINT('',#1407);
#1407 = CARTESIAN_POINT('',(0.75,-0.727371553153,0.8200001));
#1408 = B_SPLINE_CURVE_WITH_KNOTS('',1,(#1409,#1410),.UNSPECIFIED.,.F.,
  .F.,(2,2),(-8.22664299886E-02,1.143109626597E-32),
  .PIECEWISE_BEZIER_KNOTS.);
#1409 = CARTESIAN_POINT('',(0.75,-0.645105123164,0.8200001));
#1410 = CARTESIAN_POINT('',(0.75,-0.727371553153,0.8200001));
#1411 = ORIENTED_EDGE('',*,*,#1412,.F.);
#1412 = EDGE_CURVE('',#1413,#1406,#1415,.T.);
#1413 = VERTEX_POINT('',#1414);
#1414 = CARTESIAN_POINT('',(1.15,-0.727371553153,0.8200001));
#1415 = B_SPLINE_CURVE_WITH_KNOTS('',1,(#1416,#1417),.UNSPECIFIED.,.F.,
  .F.,(2,2),(-0.,0.4),.PIECEWISE_BEZIER_KNOTS.);
#1416 = CARTESIAN_POINT('',(1.15,-0.727371553153,0.8200001));
#1417 = CARTESIAN_POINT('',(0.75,-0.727371553153,0.8200001));
#1418 = ORIENTED_EDGE('',*,*,#1419,.F.);
#1419 = EDGE_CURVE('',#681,#1413,#1420,.T.);
#1420 = B_SPLINE_CURVE_WITH_KNOTS('',1,(#1421,#1422),.UNSPECIFIED.,.F.,
  .F.,(2,2),(-8.22664299886E-02,1.143109626597E-32),
  .PIECEWISE_BEZIER_KNOTS.);
#1421 = CARTESIAN_POINT('',(1.15,-0.645105123164,0.8200001));
#1422 = CARTESIAN_POINT('',(1.15,-0.727371553153,0.8200001));
#1423 = ORIENTED_EDGE('',*,*,#680,.T.);
#1424 = B_SPLINE_SURFACE_WITH_KNOTS('',1,1,(
    (#1425,#1426)
    ,(#1427,#1428
    )),.UNSPECIFIED.,.F.,.F.,.F.,(2,2),(2,2),(-1.143109626597E-32,
    8.22664299886E-02),(-0.4,0.),.PIECEWISE_BEZIER_KNOTS.);
#1425 = CARTESIAN_POINT('',(0.75,-0.727371553153,0.8200001));
#1426 = CARTESIAN_POINT('',(1.15,-0.727371553153,0.8200001));
#1427 = CARTESIAN_POINT('',(0.75,-0.645105123164,0.8200001));
#1428 = CARTESIAN_POINT('',(1.15,-0.645105123164,0.8200001));
#1429 = ADVANCED_FACE('',(#1430),#1454,.T.);
#1430 = FACE_BOUND('',#1431,.T.);
#1431 = EDGE_LOOP('',(#1432,#1440,#1447,#1453));
#1432 = ORIENTED_EDGE('',*,*,#1433,.T.);
#1433 = EDGE_CURVE('',#1406,#1434,#1436,.T.);
#1434 = VERTEX_POINT('',#1435);
#1435 = CARTESIAN_POINT('',(0.75,-0.927097460103,0.630467291249));
#1436 = ( BOUNDED_CURVE() B_SPLINE_CURVE(2,(#1437,#1438,#1439),
.UNSPECIFIED.,.F.,.F.) B_SPLINE_CURVE_WITH_KNOTS((3,3),(0.,
1.518436449235),.PIECEWISE_BEZIER_KNOTS.) CURVE() 
GEOMETRIC_REPRESENTATION_ITEM() RATIONAL_B_SPLINE_CURVE((1.,
0.725374371012,1.)) REPRESENTATION_ITEM('') );
#1437 = CARTESIAN_POINT('',(0.75,-0.727371553153,0.8200001));
#1438 = CARTESIAN_POINT('',(0.75,-0.917164466496,0.8200001));
#1439 = CARTESIAN_POINT('',(0.75,-0.927097460103,0.630467291249));
#1440 = ORIENTED_EDGE('',*,*,#1441,.F.);
#1441 = EDGE_CURVE('',#1442,#1434,#1444,.T.);
#1442 = VERTEX_POINT('',#1443);
#1443 = CARTESIAN_POINT('',(1.15,-0.927097460103,0.630467291249));
#1444 = B_SPLINE_CURVE_WITH_KNOTS('',1,(#1445,#1446),.UNSPECIFIED.,.F.,
  .F.,(2,2),(-0.,0.4),.PIECEWISE_BEZIER_KNOTS.);
#1445 = CARTESIAN_POINT('',(1.15,-0.927097460103,0.630467291249));
#1446 = CARTESIAN_POINT('',(0.75,-0.927097460103,0.630467291249));
#1447 = ORIENTED_EDGE('',*,*,#1448,.F.);
#1448 = EDGE_CURVE('',#1413,#1442,#1449,.T.);
#1449 = ( BOUNDED_CURVE() B_SPLINE_CURVE(2,(#1450,#1451,#1452),
.UNSPECIFIED.,.F.,.F.) B_SPLINE_CURVE_WITH_KNOTS((3,3),(0.,
1.518436449235),.PIECEWISE_BEZIER_KNOTS.) CURVE() 
GEOMETRIC_REPRESENTATION_ITEM() RATIONAL_B_SPLINE_CURVE((1.,
0.725374371012,1.)) REPRESENTATION_ITEM('') );
#1450 = CARTESIAN_POINT('',(1.15,-0.727371553153,0.8200001));
#1451 = CARTESIAN_POINT('',(1.15,-0.917164466496,0.8200001));
#1452 = CARTESIAN_POINT('',(1.15,-0.927097460103,0.630467291249));
#1453 = ORIENTED_EDGE('',*,*,#1412,.T.);
#1454 = ( BOUNDED_SURFACE() B_SPLINE_SURFACE(2,1,(
    (#1455,#1456)
    ,(#1457,#1458)
    ,(#1459,#1460
)),.UNSPECIFIED.,.F.,.F.,.F.) B_SPLINE_SURFACE_WITH_KNOTS((3,3),(2,2),(
    4.764748857945,6.28318530718),(0.,0.4),.PIECEWISE_BEZIER_KNOTS.) 
GEOMETRIC_REPRESENTATION_ITEM() RATIONAL_B_SPLINE_SURFACE((
    (1.,1.)
    ,(0.725374371012,0.725374371012)
,(1.,1.))) REPRESENTATION_ITEM('') SURFACE() );
#1455 = CARTESIAN_POINT('',(1.15,-0.927097460103,0.630467291249));
#1456 = CARTESIAN_POINT('',(0.75,-0.927097460103,0.630467291249));
#1457 = CARTESIAN_POINT('',(1.15,-0.917164466496,0.8200001));
#1458 = CARTESIAN_POINT('',(0.75,-0.917164466496,0.8200001));
#1459 = CARTESIAN_POINT('',(1.15,-0.727371553153,0.8200001));
#1460 = CARTESIAN_POINT('',(0.75,-0.727371553153,0.8200001));
#1461 = ADVANCED_FACE('',(#1462),#1484,.F.);
#1462 = FACE_BOUND('',#1463,.T.);
#1463 = EDGE_LOOP('',(#1464,#1471,#1478,#1483));
#1464 = ORIENTED_EDGE('',*,*,#1465,.T.);
#1465 = EDGE_CURVE('',#1434,#1466,#1468,.T.);
#1466 = VERTEX_POINT('',#1467);
#1467 = CARTESIAN_POINT('',(0.75,-0.949794430213,0.197383302188));
#1468 = B_SPLINE_CURVE_WITH_KNOTS('',1,(#1469,#1470),.UNSPECIFIED.,.F.,
  .F.,(2,2),(-0.43367833014,5.810458363669E-18),
  .PIECEWISE_BEZIER_KNOTS.);
#1469 = CARTESIAN_POINT('',(0.75,-0.927097460103,0.630467291249));
#1470 = CARTESIAN_POINT('',(0.75,-0.949794430213,0.197383302188));
#1471 = ORIENTED_EDGE('',*,*,#1472,.F.);
#1472 = EDGE_CURVE('',#1473,#1466,#1475,.T.);
#1473 = VERTEX_POINT('',#1474);
#1474 = CARTESIAN_POINT('',(1.15,-0.949794430213,0.197383302188));
#1475 = B_SPLINE_CURVE_WITH_KNOTS('',1,(#1476,#1477),.UNSPECIFIED.,.F.,
  .F.,(2,2),(-0.,0.4),.PIECEWISE_BEZIER_KNOTS.);
#1476 = CARTESIAN_POINT('',(1.15,-0.949794430213,0.197383302188));
#1477 = CARTESIAN_POINT('',(0.75,-0.949794430213,0.197383302188));
#1478 = ORIENTED_EDGE('',*,*,#1479,.F.);
#1479 = EDGE_CURVE('',#1442,#1473,#1480,.T.);
#1480 = B_SPLINE_CURVE_WITH_KNOTS('',1,(#1481,#1482),.UNSPECIFIED.,.F.,
  .F.,(2,2),(-0.43367833014,5.810458363669E-18),
  .PIECEWISE_BEZIER_KNOTS.);
#1481 = CARTESIAN_POINT('',(1.15,-0.927097460103,0.630467291249));
#1482 = CARTESIAN_POINT('',(1.15,-0.949794430213,0.197383302188));
#1483 = ORIENTED_EDGE('',*,*,#1441,.T.);
#1484 = B_SPLINE_SURFACE_WITH_KNOTS('',1,1,(
    (#1485,#1486)
    ,(#1487,#1488
    )),.UNSPECIFIED.,.F.,.F.,.F.,(2,2),(2,2),(-5.810458363669E-18,
    0.43367833014),(-0.4,0.),.PIECEWISE_BEZIER_KNOTS.);
#1485 = CARTESIAN_POINT('',(0.75,-0.949794430213,0.197383302188));
#1486 = CARTESIAN_POINT('',(1.15,-0.949794430213,0.197383302188));
#1487 = CARTESIAN_POINT('',(0.75,-0.927097460103,0.630467291249));
#1488 = CARTESIAN_POINT('',(1.15,-0.927097460103,0.630467291249));
#1489 = ADVANCED_FACE('',(#1490),#1514,.F.);
#1490 = FACE_BOUND('',#1491,.F.);
#1491 = EDGE_LOOP('',(#1492,#1493,#1501,#1508));
#1492 = ORIENTED_EDGE('',*,*,#1472,.F.);
#1493 = ORIENTED_EDGE('',*,*,#1494,.T.);
#1494 = EDGE_CURVE('',#1473,#1495,#1497,.T.);
#1495 = VERTEX_POINT('',#1496);
#1496 = CARTESIAN_POINT('',(1.15,-0.999725906951,0.1500001));
#1497 = ( BOUNDED_CURVE() B_SPLINE_CURVE(2,(#1498,#1499,#1500),
.UNSPECIFIED.,.F.,.F.) B_SPLINE_CURVE_WITH_KNOTS((3,3),(1.623156204355,
3.14159265359),.PIECEWISE_BEZIER_KNOTS.) CURVE() 
GEOMETRIC_REPRESENTATION_ITEM() RATIONAL_B_SPLINE_CURVE((1.,
0.725374371012,1.)) REPRESENTATION_ITEM('') );
#1498 = CARTESIAN_POINT('',(1.15,-0.949794430213,0.197383302188));
#1499 = CARTESIAN_POINT('',(1.15,-0.952277678615,0.1500001));
#1500 = CARTESIAN_POINT('',(1.15,-0.999725906951,0.1500001));
#1501 = ORIENTED_EDGE('',*,*,#1502,.T.);
#1502 = EDGE_CURVE('',#1495,#1503,#1505,.T.);
#1503 = VERTEX_POINT('',#1504);
#1504 = CARTESIAN_POINT('',(0.75,-0.999725906951,0.1500001));
#1505 = B_SPLINE_CURVE_WITH_KNOTS('',1,(#1506,#1507),.UNSPECIFIED.,.F.,
  .F.,(2,2),(-0.,0.4),.PIECEWISE_BEZIER_KNOTS.);
#1506 = CARTESIAN_POINT('',(1.15,-0.999725906951,0.1500001));
#1507 = CARTESIAN_POINT('',(0.75,-0.999725906951,0.1500001));
#1508 = ORIENTED_EDGE('',*,*,#1509,.F.);
#1509 = EDGE_CURVE('',#1466,#1503,#1510,.T.);
#1510 = ( BOUNDED_CURVE() B_SPLINE_CURVE(2,(#1511,#1512,#1513),
.UNSPECIFIED.,.F.,.F.) B_SPLINE_CURVE_WITH_KNOTS((3,3),(1.623156204355,
3.14159265359),.PIECEWISE_BEZIER_KNOTS.) CURVE() 
GEOMETRIC_REPRESENTATION_ITEM() RATIONAL_B_SPLINE_CURVE((1.,
0.725374371012,1.)) REPRESENTATION_ITEM('') );
#1511 = CARTESIAN_POINT('',(0.75,-0.949794430213,0.197383302188));
#1512 = CARTESIAN_POINT('',(0.75,-0.952277678615,0.1500001));
#1513 = CARTESIAN_POINT('',(0.75,-0.999725906951,0.1500001));
#1514 = ( BOUNDED_SURFACE() B_SPLINE_SURFACE(2,1,(
    (#1515,#1516)
    ,(#1517,#1518)
    ,(#1519,#1520
)),.UNSPECIFIED.,.F.,.F.,.F.) B_SPLINE_SURFACE_WITH_KNOTS((3,3),(2,2),(
    1.623156204355,3.14159265359),(0.,0.4),.PIECEWISE_BEZIER_KNOTS.) 
GEOMETRIC_REPRESENTATION_ITEM() RATIONAL_B_SPLINE_SURFACE((
    (1.,1.)
    ,(0.725374371012,0.725374371012)
,(1.,1.))) REPRESENTATION_ITEM('') SURFACE() );
#1515 = CARTESIAN_POINT('',(1.15,-0.949794430213,0.197383302188));
#1516 = CARTESIAN_POINT('',(0.75,-0.949794430213,0.197383302188));
#1517 = CARTESIAN_POINT('',(1.15,-0.952277678615,0.1500001));
#1518 = CARTESIAN_POINT('',(0.75,-0.952277678615,0.1500001));
#1519 = CARTESIAN_POINT('',(1.15,-0.999725906951,0.1500001));
#1520 = CARTESIAN_POINT('',(0.75,-0.999725906951,0.1500001));
#1521 = ADVANCED_FACE('',(#1522),#1544,.F.);
#1522 = FACE_BOUND('',#1523,.T.);
#1523 = EDGE_LOOP('',(#1524,#1531,#1538,#1543));
#1524 = ORIENTED_EDGE('',*,*,#1525,.T.);
#1525 = EDGE_CURVE('',#1503,#1526,#1528,.T.);
#1526 = VERTEX_POINT('',#1527);
#1527 = CARTESIAN_POINT('',(0.75,-1.2,0.1500001));
#1528 = B_SPLINE_CURVE_WITH_KNOTS('',1,(#1529,#1530),.UNSPECIFIED.,.F.,
  .F.,(2,2),(-0.200274093049,-0.),.PIECEWISE_BEZIER_KNOTS.);
#1529 = CARTESIAN_POINT('',(0.75,-0.999725906951,0.1500001));
#1530 = CARTESIAN_POINT('',(0.75,-1.2,0.1500001));
#1531 = ORIENTED_EDGE('',*,*,#1532,.F.);
#1532 = EDGE_CURVE('',#1533,#1526,#1535,.T.);
#1533 = VERTEX_POINT('',#1534);
#1534 = CARTESIAN_POINT('',(1.15,-1.2,0.1500001));
#1535 = B_SPLINE_CURVE_WITH_KNOTS('',1,(#1536,#1537),.UNSPECIFIED.,.F.,
  .F.,(2,2),(-0.,0.4),.PIECEWISE_BEZIER_KNOTS.);
#1536 = CARTESIAN_POINT('',(1.15,-1.2,0.1500001));
#1537 = CARTESIAN_POINT('',(0.75,-1.2,0.1500001));
#1538 = ORIENTED_EDGE('',*,*,#1539,.F.);
#1539 = EDGE_CURVE('',#1495,#1533,#1540,.T.);
#1540 = B_SPLINE_CURVE_WITH_KNOTS('',1,(#1541,#1542),.UNSPECIFIED.,.F.,
  .F.,(2,2),(-0.200274093049,-0.),.PIECEWISE_BEZIER_KNOTS.);
#1541 = CARTESIAN_POINT('',(1.15,-0.999725906951,0.1500001));
#1542 = CARTESIAN_POINT('',(1.15,-1.2,0.1500001));
#1543 = ORIENTED_EDGE('',*,*,#1502,.T.);
#1544 = B_SPLINE_SURFACE_WITH_KNOTS('',1,1,(
    (#1545,#1546)
    ,(#1547,#1548
    )),.UNSPECIFIED.,.F.,.F.,.F.,(2,2),(2,2),(0.,0.200274093049),(-0.4,
    0.),.PIECEWISE_BEZIER_KNOTS.);
#1545 = CARTESIAN_POINT('',(0.75,-1.2,0.1500001));
#1546 = CARTESIAN_POINT('',(1.15,-1.2,0.1500001));
#1547 = CARTESIAN_POINT('',(0.75,-0.999725906951,0.1500001));
#1548 = CARTESIAN_POINT('',(1.15,-0.999725906951,0.1500001));
#1549 = ADVANCED_FACE('',(#1550),#1572,.F.);
#1550 = FACE_BOUND('',#1551,.T.);
#1551 = EDGE_LOOP('',(#1552,#1559,#1566,#1571));
#1552 = ORIENTED_EDGE('',*,*,#1553,.T.);
#1553 = EDGE_CURVE('',#1526,#1554,#1556,.T.);
#1554 = VERTEX_POINT('',#1555);
#1555 = CARTESIAN_POINT('',(0.75,-1.2,9.999999994736E-08));
#1556 = B_SPLINE_CURVE_WITH_KNOTS('',1,(#1557,#1558),.UNSPECIFIED.,.F.,
  .F.,(2,2),(-0.15,-0.),.PIECEWISE_BEZIER_KNOTS.);
#1557 = CARTESIAN_POINT('',(0.75,-1.2,0.1500001));
#1558 = CARTESIAN_POINT('',(0.75,-1.2,9.999999994736E-08));
#1559 = ORIENTED_EDGE('',*,*,#1560,.F.);
#1560 = EDGE_CURVE('',#1561,#1554,#1563,.T.);
#1561 = VERTEX_POINT('',#1562);
#1562 = CARTESIAN_POINT('',(1.15,-1.2,9.999999994736E-08));
#1563 = B_SPLINE_CURVE_WITH_KNOTS('',1,(#1564,#1565),.UNSPECIFIED.,.F.,
  .F.,(2,2),(-0.,0.4),.PIECEWISE_BEZIER_KNOTS.);
#1564 = CARTESIAN_POINT('',(1.15,-1.2,9.999999994736E-08));
#1565 = CARTESIAN_POINT('',(0.75,-1.2,9.999999994736E-08));
#1566 = ORIENTED_EDGE('',*,*,#1567,.F.);
#1567 = EDGE_CURVE('',#1533,#1561,#1568,.T.);
#1568 = B_SPLINE_CURVE_WITH_KNOTS('',1,(#1569,#1570),.UNSPECIFIED.,.F.,
  .F.,(2,2),(-0.15,-0.),.PIECEWISE_BEZIER_KNOTS.);
#1569 = CARTESIAN_POINT('',(1.15,-1.2,0.1500001));
#1570 = CARTESIAN_POINT('',(1.15,-1.2,9.999999994736E-08));
#1571 = ORIENTED_EDGE('',*,*,#1532,.T.);
#1572 = B_SPLINE_SURFACE_WITH_KNOTS('',1,1,(
    (#1573,#1574)
    ,(#1575,#1576
    )),.UNSPECIFIED.,.F.,.F.,.F.,(2,2),(2,2),(0.,0.15),(-0.4,0.),
  .PIECEWISE_BEZIER_KNOTS.);
#1573 = CARTESIAN_POINT('',(0.75,-1.2,9.999999994736E-08));
#1574 = CARTESIAN_POINT('',(1.15,-1.2,9.999999994736E-08));
#1575 = CARTESIAN_POINT('',(0.75,-1.2,0.1500001));
#1576 = CARTESIAN_POINT('',(1.15,-1.2,0.1500001));
#1577 = ADVANCED_FACE('',(#1578),#1600,.F.);
#1578 = FACE_BOUND('',#1579,.T.);
#1579 = EDGE_LOOP('',(#1580,#1587,#1594,#1599));
#1580 = ORIENTED_EDGE('',*,*,#1581,.T.);
#1581 = EDGE_CURVE('',#1554,#1582,#1584,.T.);
#1582 = VERTEX_POINT('',#1583);
#1583 = CARTESIAN_POINT('',(0.75,-0.999725906951,1.000000001694E-07));
#1584 = B_SPLINE_CURVE_WITH_KNOTS('',1,(#1585,#1586),.UNSPECIFIED.,.F.,
  .F.,(2,2),(-0.200274093049,-1.803088253078E-31),
  .PIECEWISE_BEZIER_KNOTS.);
#1585 = CARTESIAN_POINT('',(0.75,-1.2,9.999999994736E-08));
#1586 = CARTESIAN_POINT('',(0.75,-0.999725906951,1.000000002804E-07));
#1587 = ORIENTED_EDGE('',*,*,#1588,.F.);
#1588 = EDGE_CURVE('',#1589,#1582,#1591,.T.);
#1589 = VERTEX_POINT('',#1590);
#1590 = CARTESIAN_POINT('',(1.15,-0.999725906951,1.000000001694E-07));
#1591 = B_SPLINE_CURVE_WITH_KNOTS('',1,(#1592,#1593),.UNSPECIFIED.,.F.,
  .F.,(2,2),(-0.,0.4),.PIECEWISE_BEZIER_KNOTS.);
#1592 = CARTESIAN_POINT('',(1.15,-0.999725906951,1.000000001694E-07));
#1593 = CARTESIAN_POINT('',(0.75,-0.999725906951,1.000000001694E-07));
#1594 = ORIENTED_EDGE('',*,*,#1595,.F.);
#1595 = EDGE_CURVE('',#1561,#1589,#1596,.T.);
#1596 = B_SPLINE_CURVE_WITH_KNOTS('',1,(#1597,#1598),.UNSPECIFIED.,.F.,
  .F.,(2,2),(-0.200274093049,-1.803088253078E-31),
  .PIECEWISE_BEZIER_KNOTS.);
#1597 = CARTESIAN_POINT('',(1.15,-1.2,9.999999994736E-08));
#1598 = CARTESIAN_POINT('',(1.15,-0.999725906951,1.000000002804E-07));
#1599 = ORIENTED_EDGE('',*,*,#1560,.T.);
#1600 = B_SPLINE_SURFACE_WITH_KNOTS('',1,1,(
    (#1601,#1602)
    ,(#1603,#1604
    )),.UNSPECIFIED.,.F.,.F.,.F.,(2,2),(2,2),(0.,0.200274093049),(-0.4,
    0.),.PIECEWISE_BEZIER_KNOTS.);
#1601 = CARTESIAN_POINT('',(0.75,-0.999725906951,1.000000002804E-07));
#1602 = CARTESIAN_POINT('',(1.15,-0.999725906951,1.000000002804E-07));
#1603 = CARTESIAN_POINT('',(0.75,-1.2,9.999999994736E-08));
#1604 = CARTESIAN_POINT('',(1.15,-1.2,9.999999994736E-08));
#1605 = ADVANCED_FACE('',(#1606),#1630,.T.);
#1606 = FACE_BOUND('',#1607,.T.);
#1607 = EDGE_LOOP('',(#1608,#1616,#1623,#1629));
#1608 = ORIENTED_EDGE('',*,*,#1609,.T.);
#1609 = EDGE_CURVE('',#1582,#1610,#1612,.T.);
#1610 = VERTEX_POINT('',#1611);
#1611 = CARTESIAN_POINT('',(0.75,-0.8,0.189532908751));
#1612 = ( BOUNDED_CURVE() B_SPLINE_CURVE(2,(#1613,#1614,#1615),
.UNSPECIFIED.,.F.,.F.) B_SPLINE_CURVE_WITH_KNOTS((3,3),(3.14159265359,
4.660029102825),.PIECEWISE_BEZIER_KNOTS.) CURVE() 
GEOMETRIC_REPRESENTATION_ITEM() RATIONAL_B_SPLINE_CURVE((1.,
0.725374371012,1.)) REPRESENTATION_ITEM('') );
#1613 = CARTESIAN_POINT('',(0.75,-0.999725906951,1.000000001694E-07));
#1614 = CARTESIAN_POINT('',(0.75,-0.809932993608,1.000000000584E-07));
#1615 = CARTESIAN_POINT('',(0.75,-0.8,0.189532908751));
#1616 = ORIENTED_EDGE('',*,*,#1617,.F.);
#1617 = EDGE_CURVE('',#1618,#1610,#1620,.T.);
#1618 = VERTEX_POINT('',#1619);
#1619 = CARTESIAN_POINT('',(1.15,-0.8,0.189532908751));
#1620 = B_SPLINE_CURVE_WITH_KNOTS('',1,(#1621,#1622),.UNSPECIFIED.,.F.,
  .F.,(2,2),(-0.,0.4),.PIECEWISE_BEZIER_KNOTS.);
#1621 = CARTESIAN_POINT('',(1.15,-0.8,0.189532908751));
#1622 = CARTESIAN_POINT('',(0.75,-0.8,0.189532908751));
#1623 = ORIENTED_EDGE('',*,*,#1624,.F.);
#1624 = EDGE_CURVE('',#1589,#1618,#1625,.T.);
#1625 = ( BOUNDED_CURVE() B_SPLINE_CURVE(2,(#1626,#1627,#1628),
.UNSPECIFIED.,.F.,.F.) B_SPLINE_CURVE_WITH_KNOTS((3,3),(3.14159265359,
4.660029102825),.PIECEWISE_BEZIER_KNOTS.) CURVE() 
GEOMETRIC_REPRESENTATION_ITEM() RATIONAL_B_SPLINE_CURVE((1.,
0.725374371012,1.)) REPRESENTATION_ITEM('') );
#1626 = CARTESIAN_POINT('',(1.15,-0.999725906951,1.000000001694E-07));
#1627 = CARTESIAN_POINT('',(1.15,-0.809932993608,1.000000000584E-07));
#1628 = CARTESIAN_POINT('',(1.15,-0.8,0.189532908751));
#1629 = ORIENTED_EDGE('',*,*,#1588,.T.);
#1630 = ( BOUNDED_SURFACE() B_SPLINE_SURFACE(2,1,(
    (#1631,#1632)
    ,(#1633,#1634)
    ,(#1635,#1636
)),.UNSPECIFIED.,.F.,.F.,.F.) B_SPLINE_SURFACE_WITH_KNOTS((3,3),(2,2),(
    1.623156204355,3.14159265359),(0.,0.4),.PIECEWISE_BEZIER_KNOTS.) 
GEOMETRIC_REPRESENTATION_ITEM() RATIONAL_B_SPLINE_SURFACE((
    (1.,1.)
    ,(0.725374371012,0.725374371012)
,(1.,1.))) REPRESENTATION_ITEM('') SURFACE() );
#1631 = CARTESIAN_POINT('',(1.15,-0.8,0.189532908751));
#1632 = CARTESIAN_POINT('',(0.75,-0.8,0.189532908751));
#1633 = CARTESIAN_POINT('',(1.15,-0.809932993608,1.000000001694E-07));
#1634 = CARTESIAN_POINT('',(0.75,-0.809932993608,1.000000001694E-07));
#1635 = CARTESIAN_POINT('',(1.15,-0.999725906951,1.000000001694E-07));
#1636 = CARTESIAN_POINT('',(0.75,-0.999725906951,1.000000001694E-07));
#1637 = ADVANCED_FACE('',(#1638),#1652,.F.);
#1638 = FACE_BOUND('',#1639,.T.);
#1639 = EDGE_LOOP('',(#1640,#1645,#1646,#1651));
#1640 = ORIENTED_EDGE('',*,*,#1641,.T.);
#1641 = EDGE_CURVE('',#1610,#1348,#1642,.T.);
#1642 = B_SPLINE_CURVE_WITH_KNOTS('',1,(#1643,#1644),.UNSPECIFIED.,.F.,
  .F.,(2,2),(-0.43367833014,0.),.PIECEWISE_BEZIER_KNOTS.);
#1643 = CARTESIAN_POINT('',(0.75,-0.8,0.189532908751));
#1644 = CARTESIAN_POINT('',(0.75,-0.77730302989,0.622616897812));
#1645 = ORIENTED_EDGE('',*,*,#1345,.F.);
#1646 = ORIENTED_EDGE('',*,*,#1647,.F.);
#1647 = EDGE_CURVE('',#1618,#1346,#1648,.T.);
#1648 = B_SPLINE_CURVE_WITH_KNOTS('',1,(#1649,#1650),.UNSPECIFIED.,.F.,
  .F.,(2,2),(-0.43367833014,0.),.PIECEWISE_BEZIER_KNOTS.);
#1649 = CARTESIAN_POINT('',(1.15,-0.8,0.189532908751));
#1650 = CARTESIAN_POINT('',(1.15,-0.77730302989,0.622616897812));
#1651 = ORIENTED_EDGE('',*,*,#1617,.T.);
#1652 = B_SPLINE_SURFACE_WITH_KNOTS('',1,1,(
    (#1653,#1654)
    ,(#1655,#1656
    )),.UNSPECIFIED.,.F.,.F.,.F.,(2,2),(2,2),(-0.,0.43367833014),(-0.4,
    0.),.PIECEWISE_BEZIER_KNOTS.);
#1653 = CARTESIAN_POINT('',(0.75,-0.77730302989,0.622616897812));
#1654 = CARTESIAN_POINT('',(1.15,-0.77730302989,0.622616897812));
#1655 = CARTESIAN_POINT('',(0.75,-0.8,0.189532908751));
#1656 = CARTESIAN_POINT('',(1.15,-0.8,0.189532908751));
#1657 = ADVANCED_FACE('',(#1658),#1673,.F.);
#1658 = FACE_BOUND('',#1659,.T.);
#1659 = EDGE_LOOP('',(#1660,#1661,#1662,#1663,#1664,#1665,#1666,#1667,
    #1668,#1669,#1670,#1671,#1672));
#1660 = ORIENTED_EDGE('',*,*,#1354,.T.);
#1661 = ORIENTED_EDGE('',*,*,#1391,.T.);
#1662 = ORIENTED_EDGE('',*,*,#563,.T.);
#1663 = ORIENTED_EDGE('',*,*,#687,.T.);
#1664 = ORIENTED_EDGE('',*,*,#1419,.T.);
#1665 = ORIENTED_EDGE('',*,*,#1448,.T.);
#1666 = ORIENTED_EDGE('',*,*,#1479,.T.);
#1667 = ORIENTED_EDGE('',*,*,#1494,.T.);
#1668 = ORIENTED_EDGE('',*,*,#1539,.T.);
#1669 = ORIENTED_EDGE('',*,*,#1567,.T.);
#1670 = ORIENTED_EDGE('',*,*,#1595,.T.);
#1671 = ORIENTED_EDGE('',*,*,#1624,.T.);
#1672 = ORIENTED_EDGE('',*,*,#1647,.T.);
#1673 = B_SPLINE_SURFACE_WITH_KNOTS('',1,1,(
    (#1674,#1675)
    ,(#1676,#1677
    )),.UNSPECIFIED.,.F.,.F.,.F.,(2,2),(2,2),(-0.62,0.2),(
    -0.472628446847,8.296569810804E-02),.PIECEWISE_BEZIER_KNOTS.);
#1674 = CARTESIAN_POINT('',(1.15,-1.2,9.999999994736E-08));
#1675 = CARTESIAN_POINT('',(1.15,-0.644405855045,9.999999994736E-08));
#1676 = CARTESIAN_POINT('',(1.15,-1.2,0.8200001));
#1677 = CARTESIAN_POINT('',(1.15,-0.644405855045,0.8200001));
#1678 = ADVANCED_FACE('',(#1679),#1694,.T.);
#1679 = FACE_BOUND('',#1680,.T.);
#1680 = EDGE_LOOP('',(#1681,#1682,#1683,#1684,#1685,#1686,#1687,#1688,
    #1689,#1690,#1691,#1692,#1693));
#1681 = ORIENTED_EDGE('',*,*,#1369,.F.);
#1682 = ORIENTED_EDGE('',*,*,#1641,.F.);
#1683 = ORIENTED_EDGE('',*,*,#1609,.F.);
#1684 = ORIENTED_EDGE('',*,*,#1581,.F.);
#1685 = ORIENTED_EDGE('',*,*,#1553,.F.);
#1686 = ORIENTED_EDGE('',*,*,#1525,.F.);
#1687 = ORIENTED_EDGE('',*,*,#1509,.F.);
#1688 = ORIENTED_EDGE('',*,*,#1465,.F.);
#1689 = ORIENTED_EDGE('',*,*,#1433,.F.);
#1690 = ORIENTED_EDGE('',*,*,#1405,.F.);
#1691 = ORIENTED_EDGE('',*,*,#673,.F.);
#1692 = ORIENTED_EDGE('',*,*,#577,.F.);
#1693 = ORIENTED_EDGE('',*,*,#1385,.F.);
#1694 = B_SPLINE_SURFACE_WITH_KNOTS('',1,1,(
    (#1695,#1696)
    ,(#1697,#1698
    )),.UNSPECIFIED.,.F.,.F.,.F.,(2,2),(2,2),(-0.62,0.2),(
    -0.472628446847,8.296569810804E-02),.PIECEWISE_BEZIER_KNOTS.);
#1695 = CARTESIAN_POINT('',(0.75,-1.2,9.999999994736E-08));
#1696 = CARTESIAN_POINT('',(0.75,-0.644405855045,9.999999994736E-08));
#1697 = CARTESIAN_POINT('',(0.75,-1.2,0.8200001));
#1698 = CARTESIAN_POINT('',(0.75,-0.644405855045,0.8200001));
#1699 = ADVANCED_FACE('',(#1700),#1732,.F.);
#1700 = FACE_BOUND('',#1701,.F.);
#1701 = EDGE_LOOP('',(#1702,#1711,#1719,#1726));
#1702 = ORIENTED_EDGE('',*,*,#1703,.F.);
#1703 = EDGE_CURVE('',#1704,#1706,#1708,.T.);
#1704 = VERTEX_POINT('',#1705);
#1705 = CARTESIAN_POINT('',(-1.15,-0.727371553153,0.6700001));
#1706 = VERTEX_POINT('',#1707);
#1707 = CARTESIAN_POINT('',(-0.75,-0.727371553153,0.6700001));
#1708 = B_SPLINE_CURVE_WITH_KNOTS('',1,(#1709,#1710),.UNSPECIFIED.,.F.,
  .F.,(2,2),(0.,0.4),.PIECEWISE_BEZIER_KNOTS.);
#1709 = CARTESIAN_POINT('',(-1.15,-0.727371553153,0.6700001));
#1710 = CARTESIAN_POINT('',(-0.75,-0.727371553153,0.6700001));
#1711 = ORIENTED_EDGE('',*,*,#1712,.F.);
#1712 = EDGE_CURVE('',#1713,#1704,#1715,.T.);
#1713 = VERTEX_POINT('',#1714);
#1714 = CARTESIAN_POINT('',(-1.15,-0.77730302989,0.622616897812));
#1715 = ( BOUNDED_CURVE() B_SPLINE_CURVE(2,(#1716,#1717,#1718),
.UNSPECIFIED.,.F.,.F.) B_SPLINE_CURVE_WITH_KNOTS((3,3),(4.764748857945,
6.28318530718),.PIECEWISE_BEZIER_KNOTS.) CURVE() 
GEOMETRIC_REPRESENTATION_ITEM() RATIONAL_B_SPLINE_CURVE((1.,
0.725374371012,1.)) REPRESENTATION_ITEM('') );
#1716 = CARTESIAN_POINT('',(-1.15,-0.77730302989,0.622616897812));
#1717 = CARTESIAN_POINT('',(-1.15,-0.774819781488,0.6700001));
#1718 = CARTESIAN_POINT('',(-1.15,-0.727371553153,0.6700001));
#1719 = ORIENTED_EDGE('',*,*,#1720,.T.);
#1720 = EDGE_CURVE('',#1713,#1721,#1723,.T.);
#1721 = VERTEX_POINT('',#1722);
#1722 = CARTESIAN_POINT('',(-0.75,-0.77730302989,0.622616897812));
#1723 = B_SPLINE_CURVE_WITH_KNOTS('',1,(#1724,#1725),.UNSPECIFIED.,.F.,
  .F.,(2,2),(0.,0.4),.PIECEWISE_BEZIER_KNOTS.);
#1724 = CARTESIAN_POINT('',(-1.15,-0.77730302989,0.622616897812));
#1725 = CARTESIAN_POINT('',(-0.75,-0.77730302989,0.622616897812));
#1726 = ORIENTED_EDGE('',*,*,#1727,.T.);
#1727 = EDGE_CURVE('',#1721,#1706,#1728,.T.);
#1728 = ( BOUNDED_CURVE() B_SPLINE_CURVE(2,(#1729,#1730,#1731),
.UNSPECIFIED.,.F.,.F.) B_SPLINE_CURVE_WITH_KNOTS((3,3),(4.764748857945,
6.28318530718),.PIECEWISE_BEZIER_KNOTS.) CURVE() 
GEOMETRIC_REPRESENTATION_ITEM() RATIONAL_B_SPLINE_CURVE((1.,
0.725374371012,1.)) REPRESENTATION_ITEM('') );
#1729 = CARTESIAN_POINT('',(-0.75,-0.77730302989,0.622616897812));
#1730 = CARTESIAN_POINT('',(-0.75,-0.774819781488,0.6700001));
#1731 = CARTESIAN_POINT('',(-0.75,-0.727371553153,0.6700001));
#1732 = ( BOUNDED_SURFACE() B_SPLINE_SURFACE(2,1,(
    (#1733,#1734)
    ,(#1735,#1736)
    ,(#1737,#1738
)),.UNSPECIFIED.,.F.,.F.,.F.) B_SPLINE_SURFACE_WITH_KNOTS((3,3),(2,2),(
    3.14159265359,4.660029102825),(0.,0.4),.PIECEWISE_BEZIER_KNOTS.) 
GEOMETRIC_REPRESENTATION_ITEM() RATIONAL_B_SPLINE_SURFACE((
    (1.,1.)
    ,(0.725374371012,0.725374371012)
,(1.,1.))) REPRESENTATION_ITEM('') SURFACE() );
#1733 = CARTESIAN_POINT('',(-1.15,-0.727371553153,0.6700001));
#1734 = CARTESIAN_POINT('',(-0.75,-0.727371553153,0.6700001));
#1735 = CARTESIAN_POINT('',(-1.15,-0.774819781488,0.6700001));
#1736 = CARTESIAN_POINT('',(-0.75,-0.774819781488,0.6700001));
#1737 = CARTESIAN_POINT('',(-1.15,-0.77730302989,0.622616897812));
#1738 = CARTESIAN_POINT('',(-0.75,-0.77730302989,0.622616897812));
#1739 = ADVANCED_FACE('',(#1740),#1762,.T.);
#1740 = FACE_BOUND('',#1741,.T.);
#1741 = EDGE_LOOP('',(#1742,#1749,#1756,#1761));
#1742 = ORIENTED_EDGE('',*,*,#1743,.F.);
#1743 = EDGE_CURVE('',#1744,#1721,#1746,.T.);
#1744 = VERTEX_POINT('',#1745);
#1745 = CARTESIAN_POINT('',(-0.75,-0.8,0.189532908751));
#1746 = B_SPLINE_CURVE_WITH_KNOTS('',1,(#1747,#1748),.UNSPECIFIED.,.F.,
  .F.,(2,2),(-0.43367833014,0.),.PIECEWISE_BEZIER_KNOTS.);
#1747 = CARTESIAN_POINT('',(-0.75,-0.8,0.189532908751));
#1748 = CARTESIAN_POINT('',(-0.75,-0.77730302989,0.622616897812));
#1749 = ORIENTED_EDGE('',*,*,#1750,.F.);
#1750 = EDGE_CURVE('',#1751,#1744,#1753,.T.);
#1751 = VERTEX_POINT('',#1752);
#1752 = CARTESIAN_POINT('',(-1.15,-0.8,0.189532908751));
#1753 = B_SPLINE_CURVE_WITH_KNOTS('',1,(#1754,#1755),.UNSPECIFIED.,.F.,
  .F.,(2,2),(0.,0.4),.PIECEWISE_BEZIER_KNOTS.);
#1754 = CARTESIAN_POINT('',(-1.15,-0.8,0.189532908751));
#1755 = CARTESIAN_POINT('',(-0.75,-0.8,0.189532908751));
#1756 = ORIENTED_EDGE('',*,*,#1757,.T.);
#1757 = EDGE_CURVE('',#1751,#1713,#1758,.T.);
#1758 = B_SPLINE_CURVE_WITH_KNOTS('',1,(#1759,#1760),.UNSPECIFIED.,.F.,
  .F.,(2,2),(-0.43367833014,0.),.PIECEWISE_BEZIER_KNOTS.);
#1759 = CARTESIAN_POINT('',(-1.15,-0.8,0.189532908751));
#1760 = CARTESIAN_POINT('',(-1.15,-0.77730302989,0.622616897812));
#1761 = ORIENTED_EDGE('',*,*,#1720,.T.);
#1762 = B_SPLINE_SURFACE_WITH_KNOTS('',1,1,(
    (#1763,#1764)
    ,(#1765,#1766
    )),.UNSPECIFIED.,.F.,.F.,.F.,(2,2),(2,2),(-0.43367833014,0.),(0.,0.4
    ),.PIECEWISE_BEZIER_KNOTS.);
#1763 = CARTESIAN_POINT('',(-1.15,-0.8,0.189532908751));
#1764 = CARTESIAN_POINT('',(-0.75,-0.8,0.189532908751));
#1765 = CARTESIAN_POINT('',(-1.15,-0.77730302989,0.622616897812));
#1766 = CARTESIAN_POINT('',(-0.75,-0.77730302989,0.622616897812));
#1767 = ADVANCED_FACE('',(#1768),#1792,.T.);
#1768 = FACE_BOUND('',#1769,.T.);
#1769 = EDGE_LOOP('',(#1770,#1778,#1785,#1791));
#1770 = ORIENTED_EDGE('',*,*,#1771,.F.);
#1771 = EDGE_CURVE('',#1772,#1744,#1774,.T.);
#1772 = VERTEX_POINT('',#1773);
#1773 = CARTESIAN_POINT('',(-0.75,-0.999725906951,1.000000001694E-07));
#1774 = ( BOUNDED_CURVE() B_SPLINE_CURVE(2,(#1775,#1776,#1777),
.UNSPECIFIED.,.F.,.F.) B_SPLINE_CURVE_WITH_KNOTS((3,3),(3.14159265359,
4.660029102825),.PIECEWISE_BEZIER_KNOTS.) CURVE() 
GEOMETRIC_REPRESENTATION_ITEM() RATIONAL_B_SPLINE_CURVE((1.,
0.725374371012,1.)) REPRESENTATION_ITEM('') );
#1775 = CARTESIAN_POINT('',(-0.75,-0.999725906951,1.000000001694E-07));
#1776 = CARTESIAN_POINT('',(-0.75,-0.809932993608,1.000000000584E-07));
#1777 = CARTESIAN_POINT('',(-0.75,-0.8,0.189532908751));
#1778 = ORIENTED_EDGE('',*,*,#1779,.F.);
#1779 = EDGE_CURVE('',#1780,#1772,#1782,.T.);
#1780 = VERTEX_POINT('',#1781);
#1781 = CARTESIAN_POINT('',(-1.15,-0.999725906951,1.000000001694E-07));
#1782 = B_SPLINE_CURVE_WITH_KNOTS('',1,(#1783,#1784),.UNSPECIFIED.,.F.,
  .F.,(2,2),(0.,0.4),.PIECEWISE_BEZIER_KNOTS.);
#1783 = CARTESIAN_POINT('',(-1.15,-0.999725906951,1.000000001694E-07));
#1784 = CARTESIAN_POINT('',(-0.75,-0.999725906951,1.000000001694E-07));
#1785 = ORIENTED_EDGE('',*,*,#1786,.T.);
#1786 = EDGE_CURVE('',#1780,#1751,#1787,.T.);
#1787 = ( BOUNDED_CURVE() B_SPLINE_CURVE(2,(#1788,#1789,#1790),
.UNSPECIFIED.,.F.,.F.) B_SPLINE_CURVE_WITH_KNOTS((3,3),(3.14159265359,
4.660029102825),.PIECEWISE_BEZIER_KNOTS.) CURVE() 
GEOMETRIC_REPRESENTATION_ITEM() RATIONAL_B_SPLINE_CURVE((1.,
0.725374371012,1.)) REPRESENTATION_ITEM('') );
#1788 = CARTESIAN_POINT('',(-1.15,-0.999725906951,1.000000001694E-07));
#1789 = CARTESIAN_POINT('',(-1.15,-0.809932993608,1.000000000584E-07));
#1790 = CARTESIAN_POINT('',(-1.15,-0.8,0.189532908751));
#1791 = ORIENTED_EDGE('',*,*,#1750,.T.);
#1792 = ( BOUNDED_SURFACE() B_SPLINE_SURFACE(2,1,(
    (#1793,#1794)
    ,(#1795,#1796)
    ,(#1797,#1798
)),.UNSPECIFIED.,.F.,.F.,.F.) B_SPLINE_SURFACE_WITH_KNOTS((3,3),(2,2),(
    0.,1.518436449235),(0.,0.4),.PIECEWISE_BEZIER_KNOTS.) 
GEOMETRIC_REPRESENTATION_ITEM() RATIONAL_B_SPLINE_SURFACE((
    (1.,1.)
    ,(0.725374371012,0.725374371012)
,(1.,1.))) REPRESENTATION_ITEM('') SURFACE() );
#1793 = CARTESIAN_POINT('',(-1.15,-0.999725906951,1.000000001694E-07));
#1794 = CARTESIAN_POINT('',(-0.75,-0.999725906951,1.000000001694E-07));
#1795 = CARTESIAN_POINT('',(-1.15,-0.809932993608,1.000000001694E-07));
#1796 = CARTESIAN_POINT('',(-0.75,-0.809932993608,1.000000001694E-07));
#1797 = CARTESIAN_POINT('',(-1.15,-0.8,0.189532908751));
#1798 = CARTESIAN_POINT('',(-0.75,-0.8,0.189532908751));
#1799 = ADVANCED_FACE('',(#1800),#1822,.T.);
#1800 = FACE_BOUND('',#1801,.T.);
#1801 = EDGE_LOOP('',(#1802,#1809,#1816,#1821));
#1802 = ORIENTED_EDGE('',*,*,#1803,.F.);
#1803 = EDGE_CURVE('',#1804,#1772,#1806,.T.);
#1804 = VERTEX_POINT('',#1805);
#1805 = CARTESIAN_POINT('',(-0.75,-1.2,9.999999994736E-08));
#1806 = B_SPLINE_CURVE_WITH_KNOTS('',1,(#1807,#1808),.UNSPECIFIED.,.F.,
  .F.,(2,2),(-0.200274093049,-1.803088253078E-31),
  .PIECEWISE_BEZIER_KNOTS.);
#1807 = CARTESIAN_POINT('',(-0.75,-1.2,9.999999994736E-08));
#1808 = CARTESIAN_POINT('',(-0.75,-0.999725906951,1.000000002804E-07));
#1809 = ORIENTED_EDGE('',*,*,#1810,.F.);
#1810 = EDGE_CURVE('',#1811,#1804,#1813,.T.);
#1811 = VERTEX_POINT('',#1812);
#1812 = CARTESIAN_POINT('',(-1.15,-1.2,9.999999994736E-08));
#1813 = B_SPLINE_CURVE_WITH_KNOTS('',1,(#1814,#1815),.UNSPECIFIED.,.F.,
  .F.,(2,2),(0.,0.4),.PIECEWISE_BEZIER_KNOTS.);
#1814 = CARTESIAN_POINT('',(-1.15,-1.2,9.999999994736E-08));
#1815 = CARTESIAN_POINT('',(-0.75,-1.2,9.999999994736E-08));
#1816 = ORIENTED_EDGE('',*,*,#1817,.T.);
#1817 = EDGE_CURVE('',#1811,#1780,#1818,.T.);
#1818 = B_SPLINE_CURVE_WITH_KNOTS('',1,(#1819,#1820),.UNSPECIFIED.,.F.,
  .F.,(2,2),(-0.200274093049,-1.803088253078E-31),
  .PIECEWISE_BEZIER_KNOTS.);
#1819 = CARTESIAN_POINT('',(-1.15,-1.2,9.999999994736E-08));
#1820 = CARTESIAN_POINT('',(-1.15,-0.999725906951,1.000000002804E-07));
#1821 = ORIENTED_EDGE('',*,*,#1779,.T.);
#1822 = B_SPLINE_SURFACE_WITH_KNOTS('',1,1,(
    (#1823,#1824)
    ,(#1825,#1826
    )),.UNSPECIFIED.,.F.,.F.,.F.,(2,2),(2,2),(-0.200274093049,0.),(0.,
    0.4),.PIECEWISE_BEZIER_KNOTS.);
#1823 = CARTESIAN_POINT('',(-1.15,-1.2,9.999999994736E-08));
#1824 = CARTESIAN_POINT('',(-0.75,-1.2,9.999999994736E-08));
#1825 = CARTESIAN_POINT('',(-1.15,-0.999725906951,1.000000002804E-07));
#1826 = CARTESIAN_POINT('',(-0.75,-0.999725906951,1.000000002804E-07));
#1827 = ADVANCED_FACE('',(#1828),#1850,.T.);
#1828 = FACE_BOUND('',#1829,.T.);
#1829 = EDGE_LOOP('',(#1830,#1837,#1844,#1849));
#1830 = ORIENTED_EDGE('',*,*,#1831,.F.);
#1831 = EDGE_CURVE('',#1832,#1804,#1834,.T.);
#1832 = VERTEX_POINT('',#1833);
#1833 = CARTESIAN_POINT('',(-0.75,-1.2,0.1500001));
#1834 = B_SPLINE_CURVE_WITH_KNOTS('',1,(#1835,#1836),.UNSPECIFIED.,.F.,
  .F.,(2,2),(-0.15,0.),.PIECEWISE_BEZIER_KNOTS.);
#1835 = CARTESIAN_POINT('',(-0.75,-1.2,0.1500001));
#1836 = CARTESIAN_POINT('',(-0.75,-1.2,9.999999994736E-08));
#1837 = ORIENTED_EDGE('',*,*,#1838,.F.);
#1838 = EDGE_CURVE('',#1839,#1832,#1841,.T.);
#1839 = VERTEX_POINT('',#1840);
#1840 = CARTESIAN_POINT('',(-1.15,-1.2,0.1500001));
#1841 = B_SPLINE_CURVE_WITH_KNOTS('',1,(#1842,#1843),.UNSPECIFIED.,.F.,
  .F.,(2,2),(0.,0.4),.PIECEWISE_BEZIER_KNOTS.);
#1842 = CARTESIAN_POINT('',(-1.15,-1.2,0.1500001));
#1843 = CARTESIAN_POINT('',(-0.75,-1.2,0.1500001));
#1844 = ORIENTED_EDGE('',*,*,#1845,.T.);
#1845 = EDGE_CURVE('',#1839,#1811,#1846,.T.);
#1846 = B_SPLINE_CURVE_WITH_KNOTS('',1,(#1847,#1848),.UNSPECIFIED.,.F.,
  .F.,(2,2),(-0.15,0.),.PIECEWISE_BEZIER_KNOTS.);
#1847 = CARTESIAN_POINT('',(-1.15,-1.2,0.1500001));
#1848 = CARTESIAN_POINT('',(-1.15,-1.2,9.999999994736E-08));
#1849 = ORIENTED_EDGE('',*,*,#1810,.T.);
#1850 = B_SPLINE_SURFACE_WITH_KNOTS('',1,1,(
    (#1851,#1852)
    ,(#1853,#1854
    )),.UNSPECIFIED.,.F.,.F.,.F.,(2,2),(2,2),(-0.15,0.),(0.,0.4),
  .PIECEWISE_BEZIER_KNOTS.);
#1851 = CARTESIAN_POINT('',(-1.15,-1.2,0.1500001));
#1852 = CARTESIAN_POINT('',(-0.75,-1.2,0.1500001));
#1853 = CARTESIAN_POINT('',(-1.15,-1.2,9.999999994736E-08));
#1854 = CARTESIAN_POINT('',(-0.75,-1.2,9.999999994736E-08));
#1855 = ADVANCED_FACE('',(#1856),#1878,.T.);
#1856 = FACE_BOUND('',#1857,.T.);
#1857 = EDGE_LOOP('',(#1858,#1865,#1872,#1877));
#1858 = ORIENTED_EDGE('',*,*,#1859,.F.);
#1859 = EDGE_CURVE('',#1860,#1832,#1862,.T.);
#1860 = VERTEX_POINT('',#1861);
#1861 = CARTESIAN_POINT('',(-0.75,-0.999725906951,0.1500001));
#1862 = B_SPLINE_CURVE_WITH_KNOTS('',1,(#1863,#1864),.UNSPECIFIED.,.F.,
  .F.,(2,2),(-0.200274093049,0.),.PIECEWISE_BEZIER_KNOTS.);
#1863 = CARTESIAN_POINT('',(-0.75,-0.999725906951,0.1500001));
#1864 = CARTESIAN_POINT('',(-0.75,-1.2,0.1500001));
#1865 = ORIENTED_EDGE('',*,*,#1866,.F.);
#1866 = EDGE_CURVE('',#1867,#1860,#1869,.T.);
#1867 = VERTEX_POINT('',#1868);
#1868 = CARTESIAN_POINT('',(-1.15,-0.999725906951,0.1500001));
#1869 = B_SPLINE_CURVE_WITH_KNOTS('',1,(#1870,#1871),.UNSPECIFIED.,.F.,
  .F.,(2,2),(0.,0.4),.PIECEWISE_BEZIER_KNOTS.);
#1870 = CARTESIAN_POINT('',(-1.15,-0.999725906951,0.1500001));
#1871 = CARTESIAN_POINT('',(-0.75,-0.999725906951,0.1500001));
#1872 = ORIENTED_EDGE('',*,*,#1873,.T.);
#1873 = EDGE_CURVE('',#1867,#1839,#1874,.T.);
#1874 = B_SPLINE_CURVE_WITH_KNOTS('',1,(#1875,#1876),.UNSPECIFIED.,.F.,
  .F.,(2,2),(-0.200274093049,0.),.PIECEWISE_BEZIER_KNOTS.);
#1875 = CARTESIAN_POINT('',(-1.15,-0.999725906951,0.1500001));
#1876 = CARTESIAN_POINT('',(-1.15,-1.2,0.1500001));
#1877 = ORIENTED_EDGE('',*,*,#1838,.T.);
#1878 = B_SPLINE_SURFACE_WITH_KNOTS('',1,1,(
    (#1879,#1880)
    ,(#1881,#1882
    )),.UNSPECIFIED.,.F.,.F.,.F.,(2,2),(2,2),(-0.200274093049,0.),(0.,
    0.4),.PIECEWISE_BEZIER_KNOTS.);
#1879 = CARTESIAN_POINT('',(-1.15,-0.999725906951,0.1500001));
#1880 = CARTESIAN_POINT('',(-0.75,-0.999725906951,0.1500001));
#1881 = CARTESIAN_POINT('',(-1.15,-1.2,0.1500001));
#1882 = CARTESIAN_POINT('',(-0.75,-1.2,0.1500001));
#1883 = ADVANCED_FACE('',(#1884),#1908,.F.);
#1884 = FACE_BOUND('',#1885,.F.);
#1885 = EDGE_LOOP('',(#1886,#1887,#1895,#1902));
#1886 = ORIENTED_EDGE('',*,*,#1866,.F.);
#1887 = ORIENTED_EDGE('',*,*,#1888,.F.);
#1888 = EDGE_CURVE('',#1889,#1867,#1891,.T.);
#1889 = VERTEX_POINT('',#1890);
#1890 = CARTESIAN_POINT('',(-1.15,-0.949794430213,0.197383302188));
#1891 = ( BOUNDED_CURVE() B_SPLINE_CURVE(2,(#1892,#1893,#1894),
.UNSPECIFIED.,.F.,.F.) B_SPLINE_CURVE_WITH_KNOTS((3,3),(1.623156204355,
3.14159265359),.PIECEWISE_BEZIER_KNOTS.) CURVE() 
GEOMETRIC_REPRESENTATION_ITEM() RATIONAL_B_SPLINE_CURVE((1.,
0.725374371012,1.)) REPRESENTATION_ITEM('') );
#1892 = CARTESIAN_POINT('',(-1.15,-0.949794430213,0.197383302188));
#1893 = CARTESIAN_POINT('',(-1.15,-0.952277678615,0.1500001));
#1894 = CARTESIAN_POINT('',(-1.15,-0.999725906951,0.1500001));
#1895 = ORIENTED_EDGE('',*,*,#1896,.T.);
#1896 = EDGE_CURVE('',#1889,#1897,#1899,.T.);
#1897 = VERTEX_POINT('',#1898);
#1898 = CARTESIAN_POINT('',(-0.75,-0.949794430213,0.197383302188));
#1899 = B_SPLINE_CURVE_WITH_KNOTS('',1,(#1900,#1901),.UNSPECIFIED.,.F.,
  .F.,(2,2),(0.,0.4),.PIECEWISE_BEZIER_KNOTS.);
#1900 = CARTESIAN_POINT('',(-1.15,-0.949794430213,0.197383302188));
#1901 = CARTESIAN_POINT('',(-0.75,-0.949794430213,0.197383302188));
#1902 = ORIENTED_EDGE('',*,*,#1903,.T.);
#1903 = EDGE_CURVE('',#1897,#1860,#1904,.T.);
#1904 = ( BOUNDED_CURVE() B_SPLINE_CURVE(2,(#1905,#1906,#1907),
.UNSPECIFIED.,.F.,.F.) B_SPLINE_CURVE_WITH_KNOTS((3,3),(1.623156204355,
3.14159265359),.PIECEWISE_BEZIER_KNOTS.) CURVE() 
GEOMETRIC_REPRESENTATION_ITEM() RATIONAL_B_SPLINE_CURVE((1.,
0.725374371012,1.)) REPRESENTATION_ITEM('') );
#1905 = CARTESIAN_POINT('',(-0.75,-0.949794430213,0.197383302188));
#1906 = CARTESIAN_POINT('',(-0.75,-0.952277678615,0.1500001));
#1907 = CARTESIAN_POINT('',(-0.75,-0.999725906951,0.1500001));
#1908 = ( BOUNDED_SURFACE() B_SPLINE_SURFACE(2,1,(
    (#1909,#1910)
    ,(#1911,#1912)
    ,(#1913,#1914
)),.UNSPECIFIED.,.F.,.F.,.F.) B_SPLINE_SURFACE_WITH_KNOTS((3,3),(2,2),(
    0.,1.518436449235),(0.,0.4),.PIECEWISE_BEZIER_KNOTS.) 
GEOMETRIC_REPRESENTATION_ITEM() RATIONAL_B_SPLINE_SURFACE((
    (1.,1.)
    ,(0.725374371012,0.725374371012)
,(1.,1.))) REPRESENTATION_ITEM('') SURFACE() );
#1909 = CARTESIAN_POINT('',(-1.15,-0.999725906951,0.1500001));
#1910 = CARTESIAN_POINT('',(-0.75,-0.999725906951,0.1500001));
#1911 = CARTESIAN_POINT('',(-1.15,-0.952277678615,0.1500001));
#1912 = CARTESIAN_POINT('',(-0.75,-0.952277678615,0.1500001));
#1913 = CARTESIAN_POINT('',(-1.15,-0.949794430213,0.197383302188));
#1914 = CARTESIAN_POINT('',(-0.75,-0.949794430213,0.197383302188));
#1915 = ADVANCED_FACE('',(#1916),#1938,.T.);
#1916 = FACE_BOUND('',#1917,.T.);
#1917 = EDGE_LOOP('',(#1918,#1925,#1932,#1937));
#1918 = ORIENTED_EDGE('',*,*,#1919,.F.);
#1919 = EDGE_CURVE('',#1920,#1897,#1922,.T.);
#1920 = VERTEX_POINT('',#1921);
#1921 = CARTESIAN_POINT('',(-0.75,-0.927097460103,0.630467291249));
#1922 = B_SPLINE_CURVE_WITH_KNOTS('',1,(#1923,#1924),.UNSPECIFIED.,.F.,
  .F.,(2,2),(-0.43367833014,5.810458363669E-18),
  .PIECEWISE_BEZIER_KNOTS.);
#1923 = CARTESIAN_POINT('',(-0.75,-0.927097460103,0.630467291249));
#1924 = CARTESIAN_POINT('',(-0.75,-0.949794430213,0.197383302188));
#1925 = ORIENTED_EDGE('',*,*,#1926,.F.);
#1926 = EDGE_CURVE('',#1927,#1920,#1929,.T.);
#1927 = VERTEX_POINT('',#1928);
#1928 = CARTESIAN_POINT('',(-1.15,-0.927097460103,0.630467291249));
#1929 = B_SPLINE_CURVE_WITH_KNOTS('',1,(#1930,#1931),.UNSPECIFIED.,.F.,
  .F.,(2,2),(0.,0.4),.PIECEWISE_BEZIER_KNOTS.);
#1930 = CARTESIAN_POINT('',(-1.15,-0.927097460103,0.630467291249));
#1931 = CARTESIAN_POINT('',(-0.75,-0.927097460103,0.630467291249));
#1932 = ORIENTED_EDGE('',*,*,#1933,.T.);
#1933 = EDGE_CURVE('',#1927,#1889,#1934,.T.);
#1934 = B_SPLINE_CURVE_WITH_KNOTS('',1,(#1935,#1936),.UNSPECIFIED.,.F.,
  .F.,(2,2),(-0.43367833014,5.810458363669E-18),
  .PIECEWISE_BEZIER_KNOTS.);
#1935 = CARTESIAN_POINT('',(-1.15,-0.927097460103,0.630467291249));
#1936 = CARTESIAN_POINT('',(-1.15,-0.949794430213,0.197383302188));
#1937 = ORIENTED_EDGE('',*,*,#1896,.T.);
#1938 = B_SPLINE_SURFACE_WITH_KNOTS('',1,1,(
    (#1939,#1940)
    ,(#1941,#1942
    )),.UNSPECIFIED.,.F.,.F.,.F.,(2,2),(2,2),(-0.43367833014,
    5.810458363669E-18),(0.,0.4),.PIECEWISE_BEZIER_KNOTS.);
#1939 = CARTESIAN_POINT('',(-1.15,-0.927097460103,0.630467291249));
#1940 = CARTESIAN_POINT('',(-0.75,-0.927097460103,0.630467291249));
#1941 = CARTESIAN_POINT('',(-1.15,-0.949794430213,0.197383302188));
#1942 = CARTESIAN_POINT('',(-0.75,-0.949794430213,0.197383302188));
#1943 = ADVANCED_FACE('',(#1944),#1968,.T.);
#1944 = FACE_BOUND('',#1945,.T.);
#1945 = EDGE_LOOP('',(#1946,#1954,#1961,#1967));
#1946 = ORIENTED_EDGE('',*,*,#1947,.F.);
#1947 = EDGE_CURVE('',#1948,#1920,#1950,.T.);
#1948 = VERTEX_POINT('',#1949);
#1949 = CARTESIAN_POINT('',(-0.75,-0.727371553153,0.8200001));
#1950 = ( BOUNDED_CURVE() B_SPLINE_CURVE(2,(#1951,#1952,#1953),
.UNSPECIFIED.,.F.,.F.) B_SPLINE_CURVE_WITH_KNOTS((3,3),(0.,
1.518436449235),.PIECEWISE_BEZIER_KNOTS.) CURVE() 
GEOMETRIC_REPRESENTATION_ITEM() RATIONAL_B_SPLINE_CURVE((1.,
0.725374371012,1.)) REPRESENTATION_ITEM('') );
#1951 = CARTESIAN_POINT('',(-0.75,-0.727371553153,0.8200001));
#1952 = CARTESIAN_POINT('',(-0.75,-0.917164466496,0.8200001));
#1953 = CARTESIAN_POINT('',(-0.75,-0.927097460103,0.630467291249));
#1954 = ORIENTED_EDGE('',*,*,#1955,.F.);
#1955 = EDGE_CURVE('',#1956,#1948,#1958,.T.);
#1956 = VERTEX_POINT('',#1957);
#1957 = CARTESIAN_POINT('',(-1.15,-0.727371553153,0.8200001));
#1958 = B_SPLINE_CURVE_WITH_KNOTS('',1,(#1959,#1960),.UNSPECIFIED.,.F.,
  .F.,(2,2),(0.,0.4),.PIECEWISE_BEZIER_KNOTS.);
#1959 = CARTESIAN_POINT('',(-1.15,-0.727371553153,0.8200001));
#1960 = CARTESIAN_POINT('',(-0.75,-0.727371553153,0.8200001));
#1961 = ORIENTED_EDGE('',*,*,#1962,.T.);
#1962 = EDGE_CURVE('',#1956,#1927,#1963,.T.);
#1963 = ( BOUNDED_CURVE() B_SPLINE_CURVE(2,(#1964,#1965,#1966),
.UNSPECIFIED.,.F.,.F.) B_SPLINE_CURVE_WITH_KNOTS((3,3),(0.,
1.518436449235),.PIECEWISE_BEZIER_KNOTS.) CURVE() 
GEOMETRIC_REPRESENTATION_ITEM() RATIONAL_B_SPLINE_CURVE((1.,
0.725374371012,1.)) REPRESENTATION_ITEM('') );
#1964 = CARTESIAN_POINT('',(-1.15,-0.727371553153,0.8200001));
#1965 = CARTESIAN_POINT('',(-1.15,-0.917164466496,0.8200001));
#1966 = CARTESIAN_POINT('',(-1.15,-0.927097460103,0.630467291249));
#1967 = ORIENTED_EDGE('',*,*,#1926,.T.);
#1968 = ( BOUNDED_SURFACE() B_SPLINE_SURFACE(2,1,(
    (#1969,#1970)
    ,(#1971,#1972)
    ,(#1973,#1974
)),.UNSPECIFIED.,.F.,.F.,.F.) B_SPLINE_SURFACE_WITH_KNOTS((3,3),(2,2),(
    3.14159265359,4.660029102825),(0.,0.4),.PIECEWISE_BEZIER_KNOTS.) 
GEOMETRIC_REPRESENTATION_ITEM() RATIONAL_B_SPLINE_SURFACE((
    (1.,1.)
    ,(0.725374371012,0.725374371012)
,(1.,1.))) REPRESENTATION_ITEM('') SURFACE() );
#1969 = CARTESIAN_POINT('',(-1.15,-0.727371553153,0.8200001));
#1970 = CARTESIAN_POINT('',(-0.75,-0.727371553153,0.8200001));
#1971 = CARTESIAN_POINT('',(-1.15,-0.917164466496,0.8200001));
#1972 = CARTESIAN_POINT('',(-0.75,-0.917164466496,0.8200001));
#1973 = CARTESIAN_POINT('',(-1.15,-0.927097460103,0.630467291249));
#1974 = CARTESIAN_POINT('',(-0.75,-0.927097460103,0.630467291249));
#1975 = ADVANCED_FACE('',(#1976),#1990,.T.);
#1976 = FACE_BOUND('',#1977,.T.);
#1977 = EDGE_LOOP('',(#1978,#1983,#1984,#1989));
#1978 = ORIENTED_EDGE('',*,*,#1979,.F.);
#1979 = EDGE_CURVE('',#661,#1948,#1980,.T.);
#1980 = B_SPLINE_CURVE_WITH_KNOTS('',1,(#1981,#1982),.UNSPECIFIED.,.F.,
  .F.,(2,2),(-8.22664299886E-02,1.143109626597E-32),
  .PIECEWISE_BEZIER_KNOTS.);
#1981 = CARTESIAN_POINT('',(-0.75,-0.645105123164,0.8200001));
#1982 = CARTESIAN_POINT('',(-0.75,-0.727371553153,0.8200001));
#1983 = ORIENTED_EDGE('',*,*,#660,.F.);
#1984 = ORIENTED_EDGE('',*,*,#1985,.T.);
#1985 = EDGE_CURVE('',#654,#1956,#1986,.T.);
#1986 = B_SPLINE_CURVE_WITH_KNOTS('',1,(#1987,#1988),.UNSPECIFIED.,.F.,
  .F.,(2,2),(-8.22664299886E-02,1.143109626597E-32),
  .PIECEWISE_BEZIER_KNOTS.);
#1987 = CARTESIAN_POINT('',(-1.15,-0.645105123164,0.8200001));
#1988 = CARTESIAN_POINT('',(-1.15,-0.727371553153,0.8200001));
#1989 = ORIENTED_EDGE('',*,*,#1955,.T.);
#1990 = B_SPLINE_SURFACE_WITH_KNOTS('',1,1,(
    (#1991,#1992)
    ,(#1993,#1994
    )),.UNSPECIFIED.,.F.,.F.,.F.,(2,2),(2,2),(-8.22664299886E-02,
    1.143109626597E-32),(0.,0.4),.PIECEWISE_BEZIER_KNOTS.);
#1991 = CARTESIAN_POINT('',(-1.15,-0.645105123164,0.8200001));
#1992 = CARTESIAN_POINT('',(-0.75,-0.645105123164,0.8200001));
#1993 = CARTESIAN_POINT('',(-1.15,-0.727371553153,0.8200001));
#1994 = CARTESIAN_POINT('',(-0.75,-0.727371553153,0.8200001));
#1995 = ADVANCED_FACE('',(#1996),#2010,.T.);
#1996 = FACE_BOUND('',#1997,.T.);
#1997 = EDGE_LOOP('',(#1998,#2003,#2004,#2009));
#1998 = ORIENTED_EDGE('',*,*,#1999,.F.);
#1999 = EDGE_CURVE('',#1706,#592,#2000,.T.);
#2000 = B_SPLINE_CURVE_WITH_KNOTS('',1,(#2001,#2002),.UNSPECIFIED.,.F.,
  .F.,(2,2),(-8.296569810804E-02,0.),.PIECEWISE_BEZIER_KNOTS.);
#2001 = CARTESIAN_POINT('',(-0.75,-0.727371553153,0.6700001));
#2002 = CARTESIAN_POINT('',(-0.75,-0.644405855045,0.6700001));
#2003 = ORIENTED_EDGE('',*,*,#1703,.F.);
#2004 = ORIENTED_EDGE('',*,*,#2005,.T.);
#2005 = EDGE_CURVE('',#1704,#599,#2006,.T.);
#2006 = B_SPLINE_CURVE_WITH_KNOTS('',1,(#2007,#2008),.UNSPECIFIED.,.F.,
  .F.,(2,2),(-8.296569810804E-02,0.),.PIECEWISE_BEZIER_KNOTS.);
#2007 = CARTESIAN_POINT('',(-1.15,-0.727371553153,0.6700001));
#2008 = CARTESIAN_POINT('',(-1.15,-0.644405855045,0.6700001));
#2009 = ORIENTED_EDGE('',*,*,#598,.T.);
#2010 = B_SPLINE_SURFACE_WITH_KNOTS('',1,1,(
    (#2011,#2012)
    ,(#2013,#2014
    )),.UNSPECIFIED.,.F.,.F.,.F.,(2,2),(2,2),(-8.296569810804E-02,0.),(
    0.,0.4),.PIECEWISE_BEZIER_KNOTS.);
#2011 = CARTESIAN_POINT('',(-1.15,-0.727371553153,0.6700001));
#2012 = CARTESIAN_POINT('',(-0.75,-0.727371553153,0.6700001));
#2013 = CARTESIAN_POINT('',(-1.15,-0.644405855045,0.6700001));
#2014 = CARTESIAN_POINT('',(-0.75,-0.644405855045,0.6700001));
#2015 = ADVANCED_FACE('',(#2016),#2031,.F.);
#2016 = FACE_BOUND('',#2017,.T.);
#2017 = EDGE_LOOP('',(#2018,#2019,#2020,#2021,#2022,#2023,#2024,#2025,
    #2026,#2027,#2028,#2029,#2030));
#2018 = ORIENTED_EDGE('',*,*,#1712,.F.);
#2019 = ORIENTED_EDGE('',*,*,#1757,.F.);
#2020 = ORIENTED_EDGE('',*,*,#1786,.F.);
#2021 = ORIENTED_EDGE('',*,*,#1817,.F.);
#2022 = ORIENTED_EDGE('',*,*,#1845,.F.);
#2023 = ORIENTED_EDGE('',*,*,#1873,.F.);
#2024 = ORIENTED_EDGE('',*,*,#1888,.F.);
#2025 = ORIENTED_EDGE('',*,*,#1933,.F.);
#2026 = ORIENTED_EDGE('',*,*,#1962,.F.);
#2027 = ORIENTED_EDGE('',*,*,#1985,.F.);
#2028 = ORIENTED_EDGE('',*,*,#653,.F.);
#2029 = ORIENTED_EDGE('',*,*,#605,.F.);
#2030 = ORIENTED_EDGE('',*,*,#2005,.F.);
#2031 = B_SPLINE_SURFACE_WITH_KNOTS('',1,1,(
    (#2032,#2033)
    ,(#2034,#2035)),.UNSPECIFIED.,.F.,.F.,.F.,(2,2),(2,2),(-0.62,0.2),(
    -8.296569810804E-02,0.472628446847),.PIECEWISE_BEZIER_KNOTS.);
#2032 = CARTESIAN_POINT('',(-1.15,-0.644405855045,9.999999994736E-08));
#2033 = CARTESIAN_POINT('',(-1.15,-1.2,9.999999994736E-08));
#2034 = CARTESIAN_POINT('',(-1.15,-0.644405855045,0.8200001));
#2035 = CARTESIAN_POINT('',(-1.15,-1.2,0.8200001));
#2036 = ADVANCED_FACE('',(#2037),#2052,.T.);
#2037 = FACE_BOUND('',#2038,.T.);
#2038 = EDGE_LOOP('',(#2039,#2040,#2041,#2042,#2043,#2044,#2045,#2046,
    #2047,#2048,#2049,#2050,#2051));
#2039 = ORIENTED_EDGE('',*,*,#1727,.T.);
#2040 = ORIENTED_EDGE('',*,*,#1999,.T.);
#2041 = ORIENTED_EDGE('',*,*,#591,.T.);
#2042 = ORIENTED_EDGE('',*,*,#667,.T.);
#2043 = ORIENTED_EDGE('',*,*,#1979,.T.);
#2044 = ORIENTED_EDGE('',*,*,#1947,.T.);
#2045 = ORIENTED_EDGE('',*,*,#1919,.T.);
#2046 = ORIENTED_EDGE('',*,*,#1903,.T.);
#2047 = ORIENTED_EDGE('',*,*,#1859,.T.);
#2048 = ORIENTED_EDGE('',*,*,#1831,.T.);
#2049 = ORIENTED_EDGE('',*,*,#1803,.T.);
#2050 = ORIENTED_EDGE('',*,*,#1771,.T.);
#2051 = ORIENTED_EDGE('',*,*,#1743,.T.);
#2052 = B_SPLINE_SURFACE_WITH_KNOTS('',1,1,(
    (#2053,#2054)
    ,(#2055,#2056)),.UNSPECIFIED.,.F.,.F.,.F.,(2,2),(2,2),(-0.62,0.2),(
    -8.296569810804E-02,0.472628446847),.PIECEWISE_BEZIER_KNOTS.);
#2053 = CARTESIAN_POINT('',(-0.75,-0.644405855045,9.999999994736E-08));
#2054 = CARTESIAN_POINT('',(-0.75,-1.2,9.999999994736E-08));
#2055 = CARTESIAN_POINT('',(-0.75,-0.644405855045,0.8200001));
#2056 = CARTESIAN_POINT('',(-0.75,-1.2,0.8200001));
#2057 = ADVANCED_FACE('',(#2058),#2071,.F.);
#2058 = FACE_BOUND('',#2059,.F.);
#2059 = EDGE_LOOP('',(#2060,#2061,#2062,#2070));
#2060 = ORIENTED_EDGE('',*,*,#970,.F.);
#2061 = ORIENTED_EDGE('',*,*,#21,.F.);
#2062 = ORIENTED_EDGE('',*,*,#2063,.T.);
#2063 = EDGE_CURVE('',#22,#41,#2064,.T.);
#2064 = ( BOUNDED_CURVE() B_SPLINE_CURVE(2,(#2065,#2066,#2067,#2068,
#2069),.UNSPECIFIED.,.F.,.F.) B_SPLINE_CURVE_WITH_KNOTS((3,2,3),(0.,
1.570796326795,3.14159265359),.PIECEWISE_BEZIER_KNOTS.) CURVE() 
GEOMETRIC_REPRESENTATION_ITEM() RATIONAL_B_SPLINE_CURVE((1.,
0.707106781187,1.,0.707106781187,1.)) REPRESENTATION_ITEM('') );
#2065 = CARTESIAN_POINT('',(-0.924505260325,-0.363290201221,1.0490001));
#2066 = CARTESIAN_POINT('',(-0.924505260325,-0.271480575048,1.0490001));
#2067 = CARTESIAN_POINT('',(-1.016314886499,-0.271480575048,1.0490001));
#2068 = CARTESIAN_POINT('',(-1.108124512673,-0.271480575048,1.0490001));
#2069 = CARTESIAN_POINT('',(-1.108124512673,-0.363290201221,1.0490001));
#2070 = ORIENTED_EDGE('',*,*,#40,.T.);
#2071 = ( BOUNDED_SURFACE() B_SPLINE_SURFACE(2,1,(
    (#2072,#2073)
    ,(#2074,#2075)
    ,(#2076,#2077)
    ,(#2078,#2079)
    ,(#2080,#2081
)),.UNSPECIFIED.,.F.,.F.,.F.) B_SPLINE_SURFACE_WITH_KNOTS((3,2,3),(2,2),
  (0.,1.570796326795,3.14159265359),(0.,1.E-03),
.PIECEWISE_BEZIER_KNOTS.) GEOMETRIC_REPRESENTATION_ITEM() 
RATIONAL_B_SPLINE_SURFACE((
    (1.,1.)
    ,(0.707106781187,0.707106781187)
    ,(1.,1.)
    ,(0.707106781187,0.707106781187)
,(1.,1.))) REPRESENTATION_ITEM('') SURFACE() );
#2072 = CARTESIAN_POINT('',(-0.924505260325,-0.363290201221,1.0490001));
#2073 = CARTESIAN_POINT('',(-0.924505260325,-0.363290201221,1.0500001));
#2074 = CARTESIAN_POINT('',(-0.924505260325,-0.271480575048,1.0490001));
#2075 = CARTESIAN_POINT('',(-0.924505260325,-0.271480575048,1.0500001));
#2076 = CARTESIAN_POINT('',(-1.016314886499,-0.271480575048,1.0490001));
#2077 = CARTESIAN_POINT('',(-1.016314886499,-0.271480575048,1.0500001));
#2078 = CARTESIAN_POINT('',(-1.108124512673,-0.271480575048,1.0490001));
#2079 = CARTESIAN_POINT('',(-1.108124512673,-0.271480575048,1.0500001));
#2080 = CARTESIAN_POINT('',(-1.108124512673,-0.363290201221,1.0490001));
#2081 = CARTESIAN_POINT('',(-1.108124512673,-0.363290201221,1.0500001));
#2082 = ADVANCED_FACE('',(#2083),#2087,.T.);
#2083 = FACE_BOUND('',#2084,.T.);
#2084 = EDGE_LOOP('',(#2085,#2086));
#2085 = ORIENTED_EDGE('',*,*,#2063,.T.);
#2086 = ORIENTED_EDGE('',*,*,#47,.T.);
#2087 = B_SPLINE_SURFACE_WITH_KNOTS('',1,1,(
    (#2088,#2089)
    ,(#2090,#2091
    )),.UNSPECIFIED.,.F.,.F.,.F.,(2,2),(2,2),(-9.180962617375E-02,
    9.180962617375E-02),(-9.180962617375E-02,9.180962617375E-02),
  .PIECEWISE_BEZIER_KNOTS.);
#2088 = CARTESIAN_POINT('',(-1.108124512673,-0.455099827395,1.0490001));
#2089 = CARTESIAN_POINT('',(-1.108124512673,-0.271480575048,1.0490001));
#2090 = CARTESIAN_POINT('',(-0.924505260325,-0.455099827395,1.0490001));
#2091 = CARTESIAN_POINT('',(-0.924505260325,-0.271480575048,1.0490001));
#2092 = ADVANCED_FACE('',(#2093),#2115,.T.);
#2093 = FACE_BOUND('',#2094,.T.);
#2094 = EDGE_LOOP('',(#2095,#2096,#2103,#2110));
#2095 = ORIENTED_EDGE('',*,*,#346,.F.);
#2096 = ORIENTED_EDGE('',*,*,#2097,.F.);
#2097 = EDGE_CURVE('',#2098,#347,#2100,.T.);
#2098 = VERTEX_POINT('',#2099);
#2099 = CARTESIAN_POINT('',(-0.196654688258,5.252046284949E-02,
    5.10001E-02));
#2100 = B_SPLINE_CURVE_WITH_KNOTS('',1,(#2101,#2102),.UNSPECIFIED.,.F.,
  .F.,(2,2),(-0.,1.E-03),.PIECEWISE_BEZIER_KNOTS.);
#2101 = CARTESIAN_POINT('',(-0.196654688258,5.252046284949E-02,
    5.10001E-02));
#2102 = CARTESIAN_POINT('',(-0.196654688258,5.252046284949E-02,
    5.00001E-02));
#2103 = ORIENTED_EDGE('',*,*,#2104,.T.);
#2104 = EDGE_CURVE('',#2098,#2105,#2107,.T.);
#2105 = VERTEX_POINT('',#2106);
#2106 = CARTESIAN_POINT('',(-0.235679078502,-4.747953715051E-02,
    5.10001E-02));
#2107 = B_SPLINE_CURVE_WITH_KNOTS('',1,(#2108,#2109),.UNSPECIFIED.,.F.,
  .F.,(2,2),(0.,0.107344785779),.PIECEWISE_BEZIER_KNOTS.);
#2108 = CARTESIAN_POINT('',(-0.196654688258,5.252046284949E-02,
    5.10001E-02));
#2109 = CARTESIAN_POINT('',(-0.235679078502,-4.747953715051E-02,
    5.10001E-02));
#2110 = ORIENTED_EDGE('',*,*,#2111,.T.);
#2111 = EDGE_CURVE('',#2105,#349,#2112,.T.);
#2112 = B_SPLINE_CURVE_WITH_KNOTS('',1,(#2113,#2114),.UNSPECIFIED.,.F.,
  .F.,(2,2),(-0.,1.E-03),.PIECEWISE_BEZIER_KNOTS.);
#2113 = CARTESIAN_POINT('',(-0.235679078502,-4.747953715051E-02,
    5.10001E-02));
#2114 = CARTESIAN_POINT('',(-0.235679078502,-4.747953715051E-02,
    5.00001E-02));
#2115 = B_SPLINE_SURFACE_WITH_KNOTS('',1,1,(
    (#2116,#2117)
    ,(#2118,#2119
    )),.UNSPECIFIED.,.F.,.F.,.F.,(2,2),(2,2),(-0.107344785779,0.),(
    -1.E-03,0.),.PIECEWISE_BEZIER_KNOTS.);
#2116 = CARTESIAN_POINT('',(-0.235679078502,-4.747953715051E-02,
    5.00001E-02));
#2117 = CARTESIAN_POINT('',(-0.235679078502,-4.747953715051E-02,
    5.10001E-02));
#2118 = CARTESIAN_POINT('',(-0.196654688258,5.252046284949E-02,
    5.00001E-02));
#2119 = CARTESIAN_POINT('',(-0.196654688258,5.252046284949E-02,
    5.10001E-02));
#2120 = ADVANCED_FACE('',(#2121),#2137,.T.);
#2121 = FACE_BOUND('',#2122,.T.);
#2122 = EDGE_LOOP('',(#2123,#2124,#2125,#2132));
#2123 = ORIENTED_EDGE('',*,*,#355,.F.);
#2124 = ORIENTED_EDGE('',*,*,#2111,.F.);
#2125 = ORIENTED_EDGE('',*,*,#2126,.T.);
#2126 = EDGE_CURVE('',#2105,#2127,#2129,.T.);
#2127 = VERTEX_POINT('',#2128);
#2128 = CARTESIAN_POINT('',(-0.22104493216,-4.747953715051E-02,
    5.10001E-02));
#2129 = B_SPLINE_CURVE_WITH_KNOTS('',1,(#2130,#2131),.UNSPECIFIED.,.F.,
  .F.,(2,2),(0.,1.463414634146E-02),.PIECEWISE_BEZIER_KNOTS.);
#2130 = CARTESIAN_POINT('',(-0.235679078502,-4.747953715051E-02,
    5.10001E-02));
#2131 = CARTESIAN_POINT('',(-0.22104493216,-4.747953715051E-02,
    5.10001E-02));
#2132 = ORIENTED_EDGE('',*,*,#2133,.T.);
#2133 = EDGE_CURVE('',#2127,#356,#2134,.T.);
#2134 = B_SPLINE_CURVE_WITH_KNOTS('',1,(#2135,#2136),.UNSPECIFIED.,.F.,
  .F.,(2,2),(-0.,1.E-03),.PIECEWISE_BEZIER_KNOTS.);
#2135 = CARTESIAN_POINT('',(-0.22104493216,-4.747953715051E-02,
    5.10001E-02));
#2136 = CARTESIAN_POINT('',(-0.22104493216,-4.747953715051E-02,
    5.00001E-02));
#2137 = B_SPLINE_SURFACE_WITH_KNOTS('',1,1,(
    (#2138,#2139)
    ,(#2140,#2141
    )),.UNSPECIFIED.,.F.,.F.,.F.,(2,2),(2,2),(-1.E-03,0.),(0.,
    1.463414634146E-02),.PIECEWISE_BEZIER_KNOTS.);
#2138 = CARTESIAN_POINT('',(-0.235679078502,-4.747953715051E-02,
    5.00001E-02));
#2139 = CARTESIAN_POINT('',(-0.22104493216,-4.747953715051E-02,
    5.00001E-02));
#2140 = CARTESIAN_POINT('',(-0.235679078502,-4.747953715051E-02,
    5.10001E-02));
#2141 = CARTESIAN_POINT('',(-0.22104493216,-4.747953715051E-02,
    5.10001E-02));
#2142 = ADVANCED_FACE('',(#2143),#2159,.T.);
#2143 = FACE_BOUND('',#2144,.T.);
#2144 = EDGE_LOOP('',(#2145,#2146,#2147,#2154));
#2145 = ORIENTED_EDGE('',*,*,#362,.F.);
#2146 = ORIENTED_EDGE('',*,*,#2133,.F.);
#2147 = ORIENTED_EDGE('',*,*,#2148,.T.);
#2148 = EDGE_CURVE('',#2127,#2149,#2151,.T.);
#2149 = VERTEX_POINT('',#2150);
#2150 = CARTESIAN_POINT('',(-0.210926791916,-1.94307566627E-02,
    5.10001E-02));
#2151 = B_SPLINE_CURVE_WITH_KNOTS('',1,(#2152,#2153),.UNSPECIFIED.,.F.,
  .F.,(2,2),(0.,2.981796184933E-02),.PIECEWISE_BEZIER_KNOTS.);
#2152 = CARTESIAN_POINT('',(-0.22104493216,-4.747953715051E-02,
    5.10001E-02));
#2153 = CARTESIAN_POINT('',(-0.210926791916,-1.94307566627E-02,
    5.10001E-02));
#2154 = ORIENTED_EDGE('',*,*,#2155,.T.);
#2155 = EDGE_CURVE('',#2149,#363,#2156,.T.);
#2156 = B_SPLINE_CURVE_WITH_KNOTS('',1,(#2157,#2158),.UNSPECIFIED.,.F.,
  .F.,(2,2),(-0.,1.E-03),.PIECEWISE_BEZIER_KNOTS.);
#2157 = CARTESIAN_POINT('',(-0.210926791916,-1.94307566627E-02,
    5.10001E-02));
#2158 = CARTESIAN_POINT('',(-0.210926791916,-1.94307566627E-02,
    5.00001E-02));
#2159 = B_SPLINE_SURFACE_WITH_KNOTS('',1,1,(
    (#2160,#2161)
    ,(#2162,#2163
    )),.UNSPECIFIED.,.F.,.F.,.F.,(2,2),(2,2),(-2.981796184933E-02,0.),(
    -1.E-03,0.),.PIECEWISE_BEZIER_KNOTS.);
#2160 = CARTESIAN_POINT('',(-0.210926791916,-1.94307566627E-02,
    5.00001E-02));
#2161 = CARTESIAN_POINT('',(-0.210926791916,-1.94307566627E-02,
    5.10001E-02));
#2162 = CARTESIAN_POINT('',(-0.22104493216,-4.747953715051E-02,
    5.00001E-02));
#2163 = CARTESIAN_POINT('',(-0.22104493216,-4.747953715051E-02,
    5.10001E-02));
#2164 = ADVANCED_FACE('',(#2165),#2181,.T.);
#2165 = FACE_BOUND('',#2166,.T.);
#2166 = EDGE_LOOP('',(#2167,#2168,#2169,#2176));
#2167 = ORIENTED_EDGE('',*,*,#369,.F.);
#2168 = ORIENTED_EDGE('',*,*,#2155,.F.);
#2169 = ORIENTED_EDGE('',*,*,#2170,.T.);
#2170 = EDGE_CURVE('',#2149,#2171,#2173,.T.);
#2171 = VERTEX_POINT('',#2172);
#2172 = CARTESIAN_POINT('',(-0.169615816307,-1.94307566627E-02,
    5.10001E-02));
#2173 = B_SPLINE_CURVE_WITH_KNOTS('',1,(#2174,#2175),.UNSPECIFIED.,.F.,
  .F.,(2,2),(0.,4.131097560976E-02),.PIECEWISE_BEZIER_KNOTS.);
#2174 = CARTESIAN_POINT('',(-0.210926791916,-1.94307566627E-02,
    5.10001E-02));
#2175 = CARTESIAN_POINT('',(-0.169615816307,-1.94307566627E-02,
    5.10001E-02));
#2176 = ORIENTED_EDGE('',*,*,#2177,.T.);
#2177 = EDGE_CURVE('',#2171,#370,#2178,.T.);
#2178 = B_SPLINE_CURVE_WITH_KNOTS('',1,(#2179,#2180),.UNSPECIFIED.,.F.,
  .F.,(2,2),(-0.,1.E-03),.PIECEWISE_BEZIER_KNOTS.);
#2179 = CARTESIAN_POINT('',(-0.169615816307,-1.94307566627E-02,
    5.10001E-02));
#2180 = CARTESIAN_POINT('',(-0.169615816307,-1.94307566627E-02,
    5.00001E-02));
#2181 = B_SPLINE_SURFACE_WITH_KNOTS('',1,1,(
    (#2182,#2183)
    ,(#2184,#2185
    )),.UNSPECIFIED.,.F.,.F.,.F.,(2,2),(2,2),(-1.E-03,0.),(0.,
    4.131097560976E-02),.PIECEWISE_BEZIER_KNOTS.);
#2182 = CARTESIAN_POINT('',(-0.210926791916,-1.94307566627E-02,
    5.00001E-02));
#2183 = CARTESIAN_POINT('',(-0.169615816307,-1.94307566627E-02,
    5.00001E-02));
#2184 = CARTESIAN_POINT('',(-0.210926791916,-1.94307566627E-02,
    5.10001E-02));
#2185 = CARTESIAN_POINT('',(-0.169615816307,-1.94307566627E-02,
    5.10001E-02));
#2186 = ADVANCED_FACE('',(#2187),#2203,.T.);
#2187 = FACE_BOUND('',#2188,.T.);
#2188 = EDGE_LOOP('',(#2189,#2190,#2191,#2198));
#2189 = ORIENTED_EDGE('',*,*,#376,.F.);
#2190 = ORIENTED_EDGE('',*,*,#2177,.F.);
#2191 = ORIENTED_EDGE('',*,*,#2192,.T.);
#2192 = EDGE_CURVE('',#2171,#2193,#2195,.T.);
#2193 = VERTEX_POINT('',#2194);
#2194 = CARTESIAN_POINT('',(-0.160069322404,-4.747953715051E-02,
    5.10001E-02));
#2195 = B_SPLINE_CURVE_WITH_KNOTS('',1,(#2196,#2197),.UNSPECIFIED.,.F.,
  .F.,(2,2),(0.,2.962886485646E-02),.PIECEWISE_BEZIER_KNOTS.);
#2196 = CARTESIAN_POINT('',(-0.169615816307,-1.94307566627E-02,
    5.10001E-02));
#2197 = CARTESIAN_POINT('',(-0.160069322404,-4.747953715051E-02,
    5.10001E-02));
#2198 = ORIENTED_EDGE('',*,*,#2199,.T.);
#2199 = EDGE_CURVE('',#2193,#377,#2200,.T.);
#2200 = B_SPLINE_CURVE_WITH_KNOTS('',1,(#2201,#2202),.UNSPECIFIED.,.F.,
  .F.,(2,2),(-0.,1.E-03),.PIECEWISE_BEZIER_KNOTS.);
#2201 = CARTESIAN_POINT('',(-0.160069322404,-4.747953715051E-02,
    5.10001E-02));
#2202 = CARTESIAN_POINT('',(-0.160069322404,-4.747953715051E-02,
    5.00001E-02));
#2203 = B_SPLINE_SURFACE_WITH_KNOTS('',1,1,(
    (#2204,#2205)
    ,(#2206,#2207
    )),.UNSPECIFIED.,.F.,.F.,.F.,(2,2),(2,2),(-2.962886485646E-02,0.),(
    -1.E-03,0.),.PIECEWISE_BEZIER_KNOTS.);
#2204 = CARTESIAN_POINT('',(-0.160069322404,-4.747953715051E-02,
    5.00001E-02));
#2205 = CARTESIAN_POINT('',(-0.160069322404,-4.747953715051E-02,
    5.10001E-02));
#2206 = CARTESIAN_POINT('',(-0.169615816307,-1.94307566627E-02,
    5.00001E-02));
#2207 = CARTESIAN_POINT('',(-0.169615816307,-1.94307566627E-02,
    5.10001E-02));
#2208 = ADVANCED_FACE('',(#2209),#2225,.T.);
#2209 = FACE_BOUND('',#2210,.T.);
#2210 = EDGE_LOOP('',(#2211,#2212,#2213,#2220));
#2211 = ORIENTED_EDGE('',*,*,#383,.F.);
#2212 = ORIENTED_EDGE('',*,*,#2199,.F.);
#2213 = ORIENTED_EDGE('',*,*,#2214,.T.);
#2214 = EDGE_CURVE('',#2193,#2215,#2217,.T.);
#2215 = VERTEX_POINT('',#2216);
#2216 = CARTESIAN_POINT('',(-0.145435176063,-4.747953715051E-02,
    5.10001E-02));
#2217 = B_SPLINE_CURVE_WITH_KNOTS('',1,(#2218,#2219),.UNSPECIFIED.,.F.,
  .F.,(2,2),(0.,1.463414634146E-02),.PIECEWISE_BEZIER_KNOTS.);
#2218 = CARTESIAN_POINT('',(-0.160069322404,-4.747953715051E-02,
    5.10001E-02));
#2219 = CARTESIAN_POINT('',(-0.145435176063,-4.747953715051E-02,
    5.10001E-02));
#2220 = ORIENTED_EDGE('',*,*,#2221,.T.);
#2221 = EDGE_CURVE('',#2215,#384,#2222,.T.);
#2222 = B_SPLINE_CURVE_WITH_KNOTS('',1,(#2223,#2224),.UNSPECIFIED.,.F.,
  .F.,(2,2),(-0.,1.E-03),.PIECEWISE_BEZIER_KNOTS.);
#2223 = CARTESIAN_POINT('',(-0.145435176063,-4.747953715051E-02,
    5.10001E-02));
#2224 = CARTESIAN_POINT('',(-0.145435176063,-4.747953715051E-02,
    5.00001E-02));
#2225 = B_SPLINE_SURFACE_WITH_KNOTS('',1,1,(
    (#2226,#2227)
    ,(#2228,#2229
    )),.UNSPECIFIED.,.F.,.F.,.F.,(2,2),(2,2),(-1.E-03,0.),(0.,
    1.463414634146E-02),.PIECEWISE_BEZIER_KNOTS.);
#2226 = CARTESIAN_POINT('',(-0.160069322404,-4.747953715051E-02,
    5.00001E-02));
#2227 = CARTESIAN_POINT('',(-0.145435176063,-4.747953715051E-02,
    5.00001E-02));
#2228 = CARTESIAN_POINT('',(-0.160069322404,-4.747953715051E-02,
    5.10001E-02));
#2229 = CARTESIAN_POINT('',(-0.145435176063,-4.747953715051E-02,
    5.10001E-02));
#2230 = ADVANCED_FACE('',(#2231),#2247,.T.);
#2231 = FACE_BOUND('',#2232,.T.);
#2232 = EDGE_LOOP('',(#2233,#2234,#2235,#2242));
#2233 = ORIENTED_EDGE('',*,*,#390,.F.);
#2234 = ORIENTED_EDGE('',*,*,#2221,.F.);
#2235 = ORIENTED_EDGE('',*,*,#2236,.T.);
#2236 = EDGE_CURVE('',#2215,#2237,#2239,.T.);
#2237 = VERTEX_POINT('',#2238);
#2238 = CARTESIAN_POINT('',(-0.183240054112,5.252046284949E-02,
    5.10001E-02));
#2239 = B_SPLINE_CURVE_WITH_KNOTS('',1,(#2240,#2241),.UNSPECIFIED.,.F.,
  .F.,(2,2),(0.,0.106907477775),.PIECEWISE_BEZIER_KNOTS.);
#2240 = CARTESIAN_POINT('',(-0.145435176063,-4.747953715051E-02,
    5.10001E-02));
#2241 = CARTESIAN_POINT('',(-0.183240054112,5.252046284949E-02,
    5.10001E-02));
#2242 = ORIENTED_EDGE('',*,*,#2243,.T.);
#2243 = EDGE_CURVE('',#2237,#391,#2244,.T.);
#2244 = B_SPLINE_CURVE_WITH_KNOTS('',1,(#2245,#2246),.UNSPECIFIED.,.F.,
  .F.,(2,2),(-0.,1.E-03),.PIECEWISE_BEZIER_KNOTS.);
#2245 = CARTESIAN_POINT('',(-0.183240054112,5.252046284949E-02,
    5.10001E-02));
#2246 = CARTESIAN_POINT('',(-0.183240054112,5.252046284949E-02,
    5.00001E-02));
#2247 = B_SPLINE_SURFACE_WITH_KNOTS('',1,1,(
    (#2248,#2249)
    ,(#2250,#2251
    )),.UNSPECIFIED.,.F.,.F.,.F.,(2,2),(2,2),(-0.106907477775,0.),(
    -1.E-03,0.),.PIECEWISE_BEZIER_KNOTS.);
#2248 = CARTESIAN_POINT('',(-0.183240054112,5.252046284949E-02,
    5.00001E-02));
#2249 = CARTESIAN_POINT('',(-0.183240054112,5.252046284949E-02,
    5.10001E-02));
#2250 = CARTESIAN_POINT('',(-0.145435176063,-4.747953715051E-02,
    5.00001E-02));
#2251 = CARTESIAN_POINT('',(-0.145435176063,-4.747953715051E-02,
    5.10001E-02));
#2252 = ADVANCED_FACE('',(#2253),#2263,.T.);
#2253 = FACE_BOUND('',#2254,.T.);
#2254 = EDGE_LOOP('',(#2255,#2256,#2257,#2262));
#2255 = ORIENTED_EDGE('',*,*,#397,.F.);
#2256 = ORIENTED_EDGE('',*,*,#2243,.F.);
#2257 = ORIENTED_EDGE('',*,*,#2258,.T.);
#2258 = EDGE_CURVE('',#2237,#2098,#2259,.T.);
#2259 = B_SPLINE_CURVE_WITH_KNOTS('',1,(#2260,#2261),.UNSPECIFIED.,.F.,
  .F.,(2,2),(0.,1.341463414634E-02),.PIECEWISE_BEZIER_KNOTS.);
#2260 = CARTESIAN_POINT('',(-0.183240054112,5.252046284949E-02,
    5.10001E-02));
#2261 = CARTESIAN_POINT('',(-0.196654688258,5.252046284949E-02,
    5.10001E-02));
#2262 = ORIENTED_EDGE('',*,*,#2097,.T.);
#2263 = B_SPLINE_SURFACE_WITH_KNOTS('',1,1,(
    (#2264,#2265)
    ,(#2266,#2267)),.UNSPECIFIED.,.F.,.F.,.F.,(2,2),(2,2),(0.,1.E-03),(
    -1.341463414634E-02,0.),.PIECEWISE_BEZIER_KNOTS.);
#2264 = CARTESIAN_POINT('',(-0.196654688258,5.252046284949E-02,
    5.10001E-02));
#2265 = CARTESIAN_POINT('',(-0.183240054112,5.252046284949E-02,
    5.10001E-02));
#2266 = CARTESIAN_POINT('',(-0.196654688258,5.252046284949E-02,
    5.00001E-02));
#2267 = CARTESIAN_POINT('',(-0.183240054112,5.252046284949E-02,
    5.00001E-02));
#2268 = ADVANCED_FACE('',(#2269,#2323),#2333,.F.);
#2269 = FACE_BOUND('',#2270,.T.);
#2270 = EDGE_LOOP('',(#2271,#2280,#2287,#2299,#2306,#2318));
#2271 = ORIENTED_EDGE('',*,*,#2272,.F.);
#2272 = EDGE_CURVE('',#2273,#2275,#2277,.T.);
#2273 = VERTEX_POINT('',#2274);
#2274 = CARTESIAN_POINT('',(-0.172988529721,-8.455146906603E-03,
    5.10001E-02));
#2275 = VERTEX_POINT('',#2276);
#2276 = CARTESIAN_POINT('',(-0.206429840697,-8.455146906603E-03,
    5.10001E-02));
#2277 = B_SPLINE_CURVE_WITH_KNOTS('',1,(#2278,#2279),.UNSPECIFIED.,.F.,
  .F.,(2,2),(0.,3.344131097561E-02),.PIECEWISE_BEZIER_KNOTS.);
#2278 = CARTESIAN_POINT('',(-0.172988529721,-8.455146906603E-03,
    5.10001E-02));
#2279 = CARTESIAN_POINT('',(-0.206429840697,-8.455146906603E-03,
    5.10001E-02));
#2280 = ORIENTED_EDGE('',*,*,#2281,.F.);
#2281 = EDGE_CURVE('',#2282,#2273,#2284,.T.);
#2282 = VERTEX_POINT('',#2283);
#2283 = CARTESIAN_POINT('',(-0.187908499234,3.331314577632E-02,
    5.10001E-02));
#2284 = B_SPLINE_CURVE_WITH_KNOTS('',1,(#2285,#2286),.UNSPECIFIED.,.F.,
  .F.,(2,2),(0.,4.435308065841E-02),.PIECEWISE_BEZIER_KNOTS.);
#2285 = CARTESIAN_POINT('',(-0.187908499234,3.331314577632E-02,
    5.10001E-02));
#2286 = CARTESIAN_POINT('',(-0.172988529721,-8.455146906603E-03,
    5.10001E-02));
#2287 = ORIENTED_EDGE('',*,*,#2288,.F.);
#2288 = EDGE_CURVE('',#2289,#2282,#2291,.T.);
#2289 = VERTEX_POINT('',#2290);
#2290 = CARTESIAN_POINT('',(-0.18950910899,4.032534089827E-02,
    5.10001E-02));
#2291 = B_SPLINE_CURVE_WITH_KNOTS('',3,(#2292,#2293,#2294,#2295,#2296,
    #2297,#2298),.UNSPECIFIED.,.F.,.F.,(4,1,1,1,4),(0.,0.300541113159,
    0.567747146484,0.800033613737,1.),.UNSPECIFIED.);
#2292 = CARTESIAN_POINT('',(-0.18950910899,4.032534089827E-02,
    5.10001E-02));
#2293 = CARTESIAN_POINT('',(-0.189392500742,3.961325166945E-02,
    5.10001E-02));
#2294 = CARTESIAN_POINT('',(-0.18917221807,3.826805592084E-02,
    5.10001E-02));
#2295 = CARTESIAN_POINT('',(-0.188800369249,3.638315817511E-02,
    5.10001E-02));
#2296 = CARTESIAN_POINT('',(-0.18838635519,3.475417705278E-02,
    5.10001E-02));
#2297 = CARTESIAN_POINT('',(-0.188059641626,3.3768933577E-02,5.10001E-02
    ));
#2298 = CARTESIAN_POINT('',(-0.187908499234,3.331314577632E-02,
    5.10001E-02));
#2299 = ORIENTED_EDGE('',*,*,#2300,.F.);
#2300 = EDGE_CURVE('',#2301,#2289,#2303,.T.);
#2301 = VERTEX_POINT('',#2302);
#2302 = CARTESIAN_POINT('',(-0.189833041916,4.032534089827E-02,
    5.10001E-02));
#2303 = B_SPLINE_CURVE_WITH_KNOTS('',1,(#2304,#2305),.UNSPECIFIED.,.F.,
  .F.,(2,2),(0.,3.239329268293E-04),.PIECEWISE_BEZIER_KNOTS.);
#2304 = CARTESIAN_POINT('',(-0.189833041916,4.032534089827E-02,
    5.10001E-02));
#2305 = CARTESIAN_POINT('',(-0.18950910899,4.032534089827E-02,
    5.10001E-02));
#2306 = ORIENTED_EDGE('',*,*,#2307,.F.);
#2307 = EDGE_CURVE('',#2308,#2301,#2310,.T.);
#2308 = VERTEX_POINT('',#2309);
#2309 = CARTESIAN_POINT('',(-0.191376487038,3.331314577632E-02,
    5.10001E-02));
#2310 = B_SPLINE_CURVE_WITH_KNOTS('',3,(#2311,#2312,#2313,#2314,#2315,
    #2316,#2317),.UNSPECIFIED.,.F.,.F.,(4,1,1,1,4),(0.,0.174481715317,
    0.398285759128,0.673897847399,1.),.UNSPECIFIED.);
#2311 = CARTESIAN_POINT('',(-0.191376487038,3.331314577632E-02,
    5.10001E-02));
#2312 = CARTESIAN_POINT('',(-0.191251696526,3.371212922163E-02,
    5.10001E-02));
#2313 = CARTESIAN_POINT('',(-0.190966839836,3.462288038032E-02,
    5.10001E-02));
#2314 = CARTESIAN_POINT('',(-0.190593559039,3.619478633771E-02,
    5.10001E-02));
#2315 = CARTESIAN_POINT('',(-0.190227580644,3.813815153563E-02,
    5.10001E-02));
#2316 = CARTESIAN_POINT('',(-0.189971711517,3.955660350118E-02,
    5.10001E-02));
#2317 = CARTESIAN_POINT('',(-0.189833041916,4.032534089827E-02,
    5.10001E-02));
#2318 = ORIENTED_EDGE('',*,*,#2319,.F.);
#2319 = EDGE_CURVE('',#2275,#2308,#2320,.T.);
#2320 = B_SPLINE_CURVE_WITH_KNOTS('',1,(#2321,#2322),.UNSPECIFIED.,.F.,
  .F.,(2,2),(0.,4.439812755078E-02),.PIECEWISE_BEZIER_KNOTS.);
#2321 = CARTESIAN_POINT('',(-0.206429840697,-8.455146906603E-03,
    5.10001E-02));
#2322 = CARTESIAN_POINT('',(-0.191376487038,3.331314577632E-02,
    5.10001E-02));
#2323 = FACE_BOUND('',#2324,.T.);
#2324 = EDGE_LOOP('',(#2325,#2326,#2327,#2328,#2329,#2330,#2331,#2332));
#2325 = ORIENTED_EDGE('',*,*,#2104,.F.);
#2326 = ORIENTED_EDGE('',*,*,#2258,.F.);
#2327 = ORIENTED_EDGE('',*,*,#2236,.F.);
#2328 = ORIENTED_EDGE('',*,*,#2214,.F.);
#2329 = ORIENTED_EDGE('',*,*,#2192,.F.);
#2330 = ORIENTED_EDGE('',*,*,#2170,.F.);
#2331 = ORIENTED_EDGE('',*,*,#2148,.F.);
#2332 = ORIENTED_EDGE('',*,*,#2126,.F.);
#2333 = B_SPLINE_SURFACE_WITH_KNOTS('',1,1,(
    (#2334,#2335)
    ,(#2336,#2337
    )),.UNSPECIFIED.,.F.,.F.,.F.,(2,2),(2,2),(-0.235679078502,
    -0.145435176063),(-4.747953715051E-02,5.252046284949E-02),
  .PIECEWISE_BEZIER_KNOTS.);
#2334 = CARTESIAN_POINT('',(-0.235679078502,-4.747953715051E-02,
    5.10001E-02));
#2335 = CARTESIAN_POINT('',(-0.235679078502,5.252046284949E-02,
    5.10001E-02));
#2336 = CARTESIAN_POINT('',(-0.145435176063,-4.747953715051E-02,
    5.10001E-02));
#2337 = CARTESIAN_POINT('',(-0.145435176063,5.252046284949E-02,
    5.10001E-02));
#2338 = ADVANCED_FACE('',(#2339),#2361,.T.);
#2339 = FACE_BOUND('',#2340,.T.);
#2340 = EDGE_LOOP('',(#2341,#2350,#2355,#2356));
#2341 = ORIENTED_EDGE('',*,*,#2342,.F.);
#2342 = EDGE_CURVE('',#2343,#2345,#2347,.T.);
#2343 = VERTEX_POINT('',#2344);
#2344 = CARTESIAN_POINT('',(-0.172988529721,-8.455146906603E-03,
    5.00001E-02));
#2345 = VERTEX_POINT('',#2346);
#2346 = CARTESIAN_POINT('',(-0.206429840697,-8.455146906603E-03,
    5.00001E-02));
#2347 = B_SPLINE_CURVE_WITH_KNOTS('',1,(#2348,#2349),.UNSPECIFIED.,.F.,
  .F.,(2,2),(0.,3.344131097561E-02),.PIECEWISE_BEZIER_KNOTS.);
#2348 = CARTESIAN_POINT('',(-0.172988529721,-8.455146906603E-03,
    5.00001E-02));
#2349 = CARTESIAN_POINT('',(-0.206429840697,-8.455146906603E-03,
    5.00001E-02));
#2350 = ORIENTED_EDGE('',*,*,#2351,.F.);
#2351 = EDGE_CURVE('',#2273,#2343,#2352,.T.);
#2352 = B_SPLINE_CURVE_WITH_KNOTS('',1,(#2353,#2354),.UNSPECIFIED.,.F.,
  .F.,(2,2),(-0.,1.E-03),.PIECEWISE_BEZIER_KNOTS.);
#2353 = CARTESIAN_POINT('',(-0.172988529721,-8.455146906603E-03,
    5.10001E-02));
#2354 = CARTESIAN_POINT('',(-0.172988529721,-8.455146906603E-03,
    5.00001E-02));
#2355 = ORIENTED_EDGE('',*,*,#2272,.T.);
#2356 = ORIENTED_EDGE('',*,*,#2357,.T.);
#2357 = EDGE_CURVE('',#2275,#2345,#2358,.T.);
#2358 = B_SPLINE_CURVE_WITH_KNOTS('',1,(#2359,#2360),.UNSPECIFIED.,.F.,
  .F.,(2,2),(-0.,1.E-03),.PIECEWISE_BEZIER_KNOTS.);
#2359 = CARTESIAN_POINT('',(-0.206429840697,-8.455146906603E-03,
    5.10001E-02));
#2360 = CARTESIAN_POINT('',(-0.206429840697,-8.455146906603E-03,
    5.00001E-02));
#2361 = B_SPLINE_SURFACE_WITH_KNOTS('',1,1,(
    (#2362,#2363)
    ,(#2364,#2365)),.UNSPECIFIED.,.F.,.F.,.F.,(2,2),(2,2),(0.,1.E-03),(
    -3.344131097561E-02,0.),.PIECEWISE_BEZIER_KNOTS.);
#2362 = CARTESIAN_POINT('',(-0.206429840697,-8.455146906603E-03,
    5.10001E-02));
#2363 = CARTESIAN_POINT('',(-0.172988529721,-8.455146906603E-03,
    5.10001E-02));
#2364 = CARTESIAN_POINT('',(-0.206429840697,-8.455146906603E-03,
    5.00001E-02));
#2365 = CARTESIAN_POINT('',(-0.172988529721,-8.455146906603E-03,
    5.00001E-02));
#2366 = ADVANCED_FACE('',(#2367),#2383,.T.);
#2367 = FACE_BOUND('',#2368,.T.);
#2368 = EDGE_LOOP('',(#2369,#2376,#2381,#2382));
#2369 = ORIENTED_EDGE('',*,*,#2370,.F.);
#2370 = EDGE_CURVE('',#2371,#2343,#2373,.T.);
#2371 = VERTEX_POINT('',#2372);
#2372 = CARTESIAN_POINT('',(-0.187908499234,3.331314577632E-02,
    5.00001E-02));
#2373 = B_SPLINE_CURVE_WITH_KNOTS('',1,(#2374,#2375),.UNSPECIFIED.,.F.,
  .F.,(2,2),(0.,4.435308065841E-02),.PIECEWISE_BEZIER_KNOTS.);
#2374 = CARTESIAN_POINT('',(-0.187908499234,3.331314577632E-02,
    5.00001E-02));
#2375 = CARTESIAN_POINT('',(-0.172988529721,-8.455146906603E-03,
    5.00001E-02));
#2376 = ORIENTED_EDGE('',*,*,#2377,.F.);
#2377 = EDGE_CURVE('',#2282,#2371,#2378,.T.);
#2378 = B_SPLINE_CURVE_WITH_KNOTS('',1,(#2379,#2380),.UNSPECIFIED.,.F.,
  .F.,(2,2),(-0.,1.E-03),.PIECEWISE_BEZIER_KNOTS.);
#2379 = CARTESIAN_POINT('',(-0.187908499234,3.331314577632E-02,
    5.10001E-02));
#2380 = CARTESIAN_POINT('',(-0.187908499234,3.331314577632E-02,
    5.00001E-02));
#2381 = ORIENTED_EDGE('',*,*,#2281,.T.);
#2382 = ORIENTED_EDGE('',*,*,#2351,.T.);
#2383 = B_SPLINE_SURFACE_WITH_KNOTS('',1,1,(
    (#2384,#2385)
    ,(#2386,#2387
    )),.UNSPECIFIED.,.F.,.F.,.F.,(2,2),(2,2),(-4.435308065841E-02,0.),(
    -1.E-03,0.),.PIECEWISE_BEZIER_KNOTS.);
#2384 = CARTESIAN_POINT('',(-0.172988529721,-8.455146906603E-03,
    5.00001E-02));
#2385 = CARTESIAN_POINT('',(-0.172988529721,-8.455146906603E-03,
    5.10001E-02));
#2386 = CARTESIAN_POINT('',(-0.187908499234,3.331314577632E-02,
    5.00001E-02));
#2387 = CARTESIAN_POINT('',(-0.187908499234,3.331314577632E-02,
    5.10001E-02));
#2388 = ADVANCED_FACE('',(#2389),#2410,.T.);
#2389 = FACE_BOUND('',#2390,.T.);
#2390 = EDGE_LOOP('',(#2391,#2403,#2408,#2409));
#2391 = ORIENTED_EDGE('',*,*,#2392,.F.);
#2392 = EDGE_CURVE('',#2393,#2371,#2395,.T.);
#2393 = VERTEX_POINT('',#2394);
#2394 = CARTESIAN_POINT('',(-0.18950910899,4.032534089827E-02,
    5.00001E-02));
#2395 = B_SPLINE_CURVE_WITH_KNOTS('',3,(#2396,#2397,#2398,#2399,#2400,
    #2401,#2402),.UNSPECIFIED.,.F.,.F.,(4,1,1,1,4),(0.,0.300541113159,
    0.567747146484,0.800033613737,1.),.UNSPECIFIED.);
#2396 = CARTESIAN_POINT('',(-0.18950910899,4.032534089827E-02,
    5.00001E-02));
#2397 = CARTESIAN_POINT('',(-0.189392500742,3.961325166945E-02,
    5.00001E-02));
#2398 = CARTESIAN_POINT('',(-0.18917221807,3.826805592084E-02,
    5.00001E-02));
#2399 = CARTESIAN_POINT('',(-0.188800369249,3.638315817511E-02,
    5.00001E-02));
#2400 = CARTESIAN_POINT('',(-0.18838635519,3.475417705278E-02,
    5.00001E-02));
#2401 = CARTESIAN_POINT('',(-0.188059641626,3.3768933577E-02,5.00001E-02
    ));
#2402 = CARTESIAN_POINT('',(-0.187908499234,3.331314577632E-02,
    5.00001E-02));
#2403 = ORIENTED_EDGE('',*,*,#2404,.F.);
#2404 = EDGE_CURVE('',#2289,#2393,#2405,.T.);
#2405 = B_SPLINE_CURVE_WITH_KNOTS('',1,(#2406,#2407),.UNSPECIFIED.,.F.,
  .F.,(2,2),(-0.,1.E-03),.PIECEWISE_BEZIER_KNOTS.);
#2406 = CARTESIAN_POINT('',(-0.18950910899,4.032534089827E-02,
    5.10001E-02));
#2407 = CARTESIAN_POINT('',(-0.18950910899,4.032534089827E-02,
    5.00001E-02));
#2408 = ORIENTED_EDGE('',*,*,#2288,.T.);
#2409 = ORIENTED_EDGE('',*,*,#2377,.T.);
#2410 = B_SPLINE_SURFACE_WITH_KNOTS('',3,1,(
    (#2411,#2412)
    ,(#2413,#2414)
    ,(#2415,#2416)
    ,(#2417,#2418)
    ,(#2419,#2420)
    ,(#2421,#2422)
    ,(#2423,#2424
    )),.UNSPECIFIED.,.F.,.F.,.F.,(4,1,1,1,4),(2,2),(0.,0.300541113159,
    0.567747146484,0.800033613737,1.),(0.,1.),.UNSPECIFIED.);
#2411 = CARTESIAN_POINT('',(-0.18950910899,4.032534089827E-02,
    5.10001E-02));
#2412 = CARTESIAN_POINT('',(-0.18950910899,4.032534089827E-02,
    5.00001E-02));
#2413 = CARTESIAN_POINT('',(-0.189392500742,3.961325166945E-02,
    5.10001E-02));
#2414 = CARTESIAN_POINT('',(-0.189392500742,3.961325166945E-02,
    5.00001E-02));
#2415 = CARTESIAN_POINT('',(-0.18917221807,3.826805592084E-02,
    5.10001E-02));
#2416 = CARTESIAN_POINT('',(-0.18917221807,3.826805592084E-02,
    5.00001E-02));
#2417 = CARTESIAN_POINT('',(-0.188800369249,3.638315817511E-02,
    5.10001E-02));
#2418 = CARTESIAN_POINT('',(-0.188800369249,3.638315817511E-02,
    5.00001E-02));
#2419 = CARTESIAN_POINT('',(-0.18838635519,3.475417705278E-02,
    5.10001E-02));
#2420 = CARTESIAN_POINT('',(-0.18838635519,3.475417705278E-02,
    5.00001E-02));
#2421 = CARTESIAN_POINT('',(-0.188059641626,3.3768933577E-02,5.10001E-02
    ));
#2422 = CARTESIAN_POINT('',(-0.188059641626,3.3768933577E-02,5.00001E-02
    ));
#2423 = CARTESIAN_POINT('',(-0.187908499234,3.331314577632E-02,
    5.10001E-02));
#2424 = CARTESIAN_POINT('',(-0.187908499234,3.331314577632E-02,
    5.00001E-02));
#2425 = ADVANCED_FACE('',(#2426),#2442,.T.);
#2426 = FACE_BOUND('',#2427,.T.);
#2427 = EDGE_LOOP('',(#2428,#2435,#2440,#2441));
#2428 = ORIENTED_EDGE('',*,*,#2429,.F.);
#2429 = EDGE_CURVE('',#2430,#2393,#2432,.T.);
#2430 = VERTEX_POINT('',#2431);
#2431 = CARTESIAN_POINT('',(-0.189833041916,4.032534089827E-02,
    5.00001E-02));
#2432 = B_SPLINE_CURVE_WITH_KNOTS('',1,(#2433,#2434),.UNSPECIFIED.,.F.,
  .F.,(2,2),(0.,3.239329268293E-04),.PIECEWISE_BEZIER_KNOTS.);
#2433 = CARTESIAN_POINT('',(-0.189833041916,4.032534089827E-02,
    5.00001E-02));
#2434 = CARTESIAN_POINT('',(-0.18950910899,4.032534089827E-02,
    5.00001E-02));
#2435 = ORIENTED_EDGE('',*,*,#2436,.F.);
#2436 = EDGE_CURVE('',#2301,#2430,#2437,.T.);
#2437 = B_SPLINE_CURVE_WITH_KNOTS('',1,(#2438,#2439),.UNSPECIFIED.,.F.,
  .F.,(2,2),(-0.,1.E-03),.PIECEWISE_BEZIER_KNOTS.);
#2438 = CARTESIAN_POINT('',(-0.189833041916,4.032534089827E-02,
    5.10001E-02));
#2439 = CARTESIAN_POINT('',(-0.189833041916,4.032534089827E-02,
    5.00001E-02));
#2440 = ORIENTED_EDGE('',*,*,#2300,.T.);
#2441 = ORIENTED_EDGE('',*,*,#2404,.T.);
#2442 = B_SPLINE_SURFACE_WITH_KNOTS('',1,1,(
    (#2443,#2444)
    ,(#2445,#2446
    )),.UNSPECIFIED.,.F.,.F.,.F.,(2,2),(2,2),(-1.E-03,0.),(0.,
    3.239329268293E-04),.PIECEWISE_BEZIER_KNOTS.);
#2443 = CARTESIAN_POINT('',(-0.189833041916,4.032534089827E-02,
    5.00001E-02));
#2444 = CARTESIAN_POINT('',(-0.18950910899,4.032534089827E-02,
    5.00001E-02));
#2445 = CARTESIAN_POINT('',(-0.189833041916,4.032534089827E-02,
    5.10001E-02));
#2446 = CARTESIAN_POINT('',(-0.18950910899,4.032534089827E-02,
    5.10001E-02));
#2447 = ADVANCED_FACE('',(#2448),#2469,.T.);
#2448 = FACE_BOUND('',#2449,.T.);
#2449 = EDGE_LOOP('',(#2450,#2462,#2467,#2468));
#2450 = ORIENTED_EDGE('',*,*,#2451,.F.);
#2451 = EDGE_CURVE('',#2452,#2430,#2454,.T.);
#2452 = VERTEX_POINT('',#2453);
#2453 = CARTESIAN_POINT('',(-0.191376487038,3.331314577632E-02,
    5.00001E-02));
#2454 = B_SPLINE_CURVE_WITH_KNOTS('',3,(#2455,#2456,#2457,#2458,#2459,
    #2460,#2461),.UNSPECIFIED.,.F.,.F.,(4,1,1,1,4),(0.,0.174481715317,
    0.398285759128,0.673897847399,1.),.UNSPECIFIED.);
#2455 = CARTESIAN_POINT('',(-0.191376487038,3.331314577632E-02,
    5.00001E-02));
#2456 = CARTESIAN_POINT('',(-0.191251696526,3.371212922163E-02,
    5.00001E-02));
#2457 = CARTESIAN_POINT('',(-0.190966839836,3.462288038032E-02,
    5.00001E-02));
#2458 = CARTESIAN_POINT('',(-0.190593559039,3.619478633771E-02,
    5.00001E-02));
#2459 = CARTESIAN_POINT('',(-0.190227580644,3.813815153563E-02,
    5.00001E-02));
#2460 = CARTESIAN_POINT('',(-0.189971711517,3.955660350118E-02,
    5.00001E-02));
#2461 = CARTESIAN_POINT('',(-0.189833041916,4.032534089827E-02,
    5.00001E-02));
#2462 = ORIENTED_EDGE('',*,*,#2463,.F.);
#2463 = EDGE_CURVE('',#2308,#2452,#2464,.T.);
#2464 = B_SPLINE_CURVE_WITH_KNOTS('',1,(#2465,#2466),.UNSPECIFIED.,.F.,
  .F.,(2,2),(-0.,1.E-03),.PIECEWISE_BEZIER_KNOTS.);
#2465 = CARTESIAN_POINT('',(-0.191376487038,3.331314577632E-02,
    5.10001E-02));
#2466 = CARTESIAN_POINT('',(-0.191376487038,3.331314577632E-02,
    5.00001E-02));
#2467 = ORIENTED_EDGE('',*,*,#2307,.T.);
#2468 = ORIENTED_EDGE('',*,*,#2436,.T.);
#2469 = B_SPLINE_SURFACE_WITH_KNOTS('',3,1,(
    (#2470,#2471)
    ,(#2472,#2473)
    ,(#2474,#2475)
    ,(#2476,#2477)
    ,(#2478,#2479)
    ,(#2480,#2481)
    ,(#2482,#2483
    )),.UNSPECIFIED.,.F.,.F.,.F.,(4,1,1,1,4),(2,2),(0.,0.174481715317,
    0.398285759128,0.673897847399,1.),(0.,1.),.UNSPECIFIED.);
#2470 = CARTESIAN_POINT('',(-0.191376487038,3.331314577632E-02,
    5.10001E-02));
#2471 = CARTESIAN_POINT('',(-0.191376487038,3.331314577632E-02,
    5.00001E-02));
#2472 = CARTESIAN_POINT('',(-0.191251696526,3.371212922163E-02,
    5.10001E-02));
#2473 = CARTESIAN_POINT('',(-0.191251696526,3.371212922163E-02,
    5.00001E-02));
#2474 = CARTESIAN_POINT('',(-0.190966839836,3.462288038032E-02,
    5.10001E-02));
#2475 = CARTESIAN_POINT('',(-0.190966839836,3.462288038032E-02,
    5.00001E-02));
#2476 = CARTESIAN_POINT('',(-0.190593559039,3.619478633771E-02,
    5.10001E-02));
#2477 = CARTESIAN_POINT('',(-0.190593559039,3.619478633771E-02,
    5.00001E-02));
#2478 = CARTESIAN_POINT('',(-0.190227580644,3.813815153563E-02,
    5.10001E-02));
#2479 = CARTESIAN_POINT('',(-0.190227580644,3.813815153563E-02,
    5.00001E-02));
#2480 = CARTESIAN_POINT('',(-0.189971711517,3.955660350118E-02,
    5.10001E-02));
#2481 = CARTESIAN_POINT('',(-0.189971711517,3.955660350118E-02,
    5.00001E-02));
#2482 = CARTESIAN_POINT('',(-0.189833041916,4.032534089827E-02,
    5.10001E-02));
#2483 = CARTESIAN_POINT('',(-0.189833041916,4.032534089827E-02,
    5.00001E-02));
#2484 = ADVANCED_FACE('',(#2485),#2495,.T.);
#2485 = FACE_BOUND('',#2486,.T.);
#2486 = EDGE_LOOP('',(#2487,#2492,#2493,#2494));
#2487 = ORIENTED_EDGE('',*,*,#2488,.F.);
#2488 = EDGE_CURVE('',#2345,#2452,#2489,.T.);
#2489 = B_SPLINE_CURVE_WITH_KNOTS('',1,(#2490,#2491),.UNSPECIFIED.,.F.,
  .F.,(2,2),(1.305576462172E-17,4.439812755078E-02),
  .PIECEWISE_BEZIER_KNOTS.);
#2490 = CARTESIAN_POINT('',(-0.206429840697,-8.455146906603E-03,
    5.00001E-02));
#2491 = CARTESIAN_POINT('',(-0.191376487038,3.331314577632E-02,
    5.00001E-02));
#2492 = ORIENTED_EDGE('',*,*,#2357,.F.);
#2493 = ORIENTED_EDGE('',*,*,#2319,.T.);
#2494 = ORIENTED_EDGE('',*,*,#2463,.T.);
#2495 = B_SPLINE_SURFACE_WITH_KNOTS('',1,1,(
    (#2496,#2497)
    ,(#2498,#2499
    )),.UNSPECIFIED.,.F.,.F.,.F.,(2,2),(2,2),(-4.439812755078E-02,0.),(
    -1.E-03,0.),.PIECEWISE_BEZIER_KNOTS.);
#2496 = CARTESIAN_POINT('',(-0.191376487038,3.331314577632E-02,
    5.00001E-02));
#2497 = CARTESIAN_POINT('',(-0.191376487038,3.331314577632E-02,
    5.10001E-02));
#2498 = CARTESIAN_POINT('',(-0.206429840697,-8.455146906603E-03,
    5.00001E-02));
#2499 = CARTESIAN_POINT('',(-0.206429840697,-8.455146906603E-03,
    5.10001E-02));
#2500 = ADVANCED_FACE('',(#2501),#2523,.T.);
#2501 = FACE_BOUND('',#2502,.T.);
#2502 = EDGE_LOOP('',(#2503,#2504,#2511,#2518));
#2503 = ORIENTED_EDGE('',*,*,#275,.F.);
#2504 = ORIENTED_EDGE('',*,*,#2505,.F.);
#2505 = EDGE_CURVE('',#2506,#276,#2508,.T.);
#2506 = VERTEX_POINT('',#2507);
#2507 = CARTESIAN_POINT('',(-8.482160898961E-02,-4.747953715051E-02,
    5.10001E-02));
#2508 = B_SPLINE_CURVE_WITH_KNOTS('',1,(#2509,#2510),.UNSPECIFIED.,.F.,
  .F.,(2,2),(-0.,1.E-03),.PIECEWISE_BEZIER_KNOTS.);
#2509 = CARTESIAN_POINT('',(-8.482160898961E-02,-4.747953715051E-02,
    5.10001E-02));
#2510 = CARTESIAN_POINT('',(-8.482160898961E-02,-4.747953715051E-02,
    5.00001E-02));
#2511 = ORIENTED_EDGE('',*,*,#2512,.T.);
#2512 = EDGE_CURVE('',#2506,#2513,#2515,.T.);
#2513 = VERTEX_POINT('',#2514);
#2514 = CARTESIAN_POINT('',(-5.7630298014E-02,-4.747953715051E-02,
    5.10001E-02));
#2515 = B_SPLINE_CURVE_WITH_KNOTS('',1,(#2516,#2517),.UNSPECIFIED.,.F.,
  .F.,(2,2),(0.,2.719131097561E-02),.PIECEWISE_BEZIER_KNOTS.);
#2516 = CARTESIAN_POINT('',(-8.482160898961E-02,-4.747953715051E-02,
    5.10001E-02));
#2517 = CARTESIAN_POINT('',(-5.7630298014E-02,-4.747953715051E-02,
    5.10001E-02));
#2518 = ORIENTED_EDGE('',*,*,#2519,.T.);
#2519 = EDGE_CURVE('',#2513,#278,#2520,.T.);
#2520 = B_SPLINE_CURVE_WITH_KNOTS('',1,(#2521,#2522),.UNSPECIFIED.,.F.,
  .F.,(2,2),(-0.,1.E-03),.PIECEWISE_BEZIER_KNOTS.);
#2521 = CARTESIAN_POINT('',(-5.7630298014E-02,-4.747953715051E-02,
    5.10001E-02));
#2522 = CARTESIAN_POINT('',(-5.7630298014E-02,-4.747953715051E-02,
    5.00001E-02));
#2523 = B_SPLINE_SURFACE_WITH_KNOTS('',1,1,(
    (#2524,#2525)
    ,(#2526,#2527
    )),.UNSPECIFIED.,.F.,.F.,.F.,(2,2),(2,2),(-1.E-03,0.),(0.,
    2.719131097561E-02),.PIECEWISE_BEZIER_KNOTS.);
#2524 = CARTESIAN_POINT('',(-8.482160898961E-02,-4.747953715051E-02,
    5.00001E-02));
#2525 = CARTESIAN_POINT('',(-5.7630298014E-02,-4.747953715051E-02,
    5.00001E-02));
#2526 = CARTESIAN_POINT('',(-8.482160898961E-02,-4.747953715051E-02,
    5.10001E-02));
#2527 = CARTESIAN_POINT('',(-5.7630298014E-02,-4.747953715051E-02,
    5.10001E-02));
#2528 = ADVANCED_FACE('',(#2529),#2545,.T.);
#2529 = FACE_BOUND('',#2530,.T.);
#2530 = EDGE_LOOP('',(#2531,#2532,#2533,#2540));
#2531 = ORIENTED_EDGE('',*,*,#284,.F.);
#2532 = ORIENTED_EDGE('',*,*,#2519,.F.);
#2533 = ORIENTED_EDGE('',*,*,#2534,.T.);
#2534 = EDGE_CURVE('',#2513,#2535,#2537,.T.);
#2535 = VERTEX_POINT('',#2536);
#2536 = CARTESIAN_POINT('',(-5.7630298014E-02,5.252046284949E-02,
    5.10001E-02));
#2537 = B_SPLINE_CURVE_WITH_KNOTS('',1,(#2538,#2539),.UNSPECIFIED.,.F.,
  .F.,(2,2),(0.,0.1),.PIECEWISE_BEZIER_KNOTS.);
#2538 = CARTESIAN_POINT('',(-5.7630298014E-02,-4.747953715051E-02,
    5.10001E-02));
#2539 = CARTESIAN_POINT('',(-5.7630298014E-02,5.252046284949E-02,
    5.10001E-02));
#2540 = ORIENTED_EDGE('',*,*,#2541,.T.);
#2541 = EDGE_CURVE('',#2535,#285,#2542,.T.);
#2542 = B_SPLINE_CURVE_WITH_KNOTS('',1,(#2543,#2544),.UNSPECIFIED.,.F.,
  .F.,(2,2),(-0.,1.E-03),.PIECEWISE_BEZIER_KNOTS.);
#2543 = CARTESIAN_POINT('',(-5.7630298014E-02,5.252046284949E-02,
    5.10001E-02));
#2544 = CARTESIAN_POINT('',(-5.7630298014E-02,5.252046284949E-02,
    5.00001E-02));
#2545 = B_SPLINE_SURFACE_WITH_KNOTS('',1,1,(
    (#2546,#2547)
    ,(#2548,#2549
    )),.UNSPECIFIED.,.F.,.F.,.F.,(2,2),(2,2),(-1.E-03,0.),(0.,0.1),
  .PIECEWISE_BEZIER_KNOTS.);
#2546 = CARTESIAN_POINT('',(-5.7630298014E-02,-4.747953715051E-02,
    5.00001E-02));
#2547 = CARTESIAN_POINT('',(-5.7630298014E-02,5.252046284949E-02,
    5.00001E-02));
#2548 = CARTESIAN_POINT('',(-5.7630298014E-02,-4.747953715051E-02,
    5.10001E-02));
#2549 = CARTESIAN_POINT('',(-5.7630298014E-02,5.252046284949E-02,
    5.10001E-02));
#2550 = ADVANCED_FACE('',(#2551),#2567,.T.);
#2551 = FACE_BOUND('',#2552,.T.);
#2552 = EDGE_LOOP('',(#2553,#2554,#2555,#2562));
#2553 = ORIENTED_EDGE('',*,*,#291,.F.);
#2554 = ORIENTED_EDGE('',*,*,#2541,.F.);
#2555 = ORIENTED_EDGE('',*,*,#2556,.T.);
#2556 = EDGE_CURVE('',#2535,#2557,#2559,.T.);
#2557 = VERTEX_POINT('',#2558);
#2558 = CARTESIAN_POINT('',(-8.585057240425E-02,5.252046284949E-02,
    5.10001E-02));
#2559 = B_SPLINE_CURVE_WITH_KNOTS('',1,(#2560,#2561),.UNSPECIFIED.,.F.,
  .F.,(2,2),(0.,2.822027439024E-02),.PIECEWISE_BEZIER_KNOTS.);
#2560 = CARTESIAN_POINT('',(-5.7630298014E-02,5.252046284949E-02,
    5.10001E-02));
#2561 = CARTESIAN_POINT('',(-8.585057240425E-02,5.252046284949E-02,
    5.10001E-02));
#2562 = ORIENTED_EDGE('',*,*,#2563,.T.);
#2563 = EDGE_CURVE('',#2557,#292,#2564,.T.);
#2564 = B_SPLINE_CURVE_WITH_KNOTS('',1,(#2565,#2566),.UNSPECIFIED.,.F.,
  .F.,(2,2),(-0.,1.E-03),.PIECEWISE_BEZIER_KNOTS.);
#2565 = CARTESIAN_POINT('',(-8.585057240425E-02,5.252046284949E-02,
    5.10001E-02));
#2566 = CARTESIAN_POINT('',(-8.585057240425E-02,5.252046284949E-02,
    5.00001E-02));
#2567 = B_SPLINE_SURFACE_WITH_KNOTS('',1,1,(
    (#2568,#2569)
    ,(#2570,#2571)),.UNSPECIFIED.,.F.,.F.,.F.,(2,2),(2,2),(0.,1.E-03),(
    -2.822027439024E-02,0.),.PIECEWISE_BEZIER_KNOTS.);
#2568 = CARTESIAN_POINT('',(-8.585057240425E-02,5.252046284949E-02,
    5.10001E-02));
#2569 = CARTESIAN_POINT('',(-5.7630298014E-02,5.252046284949E-02,
    5.10001E-02));
#2570 = CARTESIAN_POINT('',(-8.585057240425E-02,5.252046284949E-02,
    5.00001E-02));
#2571 = CARTESIAN_POINT('',(-5.7630298014E-02,5.252046284949E-02,
    5.00001E-02));
#2572 = ADVANCED_FACE('',(#2573),#2606,.T.);
#2573 = FACE_BOUND('',#2574,.T.);
#2574 = EDGE_LOOP('',(#2575,#2576,#2577,#2601));
#2575 = ORIENTED_EDGE('',*,*,#298,.F.);
#2576 = ORIENTED_EDGE('',*,*,#2563,.F.);
#2577 = ORIENTED_EDGE('',*,*,#2578,.T.);
#2578 = EDGE_CURVE('',#2557,#2579,#2581,.T.);
#2579 = VERTEX_POINT('',#2580);
#2580 = CARTESIAN_POINT('',(-0.138118102892,3.778084800714E-03,
    5.10001E-02));
#2581 = B_SPLINE_CURVE_WITH_KNOTS('',3,(#2582,#2583,#2584,#2585,#2586,
    #2587,#2588,#2589,#2590,#2591,#2592,#2593,#2594,#2595,#2596,#2597,
    #2598,#2599,#2600),.UNSPECIFIED.,.F.,.F.,(4,1,1,1,1,1,1,1,1,1,1,1,1,
    1,1,1,4),(0.,6.86311786766E-02,0.134566466039,0.198328154011,
    0.260789766641,0.321999151484,0.382721746503,0.443537474036,
    0.505133429485,0.566213874765,0.626105864618,0.685349322161,
    0.744995870348,0.805415841815,0.867636266346,0.932307782302,1.),
  .UNSPECIFIED.);
#2582 = CARTESIAN_POINT('',(-8.585057240425E-02,5.252046284949E-02,
    5.10001E-02));
#2583 = CARTESIAN_POINT('',(-8.768775881088E-02,5.247951365424E-02,
    5.10001E-02));
#2584 = CARTESIAN_POINT('',(-9.128996537301E-02,5.239922378308E-02,
    5.10001E-02));
#2585 = CARTESIAN_POINT('',(-9.657237979162E-02,5.178932825879E-02,
    5.10001E-02));
#2586 = CARTESIAN_POINT('',(-0.101611964093,5.073096127791E-02,
    5.10001E-02));
#2587 = CARTESIAN_POINT('',(-0.106422576796,4.928711140495E-02,
    5.10001E-02));
#2588 = CARTESIAN_POINT('',(-0.111009790201,4.744260895043E-02,
    5.10001E-02));
#2589 = CARTESIAN_POINT('',(-0.115330388981,4.513193977791E-02,
    5.10001E-02));
#2590 = CARTESIAN_POINT('',(-0.119431779386,4.243541091802E-02,
    5.10001E-02));
#2591 = CARTESIAN_POINT('',(-0.123260590633,3.934717408963E-02,
    5.10001E-02));
#2592 = CARTESIAN_POINT('',(-0.126750418189,3.591335864084E-02,
    5.10001E-02));
#2593 = CARTESIAN_POINT('',(-0.12979263028,3.215789127454E-02,
    5.10001E-02));
#2594 = CARTESIAN_POINT('',(-0.132397236314,2.813100081425E-02,
    5.10001E-02));
#2595 = CARTESIAN_POINT('',(-0.134493258743,2.380084702892E-02,
    5.10001E-02));
#2596 = CARTESIAN_POINT('',(-0.136120757588,1.919076078682E-02,
    5.10001E-02));
#2597 = CARTESIAN_POINT('',(-0.137273239003,1.43040849921E-02,
    5.10001E-02));
#2598 = CARTESIAN_POINT('',(-0.138000133773,9.135284883411E-03,
    5.10001E-02));
#2599 = CARTESIAN_POINT('',(-0.138078186103,5.590781457812E-03,
    5.10001E-02));
#2600 = CARTESIAN_POINT('',(-0.138118102892,3.778084800714E-03,
    5.10001E-02));
#2601 = ORIENTED_EDGE('',*,*,#2602,.T.);
#2602 = EDGE_CURVE('',#2579,#299,#2603,.T.);
#2603 = B_SPLINE_CURVE_WITH_KNOTS('',1,(#2604,#2605),.UNSPECIFIED.,.F.,
  .F.,(2,2),(-0.,1.E-03),.PIECEWISE_BEZIER_KNOTS.);
#2604 = CARTESIAN_POINT('',(-0.138118102892,3.778084800714E-03,
    5.10001E-02));
#2605 = CARTESIAN_POINT('',(-0.138118102892,3.778084800714E-03,
    5.00001E-02));
#2606 = B_SPLINE_SURFACE_WITH_KNOTS('',3,1,(
    (#2607,#2608)
    ,(#2609,#2610)
    ,(#2611,#2612)
    ,(#2613,#2614)
    ,(#2615,#2616)
    ,(#2617,#2618)
    ,(#2619,#2620)
    ,(#2621,#2622)
    ,(#2623,#2624)
    ,(#2625,#2626)
    ,(#2627,#2628)
    ,(#2629,#2630)
    ,(#2631,#2632)
    ,(#2633,#2634)
    ,(#2635,#2636)
    ,(#2637,#2638)
    ,(#2639,#2640)
    ,(#2641,#2642)
    ,(#2643,#2644
    )),.UNSPECIFIED.,.F.,.F.,.F.,(4,1,1,1,1,1,1,1,1,1,1,1,1,1,1,1,4),(2,
    2),(0.,6.86311786766E-02,0.134566466039,0.198328154011,
    0.260789766641,0.321999151484,0.382721746503,0.443537474036,
    0.505133429485,0.566213874765,0.626105864618,0.685349322161,
    0.744995870348,0.805415841815,0.867636266346,0.932307782302,1.),(0.,
    1.),.UNSPECIFIED.);
#2607 = CARTESIAN_POINT('',(-8.585057240425E-02,5.252046284949E-02,
    5.10001E-02));
#2608 = CARTESIAN_POINT('',(-8.585057240425E-02,5.252046284949E-02,
    5.00001E-02));
#2609 = CARTESIAN_POINT('',(-8.768775881088E-02,5.247951365424E-02,
    5.10001E-02));
#2610 = CARTESIAN_POINT('',(-8.768775881088E-02,5.247951365424E-02,
    5.00001E-02));
#2611 = CARTESIAN_POINT('',(-9.128996537301E-02,5.239922378308E-02,
    5.10001E-02));
#2612 = CARTESIAN_POINT('',(-9.128996537301E-02,5.239922378308E-02,
    5.00001E-02));
#2613 = CARTESIAN_POINT('',(-9.657237979162E-02,5.178932825879E-02,
    5.10001E-02));
#2614 = CARTESIAN_POINT('',(-9.657237979162E-02,5.178932825879E-02,
    5.00001E-02));
#2615 = CARTESIAN_POINT('',(-0.101611964093,5.073096127791E-02,
    5.10001E-02));
#2616 = CARTESIAN_POINT('',(-0.101611964093,5.073096127791E-02,
    5.00001E-02));
#2617 = CARTESIAN_POINT('',(-0.106422576796,4.928711140495E-02,
    5.10001E-02));
#2618 = CARTESIAN_POINT('',(-0.106422576796,4.928711140495E-02,
    5.00001E-02));
#2619 = CARTESIAN_POINT('',(-0.111009790201,4.744260895043E-02,
    5.10001E-02));
#2620 = CARTESIAN_POINT('',(-0.111009790201,4.744260895043E-02,
    5.00001E-02));
#2621 = CARTESIAN_POINT('',(-0.115330388981,4.513193977791E-02,
    5.10001E-02));
#2622 = CARTESIAN_POINT('',(-0.115330388981,4.513193977791E-02,
    5.00001E-02));
#2623 = CARTESIAN_POINT('',(-0.119431779386,4.243541091802E-02,
    5.10001E-02));
#2624 = CARTESIAN_POINT('',(-0.119431779386,4.243541091802E-02,
    5.00001E-02));
#2625 = CARTESIAN_POINT('',(-0.123260590633,3.934717408963E-02,
    5.10001E-02));
#2626 = CARTESIAN_POINT('',(-0.123260590633,3.934717408963E-02,
    5.00001E-02));
#2627 = CARTESIAN_POINT('',(-0.126750418189,3.591335864084E-02,
    5.10001E-02));
#2628 = CARTESIAN_POINT('',(-0.126750418189,3.591335864084E-02,
    5.00001E-02));
#2629 = CARTESIAN_POINT('',(-0.12979263028,3.215789127454E-02,
    5.10001E-02));
#2630 = CARTESIAN_POINT('',(-0.12979263028,3.215789127454E-02,
    5.00001E-02));
#2631 = CARTESIAN_POINT('',(-0.132397236314,2.813100081425E-02,
    5.10001E-02));
#2632 = CARTESIAN_POINT('',(-0.132397236314,2.813100081425E-02,
    5.00001E-02));
#2633 = CARTESIAN_POINT('',(-0.134493258743,2.380084702892E-02,
    5.10001E-02));
#2634 = CARTESIAN_POINT('',(-0.134493258743,2.380084702892E-02,
    5.00001E-02));
#2635 = CARTESIAN_POINT('',(-0.136120757588,1.919076078682E-02,
    5.10001E-02));
#2636 = CARTESIAN_POINT('',(-0.136120757588,1.919076078682E-02,
    5.00001E-02));
#2637 = CARTESIAN_POINT('',(-0.137273239003,1.43040849921E-02,
    5.10001E-02));
#2638 = CARTESIAN_POINT('',(-0.137273239003,1.43040849921E-02,
    5.00001E-02));
#2639 = CARTESIAN_POINT('',(-0.138000133773,9.135284883411E-03,
    5.10001E-02));
#2640 = CARTESIAN_POINT('',(-0.138000133773,9.135284883411E-03,
    5.00001E-02));
#2641 = CARTESIAN_POINT('',(-0.138078186103,5.590781457812E-03,
    5.10001E-02));
#2642 = CARTESIAN_POINT('',(-0.138078186103,5.590781457812E-03,
    5.00001E-02));
#2643 = CARTESIAN_POINT('',(-0.138118102892,3.778084800714E-03,
    5.10001E-02));
#2644 = CARTESIAN_POINT('',(-0.138118102892,3.778084800714E-03,
    5.00001E-02));
#2645 = ADVANCED_FACE('',(#2646),#2673,.T.);
#2646 = FACE_BOUND('',#2647,.T.);
#2647 = EDGE_LOOP('',(#2648,#2649,#2650,#2672));
#2648 = ORIENTED_EDGE('',*,*,#322,.F.);
#2649 = ORIENTED_EDGE('',*,*,#2602,.F.);
#2650 = ORIENTED_EDGE('',*,*,#2651,.T.);
#2651 = EDGE_CURVE('',#2579,#2506,#2652,.T.);
#2652 = B_SPLINE_CURVE_WITH_KNOTS('',3,(#2653,#2654,#2655,#2656,#2657,
    #2658,#2659,#2660,#2661,#2662,#2663,#2664,#2665,#2666,#2667,#2668,
    #2669,#2670,#2671),.UNSPECIFIED.,.F.,.F.,(4,1,1,1,1,1,1,1,1,1,1,1,1,
    1,1,1,4),(0.,6.806869584499E-02,0.133427432819,0.196146033813,
    0.257048592449,0.316882663159,0.376187208666,0.435960335364,
    0.496535236863,0.557465343481,0.61768686341,0.677943640697,
    0.738805284806,0.800949336767,0.86481466747,0.931024781079,1.),
  .UNSPECIFIED.);
#2653 = CARTESIAN_POINT('',(-0.138118102892,3.778084800714E-03,
    5.10001E-02));
#2654 = CARTESIAN_POINT('',(-0.138077716172,1.889326350079E-03,
    5.10001E-02));
#2655 = CARTESIAN_POINT('',(-0.137998550612,-1.812995079102E-03,
    5.10001E-02));
#2656 = CARTESIAN_POINT('',(-0.137274972749,-7.216214586975E-03,
    5.10001E-02));
#2657 = CARTESIAN_POINT('',(-0.136119903141,-1.23359178812E-02,
    5.10001E-02));
#2658 = CARTESIAN_POINT('',(-0.134498526955,-1.716919636508E-02,
    5.10001E-02));
#2659 = CARTESIAN_POINT('',(-0.132399318343,-2.171256390002E-02,
    5.10001E-02));
#2660 = CARTESIAN_POINT('',(-0.129796612377,-2.594942160235E-02,
    5.10001E-02));
#2661 = CARTESIAN_POINT('',(-0.126760557333,-2.991207411212E-02,
    5.10001E-02));
#2662 = CARTESIAN_POINT('',(-0.123270352376,-3.354622983893E-02,
    5.10001E-02));
#2663 = CARTESIAN_POINT('',(-0.11941043722,-3.679878625379E-02,
    5.10001E-02));
#2664 = CARTESIAN_POINT('',(-0.115282953592,-3.969146747978E-02,
    5.10001E-02));
#2665 = CARTESIAN_POINT('',(-0.110852435866,-4.209490004599E-02,
    5.10001E-02));
#2666 = CARTESIAN_POINT('',(-0.106156725019,-4.40586188073E-02,
    5.10001E-02));
#2667 = CARTESIAN_POINT('',(-0.101204033862,-4.561769411363E-02,
    5.10001E-02));
#2668 = CARTESIAN_POINT('',(-9.597289808868E-02,-4.667919195924E-02,
    5.10001E-02));
#2669 = CARTESIAN_POINT('',(-9.048709203514E-02,-4.737703382007E-02,
    5.10001E-02));
#2670 = CARTESIAN_POINT('',(-8.673568068751E-02,-4.744490661289E-02,
    5.10001E-02));
#2671 = CARTESIAN_POINT('',(-8.482160898961E-02,-4.747953715051E-02,
    5.10001E-02));
#2672 = ORIENTED_EDGE('',*,*,#2505,.T.);
#2673 = B_SPLINE_SURFACE_WITH_KNOTS('',3,1,(
    (#2674,#2675)
    ,(#2676,#2677)
    ,(#2678,#2679)
    ,(#2680,#2681)
    ,(#2682,#2683)
    ,(#2684,#2685)
    ,(#2686,#2687)
    ,(#2688,#2689)
    ,(#2690,#2691)
    ,(#2692,#2693)
    ,(#2694,#2695)
    ,(#2696,#2697)
    ,(#2698,#2699)
    ,(#2700,#2701)
    ,(#2702,#2703)
    ,(#2704,#2705)
    ,(#2706,#2707)
    ,(#2708,#2709)
    ,(#2710,#2711
    )),.UNSPECIFIED.,.F.,.F.,.F.,(4,1,1,1,1,1,1,1,1,1,1,1,1,1,1,1,4),(2,
    2),(0.,6.806869584499E-02,0.133427432819,0.196146033813,
    0.257048592449,0.316882663159,0.376187208666,0.435960335364,
    0.496535236863,0.557465343481,0.61768686341,0.677943640697,
    0.738805284806,0.800949336767,0.86481466747,0.931024781079,1.),(0.,
    1.),.UNSPECIFIED.);
#2674 = CARTESIAN_POINT('',(-0.138118102892,3.778084800714E-03,
    5.10001E-02));
#2675 = CARTESIAN_POINT('',(-0.138118102892,3.778084800714E-03,
    5.00001E-02));
#2676 = CARTESIAN_POINT('',(-0.138077716172,1.889326350079E-03,
    5.10001E-02));
#2677 = CARTESIAN_POINT('',(-0.138077716172,1.889326350079E-03,
    5.00001E-02));
#2678 = CARTESIAN_POINT('',(-0.137998550612,-1.812995079102E-03,
    5.10001E-02));
#2679 = CARTESIAN_POINT('',(-0.137998550612,-1.812995079102E-03,
    5.00001E-02));
#2680 = CARTESIAN_POINT('',(-0.137274972749,-7.216214586975E-03,
    5.10001E-02));
#2681 = CARTESIAN_POINT('',(-0.137274972749,-7.216214586975E-03,
    5.00001E-02));
#2682 = CARTESIAN_POINT('',(-0.136119903141,-1.23359178812E-02,
    5.10001E-02));
#2683 = CARTESIAN_POINT('',(-0.136119903141,-1.23359178812E-02,
    5.00001E-02));
#2684 = CARTESIAN_POINT('',(-0.134498526955,-1.716919636508E-02,
    5.10001E-02));
#2685 = CARTESIAN_POINT('',(-0.134498526955,-1.716919636508E-02,
    5.00001E-02));
#2686 = CARTESIAN_POINT('',(-0.132399318343,-2.171256390002E-02,
    5.10001E-02));
#2687 = CARTESIAN_POINT('',(-0.132399318343,-2.171256390002E-02,
    5.00001E-02));
#2688 = CARTESIAN_POINT('',(-0.129796612377,-2.594942160235E-02,
    5.10001E-02));
#2689 = CARTESIAN_POINT('',(-0.129796612377,-2.594942160235E-02,
    5.00001E-02));
#2690 = CARTESIAN_POINT('',(-0.126760557333,-2.991207411212E-02,
    5.10001E-02));
#2691 = CARTESIAN_POINT('',(-0.126760557333,-2.991207411212E-02,
    5.00001E-02));
#2692 = CARTESIAN_POINT('',(-0.123270352376,-3.354622983893E-02,
    5.10001E-02));
#2693 = CARTESIAN_POINT('',(-0.123270352376,-3.354622983893E-02,
    5.00001E-02));
#2694 = CARTESIAN_POINT('',(-0.11941043722,-3.679878625379E-02,
    5.10001E-02));
#2695 = CARTESIAN_POINT('',(-0.11941043722,-3.679878625379E-02,
    5.00001E-02));
#2696 = CARTESIAN_POINT('',(-0.115282953592,-3.969146747978E-02,
    5.10001E-02));
#2697 = CARTESIAN_POINT('',(-0.115282953592,-3.969146747978E-02,
    5.00001E-02));
#2698 = CARTESIAN_POINT('',(-0.110852435866,-4.209490004599E-02,
    5.10001E-02));
#2699 = CARTESIAN_POINT('',(-0.110852435866,-4.209490004599E-02,
    5.00001E-02));
#2700 = CARTESIAN_POINT('',(-0.106156725019,-4.40586188073E-02,
    5.10001E-02));
#2701 = CARTESIAN_POINT('',(-0.106156725019,-4.40586188073E-02,
    5.00001E-02));
#2702 = CARTESIAN_POINT('',(-0.101204033862,-4.561769411363E-02,
    5.10001E-02));
#2703 = CARTESIAN_POINT('',(-0.101204033862,-4.561769411363E-02,
    5.00001E-02));
#2704 = CARTESIAN_POINT('',(-9.597289808868E-02,-4.667919195924E-02,
    5.10001E-02));
#2705 = CARTESIAN_POINT('',(-9.597289808868E-02,-4.667919195924E-02,
    5.00001E-02));
#2706 = CARTESIAN_POINT('',(-9.048709203514E-02,-4.737703382007E-02,
    5.10001E-02));
#2707 = CARTESIAN_POINT('',(-9.048709203514E-02,-4.737703382007E-02,
    5.00001E-02));
#2708 = CARTESIAN_POINT('',(-8.673568068751E-02,-4.744490661289E-02,
    5.10001E-02));
#2709 = CARTESIAN_POINT('',(-8.673568068751E-02,-4.744490661289E-02,
    5.00001E-02));
#2710 = CARTESIAN_POINT('',(-8.482160898961E-02,-4.747953715051E-02,
    5.10001E-02));
#2711 = CARTESIAN_POINT('',(-8.482160898961E-02,-4.747953715051E-02,
    5.00001E-02));
#2712 = ADVANCED_FACE('',(#2713,#2784),#2791,.T.);
#2713 = FACE_BOUND('',#2714,.T.);
#2714 = EDGE_LOOP('',(#2715,#2741,#2765,#2772,#2779));
#2715 = ORIENTED_EDGE('',*,*,#2716,.F.);
#2716 = EDGE_CURVE('',#2717,#2719,#2721,.T.);
#2717 = VERTEX_POINT('',#2718);
#2718 = CARTESIAN_POINT('',(-0.124703468746,3.492261629982E-03,
    5.10001E-02));
#2719 = VERTEX_POINT('',#2720);
#2720 = CARTESIAN_POINT('',(-8.57934077701E-02,4.15448530934E-02,
    5.10001E-02));
#2721 = B_SPLINE_CURVE_WITH_KNOTS('',3,(#2722,#2723,#2724,#2725,#2726,
    #2727,#2728,#2729,#2730,#2731,#2732,#2733,#2734,#2735,#2736,#2737,
    #2738,#2739,#2740),.UNSPECIFIED.,.F.,.F.,(4,1,1,1,1,1,1,1,1,1,1,1,1,
    1,1,1,4),(0.,7.430379644282E-02,0.144393610364,0.210499496103,
    0.273542606503,0.333824744579,0.392529672409,0.4500874546,
    0.507820611556,0.565464912777,0.623148722334,0.681297192791,
    0.740913498157,0.801855752196,0.865241237721,0.930941657047,1.),
  .UNSPECIFIED.);
#2722 = CARTESIAN_POINT('',(-0.124703468746,3.492261629982E-03,
    5.10001E-02));
#2723 = CARTESIAN_POINT('',(-0.124670690687,5.024350143735E-03,
    5.10001E-02));
#2724 = CARTESIAN_POINT('',(-0.124606993509,8.00163801447E-03,
    5.10001E-02));
#2725 = CARTESIAN_POINT('',(-0.124111372089,1.231973880119E-02,
    5.10001E-02));
#2726 = CARTESIAN_POINT('',(-0.123280773584,1.634843631477E-02,
    5.10001E-02));
#2727 = CARTESIAN_POINT('',(-0.122099892517,2.007831099567E-02,
    5.10001E-02));
#2728 = CARTESIAN_POINT('',(-0.120592639481,2.352374499042E-02,
    5.10001E-02));
#2729 = CARTESIAN_POINT('',(-0.118736656331,2.666499783333E-02,
    5.10001E-02));
#2730 = CARTESIAN_POINT('',(-0.116546329626,2.951746950985E-02,
    5.10001E-02));
#2731 = CARTESIAN_POINT('',(-0.114021974783,3.204842674963E-02,
    5.10001E-02));
#2732 = CARTESIAN_POINT('',(-0.111225572299,3.427350342865E-02,
    5.10001E-02));
#2733 = CARTESIAN_POINT('',(-0.108225872854,3.623168044379E-02,
    5.10001E-02));
#2734 = CARTESIAN_POINT('',(-0.104996854901,3.787584447887E-02,
    5.10001E-02));
#2735 = CARTESIAN_POINT('',(-0.101563811713,3.922693708245E-02,
    5.10001E-02));
#2736 = CARTESIAN_POINT('',(-9.791512443463E-02,4.02811924391E-02,
    5.10001E-02));
#2737 = CARTESIAN_POINT('',(-9.40619870247E-02,4.10129525328E-02,
    5.10001E-02));
#2738 = CARTESIAN_POINT('',(-8.999595294117E-02,4.145837951057E-02,
    5.10001E-02));
#2739 = CARTESIAN_POINT('',(-8.721733539074E-02,4.151555367649E-02,
    5.10001E-02));
#2740 = CARTESIAN_POINT('',(-8.57934077701E-02,4.15448530934E-02,
    5.10001E-02));
#2741 = ORIENTED_EDGE('',*,*,#2742,.F.);
#2742 = EDGE_CURVE('',#2743,#2717,#2745,.T.);
#2743 = VERTEX_POINT('',#2744);
#2744 = CARTESIAN_POINT('',(-8.524081630669E-02,-3.650392739441E-02,
    5.10001E-02));
#2745 = B_SPLINE_CURVE_WITH_KNOTS('',3,(#2746,#2747,#2748,#2749,#2750,
    #2751,#2752,#2753,#2754,#2755,#2756,#2757,#2758,#2759,#2760,#2761,
    #2762,#2763,#2764),.UNSPECIFIED.,.F.,.F.,(4,1,1,1,1,1,1,1,1,1,1,1,1,
    1,1,1,4),(0.,7.082657255516E-02,0.13816903328,0.202475331534,
    0.263973754414,0.323380320598,0.381797622713,0.439390074519,
    0.496902724546,0.554662169609,0.612741878492,0.671538836391,
    0.73165572209,0.794297811614,0.859482204979,0.927681325453,1.),
  .UNSPECIFIED.);
#2746 = CARTESIAN_POINT('',(-8.524081630669E-02,-3.650392739441E-02,
    5.10001E-02));
#2747 = CARTESIAN_POINT('',(-8.674757318384E-02,-3.647135650273E-02,
    5.10001E-02));
#2748 = CARTESIAN_POINT('',(-8.968696631828E-02,-3.640781695177E-02,
    5.10001E-02));
#2749 = CARTESIAN_POINT('',(-9.397062197273E-02,-3.590323679047E-02,
    5.10001E-02));
#2750 = CARTESIAN_POINT('',(-9.800230848692E-02,-3.509297733883E-02,
    5.10001E-02));
#2751 = CARTESIAN_POINT('',(-0.10178255975,-3.395792785626E-02,
    5.10001E-02));
#2752 = CARTESIAN_POINT('',(-0.105294998448,-3.245336578535E-02,
    5.10001E-02));
#2753 = CARTESIAN_POINT('',(-0.108567959741,-3.064780593772E-02,
    5.10001E-02));
#2754 = CARTESIAN_POINT('',(-0.111578962933,-2.849922401646E-02,
    5.10001E-02));
#2755 = CARTESIAN_POINT('',(-0.114315802418,-2.603171794525E-02,
    5.10001E-02));
#2756 = CARTESIAN_POINT('',(-0.116755276807,-2.325757487338E-02,
    5.10001E-02));
#2757 = CARTESIAN_POINT('',(-0.118907513394,-2.022019053757E-02,
    5.10001E-02));
#2758 = CARTESIAN_POINT('',(-0.12069566441,-1.689826098845E-02,
    5.10001E-02));
#2759 = CARTESIAN_POINT('',(-0.122176413431,-1.332473205395E-02,
    5.10001E-02));
#2760 = CARTESIAN_POINT('',(-0.123307915314,-9.483856043713E-03,
    5.10001E-02));
#2761 = CARTESIAN_POINT('',(-0.12412814305,-5.391019721569E-03,
    5.10001E-02));
#2762 = CARTESIAN_POINT('',(-0.124601899855,-1.034875858625E-03,
    5.10001E-02));
#2763 = CARTESIAN_POINT('',(-0.124668957144,1.954007479583E-03,
    5.10001E-02));
#2764 = CARTESIAN_POINT('',(-0.124703468746,3.492261629982E-03,
    5.10001E-02));
#2765 = ORIENTED_EDGE('',*,*,#2766,.F.);
#2766 = EDGE_CURVE('',#2767,#2743,#2769,.T.);
#2767 = VERTEX_POINT('',#2768);
#2768 = CARTESIAN_POINT('',(-7.104493216034E-02,-3.650392739441E-02,
    5.100009999986E-02));
#2769 = B_SPLINE_CURVE_WITH_KNOTS('',1,(#2770,#2771),.UNSPECIFIED.,.F.,
  .F.,(2,2),(0.,1.419588414634E-02),.PIECEWISE_BEZIER_KNOTS.);
#2770 = CARTESIAN_POINT('',(-7.104493216034E-02,-3.650392739441E-02,
    5.10001E-02));
#2771 = CARTESIAN_POINT('',(-8.524081630669E-02,-3.650392739441E-02,
    5.10001E-02));
#2772 = ORIENTED_EDGE('',*,*,#2773,.F.);
#2773 = EDGE_CURVE('',#2774,#2767,#2776,.T.);
#2774 = VERTEX_POINT('',#2775);
#2775 = CARTESIAN_POINT('',(-7.104493216034E-02,4.15448530934E-02,
    5.10001E-02));
#2776 = B_SPLINE_CURVE_WITH_KNOTS('',1,(#2777,#2778),.UNSPECIFIED.,.F.,
  .F.,(2,2),(0.,7.80487804878E-02),.PIECEWISE_BEZIER_KNOTS.);
#2777 = CARTESIAN_POINT('',(-7.104493216034E-02,4.15448530934E-02,
    5.10001E-02));
#2778 = CARTESIAN_POINT('',(-7.104493216034E-02,-3.650392739441E-02,
    5.10001E-02));
#2779 = ORIENTED_EDGE('',*,*,#2780,.F.);
#2780 = EDGE_CURVE('',#2719,#2774,#2781,.T.);
#2781 = B_SPLINE_CURVE_WITH_KNOTS('',1,(#2782,#2783),.UNSPECIFIED.,.F.,
  .F.,(2,2),(0.,1.474847560976E-02),.PIECEWISE_BEZIER_KNOTS.);
#2782 = CARTESIAN_POINT('',(-8.57934077701E-02,4.15448530934E-02,
    5.10001E-02));
#2783 = CARTESIAN_POINT('',(-7.104493216034E-02,4.15448530934E-02,
    5.10001E-02));
#2784 = FACE_BOUND('',#2785,.T.);
#2785 = EDGE_LOOP('',(#2786,#2787,#2788,#2789,#2790));
#2786 = ORIENTED_EDGE('',*,*,#2512,.F.);
#2787 = ORIENTED_EDGE('',*,*,#2651,.F.);
#2788 = ORIENTED_EDGE('',*,*,#2578,.F.);
#2789 = ORIENTED_EDGE('',*,*,#2556,.F.);
#2790 = ORIENTED_EDGE('',*,*,#2534,.F.);
#2791 = B_SPLINE_SURFACE_WITH_KNOTS('',1,1,(
    (#2792,#2793)
    ,(#2794,#2795
    )),.UNSPECIFIED.,.F.,.F.,.F.,(2,2),(2,2),(-8.703007004294E-02,
    1.296992995706E-02),(-1.520984611777E-02,6.527795876027E-02),
  .PIECEWISE_BEZIER_KNOTS.);
#2792 = CARTESIAN_POINT('',(-0.138118102892,-4.747953715051E-02,
    5.100009999985E-02));
#2793 = CARTESIAN_POINT('',(-5.7630298014E-02,-4.747953715051E-02,
    5.100009999984E-02));
#2794 = CARTESIAN_POINT('',(-0.138118102892,5.252046284949E-02,
    5.100010000002E-02));
#2795 = CARTESIAN_POINT('',(-5.7630298014E-02,5.252046284949E-02,
    5.100010000002E-02));
#2796 = ADVANCED_FACE('',(#2797),#2819,.T.);
#2797 = FACE_BOUND('',#2798,.T.);
#2798 = EDGE_LOOP('',(#2799,#2808,#2813,#2814));
#2799 = ORIENTED_EDGE('',*,*,#2800,.F.);
#2800 = EDGE_CURVE('',#2801,#2803,#2805,.T.);
#2801 = VERTEX_POINT('',#2802);
#2802 = CARTESIAN_POINT('',(-8.57934077701E-02,4.15448530934E-02,
    5.00001E-02));
#2803 = VERTEX_POINT('',#2804);
#2804 = CARTESIAN_POINT('',(-7.104493216034E-02,4.15448530934E-02,
    5.00001E-02));
#2805 = B_SPLINE_CURVE_WITH_KNOTS('',1,(#2806,#2807),.UNSPECIFIED.,.F.,
  .F.,(2,2),(0.,1.474847560976E-02),.PIECEWISE_BEZIER_KNOTS.);
#2806 = CARTESIAN_POINT('',(-8.57934077701E-02,4.15448530934E-02,
    5.00001E-02));
#2807 = CARTESIAN_POINT('',(-7.104493216034E-02,4.15448530934E-02,
    5.00001E-02));
#2808 = ORIENTED_EDGE('',*,*,#2809,.F.);
#2809 = EDGE_CURVE('',#2719,#2801,#2810,.T.);
#2810 = B_SPLINE_CURVE_WITH_KNOTS('',1,(#2811,#2812),.UNSPECIFIED.,.F.,
  .F.,(2,2),(-0.,1.E-03),.PIECEWISE_BEZIER_KNOTS.);
#2811 = CARTESIAN_POINT('',(-8.57934077701E-02,4.15448530934E-02,
    5.10001E-02));
#2812 = CARTESIAN_POINT('',(-8.57934077701E-02,4.15448530934E-02,
    5.00001E-02));
#2813 = ORIENTED_EDGE('',*,*,#2780,.T.);
#2814 = ORIENTED_EDGE('',*,*,#2815,.T.);
#2815 = EDGE_CURVE('',#2774,#2803,#2816,.T.);
#2816 = B_SPLINE_CURVE_WITH_KNOTS('',1,(#2817,#2818),.UNSPECIFIED.,.F.,
  .F.,(2,2),(-0.,1.000000000002E-03),.PIECEWISE_BEZIER_KNOTS.);
#2817 = CARTESIAN_POINT('',(-7.104493216034E-02,4.15448530934E-02,
    5.10001E-02));
#2818 = CARTESIAN_POINT('',(-7.104493216034E-02,4.15448530934E-02,
    5.00001E-02));
#2819 = B_SPLINE_SURFACE_WITH_KNOTS('',1,1,(
    (#2820,#2821)
    ,(#2822,#2823
    )),.UNSPECIFIED.,.F.,.F.,.F.,(2,2),(2,2),(-1.000000000002E-03,0.),(
    0.,1.474847560976E-02),.PIECEWISE_BEZIER_KNOTS.);
#2820 = CARTESIAN_POINT('',(-8.57934077701E-02,4.15448530934E-02,
    5.00001E-02));
#2821 = CARTESIAN_POINT('',(-7.104493216034E-02,4.15448530934E-02,
    5.00001E-02));
#2822 = CARTESIAN_POINT('',(-8.57934077701E-02,4.15448530934E-02,
    5.10001E-02));
#2823 = CARTESIAN_POINT('',(-7.104493216034E-02,4.15448530934E-02,
    5.10001E-02));
#2824 = ADVANCED_FACE('',(#2825),#2858,.T.);
#2825 = FACE_BOUND('',#2826,.T.);
#2826 = EDGE_LOOP('',(#2827,#2851,#2856,#2857));
#2827 = ORIENTED_EDGE('',*,*,#2828,.F.);
#2828 = EDGE_CURVE('',#2829,#2801,#2831,.T.);
#2829 = VERTEX_POINT('',#2830);
#2830 = CARTESIAN_POINT('',(-0.124703468746,3.492261629982E-03,
    5.00001E-02));
#2831 = B_SPLINE_CURVE_WITH_KNOTS('',3,(#2832,#2833,#2834,#2835,#2836,
    #2837,#2838,#2839,#2840,#2841,#2842,#2843,#2844,#2845,#2846,#2847,
    #2848,#2849,#2850),.UNSPECIFIED.,.F.,.F.,(4,1,1,1,1,1,1,1,1,1,1,1,1,
    1,1,1,4),(0.,7.430379644282E-02,0.144393610364,0.210499496103,
    0.273542606503,0.333824744579,0.392529672409,0.4500874546,
    0.507820611556,0.565464912777,0.623148722334,0.681297192791,
    0.740913498157,0.801855752196,0.865241237721,0.930941657047,1.),
  .UNSPECIFIED.);
#2832 = CARTESIAN_POINT('',(-0.124703468746,3.492261629982E-03,
    5.00001E-02));
#2833 = CARTESIAN_POINT('',(-0.124670690687,5.024350143735E-03,
    5.00001E-02));
#2834 = CARTESIAN_POINT('',(-0.124606993509,8.00163801447E-03,
    5.00001E-02));
#2835 = CARTESIAN_POINT('',(-0.124111372089,1.231973880119E-02,
    5.00001E-02));
#2836 = CARTESIAN_POINT('',(-0.123280773584,1.634843631477E-02,
    5.00001E-02));
#2837 = CARTESIAN_POINT('',(-0.122099892517,2.007831099567E-02,
    5.00001E-02));
#2838 = CARTESIAN_POINT('',(-0.120592639481,2.352374499042E-02,
    5.00001E-02));
#2839 = CARTESIAN_POINT('',(-0.118736656331,2.666499783333E-02,
    5.00001E-02));
#2840 = CARTESIAN_POINT('',(-0.116546329626,2.951746950985E-02,
    5.00001E-02));
#2841 = CARTESIAN_POINT('',(-0.114021974783,3.204842674963E-02,
    5.00001E-02));
#2842 = CARTESIAN_POINT('',(-0.111225572299,3.427350342865E-02,
    5.00001E-02));
#2843 = CARTESIAN_POINT('',(-0.108225872854,3.623168044379E-02,
    5.00001E-02));
#2844 = CARTESIAN_POINT('',(-0.104996854901,3.787584447887E-02,
    5.00001E-02));
#2845 = CARTESIAN_POINT('',(-0.101563811713,3.922693708245E-02,
    5.00001E-02));
#2846 = CARTESIAN_POINT('',(-9.791512443463E-02,4.02811924391E-02,
    5.00001E-02));
#2847 = CARTESIAN_POINT('',(-9.40619870247E-02,4.10129525328E-02,
    5.00001E-02));
#2848 = CARTESIAN_POINT('',(-8.999595294117E-02,4.145837951057E-02,
    5.00001E-02));
#2849 = CARTESIAN_POINT('',(-8.721733539074E-02,4.151555367649E-02,
    5.00001E-02));
#2850 = CARTESIAN_POINT('',(-8.57934077701E-02,4.15448530934E-02,
    5.00001E-02));
#2851 = ORIENTED_EDGE('',*,*,#2852,.F.);
#2852 = EDGE_CURVE('',#2717,#2829,#2853,.T.);
#2853 = B_SPLINE_CURVE_WITH_KNOTS('',1,(#2854,#2855),.UNSPECIFIED.,.F.,
  .F.,(2,2),(-0.,1.E-03),.PIECEWISE_BEZIER_KNOTS.);
#2854 = CARTESIAN_POINT('',(-0.124703468746,3.492261629982E-03,
    5.10001E-02));
#2855 = CARTESIAN_POINT('',(-0.124703468746,3.492261629982E-03,
    5.00001E-02));
#2856 = ORIENTED_EDGE('',*,*,#2716,.T.);
#2857 = ORIENTED_EDGE('',*,*,#2809,.T.);
#2858 = B_SPLINE_SURFACE_WITH_KNOTS('',3,1,(
    (#2859,#2860)
    ,(#2861,#2862)
    ,(#2863,#2864)
    ,(#2865,#2866)
    ,(#2867,#2868)
    ,(#2869,#2870)
    ,(#2871,#2872)
    ,(#2873,#2874)
    ,(#2875,#2876)
    ,(#2877,#2878)
    ,(#2879,#2880)
    ,(#2881,#2882)
    ,(#2883,#2884)
    ,(#2885,#2886)
    ,(#2887,#2888)
    ,(#2889,#2890)
    ,(#2891,#2892)
    ,(#2893,#2894)
    ,(#2895,#2896
    )),.UNSPECIFIED.,.F.,.F.,.F.,(4,1,1,1,1,1,1,1,1,1,1,1,1,1,1,1,4),(2,
    2),(0.,7.430379644282E-02,0.144393610364,0.210499496103,
    0.273542606503,0.333824744579,0.392529672409,0.4500874546,
    0.507820611556,0.565464912777,0.623148722334,0.681297192791,
    0.740913498157,0.801855752196,0.865241237721,0.930941657047,1.),(0.,
    1.),.UNSPECIFIED.);
#2859 = CARTESIAN_POINT('',(-0.124703468746,3.492261629982E-03,
    5.10001E-02));
#2860 = CARTESIAN_POINT('',(-0.124703468746,3.492261629982E-03,
    5.00001E-02));
#2861 = CARTESIAN_POINT('',(-0.124670690687,5.024350143735E-03,
    5.10001E-02));
#2862 = CARTESIAN_POINT('',(-0.124670690687,5.024350143735E-03,
    5.00001E-02));
#2863 = CARTESIAN_POINT('',(-0.124606993509,8.00163801447E-03,
    5.10001E-02));
#2864 = CARTESIAN_POINT('',(-0.124606993509,8.00163801447E-03,
    5.00001E-02));
#2865 = CARTESIAN_POINT('',(-0.124111372089,1.231973880119E-02,
    5.10001E-02));
#2866 = CARTESIAN_POINT('',(-0.124111372089,1.231973880119E-02,
    5.00001E-02));
#2867 = CARTESIAN_POINT('',(-0.123280773584,1.634843631477E-02,
    5.10001E-02));
#2868 = CARTESIAN_POINT('',(-0.123280773584,1.634843631477E-02,
    5.00001E-02));
#2869 = CARTESIAN_POINT('',(-0.122099892517,2.007831099567E-02,
    5.10001E-02));
#2870 = CARTESIAN_POINT('',(-0.122099892517,2.007831099567E-02,
    5.00001E-02));
#2871 = CARTESIAN_POINT('',(-0.120592639481,2.352374499042E-02,
    5.10001E-02));
#2872 = CARTESIAN_POINT('',(-0.120592639481,2.352374499042E-02,
    5.00001E-02));
#2873 = CARTESIAN_POINT('',(-0.118736656331,2.666499783333E-02,
    5.10001E-02));
#2874 = CARTESIAN_POINT('',(-0.118736656331,2.666499783333E-02,
    5.00001E-02));
#2875 = CARTESIAN_POINT('',(-0.116546329626,2.951746950985E-02,
    5.10001E-02));
#2876 = CARTESIAN_POINT('',(-0.116546329626,2.951746950985E-02,
    5.00001E-02));
#2877 = CARTESIAN_POINT('',(-0.114021974783,3.204842674963E-02,
    5.10001E-02));
#2878 = CARTESIAN_POINT('',(-0.114021974783,3.204842674963E-02,
    5.00001E-02));
#2879 = CARTESIAN_POINT('',(-0.111225572299,3.427350342865E-02,
    5.10001E-02));
#2880 = CARTESIAN_POINT('',(-0.111225572299,3.427350342865E-02,
    5.00001E-02));
#2881 = CARTESIAN_POINT('',(-0.108225872854,3.623168044379E-02,
    5.10001E-02));
#2882 = CARTESIAN_POINT('',(-0.108225872854,3.623168044379E-02,
    5.00001E-02));
#2883 = CARTESIAN_POINT('',(-0.104996854901,3.787584447887E-02,
    5.10001E-02));
#2884 = CARTESIAN_POINT('',(-0.104996854901,3.787584447887E-02,
    5.00001E-02));
#2885 = CARTESIAN_POINT('',(-0.101563811713,3.922693708245E-02,
    5.10001E-02));
#2886 = CARTESIAN_POINT('',(-0.101563811713,3.922693708245E-02,
    5.00001E-02));
#2887 = CARTESIAN_POINT('',(-9.791512443463E-02,4.02811924391E-02,
    5.10001E-02));
#2888 = CARTESIAN_POINT('',(-9.791512443463E-02,4.02811924391E-02,
    5.00001E-02));
#2889 = CARTESIAN_POINT('',(-9.40619870247E-02,4.10129525328E-02,
    5.10001E-02));
#2890 = CARTESIAN_POINT('',(-9.40619870247E-02,4.10129525328E-02,
    5.00001E-02));
#2891 = CARTESIAN_POINT('',(-8.999595294117E-02,4.145837951057E-02,
    5.10001E-02));
#2892 = CARTESIAN_POINT('',(-8.999595294117E-02,4.145837951057E-02,
    5.00001E-02));
#2893 = CARTESIAN_POINT('',(-8.721733539074E-02,4.151555367649E-02,
    5.10001E-02));
#2894 = CARTESIAN_POINT('',(-8.721733539074E-02,4.151555367649E-02,
    5.00001E-02));
#2895 = CARTESIAN_POINT('',(-8.57934077701E-02,4.15448530934E-02,
    5.10001E-02));
#2896 = CARTESIAN_POINT('',(-8.57934077701E-02,4.15448530934E-02,
    5.00001E-02));
#2897 = ADVANCED_FACE('',(#2898),#2931,.T.);
#2898 = FACE_BOUND('',#2899,.T.);
#2899 = EDGE_LOOP('',(#2900,#2924,#2929,#2930));
#2900 = ORIENTED_EDGE('',*,*,#2901,.F.);
#2901 = EDGE_CURVE('',#2902,#2829,#2904,.T.);
#2902 = VERTEX_POINT('',#2903);
#2903 = CARTESIAN_POINT('',(-8.524081630669E-02,-3.650392739441E-02,
    5.00001E-02));
#2904 = B_SPLINE_CURVE_WITH_KNOTS('',3,(#2905,#2906,#2907,#2908,#2909,
    #2910,#2911,#2912,#2913,#2914,#2915,#2916,#2917,#2918,#2919,#2920,
    #2921,#2922,#2923),.UNSPECIFIED.,.F.,.F.,(4,1,1,1,1,1,1,1,1,1,1,1,1,
    1,1,1,4),(0.,7.082657255516E-02,0.13816903328,0.202475331534,
    0.263973754414,0.323380320598,0.381797622713,0.439390074519,
    0.496902724546,0.554662169609,0.612741878492,0.671538836391,
    0.73165572209,0.794297811614,0.859482204979,0.927681325453,1.),
  .UNSPECIFIED.);
#2905 = CARTESIAN_POINT('',(-8.524081630669E-02,-3.650392739441E-02,
    5.00001E-02));
#2906 = CARTESIAN_POINT('',(-8.674757318384E-02,-3.647135650273E-02,
    5.00001E-02));
#2907 = CARTESIAN_POINT('',(-8.968696631828E-02,-3.640781695177E-02,
    5.00001E-02));
#2908 = CARTESIAN_POINT('',(-9.397062197273E-02,-3.590323679047E-02,
    5.00001E-02));
#2909 = CARTESIAN_POINT('',(-9.800230848692E-02,-3.509297733883E-02,
    5.00001E-02));
#2910 = CARTESIAN_POINT('',(-0.10178255975,-3.395792785626E-02,
    5.00001E-02));
#2911 = CARTESIAN_POINT('',(-0.105294998448,-3.245336578535E-02,
    5.00001E-02));
#2912 = CARTESIAN_POINT('',(-0.108567959741,-3.064780593772E-02,
    5.00001E-02));
#2913 = CARTESIAN_POINT('',(-0.111578962933,-2.849922401646E-02,
    5.00001E-02));
#2914 = CARTESIAN_POINT('',(-0.114315802418,-2.603171794525E-02,
    5.00001E-02));
#2915 = CARTESIAN_POINT('',(-0.116755276807,-2.325757487338E-02,
    5.00001E-02));
#2916 = CARTESIAN_POINT('',(-0.118907513394,-2.022019053757E-02,
    5.00001E-02));
#2917 = CARTESIAN_POINT('',(-0.12069566441,-1.689826098845E-02,
    5.00001E-02));
#2918 = CARTESIAN_POINT('',(-0.122176413431,-1.332473205395E-02,
    5.00001E-02));
#2919 = CARTESIAN_POINT('',(-0.123307915314,-9.483856043713E-03,
    5.00001E-02));
#2920 = CARTESIAN_POINT('',(-0.12412814305,-5.391019721569E-03,
    5.00001E-02));
#2921 = CARTESIAN_POINT('',(-0.124601899855,-1.034875858625E-03,
    5.00001E-02));
#2922 = CARTESIAN_POINT('',(-0.124668957144,1.954007479583E-03,
    5.00001E-02));
#2923 = CARTESIAN_POINT('',(-0.124703468746,3.492261629982E-03,
    5.00001E-02));
#2924 = ORIENTED_EDGE('',*,*,#2925,.F.);
#2925 = EDGE_CURVE('',#2743,#2902,#2926,.T.);
#2926 = B_SPLINE_CURVE_WITH_KNOTS('',1,(#2927,#2928),.UNSPECIFIED.,.F.,
  .F.,(2,2),(-0.,1.E-03),.PIECEWISE_BEZIER_KNOTS.);
#2927 = CARTESIAN_POINT('',(-8.524081630669E-02,-3.650392739441E-02,
    5.10001E-02));
#2928 = CARTESIAN_POINT('',(-8.524081630669E-02,-3.650392739441E-02,
    5.00001E-02));
#2929 = ORIENTED_EDGE('',*,*,#2742,.T.);
#2930 = ORIENTED_EDGE('',*,*,#2852,.T.);
#2931 = B_SPLINE_SURFACE_WITH_KNOTS('',3,1,(
    (#2932,#2933)
    ,(#2934,#2935)
    ,(#2936,#2937)
    ,(#2938,#2939)
    ,(#2940,#2941)
    ,(#2942,#2943)
    ,(#2944,#2945)
    ,(#2946,#2947)
    ,(#2948,#2949)
    ,(#2950,#2951)
    ,(#2952,#2953)
    ,(#2954,#2955)
    ,(#2956,#2957)
    ,(#2958,#2959)
    ,(#2960,#2961)
    ,(#2962,#2963)
    ,(#2964,#2965)
    ,(#2966,#2967)
    ,(#2968,#2969
    )),.UNSPECIFIED.,.F.,.F.,.F.,(4,1,1,1,1,1,1,1,1,1,1,1,1,1,1,1,4),(2,
    2),(0.,7.082657255516E-02,0.13816903328,0.202475331534,
    0.263973754414,0.323380320598,0.381797622713,0.439390074519,
    0.496902724546,0.554662169609,0.612741878492,0.671538836391,
    0.73165572209,0.794297811614,0.859482204979,0.927681325453,1.),(0.,
    1.),.UNSPECIFIED.);
#2932 = CARTESIAN_POINT('',(-8.524081630669E-02,-3.650392739441E-02,
    5.10001E-02));
#2933 = CARTESIAN_POINT('',(-8.524081630669E-02,-3.650392739441E-02,
    5.00001E-02));
#2934 = CARTESIAN_POINT('',(-8.674757318384E-02,-3.647135650273E-02,
    5.10001E-02));
#2935 = CARTESIAN_POINT('',(-8.674757318384E-02,-3.647135650273E-02,
    5.00001E-02));
#2936 = CARTESIAN_POINT('',(-8.968696631828E-02,-3.640781695177E-02,
    5.10001E-02));
#2937 = CARTESIAN_POINT('',(-8.968696631828E-02,-3.640781695177E-02,
    5.00001E-02));
#2938 = CARTESIAN_POINT('',(-9.397062197273E-02,-3.590323679047E-02,
    5.10001E-02));
#2939 = CARTESIAN_POINT('',(-9.397062197273E-02,-3.590323679047E-02,
    5.00001E-02));
#2940 = CARTESIAN_POINT('',(-9.800230848692E-02,-3.509297733883E-02,
    5.10001E-02));
#2941 = CARTESIAN_POINT('',(-9.800230848692E-02,-3.509297733883E-02,
    5.00001E-02));
#2942 = CARTESIAN_POINT('',(-0.10178255975,-3.395792785626E-02,
    5.10001E-02));
#2943 = CARTESIAN_POINT('',(-0.10178255975,-3.395792785626E-02,
    5.00001E-02));
#2944 = CARTESIAN_POINT('',(-0.105294998448,-3.245336578535E-02,
    5.10001E-02));
#2945 = CARTESIAN_POINT('',(-0.105294998448,-3.245336578535E-02,
    5.00001E-02));
#2946 = CARTESIAN_POINT('',(-0.108567959741,-3.064780593772E-02,
    5.10001E-02));
#2947 = CARTESIAN_POINT('',(-0.108567959741,-3.064780593772E-02,
    5.00001E-02));
#2948 = CARTESIAN_POINT('',(-0.111578962933,-2.849922401646E-02,
    5.10001E-02));
#2949 = CARTESIAN_POINT('',(-0.111578962933,-2.849922401646E-02,
    5.00001E-02));
#2950 = CARTESIAN_POINT('',(-0.114315802418,-2.603171794525E-02,
    5.10001E-02));
#2951 = CARTESIAN_POINT('',(-0.114315802418,-2.603171794525E-02,
    5.00001E-02));
#2952 = CARTESIAN_POINT('',(-0.116755276807,-2.325757487338E-02,
    5.10001E-02));
#2953 = CARTESIAN_POINT('',(-0.116755276807,-2.325757487338E-02,
    5.00001E-02));
#2954 = CARTESIAN_POINT('',(-0.118907513394,-2.022019053757E-02,
    5.10001E-02));
#2955 = CARTESIAN_POINT('',(-0.118907513394,-2.022019053757E-02,
    5.00001E-02));
#2956 = CARTESIAN_POINT('',(-0.12069566441,-1.689826098845E-02,
    5.10001E-02));
#2957 = CARTESIAN_POINT('',(-0.12069566441,-1.689826098845E-02,
    5.00001E-02));
#2958 = CARTESIAN_POINT('',(-0.122176413431,-1.332473205395E-02,
    5.10001E-02));
#2959 = CARTESIAN_POINT('',(-0.122176413431,-1.332473205395E-02,
    5.00001E-02));
#2960 = CARTESIAN_POINT('',(-0.123307915314,-9.483856043713E-03,
    5.10001E-02));
#2961 = CARTESIAN_POINT('',(-0.123307915314,-9.483856043713E-03,
    5.00001E-02));
#2962 = CARTESIAN_POINT('',(-0.12412814305,-5.391019721569E-03,
    5.10001E-02));
#2963 = CARTESIAN_POINT('',(-0.12412814305,-5.391019721569E-03,
    5.00001E-02));
#2964 = CARTESIAN_POINT('',(-0.124601899855,-1.034875858625E-03,
    5.10001E-02));
#2965 = CARTESIAN_POINT('',(-0.124601899855,-1.034875858625E-03,
    5.00001E-02));
#2966 = CARTESIAN_POINT('',(-0.124668957144,1.954007479583E-03,
    5.10001E-02));
#2967 = CARTESIAN_POINT('',(-0.124668957144,1.954007479583E-03,
    5.00001E-02));
#2968 = CARTESIAN_POINT('',(-0.124703468746,3.492261629982E-03,
    5.10001E-02));
#2969 = CARTESIAN_POINT('',(-0.124703468746,3.492261629982E-03,
    5.00001E-02));
#2970 = ADVANCED_FACE('',(#2971),#2987,.T.);
#2971 = FACE_BOUND('',#2972,.T.);
#2972 = EDGE_LOOP('',(#2973,#2980,#2985,#2986));
#2973 = ORIENTED_EDGE('',*,*,#2974,.F.);
#2974 = EDGE_CURVE('',#2975,#2902,#2977,.T.);
#2975 = VERTEX_POINT('',#2976);
#2976 = CARTESIAN_POINT('',(-7.104493216034E-02,-3.650392739441E-02,
    5.00001E-02));
#2977 = B_SPLINE_CURVE_WITH_KNOTS('',1,(#2978,#2979),.UNSPECIFIED.,.F.,
  .F.,(2,2),(0.,1.419588414634E-02),.PIECEWISE_BEZIER_KNOTS.);
#2978 = CARTESIAN_POINT('',(-7.104493216034E-02,-3.650392739441E-02,
    5.00001E-02));
#2979 = CARTESIAN_POINT('',(-8.524081630669E-02,-3.650392739441E-02,
    5.00001E-02));
#2980 = ORIENTED_EDGE('',*,*,#2981,.F.);
#2981 = EDGE_CURVE('',#2767,#2975,#2982,.T.);
#2982 = B_SPLINE_CURVE_WITH_KNOTS('',1,(#2983,#2984),.UNSPECIFIED.,.F.,
  .F.,(2,2),(1.365574320289E-13,1.E-03),.PIECEWISE_BEZIER_KNOTS.);
#2983 = CARTESIAN_POINT('',(-7.104493216034E-02,-3.650392739441E-02,
    5.100009999986E-02));
#2984 = CARTESIAN_POINT('',(-7.104493216034E-02,-3.650392739441E-02,
    5.00001E-02));
#2985 = ORIENTED_EDGE('',*,*,#2766,.T.);
#2986 = ORIENTED_EDGE('',*,*,#2925,.T.);
#2987 = B_SPLINE_SURFACE_WITH_KNOTS('',1,1,(
    (#2988,#2989)
    ,(#2990,#2991)),.UNSPECIFIED.,.F.,.F.,.F.,(2,2),(2,2),(0.,1.E-03),(
    -1.419588414634E-02,0.),.PIECEWISE_BEZIER_KNOTS.);
#2988 = CARTESIAN_POINT('',(-8.524081630669E-02,-3.650392739441E-02,
    5.10001E-02));
#2989 = CARTESIAN_POINT('',(-7.104493216034E-02,-3.650392739441E-02,
    5.10001E-02));
#2990 = CARTESIAN_POINT('',(-8.524081630669E-02,-3.650392739441E-02,
    5.00001E-02));
#2991 = CARTESIAN_POINT('',(-7.104493216034E-02,-3.650392739441E-02,
    5.00001E-02));
#2992 = ADVANCED_FACE('',(#2993),#3003,.T.);
#2993 = FACE_BOUND('',#2994,.T.);
#2994 = EDGE_LOOP('',(#2995,#3000,#3001,#3002));
#2995 = ORIENTED_EDGE('',*,*,#2996,.F.);
#2996 = EDGE_CURVE('',#2803,#2975,#2997,.T.);
#2997 = B_SPLINE_CURVE_WITH_KNOTS('',1,(#2998,#2999),.UNSPECIFIED.,.F.,
  .F.,(2,2),(0.,7.80487804878E-02),.PIECEWISE_BEZIER_KNOTS.);
#2998 = CARTESIAN_POINT('',(-7.104493216034E-02,4.15448530934E-02,
    5.00001E-02));
#2999 = CARTESIAN_POINT('',(-7.104493216034E-02,-3.650392739441E-02,
    5.00001E-02));
#3000 = ORIENTED_EDGE('',*,*,#2815,.F.);
#3001 = ORIENTED_EDGE('',*,*,#2773,.T.);
#3002 = ORIENTED_EDGE('',*,*,#2981,.T.);
#3003 = B_SPLINE_SURFACE_WITH_KNOTS('',1,1,(
    (#3004,#3005)
    ,(#3006,#3007
    )),.UNSPECIFIED.,.F.,.F.,.F.,(2,2),(2,2),(0.,1.000000000002E-03),(
    -7.80487804878E-02,0.),.PIECEWISE_BEZIER_KNOTS.);
#3004 = CARTESIAN_POINT('',(-7.104493216034E-02,-3.650392739441E-02,
    5.10001E-02));
#3005 = CARTESIAN_POINT('',(-7.104493216034E-02,4.15448530934E-02,
    5.10001E-02));
#3006 = CARTESIAN_POINT('',(-7.104493216034E-02,-3.650392739441E-02,
    5.00001E-02));
#3007 = CARTESIAN_POINT('',(-7.104493216034E-02,4.15448530934E-02,
    5.00001E-02));
#3008 = ADVANCED_FACE('',(#3009),#3031,.T.);
#3009 = FACE_BOUND('',#3010,.T.);
#3010 = EDGE_LOOP('',(#3011,#3012,#3019,#3026));
#3011 = ORIENTED_EDGE('',*,*,#404,.F.);
#3012 = ORIENTED_EDGE('',*,*,#3013,.F.);
#3013 = EDGE_CURVE('',#3014,#405,#3016,.T.);
#3014 = VERTEX_POINT('',#3015);
#3015 = CARTESIAN_POINT('',(-3.811810289205E-02,-3.650392739441E-02,
    5.10001E-02));
#3016 = B_SPLINE_CURVE_WITH_KNOTS('',1,(#3017,#3018),.UNSPECIFIED.,.F.,
  .F.,(2,2),(-0.,1.E-03),.PIECEWISE_BEZIER_KNOTS.);
#3017 = CARTESIAN_POINT('',(-3.811810289205E-02,-3.650392739441E-02,
    5.10001E-02));
#3018 = CARTESIAN_POINT('',(-3.811810289205E-02,-3.650392739441E-02,
    5.00001E-02));
#3019 = ORIENTED_EDGE('',*,*,#3020,.T.);
#3020 = EDGE_CURVE('',#3014,#3021,#3023,.T.);
#3021 = VERTEX_POINT('',#3022);
#3022 = CARTESIAN_POINT('',(-3.811810289205E-02,-4.747953715051E-02,
    5.10001E-02));
#3023 = B_SPLINE_CURVE_WITH_KNOTS('',1,(#3024,#3025),.UNSPECIFIED.,.F.,
  .F.,(2,2),(0.,1.09756097561E-02),.PIECEWISE_BEZIER_KNOTS.);
#3024 = CARTESIAN_POINT('',(-3.811810289205E-02,-3.650392739441E-02,
    5.10001E-02));
#3025 = CARTESIAN_POINT('',(-3.811810289205E-02,-4.747953715051E-02,
    5.10001E-02));
#3026 = ORIENTED_EDGE('',*,*,#3027,.T.);
#3027 = EDGE_CURVE('',#3021,#407,#3028,.T.);
#3028 = B_SPLINE_CURVE_WITH_KNOTS('',1,(#3029,#3030),.UNSPECIFIED.,.F.,
  .F.,(2,2),(-0.,1.E-03),.PIECEWISE_BEZIER_KNOTS.);
#3029 = CARTESIAN_POINT('',(-3.811810289205E-02,-4.747953715051E-02,
    5.10001E-02));
#3030 = CARTESIAN_POINT('',(-3.811810289205E-02,-4.747953715051E-02,
    5.00001E-02));
#3031 = B_SPLINE_SURFACE_WITH_KNOTS('',1,1,(
    (#3032,#3033)
    ,(#3034,#3035
    )),.UNSPECIFIED.,.F.,.F.,.F.,(2,2),(2,2),(0.,1.E-03),(
    -1.09756097561E-02,0.),.PIECEWISE_BEZIER_KNOTS.);
#3032 = CARTESIAN_POINT('',(-3.811810289205E-02,-4.747953715051E-02,
    5.10001E-02));
#3033 = CARTESIAN_POINT('',(-3.811810289205E-02,-3.650392739441E-02,
    5.10001E-02));
#3034 = CARTESIAN_POINT('',(-3.811810289205E-02,-4.747953715051E-02,
    5.00001E-02));
#3035 = CARTESIAN_POINT('',(-3.811810289205E-02,-3.650392739441E-02,
    5.00001E-02));
#3036 = ADVANCED_FACE('',(#3037),#3053,.T.);
#3037 = FACE_BOUND('',#3038,.T.);
#3038 = EDGE_LOOP('',(#3039,#3040,#3041,#3048));
#3039 = ORIENTED_EDGE('',*,*,#413,.F.);
#3040 = ORIENTED_EDGE('',*,*,#3027,.F.);
#3041 = ORIENTED_EDGE('',*,*,#3042,.T.);
#3042 = EDGE_CURVE('',#3021,#3043,#3045,.T.);
#3043 = VERTEX_POINT('',#3044);
#3044 = CARTESIAN_POINT('',(1.554043369331E-02,-4.747953715051E-02,
    5.10001E-02));
#3045 = B_SPLINE_CURVE_WITH_KNOTS('',1,(#3046,#3047),.UNSPECIFIED.,.F.,
  .F.,(2,2),(0.,5.365853658537E-02),.PIECEWISE_BEZIER_KNOTS.);
#3046 = CARTESIAN_POINT('',(-3.811810289205E-02,-4.747953715051E-02,
    5.10001E-02));
#3047 = CARTESIAN_POINT('',(1.554043369331E-02,-4.747953715051E-02,
    5.10001E-02));
#3048 = ORIENTED_EDGE('',*,*,#3049,.T.);
#3049 = EDGE_CURVE('',#3043,#414,#3050,.T.);
#3050 = B_SPLINE_CURVE_WITH_KNOTS('',1,(#3051,#3052),.UNSPECIFIED.,.F.,
  .F.,(2,2),(-0.,1.E-03),.PIECEWISE_BEZIER_KNOTS.);
#3051 = CARTESIAN_POINT('',(1.554043369331E-02,-4.747953715051E-02,
    5.10001E-02));
#3052 = CARTESIAN_POINT('',(1.554043369331E-02,-4.747953715051E-02,
    5.00001E-02));
#3053 = B_SPLINE_SURFACE_WITH_KNOTS('',1,1,(
    (#3054,#3055)
    ,(#3056,#3057
    )),.UNSPECIFIED.,.F.,.F.,.F.,(2,2),(2,2),(-1.E-03,0.),(0.,
    5.365853658537E-02),.PIECEWISE_BEZIER_KNOTS.);
#3054 = CARTESIAN_POINT('',(-3.811810289205E-02,-4.747953715051E-02,
    5.00001E-02));
#3055 = CARTESIAN_POINT('',(1.554043369331E-02,-4.747953715051E-02,
    5.00001E-02));
#3056 = CARTESIAN_POINT('',(-3.811810289205E-02,-4.747953715051E-02,
    5.10001E-02));
#3057 = CARTESIAN_POINT('',(1.554043369331E-02,-4.747953715051E-02,
    5.10001E-02));
#3058 = ADVANCED_FACE('',(#3059),#3075,.T.);
#3059 = FACE_BOUND('',#3060,.T.);
#3060 = EDGE_LOOP('',(#3061,#3062,#3063,#3070));
#3061 = ORIENTED_EDGE('',*,*,#420,.F.);
#3062 = ORIENTED_EDGE('',*,*,#3049,.F.);
#3063 = ORIENTED_EDGE('',*,*,#3064,.T.);
#3064 = EDGE_CURVE('',#3043,#3065,#3067,.T.);
#3065 = VERTEX_POINT('',#3066);
#3066 = CARTESIAN_POINT('',(1.554043369331E-02,5.252046284949E-02,
    5.10001E-02));
#3067 = B_SPLINE_CURVE_WITH_KNOTS('',1,(#3068,#3069),.UNSPECIFIED.,.F.,
  .F.,(2,2),(0.,0.1),.PIECEWISE_BEZIER_KNOTS.);
#3068 = CARTESIAN_POINT('',(1.554043369331E-02,-4.747953715051E-02,
    5.10001E-02));
#3069 = CARTESIAN_POINT('',(1.554043369331E-02,5.252046284949E-02,
    5.10001E-02));
#3070 = ORIENTED_EDGE('',*,*,#3071,.T.);
#3071 = EDGE_CURVE('',#3065,#421,#3072,.T.);
#3072 = B_SPLINE_CURVE_WITH_KNOTS('',1,(#3073,#3074),.UNSPECIFIED.,.F.,
  .F.,(2,2),(-0.,1.E-03),.PIECEWISE_BEZIER_KNOTS.);
#3073 = CARTESIAN_POINT('',(1.554043369331E-02,5.252046284949E-02,
    5.10001E-02));
#3074 = CARTESIAN_POINT('',(1.554043369331E-02,5.252046284949E-02,
    5.00001E-02));
#3075 = B_SPLINE_SURFACE_WITH_KNOTS('',1,1,(
    (#3076,#3077)
    ,(#3078,#3079
    )),.UNSPECIFIED.,.F.,.F.,.F.,(2,2),(2,2),(-1.E-03,0.),(0.,0.1),
  .PIECEWISE_BEZIER_KNOTS.);
#3076 = CARTESIAN_POINT('',(1.554043369331E-02,-4.747953715051E-02,
    5.00001E-02));
#3077 = CARTESIAN_POINT('',(1.554043369331E-02,5.252046284949E-02,
    5.00001E-02));
#3078 = CARTESIAN_POINT('',(1.554043369331E-02,-4.747953715051E-02,
    5.10001E-02));
#3079 = CARTESIAN_POINT('',(1.554043369331E-02,5.252046284949E-02,
    5.10001E-02));
#3080 = ADVANCED_FACE('',(#3081),#3097,.T.);
#3081 = FACE_BOUND('',#3082,.T.);
#3082 = EDGE_LOOP('',(#3083,#3084,#3085,#3092));
#3083 = ORIENTED_EDGE('',*,*,#427,.F.);
#3084 = ORIENTED_EDGE('',*,*,#3071,.F.);
#3085 = ORIENTED_EDGE('',*,*,#3086,.T.);
#3086 = EDGE_CURVE('',#3065,#3087,#3089,.T.);
#3087 = VERTEX_POINT('',#3088);
#3088 = CARTESIAN_POINT('',(-3.567907850181E-02,5.252046284949E-02,
    5.10001E-02));
#3089 = B_SPLINE_CURVE_WITH_KNOTS('',1,(#3090,#3091),.UNSPECIFIED.,.F.,
  .F.,(2,2),(0.,5.121951219512E-02),.PIECEWISE_BEZIER_KNOTS.);
#3090 = CARTESIAN_POINT('',(1.554043369331E-02,5.252046284949E-02,
    5.10001E-02));
#3091 = CARTESIAN_POINT('',(-3.567907850181E-02,5.252046284949E-02,
    5.10001E-02));
#3092 = ORIENTED_EDGE('',*,*,#3093,.T.);
#3093 = EDGE_CURVE('',#3087,#428,#3094,.T.);
#3094 = B_SPLINE_CURVE_WITH_KNOTS('',1,(#3095,#3096),.UNSPECIFIED.,.F.,
  .F.,(2,2),(-0.,1.E-03),.PIECEWISE_BEZIER_KNOTS.);
#3095 = CARTESIAN_POINT('',(-3.567907850181E-02,5.252046284949E-02,
    5.10001E-02));
#3096 = CARTESIAN_POINT('',(-3.567907850181E-02,5.252046284949E-02,
    5.00001E-02));
#3097 = B_SPLINE_SURFACE_WITH_KNOTS('',1,1,(
    (#3098,#3099)
    ,(#3100,#3101)),.UNSPECIFIED.,.F.,.F.,.F.,(2,2),(2,2),(0.,1.E-03),(
    -5.121951219512E-02,0.),.PIECEWISE_BEZIER_KNOTS.);
#3098 = CARTESIAN_POINT('',(-3.567907850181E-02,5.252046284949E-02,
    5.10001E-02));
#3099 = CARTESIAN_POINT('',(1.554043369331E-02,5.252046284949E-02,
    5.10001E-02));
#3100 = CARTESIAN_POINT('',(-3.567907850181E-02,5.252046284949E-02,
    5.00001E-02));
#3101 = CARTESIAN_POINT('',(1.554043369331E-02,5.252046284949E-02,
    5.00001E-02));
#3102 = ADVANCED_FACE('',(#3103),#3119,.T.);
#3103 = FACE_BOUND('',#3104,.T.);
#3104 = EDGE_LOOP('',(#3105,#3106,#3107,#3114));
#3105 = ORIENTED_EDGE('',*,*,#434,.F.);
#3106 = ORIENTED_EDGE('',*,*,#3093,.F.);
#3107 = ORIENTED_EDGE('',*,*,#3108,.T.);
#3108 = EDGE_CURVE('',#3087,#3109,#3111,.T.);
#3109 = VERTEX_POINT('',#3110);
#3110 = CARTESIAN_POINT('',(-3.567907850181E-02,4.15448530934E-02,
    5.10001E-02));
#3111 = B_SPLINE_CURVE_WITH_KNOTS('',1,(#3112,#3113),.UNSPECIFIED.,.F.,
  .F.,(2,2),(0.,1.09756097561E-02),.PIECEWISE_BEZIER_KNOTS.);
#3112 = CARTESIAN_POINT('',(-3.567907850181E-02,5.252046284949E-02,
    5.10001E-02));
#3113 = CARTESIAN_POINT('',(-3.567907850181E-02,4.15448530934E-02,
    5.10001E-02));
#3114 = ORIENTED_EDGE('',*,*,#3115,.T.);
#3115 = EDGE_CURVE('',#3109,#435,#3116,.T.);
#3116 = B_SPLINE_CURVE_WITH_KNOTS('',1,(#3117,#3118),.UNSPECIFIED.,.F.,
  .F.,(2,2),(-0.,1.E-03),.PIECEWISE_BEZIER_KNOTS.);
#3117 = CARTESIAN_POINT('',(-3.567907850181E-02,4.15448530934E-02,
    5.10001E-02));
#3118 = CARTESIAN_POINT('',(-3.567907850181E-02,4.15448530934E-02,
    5.00001E-02));
#3119 = B_SPLINE_SURFACE_WITH_KNOTS('',1,1,(
    (#3120,#3121)
    ,(#3122,#3123
    )),.UNSPECIFIED.,.F.,.F.,.F.,(2,2),(2,2),(0.,1.E-03),(
    -1.09756097561E-02,0.),.PIECEWISE_BEZIER_KNOTS.);
#3120 = CARTESIAN_POINT('',(-3.567907850181E-02,4.15448530934E-02,
    5.10001E-02));
#3121 = CARTESIAN_POINT('',(-3.567907850181E-02,5.252046284949E-02,
    5.10001E-02));
#3122 = CARTESIAN_POINT('',(-3.567907850181E-02,4.15448530934E-02,
    5.00001E-02));
#3123 = CARTESIAN_POINT('',(-3.567907850181E-02,5.252046284949E-02,
    5.00001E-02));
#3124 = ADVANCED_FACE('',(#3125),#3141,.T.);
#3125 = FACE_BOUND('',#3126,.T.);
#3126 = EDGE_LOOP('',(#3127,#3128,#3129,#3136));
#3127 = ORIENTED_EDGE('',*,*,#441,.F.);
#3128 = ORIENTED_EDGE('',*,*,#3115,.F.);
#3129 = ORIENTED_EDGE('',*,*,#3130,.T.);
#3130 = EDGE_CURVE('',#3109,#3131,#3133,.T.);
#3131 = VERTEX_POINT('',#3132);
#3132 = CARTESIAN_POINT('',(2.125799546973E-03,4.15448530934E-02,
    5.10001E-02));
#3133 = B_SPLINE_CURVE_WITH_KNOTS('',1,(#3134,#3135),.UNSPECIFIED.,.F.,
  .F.,(2,2),(0.,3.780487804878E-02),.PIECEWISE_BEZIER_KNOTS.);
#3134 = CARTESIAN_POINT('',(-3.567907850181E-02,4.15448530934E-02,
    5.10001E-02));
#3135 = CARTESIAN_POINT('',(2.125799546973E-03,4.15448530934E-02,
    5.10001E-02));
#3136 = ORIENTED_EDGE('',*,*,#3137,.T.);
#3137 = EDGE_CURVE('',#3131,#442,#3138,.T.);
#3138 = B_SPLINE_CURVE_WITH_KNOTS('',1,(#3139,#3140),.UNSPECIFIED.,.F.,
  .F.,(2,2),(-0.,1.E-03),.PIECEWISE_BEZIER_KNOTS.);
#3139 = CARTESIAN_POINT('',(2.125799546973E-03,4.15448530934E-02,
    5.10001E-02));
#3140 = CARTESIAN_POINT('',(2.125799546973E-03,4.15448530934E-02,
    5.00001E-02));
#3141 = B_SPLINE_SURFACE_WITH_KNOTS('',1,1,(
    (#3142,#3143)
    ,(#3144,#3145
    )),.UNSPECIFIED.,.F.,.F.,.F.,(2,2),(2,2),(-1.E-03,0.),(0.,
    3.780487804878E-02),.PIECEWISE_BEZIER_KNOTS.);
#3142 = CARTESIAN_POINT('',(-3.567907850181E-02,4.15448530934E-02,
    5.00001E-02));
#3143 = CARTESIAN_POINT('',(2.125799546973E-03,4.15448530934E-02,
    5.00001E-02));
#3144 = CARTESIAN_POINT('',(-3.567907850181E-02,4.15448530934E-02,
    5.10001E-02));
#3145 = CARTESIAN_POINT('',(2.125799546973E-03,4.15448530934E-02,
    5.10001E-02));
#3146 = ADVANCED_FACE('',(#3147),#3163,.T.);
#3147 = FACE_BOUND('',#3148,.T.);
#3148 = EDGE_LOOP('',(#3149,#3150,#3151,#3158));
#3149 = ORIENTED_EDGE('',*,*,#448,.F.);
#3150 = ORIENTED_EDGE('',*,*,#3137,.F.);
#3151 = ORIENTED_EDGE('',*,*,#3152,.T.);
#3152 = EDGE_CURVE('',#3131,#3153,#3155,.T.);
#3153 = VERTEX_POINT('',#3154);
#3154 = CARTESIAN_POINT('',(2.125799546973E-03,8.618023825104E-03,
    5.10001E-02));
#3155 = B_SPLINE_CURVE_WITH_KNOTS('',1,(#3156,#3157),.UNSPECIFIED.,.F.,
  .F.,(2,2),(0.,3.292682926829E-02),.PIECEWISE_BEZIER_KNOTS.);
#3156 = CARTESIAN_POINT('',(2.125799546973E-03,4.15448530934E-02,
    5.10001E-02));
#3157 = CARTESIAN_POINT('',(2.125799546973E-03,8.618023825104E-03,
    5.10001E-02));
#3158 = ORIENTED_EDGE('',*,*,#3159,.T.);
#3159 = EDGE_CURVE('',#3153,#449,#3160,.T.);
#3160 = B_SPLINE_CURVE_WITH_KNOTS('',1,(#3161,#3162),.UNSPECIFIED.,.F.,
  .F.,(2,2),(-0.,1.E-03),.PIECEWISE_BEZIER_KNOTS.);
#3161 = CARTESIAN_POINT('',(2.125799546973E-03,8.618023825104E-03,
    5.10001E-02));
#3162 = CARTESIAN_POINT('',(2.125799546973E-03,8.618023825104E-03,
    5.00001E-02));
#3163 = B_SPLINE_SURFACE_WITH_KNOTS('',1,1,(
    (#3164,#3165)
    ,(#3166,#3167)),.UNSPECIFIED.,.F.,.F.,.F.,(2,2),(2,2),(0.,1.E-03),(
    -3.292682926829E-02,0.),.PIECEWISE_BEZIER_KNOTS.);
#3164 = CARTESIAN_POINT('',(2.125799546973E-03,8.618023825104E-03,
    5.10001E-02));
#3165 = CARTESIAN_POINT('',(2.125799546973E-03,4.15448530934E-02,
    5.10001E-02));
#3166 = CARTESIAN_POINT('',(2.125799546973E-03,8.618023825104E-03,
    5.00001E-02));
#3167 = CARTESIAN_POINT('',(2.125799546973E-03,4.15448530934E-02,
    5.00001E-02));
#3168 = ADVANCED_FACE('',(#3169),#3185,.T.);
#3169 = FACE_BOUND('',#3170,.T.);
#3170 = EDGE_LOOP('',(#3171,#3172,#3173,#3180));
#3171 = ORIENTED_EDGE('',*,*,#455,.F.);
#3172 = ORIENTED_EDGE('',*,*,#3159,.F.);
#3173 = ORIENTED_EDGE('',*,*,#3174,.T.);
#3174 = EDGE_CURVE('',#3153,#3175,#3177,.T.);
#3175 = VERTEX_POINT('',#3176);
#3176 = CARTESIAN_POINT('',(-3.324005411156E-02,8.618023825104E-03,
    5.10001E-02));
#3177 = B_SPLINE_CURVE_WITH_KNOTS('',1,(#3178,#3179),.UNSPECIFIED.,.F.,
  .F.,(2,2),(0.,3.536585365854E-02),.PIECEWISE_BEZIER_KNOTS.);
#3178 = CARTESIAN_POINT('',(2.125799546973E-03,8.618023825104E-03,
    5.10001E-02));
#3179 = CARTESIAN_POINT('',(-3.324005411156E-02,8.618023825104E-03,
    5.10001E-02));
#3180 = ORIENTED_EDGE('',*,*,#3181,.T.);
#3181 = EDGE_CURVE('',#3175,#456,#3182,.T.);
#3182 = B_SPLINE_CURVE_WITH_KNOTS('',1,(#3183,#3184),.UNSPECIFIED.,.F.,
  .F.,(2,2),(-0.,1.E-03),.PIECEWISE_BEZIER_KNOTS.);
#3183 = CARTESIAN_POINT('',(-3.324005411156E-02,8.618023825104E-03,
    5.10001E-02));
#3184 = CARTESIAN_POINT('',(-3.324005411156E-02,8.618023825104E-03,
    5.00001E-02));
#3185 = B_SPLINE_SURFACE_WITH_KNOTS('',1,1,(
    (#3186,#3187)
    ,(#3188,#3189)),.UNSPECIFIED.,.F.,.F.,.F.,(2,2),(2,2),(0.,1.E-03),(
    -3.536585365854E-02,0.),.PIECEWISE_BEZIER_KNOTS.);
#3186 = CARTESIAN_POINT('',(-3.324005411156E-02,8.618023825104E-03,
    5.10001E-02));
#3187 = CARTESIAN_POINT('',(2.125799546973E-03,8.618023825104E-03,
    5.10001E-02));
#3188 = CARTESIAN_POINT('',(-3.324005411156E-02,8.618023825104E-03,
    5.00001E-02));
#3189 = CARTESIAN_POINT('',(2.125799546973E-03,8.618023825104E-03,
    5.00001E-02));
#3190 = ADVANCED_FACE('',(#3191),#3207,.T.);
#3191 = FACE_BOUND('',#3192,.T.);
#3192 = EDGE_LOOP('',(#3193,#3194,#3195,#3202));
#3193 = ORIENTED_EDGE('',*,*,#462,.F.);
#3194 = ORIENTED_EDGE('',*,*,#3181,.F.);
#3195 = ORIENTED_EDGE('',*,*,#3196,.T.);
#3196 = EDGE_CURVE('',#3175,#3197,#3199,.T.);
#3197 = VERTEX_POINT('',#3198);
#3198 = CARTESIAN_POINT('',(-3.324005411156E-02,-2.357585930994E-03,
    5.10001E-02));
#3199 = B_SPLINE_CURVE_WITH_KNOTS('',1,(#3200,#3201),.UNSPECIFIED.,.F.,
  .F.,(2,2),(0.,1.09756097561E-02),.PIECEWISE_BEZIER_KNOTS.);
#3200 = CARTESIAN_POINT('',(-3.324005411156E-02,8.618023825104E-03,
    5.10001E-02));
#3201 = CARTESIAN_POINT('',(-3.324005411156E-02,-2.357585930994E-03,
    5.10001E-02));
#3202 = ORIENTED_EDGE('',*,*,#3203,.T.);
#3203 = EDGE_CURVE('',#3197,#463,#3204,.T.);
#3204 = B_SPLINE_CURVE_WITH_KNOTS('',1,(#3205,#3206),.UNSPECIFIED.,.F.,
  .F.,(2,2),(-0.,1.E-03),.PIECEWISE_BEZIER_KNOTS.);
#3205 = CARTESIAN_POINT('',(-3.324005411156E-02,-2.357585930994E-03,
    5.10001E-02));
#3206 = CARTESIAN_POINT('',(-3.324005411156E-02,-2.357585930994E-03,
    5.00001E-02));
#3207 = B_SPLINE_SURFACE_WITH_KNOTS('',1,1,(
    (#3208,#3209)
    ,(#3210,#3211
    )),.UNSPECIFIED.,.F.,.F.,.F.,(2,2),(2,2),(0.,1.E-03),(
    -1.09756097561E-02,0.),.PIECEWISE_BEZIER_KNOTS.);
#3208 = CARTESIAN_POINT('',(-3.324005411156E-02,-2.357585930994E-03,
    5.10001E-02));
#3209 = CARTESIAN_POINT('',(-3.324005411156E-02,8.618023825104E-03,
    5.10001E-02));
#3210 = CARTESIAN_POINT('',(-3.324005411156E-02,-2.357585930994E-03,
    5.00001E-02));
#3211 = CARTESIAN_POINT('',(-3.324005411156E-02,8.618023825104E-03,
    5.00001E-02));
#3212 = ADVANCED_FACE('',(#3213),#3229,.T.);
#3213 = FACE_BOUND('',#3214,.T.);
#3214 = EDGE_LOOP('',(#3215,#3216,#3217,#3224));
#3215 = ORIENTED_EDGE('',*,*,#469,.F.);
#3216 = ORIENTED_EDGE('',*,*,#3203,.F.);
#3217 = ORIENTED_EDGE('',*,*,#3218,.T.);
#3218 = EDGE_CURVE('',#3197,#3219,#3221,.T.);
#3219 = VERTEX_POINT('',#3220);
#3220 = CARTESIAN_POINT('',(2.125799546973E-03,-2.357585930994E-03,
    5.10001E-02));
#3221 = B_SPLINE_CURVE_WITH_KNOTS('',1,(#3222,#3223),.UNSPECIFIED.,.F.,
  .F.,(2,2),(0.,3.536585365854E-02),.PIECEWISE_BEZIER_KNOTS.);
#3222 = CARTESIAN_POINT('',(-3.324005411156E-02,-2.357585930994E-03,
    5.10001E-02));
#3223 = CARTESIAN_POINT('',(2.125799546973E-03,-2.357585930994E-03,
    5.10001E-02));
#3224 = ORIENTED_EDGE('',*,*,#3225,.T.);
#3225 = EDGE_CURVE('',#3219,#470,#3226,.T.);
#3226 = B_SPLINE_CURVE_WITH_KNOTS('',1,(#3227,#3228),.UNSPECIFIED.,.F.,
  .F.,(2,2),(-0.,1.E-03),.PIECEWISE_BEZIER_KNOTS.);
#3227 = CARTESIAN_POINT('',(2.125799546973E-03,-2.357585930994E-03,
    5.10001E-02));
#3228 = CARTESIAN_POINT('',(2.125799546973E-03,-2.357585930994E-03,
    5.00001E-02));
#3229 = B_SPLINE_SURFACE_WITH_KNOTS('',1,1,(
    (#3230,#3231)
    ,(#3232,#3233
    )),.UNSPECIFIED.,.F.,.F.,.F.,(2,2),(2,2),(-1.E-03,0.),(0.,
    3.536585365854E-02),.PIECEWISE_BEZIER_KNOTS.);
#3230 = CARTESIAN_POINT('',(-3.324005411156E-02,-2.357585930994E-03,
    5.00001E-02));
#3231 = CARTESIAN_POINT('',(2.125799546973E-03,-2.357585930994E-03,
    5.00001E-02));
#3232 = CARTESIAN_POINT('',(-3.324005411156E-02,-2.357585930994E-03,
    5.10001E-02));
#3233 = CARTESIAN_POINT('',(2.125799546973E-03,-2.357585930994E-03,
    5.10001E-02));
#3234 = ADVANCED_FACE('',(#3235),#3251,.T.);
#3235 = FACE_BOUND('',#3236,.T.);
#3236 = EDGE_LOOP('',(#3237,#3238,#3239,#3246));
#3237 = ORIENTED_EDGE('',*,*,#476,.F.);
#3238 = ORIENTED_EDGE('',*,*,#3225,.F.);
#3239 = ORIENTED_EDGE('',*,*,#3240,.T.);
#3240 = EDGE_CURVE('',#3219,#3241,#3243,.T.);
#3241 = VERTEX_POINT('',#3242);
#3242 = CARTESIAN_POINT('',(2.125799546973E-03,-3.650392739441E-02,
    5.10001E-02));
#3243 = B_SPLINE_CURVE_WITH_KNOTS('',1,(#3244,#3245),.UNSPECIFIED.,.F.,
  .F.,(2,2),(0.,3.414634146341E-02),.PIECEWISE_BEZIER_KNOTS.);
#3244 = CARTESIAN_POINT('',(2.125799546973E-03,-2.357585930994E-03,
    5.10001E-02));
#3245 = CARTESIAN_POINT('',(2.125799546973E-03,-3.650392739441E-02,
    5.10001E-02));
#3246 = ORIENTED_EDGE('',*,*,#3247,.T.);
#3247 = EDGE_CURVE('',#3241,#477,#3248,.T.);
#3248 = B_SPLINE_CURVE_WITH_KNOTS('',1,(#3249,#3250),.UNSPECIFIED.,.F.,
  .F.,(2,2),(-0.,1.E-03),.PIECEWISE_BEZIER_KNOTS.);
#3249 = CARTESIAN_POINT('',(2.125799546973E-03,-3.650392739441E-02,
    5.10001E-02));
#3250 = CARTESIAN_POINT('',(2.125799546973E-03,-3.650392739441E-02,
    5.00001E-02));
#3251 = B_SPLINE_SURFACE_WITH_KNOTS('',1,1,(
    (#3252,#3253)
    ,(#3254,#3255)),.UNSPECIFIED.,.F.,.F.,.F.,(2,2),(2,2),(0.,1.E-03),(
    -3.414634146341E-02,0.),.PIECEWISE_BEZIER_KNOTS.);
#3252 = CARTESIAN_POINT('',(2.125799546973E-03,-3.650392739441E-02,
    5.10001E-02));
#3253 = CARTESIAN_POINT('',(2.125799546973E-03,-2.357585930994E-03,
    5.10001E-02));
#3254 = CARTESIAN_POINT('',(2.125799546973E-03,-3.650392739441E-02,
    5.00001E-02));
#3255 = CARTESIAN_POINT('',(2.125799546973E-03,-2.357585930994E-03,
    5.00001E-02));
#3256 = ADVANCED_FACE('',(#3257),#3267,.T.);
#3257 = FACE_BOUND('',#3258,.T.);
#3258 = EDGE_LOOP('',(#3259,#3260,#3261,#3266));
#3259 = ORIENTED_EDGE('',*,*,#483,.F.);
#3260 = ORIENTED_EDGE('',*,*,#3247,.F.);
#3261 = ORIENTED_EDGE('',*,*,#3262,.T.);
#3262 = EDGE_CURVE('',#3241,#3014,#3263,.T.);
#3263 = B_SPLINE_CURVE_WITH_KNOTS('',1,(#3264,#3265),.UNSPECIFIED.,.F.,
  .F.,(2,2),(0.,4.024390243902E-02),.PIECEWISE_BEZIER_KNOTS.);
#3264 = CARTESIAN_POINT('',(2.125799546973E-03,-3.650392739441E-02,
    5.10001E-02));
#3265 = CARTESIAN_POINT('',(-3.811810289205E-02,-3.650392739441E-02,
    5.10001E-02));
#3266 = ORIENTED_EDGE('',*,*,#3013,.T.);
#3267 = B_SPLINE_SURFACE_WITH_KNOTS('',1,1,(
    (#3268,#3269)
    ,(#3270,#3271)),.UNSPECIFIED.,.F.,.F.,.F.,(2,2),(2,2),(0.,1.E-03),(
    -4.024390243902E-02,0.),.PIECEWISE_BEZIER_KNOTS.);
#3268 = CARTESIAN_POINT('',(-3.811810289205E-02,-3.650392739441E-02,
    5.10001E-02));
#3269 = CARTESIAN_POINT('',(2.125799546973E-03,-3.650392739441E-02,
    5.10001E-02));
#3270 = CARTESIAN_POINT('',(-3.811810289205E-02,-3.650392739441E-02,
    5.00001E-02));
#3271 = CARTESIAN_POINT('',(2.125799546973E-03,-3.650392739441E-02,
    5.00001E-02));
#3272 = ADVANCED_FACE('',(#3273),#3287,.F.);
#3273 = FACE_BOUND('',#3274,.T.);
#3274 = EDGE_LOOP('',(#3275,#3276,#3277,#3278,#3279,#3280,#3281,#3282,
    #3283,#3284,#3285,#3286));
#3275 = ORIENTED_EDGE('',*,*,#3020,.F.);
#3276 = ORIENTED_EDGE('',*,*,#3262,.F.);
#3277 = ORIENTED_EDGE('',*,*,#3240,.F.);
#3278 = ORIENTED_EDGE('',*,*,#3218,.F.);
#3279 = ORIENTED_EDGE('',*,*,#3196,.F.);
#3280 = ORIENTED_EDGE('',*,*,#3174,.F.);
#3281 = ORIENTED_EDGE('',*,*,#3152,.F.);
#3282 = ORIENTED_EDGE('',*,*,#3130,.F.);
#3283 = ORIENTED_EDGE('',*,*,#3108,.F.);
#3284 = ORIENTED_EDGE('',*,*,#3086,.F.);
#3285 = ORIENTED_EDGE('',*,*,#3064,.F.);
#3286 = ORIENTED_EDGE('',*,*,#3042,.F.);
#3287 = B_SPLINE_SURFACE_WITH_KNOTS('',1,1,(
    (#3288,#3289)
    ,(#3290,#3291
    )),.UNSPECIFIED.,.F.,.F.,.F.,(2,2),(2,2),(-3.811810289205E-02,
    1.554043369331E-02),(-4.747953715051E-02,5.252046284949E-02),
  .PIECEWISE_BEZIER_KNOTS.);
#3288 = CARTESIAN_POINT('',(-3.811810289205E-02,-4.747953715051E-02,
    5.10001E-02));
#3289 = CARTESIAN_POINT('',(-3.811810289205E-02,5.252046284949E-02,
    5.10001E-02));
#3290 = CARTESIAN_POINT('',(1.554043369331E-02,-4.747953715051E-02,
    5.10001E-02));
#3291 = CARTESIAN_POINT('',(1.554043369331E-02,5.252046284949E-02,
    5.10001E-02));
#3292 = ADVANCED_FACE('',(#3293),#3315,.T.);
#3293 = FACE_BOUND('',#3294,.T.);
#3294 = EDGE_LOOP('',(#3295,#3296,#3303,#3310));
#3295 = ORIENTED_EDGE('',*,*,#99,.F.);
#3296 = ORIENTED_EDGE('',*,*,#3297,.F.);
#3297 = EDGE_CURVE('',#3298,#100,#3300,.T.);
#3298 = VERTEX_POINT('',#3299);
#3299 = CARTESIAN_POINT('',(3.505262881527E-02,-3.132100056514E-02,
    5.10001E-02));
#3300 = B_SPLINE_CURVE_WITH_KNOTS('',1,(#3301,#3302),.UNSPECIFIED.,.F.,
  .F.,(2,2),(-0.,1.E-03),.PIECEWISE_BEZIER_KNOTS.);
#3301 = CARTESIAN_POINT('',(3.505262881527E-02,-3.132100056514E-02,
    5.10001E-02));
#3302 = CARTESIAN_POINT('',(3.505262881527E-02,-3.132100056514E-02,
    5.00001E-02));
#3303 = ORIENTED_EDGE('',*,*,#3304,.T.);
#3304 = EDGE_CURVE('',#3298,#3305,#3307,.T.);
#3305 = VERTEX_POINT('',#3306);
#3306 = CARTESIAN_POINT('',(3.505262881527E-02,-4.229661032124E-02,
    5.10001E-02));
#3307 = B_SPLINE_CURVE_WITH_KNOTS('',1,(#3308,#3309),.UNSPECIFIED.,.F.,
  .F.,(2,2),(0.,1.09756097561E-02),.PIECEWISE_BEZIER_KNOTS.);
#3308 = CARTESIAN_POINT('',(3.505262881527E-02,-3.132100056514E-02,
    5.10001E-02));
#3309 = CARTESIAN_POINT('',(3.505262881527E-02,-4.229661032124E-02,
    5.10001E-02));
#3310 = ORIENTED_EDGE('',*,*,#3311,.T.);
#3311 = EDGE_CURVE('',#3305,#102,#3312,.T.);
#3312 = B_SPLINE_CURVE_WITH_KNOTS('',1,(#3313,#3314),.UNSPECIFIED.,.F.,
  .F.,(2,2),(-0.,1.E-03),.PIECEWISE_BEZIER_KNOTS.);
#3313 = CARTESIAN_POINT('',(3.505262881527E-02,-4.229661032124E-02,
    5.10001E-02));
#3314 = CARTESIAN_POINT('',(3.505262881527E-02,-4.229661032124E-02,
    5.00001E-02));
#3315 = B_SPLINE_SURFACE_WITH_KNOTS('',1,1,(
    (#3316,#3317)
    ,(#3318,#3319
    )),.UNSPECIFIED.,.F.,.F.,.F.,(2,2),(2,2),(0.,1.E-03),(
    -1.09756097561E-02,0.),.PIECEWISE_BEZIER_KNOTS.);
#3316 = CARTESIAN_POINT('',(3.505262881527E-02,-4.229661032124E-02,
    5.10001E-02));
#3317 = CARTESIAN_POINT('',(3.505262881527E-02,-3.132100056514E-02,
    5.10001E-02));
#3318 = CARTESIAN_POINT('',(3.505262881527E-02,-4.229661032124E-02,
    5.00001E-02));
#3319 = CARTESIAN_POINT('',(3.505262881527E-02,-3.132100056514E-02,
    5.00001E-02));
#3320 = ADVANCED_FACE('',(#3321),#3346,.T.);
#3321 = FACE_BOUND('',#3322,.T.);
#3322 = EDGE_LOOP('',(#3323,#3324,#3325,#3341));
#3323 = ORIENTED_EDGE('',*,*,#108,.F.);
#3324 = ORIENTED_EDGE('',*,*,#3311,.F.);
#3325 = ORIENTED_EDGE('',*,*,#3326,.T.);
#3326 = EDGE_CURVE('',#3305,#3327,#3329,.T.);
#3327 = VERTEX_POINT('',#3328);
#3328 = CARTESIAN_POINT('',(6.25678727177E-02,-4.869904934563E-02,
    5.10001E-02));
#3329 = B_SPLINE_CURVE_WITH_KNOTS('',3,(#3330,#3331,#3332,#3333,#3334,
    #3335,#3336,#3337,#3338,#3339,#3340),.UNSPECIFIED.,.F.,.F.,(4,1,1,1,
    1,1,1,1,4),(0.,0.112448389909,0.226527675213,0.344401949326,
    0.465864972487,0.591659449352,0.722168487025,0.858606387555,1.),
  .UNSPECIFIED.);
#3330 = CARTESIAN_POINT('',(3.505262881527E-02,-4.229661032124E-02,
    5.10001E-02));
#3331 = CARTESIAN_POINT('',(3.599096789276E-02,-4.281453528823E-02,
    5.10001E-02));
#3332 = CARTESIAN_POINT('',(3.788125525001E-02,-4.385789694776E-02,
    5.10001E-02));
#3333 = CARTESIAN_POINT('',(4.090422169847E-02,-4.514530595898E-02,
    5.10001E-02));
#3334 = CARTESIAN_POINT('',(4.408511499076E-02,-4.625575682E-02,
    5.10001E-02));
#3335 = CARTESIAN_POINT('',(4.74517762387E-02,-4.714124177614E-02,
    5.10001E-02));
#3336 = CARTESIAN_POINT('',(5.098182486999E-02,-4.785288335105E-02,
    5.10001E-02));
#3337 = CARTESIAN_POINT('',(5.469396579353E-02,-4.833490368973E-02,
    5.10001E-02));
#3338 = CARTESIAN_POINT('',(5.857349268664E-02,-4.865220199087E-02,
    5.10001E-02));
#3339 = CARTESIAN_POINT('',(6.122067335435E-02,-4.868324896459E-02,
    5.10001E-02));
#3340 = CARTESIAN_POINT('',(6.25678727177E-02,-4.869904934563E-02,
    5.10001E-02));
#3341 = ORIENTED_EDGE('',*,*,#3342,.T.);
#3342 = EDGE_CURVE('',#3327,#109,#3343,.T.);
#3343 = B_SPLINE_CURVE_WITH_KNOTS('',1,(#3344,#3345),.UNSPECIFIED.,.F.,
  .F.,(2,2),(-0.,1.E-03),.PIECEWISE_BEZIER_KNOTS.);
#3344 = CARTESIAN_POINT('',(6.25678727177E-02,-4.869904934563E-02,
    5.10001E-02));
#3345 = CARTESIAN_POINT('',(6.25678727177E-02,-4.869904934563E-02,
    5.00001E-02));
#3346 = B_SPLINE_SURFACE_WITH_KNOTS('',3,1,(
    (#3347,#3348)
    ,(#3349,#3350)
    ,(#3351,#3352)
    ,(#3353,#3354)
    ,(#3355,#3356)
    ,(#3357,#3358)
    ,(#3359,#3360)
    ,(#3361,#3362)
    ,(#3363,#3364)
    ,(#3365,#3366)
    ,(#3367,#3368
  )),.UNSPECIFIED.,.F.,.F.,.F.,(4,1,1,1,1,1,1,1,4),(2,2),(0.,
    0.112448389909,0.226527675213,0.344401949326,0.465864972487,
    0.591659449352,0.722168487025,0.858606387555,1.),(0.,1.),
  .UNSPECIFIED.);
#3347 = CARTESIAN_POINT('',(3.505262881527E-02,-4.229661032124E-02,
    5.10001E-02));
#3348 = CARTESIAN_POINT('',(3.505262881527E-02,-4.229661032124E-02,
    5.00001E-02));
#3349 = CARTESIAN_POINT('',(3.599096789276E-02,-4.281453528823E-02,
    5.10001E-02));
#3350 = CARTESIAN_POINT('',(3.599096789276E-02,-4.281453528823E-02,
    5.00001E-02));
#3351 = CARTESIAN_POINT('',(3.788125525001E-02,-4.385789694776E-02,
    5.10001E-02));
#3352 = CARTESIAN_POINT('',(3.788125525001E-02,-4.385789694776E-02,
    5.00001E-02));
#3353 = CARTESIAN_POINT('',(4.090422169847E-02,-4.514530595898E-02,
    5.10001E-02));
#3354 = CARTESIAN_POINT('',(4.090422169847E-02,-4.514530595898E-02,
    5.00001E-02));
#3355 = CARTESIAN_POINT('',(4.408511499076E-02,-4.625575682E-02,
    5.10001E-02));
#3356 = CARTESIAN_POINT('',(4.408511499076E-02,-4.625575682E-02,
    5.00001E-02));
#3357 = CARTESIAN_POINT('',(4.74517762387E-02,-4.714124177614E-02,
    5.10001E-02));
#3358 = CARTESIAN_POINT('',(4.74517762387E-02,-4.714124177614E-02,
    5.00001E-02));
#3359 = CARTESIAN_POINT('',(5.098182486999E-02,-4.785288335105E-02,
    5.10001E-02));
#3360 = CARTESIAN_POINT('',(5.098182486999E-02,-4.785288335105E-02,
    5.00001E-02));
#3361 = CARTESIAN_POINT('',(5.469396579353E-02,-4.833490368973E-02,
    5.10001E-02));
#3362 = CARTESIAN_POINT('',(5.469396579353E-02,-4.833490368973E-02,
    5.00001E-02));
#3363 = CARTESIAN_POINT('',(5.857349268664E-02,-4.865220199087E-02,
    5.10001E-02));
#3364 = CARTESIAN_POINT('',(5.857349268664E-02,-4.865220199087E-02,
    5.00001E-02));
#3365 = CARTESIAN_POINT('',(6.122067335435E-02,-4.868324896459E-02,
    5.10001E-02));
#3366 = CARTESIAN_POINT('',(6.122067335435E-02,-4.868324896459E-02,
    5.00001E-02));
#3367 = CARTESIAN_POINT('',(6.25678727177E-02,-4.869904934563E-02,
    5.10001E-02));
#3368 = CARTESIAN_POINT('',(6.25678727177E-02,-4.869904934563E-02,
    5.00001E-02));
#3369 = ADVANCED_FACE('',(#3370),#3403,.T.);
#3370 = FACE_BOUND('',#3371,.T.);
#3371 = EDGE_LOOP('',(#3372,#3373,#3374,#3398));
#3372 = ORIENTED_EDGE('',*,*,#124,.F.);
#3373 = ORIENTED_EDGE('',*,*,#3342,.F.);
#3374 = ORIENTED_EDGE('',*,*,#3375,.T.);
#3375 = EDGE_CURVE('',#3327,#3376,#3378,.T.);
#3376 = VERTEX_POINT('',#3377);
#3377 = CARTESIAN_POINT('',(0.109442872718,6.34029922665E-04,5.10001E-02
    ));
#3378 = B_SPLINE_CURVE_WITH_KNOTS('',3,(#3379,#3380,#3381,#3382,#3383,
    #3384,#3385,#3386,#3387,#3388,#3389,#3390,#3391,#3392,#3393,#3394,
    #3395,#3396,#3397),.UNSPECIFIED.,.F.,.F.,(4,1,1,1,1,1,1,1,1,1,1,1,1,
    1,1,1,4),(0.,6.783324845577E-02,0.132655536508,0.195050884051,
    0.255582933069,0.314799834147,0.373600472826,0.432545595327,
    0.492430629284,0.552671255963,0.612513044188,0.672610250357,
    0.733838369314,0.796594238568,0.861449799291,0.929198942351,1.),
  .UNSPECIFIED.);
#3379 = CARTESIAN_POINT('',(6.25678727177E-02,-4.869904934563E-02,
    5.10001E-02));
#3380 = CARTESIAN_POINT('',(6.430377887286E-02,-4.866033363714E-02,
    5.10001E-02));
#3381 = CARTESIAN_POINT('',(6.769853833936E-02,-4.858462072058E-02,
    5.10001E-02));
#3382 = CARTESIAN_POINT('',(7.26577845259E-02,-4.794776549469E-02,
    5.10001E-02));
#3383 = CARTESIAN_POINT('',(7.734941220391E-02,-4.688451400501E-02,
    5.10001E-02));
#3384 = CARTESIAN_POINT('',(8.177179182764E-02,-4.539060657382E-02,
    5.10001E-02));
#3385 = CARTESIAN_POINT('',(8.594039495353E-02,-4.350289880387E-02,
    5.10001E-02));
#3386 = CARTESIAN_POINT('',(8.983362780166E-02,-4.116950576441E-02,
    5.10001E-02));
#3387 = CARTESIAN_POINT('',(9.342572666882E-02,-3.837205122638E-02,
    5.10001E-02));
#3388 = CARTESIAN_POINT('',(9.676422446799E-02,-3.52233021231E-02,
    5.10001E-02));
#3389 = CARTESIAN_POINT('',(9.974305963149E-02,-3.170029141699E-02,
    5.10001E-02));
#3390 = CARTESIAN_POINT('',(0.102350467664,-2.788962293524E-02,
    5.10001E-02));
#3391 = CARTESIAN_POINT('',(0.104556322521,-2.38031491725E-02,
    5.10001E-02));
#3392 = CARTESIAN_POINT('',(0.106346224671,-1.943862670377E-02,
    5.10001E-02));
#3393 = CARTESIAN_POINT('',(0.107741088013,-1.480491514452E-02,
    5.10001E-02));
#3394 = CARTESIAN_POINT('',(0.108716541696,-9.89784350127E-03,
    5.10001E-02));
#3395 = CARTESIAN_POINT('',(0.109350455426,-4.724296312714E-03,
    5.10001E-02));
#3396 = CARTESIAN_POINT('',(0.109411617869,-1.178116647021E-03,
    5.10001E-02));
#3397 = CARTESIAN_POINT('',(0.109442872718,6.34029922665E-04,5.10001E-02
    ));
#3398 = ORIENTED_EDGE('',*,*,#3399,.T.);
#3399 = EDGE_CURVE('',#3376,#125,#3400,.T.);
#3400 = B_SPLINE_CURVE_WITH_KNOTS('',1,(#3401,#3402),.UNSPECIFIED.,.F.,
  .F.,(2,2),(-0.,1.E-03),.PIECEWISE_BEZIER_KNOTS.);
#3401 = CARTESIAN_POINT('',(0.109442872718,6.34029922665E-04,5.10001E-02
    ));
#3402 = CARTESIAN_POINT('',(0.109442872718,6.34029922665E-04,5.00001E-02
    ));
#3403 = B_SPLINE_SURFACE_WITH_KNOTS('',3,1,(
    (#3404,#3405)
    ,(#3406,#3407)
    ,(#3408,#3409)
    ,(#3410,#3411)
    ,(#3412,#3413)
    ,(#3414,#3415)
    ,(#3416,#3417)
    ,(#3418,#3419)
    ,(#3420,#3421)
    ,(#3422,#3423)
    ,(#3424,#3425)
    ,(#3426,#3427)
    ,(#3428,#3429)
    ,(#3430,#3431)
    ,(#3432,#3433)
    ,(#3434,#3435)
    ,(#3436,#3437)
    ,(#3438,#3439)
    ,(#3440,#3441
    )),.UNSPECIFIED.,.F.,.F.,.F.,(4,1,1,1,1,1,1,1,1,1,1,1,1,1,1,1,4),(2,
    2),(0.,6.783324845577E-02,0.132655536508,0.195050884051,
    0.255582933069,0.314799834147,0.373600472826,0.432545595327,
    0.492430629284,0.552671255963,0.612513044188,0.672610250357,
    0.733838369314,0.796594238568,0.861449799291,0.929198942351,1.),(0.,
    1.),.UNSPECIFIED.);
#3404 = CARTESIAN_POINT('',(6.25678727177E-02,-4.869904934563E-02,
    5.10001E-02));
#3405 = CARTESIAN_POINT('',(6.25678727177E-02,-4.869904934563E-02,
    5.00001E-02));
#3406 = CARTESIAN_POINT('',(6.430377887286E-02,-4.866033363714E-02,
    5.10001E-02));
#3407 = CARTESIAN_POINT('',(6.430377887286E-02,-4.866033363714E-02,
    5.00001E-02));
#3408 = CARTESIAN_POINT('',(6.769853833936E-02,-4.858462072058E-02,
    5.10001E-02));
#3409 = CARTESIAN_POINT('',(6.769853833936E-02,-4.858462072058E-02,
    5.00001E-02));
#3410 = CARTESIAN_POINT('',(7.26577845259E-02,-4.794776549469E-02,
    5.10001E-02));
#3411 = CARTESIAN_POINT('',(7.26577845259E-02,-4.794776549469E-02,
    5.00001E-02));
#3412 = CARTESIAN_POINT('',(7.734941220391E-02,-4.688451400501E-02,
    5.10001E-02));
#3413 = CARTESIAN_POINT('',(7.734941220391E-02,-4.688451400501E-02,
    5.00001E-02));
#3414 = CARTESIAN_POINT('',(8.177179182764E-02,-4.539060657382E-02,
    5.10001E-02));
#3415 = CARTESIAN_POINT('',(8.177179182764E-02,-4.539060657382E-02,
    5.00001E-02));
#3416 = CARTESIAN_POINT('',(8.594039495353E-02,-4.350289880387E-02,
    5.10001E-02));
#3417 = CARTESIAN_POINT('',(8.594039495353E-02,-4.350289880387E-02,
    5.00001E-02));
#3418 = CARTESIAN_POINT('',(8.983362780166E-02,-4.116950576441E-02,
    5.10001E-02));
#3419 = CARTESIAN_POINT('',(8.983362780166E-02,-4.116950576441E-02,
    5.00001E-02));
#3420 = CARTESIAN_POINT('',(9.342572666882E-02,-3.837205122638E-02,
    5.10001E-02));
#3421 = CARTESIAN_POINT('',(9.342572666882E-02,-3.837205122638E-02,
    5.00001E-02));
#3422 = CARTESIAN_POINT('',(9.676422446799E-02,-3.52233021231E-02,
    5.10001E-02));
#3423 = CARTESIAN_POINT('',(9.676422446799E-02,-3.52233021231E-02,
    5.00001E-02));
#3424 = CARTESIAN_POINT('',(9.974305963149E-02,-3.170029141699E-02,
    5.10001E-02));
#3425 = CARTESIAN_POINT('',(9.974305963149E-02,-3.170029141699E-02,
    5.00001E-02));
#3426 = CARTESIAN_POINT('',(0.102350467664,-2.788962293524E-02,
    5.10001E-02));
#3427 = CARTESIAN_POINT('',(0.102350467664,-2.788962293524E-02,
    5.00001E-02));
#3428 = CARTESIAN_POINT('',(0.104556322521,-2.38031491725E-02,
    5.10001E-02));
#3429 = CARTESIAN_POINT('',(0.104556322521,-2.38031491725E-02,
    5.00001E-02));
#3430 = CARTESIAN_POINT('',(0.106346224671,-1.943862670377E-02,
    5.10001E-02));
#3431 = CARTESIAN_POINT('',(0.106346224671,-1.943862670377E-02,
    5.00001E-02));
#3432 = CARTESIAN_POINT('',(0.107741088013,-1.480491514452E-02,
    5.10001E-02));
#3433 = CARTESIAN_POINT('',(0.107741088013,-1.480491514452E-02,
    5.00001E-02));
#3434 = CARTESIAN_POINT('',(0.108716541696,-9.89784350127E-03,
    5.10001E-02));
#3435 = CARTESIAN_POINT('',(0.108716541696,-9.89784350127E-03,
    5.00001E-02));
#3436 = CARTESIAN_POINT('',(0.109350455426,-4.724296312714E-03,
    5.10001E-02));
#3437 = CARTESIAN_POINT('',(0.109350455426,-4.724296312714E-03,
    5.00001E-02));
#3438 = CARTESIAN_POINT('',(0.109411617869,-1.178116647021E-03,
    5.10001E-02));
#3439 = CARTESIAN_POINT('',(0.109411617869,-1.178116647021E-03,
    5.00001E-02));
#3440 = CARTESIAN_POINT('',(0.109442872718,6.34029922665E-04,5.10001E-02
    ));
#3441 = CARTESIAN_POINT('',(0.109442872718,6.34029922665E-04,5.00001E-02
    ));
#3442 = ADVANCED_FACE('',(#3443),#3476,.T.);
#3443 = FACE_BOUND('',#3444,.T.);
#3444 = EDGE_LOOP('',(#3445,#3446,#3447,#3471));
#3445 = ORIENTED_EDGE('',*,*,#148,.F.);
#3446 = ORIENTED_EDGE('',*,*,#3399,.F.);
#3447 = ORIENTED_EDGE('',*,*,#3448,.T.);
#3448 = EDGE_CURVE('',#3376,#3449,#3451,.T.);
#3449 = VERTEX_POINT('',#3450);
#3450 = CARTESIAN_POINT('',(5.858540320551E-02,5.373997504462E-02,
    5.10001E-02));
#3451 = B_SPLINE_CURVE_WITH_KNOTS('',3,(#3452,#3453,#3454,#3455,#3456,
    #3457,#3458,#3459,#3460,#3461,#3462,#3463,#3464,#3465,#3466,#3467,
    #3468,#3469,#3470),.UNSPECIFIED.,.F.,.F.,(4,1,1,1,1,1,1,1,1,1,1,1,1,
    1,1,1,4),(0.,7.064371857535E-02,0.138256715509,0.203364124218,
    0.266324093803,0.327904761543,0.388737715173,0.449423528109,
    0.510861011459,0.572079396048,0.631734428731,0.691117210579,
    0.75036002949,0.810032900531,0.871362450829,0.934427141231,1.),
  .UNSPECIFIED.);
#3452 = CARTESIAN_POINT('',(0.109442872718,6.34029922665E-04,5.10001E-02
    ));
#3453 = CARTESIAN_POINT('',(0.109399320372,2.579581033645E-03,
    5.10001E-02));
#3454 = CARTESIAN_POINT('',(0.109314084142,6.387216190503E-03,
    5.10001E-02));
#3455 = CARTESIAN_POINT('',(0.108636572574,1.195491202822E-02,
    5.10001E-02));
#3456 = CARTESIAN_POINT('',(0.107524886733,1.723431157374E-02,
    5.10001E-02));
#3457 = CARTESIAN_POINT('',(0.105933918299,2.221740084168E-02,
    5.10001E-02));
#3458 = CARTESIAN_POINT('',(0.103907949277,2.691091480006E-02,
    5.10001E-02));
#3459 = CARTESIAN_POINT('',(0.101445257796,3.132109858945E-02,
    5.10001E-02));
#3460 = CARTESIAN_POINT('',(9.850582767867E-02,3.542522956818E-02,
    5.10001E-02));
#3461 = CARTESIAN_POINT('',(9.51364702296E-02,3.919541217021E-02,
    5.10001E-02));
#3462 = CARTESIAN_POINT('',(9.144867475734E-02,4.261276282033E-02,
    5.10001E-02));
#3463 = CARTESIAN_POINT('',(8.746955903968E-02,4.559480510109E-02,
    5.10001E-02));
#3464 = CARTESIAN_POINT('',(8.324712104887E-02,4.811487999006E-02,
    5.10001E-02));
#3465 = CARTESIAN_POINT('',(7.878733743898E-02,5.018960563106E-02,
    5.10001E-02));
#3466 = CARTESIAN_POINT('',(7.407381330551E-02,5.177333191754E-02,
    5.10001E-02));
#3467 = CARTESIAN_POINT('',(6.912860192741E-02,5.29107220663E-02,
    5.10001E-02));
#3468 = CARTESIAN_POINT('',(6.393467211497E-02,5.361551490543E-02,
    5.10001E-02));
#3469 = CARTESIAN_POINT('',(6.039152090248E-02,5.369795254327E-02,
    5.10001E-02));
#3470 = CARTESIAN_POINT('',(5.858540320551E-02,5.373997504462E-02,
    5.10001E-02));
#3471 = ORIENTED_EDGE('',*,*,#3472,.T.);
#3472 = EDGE_CURVE('',#3449,#149,#3473,.T.);
#3473 = B_SPLINE_CURVE_WITH_KNOTS('',1,(#3474,#3475),.UNSPECIFIED.,.F.,
  .F.,(2,2),(-0.,1.E-03),.PIECEWISE_BEZIER_KNOTS.);
#3474 = CARTESIAN_POINT('',(5.858540320551E-02,5.373997504462E-02,
    5.10001E-02));
#3475 = CARTESIAN_POINT('',(5.858540320551E-02,5.373997504462E-02,
    5.00001E-02));
#3476 = B_SPLINE_SURFACE_WITH_KNOTS('',3,1,(
    (#3477,#3478)
    ,(#3479,#3480)
    ,(#3481,#3482)
    ,(#3483,#3484)
    ,(#3485,#3486)
    ,(#3487,#3488)
    ,(#3489,#3490)
    ,(#3491,#3492)
    ,(#3493,#3494)
    ,(#3495,#3496)
    ,(#3497,#3498)
    ,(#3499,#3500)
    ,(#3501,#3502)
    ,(#3503,#3504)
    ,(#3505,#3506)
    ,(#3507,#3508)
    ,(#3509,#3510)
    ,(#3511,#3512)
    ,(#3513,#3514
    )),.UNSPECIFIED.,.F.,.F.,.F.,(4,1,1,1,1,1,1,1,1,1,1,1,1,1,1,1,4),(2,
    2),(0.,7.064371857535E-02,0.138256715509,0.203364124218,
    0.266324093803,0.327904761543,0.388737715173,0.449423528109,
    0.510861011459,0.572079396048,0.631734428731,0.691117210579,
    0.75036002949,0.810032900531,0.871362450829,0.934427141231,1.),(0.,
    1.),.UNSPECIFIED.);
#3477 = CARTESIAN_POINT('',(0.109442872718,6.34029922665E-04,5.10001E-02
    ));
#3478 = CARTESIAN_POINT('',(0.109442872718,6.34029922665E-04,5.00001E-02
    ));
#3479 = CARTESIAN_POINT('',(0.109399320372,2.579581033645E-03,
    5.10001E-02));
#3480 = CARTESIAN_POINT('',(0.109399320372,2.579581033645E-03,
    5.00001E-02));
#3481 = CARTESIAN_POINT('',(0.109314084142,6.387216190503E-03,
    5.10001E-02));
#3482 = CARTESIAN_POINT('',(0.109314084142,6.387216190503E-03,
    5.00001E-02));
#3483 = CARTESIAN_POINT('',(0.108636572574,1.195491202822E-02,
    5.10001E-02));
#3484 = CARTESIAN_POINT('',(0.108636572574,1.195491202822E-02,
    5.00001E-02));
#3485 = CARTESIAN_POINT('',(0.107524886733,1.723431157374E-02,
    5.10001E-02));
#3486 = CARTESIAN_POINT('',(0.107524886733,1.723431157374E-02,
    5.00001E-02));
#3487 = CARTESIAN_POINT('',(0.105933918299,2.221740084168E-02,
    5.10001E-02));
#3488 = CARTESIAN_POINT('',(0.105933918299,2.221740084168E-02,
    5.00001E-02));
#3489 = CARTESIAN_POINT('',(0.103907949277,2.691091480006E-02,
    5.10001E-02));
#3490 = CARTESIAN_POINT('',(0.103907949277,2.691091480006E-02,
    5.00001E-02));
#3491 = CARTESIAN_POINT('',(0.101445257796,3.132109858945E-02,
    5.10001E-02));
#3492 = CARTESIAN_POINT('',(0.101445257796,3.132109858945E-02,
    5.00001E-02));
#3493 = CARTESIAN_POINT('',(9.850582767867E-02,3.542522956818E-02,
    5.10001E-02));
#3494 = CARTESIAN_POINT('',(9.850582767867E-02,3.542522956818E-02,
    5.00001E-02));
#3495 = CARTESIAN_POINT('',(9.51364702296E-02,3.919541217021E-02,
    5.10001E-02));
#3496 = CARTESIAN_POINT('',(9.51364702296E-02,3.919541217021E-02,
    5.00001E-02));
#3497 = CARTESIAN_POINT('',(9.144867475734E-02,4.261276282033E-02,
    5.10001E-02));
#3498 = CARTESIAN_POINT('',(9.144867475734E-02,4.261276282033E-02,
    5.00001E-02));
#3499 = CARTESIAN_POINT('',(8.746955903968E-02,4.559480510109E-02,
    5.10001E-02));
#3500 = CARTESIAN_POINT('',(8.746955903968E-02,4.559480510109E-02,
    5.00001E-02));
#3501 = CARTESIAN_POINT('',(8.324712104887E-02,4.811487999006E-02,
    5.10001E-02));
#3502 = CARTESIAN_POINT('',(8.324712104887E-02,4.811487999006E-02,
    5.00001E-02));
#3503 = CARTESIAN_POINT('',(7.878733743898E-02,5.018960563106E-02,
    5.10001E-02));
#3504 = CARTESIAN_POINT('',(7.878733743898E-02,5.018960563106E-02,
    5.00001E-02));
#3505 = CARTESIAN_POINT('',(7.407381330551E-02,5.177333191754E-02,
    5.10001E-02));
#3506 = CARTESIAN_POINT('',(7.407381330551E-02,5.177333191754E-02,
    5.00001E-02));
#3507 = CARTESIAN_POINT('',(6.912860192741E-02,5.29107220663E-02,
    5.10001E-02));
#3508 = CARTESIAN_POINT('',(6.912860192741E-02,5.29107220663E-02,
    5.00001E-02));
#3509 = CARTESIAN_POINT('',(6.393467211497E-02,5.361551490543E-02,
    5.10001E-02));
#3510 = CARTESIAN_POINT('',(6.393467211497E-02,5.361551490543E-02,
    5.00001E-02));
#3511 = CARTESIAN_POINT('',(6.039152090248E-02,5.369795254327E-02,
    5.10001E-02));
#3512 = CARTESIAN_POINT('',(6.039152090248E-02,5.369795254327E-02,
    5.00001E-02));
#3513 = CARTESIAN_POINT('',(5.858540320551E-02,5.373997504462E-02,
    5.10001E-02));
#3514 = CARTESIAN_POINT('',(5.858540320551E-02,5.373997504462E-02,
    5.00001E-02));
#3515 = ADVANCED_FACE('',(#3516),#3541,.T.);
#3516 = FACE_BOUND('',#3517,.T.);
#3517 = EDGE_LOOP('',(#3518,#3519,#3520,#3536));
#3518 = ORIENTED_EDGE('',*,*,#172,.F.);
#3519 = ORIENTED_EDGE('',*,*,#3472,.F.);
#3520 = ORIENTED_EDGE('',*,*,#3521,.T.);
#3521 = EDGE_CURVE('',#3449,#3522,#3524,.T.);
#3522 = VERTEX_POINT('',#3523);
#3523 = CARTESIAN_POINT('',(3.505262881527E-02,4.977656041047E-02,
    5.10001E-02));
#3524 = B_SPLINE_CURVE_WITH_KNOTS('',3,(#3525,#3526,#3527,#3528,#3529,
    #3530,#3531,#3532,#3533,#3534,#3535),.UNSPECIFIED.,.F.,.F.,(4,1,1,1,
    1,1,1,1,4),(0.,0.145186866472,0.28344261092,0.416524365929,
    0.543181123535,0.665153082638,0.781360206313,0.892756655642,1.),
  .UNSPECIFIED.);
#3525 = CARTESIAN_POINT('',(5.858540320551E-02,5.373997504462E-02,
    5.10001E-02));
#3526 = CARTESIAN_POINT('',(5.742271714313E-02,5.373164060106E-02,
    5.10001E-02));
#3527 = CARTESIAN_POINT('',(5.515285085833E-02,5.371536959459E-02,
    5.10001E-02));
#3528 = CARTESIAN_POINT('',(5.182292636146E-02,5.351132966801E-02,
    5.10001E-02));
#3529 = CARTESIAN_POINT('',(4.864819864866E-02,5.322295879619E-02,
    5.10001E-02));
#3530 = CARTESIAN_POINT('',(4.56240735146E-02,5.27732966226E-02,
    5.10001E-02));
#3531 = CARTESIAN_POINT('',(4.275070656652E-02,5.223802068341E-02,
    5.10001E-02));
#3532 = CARTESIAN_POINT('',(4.00388618704E-02,5.154026283087E-02,
    5.10001E-02));
#3533 = CARTESIAN_POINT('',(3.747149223696E-02,5.075843040234E-02,
    5.10001E-02));
#3534 = CARTESIAN_POINT('',(3.584864116633E-02,5.009967937356E-02,
    5.10001E-02));
#3535 = CARTESIAN_POINT('',(3.505262881527E-02,4.977656041047E-02,
    5.10001E-02));
#3536 = ORIENTED_EDGE('',*,*,#3537,.T.);
#3537 = EDGE_CURVE('',#3522,#173,#3538,.T.);
#3538 = B_SPLINE_CURVE_WITH_KNOTS('',1,(#3539,#3540),.UNSPECIFIED.,.F.,
  .F.,(2,2),(-0.,1.E-03),.PIECEWISE_BEZIER_KNOTS.);
#3539 = CARTESIAN_POINT('',(3.505262881527E-02,4.977656041047E-02,
    5.10001E-02));
#3540 = CARTESIAN_POINT('',(3.505262881527E-02,4.977656041047E-02,
    5.00001E-02));
#3541 = B_SPLINE_SURFACE_WITH_KNOTS('',3,1,(
    (#3542,#3543)
    ,(#3544,#3545)
    ,(#3546,#3547)
    ,(#3548,#3549)
    ,(#3550,#3551)
    ,(#3552,#3553)
    ,(#3554,#3555)
    ,(#3556,#3557)
    ,(#3558,#3559)
    ,(#3560,#3561)
    ,(#3562,#3563
  )),.UNSPECIFIED.,.F.,.F.,.F.,(4,1,1,1,1,1,1,1,4),(2,2),(0.,
    0.145186866472,0.28344261092,0.416524365929,0.543181123535,
    0.665153082638,0.781360206313,0.892756655642,1.),(0.,1.),
  .UNSPECIFIED.);
#3542 = CARTESIAN_POINT('',(5.858540320551E-02,5.373997504462E-02,
    5.10001E-02));
#3543 = CARTESIAN_POINT('',(5.858540320551E-02,5.373997504462E-02,
    5.00001E-02));
#3544 = CARTESIAN_POINT('',(5.742271714313E-02,5.373164060106E-02,
    5.10001E-02));
#3545 = CARTESIAN_POINT('',(5.742271714313E-02,5.373164060106E-02,
    5.00001E-02));
#3546 = CARTESIAN_POINT('',(5.515285085833E-02,5.371536959459E-02,
    5.10001E-02));
#3547 = CARTESIAN_POINT('',(5.515285085833E-02,5.371536959459E-02,
    5.00001E-02));
#3548 = CARTESIAN_POINT('',(5.182292636146E-02,5.351132966801E-02,
    5.10001E-02));
#3549 = CARTESIAN_POINT('',(5.182292636146E-02,5.351132966801E-02,
    5.00001E-02));
#3550 = CARTESIAN_POINT('',(4.864819864866E-02,5.322295879619E-02,
    5.10001E-02));
#3551 = CARTESIAN_POINT('',(4.864819864866E-02,5.322295879619E-02,
    5.00001E-02));
#3552 = CARTESIAN_POINT('',(4.56240735146E-02,5.27732966226E-02,
    5.10001E-02));
#3553 = CARTESIAN_POINT('',(4.56240735146E-02,5.27732966226E-02,
    5.00001E-02));
#3554 = CARTESIAN_POINT('',(4.275070656652E-02,5.223802068341E-02,
    5.10001E-02));
#3555 = CARTESIAN_POINT('',(4.275070656652E-02,5.223802068341E-02,
    5.00001E-02));
#3556 = CARTESIAN_POINT('',(4.00388618704E-02,5.154026283087E-02,
    5.10001E-02));
#3557 = CARTESIAN_POINT('',(4.00388618704E-02,5.154026283087E-02,
    5.00001E-02));
#3558 = CARTESIAN_POINT('',(3.747149223696E-02,5.075843040234E-02,
    5.10001E-02));
#3559 = CARTESIAN_POINT('',(3.747149223696E-02,5.075843040234E-02,
    5.00001E-02));
#3560 = CARTESIAN_POINT('',(3.584864116633E-02,5.009967937356E-02,
    5.10001E-02));
#3561 = CARTESIAN_POINT('',(3.584864116633E-02,5.009967937356E-02,
    5.00001E-02));
#3562 = CARTESIAN_POINT('',(3.505262881527E-02,4.977656041047E-02,
    5.10001E-02));
#3563 = CARTESIAN_POINT('',(3.505262881527E-02,4.977656041047E-02,
    5.00001E-02));
#3564 = ADVANCED_FACE('',(#3565),#3581,.T.);
#3565 = FACE_BOUND('',#3566,.T.);
#3566 = EDGE_LOOP('',(#3567,#3568,#3569,#3576));
#3567 = ORIENTED_EDGE('',*,*,#188,.F.);
#3568 = ORIENTED_EDGE('',*,*,#3537,.F.);
#3569 = ORIENTED_EDGE('',*,*,#3570,.T.);
#3570 = EDGE_CURVE('',#3522,#3571,#3573,.T.);
#3571 = VERTEX_POINT('',#3572);
#3572 = CARTESIAN_POINT('',(3.505262881527E-02,3.636192626413E-02,
    5.10001E-02));
#3573 = B_SPLINE_CURVE_WITH_KNOTS('',1,(#3574,#3575),.UNSPECIFIED.,.F.,
  .F.,(2,2),(0.,1.341463414634E-02),.PIECEWISE_BEZIER_KNOTS.);
#3574 = CARTESIAN_POINT('',(3.505262881527E-02,4.977656041047E-02,
    5.10001E-02));
#3575 = CARTESIAN_POINT('',(3.505262881527E-02,3.636192626413E-02,
    5.10001E-02));
#3576 = ORIENTED_EDGE('',*,*,#3577,.T.);
#3577 = EDGE_CURVE('',#3571,#189,#3578,.T.);
#3578 = B_SPLINE_CURVE_WITH_KNOTS('',1,(#3579,#3580),.UNSPECIFIED.,.F.,
  .F.,(2,2),(-0.,1.E-03),.PIECEWISE_BEZIER_KNOTS.);
#3579 = CARTESIAN_POINT('',(3.505262881527E-02,3.636192626413E-02,
    5.10001E-02));
#3580 = CARTESIAN_POINT('',(3.505262881527E-02,3.636192626413E-02,
    5.00001E-02));
#3581 = B_SPLINE_SURFACE_WITH_KNOTS('',1,1,(
    (#3582,#3583)
    ,(#3584,#3585)),.UNSPECIFIED.,.F.,.F.,.F.,(2,2),(2,2),(0.,1.E-03),(
    -1.341463414634E-02,0.),.PIECEWISE_BEZIER_KNOTS.);
#3582 = CARTESIAN_POINT('',(3.505262881527E-02,3.636192626413E-02,
    5.10001E-02));
#3583 = CARTESIAN_POINT('',(3.505262881527E-02,4.977656041047E-02,
    5.10001E-02));
#3584 = CARTESIAN_POINT('',(3.505262881527E-02,3.636192626413E-02,
    5.00001E-02));
#3585 = CARTESIAN_POINT('',(3.505262881527E-02,4.977656041047E-02,
    5.00001E-02));
#3586 = ADVANCED_FACE('',(#3587),#3612,.T.);
#3587 = FACE_BOUND('',#3588,.T.);
#3588 = EDGE_LOOP('',(#3589,#3590,#3591,#3607));
#3589 = ORIENTED_EDGE('',*,*,#195,.F.);
#3590 = ORIENTED_EDGE('',*,*,#3577,.F.);
#3591 = ORIENTED_EDGE('',*,*,#3592,.T.);
#3592 = EDGE_CURVE('',#3571,#3593,#3595,.T.);
#3593 = VERTEX_POINT('',#3594);
#3594 = CARTESIAN_POINT('',(5.847107393722E-02,4.276436528852E-02,
    5.10001E-02));
#3595 = B_SPLINE_CURVE_WITH_KNOTS('',3,(#3596,#3597,#3598,#3599,#3600,
    #3601,#3602,#3603,#3604,#3605,#3606),.UNSPECIFIED.,.F.,.F.,(4,1,1,1,
    1,1,1,1,4),(0.,0.125279696736,0.249419970742,0.373356799493,
    0.496681278782,0.620202915744,0.745086320161,0.871269195019,1.),
  .UNSPECIFIED.);
#3596 = CARTESIAN_POINT('',(3.505262881527E-02,3.636192626413E-02,
    5.10001E-02));
#3597 = CARTESIAN_POINT('',(3.594066737804E-02,3.687794356328E-02,
    5.10001E-02));
#3598 = CARTESIAN_POINT('',(3.770866776531E-02,3.790528496822E-02,
    5.10001E-02));
#3599 = CARTESIAN_POINT('',(4.048941092669E-02,3.918966391083E-02,
    5.10001E-02));
#3600 = CARTESIAN_POINT('',(4.332373524178E-02,4.030367772824E-02,
    5.10001E-02));
#3601 = CARTESIAN_POINT('',(4.623148239728E-02,4.119297781121E-02,
    5.10001E-02));
#3602 = CARTESIAN_POINT('',(4.91943518967E-02,4.191109445334E-02,
    5.10001E-02));
#3603 = CARTESIAN_POINT('',(5.222788043072E-02,4.239275552462E-02,
    5.10001E-02));
#3604 = CARTESIAN_POINT('',(5.53263205375E-02,4.271681888352E-02,
    5.10001E-02));
#3605 = CARTESIAN_POINT('',(5.741586096627E-02,4.274841122888E-02,
    5.10001E-02));
#3606 = CARTESIAN_POINT('',(5.847107393722E-02,4.276436528852E-02,
    5.10001E-02));
#3607 = ORIENTED_EDGE('',*,*,#3608,.T.);
#3608 = EDGE_CURVE('',#3593,#196,#3609,.T.);
#3609 = B_SPLINE_CURVE_WITH_KNOTS('',1,(#3610,#3611),.UNSPECIFIED.,.F.,
  .F.,(2,2),(-0.,1.E-03),.PIECEWISE_BEZIER_KNOTS.);
#3610 = CARTESIAN_POINT('',(5.847107393722E-02,4.276436528852E-02,
    5.10001E-02));
#3611 = CARTESIAN_POINT('',(5.847107393722E-02,4.276436528852E-02,
    5.00001E-02));
#3612 = B_SPLINE_SURFACE_WITH_KNOTS('',3,1,(
    (#3613,#3614)
    ,(#3615,#3616)
    ,(#3617,#3618)
    ,(#3619,#3620)
    ,(#3621,#3622)
    ,(#3623,#3624)
    ,(#3625,#3626)
    ,(#3627,#3628)
    ,(#3629,#3630)
    ,(#3631,#3632)
    ,(#3633,#3634
  )),.UNSPECIFIED.,.F.,.F.,.F.,(4,1,1,1,1,1,1,1,4),(2,2),(0.,
    0.125279696736,0.249419970742,0.373356799493,0.496681278782,
    0.620202915744,0.745086320161,0.871269195019,1.),(0.,1.),
  .UNSPECIFIED.);
#3613 = CARTESIAN_POINT('',(3.505262881527E-02,3.636192626413E-02,
    5.10001E-02));
#3614 = CARTESIAN_POINT('',(3.505262881527E-02,3.636192626413E-02,
    5.00001E-02));
#3615 = CARTESIAN_POINT('',(3.594066737804E-02,3.687794356328E-02,
    5.10001E-02));
#3616 = CARTESIAN_POINT('',(3.594066737804E-02,3.687794356328E-02,
    5.00001E-02));
#3617 = CARTESIAN_POINT('',(3.770866776531E-02,3.790528496822E-02,
    5.10001E-02));
#3618 = CARTESIAN_POINT('',(3.770866776531E-02,3.790528496822E-02,
    5.00001E-02));
#3619 = CARTESIAN_POINT('',(4.048941092669E-02,3.918966391083E-02,
    5.10001E-02));
#3620 = CARTESIAN_POINT('',(4.048941092669E-02,3.918966391083E-02,
    5.00001E-02));
#3621 = CARTESIAN_POINT('',(4.332373524178E-02,4.030367772824E-02,
    5.10001E-02));
#3622 = CARTESIAN_POINT('',(4.332373524178E-02,4.030367772824E-02,
    5.00001E-02));
#3623 = CARTESIAN_POINT('',(4.623148239728E-02,4.119297781121E-02,
    5.10001E-02));
#3624 = CARTESIAN_POINT('',(4.623148239728E-02,4.119297781121E-02,
    5.00001E-02));
#3625 = CARTESIAN_POINT('',(4.91943518967E-02,4.191109445334E-02,
    5.10001E-02));
#3626 = CARTESIAN_POINT('',(4.91943518967E-02,4.191109445334E-02,
    5.00001E-02));
#3627 = CARTESIAN_POINT('',(5.222788043072E-02,4.239275552462E-02,
    5.10001E-02));
#3628 = CARTESIAN_POINT('',(5.222788043072E-02,4.239275552462E-02,
    5.00001E-02));
#3629 = CARTESIAN_POINT('',(5.53263205375E-02,4.271681888352E-02,
    5.10001E-02));
#3630 = CARTESIAN_POINT('',(5.53263205375E-02,4.271681888352E-02,
    5.00001E-02));
#3631 = CARTESIAN_POINT('',(5.741586096627E-02,4.274841122888E-02,
    5.10001E-02));
#3632 = CARTESIAN_POINT('',(5.741586096627E-02,4.274841122888E-02,
    5.00001E-02));
#3633 = CARTESIAN_POINT('',(5.847107393722E-02,4.276436528852E-02,
    5.10001E-02));
#3634 = CARTESIAN_POINT('',(5.847107393722E-02,4.276436528852E-02,
    5.00001E-02));
#3635 = ADVANCED_FACE('',(#3636),#3669,.T.);
#3636 = FACE_BOUND('',#3637,.T.);
#3637 = EDGE_LOOP('',(#3638,#3639,#3640,#3664));
#3638 = ORIENTED_EDGE('',*,*,#211,.F.);
#3639 = ORIENTED_EDGE('',*,*,#3608,.F.);
#3640 = ORIENTED_EDGE('',*,*,#3641,.T.);
#3641 = EDGE_CURVE('',#3593,#3642,#3644,.T.);
#3642 = VERTEX_POINT('',#3643);
#3643 = CARTESIAN_POINT('',(9.602823857136E-02,1.453389678763E-03,
    5.10001E-02));
#3644 = B_SPLINE_CURVE_WITH_KNOTS('',3,(#3645,#3646,#3647,#3648,#3649,
    #3650,#3651,#3652,#3653,#3654,#3655,#3656,#3657,#3658,#3659,#3660,
    #3661,#3662,#3663),.UNSPECIFIED.,.F.,.F.,(4,1,1,1,1,1,1,1,1,1,1,1,1,
    1,1,1,4),(0.,6.460397028839E-02,0.126702413963,0.186756814036,
    0.245505687365,0.30365202445,0.361503073971,0.420240222928,
    0.480033340777,0.540678134776,0.601191806381,0.662333502477,
    0.724739510297,0.789467736173,0.856504860044,0.926312095839,1.),
  .UNSPECIFIED.);
#3645 = CARTESIAN_POINT('',(5.847107393722E-02,4.276436528852E-02,
    5.10001E-02));
#3646 = CARTESIAN_POINT('',(5.982601012367E-02,4.273523167992E-02,
    5.10001E-02));
#3647 = CARTESIAN_POINT('',(6.248333419869E-02,4.267809434733E-02,
    5.10001E-02));
#3648 = CARTESIAN_POINT('',(6.636548196984E-02,4.211711137879E-02,
    5.10001E-02));
#3649 = CARTESIAN_POINT('',(7.006822128801E-02,4.127781745556E-02,
    5.10001E-02));
#3650 = CARTESIAN_POINT('',(7.357670441988E-02,4.004944572767E-02,
    5.10001E-02));
#3651 = CARTESIAN_POINT('',(7.688694746656E-02,3.846404269315E-02,
    5.10001E-02));
#3652 = CARTESIAN_POINT('',(7.999607986643E-02,3.651566196194E-02,
    5.10001E-02));
#3653 = CARTESIAN_POINT('',(8.292319597213E-02,3.424607672449E-02,
    5.10001E-02));
#3654 = CARTESIAN_POINT('',(8.562364362209E-02,3.162697299908E-02,
    5.10001E-02));
#3655 = CARTESIAN_POINT('',(8.808450259968E-02,2.873066262142E-02,
    5.10001E-02));
#3656 = CARTESIAN_POINT('',(9.019678563322E-02,2.55379915544E-02,
    5.10001E-02));
#3657 = CARTESIAN_POINT('',(9.202845565532E-02,2.213537354562E-02,
    5.10001E-02));
#3658 = CARTESIAN_POINT('',(9.349525344771E-02,1.84631105223E-02,
    5.10001E-02));
#3659 = CARTESIAN_POINT('',(9.463120337214E-02,1.454937813538E-02,
    5.10001E-02));
#3660 = CARTESIAN_POINT('',(9.545111977509E-02,1.039951666878E-02,
    5.10001E-02));
#3661 = CARTESIAN_POINT('',(9.592616804334E-02,6.005872326862E-03,
    5.10001E-02));
#3662 = CARTESIAN_POINT('',(9.599360712342E-02,2.997998773044E-03,
    5.10001E-02));
#3663 = CARTESIAN_POINT('',(9.602823857136E-02,1.453389678763E-03,
    5.10001E-02));
#3664 = ORIENTED_EDGE('',*,*,#3665,.T.);
#3665 = EDGE_CURVE('',#3642,#212,#3666,.T.);
#3666 = B_SPLINE_CURVE_WITH_KNOTS('',1,(#3667,#3668),.UNSPECIFIED.,.F.,
  .F.,(2,2),(-0.,1.E-03),.PIECEWISE_BEZIER_KNOTS.);
#3667 = CARTESIAN_POINT('',(9.602823857136E-02,1.453389678763E-03,
    5.10001E-02));
#3668 = CARTESIAN_POINT('',(9.602823857136E-02,1.453389678763E-03,
    5.00001E-02));
#3669 = B_SPLINE_SURFACE_WITH_KNOTS('',3,1,(
    (#3670,#3671)
    ,(#3672,#3673)
    ,(#3674,#3675)
    ,(#3676,#3677)
    ,(#3678,#3679)
    ,(#3680,#3681)
    ,(#3682,#3683)
    ,(#3684,#3685)
    ,(#3686,#3687)
    ,(#3688,#3689)
    ,(#3690,#3691)
    ,(#3692,#3693)
    ,(#3694,#3695)
    ,(#3696,#3697)
    ,(#3698,#3699)
    ,(#3700,#3701)
    ,(#3702,#3703)
    ,(#3704,#3705)
    ,(#3706,#3707
    )),.UNSPECIFIED.,.F.,.F.,.F.,(4,1,1,1,1,1,1,1,1,1,1,1,1,1,1,1,4),(2,
    2),(0.,6.460397028839E-02,0.126702413963,0.186756814036,
    0.245505687365,0.30365202445,0.361503073971,0.420240222928,
    0.480033340777,0.540678134776,0.601191806381,0.662333502477,
    0.724739510297,0.789467736173,0.856504860044,0.926312095839,1.),(0.,
    1.),.UNSPECIFIED.);
#3670 = CARTESIAN_POINT('',(5.847107393722E-02,4.276436528852E-02,
    5.10001E-02));
#3671 = CARTESIAN_POINT('',(5.847107393722E-02,4.276436528852E-02,
    5.00001E-02));
#3672 = CARTESIAN_POINT('',(5.982601012367E-02,4.273523167992E-02,
    5.10001E-02));
#3673 = CARTESIAN_POINT('',(5.982601012367E-02,4.273523167992E-02,
    5.00001E-02));
#3674 = CARTESIAN_POINT('',(6.248333419869E-02,4.267809434733E-02,
    5.10001E-02));
#3675 = CARTESIAN_POINT('',(6.248333419869E-02,4.267809434733E-02,
    5.00001E-02));
#3676 = CARTESIAN_POINT('',(6.636548196984E-02,4.211711137879E-02,
    5.10001E-02));
#3677 = CARTESIAN_POINT('',(6.636548196984E-02,4.211711137879E-02,
    5.00001E-02));
#3678 = CARTESIAN_POINT('',(7.006822128801E-02,4.127781745556E-02,
    5.10001E-02));
#3679 = CARTESIAN_POINT('',(7.006822128801E-02,4.127781745556E-02,
    5.00001E-02));
#3680 = CARTESIAN_POINT('',(7.357670441988E-02,4.004944572767E-02,
    5.10001E-02));
#3681 = CARTESIAN_POINT('',(7.357670441988E-02,4.004944572767E-02,
    5.00001E-02));
#3682 = CARTESIAN_POINT('',(7.688694746656E-02,3.846404269315E-02,
    5.10001E-02));
#3683 = CARTESIAN_POINT('',(7.688694746656E-02,3.846404269315E-02,
    5.00001E-02));
#3684 = CARTESIAN_POINT('',(7.999607986643E-02,3.651566196194E-02,
    5.10001E-02));
#3685 = CARTESIAN_POINT('',(7.999607986643E-02,3.651566196194E-02,
    5.00001E-02));
#3686 = CARTESIAN_POINT('',(8.292319597213E-02,3.424607672449E-02,
    5.10001E-02));
#3687 = CARTESIAN_POINT('',(8.292319597213E-02,3.424607672449E-02,
    5.00001E-02));
#3688 = CARTESIAN_POINT('',(8.562364362209E-02,3.162697299908E-02,
    5.10001E-02));
#3689 = CARTESIAN_POINT('',(8.562364362209E-02,3.162697299908E-02,
    5.00001E-02));
#3690 = CARTESIAN_POINT('',(8.808450259968E-02,2.873066262142E-02,
    5.10001E-02));
#3691 = CARTESIAN_POINT('',(8.808450259968E-02,2.873066262142E-02,
    5.00001E-02));
#3692 = CARTESIAN_POINT('',(9.019678563322E-02,2.55379915544E-02,
    5.10001E-02));
#3693 = CARTESIAN_POINT('',(9.019678563322E-02,2.55379915544E-02,
    5.00001E-02));
#3694 = CARTESIAN_POINT('',(9.202845565532E-02,2.213537354562E-02,
    5.10001E-02));
#3695 = CARTESIAN_POINT('',(9.202845565532E-02,2.213537354562E-02,
    5.00001E-02));
#3696 = CARTESIAN_POINT('',(9.349525344771E-02,1.84631105223E-02,
    5.10001E-02));
#3697 = CARTESIAN_POINT('',(9.349525344771E-02,1.84631105223E-02,
    5.00001E-02));
#3698 = CARTESIAN_POINT('',(9.463120337214E-02,1.454937813538E-02,
    5.10001E-02));
#3699 = CARTESIAN_POINT('',(9.463120337214E-02,1.454937813538E-02,
    5.00001E-02));
#3700 = CARTESIAN_POINT('',(9.545111977509E-02,1.039951666878E-02,
    5.10001E-02));
#3701 = CARTESIAN_POINT('',(9.545111977509E-02,1.039951666878E-02,
    5.00001E-02));
#3702 = CARTESIAN_POINT('',(9.592616804334E-02,6.005872326862E-03,
    5.10001E-02));
#3703 = CARTESIAN_POINT('',(9.592616804334E-02,6.005872326862E-03,
    5.00001E-02));
#3704 = CARTESIAN_POINT('',(9.599360712342E-02,2.997998773044E-03,
    5.10001E-02));
#3705 = CARTESIAN_POINT('',(9.599360712342E-02,2.997998773044E-03,
    5.00001E-02));
#3706 = CARTESIAN_POINT('',(9.602823857136E-02,1.453389678763E-03,
    5.10001E-02));
#3707 = CARTESIAN_POINT('',(9.602823857136E-02,1.453389678763E-03,
    5.00001E-02));
#3708 = ADVANCED_FACE('',(#3709),#3742,.T.);
#3709 = FACE_BOUND('',#3710,.T.);
#3710 = EDGE_LOOP('',(#3711,#3712,#3713,#3737));
#3711 = ORIENTED_EDGE('',*,*,#235,.F.);
#3712 = ORIENTED_EDGE('',*,*,#3665,.F.);
#3713 = ORIENTED_EDGE('',*,*,#3714,.T.);
#3714 = EDGE_CURVE('',#3642,#3715,#3717,.T.);
#3715 = VERTEX_POINT('',#3716);
#3716 = CARTESIAN_POINT('',(6.071954954697E-02,-3.772343958953E-02,
    5.10001E-02));
#3717 = B_SPLINE_CURVE_WITH_KNOTS('',3,(#3718,#3719,#3720,#3721,#3722,
    #3723,#3724,#3725,#3726,#3727,#3728,#3729,#3730,#3731,#3732,#3733,
    #3734,#3735,#3736),.UNSPECIFIED.,.F.,.F.,(4,1,1,1,1,1,1,1,1,1,1,1,1,
    1,1,1,4),(0.,7.377411937406E-02,0.144079114726,0.211348518309,
    0.27607688574,0.33852091582,0.399885116693,0.460254067465,
    0.520588964391,0.580207684563,0.638632908553,0.696364549491,
    0.75400177466,0.812805681374,0.872754425526,0.935181996978,1.),
  .UNSPECIFIED.);
#3718 = CARTESIAN_POINT('',(9.602823857136E-02,1.453389678763E-03,
    5.10001E-02));
#3719 = CARTESIAN_POINT('',(9.600045658635E-02,-8.730890814551E-06,
    5.10001E-02));
#3720 = CARTESIAN_POINT('',(9.594619902503E-02,-2.864217870188E-03,
    5.10001E-02));
#3721 = CARTESIAN_POINT('',(9.54800403627E-02,-7.031985662471E-03,
    5.10001E-02));
#3722 = CARTESIAN_POINT('',(9.472491593837E-02,-1.097265784694E-02,
    5.10001E-02));
#3723 = CARTESIAN_POINT('',(9.36636817686E-02,-1.46827609649E-02,
    5.10001E-02));
#3724 = CARTESIAN_POINT('',(9.227987124971E-02,-1.815886157255E-02,
    5.10001E-02));
#3725 = CARTESIAN_POINT('',(9.060827664113E-02,-2.141019565792E-02,
    5.10001E-02));
#3726 = CARTESIAN_POINT('',(8.860967486582E-02,-2.442208082136E-02,
    5.10001E-02));
#3727 = CARTESIAN_POINT('',(8.632818488608E-02,-2.718041674604E-02,
    5.10001E-02));
#3728 = CARTESIAN_POINT('',(8.379513005064E-02,-2.965398195706E-02,
    5.10001E-02));
#3729 = CARTESIAN_POINT('',(8.106355425666E-02,-3.182632798931E-02,
    5.10001E-02));
#3730 = CARTESIAN_POINT('',(7.812750624292E-02,-3.363956067239E-02,
    5.10001E-02));
#3731 = CARTESIAN_POINT('',(7.501436417528E-02,-3.514315076053E-02,
    5.10001E-02));
#3732 = CARTESIAN_POINT('',(7.171006227005E-02,-3.630563327984E-02,
    5.10001E-02));
#3733 = CARTESIAN_POINT('',(6.820841523894E-02,-3.712057429452E-02,
    5.10001E-02));
#3734 = CARTESIAN_POINT('',(6.452617463037E-02,-3.76253312253E-02,
    5.10001E-02));
#3735 = CARTESIAN_POINT('',(6.200421704809E-02,-3.769032978114E-02,
    5.10001E-02));
#3736 = CARTESIAN_POINT('',(6.071954954697E-02,-3.772343958953E-02,
    5.10001E-02));
#3737 = ORIENTED_EDGE('',*,*,#3738,.T.);
#3738 = EDGE_CURVE('',#3715,#236,#3739,.T.);
#3739 = B_SPLINE_CURVE_WITH_KNOTS('',1,(#3740,#3741),.UNSPECIFIED.,.F.,
  .F.,(2,2),(-0.,1.E-03),.PIECEWISE_BEZIER_KNOTS.);
#3740 = CARTESIAN_POINT('',(6.071954954697E-02,-3.772343958953E-02,
    5.10001E-02));
#3741 = CARTESIAN_POINT('',(6.071954954697E-02,-3.772343958953E-02,
    5.00001E-02));
#3742 = B_SPLINE_SURFACE_WITH_KNOTS('',3,1,(
    (#3743,#3744)
    ,(#3745,#3746)
    ,(#3747,#3748)
    ,(#3749,#3750)
    ,(#3751,#3752)
    ,(#3753,#3754)
    ,(#3755,#3756)
    ,(#3757,#3758)
    ,(#3759,#3760)
    ,(#3761,#3762)
    ,(#3763,#3764)
    ,(#3765,#3766)
    ,(#3767,#3768)
    ,(#3769,#3770)
    ,(#3771,#3772)
    ,(#3773,#3774)
    ,(#3775,#3776)
    ,(#3777,#3778)
    ,(#3779,#3780
    )),.UNSPECIFIED.,.F.,.F.,.F.,(4,1,1,1,1,1,1,1,1,1,1,1,1,1,1,1,4),(2,
    2),(0.,7.377411937406E-02,0.144079114726,0.211348518309,
    0.27607688574,0.33852091582,0.399885116693,0.460254067465,
    0.520588964391,0.580207684563,0.638632908553,0.696364549491,
    0.75400177466,0.812805681374,0.872754425526,0.935181996978,1.),(0.,
    1.),.UNSPECIFIED.);
#3743 = CARTESIAN_POINT('',(9.602823857136E-02,1.453389678763E-03,
    5.10001E-02));
#3744 = CARTESIAN_POINT('',(9.602823857136E-02,1.453389678763E-03,
    5.00001E-02));
#3745 = CARTESIAN_POINT('',(9.600045658635E-02,-8.730890814551E-06,
    5.10001E-02));
#3746 = CARTESIAN_POINT('',(9.600045658635E-02,-8.730890814551E-06,
    5.00001E-02));
#3747 = CARTESIAN_POINT('',(9.594619902503E-02,-2.864217870188E-03,
    5.10001E-02));
#3748 = CARTESIAN_POINT('',(9.594619902503E-02,-2.864217870188E-03,
    5.00001E-02));
#3749 = CARTESIAN_POINT('',(9.54800403627E-02,-7.031985662471E-03,
    5.10001E-02));
#3750 = CARTESIAN_POINT('',(9.54800403627E-02,-7.031985662471E-03,
    5.00001E-02));
#3751 = CARTESIAN_POINT('',(9.472491593837E-02,-1.097265784694E-02,
    5.10001E-02));
#3752 = CARTESIAN_POINT('',(9.472491593837E-02,-1.097265784694E-02,
    5.00001E-02));
#3753 = CARTESIAN_POINT('',(9.36636817686E-02,-1.46827609649E-02,
    5.10001E-02));
#3754 = CARTESIAN_POINT('',(9.36636817686E-02,-1.46827609649E-02,
    5.00001E-02));
#3755 = CARTESIAN_POINT('',(9.227987124971E-02,-1.815886157255E-02,
    5.10001E-02));
#3756 = CARTESIAN_POINT('',(9.227987124971E-02,-1.815886157255E-02,
    5.00001E-02));
#3757 = CARTESIAN_POINT('',(9.060827664113E-02,-2.141019565792E-02,
    5.10001E-02));
#3758 = CARTESIAN_POINT('',(9.060827664113E-02,-2.141019565792E-02,
    5.00001E-02));
#3759 = CARTESIAN_POINT('',(8.860967486582E-02,-2.442208082136E-02,
    5.10001E-02));
#3760 = CARTESIAN_POINT('',(8.860967486582E-02,-2.442208082136E-02,
    5.00001E-02));
#3761 = CARTESIAN_POINT('',(8.632818488608E-02,-2.718041674604E-02,
    5.10001E-02));
#3762 = CARTESIAN_POINT('',(8.632818488608E-02,-2.718041674604E-02,
    5.00001E-02));
#3763 = CARTESIAN_POINT('',(8.379513005064E-02,-2.965398195706E-02,
    5.10001E-02));
#3764 = CARTESIAN_POINT('',(8.379513005064E-02,-2.965398195706E-02,
    5.00001E-02));
#3765 = CARTESIAN_POINT('',(8.106355425666E-02,-3.182632798931E-02,
    5.10001E-02));
#3766 = CARTESIAN_POINT('',(8.106355425666E-02,-3.182632798931E-02,
    5.00001E-02));
#3767 = CARTESIAN_POINT('',(7.812750624292E-02,-3.363956067239E-02,
    5.10001E-02));
#3768 = CARTESIAN_POINT('',(7.812750624292E-02,-3.363956067239E-02,
    5.00001E-02));
#3769 = CARTESIAN_POINT('',(7.501436417528E-02,-3.514315076053E-02,
    5.10001E-02));
#3770 = CARTESIAN_POINT('',(7.501436417528E-02,-3.514315076053E-02,
    5.00001E-02));
#3771 = CARTESIAN_POINT('',(7.171006227005E-02,-3.630563327984E-02,
    5.10001E-02));
#3772 = CARTESIAN_POINT('',(7.171006227005E-02,-3.630563327984E-02,
    5.00001E-02));
#3773 = CARTESIAN_POINT('',(6.820841523894E-02,-3.712057429452E-02,
    5.10001E-02));
#3774 = CARTESIAN_POINT('',(6.820841523894E-02,-3.712057429452E-02,
    5.00001E-02));
#3775 = CARTESIAN_POINT('',(6.452617463037E-02,-3.76253312253E-02,
    5.10001E-02));
#3776 = CARTESIAN_POINT('',(6.452617463037E-02,-3.76253312253E-02,
    5.00001E-02));
#3777 = CARTESIAN_POINT('',(6.200421704809E-02,-3.769032978114E-02,
    5.10001E-02));
#3778 = CARTESIAN_POINT('',(6.200421704809E-02,-3.769032978114E-02,
    5.00001E-02));
#3779 = CARTESIAN_POINT('',(6.071954954697E-02,-3.772343958953E-02,
    5.10001E-02));
#3780 = CARTESIAN_POINT('',(6.071954954697E-02,-3.772343958953E-02,
    5.00001E-02));
#3781 = ADVANCED_FACE('',(#3782),#3801,.T.);
#3782 = FACE_BOUND('',#3783,.T.);
#3783 = EDGE_LOOP('',(#3784,#3785,#3786,#3800));
#3784 = ORIENTED_EDGE('',*,*,#259,.F.);
#3785 = ORIENTED_EDGE('',*,*,#3738,.F.);
#3786 = ORIENTED_EDGE('',*,*,#3787,.T.);
#3787 = EDGE_CURVE('',#3715,#3298,#3788,.T.);
#3788 = B_SPLINE_CURVE_WITH_KNOTS('',3,(#3789,#3790,#3791,#3792,#3793,
    #3794,#3795,#3796,#3797,#3798,#3799),.UNSPECIFIED.,.F.,.F.,(4,1,1,1,
    1,1,1,1,4),(0.,0.135294604763,0.266765657925,0.394816018836,
    0.520051654434,0.642175702971,0.762651820558,0.881834004381,1.),
  .UNSPECIFIED.);
#3789 = CARTESIAN_POINT('',(6.071954954697E-02,-3.772343958953E-02,
    5.10001E-02));
#3790 = CARTESIAN_POINT('',(5.95120074904E-02,-3.770758553479E-02,
    5.10001E-02));
#3791 = CARTESIAN_POINT('',(5.713104964099E-02,-3.767632547566E-02,
    5.10001E-02));
#3792 = CARTESIAN_POINT('',(5.361986145689E-02,-3.735552798078E-02,
    5.10001E-02));
#3793 = CARTESIAN_POINT('',(5.021883857871E-02,-3.687270604928E-02,
    5.10001E-02));
#3794 = CARTESIAN_POINT('',(4.694276349334E-02,-3.616203457708E-02,
    5.10001E-02));
#3795 = CARTESIAN_POINT('',(4.378040409558E-02,-3.527243429208E-02,
    5.10001E-02));
#3796 = CARTESIAN_POINT('',(4.074968879713E-02,-3.415502818134E-02,
    5.10001E-02));
#3797 = CARTESIAN_POINT('',(3.781823295164E-02,-3.287871934269E-02,
    5.10001E-02));
#3798 = CARTESIAN_POINT('',(3.597186182815E-02,-3.183875598294E-02,
    5.10001E-02));
#3799 = CARTESIAN_POINT('',(3.505262881527E-02,-3.132100056514E-02,
    5.10001E-02));
#3800 = ORIENTED_EDGE('',*,*,#3297,.T.);
#3801 = B_SPLINE_SURFACE_WITH_KNOTS('',3,1,(
    (#3802,#3803)
    ,(#3804,#3805)
    ,(#3806,#3807)
    ,(#3808,#3809)
    ,(#3810,#3811)
    ,(#3812,#3813)
    ,(#3814,#3815)
    ,(#3816,#3817)
    ,(#3818,#3819)
    ,(#3820,#3821)
    ,(#3822,#3823
  )),.UNSPECIFIED.,.F.,.F.,.F.,(4,1,1,1,1,1,1,1,4),(2,2),(0.,
    0.135294604763,0.266765657925,0.394816018836,0.520051654434,
    0.642175702971,0.762651820558,0.881834004381,1.),(0.,1.),
  .UNSPECIFIED.);
#3802 = CARTESIAN_POINT('',(6.071954954697E-02,-3.772343958953E-02,
    5.10001E-02));
#3803 = CARTESIAN_POINT('',(6.071954954697E-02,-3.772343958953E-02,
    5.00001E-02));
#3804 = CARTESIAN_POINT('',(5.95120074904E-02,-3.770758553479E-02,
    5.10001E-02));
#3805 = CARTESIAN_POINT('',(5.95120074904E-02,-3.770758553479E-02,
    5.00001E-02));
#3806 = CARTESIAN_POINT('',(5.713104964099E-02,-3.767632547566E-02,
    5.10001E-02));
#3807 = CARTESIAN_POINT('',(5.713104964099E-02,-3.767632547566E-02,
    5.00001E-02));
#3808 = CARTESIAN_POINT('',(5.361986145689E-02,-3.735552798078E-02,
    5.10001E-02));
#3809 = CARTESIAN_POINT('',(5.361986145689E-02,-3.735552798078E-02,
    5.00001E-02));
#3810 = CARTESIAN_POINT('',(5.021883857871E-02,-3.687270604928E-02,
    5.10001E-02));
#3811 = CARTESIAN_POINT('',(5.021883857871E-02,-3.687270604928E-02,
    5.00001E-02));
#3812 = CARTESIAN_POINT('',(4.694276349334E-02,-3.616203457708E-02,
    5.10001E-02));
#3813 = CARTESIAN_POINT('',(4.694276349334E-02,-3.616203457708E-02,
    5.00001E-02));
#3814 = CARTESIAN_POINT('',(4.378040409558E-02,-3.527243429208E-02,
    5.10001E-02));
#3815 = CARTESIAN_POINT('',(4.378040409558E-02,-3.527243429208E-02,
    5.00001E-02));
#3816 = CARTESIAN_POINT('',(4.074968879713E-02,-3.415502818134E-02,
    5.10001E-02));
#3817 = CARTESIAN_POINT('',(4.074968879713E-02,-3.415502818134E-02,
    5.00001E-02));
#3818 = CARTESIAN_POINT('',(3.781823295164E-02,-3.287871934269E-02,
    5.10001E-02));
#3819 = CARTESIAN_POINT('',(3.781823295164E-02,-3.287871934269E-02,
    5.00001E-02));
#3820 = CARTESIAN_POINT('',(3.597186182815E-02,-3.183875598294E-02,
    5.10001E-02));
#3821 = CARTESIAN_POINT('',(3.597186182815E-02,-3.183875598294E-02,
    5.00001E-02));
#3822 = CARTESIAN_POINT('',(3.505262881527E-02,-3.132100056514E-02,
    5.10001E-02));
#3823 = CARTESIAN_POINT('',(3.505262881527E-02,-3.132100056514E-02,
    5.00001E-02));
#3824 = ADVANCED_FACE('',(#3825),#3837,.T.);
#3825 = FACE_BOUND('',#3826,.T.);
#3826 = EDGE_LOOP('',(#3827,#3828,#3829,#3830,#3831,#3832,#3833,#3834,
    #3835,#3836));
#3827 = ORIENTED_EDGE('',*,*,#3304,.F.);
#3828 = ORIENTED_EDGE('',*,*,#3787,.F.);
#3829 = ORIENTED_EDGE('',*,*,#3714,.F.);
#3830 = ORIENTED_EDGE('',*,*,#3641,.F.);
#3831 = ORIENTED_EDGE('',*,*,#3592,.F.);
#3832 = ORIENTED_EDGE('',*,*,#3570,.F.);
#3833 = ORIENTED_EDGE('',*,*,#3521,.F.);
#3834 = ORIENTED_EDGE('',*,*,#3448,.F.);
#3835 = ORIENTED_EDGE('',*,*,#3375,.F.);
#3836 = ORIENTED_EDGE('',*,*,#3326,.F.);
#3837 = B_SPLINE_SURFACE_WITH_KNOTS('',1,1,(
    (#3838,#3839)
    ,(#3840,#3841
    )),.UNSPECIFIED.,.F.,.F.,.F.,(2,2),(2,2),(-1.38726664463E-03,
    0.101051757746),(-1.331880435891E-02,6.107143954353E-02),
  .PIECEWISE_BEZIER_KNOTS.);
#3838 = CARTESIAN_POINT('',(3.505262881527E-02,-4.869904934563E-02,
    5.10001E-02));
#3839 = CARTESIAN_POINT('',(0.109442872718,-4.869904934563E-02,
    5.100010000001E-02));
#3840 = CARTESIAN_POINT('',(3.505262881527E-02,5.373997504462E-02,
    5.100010000003E-02));
#3841 = CARTESIAN_POINT('',(0.109442872718,5.373997504462E-02,
    5.100010000004E-02));
#3842 = ADVANCED_FACE('',(#3843),#3865,.T.);
#3843 = FACE_BOUND('',#3844,.T.);
#3844 = EDGE_LOOP('',(#3845,#3846,#3853,#3860));
#3845 = ORIENTED_EDGE('',*,*,#490,.F.);
#3846 = ORIENTED_EDGE('',*,*,#3847,.F.);
#3847 = EDGE_CURVE('',#3848,#491,#3850,.T.);
#3848 = VERTEX_POINT('',#3849);
#3849 = CARTESIAN_POINT('',(0.117979458084,-3.650392739441E-02,
    5.10001E-02));
#3850 = B_SPLINE_CURVE_WITH_KNOTS('',1,(#3851,#3852),.UNSPECIFIED.,.F.,
  .F.,(2,2),(-0.,1.E-03),.PIECEWISE_BEZIER_KNOTS.);
#3851 = CARTESIAN_POINT('',(0.117979458084,-3.650392739441E-02,
    5.10001E-02));
#3852 = CARTESIAN_POINT('',(0.117979458084,-3.650392739441E-02,
    5.00001E-02));
#3853 = ORIENTED_EDGE('',*,*,#3854,.T.);
#3854 = EDGE_CURVE('',#3848,#3855,#3857,.T.);
#3855 = VERTEX_POINT('',#3856);
#3856 = CARTESIAN_POINT('',(0.117979458084,-4.747953715051E-02,
    5.10001E-02));
#3857 = B_SPLINE_CURVE_WITH_KNOTS('',1,(#3858,#3859),.UNSPECIFIED.,.F.,
  .F.,(2,2),(0.,1.09756097561E-02),.PIECEWISE_BEZIER_KNOTS.);
#3858 = CARTESIAN_POINT('',(0.117979458084,-3.650392739441E-02,
    5.10001E-02));
#3859 = CARTESIAN_POINT('',(0.117979458084,-4.747953715051E-02,
    5.10001E-02));
#3860 = ORIENTED_EDGE('',*,*,#3861,.T.);
#3861 = EDGE_CURVE('',#3855,#493,#3862,.T.);
#3862 = B_SPLINE_CURVE_WITH_KNOTS('',1,(#3863,#3864),.UNSPECIFIED.,.F.,
  .F.,(2,2),(-0.,1.E-03),.PIECEWISE_BEZIER_KNOTS.);
#3863 = CARTESIAN_POINT('',(0.117979458084,-4.747953715051E-02,
    5.10001E-02));
#3864 = CARTESIAN_POINT('',(0.117979458084,-4.747953715051E-02,
    5.00001E-02));
#3865 = B_SPLINE_SURFACE_WITH_KNOTS('',1,1,(
    (#3866,#3867)
    ,(#3868,#3869
    )),.UNSPECIFIED.,.F.,.F.,.F.,(2,2),(2,2),(0.,1.E-03),(
    -1.09756097561E-02,0.),.PIECEWISE_BEZIER_KNOTS.);
#3866 = CARTESIAN_POINT('',(0.117979458084,-4.747953715051E-02,
    5.10001E-02));
#3867 = CARTESIAN_POINT('',(0.117979458084,-3.650392739441E-02,
    5.10001E-02));
#3868 = CARTESIAN_POINT('',(0.117979458084,-4.747953715051E-02,
    5.00001E-02));
#3869 = CARTESIAN_POINT('',(0.117979458084,-3.650392739441E-02,
    5.00001E-02));
#3870 = ADVANCED_FACE('',(#3871),#3887,.T.);
#3871 = FACE_BOUND('',#3872,.T.);
#3872 = EDGE_LOOP('',(#3873,#3874,#3875,#3882));
#3873 = ORIENTED_EDGE('',*,*,#499,.F.);
#3874 = ORIENTED_EDGE('',*,*,#3861,.F.);
#3875 = ORIENTED_EDGE('',*,*,#3876,.T.);
#3876 = EDGE_CURVE('',#3855,#3877,#3879,.T.);
#3877 = VERTEX_POINT('',#3878);
#3878 = CARTESIAN_POINT('',(0.169198970279,-4.747953715051E-02,
    5.10001E-02));
#3879 = B_SPLINE_CURVE_WITH_KNOTS('',1,(#3880,#3881),.UNSPECIFIED.,.F.,
  .F.,(2,2),(0.,5.121951219512E-02),.PIECEWISE_BEZIER_KNOTS.);
#3880 = CARTESIAN_POINT('',(0.117979458084,-4.747953715051E-02,
    5.10001E-02));
#3881 = CARTESIAN_POINT('',(0.169198970279,-4.747953715051E-02,
    5.10001E-02));
#3882 = ORIENTED_EDGE('',*,*,#3883,.T.);
#3883 = EDGE_CURVE('',#3877,#500,#3884,.T.);
#3884 = B_SPLINE_CURVE_WITH_KNOTS('',1,(#3885,#3886),.UNSPECIFIED.,.F.,
  .F.,(2,2),(-0.,1.E-03),.PIECEWISE_BEZIER_KNOTS.);
#3885 = CARTESIAN_POINT('',(0.169198970279,-4.747953715051E-02,
    5.10001E-02));
#3886 = CARTESIAN_POINT('',(0.169198970279,-4.747953715051E-02,
    5.00001E-02));
#3887 = B_SPLINE_SURFACE_WITH_KNOTS('',1,1,(
    (#3888,#3889)
    ,(#3890,#3891
    )),.UNSPECIFIED.,.F.,.F.,.F.,(2,2),(2,2),(-1.E-03,0.),(0.,
    5.121951219512E-02),.PIECEWISE_BEZIER_KNOTS.);
#3888 = CARTESIAN_POINT('',(0.117979458084,-4.747953715051E-02,
    5.00001E-02));
#3889 = CARTESIAN_POINT('',(0.169198970279,-4.747953715051E-02,
    5.00001E-02));
#3890 = CARTESIAN_POINT('',(0.117979458084,-4.747953715051E-02,
    5.10001E-02));
#3891 = CARTESIAN_POINT('',(0.169198970279,-4.747953715051E-02,
    5.10001E-02));
#3892 = ADVANCED_FACE('',(#3893),#3909,.T.);
#3893 = FACE_BOUND('',#3894,.T.);
#3894 = EDGE_LOOP('',(#3895,#3896,#3897,#3904));
#3895 = ORIENTED_EDGE('',*,*,#506,.F.);
#3896 = ORIENTED_EDGE('',*,*,#3883,.F.);
#3897 = ORIENTED_EDGE('',*,*,#3898,.T.);
#3898 = EDGE_CURVE('',#3877,#3899,#3901,.T.);
#3899 = VERTEX_POINT('',#3900);
#3900 = CARTESIAN_POINT('',(0.169198970279,5.252046284949E-02,
    5.10001E-02));
#3901 = B_SPLINE_CURVE_WITH_KNOTS('',1,(#3902,#3903),.UNSPECIFIED.,.F.,
  .F.,(2,2),(0.,0.1),.PIECEWISE_BEZIER_KNOTS.);
#3902 = CARTESIAN_POINT('',(0.169198970279,-4.747953715051E-02,
    5.10001E-02));
#3903 = CARTESIAN_POINT('',(0.169198970279,5.252046284949E-02,
    5.10001E-02));
#3904 = ORIENTED_EDGE('',*,*,#3905,.T.);
#3905 = EDGE_CURVE('',#3899,#507,#3906,.T.);
#3906 = B_SPLINE_CURVE_WITH_KNOTS('',1,(#3907,#3908),.UNSPECIFIED.,.F.,
  .F.,(2,2),(-0.,1.E-03),.PIECEWISE_BEZIER_KNOTS.);
#3907 = CARTESIAN_POINT('',(0.169198970279,5.252046284949E-02,
    5.10001E-02));
#3908 = CARTESIAN_POINT('',(0.169198970279,5.252046284949E-02,
    5.00001E-02));
#3909 = B_SPLINE_SURFACE_WITH_KNOTS('',1,1,(
    (#3910,#3911)
    ,(#3912,#3913
    )),.UNSPECIFIED.,.F.,.F.,.F.,(2,2),(2,2),(-1.E-03,0.),(0.,0.1),
  .PIECEWISE_BEZIER_KNOTS.);
#3910 = CARTESIAN_POINT('',(0.169198970279,-4.747953715051E-02,
    5.00001E-02));
#3911 = CARTESIAN_POINT('',(0.169198970279,5.252046284949E-02,
    5.00001E-02));
#3912 = CARTESIAN_POINT('',(0.169198970279,-4.747953715051E-02,
    5.10001E-02));
#3913 = CARTESIAN_POINT('',(0.169198970279,5.252046284949E-02,
    5.10001E-02));
#3914 = ADVANCED_FACE('',(#3915),#3931,.T.);
#3915 = FACE_BOUND('',#3916,.T.);
#3916 = EDGE_LOOP('',(#3917,#3918,#3919,#3926));
#3917 = ORIENTED_EDGE('',*,*,#513,.F.);
#3918 = ORIENTED_EDGE('',*,*,#3905,.F.);
#3919 = ORIENTED_EDGE('',*,*,#3920,.T.);
#3920 = EDGE_CURVE('',#3899,#3921,#3923,.T.);
#3921 = VERTEX_POINT('',#3922);
#3922 = CARTESIAN_POINT('',(0.155784336132,5.252046284949E-02,
    5.10001E-02));
#3923 = B_SPLINE_CURVE_WITH_KNOTS('',1,(#3924,#3925),.UNSPECIFIED.,.F.,
  .F.,(2,2),(0.,1.341463414634E-02),.PIECEWISE_BEZIER_KNOTS.);
#3924 = CARTESIAN_POINT('',(0.169198970279,5.252046284949E-02,
    5.10001E-02));
#3925 = CARTESIAN_POINT('',(0.155784336132,5.252046284949E-02,
    5.10001E-02));
#3926 = ORIENTED_EDGE('',*,*,#3927,.T.);
#3927 = EDGE_CURVE('',#3921,#514,#3928,.T.);
#3928 = B_SPLINE_CURVE_WITH_KNOTS('',1,(#3929,#3930),.UNSPECIFIED.,.F.,
  .F.,(2,2),(-0.,1.E-03),.PIECEWISE_BEZIER_KNOTS.);
#3929 = CARTESIAN_POINT('',(0.155784336132,5.252046284949E-02,
    5.10001E-02));
#3930 = CARTESIAN_POINT('',(0.155784336132,5.252046284949E-02,
    5.00001E-02));
#3931 = B_SPLINE_SURFACE_WITH_KNOTS('',1,1,(
    (#3932,#3933)
    ,(#3934,#3935)),.UNSPECIFIED.,.F.,.F.,.F.,(2,2),(2,2),(0.,1.E-03),(
    -1.341463414634E-02,0.),.PIECEWISE_BEZIER_KNOTS.);
#3932 = CARTESIAN_POINT('',(0.155784336132,5.252046284949E-02,
    5.10001E-02));
#3933 = CARTESIAN_POINT('',(0.169198970279,5.252046284949E-02,
    5.10001E-02));
#3934 = CARTESIAN_POINT('',(0.155784336132,5.252046284949E-02,
    5.00001E-02));
#3935 = CARTESIAN_POINT('',(0.169198970279,5.252046284949E-02,
    5.00001E-02));
#3936 = ADVANCED_FACE('',(#3937),#3953,.T.);
#3937 = FACE_BOUND('',#3938,.T.);
#3938 = EDGE_LOOP('',(#3939,#3940,#3941,#3948));
#3939 = ORIENTED_EDGE('',*,*,#520,.F.);
#3940 = ORIENTED_EDGE('',*,*,#3927,.F.);
#3941 = ORIENTED_EDGE('',*,*,#3942,.T.);
#3942 = EDGE_CURVE('',#3921,#3943,#3945,.T.);
#3943 = VERTEX_POINT('',#3944);
#3944 = CARTESIAN_POINT('',(0.155784336132,-3.650392739441E-02,
    5.10001E-02));
#3945 = B_SPLINE_CURVE_WITH_KNOTS('',1,(#3946,#3947),.UNSPECIFIED.,.F.,
  .F.,(2,2),(0.,8.90243902439E-02),.PIECEWISE_BEZIER_KNOTS.);
#3946 = CARTESIAN_POINT('',(0.155784336132,5.252046284949E-02,
    5.10001E-02));
#3947 = CARTESIAN_POINT('',(0.155784336132,-3.650392739441E-02,
    5.10001E-02));
#3948 = ORIENTED_EDGE('',*,*,#3949,.T.);
#3949 = EDGE_CURVE('',#3943,#521,#3950,.T.);
#3950 = B_SPLINE_CURVE_WITH_KNOTS('',1,(#3951,#3952),.UNSPECIFIED.,.F.,
  .F.,(2,2),(-0.,1.E-03),.PIECEWISE_BEZIER_KNOTS.);
#3951 = CARTESIAN_POINT('',(0.155784336132,-3.650392739441E-02,
    5.10001E-02));
#3952 = CARTESIAN_POINT('',(0.155784336132,-3.650392739441E-02,
    5.00001E-02));
#3953 = B_SPLINE_SURFACE_WITH_KNOTS('',1,1,(
    (#3954,#3955)
    ,(#3956,#3957
    )),.UNSPECIFIED.,.F.,.F.,.F.,(2,2),(2,2),(0.,1.E-03),(
    -8.90243902439E-02,0.),.PIECEWISE_BEZIER_KNOTS.);
#3954 = CARTESIAN_POINT('',(0.155784336132,-3.650392739441E-02,
    5.10001E-02));
#3955 = CARTESIAN_POINT('',(0.155784336132,5.252046284949E-02,
    5.10001E-02));
#3956 = CARTESIAN_POINT('',(0.155784336132,-3.650392739441E-02,
    5.00001E-02));
#3957 = CARTESIAN_POINT('',(0.155784336132,5.252046284949E-02,
    5.00001E-02));
#3958 = ADVANCED_FACE('',(#3959),#3969,.T.);
#3959 = FACE_BOUND('',#3960,.T.);
#3960 = EDGE_LOOP('',(#3961,#3962,#3963,#3968));
#3961 = ORIENTED_EDGE('',*,*,#527,.F.);
#3962 = ORIENTED_EDGE('',*,*,#3949,.F.);
#3963 = ORIENTED_EDGE('',*,*,#3964,.T.);
#3964 = EDGE_CURVE('',#3943,#3848,#3965,.T.);
#3965 = B_SPLINE_CURVE_WITH_KNOTS('',1,(#3966,#3967),.UNSPECIFIED.,.F.,
  .F.,(2,2),(0.,3.780487804878E-02),.PIECEWISE_BEZIER_KNOTS.);
#3966 = CARTESIAN_POINT('',(0.155784336132,-3.650392739441E-02,
    5.10001E-02));
#3967 = CARTESIAN_POINT('',(0.117979458084,-3.650392739441E-02,
    5.10001E-02));
#3968 = ORIENTED_EDGE('',*,*,#3847,.T.);
#3969 = B_SPLINE_SURFACE_WITH_KNOTS('',1,1,(
    (#3970,#3971)
    ,(#3972,#3973)),.UNSPECIFIED.,.F.,.F.,.F.,(2,2),(2,2),(0.,1.E-03),(
    -3.780487804878E-02,0.),.PIECEWISE_BEZIER_KNOTS.);
#3970 = CARTESIAN_POINT('',(0.117979458084,-3.650392739441E-02,
    5.10001E-02));
#3971 = CARTESIAN_POINT('',(0.155784336132,-3.650392739441E-02,
    5.10001E-02));
#3972 = CARTESIAN_POINT('',(0.117979458084,-3.650392739441E-02,
    5.00001E-02));
#3973 = CARTESIAN_POINT('',(0.155784336132,-3.650392739441E-02,
    5.00001E-02));
#3974 = ADVANCED_FACE('',(#3975),#3983,.F.);
#3975 = FACE_BOUND('',#3976,.T.);
#3976 = EDGE_LOOP('',(#3977,#3978,#3979,#3980,#3981,#3982));
#3977 = ORIENTED_EDGE('',*,*,#3854,.F.);
#3978 = ORIENTED_EDGE('',*,*,#3964,.F.);
#3979 = ORIENTED_EDGE('',*,*,#3942,.F.);
#3980 = ORIENTED_EDGE('',*,*,#3920,.F.);
#3981 = ORIENTED_EDGE('',*,*,#3898,.F.);
#3982 = ORIENTED_EDGE('',*,*,#3876,.F.);
#3983 = B_SPLINE_SURFACE_WITH_KNOTS('',1,1,(
    (#3984,#3985)
    ,(#3986,#3987
    )),.UNSPECIFIED.,.F.,.F.,.F.,(2,2),(2,2),(0.117979458084,
    0.169198970279),(-4.747953715051E-02,5.252046284949E-02),
  .PIECEWISE_BEZIER_KNOTS.);
#3984 = CARTESIAN_POINT('',(0.117979458084,-4.747953715051E-02,
    5.10001E-02));
#3985 = CARTESIAN_POINT('',(0.117979458084,5.252046284949E-02,
    5.10001E-02));
#3986 = CARTESIAN_POINT('',(0.169198970279,-4.747953715051E-02,
    5.10001E-02));
#3987 = CARTESIAN_POINT('',(0.169198970279,5.252046284949E-02,
    5.10001E-02));
#3988 = ADVANCED_FACE('',(#3989),#3997,.F.);
#3989 = FACE_BOUND('',#3990,.T.);
#3990 = EDGE_LOOP('',(#3991,#3992,#3993,#3994,#3995,#3996));
#3991 = ORIENTED_EDGE('',*,*,#2342,.T.);
#3992 = ORIENTED_EDGE('',*,*,#2488,.T.);
#3993 = ORIENTED_EDGE('',*,*,#2451,.T.);
#3994 = ORIENTED_EDGE('',*,*,#2429,.T.);
#3995 = ORIENTED_EDGE('',*,*,#2392,.T.);
#3996 = ORIENTED_EDGE('',*,*,#2370,.T.);
#3997 = B_SPLINE_SURFACE_WITH_KNOTS('',1,1,(
    (#3998,#3999)
    ,(#4000,#4001
    )),.UNSPECIFIED.,.F.,.F.,.F.,(2,2),(2,2),(-0.206429840697,
    -0.172988529721),(-8.455146906603E-03,4.032534089827E-02),
  .PIECEWISE_BEZIER_KNOTS.);
#3998 = CARTESIAN_POINT('',(-0.206429840697,-8.455146906603E-03,
    5.00001E-02));
#3999 = CARTESIAN_POINT('',(-0.206429840697,4.032534089827E-02,
    5.00001E-02));
#4000 = CARTESIAN_POINT('',(-0.172988529721,-8.455146906603E-03,
    5.00001E-02));
#4001 = CARTESIAN_POINT('',(-0.172988529721,4.032534089827E-02,
    5.00001E-02));
#4002 = ADVANCED_FACE('',(#4003),#4010,.F.);
#4003 = FACE_BOUND('',#4004,.T.);
#4004 = EDGE_LOOP('',(#4005,#4006,#4007,#4008,#4009));
#4005 = ORIENTED_EDGE('',*,*,#2800,.T.);
#4006 = ORIENTED_EDGE('',*,*,#2996,.T.);
#4007 = ORIENTED_EDGE('',*,*,#2974,.T.);
#4008 = ORIENTED_EDGE('',*,*,#2901,.T.);
#4009 = ORIENTED_EDGE('',*,*,#2828,.T.);
#4010 = B_SPLINE_SURFACE_WITH_KNOTS('',1,1,(
    (#4011,#4012)
    ,(#4013,#4014
    )),.UNSPECIFIED.,.F.,.F.,.F.,(2,2),(2,2),(-0.124703468746,
    -7.104493216034E-02),(-3.650392739441E-02,4.15448530934E-02),
  .PIECEWISE_BEZIER_KNOTS.);
#4011 = CARTESIAN_POINT('',(-0.124703468746,-3.650392739441E-02,
    5.00001E-02));
#4012 = CARTESIAN_POINT('',(-0.124703468746,4.15448530934E-02,
    5.00001E-02));
#4013 = CARTESIAN_POINT('',(-7.104493216034E-02,-3.650392739441E-02,
    5.00001E-02));
#4014 = CARTESIAN_POINT('',(-7.104493216034E-02,4.15448530934E-02,
    5.00001E-02));
#4015 = ADVANCED_FACE('',(#4016),#4032,.T.);
#4016 = FACE_BOUND('',#4017,.T.);
#4017 = EDGE_LOOP('',(#4018,#4024,#4025,#4031));
#4018 = ORIENTED_EDGE('',*,*,#4019,.F.);
#4019 = EDGE_CURVE('',#950,#837,#4020,.T.);
#4020 = ( BOUNDED_CURVE() B_SPLINE_CURVE(2,(#4021,#4022,#4023),
.UNSPECIFIED.,.F.,.F.) B_SPLINE_CURVE_WITH_KNOTS((3,3),(0.,
1.500983156715),.PIECEWISE_BEZIER_KNOTS.) CURVE() 
GEOMETRIC_REPRESENTATION_ITEM() RATIONAL_B_SPLINE_CURVE((1.,
0.731353701619,1.)) REPRESENTATION_ITEM('') );
#4021 = CARTESIAN_POINT('',(1.38239620211,0.58239620211,1.0500001));
#4022 = CARTESIAN_POINT('',(1.429021956417,0.58239620211,1.0500001));
#4023 = CARTESIAN_POINT('',(1.432274404623,0.58239620211,1.003487923687)
  );
#4024 = ORIENTED_EDGE('',*,*,#949,.F.);
#4025 = ORIENTED_EDGE('',*,*,#4026,.F.);
#4026 = EDGE_CURVE('',#839,#943,#4027,.T.);
#4027 = ( BOUNDED_CURVE() B_SPLINE_CURVE(2,(#4028,#4029,#4030),
.UNSPECIFIED.,.F.,.F.) B_SPLINE_CURVE_WITH_KNOTS((3,3),(1.640609496875,
3.14159265359),.PIECEWISE_BEZIER_KNOTS.) CURVE() 
GEOMETRIC_REPRESENTATION_ITEM() RATIONAL_B_SPLINE_CURVE((1.,
0.731353701619,1.)) REPRESENTATION_ITEM('') );
#4028 = CARTESIAN_POINT('',(1.432274404623,-0.58239620211,1.003487923687
    ));
#4029 = CARTESIAN_POINT('',(1.429021956417,-0.58239620211,1.0500001));
#4030 = CARTESIAN_POINT('',(1.38239620211,-0.58239620211,1.0500001));
#4031 = ORIENTED_EDGE('',*,*,#836,.F.);
#4032 = ( BOUNDED_SURFACE() B_SPLINE_SURFACE(2,1,(
    (#4033,#4034)
    ,(#4035,#4036)
    ,(#4037,#4038
)),.UNSPECIFIED.,.F.,.F.,.F.) B_SPLINE_SURFACE_WITH_KNOTS((3,3),(2,2),(
    0.,1.500983156715),(-0.58239620211,0.58239620211),
.PIECEWISE_BEZIER_KNOTS.) GEOMETRIC_REPRESENTATION_ITEM() 
RATIONAL_B_SPLINE_SURFACE((
    (1.,1.)
    ,(0.731353701619,0.731353701619)
,(1.,1.))) REPRESENTATION_ITEM('') SURFACE() );
#4033 = CARTESIAN_POINT('',(1.38239620211,-0.58239620211,1.0500001));
#4034 = CARTESIAN_POINT('',(1.38239620211,0.58239620211,1.0500001));
#4035 = CARTESIAN_POINT('',(1.429021956417,-0.58239620211,1.0500001));
#4036 = CARTESIAN_POINT('',(1.429021956417,0.58239620211,1.0500001));
#4037 = CARTESIAN_POINT('',(1.432274404623,-0.58239620211,1.003487923687
    ));
#4038 = CARTESIAN_POINT('',(1.432274404623,0.58239620211,1.003487923687)
  );
#4039 = ADVANCED_FACE('',(#4040),#4055,.T.);
#4040 = FACE_BOUND('',#4041,.T.);
#4041 = EDGE_LOOP('',(#4042,#4048,#4049));
#4042 = ORIENTED_EDGE('',*,*,#4043,.F.);
#4043 = EDGE_CURVE('',#950,#867,#4044,.T.);
#4044 = ( BOUNDED_CURVE() B_SPLINE_CURVE(2,(#4045,#4046,#4047),
.UNSPECIFIED.,.F.,.F.) B_SPLINE_CURVE_WITH_KNOTS((3,3),(3.14159265359,
4.642575810305),.PIECEWISE_BEZIER_KNOTS.) CURVE() 
GEOMETRIC_REPRESENTATION_ITEM() RATIONAL_B_SPLINE_CURVE((1.,
0.731353701619,1.)) REPRESENTATION_ITEM('') );
#4045 = CARTESIAN_POINT('',(1.38239620211,0.58239620211,1.0500001));
#4046 = CARTESIAN_POINT('',(1.38239620211,0.629021956417,1.0500001));
#4047 = CARTESIAN_POINT('',(1.38239620211,0.632274404623,1.003487923687)
  );
#4048 = ORIENTED_EDGE('',*,*,#4019,.T.);
#4049 = ORIENTED_EDGE('',*,*,#4050,.F.);
#4050 = EDGE_CURVE('',#867,#837,#4051,.T.);
#4051 = ( BOUNDED_CURVE() B_SPLINE_CURVE(2,(#4052,#4053,#4054),
.UNSPECIFIED.,.F.,.F.) B_SPLINE_CURVE_WITH_KNOTS((3,3),(4.717254965217,
6.28318530718),.PIECEWISE_BEZIER_KNOTS.) CURVE() 
GEOMETRIC_REPRESENTATION_ITEM() RATIONAL_B_SPLINE_CURVE((1.,
0.708825072084,1.)) REPRESENTATION_ITEM('') );
#4052 = CARTESIAN_POINT('',(1.38239620211,0.632274404623,1.003487923687)
  );
#4053 = CARTESIAN_POINT('',(1.432032874282,0.632032874282,1.006941968481
    ));
#4054 = CARTESIAN_POINT('',(1.432274404623,0.58239620211,1.003487923687)
  );
#4055 = ( BOUNDED_SURFACE() B_SPLINE_SURFACE(2,2,(
    (#4056,#4057,#4058)
    ,(#4059,#4060,#4061)
    ,(#4062,#4063,#4064
)),.UNSPECIFIED.,.F.,.F.,.F.) B_SPLINE_SURFACE_WITH_KNOTS((3,3),(3,3),(
    4.712388980385,6.2133721371),(0.,1.500983156715),
.PIECEWISE_BEZIER_KNOTS.) GEOMETRIC_REPRESENTATION_ITEM() 
RATIONAL_B_SPLINE_SURFACE((
    (1.,0.731353701619,1.)
    ,(0.731353701619,0.534878236872,0.731353701619)
,(1.,0.731353701619,1.))) REPRESENTATION_ITEM('') SURFACE() );
#4056 = CARTESIAN_POINT('',(1.38239620211,0.58239620211,1.0500001));
#4057 = CARTESIAN_POINT('',(1.38239620211,0.629021956417,1.0500001));
#4058 = CARTESIAN_POINT('',(1.38239620211,0.632274404623,1.003487923687)
  );
#4059 = CARTESIAN_POINT('',(1.429021956417,0.58239620211,1.0500001));
#4060 = CARTESIAN_POINT('',(1.429021956417,0.629021956417,1.0500001));
#4061 = CARTESIAN_POINT('',(1.385648650316,0.632274404623,1.003487923687
    ));
#4062 = CARTESIAN_POINT('',(1.432274404623,0.58239620211,1.003487923687)
  );
#4063 = CARTESIAN_POINT('',(1.432274404623,0.629021956417,1.003487923687
    ));
#4064 = CARTESIAN_POINT('',(1.385875529634,0.632274404623,1.000243398281
    ));
#4065 = ADVANCED_FACE('',(#4066),#4081,.T.);
#4066 = FACE_BOUND('',#4067,.T.);
#4067 = EDGE_LOOP('',(#4068,#4074,#4075));
#4068 = ORIENTED_EDGE('',*,*,#4069,.F.);
#4069 = EDGE_CURVE('',#839,#634,#4070,.T.);
#4070 = ( BOUNDED_CURVE() B_SPLINE_CURVE(2,(#4071,#4072,#4073),
.UNSPECIFIED.,.F.,.F.) B_SPLINE_CURVE_WITH_KNOTS((3,3),(4.717254965217,
6.28318530718),.PIECEWISE_BEZIER_KNOTS.) CURVE() 
GEOMETRIC_REPRESENTATION_ITEM() RATIONAL_B_SPLINE_CURVE((1.,
0.708825072084,1.)) REPRESENTATION_ITEM('') );
#4071 = CARTESIAN_POINT('',(1.432274404623,-0.58239620211,1.003487923687
    ));
#4072 = CARTESIAN_POINT('',(1.432032874282,-0.632032874282,
    1.006941968481));
#4073 = CARTESIAN_POINT('',(1.38239620211,-0.632274404623,1.003487923687
    ));
#4074 = ORIENTED_EDGE('',*,*,#4026,.T.);
#4075 = ORIENTED_EDGE('',*,*,#4076,.F.);
#4076 = EDGE_CURVE('',#634,#943,#4077,.T.);
#4077 = ( BOUNDED_CURVE() B_SPLINE_CURVE(2,(#4078,#4079,#4080),
.UNSPECIFIED.,.F.,.F.) B_SPLINE_CURVE_WITH_KNOTS((3,3),(3.21140582367,
4.712388980385),.PIECEWISE_BEZIER_KNOTS.) CURVE() 
GEOMETRIC_REPRESENTATION_ITEM() RATIONAL_B_SPLINE_CURVE((1.,
0.731353701619,1.)) REPRESENTATION_ITEM('') );
#4078 = CARTESIAN_POINT('',(1.38239620211,-0.632274404623,1.003487923687
    ));
#4079 = CARTESIAN_POINT('',(1.38239620211,-0.629021956417,1.0500001));
#4080 = CARTESIAN_POINT('',(1.38239620211,-0.58239620211,1.0500001));
#4081 = ( BOUNDED_SURFACE() B_SPLINE_SURFACE(2,2,(
    (#4082,#4083,#4084)
    ,(#4085,#4086,#4087)
    ,(#4088,#4089,#4090
)),.UNSPECIFIED.,.F.,.F.,.F.) B_SPLINE_SURFACE_WITH_KNOTS((3,3),(3,3),(
    4.712388980385,6.2133721371),(-1.500983156715,0.),
.PIECEWISE_BEZIER_KNOTS.) GEOMETRIC_REPRESENTATION_ITEM() 
RATIONAL_B_SPLINE_SURFACE((
    (1.,0.731353701619,1.)
    ,(0.731353701619,0.534878236872,0.731353701619)
,(1.,0.731353701619,1.))) REPRESENTATION_ITEM('') SURFACE() );
#4082 = CARTESIAN_POINT('',(1.38239620211,-0.632274404623,1.003487923687
    ));
#4083 = CARTESIAN_POINT('',(1.38239620211,-0.629021956417,1.0500001));
#4084 = CARTESIAN_POINT('',(1.38239620211,-0.58239620211,1.0500001));
#4085 = CARTESIAN_POINT('',(1.385648650316,-0.632274404623,
    1.003487923687));
#4086 = CARTESIAN_POINT('',(1.429021956417,-0.629021956417,1.0500001));
#4087 = CARTESIAN_POINT('',(1.429021956417,-0.58239620211,1.0500001));
#4088 = CARTESIAN_POINT('',(1.385875529634,-0.632274404623,
    1.000243398281));
#4089 = CARTESIAN_POINT('',(1.432274404623,-0.629021956417,
    1.003487923687));
#4090 = CARTESIAN_POINT('',(1.432274404623,-0.58239620211,1.003487923687
    ));
#4091 = ADVANCED_FACE('',(#4092),#4104,.T.);
#4092 = FACE_BOUND('',#4093,.T.);
#4093 = EDGE_LOOP('',(#4094,#4095,#4096,#4103));
#4094 = ORIENTED_EDGE('',*,*,#4050,.T.);
#4095 = ORIENTED_EDGE('',*,*,#851,.F.);
#4096 = ORIENTED_EDGE('',*,*,#4097,.F.);
#4097 = EDGE_CURVE('',#773,#703,#4098,.T.);
#4098 = ( BOUNDED_CURVE() B_SPLINE_CURVE(3,(#4099,#4100,#4101,#4102),
.UNSPECIFIED.,.F.,.F.) B_SPLINE_CURVE_WITH_KNOTS((4,4),(5.500220136198,
7.066150478161),.PIECEWISE_BEZIER_KNOTS.) CURVE() 
GEOMETRIC_REPRESENTATION_ITEM() RATIONAL_B_SPLINE_CURVE((1.,
0.805883381389,0.805883381389,1.)) REPRESENTATION_ITEM('') );
#4099 = CARTESIAN_POINT('',(1.400121797487,0.65,0.7500001));
#4100 = CARTESIAN_POINT('',(1.429369139644,0.65,0.7500001));
#4101 = CARTESIAN_POINT('',(1.45,0.629369139644,0.7500001));
#4102 = CARTESIAN_POINT('',(1.45,0.600121797487,0.7500001));
#4103 = ORIENTED_EDGE('',*,*,#873,.F.);
#4104 = ( BOUNDED_SURFACE() B_SPLINE_SURFACE(2,1,(
    (#4105,#4106)
    ,(#4107,#4108)
    ,(#4109,#4110
)),.UNSPECIFIED.,.F.,.F.,.F.) B_SPLINE_SURFACE_WITH_KNOTS((3,3),(2,2),(
    1.575662311627,3.14159265359),(-5.639181000554E-02,0.19833249237),
.PIECEWISE_BEZIER_KNOTS.) GEOMETRIC_REPRESENTATION_ITEM() 
RATIONAL_B_SPLINE_SURFACE((
    (1.,1.)
    ,(0.708825072084,0.708825072084)
,(1.,1.))) REPRESENTATION_ITEM('') SURFACE() );
#4105 = CARTESIAN_POINT('',(1.38239620211,0.632274404623,1.003487923687)
  );
#4106 = CARTESIAN_POINT('',(1.400121797487,0.65,0.7500001));
#4107 = CARTESIAN_POINT('',(1.432032874282,0.632032874282,1.006941968481
    ));
#4108 = CARTESIAN_POINT('',(1.449758469659,0.649758469659,0.753454144794
    ));
#4109 = CARTESIAN_POINT('',(1.432274404623,0.58239620211,1.003487923687)
  );
#4110 = CARTESIAN_POINT('',(1.45,0.600121797487,0.7500001));
#4111 = ADVANCED_FACE('',(#4112),#4123,.T.);
#4112 = FACE_BOUND('',#4113,.T.);
#4113 = EDGE_LOOP('',(#4114,#4115,#4116,#4122));
#4114 = ORIENTED_EDGE('',*,*,#4043,.T.);
#4115 = ORIENTED_EDGE('',*,*,#864,.F.);
#4116 = ORIENTED_EDGE('',*,*,#4117,.F.);
#4117 = EDGE_CURVE('',#957,#865,#4118,.T.);
#4118 = ( BOUNDED_CURVE() B_SPLINE_CURVE(2,(#4119,#4120,#4121),
.UNSPECIFIED.,.F.,.F.) B_SPLINE_CURVE_WITH_KNOTS((3,3),(1.570796326795,
3.07177948351),.PIECEWISE_BEZIER_KNOTS.) CURVE() 
GEOMETRIC_REPRESENTATION_ITEM() RATIONAL_B_SPLINE_CURVE((1.,
0.731353701619,1.)) REPRESENTATION_ITEM('') );
#4119 = CARTESIAN_POINT('',(-1.38239620211,0.58239620211,1.0500001));
#4120 = CARTESIAN_POINT('',(-1.38239620211,0.629021956417,1.0500001));
#4121 = CARTESIAN_POINT('',(-1.38239620211,0.632274404623,1.003487923687
    ));
#4122 = ORIENTED_EDGE('',*,*,#956,.F.);
#4123 = ( BOUNDED_SURFACE() B_SPLINE_SURFACE(2,1,(
    (#4124,#4125)
    ,(#4126,#4127)
    ,(#4128,#4129
)),.UNSPECIFIED.,.F.,.F.,.F.) B_SPLINE_SURFACE_WITH_KNOTS((3,3),(2,2),(
    0.,1.500983156715),(-1.38239620211,1.38239620211),
.PIECEWISE_BEZIER_KNOTS.) GEOMETRIC_REPRESENTATION_ITEM() 
RATIONAL_B_SPLINE_SURFACE((
    (1.,1.)
    ,(0.731353701619,0.731353701619)
,(1.,1.))) REPRESENTATION_ITEM('') SURFACE() );
#4124 = CARTESIAN_POINT('',(1.38239620211,0.58239620211,1.0500001));
#4125 = CARTESIAN_POINT('',(-1.38239620211,0.58239620211,1.0500001));
#4126 = CARTESIAN_POINT('',(1.38239620211,0.629021956417,1.0500001));
#4127 = CARTESIAN_POINT('',(-1.38239620211,0.629021956417,1.0500001));
#4128 = CARTESIAN_POINT('',(1.38239620211,0.632274404623,1.003487923687)
  );
#4129 = CARTESIAN_POINT('',(-1.38239620211,0.632274404623,1.003487923687
    ));
#4130 = ADVANCED_FACE('',(#4131),#4147,.T.);
#4131 = FACE_BOUND('',#4132,.T.);
#4132 = EDGE_LOOP('',(#4133,#4139,#4140,#4146));
#4133 = ORIENTED_EDGE('',*,*,#4134,.F.);
#4134 = EDGE_CURVE('',#941,#913,#4135,.T.);
#4135 = ( BOUNDED_CURVE() B_SPLINE_CURVE(2,(#4136,#4137,#4138),
.UNSPECIFIED.,.F.,.F.) B_SPLINE_CURVE_WITH_KNOTS((3,3),(3.14159265359,
4.642575810305),.PIECEWISE_BEZIER_KNOTS.) CURVE() 
GEOMETRIC_REPRESENTATION_ITEM() RATIONAL_B_SPLINE_CURVE((1.,
0.731353701619,1.)) REPRESENTATION_ITEM('') );
#4136 = CARTESIAN_POINT('',(-1.38239620211,-0.58239620211,1.0500001));
#4137 = CARTESIAN_POINT('',(-1.429021956417,-0.58239620211,1.0500001));
#4138 = CARTESIAN_POINT('',(-1.432274404623,-0.58239620211,
    1.003487923687));
#4139 = ORIENTED_EDGE('',*,*,#963,.F.);
#4140 = ORIENTED_EDGE('',*,*,#4141,.F.);
#4141 = EDGE_CURVE('',#915,#957,#4142,.T.);
#4142 = ( BOUNDED_CURVE() B_SPLINE_CURVE(2,(#4143,#4144,#4145),
.UNSPECIFIED.,.F.,.F.) B_SPLINE_CURVE_WITH_KNOTS((3,3),(4.782202150464,
6.28318530718),.PIECEWISE_BEZIER_KNOTS.) CURVE() 
GEOMETRIC_REPRESENTATION_ITEM() RATIONAL_B_SPLINE_CURVE((1.,
0.731353701619,1.)) REPRESENTATION_ITEM('') );
#4143 = CARTESIAN_POINT('',(-1.432274404623,0.58239620211,1.003487923687
    ));
#4144 = CARTESIAN_POINT('',(-1.429021956417,0.58239620211,1.0500001));
#4145 = CARTESIAN_POINT('',(-1.38239620211,0.58239620211,1.0500001));
#4146 = ORIENTED_EDGE('',*,*,#912,.F.);
#4147 = ( BOUNDED_SURFACE() B_SPLINE_SURFACE(2,1,(
    (#4148,#4149)
    ,(#4150,#4151)
    ,(#4152,#4153
)),.UNSPECIFIED.,.F.,.F.,.F.) B_SPLINE_SURFACE_WITH_KNOTS((3,3),(2,2),(
    1.570796326795,3.07177948351),(-0.58239620211,0.58239620211),
.PIECEWISE_BEZIER_KNOTS.) GEOMETRIC_REPRESENTATION_ITEM() 
RATIONAL_B_SPLINE_SURFACE((
    (1.,1.)
    ,(0.731353701619,0.731353701619)
,(1.,1.))) REPRESENTATION_ITEM('') SURFACE() );
#4148 = CARTESIAN_POINT('',(-1.38239620211,0.58239620211,1.0500001));
#4149 = CARTESIAN_POINT('',(-1.38239620211,-0.58239620211,1.0500001));
#4150 = CARTESIAN_POINT('',(-1.429021956417,0.58239620211,1.0500001));
#4151 = CARTESIAN_POINT('',(-1.429021956417,-0.58239620211,1.0500001));
#4152 = CARTESIAN_POINT('',(-1.432274404623,0.58239620211,1.003487923687
    ));
#4153 = CARTESIAN_POINT('',(-1.432274404623,-0.58239620211,
    1.003487923687));
#4154 = ADVANCED_FACE('',(#4155),#4166,.T.);
#4155 = FACE_BOUND('',#4156,.T.);
#4156 = EDGE_LOOP('',(#4157,#4158,#4159,#4165));
#4157 = ORIENTED_EDGE('',*,*,#4076,.T.);
#4158 = ORIENTED_EDGE('',*,*,#940,.F.);
#4159 = ORIENTED_EDGE('',*,*,#4160,.F.);
#4160 = EDGE_CURVE('',#641,#941,#4161,.T.);
#4161 = ( BOUNDED_CURVE() B_SPLINE_CURVE(2,(#4162,#4163,#4164),
.UNSPECIFIED.,.F.,.F.) B_SPLINE_CURVE_WITH_KNOTS((3,3),(4.782202150464,
6.28318530718),.PIECEWISE_BEZIER_KNOTS.) CURVE() 
GEOMETRIC_REPRESENTATION_ITEM() RATIONAL_B_SPLINE_CURVE((1.,
0.731353701619,1.)) REPRESENTATION_ITEM('') );
#4162 = CARTESIAN_POINT('',(-1.38239620211,-0.632274404623,
    1.003487923687));
#4163 = CARTESIAN_POINT('',(-1.38239620211,-0.629021956417,1.0500001));
#4164 = CARTESIAN_POINT('',(-1.38239620211,-0.58239620211,1.0500001));
#4165 = ORIENTED_EDGE('',*,*,#640,.F.);
#4166 = ( BOUNDED_SURFACE() B_SPLINE_SURFACE(2,1,(
    (#4167,#4168)
    ,(#4169,#4170)
    ,(#4171,#4172
)),.UNSPECIFIED.,.F.,.F.,.F.) B_SPLINE_SURFACE_WITH_KNOTS((3,3),(2,2),(
    3.14159265359,4.642575810305),(-1.38239620211,1.38239620211),
.PIECEWISE_BEZIER_KNOTS.) GEOMETRIC_REPRESENTATION_ITEM() 
RATIONAL_B_SPLINE_SURFACE((
    (1.,1.)
    ,(0.731353701619,0.731353701619)
,(1.,1.))) REPRESENTATION_ITEM('') SURFACE() );
#4167 = CARTESIAN_POINT('',(-1.38239620211,-0.58239620211,1.0500001));
#4168 = CARTESIAN_POINT('',(1.38239620211,-0.58239620211,1.0500001));
#4169 = CARTESIAN_POINT('',(-1.38239620211,-0.629021956417,1.0500001));
#4170 = CARTESIAN_POINT('',(1.38239620211,-0.629021956417,1.0500001));
#4171 = CARTESIAN_POINT('',(-1.38239620211,-0.632274404623,
    1.003487923687));
#4172 = CARTESIAN_POINT('',(1.38239620211,-0.632274404623,1.003487923687
    ));
#4173 = ADVANCED_FACE('',(#4174),#4186,.T.);
#4174 = FACE_BOUND('',#4175,.T.);
#4175 = EDGE_LOOP('',(#4176,#4177,#4178,#4185));
#4176 = ORIENTED_EDGE('',*,*,#4069,.T.);
#4177 = ORIENTED_EDGE('',*,*,#633,.F.);
#4178 = ORIENTED_EDGE('',*,*,#4179,.F.);
#4179 = EDGE_CURVE('',#701,#550,#4180,.T.);
#4180 = ( BOUNDED_CURVE() B_SPLINE_CURVE(3,(#4181,#4182,#4183,#4184),
.UNSPECIFIED.,.F.,.F.) B_SPLINE_CURVE_WITH_KNOTS((4,4),(5.500220136198,
7.066150478161),.PIECEWISE_BEZIER_KNOTS.) CURVE() 
GEOMETRIC_REPRESENTATION_ITEM() RATIONAL_B_SPLINE_CURVE((1.,
0.805883381389,0.805883381389,1.)) REPRESENTATION_ITEM('') );
#4181 = CARTESIAN_POINT('',(1.45,-0.600121797487,0.7500001));
#4182 = CARTESIAN_POINT('',(1.45,-0.629369139644,0.7500001));
#4183 = CARTESIAN_POINT('',(1.429369139644,-0.65,0.7500001));
#4184 = CARTESIAN_POINT('',(1.400121797487,-0.65,0.7500001));
#4185 = ORIENTED_EDGE('',*,*,#845,.F.);
#4186 = ( BOUNDED_SURFACE() B_SPLINE_SURFACE(2,1,(
    (#4187,#4188)
    ,(#4189,#4190)
    ,(#4191,#4192
)),.UNSPECIFIED.,.F.,.F.,.F.) B_SPLINE_SURFACE_WITH_KNOTS((3,3),(2,2),(
    3.14159265359,4.707522995553),(-0.167731608912,8.699269346315E-02),
.PIECEWISE_BEZIER_KNOTS.) GEOMETRIC_REPRESENTATION_ITEM() 
RATIONAL_B_SPLINE_SURFACE((
    (1.,1.)
    ,(0.708825072084,0.708825072084)
,(1.,1.))) REPRESENTATION_ITEM('') SURFACE() );
#4187 = CARTESIAN_POINT('',(1.432274404623,-0.58239620211,1.003487923687
    ));
#4188 = CARTESIAN_POINT('',(1.45,-0.600121797487,0.7500001));
#4189 = CARTESIAN_POINT('',(1.432032874282,-0.632032874282,
    1.006941968481));
#4190 = CARTESIAN_POINT('',(1.449758469659,-0.649758469659,
    0.753454144794));
#4191 = CARTESIAN_POINT('',(1.38239620211,-0.632274404623,1.003487923687
    ));
#4192 = CARTESIAN_POINT('',(1.400121797487,-0.65,0.7500001));
#4193 = ADVANCED_FACE('',(#4194),#4205,.T.);
#4194 = FACE_BOUND('',#4195,.T.);
#4195 = EDGE_LOOP('',(#4196,#4197,#4198,#4204));
#4196 = ORIENTED_EDGE('',*,*,#4097,.T.);
#4197 = ORIENTED_EDGE('',*,*,#723,.F.);
#4198 = ORIENTED_EDGE('',*,*,#4199,.F.);
#4199 = EDGE_CURVE('',#782,#717,#4200,.T.);
#4200 = ( BOUNDED_CURVE() B_SPLINE_CURVE(2,(#4201,#4202,#4203),
.UNSPECIFIED.,.F.,.F.) B_SPLINE_CURVE_WITH_KNOTS((3,3),(1.575662311627,
3.14159265359),.PIECEWISE_BEZIER_KNOTS.) CURVE() 
GEOMETRIC_REPRESENTATION_ITEM() RATIONAL_B_SPLINE_CURVE((1.,
0.708825072084,1.)) REPRESENTATION_ITEM('') );
#4201 = CARTESIAN_POINT('',(1.354425477333,0.604303679846,
    9.651227631279E-02));
#4202 = CARTESIAN_POINT('',(1.404062149505,0.604062149505,
    9.305823151902E-02));
#4203 = CARTESIAN_POINT('',(1.404303679846,0.554425477333,
    9.651227631279E-02));
#4204 = ORIENTED_EDGE('',*,*,#781,.F.);
#4205 = ( BOUNDED_SURFACE() B_SPLINE_SURFACE(2,1,(
    (#4206,#4207)
    ,(#4208,#4209)
    ,(#4210,#4211
)),.UNSPECIFIED.,.F.,.F.,.F.) B_SPLINE_SURFACE_WITH_KNOTS((3,3),(2,2),(
    0.,1.565930341963),(-0.660146340427,-3.470893148514E-03),
.PIECEWISE_BEZIER_KNOTS.) GEOMETRIC_REPRESENTATION_ITEM() 
RATIONAL_B_SPLINE_SURFACE((
    (1.,1.)
    ,(0.708825072084,0.708825072084)
,(1.,1.))) REPRESENTATION_ITEM('') SURFACE() );
#4206 = CARTESIAN_POINT('',(1.404303679846,0.554425477333,
    9.651227631279E-02));
#4207 = CARTESIAN_POINT('',(1.45,0.600121797487,0.7500001));
#4208 = CARTESIAN_POINT('',(1.404062149505,0.604062149505,
    9.305823151902E-02));
#4209 = CARTESIAN_POINT('',(1.449758469659,0.649758469659,0.746546055206
    ));
#4210 = CARTESIAN_POINT('',(1.354425477333,0.604303679846,
    9.651227631279E-02));
#4211 = CARTESIAN_POINT('',(1.400121797487,0.65,0.7500001));
#4212 = ADVANCED_FACE('',(#4213),#4223,.T.);
#4213 = FACE_BOUND('',#4214,.T.);
#4214 = EDGE_LOOP('',(#4215,#4216,#4217));
#4215 = ORIENTED_EDGE('',*,*,#4141,.T.);
#4216 = ORIENTED_EDGE('',*,*,#4117,.T.);
#4217 = ORIENTED_EDGE('',*,*,#4218,.F.);
#4218 = EDGE_CURVE('',#915,#865,#4219,.T.);
#4219 = ( BOUNDED_CURVE() B_SPLINE_CURVE(2,(#4220,#4221,#4222),
.UNSPECIFIED.,.F.,.F.) B_SPLINE_CURVE_WITH_KNOTS((3,3),(3.14159265359,
4.707522995553),.PIECEWISE_BEZIER_KNOTS.) CURVE() 
GEOMETRIC_REPRESENTATION_ITEM() RATIONAL_B_SPLINE_CURVE((1.,
0.708825072084,1.)) REPRESENTATION_ITEM('') );
#4220 = CARTESIAN_POINT('',(-1.432274404623,0.58239620211,1.003487923687
    ));
#4221 = CARTESIAN_POINT('',(-1.432032874282,0.632032874282,
    1.006941968481));
#4222 = CARTESIAN_POINT('',(-1.38239620211,0.632274404623,1.003487923687
    ));
#4223 = ( BOUNDED_SURFACE() B_SPLINE_SURFACE(2,2,(
    (#4224,#4225,#4226)
    ,(#4227,#4228,#4229)
    ,(#4230,#4231,#4232
)),.UNSPECIFIED.,.F.,.F.,.F.) B_SPLINE_SURFACE_WITH_KNOTS((3,3),(3,3),(
    3.21140582367,4.712388980385),(0.,1.500983156715),
.PIECEWISE_BEZIER_KNOTS.) GEOMETRIC_REPRESENTATION_ITEM() 
RATIONAL_B_SPLINE_SURFACE((
    (1.,0.731353701619,1.)
    ,(0.731353701619,0.534878236872,0.731353701619)
,(1.,0.731353701619,1.))) REPRESENTATION_ITEM('') SURFACE() );
#4224 = CARTESIAN_POINT('',(-1.432274404623,0.58239620211,1.003487923687
    ));
#4225 = CARTESIAN_POINT('',(-1.432274404623,0.629021956417,
    1.003487923687));
#4226 = CARTESIAN_POINT('',(-1.385875529634,0.632274404623,
    1.000243398281));
#4227 = CARTESIAN_POINT('',(-1.429021956417,0.58239620211,1.0500001));
#4228 = CARTESIAN_POINT('',(-1.429021956417,0.629021956417,1.0500001));
#4229 = CARTESIAN_POINT('',(-1.385648650316,0.632274404623,
    1.003487923687));
#4230 = CARTESIAN_POINT('',(-1.38239620211,0.58239620211,1.0500001));
#4231 = CARTESIAN_POINT('',(-1.38239620211,0.629021956417,1.0500001));
#4232 = CARTESIAN_POINT('',(-1.38239620211,0.632274404623,1.003487923687
    ));
#4233 = ADVANCED_FACE('',(#4234),#4244,.T.);
#4234 = FACE_BOUND('',#4235,.T.);
#4235 = EDGE_LOOP('',(#4236,#4237,#4238));
#4236 = ORIENTED_EDGE('',*,*,#4160,.T.);
#4237 = ORIENTED_EDGE('',*,*,#4134,.T.);
#4238 = ORIENTED_EDGE('',*,*,#4239,.F.);
#4239 = EDGE_CURVE('',#641,#913,#4240,.T.);
#4240 = ( BOUNDED_CURVE() B_SPLINE_CURVE(2,(#4241,#4242,#4243),
.UNSPECIFIED.,.F.,.F.) B_SPLINE_CURVE_WITH_KNOTS((3,3),(0.,
1.565930341963),.PIECEWISE_BEZIER_KNOTS.) CURVE() 
GEOMETRIC_REPRESENTATION_ITEM() RATIONAL_B_SPLINE_CURVE((1.,
0.708825072084,1.)) REPRESENTATION_ITEM('') );
#4241 = CARTESIAN_POINT('',(-1.38239620211,-0.632274404623,
    1.003487923687));
#4242 = CARTESIAN_POINT('',(-1.432032874282,-0.632032874282,
    1.006941968481));
#4243 = CARTESIAN_POINT('',(-1.432274404623,-0.58239620211,
    1.003487923687));
#4244 = ( BOUNDED_SURFACE() B_SPLINE_SURFACE(2,2,(
    (#4245,#4246,#4247)
    ,(#4248,#4249,#4250)
    ,(#4251,#4252,#4253
)),.UNSPECIFIED.,.F.,.F.,.F.) B_SPLINE_SURFACE_WITH_KNOTS((3,3),(3,3),(
    3.21140582367,4.712388980385),(-1.500983156715,0.),
.PIECEWISE_BEZIER_KNOTS.) GEOMETRIC_REPRESENTATION_ITEM() 
RATIONAL_B_SPLINE_SURFACE((
    (1.,0.731353701619,1.)
    ,(0.731353701619,0.534878236872,0.731353701619)
,(1.,0.731353701619,1.))) REPRESENTATION_ITEM('') SURFACE() );
#4245 = CARTESIAN_POINT('',(-1.385875529634,-0.632274404623,
    1.000243398281));
#4246 = CARTESIAN_POINT('',(-1.432274404623,-0.629021956417,
    1.003487923687));
#4247 = CARTESIAN_POINT('',(-1.432274404623,-0.58239620211,
    1.003487923687));
#4248 = CARTESIAN_POINT('',(-1.385648650316,-0.632274404623,
    1.003487923687));
#4249 = CARTESIAN_POINT('',(-1.429021956417,-0.629021956417,1.0500001));
#4250 = CARTESIAN_POINT('',(-1.429021956417,-0.58239620211,1.0500001));
#4251 = CARTESIAN_POINT('',(-1.38239620211,-0.632274404623,
    1.003487923687));
#4252 = CARTESIAN_POINT('',(-1.38239620211,-0.629021956417,1.0500001));
#4253 = CARTESIAN_POINT('',(-1.38239620211,-0.58239620211,1.0500001));
#4254 = ADVANCED_FACE('',(#4255),#4266,.T.);
#4255 = FACE_BOUND('',#4256,.T.);
#4256 = EDGE_LOOP('',(#4257,#4258,#4259,#4265));
#4257 = ORIENTED_EDGE('',*,*,#4179,.T.);
#4258 = ORIENTED_EDGE('',*,*,#549,.F.);
#4259 = ORIENTED_EDGE('',*,*,#4260,.F.);
#4260 = EDGE_CURVE('',#710,#543,#4261,.T.);
#4261 = ( BOUNDED_CURVE() B_SPLINE_CURVE(2,(#4262,#4263,#4264),
.UNSPECIFIED.,.F.,.F.) B_SPLINE_CURVE_WITH_KNOTS((3,3),(3.14159265359,
4.707522995553),.PIECEWISE_BEZIER_KNOTS.) CURVE() 
GEOMETRIC_REPRESENTATION_ITEM() RATIONAL_B_SPLINE_CURVE((1.,
0.708825072084,1.)) REPRESENTATION_ITEM('') );
#4262 = CARTESIAN_POINT('',(1.404303679846,-0.554425477333,
    9.651227631279E-02));
#4263 = CARTESIAN_POINT('',(1.404062149505,-0.604062149505,
    9.305823151902E-02));
#4264 = CARTESIAN_POINT('',(1.354425477333,-0.604303679846,
    9.651227631279E-02));
#4265 = ORIENTED_EDGE('',*,*,#709,.F.);
#4266 = ( BOUNDED_SURFACE() B_SPLINE_SURFACE(2,1,(
    (#4267,#4268)
    ,(#4269,#4270)
    ,(#4271,#4272
)),.UNSPECIFIED.,.F.,.F.,.F.) B_SPLINE_SURFACE_WITH_KNOTS((3,3),(2,2),(
    4.717254965217,6.28318530718),(-0.458342954909,0.19833249237),
.PIECEWISE_BEZIER_KNOTS.) GEOMETRIC_REPRESENTATION_ITEM() 
RATIONAL_B_SPLINE_SURFACE((
    (1.,1.)
    ,(0.708825072084,0.708825072084)
,(1.,1.))) REPRESENTATION_ITEM('') SURFACE() );
#4267 = CARTESIAN_POINT('',(1.354425477333,-0.604303679846,
    9.651227631279E-02));
#4268 = CARTESIAN_POINT('',(1.400121797487,-0.65,0.7500001));
#4269 = CARTESIAN_POINT('',(1.404062149505,-0.604062149505,
    9.305823151902E-02));
#4270 = CARTESIAN_POINT('',(1.449758469659,-0.649758469659,
    0.746546055206));
#4271 = CARTESIAN_POINT('',(1.404303679846,-0.554425477333,
    9.651227631279E-02));
#4272 = CARTESIAN_POINT('',(1.45,-0.600121797487,0.7500001));
#4273 = ADVANCED_FACE('',(#4274),#4290,.T.);
#4274 = FACE_BOUND('',#4275,.T.);
#4275 = EDGE_LOOP('',(#4276,#4282,#4283,#4289));
#4276 = ORIENTED_EDGE('',*,*,#4277,.F.);
#4277 = EDGE_CURVE('',#717,#86,#4278,.T.);
#4278 = ( BOUNDED_CURVE() B_SPLINE_CURVE(2,(#4279,#4280,#4281),
.UNSPECIFIED.,.F.,.F.) B_SPLINE_CURVE_WITH_KNOTS((3,3),(1.640609496875,
3.14159265359),.PIECEWISE_BEZIER_KNOTS.) CURVE() 
GEOMETRIC_REPRESENTATION_ITEM() RATIONAL_B_SPLINE_CURVE((1.,
0.731353701619,1.)) REPRESENTATION_ITEM('') );
#4279 = CARTESIAN_POINT('',(1.404303679846,0.554425477333,
    9.651227631279E-02));
#4280 = CARTESIAN_POINT('',(1.40105123164,0.554425477333,5.00001E-02));
#4281 = CARTESIAN_POINT('',(1.354425477333,0.554425477333,5.00001E-02));
#4282 = ORIENTED_EDGE('',*,*,#716,.F.);
#4283 = ORIENTED_EDGE('',*,*,#4284,.F.);
#4284 = EDGE_CURVE('',#70,#710,#4285,.T.);
#4285 = ( BOUNDED_CURVE() B_SPLINE_CURVE(2,(#4286,#4287,#4288),
.UNSPECIFIED.,.F.,.F.) B_SPLINE_CURVE_WITH_KNOTS((3,3),(0.,
1.500983156715),.PIECEWISE_BEZIER_KNOTS.) CURVE() 
GEOMETRIC_REPRESENTATION_ITEM() RATIONAL_B_SPLINE_CURVE((1.,
0.731353701619,1.)) REPRESENTATION_ITEM('') );
#4286 = CARTESIAN_POINT('',(1.354425477333,-0.554425477333,5.00001E-02)
  );
#4287 = CARTESIAN_POINT('',(1.40105123164,-0.554425477333,5.00001E-02));
#4288 = CARTESIAN_POINT('',(1.404303679846,-0.554425477333,
    9.651227631279E-02));
#4289 = ORIENTED_EDGE('',*,*,#92,.F.);
#4290 = ( BOUNDED_SURFACE() B_SPLINE_SURFACE(2,1,(
    (#4291,#4292)
    ,(#4293,#4294)
    ,(#4295,#4296
)),.UNSPECIFIED.,.F.,.F.,.F.) B_SPLINE_SURFACE_WITH_KNOTS((3,3),(2,2),(
    0.,1.500983156715),(9.557452266734E-02,1.204425477333),
.PIECEWISE_BEZIER_KNOTS.) GEOMETRIC_REPRESENTATION_ITEM() 
RATIONAL_B_SPLINE_SURFACE((
    (1.,1.)
    ,(0.731353701619,0.731353701619)
,(1.,1.))) REPRESENTATION_ITEM('') SURFACE() );
#4291 = CARTESIAN_POINT('',(1.354425477333,0.554425477333,5.00001E-02));
#4292 = CARTESIAN_POINT('',(1.354425477333,-0.554425477333,5.00001E-02)
  );
#4293 = CARTESIAN_POINT('',(1.40105123164,0.554425477333,5.00001E-02));
#4294 = CARTESIAN_POINT('',(1.40105123164,-0.554425477333,5.00001E-02));
#4295 = CARTESIAN_POINT('',(1.404303679846,0.554425477333,
    9.651227631279E-02));
#4296 = CARTESIAN_POINT('',(1.404303679846,-0.554425477333,
    9.651227631279E-02));
#4297 = ADVANCED_FACE('',(#4298),#4308,.T.);
#4298 = FACE_BOUND('',#4299,.T.);
#4299 = EDGE_LOOP('',(#4300,#4301,#4302));
#4300 = ORIENTED_EDGE('',*,*,#4199,.T.);
#4301 = ORIENTED_EDGE('',*,*,#4277,.T.);
#4302 = ORIENTED_EDGE('',*,*,#4303,.F.);
#4303 = EDGE_CURVE('',#782,#86,#4304,.T.);
#4304 = ( BOUNDED_CURVE() B_SPLINE_CURVE(2,(#4305,#4306,#4307),
.UNSPECIFIED.,.F.,.F.) B_SPLINE_CURVE_WITH_KNOTS((3,3),(4.782202150464,
6.28318530718),.PIECEWISE_BEZIER_KNOTS.) CURVE() 
GEOMETRIC_REPRESENTATION_ITEM() RATIONAL_B_SPLINE_CURVE((1.,
0.731353701619,1.)) REPRESENTATION_ITEM('') );
#4305 = CARTESIAN_POINT('',(1.354425477333,0.604303679846,
    9.651227631279E-02));
#4306 = CARTESIAN_POINT('',(1.354425477333,0.60105123164,5.00001E-02));
#4307 = CARTESIAN_POINT('',(1.354425477333,0.554425477333,5.00001E-02));
#4308 = ( BOUNDED_SURFACE() B_SPLINE_SURFACE(2,2,(
    (#4309,#4310,#4311)
    ,(#4312,#4313,#4314)
    ,(#4315,#4316,#4317
)),.UNSPECIFIED.,.F.,.F.,.F.) B_SPLINE_SURFACE_WITH_KNOTS((3,3),(3,3),(
    6.981317007977E-02,1.570796326795),(0.,1.500983156715),
.PIECEWISE_BEZIER_KNOTS.) GEOMETRIC_REPRESENTATION_ITEM() 
RATIONAL_B_SPLINE_SURFACE((
    (1.,0.731353701619,1.)
    ,(0.731353701619,0.534878236872,0.731353701619)
,(1.,0.731353701619,1.))) REPRESENTATION_ITEM('') SURFACE() );
#4309 = CARTESIAN_POINT('',(1.404303679846,0.554425477333,
    9.651227631279E-02));
#4310 = CARTESIAN_POINT('',(1.404303679846,0.60105123164,
    9.651227631279E-02));
#4311 = CARTESIAN_POINT('',(1.357904804857,0.604303679846,
    9.975680171854E-02));
#4312 = CARTESIAN_POINT('',(1.40105123164,0.554425477333,5.00001E-02));
#4313 = CARTESIAN_POINT('',(1.40105123164,0.60105123164,5.00001E-02));
#4314 = CARTESIAN_POINT('',(1.357677925539,0.604303679846,
    9.651227631279E-02));
#4315 = CARTESIAN_POINT('',(1.354425477333,0.554425477333,5.00001E-02));
#4316 = CARTESIAN_POINT('',(1.354425477333,0.60105123164,5.00001E-02));
#4317 = CARTESIAN_POINT('',(1.354425477333,0.604303679846,
    9.651227631279E-02));
#4318 = ADVANCED_FACE('',(#4319),#4331,.T.);
#4319 = FACE_BOUND('',#4320,.T.);
#4320 = EDGE_LOOP('',(#4321,#4322,#4323,#4330));
#4321 = ORIENTED_EDGE('',*,*,#4218,.T.);
#4322 = ORIENTED_EDGE('',*,*,#899,.F.);
#4323 = ORIENTED_EDGE('',*,*,#4324,.F.);
#4324 = EDGE_CURVE('',#737,#796,#4325,.T.);
#4325 = ( BOUNDED_CURVE() B_SPLINE_CURVE(3,(#4326,#4327,#4328,#4329),
.UNSPECIFIED.,.F.,.F.) B_SPLINE_CURVE_WITH_KNOTS((4,4),(5.500220136198,
7.066150478161),.PIECEWISE_BEZIER_KNOTS.) CURVE() 
GEOMETRIC_REPRESENTATION_ITEM() RATIONAL_B_SPLINE_CURVE((1.,
0.805883381389,0.805883381389,1.)) REPRESENTATION_ITEM('') );
#4326 = CARTESIAN_POINT('',(-1.45,0.600121797487,0.7500001));
#4327 = CARTESIAN_POINT('',(-1.45,0.629369139644,0.7500001));
#4328 = CARTESIAN_POINT('',(-1.429369139644,0.65,0.7500001));
#4329 = CARTESIAN_POINT('',(-1.400121797487,0.65,0.7500001));
#4330 = ORIENTED_EDGE('',*,*,#921,.F.);
#4331 = ( BOUNDED_SURFACE() B_SPLINE_SURFACE(2,1,(
    (#4332,#4333)
    ,(#4334,#4335)
    ,(#4336,#4337
)),.UNSPECIFIED.,.F.,.F.,.F.) B_SPLINE_SURFACE_WITH_KNOTS((3,3),(2,2),(
    0.,1.565930341963),(-0.258195195524,-3.470893148514E-03),
.PIECEWISE_BEZIER_KNOTS.) GEOMETRIC_REPRESENTATION_ITEM() 
RATIONAL_B_SPLINE_SURFACE((
    (1.,1.)
    ,(0.708825072084,0.708825072084)
,(1.,1.))) REPRESENTATION_ITEM('') SURFACE() );
#4332 = CARTESIAN_POINT('',(-1.432274404623,0.58239620211,1.003487923687
    ));
#4333 = CARTESIAN_POINT('',(-1.45,0.600121797487,0.7500001));
#4334 = CARTESIAN_POINT('',(-1.432032874282,0.632032874282,
    1.006941968481));
#4335 = CARTESIAN_POINT('',(-1.449758469659,0.649758469659,
    0.753454144794));
#4336 = CARTESIAN_POINT('',(-1.38239620211,0.632274404623,1.003487923687
    ));
#4337 = CARTESIAN_POINT('',(-1.400121797487,0.65,0.7500001));
#4338 = ADVANCED_FACE('',(#4339),#4351,.T.);
#4339 = FACE_BOUND('',#4340,.T.);
#4340 = EDGE_LOOP('',(#4341,#4342,#4343,#4350));
#4341 = ORIENTED_EDGE('',*,*,#4239,.T.);
#4342 = ORIENTED_EDGE('',*,*,#927,.F.);
#4343 = ORIENTED_EDGE('',*,*,#4344,.F.);
#4344 = EDGE_CURVE('',#613,#739,#4345,.T.);
#4345 = ( BOUNDED_CURVE() B_SPLINE_CURVE(3,(#4346,#4347,#4348,#4349),
.UNSPECIFIED.,.F.,.F.) B_SPLINE_CURVE_WITH_KNOTS((4,4),(5.500220136198,
7.066150478161),.PIECEWISE_BEZIER_KNOTS.) CURVE() 
GEOMETRIC_REPRESENTATION_ITEM() RATIONAL_B_SPLINE_CURVE((1.,
0.805883381389,0.805883381389,1.)) REPRESENTATION_ITEM('') );
#4346 = CARTESIAN_POINT('',(-1.400121797487,-0.65,0.7500001));
#4347 = CARTESIAN_POINT('',(-1.429369139644,-0.65,0.7500001));
#4348 = CARTESIAN_POINT('',(-1.45,-0.629369139644,0.7500001));
#4349 = CARTESIAN_POINT('',(-1.45,-0.600121797487,0.7500001));
#4350 = ORIENTED_EDGE('',*,*,#647,.F.);
#4351 = ( BOUNDED_SURFACE() B_SPLINE_SURFACE(2,1,(
    (#4352,#4353)
    ,(#4354,#4355)
    ,(#4356,#4357
)),.UNSPECIFIED.,.F.,.F.,.F.) B_SPLINE_SURFACE_WITH_KNOTS((3,3),(2,2),(
    3.14159265359,4.707522995553),(-0.258195195524,-3.470893148514E-03),
.PIECEWISE_BEZIER_KNOTS.) GEOMETRIC_REPRESENTATION_ITEM() 
RATIONAL_B_SPLINE_SURFACE((
    (1.,1.)
    ,(0.708825072084,0.708825072084)
,(1.,1.))) REPRESENTATION_ITEM('') SURFACE() );
#4352 = CARTESIAN_POINT('',(-1.38239620211,-0.632274404623,
    1.003487923687));
#4353 = CARTESIAN_POINT('',(-1.400121797487,-0.65,0.7500001));
#4354 = CARTESIAN_POINT('',(-1.432032874282,-0.632032874282,
    1.006941968481));
#4355 = CARTESIAN_POINT('',(-1.449758469659,-0.649758469659,
    0.753454144794));
#4356 = CARTESIAN_POINT('',(-1.432274404623,-0.58239620211,
    1.003487923687));
#4357 = CARTESIAN_POINT('',(-1.45,-0.600121797487,0.7500001));
#4358 = ADVANCED_FACE('',(#4359),#4369,.T.);
#4359 = FACE_BOUND('',#4360,.T.);
#4360 = EDGE_LOOP('',(#4361,#4362,#4363));
#4361 = ORIENTED_EDGE('',*,*,#4284,.T.);
#4362 = ORIENTED_EDGE('',*,*,#4260,.T.);
#4363 = ORIENTED_EDGE('',*,*,#4364,.F.);
#4364 = EDGE_CURVE('',#70,#543,#4365,.T.);
#4365 = ( BOUNDED_CURVE() B_SPLINE_CURVE(2,(#4366,#4367,#4368),
.UNSPECIFIED.,.F.,.F.) B_SPLINE_CURVE_WITH_KNOTS((3,3),(0.,
1.500983156715),.PIECEWISE_BEZIER_KNOTS.) CURVE() 
GEOMETRIC_REPRESENTATION_ITEM() RATIONAL_B_SPLINE_CURVE((1.,
0.731353701619,1.)) REPRESENTATION_ITEM('') );
#4366 = CARTESIAN_POINT('',(1.354425477333,-0.554425477333,5.00001E-02)
  );
#4367 = CARTESIAN_POINT('',(1.354425477333,-0.60105123164,5.00001E-02));
#4368 = CARTESIAN_POINT('',(1.354425477333,-0.604303679846,
    9.651227631279E-02));
#4369 = ( BOUNDED_SURFACE() B_SPLINE_SURFACE(2,2,(
    (#4370,#4371,#4372)
    ,(#4373,#4374,#4375)
    ,(#4376,#4377,#4378
)),.UNSPECIFIED.,.F.,.F.,.F.) B_SPLINE_SURFACE_WITH_KNOTS((3,3),(3,3),(
    6.981317007977E-02,1.570796326795),(-1.500983156715,0.),
.PIECEWISE_BEZIER_KNOTS.) GEOMETRIC_REPRESENTATION_ITEM() 
RATIONAL_B_SPLINE_SURFACE((
    (1.,0.731353701619,1.)
    ,(0.731353701619,0.534878236872,0.731353701619)
,(1.,0.731353701619,1.))) REPRESENTATION_ITEM('') SURFACE() );
#4370 = CARTESIAN_POINT('',(1.357904804857,-0.604303679846,
    9.975680171854E-02));
#4371 = CARTESIAN_POINT('',(1.404303679846,-0.60105123164,
    9.651227631279E-02));
#4372 = CARTESIAN_POINT('',(1.404303679846,-0.554425477333,
    9.651227631279E-02));
#4373 = CARTESIAN_POINT('',(1.357677925539,-0.604303679846,
    9.651227631279E-02));
#4374 = CARTESIAN_POINT('',(1.40105123164,-0.60105123164,5.00001E-02));
#4375 = CARTESIAN_POINT('',(1.40105123164,-0.554425477333,5.00001E-02));
#4376 = CARTESIAN_POINT('',(1.354425477333,-0.604303679846,
    9.651227631279E-02));
#4377 = CARTESIAN_POINT('',(1.354425477333,-0.60105123164,5.00001E-02));
#4378 = CARTESIAN_POINT('',(1.354425477333,-0.554425477333,5.00001E-02)
  );
#4379 = ADVANCED_FACE('',(#4380),#4391,.T.);
#4380 = FACE_BOUND('',#4381,.T.);
#4381 = EDGE_LOOP('',(#4382,#4383,#4384,#4390));
#4382 = ORIENTED_EDGE('',*,*,#4303,.T.);
#4383 = ORIENTED_EDGE('',*,*,#85,.F.);
#4384 = ORIENTED_EDGE('',*,*,#4385,.F.);
#4385 = EDGE_CURVE('',#789,#79,#4386,.T.);
#4386 = ( BOUNDED_CURVE() B_SPLINE_CURVE(2,(#4387,#4388,#4389),
.UNSPECIFIED.,.F.,.F.) B_SPLINE_CURVE_WITH_KNOTS((3,3),(1.640609496875,
3.14159265359),.PIECEWISE_BEZIER_KNOTS.) CURVE() 
GEOMETRIC_REPRESENTATION_ITEM() RATIONAL_B_SPLINE_CURVE((1.,
0.731353701619,1.)) REPRESENTATION_ITEM('') );
#4387 = CARTESIAN_POINT('',(-1.354425477333,0.604303679846,
    9.651227631279E-02));
#4388 = CARTESIAN_POINT('',(-1.354425477333,0.60105123164,5.00001E-02));
#4389 = CARTESIAN_POINT('',(-1.354425477333,0.554425477333,5.00001E-02)
  );
#4390 = ORIENTED_EDGE('',*,*,#788,.F.);
#4391 = ( BOUNDED_SURFACE() B_SPLINE_SURFACE(2,1,(
    (#4392,#4393)
    ,(#4394,#4395)
    ,(#4396,#4397
)),.UNSPECIFIED.,.F.,.F.,.F.) B_SPLINE_SURFACE_WITH_KNOTS((3,3),(2,2),(
    0.,1.500983156715),(9.557452266734E-02,2.804425477333),
.PIECEWISE_BEZIER_KNOTS.) GEOMETRIC_REPRESENTATION_ITEM() 
RATIONAL_B_SPLINE_SURFACE((
    (1.,1.)
    ,(0.731353701619,0.731353701619)
,(1.,1.))) REPRESENTATION_ITEM('') SURFACE() );
#4392 = CARTESIAN_POINT('',(-1.354425477333,0.554425477333,5.00001E-02)
  );
#4393 = CARTESIAN_POINT('',(1.354425477333,0.554425477333,5.00001E-02));
#4394 = CARTESIAN_POINT('',(-1.354425477333,0.60105123164,5.00001E-02));
#4395 = CARTESIAN_POINT('',(1.354425477333,0.60105123164,5.00001E-02));
#4396 = CARTESIAN_POINT('',(-1.354425477333,0.604303679846,
    9.651227631279E-02));
#4397 = CARTESIAN_POINT('',(1.354425477333,0.604303679846,
    9.651227631279E-02));
#4398 = ADVANCED_FACE('',(#4399),#4410,.T.);
#4399 = FACE_BOUND('',#4400,.T.);
#4400 = EDGE_LOOP('',(#4401,#4402,#4403,#4409));
#4401 = ORIENTED_EDGE('',*,*,#4324,.T.);
#4402 = ORIENTED_EDGE('',*,*,#795,.F.);
#4403 = ORIENTED_EDGE('',*,*,#4404,.F.);
#4404 = EDGE_CURVE('',#746,#789,#4405,.T.);
#4405 = ( BOUNDED_CURVE() B_SPLINE_CURVE(2,(#4406,#4407,#4408),
.UNSPECIFIED.,.F.,.F.) B_SPLINE_CURVE_WITH_KNOTS((3,3),(0.,
1.565930341963),.PIECEWISE_BEZIER_KNOTS.) CURVE() 
GEOMETRIC_REPRESENTATION_ITEM() RATIONAL_B_SPLINE_CURVE((1.,
0.708825072084,1.)) REPRESENTATION_ITEM('') );
#4406 = CARTESIAN_POINT('',(-1.404303679846,0.554425477333,
    9.651227631279E-02));
#4407 = CARTESIAN_POINT('',(-1.404062149505,0.604062149505,
    9.305823151902E-02));
#4408 = CARTESIAN_POINT('',(-1.354425477333,0.604303679846,
    9.651227631279E-02));
#4409 = ORIENTED_EDGE('',*,*,#745,.F.);
#4410 = ( BOUNDED_SURFACE() B_SPLINE_SURFACE(2,1,(
    (#4411,#4412)
    ,(#4413,#4414)
    ,(#4415,#4416
)),.UNSPECIFIED.,.F.,.F.,.F.) B_SPLINE_SURFACE_WITH_KNOTS((3,3),(2,2),(
    1.575662311627,3.14159265359),(-0.660146340427,-3.470893148514E-03),
.PIECEWISE_BEZIER_KNOTS.) GEOMETRIC_REPRESENTATION_ITEM() 
RATIONAL_B_SPLINE_SURFACE((
    (1.,1.)
    ,(0.708825072084,0.708825072084)
,(1.,1.))) REPRESENTATION_ITEM('') SURFACE() );
#4411 = CARTESIAN_POINT('',(-1.354425477333,0.604303679846,
    9.651227631279E-02));
#4412 = CARTESIAN_POINT('',(-1.400121797487,0.65,0.7500001));
#4413 = CARTESIAN_POINT('',(-1.404062149505,0.604062149505,
    9.305823151902E-02));
#4414 = CARTESIAN_POINT('',(-1.449758469659,0.649758469659,
    0.746546055206));
#4415 = CARTESIAN_POINT('',(-1.404303679846,0.554425477333,
    9.651227631279E-02));
#4416 = CARTESIAN_POINT('',(-1.45,0.600121797487,0.7500001));
#4417 = ADVANCED_FACE('',(#4418),#4429,.T.);
#4418 = FACE_BOUND('',#4419,.T.);
#4419 = EDGE_LOOP('',(#4420,#4421,#4422,#4428));
#4420 = ORIENTED_EDGE('',*,*,#4344,.T.);
#4421 = ORIENTED_EDGE('',*,*,#759,.F.);
#4422 = ORIENTED_EDGE('',*,*,#4423,.F.);
#4423 = EDGE_CURVE('',#541,#753,#4424,.T.);
#4424 = ( BOUNDED_CURVE() B_SPLINE_CURVE(2,(#4425,#4426,#4427),
.UNSPECIFIED.,.F.,.F.) B_SPLINE_CURVE_WITH_KNOTS((3,3),(3.14159265359,
4.707522995553),.PIECEWISE_BEZIER_KNOTS.) CURVE() 
GEOMETRIC_REPRESENTATION_ITEM() RATIONAL_B_SPLINE_CURVE((1.,
0.708825072084,1.)) REPRESENTATION_ITEM('') );
#4425 = CARTESIAN_POINT('',(-1.354425477333,-0.604303679846,
    9.651227631279E-02));
#4426 = CARTESIAN_POINT('',(-1.404062149505,-0.604062149505,
    9.305823151902E-02));
#4427 = CARTESIAN_POINT('',(-1.404303679846,-0.554425477333,
    9.651227631279E-02));
#4428 = ORIENTED_EDGE('',*,*,#619,.F.);
#4429 = ( BOUNDED_SURFACE() B_SPLINE_SURFACE(2,1,(
    (#4430,#4431)
    ,(#4432,#4433)
    ,(#4434,#4435
)),.UNSPECIFIED.,.F.,.F.,.F.) B_SPLINE_SURFACE_WITH_KNOTS((3,3),(2,2),(
    4.717254965217,6.28318530718),(-0.569682753816,8.699269346315E-02),
.PIECEWISE_BEZIER_KNOTS.) GEOMETRIC_REPRESENTATION_ITEM() 
RATIONAL_B_SPLINE_SURFACE((
    (1.,1.)
    ,(0.708825072084,0.708825072084)
,(1.,1.))) REPRESENTATION_ITEM('') SURFACE() );
#4430 = CARTESIAN_POINT('',(-1.404303679846,-0.554425477333,
    9.651227631279E-02));
#4431 = CARTESIAN_POINT('',(-1.45,-0.600121797487,0.7500001));
#4432 = CARTESIAN_POINT('',(-1.404062149505,-0.604062149505,
    9.305823151902E-02));
#4433 = CARTESIAN_POINT('',(-1.449758469659,-0.649758469659,
    0.746546055206));
#4434 = CARTESIAN_POINT('',(-1.354425477333,-0.604303679846,
    9.651227631279E-02));
#4435 = CARTESIAN_POINT('',(-1.400121797487,-0.65,0.7500001));
#4436 = ADVANCED_FACE('',(#4437),#4448,.T.);
#4437 = FACE_BOUND('',#4438,.T.);
#4438 = EDGE_LOOP('',(#4439,#4440,#4441,#4447));
#4439 = ORIENTED_EDGE('',*,*,#4364,.T.);
#4440 = ORIENTED_EDGE('',*,*,#540,.F.);
#4441 = ORIENTED_EDGE('',*,*,#4442,.F.);
#4442 = EDGE_CURVE('',#72,#541,#4443,.T.);
#4443 = ( BOUNDED_CURVE() B_SPLINE_CURVE(2,(#4444,#4445,#4446),
.UNSPECIFIED.,.F.,.F.) B_SPLINE_CURVE_WITH_KNOTS((3,3),(3.14159265359,
4.642575810305),.PIECEWISE_BEZIER_KNOTS.) CURVE() 
GEOMETRIC_REPRESENTATION_ITEM() RATIONAL_B_SPLINE_CURVE((1.,
0.731353701619,1.)) REPRESENTATION_ITEM('') );
#4444 = CARTESIAN_POINT('',(-1.354425477333,-0.554425477333,5.00001E-02)
  );
#4445 = CARTESIAN_POINT('',(-1.354425477333,-0.60105123164,5.00001E-02)
  );
#4446 = CARTESIAN_POINT('',(-1.354425477333,-0.604303679846,
    9.651227631279E-02));
#4447 = ORIENTED_EDGE('',*,*,#69,.F.);
#4448 = ( BOUNDED_SURFACE() B_SPLINE_SURFACE(2,1,(
    (#4449,#4450)
    ,(#4451,#4452)
    ,(#4453,#4454
)),.UNSPECIFIED.,.F.,.F.,.F.) B_SPLINE_SURFACE_WITH_KNOTS((3,3),(2,2),(
    3.14159265359,4.642575810305),(-2.804425477333,-9.557452266734E-02),
.PIECEWISE_BEZIER_KNOTS.) GEOMETRIC_REPRESENTATION_ITEM() 
RATIONAL_B_SPLINE_SURFACE((
    (1.,1.)
    ,(0.731353701619,0.731353701619)
,(1.,1.))) REPRESENTATION_ITEM('') SURFACE() );
#4449 = CARTESIAN_POINT('',(1.354425477333,-0.554425477333,5.00001E-02)
  );
#4450 = CARTESIAN_POINT('',(-1.354425477333,-0.554425477333,5.00001E-02)
  );
#4451 = CARTESIAN_POINT('',(1.354425477333,-0.60105123164,5.00001E-02));
#4452 = CARTESIAN_POINT('',(-1.354425477333,-0.60105123164,5.00001E-02)
  );
#4453 = CARTESIAN_POINT('',(1.354425477333,-0.604303679846,
    9.651227631279E-02));
#4454 = CARTESIAN_POINT('',(-1.354425477333,-0.604303679846,
    9.651227631279E-02));
#4455 = ADVANCED_FACE('',(#4456),#4466,.T.);
#4456 = FACE_BOUND('',#4457,.T.);
#4457 = EDGE_LOOP('',(#4458,#4459,#4460));
#4458 = ORIENTED_EDGE('',*,*,#4404,.T.);
#4459 = ORIENTED_EDGE('',*,*,#4385,.T.);
#4460 = ORIENTED_EDGE('',*,*,#4461,.F.);
#4461 = EDGE_CURVE('',#746,#79,#4462,.T.);
#4462 = ( BOUNDED_CURVE() B_SPLINE_CURVE(2,(#4463,#4464,#4465),
.UNSPECIFIED.,.F.,.F.) B_SPLINE_CURVE_WITH_KNOTS((3,3),(
6.981317007977E-02,1.570796326795),.PIECEWISE_BEZIER_KNOTS.) CURVE() 
GEOMETRIC_REPRESENTATION_ITEM() RATIONAL_B_SPLINE_CURVE((1.,
0.731353701619,1.)) REPRESENTATION_ITEM('') );
#4463 = CARTESIAN_POINT('',(-1.404303679846,0.554425477333,
    9.651227631279E-02));
#4464 = CARTESIAN_POINT('',(-1.40105123164,0.554425477333,5.00001E-02));
#4465 = CARTESIAN_POINT('',(-1.354425477333,0.554425477333,5.00001E-02)
  );
#4466 = ( BOUNDED_SURFACE() B_SPLINE_SURFACE(2,2,(
    (#4467,#4468,#4469)
    ,(#4470,#4471,#4472)
    ,(#4473,#4474,#4475
)),.UNSPECIFIED.,.F.,.F.,.F.) B_SPLINE_SURFACE_WITH_KNOTS((3,3),(3,3),(
    1.570796326795,3.07177948351),(-2.22044604925E-15,1.500983156715),
.PIECEWISE_BEZIER_KNOTS.) GEOMETRIC_REPRESENTATION_ITEM() 
RATIONAL_B_SPLINE_SURFACE((
    (1.,0.731353701619,1.)
    ,(0.731353701619,0.534878236872,0.731353701619)
,(1.,0.731353701619,1.))) REPRESENTATION_ITEM('') SURFACE() );
#4467 = CARTESIAN_POINT('',(-1.354425477333,0.554425477333,5.00001E-02)
  );
#4468 = CARTESIAN_POINT('',(-1.354425477333,0.60105123164,5.00001E-02));
#4469 = CARTESIAN_POINT('',(-1.354425477333,0.604303679846,
    9.651227631279E-02));
#4470 = CARTESIAN_POINT('',(-1.40105123164,0.554425477333,5.00001E-02));
#4471 = CARTESIAN_POINT('',(-1.40105123164,0.60105123164,5.00001E-02));
#4472 = CARTESIAN_POINT('',(-1.357677925539,0.604303679846,
    9.651227631279E-02));
#4473 = CARTESIAN_POINT('',(-1.404303679846,0.554425477333,
    9.651227631279E-02));
#4474 = CARTESIAN_POINT('',(-1.404303679846,0.60105123164,
    9.651227631279E-02));
#4475 = CARTESIAN_POINT('',(-1.357904804857,0.604303679846,
    9.975680171854E-02));
#4476 = ADVANCED_FACE('',(#4477),#4487,.T.);
#4477 = FACE_BOUND('',#4478,.T.);
#4478 = EDGE_LOOP('',(#4479,#4480,#4481));
#4479 = ORIENTED_EDGE('',*,*,#4442,.T.);
#4480 = ORIENTED_EDGE('',*,*,#4423,.T.);
#4481 = ORIENTED_EDGE('',*,*,#4482,.F.);
#4482 = EDGE_CURVE('',#72,#753,#4483,.T.);
#4483 = ( BOUNDED_CURVE() B_SPLINE_CURVE(2,(#4484,#4485,#4486),
.UNSPECIFIED.,.F.,.F.) B_SPLINE_CURVE_WITH_KNOTS((3,3),(0.,
1.500983156715),.PIECEWISE_BEZIER_KNOTS.) CURVE() 
GEOMETRIC_REPRESENTATION_ITEM() RATIONAL_B_SPLINE_CURVE((1.,
0.731353701619,1.)) REPRESENTATION_ITEM('') );
#4484 = CARTESIAN_POINT('',(-1.354425477333,-0.554425477333,5.00001E-02)
  );
#4485 = CARTESIAN_POINT('',(-1.40105123164,-0.554425477333,5.00001E-02)
  );
#4486 = CARTESIAN_POINT('',(-1.404303679846,-0.554425477333,
    9.651227631279E-02));
#4487 = ( BOUNDED_SURFACE() B_SPLINE_SURFACE(2,2,(
    (#4488,#4489,#4490)
    ,(#4491,#4492,#4493)
    ,(#4494,#4495,#4496
)),.UNSPECIFIED.,.F.,.F.,.F.) B_SPLINE_SURFACE_WITH_KNOTS((3,3),(3,3),(
    1.570796326795,3.07177948351),(-1.500983156715,0.),
.PIECEWISE_BEZIER_KNOTS.) GEOMETRIC_REPRESENTATION_ITEM() 
RATIONAL_B_SPLINE_SURFACE((
    (1.,0.731353701619,1.)
    ,(0.731353701619,0.534878236872,0.731353701619)
,(1.,0.731353701619,1.))) REPRESENTATION_ITEM('') SURFACE() );
#4488 = CARTESIAN_POINT('',(-1.354425477333,-0.604303679846,
    9.651227631279E-02));
#4489 = CARTESIAN_POINT('',(-1.354425477333,-0.60105123164,5.00001E-02)
  );
#4490 = CARTESIAN_POINT('',(-1.354425477333,-0.554425477333,5.00001E-02)
  );
#4491 = CARTESIAN_POINT('',(-1.357677925539,-0.604303679846,
    9.651227631279E-02));
#4492 = CARTESIAN_POINT('',(-1.40105123164,-0.60105123164,5.00001E-02));
#4493 = CARTESIAN_POINT('',(-1.40105123164,-0.554425477333,5.00001E-02)
  );
#4494 = CARTESIAN_POINT('',(-1.357904804857,-0.604303679846,
    9.975680171854E-02));
#4495 = CARTESIAN_POINT('',(-1.404303679846,-0.60105123164,
    9.651227631279E-02));
#4496 = CARTESIAN_POINT('',(-1.404303679846,-0.554425477333,
    9.651227631279E-02));
#4497 = ADVANCED_FACE('',(#4498),#4504,.T.);
#4498 = FACE_BOUND('',#4499,.T.);
#4499 = EDGE_LOOP('',(#4500,#4501,#4502,#4503));
#4500 = ORIENTED_EDGE('',*,*,#4461,.T.);
#4501 = ORIENTED_EDGE('',*,*,#78,.F.);
#4502 = ORIENTED_EDGE('',*,*,#4482,.T.);
#4503 = ORIENTED_EDGE('',*,*,#752,.F.);
#4504 = ( BOUNDED_SURFACE() B_SPLINE_SURFACE(2,1,(
    (#4505,#4506)
    ,(#4507,#4508)
    ,(#4509,#4510
)),.UNSPECIFIED.,.F.,.F.,.F.) B_SPLINE_SURFACE_WITH_KNOTS((3,3),(2,2),(
    4.712388980385,6.2133721371),(-1.204425477333,-9.557452266734E-02),
.PIECEWISE_BEZIER_KNOTS.) GEOMETRIC_REPRESENTATION_ITEM() 
RATIONAL_B_SPLINE_SURFACE((
    (1.,1.)
    ,(0.731353701619,0.731353701619)
,(1.,1.))) REPRESENTATION_ITEM('') SURFACE() );
#4505 = CARTESIAN_POINT('',(-1.354425477333,-0.554425477333,5.00001E-02)
  );
#4506 = CARTESIAN_POINT('',(-1.354425477333,0.554425477333,5.00001E-02)
  );
#4507 = CARTESIAN_POINT('',(-1.40105123164,-0.554425477333,5.00001E-02)
  );
#4508 = CARTESIAN_POINT('',(-1.40105123164,0.554425477333,5.00001E-02));
#4509 = CARTESIAN_POINT('',(-1.404303679846,-0.554425477333,
    9.651227631279E-02));
#4510 = CARTESIAN_POINT('',(-1.404303679846,0.554425477333,
    9.651227631279E-02));
#4511 = MANIFOLD_SOLID_BREP('',#4512);
#4512 = CLOSED_SHELL('',(#4513,#4549,#4577,#4605,#4633,#4661,#4681,#4695
    ));
#4513 = ADVANCED_FACE('',(#4514),#4544,.F.);
#4514 = FACE_BOUND('',#4515,.T.);
#4515 = EDGE_LOOP('',(#4516,#4525,#4532,#4539));
#4516 = ORIENTED_EDGE('',*,*,#4517,.T.);
#4517 = EDGE_CURVE('',#4518,#4520,#4522,.T.);
#4518 = VERTEX_POINT('',#4519);
#4519 = CARTESIAN_POINT('',(0.977743789027,0.398395249539,1.0500001));
#4520 = VERTEX_POINT('',#4521);
#4521 = CARTESIAN_POINT('',(0.977743789027,0.404191899923,1.0500001));
#4522 = B_SPLINE_CURVE_WITH_KNOTS('',1,(#4523,#4524),.UNSPECIFIED.,.F.,
  .F.,(2,2),(-5.796650383446E-03,0.),.PIECEWISE_BEZIER_KNOTS.);
#4523 = CARTESIAN_POINT('',(0.977743789027,0.398395249539,1.0500001));
#4524 = CARTESIAN_POINT('',(0.977743789027,0.404191899923,1.0500001));
#4525 = ORIENTED_EDGE('',*,*,#4526,.F.);
#4526 = EDGE_CURVE('',#4527,#4520,#4529,.T.);
#4527 = VERTEX_POINT('',#4528);
#4528 = CARTESIAN_POINT('',(0.977743789027,0.404191899923,1.0510001));
#4529 = B_SPLINE_CURVE_WITH_KNOTS('',1,(#4530,#4531),.UNSPECIFIED.,.F.,
  .F.,(2,2),(-0.,1.E-03),.PIECEWISE_BEZIER_KNOTS.);
#4530 = CARTESIAN_POINT('',(0.977743789027,0.404191899923,1.0510001));
#4531 = CARTESIAN_POINT('',(0.977743789027,0.404191899923,1.0500001));
#4532 = ORIENTED_EDGE('',*,*,#4533,.F.);
#4533 = EDGE_CURVE('',#4534,#4527,#4536,.T.);
#4534 = VERTEX_POINT('',#4535);
#4535 = CARTESIAN_POINT('',(0.977743789027,0.398395249539,1.0510001));
#4536 = B_SPLINE_CURVE_WITH_KNOTS('',1,(#4537,#4538),.UNSPECIFIED.,.F.,
  .F.,(2,2),(-5.796650383446E-03,0.),.PIECEWISE_BEZIER_KNOTS.);
#4537 = CARTESIAN_POINT('',(0.977743789027,0.398395249539,1.0510001));
#4538 = CARTESIAN_POINT('',(0.977743789027,0.404191899923,1.0510001));
#4539 = ORIENTED_EDGE('',*,*,#4540,.T.);
#4540 = EDGE_CURVE('',#4534,#4518,#4541,.T.);
#4541 = B_SPLINE_CURVE_WITH_KNOTS('',1,(#4542,#4543),.UNSPECIFIED.,.F.,
  .F.,(2,2),(-0.,1.E-03),.PIECEWISE_BEZIER_KNOTS.);
#4542 = CARTESIAN_POINT('',(0.977743789027,0.398395249539,1.0510001));
#4543 = CARTESIAN_POINT('',(0.977743789027,0.398395249539,1.0500001));
#4544 = B_SPLINE_SURFACE_WITH_KNOTS('',1,1,(
    (#4545,#4546)
    ,(#4547,#4548)),.UNSPECIFIED.,.F.,.F.,.F.,(2,2),(2,2),(-1.E-03,0.),(
    -5.796650383446E-03,0.),.PIECEWISE_BEZIER_KNOTS.);
#4545 = CARTESIAN_POINT('',(0.977743789027,0.398395249539,1.0500001));
#4546 = CARTESIAN_POINT('',(0.977743789027,0.404191899923,1.0500001));
#4547 = CARTESIAN_POINT('',(0.977743789027,0.398395249539,1.0510001));
#4548 = CARTESIAN_POINT('',(0.977743789027,0.404191899923,1.0510001));
#4549 = ADVANCED_FACE('',(#4550),#4572,.F.);
#4550 = FACE_BOUND('',#4551,.T.);
#4551 = EDGE_LOOP('',(#4552,#4559,#4566,#4571));
#4552 = ORIENTED_EDGE('',*,*,#4553,.T.);
#4553 = EDGE_CURVE('',#4520,#4554,#4556,.T.);
#4554 = VERTEX_POINT('',#4555);
#4555 = CARTESIAN_POINT('',(0.957494503606,0.404191899923,1.0500001));
#4556 = B_SPLINE_CURVE_WITH_KNOTS('',1,(#4557,#4558),.UNSPECIFIED.,.F.,
  .F.,(2,2),(-2.024928542042E-02,-0.),.PIECEWISE_BEZIER_KNOTS.);
#4557 = CARTESIAN_POINT('',(0.977743789027,0.404191899923,1.0500001));
#4558 = CARTESIAN_POINT('',(0.957494503606,0.404191899923,1.0500001));
#4559 = ORIENTED_EDGE('',*,*,#4560,.F.);
#4560 = EDGE_CURVE('',#4561,#4554,#4563,.T.);
#4561 = VERTEX_POINT('',#4562);
#4562 = CARTESIAN_POINT('',(0.957494503606,0.404191899923,1.0510001));
#4563 = B_SPLINE_CURVE_WITH_KNOTS('',1,(#4564,#4565),.UNSPECIFIED.,.F.,
  .F.,(2,2),(-0.,1.E-03),.PIECEWISE_BEZIER_KNOTS.);
#4564 = CARTESIAN_POINT('',(0.957494503606,0.404191899923,1.0510001));
#4565 = CARTESIAN_POINT('',(0.957494503606,0.404191899923,1.0500001));
#4566 = ORIENTED_EDGE('',*,*,#4567,.F.);
#4567 = EDGE_CURVE('',#4527,#4561,#4568,.T.);
#4568 = B_SPLINE_CURVE_WITH_KNOTS('',1,(#4569,#4570),.UNSPECIFIED.,.F.,
  .F.,(2,2),(-2.024928542042E-02,-0.),.PIECEWISE_BEZIER_KNOTS.);
#4569 = CARTESIAN_POINT('',(0.977743789027,0.404191899923,1.0510001));
#4570 = CARTESIAN_POINT('',(0.957494503606,0.404191899923,1.0510001));
#4571 = ORIENTED_EDGE('',*,*,#4526,.T.);
#4572 = B_SPLINE_SURFACE_WITH_KNOTS('',1,1,(
    (#4573,#4574)
    ,(#4575,#4576
    )),.UNSPECIFIED.,.F.,.F.,.F.,(2,2),(2,2),(0.,1.E-03),(0.,
    2.024928542042E-02),.PIECEWISE_BEZIER_KNOTS.);
#4573 = CARTESIAN_POINT('',(0.957494503606,0.404191899923,1.0510001));
#4574 = CARTESIAN_POINT('',(0.977743789027,0.404191899923,1.0510001));
#4575 = CARTESIAN_POINT('',(0.957494503606,0.404191899923,1.0500001));
#4576 = CARTESIAN_POINT('',(0.977743789027,0.404191899923,1.0500001));
#4577 = ADVANCED_FACE('',(#4578),#4600,.F.);
#4578 = FACE_BOUND('',#4579,.T.);
#4579 = EDGE_LOOP('',(#4580,#4587,#4594,#4599));
#4580 = ORIENTED_EDGE('',*,*,#4581,.T.);
#4581 = EDGE_CURVE('',#4554,#4582,#4584,.T.);
#4582 = VERTEX_POINT('',#4583);
#4583 = CARTESIAN_POINT('',(0.957494503606,0.449239411647,1.0500001));
#4584 = B_SPLINE_CURVE_WITH_KNOTS('',1,(#4585,#4586),.UNSPECIFIED.,.F.,
  .F.,(2,2),(-4.504751172439E-02,0.),.PIECEWISE_BEZIER_KNOTS.);
#4585 = CARTESIAN_POINT('',(0.957494503606,0.404191899923,1.0500001));
#4586 = CARTESIAN_POINT('',(0.957494503606,0.449239411647,1.0500001));
#4587 = ORIENTED_EDGE('',*,*,#4588,.F.);
#4588 = EDGE_CURVE('',#4589,#4582,#4591,.T.);
#4589 = VERTEX_POINT('',#4590);
#4590 = CARTESIAN_POINT('',(0.957494503606,0.449239411647,1.0510001));
#4591 = B_SPLINE_CURVE_WITH_KNOTS('',1,(#4592,#4593),.UNSPECIFIED.,.F.,
  .F.,(2,2),(-0.,1.E-03),.PIECEWISE_BEZIER_KNOTS.);
#4592 = CARTESIAN_POINT('',(0.957494503606,0.449239411647,1.0510001));
#4593 = CARTESIAN_POINT('',(0.957494503606,0.449239411647,1.0500001));
#4594 = ORIENTED_EDGE('',*,*,#4595,.F.);
#4595 = EDGE_CURVE('',#4561,#4589,#4596,.T.);
#4596 = B_SPLINE_CURVE_WITH_KNOTS('',1,(#4597,#4598),.UNSPECIFIED.,.F.,
  .F.,(2,2),(-4.504751172439E-02,0.),.PIECEWISE_BEZIER_KNOTS.);
#4597 = CARTESIAN_POINT('',(0.957494503606,0.404191899923,1.0510001));
#4598 = CARTESIAN_POINT('',(0.957494503606,0.449239411647,1.0510001));
#4599 = ORIENTED_EDGE('',*,*,#4560,.T.);
#4600 = B_SPLINE_SURFACE_WITH_KNOTS('',1,1,(
    (#4601,#4602)
    ,(#4603,#4604)),.UNSPECIFIED.,.F.,.F.,.F.,(2,2),(2,2),(-1.E-03,0.),(
    -4.504751172439E-02,0.),.PIECEWISE_BEZIER_KNOTS.);
#4601 = CARTESIAN_POINT('',(0.957494503606,0.404191899923,1.0500001));
#4602 = CARTESIAN_POINT('',(0.957494503606,0.449239411647,1.0500001));
#4603 = CARTESIAN_POINT('',(0.957494503606,0.404191899923,1.0510001));
#4604 = CARTESIAN_POINT('',(0.957494503606,0.449239411647,1.0510001));
#4605 = ADVANCED_FACE('',(#4606),#4628,.F.);
#4606 = FACE_BOUND('',#4607,.T.);
#4607 = EDGE_LOOP('',(#4608,#4615,#4622,#4627));
#4608 = ORIENTED_EDGE('',*,*,#4609,.T.);
#4609 = EDGE_CURVE('',#4582,#4610,#4612,.T.);
#4610 = VERTEX_POINT('',#4611);
#4611 = CARTESIAN_POINT('',(0.95093103176,0.449239411647,1.0500001));
#4612 = B_SPLINE_CURVE_WITH_KNOTS('',1,(#4613,#4614),.UNSPECIFIED.,.F.,
  .F.,(2,2),(-6.563471846723E-03,-0.),.PIECEWISE_BEZIER_KNOTS.);
#4613 = CARTESIAN_POINT('',(0.957494503606,0.449239411647,1.0500001));
#4614 = CARTESIAN_POINT('',(0.95093103176,0.449239411647,1.0500001));
#4615 = ORIENTED_EDGE('',*,*,#4616,.F.);
#4616 = EDGE_CURVE('',#4617,#4610,#4619,.T.);
#4617 = VERTEX_POINT('',#4618);
#4618 = CARTESIAN_POINT('',(0.95093103176,0.449239411647,1.0510001));
#4619 = B_SPLINE_CURVE_WITH_KNOTS('',1,(#4620,#4621),.UNSPECIFIED.,.F.,
  .F.,(2,2),(-0.,1.E-03),.PIECEWISE_BEZIER_KNOTS.);
#4620 = CARTESIAN_POINT('',(0.95093103176,0.449239411647,1.0510001));
#4621 = CARTESIAN_POINT('',(0.95093103176,0.449239411647,1.0500001));
#4622 = ORIENTED_EDGE('',*,*,#4623,.F.);
#4623 = EDGE_CURVE('',#4589,#4617,#4624,.T.);
#4624 = B_SPLINE_CURVE_WITH_KNOTS('',1,(#4625,#4626),.UNSPECIFIED.,.F.,
  .F.,(2,2),(-6.563471846723E-03,-0.),.PIECEWISE_BEZIER_KNOTS.);
#4625 = CARTESIAN_POINT('',(0.957494503606,0.449239411647,1.0510001));
#4626 = CARTESIAN_POINT('',(0.95093103176,0.449239411647,1.0510001));
#4627 = ORIENTED_EDGE('',*,*,#4588,.T.);
#4628 = B_SPLINE_SURFACE_WITH_KNOTS('',1,1,(
    (#4629,#4630)
    ,(#4631,#4632
    )),.UNSPECIFIED.,.F.,.F.,.F.,(2,2),(2,2),(0.,1.E-03),(0.,
    6.563471846723E-03),.PIECEWISE_BEZIER_KNOTS.);
#4629 = CARTESIAN_POINT('',(0.95093103176,0.449239411647,1.0510001));
#4630 = CARTESIAN_POINT('',(0.957494503606,0.449239411647,1.0510001));
#4631 = CARTESIAN_POINT('',(0.95093103176,0.449239411647,1.0500001));
#4632 = CARTESIAN_POINT('',(0.957494503606,0.449239411647,1.0500001));
#4633 = ADVANCED_FACE('',(#4634),#4656,.F.);
#4634 = FACE_BOUND('',#4635,.T.);
#4635 = EDGE_LOOP('',(#4636,#4643,#4650,#4655));
#4636 = ORIENTED_EDGE('',*,*,#4637,.T.);
#4637 = EDGE_CURVE('',#4610,#4638,#4640,.T.);
#4638 = VERTEX_POINT('',#4639);
#4639 = CARTESIAN_POINT('',(0.95093103176,0.398395249539,1.0500001));
#4640 = B_SPLINE_CURVE_WITH_KNOTS('',1,(#4641,#4642),.UNSPECIFIED.,.F.,
  .F.,(2,2),(-5.084416210783E-02,-0.),.PIECEWISE_BEZIER_KNOTS.);
#4641 = CARTESIAN_POINT('',(0.95093103176,0.449239411647,1.0500001));
#4642 = CARTESIAN_POINT('',(0.95093103176,0.398395249539,1.0500001));
#4643 = ORIENTED_EDGE('',*,*,#4644,.F.);
#4644 = EDGE_CURVE('',#4645,#4638,#4647,.T.);
#4645 = VERTEX_POINT('',#4646);
#4646 = CARTESIAN_POINT('',(0.95093103176,0.398395249539,1.0510001));
#4647 = B_SPLINE_CURVE_WITH_KNOTS('',1,(#4648,#4649),.UNSPECIFIED.,.F.,
  .F.,(2,2),(-0.,1.E-03),.PIECEWISE_BEZIER_KNOTS.);
#4648 = CARTESIAN_POINT('',(0.95093103176,0.398395249539,1.0510001));
#4649 = CARTESIAN_POINT('',(0.95093103176,0.398395249539,1.0500001));
#4650 = ORIENTED_EDGE('',*,*,#4651,.F.);
#4651 = EDGE_CURVE('',#4617,#4645,#4652,.T.);
#4652 = B_SPLINE_CURVE_WITH_KNOTS('',1,(#4653,#4654),.UNSPECIFIED.,.F.,
  .F.,(2,2),(-5.084416210783E-02,-0.),.PIECEWISE_BEZIER_KNOTS.);
#4653 = CARTESIAN_POINT('',(0.95093103176,0.449239411647,1.0510001));
#4654 = CARTESIAN_POINT('',(0.95093103176,0.398395249539,1.0510001));
#4655 = ORIENTED_EDGE('',*,*,#4616,.T.);
#4656 = B_SPLINE_SURFACE_WITH_KNOTS('',1,1,(
    (#4657,#4658)
    ,(#4659,#4660
    )),.UNSPECIFIED.,.F.,.F.,.F.,(2,2),(2,2),(0.,1.E-03),(0.,
    5.084416210783E-02),.PIECEWISE_BEZIER_KNOTS.);
#4657 = CARTESIAN_POINT('',(0.95093103176,0.398395249539,1.0510001));
#4658 = CARTESIAN_POINT('',(0.95093103176,0.449239411647,1.0510001));
#4659 = CARTESIAN_POINT('',(0.95093103176,0.398395249539,1.0500001));
#4660 = CARTESIAN_POINT('',(0.95093103176,0.449239411647,1.0500001));
#4661 = ADVANCED_FACE('',(#4662),#4676,.F.);
#4662 = FACE_BOUND('',#4663,.T.);
#4663 = EDGE_LOOP('',(#4664,#4669,#4670,#4675));
#4664 = ORIENTED_EDGE('',*,*,#4665,.T.);
#4665 = EDGE_CURVE('',#4638,#4518,#4666,.T.);
#4666 = B_SPLINE_CURVE_WITH_KNOTS('',1,(#4667,#4668),.UNSPECIFIED.,.F.,
  .F.,(2,2),(-2.681275726714E-02,0.),.PIECEWISE_BEZIER_KNOTS.);
#4667 = CARTESIAN_POINT('',(0.95093103176,0.398395249539,1.0500001));
#4668 = CARTESIAN_POINT('',(0.977743789027,0.398395249539,1.0500001));
#4669 = ORIENTED_EDGE('',*,*,#4540,.F.);
#4670 = ORIENTED_EDGE('',*,*,#4671,.F.);
#4671 = EDGE_CURVE('',#4645,#4534,#4672,.T.);
#4672 = B_SPLINE_CURVE_WITH_KNOTS('',1,(#4673,#4674),.UNSPECIFIED.,.F.,
  .F.,(2,2),(-2.681275726714E-02,0.),.PIECEWISE_BEZIER_KNOTS.);
#4673 = CARTESIAN_POINT('',(0.95093103176,0.398395249539,1.0510001));
#4674 = CARTESIAN_POINT('',(0.977743789027,0.398395249539,1.0510001));
#4675 = ORIENTED_EDGE('',*,*,#4644,.T.);
#4676 = B_SPLINE_SURFACE_WITH_KNOTS('',1,1,(
    (#4677,#4678)
    ,(#4679,#4680)),.UNSPECIFIED.,.F.,.F.,.F.,(2,2),(2,2),(-1.E-03,0.),(
    -2.681275726714E-02,0.),.PIECEWISE_BEZIER_KNOTS.);
#4677 = CARTESIAN_POINT('',(0.95093103176,0.398395249539,1.0500001));
#4678 = CARTESIAN_POINT('',(0.977743789027,0.398395249539,1.0500001));
#4679 = CARTESIAN_POINT('',(0.95093103176,0.398395249539,1.0510001));
#4680 = CARTESIAN_POINT('',(0.977743789027,0.398395249539,1.0510001));
#4681 = ADVANCED_FACE('',(#4682),#4690,.F.);
#4682 = FACE_BOUND('',#4683,.T.);
#4683 = EDGE_LOOP('',(#4684,#4685,#4686,#4687,#4688,#4689));
#4684 = ORIENTED_EDGE('',*,*,#4533,.T.);
#4685 = ORIENTED_EDGE('',*,*,#4567,.T.);
#4686 = ORIENTED_EDGE('',*,*,#4595,.T.);
#4687 = ORIENTED_EDGE('',*,*,#4623,.T.);
#4688 = ORIENTED_EDGE('',*,*,#4651,.T.);
#4689 = ORIENTED_EDGE('',*,*,#4671,.T.);
#4690 = B_SPLINE_SURFACE_WITH_KNOTS('',1,1,(
    (#4691,#4692)
    ,(#4693,#4694
    )),.UNSPECIFIED.,.F.,.F.,.F.,(2,2),(2,2),(-0.977743789027,
    -0.95093103176),(0.398395249539,0.449239411647),
  .PIECEWISE_BEZIER_KNOTS.);
#4691 = CARTESIAN_POINT('',(0.977743789027,0.398395249539,1.0510001));
#4692 = CARTESIAN_POINT('',(0.977743789027,0.449239411647,1.0510001));
#4693 = CARTESIAN_POINT('',(0.95093103176,0.398395249539,1.0510001));
#4694 = CARTESIAN_POINT('',(0.95093103176,0.449239411647,1.0510001));
#4695 = ADVANCED_FACE('',(#4696),#4704,.T.);
#4696 = FACE_BOUND('',#4697,.T.);
#4697 = EDGE_LOOP('',(#4698,#4699,#4700,#4701,#4702,#4703));
#4698 = ORIENTED_EDGE('',*,*,#4517,.F.);
#4699 = ORIENTED_EDGE('',*,*,#4665,.F.);
#4700 = ORIENTED_EDGE('',*,*,#4637,.F.);
#4701 = ORIENTED_EDGE('',*,*,#4609,.F.);
#4702 = ORIENTED_EDGE('',*,*,#4581,.F.);
#4703 = ORIENTED_EDGE('',*,*,#4553,.F.);
#4704 = B_SPLINE_SURFACE_WITH_KNOTS('',1,1,(
    (#4705,#4706)
    ,(#4707,#4708
    )),.UNSPECIFIED.,.F.,.F.,.F.,(2,2),(2,2),(-0.977743789027,
    -0.95093103176),(0.398395249539,0.449239411647),
  .PIECEWISE_BEZIER_KNOTS.);
#4705 = CARTESIAN_POINT('',(0.977743789027,0.398395249539,1.0500001));
#4706 = CARTESIAN_POINT('',(0.977743789027,0.449239411647,1.0500001));
#4707 = CARTESIAN_POINT('',(0.95093103176,0.398395249539,1.0500001));
#4708 = CARTESIAN_POINT('',(0.95093103176,0.449239411647,1.0500001));
#4709 = MANIFOLD_SOLID_BREP('',#4710);
#4710 = CLOSED_SHELL('',(#4711,#4755,#4783,#4819,#4855,#4891,#4927,#4963
    ,#4999,#5027,#5063,#5099,#5135,#5171,#5199,#5221));
#4711 = ADVANCED_FACE('',(#4712),#4746,.F.);
#4712 = FACE_BOUND('',#4713,.F.);
#4713 = EDGE_LOOP('',(#4714,#4723,#4732,#4739));
#4714 = ORIENTED_EDGE('',*,*,#4715,.F.);
#4715 = EDGE_CURVE('',#4716,#4718,#4720,.T.);
#4716 = VERTEX_POINT('',#4717);
#4717 = CARTESIAN_POINT('',(1.003815718778,0.397537449258,1.0510001));
#4718 = VERTEX_POINT('',#4719);
#4719 = CARTESIAN_POINT('',(1.003815718778,0.397537449258,1.0500001));
#4720 = B_SPLINE_CURVE_WITH_KNOTS('',1,(#4721,#4722),.UNSPECIFIED.,.F.,
  .F.,(2,2),(-0.,1.E-03),.PIECEWISE_BEZIER_KNOTS.);
#4721 = CARTESIAN_POINT('',(1.003815718778,0.397537449258,1.0510001));
#4722 = CARTESIAN_POINT('',(1.003815718778,0.397537449258,1.0500001));
#4723 = ORIENTED_EDGE('',*,*,#4724,.T.);
#4724 = EDGE_CURVE('',#4716,#4725,#4727,.T.);
#4725 = VERTEX_POINT('',#4726);
#4726 = CARTESIAN_POINT('',(1.01789144157,0.40050075932,1.0510001));
#4727 = B_SPLINE_CURVE_WITH_KNOTS('',3,(#4728,#4729,#4730,#4731),
  .UNSPECIFIED.,.F.,.F.,(4,4),(0.,1.),.PIECEWISE_BEZIER_KNOTS.);
#4728 = CARTESIAN_POINT('',(1.003815718778,0.397537449258,1.0510001));
#4729 = CARTESIAN_POINT('',(1.009456405474,0.397537449258,1.0510001));
#4730 = CARTESIAN_POINT('',(1.014148313072,0.398525219278,1.0510001));
#4731 = CARTESIAN_POINT('',(1.01789144157,0.40050075932,1.0510001));
#4732 = ORIENTED_EDGE('',*,*,#4733,.T.);
#4733 = EDGE_CURVE('',#4725,#4734,#4736,.T.);
#4734 = VERTEX_POINT('',#4735);
#4735 = CARTESIAN_POINT('',(1.01789144157,0.40050075932,1.0500001));
#4736 = B_SPLINE_CURVE_WITH_KNOTS('',1,(#4737,#4738),.UNSPECIFIED.,.F.,
  .F.,(2,2),(-0.,1.E-03),.PIECEWISE_BEZIER_KNOTS.);
#4737 = CARTESIAN_POINT('',(1.01789144157,0.40050075932,1.0510001));
#4738 = CARTESIAN_POINT('',(1.01789144157,0.40050075932,1.0500001));
#4739 = ORIENTED_EDGE('',*,*,#4740,.F.);
#4740 = EDGE_CURVE('',#4718,#4734,#4741,.T.);
#4741 = B_SPLINE_CURVE_WITH_KNOTS('',3,(#4742,#4743,#4744,#4745),
  .UNSPECIFIED.,.F.,.F.,(4,4),(0.,1.),.PIECEWISE_BEZIER_KNOTS.);
#4742 = CARTESIAN_POINT('',(1.003815718778,0.397537449258,1.0500001));
#4743 = CARTESIAN_POINT('',(1.009456405474,0.397537449258,1.0500001));
#4744 = CARTESIAN_POINT('',(1.014148313072,0.398525219278,1.0500001));
#4745 = CARTESIAN_POINT('',(1.01789144157,0.40050075932,1.0500001));
#4746 = B_SPLINE_SURFACE_WITH_KNOTS('',3,1,(
    (#4747,#4748)
    ,(#4749,#4750)
    ,(#4751,#4752)
    ,(#4753,#4754
    )),.UNSPECIFIED.,.F.,.F.,.F.,(4,4),(2,2),(0.,1.),(0.,1.),
  .PIECEWISE_BEZIER_KNOTS.);
#4747 = CARTESIAN_POINT('',(1.003815718778,0.397537449258,1.0510001));
#4748 = CARTESIAN_POINT('',(1.003815718778,0.397537449258,1.0500001));
#4749 = CARTESIAN_POINT('',(1.009456405474,0.397537449258,1.0510001));
#4750 = CARTESIAN_POINT('',(1.009456405474,0.397537449258,1.0500001));
#4751 = CARTESIAN_POINT('',(1.014148313072,0.398525219278,1.0510001));
#4752 = CARTESIAN_POINT('',(1.014148313072,0.398525219278,1.0500001));
#4753 = CARTESIAN_POINT('',(1.01789144157,0.40050075932,1.0510001));
#4754 = CARTESIAN_POINT('',(1.01789144157,0.40050075932,1.0500001));
#4755 = ADVANCED_FACE('',(#4756),#4778,.F.);
#4756 = FACE_BOUND('',#4757,.T.);
#4757 = EDGE_LOOP('',(#4758,#4765,#4772,#4777));
#4758 = ORIENTED_EDGE('',*,*,#4759,.T.);
#4759 = EDGE_CURVE('',#4734,#4760,#4762,.T.);
#4760 = VERTEX_POINT('',#4761);
#4761 = CARTESIAN_POINT('',(1.01789144157,0.406791294714,1.0500001));
#4762 = B_SPLINE_CURVE_WITH_KNOTS('',1,(#4763,#4764),.UNSPECIFIED.,.F.,
  .F.,(2,2),(-6.290535393827E-03,0.),.PIECEWISE_BEZIER_KNOTS.);
#4763 = CARTESIAN_POINT('',(1.01789144157,0.40050075932,1.0500001));
#4764 = CARTESIAN_POINT('',(1.01789144157,0.406791294714,1.0500001));
#4765 = ORIENTED_EDGE('',*,*,#4766,.F.);
#4766 = EDGE_CURVE('',#4767,#4760,#4769,.T.);
#4767 = VERTEX_POINT('',#4768);
#4768 = CARTESIAN_POINT('',(1.01789144157,0.406791294714,1.0510001));
#4769 = B_SPLINE_CURVE_WITH_KNOTS('',1,(#4770,#4771),.UNSPECIFIED.,.F.,
  .F.,(2,2),(-0.,1.E-03),.PIECEWISE_BEZIER_KNOTS.);
#4770 = CARTESIAN_POINT('',(1.01789144157,0.406791294714,1.0510001));
#4771 = CARTESIAN_POINT('',(1.01789144157,0.406791294714,1.0500001));
#4772 = ORIENTED_EDGE('',*,*,#4773,.F.);
#4773 = EDGE_CURVE('',#4725,#4767,#4774,.T.);
#4774 = B_SPLINE_CURVE_WITH_KNOTS('',1,(#4775,#4776),.UNSPECIFIED.,.F.,
  .F.,(2,2),(-6.290535393827E-03,0.),.PIECEWISE_BEZIER_KNOTS.);
#4775 = CARTESIAN_POINT('',(1.01789144157,0.40050075932,1.0510001));
#4776 = CARTESIAN_POINT('',(1.01789144157,0.406791294714,1.0510001));
#4777 = ORIENTED_EDGE('',*,*,#4733,.T.);
#4778 = B_SPLINE_SURFACE_WITH_KNOTS('',1,1,(
    (#4779,#4780)
    ,(#4781,#4782)),.UNSPECIFIED.,.F.,.F.,.F.,(2,2),(2,2),(-1.E-03,0.),(
    -6.290535393827E-03,0.),.PIECEWISE_BEZIER_KNOTS.);
#4779 = CARTESIAN_POINT('',(1.01789144157,0.40050075932,1.0500001));
#4780 = CARTESIAN_POINT('',(1.01789144157,0.406791294714,1.0500001));
#4781 = CARTESIAN_POINT('',(1.01789144157,0.40050075932,1.0510001));
#4782 = CARTESIAN_POINT('',(1.01789144157,0.406791294714,1.0510001));
#4783 = ADVANCED_FACE('',(#4784),#4810,.F.);
#4784 = FACE_BOUND('',#4785,.F.);
#4785 = EDGE_LOOP('',(#4786,#4787,#4796,#4803));
#4786 = ORIENTED_EDGE('',*,*,#4766,.F.);
#4787 = ORIENTED_EDGE('',*,*,#4788,.T.);
#4788 = EDGE_CURVE('',#4767,#4789,#4791,.T.);
#4789 = VERTEX_POINT('',#4790);
#4790 = CARTESIAN_POINT('',(1.004764497877,0.403386087537,1.0510001));
#4791 = B_SPLINE_CURVE_WITH_KNOTS('',3,(#4792,#4793,#4794,#4795),
  .UNSPECIFIED.,.F.,.F.,(4,4),(12.,13.),.PIECEWISE_BEZIER_KNOTS.);
#4792 = CARTESIAN_POINT('',(1.01789144157,0.406791294714,1.0510001));
#4793 = CARTESIAN_POINT('',(1.01417430702,0.404529821245,1.0510001));
#4794 = CARTESIAN_POINT('',(1.009794326797,0.403386087537,1.0510001));
#4795 = CARTESIAN_POINT('',(1.004764497877,0.403386087537,1.0510001));
#4796 = ORIENTED_EDGE('',*,*,#4797,.T.);
#4797 = EDGE_CURVE('',#4789,#4798,#4800,.T.);
#4798 = VERTEX_POINT('',#4799);
#4799 = CARTESIAN_POINT('',(1.004764497877,0.403386087537,1.0500001));
#4800 = B_SPLINE_CURVE_WITH_KNOTS('',1,(#4801,#4802),.UNSPECIFIED.,.F.,
  .F.,(2,2),(-0.,1.E-03),.PIECEWISE_BEZIER_KNOTS.);
#4801 = CARTESIAN_POINT('',(1.004764497877,0.403386087537,1.0510001));
#4802 = CARTESIAN_POINT('',(1.004764497877,0.403386087537,1.0500001));
#4803 = ORIENTED_EDGE('',*,*,#4804,.F.);
#4804 = EDGE_CURVE('',#4760,#4798,#4805,.T.);
#4805 = B_SPLINE_CURVE_WITH_KNOTS('',3,(#4806,#4807,#4808,#4809),
  .UNSPECIFIED.,.F.,.F.,(4,4),(12.,13.),.PIECEWISE_BEZIER_KNOTS.);
#4806 = CARTESIAN_POINT('',(1.01789144157,0.406791294714,1.0500001));
#4807 = CARTESIAN_POINT('',(1.01417430702,0.404529821245,1.0500001));
#4808 = CARTESIAN_POINT('',(1.009794326797,0.403386087537,1.0500001));
#4809 = CARTESIAN_POINT('',(1.004764497877,0.403386087537,1.0500001));
#4810 = B_SPLINE_SURFACE_WITH_KNOTS('',3,1,(
    (#4811,#4812)
    ,(#4813,#4814)
    ,(#4815,#4816)
    ,(#4817,#4818
    )),.UNSPECIFIED.,.F.,.F.,.F.,(4,4),(2,2),(12.,13.),(0.,1.),
  .PIECEWISE_BEZIER_KNOTS.);
#4811 = CARTESIAN_POINT('',(1.01789144157,0.406791294714,1.0510001));
#4812 = CARTESIAN_POINT('',(1.01789144157,0.406791294714,1.0500001));
#4813 = CARTESIAN_POINT('',(1.01417430702,0.404529821245,1.0510001));
#4814 = CARTESIAN_POINT('',(1.01417430702,0.404529821245,1.0500001));
#4815 = CARTESIAN_POINT('',(1.009794326797,0.403386087537,1.0510001));
#4816 = CARTESIAN_POINT('',(1.009794326797,0.403386087537,1.0500001));
#4817 = CARTESIAN_POINT('',(1.004764497877,0.403386087537,1.0510001));
#4818 = CARTESIAN_POINT('',(1.004764497877,0.403386087537,1.0500001));
#4819 = ADVANCED_FACE('',(#4820),#4846,.F.);
#4820 = FACE_BOUND('',#4821,.F.);
#4821 = EDGE_LOOP('',(#4822,#4823,#4832,#4839));
#4822 = ORIENTED_EDGE('',*,*,#4797,.F.);
#4823 = ORIENTED_EDGE('',*,*,#4824,.T.);
#4824 = EDGE_CURVE('',#4789,#4825,#4827,.T.);
#4825 = VERTEX_POINT('',#4826);
#4826 = CARTESIAN_POINT('',(0.991702539053,0.408740840806,1.0510001));
#4827 = B_SPLINE_CURVE_WITH_KNOTS('',3,(#4828,#4829,#4830,#4831),
  .UNSPECIFIED.,.F.,.F.,(4,4),(11.,12.),.PIECEWISE_BEZIER_KNOTS.);
#4828 = CARTESIAN_POINT('',(1.004764497877,0.403386087537,1.0510001));
#4829 = CARTESIAN_POINT('',(0.99938375066,0.403386087537,1.0510001));
#4830 = CARTESIAN_POINT('',(0.995029764385,0.405179669943,1.0510001));
#4831 = CARTESIAN_POINT('',(0.991702539053,0.408740840806,1.0510001));
#4832 = ORIENTED_EDGE('',*,*,#4833,.T.);
#4833 = EDGE_CURVE('',#4825,#4834,#4836,.T.);
#4834 = VERTEX_POINT('',#4835);
#4835 = CARTESIAN_POINT('',(0.991702539053,0.408740840806,1.0500001));
#4836 = B_SPLINE_CURVE_WITH_KNOTS('',1,(#4837,#4838),.UNSPECIFIED.,.F.,
  .F.,(2,2),(-0.,1.E-03),.PIECEWISE_BEZIER_KNOTS.);
#4837 = CARTESIAN_POINT('',(0.991702539053,0.408740840806,1.0510001));
#4838 = CARTESIAN_POINT('',(0.991702539053,0.408740840806,1.0500001));
#4839 = ORIENTED_EDGE('',*,*,#4840,.F.);
#4840 = EDGE_CURVE('',#4798,#4834,#4841,.T.);
#4841 = B_SPLINE_CURVE_WITH_KNOTS('',3,(#4842,#4843,#4844,#4845),
  .UNSPECIFIED.,.F.,.F.,(4,4),(11.,12.),.PIECEWISE_BEZIER_KNOTS.);
#4842 = CARTESIAN_POINT('',(1.004764497877,0.403386087537,1.0500001));
#4843 = CARTESIAN_POINT('',(0.99938375066,0.403386087537,1.0500001));
#4844 = CARTESIAN_POINT('',(0.995029764385,0.405179669943,1.0500001));
#4845 = CARTESIAN_POINT('',(0.991702539053,0.408740840806,1.0500001));
#4846 = B_SPLINE_SURFACE_WITH_KNOTS('',3,1,(
    (#4847,#4848)
    ,(#4849,#4850)
    ,(#4851,#4852)
    ,(#4853,#4854
    )),.UNSPECIFIED.,.F.,.F.,.F.,(4,4),(2,2),(11.,12.),(0.,1.),
  .PIECEWISE_BEZIER_KNOTS.);
#4847 = CARTESIAN_POINT('',(1.004764497877,0.403386087537,1.0510001));
#4848 = CARTESIAN_POINT('',(1.004764497877,0.403386087537,1.0500001));
#4849 = CARTESIAN_POINT('',(0.99938375066,0.403386087537,1.0510001));
#4850 = CARTESIAN_POINT('',(0.99938375066,0.403386087537,1.0500001));
#4851 = CARTESIAN_POINT('',(0.995029764385,0.405179669943,1.0510001));
#4852 = CARTESIAN_POINT('',(0.995029764385,0.405179669943,1.0500001));
#4853 = CARTESIAN_POINT('',(0.991702539053,0.408740840806,1.0510001));
#4854 = CARTESIAN_POINT('',(0.991702539053,0.408740840806,1.0500001));
#4855 = ADVANCED_FACE('',(#4856),#4882,.F.);
#4856 = FACE_BOUND('',#4857,.F.);
#4857 = EDGE_LOOP('',(#4858,#4859,#4868,#4875));
#4858 = ORIENTED_EDGE('',*,*,#4833,.F.);
#4859 = ORIENTED_EDGE('',*,*,#4860,.T.);
#4860 = EDGE_CURVE('',#4825,#4861,#4863,.T.);
#4861 = VERTEX_POINT('',#4862);
#4862 = CARTESIAN_POINT('',(0.986711701055,0.423245463739,1.0510001));
#4863 = B_SPLINE_CURVE_WITH_KNOTS('',3,(#4864,#4865,#4866,#4867),
  .UNSPECIFIED.,.F.,.F.,(4,4),(10.,11.),.PIECEWISE_BEZIER_KNOTS.);
#4864 = CARTESIAN_POINT('',(0.991702539053,0.408740840806,1.0510001));
#4865 = CARTESIAN_POINT('',(0.988375313721,0.412328005618,1.0510001));
#4866 = CARTESIAN_POINT('',(0.986711701055,0.417162879929,1.0510001));
#4867 = CARTESIAN_POINT('',(0.986711701055,0.423245463739,1.0510001));
#4868 = ORIENTED_EDGE('',*,*,#4869,.T.);
#4869 = EDGE_CURVE('',#4861,#4870,#4872,.T.);
#4870 = VERTEX_POINT('',#4871);
#4871 = CARTESIAN_POINT('',(0.986711701055,0.423245463739,1.0500001));
#4872 = B_SPLINE_CURVE_WITH_KNOTS('',1,(#4873,#4874),.UNSPECIFIED.,.F.,
  .F.,(2,2),(-0.,1.E-03),.PIECEWISE_BEZIER_KNOTS.);
#4873 = CARTESIAN_POINT('',(0.986711701055,0.423245463739,1.0510001));
#4874 = CARTESIAN_POINT('',(0.986711701055,0.423245463739,1.0500001));
#4875 = ORIENTED_EDGE('',*,*,#4876,.F.);
#4876 = EDGE_CURVE('',#4834,#4870,#4877,.T.);
#4877 = B_SPLINE_CURVE_WITH_KNOTS('',3,(#4878,#4879,#4880,#4881),
  .UNSPECIFIED.,.F.,.F.,(4,4),(10.,11.),.PIECEWISE_BEZIER_KNOTS.);
#4878 = CARTESIAN_POINT('',(0.991702539053,0.408740840806,1.0500001));
#4879 = CARTESIAN_POINT('',(0.988375313721,0.412328005618,1.0500001));
#4880 = CARTESIAN_POINT('',(0.986711701055,0.417162879929,1.0500001));
#4881 = CARTESIAN_POINT('',(0.986711701055,0.423245463739,1.0500001));
#4882 = B_SPLINE_SURFACE_WITH_KNOTS('',3,1,(
    (#4883,#4884)
    ,(#4885,#4886)
    ,(#4887,#4888)
    ,(#4889,#4890
    )),.UNSPECIFIED.,.F.,.F.,.F.,(4,4),(2,2),(10.,11.),(0.,1.),
  .PIECEWISE_BEZIER_KNOTS.);
#4883 = CARTESIAN_POINT('',(0.991702539053,0.408740840806,1.0510001));
#4884 = CARTESIAN_POINT('',(0.991702539053,0.408740840806,1.0500001));
#4885 = CARTESIAN_POINT('',(0.988375313721,0.412328005618,1.0510001));
#4886 = CARTESIAN_POINT('',(0.988375313721,0.412328005618,1.0500001));
#4887 = CARTESIAN_POINT('',(0.986711701055,0.417162879929,1.0510001));
#4888 = CARTESIAN_POINT('',(0.986711701055,0.417162879929,1.0500001));
#4889 = CARTESIAN_POINT('',(0.986711701055,0.423245463739,1.0510001));
#4890 = CARTESIAN_POINT('',(0.986711701055,0.423245463739,1.0500001));
#4891 = ADVANCED_FACE('',(#4892),#4918,.F.);
#4892 = FACE_BOUND('',#4893,.F.);
#4893 = EDGE_LOOP('',(#4894,#4895,#4904,#4911));
#4894 = ORIENTED_EDGE('',*,*,#4869,.F.);
#4895 = ORIENTED_EDGE('',*,*,#4896,.T.);
#4896 = EDGE_CURVE('',#4861,#4897,#4899,.T.);
#4897 = VERTEX_POINT('',#4898);
#4898 = CARTESIAN_POINT('',(0.99205345735,0.438529905109,1.0510001));
#4899 = B_SPLINE_CURVE_WITH_KNOTS('',3,(#4900,#4901,#4902,#4903),
  .UNSPECIFIED.,.F.,.F.,(4,4),(9.,10.),.PIECEWISE_BEZIER_KNOTS.);
#4900 = CARTESIAN_POINT('',(0.986711701055,0.423245463739,1.0510001));
#4901 = CARTESIAN_POINT('',(0.986711701055,0.429639974925,1.0510001));
#4902 = CARTESIAN_POINT('',(0.988492286487,0.434734788714,1.0510001));
#4903 = CARTESIAN_POINT('',(0.99205345735,0.438529905109,1.0510001));
#4904 = ORIENTED_EDGE('',*,*,#4905,.T.);
#4905 = EDGE_CURVE('',#4897,#4906,#4908,.T.);
#4906 = VERTEX_POINT('',#4907);
#4907 = CARTESIAN_POINT('',(0.99205345735,0.438529905109,1.0500001));
#4908 = B_SPLINE_CURVE_WITH_KNOTS('',1,(#4909,#4910),.UNSPECIFIED.,.F.,
  .F.,(2,2),(-0.,1.E-03),.PIECEWISE_BEZIER_KNOTS.);
#4909 = CARTESIAN_POINT('',(0.99205345735,0.438529905109,1.0510001));
#4910 = CARTESIAN_POINT('',(0.99205345735,0.438529905109,1.0500001));
#4911 = ORIENTED_EDGE('',*,*,#4912,.F.);
#4912 = EDGE_CURVE('',#4870,#4906,#4913,.T.);
#4913 = B_SPLINE_CURVE_WITH_KNOTS('',3,(#4914,#4915,#4916,#4917),
  .UNSPECIFIED.,.F.,.F.,(4,4),(9.,10.),.PIECEWISE_BEZIER_KNOTS.);
#4914 = CARTESIAN_POINT('',(0.986711701055,0.423245463739,1.0500001));
#4915 = CARTESIAN_POINT('',(0.986711701055,0.429639974925,1.0500001));
#4916 = CARTESIAN_POINT('',(0.988492286487,0.434734788714,1.0500001));
#4917 = CARTESIAN_POINT('',(0.99205345735,0.438529905109,1.0500001));
#4918 = B_SPLINE_SURFACE_WITH_KNOTS('',3,1,(
    (#4919,#4920)
    ,(#4921,#4922)
    ,(#4923,#4924)
    ,(#4925,#4926
    )),.UNSPECIFIED.,.F.,.F.,.F.,(4,4),(2,2),(9.,10.),(0.,1.),
  .PIECEWISE_BEZIER_KNOTS.);
#4919 = CARTESIAN_POINT('',(0.986711701055,0.423245463739,1.0510001));
#4920 = CARTESIAN_POINT('',(0.986711701055,0.423245463739,1.0500001));
#4921 = CARTESIAN_POINT('',(0.986711701055,0.429639974925,1.0510001));
#4922 = CARTESIAN_POINT('',(0.986711701055,0.429639974925,1.0500001));
#4923 = CARTESIAN_POINT('',(0.988492286487,0.434734788714,1.0510001));
#4924 = CARTESIAN_POINT('',(0.988492286487,0.434734788714,1.0500001));
#4925 = CARTESIAN_POINT('',(0.99205345735,0.438529905109,1.0510001));
#4926 = CARTESIAN_POINT('',(0.99205345735,0.438529905109,1.0500001));
#4927 = ADVANCED_FACE('',(#4928),#4954,.F.);
#4928 = FACE_BOUND('',#4929,.F.);
#4929 = EDGE_LOOP('',(#4930,#4931,#4940,#4947));
#4930 = ORIENTED_EDGE('',*,*,#4905,.F.);
#4931 = ORIENTED_EDGE('',*,*,#4932,.T.);
#4932 = EDGE_CURVE('',#4897,#4933,#4935,.T.);
#4933 = VERTEX_POINT('',#4934);
#4934 = CARTESIAN_POINT('',(1.005908231585,0.444170591805,1.0510001));
#4935 = B_SPLINE_CURVE_WITH_KNOTS('',3,(#4936,#4937,#4938,#4939),
  .UNSPECIFIED.,.F.,.F.,(4,4),(8.,9.),.PIECEWISE_BEZIER_KNOTS.);
#4936 = CARTESIAN_POINT('',(0.99205345735,0.438529905109,1.0510001));
#4937 = CARTESIAN_POINT('',(0.995627625187,0.442299027555,1.0510001));
#4938 = CARTESIAN_POINT('',(1.000241550941,0.444170591805,1.0510001));
#4939 = CARTESIAN_POINT('',(1.005908231585,0.444170591805,1.0510001));
#4940 = ORIENTED_EDGE('',*,*,#4941,.T.);
#4941 = EDGE_CURVE('',#4933,#4942,#4944,.T.);
#4942 = VERTEX_POINT('',#4943);
#4943 = CARTESIAN_POINT('',(1.005908231585,0.444170591805,1.0500001));
#4944 = B_SPLINE_CURVE_WITH_KNOTS('',1,(#4945,#4946),.UNSPECIFIED.,.F.,
  .F.,(2,2),(-0.,1.E-03),.PIECEWISE_BEZIER_KNOTS.);
#4945 = CARTESIAN_POINT('',(1.005908231585,0.444170591805,1.0510001));
#4946 = CARTESIAN_POINT('',(1.005908231585,0.444170591805,1.0500001));
#4947 = ORIENTED_EDGE('',*,*,#4948,.F.);
#4948 = EDGE_CURVE('',#4906,#4942,#4949,.T.);
#4949 = B_SPLINE_CURVE_WITH_KNOTS('',3,(#4950,#4951,#4952,#4953),
  .UNSPECIFIED.,.F.,.F.,(4,4),(8.,9.),.PIECEWISE_BEZIER_KNOTS.);
#4950 = CARTESIAN_POINT('',(0.99205345735,0.438529905109,1.0500001));
#4951 = CARTESIAN_POINT('',(0.995627625187,0.442299027555,1.0500001));
#4952 = CARTESIAN_POINT('',(1.000241550941,0.444170591805,1.0500001));
#4953 = CARTESIAN_POINT('',(1.005908231585,0.444170591805,1.0500001));
#4954 = B_SPLINE_SURFACE_WITH_KNOTS('',3,1,(
    (#4955,#4956)
    ,(#4957,#4958)
    ,(#4959,#4960)
    ,(#4961,#4962
    )),.UNSPECIFIED.,.F.,.F.,.F.,(4,4),(2,2),(8.,9.),(0.,1.),
  .PIECEWISE_BEZIER_KNOTS.);
#4955 = CARTESIAN_POINT('',(0.99205345735,0.438529905109,1.0510001));
#4956 = CARTESIAN_POINT('',(0.99205345735,0.438529905109,1.0500001));
#4957 = CARTESIAN_POINT('',(0.995627625187,0.442299027555,1.0510001));
#4958 = CARTESIAN_POINT('',(0.995627625187,0.442299027555,1.0500001));
#4959 = CARTESIAN_POINT('',(1.000241550941,0.444170591805,1.0510001));
#4960 = CARTESIAN_POINT('',(1.000241550941,0.444170591805,1.0500001));
#4961 = CARTESIAN_POINT('',(1.005908231585,0.444170591805,1.0510001));
#4962 = CARTESIAN_POINT('',(1.005908231585,0.444170591805,1.0500001));
#4963 = ADVANCED_FACE('',(#4964),#4990,.F.);
#4964 = FACE_BOUND('',#4965,.F.);
#4965 = EDGE_LOOP('',(#4966,#4967,#4976,#4983));
#4966 = ORIENTED_EDGE('',*,*,#4941,.F.);
#4967 = ORIENTED_EDGE('',*,*,#4968,.T.);
#4968 = EDGE_CURVE('',#4933,#4969,#4971,.T.);
#4969 = VERTEX_POINT('',#4970);
#4970 = CARTESIAN_POINT('',(1.01789144157,0.441155293848,1.0510001));
#4971 = B_SPLINE_CURVE_WITH_KNOTS('',3,(#4972,#4973,#4974,#4975),
  .UNSPECIFIED.,.F.,.F.,(4,4),(7.,8.),.PIECEWISE_BEZIER_KNOTS.);
#4972 = CARTESIAN_POINT('',(1.005908231585,0.444170591805,1.0510001));
#4973 = CARTESIAN_POINT('',(1.010262217859,0.444170591805,1.0510001));
#4974 = CARTESIAN_POINT('',(1.014252288863,0.443182821784,1.0510001));
#4975 = CARTESIAN_POINT('',(1.01789144157,0.441155293848,1.0510001));
#4976 = ORIENTED_EDGE('',*,*,#4977,.T.);
#4977 = EDGE_CURVE('',#4969,#4978,#4980,.T.);
#4978 = VERTEX_POINT('',#4979);
#4979 = CARTESIAN_POINT('',(1.01789144157,0.441155293848,1.0500001));
#4980 = B_SPLINE_CURVE_WITH_KNOTS('',1,(#4981,#4982),.UNSPECIFIED.,.F.,
  .F.,(2,2),(-0.,1.E-03),.PIECEWISE_BEZIER_KNOTS.);
#4981 = CARTESIAN_POINT('',(1.01789144157,0.441155293848,1.0510001));
#4982 = CARTESIAN_POINT('',(1.01789144157,0.441155293848,1.0500001));
#4983 = ORIENTED_EDGE('',*,*,#4984,.F.);
#4984 = EDGE_CURVE('',#4942,#4978,#4985,.T.);
#4985 = B_SPLINE_CURVE_WITH_KNOTS('',3,(#4986,#4987,#4988,#4989),
  .UNSPECIFIED.,.F.,.F.,(4,4),(7.,8.),.PIECEWISE_BEZIER_KNOTS.);
#4986 = CARTESIAN_POINT('',(1.005908231585,0.444170591805,1.0500001));
#4987 = CARTESIAN_POINT('',(1.010262217859,0.444170591805,1.0500001));
#4988 = CARTESIAN_POINT('',(1.014252288863,0.443182821784,1.0500001));
#4989 = CARTESIAN_POINT('',(1.01789144157,0.441155293848,1.0500001));
#4990 = B_SPLINE_SURFACE_WITH_KNOTS('',3,1,(
    (#4991,#4992)
    ,(#4993,#4994)
    ,(#4995,#4996)
    ,(#4997,#4998
    )),.UNSPECIFIED.,.F.,.F.,.F.,(4,4),(2,2),(7.,8.),(0.,1.),
  .PIECEWISE_BEZIER_KNOTS.);
#4991 = CARTESIAN_POINT('',(1.005908231585,0.444170591805,1.0510001));
#4992 = CARTESIAN_POINT('',(1.005908231585,0.444170591805,1.0500001));
#4993 = CARTESIAN_POINT('',(1.010262217859,0.444170591805,1.0510001));
#4994 = CARTESIAN_POINT('',(1.010262217859,0.444170591805,1.0500001));
#4995 = CARTESIAN_POINT('',(1.014252288863,0.443182821784,1.0510001));
#4996 = CARTESIAN_POINT('',(1.014252288863,0.443182821784,1.0500001));
#4997 = CARTESIAN_POINT('',(1.01789144157,0.441155293848,1.0510001));
#4998 = CARTESIAN_POINT('',(1.01789144157,0.441155293848,1.0500001));
#4999 = ADVANCED_FACE('',(#5000),#5022,.F.);
#5000 = FACE_BOUND('',#5001,.T.);
#5001 = EDGE_LOOP('',(#5002,#5009,#5016,#5021));
#5002 = ORIENTED_EDGE('',*,*,#5003,.T.);
#5003 = EDGE_CURVE('',#4978,#5004,#5006,.T.);
#5004 = VERTEX_POINT('',#5005);
#5005 = CARTESIAN_POINT('',(1.01789144157,0.448017696095,1.0500001));
#5006 = B_SPLINE_CURVE_WITH_KNOTS('',1,(#5007,#5008),.UNSPECIFIED.,.F.,
  .F.,(2,2),(-6.862402247496E-03,0.),.PIECEWISE_BEZIER_KNOTS.);
#5007 = CARTESIAN_POINT('',(1.01789144157,0.441155293848,1.0500001));
#5008 = CARTESIAN_POINT('',(1.01789144157,0.448017696095,1.0500001));
#5009 = ORIENTED_EDGE('',*,*,#5010,.F.);
#5010 = EDGE_CURVE('',#5011,#5004,#5013,.T.);
#5011 = VERTEX_POINT('',#5012);
#5012 = CARTESIAN_POINT('',(1.01789144157,0.448017696095,1.0510001));
#5013 = B_SPLINE_CURVE_WITH_KNOTS('',1,(#5014,#5015),.UNSPECIFIED.,.F.,
  .F.,(2,2),(-0.,1.E-03),.PIECEWISE_BEZIER_KNOTS.);
#5014 = CARTESIAN_POINT('',(1.01789144157,0.448017696095,1.0510001));
#5015 = CARTESIAN_POINT('',(1.01789144157,0.448017696095,1.0500001));
#5016 = ORIENTED_EDGE('',*,*,#5017,.F.);
#5017 = EDGE_CURVE('',#4969,#5011,#5018,.T.);
#5018 = B_SPLINE_CURVE_WITH_KNOTS('',1,(#5019,#5020),.UNSPECIFIED.,.F.,
  .F.,(2,2),(-6.862402247496E-03,0.),.PIECEWISE_BEZIER_KNOTS.);
#5019 = CARTESIAN_POINT('',(1.01789144157,0.441155293848,1.0510001));
#5020 = CARTESIAN_POINT('',(1.01789144157,0.448017696095,1.0510001));
#5021 = ORIENTED_EDGE('',*,*,#4977,.T.);
#5022 = B_SPLINE_SURFACE_WITH_KNOTS('',1,1,(
    (#5023,#5024)
    ,(#5025,#5026)),.UNSPECIFIED.,.F.,.F.,.F.,(2,2),(2,2),(-1.E-03,0.),(
    -6.862402247496E-03,0.),.PIECEWISE_BEZIER_KNOTS.);
#5023 = CARTESIAN_POINT('',(1.01789144157,0.441155293848,1.0500001));
#5024 = CARTESIAN_POINT('',(1.01789144157,0.448017696095,1.0500001));
#5025 = CARTESIAN_POINT('',(1.01789144157,0.441155293848,1.0510001));
#5026 = CARTESIAN_POINT('',(1.01789144157,0.448017696095,1.0510001));
#5027 = ADVANCED_FACE('',(#5028),#5054,.F.);
#5028 = FACE_BOUND('',#5029,.F.);
#5029 = EDGE_LOOP('',(#5030,#5031,#5040,#5047));
#5030 = ORIENTED_EDGE('',*,*,#5010,.F.);
#5031 = ORIENTED_EDGE('',*,*,#5032,.T.);
#5032 = EDGE_CURVE('',#5011,#5033,#5035,.T.);
#5033 = VERTEX_POINT('',#5034);
#5034 = CARTESIAN_POINT('',(1.005843246715,0.450097211928,1.0510001));
#5035 = B_SPLINE_CURVE_WITH_KNOTS('',3,(#5036,#5037,#5038,#5039),
  .UNSPECIFIED.,.F.,.F.,(4,4),(5.,6.),.PIECEWISE_BEZIER_KNOTS.);
#5036 = CARTESIAN_POINT('',(1.01789144157,0.448017696095,1.0510001));
#5037 = CARTESIAN_POINT('',(1.014720179926,0.449395375335,1.0510001));
#5038 = CARTESIAN_POINT('',(1.010704114974,0.450097211928,1.0510001));
#5039 = CARTESIAN_POINT('',(1.005843246715,0.450097211928,1.0510001));
#5040 = ORIENTED_EDGE('',*,*,#5041,.T.);
#5041 = EDGE_CURVE('',#5033,#5042,#5044,.T.);
#5042 = VERTEX_POINT('',#5043);
#5043 = CARTESIAN_POINT('',(1.005843246715,0.450097211928,1.0500001));
#5044 = B_SPLINE_CURVE_WITH_KNOTS('',1,(#5045,#5046),.UNSPECIFIED.,.F.,
  .F.,(2,2),(-0.,1.E-03),.PIECEWISE_BEZIER_KNOTS.);
#5045 = CARTESIAN_POINT('',(1.005843246715,0.450097211928,1.0510001));
#5046 = CARTESIAN_POINT('',(1.005843246715,0.450097211928,1.0500001));
#5047 = ORIENTED_EDGE('',*,*,#5048,.F.);
#5048 = EDGE_CURVE('',#5004,#5042,#5049,.T.);
#5049 = B_SPLINE_CURVE_WITH_KNOTS('',3,(#5050,#5051,#5052,#5053),
  .UNSPECIFIED.,.F.,.F.,(4,4),(5.,6.),.PIECEWISE_BEZIER_KNOTS.);
#5050 = CARTESIAN_POINT('',(1.01789144157,0.448017696095,1.0500001));
#5051 = CARTESIAN_POINT('',(1.014720179926,0.449395375335,1.0500001));
#5052 = CARTESIAN_POINT('',(1.010704114974,0.450097211928,1.0500001));
#5053 = CARTESIAN_POINT('',(1.005843246715,0.450097211928,1.0500001));
#5054 = B_SPLINE_SURFACE_WITH_KNOTS('',3,1,(
    (#5055,#5056)
    ,(#5057,#5058)
    ,(#5059,#5060)
    ,(#5061,#5062
    )),.UNSPECIFIED.,.F.,.F.,.F.,(4,4),(2,2),(5.,6.),(0.,1.),
  .PIECEWISE_BEZIER_KNOTS.);
#5055 = CARTESIAN_POINT('',(1.01789144157,0.448017696095,1.0510001));
#5056 = CARTESIAN_POINT('',(1.01789144157,0.448017696095,1.0500001));
#5057 = CARTESIAN_POINT('',(1.014720179926,0.449395375335,1.0510001));
#5058 = CARTESIAN_POINT('',(1.014720179926,0.449395375335,1.0500001));
#5059 = CARTESIAN_POINT('',(1.010704114974,0.450097211928,1.0510001));
#5060 = CARTESIAN_POINT('',(1.010704114974,0.450097211928,1.0500001));
#5061 = CARTESIAN_POINT('',(1.005843246715,0.450097211928,1.0510001));
#5062 = CARTESIAN_POINT('',(1.005843246715,0.450097211928,1.0500001));
#5063 = ADVANCED_FACE('',(#5064),#5090,.F.);
#5064 = FACE_BOUND('',#5065,.F.);
#5065 = EDGE_LOOP('',(#5066,#5067,#5076,#5083));
#5066 = ORIENTED_EDGE('',*,*,#5041,.F.);
#5067 = ORIENTED_EDGE('',*,*,#5068,.T.);
#5068 = EDGE_CURVE('',#5033,#5069,#5071,.T.);
#5069 = VERTEX_POINT('',#5070);
#5070 = CARTESIAN_POINT('',(0.987166595143,0.44261095493,1.0510001));
#5071 = B_SPLINE_CURVE_WITH_KNOTS('',3,(#5072,#5073,#5074,#5075),
  .UNSPECIFIED.,.F.,.F.,(4,4),(4.,5.),.PIECEWISE_BEZIER_KNOTS.);
#5072 = CARTESIAN_POINT('',(1.005843246715,0.450097211928,1.0510001));
#5073 = CARTESIAN_POINT('',(0.998292004848,0.450097211928,1.0510001));
#5074 = CARTESIAN_POINT('',(0.992066454324,0.447601792929,1.0510001));
#5075 = CARTESIAN_POINT('',(0.987166595143,0.44261095493,1.0510001));
#5076 = ORIENTED_EDGE('',*,*,#5077,.T.);
#5077 = EDGE_CURVE('',#5069,#5078,#5080,.T.);
#5078 = VERTEX_POINT('',#5079);
#5079 = CARTESIAN_POINT('',(0.987166595143,0.44261095493,1.0500001));
#5080 = B_SPLINE_CURVE_WITH_KNOTS('',1,(#5081,#5082),.UNSPECIFIED.,.F.,
  .F.,(2,2),(-0.,1.E-03),.PIECEWISE_BEZIER_KNOTS.);
#5081 = CARTESIAN_POINT('',(0.987166595143,0.44261095493,1.0510001));
#5082 = CARTESIAN_POINT('',(0.987166595143,0.44261095493,1.0500001));
#5083 = ORIENTED_EDGE('',*,*,#5084,.F.);
#5084 = EDGE_CURVE('',#5042,#5078,#5085,.T.);
#5085 = B_SPLINE_CURVE_WITH_KNOTS('',3,(#5086,#5087,#5088,#5089),
  .UNSPECIFIED.,.F.,.F.,(4,4),(4.,5.),.PIECEWISE_BEZIER_KNOTS.);
#5086 = CARTESIAN_POINT('',(1.005843246715,0.450097211928,1.0500001));
#5087 = CARTESIAN_POINT('',(0.998292004848,0.450097211928,1.0500001));
#5088 = CARTESIAN_POINT('',(0.992066454324,0.447601792929,1.0500001));
#5089 = CARTESIAN_POINT('',(0.987166595143,0.44261095493,1.0500001));
#5090 = B_SPLINE_SURFACE_WITH_KNOTS('',3,1,(
    (#5091,#5092)
    ,(#5093,#5094)
    ,(#5095,#5096)
    ,(#5097,#5098
    )),.UNSPECIFIED.,.F.,.F.,.F.,(4,4),(2,2),(4.,5.),(0.,1.),
  .PIECEWISE_BEZIER_KNOTS.);
#5091 = CARTESIAN_POINT('',(1.005843246715,0.450097211928,1.0510001));
#5092 = CARTESIAN_POINT('',(1.005843246715,0.450097211928,1.0500001));
#5093 = CARTESIAN_POINT('',(0.998292004848,0.450097211928,1.0510001));
#5094 = CARTESIAN_POINT('',(0.998292004848,0.450097211928,1.0500001));
#5095 = CARTESIAN_POINT('',(0.992066454324,0.447601792929,1.0510001));
#5096 = CARTESIAN_POINT('',(0.992066454324,0.447601792929,1.0500001));
#5097 = CARTESIAN_POINT('',(0.987166595143,0.44261095493,1.0510001));
#5098 = CARTESIAN_POINT('',(0.987166595143,0.44261095493,1.0500001));
#5099 = ADVANCED_FACE('',(#5100),#5126,.F.);
#5100 = FACE_BOUND('',#5101,.F.);
#5101 = EDGE_LOOP('',(#5102,#5103,#5112,#5119));
#5102 = ORIENTED_EDGE('',*,*,#5077,.F.);
#5103 = ORIENTED_EDGE('',*,*,#5104,.T.);
#5104 = EDGE_CURVE('',#5069,#5105,#5107,.T.);
#5105 = VERTEX_POINT('',#5106);
#5106 = CARTESIAN_POINT('',(0.979823304859,0.42285555452,1.0510001));
#5107 = B_SPLINE_CURVE_WITH_KNOTS('',3,(#5108,#5109,#5110,#5111),
  .UNSPECIFIED.,.F.,.F.,(4,4),(3.,4.),.PIECEWISE_BEZIER_KNOTS.);
#5108 = CARTESIAN_POINT('',(0.987166595143,0.44261095493,1.0510001));
#5109 = CARTESIAN_POINT('',(0.982266735963,0.437620116932,1.0510001));
#5110 = CARTESIAN_POINT('',(0.979823304859,0.431043648111,1.0510001));
#5111 = CARTESIAN_POINT('',(0.979823304859,0.42285555452,1.0510001));
#5112 = ORIENTED_EDGE('',*,*,#5113,.T.);
#5113 = EDGE_CURVE('',#5105,#5114,#5116,.T.);
#5114 = VERTEX_POINT('',#5115);
#5115 = CARTESIAN_POINT('',(0.979823304859,0.42285555452,1.0500001));
#5116 = B_SPLINE_CURVE_WITH_KNOTS('',1,(#5117,#5118),.UNSPECIFIED.,.F.,
  .F.,(2,2),(-0.,1.E-03),.PIECEWISE_BEZIER_KNOTS.);
#5117 = CARTESIAN_POINT('',(0.979823304859,0.42285555452,1.0510001));
#5118 = CARTESIAN_POINT('',(0.979823304859,0.42285555452,1.0500001));
#5119 = ORIENTED_EDGE('',*,*,#5120,.F.);
#5120 = EDGE_CURVE('',#5078,#5114,#5121,.T.);
#5121 = B_SPLINE_CURVE_WITH_KNOTS('',3,(#5122,#5123,#5124,#5125),
  .UNSPECIFIED.,.F.,.F.,(4,4),(3.,4.),.PIECEWISE_BEZIER_KNOTS.);
#5122 = CARTESIAN_POINT('',(0.987166595143,0.44261095493,1.0500001));
#5123 = CARTESIAN_POINT('',(0.982266735963,0.437620116932,1.0500001));
#5124 = CARTESIAN_POINT('',(0.979823304859,0.431043648111,1.0500001));
#5125 = CARTESIAN_POINT('',(0.979823304859,0.42285555452,1.0500001));
#5126 = B_SPLINE_SURFACE_WITH_KNOTS('',3,1,(
    (#5127,#5128)
    ,(#5129,#5130)
    ,(#5131,#5132)
    ,(#5133,#5134
    )),.UNSPECIFIED.,.F.,.F.,.F.,(4,4),(2,2),(3.,4.),(0.,1.),
  .PIECEWISE_BEZIER_KNOTS.);
#5127 = CARTESIAN_POINT('',(0.987166595143,0.44261095493,1.0510001));
#5128 = CARTESIAN_POINT('',(0.987166595143,0.44261095493,1.0500001));
#5129 = CARTESIAN_POINT('',(0.982266735963,0.437620116932,1.0510001));
#5130 = CARTESIAN_POINT('',(0.982266735963,0.437620116932,1.0500001));
#5131 = CARTESIAN_POINT('',(0.979823304859,0.431043648111,1.0510001));
#5132 = CARTESIAN_POINT('',(0.979823304859,0.431043648111,1.0500001));
#5133 = CARTESIAN_POINT('',(0.979823304859,0.42285555452,1.0510001));
#5134 = CARTESIAN_POINT('',(0.979823304859,0.42285555452,1.0500001));
#5135 = ADVANCED_FACE('',(#5136),#5162,.F.);
#5136 = FACE_BOUND('',#5137,.F.);
#5137 = EDGE_LOOP('',(#5138,#5139,#5148,#5155));
#5138 = ORIENTED_EDGE('',*,*,#5113,.F.);
#5139 = ORIENTED_EDGE('',*,*,#5140,.T.);
#5140 = EDGE_CURVE('',#5105,#5141,#5143,.T.);
#5141 = VERTEX_POINT('',#5142);
#5142 = CARTESIAN_POINT('',(0.986347785784,0.40447783335,1.0510001));
#5143 = B_SPLINE_CURVE_WITH_KNOTS('',3,(#5144,#5145,#5146,#5147),
  .UNSPECIFIED.,.F.,.F.,(4,4),(2.,3.),.PIECEWISE_BEZIER_KNOTS.);
#5144 = CARTESIAN_POINT('',(0.979823304859,0.42285555452,1.0510001));
#5145 = CARTESIAN_POINT('',(0.979823304859,0.415239327783,1.0510001));
#5146 = CARTESIAN_POINT('',(0.981993799509,0.409104756077,1.0510001));
#5147 = CARTESIAN_POINT('',(0.986347785784,0.40447783335,1.0510001));
#5148 = ORIENTED_EDGE('',*,*,#5149,.T.);
#5149 = EDGE_CURVE('',#5141,#5150,#5152,.T.);
#5150 = VERTEX_POINT('',#5151);
#5151 = CARTESIAN_POINT('',(0.986347785784,0.40447783335,1.0500001));
#5152 = B_SPLINE_CURVE_WITH_KNOTS('',1,(#5153,#5154),.UNSPECIFIED.,.F.,
  .F.,(2,2),(-0.,1.E-03),.PIECEWISE_BEZIER_KNOTS.);
#5153 = CARTESIAN_POINT('',(0.986347785784,0.40447783335,1.0510001));
#5154 = CARTESIAN_POINT('',(0.986347785784,0.40447783335,1.0500001));
#5155 = ORIENTED_EDGE('',*,*,#5156,.F.);
#5156 = EDGE_CURVE('',#5114,#5150,#5157,.T.);
#5157 = B_SPLINE_CURVE_WITH_KNOTS('',3,(#5158,#5159,#5160,#5161),
  .UNSPECIFIED.,.F.,.F.,(4,4),(2.,3.),.PIECEWISE_BEZIER_KNOTS.);
#5158 = CARTESIAN_POINT('',(0.979823304859,0.42285555452,1.0500001));
#5159 = CARTESIAN_POINT('',(0.979823304859,0.415239327783,1.0500001));
#5160 = CARTESIAN_POINT('',(0.981993799509,0.409104756077,1.0500001));
#5161 = CARTESIAN_POINT('',(0.986347785784,0.40447783335,1.0500001));
#5162 = B_SPLINE_SURFACE_WITH_KNOTS('',3,1,(
    (#5163,#5164)
    ,(#5165,#5166)
    ,(#5167,#5168)
    ,(#5169,#5170
    )),.UNSPECIFIED.,.F.,.F.,.F.,(4,4),(2,2),(2.,3.),(0.,1.),
  .PIECEWISE_BEZIER_KNOTS.);
#5163 = CARTESIAN_POINT('',(0.979823304859,0.42285555452,1.0510001));
#5164 = CARTESIAN_POINT('',(0.979823304859,0.42285555452,1.0500001));
#5165 = CARTESIAN_POINT('',(0.979823304859,0.415239327783,1.0510001));
#5166 = CARTESIAN_POINT('',(0.979823304859,0.415239327783,1.0500001));
#5167 = CARTESIAN_POINT('',(0.981993799509,0.409104756077,1.0510001));
#5168 = CARTESIAN_POINT('',(0.981993799509,0.409104756077,1.0500001));
#5169 = CARTESIAN_POINT('',(0.986347785784,0.40447783335,1.0510001));
#5170 = CARTESIAN_POINT('',(0.986347785784,0.40447783335,1.0500001));
#5171 = ADVANCED_FACE('',(#5172),#5190,.F.);
#5172 = FACE_BOUND('',#5173,.F.);
#5173 = EDGE_LOOP('',(#5174,#5175,#5182,#5183));
#5174 = ORIENTED_EDGE('',*,*,#5149,.F.);
#5175 = ORIENTED_EDGE('',*,*,#5176,.T.);
#5176 = EDGE_CURVE('',#5141,#4716,#5177,.T.);
#5177 = B_SPLINE_CURVE_WITH_KNOTS('',3,(#5178,#5179,#5180,#5181),
  .UNSPECIFIED.,.F.,.F.,(4,4),(1.,2.),.PIECEWISE_BEZIER_KNOTS.);
#5178 = CARTESIAN_POINT('',(0.986347785784,0.40447783335,1.0510001));
#5179 = CARTESIAN_POINT('',(0.990701772059,0.399850910622,1.0510001));
#5180 = CARTESIAN_POINT('',(0.99652441639,0.397537449258,1.0510001));
#5181 = CARTESIAN_POINT('',(1.003815718778,0.397537449258,1.0510001));
#5182 = ORIENTED_EDGE('',*,*,#4715,.T.);
#5183 = ORIENTED_EDGE('',*,*,#5184,.F.);
#5184 = EDGE_CURVE('',#5150,#4718,#5185,.T.);
#5185 = B_SPLINE_CURVE_WITH_KNOTS('',3,(#5186,#5187,#5188,#5189),
  .UNSPECIFIED.,.F.,.F.,(4,4),(1.,2.),.PIECEWISE_BEZIER_KNOTS.);
#5186 = CARTESIAN_POINT('',(0.986347785784,0.40447783335,1.0500001));
#5187 = CARTESIAN_POINT('',(0.990701772059,0.399850910622,1.0500001));
#5188 = CARTESIAN_POINT('',(0.99652441639,0.397537449258,1.0500001));
#5189 = CARTESIAN_POINT('',(1.003815718778,0.397537449258,1.0500001));
#5190 = B_SPLINE_SURFACE_WITH_KNOTS('',3,1,(
    (#5191,#5192)
    ,(#5193,#5194)
    ,(#5195,#5196)
    ,(#5197,#5198
    )),.UNSPECIFIED.,.F.,.F.,.F.,(4,4),(2,2),(1.,2.),(0.,1.),
  .PIECEWISE_BEZIER_KNOTS.);
#5191 = CARTESIAN_POINT('',(0.986347785784,0.40447783335,1.0510001));
#5192 = CARTESIAN_POINT('',(0.986347785784,0.40447783335,1.0500001));
#5193 = CARTESIAN_POINT('',(0.990701772059,0.399850910622,1.0510001));
#5194 = CARTESIAN_POINT('',(0.990701772059,0.399850910622,1.0500001));
#5195 = CARTESIAN_POINT('',(0.99652441639,0.397537449258,1.0510001));
#5196 = CARTESIAN_POINT('',(0.99652441639,0.397537449258,1.0500001));
#5197 = CARTESIAN_POINT('',(1.003815718778,0.397537449258,1.0510001));
#5198 = CARTESIAN_POINT('',(1.003815718778,0.397537449258,1.0500001));
#5199 = ADVANCED_FACE('',(#5200),#5216,.T.);
#5200 = FACE_BOUND('',#5201,.T.);
#5201 = EDGE_LOOP('',(#5202,#5203,#5204,#5205,#5206,#5207,#5208,#5209,
    #5210,#5211,#5212,#5213,#5214,#5215));
#5202 = ORIENTED_EDGE('',*,*,#4724,.T.);
#5203 = ORIENTED_EDGE('',*,*,#4773,.T.);
#5204 = ORIENTED_EDGE('',*,*,#4788,.T.);
#5205 = ORIENTED_EDGE('',*,*,#4824,.T.);
#5206 = ORIENTED_EDGE('',*,*,#4860,.T.);
#5207 = ORIENTED_EDGE('',*,*,#4896,.T.);
#5208 = ORIENTED_EDGE('',*,*,#4932,.T.);
#5209 = ORIENTED_EDGE('',*,*,#4968,.T.);
#5210 = ORIENTED_EDGE('',*,*,#5017,.T.);
#5211 = ORIENTED_EDGE('',*,*,#5032,.T.);
#5212 = ORIENTED_EDGE('',*,*,#5068,.T.);
#5213 = ORIENTED_EDGE('',*,*,#5104,.T.);
#5214 = ORIENTED_EDGE('',*,*,#5140,.T.);
#5215 = ORIENTED_EDGE('',*,*,#5176,.T.);
#5216 = B_SPLINE_SURFACE_WITH_KNOTS('',1,1,(
    (#5217,#5218)
    ,(#5219,#5220
    )),.UNSPECIFIED.,.F.,.F.,.F.,(2,2),(2,2),(-3.174185963911E-02,
    6.326277072159E-03),(-7.408275153547E-04,5.181893515453E-02),
  .PIECEWISE_BEZIER_KNOTS.);
#5217 = CARTESIAN_POINT('',(0.979823304859,0.397537449258,1.0510001));
#5218 = CARTESIAN_POINT('',(0.979823304859,0.450097211928,1.0510001));
#5219 = CARTESIAN_POINT('',(1.01789144157,0.397537449258,1.0510001));
#5220 = CARTESIAN_POINT('',(1.01789144157,0.450097211928,1.0510001));
#5221 = ADVANCED_FACE('',(#5222),#5238,.F.);
#5222 = FACE_BOUND('',#5223,.T.);
#5223 = EDGE_LOOP('',(#5224,#5225,#5226,#5227,#5228,#5229,#5230,#5231,
    #5232,#5233,#5234,#5235,#5236,#5237));
#5224 = ORIENTED_EDGE('',*,*,#4740,.F.);
#5225 = ORIENTED_EDGE('',*,*,#5184,.F.);
#5226 = ORIENTED_EDGE('',*,*,#5156,.F.);
#5227 = ORIENTED_EDGE('',*,*,#5120,.F.);
#5228 = ORIENTED_EDGE('',*,*,#5084,.F.);
#5229 = ORIENTED_EDGE('',*,*,#5048,.F.);
#5230 = ORIENTED_EDGE('',*,*,#5003,.F.);
#5231 = ORIENTED_EDGE('',*,*,#4984,.F.);
#5232 = ORIENTED_EDGE('',*,*,#4948,.F.);
#5233 = ORIENTED_EDGE('',*,*,#4912,.F.);
#5234 = ORIENTED_EDGE('',*,*,#4876,.F.);
#5235 = ORIENTED_EDGE('',*,*,#4840,.F.);
#5236 = ORIENTED_EDGE('',*,*,#4804,.F.);
#5237 = ORIENTED_EDGE('',*,*,#4759,.F.);
#5238 = B_SPLINE_SURFACE_WITH_KNOTS('',1,1,(
    (#5239,#5240)
    ,(#5241,#5242
    )),.UNSPECIFIED.,.F.,.F.,.F.,(2,2),(2,2),(-3.174185963911E-02,
    6.326277072159E-03),(-7.408275153547E-04,5.181893515453E-02),
  .PIECEWISE_BEZIER_KNOTS.);
#5239 = CARTESIAN_POINT('',(0.979823304859,0.397537449258,1.0500001));
#5240 = CARTESIAN_POINT('',(0.979823304859,0.450097211928,1.0500001));
#5241 = CARTESIAN_POINT('',(1.01789144157,0.397537449258,1.0500001));
#5242 = CARTESIAN_POINT('',(1.01789144157,0.450097211928,1.0500001));
#5243 = MANIFOLD_SOLID_BREP('',#5244);
#5244 = CLOSED_SHELL('',(#5245,#5281,#5309,#5337,#5365,#5393,#5421,#5449
    ,#5477,#5505,#5533,#5561,#5581,#5601));
#5245 = ADVANCED_FACE('',(#5246),#5276,.F.);
#5246 = FACE_BOUND('',#5247,.T.);
#5247 = EDGE_LOOP('',(#5248,#5257,#5264,#5271));
#5248 = ORIENTED_EDGE('',*,*,#5249,.T.);
#5249 = EDGE_CURVE('',#5250,#5252,#5254,.T.);
#5250 = VERTEX_POINT('',#5251);
#5251 = CARTESIAN_POINT('',(1.055413705375,0.398395249539,1.0500001));
#5252 = VERTEX_POINT('',#5253);
#5253 = CARTESIAN_POINT('',(1.055413705375,0.404191899923,1.0500001));
#5254 = B_SPLINE_CURVE_WITH_KNOTS('',1,(#5255,#5256),.UNSPECIFIED.,.F.,
  .F.,(2,2),(-5.796650383446E-03,0.),.PIECEWISE_BEZIER_KNOTS.);
#5255 = CARTESIAN_POINT('',(1.055413705375,0.398395249539,1.0500001));
#5256 = CARTESIAN_POINT('',(1.055413705375,0.404191899923,1.0500001));
#5257 = ORIENTED_EDGE('',*,*,#5258,.F.);
#5258 = EDGE_CURVE('',#5259,#5252,#5261,.T.);
#5259 = VERTEX_POINT('',#5260);
#5260 = CARTESIAN_POINT('',(1.055413705375,0.404191899923,1.0510001));
#5261 = B_SPLINE_CURVE_WITH_KNOTS('',1,(#5262,#5263),.UNSPECIFIED.,.F.,
  .F.,(2,2),(-0.,1.E-03),.PIECEWISE_BEZIER_KNOTS.);
#5262 = CARTESIAN_POINT('',(1.055413705375,0.404191899923,1.0510001));
#5263 = CARTESIAN_POINT('',(1.055413705375,0.404191899923,1.0500001));
#5264 = ORIENTED_EDGE('',*,*,#5265,.F.);
#5265 = EDGE_CURVE('',#5266,#5259,#5268,.T.);
#5266 = VERTEX_POINT('',#5267);
#5267 = CARTESIAN_POINT('',(1.055413705375,0.398395249539,1.0510001));
#5268 = B_SPLINE_CURVE_WITH_KNOTS('',1,(#5269,#5270),.UNSPECIFIED.,.F.,
  .F.,(2,2),(-5.796650383446E-03,0.),.PIECEWISE_BEZIER_KNOTS.);
#5269 = CARTESIAN_POINT('',(1.055413705375,0.398395249539,1.0510001));
#5270 = CARTESIAN_POINT('',(1.055413705375,0.404191899923,1.0510001));
#5271 = ORIENTED_EDGE('',*,*,#5272,.T.);
#5272 = EDGE_CURVE('',#5266,#5250,#5273,.T.);
#5273 = B_SPLINE_CURVE_WITH_KNOTS('',1,(#5274,#5275),.UNSPECIFIED.,.F.,
  .F.,(2,2),(-0.,1.E-03),.PIECEWISE_BEZIER_KNOTS.);
#5274 = CARTESIAN_POINT('',(1.055413705375,0.398395249539,1.0510001));
#5275 = CARTESIAN_POINT('',(1.055413705375,0.398395249539,1.0500001));
#5276 = B_SPLINE_SURFACE_WITH_KNOTS('',1,1,(
    (#5277,#5278)
    ,(#5279,#5280)),.UNSPECIFIED.,.F.,.F.,.F.,(2,2),(2,2),(-1.E-03,0.),(
    -5.796650383446E-03,0.),.PIECEWISE_BEZIER_KNOTS.);
#5277 = CARTESIAN_POINT('',(1.055413705375,0.398395249539,1.0500001));
#5278 = CARTESIAN_POINT('',(1.055413705375,0.404191899923,1.0500001));
#5279 = CARTESIAN_POINT('',(1.055413705375,0.398395249539,1.0510001));
#5280 = CARTESIAN_POINT('',(1.055413705375,0.404191899923,1.0510001));
#5281 = ADVANCED_FACE('',(#5282),#5304,.F.);
#5282 = FACE_BOUND('',#5283,.T.);
#5283 = EDGE_LOOP('',(#5284,#5291,#5298,#5303));
#5284 = ORIENTED_EDGE('',*,*,#5285,.T.);
#5285 = EDGE_CURVE('',#5252,#5286,#5288,.T.);
#5286 = VERTEX_POINT('',#5287);
#5287 = CARTESIAN_POINT('',(1.034631544023,0.404191899923,1.0500001));
#5288 = B_SPLINE_CURVE_WITH_KNOTS('',1,(#5289,#5290),.UNSPECIFIED.,.F.,
  .F.,(2,2),(-2.078216135227E-02,-0.),.PIECEWISE_BEZIER_KNOTS.);
#5289 = CARTESIAN_POINT('',(1.055413705375,0.404191899923,1.0500001));
#5290 = CARTESIAN_POINT('',(1.034631544023,0.404191899923,1.0500001));
#5291 = ORIENTED_EDGE('',*,*,#5292,.F.);
#5292 = EDGE_CURVE('',#5293,#5286,#5295,.T.);
#5293 = VERTEX_POINT('',#5294);
#5294 = CARTESIAN_POINT('',(1.034631544023,0.404191899923,1.0510001));
#5295 = B_SPLINE_CURVE_WITH_KNOTS('',1,(#5296,#5297),.UNSPECIFIED.,.F.,
  .F.,(2,2),(-0.,1.E-03),.PIECEWISE_BEZIER_KNOTS.);
#5296 = CARTESIAN_POINT('',(1.034631544023,0.404191899923,1.0510001));
#5297 = CARTESIAN_POINT('',(1.034631544023,0.404191899923,1.0500001));
#5298 = ORIENTED_EDGE('',*,*,#5299,.F.);
#5299 = EDGE_CURVE('',#5259,#5293,#5300,.T.);
#5300 = B_SPLINE_CURVE_WITH_KNOTS('',1,(#5301,#5302),.UNSPECIFIED.,.F.,
  .F.,(2,2),(-2.078216135227E-02,-0.),.PIECEWISE_BEZIER_KNOTS.);
#5301 = CARTESIAN_POINT('',(1.055413705375,0.404191899923,1.0510001));
#5302 = CARTESIAN_POINT('',(1.034631544023,0.404191899923,1.0510001));
#5303 = ORIENTED_EDGE('',*,*,#5258,.T.);
#5304 = B_SPLINE_SURFACE_WITH_KNOTS('',1,1,(
    (#5305,#5306)
    ,(#5307,#5308
    )),.UNSPECIFIED.,.F.,.F.,.F.,(2,2),(2,2),(0.,1.E-03),(0.,
    2.078216135227E-02),.PIECEWISE_BEZIER_KNOTS.);
#5305 = CARTESIAN_POINT('',(1.034631544023,0.404191899923,1.0510001));
#5306 = CARTESIAN_POINT('',(1.055413705375,0.404191899923,1.0510001));
#5307 = CARTESIAN_POINT('',(1.034631544023,0.404191899923,1.0500001));
#5308 = CARTESIAN_POINT('',(1.055413705375,0.404191899923,1.0500001));
#5309 = ADVANCED_FACE('',(#5310),#5332,.F.);
#5310 = FACE_BOUND('',#5311,.T.);
#5311 = EDGE_LOOP('',(#5312,#5319,#5326,#5331));
#5312 = ORIENTED_EDGE('',*,*,#5313,.T.);
#5313 = EDGE_CURVE('',#5286,#5314,#5316,.T.);
#5314 = VERTEX_POINT('',#5315);
#5315 = CARTESIAN_POINT('',(1.034631544023,0.421295917646,1.0500001));
#5316 = B_SPLINE_CURVE_WITH_KNOTS('',1,(#5317,#5318),.UNSPECIFIED.,.F.,
  .F.,(2,2),(-1.710401772333E-02,0.),.PIECEWISE_BEZIER_KNOTS.);
#5317 = CARTESIAN_POINT('',(1.034631544023,0.404191899923,1.0500001));
#5318 = CARTESIAN_POINT('',(1.034631544023,0.421295917646,1.0500001));
#5319 = ORIENTED_EDGE('',*,*,#5320,.F.);
#5320 = EDGE_CURVE('',#5321,#5314,#5323,.T.);
#5321 = VERTEX_POINT('',#5322);
#5322 = CARTESIAN_POINT('',(1.034631544023,0.421295917646,1.0510001));
#5323 = B_SPLINE_CURVE_WITH_KNOTS('',1,(#5324,#5325),.UNSPECIFIED.,.F.,
  .F.,(2,2),(-0.,1.E-03),.PIECEWISE_BEZIER_KNOTS.);
#5324 = CARTESIAN_POINT('',(1.034631544023,0.421295917646,1.0510001));
#5325 = CARTESIAN_POINT('',(1.034631544023,0.421295917646,1.0500001));
#5326 = ORIENTED_EDGE('',*,*,#5327,.F.);
#5327 = EDGE_CURVE('',#5293,#5321,#5328,.T.);
#5328 = B_SPLINE_CURVE_WITH_KNOTS('',1,(#5329,#5330),.UNSPECIFIED.,.F.,
  .F.,(2,2),(-1.710401772333E-02,0.),.PIECEWISE_BEZIER_KNOTS.);
#5329 = CARTESIAN_POINT('',(1.034631544023,0.404191899923,1.0510001));
#5330 = CARTESIAN_POINT('',(1.034631544023,0.421295917646,1.0510001));
#5331 = ORIENTED_EDGE('',*,*,#5292,.T.);
#5332 = B_SPLINE_SURFACE_WITH_KNOTS('',1,1,(
    (#5333,#5334)
    ,(#5335,#5336)),.UNSPECIFIED.,.F.,.F.,.F.,(2,2),(2,2),(-1.E-03,0.),(
    -1.710401772333E-02,0.),.PIECEWISE_BEZIER_KNOTS.);
#5333 = CARTESIAN_POINT('',(1.034631544023,0.404191899923,1.0500001));
#5334 = CARTESIAN_POINT('',(1.034631544023,0.421295917646,1.0500001));
#5335 = CARTESIAN_POINT('',(1.034631544023,0.404191899923,1.0510001));
#5336 = CARTESIAN_POINT('',(1.034631544023,0.421295917646,1.0510001));
#5337 = ADVANCED_FACE('',(#5338),#5360,.F.);
#5338 = FACE_BOUND('',#5339,.T.);
#5339 = EDGE_LOOP('',(#5340,#5347,#5354,#5359));
#5340 = ORIENTED_EDGE('',*,*,#5341,.T.);
#5341 = EDGE_CURVE('',#5314,#5342,#5344,.T.);
#5342 = VERTEX_POINT('',#5343);
#5343 = CARTESIAN_POINT('',(1.052814310585,0.421295917646,1.0500001));
#5344 = B_SPLINE_CURVE_WITH_KNOTS('',1,(#5345,#5346),.UNSPECIFIED.,.F.,
  .F.,(2,2),(-1.818276656149E-02,0.),.PIECEWISE_BEZIER_KNOTS.);
#5345 = CARTESIAN_POINT('',(1.034631544023,0.421295917646,1.0500001));
#5346 = CARTESIAN_POINT('',(1.052814310585,0.421295917646,1.0500001));
#5347 = ORIENTED_EDGE('',*,*,#5348,.F.);
#5348 = EDGE_CURVE('',#5349,#5342,#5351,.T.);
#5349 = VERTEX_POINT('',#5350);
#5350 = CARTESIAN_POINT('',(1.052814310585,0.421295917646,1.0510001));
#5351 = B_SPLINE_CURVE_WITH_KNOTS('',1,(#5352,#5353),.UNSPECIFIED.,.F.,
  .F.,(2,2),(-0.,1.E-03),.PIECEWISE_BEZIER_KNOTS.);
#5352 = CARTESIAN_POINT('',(1.052814310585,0.421295917646,1.0510001));
#5353 = CARTESIAN_POINT('',(1.052814310585,0.421295917646,1.0500001));
#5354 = ORIENTED_EDGE('',*,*,#5355,.F.);
#5355 = EDGE_CURVE('',#5321,#5349,#5356,.T.);
#5356 = B_SPLINE_CURVE_WITH_KNOTS('',1,(#5357,#5358),.UNSPECIFIED.,.F.,
  .F.,(2,2),(-1.818276656149E-02,0.),.PIECEWISE_BEZIER_KNOTS.);
#5357 = CARTESIAN_POINT('',(1.034631544023,0.421295917646,1.0510001));
#5358 = CARTESIAN_POINT('',(1.052814310585,0.421295917646,1.0510001));
#5359 = ORIENTED_EDGE('',*,*,#5320,.T.);
#5360 = B_SPLINE_SURFACE_WITH_KNOTS('',1,1,(
    (#5361,#5362)
    ,(#5363,#5364)),.UNSPECIFIED.,.F.,.F.,.F.,(2,2),(2,2),(-1.E-03,0.),(
    -1.818276656149E-02,0.),.PIECEWISE_BEZIER_KNOTS.);
#5361 = CARTESIAN_POINT('',(1.034631544023,0.421295917646,1.0500001));
#5362 = CARTESIAN_POINT('',(1.052814310585,0.421295917646,1.0500001));
#5363 = CARTESIAN_POINT('',(1.034631544023,0.421295917646,1.0510001));
#5364 = CARTESIAN_POINT('',(1.052814310585,0.421295917646,1.0510001));
#5365 = ADVANCED_FACE('',(#5366),#5388,.F.);
#5366 = FACE_BOUND('',#5367,.T.);
#5367 = EDGE_LOOP('',(#5368,#5375,#5382,#5387));
#5368 = ORIENTED_EDGE('',*,*,#5369,.T.);
#5369 = EDGE_CURVE('',#5342,#5370,#5372,.T.);
#5370 = VERTEX_POINT('',#5371);
#5371 = CARTESIAN_POINT('',(1.052814310585,0.427118561977,1.0500001));
#5372 = B_SPLINE_CURVE_WITH_KNOTS('',1,(#5373,#5374),.UNSPECIFIED.,.F.,
  .F.,(2,2),(-5.822644331324E-03,0.),.PIECEWISE_BEZIER_KNOTS.);
#5373 = CARTESIAN_POINT('',(1.052814310585,0.421295917646,1.0500001));
#5374 = CARTESIAN_POINT('',(1.052814310585,0.427118561977,1.0500001));
#5375 = ORIENTED_EDGE('',*,*,#5376,.F.);
#5376 = EDGE_CURVE('',#5377,#5370,#5379,.T.);
#5377 = VERTEX_POINT('',#5378);
#5378 = CARTESIAN_POINT('',(1.052814310585,0.427118561977,1.0510001));
#5379 = B_SPLINE_CURVE_WITH_KNOTS('',1,(#5380,#5381),.UNSPECIFIED.,.F.,
  .F.,(2,2),(-0.,1.E-03),.PIECEWISE_BEZIER_KNOTS.);
#5380 = CARTESIAN_POINT('',(1.052814310585,0.427118561977,1.0510001));
#5381 = CARTESIAN_POINT('',(1.052814310585,0.427118561977,1.0500001));
#5382 = ORIENTED_EDGE('',*,*,#5383,.F.);
#5383 = EDGE_CURVE('',#5349,#5377,#5384,.T.);
#5384 = B_SPLINE_CURVE_WITH_KNOTS('',1,(#5385,#5386),.UNSPECIFIED.,.F.,
  .F.,(2,2),(-5.822644331324E-03,0.),.PIECEWISE_BEZIER_KNOTS.);
#5385 = CARTESIAN_POINT('',(1.052814310585,0.421295917646,1.0510001));
#5386 = CARTESIAN_POINT('',(1.052814310585,0.427118561977,1.0510001));
#5387 = ORIENTED_EDGE('',*,*,#5348,.T.);
#5388 = B_SPLINE_SURFACE_WITH_KNOTS('',1,1,(
    (#5389,#5390)
    ,(#5391,#5392)),.UNSPECIFIED.,.F.,.F.,.F.,(2,2),(2,2),(-1.E-03,0.),(
    -5.822644331324E-03,0.),.PIECEWISE_BEZIER_KNOTS.);
#5389 = CARTESIAN_POINT('',(1.052814310585,0.421295917646,1.0500001));
#5390 = CARTESIAN_POINT('',(1.052814310585,0.427118561977,1.0500001));
#5391 = CARTESIAN_POINT('',(1.052814310585,0.421295917646,1.0510001));
#5392 = CARTESIAN_POINT('',(1.052814310585,0.427118561977,1.0510001));
#5393 = ADVANCED_FACE('',(#5394),#5416,.F.);
#5394 = FACE_BOUND('',#5395,.T.);
#5395 = EDGE_LOOP('',(#5396,#5403,#5410,#5415));
#5396 = ORIENTED_EDGE('',*,*,#5397,.T.);
#5397 = EDGE_CURVE('',#5370,#5398,#5400,.T.);
#5398 = VERTEX_POINT('',#5399);
#5399 = CARTESIAN_POINT('',(1.034631544023,0.427118561977,1.0500001));
#5400 = B_SPLINE_CURVE_WITH_KNOTS('',1,(#5401,#5402),.UNSPECIFIED.,.F.,
  .F.,(2,2),(-1.818276656149E-02,-0.),.PIECEWISE_BEZIER_KNOTS.);
#5401 = CARTESIAN_POINT('',(1.052814310585,0.427118561977,1.0500001));
#5402 = CARTESIAN_POINT('',(1.034631544023,0.427118561977,1.0500001));
#5403 = ORIENTED_EDGE('',*,*,#5404,.F.);
#5404 = EDGE_CURVE('',#5405,#5398,#5407,.T.);
#5405 = VERTEX_POINT('',#5406);
#5406 = CARTESIAN_POINT('',(1.034631544023,0.427118561977,1.0510001));
#5407 = B_SPLINE_CURVE_WITH_KNOTS('',1,(#5408,#5409),.UNSPECIFIED.,.F.,
  .F.,(2,2),(-0.,1.E-03),.PIECEWISE_BEZIER_KNOTS.);
#5408 = CARTESIAN_POINT('',(1.034631544023,0.427118561977,1.0510001));
#5409 = CARTESIAN_POINT('',(1.034631544023,0.427118561977,1.0500001));
#5410 = ORIENTED_EDGE('',*,*,#5411,.F.);
#5411 = EDGE_CURVE('',#5377,#5405,#5412,.T.);
#5412 = B_SPLINE_CURVE_WITH_KNOTS('',1,(#5413,#5414),.UNSPECIFIED.,.F.,
  .F.,(2,2),(-1.818276656149E-02,-0.),.PIECEWISE_BEZIER_KNOTS.);
#5413 = CARTESIAN_POINT('',(1.052814310585,0.427118561977,1.0510001));
#5414 = CARTESIAN_POINT('',(1.034631544023,0.427118561977,1.0510001));
#5415 = ORIENTED_EDGE('',*,*,#5376,.T.);
#5416 = B_SPLINE_SURFACE_WITH_KNOTS('',1,1,(
    (#5417,#5418)
    ,(#5419,#5420
    )),.UNSPECIFIED.,.F.,.F.,.F.,(2,2),(2,2),(0.,1.E-03),(0.,
    1.818276656149E-02),.PIECEWISE_BEZIER_KNOTS.);
#5417 = CARTESIAN_POINT('',(1.034631544023,0.427118561977,1.0510001));
#5418 = CARTESIAN_POINT('',(1.052814310585,0.427118561977,1.0510001));
#5419 = CARTESIAN_POINT('',(1.034631544023,0.427118561977,1.0500001));
#5420 = CARTESIAN_POINT('',(1.052814310585,0.427118561977,1.0500001));
#5421 = ADVANCED_FACE('',(#5422),#5444,.F.);
#5422 = FACE_BOUND('',#5423,.T.);
#5423 = EDGE_LOOP('',(#5424,#5431,#5438,#5443));
#5424 = ORIENTED_EDGE('',*,*,#5425,.T.);
#5425 = EDGE_CURVE('',#5398,#5426,#5428,.T.);
#5426 = VERTEX_POINT('',#5427);
#5427 = CARTESIAN_POINT('',(1.034631544023,0.443390773368,1.0500001));
#5428 = B_SPLINE_CURVE_WITH_KNOTS('',1,(#5429,#5430),.UNSPECIFIED.,.F.,
  .F.,(2,2),(-1.627221139053E-02,0.),.PIECEWISE_BEZIER_KNOTS.);
#5429 = CARTESIAN_POINT('',(1.034631544023,0.427118561977,1.0500001));
#5430 = CARTESIAN_POINT('',(1.034631544023,0.443390773368,1.0500001));
#5431 = ORIENTED_EDGE('',*,*,#5432,.F.);
#5432 = EDGE_CURVE('',#5433,#5426,#5435,.T.);
#5433 = VERTEX_POINT('',#5434);
#5434 = CARTESIAN_POINT('',(1.034631544023,0.443390773368,1.0510001));
#5435 = B_SPLINE_CURVE_WITH_KNOTS('',1,(#5436,#5437),.UNSPECIFIED.,.F.,
  .F.,(2,2),(-0.,1.E-03),.PIECEWISE_BEZIER_KNOTS.);
#5436 = CARTESIAN_POINT('',(1.034631544023,0.443390773368,1.0510001));
#5437 = CARTESIAN_POINT('',(1.034631544023,0.443390773368,1.0500001));
#5438 = ORIENTED_EDGE('',*,*,#5439,.F.);
#5439 = EDGE_CURVE('',#5405,#5433,#5440,.T.);
#5440 = B_SPLINE_CURVE_WITH_KNOTS('',1,(#5441,#5442),.UNSPECIFIED.,.F.,
  .F.,(2,2),(-1.627221139053E-02,0.),.PIECEWISE_BEZIER_KNOTS.);
#5441 = CARTESIAN_POINT('',(1.034631544023,0.427118561977,1.0510001));
#5442 = CARTESIAN_POINT('',(1.034631544023,0.443390773368,1.0510001));
#5443 = ORIENTED_EDGE('',*,*,#5404,.T.);
#5444 = B_SPLINE_SURFACE_WITH_KNOTS('',1,1,(
    (#5445,#5446)
    ,(#5447,#5448)),.UNSPECIFIED.,.F.,.F.,.F.,(2,2),(2,2),(-1.E-03,0.),(
    -1.627221139053E-02,0.),.PIECEWISE_BEZIER_KNOTS.);
#5445 = CARTESIAN_POINT('',(1.034631544023,0.427118561977,1.0500001));
#5446 = CARTESIAN_POINT('',(1.034631544023,0.443390773368,1.0500001));
#5447 = CARTESIAN_POINT('',(1.034631544023,0.427118561977,1.0510001));
#5448 = CARTESIAN_POINT('',(1.034631544023,0.443390773368,1.0510001));
#5449 = ADVANCED_FACE('',(#5450),#5472,.F.);
#5450 = FACE_BOUND('',#5451,.T.);
#5451 = EDGE_LOOP('',(#5452,#5459,#5466,#5471));
#5452 = ORIENTED_EDGE('',*,*,#5453,.T.);
#5453 = EDGE_CURVE('',#5426,#5454,#5456,.T.);
#5454 = VERTEX_POINT('',#5455);
#5455 = CARTESIAN_POINT('',(1.054256974694,0.443390773368,1.0500001));
#5456 = B_SPLINE_CURVE_WITH_KNOTS('',1,(#5457,#5458),.UNSPECIFIED.,.F.,
  .F.,(2,2),(-1.962543067047E-02,0.),.PIECEWISE_BEZIER_KNOTS.);
#5457 = CARTESIAN_POINT('',(1.034631544023,0.443390773368,1.0500001));
#5458 = CARTESIAN_POINT('',(1.054256974694,0.443390773368,1.0500001));
#5459 = ORIENTED_EDGE('',*,*,#5460,.F.);
#5460 = EDGE_CURVE('',#5461,#5454,#5463,.T.);
#5461 = VERTEX_POINT('',#5462);
#5462 = CARTESIAN_POINT('',(1.054256974694,0.443390773368,1.0510001));
#5463 = B_SPLINE_CURVE_WITH_KNOTS('',1,(#5464,#5465),.UNSPECIFIED.,.F.,
  .F.,(2,2),(-0.,1.E-03),.PIECEWISE_BEZIER_KNOTS.);
#5464 = CARTESIAN_POINT('',(1.054256974694,0.443390773368,1.0510001));
#5465 = CARTESIAN_POINT('',(1.054256974694,0.443390773368,1.0500001));
#5466 = ORIENTED_EDGE('',*,*,#5467,.F.);
#5467 = EDGE_CURVE('',#5433,#5461,#5468,.T.);
#5468 = B_SPLINE_CURVE_WITH_KNOTS('',1,(#5469,#5470),.UNSPECIFIED.,.F.,
  .F.,(2,2),(-1.962543067047E-02,0.),.PIECEWISE_BEZIER_KNOTS.);
#5469 = CARTESIAN_POINT('',(1.034631544023,0.443390773368,1.0510001));
#5470 = CARTESIAN_POINT('',(1.054256974694,0.443390773368,1.0510001));
#5471 = ORIENTED_EDGE('',*,*,#5432,.T.);
#5472 = B_SPLINE_SURFACE_WITH_KNOTS('',1,1,(
    (#5473,#5474)
    ,(#5475,#5476)),.UNSPECIFIED.,.F.,.F.,.F.,(2,2),(2,2),(-1.E-03,0.),(
    -1.962543067047E-02,0.),.PIECEWISE_BEZIER_KNOTS.);
#5473 = CARTESIAN_POINT('',(1.034631544023,0.443390773368,1.0500001));
#5474 = CARTESIAN_POINT('',(1.054256974694,0.443390773368,1.0500001));
#5475 = CARTESIAN_POINT('',(1.034631544023,0.443390773368,1.0510001));
#5476 = CARTESIAN_POINT('',(1.054256974694,0.443390773368,1.0510001));
#5477 = ADVANCED_FACE('',(#5478),#5500,.F.);
#5478 = FACE_BOUND('',#5479,.T.);
#5479 = EDGE_LOOP('',(#5480,#5487,#5494,#5499));
#5480 = ORIENTED_EDGE('',*,*,#5481,.T.);
#5481 = EDGE_CURVE('',#5454,#5482,#5484,.T.);
#5482 = VERTEX_POINT('',#5483);
#5483 = CARTESIAN_POINT('',(1.054256974694,0.449239411647,1.0500001));
#5484 = B_SPLINE_CURVE_WITH_KNOTS('',1,(#5485,#5486),.UNSPECIFIED.,.F.,
  .F.,(2,2),(-5.848638279203E-03,0.),.PIECEWISE_BEZIER_KNOTS.);
#5485 = CARTESIAN_POINT('',(1.054256974694,0.443390773368,1.0500001));
#5486 = CARTESIAN_POINT('',(1.054256974694,0.449239411647,1.0500001));
#5487 = ORIENTED_EDGE('',*,*,#5488,.F.);
#5488 = EDGE_CURVE('',#5489,#5482,#5491,.T.);
#5489 = VERTEX_POINT('',#5490);
#5490 = CARTESIAN_POINT('',(1.054256974694,0.449239411647,1.0510001));
#5491 = B_SPLINE_CURVE_WITH_KNOTS('',1,(#5492,#5493),.UNSPECIFIED.,.F.,
  .F.,(2,2),(-0.,1.E-03),.PIECEWISE_BEZIER_KNOTS.);
#5492 = CARTESIAN_POINT('',(1.054256974694,0.449239411647,1.0510001));
#5493 = CARTESIAN_POINT('',(1.054256974694,0.449239411647,1.0500001));
#5494 = ORIENTED_EDGE('',*,*,#5495,.F.);
#5495 = EDGE_CURVE('',#5461,#5489,#5496,.T.);
#5496 = B_SPLINE_CURVE_WITH_KNOTS('',1,(#5497,#5498),.UNSPECIFIED.,.F.,
  .F.,(2,2),(-5.848638279203E-03,0.),.PIECEWISE_BEZIER_KNOTS.);
#5497 = CARTESIAN_POINT('',(1.054256974694,0.443390773368,1.0510001));
#5498 = CARTESIAN_POINT('',(1.054256974694,0.449239411647,1.0510001));
#5499 = ORIENTED_EDGE('',*,*,#5460,.T.);
#5500 = B_SPLINE_SURFACE_WITH_KNOTS('',1,1,(
    (#5501,#5502)
    ,(#5503,#5504)),.UNSPECIFIED.,.F.,.F.,.F.,(2,2),(2,2),(-1.E-03,0.),(
    -5.848638279203E-03,0.),.PIECEWISE_BEZIER_KNOTS.);
#5501 = CARTESIAN_POINT('',(1.054256974694,0.443390773368,1.0500001));
#5502 = CARTESIAN_POINT('',(1.054256974694,0.449239411647,1.0500001));
#5503 = CARTESIAN_POINT('',(1.054256974694,0.443390773368,1.0510001));
#5504 = CARTESIAN_POINT('',(1.054256974694,0.449239411647,1.0510001));
#5505 = ADVANCED_FACE('',(#5506),#5528,.F.);
#5506 = FACE_BOUND('',#5507,.T.);
#5507 = EDGE_LOOP('',(#5508,#5515,#5522,#5527));
#5508 = ORIENTED_EDGE('',*,*,#5509,.T.);
#5509 = EDGE_CURVE('',#5482,#5510,#5512,.T.);
#5510 = VERTEX_POINT('',#5511);
#5511 = CARTESIAN_POINT('',(1.028068072176,0.449239411647,1.0500001));
#5512 = B_SPLINE_CURVE_WITH_KNOTS('',1,(#5513,#5514),.UNSPECIFIED.,.F.,
  .F.,(2,2),(-2.618890251719E-02,-0.),.PIECEWISE_BEZIER_KNOTS.);
#5513 = CARTESIAN_POINT('',(1.054256974694,0.449239411647,1.0500001));
#5514 = CARTESIAN_POINT('',(1.028068072176,0.449239411647,1.0500001));
#5515 = ORIENTED_EDGE('',*,*,#5516,.F.);
#5516 = EDGE_CURVE('',#5517,#5510,#5519,.T.);
#5517 = VERTEX_POINT('',#5518);
#5518 = CARTESIAN_POINT('',(1.028068072176,0.449239411647,1.0510001));
#5519 = B_SPLINE_CURVE_WITH_KNOTS('',1,(#5520,#5521),.UNSPECIFIED.,.F.,
  .F.,(2,2),(-0.,1.E-03),.PIECEWISE_BEZIER_KNOTS.);
#5520 = CARTESIAN_POINT('',(1.028068072176,0.449239411647,1.0510001));
#5521 = CARTESIAN_POINT('',(1.028068072176,0.449239411647,1.0500001));
#5522 = ORIENTED_EDGE('',*,*,#5523,.F.);
#5523 = EDGE_CURVE('',#5489,#5517,#5524,.T.);
#5524 = B_SPLINE_CURVE_WITH_KNOTS('',1,(#5525,#5526),.UNSPECIFIED.,.F.,
  .F.,(2,2),(-2.618890251719E-02,-0.),.PIECEWISE_BEZIER_KNOTS.);
#5525 = CARTESIAN_POINT('',(1.054256974694,0.449239411647,1.0510001));
#5526 = CARTESIAN_POINT('',(1.028068072176,0.449239411647,1.0510001));
#5527 = ORIENTED_EDGE('',*,*,#5488,.T.);
#5528 = B_SPLINE_SURFACE_WITH_KNOTS('',1,1,(
    (#5529,#5530)
    ,(#5531,#5532
    )),.UNSPECIFIED.,.F.,.F.,.F.,(2,2),(2,2),(0.,1.E-03),(0.,
    2.618890251719E-02),.PIECEWISE_BEZIER_KNOTS.);
#5529 = CARTESIAN_POINT('',(1.028068072176,0.449239411647,1.0510001));
#5530 = CARTESIAN_POINT('',(1.054256974694,0.449239411647,1.0510001));
#5531 = CARTESIAN_POINT('',(1.028068072176,0.449239411647,1.0500001));
#5532 = CARTESIAN_POINT('',(1.054256974694,0.449239411647,1.0500001));
#5533 = ADVANCED_FACE('',(#5534),#5556,.F.);
#5534 = FACE_BOUND('',#5535,.T.);
#5535 = EDGE_LOOP('',(#5536,#5543,#5550,#5555));
#5536 = ORIENTED_EDGE('',*,*,#5537,.T.);
#5537 = EDGE_CURVE('',#5510,#5538,#5540,.T.);
#5538 = VERTEX_POINT('',#5539);
#5539 = CARTESIAN_POINT('',(1.028068072176,0.398395249539,1.0500001));
#5540 = B_SPLINE_CURVE_WITH_KNOTS('',1,(#5541,#5542),.UNSPECIFIED.,.F.,
  .F.,(2,2),(-5.084416210783E-02,-0.),.PIECEWISE_BEZIER_KNOTS.);
#5541 = CARTESIAN_POINT('',(1.028068072176,0.449239411647,1.0500001));
#5542 = CARTESIAN_POINT('',(1.028068072176,0.398395249539,1.0500001));
#5543 = ORIENTED_EDGE('',*,*,#5544,.F.);
#5544 = EDGE_CURVE('',#5545,#5538,#5547,.T.);
#5545 = VERTEX_POINT('',#5546);
#5546 = CARTESIAN_POINT('',(1.028068072176,0.398395249539,1.0510001));
#5547 = B_SPLINE_CURVE_WITH_KNOTS('',1,(#5548,#5549),.UNSPECIFIED.,.F.,
  .F.,(2,2),(-0.,1.E-03),.PIECEWISE_BEZIER_KNOTS.);
#5548 = CARTESIAN_POINT('',(1.028068072176,0.398395249539,1.0510001));
#5549 = CARTESIAN_POINT('',(1.028068072176,0.398395249539,1.0500001));
#5550 = ORIENTED_EDGE('',*,*,#5551,.F.);
#5551 = EDGE_CURVE('',#5517,#5545,#5552,.T.);
#5552 = B_SPLINE_CURVE_WITH_KNOTS('',1,(#5553,#5554),.UNSPECIFIED.,.F.,
  .F.,(2,2),(-5.084416210783E-02,-0.),.PIECEWISE_BEZIER_KNOTS.);
#5553 = CARTESIAN_POINT('',(1.028068072176,0.449239411647,1.0510001));
#5554 = CARTESIAN_POINT('',(1.028068072176,0.398395249539,1.0510001));
#5555 = ORIENTED_EDGE('',*,*,#5516,.T.);
#5556 = B_SPLINE_SURFACE_WITH_KNOTS('',1,1,(
    (#5557,#5558)
    ,(#5559,#5560
    )),.UNSPECIFIED.,.F.,.F.,.F.,(2,2),(2,2),(0.,1.E-03),(0.,
    5.084416210783E-02),.PIECEWISE_BEZIER_KNOTS.);
#5557 = CARTESIAN_POINT('',(1.028068072176,0.398395249539,1.0510001));
#5558 = CARTESIAN_POINT('',(1.028068072176,0.449239411647,1.0510001));
#5559 = CARTESIAN_POINT('',(1.028068072176,0.398395249539,1.0500001));
#5560 = CARTESIAN_POINT('',(1.028068072176,0.449239411647,1.0500001));
#5561 = ADVANCED_FACE('',(#5562),#5576,.F.);
#5562 = FACE_BOUND('',#5563,.T.);
#5563 = EDGE_LOOP('',(#5564,#5569,#5570,#5575));
#5564 = ORIENTED_EDGE('',*,*,#5565,.T.);
#5565 = EDGE_CURVE('',#5538,#5250,#5566,.T.);
#5566 = B_SPLINE_CURVE_WITH_KNOTS('',1,(#5567,#5568),.UNSPECIFIED.,.F.,
  .F.,(2,2),(-2.734563319899E-02,0.),.PIECEWISE_BEZIER_KNOTS.);
#5567 = CARTESIAN_POINT('',(1.028068072176,0.398395249539,1.0500001));
#5568 = CARTESIAN_POINT('',(1.055413705375,0.398395249539,1.0500001));
#5569 = ORIENTED_EDGE('',*,*,#5272,.F.);
#5570 = ORIENTED_EDGE('',*,*,#5571,.F.);
#5571 = EDGE_CURVE('',#5545,#5266,#5572,.T.);
#5572 = B_SPLINE_CURVE_WITH_KNOTS('',1,(#5573,#5574),.UNSPECIFIED.,.F.,
  .F.,(2,2),(-2.734563319899E-02,0.),.PIECEWISE_BEZIER_KNOTS.);
#5573 = CARTESIAN_POINT('',(1.028068072176,0.398395249539,1.0510001));
#5574 = CARTESIAN_POINT('',(1.055413705375,0.398395249539,1.0510001));
#5575 = ORIENTED_EDGE('',*,*,#5544,.T.);
#5576 = B_SPLINE_SURFACE_WITH_KNOTS('',1,1,(
    (#5577,#5578)
    ,(#5579,#5580)),.UNSPECIFIED.,.F.,.F.,.F.,(2,2),(2,2),(-1.E-03,0.),(
    -2.734563319899E-02,0.),.PIECEWISE_BEZIER_KNOTS.);
#5577 = CARTESIAN_POINT('',(1.028068072176,0.398395249539,1.0500001));
#5578 = CARTESIAN_POINT('',(1.055413705375,0.398395249539,1.0500001));
#5579 = CARTESIAN_POINT('',(1.028068072176,0.398395249539,1.0510001));
#5580 = CARTESIAN_POINT('',(1.055413705375,0.398395249539,1.0510001));
#5581 = ADVANCED_FACE('',(#5582),#5596,.F.);
#5582 = FACE_BOUND('',#5583,.T.);
#5583 = EDGE_LOOP('',(#5584,#5585,#5586,#5587,#5588,#5589,#5590,#5591,
    #5592,#5593,#5594,#5595));
#5584 = ORIENTED_EDGE('',*,*,#5265,.T.);
#5585 = ORIENTED_EDGE('',*,*,#5299,.T.);
#5586 = ORIENTED_EDGE('',*,*,#5327,.T.);
#5587 = ORIENTED_EDGE('',*,*,#5355,.T.);
#5588 = ORIENTED_EDGE('',*,*,#5383,.T.);
#5589 = ORIENTED_EDGE('',*,*,#5411,.T.);
#5590 = ORIENTED_EDGE('',*,*,#5439,.T.);
#5591 = ORIENTED_EDGE('',*,*,#5467,.T.);
#5592 = ORIENTED_EDGE('',*,*,#5495,.T.);
#5593 = ORIENTED_EDGE('',*,*,#5523,.T.);
#5594 = ORIENTED_EDGE('',*,*,#5551,.T.);
#5595 = ORIENTED_EDGE('',*,*,#5571,.T.);
#5596 = B_SPLINE_SURFACE_WITH_KNOTS('',1,1,(
    (#5597,#5598)
    ,(#5599,#5600
    )),.UNSPECIFIED.,.F.,.F.,.F.,(2,2),(2,2),(-1.055413705375,
    -1.028068072176),(0.398395249539,0.449239411647),
  .PIECEWISE_BEZIER_KNOTS.);
#5597 = CARTESIAN_POINT('',(1.055413705375,0.398395249539,1.0510001));
#5598 = CARTESIAN_POINT('',(1.055413705375,0.449239411647,1.0510001));
#5599 = CARTESIAN_POINT('',(1.028068072176,0.398395249539,1.0510001));
#5600 = CARTESIAN_POINT('',(1.028068072176,0.449239411647,1.0510001));
#5601 = ADVANCED_FACE('',(#5602),#5616,.T.);
#5602 = FACE_BOUND('',#5603,.T.);
#5603 = EDGE_LOOP('',(#5604,#5605,#5606,#5607,#5608,#5609,#5610,#5611,
    #5612,#5613,#5614,#5615));
#5604 = ORIENTED_EDGE('',*,*,#5249,.F.);
#5605 = ORIENTED_EDGE('',*,*,#5565,.F.);
#5606 = ORIENTED_EDGE('',*,*,#5537,.F.);
#5607 = ORIENTED_EDGE('',*,*,#5509,.F.);
#5608 = ORIENTED_EDGE('',*,*,#5481,.F.);
#5609 = ORIENTED_EDGE('',*,*,#5453,.F.);
#5610 = ORIENTED_EDGE('',*,*,#5425,.F.);
#5611 = ORIENTED_EDGE('',*,*,#5397,.F.);
#5612 = ORIENTED_EDGE('',*,*,#5369,.F.);
#5613 = ORIENTED_EDGE('',*,*,#5341,.F.);
#5614 = ORIENTED_EDGE('',*,*,#5313,.F.);
#5615 = ORIENTED_EDGE('',*,*,#5285,.F.);
#5616 = B_SPLINE_SURFACE_WITH_KNOTS('',1,1,(
    (#5617,#5618)
    ,(#5619,#5620
    )),.UNSPECIFIED.,.F.,.F.,.F.,(2,2),(2,2),(-1.055413705375,
    -1.028068072176),(0.398395249539,0.449239411647),
  .PIECEWISE_BEZIER_KNOTS.);
#5617 = CARTESIAN_POINT('',(1.055413705375,0.398395249539,1.0500001));
#5618 = CARTESIAN_POINT('',(1.055413705375,0.449239411647,1.0500001));
#5619 = CARTESIAN_POINT('',(1.028068072176,0.398395249539,1.0500001));
#5620 = CARTESIAN_POINT('',(1.028068072176,0.449239411647,1.0500001));
#5621 = MANIFOLD_SOLID_BREP('',#5622);
#5622 = CLOSED_SHELL('',(#5623,#5747,#5871,#5891,#5911,#5931,#5951,#5971
    ,#5987,#5999,#6019,#6035,#6051,#6071,#6091,#6111));
#5623 = ADVANCED_FACE('',(#5624,#5683),#5742,.T.);
#5624 = FACE_BOUND('',#5625,.T.);
#5625 = EDGE_LOOP('',(#5626,#5635,#5644,#5653,#5662,#5671,#5678));
#5626 = ORIENTED_EDGE('',*,*,#5627,.T.);
#5627 = EDGE_CURVE('',#5628,#5630,#5632,.T.);
#5628 = VERTEX_POINT('',#5629);
#5629 = CARTESIAN_POINT('',(1.065018469128,0.398395249539,1.0510001));
#5630 = VERTEX_POINT('',#5631);
#5631 = CARTESIAN_POINT('',(1.079003213102,0.398395249539,1.0510001));
#5632 = B_SPLINE_CURVE_WITH_KNOTS('',1,(#5633,#5634),.UNSPECIFIED.,.F.,
  .F.,(2,2),(-1.398474397447E-02,0.),.PIECEWISE_BEZIER_KNOTS.);
#5633 = CARTESIAN_POINT('',(1.065018469128,0.398395249539,1.0510001));
#5634 = CARTESIAN_POINT('',(1.079003213102,0.398395249539,1.0510001));
#5635 = ORIENTED_EDGE('',*,*,#5636,.T.);
#5636 = EDGE_CURVE('',#5630,#5637,#5639,.T.);
#5637 = VERTEX_POINT('',#5638);
#5638 = CARTESIAN_POINT('',(1.098745616538,0.405517591266,1.0510001));
#5639 = B_SPLINE_CURVE_WITH_KNOTS('',3,(#5640,#5641,#5642,#5643),
  .UNSPECIFIED.,.F.,.F.,(4,4),(5.,6.),.PIECEWISE_BEZIER_KNOTS.);
#5640 = CARTESIAN_POINT('',(1.079003213102,0.398395249539,1.0510001));
#5641 = CARTESIAN_POINT('',(1.087048339979,0.398395249539,1.0510001));
#5642 = CARTESIAN_POINT('',(1.093637805774,0.400760698799,1.0510001));
#5643 = CARTESIAN_POINT('',(1.098745616538,0.405517591266,1.0510001));
#5644 = ORIENTED_EDGE('',*,*,#5645,.T.);
#5645 = EDGE_CURVE('',#5637,#5646,#5648,.T.);
#5646 = VERTEX_POINT('',#5647);
#5647 = CARTESIAN_POINT('',(1.106413831171,0.424467179291,1.0510001));
#5648 = B_SPLINE_CURVE_WITH_KNOTS('',3,(#5649,#5650,#5651,#5652),
  .UNSPECIFIED.,.F.,.F.,(4,4),(4.,5.),.PIECEWISE_BEZIER_KNOTS.);
#5649 = CARTESIAN_POINT('',(1.098745616538,0.405517591266,1.0510001));
#5650 = CARTESIAN_POINT('',(1.103853427302,0.410274483733,1.0510001));
#5651 = CARTESIAN_POINT('',(1.106413831171,0.416591013075,1.0510001));
#5652 = CARTESIAN_POINT('',(1.106413831171,0.424467179291,1.0510001));
#5653 = ORIENTED_EDGE('',*,*,#5654,.T.);
#5654 = EDGE_CURVE('',#5646,#5655,#5657,.T.);
#5655 = VERTEX_POINT('',#5656);
#5656 = CARTESIAN_POINT('',(1.098745616538,0.442506979139,1.0510001));
#5657 = B_SPLINE_CURVE_WITH_KNOTS('',3,(#5658,#5659,#5660,#5661),
  .UNSPECIFIED.,.F.,.F.,(4,4),(3.,4.),.PIECEWISE_BEZIER_KNOTS.);
#5658 = CARTESIAN_POINT('',(1.106413831171,0.424467179291,1.0510001));
#5659 = CARTESIAN_POINT('',(1.106413831171,0.432005424184,1.0510001));
#5660 = CARTESIAN_POINT('',(1.103853427302,0.438010026151,1.0510001));
#5661 = CARTESIAN_POINT('',(1.098745616538,0.442506979139,1.0510001));
#5662 = ORIENTED_EDGE('',*,*,#5663,.T.);
#5663 = EDGE_CURVE('',#5655,#5664,#5666,.T.);
#5664 = VERTEX_POINT('',#5665);
#5665 = CARTESIAN_POINT('',(1.07952309206,0.449239411647,1.0510001));
#5666 = B_SPLINE_CURVE_WITH_KNOTS('',3,(#5667,#5668,#5669,#5670),
  .UNSPECIFIED.,.F.,.F.,(4,4),(2.,3.),.PIECEWISE_BEZIER_KNOTS.);
#5667 = CARTESIAN_POINT('',(1.098745616538,0.442506979139,1.0510001));
#5668 = CARTESIAN_POINT('',(1.093637805774,0.447003932127,1.0510001));
#5669 = CARTESIAN_POINT('',(1.087230297615,0.449239411647,1.0510001));
#5670 = CARTESIAN_POINT('',(1.07952309206,0.449239411647,1.0510001));
#5671 = ORIENTED_EDGE('',*,*,#5672,.T.);
#5672 = EDGE_CURVE('',#5664,#5673,#5675,.T.);
#5673 = VERTEX_POINT('',#5674);
#5674 = CARTESIAN_POINT('',(1.065018469128,0.449239411647,1.0510001));
#5675 = B_SPLINE_CURVE_WITH_KNOTS('',1,(#5676,#5677),.UNSPECIFIED.,.F.,
  .F.,(2,2),(-1.450462293273E-02,-0.),.PIECEWISE_BEZIER_KNOTS.);
#5676 = CARTESIAN_POINT('',(1.07952309206,0.449239411647,1.0510001));
#5677 = CARTESIAN_POINT('',(1.065018469128,0.449239411647,1.0510001));
#5678 = ORIENTED_EDGE('',*,*,#5679,.T.);
#5679 = EDGE_CURVE('',#5673,#5628,#5680,.T.);
#5680 = B_SPLINE_CURVE_WITH_KNOTS('',1,(#5681,#5682),.UNSPECIFIED.,.F.,
  .F.,(2,2),(-5.084416210783E-02,-0.),.PIECEWISE_BEZIER_KNOTS.);
#5681 = CARTESIAN_POINT('',(1.065018469128,0.449239411647,1.0510001));
#5682 = CARTESIAN_POINT('',(1.065018469128,0.398395249539,1.0510001));
#5683 = FACE_BOUND('',#5684,.T.);
#5684 = EDGE_LOOP('',(#5685,#5694,#5701,#5710,#5719,#5728,#5737));
#5685 = ORIENTED_EDGE('',*,*,#5686,.F.);
#5686 = EDGE_CURVE('',#5687,#5689,#5691,.T.);
#5687 = VERTEX_POINT('',#5688);
#5688 = CARTESIAN_POINT('',(1.071581940974,0.443390773368,1.0510001));
#5689 = VERTEX_POINT('',#5690);
#5690 = CARTESIAN_POINT('',(1.071581940974,0.404191899923,1.0510001));
#5691 = B_SPLINE_CURVE_WITH_KNOTS('',1,(#5692,#5693),.UNSPECIFIED.,.F.,
  .F.,(2,2),(0.,3.919887344519E-02),.PIECEWISE_BEZIER_KNOTS.);
#5692 = CARTESIAN_POINT('',(1.071581940974,0.443390773368,1.0510001));
#5693 = CARTESIAN_POINT('',(1.071581940974,0.404191899923,1.0510001));
#5694 = ORIENTED_EDGE('',*,*,#5695,.F.);
#5695 = EDGE_CURVE('',#5696,#5687,#5698,.T.);
#5696 = VERTEX_POINT('',#5697);
#5697 = CARTESIAN_POINT('',(1.079263152581,0.443390773368,1.0510001));
#5698 = B_SPLINE_CURVE_WITH_KNOTS('',1,(#5699,#5700),.UNSPECIFIED.,.F.,
  .F.,(2,2),(0.,7.681211606355E-03),.PIECEWISE_BEZIER_KNOTS.);
#5699 = CARTESIAN_POINT('',(1.079263152581,0.443390773368,1.0510001));
#5700 = CARTESIAN_POINT('',(1.071581940974,0.443390773368,1.0510001));
#5701 = ORIENTED_EDGE('',*,*,#5702,.F.);
#5702 = EDGE_CURVE('',#5703,#5696,#5705,.T.);
#5703 = VERTEX_POINT('',#5704);
#5704 = CARTESIAN_POINT('',(1.093936736175,0.438607886953,1.0510001));
#5705 = B_SPLINE_CURVE_WITH_KNOTS('',3,(#5706,#5707,#5708,#5709),
  .UNSPECIFIED.,.F.,.F.,(4,4),(5.,6.),.PIECEWISE_BEZIER_KNOTS.);
#5706 = CARTESIAN_POINT('',(1.093936736175,0.438607886953,1.0510001));
#5707 = CARTESIAN_POINT('',(1.090219601624,0.441805142545,1.0510001));
#5708 = CARTESIAN_POINT('',(1.085319742443,0.443390773368,1.0510001));
#5709 = CARTESIAN_POINT('',(1.079263152581,0.443390773368,1.0510001));
#5710 = ORIENTED_EDGE('',*,*,#5711,.F.);
#5711 = EDGE_CURVE('',#5712,#5703,#5714,.T.);
#5712 = VERTEX_POINT('',#5713);
#5713 = CARTESIAN_POINT('',(1.099512438002,0.424285221655,1.0510001));
#5714 = B_SPLINE_CURVE_WITH_KNOTS('',3,(#5715,#5716,#5717,#5718),
  .UNSPECIFIED.,.F.,.F.,(4,4),(4.,5.),.PIECEWISE_BEZIER_KNOTS.);
#5715 = CARTESIAN_POINT('',(1.099512438002,0.424285221655,1.0510001));
#5716 = CARTESIAN_POINT('',(1.099512438002,0.430627744945,1.0510001));
#5717 = CARTESIAN_POINT('',(1.097653870726,0.43541063136,1.0510001));
#5718 = CARTESIAN_POINT('',(1.093936736175,0.438607886953,1.0510001));
#5719 = ORIENTED_EDGE('',*,*,#5720,.F.);
#5720 = EDGE_CURVE('',#5721,#5712,#5723,.T.);
#5721 = VERTEX_POINT('',#5722);
#5722 = CARTESIAN_POINT('',(1.094079702889,0.409494665296,1.0510001));
#5723 = B_SPLINE_CURVE_WITH_KNOTS('',3,(#5724,#5725,#5726,#5727),
  .UNSPECIFIED.,.F.,.F.,(4,4),(3.,4.),.PIECEWISE_BEZIER_KNOTS.);
#5724 = CARTESIAN_POINT('',(1.094079702889,0.409494665296,1.0510001));
#5725 = CARTESIAN_POINT('',(1.097705858622,0.413003848263,1.0510001));
#5726 = CARTESIAN_POINT('',(1.099512438002,0.417942698366,1.0510001));
#5727 = CARTESIAN_POINT('',(1.099512438002,0.424285221655,1.0510001));
#5728 = ORIENTED_EDGE('',*,*,#5729,.F.);
#5729 = EDGE_CURVE('',#5730,#5721,#5732,.T.);
#5730 = VERTEX_POINT('',#5731);
#5731 = CARTESIAN_POINT('',(1.07896422218,0.404191899923,1.0510001));
#5732 = B_SPLINE_CURVE_WITH_KNOTS('',3,(#5733,#5734,#5735,#5736),
  .UNSPECIFIED.,.F.,.F.,(4,4),(2.,3.),.PIECEWISE_BEZIER_KNOTS.);
#5733 = CARTESIAN_POINT('',(1.07896422218,0.404191899923,1.0510001));
#5734 = CARTESIAN_POINT('',(1.085423718235,0.404191899923,1.0510001));
#5735 = CARTESIAN_POINT('',(1.09046654413,0.40595948838,1.0510001));
#5736 = CARTESIAN_POINT('',(1.094079702889,0.409494665296,1.0510001));
#5737 = ORIENTED_EDGE('',*,*,#5738,.F.);
#5738 = EDGE_CURVE('',#5689,#5730,#5739,.T.);
#5739 = B_SPLINE_CURVE_WITH_KNOTS('',1,(#5740,#5741),.UNSPECIFIED.,.F.,
  .F.,(2,2),(0.,7.382281205754E-03),.PIECEWISE_BEZIER_KNOTS.);
#5740 = CARTESIAN_POINT('',(1.071581940974,0.404191899923,1.0510001));
#5741 = CARTESIAN_POINT('',(1.07896422218,0.404191899923,1.0510001));
#5742 = B_SPLINE_SURFACE_WITH_KNOTS('',1,1,(
    (#5743,#5744)
    ,(#5745,#5746
    )),.UNSPECIFIED.,.F.,.F.,.F.,(2,2),(2,2),(-2.509065821812E-02,
    1.630470382521E-02),(-4.916430322434E-02,1.679858883498E-03),
  .PIECEWISE_BEZIER_KNOTS.);
#5743 = CARTESIAN_POINT('',(1.065018469128,0.398395249539,1.0510001));
#5744 = CARTESIAN_POINT('',(1.065018469128,0.449239411647,1.0510001));
#5745 = CARTESIAN_POINT('',(1.106413831171,0.398395249539,1.0510001));
#5746 = CARTESIAN_POINT('',(1.106413831171,0.449239411647,1.0510001));
#5747 = ADVANCED_FACE('',(#5748,#5807),#5866,.F.);
#5748 = FACE_BOUND('',#5749,.T.);
#5749 = EDGE_LOOP('',(#5750,#5759,#5766,#5773,#5782,#5791,#5800));
#5750 = ORIENTED_EDGE('',*,*,#5751,.F.);
#5751 = EDGE_CURVE('',#5752,#5754,#5756,.T.);
#5752 = VERTEX_POINT('',#5753);
#5753 = CARTESIAN_POINT('',(1.065018469128,0.398395249539,1.0500001));
#5754 = VERTEX_POINT('',#5755);
#5755 = CARTESIAN_POINT('',(1.079003213102,0.398395249539,1.0500001));
#5756 = B_SPLINE_CURVE_WITH_KNOTS('',1,(#5757,#5758),.UNSPECIFIED.,.F.,
  .F.,(2,2),(-1.398474397447E-02,0.),.PIECEWISE_BEZIER_KNOTS.);
#5757 = CARTESIAN_POINT('',(1.065018469128,0.398395249539,1.0500001));
#5758 = CARTESIAN_POINT('',(1.079003213102,0.398395249539,1.0500001));
#5759 = ORIENTED_EDGE('',*,*,#5760,.F.);
#5760 = EDGE_CURVE('',#5761,#5752,#5763,.T.);
#5761 = VERTEX_POINT('',#5762);
#5762 = CARTESIAN_POINT('',(1.065018469128,0.449239411647,1.0500001));
#5763 = B_SPLINE_CURVE_WITH_KNOTS('',1,(#5764,#5765),.UNSPECIFIED.,.F.,
  .F.,(2,2),(-5.084416210783E-02,-0.),.PIECEWISE_BEZIER_KNOTS.);
#5764 = CARTESIAN_POINT('',(1.065018469128,0.449239411647,1.0500001));
#5765 = CARTESIAN_POINT('',(1.065018469128,0.398395249539,1.0500001));
#5766 = ORIENTED_EDGE('',*,*,#5767,.F.);
#5767 = EDGE_CURVE('',#5768,#5761,#5770,.T.);
#5768 = VERTEX_POINT('',#5769);
#5769 = CARTESIAN_POINT('',(1.07952309206,0.449239411647,1.0500001));
#5770 = B_SPLINE_CURVE_WITH_KNOTS('',1,(#5771,#5772),.UNSPECIFIED.,.F.,
  .F.,(2,2),(-1.450462293273E-02,-0.),.PIECEWISE_BEZIER_KNOTS.);
#5771 = CARTESIAN_POINT('',(1.07952309206,0.449239411647,1.0500001));
#5772 = CARTESIAN_POINT('',(1.065018469128,0.449239411647,1.0500001));
#5773 = ORIENTED_EDGE('',*,*,#5774,.F.);
#5774 = EDGE_CURVE('',#5775,#5768,#5777,.T.);
#5775 = VERTEX_POINT('',#5776);
#5776 = CARTESIAN_POINT('',(1.098745616538,0.442506979139,1.0500001));
#5777 = B_SPLINE_CURVE_WITH_KNOTS('',3,(#5778,#5779,#5780,#5781),
  .UNSPECIFIED.,.F.,.F.,(4,4),(2.,3.),.PIECEWISE_BEZIER_KNOTS.);
#5778 = CARTESIAN_POINT('',(1.098745616538,0.442506979139,1.0500001));
#5779 = CARTESIAN_POINT('',(1.093637805774,0.447003932127,1.0500001));
#5780 = CARTESIAN_POINT('',(1.087230297615,0.449239411647,1.0500001));
#5781 = CARTESIAN_POINT('',(1.07952309206,0.449239411647,1.0500001));
#5782 = ORIENTED_EDGE('',*,*,#5783,.F.);
#5783 = EDGE_CURVE('',#5784,#5775,#5786,.T.);
#5784 = VERTEX_POINT('',#5785);
#5785 = CARTESIAN_POINT('',(1.106413831171,0.424467179291,1.0500001));
#5786 = B_SPLINE_CURVE_WITH_KNOTS('',3,(#5787,#5788,#5789,#5790),
  .UNSPECIFIED.,.F.,.F.,(4,4),(3.,4.),.PIECEWISE_BEZIER_KNOTS.);
#5787 = CARTESIAN_POINT('',(1.106413831171,0.424467179291,1.0500001));
#5788 = CARTESIAN_POINT('',(1.106413831171,0.432005424184,1.0500001));
#5789 = CARTESIAN_POINT('',(1.103853427302,0.438010026151,1.0500001));
#5790 = CARTESIAN_POINT('',(1.098745616538,0.442506979139,1.0500001));
#5791 = ORIENTED_EDGE('',*,*,#5792,.F.);
#5792 = EDGE_CURVE('',#5793,#5784,#5795,.T.);
#5793 = VERTEX_POINT('',#5794);
#5794 = CARTESIAN_POINT('',(1.098745616538,0.405517591266,1.0500001));
#5795 = B_SPLINE_CURVE_WITH_KNOTS('',3,(#5796,#5797,#5798,#5799),
  .UNSPECIFIED.,.F.,.F.,(4,4),(4.,5.),.PIECEWISE_BEZIER_KNOTS.);
#5796 = CARTESIAN_POINT('',(1.098745616538,0.405517591266,1.0500001));
#5797 = CARTESIAN_POINT('',(1.103853427302,0.410274483733,1.0500001));
#5798 = CARTESIAN_POINT('',(1.106413831171,0.416591013075,1.0500001));
#5799 = CARTESIAN_POINT('',(1.106413831171,0.424467179291,1.0500001));
#5800 = ORIENTED_EDGE('',*,*,#5801,.F.);
#5801 = EDGE_CURVE('',#5754,#5793,#5802,.T.);
#5802 = B_SPLINE_CURVE_WITH_KNOTS('',3,(#5803,#5804,#5805,#5806),
  .UNSPECIFIED.,.F.,.F.,(4,4),(5.,6.),.PIECEWISE_BEZIER_KNOTS.);
#5803 = CARTESIAN_POINT('',(1.079003213102,0.398395249539,1.0500001));
#5804 = CARTESIAN_POINT('',(1.087048339979,0.398395249539,1.0500001));
#5805 = CARTESIAN_POINT('',(1.093637805774,0.400760698799,1.0500001));
#5806 = CARTESIAN_POINT('',(1.098745616538,0.405517591266,1.0500001));
#5807 = FACE_BOUND('',#5808,.T.);
#5808 = EDGE_LOOP('',(#5809,#5818,#5825,#5832,#5841,#5850,#5859));
#5809 = ORIENTED_EDGE('',*,*,#5810,.T.);
#5810 = EDGE_CURVE('',#5811,#5813,#5815,.T.);
#5811 = VERTEX_POINT('',#5812);
#5812 = CARTESIAN_POINT('',(1.079263152581,0.443390773368,1.0500001));
#5813 = VERTEX_POINT('',#5814);
#5814 = CARTESIAN_POINT('',(1.071581940974,0.443390773368,1.0500001));
#5815 = B_SPLINE_CURVE_WITH_KNOTS('',1,(#5816,#5817),.UNSPECIFIED.,.F.,
  .F.,(2,2),(0.,7.681211606355E-03),.PIECEWISE_BEZIER_KNOTS.);
#5816 = CARTESIAN_POINT('',(1.079263152581,0.443390773368,1.0500001));
#5817 = CARTESIAN_POINT('',(1.071581940974,0.443390773368,1.0500001));
#5818 = ORIENTED_EDGE('',*,*,#5819,.T.);
#5819 = EDGE_CURVE('',#5813,#5820,#5822,.T.);
#5820 = VERTEX_POINT('',#5821);
#5821 = CARTESIAN_POINT('',(1.071581940974,0.404191899923,1.0500001));
#5822 = B_SPLINE_CURVE_WITH_KNOTS('',1,(#5823,#5824),.UNSPECIFIED.,.F.,
  .F.,(2,2),(0.,3.919887344519E-02),.PIECEWISE_BEZIER_KNOTS.);
#5823 = CARTESIAN_POINT('',(1.071581940974,0.443390773368,1.0500001));
#5824 = CARTESIAN_POINT('',(1.071581940974,0.404191899923,1.0500001));
#5825 = ORIENTED_EDGE('',*,*,#5826,.T.);
#5826 = EDGE_CURVE('',#5820,#5827,#5829,.T.);
#5827 = VERTEX_POINT('',#5828);
#5828 = CARTESIAN_POINT('',(1.07896422218,0.404191899923,1.0500001));
#5829 = B_SPLINE_CURVE_WITH_KNOTS('',1,(#5830,#5831),.UNSPECIFIED.,.F.,
  .F.,(2,2),(0.,7.382281205754E-03),.PIECEWISE_BEZIER_KNOTS.);
#5830 = CARTESIAN_POINT('',(1.071581940974,0.404191899923,1.0500001));
#5831 = CARTESIAN_POINT('',(1.07896422218,0.404191899923,1.0500001));
#5832 = ORIENTED_EDGE('',*,*,#5833,.T.);
#5833 = EDGE_CURVE('',#5827,#5834,#5836,.T.);
#5834 = VERTEX_POINT('',#5835);
#5835 = CARTESIAN_POINT('',(1.094079702889,0.409494665296,1.0500001));
#5836 = B_SPLINE_CURVE_WITH_KNOTS('',3,(#5837,#5838,#5839,#5840),
  .UNSPECIFIED.,.F.,.F.,(4,4),(2.,3.),.PIECEWISE_BEZIER_KNOTS.);
#5837 = CARTESIAN_POINT('',(1.07896422218,0.404191899923,1.0500001));
#5838 = CARTESIAN_POINT('',(1.085423718235,0.404191899923,1.0500001));
#5839 = CARTESIAN_POINT('',(1.09046654413,0.40595948838,1.0500001));
#5840 = CARTESIAN_POINT('',(1.094079702889,0.409494665296,1.0500001));
#5841 = ORIENTED_EDGE('',*,*,#5842,.T.);
#5842 = EDGE_CURVE('',#5834,#5843,#5845,.T.);
#5843 = VERTEX_POINT('',#5844);
#5844 = CARTESIAN_POINT('',(1.099512438002,0.424285221655,1.0500001));
#5845 = B_SPLINE_CURVE_WITH_KNOTS('',3,(#5846,#5847,#5848,#5849),
  .UNSPECIFIED.,.F.,.F.,(4,4),(3.,4.),.PIECEWISE_BEZIER_KNOTS.);
#5846 = CARTESIAN_POINT('',(1.094079702889,0.409494665296,1.0500001));
#5847 = CARTESIAN_POINT('',(1.097705858622,0.413003848263,1.0500001));
#5848 = CARTESIAN_POINT('',(1.099512438002,0.417942698366,1.0500001));
#5849 = CARTESIAN_POINT('',(1.099512438002,0.424285221655,1.0500001));
#5850 = ORIENTED_EDGE('',*,*,#5851,.T.);
#5851 = EDGE_CURVE('',#5843,#5852,#5854,.T.);
#5852 = VERTEX_POINT('',#5853);
#5853 = CARTESIAN_POINT('',(1.093936736175,0.438607886953,1.0500001));
#5854 = B_SPLINE_CURVE_WITH_KNOTS('',3,(#5855,#5856,#5857,#5858),
  .UNSPECIFIED.,.F.,.F.,(4,4),(4.,5.),.PIECEWISE_BEZIER_KNOTS.);
#5855 = CARTESIAN_POINT('',(1.099512438002,0.424285221655,1.0500001));
#5856 = CARTESIAN_POINT('',(1.099512438002,0.430627744945,1.0500001));
#5857 = CARTESIAN_POINT('',(1.097653870726,0.43541063136,1.0500001));
#5858 = CARTESIAN_POINT('',(1.093936736175,0.438607886953,1.0500001));
#5859 = ORIENTED_EDGE('',*,*,#5860,.T.);
#5860 = EDGE_CURVE('',#5852,#5811,#5861,.T.);
#5861 = B_SPLINE_CURVE_WITH_KNOTS('',3,(#5862,#5863,#5864,#5865),
  .UNSPECIFIED.,.F.,.F.,(4,4),(5.,6.),.PIECEWISE_BEZIER_KNOTS.);
#5862 = CARTESIAN_POINT('',(1.093936736175,0.438607886953,1.0500001));
#5863 = CARTESIAN_POINT('',(1.090219601624,0.441805142545,1.0500001));
#5864 = CARTESIAN_POINT('',(1.085319742443,0.443390773368,1.0500001));
#5865 = CARTESIAN_POINT('',(1.079263152581,0.443390773368,1.0500001));
#5866 = B_SPLINE_SURFACE_WITH_KNOTS('',1,1,(
    (#5867,#5868)
    ,(#5869,#5870
    )),.UNSPECIFIED.,.F.,.F.,.F.,(2,2),(2,2),(-2.509065821812E-02,
    1.630470382521E-02),(-4.916430322434E-02,1.679858883498E-03),
  .PIECEWISE_BEZIER_KNOTS.);
#5867 = CARTESIAN_POINT('',(1.065018469128,0.398395249539,1.0500001));
#5868 = CARTESIAN_POINT('',(1.065018469128,0.449239411647,1.0500001));
#5869 = CARTESIAN_POINT('',(1.106413831171,0.398395249539,1.0500001));
#5870 = CARTESIAN_POINT('',(1.106413831171,0.449239411647,1.0500001));
#5871 = ADVANCED_FACE('',(#5872),#5886,.F.);
#5872 = FACE_BOUND('',#5873,.T.);
#5873 = EDGE_LOOP('',(#5874,#5875,#5880,#5881));
#5874 = ORIENTED_EDGE('',*,*,#5751,.T.);
#5875 = ORIENTED_EDGE('',*,*,#5876,.F.);
#5876 = EDGE_CURVE('',#5630,#5754,#5877,.T.);
#5877 = B_SPLINE_CURVE_WITH_KNOTS('',1,(#5878,#5879),.UNSPECIFIED.,.F.,
  .F.,(2,2),(-0.,1.E-03),.PIECEWISE_BEZIER_KNOTS.);
#5878 = CARTESIAN_POINT('',(1.079003213102,0.398395249539,1.0510001));
#5879 = CARTESIAN_POINT('',(1.079003213102,0.398395249539,1.0500001));
#5880 = ORIENTED_EDGE('',*,*,#5627,.F.);
#5881 = ORIENTED_EDGE('',*,*,#5882,.T.);
#5882 = EDGE_CURVE('',#5628,#5752,#5883,.T.);
#5883 = B_SPLINE_CURVE_WITH_KNOTS('',1,(#5884,#5885),.UNSPECIFIED.,.F.,
  .F.,(2,2),(-0.,1.E-03),.PIECEWISE_BEZIER_KNOTS.);
#5884 = CARTESIAN_POINT('',(1.065018469128,0.398395249539,1.0510001));
#5885 = CARTESIAN_POINT('',(1.065018469128,0.398395249539,1.0500001));
#5886 = B_SPLINE_SURFACE_WITH_KNOTS('',1,1,(
    (#5887,#5888)
    ,(#5889,#5890)),.UNSPECIFIED.,.F.,.F.,.F.,(2,2),(2,2),(-1.E-03,0.),(
    -1.398474397447E-02,0.),.PIECEWISE_BEZIER_KNOTS.);
#5887 = CARTESIAN_POINT('',(1.065018469128,0.398395249539,1.0500001));
#5888 = CARTESIAN_POINT('',(1.079003213102,0.398395249539,1.0500001));
#5889 = CARTESIAN_POINT('',(1.065018469128,0.398395249539,1.0510001));
#5890 = CARTESIAN_POINT('',(1.079003213102,0.398395249539,1.0510001));
#5891 = ADVANCED_FACE('',(#5892),#5902,.F.);
#5892 = FACE_BOUND('',#5893,.F.);
#5893 = EDGE_LOOP('',(#5894,#5895,#5896,#5901));
#5894 = ORIENTED_EDGE('',*,*,#5876,.F.);
#5895 = ORIENTED_EDGE('',*,*,#5636,.T.);
#5896 = ORIENTED_EDGE('',*,*,#5897,.T.);
#5897 = EDGE_CURVE('',#5637,#5793,#5898,.T.);
#5898 = B_SPLINE_CURVE_WITH_KNOTS('',1,(#5899,#5900),.UNSPECIFIED.,.F.,
  .F.,(2,2),(-0.,1.E-03),.PIECEWISE_BEZIER_KNOTS.);
#5899 = CARTESIAN_POINT('',(1.098745616538,0.405517591266,1.0510001));
#5900 = CARTESIAN_POINT('',(1.098745616538,0.405517591266,1.0500001));
#5901 = ORIENTED_EDGE('',*,*,#5801,.F.);
#5902 = B_SPLINE_SURFACE_WITH_KNOTS('',3,1,(
    (#5903,#5904)
    ,(#5905,#5906)
    ,(#5907,#5908)
    ,(#5909,#5910
    )),.UNSPECIFIED.,.F.,.F.,.F.,(4,4),(2,2),(5.,6.),(0.,1.),
  .PIECEWISE_BEZIER_KNOTS.);
#5903 = CARTESIAN_POINT('',(1.079003213102,0.398395249539,1.0510001));
#5904 = CARTESIAN_POINT('',(1.079003213102,0.398395249539,1.0500001));
#5905 = CARTESIAN_POINT('',(1.087048339979,0.398395249539,1.0510001));
#5906 = CARTESIAN_POINT('',(1.087048339979,0.398395249539,1.0500001));
#5907 = CARTESIAN_POINT('',(1.093637805774,0.400760698799,1.0510001));
#5908 = CARTESIAN_POINT('',(1.093637805774,0.400760698799,1.0500001));
#5909 = CARTESIAN_POINT('',(1.098745616538,0.405517591266,1.0510001));
#5910 = CARTESIAN_POINT('',(1.098745616538,0.405517591266,1.0500001));
#5911 = ADVANCED_FACE('',(#5912),#5922,.F.);
#5912 = FACE_BOUND('',#5913,.F.);
#5913 = EDGE_LOOP('',(#5914,#5915,#5916,#5921));
#5914 = ORIENTED_EDGE('',*,*,#5897,.F.);
#5915 = ORIENTED_EDGE('',*,*,#5645,.T.);
#5916 = ORIENTED_EDGE('',*,*,#5917,.T.);
#5917 = EDGE_CURVE('',#5646,#5784,#5918,.T.);
#5918 = B_SPLINE_CURVE_WITH_KNOTS('',1,(#5919,#5920),.UNSPECIFIED.,.F.,
  .F.,(2,2),(-0.,1.E-03),.PIECEWISE_BEZIER_KNOTS.);
#5919 = CARTESIAN_POINT('',(1.106413831171,0.424467179291,1.0510001));
#5920 = CARTESIAN_POINT('',(1.106413831171,0.424467179291,1.0500001));
#5921 = ORIENTED_EDGE('',*,*,#5792,.F.);
#5922 = B_SPLINE_SURFACE_WITH_KNOTS('',3,1,(
    (#5923,#5924)
    ,(#5925,#5926)
    ,(#5927,#5928)
    ,(#5929,#5930
    )),.UNSPECIFIED.,.F.,.F.,.F.,(4,4),(2,2),(4.,5.),(0.,1.),
  .PIECEWISE_BEZIER_KNOTS.);
#5923 = CARTESIAN_POINT('',(1.098745616538,0.405517591266,1.0510001));
#5924 = CARTESIAN_POINT('',(1.098745616538,0.405517591266,1.0500001));
#5925 = CARTESIAN_POINT('',(1.103853427302,0.410274483733,1.0510001));
#5926 = CARTESIAN_POINT('',(1.103853427302,0.410274483733,1.0500001));
#5927 = CARTESIAN_POINT('',(1.106413831171,0.416591013075,1.0510001));
#5928 = CARTESIAN_POINT('',(1.106413831171,0.416591013075,1.0500001));
#5929 = CARTESIAN_POINT('',(1.106413831171,0.424467179291,1.0510001));
#5930 = CARTESIAN_POINT('',(1.106413831171,0.424467179291,1.0500001));
#5931 = ADVANCED_FACE('',(#5932),#5942,.F.);
#5932 = FACE_BOUND('',#5933,.F.);
#5933 = EDGE_LOOP('',(#5934,#5935,#5936,#5941));
#5934 = ORIENTED_EDGE('',*,*,#5917,.F.);
#5935 = ORIENTED_EDGE('',*,*,#5654,.T.);
#5936 = ORIENTED_EDGE('',*,*,#5937,.T.);
#5937 = EDGE_CURVE('',#5655,#5775,#5938,.T.);
#5938 = B_SPLINE_CURVE_WITH_KNOTS('',1,(#5939,#5940),.UNSPECIFIED.,.F.,
  .F.,(2,2),(-0.,1.E-03),.PIECEWISE_BEZIER_KNOTS.);
#5939 = CARTESIAN_POINT('',(1.098745616538,0.442506979139,1.0510001));
#5940 = CARTESIAN_POINT('',(1.098745616538,0.442506979139,1.0500001));
#5941 = ORIENTED_EDGE('',*,*,#5783,.F.);
#5942 = B_SPLINE_SURFACE_WITH_KNOTS('',3,1,(
    (#5943,#5944)
    ,(#5945,#5946)
    ,(#5947,#5948)
    ,(#5949,#5950
    )),.UNSPECIFIED.,.F.,.F.,.F.,(4,4),(2,2),(3.,4.),(0.,1.),
  .PIECEWISE_BEZIER_KNOTS.);
#5943 = CARTESIAN_POINT('',(1.106413831171,0.424467179291,1.0510001));
#5944 = CARTESIAN_POINT('',(1.106413831171,0.424467179291,1.0500001));
#5945 = CARTESIAN_POINT('',(1.106413831171,0.432005424184,1.0510001));
#5946 = CARTESIAN_POINT('',(1.106413831171,0.432005424184,1.0500001));
#5947 = CARTESIAN_POINT('',(1.103853427302,0.438010026151,1.0510001));
#5948 = CARTESIAN_POINT('',(1.103853427302,0.438010026151,1.0500001));
#5949 = CARTESIAN_POINT('',(1.098745616538,0.442506979139,1.0510001));
#5950 = CARTESIAN_POINT('',(1.098745616538,0.442506979139,1.0500001));
#5951 = ADVANCED_FACE('',(#5952),#5962,.F.);
#5952 = FACE_BOUND('',#5953,.F.);
#5953 = EDGE_LOOP('',(#5954,#5955,#5956,#5961));
#5954 = ORIENTED_EDGE('',*,*,#5937,.F.);
#5955 = ORIENTED_EDGE('',*,*,#5663,.T.);
#5956 = ORIENTED_EDGE('',*,*,#5957,.T.);
#5957 = EDGE_CURVE('',#5664,#5768,#5958,.T.);
#5958 = B_SPLINE_CURVE_WITH_KNOTS('',1,(#5959,#5960),.UNSPECIFIED.,.F.,
  .F.,(2,2),(-0.,1.E-03),.PIECEWISE_BEZIER_KNOTS.);
#5959 = CARTESIAN_POINT('',(1.07952309206,0.449239411647,1.0510001));
#5960 = CARTESIAN_POINT('',(1.07952309206,0.449239411647,1.0500001));
#5961 = ORIENTED_EDGE('',*,*,#5774,.F.);
#5962 = B_SPLINE_SURFACE_WITH_KNOTS('',3,1,(
    (#5963,#5964)
    ,(#5965,#5966)
    ,(#5967,#5968)
    ,(#5969,#5970
    )),.UNSPECIFIED.,.F.,.F.,.F.,(4,4),(2,2),(2.,3.),(0.,1.),
  .PIECEWISE_BEZIER_KNOTS.);
#5963 = CARTESIAN_POINT('',(1.098745616538,0.442506979139,1.0510001));
#5964 = CARTESIAN_POINT('',(1.098745616538,0.442506979139,1.0500001));
#5965 = CARTESIAN_POINT('',(1.093637805774,0.447003932127,1.0510001));
#5966 = CARTESIAN_POINT('',(1.093637805774,0.447003932127,1.0500001));
#5967 = CARTESIAN_POINT('',(1.087230297615,0.449239411647,1.0510001));
#5968 = CARTESIAN_POINT('',(1.087230297615,0.449239411647,1.0500001));
#5969 = CARTESIAN_POINT('',(1.07952309206,0.449239411647,1.0510001));
#5970 = CARTESIAN_POINT('',(1.07952309206,0.449239411647,1.0500001));
#5971 = ADVANCED_FACE('',(#5972),#5982,.F.);
#5972 = FACE_BOUND('',#5973,.T.);
#5973 = EDGE_LOOP('',(#5974,#5975,#5980,#5981));
#5974 = ORIENTED_EDGE('',*,*,#5767,.T.);
#5975 = ORIENTED_EDGE('',*,*,#5976,.F.);
#5976 = EDGE_CURVE('',#5673,#5761,#5977,.T.);
#5977 = B_SPLINE_CURVE_WITH_KNOTS('',1,(#5978,#5979),.UNSPECIFIED.,.F.,
  .F.,(2,2),(-0.,1.E-03),.PIECEWISE_BEZIER_KNOTS.);
#5978 = CARTESIAN_POINT('',(1.065018469128,0.449239411647,1.0510001));
#5979 = CARTESIAN_POINT('',(1.065018469128,0.449239411647,1.0500001));
#5980 = ORIENTED_EDGE('',*,*,#5672,.F.);
#5981 = ORIENTED_EDGE('',*,*,#5957,.T.);
#5982 = B_SPLINE_SURFACE_WITH_KNOTS('',1,1,(
    (#5983,#5984)
    ,(#5985,#5986
    )),.UNSPECIFIED.,.F.,.F.,.F.,(2,2),(2,2),(0.,1.E-03),(0.,
    1.450462293273E-02),.PIECEWISE_BEZIER_KNOTS.);
#5983 = CARTESIAN_POINT('',(1.065018469128,0.449239411647,1.0510001));
#5984 = CARTESIAN_POINT('',(1.07952309206,0.449239411647,1.0510001));
#5985 = CARTESIAN_POINT('',(1.065018469128,0.449239411647,1.0500001));
#5986 = CARTESIAN_POINT('',(1.07952309206,0.449239411647,1.0500001));
#5987 = ADVANCED_FACE('',(#5988),#5994,.F.);
#5988 = FACE_BOUND('',#5989,.T.);
#5989 = EDGE_LOOP('',(#5990,#5991,#5992,#5993));
#5990 = ORIENTED_EDGE('',*,*,#5760,.T.);
#5991 = ORIENTED_EDGE('',*,*,#5882,.F.);
#5992 = ORIENTED_EDGE('',*,*,#5679,.F.);
#5993 = ORIENTED_EDGE('',*,*,#5976,.T.);
#5994 = B_SPLINE_SURFACE_WITH_KNOTS('',1,1,(
    (#5995,#5996)
    ,(#5997,#5998
    )),.UNSPECIFIED.,.F.,.F.,.F.,(2,2),(2,2),(0.,1.E-03),(0.,
    5.084416210783E-02),.PIECEWISE_BEZIER_KNOTS.);
#5995 = CARTESIAN_POINT('',(1.065018469128,0.398395249539,1.0510001));
#5996 = CARTESIAN_POINT('',(1.065018469128,0.449239411647,1.0510001));
#5997 = CARTESIAN_POINT('',(1.065018469128,0.398395249539,1.0500001));
#5998 = CARTESIAN_POINT('',(1.065018469128,0.449239411647,1.0500001));
#5999 = ADVANCED_FACE('',(#6000),#6014,.T.);
#6000 = FACE_BOUND('',#6001,.T.);
#6001 = EDGE_LOOP('',(#6002,#6003,#6008,#6009));
#6002 = ORIENTED_EDGE('',*,*,#5810,.F.);
#6003 = ORIENTED_EDGE('',*,*,#6004,.F.);
#6004 = EDGE_CURVE('',#5696,#5811,#6005,.T.);
#6005 = B_SPLINE_CURVE_WITH_KNOTS('',1,(#6006,#6007),.UNSPECIFIED.,.F.,
  .F.,(2,2),(-0.,1.E-03),.PIECEWISE_BEZIER_KNOTS.);
#6006 = CARTESIAN_POINT('',(1.079263152581,0.443390773368,1.0510001));
#6007 = CARTESIAN_POINT('',(1.079263152581,0.443390773368,1.0500001));
#6008 = ORIENTED_EDGE('',*,*,#5695,.T.);
#6009 = ORIENTED_EDGE('',*,*,#6010,.T.);
#6010 = EDGE_CURVE('',#5687,#5813,#6011,.T.);
#6011 = B_SPLINE_CURVE_WITH_KNOTS('',1,(#6012,#6013),.UNSPECIFIED.,.F.,
  .F.,(2,2),(-0.,1.E-03),.PIECEWISE_BEZIER_KNOTS.);
#6012 = CARTESIAN_POINT('',(1.071581940974,0.443390773368,1.0510001));
#6013 = CARTESIAN_POINT('',(1.071581940974,0.443390773368,1.0500001));
#6014 = B_SPLINE_SURFACE_WITH_KNOTS('',1,1,(
    (#6015,#6016)
    ,(#6017,#6018)),.UNSPECIFIED.,.F.,.F.,.F.,(2,2),(2,2),(0.,1.E-03),(
    -7.681211606355E-03,0.),.PIECEWISE_BEZIER_KNOTS.);
#6015 = CARTESIAN_POINT('',(1.071581940974,0.443390773368,1.0510001));
#6016 = CARTESIAN_POINT('',(1.079263152581,0.443390773368,1.0510001));
#6017 = CARTESIAN_POINT('',(1.071581940974,0.443390773368,1.0500001));
#6018 = CARTESIAN_POINT('',(1.079263152581,0.443390773368,1.0500001));
#6019 = ADVANCED_FACE('',(#6020),#6030,.T.);
#6020 = FACE_BOUND('',#6021,.T.);
#6021 = EDGE_LOOP('',(#6022,#6023,#6024,#6025));
#6022 = ORIENTED_EDGE('',*,*,#5819,.F.);
#6023 = ORIENTED_EDGE('',*,*,#6010,.F.);
#6024 = ORIENTED_EDGE('',*,*,#5686,.T.);
#6025 = ORIENTED_EDGE('',*,*,#6026,.T.);
#6026 = EDGE_CURVE('',#5689,#5820,#6027,.T.);
#6027 = B_SPLINE_CURVE_WITH_KNOTS('',1,(#6028,#6029),.UNSPECIFIED.,.F.,
  .F.,(2,2),(-0.,1.E-03),.PIECEWISE_BEZIER_KNOTS.);
#6028 = CARTESIAN_POINT('',(1.071581940974,0.404191899923,1.0510001));
#6029 = CARTESIAN_POINT('',(1.071581940974,0.404191899923,1.0500001));
#6030 = B_SPLINE_SURFACE_WITH_KNOTS('',1,1,(
    (#6031,#6032)
    ,(#6033,#6034)),.UNSPECIFIED.,.F.,.F.,.F.,(2,2),(2,2),(0.,1.E-03),(
    -3.919887344519E-02,0.),.PIECEWISE_BEZIER_KNOTS.);
#6031 = CARTESIAN_POINT('',(1.071581940974,0.404191899923,1.0510001));
#6032 = CARTESIAN_POINT('',(1.071581940974,0.443390773368,1.0510001));
#6033 = CARTESIAN_POINT('',(1.071581940974,0.404191899923,1.0500001));
#6034 = CARTESIAN_POINT('',(1.071581940974,0.443390773368,1.0500001));
#6035 = ADVANCED_FACE('',(#6036),#6046,.T.);
#6036 = FACE_BOUND('',#6037,.T.);
#6037 = EDGE_LOOP('',(#6038,#6039,#6040,#6041));
#6038 = ORIENTED_EDGE('',*,*,#5826,.F.);
#6039 = ORIENTED_EDGE('',*,*,#6026,.F.);
#6040 = ORIENTED_EDGE('',*,*,#5738,.T.);
#6041 = ORIENTED_EDGE('',*,*,#6042,.T.);
#6042 = EDGE_CURVE('',#5730,#5827,#6043,.T.);
#6043 = B_SPLINE_CURVE_WITH_KNOTS('',1,(#6044,#6045),.UNSPECIFIED.,.F.,
  .F.,(2,2),(-0.,1.E-03),.PIECEWISE_BEZIER_KNOTS.);
#6044 = CARTESIAN_POINT('',(1.07896422218,0.404191899923,1.0510001));
#6045 = CARTESIAN_POINT('',(1.07896422218,0.404191899923,1.0500001));
#6046 = B_SPLINE_SURFACE_WITH_KNOTS('',1,1,(
    (#6047,#6048)
    ,(#6049,#6050
    )),.UNSPECIFIED.,.F.,.F.,.F.,(2,2),(2,2),(-1.E-03,0.),(0.,
    7.382281205754E-03),.PIECEWISE_BEZIER_KNOTS.);
#6047 = CARTESIAN_POINT('',(1.071581940974,0.404191899923,1.0500001));
#6048 = CARTESIAN_POINT('',(1.07896422218,0.404191899923,1.0500001));
#6049 = CARTESIAN_POINT('',(1.071581940974,0.404191899923,1.0510001));
#6050 = CARTESIAN_POINT('',(1.07896422218,0.404191899923,1.0510001));
#6051 = ADVANCED_FACE('',(#6052),#6062,.T.);
#6052 = FACE_BOUND('',#6053,.T.);
#6053 = EDGE_LOOP('',(#6054,#6055,#6056,#6057));
#6054 = ORIENTED_EDGE('',*,*,#5833,.F.);
#6055 = ORIENTED_EDGE('',*,*,#6042,.F.);
#6056 = ORIENTED_EDGE('',*,*,#5729,.T.);
#6057 = ORIENTED_EDGE('',*,*,#6058,.T.);
#6058 = EDGE_CURVE('',#5721,#5834,#6059,.T.);
#6059 = B_SPLINE_CURVE_WITH_KNOTS('',1,(#6060,#6061),.UNSPECIFIED.,.F.,
  .F.,(2,2),(-0.,1.E-03),.PIECEWISE_BEZIER_KNOTS.);
#6060 = CARTESIAN_POINT('',(1.094079702889,0.409494665296,1.0510001));
#6061 = CARTESIAN_POINT('',(1.094079702889,0.409494665296,1.0500001));
#6062 = B_SPLINE_SURFACE_WITH_KNOTS('',3,1,(
    (#6063,#6064)
    ,(#6065,#6066)
    ,(#6067,#6068)
    ,(#6069,#6070
    )),.UNSPECIFIED.,.F.,.F.,.F.,(4,4),(2,2),(2.,3.),(0.,1.),
  .PIECEWISE_BEZIER_KNOTS.);
#6063 = CARTESIAN_POINT('',(1.07896422218,0.404191899923,1.0510001));
#6064 = CARTESIAN_POINT('',(1.07896422218,0.404191899923,1.0500001));
#6065 = CARTESIAN_POINT('',(1.085423718235,0.404191899923,1.0510001));
#6066 = CARTESIAN_POINT('',(1.085423718235,0.404191899923,1.0500001));
#6067 = CARTESIAN_POINT('',(1.09046654413,0.40595948838,1.0510001));
#6068 = CARTESIAN_POINT('',(1.09046654413,0.40595948838,1.0500001));
#6069 = CARTESIAN_POINT('',(1.094079702889,0.409494665296,1.0510001));
#6070 = CARTESIAN_POINT('',(1.094079702889,0.409494665296,1.0500001));
#6071 = ADVANCED_FACE('',(#6072),#6082,.T.);
#6072 = FACE_BOUND('',#6073,.T.);
#6073 = EDGE_LOOP('',(#6074,#6075,#6076,#6077));
#6074 = ORIENTED_EDGE('',*,*,#5842,.F.);
#6075 = ORIENTED_EDGE('',*,*,#6058,.F.);
#6076 = ORIENTED_EDGE('',*,*,#5720,.T.);
#6077 = ORIENTED_EDGE('',*,*,#6078,.T.);
#6078 = EDGE_CURVE('',#5712,#5843,#6079,.T.);
#6079 = B_SPLINE_CURVE_WITH_KNOTS('',1,(#6080,#6081),.UNSPECIFIED.,.F.,
  .F.,(2,2),(-0.,1.E-03),.PIECEWISE_BEZIER_KNOTS.);
#6080 = CARTESIAN_POINT('',(1.099512438002,0.424285221655,1.0510001));
#6081 = CARTESIAN_POINT('',(1.099512438002,0.424285221655,1.0500001));
#6082 = B_SPLINE_SURFACE_WITH_KNOTS('',3,1,(
    (#6083,#6084)
    ,(#6085,#6086)
    ,(#6087,#6088)
    ,(#6089,#6090
    )),.UNSPECIFIED.,.F.,.F.,.F.,(4,4),(2,2),(3.,4.),(0.,1.),
  .PIECEWISE_BEZIER_KNOTS.);
#6083 = CARTESIAN_POINT('',(1.094079702889,0.409494665296,1.0510001));
#6084 = CARTESIAN_POINT('',(1.094079702889,0.409494665296,1.0500001));
#6085 = CARTESIAN_POINT('',(1.097705858622,0.413003848263,1.0510001));
#6086 = CARTESIAN_POINT('',(1.097705858622,0.413003848263,1.0500001));
#6087 = CARTESIAN_POINT('',(1.099512438002,0.417942698366,1.0510001));
#6088 = CARTESIAN_POINT('',(1.099512438002,0.417942698366,1.0500001));
#6089 = CARTESIAN_POINT('',(1.099512438002,0.424285221655,1.0510001));
#6090 = CARTESIAN_POINT('',(1.099512438002,0.424285221655,1.0500001));
#6091 = ADVANCED_FACE('',(#6092),#6102,.T.);
#6092 = FACE_BOUND('',#6093,.T.);
#6093 = EDGE_LOOP('',(#6094,#6095,#6096,#6097));
#6094 = ORIENTED_EDGE('',*,*,#5851,.F.);
#6095 = ORIENTED_EDGE('',*,*,#6078,.F.);
#6096 = ORIENTED_EDGE('',*,*,#5711,.T.);
#6097 = ORIENTED_EDGE('',*,*,#6098,.T.);
#6098 = EDGE_CURVE('',#5703,#5852,#6099,.T.);
#6099 = B_SPLINE_CURVE_WITH_KNOTS('',1,(#6100,#6101),.UNSPECIFIED.,.F.,
  .F.,(2,2),(-0.,1.E-03),.PIECEWISE_BEZIER_KNOTS.);
#6100 = CARTESIAN_POINT('',(1.093936736175,0.438607886953,1.0510001));
#6101 = CARTESIAN_POINT('',(1.093936736175,0.438607886953,1.0500001));
#6102 = B_SPLINE_SURFACE_WITH_KNOTS('',3,1,(
    (#6103,#6104)
    ,(#6105,#6106)
    ,(#6107,#6108)
    ,(#6109,#6110
    )),.UNSPECIFIED.,.F.,.F.,.F.,(4,4),(2,2),(4.,5.),(0.,1.),
  .PIECEWISE_BEZIER_KNOTS.);
#6103 = CARTESIAN_POINT('',(1.099512438002,0.424285221655,1.0510001));
#6104 = CARTESIAN_POINT('',(1.099512438002,0.424285221655,1.0500001));
#6105 = CARTESIAN_POINT('',(1.099512438002,0.430627744945,1.0510001));
#6106 = CARTESIAN_POINT('',(1.099512438002,0.430627744945,1.0500001));
#6107 = CARTESIAN_POINT('',(1.097653870726,0.43541063136,1.0510001));
#6108 = CARTESIAN_POINT('',(1.097653870726,0.43541063136,1.0500001));
#6109 = CARTESIAN_POINT('',(1.093936736175,0.438607886953,1.0510001));
#6110 = CARTESIAN_POINT('',(1.093936736175,0.438607886953,1.0500001));
#6111 = ADVANCED_FACE('',(#6112),#6118,.T.);
#6112 = FACE_BOUND('',#6113,.T.);
#6113 = EDGE_LOOP('',(#6114,#6115,#6116,#6117));
#6114 = ORIENTED_EDGE('',*,*,#5860,.F.);
#6115 = ORIENTED_EDGE('',*,*,#6098,.F.);
#6116 = ORIENTED_EDGE('',*,*,#5702,.T.);
#6117 = ORIENTED_EDGE('',*,*,#6004,.T.);
#6118 = B_SPLINE_SURFACE_WITH_KNOTS('',3,1,(
    (#6119,#6120)
    ,(#6121,#6122)
    ,(#6123,#6124)
    ,(#6125,#6126
    )),.UNSPECIFIED.,.F.,.F.,.F.,(4,4),(2,2),(5.,6.),(0.,1.),
  .PIECEWISE_BEZIER_KNOTS.);
#6119 = CARTESIAN_POINT('',(1.093936736175,0.438607886953,1.0510001));
#6120 = CARTESIAN_POINT('',(1.093936736175,0.438607886953,1.0500001));
#6121 = CARTESIAN_POINT('',(1.090219601624,0.441805142545,1.0510001));
#6122 = CARTESIAN_POINT('',(1.090219601624,0.441805142545,1.0500001));
#6123 = CARTESIAN_POINT('',(1.085319742443,0.443390773368,1.0510001));
#6124 = CARTESIAN_POINT('',(1.085319742443,0.443390773368,1.0500001));
#6125 = CARTESIAN_POINT('',(1.079263152581,0.443390773368,1.0510001));
#6126 = CARTESIAN_POINT('',(1.079263152581,0.443390773368,1.0500001));
#6127 = MANIFOLD_SOLID_BREP('',#6128);
#6128 = CLOSED_SHELL('',(#6129,#6241,#6353,#6373,#6389,#6405,#6421,#6437
    ,#6453,#6469,#6481,#6501,#6517,#6537,#6553,#6573));
#6129 = ADVANCED_FACE('',(#6130,#6188),#6236,.F.);
#6130 = FACE_BOUND('',#6131,.T.);
#6131 = EDGE_LOOP('',(#6132,#6141,#6148,#6155,#6162,#6169,#6176,#6183));
#6132 = ORIENTED_EDGE('',*,*,#6133,.T.);
#6133 = EDGE_CURVE('',#6134,#6136,#6138,.T.);
#6134 = VERTEX_POINT('',#6135);
#6135 = CARTESIAN_POINT('',(1.154983522837,0.398395249539,1.0510001));
#6136 = VERTEX_POINT('',#6137);
#6137 = CARTESIAN_POINT('',(1.135618031645,0.449239411647,1.0510001));
#6138 = B_SPLINE_CURVE_WITH_KNOTS('',1,(#6139,#6140),.UNSPECIFIED.,.F.,
  .F.,(2,2),(-5.440727037388E-02,0.),.PIECEWISE_BEZIER_KNOTS.);
#6139 = CARTESIAN_POINT('',(1.154983522837,0.398395249539,1.0510001));
#6140 = CARTESIAN_POINT('',(1.135618031645,0.449239411647,1.0510001));
#6141 = ORIENTED_EDGE('',*,*,#6142,.T.);
#6142 = EDGE_CURVE('',#6136,#6143,#6145,.T.);
#6143 = VERTEX_POINT('',#6144);
#6144 = CARTESIAN_POINT('',(1.12859966571,0.449239411647,1.0510001));
#6145 = B_SPLINE_CURVE_WITH_KNOTS('',1,(#6146,#6147),.UNSPECIFIED.,.F.,
  .F.,(2,2),(-7.018365935113E-03,-0.),.PIECEWISE_BEZIER_KNOTS.);
#6146 = CARTESIAN_POINT('',(1.135618031645,0.449239411647,1.0510001));
#6147 = CARTESIAN_POINT('',(1.12859966571,0.449239411647,1.0510001));
#6148 = ORIENTED_EDGE('',*,*,#6149,.T.);
#6149 = EDGE_CURVE('',#6143,#6150,#6152,.T.);
#6150 = VERTEX_POINT('',#6151);
#6151 = CARTESIAN_POINT('',(1.109234174519,0.398395249539,1.0510001));
#6152 = B_SPLINE_CURVE_WITH_KNOTS('',1,(#6153,#6154),.UNSPECIFIED.,.F.,
  .F.,(2,2),(-5.440727037375E-02,-0.),.PIECEWISE_BEZIER_KNOTS.);
#6153 = CARTESIAN_POINT('',(1.12859966571,0.449239411647,1.0510001));
#6154 = CARTESIAN_POINT('',(1.109234174519,0.398395249539,1.0510001));
#6155 = ORIENTED_EDGE('',*,*,#6156,.T.);
#6156 = EDGE_CURVE('',#6150,#6157,#6159,.T.);
#6157 = VERTEX_POINT('',#6158);
#6158 = CARTESIAN_POINT('',(1.116486485985,0.398395249539,1.0510001));
#6159 = B_SPLINE_CURVE_WITH_KNOTS('',1,(#6160,#6161),.UNSPECIFIED.,.F.,
  .F.,(2,2),(-7.252311466017E-03,0.),.PIECEWISE_BEZIER_KNOTS.);
#6160 = CARTESIAN_POINT('',(1.109234174519,0.398395249539,1.0510001));
#6161 = CARTESIAN_POINT('',(1.116486485985,0.398395249539,1.0510001));
#6162 = ORIENTED_EDGE('',*,*,#6163,.T.);
#6163 = EDGE_CURVE('',#6157,#6164,#6166,.T.);
#6164 = VERTEX_POINT('',#6165);
#6165 = CARTESIAN_POINT('',(1.121373348192,0.41230201167,1.0510001));
#6166 = B_SPLINE_CURVE_WITH_KNOTS('',1,(#6167,#6168),.UNSPECIFIED.,.F.,
  .F.,(2,2),(-1.474040213802E-02,0.),.PIECEWISE_BEZIER_KNOTS.);
#6167 = CARTESIAN_POINT('',(1.116486485985,0.398395249539,1.0510001));
#6168 = CARTESIAN_POINT('',(1.121373348192,0.41230201167,1.0510001));
#6169 = ORIENTED_EDGE('',*,*,#6170,.T.);
#6170 = EDGE_CURVE('',#6164,#6171,#6173,.T.);
#6171 = VERTEX_POINT('',#6172);
#6172 = CARTESIAN_POINT('',(1.142545418763,0.41230201167,1.0510001));
#6173 = B_SPLINE_CURVE_WITH_KNOTS('',1,(#6174,#6175),.UNSPECIFIED.,.F.,
  .F.,(2,2),(-2.117207057113E-02,0.),.PIECEWISE_BEZIER_KNOTS.);
#6174 = CARTESIAN_POINT('',(1.121373348192,0.41230201167,1.0510001));
#6175 = CARTESIAN_POINT('',(1.142545418763,0.41230201167,1.0510001));
#6176 = ORIENTED_EDGE('',*,*,#6177,.T.);
#6177 = EDGE_CURVE('',#6171,#6178,#6180,.T.);
#6178 = VERTEX_POINT('',#6179);
#6179 = CARTESIAN_POINT('',(1.147731211371,0.398395249539,1.0510001));
#6180 = B_SPLINE_CURVE_WITH_KNOTS('',1,(#6181,#6182),.UNSPECIFIED.,.F.,
  .F.,(2,2),(-1.484218575321E-02,0.),.PIECEWISE_BEZIER_KNOTS.);
#6181 = CARTESIAN_POINT('',(1.142545418763,0.41230201167,1.0510001));
#6182 = CARTESIAN_POINT('',(1.147731211371,0.398395249539,1.0510001));
#6183 = ORIENTED_EDGE('',*,*,#6184,.T.);
#6184 = EDGE_CURVE('',#6178,#6134,#6185,.T.);
#6185 = B_SPLINE_CURVE_WITH_KNOTS('',1,(#6186,#6187),.UNSPECIFIED.,.F.,
  .F.,(2,2),(-7.252311466363E-03,0.),.PIECEWISE_BEZIER_KNOTS.);
#6186 = CARTESIAN_POINT('',(1.147731211371,0.398395249539,1.0510001));
#6187 = CARTESIAN_POINT('',(1.154983522837,0.398395249539,1.0510001));
#6188 = FACE_BOUND('',#6189,.T.);
#6189 = EDGE_LOOP('',(#6190,#6199,#6206,#6215,#6222,#6231));
#6190 = ORIENTED_EDGE('',*,*,#6191,.F.);
#6191 = EDGE_CURVE('',#6192,#6194,#6196,.T.);
#6192 = VERTEX_POINT('',#6193);
#6193 = CARTESIAN_POINT('',(1.123452864025,0.418046674158,1.0510001));
#6194 = VERTEX_POINT('',#6195);
#6195 = CARTESIAN_POINT('',(1.140517890826,0.418046674158,1.0510001));
#6196 = B_SPLINE_CURVE_WITH_KNOTS('',1,(#6197,#6198),.UNSPECIFIED.,.F.,
  .F.,(2,2),(0.,1.706502680151E-02),.PIECEWISE_BEZIER_KNOTS.);
#6197 = CARTESIAN_POINT('',(1.123452864025,0.418046674158,1.0510001));
#6198 = CARTESIAN_POINT('',(1.140517890826,0.418046674158,1.0510001));
#6199 = ORIENTED_EDGE('',*,*,#6200,.F.);
#6200 = EDGE_CURVE('',#6201,#6192,#6203,.T.);
#6201 = VERTEX_POINT('',#6202);
#6202 = CARTESIAN_POINT('',(1.131056093788,0.439179753807,1.0510001));
#6203 = B_SPLINE_CURVE_WITH_KNOTS('',1,(#6204,#6205),.UNSPECIFIED.,.F.,
  .F.,(2,2),(1.796367339662E-16,2.24592109897E-02),
  .PIECEWISE_BEZIER_KNOTS.);
#6204 = CARTESIAN_POINT('',(1.131056093788,0.439179753807,1.0510001));
#6205 = CARTESIAN_POINT('',(1.123452864025,0.418046674158,1.0510001));
#6206 = ORIENTED_EDGE('',*,*,#6207,.F.);
#6207 = EDGE_CURVE('',#6208,#6201,#6210,.T.);
#6208 = VERTEX_POINT('',#6209);
#6209 = CARTESIAN_POINT('',(1.131887900121,0.44274092467,1.0510001));
#6210 = B_SPLINE_CURVE_WITH_KNOTS('',3,(#6211,#6212,#6213,#6214),
  .UNSPECIFIED.,.F.,.F.,(4,4),(3.,4.),.PIECEWISE_BEZIER_KNOTS.);
#6211 = CARTESIAN_POINT('',(1.131887900121,0.44274092467,1.0510001));
#6212 = CARTESIAN_POINT('',(1.131640957616,0.441207281744,1.0510001));
#6213 = CARTESIAN_POINT('',(1.131368021162,0.44001156014,1.0510001));
#6214 = CARTESIAN_POINT('',(1.131056093788,0.439179753807,1.0510001));
#6215 = ORIENTED_EDGE('',*,*,#6216,.F.);
#6216 = EDGE_CURVE('',#6217,#6208,#6219,.T.);
#6217 = VERTEX_POINT('',#6218);
#6218 = CARTESIAN_POINT('',(1.132043863808,0.44274092467,1.0510001));
#6219 = B_SPLINE_CURVE_WITH_KNOTS('',1,(#6220,#6221),.UNSPECIFIED.,.F.,
  .F.,(2,2),(0.,1.559636872697E-04),.PIECEWISE_BEZIER_KNOTS.);
#6220 = CARTESIAN_POINT('',(1.132043863808,0.44274092467,1.0510001));
#6221 = CARTESIAN_POINT('',(1.131887900121,0.44274092467,1.0510001));
#6222 = ORIENTED_EDGE('',*,*,#6223,.F.);
#6223 = EDGE_CURVE('',#6224,#6217,#6226,.T.);
#6224 = VERTEX_POINT('',#6225);
#6225 = CARTESIAN_POINT('',(1.132836679219,0.439179753807,1.0510001));
#6226 = B_SPLINE_CURVE_WITH_KNOTS('',3,(#6227,#6228,#6229,#6230),
  .UNSPECIFIED.,.F.,.F.,(4,4),(1.,2.),.PIECEWISE_BEZIER_KNOTS.);
#6227 = CARTESIAN_POINT('',(1.132836679219,0.439179753807,1.0510001));
#6228 = CARTESIAN_POINT('',(1.132589736714,0.4398815904,1.0510001));
#6229 = CARTESIAN_POINT('',(1.132329797235,0.441051318056,1.0510001));
#6230 = CARTESIAN_POINT('',(1.132043863808,0.44274092467,1.0510001));
#6231 = ORIENTED_EDGE('',*,*,#6232,.F.);
#6232 = EDGE_CURVE('',#6194,#6224,#6233,.T.);
#6233 = B_SPLINE_CURVE_WITH_KNOTS('',1,(#6234,#6235),.UNSPECIFIED.,.F.,
  .F.,(2,2),(0.,2.248573030161E-02),.PIECEWISE_BEZIER_KNOTS.);
#6234 = CARTESIAN_POINT('',(1.140517890826,0.418046674158,1.0510001));
#6235 = CARTESIAN_POINT('',(1.132836679219,0.439179753807,1.0510001));
#6236 = B_SPLINE_SURFACE_WITH_KNOTS('',1,1,(
    (#6237,#6238)
    ,(#6239,#6240
    )),.UNSPECIFIED.,.F.,.F.,.F.,(2,2),(2,2),(-1.154983522837,
    -1.109234174519),(0.398395249539,0.449239411647),
  .PIECEWISE_BEZIER_KNOTS.);
#6237 = CARTESIAN_POINT('',(1.154983522837,0.398395249539,1.0510001));
#6238 = CARTESIAN_POINT('',(1.154983522837,0.449239411647,1.0510001));
#6239 = CARTESIAN_POINT('',(1.109234174519,0.398395249539,1.0510001));
#6240 = CARTESIAN_POINT('',(1.109234174519,0.449239411647,1.0510001));
#6241 = ADVANCED_FACE('',(#6242,#6300),#6348,.T.);
#6242 = FACE_BOUND('',#6243,.T.);
#6243 = EDGE_LOOP('',(#6244,#6253,#6260,#6267,#6274,#6281,#6288,#6295));
#6244 = ORIENTED_EDGE('',*,*,#6245,.F.);
#6245 = EDGE_CURVE('',#6246,#6248,#6250,.T.);
#6246 = VERTEX_POINT('',#6247);
#6247 = CARTESIAN_POINT('',(1.154983522837,0.398395249539,1.0500001));
#6248 = VERTEX_POINT('',#6249);
#6249 = CARTESIAN_POINT('',(1.135618031645,0.449239411647,1.0500001));
#6250 = B_SPLINE_CURVE_WITH_KNOTS('',1,(#6251,#6252),.UNSPECIFIED.,.F.,
  .F.,(2,2),(-5.440727037388E-02,0.),.PIECEWISE_BEZIER_KNOTS.);
#6251 = CARTESIAN_POINT('',(1.154983522837,0.398395249539,1.0500001));
#6252 = CARTESIAN_POINT('',(1.135618031645,0.449239411647,1.0500001));
#6253 = ORIENTED_EDGE('',*,*,#6254,.F.);
#6254 = EDGE_CURVE('',#6255,#6246,#6257,.T.);
#6255 = VERTEX_POINT('',#6256);
#6256 = CARTESIAN_POINT('',(1.147731211371,0.398395249539,1.0500001));
#6257 = B_SPLINE_CURVE_WITH_KNOTS('',1,(#6258,#6259),.UNSPECIFIED.,.F.,
  .F.,(2,2),(-7.252311466363E-03,0.),.PIECEWISE_BEZIER_KNOTS.);
#6258 = CARTESIAN_POINT('',(1.147731211371,0.398395249539,1.0500001));
#6259 = CARTESIAN_POINT('',(1.154983522837,0.398395249539,1.0500001));
#6260 = ORIENTED_EDGE('',*,*,#6261,.F.);
#6261 = EDGE_CURVE('',#6262,#6255,#6264,.T.);
#6262 = VERTEX_POINT('',#6263);
#6263 = CARTESIAN_POINT('',(1.142545418763,0.41230201167,1.0500001));
#6264 = B_SPLINE_CURVE_WITH_KNOTS('',1,(#6265,#6266),.UNSPECIFIED.,.F.,
  .F.,(2,2),(-1.484218575321E-02,0.),.PIECEWISE_BEZIER_KNOTS.);
#6265 = CARTESIAN_POINT('',(1.142545418763,0.41230201167,1.0500001));
#6266 = CARTESIAN_POINT('',(1.147731211371,0.398395249539,1.0500001));
#6267 = ORIENTED_EDGE('',*,*,#6268,.F.);
#6268 = EDGE_CURVE('',#6269,#6262,#6271,.T.);
#6269 = VERTEX_POINT('',#6270);
#6270 = CARTESIAN_POINT('',(1.121373348192,0.41230201167,1.0500001));
#6271 = B_SPLINE_CURVE_WITH_KNOTS('',1,(#6272,#6273),.UNSPECIFIED.,.F.,
  .F.,(2,2),(-2.117207057113E-02,0.),.PIECEWISE_BEZIER_KNOTS.);
#6272 = CARTESIAN_POINT('',(1.121373348192,0.41230201167,1.0500001));
#6273 = CARTESIAN_POINT('',(1.142545418763,0.41230201167,1.0500001));
#6274 = ORIENTED_EDGE('',*,*,#6275,.F.);
#6275 = EDGE_CURVE('',#6276,#6269,#6278,.T.);
#6276 = VERTEX_POINT('',#6277);
#6277 = CARTESIAN_POINT('',(1.116486485985,0.398395249539,1.0500001));
#6278 = B_SPLINE_CURVE_WITH_KNOTS('',1,(#6279,#6280),.UNSPECIFIED.,.F.,
  .F.,(2,2),(-1.474040213802E-02,0.),.PIECEWISE_BEZIER_KNOTS.);
#6279 = CARTESIAN_POINT('',(1.116486485985,0.398395249539,1.0500001));
#6280 = CARTESIAN_POINT('',(1.121373348192,0.41230201167,1.0500001));
#6281 = ORIENTED_EDGE('',*,*,#6282,.F.);
#6282 = EDGE_CURVE('',#6283,#6276,#6285,.T.);
#6283 = VERTEX_POINT('',#6284);
#6284 = CARTESIAN_POINT('',(1.109234174519,0.398395249539,1.0500001));
#6285 = B_SPLINE_CURVE_WITH_KNOTS('',1,(#6286,#6287),.UNSPECIFIED.,.F.,
  .F.,(2,2),(-7.252311466017E-03,0.),.PIECEWISE_BEZIER_KNOTS.);
#6286 = CARTESIAN_POINT('',(1.109234174519,0.398395249539,1.0500001));
#6287 = CARTESIAN_POINT('',(1.116486485985,0.398395249539,1.0500001));
#6288 = ORIENTED_EDGE('',*,*,#6289,.F.);
#6289 = EDGE_CURVE('',#6290,#6283,#6292,.T.);
#6290 = VERTEX_POINT('',#6291);
#6291 = CARTESIAN_POINT('',(1.12859966571,0.449239411647,1.0500001));
#6292 = B_SPLINE_CURVE_WITH_KNOTS('',1,(#6293,#6294),.UNSPECIFIED.,.F.,
  .F.,(2,2),(-5.440727037375E-02,-0.),.PIECEWISE_BEZIER_KNOTS.);
#6293 = CARTESIAN_POINT('',(1.12859966571,0.449239411647,1.0500001));
#6294 = CARTESIAN_POINT('',(1.109234174519,0.398395249539,1.0500001));
#6295 = ORIENTED_EDGE('',*,*,#6296,.F.);
#6296 = EDGE_CURVE('',#6248,#6290,#6297,.T.);
#6297 = B_SPLINE_CURVE_WITH_KNOTS('',1,(#6298,#6299),.UNSPECIFIED.,.F.,
  .F.,(2,2),(-7.018365935113E-03,-0.),.PIECEWISE_BEZIER_KNOTS.);
#6298 = CARTESIAN_POINT('',(1.135618031645,0.449239411647,1.0500001));
#6299 = CARTESIAN_POINT('',(1.12859966571,0.449239411647,1.0500001));
#6300 = FACE_BOUND('',#6301,.T.);
#6301 = EDGE_LOOP('',(#6302,#6311,#6318,#6325,#6334,#6341));
#6302 = ORIENTED_EDGE('',*,*,#6303,.T.);
#6303 = EDGE_CURVE('',#6304,#6306,#6308,.T.);
#6304 = VERTEX_POINT('',#6305);
#6305 = CARTESIAN_POINT('',(1.131056093788,0.439179753807,1.0500001));
#6306 = VERTEX_POINT('',#6307);
#6307 = CARTESIAN_POINT('',(1.123452864025,0.418046674158,1.0500001));
#6308 = B_SPLINE_CURVE_WITH_KNOTS('',1,(#6309,#6310),.UNSPECIFIED.,.F.,
  .F.,(2,2),(0.,2.24592109897E-02),.PIECEWISE_BEZIER_KNOTS.);
#6309 = CARTESIAN_POINT('',(1.131056093788,0.439179753807,1.0500001));
#6310 = CARTESIAN_POINT('',(1.123452864025,0.418046674158,1.0500001));
#6311 = ORIENTED_EDGE('',*,*,#6312,.T.);
#6312 = EDGE_CURVE('',#6306,#6313,#6315,.T.);
#6313 = VERTEX_POINT('',#6314);
#6314 = CARTESIAN_POINT('',(1.140517890826,0.418046674158,1.0500001));
#6315 = B_SPLINE_CURVE_WITH_KNOTS('',1,(#6316,#6317),.UNSPECIFIED.,.F.,
  .F.,(2,2),(-2.22044604925E-16,1.706502680151E-02),
  .PIECEWISE_BEZIER_KNOTS.);
#6316 = CARTESIAN_POINT('',(1.123452864025,0.418046674158,1.0500001));
#6317 = CARTESIAN_POINT('',(1.140517890826,0.418046674158,1.0500001));
#6318 = ORIENTED_EDGE('',*,*,#6319,.T.);
#6319 = EDGE_CURVE('',#6313,#6320,#6322,.T.);
#6320 = VERTEX_POINT('',#6321);
#6321 = CARTESIAN_POINT('',(1.132836679219,0.439179753807,1.0500001));
#6322 = B_SPLINE_CURVE_WITH_KNOTS('',1,(#6323,#6324),.UNSPECIFIED.,.F.,
  .F.,(2,2),(0.,2.248573030161E-02),.PIECEWISE_BEZIER_KNOTS.);
#6323 = CARTESIAN_POINT('',(1.140517890826,0.418046674158,1.0500001));
#6324 = CARTESIAN_POINT('',(1.132836679219,0.439179753807,1.0500001));
#6325 = ORIENTED_EDGE('',*,*,#6326,.T.);
#6326 = EDGE_CURVE('',#6320,#6327,#6329,.T.);
#6327 = VERTEX_POINT('',#6328);
#6328 = CARTESIAN_POINT('',(1.132043863808,0.44274092467,1.0500001));
#6329 = B_SPLINE_CURVE_WITH_KNOTS('',3,(#6330,#6331,#6332,#6333),
  .UNSPECIFIED.,.F.,.F.,(4,4),(1.,2.),.PIECEWISE_BEZIER_KNOTS.);
#6330 = CARTESIAN_POINT('',(1.132836679219,0.439179753807,1.0500001));
#6331 = CARTESIAN_POINT('',(1.132589736714,0.4398815904,1.0500001));
#6332 = CARTESIAN_POINT('',(1.132329797235,0.441051318056,1.0500001));
#6333 = CARTESIAN_POINT('',(1.132043863808,0.44274092467,1.0500001));
#6334 = ORIENTED_EDGE('',*,*,#6335,.T.);
#6335 = EDGE_CURVE('',#6327,#6336,#6338,.T.);
#6336 = VERTEX_POINT('',#6337);
#6337 = CARTESIAN_POINT('',(1.131887900121,0.44274092467,1.0500001));
#6338 = B_SPLINE_CURVE_WITH_KNOTS('',1,(#6339,#6340),.UNSPECIFIED.,.F.,
  .F.,(2,2),(0.,1.559636872697E-04),.PIECEWISE_BEZIER_KNOTS.);
#6339 = CARTESIAN_POINT('',(1.132043863808,0.44274092467,1.0500001));
#6340 = CARTESIAN_POINT('',(1.131887900121,0.44274092467,1.0500001));
#6341 = ORIENTED_EDGE('',*,*,#6342,.T.);
#6342 = EDGE_CURVE('',#6336,#6304,#6343,.T.);
#6343 = B_SPLINE_CURVE_WITH_KNOTS('',3,(#6344,#6345,#6346,#6347),
  .UNSPECIFIED.,.F.,.F.,(4,4),(3.,4.),.PIECEWISE_BEZIER_KNOTS.);
#6344 = CARTESIAN_POINT('',(1.131887900121,0.44274092467,1.0500001));
#6345 = CARTESIAN_POINT('',(1.131640957616,0.441207281744,1.0500001));
#6346 = CARTESIAN_POINT('',(1.131368021162,0.44001156014,1.0500001));
#6347 = CARTESIAN_POINT('',(1.131056093788,0.439179753807,1.0500001));
#6348 = B_SPLINE_SURFACE_WITH_KNOTS('',1,1,(
    (#6349,#6350)
    ,(#6351,#6352
    )),.UNSPECIFIED.,.F.,.F.,.F.,(2,2),(2,2),(-1.154983522837,
    -1.109234174519),(0.398395249539,0.449239411647),
  .PIECEWISE_BEZIER_KNOTS.);
#6349 = CARTESIAN_POINT('',(1.154983522837,0.398395249539,1.0500001));
#6350 = CARTESIAN_POINT('',(1.154983522837,0.449239411647,1.0500001));
#6351 = CARTESIAN_POINT('',(1.109234174519,0.398395249539,1.0500001));
#6352 = CARTESIAN_POINT('',(1.109234174519,0.449239411647,1.0500001));
#6353 = ADVANCED_FACE('',(#6354),#6368,.F.);
#6354 = FACE_BOUND('',#6355,.T.);
#6355 = EDGE_LOOP('',(#6356,#6357,#6362,#6363));
#6356 = ORIENTED_EDGE('',*,*,#6245,.T.);
#6357 = ORIENTED_EDGE('',*,*,#6358,.F.);
#6358 = EDGE_CURVE('',#6136,#6248,#6359,.T.);
#6359 = B_SPLINE_CURVE_WITH_KNOTS('',1,(#6360,#6361),.UNSPECIFIED.,.F.,
  .F.,(2,2),(-0.,1.E-03),.PIECEWISE_BEZIER_KNOTS.);
#6360 = CARTESIAN_POINT('',(1.135618031645,0.449239411647,1.0510001));
#6361 = CARTESIAN_POINT('',(1.135618031645,0.449239411647,1.0500001));
#6362 = ORIENTED_EDGE('',*,*,#6133,.F.);
#6363 = ORIENTED_EDGE('',*,*,#6364,.T.);
#6364 = EDGE_CURVE('',#6134,#6246,#6365,.T.);
#6365 = B_SPLINE_CURVE_WITH_KNOTS('',1,(#6366,#6367),.UNSPECIFIED.,.F.,
  .F.,(2,2),(-0.,1.E-03),.PIECEWISE_BEZIER_KNOTS.);
#6366 = CARTESIAN_POINT('',(1.154983522837,0.398395249539,1.0510001));
#6367 = CARTESIAN_POINT('',(1.154983522837,0.398395249539,1.0500001));
#6368 = B_SPLINE_SURFACE_WITH_KNOTS('',1,1,(
    (#6369,#6370)
    ,(#6371,#6372
    )),.UNSPECIFIED.,.F.,.F.,.F.,(2,2),(2,2),(0.,5.440727037388E-02),(
    -1.E-03,0.),.PIECEWISE_BEZIER_KNOTS.);
#6369 = CARTESIAN_POINT('',(1.135618031645,0.449239411647,1.0500001));
#6370 = CARTESIAN_POINT('',(1.135618031645,0.449239411647,1.0510001));
#6371 = CARTESIAN_POINT('',(1.154983522837,0.398395249539,1.0500001));
#6372 = CARTESIAN_POINT('',(1.154983522837,0.398395249539,1.0510001));
#6373 = ADVANCED_FACE('',(#6374),#6384,.F.);
#6374 = FACE_BOUND('',#6375,.T.);
#6375 = EDGE_LOOP('',(#6376,#6377,#6382,#6383));
#6376 = ORIENTED_EDGE('',*,*,#6296,.T.);
#6377 = ORIENTED_EDGE('',*,*,#6378,.F.);
#6378 = EDGE_CURVE('',#6143,#6290,#6379,.T.);
#6379 = B_SPLINE_CURVE_WITH_KNOTS('',1,(#6380,#6381),.UNSPECIFIED.,.F.,
  .F.,(2,2),(-0.,1.E-03),.PIECEWISE_BEZIER_KNOTS.);
#6380 = CARTESIAN_POINT('',(1.12859966571,0.449239411647,1.0510001));
#6381 = CARTESIAN_POINT('',(1.12859966571,0.449239411647,1.0500001));
#6382 = ORIENTED_EDGE('',*,*,#6142,.F.);
#6383 = ORIENTED_EDGE('',*,*,#6358,.T.);
#6384 = B_SPLINE_SURFACE_WITH_KNOTS('',1,1,(
    (#6385,#6386)
    ,(#6387,#6388
    )),.UNSPECIFIED.,.F.,.F.,.F.,(2,2),(2,2),(0.,1.E-03),(0.,
    7.018365935113E-03),.PIECEWISE_BEZIER_KNOTS.);
#6385 = CARTESIAN_POINT('',(1.12859966571,0.449239411647,1.0510001));
#6386 = CARTESIAN_POINT('',(1.135618031645,0.449239411647,1.0510001));
#6387 = CARTESIAN_POINT('',(1.12859966571,0.449239411647,1.0500001));
#6388 = CARTESIAN_POINT('',(1.135618031645,0.449239411647,1.0500001));
#6389 = ADVANCED_FACE('',(#6390),#6400,.F.);
#6390 = FACE_BOUND('',#6391,.T.);
#6391 = EDGE_LOOP('',(#6392,#6393,#6398,#6399));
#6392 = ORIENTED_EDGE('',*,*,#6289,.T.);
#6393 = ORIENTED_EDGE('',*,*,#6394,.F.);
#6394 = EDGE_CURVE('',#6150,#6283,#6395,.T.);
#6395 = B_SPLINE_CURVE_WITH_KNOTS('',1,(#6396,#6397),.UNSPECIFIED.,.F.,
  .F.,(2,2),(-0.,1.E-03),.PIECEWISE_BEZIER_KNOTS.);
#6396 = CARTESIAN_POINT('',(1.109234174519,0.398395249539,1.0510001));
#6397 = CARTESIAN_POINT('',(1.109234174519,0.398395249539,1.0500001));
#6398 = ORIENTED_EDGE('',*,*,#6149,.F.);
#6399 = ORIENTED_EDGE('',*,*,#6378,.T.);
#6400 = B_SPLINE_SURFACE_WITH_KNOTS('',1,1,(
    (#6401,#6402)
    ,(#6403,#6404
    )),.UNSPECIFIED.,.F.,.F.,.F.,(2,2),(2,2),(0.,5.440727037375E-02),(
    -1.E-03,0.),.PIECEWISE_BEZIER_KNOTS.);
#6401 = CARTESIAN_POINT('',(1.109234174519,0.398395249539,1.0500001));
#6402 = CARTESIAN_POINT('',(1.109234174519,0.398395249539,1.0510001));
#6403 = CARTESIAN_POINT('',(1.12859966571,0.449239411647,1.0500001));
#6404 = CARTESIAN_POINT('',(1.12859966571,0.449239411647,1.0510001));
#6405 = ADVANCED_FACE('',(#6406),#6416,.F.);
#6406 = FACE_BOUND('',#6407,.T.);
#6407 = EDGE_LOOP('',(#6408,#6409,#6414,#6415));
#6408 = ORIENTED_EDGE('',*,*,#6282,.T.);
#6409 = ORIENTED_EDGE('',*,*,#6410,.F.);
#6410 = EDGE_CURVE('',#6157,#6276,#6411,.T.);
#6411 = B_SPLINE_CURVE_WITH_KNOTS('',1,(#6412,#6413),.UNSPECIFIED.,.F.,
  .F.,(2,2),(-0.,1.E-03),.PIECEWISE_BEZIER_KNOTS.);
#6412 = CARTESIAN_POINT('',(1.116486485985,0.398395249539,1.0510001));
#6413 = CARTESIAN_POINT('',(1.116486485985,0.398395249539,1.0500001));
#6414 = ORIENTED_EDGE('',*,*,#6156,.F.);
#6415 = ORIENTED_EDGE('',*,*,#6394,.T.);
#6416 = B_SPLINE_SURFACE_WITH_KNOTS('',1,1,(
    (#6417,#6418)
    ,(#6419,#6420)),.UNSPECIFIED.,.F.,.F.,.F.,(2,2),(2,2),(-1.E-03,0.),(
    -7.252311466017E-03,0.),.PIECEWISE_BEZIER_KNOTS.);
#6417 = CARTESIAN_POINT('',(1.109234174519,0.398395249539,1.0500001));
#6418 = CARTESIAN_POINT('',(1.116486485985,0.398395249539,1.0500001));
#6419 = CARTESIAN_POINT('',(1.109234174519,0.398395249539,1.0510001));
#6420 = CARTESIAN_POINT('',(1.116486485985,0.398395249539,1.0510001));
#6421 = ADVANCED_FACE('',(#6422),#6432,.F.);
#6422 = FACE_BOUND('',#6423,.T.);
#6423 = EDGE_LOOP('',(#6424,#6425,#6430,#6431));
#6424 = ORIENTED_EDGE('',*,*,#6275,.T.);
#6425 = ORIENTED_EDGE('',*,*,#6426,.F.);
#6426 = EDGE_CURVE('',#6164,#6269,#6427,.T.);
#6427 = B_SPLINE_CURVE_WITH_KNOTS('',1,(#6428,#6429),.UNSPECIFIED.,.F.,
  .F.,(2,2),(-0.,1.E-03),.PIECEWISE_BEZIER_KNOTS.);
#6428 = CARTESIAN_POINT('',(1.121373348192,0.41230201167,1.0510001));
#6429 = CARTESIAN_POINT('',(1.121373348192,0.41230201167,1.0500001));
#6430 = ORIENTED_EDGE('',*,*,#6163,.F.);
#6431 = ORIENTED_EDGE('',*,*,#6410,.T.);
#6432 = B_SPLINE_SURFACE_WITH_KNOTS('',1,1,(
    (#6433,#6434)
    ,(#6435,#6436
    )),.UNSPECIFIED.,.F.,.F.,.F.,(2,2),(2,2),(-0.,1.474040213802E-02),(
    -1.E-03,0.),.PIECEWISE_BEZIER_KNOTS.);
#6433 = CARTESIAN_POINT('',(1.121373348192,0.41230201167,1.0500001));
#6434 = CARTESIAN_POINT('',(1.121373348192,0.41230201167,1.0510001));
#6435 = CARTESIAN_POINT('',(1.116486485985,0.398395249539,1.0500001));
#6436 = CARTESIAN_POINT('',(1.116486485985,0.398395249539,1.0510001));
#6437 = ADVANCED_FACE('',(#6438),#6448,.F.);
#6438 = FACE_BOUND('',#6439,.T.);
#6439 = EDGE_LOOP('',(#6440,#6441,#6446,#6447));
#6440 = ORIENTED_EDGE('',*,*,#6268,.T.);
#6441 = ORIENTED_EDGE('',*,*,#6442,.F.);
#6442 = EDGE_CURVE('',#6171,#6262,#6443,.T.);
#6443 = B_SPLINE_CURVE_WITH_KNOTS('',1,(#6444,#6445),.UNSPECIFIED.,.F.,
  .F.,(2,2),(-0.,1.E-03),.PIECEWISE_BEZIER_KNOTS.);
#6444 = CARTESIAN_POINT('',(1.142545418763,0.41230201167,1.0510001));
#6445 = CARTESIAN_POINT('',(1.142545418763,0.41230201167,1.0500001));
#6446 = ORIENTED_EDGE('',*,*,#6170,.F.);
#6447 = ORIENTED_EDGE('',*,*,#6426,.T.);
#6448 = B_SPLINE_SURFACE_WITH_KNOTS('',1,1,(
    (#6449,#6450)
    ,(#6451,#6452)),.UNSPECIFIED.,.F.,.F.,.F.,(2,2),(2,2),(-1.E-03,0.),(
    -2.117207057113E-02,0.),.PIECEWISE_BEZIER_KNOTS.);
#6449 = CARTESIAN_POINT('',(1.121373348192,0.41230201167,1.0500001));
#6450 = CARTESIAN_POINT('',(1.142545418763,0.41230201167,1.0500001));
#6451 = CARTESIAN_POINT('',(1.121373348192,0.41230201167,1.0510001));
#6452 = CARTESIAN_POINT('',(1.142545418763,0.41230201167,1.0510001));
#6453 = ADVANCED_FACE('',(#6454),#6464,.F.);
#6454 = FACE_BOUND('',#6455,.T.);
#6455 = EDGE_LOOP('',(#6456,#6457,#6462,#6463));
#6456 = ORIENTED_EDGE('',*,*,#6261,.T.);
#6457 = ORIENTED_EDGE('',*,*,#6458,.F.);
#6458 = EDGE_CURVE('',#6178,#6255,#6459,.T.);
#6459 = B_SPLINE_CURVE_WITH_KNOTS('',1,(#6460,#6461),.UNSPECIFIED.,.F.,
  .F.,(2,2),(-0.,1.E-03),.PIECEWISE_BEZIER_KNOTS.);
#6460 = CARTESIAN_POINT('',(1.147731211371,0.398395249539,1.0510001));
#6461 = CARTESIAN_POINT('',(1.147731211371,0.398395249539,1.0500001));
#6462 = ORIENTED_EDGE('',*,*,#6177,.F.);
#6463 = ORIENTED_EDGE('',*,*,#6442,.T.);
#6464 = B_SPLINE_SURFACE_WITH_KNOTS('',1,1,(
    (#6465,#6466)
    ,(#6467,#6468
    )),.UNSPECIFIED.,.F.,.F.,.F.,(2,2),(2,2),(0.,1.484218575321E-02),(
    -1.E-03,0.),.PIECEWISE_BEZIER_KNOTS.);
#6465 = CARTESIAN_POINT('',(1.147731211371,0.398395249539,1.0500001));
#6466 = CARTESIAN_POINT('',(1.147731211371,0.398395249539,1.0510001));
#6467 = CARTESIAN_POINT('',(1.142545418763,0.41230201167,1.0500001));
#6468 = CARTESIAN_POINT('',(1.142545418763,0.41230201167,1.0510001));
#6469 = ADVANCED_FACE('',(#6470),#6476,.F.);
#6470 = FACE_BOUND('',#6471,.T.);
#6471 = EDGE_LOOP('',(#6472,#6473,#6474,#6475));
#6472 = ORIENTED_EDGE('',*,*,#6254,.T.);
#6473 = ORIENTED_EDGE('',*,*,#6364,.F.);
#6474 = ORIENTED_EDGE('',*,*,#6184,.F.);
#6475 = ORIENTED_EDGE('',*,*,#6458,.T.);
#6476 = B_SPLINE_SURFACE_WITH_KNOTS('',1,1,(
    (#6477,#6478)
    ,(#6479,#6480)),.UNSPECIFIED.,.F.,.F.,.F.,(2,2),(2,2),(-1.E-03,0.),(
    -7.252311466363E-03,0.),.PIECEWISE_BEZIER_KNOTS.);
#6477 = CARTESIAN_POINT('',(1.147731211371,0.398395249539,1.0500001));
#6478 = CARTESIAN_POINT('',(1.154983522837,0.398395249539,1.0500001));
#6479 = CARTESIAN_POINT('',(1.147731211371,0.398395249539,1.0510001));
#6480 = CARTESIAN_POINT('',(1.154983522837,0.398395249539,1.0510001));
#6481 = ADVANCED_FACE('',(#6482),#6496,.T.);
#6482 = FACE_BOUND('',#6483,.T.);
#6483 = EDGE_LOOP('',(#6484,#6485,#6490,#6491));
#6484 = ORIENTED_EDGE('',*,*,#6312,.F.);
#6485 = ORIENTED_EDGE('',*,*,#6486,.F.);
#6486 = EDGE_CURVE('',#6192,#6306,#6487,.T.);
#6487 = B_SPLINE_CURVE_WITH_KNOTS('',1,(#6488,#6489),.UNSPECIFIED.,.F.,
  .F.,(2,2),(-0.,1.E-03),.PIECEWISE_BEZIER_KNOTS.);
#6488 = CARTESIAN_POINT('',(1.123452864025,0.418046674158,1.0510001));
#6489 = CARTESIAN_POINT('',(1.123452864025,0.418046674158,1.0500001));
#6490 = ORIENTED_EDGE('',*,*,#6191,.T.);
#6491 = ORIENTED_EDGE('',*,*,#6492,.T.);
#6492 = EDGE_CURVE('',#6194,#6313,#6493,.T.);
#6493 = B_SPLINE_CURVE_WITH_KNOTS('',1,(#6494,#6495),.UNSPECIFIED.,.F.,
  .F.,(2,2),(-0.,1.E-03),.PIECEWISE_BEZIER_KNOTS.);
#6494 = CARTESIAN_POINT('',(1.140517890826,0.418046674158,1.0510001));
#6495 = CARTESIAN_POINT('',(1.140517890826,0.418046674158,1.0500001));
#6496 = B_SPLINE_SURFACE_WITH_KNOTS('',1,1,(
    (#6497,#6498)
    ,(#6499,#6500)),.UNSPECIFIED.,.F.,.F.,.F.,(2,2),(2,2),(-1.E-03,0.),(
    -2.22044604925E-16,1.706502680151E-02),.PIECEWISE_BEZIER_KNOTS.);
#6497 = CARTESIAN_POINT('',(1.123452864025,0.418046674158,1.0500001));
#6498 = CARTESIAN_POINT('',(1.140517890826,0.418046674158,1.0500001));
#6499 = CARTESIAN_POINT('',(1.123452864025,0.418046674158,1.0510001));
#6500 = CARTESIAN_POINT('',(1.140517890826,0.418046674158,1.0510001));
#6501 = ADVANCED_FACE('',(#6502),#6512,.T.);
#6502 = FACE_BOUND('',#6503,.T.);
#6503 = EDGE_LOOP('',(#6504,#6505,#6506,#6507));
#6504 = ORIENTED_EDGE('',*,*,#6319,.F.);
#6505 = ORIENTED_EDGE('',*,*,#6492,.F.);
#6506 = ORIENTED_EDGE('',*,*,#6232,.T.);
#6507 = ORIENTED_EDGE('',*,*,#6508,.T.);
#6508 = EDGE_CURVE('',#6224,#6320,#6509,.T.);
#6509 = B_SPLINE_CURVE_WITH_KNOTS('',1,(#6510,#6511),.UNSPECIFIED.,.F.,
  .F.,(2,2),(-0.,1.E-03),.PIECEWISE_BEZIER_KNOTS.);
#6510 = CARTESIAN_POINT('',(1.132836679219,0.439179753807,1.0510001));
#6511 = CARTESIAN_POINT('',(1.132836679219,0.439179753807,1.0500001));
#6512 = B_SPLINE_SURFACE_WITH_KNOTS('',1,1,(
    (#6513,#6514)
    ,(#6515,#6516
    )),.UNSPECIFIED.,.F.,.F.,.F.,(2,2),(2,2),(-2.248573030161E-02,0.),(
    -1.E-03,0.),.PIECEWISE_BEZIER_KNOTS.);
#6513 = CARTESIAN_POINT('',(1.132836679219,0.439179753807,1.0500001));
#6514 = CARTESIAN_POINT('',(1.132836679219,0.439179753807,1.0510001));
#6515 = CARTESIAN_POINT('',(1.140517890826,0.418046674158,1.0500001));
#6516 = CARTESIAN_POINT('',(1.140517890826,0.418046674158,1.0510001));
#6517 = ADVANCED_FACE('',(#6518),#6528,.T.);
#6518 = FACE_BOUND('',#6519,.T.);
#6519 = EDGE_LOOP('',(#6520,#6521,#6522,#6523));
#6520 = ORIENTED_EDGE('',*,*,#6326,.F.);
#6521 = ORIENTED_EDGE('',*,*,#6508,.F.);
#6522 = ORIENTED_EDGE('',*,*,#6223,.T.);
#6523 = ORIENTED_EDGE('',*,*,#6524,.T.);
#6524 = EDGE_CURVE('',#6217,#6327,#6525,.T.);
#6525 = B_SPLINE_CURVE_WITH_KNOTS('',1,(#6526,#6527),.UNSPECIFIED.,.F.,
  .F.,(2,2),(-0.,1.E-03),.PIECEWISE_BEZIER_KNOTS.);
#6526 = CARTESIAN_POINT('',(1.132043863808,0.44274092467,1.0510001));
#6527 = CARTESIAN_POINT('',(1.132043863808,0.44274092467,1.0500001));
#6528 = B_SPLINE_SURFACE_WITH_KNOTS('',3,1,(
    (#6529,#6530)
    ,(#6531,#6532)
    ,(#6533,#6534)
    ,(#6535,#6536
    )),.UNSPECIFIED.,.F.,.F.,.F.,(4,4),(2,2),(1.,2.),(0.,1.),
  .PIECEWISE_BEZIER_KNOTS.);
#6529 = CARTESIAN_POINT('',(1.132836679219,0.439179753807,1.0510001));
#6530 = CARTESIAN_POINT('',(1.132836679219,0.439179753807,1.0500001));
#6531 = CARTESIAN_POINT('',(1.132589736714,0.4398815904,1.0510001));
#6532 = CARTESIAN_POINT('',(1.132589736714,0.4398815904,1.0500001));
#6533 = CARTESIAN_POINT('',(1.132329797235,0.441051318056,1.0510001));
#6534 = CARTESIAN_POINT('',(1.132329797235,0.441051318056,1.0500001));
#6535 = CARTESIAN_POINT('',(1.132043863808,0.44274092467,1.0510001));
#6536 = CARTESIAN_POINT('',(1.132043863808,0.44274092467,1.0500001));
#6537 = ADVANCED_FACE('',(#6538),#6548,.T.);
#6538 = FACE_BOUND('',#6539,.T.);
#6539 = EDGE_LOOP('',(#6540,#6541,#6542,#6543));
#6540 = ORIENTED_EDGE('',*,*,#6335,.F.);
#6541 = ORIENTED_EDGE('',*,*,#6524,.F.);
#6542 = ORIENTED_EDGE('',*,*,#6216,.T.);
#6543 = ORIENTED_EDGE('',*,*,#6544,.T.);
#6544 = EDGE_CURVE('',#6208,#6336,#6545,.T.);
#6545 = B_SPLINE_CURVE_WITH_KNOTS('',1,(#6546,#6547),.UNSPECIFIED.,.F.,
  .F.,(2,2),(-0.,1.E-03),.PIECEWISE_BEZIER_KNOTS.);
#6546 = CARTESIAN_POINT('',(1.131887900121,0.44274092467,1.0510001));
#6547 = CARTESIAN_POINT('',(1.131887900121,0.44274092467,1.0500001));
#6548 = B_SPLINE_SURFACE_WITH_KNOTS('',1,1,(
    (#6549,#6550)
    ,(#6551,#6552)),.UNSPECIFIED.,.F.,.F.,.F.,(2,2),(2,2),(0.,1.E-03),(
    -1.559636872697E-04,0.),.PIECEWISE_BEZIER_KNOTS.);
#6549 = CARTESIAN_POINT('',(1.131887900121,0.44274092467,1.0510001));
#6550 = CARTESIAN_POINT('',(1.132043863808,0.44274092467,1.0510001));
#6551 = CARTESIAN_POINT('',(1.131887900121,0.44274092467,1.0500001));
#6552 = CARTESIAN_POINT('',(1.132043863808,0.44274092467,1.0500001));
#6553 = ADVANCED_FACE('',(#6554),#6564,.T.);
#6554 = FACE_BOUND('',#6555,.T.);
#6555 = EDGE_LOOP('',(#6556,#6557,#6558,#6559));
#6556 = ORIENTED_EDGE('',*,*,#6342,.F.);
#6557 = ORIENTED_EDGE('',*,*,#6544,.F.);
#6558 = ORIENTED_EDGE('',*,*,#6207,.T.);
#6559 = ORIENTED_EDGE('',*,*,#6560,.T.);
#6560 = EDGE_CURVE('',#6201,#6304,#6561,.T.);
#6561 = B_SPLINE_CURVE_WITH_KNOTS('',1,(#6562,#6563),.UNSPECIFIED.,.F.,
  .F.,(2,2),(1.110223024625E-16,1.E-03),.PIECEWISE_BEZIER_KNOTS.);
#6562 = CARTESIAN_POINT('',(1.131056093788,0.439179753807,1.0510001));
#6563 = CARTESIAN_POINT('',(1.131056093788,0.439179753807,1.0500001));
#6564 = B_SPLINE_SURFACE_WITH_KNOTS('',3,1,(
    (#6565,#6566)
    ,(#6567,#6568)
    ,(#6569,#6570)
    ,(#6571,#6572
    )),.UNSPECIFIED.,.F.,.F.,.F.,(4,4),(2,2),(3.,4.),(0.,1.),
  .PIECEWISE_BEZIER_KNOTS.);
#6565 = CARTESIAN_POINT('',(1.131887900121,0.44274092467,1.0510001));
#6566 = CARTESIAN_POINT('',(1.131887900121,0.44274092467,1.0500001));
#6567 = CARTESIAN_POINT('',(1.131640957616,0.441207281744,1.0510001));
#6568 = CARTESIAN_POINT('',(1.131640957616,0.441207281744,1.0500001));
#6569 = CARTESIAN_POINT('',(1.131368021162,0.44001156014,1.0510001));
#6570 = CARTESIAN_POINT('',(1.131368021162,0.44001156014,1.0500001));
#6571 = CARTESIAN_POINT('',(1.131056093788,0.439179753807,1.0510001));
#6572 = CARTESIAN_POINT('',(1.131056093788,0.439179753807,1.0500001));
#6573 = ADVANCED_FACE('',(#6574),#6580,.T.);
#6574 = FACE_BOUND('',#6575,.T.);
#6575 = EDGE_LOOP('',(#6576,#6577,#6578,#6579));
#6576 = ORIENTED_EDGE('',*,*,#6303,.F.);
#6577 = ORIENTED_EDGE('',*,*,#6560,.F.);
#6578 = ORIENTED_EDGE('',*,*,#6200,.T.);
#6579 = ORIENTED_EDGE('',*,*,#6486,.T.);
#6580 = B_SPLINE_SURFACE_WITH_KNOTS('',1,1,(
    (#6581,#6582)
    ,(#6583,#6584
    )),.UNSPECIFIED.,.F.,.F.,.F.,(2,2),(2,2),(-2.24592109897E-02,0.),(
    -1.E-03,0.),.PIECEWISE_BEZIER_KNOTS.);
#6581 = CARTESIAN_POINT('',(1.123452864025,0.418046674158,1.0500001));
#6582 = CARTESIAN_POINT('',(1.123452864025,0.418046674158,1.0510001));
#6583 = CARTESIAN_POINT('',(1.131056093788,0.439179753807,1.0500001));
#6584 = CARTESIAN_POINT('',(1.131056093788,0.439179753807,1.0510001));
#6585 = MANIFOLD_SOLID_BREP('',#6586);
#6586 = CLOSED_SHELL('',(#6587,#6623,#6651,#6679,#6707,#6735,#6763,#6791
    ,#6819,#6847,#6875,#6903,#6923,#6943));
#6587 = ADVANCED_FACE('',(#6588),#6618,.F.);
#6588 = FACE_BOUND('',#6589,.T.);
#6589 = EDGE_LOOP('',(#6590,#6599,#6606,#6613));
#6590 = ORIENTED_EDGE('',*,*,#6591,.T.);
#6591 = EDGE_CURVE('',#6592,#6594,#6596,.T.);
#6592 = VERTEX_POINT('',#6593);
#6593 = CARTESIAN_POINT('',(0.978276664959,0.317736029181,1.0500001));
#6594 = VERTEX_POINT('',#6595);
#6595 = CARTESIAN_POINT('',(0.978276664959,0.323532679564,1.0500001));
#6596 = B_SPLINE_CURVE_WITH_KNOTS('',1,(#6597,#6598),.UNSPECIFIED.,.F.,
  .F.,(2,2),(-5.796650383447E-03,0.),.PIECEWISE_BEZIER_KNOTS.);
#6597 = CARTESIAN_POINT('',(0.978276664959,0.317736029181,1.0500001));
#6598 = CARTESIAN_POINT('',(0.978276664959,0.323532679564,1.0500001));
#6599 = ORIENTED_EDGE('',*,*,#6600,.F.);
#6600 = EDGE_CURVE('',#6601,#6594,#6603,.T.);
#6601 = VERTEX_POINT('',#6602);
#6602 = CARTESIAN_POINT('',(0.978276664959,0.323532679564,1.0510001));
#6603 = B_SPLINE_CURVE_WITH_KNOTS('',1,(#6604,#6605),.UNSPECIFIED.,.F.,
  .F.,(2,2),(-0.,1.E-03),.PIECEWISE_BEZIER_KNOTS.);
#6604 = CARTESIAN_POINT('',(0.978276664959,0.323532679564,1.0510001));
#6605 = CARTESIAN_POINT('',(0.978276664959,0.323532679564,1.0500001));
#6606 = ORIENTED_EDGE('',*,*,#6607,.F.);
#6607 = EDGE_CURVE('',#6608,#6601,#6610,.T.);
#6608 = VERTEX_POINT('',#6609);
#6609 = CARTESIAN_POINT('',(0.978276664959,0.317736029181,1.0510001));
#6610 = B_SPLINE_CURVE_WITH_KNOTS('',1,(#6611,#6612),.UNSPECIFIED.,.F.,
  .F.,(2,2),(-5.796650383447E-03,0.),.PIECEWISE_BEZIER_KNOTS.);
#6611 = CARTESIAN_POINT('',(0.978276664959,0.317736029181,1.0510001));
#6612 = CARTESIAN_POINT('',(0.978276664959,0.323532679564,1.0510001));
#6613 = ORIENTED_EDGE('',*,*,#6614,.T.);
#6614 = EDGE_CURVE('',#6608,#6592,#6615,.T.);
#6615 = B_SPLINE_CURVE_WITH_KNOTS('',1,(#6616,#6617),.UNSPECIFIED.,.F.,
  .F.,(2,2),(-0.,1.E-03),.PIECEWISE_BEZIER_KNOTS.);
#6616 = CARTESIAN_POINT('',(0.978276664959,0.317736029181,1.0510001));
#6617 = CARTESIAN_POINT('',(0.978276664959,0.317736029181,1.0500001));
#6618 = B_SPLINE_SURFACE_WITH_KNOTS('',1,1,(
    (#6619,#6620)
    ,(#6621,#6622)),.UNSPECIFIED.,.F.,.F.,.F.,(2,2),(2,2),(-1.E-03,0.),(
    -5.796650383447E-03,0.),.PIECEWISE_BEZIER_KNOTS.);
#6619 = CARTESIAN_POINT('',(0.978276664959,0.317736029181,1.0500001));
#6620 = CARTESIAN_POINT('',(0.978276664959,0.323532679564,1.0500001));
#6621 = CARTESIAN_POINT('',(0.978276664959,0.317736029181,1.0510001));
#6622 = CARTESIAN_POINT('',(0.978276664959,0.323532679564,1.0510001));
#6623 = ADVANCED_FACE('',(#6624),#6646,.F.);
#6624 = FACE_BOUND('',#6625,.T.);
#6625 = EDGE_LOOP('',(#6626,#6633,#6640,#6645));
#6626 = ORIENTED_EDGE('',*,*,#6627,.T.);
#6627 = EDGE_CURVE('',#6594,#6628,#6630,.T.);
#6628 = VERTEX_POINT('',#6629);
#6629 = CARTESIAN_POINT('',(0.957494503606,0.323532679564,1.0500001));
#6630 = B_SPLINE_CURVE_WITH_KNOTS('',1,(#6631,#6632),.UNSPECIFIED.,.F.,
  .F.,(2,2),(-2.078216135244E-02,-0.),.PIECEWISE_BEZIER_KNOTS.);
#6631 = CARTESIAN_POINT('',(0.978276664959,0.323532679564,1.0500001));
#6632 = CARTESIAN_POINT('',(0.957494503606,0.323532679564,1.0500001));
#6633 = ORIENTED_EDGE('',*,*,#6634,.F.);
#6634 = EDGE_CURVE('',#6635,#6628,#6637,.T.);
#6635 = VERTEX_POINT('',#6636);
#6636 = CARTESIAN_POINT('',(0.957494503606,0.323532679564,1.0510001));
#6637 = B_SPLINE_CURVE_WITH_KNOTS('',1,(#6638,#6639),.UNSPECIFIED.,.F.,
  .F.,(2,2),(-0.,1.E-03),.PIECEWISE_BEZIER_KNOTS.);
#6638 = CARTESIAN_POINT('',(0.957494503606,0.323532679564,1.0510001));
#6639 = CARTESIAN_POINT('',(0.957494503606,0.323532679564,1.0500001));
#6640 = ORIENTED_EDGE('',*,*,#6641,.F.);
#6641 = EDGE_CURVE('',#6601,#6635,#6642,.T.);
#6642 = B_SPLINE_CURVE_WITH_KNOTS('',1,(#6643,#6644),.UNSPECIFIED.,.F.,
  .F.,(2,2),(-2.078216135244E-02,-0.),.PIECEWISE_BEZIER_KNOTS.);
#6643 = CARTESIAN_POINT('',(0.978276664959,0.323532679564,1.0510001));
#6644 = CARTESIAN_POINT('',(0.957494503606,0.323532679564,1.0510001));
#6645 = ORIENTED_EDGE('',*,*,#6600,.T.);
#6646 = B_SPLINE_SURFACE_WITH_KNOTS('',1,1,(
    (#6647,#6648)
    ,(#6649,#6650
    )),.UNSPECIFIED.,.F.,.F.,.F.,(2,2),(2,2),(0.,1.E-03),(0.,
    2.078216135244E-02),.PIECEWISE_BEZIER_KNOTS.);
#6647 = CARTESIAN_POINT('',(0.957494503606,0.323532679564,1.0510001));
#6648 = CARTESIAN_POINT('',(0.978276664959,0.323532679564,1.0510001));
#6649 = CARTESIAN_POINT('',(0.957494503606,0.323532679564,1.0500001));
#6650 = CARTESIAN_POINT('',(0.978276664959,0.323532679564,1.0500001));
#6651 = ADVANCED_FACE('',(#6652),#6674,.F.);
#6652 = FACE_BOUND('',#6653,.T.);
#6653 = EDGE_LOOP('',(#6654,#6661,#6668,#6673));
#6654 = ORIENTED_EDGE('',*,*,#6655,.T.);
#6655 = EDGE_CURVE('',#6628,#6656,#6658,.T.);
#6656 = VERTEX_POINT('',#6657);
#6657 = CARTESIAN_POINT('',(0.957494503606,0.340636697288,1.0500001));
#6658 = B_SPLINE_CURVE_WITH_KNOTS('',1,(#6659,#6660),.UNSPECIFIED.,.F.,
  .F.,(2,2),(-1.710401772333E-02,0.),.PIECEWISE_BEZIER_KNOTS.);
#6659 = CARTESIAN_POINT('',(0.957494503606,0.323532679564,1.0500001));
#6660 = CARTESIAN_POINT('',(0.957494503606,0.340636697288,1.0500001));
#6661 = ORIENTED_EDGE('',*,*,#6662,.F.);
#6662 = EDGE_CURVE('',#6663,#6656,#6665,.T.);
#6663 = VERTEX_POINT('',#6664);
#6664 = CARTESIAN_POINT('',(0.957494503606,0.340636697288,1.0510001));
#6665 = B_SPLINE_CURVE_WITH_KNOTS('',1,(#6666,#6667),.UNSPECIFIED.,.F.,
  .F.,(2,2),(-0.,1.E-03),.PIECEWISE_BEZIER_KNOTS.);
#6666 = CARTESIAN_POINT('',(0.957494503606,0.340636697288,1.0510001));
#6667 = CARTESIAN_POINT('',(0.957494503606,0.340636697288,1.0500001));
#6668 = ORIENTED_EDGE('',*,*,#6669,.F.);
#6669 = EDGE_CURVE('',#6635,#6663,#6670,.T.);
#6670 = B_SPLINE_CURVE_WITH_KNOTS('',1,(#6671,#6672),.UNSPECIFIED.,.F.,
  .F.,(2,2),(-1.710401772333E-02,0.),.PIECEWISE_BEZIER_KNOTS.);
#6671 = CARTESIAN_POINT('',(0.957494503606,0.323532679564,1.0510001));
#6672 = CARTESIAN_POINT('',(0.957494503606,0.340636697288,1.0510001));
#6673 = ORIENTED_EDGE('',*,*,#6634,.T.);
#6674 = B_SPLINE_SURFACE_WITH_KNOTS('',1,1,(
    (#6675,#6676)
    ,(#6677,#6678)),.UNSPECIFIED.,.F.,.F.,.F.,(2,2),(2,2),(-1.E-03,0.),(
    -1.710401772333E-02,0.),.PIECEWISE_BEZIER_KNOTS.);
#6675 = CARTESIAN_POINT('',(0.957494503606,0.323532679564,1.0500001));
#6676 = CARTESIAN_POINT('',(0.957494503606,0.340636697288,1.0500001));
#6677 = CARTESIAN_POINT('',(0.957494503606,0.323532679564,1.0510001));
#6678 = CARTESIAN_POINT('',(0.957494503606,0.340636697288,1.0510001));
#6679 = ADVANCED_FACE('',(#6680),#6702,.F.);
#6680 = FACE_BOUND('',#6681,.T.);
#6681 = EDGE_LOOP('',(#6682,#6689,#6696,#6701));
#6682 = ORIENTED_EDGE('',*,*,#6683,.T.);
#6683 = EDGE_CURVE('',#6656,#6684,#6686,.T.);
#6684 = VERTEX_POINT('',#6685);
#6685 = CARTESIAN_POINT('',(0.975677270168,0.340636697288,1.0500001));
#6686 = B_SPLINE_CURVE_WITH_KNOTS('',1,(#6687,#6688),.UNSPECIFIED.,.F.,
  .F.,(2,2),(-1.818276656166E-02,0.),.PIECEWISE_BEZIER_KNOTS.);
#6687 = CARTESIAN_POINT('',(0.957494503606,0.340636697288,1.0500001));
#6688 = CARTESIAN_POINT('',(0.975677270168,0.340636697288,1.0500001));
#6689 = ORIENTED_EDGE('',*,*,#6690,.F.);
#6690 = EDGE_CURVE('',#6691,#6684,#6693,.T.);
#6691 = VERTEX_POINT('',#6692);
#6692 = CARTESIAN_POINT('',(0.975677270168,0.340636697288,1.0510001));
#6693 = B_SPLINE_CURVE_WITH_KNOTS('',1,(#6694,#6695),.UNSPECIFIED.,.F.,
  .F.,(2,2),(-0.,1.E-03),.PIECEWISE_BEZIER_KNOTS.);
#6694 = CARTESIAN_POINT('',(0.975677270168,0.340636697288,1.0510001));
#6695 = CARTESIAN_POINT('',(0.975677270168,0.340636697288,1.0500001));
#6696 = ORIENTED_EDGE('',*,*,#6697,.F.);
#6697 = EDGE_CURVE('',#6663,#6691,#6698,.T.);
#6698 = B_SPLINE_CURVE_WITH_KNOTS('',1,(#6699,#6700),.UNSPECIFIED.,.F.,
  .F.,(2,2),(-1.818276656166E-02,0.),.PIECEWISE_BEZIER_KNOTS.);
#6699 = CARTESIAN_POINT('',(0.957494503606,0.340636697288,1.0510001));
#6700 = CARTESIAN_POINT('',(0.975677270168,0.340636697288,1.0510001));
#6701 = ORIENTED_EDGE('',*,*,#6662,.T.);
#6702 = B_SPLINE_SURFACE_WITH_KNOTS('',1,1,(
    (#6703,#6704)
    ,(#6705,#6706)),.UNSPECIFIED.,.F.,.F.,.F.,(2,2),(2,2),(-1.E-03,0.),(
    -1.818276656166E-02,0.),.PIECEWISE_BEZIER_KNOTS.);
#6703 = CARTESIAN_POINT('',(0.957494503606,0.340636697288,1.0500001));
#6704 = CARTESIAN_POINT('',(0.975677270168,0.340636697288,1.0500001));
#6705 = CARTESIAN_POINT('',(0.957494503606,0.340636697288,1.0510001));
#6706 = CARTESIAN_POINT('',(0.975677270168,0.340636697288,1.0510001));
#6707 = ADVANCED_FACE('',(#6708),#6730,.F.);
#6708 = FACE_BOUND('',#6709,.T.);
#6709 = EDGE_LOOP('',(#6710,#6717,#6724,#6729));
#6710 = ORIENTED_EDGE('',*,*,#6711,.T.);
#6711 = EDGE_CURVE('',#6684,#6712,#6714,.T.);
#6712 = VERTEX_POINT('',#6713);
#6713 = CARTESIAN_POINT('',(0.975677270168,0.346459341619,1.0500001));
#6714 = B_SPLINE_CURVE_WITH_KNOTS('',1,(#6715,#6716),.UNSPECIFIED.,.F.,
  .F.,(2,2),(-5.822644331324E-03,0.),.PIECEWISE_BEZIER_KNOTS.);
#6715 = CARTESIAN_POINT('',(0.975677270168,0.340636697288,1.0500001));
#6716 = CARTESIAN_POINT('',(0.975677270168,0.346459341619,1.0500001));
#6717 = ORIENTED_EDGE('',*,*,#6718,.F.);
#6718 = EDGE_CURVE('',#6719,#6712,#6721,.T.);
#6719 = VERTEX_POINT('',#6720);
#6720 = CARTESIAN_POINT('',(0.975677270168,0.346459341619,1.0510001));
#6721 = B_SPLINE_CURVE_WITH_KNOTS('',1,(#6722,#6723),.UNSPECIFIED.,.F.,
  .F.,(2,2),(-0.,1.E-03),.PIECEWISE_BEZIER_KNOTS.);
#6722 = CARTESIAN_POINT('',(0.975677270168,0.346459341619,1.0510001));
#6723 = CARTESIAN_POINT('',(0.975677270168,0.346459341619,1.0500001));
#6724 = ORIENTED_EDGE('',*,*,#6725,.F.);
#6725 = EDGE_CURVE('',#6691,#6719,#6726,.T.);
#6726 = B_SPLINE_CURVE_WITH_KNOTS('',1,(#6727,#6728),.UNSPECIFIED.,.F.,
  .F.,(2,2),(-5.822644331324E-03,0.),.PIECEWISE_BEZIER_KNOTS.);
#6727 = CARTESIAN_POINT('',(0.975677270168,0.340636697288,1.0510001));
#6728 = CARTESIAN_POINT('',(0.975677270168,0.346459341619,1.0510001));
#6729 = ORIENTED_EDGE('',*,*,#6690,.T.);
#6730 = B_SPLINE_SURFACE_WITH_KNOTS('',1,1,(
    (#6731,#6732)
    ,(#6733,#6734)),.UNSPECIFIED.,.F.,.F.,.F.,(2,2),(2,2),(-1.E-03,0.),(
    -5.822644331324E-03,0.),.PIECEWISE_BEZIER_KNOTS.);
#6731 = CARTESIAN_POINT('',(0.975677270168,0.340636697288,1.0500001));
#6732 = CARTESIAN_POINT('',(0.975677270168,0.346459341619,1.0500001));
#6733 = CARTESIAN_POINT('',(0.975677270168,0.340636697288,1.0510001));
#6734 = CARTESIAN_POINT('',(0.975677270168,0.346459341619,1.0510001));
#6735 = ADVANCED_FACE('',(#6736),#6758,.F.);
#6736 = FACE_BOUND('',#6737,.T.);
#6737 = EDGE_LOOP('',(#6738,#6745,#6752,#6757));
#6738 = ORIENTED_EDGE('',*,*,#6739,.T.);
#6739 = EDGE_CURVE('',#6712,#6740,#6742,.T.);
#6740 = VERTEX_POINT('',#6741);
#6741 = CARTESIAN_POINT('',(0.957494503606,0.346459341619,1.0500001));
#6742 = B_SPLINE_CURVE_WITH_KNOTS('',1,(#6743,#6744),.UNSPECIFIED.,.F.,
  .F.,(2,2),(-1.818276656166E-02,-0.),.PIECEWISE_BEZIER_KNOTS.);
#6743 = CARTESIAN_POINT('',(0.975677270168,0.346459341619,1.0500001));
#6744 = CARTESIAN_POINT('',(0.957494503606,0.346459341619,1.0500001));
#6745 = ORIENTED_EDGE('',*,*,#6746,.F.);
#6746 = EDGE_CURVE('',#6747,#6740,#6749,.T.);
#6747 = VERTEX_POINT('',#6748);
#6748 = CARTESIAN_POINT('',(0.957494503606,0.346459341619,1.0510001));
#6749 = B_SPLINE_CURVE_WITH_KNOTS('',1,(#6750,#6751),.UNSPECIFIED.,.F.,
  .F.,(2,2),(-0.,1.E-03),.PIECEWISE_BEZIER_KNOTS.);
#6750 = CARTESIAN_POINT('',(0.957494503606,0.346459341619,1.0510001));
#6751 = CARTESIAN_POINT('',(0.957494503606,0.346459341619,1.0500001));
#6752 = ORIENTED_EDGE('',*,*,#6753,.F.);
#6753 = EDGE_CURVE('',#6719,#6747,#6754,.T.);
#6754 = B_SPLINE_CURVE_WITH_KNOTS('',1,(#6755,#6756),.UNSPECIFIED.,.F.,
  .F.,(2,2),(-1.818276656166E-02,-0.),.PIECEWISE_BEZIER_KNOTS.);
#6755 = CARTESIAN_POINT('',(0.975677270168,0.346459341619,1.0510001));
#6756 = CARTESIAN_POINT('',(0.957494503606,0.346459341619,1.0510001));
#6757 = ORIENTED_EDGE('',*,*,#6718,.T.);
#6758 = B_SPLINE_SURFACE_WITH_KNOTS('',1,1,(
    (#6759,#6760)
    ,(#6761,#6762
    )),.UNSPECIFIED.,.F.,.F.,.F.,(2,2),(2,2),(0.,1.E-03),(0.,
    1.818276656166E-02),.PIECEWISE_BEZIER_KNOTS.);
#6759 = CARTESIAN_POINT('',(0.957494503606,0.346459341619,1.0510001));
#6760 = CARTESIAN_POINT('',(0.975677270168,0.346459341619,1.0510001));
#6761 = CARTESIAN_POINT('',(0.957494503606,0.346459341619,1.0500001));
#6762 = CARTESIAN_POINT('',(0.975677270168,0.346459341619,1.0500001));
#6763 = ADVANCED_FACE('',(#6764),#6786,.F.);
#6764 = FACE_BOUND('',#6765,.T.);
#6765 = EDGE_LOOP('',(#6766,#6773,#6780,#6785));
#6766 = ORIENTED_EDGE('',*,*,#6767,.T.);
#6767 = EDGE_CURVE('',#6740,#6768,#6770,.T.);
#6768 = VERTEX_POINT('',#6769);
#6769 = CARTESIAN_POINT('',(0.957494503606,0.36273155301,1.0500001));
#6770 = B_SPLINE_CURVE_WITH_KNOTS('',1,(#6771,#6772),.UNSPECIFIED.,.F.,
  .F.,(2,2),(-1.627221139053E-02,0.),.PIECEWISE_BEZIER_KNOTS.);
#6771 = CARTESIAN_POINT('',(0.957494503606,0.346459341619,1.0500001));
#6772 = CARTESIAN_POINT('',(0.957494503606,0.36273155301,1.0500001));
#6773 = ORIENTED_EDGE('',*,*,#6774,.F.);
#6774 = EDGE_CURVE('',#6775,#6768,#6777,.T.);
#6775 = VERTEX_POINT('',#6776);
#6776 = CARTESIAN_POINT('',(0.957494503606,0.36273155301,1.0510001));
#6777 = B_SPLINE_CURVE_WITH_KNOTS('',1,(#6778,#6779),.UNSPECIFIED.,.F.,
  .F.,(2,2),(-0.,1.E-03),.PIECEWISE_BEZIER_KNOTS.);
#6778 = CARTESIAN_POINT('',(0.957494503606,0.36273155301,1.0510001));
#6779 = CARTESIAN_POINT('',(0.957494503606,0.36273155301,1.0500001));
#6780 = ORIENTED_EDGE('',*,*,#6781,.F.);
#6781 = EDGE_CURVE('',#6747,#6775,#6782,.T.);
#6782 = B_SPLINE_CURVE_WITH_KNOTS('',1,(#6783,#6784),.UNSPECIFIED.,.F.,
  .F.,(2,2),(-1.627221139053E-02,0.),.PIECEWISE_BEZIER_KNOTS.);
#6783 = CARTESIAN_POINT('',(0.957494503606,0.346459341619,1.0510001));
#6784 = CARTESIAN_POINT('',(0.957494503606,0.36273155301,1.0510001));
#6785 = ORIENTED_EDGE('',*,*,#6746,.T.);
#6786 = B_SPLINE_SURFACE_WITH_KNOTS('',1,1,(
    (#6787,#6788)
    ,(#6789,#6790)),.UNSPECIFIED.,.F.,.F.,.F.,(2,2),(2,2),(-1.E-03,0.),(
    -1.627221139053E-02,0.),.PIECEWISE_BEZIER_KNOTS.);
#6787 = CARTESIAN_POINT('',(0.957494503606,0.346459341619,1.0500001));
#6788 = CARTESIAN_POINT('',(0.957494503606,0.36273155301,1.0500001));
#6789 = CARTESIAN_POINT('',(0.957494503606,0.346459341619,1.0510001));
#6790 = CARTESIAN_POINT('',(0.957494503606,0.36273155301,1.0510001));
#6791 = ADVANCED_FACE('',(#6792),#6814,.F.);
#6792 = FACE_BOUND('',#6793,.T.);
#6793 = EDGE_LOOP('',(#6794,#6801,#6808,#6813));
#6794 = ORIENTED_EDGE('',*,*,#6795,.T.);
#6795 = EDGE_CURVE('',#6768,#6796,#6798,.T.);
#6796 = VERTEX_POINT('',#6797);
#6797 = CARTESIAN_POINT('',(0.977119934277,0.36273155301,1.0500001));
#6798 = B_SPLINE_CURVE_WITH_KNOTS('',1,(#6799,#6800),.UNSPECIFIED.,.F.,
  .F.,(2,2),(-1.962543067047E-02,0.),.PIECEWISE_BEZIER_KNOTS.);
#6799 = CARTESIAN_POINT('',(0.957494503606,0.36273155301,1.0500001));
#6800 = CARTESIAN_POINT('',(0.977119934277,0.36273155301,1.0500001));
#6801 = ORIENTED_EDGE('',*,*,#6802,.F.);
#6802 = EDGE_CURVE('',#6803,#6796,#6805,.T.);
#6803 = VERTEX_POINT('',#6804);
#6804 = CARTESIAN_POINT('',(0.977119934277,0.36273155301,1.0510001));
#6805 = B_SPLINE_CURVE_WITH_KNOTS('',1,(#6806,#6807),.UNSPECIFIED.,.F.,
  .F.,(2,2),(-0.,1.E-03),.PIECEWISE_BEZIER_KNOTS.);
#6806 = CARTESIAN_POINT('',(0.977119934277,0.36273155301,1.0510001));
#6807 = CARTESIAN_POINT('',(0.977119934277,0.36273155301,1.0500001));
#6808 = ORIENTED_EDGE('',*,*,#6809,.F.);
#6809 = EDGE_CURVE('',#6775,#6803,#6810,.T.);
#6810 = B_SPLINE_CURVE_WITH_KNOTS('',1,(#6811,#6812),.UNSPECIFIED.,.F.,
  .F.,(2,2),(-1.962543067047E-02,0.),.PIECEWISE_BEZIER_KNOTS.);
#6811 = CARTESIAN_POINT('',(0.957494503606,0.36273155301,1.0510001));
#6812 = CARTESIAN_POINT('',(0.977119934277,0.36273155301,1.0510001));
#6813 = ORIENTED_EDGE('',*,*,#6774,.T.);
#6814 = B_SPLINE_SURFACE_WITH_KNOTS('',1,1,(
    (#6815,#6816)
    ,(#6817,#6818)),.UNSPECIFIED.,.F.,.F.,.F.,(2,2),(2,2),(-1.E-03,0.),(
    -1.962543067047E-02,0.),.PIECEWISE_BEZIER_KNOTS.);
#6815 = CARTESIAN_POINT('',(0.957494503606,0.36273155301,1.0500001));
#6816 = CARTESIAN_POINT('',(0.977119934277,0.36273155301,1.0500001));
#6817 = CARTESIAN_POINT('',(0.957494503606,0.36273155301,1.0510001));
#6818 = CARTESIAN_POINT('',(0.977119934277,0.36273155301,1.0510001));
#6819 = ADVANCED_FACE('',(#6820),#6842,.F.);
#6820 = FACE_BOUND('',#6821,.T.);
#6821 = EDGE_LOOP('',(#6822,#6829,#6836,#6841));
#6822 = ORIENTED_EDGE('',*,*,#6823,.T.);
#6823 = EDGE_CURVE('',#6796,#6824,#6826,.T.);
#6824 = VERTEX_POINT('',#6825);
#6825 = CARTESIAN_POINT('',(0.977119934277,0.368580191289,1.0500001));
#6826 = B_SPLINE_CURVE_WITH_KNOTS('',1,(#6827,#6828),.UNSPECIFIED.,.F.,
  .F.,(2,2),(-5.848638279202E-03,0.),.PIECEWISE_BEZIER_KNOTS.);
#6827 = CARTESIAN_POINT('',(0.977119934277,0.36273155301,1.0500001));
#6828 = CARTESIAN_POINT('',(0.977119934277,0.368580191289,1.0500001));
#6829 = ORIENTED_EDGE('',*,*,#6830,.F.);
#6830 = EDGE_CURVE('',#6831,#6824,#6833,.T.);
#6831 = VERTEX_POINT('',#6832);
#6832 = CARTESIAN_POINT('',(0.977119934277,0.368580191289,1.0510001));
#6833 = B_SPLINE_CURVE_WITH_KNOTS('',1,(#6834,#6835),.UNSPECIFIED.,.F.,
  .F.,(2,2),(-0.,1.E-03),.PIECEWISE_BEZIER_KNOTS.);
#6834 = CARTESIAN_POINT('',(0.977119934277,0.368580191289,1.0510001));
#6835 = CARTESIAN_POINT('',(0.977119934277,0.368580191289,1.0500001));
#6836 = ORIENTED_EDGE('',*,*,#6837,.F.);
#6837 = EDGE_CURVE('',#6803,#6831,#6838,.T.);
#6838 = B_SPLINE_CURVE_WITH_KNOTS('',1,(#6839,#6840),.UNSPECIFIED.,.F.,
  .F.,(2,2),(-5.848638279202E-03,0.),.PIECEWISE_BEZIER_KNOTS.);
#6839 = CARTESIAN_POINT('',(0.977119934277,0.36273155301,1.0510001));
#6840 = CARTESIAN_POINT('',(0.977119934277,0.368580191289,1.0510001));
#6841 = ORIENTED_EDGE('',*,*,#6802,.T.);
#6842 = B_SPLINE_SURFACE_WITH_KNOTS('',1,1,(
    (#6843,#6844)
    ,(#6845,#6846)),.UNSPECIFIED.,.F.,.F.,.F.,(2,2),(2,2),(-1.E-03,0.),(
    -5.848638279202E-03,0.),.PIECEWISE_BEZIER_KNOTS.);
#6843 = CARTESIAN_POINT('',(0.977119934277,0.36273155301,1.0500001));
#6844 = CARTESIAN_POINT('',(0.977119934277,0.368580191289,1.0500001));
#6845 = CARTESIAN_POINT('',(0.977119934277,0.36273155301,1.0510001));
#6846 = CARTESIAN_POINT('',(0.977119934277,0.368580191289,1.0510001));
#6847 = ADVANCED_FACE('',(#6848),#6870,.F.);
#6848 = FACE_BOUND('',#6849,.T.);
#6849 = EDGE_LOOP('',(#6850,#6857,#6864,#6869));
#6850 = ORIENTED_EDGE('',*,*,#6851,.T.);
#6851 = EDGE_CURVE('',#6824,#6852,#6854,.T.);
#6852 = VERTEX_POINT('',#6853);
#6853 = CARTESIAN_POINT('',(0.95093103176,0.368580191289,1.0500001));
#6854 = B_SPLINE_CURVE_WITH_KNOTS('',1,(#6855,#6856),.UNSPECIFIED.,.F.,
  .F.,(2,2),(-2.618890251719E-02,-0.),.PIECEWISE_BEZIER_KNOTS.);
#6855 = CARTESIAN_POINT('',(0.977119934277,0.368580191289,1.0500001));
#6856 = CARTESIAN_POINT('',(0.95093103176,0.368580191289,1.0500001));
#6857 = ORIENTED_EDGE('',*,*,#6858,.F.);
#6858 = EDGE_CURVE('',#6859,#6852,#6861,.T.);
#6859 = VERTEX_POINT('',#6860);
#6860 = CARTESIAN_POINT('',(0.95093103176,0.368580191289,1.0510001));
#6861 = B_SPLINE_CURVE_WITH_KNOTS('',1,(#6862,#6863),.UNSPECIFIED.,.F.,
  .F.,(2,2),(-0.,1.E-03),.PIECEWISE_BEZIER_KNOTS.);
#6862 = CARTESIAN_POINT('',(0.95093103176,0.368580191289,1.0510001));
#6863 = CARTESIAN_POINT('',(0.95093103176,0.368580191289,1.0500001));
#6864 = ORIENTED_EDGE('',*,*,#6865,.F.);
#6865 = EDGE_CURVE('',#6831,#6859,#6866,.T.);
#6866 = B_SPLINE_CURVE_WITH_KNOTS('',1,(#6867,#6868),.UNSPECIFIED.,.F.,
  .F.,(2,2),(-2.618890251719E-02,-0.),.PIECEWISE_BEZIER_KNOTS.);
#6867 = CARTESIAN_POINT('',(0.977119934277,0.368580191289,1.0510001));
#6868 = CARTESIAN_POINT('',(0.95093103176,0.368580191289,1.0510001));
#6869 = ORIENTED_EDGE('',*,*,#6830,.T.);
#6870 = B_SPLINE_SURFACE_WITH_KNOTS('',1,1,(
    (#6871,#6872)
    ,(#6873,#6874
    )),.UNSPECIFIED.,.F.,.F.,.F.,(2,2),(2,2),(0.,1.E-03),(0.,
    2.618890251719E-02),.PIECEWISE_BEZIER_KNOTS.);
#6871 = CARTESIAN_POINT('',(0.95093103176,0.368580191289,1.0510001));
#6872 = CARTESIAN_POINT('',(0.977119934277,0.368580191289,1.0510001));
#6873 = CARTESIAN_POINT('',(0.95093103176,0.368580191289,1.0500001));
#6874 = CARTESIAN_POINT('',(0.977119934277,0.368580191289,1.0500001));
#6875 = ADVANCED_FACE('',(#6876),#6898,.F.);
#6876 = FACE_BOUND('',#6877,.T.);
#6877 = EDGE_LOOP('',(#6878,#6885,#6892,#6897));
#6878 = ORIENTED_EDGE('',*,*,#6879,.T.);
#6879 = EDGE_CURVE('',#6852,#6880,#6882,.T.);
#6880 = VERTEX_POINT('',#6881);
#6881 = CARTESIAN_POINT('',(0.95093103176,0.317736029181,1.0500001));
#6882 = B_SPLINE_CURVE_WITH_KNOTS('',1,(#6883,#6884),.UNSPECIFIED.,.F.,
  .F.,(2,2),(-5.084416210783E-02,-0.),.PIECEWISE_BEZIER_KNOTS.);
#6883 = CARTESIAN_POINT('',(0.95093103176,0.368580191289,1.0500001));
#6884 = CARTESIAN_POINT('',(0.95093103176,0.317736029181,1.0500001));
#6885 = ORIENTED_EDGE('',*,*,#6886,.F.);
#6886 = EDGE_CURVE('',#6887,#6880,#6889,.T.);
#6887 = VERTEX_POINT('',#6888);
#6888 = CARTESIAN_POINT('',(0.95093103176,0.317736029181,1.0510001));
#6889 = B_SPLINE_CURVE_WITH_KNOTS('',1,(#6890,#6891),.UNSPECIFIED.,.F.,
  .F.,(2,2),(-0.,1.E-03),.PIECEWISE_BEZIER_KNOTS.);
#6890 = CARTESIAN_POINT('',(0.95093103176,0.317736029181,1.0510001));
#6891 = CARTESIAN_POINT('',(0.95093103176,0.317736029181,1.0500001));
#6892 = ORIENTED_EDGE('',*,*,#6893,.F.);
#6893 = EDGE_CURVE('',#6859,#6887,#6894,.T.);
#6894 = B_SPLINE_CURVE_WITH_KNOTS('',1,(#6895,#6896),.UNSPECIFIED.,.F.,
  .F.,(2,2),(-5.084416210783E-02,-0.),.PIECEWISE_BEZIER_KNOTS.);
#6895 = CARTESIAN_POINT('',(0.95093103176,0.368580191289,1.0510001));
#6896 = CARTESIAN_POINT('',(0.95093103176,0.317736029181,1.0510001));
#6897 = ORIENTED_EDGE('',*,*,#6858,.T.);
#6898 = B_SPLINE_SURFACE_WITH_KNOTS('',1,1,(
    (#6899,#6900)
    ,(#6901,#6902
    )),.UNSPECIFIED.,.F.,.F.,.F.,(2,2),(2,2),(0.,1.E-03),(0.,
    5.084416210783E-02),.PIECEWISE_BEZIER_KNOTS.);
#6899 = CARTESIAN_POINT('',(0.95093103176,0.317736029181,1.0510001));
#6900 = CARTESIAN_POINT('',(0.95093103176,0.368580191289,1.0510001));
#6901 = CARTESIAN_POINT('',(0.95093103176,0.317736029181,1.0500001));
#6902 = CARTESIAN_POINT('',(0.95093103176,0.368580191289,1.0500001));
#6903 = ADVANCED_FACE('',(#6904),#6918,.F.);
#6904 = FACE_BOUND('',#6905,.T.);
#6905 = EDGE_LOOP('',(#6906,#6911,#6912,#6917));
#6906 = ORIENTED_EDGE('',*,*,#6907,.T.);
#6907 = EDGE_CURVE('',#6880,#6592,#6908,.T.);
#6908 = B_SPLINE_CURVE_WITH_KNOTS('',1,(#6909,#6910),.UNSPECIFIED.,.F.,
  .F.,(2,2),(-2.734563319916E-02,0.),.PIECEWISE_BEZIER_KNOTS.);
#6909 = CARTESIAN_POINT('',(0.95093103176,0.317736029181,1.0500001));
#6910 = CARTESIAN_POINT('',(0.978276664959,0.317736029181,1.0500001));
#6911 = ORIENTED_EDGE('',*,*,#6614,.F.);
#6912 = ORIENTED_EDGE('',*,*,#6913,.F.);
#6913 = EDGE_CURVE('',#6887,#6608,#6914,.T.);
#6914 = B_SPLINE_CURVE_WITH_KNOTS('',1,(#6915,#6916),.UNSPECIFIED.,.F.,
  .F.,(2,2),(-2.734563319916E-02,0.),.PIECEWISE_BEZIER_KNOTS.);
#6915 = CARTESIAN_POINT('',(0.95093103176,0.317736029181,1.0510001));
#6916 = CARTESIAN_POINT('',(0.978276664959,0.317736029181,1.0510001));
#6917 = ORIENTED_EDGE('',*,*,#6886,.T.);
#6918 = B_SPLINE_SURFACE_WITH_KNOTS('',1,1,(
    (#6919,#6920)
    ,(#6921,#6922)),.UNSPECIFIED.,.F.,.F.,.F.,(2,2),(2,2),(-1.E-03,0.),(
    -2.734563319916E-02,0.),.PIECEWISE_BEZIER_KNOTS.);
#6919 = CARTESIAN_POINT('',(0.95093103176,0.317736029181,1.0500001));
#6920 = CARTESIAN_POINT('',(0.978276664959,0.317736029181,1.0500001));
#6921 = CARTESIAN_POINT('',(0.95093103176,0.317736029181,1.0510001));
#6922 = CARTESIAN_POINT('',(0.978276664959,0.317736029181,1.0510001));
#6923 = ADVANCED_FACE('',(#6924),#6938,.F.);
#6924 = FACE_BOUND('',#6925,.T.);
#6925 = EDGE_LOOP('',(#6926,#6927,#6928,#6929,#6930,#6931,#6932,#6933,
    #6934,#6935,#6936,#6937));
#6926 = ORIENTED_EDGE('',*,*,#6607,.T.);
#6927 = ORIENTED_EDGE('',*,*,#6641,.T.);
#6928 = ORIENTED_EDGE('',*,*,#6669,.T.);
#6929 = ORIENTED_EDGE('',*,*,#6697,.T.);
#6930 = ORIENTED_EDGE('',*,*,#6725,.T.);
#6931 = ORIENTED_EDGE('',*,*,#6753,.T.);
#6932 = ORIENTED_EDGE('',*,*,#6781,.T.);
#6933 = ORIENTED_EDGE('',*,*,#6809,.T.);
#6934 = ORIENTED_EDGE('',*,*,#6837,.T.);
#6935 = ORIENTED_EDGE('',*,*,#6865,.T.);
#6936 = ORIENTED_EDGE('',*,*,#6893,.T.);
#6937 = ORIENTED_EDGE('',*,*,#6913,.T.);
#6938 = B_SPLINE_SURFACE_WITH_KNOTS('',1,1,(
    (#6939,#6940)
    ,(#6941,#6942
    )),.UNSPECIFIED.,.F.,.F.,.F.,(2,2),(2,2),(-0.978276664959,
    -0.95093103176),(0.317736029181,0.368580191289),
  .PIECEWISE_BEZIER_KNOTS.);
#6939 = CARTESIAN_POINT('',(0.978276664959,0.317736029181,1.0510001));
#6940 = CARTESIAN_POINT('',(0.978276664959,0.368580191289,1.0510001));
#6941 = CARTESIAN_POINT('',(0.95093103176,0.317736029181,1.0510001));
#6942 = CARTESIAN_POINT('',(0.95093103176,0.368580191289,1.0510001));
#6943 = ADVANCED_FACE('',(#6944),#6958,.T.);
#6944 = FACE_BOUND('',#6945,.T.);
#6945 = EDGE_LOOP('',(#6946,#6947,#6948,#6949,#6950,#6951,#6952,#6953,
    #6954,#6955,#6956,#6957));
#6946 = ORIENTED_EDGE('',*,*,#6591,.F.);
#6947 = ORIENTED_EDGE('',*,*,#6907,.F.);
#6948 = ORIENTED_EDGE('',*,*,#6879,.F.);
#6949 = ORIENTED_EDGE('',*,*,#6851,.F.);
#6950 = ORIENTED_EDGE('',*,*,#6823,.F.);
#6951 = ORIENTED_EDGE('',*,*,#6795,.F.);
#6952 = ORIENTED_EDGE('',*,*,#6767,.F.);
#6953 = ORIENTED_EDGE('',*,*,#6739,.F.);
#6954 = ORIENTED_EDGE('',*,*,#6711,.F.);
#6955 = ORIENTED_EDGE('',*,*,#6683,.F.);
#6956 = ORIENTED_EDGE('',*,*,#6655,.F.);
#6957 = ORIENTED_EDGE('',*,*,#6627,.F.);
#6958 = B_SPLINE_SURFACE_WITH_KNOTS('',1,1,(
    (#6959,#6960)
    ,(#6961,#6962
    )),.UNSPECIFIED.,.F.,.F.,.F.,(2,2),(2,2),(-0.978276664959,
    -0.95093103176),(0.317736029181,0.368580191289),
  .PIECEWISE_BEZIER_KNOTS.);
#6959 = CARTESIAN_POINT('',(0.978276664959,0.317736029181,1.0500001));
#6960 = CARTESIAN_POINT('',(0.978276664959,0.368580191289,1.0500001));
#6961 = CARTESIAN_POINT('',(0.95093103176,0.317736029181,1.0500001));
#6962 = CARTESIAN_POINT('',(0.95093103176,0.368580191289,1.0500001));
#6963 = MANIFOLD_SOLID_BREP('',#6964);
#6964 = CLOSED_SHELL('',(#6965,#7157,#7349,#7373,#7389,#7409,#7429,#7445
    ,#7465,#7485,#7505,#7525,#7541,#7557,#7573,#7589,#7605,#7629,#7649,
    #7669,#7689,#7709,#7729,#7745));
#6965 = ADVANCED_FACE('',(#6966,#7082),#7152,.T.);
#6966 = FACE_BOUND('',#6967,.T.);
#6967 = EDGE_LOOP('',(#6968,#6979,#6986,#6995,#7004,#7011,#7020,#7029,
    #7038,#7047,#7054,#7061,#7068,#7075));
#6968 = ORIENTED_EDGE('',*,*,#6969,.T.);
#6969 = EDGE_CURVE('',#6970,#6972,#6974,.T.);
#6970 = VERTEX_POINT('',#6971);
#6971 = CARTESIAN_POINT('',(1.000423508576,0.354881380741,1.0510001));
#6972 = VERTEX_POINT('',#6973);
#6973 = CARTESIAN_POINT('',(0.987920419632,0.351502167513,1.0510001));
#6974 = B_SPLINE_CURVE_WITH_KNOTS('',3,(#6975,#6976,#6977,#6978),
  .UNSPECIFIED.,.F.,.F.,(4,4),(0.,1.),.PIECEWISE_BEZIER_KNOTS.);
#6975 = CARTESIAN_POINT('',(1.000423508576,0.354881380741,1.0510001));
#6976 = CARTESIAN_POINT('',(0.995692610057,0.354881380741,1.0510001));
#6977 = CARTESIAN_POINT('',(0.991520581418,0.353763640981,1.0510001));
#6978 = CARTESIAN_POINT('',(0.987920419632,0.351502167513,1.0510001));
#6979 = ORIENTED_EDGE('',*,*,#6980,.T.);
#6980 = EDGE_CURVE('',#6972,#6981,#6983,.T.);
#6981 = VERTEX_POINT('',#6982);
#6982 = CARTESIAN_POINT('',(0.987920419632,0.345315607911,1.0510001));
#6983 = B_SPLINE_CURVE_WITH_KNOTS('',1,(#6984,#6985),.UNSPECIFIED.,.F.,
  .F.,(2,2),(-6.186559602315E-03,-0.),.PIECEWISE_BEZIER_KNOTS.);
#6984 = CARTESIAN_POINT('',(0.987920419632,0.351502167513,1.0510001));
#6985 = CARTESIAN_POINT('',(0.987920419632,0.345315607911,1.0510001));
#6986 = ORIENTED_EDGE('',*,*,#6987,.T.);
#6987 = EDGE_CURVE('',#6981,#6988,#6990,.T.);
#6988 = VERTEX_POINT('',#6989);
#6989 = CARTESIAN_POINT('',(0.999825647774,0.349708585108,1.0510001));
#6990 = B_SPLINE_CURVE_WITH_KNOTS('',3,(#6991,#6992,#6993,#6994),
  .UNSPECIFIED.,.F.,.F.,(4,4),(12.,13.),.PIECEWISE_BEZIER_KNOTS.);
#6991 = CARTESIAN_POINT('',(0.987920419632,0.345315607911,1.0510001));
#6992 = CARTESIAN_POINT('',(0.991507584444,0.348226930077,1.0510001));
#6993 = CARTESIAN_POINT('',(0.9954716615,0.349708585108,1.0510001));
#6994 = CARTESIAN_POINT('',(0.999825647774,0.349708585108,1.0510001));
#6995 = ORIENTED_EDGE('',*,*,#6996,.T.);
#6996 = EDGE_CURVE('',#6988,#6997,#6999,.T.);
#6997 = VERTEX_POINT('',#6998);
#6998 = CARTESIAN_POINT('',(1.007181935032,0.340818654923,1.0510001));
#6999 = B_SPLINE_CURVE_WITH_KNOTS('',3,(#7000,#7001,#7002,#7003),
  .UNSPECIFIED.,.F.,.F.,(4,4),(11.,12.),.PIECEWISE_BEZIER_KNOTS.);
#7000 = CARTESIAN_POINT('',(0.999825647774,0.349708585108,1.0510001));
#7001 = CARTESIAN_POINT('',(1.004725506955,0.349708585108,1.0510001));
#7002 = CARTESIAN_POINT('',(1.007181935032,0.346745275046,1.0510001));
#7003 = CARTESIAN_POINT('',(1.007181935032,0.340818654923,1.0510001));
#7004 = ORIENTED_EDGE('',*,*,#7005,.T.);
#7005 = EDGE_CURVE('',#6997,#7006,#7008,.T.);
#7006 = VERTEX_POINT('',#7007);
#7007 = CARTESIAN_POINT('',(0.996420440598,0.339311005944,1.0510001));
#7008 = B_SPLINE_CURVE_WITH_KNOTS('',1,(#7009,#7010),.UNSPECIFIED.,.F.,
  .F.,(2,2),(-1.086658952451E-02,-0.),.PIECEWISE_BEZIER_KNOTS.);
#7009 = CARTESIAN_POINT('',(1.007181935032,0.340818654923,1.0510001));
#7010 = CARTESIAN_POINT('',(0.996420440598,0.339311005944,1.0510001));
#7011 = ORIENTED_EDGE('',*,*,#7012,.T.);
#7012 = EDGE_CURVE('',#7006,#7013,#7015,.T.);
#7013 = VERTEX_POINT('',#7014);
#7014 = CARTESIAN_POINT('',(0.984372245743,0.327457765698,1.0510001));
#7015 = B_SPLINE_CURVE_WITH_KNOTS('',3,(#7016,#7017,#7018,#7019),
  .UNSPECIFIED.,.F.,.F.,(4,4),(9.,10.),.PIECEWISE_BEZIER_KNOTS.);
#7016 = CARTESIAN_POINT('',(0.996420440598,0.339311005944,1.0510001));
#7017 = CARTESIAN_POINT('',(0.988388310695,0.338193266184,1.0510001));
#7018 = CARTESIAN_POINT('',(0.984372245743,0.334242186102,1.0510001));
#7019 = CARTESIAN_POINT('',(0.984372245743,0.327457765698,1.0510001));
#7020 = ORIENTED_EDGE('',*,*,#7021,.T.);
#7021 = EDGE_CURVE('',#7013,#7022,#7024,.T.);
#7022 = VERTEX_POINT('',#7023);
#7023 = CARTESIAN_POINT('',(0.987491519492,0.31973756317,1.0510001));
#7024 = B_SPLINE_CURVE_WITH_KNOTS('',3,(#7025,#7026,#7027,#7028),
  .UNSPECIFIED.,.F.,.F.,(4,4),(8.,9.),.PIECEWISE_BEZIER_KNOTS.);
#7025 = CARTESIAN_POINT('',(0.984372245743,0.327457765698,1.0510001));
#7026 = CARTESIAN_POINT('',(0.984372245743,0.32420852221,1.0510001));
#7027 = CARTESIAN_POINT('',(0.985412003659,0.321635121367,1.0510001));
#7028 = CARTESIAN_POINT('',(0.987491519492,0.31973756317,1.0510001));
#7029 = ORIENTED_EDGE('',*,*,#7030,.T.);
#7030 = EDGE_CURVE('',#7022,#7031,#7033,.T.);
#7031 = VERTEX_POINT('',#7032);
#7032 = CARTESIAN_POINT('',(0.995887564666,0.3168782289,1.0510001));
#7033 = B_SPLINE_CURVE_WITH_KNOTS('',3,(#7034,#7035,#7036,#7037),
  .UNSPECIFIED.,.F.,.F.,(4,4),(7.,8.),.PIECEWISE_BEZIER_KNOTS.);
#7034 = CARTESIAN_POINT('',(0.987491519492,0.31973756317,1.0510001));
#7035 = CARTESIAN_POINT('',(0.989571035325,0.317840004972,1.0510001));
#7036 = CARTESIAN_POINT('',(0.992365384725,0.3168782289,1.0510001));
#7037 = CARTESIAN_POINT('',(0.995887564666,0.3168782289,1.0510001));
#7038 = ORIENTED_EDGE('',*,*,#7039,.T.);
#7039 = EDGE_CURVE('',#7031,#7040,#7042,.T.);
#7040 = VERTEX_POINT('',#7041);
#7041 = CARTESIAN_POINT('',(1.007012974371,0.323350721929,1.0510001));
#7042 = B_SPLINE_CURVE_WITH_KNOTS('',3,(#7043,#7044,#7045,#7046),
  .UNSPECIFIED.,.F.,.F.,(4,4),(6.,7.),.PIECEWISE_BEZIER_KNOTS.);
#7043 = CARTESIAN_POINT('',(0.995887564666,0.3168782289,1.0510001));
#7044 = CARTESIAN_POINT('',(1.000787423847,0.3168782289,1.0510001));
#7045 = CARTESIAN_POINT('',(1.004504558398,0.319035726576,1.0510001));
#7046 = CARTESIAN_POINT('',(1.007012974371,0.323350721929,1.0510001));
#7047 = ORIENTED_EDGE('',*,*,#7048,.T.);
#7048 = EDGE_CURVE('',#7040,#7049,#7051,.T.);
#7049 = VERTEX_POINT('',#7050);
#7050 = CARTESIAN_POINT('',(1.007181935032,0.323350721929,1.0510001));
#7051 = B_SPLINE_CURVE_WITH_KNOTS('',1,(#7052,#7053),.UNSPECIFIED.,.F.,
  .F.,(2,2),(-1.689606613817E-04,0.),.PIECEWISE_BEZIER_KNOTS.);
#7052 = CARTESIAN_POINT('',(1.007012974371,0.323350721929,1.0510001));
#7053 = CARTESIAN_POINT('',(1.007181935032,0.323350721929,1.0510001));
#7054 = ORIENTED_EDGE('',*,*,#7055,.T.);
#7055 = EDGE_CURVE('',#7049,#7056,#7058,.T.);
#7056 = VERTEX_POINT('',#7057);
#7057 = CARTESIAN_POINT('',(1.007181935032,0.317736029181,1.0510001));
#7058 = B_SPLINE_CURVE_WITH_KNOTS('',1,(#7059,#7060),.UNSPECIFIED.,.F.,
  .F.,(2,2),(-5.614692747951E-03,-0.),.PIECEWISE_BEZIER_KNOTS.);
#7059 = CARTESIAN_POINT('',(1.007181935032,0.323350721929,1.0510001));
#7060 = CARTESIAN_POINT('',(1.007181935032,0.317736029181,1.0510001));
#7061 = ORIENTED_EDGE('',*,*,#7062,.T.);
#7062 = EDGE_CURVE('',#7056,#7063,#7065,.T.);
#7063 = VERTEX_POINT('',#7064);
#7064 = CARTESIAN_POINT('',(1.01355045227,0.317736029181,1.0510001));
#7065 = B_SPLINE_CURVE_WITH_KNOTS('',1,(#7066,#7067),.UNSPECIFIED.,.F.,
  .F.,(2,2),(-6.368517237462E-03,0.),.PIECEWISE_BEZIER_KNOTS.);
#7066 = CARTESIAN_POINT('',(1.007181935032,0.317736029181,1.0510001));
#7067 = CARTESIAN_POINT('',(1.01355045227,0.317736029181,1.0510001));
#7068 = ORIENTED_EDGE('',*,*,#7069,.T.);
#7069 = EDGE_CURVE('',#7063,#7070,#7072,.T.);
#7070 = VERTEX_POINT('',#7071);
#7071 = CARTESIAN_POINT('',(1.01355045227,0.34110458835,1.0510001));
#7072 = B_SPLINE_CURVE_WITH_KNOTS('',1,(#7073,#7074),.UNSPECIFIED.,.F.,
  .F.,(2,2),(-2.336855916893E-02,0.),.PIECEWISE_BEZIER_KNOTS.);
#7073 = CARTESIAN_POINT('',(1.01355045227,0.317736029181,1.0510001));
#7074 = CARTESIAN_POINT('',(1.01355045227,0.34110458835,1.0510001));
#7075 = ORIENTED_EDGE('',*,*,#7076,.T.);
#7076 = EDGE_CURVE('',#7070,#6970,#7077,.T.);
#7077 = B_SPLINE_CURVE_WITH_KNOTS('',3,(#7078,#7079,#7080,#7081),
  .UNSPECIFIED.,.F.,.F.,(4,4),(1.,2.),.PIECEWISE_BEZIER_KNOTS.);
#7078 = CARTESIAN_POINT('',(1.01355045227,0.34110458835,1.0510001));
#7079 = CARTESIAN_POINT('',(1.01355045227,0.350306445909,1.0510001));
#7080 = CARTESIAN_POINT('',(1.009170472047,0.354881380741,1.0510001));
#7081 = CARTESIAN_POINT('',(1.000423508576,0.354881380741,1.0510001));
#7082 = FACE_BOUND('',#7083,.T.);
#7083 = EDGE_LOOP('',(#7084,#7095,#7104,#7111,#7118,#7127,#7136,#7145));
#7084 = ORIENTED_EDGE('',*,*,#7085,.F.);
#7085 = EDGE_CURVE('',#7086,#7088,#7090,.T.);
#7086 = VERTEX_POINT('',#7087);
#7087 = CARTESIAN_POINT('',(0.992521348412,0.332578573436,1.0510001));
#7088 = VERTEX_POINT('',#7089);
#7089 = CARTESIAN_POINT('',(0.990831741798,0.327977644656,1.0510001));
#7090 = B_SPLINE_CURVE_WITH_KNOTS('',3,(#7091,#7092,#7093,#7094),
  .UNSPECIFIED.,.F.,.F.,(4,4),(1.,2.),.PIECEWISE_BEZIER_KNOTS.);
#7091 = CARTESIAN_POINT('',(0.992521348412,0.332578573436,1.0510001));
#7092 = CARTESIAN_POINT('',(0.991403608652,0.331486827624,1.0510001));
#7093 = CARTESIAN_POINT('',(0.990831741798,0.329953184698,1.0510001));
#7094 = CARTESIAN_POINT('',(0.990831741798,0.327977644656,1.0510001));
#7095 = ORIENTED_EDGE('',*,*,#7096,.F.);
#7096 = EDGE_CURVE('',#7097,#7086,#7099,.T.);
#7097 = VERTEX_POINT('',#7098);
#7098 = CARTESIAN_POINT('',(0.998681914066,0.334814052956,1.0510001));
#7099 = B_SPLINE_CURVE_WITH_KNOTS('',3,(#7100,#7101,#7102,#7103),
  .UNSPECIFIED.,.F.,.F.,(4,4),(0.,1.),.PIECEWISE_BEZIER_KNOTS.);
#7100 = CARTESIAN_POINT('',(0.998681914066,0.334814052956,1.0510001));
#7101 = CARTESIAN_POINT('',(0.995705607031,0.33439814979,1.0510001));
#7102 = CARTESIAN_POINT('',(0.993652085146,0.333670319248,1.0510001));
#7103 = CARTESIAN_POINT('',(0.992521348412,0.332578573436,1.0510001));
#7104 = ORIENTED_EDGE('',*,*,#7105,.F.);
#7105 = EDGE_CURVE('',#7106,#7097,#7108,.T.);
#7106 = VERTEX_POINT('',#7107);
#7107 = CARTESIAN_POINT('',(1.007181935032,0.335957786664,1.0510001));
#7108 = B_SPLINE_CURVE_WITH_KNOTS('',1,(#7109,#7110),.UNSPECIFIED.,.F.,
  .F.,(2,2),(0.,8.576624231932E-03),.PIECEWISE_BEZIER_KNOTS.);
#7109 = CARTESIAN_POINT('',(1.007181935032,0.335957786664,1.0510001));
#7110 = CARTESIAN_POINT('',(0.998681914066,0.334814052956,1.0510001));
#7111 = ORIENTED_EDGE('',*,*,#7112,.F.);
#7112 = EDGE_CURVE('',#7113,#7106,#7115,.T.);
#7113 = VERTEX_POINT('',#7114);
#7114 = CARTESIAN_POINT('',(1.007181935032,0.332474597645,1.0510001));
#7115 = B_SPLINE_CURVE_WITH_KNOTS('',1,(#7116,#7117),.UNSPECIFIED.,.F.,
  .F.,(2,2),(0.,3.483189019849E-03),.PIECEWISE_BEZIER_KNOTS.);
#7116 = CARTESIAN_POINT('',(1.007181935032,0.332474597645,1.0510001));
#7117 = CARTESIAN_POINT('',(1.007181935032,0.335957786664,1.0510001));
#7118 = ORIENTED_EDGE('',*,*,#7119,.F.);
#7119 = EDGE_CURVE('',#7120,#7113,#7122,.T.);
#7120 = VERTEX_POINT('',#7121);
#7121 = CARTESIAN_POINT('',(1.004452570502,0.325066322491,1.0510001));
#7122 = B_SPLINE_CURVE_WITH_KNOTS('',3,(#7123,#7124,#7125,#7126),
  .UNSPECIFIED.,.F.,.F.,(4,4),(5.,6.),.PIECEWISE_BEZIER_KNOTS.);
#7123 = CARTESIAN_POINT('',(1.004452570502,0.325066322491,1.0510001));
#7124 = CARTESIAN_POINT('',(1.006272146856,0.327015868584,1.0510001));
#7125 = CARTESIAN_POINT('',(1.007181935032,0.329485293635,1.0510001));
#7126 = CARTESIAN_POINT('',(1.007181935032,0.332474597645,1.0510001));
#7127 = ORIENTED_EDGE('',*,*,#7128,.F.);
#7128 = EDGE_CURVE('',#7129,#7120,#7131,.T.);
#7129 = VERTEX_POINT('',#7130);
#7130 = CARTESIAN_POINT('',(0.997538180359,0.322103012429,1.0510001));
#7131 = B_SPLINE_CURVE_WITH_KNOTS('',3,(#7132,#7133,#7134,#7135),
  .UNSPECIFIED.,.F.,.F.,(4,4),(4.,5.),.PIECEWISE_BEZIER_KNOTS.);
#7132 = CARTESIAN_POINT('',(0.997538180359,0.322103012429,1.0510001));
#7133 = CARTESIAN_POINT('',(1.000332529759,0.322103012429,1.0510001));
#7134 = CARTESIAN_POINT('',(1.002645991122,0.32309078245,1.0510001));
#7135 = CARTESIAN_POINT('',(1.004452570502,0.325066322491,1.0510001));
#7136 = ORIENTED_EDGE('',*,*,#7137,.F.);
#7137 = EDGE_CURVE('',#7138,#7129,#7140,.T.);
#7138 = VERTEX_POINT('',#7139);
#7139 = CARTESIAN_POINT('',(0.9926773121,0.323740631147,1.0510001));
#7140 = B_SPLINE_CURVE_WITH_KNOTS('',3,(#7141,#7142,#7143,#7144),
  .UNSPECIFIED.,.F.,.F.,(4,4),(3.,4.),.PIECEWISE_BEZIER_KNOTS.);
#7141 = CARTESIAN_POINT('',(0.9926773121,0.323740631147,1.0510001));
#7142 = CARTESIAN_POINT('',(0.993899027651,0.322648885335,1.0510001));
#7143 = CARTESIAN_POINT('',(0.995523649396,0.322103012429,1.0510001));
#7144 = CARTESIAN_POINT('',(0.997538180359,0.322103012429,1.0510001));
#7145 = ORIENTED_EDGE('',*,*,#7146,.F.);
#7146 = EDGE_CURVE('',#7088,#7138,#7147,.T.);
#7147 = B_SPLINE_CURVE_WITH_KNOTS('',3,(#7148,#7149,#7150,#7151),
  .UNSPECIFIED.,.F.,.F.,(4,4),(2.,3.),.PIECEWISE_BEZIER_KNOTS.);
#7148 = CARTESIAN_POINT('',(0.990831741798,0.327977644656,1.0510001));
#7149 = CARTESIAN_POINT('',(0.990831741798,0.326236050147,1.0510001));
#7150 = CARTESIAN_POINT('',(0.991442599574,0.32483237696,1.0510001));
#7151 = CARTESIAN_POINT('',(0.9926773121,0.323740631147,1.0510001));
#7152 = B_SPLINE_SURFACE_WITH_KNOTS('',1,1,(
    (#7153,#7154)
    ,(#7155,#7156
    )),.UNSPECIFIED.,.F.,.F.,.F.,(2,2),(2,2),(-9.375692086077E-03,
    1.980251444059E-02),(-3.716159777784E-02,8.415540635567E-04),
  .PIECEWISE_BEZIER_KNOTS.);
#7153 = CARTESIAN_POINT('',(0.984372245743,0.3168782289,1.0510001));
#7154 = CARTESIAN_POINT('',(0.984372245743,0.354881380741,1.0510001));
#7155 = CARTESIAN_POINT('',(1.01355045227,0.3168782289,1.0510001));
#7156 = CARTESIAN_POINT('',(1.01355045227,0.354881380741,1.0510001));
#7157 = ADVANCED_FACE('',(#7158,#7274),#7344,.F.);
#7158 = FACE_BOUND('',#7159,.T.);
#7159 = EDGE_LOOP('',(#7160,#7171,#7180,#7187,#7194,#7201,#7208,#7217,
    #7226,#7235,#7244,#7251,#7260,#7269));
#7160 = ORIENTED_EDGE('',*,*,#7161,.F.);
#7161 = EDGE_CURVE('',#7162,#7164,#7166,.T.);
#7162 = VERTEX_POINT('',#7163);
#7163 = CARTESIAN_POINT('',(1.000423508576,0.354881380741,1.0500001));
#7164 = VERTEX_POINT('',#7165);
#7165 = CARTESIAN_POINT('',(0.987920419632,0.351502167513,1.0500001));
#7166 = B_SPLINE_CURVE_WITH_KNOTS('',3,(#7167,#7168,#7169,#7170),
  .UNSPECIFIED.,.F.,.F.,(4,4),(0.,1.),.PIECEWISE_BEZIER_KNOTS.);
#7167 = CARTESIAN_POINT('',(1.000423508576,0.354881380741,1.0500001));
#7168 = CARTESIAN_POINT('',(0.995692610057,0.354881380741,1.0500001));
#7169 = CARTESIAN_POINT('',(0.991520581418,0.353763640981,1.0500001));
#7170 = CARTESIAN_POINT('',(0.987920419632,0.351502167513,1.0500001));
#7171 = ORIENTED_EDGE('',*,*,#7172,.F.);
#7172 = EDGE_CURVE('',#7173,#7162,#7175,.T.);
#7173 = VERTEX_POINT('',#7174);
#7174 = CARTESIAN_POINT('',(1.01355045227,0.34110458835,1.0500001));
#7175 = B_SPLINE_CURVE_WITH_KNOTS('',3,(#7176,#7177,#7178,#7179),
  .UNSPECIFIED.,.F.,.F.,(4,4),(1.,2.),.PIECEWISE_BEZIER_KNOTS.);
#7176 = CARTESIAN_POINT('',(1.01355045227,0.34110458835,1.0500001));
#7177 = CARTESIAN_POINT('',(1.01355045227,0.350306445909,1.0500001));
#7178 = CARTESIAN_POINT('',(1.009170472047,0.354881380741,1.0500001));
#7179 = CARTESIAN_POINT('',(1.000423508576,0.354881380741,1.0500001));
#7180 = ORIENTED_EDGE('',*,*,#7181,.F.);
#7181 = EDGE_CURVE('',#7182,#7173,#7184,.T.);
#7182 = VERTEX_POINT('',#7183);
#7183 = CARTESIAN_POINT('',(1.01355045227,0.317736029181,1.0500001));
#7184 = B_SPLINE_CURVE_WITH_KNOTS('',1,(#7185,#7186),.UNSPECIFIED.,.F.,
  .F.,(2,2),(-2.336855916893E-02,0.),.PIECEWISE_BEZIER_KNOTS.);
#7185 = CARTESIAN_POINT('',(1.01355045227,0.317736029181,1.0500001));
#7186 = CARTESIAN_POINT('',(1.01355045227,0.34110458835,1.0500001));
#7187 = ORIENTED_EDGE('',*,*,#7188,.F.);
#7188 = EDGE_CURVE('',#7189,#7182,#7191,.T.);
#7189 = VERTEX_POINT('',#7190);
#7190 = CARTESIAN_POINT('',(1.007181935032,0.317736029181,1.0500001));
#7191 = B_SPLINE_CURVE_WITH_KNOTS('',1,(#7192,#7193),.UNSPECIFIED.,.F.,
  .F.,(2,2),(-6.368517237462E-03,0.),.PIECEWISE_BEZIER_KNOTS.);
#7192 = CARTESIAN_POINT('',(1.007181935032,0.317736029181,1.0500001));
#7193 = CARTESIAN_POINT('',(1.01355045227,0.317736029181,1.0500001));
#7194 = ORIENTED_EDGE('',*,*,#7195,.F.);
#7195 = EDGE_CURVE('',#7196,#7189,#7198,.T.);
#7196 = VERTEX_POINT('',#7197);
#7197 = CARTESIAN_POINT('',(1.007181935032,0.323350721929,1.0500001));
#7198 = B_SPLINE_CURVE_WITH_KNOTS('',1,(#7199,#7200),.UNSPECIFIED.,.F.,
  .F.,(2,2),(-5.614692747951E-03,-0.),.PIECEWISE_BEZIER_KNOTS.);
#7199 = CARTESIAN_POINT('',(1.007181935032,0.323350721929,1.0500001));
#7200 = CARTESIAN_POINT('',(1.007181935032,0.317736029181,1.0500001));
#7201 = ORIENTED_EDGE('',*,*,#7202,.F.);
#7202 = EDGE_CURVE('',#7203,#7196,#7205,.T.);
#7203 = VERTEX_POINT('',#7204);
#7204 = CARTESIAN_POINT('',(1.007012974371,0.323350721929,1.0500001));
#7205 = B_SPLINE_CURVE_WITH_KNOTS('',1,(#7206,#7207),.UNSPECIFIED.,.F.,
  .F.,(2,2),(-1.689606613817E-04,0.),.PIECEWISE_BEZIER_KNOTS.);
#7206 = CARTESIAN_POINT('',(1.007012974371,0.323350721929,1.0500001));
#7207 = CARTESIAN_POINT('',(1.007181935032,0.323350721929,1.0500001));
#7208 = ORIENTED_EDGE('',*,*,#7209,.F.);
#7209 = EDGE_CURVE('',#7210,#7203,#7212,.T.);
#7210 = VERTEX_POINT('',#7211);
#7211 = CARTESIAN_POINT('',(0.995887564666,0.3168782289,1.0500001));
#7212 = B_SPLINE_CURVE_WITH_KNOTS('',3,(#7213,#7214,#7215,#7216),
  .UNSPECIFIED.,.F.,.F.,(4,4),(6.,7.),.PIECEWISE_BEZIER_KNOTS.);
#7213 = CARTESIAN_POINT('',(0.995887564666,0.3168782289,1.0500001));
#7214 = CARTESIAN_POINT('',(1.000787423847,0.3168782289,1.0500001));
#7215 = CARTESIAN_POINT('',(1.004504558398,0.319035726576,1.0500001));
#7216 = CARTESIAN_POINT('',(1.007012974371,0.323350721929,1.0500001));
#7217 = ORIENTED_EDGE('',*,*,#7218,.F.);
#7218 = EDGE_CURVE('',#7219,#7210,#7221,.T.);
#7219 = VERTEX_POINT('',#7220);
#7220 = CARTESIAN_POINT('',(0.987491519492,0.31973756317,1.0500001));
#7221 = B_SPLINE_CURVE_WITH_KNOTS('',3,(#7222,#7223,#7224,#7225),
  .UNSPECIFIED.,.F.,.F.,(4,4),(7.,8.),.PIECEWISE_BEZIER_KNOTS.);
#7222 = CARTESIAN_POINT('',(0.987491519492,0.31973756317,1.0500001));
#7223 = CARTESIAN_POINT('',(0.989571035325,0.317840004972,1.0500001));
#7224 = CARTESIAN_POINT('',(0.992365384725,0.3168782289,1.0500001));
#7225 = CARTESIAN_POINT('',(0.995887564666,0.3168782289,1.0500001));
#7226 = ORIENTED_EDGE('',*,*,#7227,.F.);
#7227 = EDGE_CURVE('',#7228,#7219,#7230,.T.);
#7228 = VERTEX_POINT('',#7229);
#7229 = CARTESIAN_POINT('',(0.984372245743,0.327457765698,1.0500001));
#7230 = B_SPLINE_CURVE_WITH_KNOTS('',3,(#7231,#7232,#7233,#7234),
  .UNSPECIFIED.,.F.,.F.,(4,4),(8.,9.),.PIECEWISE_BEZIER_KNOTS.);
#7231 = CARTESIAN_POINT('',(0.984372245743,0.327457765698,1.0500001));
#7232 = CARTESIAN_POINT('',(0.984372245743,0.32420852221,1.0500001));
#7233 = CARTESIAN_POINT('',(0.985412003659,0.321635121367,1.0500001));
#7234 = CARTESIAN_POINT('',(0.987491519492,0.31973756317,1.0500001));
#7235 = ORIENTED_EDGE('',*,*,#7236,.F.);
#7236 = EDGE_CURVE('',#7237,#7228,#7239,.T.);
#7237 = VERTEX_POINT('',#7238);
#7238 = CARTESIAN_POINT('',(0.996420440598,0.339311005944,1.0500001));
#7239 = B_SPLINE_CURVE_WITH_KNOTS('',3,(#7240,#7241,#7242,#7243),
  .UNSPECIFIED.,.F.,.F.,(4,4),(9.,10.),.PIECEWISE_BEZIER_KNOTS.);
#7240 = CARTESIAN_POINT('',(0.996420440598,0.339311005944,1.0500001));
#7241 = CARTESIAN_POINT('',(0.988388310695,0.338193266184,1.0500001));
#7242 = CARTESIAN_POINT('',(0.984372245743,0.334242186102,1.0500001));
#7243 = CARTESIAN_POINT('',(0.984372245743,0.327457765698,1.0500001));
#7244 = ORIENTED_EDGE('',*,*,#7245,.F.);
#7245 = EDGE_CURVE('',#7246,#7237,#7248,.T.);
#7246 = VERTEX_POINT('',#7247);
#7247 = CARTESIAN_POINT('',(1.007181935032,0.340818654923,1.0500001));
#7248 = B_SPLINE_CURVE_WITH_KNOTS('',1,(#7249,#7250),.UNSPECIFIED.,.F.,
  .F.,(2,2),(-1.086658952451E-02,-0.),.PIECEWISE_BEZIER_KNOTS.);
#7249 = CARTESIAN_POINT('',(1.007181935032,0.340818654923,1.0500001));
#7250 = CARTESIAN_POINT('',(0.996420440598,0.339311005944,1.0500001));
#7251 = ORIENTED_EDGE('',*,*,#7252,.F.);
#7252 = EDGE_CURVE('',#7253,#7246,#7255,.T.);
#7253 = VERTEX_POINT('',#7254);
#7254 = CARTESIAN_POINT('',(0.999825647774,0.349708585108,1.0500001));
#7255 = B_SPLINE_CURVE_WITH_KNOTS('',3,(#7256,#7257,#7258,#7259),
  .UNSPECIFIED.,.F.,.F.,(4,4),(11.,12.),.PIECEWISE_BEZIER_KNOTS.);
#7256 = CARTESIAN_POINT('',(0.999825647774,0.349708585108,1.0500001));
#7257 = CARTESIAN_POINT('',(1.004725506955,0.349708585108,1.0500001));
#7258 = CARTESIAN_POINT('',(1.007181935032,0.346745275046,1.0500001));
#7259 = CARTESIAN_POINT('',(1.007181935032,0.340818654923,1.0500001));
#7260 = ORIENTED_EDGE('',*,*,#7261,.F.);
#7261 = EDGE_CURVE('',#7262,#7253,#7264,.T.);
#7262 = VERTEX_POINT('',#7263);
#7263 = CARTESIAN_POINT('',(0.987920419632,0.345315607911,1.0500001));
#7264 = B_SPLINE_CURVE_WITH_KNOTS('',3,(#7265,#7266,#7267,#7268),
  .UNSPECIFIED.,.F.,.F.,(4,4),(12.,13.),.PIECEWISE_BEZIER_KNOTS.);
#7265 = CARTESIAN_POINT('',(0.987920419632,0.345315607911,1.0500001));
#7266 = CARTESIAN_POINT('',(0.991507584444,0.348226930077,1.0500001));
#7267 = CARTESIAN_POINT('',(0.9954716615,0.349708585108,1.0500001));
#7268 = CARTESIAN_POINT('',(0.999825647774,0.349708585108,1.0500001));
#7269 = ORIENTED_EDGE('',*,*,#7270,.F.);
#7270 = EDGE_CURVE('',#7164,#7262,#7271,.T.);
#7271 = B_SPLINE_CURVE_WITH_KNOTS('',1,(#7272,#7273),.UNSPECIFIED.,.F.,
  .F.,(2,2),(-6.186559602315E-03,-0.),.PIECEWISE_BEZIER_KNOTS.);
#7272 = CARTESIAN_POINT('',(0.987920419632,0.351502167513,1.0500001));
#7273 = CARTESIAN_POINT('',(0.987920419632,0.345315607911,1.0500001));
#7274 = FACE_BOUND('',#7275,.T.);
#7275 = EDGE_LOOP('',(#7276,#7287,#7296,#7305,#7314,#7323,#7332,#7339));
#7276 = ORIENTED_EDGE('',*,*,#7277,.T.);
#7277 = EDGE_CURVE('',#7278,#7280,#7282,.T.);
#7278 = VERTEX_POINT('',#7279);
#7279 = CARTESIAN_POINT('',(0.998681914066,0.334814052956,1.0500001));
#7280 = VERTEX_POINT('',#7281);
#7281 = CARTESIAN_POINT('',(0.992521348412,0.332578573436,1.0500001));
#7282 = B_SPLINE_CURVE_WITH_KNOTS('',3,(#7283,#7284,#7285,#7286),
  .UNSPECIFIED.,.F.,.F.,(4,4),(0.,1.),.PIECEWISE_BEZIER_KNOTS.);
#7283 = CARTESIAN_POINT('',(0.998681914066,0.334814052956,1.0500001));
#7284 = CARTESIAN_POINT('',(0.995705607031,0.33439814979,1.0500001));
#7285 = CARTESIAN_POINT('',(0.993652085146,0.333670319248,1.0500001));
#7286 = CARTESIAN_POINT('',(0.992521348412,0.332578573436,1.0500001));
#7287 = ORIENTED_EDGE('',*,*,#7288,.T.);
#7288 = EDGE_CURVE('',#7280,#7289,#7291,.T.);
#7289 = VERTEX_POINT('',#7290);
#7290 = CARTESIAN_POINT('',(0.990831741798,0.327977644656,1.0500001));
#7291 = B_SPLINE_CURVE_WITH_KNOTS('',3,(#7292,#7293,#7294,#7295),
  .UNSPECIFIED.,.F.,.F.,(4,4),(1.,2.),.PIECEWISE_BEZIER_KNOTS.);
#7292 = CARTESIAN_POINT('',(0.992521348412,0.332578573436,1.0500001));
#7293 = CARTESIAN_POINT('',(0.991403608652,0.331486827624,1.0500001));
#7294 = CARTESIAN_POINT('',(0.990831741798,0.329953184698,1.0500001));
#7295 = CARTESIAN_POINT('',(0.990831741798,0.327977644656,1.0500001));
#7296 = ORIENTED_EDGE('',*,*,#7297,.T.);
#7297 = EDGE_CURVE('',#7289,#7298,#7300,.T.);
#7298 = VERTEX_POINT('',#7299);
#7299 = CARTESIAN_POINT('',(0.9926773121,0.323740631147,1.0500001));
#7300 = B_SPLINE_CURVE_WITH_KNOTS('',3,(#7301,#7302,#7303,#7304),
  .UNSPECIFIED.,.F.,.F.,(4,4),(2.,3.),.PIECEWISE_BEZIER_KNOTS.);
#7301 = CARTESIAN_POINT('',(0.990831741798,0.327977644656,1.0500001));
#7302 = CARTESIAN_POINT('',(0.990831741798,0.326236050147,1.0500001));
#7303 = CARTESIAN_POINT('',(0.991442599574,0.32483237696,1.0500001));
#7304 = CARTESIAN_POINT('',(0.9926773121,0.323740631147,1.0500001));
#7305 = ORIENTED_EDGE('',*,*,#7306,.T.);
#7306 = EDGE_CURVE('',#7298,#7307,#7309,.T.);
#7307 = VERTEX_POINT('',#7308);
#7308 = CARTESIAN_POINT('',(0.997538180359,0.322103012429,1.0500001));
#7309 = B_SPLINE_CURVE_WITH_KNOTS('',3,(#7310,#7311,#7312,#7313),
  .UNSPECIFIED.,.F.,.F.,(4,4),(3.,4.),.PIECEWISE_BEZIER_KNOTS.);
#7310 = CARTESIAN_POINT('',(0.9926773121,0.323740631147,1.0500001));
#7311 = CARTESIAN_POINT('',(0.993899027651,0.322648885335,1.0500001));
#7312 = CARTESIAN_POINT('',(0.995523649396,0.322103012429,1.0500001));
#7313 = CARTESIAN_POINT('',(0.997538180359,0.322103012429,1.0500001));
#7314 = ORIENTED_EDGE('',*,*,#7315,.T.);
#7315 = EDGE_CURVE('',#7307,#7316,#7318,.T.);
#7316 = VERTEX_POINT('',#7317);
#7317 = CARTESIAN_POINT('',(1.004452570502,0.325066322491,1.0500001));
#7318 = B_SPLINE_CURVE_WITH_KNOTS('',3,(#7319,#7320,#7321,#7322),
  .UNSPECIFIED.,.F.,.F.,(4,4),(4.,5.),.PIECEWISE_BEZIER_KNOTS.);
#7319 = CARTESIAN_POINT('',(0.997538180359,0.322103012429,1.0500001));
#7320 = CARTESIAN_POINT('',(1.000332529759,0.322103012429,1.0500001));
#7321 = CARTESIAN_POINT('',(1.002645991122,0.32309078245,1.0500001));
#7322 = CARTESIAN_POINT('',(1.004452570502,0.325066322491,1.0500001));
#7323 = ORIENTED_EDGE('',*,*,#7324,.T.);
#7324 = EDGE_CURVE('',#7316,#7325,#7327,.T.);
#7325 = VERTEX_POINT('',#7326);
#7326 = CARTESIAN_POINT('',(1.007181935032,0.332474597645,1.0500001));
#7327 = B_SPLINE_CURVE_WITH_KNOTS('',3,(#7328,#7329,#7330,#7331),
  .UNSPECIFIED.,.F.,.F.,(4,4),(5.,6.),.PIECEWISE_BEZIER_KNOTS.);
#7328 = CARTESIAN_POINT('',(1.004452570502,0.325066322491,1.0500001));
#7329 = CARTESIAN_POINT('',(1.006272146856,0.327015868584,1.0500001));
#7330 = CARTESIAN_POINT('',(1.007181935032,0.329485293635,1.0500001));
#7331 = CARTESIAN_POINT('',(1.007181935032,0.332474597645,1.0500001));
#7332 = ORIENTED_EDGE('',*,*,#7333,.T.);
#7333 = EDGE_CURVE('',#7325,#7334,#7336,.T.);
#7334 = VERTEX_POINT('',#7335);
#7335 = CARTESIAN_POINT('',(1.007181935032,0.335957786664,1.0500001));
#7336 = B_SPLINE_CURVE_WITH_KNOTS('',1,(#7337,#7338),.UNSPECIFIED.,.F.,
  .F.,(2,2),(0.,3.483189019849E-03),.PIECEWISE_BEZIER_KNOTS.);
#7337 = CARTESIAN_POINT('',(1.007181935032,0.332474597645,1.0500001));
#7338 = CARTESIAN_POINT('',(1.007181935032,0.335957786664,1.0500001));
#7339 = ORIENTED_EDGE('',*,*,#7340,.T.);
#7340 = EDGE_CURVE('',#7334,#7278,#7341,.T.);
#7341 = B_SPLINE_CURVE_WITH_KNOTS('',1,(#7342,#7343),.UNSPECIFIED.,.F.,
  .F.,(2,2),(0.,8.576624231932E-03),.PIECEWISE_BEZIER_KNOTS.);
#7342 = CARTESIAN_POINT('',(1.007181935032,0.335957786664,1.0500001));
#7343 = CARTESIAN_POINT('',(0.998681914066,0.334814052956,1.0500001));
#7344 = B_SPLINE_SURFACE_WITH_KNOTS('',1,1,(
    (#7345,#7346)
    ,(#7347,#7348
    )),.UNSPECIFIED.,.F.,.F.,.F.,(2,2),(2,2),(-9.375692086077E-03,
    1.980251444059E-02),(-3.716159777784E-02,8.415540635567E-04),
  .PIECEWISE_BEZIER_KNOTS.);
#7345 = CARTESIAN_POINT('',(0.984372245743,0.3168782289,1.0500001));
#7346 = CARTESIAN_POINT('',(0.984372245743,0.354881380741,1.0500001));
#7347 = CARTESIAN_POINT('',(1.01355045227,0.3168782289,1.0500001));
#7348 = CARTESIAN_POINT('',(1.01355045227,0.354881380741,1.0500001));
#7349 = ADVANCED_FACE('',(#7350),#7364,.F.);
#7350 = FACE_BOUND('',#7351,.F.);
#7351 = EDGE_LOOP('',(#7352,#7357,#7358,#7363));
#7352 = ORIENTED_EDGE('',*,*,#7353,.F.);
#7353 = EDGE_CURVE('',#6970,#7162,#7354,.T.);
#7354 = B_SPLINE_CURVE_WITH_KNOTS('',1,(#7355,#7356),.UNSPECIFIED.,.F.,
  .F.,(2,2),(-0.,1.E-03),.PIECEWISE_BEZIER_KNOTS.);
#7355 = CARTESIAN_POINT('',(1.000423508576,0.354881380741,1.0510001));
#7356 = CARTESIAN_POINT('',(1.000423508576,0.354881380741,1.0500001));
#7357 = ORIENTED_EDGE('',*,*,#6969,.T.);
#7358 = ORIENTED_EDGE('',*,*,#7359,.T.);
#7359 = EDGE_CURVE('',#6972,#7164,#7360,.T.);
#7360 = B_SPLINE_CURVE_WITH_KNOTS('',1,(#7361,#7362),.UNSPECIFIED.,.F.,
  .F.,(2,2),(-0.,1.E-03),.PIECEWISE_BEZIER_KNOTS.);
#7361 = CARTESIAN_POINT('',(0.987920419632,0.351502167513,1.0510001));
#7362 = CARTESIAN_POINT('',(0.987920419632,0.351502167513,1.0500001));
#7363 = ORIENTED_EDGE('',*,*,#7161,.F.);
#7364 = B_SPLINE_SURFACE_WITH_KNOTS('',3,1,(
    (#7365,#7366)
    ,(#7367,#7368)
    ,(#7369,#7370)
    ,(#7371,#7372
    )),.UNSPECIFIED.,.F.,.F.,.F.,(4,4),(2,2),(0.,1.),(0.,1.),
  .PIECEWISE_BEZIER_KNOTS.);
#7365 = CARTESIAN_POINT('',(1.000423508576,0.354881380741,1.0510001));
#7366 = CARTESIAN_POINT('',(1.000423508576,0.354881380741,1.0500001));
#7367 = CARTESIAN_POINT('',(0.995692610057,0.354881380741,1.0510001));
#7368 = CARTESIAN_POINT('',(0.995692610057,0.354881380741,1.0500001));
#7369 = CARTESIAN_POINT('',(0.991520581418,0.353763640981,1.0510001));
#7370 = CARTESIAN_POINT('',(0.991520581418,0.353763640981,1.0500001));
#7371 = CARTESIAN_POINT('',(0.987920419632,0.351502167513,1.0510001));
#7372 = CARTESIAN_POINT('',(0.987920419632,0.351502167513,1.0500001));
#7373 = ADVANCED_FACE('',(#7374),#7384,.F.);
#7374 = FACE_BOUND('',#7375,.T.);
#7375 = EDGE_LOOP('',(#7376,#7377,#7382,#7383));
#7376 = ORIENTED_EDGE('',*,*,#7270,.T.);
#7377 = ORIENTED_EDGE('',*,*,#7378,.F.);
#7378 = EDGE_CURVE('',#6981,#7262,#7379,.T.);
#7379 = B_SPLINE_CURVE_WITH_KNOTS('',1,(#7380,#7381),.UNSPECIFIED.,.F.,
  .F.,(2,2),(-0.,1.E-03),.PIECEWISE_BEZIER_KNOTS.);
#7380 = CARTESIAN_POINT('',(0.987920419632,0.345315607911,1.0510001));
#7381 = CARTESIAN_POINT('',(0.987920419632,0.345315607911,1.0500001));
#7382 = ORIENTED_EDGE('',*,*,#6980,.F.);
#7383 = ORIENTED_EDGE('',*,*,#7359,.T.);
#7384 = B_SPLINE_SURFACE_WITH_KNOTS('',1,1,(
    (#7385,#7386)
    ,(#7387,#7388
    )),.UNSPECIFIED.,.F.,.F.,.F.,(2,2),(2,2),(0.,1.E-03),(0.,
    6.186559602315E-03),.PIECEWISE_BEZIER_KNOTS.);
#7385 = CARTESIAN_POINT('',(0.987920419632,0.345315607911,1.0510001));
#7386 = CARTESIAN_POINT('',(0.987920419632,0.351502167513,1.0510001));
#7387 = CARTESIAN_POINT('',(0.987920419632,0.345315607911,1.0500001));
#7388 = CARTESIAN_POINT('',(0.987920419632,0.351502167513,1.0500001));
#7389 = ADVANCED_FACE('',(#7390),#7400,.F.);
#7390 = FACE_BOUND('',#7391,.F.);
#7391 = EDGE_LOOP('',(#7392,#7393,#7394,#7399));
#7392 = ORIENTED_EDGE('',*,*,#7378,.F.);
#7393 = ORIENTED_EDGE('',*,*,#6987,.T.);
#7394 = ORIENTED_EDGE('',*,*,#7395,.T.);
#7395 = EDGE_CURVE('',#6988,#7253,#7396,.T.);
#7396 = B_SPLINE_CURVE_WITH_KNOTS('',1,(#7397,#7398),.UNSPECIFIED.,.F.,
  .F.,(2,2),(-0.,1.E-03),.PIECEWISE_BEZIER_KNOTS.);
#7397 = CARTESIAN_POINT('',(0.999825647774,0.349708585108,1.0510001));
#7398 = CARTESIAN_POINT('',(0.999825647774,0.349708585108,1.0500001));
#7399 = ORIENTED_EDGE('',*,*,#7261,.F.);
#7400 = B_SPLINE_SURFACE_WITH_KNOTS('',3,1,(
    (#7401,#7402)
    ,(#7403,#7404)
    ,(#7405,#7406)
    ,(#7407,#7408
    )),.UNSPECIFIED.,.F.,.F.,.F.,(4,4),(2,2),(12.,13.),(0.,1.),
  .PIECEWISE_BEZIER_KNOTS.);
#7401 = CARTESIAN_POINT('',(0.987920419632,0.345315607911,1.0510001));
#7402 = CARTESIAN_POINT('',(0.987920419632,0.345315607911,1.0500001));
#7403 = CARTESIAN_POINT('',(0.991507584444,0.348226930077,1.0510001));
#7404 = CARTESIAN_POINT('',(0.991507584444,0.348226930077,1.0500001));
#7405 = CARTESIAN_POINT('',(0.9954716615,0.349708585108,1.0510001));
#7406 = CARTESIAN_POINT('',(0.9954716615,0.349708585108,1.0500001));
#7407 = CARTESIAN_POINT('',(0.999825647774,0.349708585108,1.0510001));
#7408 = CARTESIAN_POINT('',(0.999825647774,0.349708585108,1.0500001));
#7409 = ADVANCED_FACE('',(#7410),#7420,.F.);
#7410 = FACE_BOUND('',#7411,.F.);
#7411 = EDGE_LOOP('',(#7412,#7413,#7414,#7419));
#7412 = ORIENTED_EDGE('',*,*,#7395,.F.);
#7413 = ORIENTED_EDGE('',*,*,#6996,.T.);
#7414 = ORIENTED_EDGE('',*,*,#7415,.T.);
#7415 = EDGE_CURVE('',#6997,#7246,#7416,.T.);
#7416 = B_SPLINE_CURVE_WITH_KNOTS('',1,(#7417,#7418),.UNSPECIFIED.,.F.,
  .F.,(2,2),(-0.,1.E-03),.PIECEWISE_BEZIER_KNOTS.);
#7417 = CARTESIAN_POINT('',(1.007181935032,0.340818654923,1.0510001));
#7418 = CARTESIAN_POINT('',(1.007181935032,0.340818654923,1.0500001));
#7419 = ORIENTED_EDGE('',*,*,#7252,.F.);
#7420 = B_SPLINE_SURFACE_WITH_KNOTS('',3,1,(
    (#7421,#7422)
    ,(#7423,#7424)
    ,(#7425,#7426)
    ,(#7427,#7428
    )),.UNSPECIFIED.,.F.,.F.,.F.,(4,4),(2,2),(11.,12.),(0.,1.),
  .PIECEWISE_BEZIER_KNOTS.);
#7421 = CARTESIAN_POINT('',(0.999825647774,0.349708585108,1.0510001));
#7422 = CARTESIAN_POINT('',(0.999825647774,0.349708585108,1.0500001));
#7423 = CARTESIAN_POINT('',(1.004725506955,0.349708585108,1.0510001));
#7424 = CARTESIAN_POINT('',(1.004725506955,0.349708585108,1.0500001));
#7425 = CARTESIAN_POINT('',(1.007181935032,0.346745275046,1.0510001));
#7426 = CARTESIAN_POINT('',(1.007181935032,0.346745275046,1.0500001));
#7427 = CARTESIAN_POINT('',(1.007181935032,0.340818654923,1.0510001));
#7428 = CARTESIAN_POINT('',(1.007181935032,0.340818654923,1.0500001));
#7429 = ADVANCED_FACE('',(#7430),#7440,.F.);
#7430 = FACE_BOUND('',#7431,.T.);
#7431 = EDGE_LOOP('',(#7432,#7433,#7438,#7439));
#7432 = ORIENTED_EDGE('',*,*,#7245,.T.);
#7433 = ORIENTED_EDGE('',*,*,#7434,.F.);
#7434 = EDGE_CURVE('',#7006,#7237,#7435,.T.);
#7435 = B_SPLINE_CURVE_WITH_KNOTS('',1,(#7436,#7437),.UNSPECIFIED.,.F.,
  .F.,(2,2),(-0.,1.E-03),.PIECEWISE_BEZIER_KNOTS.);
#7436 = CARTESIAN_POINT('',(0.996420440598,0.339311005944,1.0510001));
#7437 = CARTESIAN_POINT('',(0.996420440598,0.339311005944,1.0500001));
#7438 = ORIENTED_EDGE('',*,*,#7005,.F.);
#7439 = ORIENTED_EDGE('',*,*,#7415,.T.);
#7440 = B_SPLINE_SURFACE_WITH_KNOTS('',1,1,(
    (#7441,#7442)
    ,(#7443,#7444
    )),.UNSPECIFIED.,.F.,.F.,.F.,(2,2),(2,2),(0.,1.086658952451E-02),(
    -1.E-03,0.),.PIECEWISE_BEZIER_KNOTS.);
#7441 = CARTESIAN_POINT('',(0.996420440598,0.339311005944,1.0500001));
#7442 = CARTESIAN_POINT('',(0.996420440598,0.339311005944,1.0510001));
#7443 = CARTESIAN_POINT('',(1.007181935032,0.340818654923,1.0500001));
#7444 = CARTESIAN_POINT('',(1.007181935032,0.340818654923,1.0510001));
#7445 = ADVANCED_FACE('',(#7446),#7456,.F.);
#7446 = FACE_BOUND('',#7447,.F.);
#7447 = EDGE_LOOP('',(#7448,#7449,#7450,#7455));
#7448 = ORIENTED_EDGE('',*,*,#7434,.F.);
#7449 = ORIENTED_EDGE('',*,*,#7012,.T.);
#7450 = ORIENTED_EDGE('',*,*,#7451,.T.);
#7451 = EDGE_CURVE('',#7013,#7228,#7452,.T.);
#7452 = B_SPLINE_CURVE_WITH_KNOTS('',1,(#7453,#7454),.UNSPECIFIED.,.F.,
  .F.,(2,2),(-0.,1.E-03),.PIECEWISE_BEZIER_KNOTS.);
#7453 = CARTESIAN_POINT('',(0.984372245743,0.327457765698,1.0510001));
#7454 = CARTESIAN_POINT('',(0.984372245743,0.327457765698,1.0500001));
#7455 = ORIENTED_EDGE('',*,*,#7236,.F.);
#7456 = B_SPLINE_SURFACE_WITH_KNOTS('',3,1,(
    (#7457,#7458)
    ,(#7459,#7460)
    ,(#7461,#7462)
    ,(#7463,#7464
    )),.UNSPECIFIED.,.F.,.F.,.F.,(4,4),(2,2),(9.,10.),(0.,1.),
  .PIECEWISE_BEZIER_KNOTS.);
#7457 = CARTESIAN_POINT('',(0.996420440598,0.339311005944,1.0510001));
#7458 = CARTESIAN_POINT('',(0.996420440598,0.339311005944,1.0500001));
#7459 = CARTESIAN_POINT('',(0.988388310695,0.338193266184,1.0510001));
#7460 = CARTESIAN_POINT('',(0.988388310695,0.338193266184,1.0500001));
#7461 = CARTESIAN_POINT('',(0.984372245743,0.334242186102,1.0510001));
#7462 = CARTESIAN_POINT('',(0.984372245743,0.334242186102,1.0500001));
#7463 = CARTESIAN_POINT('',(0.984372245743,0.327457765698,1.0510001));
#7464 = CARTESIAN_POINT('',(0.984372245743,0.327457765698,1.0500001));
#7465 = ADVANCED_FACE('',(#7466),#7476,.F.);
#7466 = FACE_BOUND('',#7467,.F.);
#7467 = EDGE_LOOP('',(#7468,#7469,#7470,#7475));
#7468 = ORIENTED_EDGE('',*,*,#7451,.F.);
#7469 = ORIENTED_EDGE('',*,*,#7021,.T.);
#7470 = ORIENTED_EDGE('',*,*,#7471,.T.);
#7471 = EDGE_CURVE('',#7022,#7219,#7472,.T.);
#7472 = B_SPLINE_CURVE_WITH_KNOTS('',1,(#7473,#7474),.UNSPECIFIED.,.F.,
  .F.,(2,2),(-0.,1.E-03),.PIECEWISE_BEZIER_KNOTS.);
#7473 = CARTESIAN_POINT('',(0.987491519492,0.31973756317,1.0510001));
#7474 = CARTESIAN_POINT('',(0.987491519492,0.31973756317,1.0500001));
#7475 = ORIENTED_EDGE('',*,*,#7227,.F.);
#7476 = B_SPLINE_SURFACE_WITH_KNOTS('',3,1,(
    (#7477,#7478)
    ,(#7479,#7480)
    ,(#7481,#7482)
    ,(#7483,#7484
    )),.UNSPECIFIED.,.F.,.F.,.F.,(4,4),(2,2),(8.,9.),(0.,1.),
  .PIECEWISE_BEZIER_KNOTS.);
#7477 = CARTESIAN_POINT('',(0.984372245743,0.327457765698,1.0510001));
#7478 = CARTESIAN_POINT('',(0.984372245743,0.327457765698,1.0500001));
#7479 = CARTESIAN_POINT('',(0.984372245743,0.32420852221,1.0510001));
#7480 = CARTESIAN_POINT('',(0.984372245743,0.32420852221,1.0500001));
#7481 = CARTESIAN_POINT('',(0.985412003659,0.321635121367,1.0510001));
#7482 = CARTESIAN_POINT('',(0.985412003659,0.321635121367,1.0500001));
#7483 = CARTESIAN_POINT('',(0.987491519492,0.31973756317,1.0510001));
#7484 = CARTESIAN_POINT('',(0.987491519492,0.31973756317,1.0500001));
#7485 = ADVANCED_FACE('',(#7486),#7496,.F.);
#7486 = FACE_BOUND('',#7487,.F.);
#7487 = EDGE_LOOP('',(#7488,#7489,#7490,#7495));
#7488 = ORIENTED_EDGE('',*,*,#7471,.F.);
#7489 = ORIENTED_EDGE('',*,*,#7030,.T.);
#7490 = ORIENTED_EDGE('',*,*,#7491,.T.);
#7491 = EDGE_CURVE('',#7031,#7210,#7492,.T.);
#7492 = B_SPLINE_CURVE_WITH_KNOTS('',1,(#7493,#7494),.UNSPECIFIED.,.F.,
  .F.,(2,2),(-0.,1.E-03),.PIECEWISE_BEZIER_KNOTS.);
#7493 = CARTESIAN_POINT('',(0.995887564666,0.3168782289,1.0510001));
#7494 = CARTESIAN_POINT('',(0.995887564666,0.3168782289,1.0500001));
#7495 = ORIENTED_EDGE('',*,*,#7218,.F.);
#7496 = B_SPLINE_SURFACE_WITH_KNOTS('',3,1,(
    (#7497,#7498)
    ,(#7499,#7500)
    ,(#7501,#7502)
    ,(#7503,#7504
    )),.UNSPECIFIED.,.F.,.F.,.F.,(4,4),(2,2),(7.,8.),(0.,1.),
  .PIECEWISE_BEZIER_KNOTS.);
#7497 = CARTESIAN_POINT('',(0.987491519492,0.31973756317,1.0510001));
#7498 = CARTESIAN_POINT('',(0.987491519492,0.31973756317,1.0500001));
#7499 = CARTESIAN_POINT('',(0.989571035325,0.317840004972,1.0510001));
#7500 = CARTESIAN_POINT('',(0.989571035325,0.317840004972,1.0500001));
#7501 = CARTESIAN_POINT('',(0.992365384725,0.3168782289,1.0510001));
#7502 = CARTESIAN_POINT('',(0.992365384725,0.3168782289,1.0500001));
#7503 = CARTESIAN_POINT('',(0.995887564666,0.3168782289,1.0510001));
#7504 = CARTESIAN_POINT('',(0.995887564666,0.3168782289,1.0500001));
#7505 = ADVANCED_FACE('',(#7506),#7516,.F.);
#7506 = FACE_BOUND('',#7507,.F.);
#7507 = EDGE_LOOP('',(#7508,#7509,#7510,#7515));
#7508 = ORIENTED_EDGE('',*,*,#7491,.F.);
#7509 = ORIENTED_EDGE('',*,*,#7039,.T.);
#7510 = ORIENTED_EDGE('',*,*,#7511,.T.);
#7511 = EDGE_CURVE('',#7040,#7203,#7512,.T.);
#7512 = B_SPLINE_CURVE_WITH_KNOTS('',1,(#7513,#7514),.UNSPECIFIED.,.F.,
  .F.,(2,2),(-0.,1.E-03),.PIECEWISE_BEZIER_KNOTS.);
#7513 = CARTESIAN_POINT('',(1.007012974371,0.323350721929,1.0510001));
#7514 = CARTESIAN_POINT('',(1.007012974371,0.323350721929,1.0500001));
#7515 = ORIENTED_EDGE('',*,*,#7209,.F.);
#7516 = B_SPLINE_SURFACE_WITH_KNOTS('',3,1,(
    (#7517,#7518)
    ,(#7519,#7520)
    ,(#7521,#7522)
    ,(#7523,#7524
    )),.UNSPECIFIED.,.F.,.F.,.F.,(4,4),(2,2),(6.,7.),(0.,1.),
  .PIECEWISE_BEZIER_KNOTS.);
#7517 = CARTESIAN_POINT('',(0.995887564666,0.3168782289,1.0510001));
#7518 = CARTESIAN_POINT('',(0.995887564666,0.3168782289,1.0500001));
#7519 = CARTESIAN_POINT('',(1.000787423847,0.3168782289,1.0510001));
#7520 = CARTESIAN_POINT('',(1.000787423847,0.3168782289,1.0500001));
#7521 = CARTESIAN_POINT('',(1.004504558398,0.319035726576,1.0510001));
#7522 = CARTESIAN_POINT('',(1.004504558398,0.319035726576,1.0500001));
#7523 = CARTESIAN_POINT('',(1.007012974371,0.323350721929,1.0510001));
#7524 = CARTESIAN_POINT('',(1.007012974371,0.323350721929,1.0500001));
#7525 = ADVANCED_FACE('',(#7526),#7536,.F.);
#7526 = FACE_BOUND('',#7527,.T.);
#7527 = EDGE_LOOP('',(#7528,#7529,#7534,#7535));
#7528 = ORIENTED_EDGE('',*,*,#7202,.T.);
#7529 = ORIENTED_EDGE('',*,*,#7530,.F.);
#7530 = EDGE_CURVE('',#7049,#7196,#7531,.T.);
#7531 = B_SPLINE_CURVE_WITH_KNOTS('',1,(#7532,#7533),.UNSPECIFIED.,.F.,
  .F.,(2,2),(-0.,1.E-03),.PIECEWISE_BEZIER_KNOTS.);
#7532 = CARTESIAN_POINT('',(1.007181935032,0.323350721929,1.0510001));
#7533 = CARTESIAN_POINT('',(1.007181935032,0.323350721929,1.0500001));
#7534 = ORIENTED_EDGE('',*,*,#7048,.F.);
#7535 = ORIENTED_EDGE('',*,*,#7511,.T.);
#7536 = B_SPLINE_SURFACE_WITH_KNOTS('',1,1,(
    (#7537,#7538)
    ,(#7539,#7540)),.UNSPECIFIED.,.F.,.F.,.F.,(2,2),(2,2),(-1.E-03,0.),(
    -1.689606613817E-04,0.),.PIECEWISE_BEZIER_KNOTS.);
#7537 = CARTESIAN_POINT('',(1.007012974371,0.323350721929,1.0500001));
#7538 = CARTESIAN_POINT('',(1.007181935032,0.323350721929,1.0500001));
#7539 = CARTESIAN_POINT('',(1.007012974371,0.323350721929,1.0510001));
#7540 = CARTESIAN_POINT('',(1.007181935032,0.323350721929,1.0510001));
#7541 = ADVANCED_FACE('',(#7542),#7552,.F.);
#7542 = FACE_BOUND('',#7543,.T.);
#7543 = EDGE_LOOP('',(#7544,#7545,#7550,#7551));
#7544 = ORIENTED_EDGE('',*,*,#7195,.T.);
#7545 = ORIENTED_EDGE('',*,*,#7546,.F.);
#7546 = EDGE_CURVE('',#7056,#7189,#7547,.T.);
#7547 = B_SPLINE_CURVE_WITH_KNOTS('',1,(#7548,#7549),.UNSPECIFIED.,.F.,
  .F.,(2,2),(-0.,1.E-03),.PIECEWISE_BEZIER_KNOTS.);
#7548 = CARTESIAN_POINT('',(1.007181935032,0.317736029181,1.0510001));
#7549 = CARTESIAN_POINT('',(1.007181935032,0.317736029181,1.0500001));
#7550 = ORIENTED_EDGE('',*,*,#7055,.F.);
#7551 = ORIENTED_EDGE('',*,*,#7530,.T.);
#7552 = B_SPLINE_SURFACE_WITH_KNOTS('',1,1,(
    (#7553,#7554)
    ,(#7555,#7556
    )),.UNSPECIFIED.,.F.,.F.,.F.,(2,2),(2,2),(0.,1.E-03),(0.,
    5.614692747951E-03),.PIECEWISE_BEZIER_KNOTS.);
#7553 = CARTESIAN_POINT('',(1.007181935032,0.317736029181,1.0510001));
#7554 = CARTESIAN_POINT('',(1.007181935032,0.323350721929,1.0510001));
#7555 = CARTESIAN_POINT('',(1.007181935032,0.317736029181,1.0500001));
#7556 = CARTESIAN_POINT('',(1.007181935032,0.323350721929,1.0500001));
#7557 = ADVANCED_FACE('',(#7558),#7568,.F.);
#7558 = FACE_BOUND('',#7559,.T.);
#7559 = EDGE_LOOP('',(#7560,#7561,#7566,#7567));
#7560 = ORIENTED_EDGE('',*,*,#7188,.T.);
#7561 = ORIENTED_EDGE('',*,*,#7562,.F.);
#7562 = EDGE_CURVE('',#7063,#7182,#7563,.T.);
#7563 = B_SPLINE_CURVE_WITH_KNOTS('',1,(#7564,#7565),.UNSPECIFIED.,.F.,
  .F.,(2,2),(-0.,1.E-03),.PIECEWISE_BEZIER_KNOTS.);
#7564 = CARTESIAN_POINT('',(1.01355045227,0.317736029181,1.0510001));
#7565 = CARTESIAN_POINT('',(1.01355045227,0.317736029181,1.0500001));
#7566 = ORIENTED_EDGE('',*,*,#7062,.F.);
#7567 = ORIENTED_EDGE('',*,*,#7546,.T.);
#7568 = B_SPLINE_SURFACE_WITH_KNOTS('',1,1,(
    (#7569,#7570)
    ,(#7571,#7572)),.UNSPECIFIED.,.F.,.F.,.F.,(2,2),(2,2),(-1.E-03,0.),(
    -6.368517237462E-03,0.),.PIECEWISE_BEZIER_KNOTS.);
#7569 = CARTESIAN_POINT('',(1.007181935032,0.317736029181,1.0500001));
#7570 = CARTESIAN_POINT('',(1.01355045227,0.317736029181,1.0500001));
#7571 = CARTESIAN_POINT('',(1.007181935032,0.317736029181,1.0510001));
#7572 = CARTESIAN_POINT('',(1.01355045227,0.317736029181,1.0510001));
#7573 = ADVANCED_FACE('',(#7574),#7584,.F.);
#7574 = FACE_BOUND('',#7575,.T.);
#7575 = EDGE_LOOP('',(#7576,#7577,#7582,#7583));
#7576 = ORIENTED_EDGE('',*,*,#7181,.T.);
#7577 = ORIENTED_EDGE('',*,*,#7578,.F.);
#7578 = EDGE_CURVE('',#7070,#7173,#7579,.T.);
#7579 = B_SPLINE_CURVE_WITH_KNOTS('',1,(#7580,#7581),.UNSPECIFIED.,.F.,
  .F.,(2,2),(-0.,1.E-03),.PIECEWISE_BEZIER_KNOTS.);
#7580 = CARTESIAN_POINT('',(1.01355045227,0.34110458835,1.0510001));
#7581 = CARTESIAN_POINT('',(1.01355045227,0.34110458835,1.0500001));
#7582 = ORIENTED_EDGE('',*,*,#7069,.F.);
#7583 = ORIENTED_EDGE('',*,*,#7562,.T.);
#7584 = B_SPLINE_SURFACE_WITH_KNOTS('',1,1,(
    (#7585,#7586)
    ,(#7587,#7588)),.UNSPECIFIED.,.F.,.F.,.F.,(2,2),(2,2),(-1.E-03,0.),(
    -2.336855916893E-02,0.),.PIECEWISE_BEZIER_KNOTS.);
#7585 = CARTESIAN_POINT('',(1.01355045227,0.317736029181,1.0500001));
#7586 = CARTESIAN_POINT('',(1.01355045227,0.34110458835,1.0500001));
#7587 = CARTESIAN_POINT('',(1.01355045227,0.317736029181,1.0510001));
#7588 = CARTESIAN_POINT('',(1.01355045227,0.34110458835,1.0510001));
#7589 = ADVANCED_FACE('',(#7590),#7596,.F.);
#7590 = FACE_BOUND('',#7591,.F.);
#7591 = EDGE_LOOP('',(#7592,#7593,#7594,#7595));
#7592 = ORIENTED_EDGE('',*,*,#7578,.F.);
#7593 = ORIENTED_EDGE('',*,*,#7076,.T.);
#7594 = ORIENTED_EDGE('',*,*,#7353,.T.);
#7595 = ORIENTED_EDGE('',*,*,#7172,.F.);
#7596 = B_SPLINE_SURFACE_WITH_KNOTS('',3,1,(
    (#7597,#7598)
    ,(#7599,#7600)
    ,(#7601,#7602)
    ,(#7603,#7604
    )),.UNSPECIFIED.,.F.,.F.,.F.,(4,4),(2,2),(1.,2.),(0.,1.),
  .PIECEWISE_BEZIER_KNOTS.);
#7597 = CARTESIAN_POINT('',(1.01355045227,0.34110458835,1.0510001));
#7598 = CARTESIAN_POINT('',(1.01355045227,0.34110458835,1.0500001));
#7599 = CARTESIAN_POINT('',(1.01355045227,0.350306445909,1.0510001));
#7600 = CARTESIAN_POINT('',(1.01355045227,0.350306445909,1.0500001));
#7601 = CARTESIAN_POINT('',(1.009170472047,0.354881380741,1.0510001));
#7602 = CARTESIAN_POINT('',(1.009170472047,0.354881380741,1.0500001));
#7603 = CARTESIAN_POINT('',(1.000423508576,0.354881380741,1.0510001));
#7604 = CARTESIAN_POINT('',(1.000423508576,0.354881380741,1.0500001));
#7605 = ADVANCED_FACE('',(#7606),#7620,.T.);
#7606 = FACE_BOUND('',#7607,.T.);
#7607 = EDGE_LOOP('',(#7608,#7609,#7614,#7615));
#7608 = ORIENTED_EDGE('',*,*,#7277,.F.);
#7609 = ORIENTED_EDGE('',*,*,#7610,.F.);
#7610 = EDGE_CURVE('',#7097,#7278,#7611,.T.);
#7611 = B_SPLINE_CURVE_WITH_KNOTS('',1,(#7612,#7613),.UNSPECIFIED.,.F.,
  .F.,(2,2),(-0.,1.E-03),.PIECEWISE_BEZIER_KNOTS.);
#7612 = CARTESIAN_POINT('',(0.998681914066,0.334814052956,1.0510001));
#7613 = CARTESIAN_POINT('',(0.998681914066,0.334814052956,1.0500001));
#7614 = ORIENTED_EDGE('',*,*,#7096,.T.);
#7615 = ORIENTED_EDGE('',*,*,#7616,.T.);
#7616 = EDGE_CURVE('',#7086,#7280,#7617,.T.);
#7617 = B_SPLINE_CURVE_WITH_KNOTS('',1,(#7618,#7619),.UNSPECIFIED.,.F.,
  .F.,(2,2),(-0.,1.E-03),.PIECEWISE_BEZIER_KNOTS.);
#7618 = CARTESIAN_POINT('',(0.992521348412,0.332578573436,1.0510001));
#7619 = CARTESIAN_POINT('',(0.992521348412,0.332578573436,1.0500001));
#7620 = B_SPLINE_SURFACE_WITH_KNOTS('',3,1,(
    (#7621,#7622)
    ,(#7623,#7624)
    ,(#7625,#7626)
    ,(#7627,#7628
    )),.UNSPECIFIED.,.F.,.F.,.F.,(4,4),(2,2),(0.,1.),(0.,1.),
  .PIECEWISE_BEZIER_KNOTS.);
#7621 = CARTESIAN_POINT('',(0.998681914066,0.334814052956,1.0510001));
#7622 = CARTESIAN_POINT('',(0.998681914066,0.334814052956,1.0500001));
#7623 = CARTESIAN_POINT('',(0.995705607031,0.33439814979,1.0510001));
#7624 = CARTESIAN_POINT('',(0.995705607031,0.33439814979,1.0500001));
#7625 = CARTESIAN_POINT('',(0.993652085146,0.333670319248,1.0510001));
#7626 = CARTESIAN_POINT('',(0.993652085146,0.333670319248,1.0500001));
#7627 = CARTESIAN_POINT('',(0.992521348412,0.332578573436,1.0510001));
#7628 = CARTESIAN_POINT('',(0.992521348412,0.332578573436,1.0500001));
#7629 = ADVANCED_FACE('',(#7630),#7640,.T.);
#7630 = FACE_BOUND('',#7631,.T.);
#7631 = EDGE_LOOP('',(#7632,#7633,#7634,#7635));
#7632 = ORIENTED_EDGE('',*,*,#7288,.F.);
#7633 = ORIENTED_EDGE('',*,*,#7616,.F.);
#7634 = ORIENTED_EDGE('',*,*,#7085,.T.);
#7635 = ORIENTED_EDGE('',*,*,#7636,.T.);
#7636 = EDGE_CURVE('',#7088,#7289,#7637,.T.);
#7637 = B_SPLINE_CURVE_WITH_KNOTS('',1,(#7638,#7639),.UNSPECIFIED.,.F.,
  .F.,(2,2),(-0.,1.E-03),.PIECEWISE_BEZIER_KNOTS.);
#7638 = CARTESIAN_POINT('',(0.990831741798,0.327977644656,1.0510001));
#7639 = CARTESIAN_POINT('',(0.990831741798,0.327977644656,1.0500001));
#7640 = B_SPLINE_SURFACE_WITH_KNOTS('',3,1,(
    (#7641,#7642)
    ,(#7643,#7644)
    ,(#7645,#7646)
    ,(#7647,#7648
    )),.UNSPECIFIED.,.F.,.F.,.F.,(4,4),(2,2),(1.,2.),(0.,1.),
  .PIECEWISE_BEZIER_KNOTS.);
#7641 = CARTESIAN_POINT('',(0.992521348412,0.332578573436,1.0510001));
#7642 = CARTESIAN_POINT('',(0.992521348412,0.332578573436,1.0500001));
#7643 = CARTESIAN_POINT('',(0.991403608652,0.331486827624,1.0510001));
#7644 = CARTESIAN_POINT('',(0.991403608652,0.331486827624,1.0500001));
#7645 = CARTESIAN_POINT('',(0.990831741798,0.329953184698,1.0510001));
#7646 = CARTESIAN_POINT('',(0.990831741798,0.329953184698,1.0500001));
#7647 = CARTESIAN_POINT('',(0.990831741798,0.327977644656,1.0510001));
#7648 = CARTESIAN_POINT('',(0.990831741798,0.327977644656,1.0500001));
#7649 = ADVANCED_FACE('',(#7650),#7660,.T.);
#7650 = FACE_BOUND('',#7651,.T.);
#7651 = EDGE_LOOP('',(#7652,#7653,#7654,#7655));
#7652 = ORIENTED_EDGE('',*,*,#7297,.F.);
#7653 = ORIENTED_EDGE('',*,*,#7636,.F.);
#7654 = ORIENTED_EDGE('',*,*,#7146,.T.);
#7655 = ORIENTED_EDGE('',*,*,#7656,.T.);
#7656 = EDGE_CURVE('',#7138,#7298,#7657,.T.);
#7657 = B_SPLINE_CURVE_WITH_KNOTS('',1,(#7658,#7659),.UNSPECIFIED.,.F.,
  .F.,(2,2),(-0.,1.E-03),.PIECEWISE_BEZIER_KNOTS.);
#7658 = CARTESIAN_POINT('',(0.9926773121,0.323740631147,1.0510001));
#7659 = CARTESIAN_POINT('',(0.9926773121,0.323740631147,1.0500001));
#7660 = B_SPLINE_SURFACE_WITH_KNOTS('',3,1,(
    (#7661,#7662)
    ,(#7663,#7664)
    ,(#7665,#7666)
    ,(#7667,#7668
    )),.UNSPECIFIED.,.F.,.F.,.F.,(4,4),(2,2),(2.,3.),(0.,1.),
  .PIECEWISE_BEZIER_KNOTS.);
#7661 = CARTESIAN_POINT('',(0.990831741798,0.327977644656,1.0510001));
#7662 = CARTESIAN_POINT('',(0.990831741798,0.327977644656,1.0500001));
#7663 = CARTESIAN_POINT('',(0.990831741798,0.326236050147,1.0510001));
#7664 = CARTESIAN_POINT('',(0.990831741798,0.326236050147,1.0500001));
#7665 = CARTESIAN_POINT('',(0.991442599574,0.32483237696,1.0510001));
#7666 = CARTESIAN_POINT('',(0.991442599574,0.32483237696,1.0500001));
#7667 = CARTESIAN_POINT('',(0.9926773121,0.323740631147,1.0510001));
#7668 = CARTESIAN_POINT('',(0.9926773121,0.323740631147,1.0500001));
#7669 = ADVANCED_FACE('',(#7670),#7680,.T.);
#7670 = FACE_BOUND('',#7671,.T.);
#7671 = EDGE_LOOP('',(#7672,#7673,#7674,#7675));
#7672 = ORIENTED_EDGE('',*,*,#7306,.F.);
#7673 = ORIENTED_EDGE('',*,*,#7656,.F.);
#7674 = ORIENTED_EDGE('',*,*,#7137,.T.);
#7675 = ORIENTED_EDGE('',*,*,#7676,.T.);
#7676 = EDGE_CURVE('',#7129,#7307,#7677,.T.);
#7677 = B_SPLINE_CURVE_WITH_KNOTS('',1,(#7678,#7679),.UNSPECIFIED.,.F.,
  .F.,(2,2),(-0.,1.E-03),.PIECEWISE_BEZIER_KNOTS.);
#7678 = CARTESIAN_POINT('',(0.997538180359,0.322103012429,1.0510001));
#7679 = CARTESIAN_POINT('',(0.997538180359,0.322103012429,1.0500001));
#7680 = B_SPLINE_SURFACE_WITH_KNOTS('',3,1,(
    (#7681,#7682)
    ,(#7683,#7684)
    ,(#7685,#7686)
    ,(#7687,#7688
    )),.UNSPECIFIED.,.F.,.F.,.F.,(4,4),(2,2),(3.,4.),(0.,1.),
  .PIECEWISE_BEZIER_KNOTS.);
#7681 = CARTESIAN_POINT('',(0.9926773121,0.323740631147,1.0510001));
#7682 = CARTESIAN_POINT('',(0.9926773121,0.323740631147,1.0500001));
#7683 = CARTESIAN_POINT('',(0.993899027651,0.322648885335,1.0510001));
#7684 = CARTESIAN_POINT('',(0.993899027651,0.322648885335,1.0500001));
#7685 = CARTESIAN_POINT('',(0.995523649396,0.322103012429,1.0510001));
#7686 = CARTESIAN_POINT('',(0.995523649396,0.322103012429,1.0500001));
#7687 = CARTESIAN_POINT('',(0.997538180359,0.322103012429,1.0510001));
#7688 = CARTESIAN_POINT('',(0.997538180359,0.322103012429,1.0500001));
#7689 = ADVANCED_FACE('',(#7690),#7700,.T.);
#7690 = FACE_BOUND('',#7691,.T.);
#7691 = EDGE_LOOP('',(#7692,#7693,#7694,#7695));
#7692 = ORIENTED_EDGE('',*,*,#7315,.F.);
#7693 = ORIENTED_EDGE('',*,*,#7676,.F.);
#7694 = ORIENTED_EDGE('',*,*,#7128,.T.);
#7695 = ORIENTED_EDGE('',*,*,#7696,.T.);
#7696 = EDGE_CURVE('',#7120,#7316,#7697,.T.);
#7697 = B_SPLINE_CURVE_WITH_KNOTS('',1,(#7698,#7699),.UNSPECIFIED.,.F.,
  .F.,(2,2),(-0.,1.E-03),.PIECEWISE_BEZIER_KNOTS.);
#7698 = CARTESIAN_POINT('',(1.004452570502,0.325066322491,1.0510001));
#7699 = CARTESIAN_POINT('',(1.004452570502,0.325066322491,1.0500001));
#7700 = B_SPLINE_SURFACE_WITH_KNOTS('',3,1,(
    (#7701,#7702)
    ,(#7703,#7704)
    ,(#7705,#7706)
    ,(#7707,#7708
    )),.UNSPECIFIED.,.F.,.F.,.F.,(4,4),(2,2),(4.,5.),(0.,1.),
  .PIECEWISE_BEZIER_KNOTS.);
#7701 = CARTESIAN_POINT('',(0.997538180359,0.322103012429,1.0510001));
#7702 = CARTESIAN_POINT('',(0.997538180359,0.322103012429,1.0500001));
#7703 = CARTESIAN_POINT('',(1.000332529759,0.322103012429,1.0510001));
#7704 = CARTESIAN_POINT('',(1.000332529759,0.322103012429,1.0500001));
#7705 = CARTESIAN_POINT('',(1.002645991122,0.32309078245,1.0510001));
#7706 = CARTESIAN_POINT('',(1.002645991122,0.32309078245,1.0500001));
#7707 = CARTESIAN_POINT('',(1.004452570502,0.325066322491,1.0510001));
#7708 = CARTESIAN_POINT('',(1.004452570502,0.325066322491,1.0500001));
#7709 = ADVANCED_FACE('',(#7710),#7720,.T.);
#7710 = FACE_BOUND('',#7711,.T.);
#7711 = EDGE_LOOP('',(#7712,#7713,#7714,#7715));
#7712 = ORIENTED_EDGE('',*,*,#7324,.F.);
#7713 = ORIENTED_EDGE('',*,*,#7696,.F.);
#7714 = ORIENTED_EDGE('',*,*,#7119,.T.);
#7715 = ORIENTED_EDGE('',*,*,#7716,.T.);
#7716 = EDGE_CURVE('',#7113,#7325,#7717,.T.);
#7717 = B_SPLINE_CURVE_WITH_KNOTS('',1,(#7718,#7719),.UNSPECIFIED.,.F.,
  .F.,(2,2),(-0.,1.E-03),.PIECEWISE_BEZIER_KNOTS.);
#7718 = CARTESIAN_POINT('',(1.007181935032,0.332474597645,1.0510001));
#7719 = CARTESIAN_POINT('',(1.007181935032,0.332474597645,1.0500001));
#7720 = B_SPLINE_SURFACE_WITH_KNOTS('',3,1,(
    (#7721,#7722)
    ,(#7723,#7724)
    ,(#7725,#7726)
    ,(#7727,#7728
    )),.UNSPECIFIED.,.F.,.F.,.F.,(4,4),(2,2),(5.,6.),(0.,1.),
  .PIECEWISE_BEZIER_KNOTS.);
#7721 = CARTESIAN_POINT('',(1.004452570502,0.325066322491,1.0510001));
#7722 = CARTESIAN_POINT('',(1.004452570502,0.325066322491,1.0500001));
#7723 = CARTESIAN_POINT('',(1.006272146856,0.327015868584,1.0510001));
#7724 = CARTESIAN_POINT('',(1.006272146856,0.327015868584,1.0500001));
#7725 = CARTESIAN_POINT('',(1.007181935032,0.329485293635,1.0510001));
#7726 = CARTESIAN_POINT('',(1.007181935032,0.329485293635,1.0500001));
#7727 = CARTESIAN_POINT('',(1.007181935032,0.332474597645,1.0510001));
#7728 = CARTESIAN_POINT('',(1.007181935032,0.332474597645,1.0500001));
#7729 = ADVANCED_FACE('',(#7730),#7740,.T.);
#7730 = FACE_BOUND('',#7731,.T.);
#7731 = EDGE_LOOP('',(#7732,#7733,#7734,#7735));
#7732 = ORIENTED_EDGE('',*,*,#7333,.F.);
#7733 = ORIENTED_EDGE('',*,*,#7716,.F.);
#7734 = ORIENTED_EDGE('',*,*,#7112,.T.);
#7735 = ORIENTED_EDGE('',*,*,#7736,.T.);
#7736 = EDGE_CURVE('',#7106,#7334,#7737,.T.);
#7737 = B_SPLINE_CURVE_WITH_KNOTS('',1,(#7738,#7739),.UNSPECIFIED.,.F.,
  .F.,(2,2),(-0.,1.E-03),.PIECEWISE_BEZIER_KNOTS.);
#7738 = CARTESIAN_POINT('',(1.007181935032,0.335957786664,1.0510001));
#7739 = CARTESIAN_POINT('',(1.007181935032,0.335957786664,1.0500001));
#7740 = B_SPLINE_SURFACE_WITH_KNOTS('',1,1,(
    (#7741,#7742)
    ,(#7743,#7744
    )),.UNSPECIFIED.,.F.,.F.,.F.,(2,2),(2,2),(-1.E-03,0.),(0.,
    3.483189019849E-03),.PIECEWISE_BEZIER_KNOTS.);
#7741 = CARTESIAN_POINT('',(1.007181935032,0.332474597645,1.0500001));
#7742 = CARTESIAN_POINT('',(1.007181935032,0.335957786664,1.0500001));
#7743 = CARTESIAN_POINT('',(1.007181935032,0.332474597645,1.0510001));
#7744 = CARTESIAN_POINT('',(1.007181935032,0.335957786664,1.0510001));
#7745 = ADVANCED_FACE('',(#7746),#7752,.T.);
#7746 = FACE_BOUND('',#7747,.T.);
#7747 = EDGE_LOOP('',(#7748,#7749,#7750,#7751));
#7748 = ORIENTED_EDGE('',*,*,#7340,.F.);
#7749 = ORIENTED_EDGE('',*,*,#7736,.F.);
#7750 = ORIENTED_EDGE('',*,*,#7105,.T.);
#7751 = ORIENTED_EDGE('',*,*,#7610,.T.);
#7752 = B_SPLINE_SURFACE_WITH_KNOTS('',1,1,(
    (#7753,#7754)
    ,(#7755,#7756
    )),.UNSPECIFIED.,.F.,.F.,.F.,(2,2),(2,2),(-8.576624231932E-03,0.),(
    -1.E-03,0.),.PIECEWISE_BEZIER_KNOTS.);
#7753 = CARTESIAN_POINT('',(0.998681914066,0.334814052956,1.0500001));
#7754 = CARTESIAN_POINT('',(0.998681914066,0.334814052956,1.0510001));
#7755 = CARTESIAN_POINT('',(1.007181935032,0.335957786664,1.0500001));
#7756 = CARTESIAN_POINT('',(1.007181935032,0.335957786664,1.0510001));
#7757 = MANIFOLD_SOLID_BREP('',#7758);
#7758 = CLOSED_SHELL('',(#7759,#7803,#7831,#7867,#7903,#7939,#7975,#8011
    ,#8047,#8083,#8119,#8155,#8191,#8219,#8255,#8291,#8327,#8363,#8399,
    #8435,#8471,#8499,#8528));
#7759 = ADVANCED_FACE('',(#7760),#7794,.F.);
#7760 = FACE_BOUND('',#7761,.F.);
#7761 = EDGE_LOOP('',(#7762,#7771,#7780,#7787));
#7762 = ORIENTED_EDGE('',*,*,#7763,.F.);
#7763 = EDGE_CURVE('',#7764,#7766,#7768,.T.);
#7764 = VERTEX_POINT('',#7765);
#7765 = CARTESIAN_POINT('',(1.032656003982,0.322077018481,1.0510001));
#7766 = VERTEX_POINT('',#7767);
#7767 = CARTESIAN_POINT('',(1.032656003982,0.322077018481,1.0500001));
#7768 = B_SPLINE_CURVE_WITH_KNOTS('',1,(#7769,#7770),.UNSPECIFIED.,.F.,
  .F.,(2,2),(-0.,1.E-03),.PIECEWISE_BEZIER_KNOTS.);
#7769 = CARTESIAN_POINT('',(1.032656003982,0.322077018481,1.0510001));
#7770 = CARTESIAN_POINT('',(1.032656003982,0.322077018481,1.0500001));
#7771 = ORIENTED_EDGE('',*,*,#7772,.T.);
#7772 = EDGE_CURVE('',#7764,#7773,#7775,.T.);
#7773 = VERTEX_POINT('',#7774);
#7774 = CARTESIAN_POINT('',(1.022180442975,0.325586201449,1.0510001));
#7775 = B_SPLINE_CURVE_WITH_KNOTS('',3,(#7776,#7777,#7778,#7779),
  .UNSPECIFIED.,.F.,.F.,(4,4),(0.,1.),.PIECEWISE_BEZIER_KNOTS.);
#7776 = CARTESIAN_POINT('',(1.032656003982,0.322077018481,1.0510001));
#7777 = CARTESIAN_POINT('',(1.028912875483,0.322077018481,1.0510001));
#7778 = CARTESIAN_POINT('',(1.025429686464,0.323246746137,1.0510001));
#7779 = CARTESIAN_POINT('',(1.022180442975,0.325586201449,1.0510001));
#7780 = ORIENTED_EDGE('',*,*,#7781,.T.);
#7781 = EDGE_CURVE('',#7773,#7782,#7784,.T.);
#7782 = VERTEX_POINT('',#7783);
#7783 = CARTESIAN_POINT('',(1.022180442975,0.325586201449,1.0500001));
#7784 = B_SPLINE_CURVE_WITH_KNOTS('',1,(#7785,#7786),.UNSPECIFIED.,.F.,
  .F.,(2,2),(-0.,1.E-03),.PIECEWISE_BEZIER_KNOTS.);
#7785 = CARTESIAN_POINT('',(1.022180442975,0.325586201449,1.0510001));
#7786 = CARTESIAN_POINT('',(1.022180442975,0.325586201449,1.0500001));
#7787 = ORIENTED_EDGE('',*,*,#7788,.F.);
#7788 = EDGE_CURVE('',#7766,#7782,#7789,.T.);
#7789 = B_SPLINE_CURVE_WITH_KNOTS('',3,(#7790,#7791,#7792,#7793),
  .UNSPECIFIED.,.F.,.F.,(4,4),(0.,1.),.PIECEWISE_BEZIER_KNOTS.);
#7790 = CARTESIAN_POINT('',(1.032656003982,0.322077018481,1.0500001));
#7791 = CARTESIAN_POINT('',(1.028912875483,0.322077018481,1.0500001));
#7792 = CARTESIAN_POINT('',(1.025429686464,0.323246746137,1.0500001));
#7793 = CARTESIAN_POINT('',(1.022180442975,0.325586201449,1.0500001));
#7794 = B_SPLINE_SURFACE_WITH_KNOTS('',3,1,(
    (#7795,#7796)
    ,(#7797,#7798)
    ,(#7799,#7800)
    ,(#7801,#7802
    )),.UNSPECIFIED.,.F.,.F.,.F.,(4,4),(2,2),(0.,1.),(0.,1.),
  .PIECEWISE_BEZIER_KNOTS.);
#7795 = CARTESIAN_POINT('',(1.032656003982,0.322077018481,1.0510001));
#7796 = CARTESIAN_POINT('',(1.032656003982,0.322077018481,1.0500001));
#7797 = CARTESIAN_POINT('',(1.028912875483,0.322077018481,1.0510001));
#7798 = CARTESIAN_POINT('',(1.028912875483,0.322077018481,1.0500001));
#7799 = CARTESIAN_POINT('',(1.025429686464,0.323246746137,1.0510001));
#7800 = CARTESIAN_POINT('',(1.025429686464,0.323246746137,1.0500001));
#7801 = CARTESIAN_POINT('',(1.022180442975,0.325586201449,1.0510001));
#7802 = CARTESIAN_POINT('',(1.022180442975,0.325586201449,1.0500001));
#7803 = ADVANCED_FACE('',(#7804),#7826,.F.);
#7804 = FACE_BOUND('',#7805,.T.);
#7805 = EDGE_LOOP('',(#7806,#7813,#7820,#7825));
#7806 = ORIENTED_EDGE('',*,*,#7807,.T.);
#7807 = EDGE_CURVE('',#7782,#7808,#7810,.T.);
#7808 = VERTEX_POINT('',#7809);
#7809 = CARTESIAN_POINT('',(1.022180442975,0.319009732628,1.0500001));
#7810 = B_SPLINE_CURVE_WITH_KNOTS('',1,(#7811,#7812),.UNSPECIFIED.,.F.,
  .F.,(2,2),(-6.576468820487E-03,-0.),.PIECEWISE_BEZIER_KNOTS.);
#7811 = CARTESIAN_POINT('',(1.022180442975,0.325586201449,1.0500001));
#7812 = CARTESIAN_POINT('',(1.022180442975,0.319009732628,1.0500001));
#7813 = ORIENTED_EDGE('',*,*,#7814,.F.);
#7814 = EDGE_CURVE('',#7815,#7808,#7817,.T.);
#7815 = VERTEX_POINT('',#7816);
#7816 = CARTESIAN_POINT('',(1.022180442975,0.319009732628,1.0510001));
#7817 = B_SPLINE_CURVE_WITH_KNOTS('',1,(#7818,#7819),.UNSPECIFIED.,.F.,
  .F.,(2,2),(-0.,1.E-03),.PIECEWISE_BEZIER_KNOTS.);
#7818 = CARTESIAN_POINT('',(1.022180442975,0.319009732628,1.0510001));
#7819 = CARTESIAN_POINT('',(1.022180442975,0.319009732628,1.0500001));
#7820 = ORIENTED_EDGE('',*,*,#7821,.F.);
#7821 = EDGE_CURVE('',#7773,#7815,#7822,.T.);
#7822 = B_SPLINE_CURVE_WITH_KNOTS('',1,(#7823,#7824),.UNSPECIFIED.,.F.,
  .F.,(2,2),(-6.576468820487E-03,-0.),.PIECEWISE_BEZIER_KNOTS.);
#7823 = CARTESIAN_POINT('',(1.022180442975,0.325586201449,1.0510001));
#7824 = CARTESIAN_POINT('',(1.022180442975,0.319009732628,1.0510001));
#7825 = ORIENTED_EDGE('',*,*,#7781,.T.);
#7826 = B_SPLINE_SURFACE_WITH_KNOTS('',1,1,(
    (#7827,#7828)
    ,(#7829,#7830
    )),.UNSPECIFIED.,.F.,.F.,.F.,(2,2),(2,2),(0.,1.E-03),(0.,
    6.576468820487E-03),.PIECEWISE_BEZIER_KNOTS.);
#7827 = CARTESIAN_POINT('',(1.022180442975,0.319009732628,1.0510001));
#7828 = CARTESIAN_POINT('',(1.022180442975,0.325586201449,1.0510001));
#7829 = CARTESIAN_POINT('',(1.022180442975,0.319009732628,1.0500001));
#7830 = CARTESIAN_POINT('',(1.022180442975,0.325586201449,1.0500001));
#7831 = ADVANCED_FACE('',(#7832),#7858,.F.);
#7832 = FACE_BOUND('',#7833,.F.);
#7833 = EDGE_LOOP('',(#7834,#7835,#7844,#7851));
#7834 = ORIENTED_EDGE('',*,*,#7814,.F.);
#7835 = ORIENTED_EDGE('',*,*,#7836,.T.);
#7836 = EDGE_CURVE('',#7815,#7837,#7839,.T.);
#7837 = VERTEX_POINT('',#7838);
#7838 = CARTESIAN_POINT('',(1.032032149232,0.3168782289,1.0510001));
#7839 = B_SPLINE_CURVE_WITH_KNOTS('',3,(#7840,#7841,#7842,#7843),
  .UNSPECIFIED.,.F.,.F.,(4,4),(19.,20.),.PIECEWISE_BEZIER_KNOTS.);
#7840 = CARTESIAN_POINT('',(1.022180442975,0.319009732628,1.0510001));
#7841 = CARTESIAN_POINT('',(1.024987789349,0.317606059441,1.0510001));
#7842 = CARTESIAN_POINT('',(1.028263026786,0.3168782289,1.0510001));
#7843 = CARTESIAN_POINT('',(1.032032149232,0.3168782289,1.0510001));
#7844 = ORIENTED_EDGE('',*,*,#7845,.T.);
#7845 = EDGE_CURVE('',#7837,#7846,#7848,.T.);
#7846 = VERTEX_POINT('',#7847);
#7847 = CARTESIAN_POINT('',(1.032032149232,0.3168782289,1.0500001));
#7848 = B_SPLINE_CURVE_WITH_KNOTS('',1,(#7849,#7850),.UNSPECIFIED.,.F.,
  .F.,(2,2),(-0.,1.E-03),.PIECEWISE_BEZIER_KNOTS.);
#7849 = CARTESIAN_POINT('',(1.032032149232,0.3168782289,1.0510001));
#7850 = CARTESIAN_POINT('',(1.032032149232,0.3168782289,1.0500001));
#7851 = ORIENTED_EDGE('',*,*,#7852,.F.);
#7852 = EDGE_CURVE('',#7808,#7846,#7853,.T.);
#7853 = B_SPLINE_CURVE_WITH_KNOTS('',3,(#7854,#7855,#7856,#7857),
  .UNSPECIFIED.,.F.,.F.,(4,4),(19.,20.),.PIECEWISE_BEZIER_KNOTS.);
#7854 = CARTESIAN_POINT('',(1.022180442975,0.319009732628,1.0500001));
#7855 = CARTESIAN_POINT('',(1.024987789349,0.317606059441,1.0500001));
#7856 = CARTESIAN_POINT('',(1.028263026786,0.3168782289,1.0500001));
#7857 = CARTESIAN_POINT('',(1.032032149232,0.3168782289,1.0500001));
#7858 = B_SPLINE_SURFACE_WITH_KNOTS('',3,1,(
    (#7859,#7860)
    ,(#7861,#7862)
    ,(#7863,#7864)
    ,(#7865,#7866
    )),.UNSPECIFIED.,.F.,.F.,.F.,(4,4),(2,2),(19.,20.),(0.,1.),
  .PIECEWISE_BEZIER_KNOTS.);
#7859 = CARTESIAN_POINT('',(1.022180442975,0.319009732628,1.0510001));
#7860 = CARTESIAN_POINT('',(1.022180442975,0.319009732628,1.0500001));
#7861 = CARTESIAN_POINT('',(1.024987789349,0.317606059441,1.0510001));
#7862 = CARTESIAN_POINT('',(1.024987789349,0.317606059441,1.0500001));
#7863 = CARTESIAN_POINT('',(1.028263026786,0.3168782289,1.0510001));
#7864 = CARTESIAN_POINT('',(1.028263026786,0.3168782289,1.0500001));
#7865 = CARTESIAN_POINT('',(1.032032149232,0.3168782289,1.0510001));
#7866 = CARTESIAN_POINT('',(1.032032149232,0.3168782289,1.0500001));
#7867 = ADVANCED_FACE('',(#7868),#7894,.F.);
#7868 = FACE_BOUND('',#7869,.F.);
#7869 = EDGE_LOOP('',(#7870,#7871,#7880,#7887));
#7870 = ORIENTED_EDGE('',*,*,#7845,.F.);
#7871 = ORIENTED_EDGE('',*,*,#7872,.T.);
#7872 = EDGE_CURVE('',#7837,#7873,#7875,.T.);
#7873 = VERTEX_POINT('',#7874);
#7874 = CARTESIAN_POINT('',(1.042611686031,0.319763557117,1.0510001));
#7875 = B_SPLINE_CURVE_WITH_KNOTS('',3,(#7876,#7877,#7878,#7879),
  .UNSPECIFIED.,.F.,.F.,(4,4),(18.,19.),.PIECEWISE_BEZIER_KNOTS.);
#7876 = CARTESIAN_POINT('',(1.032032149232,0.3168782289,1.0510001));
#7877 = CARTESIAN_POINT('',(1.036360141559,0.3168782289,1.0510001));
#7878 = CARTESIAN_POINT('',(1.039895318474,0.317840004972,1.0510001));
#7879 = CARTESIAN_POINT('',(1.042611686031,0.319763557117,1.0510001));
#7880 = ORIENTED_EDGE('',*,*,#7881,.T.);
#7881 = EDGE_CURVE('',#7873,#7882,#7884,.T.);
#7882 = VERTEX_POINT('',#7883);
#7883 = CARTESIAN_POINT('',(1.042611686031,0.319763557117,1.0500001));
#7884 = B_SPLINE_CURVE_WITH_KNOTS('',1,(#7885,#7886),.UNSPECIFIED.,.F.,
  .F.,(2,2),(-0.,1.E-03),.PIECEWISE_BEZIER_KNOTS.);
#7885 = CARTESIAN_POINT('',(1.042611686031,0.319763557117,1.0510001));
#7886 = CARTESIAN_POINT('',(1.042611686031,0.319763557117,1.0500001));
#7887 = ORIENTED_EDGE('',*,*,#7888,.F.);
#7888 = EDGE_CURVE('',#7846,#7882,#7889,.T.);
#7889 = B_SPLINE_CURVE_WITH_KNOTS('',3,(#7890,#7891,#7892,#7893),
  .UNSPECIFIED.,.F.,.F.,(4,4),(18.,19.),.PIECEWISE_BEZIER_KNOTS.);
#7890 = CARTESIAN_POINT('',(1.032032149232,0.3168782289,1.0500001));
#7891 = CARTESIAN_POINT('',(1.036360141559,0.3168782289,1.0500001));
#7892 = CARTESIAN_POINT('',(1.039895318474,0.317840004972,1.0500001));
#7893 = CARTESIAN_POINT('',(1.042611686031,0.319763557117,1.0500001));
#7894 = B_SPLINE_SURFACE_WITH_KNOTS('',3,1,(
    (#7895,#7896)
    ,(#7897,#7898)
    ,(#7899,#7900)
    ,(#7901,#7902
    )),.UNSPECIFIED.,.F.,.F.,.F.,(4,4),(2,2),(18.,19.),(0.,1.),
  .PIECEWISE_BEZIER_KNOTS.);
#7895 = CARTESIAN_POINT('',(1.032032149232,0.3168782289,1.0510001));
#7896 = CARTESIAN_POINT('',(1.032032149232,0.3168782289,1.0500001));
#7897 = CARTESIAN_POINT('',(1.036360141559,0.3168782289,1.0510001));
#7898 = CARTESIAN_POINT('',(1.036360141559,0.3168782289,1.0500001));
#7899 = CARTESIAN_POINT('',(1.039895318474,0.317840004972,1.0510001));
#7900 = CARTESIAN_POINT('',(1.039895318474,0.317840004972,1.0500001));
#7901 = CARTESIAN_POINT('',(1.042611686031,0.319763557117,1.0510001));
#7902 = CARTESIAN_POINT('',(1.042611686031,0.319763557117,1.0500001));
#7903 = ADVANCED_FACE('',(#7904),#7930,.F.);
#7904 = FACE_BOUND('',#7905,.F.);
#7905 = EDGE_LOOP('',(#7906,#7907,#7916,#7923));
#7906 = ORIENTED_EDGE('',*,*,#7881,.F.);
#7907 = ORIENTED_EDGE('',*,*,#7908,.T.);
#7908 = EDGE_CURVE('',#7873,#7909,#7911,.T.);
#7909 = VERTEX_POINT('',#7910);
#7910 = CARTESIAN_POINT('',(1.046705732826,0.327613729386,1.0510001));
#7911 = B_SPLINE_CURVE_WITH_KNOTS('',3,(#7912,#7913,#7914,#7915),
  .UNSPECIFIED.,.F.,.F.,(4,4),(17.,18.),.PIECEWISE_BEZIER_KNOTS.);
#7912 = CARTESIAN_POINT('',(1.042611686031,0.319763557117,1.0510001));
#7913 = CARTESIAN_POINT('',(1.045341050561,0.321661115315,1.0510001));
#7914 = CARTESIAN_POINT('',(1.046705732826,0.324286504054,1.0510001));
#7915 = CARTESIAN_POINT('',(1.046705732826,0.327613729386,1.0510001));
#7916 = ORIENTED_EDGE('',*,*,#7917,.T.);
#7917 = EDGE_CURVE('',#7909,#7918,#7920,.T.);
#7918 = VERTEX_POINT('',#7919);
#7919 = CARTESIAN_POINT('',(1.046705732826,0.327613729386,1.0500001));
#7920 = B_SPLINE_CURVE_WITH_KNOTS('',1,(#7921,#7922),.UNSPECIFIED.,.F.,
  .F.,(2,2),(-0.,1.E-03),.PIECEWISE_BEZIER_KNOTS.);
#7921 = CARTESIAN_POINT('',(1.046705732826,0.327613729386,1.0510001));
#7922 = CARTESIAN_POINT('',(1.046705732826,0.327613729386,1.0500001));
#7923 = ORIENTED_EDGE('',*,*,#7924,.F.);
#7924 = EDGE_CURVE('',#7882,#7918,#7925,.T.);
#7925 = B_SPLINE_CURVE_WITH_KNOTS('',3,(#7926,#7927,#7928,#7929),
  .UNSPECIFIED.,.F.,.F.,(4,4),(17.,18.),.PIECEWISE_BEZIER_KNOTS.);
#7926 = CARTESIAN_POINT('',(1.042611686031,0.319763557117,1.0500001));
#7927 = CARTESIAN_POINT('',(1.045341050561,0.321661115315,1.0500001));
#7928 = CARTESIAN_POINT('',(1.046705732826,0.324286504054,1.0500001));
#7929 = CARTESIAN_POINT('',(1.046705732826,0.327613729386,1.0500001));
#7930 = B_SPLINE_SURFACE_WITH_KNOTS('',3,1,(
    (#7931,#7932)
    ,(#7933,#7934)
    ,(#7935,#7936)
    ,(#7937,#7938
    )),.UNSPECIFIED.,.F.,.F.,.F.,(4,4),(2,2),(17.,18.),(0.,1.),
  .PIECEWISE_BEZIER_KNOTS.);
#7931 = CARTESIAN_POINT('',(1.042611686031,0.319763557117,1.0510001));
#7932 = CARTESIAN_POINT('',(1.042611686031,0.319763557117,1.0500001));
#7933 = CARTESIAN_POINT('',(1.045341050561,0.321661115315,1.0510001));
#7934 = CARTESIAN_POINT('',(1.045341050561,0.321661115315,1.0500001));
#7935 = CARTESIAN_POINT('',(1.046705732826,0.324286504054,1.0510001));
#7936 = CARTESIAN_POINT('',(1.046705732826,0.324286504054,1.0500001));
#7937 = CARTESIAN_POINT('',(1.046705732826,0.327613729386,1.0510001));
#7938 = CARTESIAN_POINT('',(1.046705732826,0.327613729386,1.0500001));
#7939 = ADVANCED_FACE('',(#7940),#7966,.F.);
#7940 = FACE_BOUND('',#7941,.F.);
#7941 = EDGE_LOOP('',(#7942,#7943,#7952,#7959));
#7942 = ORIENTED_EDGE('',*,*,#7917,.F.);
#7943 = ORIENTED_EDGE('',*,*,#7944,.T.);
#7944 = EDGE_CURVE('',#7909,#7945,#7947,.T.);
#7945 = VERTEX_POINT('',#7946);
#7946 = CARTESIAN_POINT('',(1.044574229098,0.333618331353,1.0510001));
#7947 = B_SPLINE_CURVE_WITH_KNOTS('',3,(#7948,#7949,#7950,#7951),
  .UNSPECIFIED.,.F.,.F.,(4,4),(16.,17.),.PIECEWISE_BEZIER_KNOTS.);
#7948 = CARTESIAN_POINT('',(1.046705732826,0.327613729386,1.0510001));
#7949 = CARTESIAN_POINT('',(1.046705732826,0.330005172593,1.0510001));
#7950 = CARTESIAN_POINT('',(1.045990899259,0.332006706582,1.0510001));
#7951 = CARTESIAN_POINT('',(1.044574229098,0.333618331353,1.0510001));
#7952 = ORIENTED_EDGE('',*,*,#7953,.T.);
#7953 = EDGE_CURVE('',#7945,#7954,#7956,.T.);
#7954 = VERTEX_POINT('',#7955);
#7955 = CARTESIAN_POINT('',(1.044574229098,0.333618331353,1.0500001));
#7956 = B_SPLINE_CURVE_WITH_KNOTS('',1,(#7957,#7958),.UNSPECIFIED.,.F.,
  .F.,(2,2),(-0.,1.E-03),.PIECEWISE_BEZIER_KNOTS.);
#7957 = CARTESIAN_POINT('',(1.044574229098,0.333618331353,1.0510001));
#7958 = CARTESIAN_POINT('',(1.044574229098,0.333618331353,1.0500001));
#7959 = ORIENTED_EDGE('',*,*,#7960,.F.);
#7960 = EDGE_CURVE('',#7918,#7954,#7961,.T.);
#7961 = B_SPLINE_CURVE_WITH_KNOTS('',3,(#7962,#7963,#7964,#7965),
  .UNSPECIFIED.,.F.,.F.,(4,4),(16.,17.),.PIECEWISE_BEZIER_KNOTS.);
#7962 = CARTESIAN_POINT('',(1.046705732826,0.327613729386,1.0500001));
#7963 = CARTESIAN_POINT('',(1.046705732826,0.330005172593,1.0500001));
#7964 = CARTESIAN_POINT('',(1.045990899259,0.332006706582,1.0500001));
#7965 = CARTESIAN_POINT('',(1.044574229098,0.333618331353,1.0500001));
#7966 = B_SPLINE_SURFACE_WITH_KNOTS('',3,1,(
    (#7967,#7968)
    ,(#7969,#7970)
    ,(#7971,#7972)
    ,(#7973,#7974
    )),.UNSPECIFIED.,.F.,.F.,.F.,(4,4),(2,2),(16.,17.),(0.,1.),
  .PIECEWISE_BEZIER_KNOTS.);
#7967 = CARTESIAN_POINT('',(1.046705732826,0.327613729386,1.0510001));
#7968 = CARTESIAN_POINT('',(1.046705732826,0.327613729386,1.0500001));
#7969 = CARTESIAN_POINT('',(1.046705732826,0.330005172593,1.0510001));
#7970 = CARTESIAN_POINT('',(1.046705732826,0.330005172593,1.0500001));
#7971 = CARTESIAN_POINT('',(1.045990899259,0.332006706582,1.0510001));
#7972 = CARTESIAN_POINT('',(1.045990899259,0.332006706582,1.0500001));
#7973 = CARTESIAN_POINT('',(1.044574229098,0.333618331353,1.0510001));
#7974 = CARTESIAN_POINT('',(1.044574229098,0.333618331353,1.0500001));
#7975 = ADVANCED_FACE('',(#7976),#8002,.F.);
#7976 = FACE_BOUND('',#7977,.F.);
#7977 = EDGE_LOOP('',(#7978,#7979,#7988,#7995));
#7978 = ORIENTED_EDGE('',*,*,#7953,.F.);
#7979 = ORIENTED_EDGE('',*,*,#7980,.T.);
#7980 = EDGE_CURVE('',#7945,#7981,#7983,.T.);
#7981 = VERTEX_POINT('',#7982);
#7982 = CARTESIAN_POINT('',(1.036360141559,0.338323235924,1.0510001));
#7983 = B_SPLINE_CURVE_WITH_KNOTS('',3,(#7984,#7985,#7986,#7987),
  .UNSPECIFIED.,.F.,.F.,(4,4),(15.,16.),.PIECEWISE_BEZIER_KNOTS.);
#7984 = CARTESIAN_POINT('',(1.044574229098,0.333618331353,1.0510001));
#7985 = CARTESIAN_POINT('',(1.043144561963,0.335229956123,1.0510001));
#7986 = CARTESIAN_POINT('',(1.040415197433,0.336815586945,1.0510001));
#7987 = CARTESIAN_POINT('',(1.036360141559,0.338323235924,1.0510001));
#7988 = ORIENTED_EDGE('',*,*,#7989,.T.);
#7989 = EDGE_CURVE('',#7981,#7990,#7992,.T.);
#7990 = VERTEX_POINT('',#7991);
#7991 = CARTESIAN_POINT('',(1.036360141559,0.338323235924,1.0500001));
#7992 = B_SPLINE_CURVE_WITH_KNOTS('',1,(#7993,#7994),.UNSPECIFIED.,.F.,
  .F.,(2,2),(-0.,1.E-03),.PIECEWISE_BEZIER_KNOTS.);
#7993 = CARTESIAN_POINT('',(1.036360141559,0.338323235924,1.0510001));
#7994 = CARTESIAN_POINT('',(1.036360141559,0.338323235924,1.0500001));
#7995 = ORIENTED_EDGE('',*,*,#7996,.F.);
#7996 = EDGE_CURVE('',#7954,#7990,#7997,.T.);
#7997 = B_SPLINE_CURVE_WITH_KNOTS('',3,(#7998,#7999,#8000,#8001),
  .UNSPECIFIED.,.F.,.F.,(4,4),(15.,16.),.PIECEWISE_BEZIER_KNOTS.);
#7998 = CARTESIAN_POINT('',(1.044574229098,0.333618331353,1.0500001));
#7999 = CARTESIAN_POINT('',(1.043144561963,0.335229956123,1.0500001));
#8000 = CARTESIAN_POINT('',(1.040415197433,0.336815586945,1.0500001));
#8001 = CARTESIAN_POINT('',(1.036360141559,0.338323235924,1.0500001));
#8002 = B_SPLINE_SURFACE_WITH_KNOTS('',3,1,(
    (#8003,#8004)
    ,(#8005,#8006)
    ,(#8007,#8008)
    ,(#8009,#8010
    )),.UNSPECIFIED.,.F.,.F.,.F.,(4,4),(2,2),(15.,16.),(0.,1.),
  .PIECEWISE_BEZIER_KNOTS.);
#8003 = CARTESIAN_POINT('',(1.044574229098,0.333618331353,1.0510001));
#8004 = CARTESIAN_POINT('',(1.044574229098,0.333618331353,1.0500001));
#8005 = CARTESIAN_POINT('',(1.043144561963,0.335229956123,1.0510001));
#8006 = CARTESIAN_POINT('',(1.043144561963,0.335229956123,1.0500001));
#8007 = CARTESIAN_POINT('',(1.040415197433,0.336815586945,1.0510001));
#8008 = CARTESIAN_POINT('',(1.040415197433,0.336815586945,1.0500001));
#8009 = CARTESIAN_POINT('',(1.036360141559,0.338323235924,1.0510001));
#8010 = CARTESIAN_POINT('',(1.036360141559,0.338323235924,1.0500001));
#8011 = ADVANCED_FACE('',(#8012),#8038,.F.);
#8012 = FACE_BOUND('',#8013,.F.);
#8013 = EDGE_LOOP('',(#8014,#8015,#8024,#8031));
#8014 = ORIENTED_EDGE('',*,*,#7989,.F.);
#8015 = ORIENTED_EDGE('',*,*,#8016,.T.);
#8016 = EDGE_CURVE('',#7981,#8017,#8019,.T.);
#8017 = VERTEX_POINT('',#8018);
#8018 = CARTESIAN_POINT('',(1.030173581957,0.341442509673,1.0510001));
#8019 = B_SPLINE_CURVE_WITH_KNOTS('',3,(#8020,#8021,#8022,#8023),
  .UNSPECIFIED.,.F.,.F.,(4,4),(14.,15.),.PIECEWISE_BEZIER_KNOTS.);
#8020 = CARTESIAN_POINT('',(1.036360141559,0.338323235924,1.0510001));
#8021 = CARTESIAN_POINT('',(1.033162885966,0.339570945423,1.0510001));
#8022 = CARTESIAN_POINT('',(1.031109364082,0.34061070334,1.0510001));
#8023 = CARTESIAN_POINT('',(1.030173581957,0.341442509673,1.0510001));
#8024 = ORIENTED_EDGE('',*,*,#8025,.T.);
#8025 = EDGE_CURVE('',#8017,#8026,#8028,.T.);
#8026 = VERTEX_POINT('',#8027);
#8027 = CARTESIAN_POINT('',(1.030173581957,0.341442509673,1.0500001));
#8028 = B_SPLINE_CURVE_WITH_KNOTS('',1,(#8029,#8030),.UNSPECIFIED.,.F.,
  .F.,(2,2),(-0.,1.E-03),.PIECEWISE_BEZIER_KNOTS.);
#8029 = CARTESIAN_POINT('',(1.030173581957,0.341442509673,1.0510001));
#8030 = CARTESIAN_POINT('',(1.030173581957,0.341442509673,1.0500001));
#8031 = ORIENTED_EDGE('',*,*,#8032,.F.);
#8032 = EDGE_CURVE('',#7990,#8026,#8033,.T.);
#8033 = B_SPLINE_CURVE_WITH_KNOTS('',3,(#8034,#8035,#8036,#8037),
  .UNSPECIFIED.,.F.,.F.,(4,4),(14.,15.),.PIECEWISE_BEZIER_KNOTS.);
#8034 = CARTESIAN_POINT('',(1.036360141559,0.338323235924,1.0500001));
#8035 = CARTESIAN_POINT('',(1.033162885966,0.339570945423,1.0500001));
#8036 = CARTESIAN_POINT('',(1.031109364082,0.34061070334,1.0500001));
#8037 = CARTESIAN_POINT('',(1.030173581957,0.341442509673,1.0500001));
#8038 = B_SPLINE_SURFACE_WITH_KNOTS('',3,1,(
    (#8039,#8040)
    ,(#8041,#8042)
    ,(#8043,#8044)
    ,(#8045,#8046
    )),.UNSPECIFIED.,.F.,.F.,.F.,(4,4),(2,2),(14.,15.),(0.,1.),
  .PIECEWISE_BEZIER_KNOTS.);
#8039 = CARTESIAN_POINT('',(1.036360141559,0.338323235924,1.0510001));
#8040 = CARTESIAN_POINT('',(1.036360141559,0.338323235924,1.0500001));
#8041 = CARTESIAN_POINT('',(1.033162885966,0.339570945423,1.0510001));
#8042 = CARTESIAN_POINT('',(1.033162885966,0.339570945423,1.0500001));
#8043 = CARTESIAN_POINT('',(1.031109364082,0.34061070334,1.0510001));
#8044 = CARTESIAN_POINT('',(1.031109364082,0.34061070334,1.0500001));
#8045 = CARTESIAN_POINT('',(1.030173581957,0.341442509673,1.0510001));
#8046 = CARTESIAN_POINT('',(1.030173581957,0.341442509673,1.0500001));
#8047 = ADVANCED_FACE('',(#8048),#8074,.F.);
#8048 = FACE_BOUND('',#8049,.F.);
#8049 = EDGE_LOOP('',(#8050,#8051,#8060,#8067));
#8050 = ORIENTED_EDGE('',*,*,#8025,.F.);
#8051 = ORIENTED_EDGE('',*,*,#8052,.T.);
#8052 = EDGE_CURVE('',#8017,#8053,#8055,.T.);
#8053 = VERTEX_POINT('',#8054);
#8054 = CARTESIAN_POINT('',(1.028782905744,0.344821722901,1.0510001));
#8055 = B_SPLINE_CURVE_WITH_KNOTS('',3,(#8056,#8057,#8058,#8059),
  .UNSPECIFIED.,.F.,.F.,(4,4),(13.,14.),.PIECEWISE_BEZIER_KNOTS.);
#8056 = CARTESIAN_POINT('',(1.030173581957,0.341442509673,1.0510001));
#8057 = CARTESIAN_POINT('',(1.029250796806,0.342248322058,1.0510001));
#8058 = CARTESIAN_POINT('',(1.028782905744,0.343366061818,1.0510001));
#8059 = CARTESIAN_POINT('',(1.028782905744,0.344821722901,1.0510001));
#8060 = ORIENTED_EDGE('',*,*,#8061,.T.);
#8061 = EDGE_CURVE('',#8053,#8062,#8064,.T.);
#8062 = VERTEX_POINT('',#8063);
#8063 = CARTESIAN_POINT('',(1.028782905744,0.344821722901,1.0500001));
#8064 = B_SPLINE_CURVE_WITH_KNOTS('',1,(#8065,#8066),.UNSPECIFIED.,.F.,
  .F.,(2,2),(-0.,1.E-03),.PIECEWISE_BEZIER_KNOTS.);
#8065 = CARTESIAN_POINT('',(1.028782905744,0.344821722901,1.0510001));
#8066 = CARTESIAN_POINT('',(1.028782905744,0.344821722901,1.0500001));
#8067 = ORIENTED_EDGE('',*,*,#8068,.F.);
#8068 = EDGE_CURVE('',#8026,#8062,#8069,.T.);
#8069 = B_SPLINE_CURVE_WITH_KNOTS('',3,(#8070,#8071,#8072,#8073),
  .UNSPECIFIED.,.F.,.F.,(4,4),(13.,14.),.PIECEWISE_BEZIER_KNOTS.);
#8070 = CARTESIAN_POINT('',(1.030173581957,0.341442509673,1.0500001));
#8071 = CARTESIAN_POINT('',(1.029250796806,0.342248322058,1.0500001));
#8072 = CARTESIAN_POINT('',(1.028782905744,0.343366061818,1.0500001));
#8073 = CARTESIAN_POINT('',(1.028782905744,0.344821722901,1.0500001));
#8074 = B_SPLINE_SURFACE_WITH_KNOTS('',3,1,(
    (#8075,#8076)
    ,(#8077,#8078)
    ,(#8079,#8080)
    ,(#8081,#8082
    )),.UNSPECIFIED.,.F.,.F.,.F.,(4,4),(2,2),(13.,14.),(0.,1.),
  .PIECEWISE_BEZIER_KNOTS.);
#8075 = CARTESIAN_POINT('',(1.030173581957,0.341442509673,1.0510001));
#8076 = CARTESIAN_POINT('',(1.030173581957,0.341442509673,1.0500001));
#8077 = CARTESIAN_POINT('',(1.029250796806,0.342248322058,1.0510001));
#8078 = CARTESIAN_POINT('',(1.029250796806,0.342248322058,1.0500001));
#8079 = CARTESIAN_POINT('',(1.028782905744,0.343366061818,1.0510001));
#8080 = CARTESIAN_POINT('',(1.028782905744,0.343366061818,1.0500001));
#8081 = CARTESIAN_POINT('',(1.028782905744,0.344821722901,1.0510001));
#8082 = CARTESIAN_POINT('',(1.028782905744,0.344821722901,1.0500001));
#8083 = ADVANCED_FACE('',(#8084),#8110,.F.);
#8084 = FACE_BOUND('',#8085,.F.);
#8085 = EDGE_LOOP('',(#8086,#8087,#8096,#8103));
#8086 = ORIENTED_EDGE('',*,*,#8061,.F.);
#8087 = ORIENTED_EDGE('',*,*,#8088,.T.);
#8088 = EDGE_CURVE('',#8053,#8089,#8091,.T.);
#8089 = VERTEX_POINT('',#8090);
#8090 = CARTESIAN_POINT('',(1.030719454863,0.348356899816,1.0510001));
#8091 = B_SPLINE_CURVE_WITH_KNOTS('',3,(#8092,#8093,#8094,#8095),
  .UNSPECIFIED.,.F.,.F.,(4,4),(12.,13.),.PIECEWISE_BEZIER_KNOTS.);
#8092 = CARTESIAN_POINT('',(1.028782905744,0.344821722901,1.0510001));
#8093 = CARTESIAN_POINT('',(1.028782905744,0.346277383984,1.0510001));
#8094 = CARTESIAN_POINT('',(1.029432754442,0.347473105587,1.0510001));
#8095 = CARTESIAN_POINT('',(1.030719454863,0.348356899816,1.0510001));
#8096 = ORIENTED_EDGE('',*,*,#8097,.T.);
#8097 = EDGE_CURVE('',#8089,#8098,#8100,.T.);
#8098 = VERTEX_POINT('',#8099);
#8099 = CARTESIAN_POINT('',(1.030719454863,0.348356899816,1.0500001));
#8100 = B_SPLINE_CURVE_WITH_KNOTS('',1,(#8101,#8102),.UNSPECIFIED.,.F.,
  .F.,(2,2),(-0.,1.E-03),.PIECEWISE_BEZIER_KNOTS.);
#8101 = CARTESIAN_POINT('',(1.030719454863,0.348356899816,1.0510001));
#8102 = CARTESIAN_POINT('',(1.030719454863,0.348356899816,1.0500001));
#8103 = ORIENTED_EDGE('',*,*,#8104,.F.);
#8104 = EDGE_CURVE('',#8062,#8098,#8105,.T.);
#8105 = B_SPLINE_CURVE_WITH_KNOTS('',3,(#8106,#8107,#8108,#8109),
  .UNSPECIFIED.,.F.,.F.,(4,4),(12.,13.),.PIECEWISE_BEZIER_KNOTS.);
#8106 = CARTESIAN_POINT('',(1.028782905744,0.344821722901,1.0500001));
#8107 = CARTESIAN_POINT('',(1.028782905744,0.346277383984,1.0500001));
#8108 = CARTESIAN_POINT('',(1.029432754442,0.347473105587,1.0500001));
#8109 = CARTESIAN_POINT('',(1.030719454863,0.348356899816,1.0500001));
#8110 = B_SPLINE_SURFACE_WITH_KNOTS('',3,1,(
    (#8111,#8112)
    ,(#8113,#8114)
    ,(#8115,#8116)
    ,(#8117,#8118
    )),.UNSPECIFIED.,.F.,.F.,.F.,(4,4),(2,2),(12.,13.),(0.,1.),
  .PIECEWISE_BEZIER_KNOTS.);
#8111 = CARTESIAN_POINT('',(1.028782905744,0.344821722901,1.0510001));
#8112 = CARTESIAN_POINT('',(1.028782905744,0.344821722901,1.0500001));
#8113 = CARTESIAN_POINT('',(1.028782905744,0.346277383984,1.0510001));
#8114 = CARTESIAN_POINT('',(1.028782905744,0.346277383984,1.0500001));
#8115 = CARTESIAN_POINT('',(1.029432754442,0.347473105587,1.0510001));
#8116 = CARTESIAN_POINT('',(1.029432754442,0.347473105587,1.0500001));
#8117 = CARTESIAN_POINT('',(1.030719454863,0.348356899816,1.0510001));
#8118 = CARTESIAN_POINT('',(1.030719454863,0.348356899816,1.0500001));
#8119 = ADVANCED_FACE('',(#8120),#8146,.F.);
#8120 = FACE_BOUND('',#8121,.F.);
#8121 = EDGE_LOOP('',(#8122,#8123,#8132,#8139));
#8122 = ORIENTED_EDGE('',*,*,#8097,.F.);
#8123 = ORIENTED_EDGE('',*,*,#8124,.T.);
#8124 = EDGE_CURVE('',#8089,#8125,#8127,.T.);
#8125 = VERTEX_POINT('',#8126);
#8126 = CARTESIAN_POINT('',(1.035736286809,0.349708585108,1.0510001));
#8127 = B_SPLINE_CURVE_WITH_KNOTS('',3,(#8128,#8129,#8130,#8131),
  .UNSPECIFIED.,.F.,.F.,(4,4),(11.,12.),.PIECEWISE_BEZIER_KNOTS.);
#8128 = CARTESIAN_POINT('',(1.030719454863,0.348356899816,1.0510001));
#8129 = CARTESIAN_POINT('',(1.032006155284,0.349266687993,1.0510001));
#8130 = CARTESIAN_POINT('',(1.033682764925,0.349708585108,1.0510001));
#8131 = CARTESIAN_POINT('',(1.035736286809,0.349708585108,1.0510001));
#8132 = ORIENTED_EDGE('',*,*,#8133,.T.);
#8133 = EDGE_CURVE('',#8125,#8134,#8136,.T.);
#8134 = VERTEX_POINT('',#8135);
#8135 = CARTESIAN_POINT('',(1.035736286809,0.349708585108,1.0500001));
#8136 = B_SPLINE_CURVE_WITH_KNOTS('',1,(#8137,#8138),.UNSPECIFIED.,.F.,
  .F.,(2,2),(-0.,1.E-03),.PIECEWISE_BEZIER_KNOTS.);
#8137 = CARTESIAN_POINT('',(1.035736286809,0.349708585108,1.0510001));
#8138 = CARTESIAN_POINT('',(1.035736286809,0.349708585108,1.0500001));
#8139 = ORIENTED_EDGE('',*,*,#8140,.F.);
#8140 = EDGE_CURVE('',#8098,#8134,#8141,.T.);
#8141 = B_SPLINE_CURVE_WITH_KNOTS('',3,(#8142,#8143,#8144,#8145),
  .UNSPECIFIED.,.F.,.F.,(4,4),(11.,12.),.PIECEWISE_BEZIER_KNOTS.);
#8142 = CARTESIAN_POINT('',(1.030719454863,0.348356899816,1.0500001));
#8143 = CARTESIAN_POINT('',(1.032006155284,0.349266687993,1.0500001));
#8144 = CARTESIAN_POINT('',(1.033682764925,0.349708585108,1.0500001));
#8145 = CARTESIAN_POINT('',(1.035736286809,0.349708585108,1.0500001));
#8146 = B_SPLINE_SURFACE_WITH_KNOTS('',3,1,(
    (#8147,#8148)
    ,(#8149,#8150)
    ,(#8151,#8152)
    ,(#8153,#8154
    )),.UNSPECIFIED.,.F.,.F.,.F.,(4,4),(2,2),(11.,12.),(0.,1.),
  .PIECEWISE_BEZIER_KNOTS.);
#8147 = CARTESIAN_POINT('',(1.030719454863,0.348356899816,1.0510001));
#8148 = CARTESIAN_POINT('',(1.030719454863,0.348356899816,1.0500001));
#8149 = CARTESIAN_POINT('',(1.032006155284,0.349266687993,1.0510001));
#8150 = CARTESIAN_POINT('',(1.032006155284,0.349266687993,1.0500001));
#8151 = CARTESIAN_POINT('',(1.033682764925,0.349708585108,1.0510001));
#8152 = CARTESIAN_POINT('',(1.033682764925,0.349708585108,1.0500001));
#8153 = CARTESIAN_POINT('',(1.035736286809,0.349708585108,1.0510001));
#8154 = CARTESIAN_POINT('',(1.035736286809,0.349708585108,1.0500001));
#8155 = ADVANCED_FACE('',(#8156),#8182,.F.);
#8156 = FACE_BOUND('',#8157,.F.);
#8157 = EDGE_LOOP('',(#8158,#8159,#8168,#8175));
#8158 = ORIENTED_EDGE('',*,*,#8133,.F.);
#8159 = ORIENTED_EDGE('',*,*,#8160,.T.);
#8160 = EDGE_CURVE('',#8125,#8161,#8163,.T.);
#8161 = VERTEX_POINT('',#8162);
#8162 = CARTESIAN_POINT('',(1.044964138317,0.347083196369,1.0510001));
#8163 = B_SPLINE_CURVE_WITH_KNOTS('',3,(#8164,#8165,#8166,#8167),
  .UNSPECIFIED.,.F.,.F.,(4,4),(10.,11.),.PIECEWISE_BEZIER_KNOTS.);
#8164 = CARTESIAN_POINT('',(1.035736286809,0.349708585108,1.0510001));
#8165 = CARTESIAN_POINT('',(1.039180484907,0.349708585108,1.0510001));
#8166 = CARTESIAN_POINT('',(1.04224777076,0.348824790879,1.0510001));
#8167 = CARTESIAN_POINT('',(1.044964138317,0.347083196369,1.0510001));
#8168 = ORIENTED_EDGE('',*,*,#8169,.T.);
#8169 = EDGE_CURVE('',#8161,#8170,#8172,.T.);
#8170 = VERTEX_POINT('',#8171);
#8171 = CARTESIAN_POINT('',(1.044964138317,0.347083196369,1.0500001));
#8172 = B_SPLINE_CURVE_WITH_KNOTS('',1,(#8173,#8174),.UNSPECIFIED.,.F.,
  .F.,(2,2),(-0.,1.E-03),.PIECEWISE_BEZIER_KNOTS.);
#8173 = CARTESIAN_POINT('',(1.044964138317,0.347083196369,1.0510001));
#8174 = CARTESIAN_POINT('',(1.044964138317,0.347083196369,1.0500001));
#8175 = ORIENTED_EDGE('',*,*,#8176,.F.);
#8176 = EDGE_CURVE('',#8134,#8170,#8177,.T.);
#8177 = B_SPLINE_CURVE_WITH_KNOTS('',3,(#8178,#8179,#8180,#8181),
  .UNSPECIFIED.,.F.,.F.,(4,4),(10.,11.),.PIECEWISE_BEZIER_KNOTS.);
#8178 = CARTESIAN_POINT('',(1.035736286809,0.349708585108,1.0500001));
#8179 = CARTESIAN_POINT('',(1.039180484907,0.349708585108,1.0500001));
#8180 = CARTESIAN_POINT('',(1.04224777076,0.348824790879,1.0500001));
#8181 = CARTESIAN_POINT('',(1.044964138317,0.347083196369,1.0500001));
#8182 = B_SPLINE_SURFACE_WITH_KNOTS('',3,1,(
    (#8183,#8184)
    ,(#8185,#8186)
    ,(#8187,#8188)
    ,(#8189,#8190
    )),.UNSPECIFIED.,.F.,.F.,.F.,(4,4),(2,2),(10.,11.),(0.,1.),
  .PIECEWISE_BEZIER_KNOTS.);
#8183 = CARTESIAN_POINT('',(1.035736286809,0.349708585108,1.0510001));
#8184 = CARTESIAN_POINT('',(1.035736286809,0.349708585108,1.0500001));
#8185 = CARTESIAN_POINT('',(1.039180484907,0.349708585108,1.0510001));
#8186 = CARTESIAN_POINT('',(1.039180484907,0.349708585108,1.0500001));
#8187 = CARTESIAN_POINT('',(1.04224777076,0.348824790879,1.0510001));
#8188 = CARTESIAN_POINT('',(1.04224777076,0.348824790879,1.0500001));
#8189 = CARTESIAN_POINT('',(1.044964138317,0.347083196369,1.0510001));
#8190 = CARTESIAN_POINT('',(1.044964138317,0.347083196369,1.0500001));
#8191 = ADVANCED_FACE('',(#8192),#8214,.F.);
#8192 = FACE_BOUND('',#8193,.T.);
#8193 = EDGE_LOOP('',(#8194,#8201,#8208,#8213));
#8194 = ORIENTED_EDGE('',*,*,#8195,.T.);
#8195 = EDGE_CURVE('',#8170,#8196,#8198,.T.);
#8196 = VERTEX_POINT('',#8197);
#8197 = CARTESIAN_POINT('',(1.044964138317,0.353269755971,1.0500001));
#8198 = B_SPLINE_CURVE_WITH_KNOTS('',1,(#8199,#8200),.UNSPECIFIED.,.F.,
  .F.,(2,2),(-6.186559601966E-03,0.),.PIECEWISE_BEZIER_KNOTS.);
#8199 = CARTESIAN_POINT('',(1.044964138317,0.347083196369,1.0500001));
#8200 = CARTESIAN_POINT('',(1.044964138317,0.353269755971,1.0500001));
#8201 = ORIENTED_EDGE('',*,*,#8202,.F.);
#8202 = EDGE_CURVE('',#8203,#8196,#8205,.T.);
#8203 = VERTEX_POINT('',#8204);
#8204 = CARTESIAN_POINT('',(1.044964138317,0.353269755971,1.0510001));
#8205 = B_SPLINE_CURVE_WITH_KNOTS('',1,(#8206,#8207),.UNSPECIFIED.,.F.,
  .F.,(2,2),(-0.,1.E-03),.PIECEWISE_BEZIER_KNOTS.);
#8206 = CARTESIAN_POINT('',(1.044964138317,0.353269755971,1.0510001));
#8207 = CARTESIAN_POINT('',(1.044964138317,0.353269755971,1.0500001));
#8208 = ORIENTED_EDGE('',*,*,#8209,.F.);
#8209 = EDGE_CURVE('',#8161,#8203,#8210,.T.);
#8210 = B_SPLINE_CURVE_WITH_KNOTS('',1,(#8211,#8212),.UNSPECIFIED.,.F.,
  .F.,(2,2),(-6.186559601966E-03,0.),.PIECEWISE_BEZIER_KNOTS.);
#8211 = CARTESIAN_POINT('',(1.044964138317,0.347083196369,1.0510001));
#8212 = CARTESIAN_POINT('',(1.044964138317,0.353269755971,1.0510001));
#8213 = ORIENTED_EDGE('',*,*,#8169,.T.);
#8214 = B_SPLINE_SURFACE_WITH_KNOTS('',1,1,(
    (#8215,#8216)
    ,(#8217,#8218)),.UNSPECIFIED.,.F.,.F.,.F.,(2,2),(2,2),(-1.E-03,0.),(
    -6.186559601966E-03,0.),.PIECEWISE_BEZIER_KNOTS.);
#8215 = CARTESIAN_POINT('',(1.044964138317,0.347083196369,1.0500001));
#8216 = CARTESIAN_POINT('',(1.044964138317,0.353269755971,1.0500001));
#8217 = CARTESIAN_POINT('',(1.044964138317,0.347083196369,1.0510001));
#8218 = CARTESIAN_POINT('',(1.044964138317,0.353269755971,1.0510001));
#8219 = ADVANCED_FACE('',(#8220),#8246,.F.);
#8220 = FACE_BOUND('',#8221,.F.);
#8221 = EDGE_LOOP('',(#8222,#8223,#8232,#8239));
#8222 = ORIENTED_EDGE('',*,*,#8202,.F.);
#8223 = ORIENTED_EDGE('',*,*,#8224,.T.);
#8224 = EDGE_CURVE('',#8203,#8225,#8227,.T.);
#8225 = VERTEX_POINT('',#8226);
#8226 = CARTESIAN_POINT('',(1.036360141559,0.354881380741,1.0510001));
#8227 = B_SPLINE_CURVE_WITH_KNOTS('',3,(#8228,#8229,#8230,#8231),
  .UNSPECIFIED.,.F.,.F.,(4,4),(8.,9.),.PIECEWISE_BEZIER_KNOTS.);
#8228 = CARTESIAN_POINT('',(1.044964138317,0.353269755971,1.0510001));
#8229 = CARTESIAN_POINT('',(1.04231275563,0.354361501783,1.0510001));
#8230 = CARTESIAN_POINT('',(1.03945342136,0.354881380741,1.0510001));
#8231 = CARTESIAN_POINT('',(1.036360141559,0.354881380741,1.0510001));
#8232 = ORIENTED_EDGE('',*,*,#8233,.T.);
#8233 = EDGE_CURVE('',#8225,#8234,#8236,.T.);
#8234 = VERTEX_POINT('',#8235);
#8235 = CARTESIAN_POINT('',(1.036360141559,0.354881380741,1.0500001));
#8236 = B_SPLINE_CURVE_WITH_KNOTS('',1,(#8237,#8238),.UNSPECIFIED.,.F.,
  .F.,(2,2),(-0.,1.E-03),.PIECEWISE_BEZIER_KNOTS.);
#8237 = CARTESIAN_POINT('',(1.036360141559,0.354881380741,1.0510001));
#8238 = CARTESIAN_POINT('',(1.036360141559,0.354881380741,1.0500001));
#8239 = ORIENTED_EDGE('',*,*,#8240,.F.);
#8240 = EDGE_CURVE('',#8196,#8234,#8241,.T.);
#8241 = B_SPLINE_CURVE_WITH_KNOTS('',3,(#8242,#8243,#8244,#8245),
  .UNSPECIFIED.,.F.,.F.,(4,4),(8.,9.),.PIECEWISE_BEZIER_KNOTS.);
#8242 = CARTESIAN_POINT('',(1.044964138317,0.353269755971,1.0500001));
#8243 = CARTESIAN_POINT('',(1.04231275563,0.354361501783,1.0500001));
#8244 = CARTESIAN_POINT('',(1.03945342136,0.354881380741,1.0500001));
#8245 = CARTESIAN_POINT('',(1.036360141559,0.354881380741,1.0500001));
#8246 = B_SPLINE_SURFACE_WITH_KNOTS('',3,1,(
    (#8247,#8248)
    ,(#8249,#8250)
    ,(#8251,#8252)
    ,(#8253,#8254
    )),.UNSPECIFIED.,.F.,.F.,.F.,(4,4),(2,2),(8.,9.),(0.,1.),
  .PIECEWISE_BEZIER_KNOTS.);
#8247 = CARTESIAN_POINT('',(1.044964138317,0.353269755971,1.0510001));
#8248 = CARTESIAN_POINT('',(1.044964138317,0.353269755971,1.0500001));
#8249 = CARTESIAN_POINT('',(1.04231275563,0.354361501783,1.0510001));
#8250 = CARTESIAN_POINT('',(1.04231275563,0.354361501783,1.0500001));
#8251 = CARTESIAN_POINT('',(1.03945342136,0.354881380741,1.0510001));
#8252 = CARTESIAN_POINT('',(1.03945342136,0.354881380741,1.0500001));
#8253 = CARTESIAN_POINT('',(1.036360141559,0.354881380741,1.0510001));
#8254 = CARTESIAN_POINT('',(1.036360141559,0.354881380741,1.0500001));
#8255 = ADVANCED_FACE('',(#8256),#8282,.F.);
#8256 = FACE_BOUND('',#8257,.F.);
#8257 = EDGE_LOOP('',(#8258,#8259,#8268,#8275));
#8258 = ORIENTED_EDGE('',*,*,#8233,.F.);
#8259 = ORIENTED_EDGE('',*,*,#8260,.T.);
#8260 = EDGE_CURVE('',#8225,#8261,#8263,.T.);
#8261 = VERTEX_POINT('',#8262);
#8262 = CARTESIAN_POINT('',(1.026300483719,0.351996052523,1.0510001));
#8263 = B_SPLINE_CURVE_WITH_KNOTS('',3,(#8264,#8265,#8266,#8267),
  .UNSPECIFIED.,.F.,.F.,(4,4),(7.,8.),.PIECEWISE_BEZIER_KNOTS.);
#8264 = CARTESIAN_POINT('',(1.036360141559,0.354881380741,1.0510001));
#8265 = CARTESIAN_POINT('',(1.032383067529,0.354881380741,1.0510001));
#8266 = CARTESIAN_POINT('',(1.029029848249,0.353919604669,1.0510001));
#8267 = CARTESIAN_POINT('',(1.026300483719,0.351996052523,1.0510001));
#8268 = ORIENTED_EDGE('',*,*,#8269,.T.);
#8269 = EDGE_CURVE('',#8261,#8270,#8272,.T.);
#8270 = VERTEX_POINT('',#8271);
#8271 = CARTESIAN_POINT('',(1.026300483719,0.351996052523,1.0500001));
#8272 = B_SPLINE_CURVE_WITH_KNOTS('',1,(#8273,#8274),.UNSPECIFIED.,.F.,
  .F.,(2,2),(-0.,1.E-03),.PIECEWISE_BEZIER_KNOTS.);
#8273 = CARTESIAN_POINT('',(1.026300483719,0.351996052523,1.0510001));
#8274 = CARTESIAN_POINT('',(1.026300483719,0.351996052523,1.0500001));
#8275 = ORIENTED_EDGE('',*,*,#8276,.F.);
#8276 = EDGE_CURVE('',#8234,#8270,#8277,.T.);
#8277 = B_SPLINE_CURVE_WITH_KNOTS('',3,(#8278,#8279,#8280,#8281),
  .UNSPECIFIED.,.F.,.F.,(4,4),(7.,8.),.PIECEWISE_BEZIER_KNOTS.);
#8278 = CARTESIAN_POINT('',(1.036360141559,0.354881380741,1.0500001));
#8279 = CARTESIAN_POINT('',(1.032383067529,0.354881380741,1.0500001));
#8280 = CARTESIAN_POINT('',(1.029029848249,0.353919604669,1.0500001));
#8281 = CARTESIAN_POINT('',(1.026300483719,0.351996052523,1.0500001));
#8282 = B_SPLINE_SURFACE_WITH_KNOTS('',3,1,(
    (#8283,#8284)
    ,(#8285,#8286)
    ,(#8287,#8288)
    ,(#8289,#8290
    )),.UNSPECIFIED.,.F.,.F.,.F.,(4,4),(2,2),(7.,8.),(0.,1.),
  .PIECEWISE_BEZIER_KNOTS.);
#8283 = CARTESIAN_POINT('',(1.036360141559,0.354881380741,1.0510001));
#8284 = CARTESIAN_POINT('',(1.036360141559,0.354881380741,1.0500001));
#8285 = CARTESIAN_POINT('',(1.032383067529,0.354881380741,1.0510001));
#8286 = CARTESIAN_POINT('',(1.032383067529,0.354881380741,1.0500001));
#8287 = CARTESIAN_POINT('',(1.029029848249,0.353919604669,1.0510001));
#8288 = CARTESIAN_POINT('',(1.029029848249,0.353919604669,1.0500001));
#8289 = CARTESIAN_POINT('',(1.026300483719,0.351996052523,1.0510001));
#8290 = CARTESIAN_POINT('',(1.026300483719,0.351996052523,1.0500001));
#8291 = ADVANCED_FACE('',(#8292),#8318,.F.);
#8292 = FACE_BOUND('',#8293,.F.);
#8293 = EDGE_LOOP('',(#8294,#8295,#8304,#8311));
#8294 = ORIENTED_EDGE('',*,*,#8269,.F.);
#8295 = ORIENTED_EDGE('',*,*,#8296,.T.);
#8296 = EDGE_CURVE('',#8261,#8297,#8299,.T.);
#8297 = VERTEX_POINT('',#8298);
#8298 = CARTESIAN_POINT('',(1.022219433897,0.344249856047,1.0510001));
#8299 = B_SPLINE_CURVE_WITH_KNOTS('',3,(#8300,#8301,#8302,#8303),
  .UNSPECIFIED.,.F.,.F.,(4,4),(6.,7.),.PIECEWISE_BEZIER_KNOTS.);
#8300 = CARTESIAN_POINT('',(1.026300483719,0.351996052523,1.0510001));
#8301 = CARTESIAN_POINT('',(1.023584116162,0.35004650643,1.0510001));
#8302 = CARTESIAN_POINT('',(1.022219433897,0.347473105587,1.0510001));
#8303 = CARTESIAN_POINT('',(1.022219433897,0.344249856047,1.0510001));
#8304 = ORIENTED_EDGE('',*,*,#8305,.T.);
#8305 = EDGE_CURVE('',#8297,#8306,#8308,.T.);
#8306 = VERTEX_POINT('',#8307);
#8307 = CARTESIAN_POINT('',(1.022219433897,0.344249856047,1.0500001));
#8308 = B_SPLINE_CURVE_WITH_KNOTS('',1,(#8309,#8310),.UNSPECIFIED.,.F.,
  .F.,(2,2),(-0.,1.E-03),.PIECEWISE_BEZIER_KNOTS.);
#8309 = CARTESIAN_POINT('',(1.022219433897,0.344249856047,1.0510001));
#8310 = CARTESIAN_POINT('',(1.022219433897,0.344249856047,1.0500001));
#8311 = ORIENTED_EDGE('',*,*,#8312,.F.);
#8312 = EDGE_CURVE('',#8270,#8306,#8313,.T.);
#8313 = B_SPLINE_CURVE_WITH_KNOTS('',3,(#8314,#8315,#8316,#8317),
  .UNSPECIFIED.,.F.,.F.,(4,4),(6.,7.),.PIECEWISE_BEZIER_KNOTS.);
#8314 = CARTESIAN_POINT('',(1.026300483719,0.351996052523,1.0500001));
#8315 = CARTESIAN_POINT('',(1.023584116162,0.35004650643,1.0500001));
#8316 = CARTESIAN_POINT('',(1.022219433897,0.347473105587,1.0500001));
#8317 = CARTESIAN_POINT('',(1.022219433897,0.344249856047,1.0500001));
#8318 = B_SPLINE_SURFACE_WITH_KNOTS('',3,1,(
    (#8319,#8320)
    ,(#8321,#8322)
    ,(#8323,#8324)
    ,(#8325,#8326
    )),.UNSPECIFIED.,.F.,.F.,.F.,(4,4),(2,2),(6.,7.),(0.,1.),
  .PIECEWISE_BEZIER_KNOTS.);
#8319 = CARTESIAN_POINT('',(1.026300483719,0.351996052523,1.0510001));
#8320 = CARTESIAN_POINT('',(1.026300483719,0.351996052523,1.0500001));
#8321 = CARTESIAN_POINT('',(1.023584116162,0.35004650643,1.0510001));
#8322 = CARTESIAN_POINT('',(1.023584116162,0.35004650643,1.0500001));
#8323 = CARTESIAN_POINT('',(1.022219433897,0.347473105587,1.0510001));
#8324 = CARTESIAN_POINT('',(1.022219433897,0.347473105587,1.0500001));
#8325 = CARTESIAN_POINT('',(1.022219433897,0.344249856047,1.0510001));
#8326 = CARTESIAN_POINT('',(1.022219433897,0.344249856047,1.0500001));
#8327 = ADVANCED_FACE('',(#8328),#8354,.F.);
#8328 = FACE_BOUND('',#8329,.F.);
#8329 = EDGE_LOOP('',(#8330,#8331,#8340,#8347));
#8330 = ORIENTED_EDGE('',*,*,#8305,.F.);
#8331 = ORIENTED_EDGE('',*,*,#8332,.T.);
#8332 = EDGE_CURVE('',#8297,#8333,#8335,.T.);
#8333 = VERTEX_POINT('',#8334);
#8334 = CARTESIAN_POINT('',(1.024026013277,0.338505193559,1.0510001));
#8335 = B_SPLINE_CURVE_WITH_KNOTS('',3,(#8336,#8337,#8338,#8339),
  .UNSPECIFIED.,.F.,.F.,(4,4),(5.,6.),.PIECEWISE_BEZIER_KNOTS.);
#8336 = CARTESIAN_POINT('',(1.022219433897,0.344249856047,1.0510001));
#8337 = CARTESIAN_POINT('',(1.022219433897,0.342014376527,1.0510001));
#8338 = CARTESIAN_POINT('',(1.022817294699,0.340090824382,1.0510001));
#8339 = CARTESIAN_POINT('',(1.024026013277,0.338505193559,1.0510001));
#8340 = ORIENTED_EDGE('',*,*,#8341,.T.);
#8341 = EDGE_CURVE('',#8333,#8342,#8344,.T.);
#8342 = VERTEX_POINT('',#8343);
#8343 = CARTESIAN_POINT('',(1.024026013277,0.338505193559,1.0500001));
#8344 = B_SPLINE_CURVE_WITH_KNOTS('',1,(#8345,#8346),.UNSPECIFIED.,.F.,
  .F.,(2,2),(-0.,1.E-03),.PIECEWISE_BEZIER_KNOTS.);
#8345 = CARTESIAN_POINT('',(1.024026013277,0.338505193559,1.0510001));
#8346 = CARTESIAN_POINT('',(1.024026013277,0.338505193559,1.0500001));
#8347 = ORIENTED_EDGE('',*,*,#8348,.F.);
#8348 = EDGE_CURVE('',#8306,#8342,#8349,.T.);
#8349 = B_SPLINE_CURVE_WITH_KNOTS('',3,(#8350,#8351,#8352,#8353),
  .UNSPECIFIED.,.F.,.F.,(4,4),(5.,6.),.PIECEWISE_BEZIER_KNOTS.);
#8350 = CARTESIAN_POINT('',(1.022219433897,0.344249856047,1.0500001));
#8351 = CARTESIAN_POINT('',(1.022219433897,0.342014376527,1.0500001));
#8352 = CARTESIAN_POINT('',(1.022817294699,0.340090824382,1.0500001));
#8353 = CARTESIAN_POINT('',(1.024026013277,0.338505193559,1.0500001));
#8354 = B_SPLINE_SURFACE_WITH_KNOTS('',3,1,(
    (#8355,#8356)
    ,(#8357,#8358)
    ,(#8359,#8360)
    ,(#8361,#8362
    )),.UNSPECIFIED.,.F.,.F.,.F.,(4,4),(2,2),(5.,6.),(0.,1.),
  .PIECEWISE_BEZIER_KNOTS.);
#8355 = CARTESIAN_POINT('',(1.022219433897,0.344249856047,1.0510001));
#8356 = CARTESIAN_POINT('',(1.022219433897,0.344249856047,1.0500001));
#8357 = CARTESIAN_POINT('',(1.022219433897,0.342014376527,1.0510001));
#8358 = CARTESIAN_POINT('',(1.022219433897,0.342014376527,1.0500001));
#8359 = CARTESIAN_POINT('',(1.022817294699,0.340090824382,1.0510001));
#8360 = CARTESIAN_POINT('',(1.022817294699,0.340090824382,1.0500001));
#8361 = CARTESIAN_POINT('',(1.024026013277,0.338505193559,1.0510001));
#8362 = CARTESIAN_POINT('',(1.024026013277,0.338505193559,1.0500001));
#8363 = ADVANCED_FACE('',(#8364),#8390,.F.);
#8364 = FACE_BOUND('',#8365,.F.);
#8365 = EDGE_LOOP('',(#8366,#8367,#8376,#8383));
#8366 = ORIENTED_EDGE('',*,*,#8341,.F.);
#8367 = ORIENTED_EDGE('',*,*,#8368,.T.);
#8368 = EDGE_CURVE('',#8333,#8369,#8371,.T.);
#8369 = VERTEX_POINT('',#8370);
#8370 = CARTESIAN_POINT('',(1.031863188571,0.333696313196,1.0510001));
#8371 = B_SPLINE_CURVE_WITH_KNOTS('',3,(#8372,#8373,#8374,#8375),
  .UNSPECIFIED.,.F.,.F.,(4,4),(4.,5.),.PIECEWISE_BEZIER_KNOTS.);
#8372 = CARTESIAN_POINT('',(1.024026013277,0.338505193559,1.0510001));
#8373 = CARTESIAN_POINT('',(1.02522173488,0.336919562737,1.0510001));
#8374 = CARTESIAN_POINT('',(1.027847123619,0.335307937966,1.0510001));
#8375 = CARTESIAN_POINT('',(1.031863188571,0.333696313196,1.0510001));
#8376 = ORIENTED_EDGE('',*,*,#8377,.T.);
#8377 = EDGE_CURVE('',#8369,#8378,#8380,.T.);
#8378 = VERTEX_POINT('',#8379);
#8379 = CARTESIAN_POINT('',(1.031863188571,0.333696313196,1.0500001));
#8380 = B_SPLINE_CURVE_WITH_KNOTS('',1,(#8381,#8382),.UNSPECIFIED.,.F.,
  .F.,(2,2),(-0.,1.E-03),.PIECEWISE_BEZIER_KNOTS.);
#8381 = CARTESIAN_POINT('',(1.031863188571,0.333696313196,1.0510001));
#8382 = CARTESIAN_POINT('',(1.031863188571,0.333696313196,1.0500001));
#8383 = ORIENTED_EDGE('',*,*,#8384,.F.);
#8384 = EDGE_CURVE('',#8342,#8378,#8385,.T.);
#8385 = B_SPLINE_CURVE_WITH_KNOTS('',3,(#8386,#8387,#8388,#8389),
  .UNSPECIFIED.,.F.,.F.,(4,4),(4.,5.),.PIECEWISE_BEZIER_KNOTS.);
#8386 = CARTESIAN_POINT('',(1.024026013277,0.338505193559,1.0500001));
#8387 = CARTESIAN_POINT('',(1.02522173488,0.336919562737,1.0500001));
#8388 = CARTESIAN_POINT('',(1.027847123619,0.335307937966,1.0500001));
#8389 = CARTESIAN_POINT('',(1.031863188571,0.333696313196,1.0500001));
#8390 = B_SPLINE_SURFACE_WITH_KNOTS('',3,1,(
    (#8391,#8392)
    ,(#8393,#8394)
    ,(#8395,#8396)
    ,(#8397,#8398
    )),.UNSPECIFIED.,.F.,.F.,.F.,(4,4),(2,2),(4.,5.),(0.,1.),
  .PIECEWISE_BEZIER_KNOTS.);
#8391 = CARTESIAN_POINT('',(1.024026013277,0.338505193559,1.0510001));
#8392 = CARTESIAN_POINT('',(1.024026013277,0.338505193559,1.0500001));
#8393 = CARTESIAN_POINT('',(1.02522173488,0.336919562737,1.0510001));
#8394 = CARTESIAN_POINT('',(1.02522173488,0.336919562737,1.0500001));
#8395 = CARTESIAN_POINT('',(1.027847123619,0.335307937966,1.0510001));
#8396 = CARTESIAN_POINT('',(1.027847123619,0.335307937966,1.0500001));
#8397 = CARTESIAN_POINT('',(1.031863188571,0.333696313196,1.0510001));
#8398 = CARTESIAN_POINT('',(1.031863188571,0.333696313196,1.0500001));
#8399 = ADVANCED_FACE('',(#8400),#8426,.F.);
#8400 = FACE_BOUND('',#8401,.F.);
#8401 = EDGE_LOOP('',(#8402,#8403,#8412,#8419));
#8402 = ORIENTED_EDGE('',*,*,#8377,.F.);
#8403 = ORIENTED_EDGE('',*,*,#8404,.T.);
#8404 = EDGE_CURVE('',#8369,#8405,#8407,.T.);
#8405 = VERTEX_POINT('',#8406);
#8406 = CARTESIAN_POINT('',(1.038530636209,0.330447069708,1.0510001));
#8407 = B_SPLINE_CURVE_WITH_KNOTS('',3,(#8408,#8409,#8410,#8411),
  .UNSPECIFIED.,.F.,.F.,(4,4),(3.,4.),.PIECEWISE_BEZIER_KNOTS.);
#8408 = CARTESIAN_POINT('',(1.031863188571,0.333696313196,1.0510001));
#8409 = CARTESIAN_POINT('',(1.035216407851,0.332448603697,1.0510001));
#8410 = CARTESIAN_POINT('',(1.037438890397,0.331356857884,1.0510001));
#8411 = CARTESIAN_POINT('',(1.038530636209,0.330447069708,1.0510001));
#8412 = ORIENTED_EDGE('',*,*,#8413,.T.);
#8413 = EDGE_CURVE('',#8405,#8414,#8416,.T.);
#8414 = VERTEX_POINT('',#8415);
#8415 = CARTESIAN_POINT('',(1.038530636209,0.330447069708,1.0500001));
#8416 = B_SPLINE_CURVE_WITH_KNOTS('',1,(#8417,#8418),.UNSPECIFIED.,.F.,
  .F.,(2,2),(-0.,1.E-03),.PIECEWISE_BEZIER_KNOTS.);
#8417 = CARTESIAN_POINT('',(1.038530636209,0.330447069708,1.0510001));
#8418 = CARTESIAN_POINT('',(1.038530636209,0.330447069708,1.0500001));
#8419 = ORIENTED_EDGE('',*,*,#8420,.F.);
#8420 = EDGE_CURVE('',#8378,#8414,#8421,.T.);
#8421 = B_SPLINE_CURVE_WITH_KNOTS('',3,(#8422,#8423,#8424,#8425),
  .UNSPECIFIED.,.F.,.F.,(4,4),(3.,4.),.PIECEWISE_BEZIER_KNOTS.);
#8422 = CARTESIAN_POINT('',(1.031863188571,0.333696313196,1.0500001));
#8423 = CARTESIAN_POINT('',(1.035216407851,0.332448603697,1.0500001));
#8424 = CARTESIAN_POINT('',(1.037438890397,0.331356857884,1.0500001));
#8425 = CARTESIAN_POINT('',(1.038530636209,0.330447069708,1.0500001));
#8426 = B_SPLINE_SURFACE_WITH_KNOTS('',3,1,(
    (#8427,#8428)
    ,(#8429,#8430)
    ,(#8431,#8432)
    ,(#8433,#8434
    )),.UNSPECIFIED.,.F.,.F.,.F.,(4,4),(2,2),(3.,4.),(0.,1.),
  .PIECEWISE_BEZIER_KNOTS.);
#8427 = CARTESIAN_POINT('',(1.031863188571,0.333696313196,1.0510001));
#8428 = CARTESIAN_POINT('',(1.031863188571,0.333696313196,1.0500001));
#8429 = CARTESIAN_POINT('',(1.035216407851,0.332448603697,1.0510001));
#8430 = CARTESIAN_POINT('',(1.035216407851,0.332448603697,1.0500001));
#8431 = CARTESIAN_POINT('',(1.037438890397,0.331356857884,1.0510001));
#8432 = CARTESIAN_POINT('',(1.037438890397,0.331356857884,1.0500001));
#8433 = CARTESIAN_POINT('',(1.038530636209,0.330447069708,1.0510001));
#8434 = CARTESIAN_POINT('',(1.038530636209,0.330447069708,1.0500001));
#8435 = ADVANCED_FACE('',(#8436),#8462,.F.);
#8436 = FACE_BOUND('',#8437,.F.);
#8437 = EDGE_LOOP('',(#8438,#8439,#8448,#8455));
#8438 = ORIENTED_EDGE('',*,*,#8413,.F.);
#8439 = ORIENTED_EDGE('',*,*,#8440,.T.);
#8440 = EDGE_CURVE('',#8405,#8441,#8443,.T.);
#8441 = VERTEX_POINT('',#8442);
#8442 = CARTESIAN_POINT('',(1.040168254927,0.326989874636,1.0510001));
#8443 = B_SPLINE_CURVE_WITH_KNOTS('',3,(#8444,#8445,#8446,#8447),
  .UNSPECIFIED.,.F.,.F.,(4,4),(2.,3.),.PIECEWISE_BEZIER_KNOTS.);
#8444 = CARTESIAN_POINT('',(1.038530636209,0.330447069708,1.0510001));
#8445 = CARTESIAN_POINT('',(1.039622382022,0.329537281531,1.0510001));
#8446 = CARTESIAN_POINT('',(1.040168254927,0.328393547823,1.0510001));
#8447 = CARTESIAN_POINT('',(1.040168254927,0.326989874636,1.0510001));
#8448 = ORIENTED_EDGE('',*,*,#8449,.T.);
#8449 = EDGE_CURVE('',#8441,#8450,#8452,.T.);
#8450 = VERTEX_POINT('',#8451);
#8451 = CARTESIAN_POINT('',(1.040168254927,0.326989874636,1.0500001));
#8452 = B_SPLINE_CURVE_WITH_KNOTS('',1,(#8453,#8454),.UNSPECIFIED.,.F.,
  .F.,(2,2),(-0.,1.E-03),.PIECEWISE_BEZIER_KNOTS.);
#8453 = CARTESIAN_POINT('',(1.040168254927,0.326989874636,1.0510001));
#8454 = CARTESIAN_POINT('',(1.040168254927,0.326989874636,1.0500001));
#8455 = ORIENTED_EDGE('',*,*,#8456,.F.);
#8456 = EDGE_CURVE('',#8414,#8450,#8457,.T.);
#8457 = B_SPLINE_CURVE_WITH_KNOTS('',3,(#8458,#8459,#8460,#8461),
  .UNSPECIFIED.,.F.,.F.,(4,4),(2.,3.),.PIECEWISE_BEZIER_KNOTS.);
#8458 = CARTESIAN_POINT('',(1.038530636209,0.330447069708,1.0500001));
#8459 = CARTESIAN_POINT('',(1.039622382022,0.329537281531,1.0500001));
#8460 = CARTESIAN_POINT('',(1.040168254927,0.328393547823,1.0500001));
#8461 = CARTESIAN_POINT('',(1.040168254927,0.326989874636,1.0500001));
#8462 = B_SPLINE_SURFACE_WITH_KNOTS('',3,1,(
    (#8463,#8464)
    ,(#8465,#8466)
    ,(#8467,#8468)
    ,(#8469,#8470
    )),.UNSPECIFIED.,.F.,.F.,.F.,(4,4),(2,2),(2.,3.),(0.,1.),
  .PIECEWISE_BEZIER_KNOTS.);
#8463 = CARTESIAN_POINT('',(1.038530636209,0.330447069708,1.0510001));
#8464 = CARTESIAN_POINT('',(1.038530636209,0.330447069708,1.0500001));
#8465 = CARTESIAN_POINT('',(1.039622382022,0.329537281531,1.0510001));
#8466 = CARTESIAN_POINT('',(1.039622382022,0.329537281531,1.0500001));
#8467 = CARTESIAN_POINT('',(1.040168254927,0.328393547823,1.0510001));
#8468 = CARTESIAN_POINT('',(1.040168254927,0.328393547823,1.0500001));
#8469 = CARTESIAN_POINT('',(1.040168254927,0.326989874636,1.0510001));
#8470 = CARTESIAN_POINT('',(1.040168254927,0.326989874636,1.0500001));
#8471 = ADVANCED_FACE('',(#8472),#8490,.F.);
#8472 = FACE_BOUND('',#8473,.F.);
#8473 = EDGE_LOOP('',(#8474,#8475,#8482,#8483));
#8474 = ORIENTED_EDGE('',*,*,#8449,.F.);
#8475 = ORIENTED_EDGE('',*,*,#8476,.T.);
#8476 = EDGE_CURVE('',#8441,#7764,#8477,.T.);
#8477 = B_SPLINE_CURVE_WITH_KNOTS('',3,(#8478,#8479,#8480,#8481),
  .UNSPECIFIED.,.F.,.F.,(4,4),(1.,2.),.PIECEWISE_BEZIER_KNOTS.);
#8478 = CARTESIAN_POINT('',(1.040168254927,0.326989874636,1.0510001));
#8479 = CARTESIAN_POINT('',(1.040168254927,0.323714637199,1.0510001));
#8480 = CARTESIAN_POINT('',(1.037659838954,0.322077018481,1.0510001));
#8481 = CARTESIAN_POINT('',(1.032656003982,0.322077018481,1.0510001));
#8482 = ORIENTED_EDGE('',*,*,#7763,.T.);
#8483 = ORIENTED_EDGE('',*,*,#8484,.F.);
#8484 = EDGE_CURVE('',#8450,#7766,#8485,.T.);
#8485 = B_SPLINE_CURVE_WITH_KNOTS('',3,(#8486,#8487,#8488,#8489),
  .UNSPECIFIED.,.F.,.F.,(4,4),(1.,2.),.PIECEWISE_BEZIER_KNOTS.);
#8486 = CARTESIAN_POINT('',(1.040168254927,0.326989874636,1.0500001));
#8487 = CARTESIAN_POINT('',(1.040168254927,0.323714637199,1.0500001));
#8488 = CARTESIAN_POINT('',(1.037659838954,0.322077018481,1.0500001));
#8489 = CARTESIAN_POINT('',(1.032656003982,0.322077018481,1.0500001));
#8490 = B_SPLINE_SURFACE_WITH_KNOTS('',3,1,(
    (#8491,#8492)
    ,(#8493,#8494)
    ,(#8495,#8496)
    ,(#8497,#8498
    )),.UNSPECIFIED.,.F.,.F.,.F.,(4,4),(2,2),(1.,2.),(0.,1.),
  .PIECEWISE_BEZIER_KNOTS.);
#8491 = CARTESIAN_POINT('',(1.040168254927,0.326989874636,1.0510001));
#8492 = CARTESIAN_POINT('',(1.040168254927,0.326989874636,1.0500001));
#8493 = CARTESIAN_POINT('',(1.040168254927,0.323714637199,1.0510001));
#8494 = CARTESIAN_POINT('',(1.040168254927,0.323714637199,1.0500001));
#8495 = CARTESIAN_POINT('',(1.037659838954,0.322077018481,1.0510001));
#8496 = CARTESIAN_POINT('',(1.037659838954,0.322077018481,1.0500001));
#8497 = CARTESIAN_POINT('',(1.032656003982,0.322077018481,1.0510001));
#8498 = CARTESIAN_POINT('',(1.032656003982,0.322077018481,1.0500001));
#8499 = ADVANCED_FACE('',(#8500),#8523,.F.);
#8500 = FACE_BOUND('',#8501,.T.);
#8501 = EDGE_LOOP('',(#8502,#8503,#8504,#8505,#8506,#8507,#8508,#8509,
    #8510,#8511,#8512,#8513,#8514,#8515,#8516,#8517,#8518,#8519,#8520,
    #8521,#8522));
#8502 = ORIENTED_EDGE('',*,*,#7772,.T.);
#8503 = ORIENTED_EDGE('',*,*,#7821,.T.);
#8504 = ORIENTED_EDGE('',*,*,#7836,.T.);
#8505 = ORIENTED_EDGE('',*,*,#7872,.T.);
#8506 = ORIENTED_EDGE('',*,*,#7908,.T.);
#8507 = ORIENTED_EDGE('',*,*,#7944,.T.);
#8508 = ORIENTED_EDGE('',*,*,#7980,.T.);
#8509 = ORIENTED_EDGE('',*,*,#8016,.T.);
#8510 = ORIENTED_EDGE('',*,*,#8052,.T.);
#8511 = ORIENTED_EDGE('',*,*,#8088,.T.);
#8512 = ORIENTED_EDGE('',*,*,#8124,.T.);
#8513 = ORIENTED_EDGE('',*,*,#8160,.T.);
#8514 = ORIENTED_EDGE('',*,*,#8209,.T.);
#8515 = ORIENTED_EDGE('',*,*,#8224,.T.);
#8516 = ORIENTED_EDGE('',*,*,#8260,.T.);
#8517 = ORIENTED_EDGE('',*,*,#8296,.T.);
#8518 = ORIENTED_EDGE('',*,*,#8332,.T.);
#8519 = ORIENTED_EDGE('',*,*,#8368,.T.);
#8520 = ORIENTED_EDGE('',*,*,#8404,.T.);
#8521 = ORIENTED_EDGE('',*,*,#8440,.T.);
#8522 = ORIENTED_EDGE('',*,*,#8476,.T.);
#8523 = B_SPLINE_SURFACE_WITH_KNOTS('',1,1,(
    (#8524,#8525)
    ,(#8526,#8527
    )),.UNSPECIFIED.,.F.,.F.,.F.,(2,2),(2,2),(-1.947271622651E-02,
    5.052573624563E-03),(-6.076085323442E-03,3.192706651796E-02),
  .PIECEWISE_BEZIER_KNOTS.);
#8524 = CARTESIAN_POINT('',(1.046705732826,0.3168782289,1.0510001));
#8525 = CARTESIAN_POINT('',(1.046705732826,0.354881380741,1.0510001));
#8526 = CARTESIAN_POINT('',(1.022180442975,0.3168782289,1.0510001));
#8527 = CARTESIAN_POINT('',(1.022180442975,0.354881380741,1.0510001));
#8528 = ADVANCED_FACE('',(#8529),#8552,.T.);
#8529 = FACE_BOUND('',#8530,.T.);
#8530 = EDGE_LOOP('',(#8531,#8532,#8533,#8534,#8535,#8536,#8537,#8538,
    #8539,#8540,#8541,#8542,#8543,#8544,#8545,#8546,#8547,#8548,#8549,
    #8550,#8551));
#8531 = ORIENTED_EDGE('',*,*,#7788,.F.);
#8532 = ORIENTED_EDGE('',*,*,#8484,.F.);
#8533 = ORIENTED_EDGE('',*,*,#8456,.F.);
#8534 = ORIENTED_EDGE('',*,*,#8420,.F.);
#8535 = ORIENTED_EDGE('',*,*,#8384,.F.);
#8536 = ORIENTED_EDGE('',*,*,#8348,.F.);
#8537 = ORIENTED_EDGE('',*,*,#8312,.F.);
#8538 = ORIENTED_EDGE('',*,*,#8276,.F.);
#8539 = ORIENTED_EDGE('',*,*,#8240,.F.);
#8540 = ORIENTED_EDGE('',*,*,#8195,.F.);
#8541 = ORIENTED_EDGE('',*,*,#8176,.F.);
#8542 = ORIENTED_EDGE('',*,*,#8140,.F.);
#8543 = ORIENTED_EDGE('',*,*,#8104,.F.);
#8544 = ORIENTED_EDGE('',*,*,#8068,.F.);
#8545 = ORIENTED_EDGE('',*,*,#8032,.F.);
#8546 = ORIENTED_EDGE('',*,*,#7996,.F.);
#8547 = ORIENTED_EDGE('',*,*,#7960,.F.);
#8548 = ORIENTED_EDGE('',*,*,#7924,.F.);
#8549 = ORIENTED_EDGE('',*,*,#7888,.F.);
#8550 = ORIENTED_EDGE('',*,*,#7852,.F.);
#8551 = ORIENTED_EDGE('',*,*,#7807,.F.);
#8552 = B_SPLINE_SURFACE_WITH_KNOTS('',1,1,(
    (#8553,#8554)
    ,(#8555,#8556
    )),.UNSPECIFIED.,.F.,.F.,.F.,(2,2),(2,2),(-1.947271622651E-02,
    5.052573624563E-03),(-6.076085323442E-03,3.192706651796E-02),
  .PIECEWISE_BEZIER_KNOTS.);
#8553 = CARTESIAN_POINT('',(1.046705732826,0.3168782289,1.0500001));
#8554 = CARTESIAN_POINT('',(1.046705732826,0.354881380741,1.0500001));
#8555 = CARTESIAN_POINT('',(1.022180442975,0.3168782289,1.0500001));
#8556 = CARTESIAN_POINT('',(1.022180442975,0.354881380741,1.0500001));
#8557 = MANIFOLD_SOLID_BREP('',#8558);
#8558 = CLOSED_SHELL('',(#8559,#8595,#8623,#8659,#8687,#8715,#8743,#8771
    ,#8799,#8827,#8863,#8899,#8927,#8963,#8999,#9019,#9042));
#8559 = ADVANCED_FACE('',(#8560),#8590,.F.);
#8560 = FACE_BOUND('',#8561,.T.);
#8561 = EDGE_LOOP('',(#8562,#8571,#8578,#8585));
#8562 = ORIENTED_EDGE('',*,*,#8563,.T.);
#8563 = EDGE_CURVE('',#8564,#8566,#8568,.T.);
#8564 = VERTEX_POINT('',#8565);
#8565 = CARTESIAN_POINT('',(1.084877845329,0.354049574408,1.0500001));
#8566 = VERTEX_POINT('',#8567);
#8567 = CARTESIAN_POINT('',(1.078275382561,0.354049574408,1.0500001));
#8568 = B_SPLINE_CURVE_WITH_KNOTS('',1,(#8569,#8570),.UNSPECIFIED.,.F.,
  .F.,(2,2),(-6.602462768368E-03,-0.),.PIECEWISE_BEZIER_KNOTS.);
#8569 = CARTESIAN_POINT('',(1.084877845329,0.354049574408,1.0500001));
#8570 = CARTESIAN_POINT('',(1.078275382561,0.354049574408,1.0500001));
#8571 = ORIENTED_EDGE('',*,*,#8572,.F.);
#8572 = EDGE_CURVE('',#8573,#8566,#8575,.T.);
#8573 = VERTEX_POINT('',#8574);
#8574 = CARTESIAN_POINT('',(1.078275382561,0.354049574408,1.0510001));
#8575 = B_SPLINE_CURVE_WITH_KNOTS('',1,(#8576,#8577),.UNSPECIFIED.,.F.,
  .F.,(2,2),(-0.,1.E-03),.PIECEWISE_BEZIER_KNOTS.);
#8576 = CARTESIAN_POINT('',(1.078275382561,0.354049574408,1.0510001));
#8577 = CARTESIAN_POINT('',(1.078275382561,0.354049574408,1.0500001));
#8578 = ORIENTED_EDGE('',*,*,#8579,.F.);
#8579 = EDGE_CURVE('',#8580,#8573,#8582,.T.);
#8580 = VERTEX_POINT('',#8581);
#8581 = CARTESIAN_POINT('',(1.084877845329,0.354049574408,1.0510001));
#8582 = B_SPLINE_CURVE_WITH_KNOTS('',1,(#8583,#8584),.UNSPECIFIED.,.F.,
  .F.,(2,2),(-6.602462768368E-03,-0.),.PIECEWISE_BEZIER_KNOTS.);
#8583 = CARTESIAN_POINT('',(1.084877845329,0.354049574408,1.0510001));
#8584 = CARTESIAN_POINT('',(1.078275382561,0.354049574408,1.0510001));
#8585 = ORIENTED_EDGE('',*,*,#8586,.T.);
#8586 = EDGE_CURVE('',#8580,#8564,#8587,.T.);
#8587 = B_SPLINE_CURVE_WITH_KNOTS('',1,(#8588,#8589),.UNSPECIFIED.,.F.,
  .F.,(2,2),(-0.,1.E-03),.PIECEWISE_BEZIER_KNOTS.);
#8588 = CARTESIAN_POINT('',(1.084877845329,0.354049574408,1.0510001));
#8589 = CARTESIAN_POINT('',(1.084877845329,0.354049574408,1.0500001));
#8590 = B_SPLINE_SURFACE_WITH_KNOTS('',1,1,(
    (#8591,#8592)
    ,(#8593,#8594
    )),.UNSPECIFIED.,.F.,.F.,.F.,(2,2),(2,2),(0.,1.E-03),(0.,
    6.602462768368E-03),.PIECEWISE_BEZIER_KNOTS.);
#8591 = CARTESIAN_POINT('',(1.078275382561,0.354049574408,1.0510001));
#8592 = CARTESIAN_POINT('',(1.084877845329,0.354049574408,1.0510001));
#8593 = CARTESIAN_POINT('',(1.078275382561,0.354049574408,1.0500001));
#8594 = CARTESIAN_POINT('',(1.084877845329,0.354049574408,1.0500001));
#8595 = ADVANCED_FACE('',(#8596),#8618,.F.);
#8596 = FACE_BOUND('',#8597,.T.);
#8597 = EDGE_LOOP('',(#8598,#8605,#8612,#8617));
#8598 = ORIENTED_EDGE('',*,*,#8599,.T.);
#8599 = EDGE_CURVE('',#8566,#8600,#8602,.T.);
#8600 = VERTEX_POINT('',#8601);
#8601 = CARTESIAN_POINT('',(1.068358691434,0.326703941209,1.0500001));
#8602 = B_SPLINE_CURVE_WITH_KNOTS('',1,(#8603,#8604),.UNSPECIFIED.,.F.,
  .F.,(2,2),(-2.908821785486E-02,-5.218565082287E-17),
  .PIECEWISE_BEZIER_KNOTS.);
#8603 = CARTESIAN_POINT('',(1.078275382561,0.354049574408,1.0500001));
#8604 = CARTESIAN_POINT('',(1.068358691434,0.326703941209,1.0500001));
#8605 = ORIENTED_EDGE('',*,*,#8606,.F.);
#8606 = EDGE_CURVE('',#8607,#8600,#8609,.T.);
#8607 = VERTEX_POINT('',#8608);
#8608 = CARTESIAN_POINT('',(1.068358691434,0.326703941209,1.0510001));
#8609 = B_SPLINE_CURVE_WITH_KNOTS('',1,(#8610,#8611),.UNSPECIFIED.,.F.,
  .F.,(2,2),(-0.,1.E-03),.PIECEWISE_BEZIER_KNOTS.);
#8610 = CARTESIAN_POINT('',(1.068358691434,0.326703941209,1.0510001));
#8611 = CARTESIAN_POINT('',(1.068358691434,0.326703941209,1.0500001));
#8612 = ORIENTED_EDGE('',*,*,#8613,.F.);
#8613 = EDGE_CURVE('',#8573,#8607,#8614,.T.);
#8614 = B_SPLINE_CURVE_WITH_KNOTS('',1,(#8615,#8616),.UNSPECIFIED.,.F.,
  .F.,(2,2),(-2.908821785486E-02,-5.218565082287E-17),
  .PIECEWISE_BEZIER_KNOTS.);
#8615 = CARTESIAN_POINT('',(1.078275382561,0.354049574408,1.0510001));
#8616 = CARTESIAN_POINT('',(1.068358691434,0.326703941209,1.0510001));
#8617 = ORIENTED_EDGE('',*,*,#8572,.T.);
#8618 = B_SPLINE_SURFACE_WITH_KNOTS('',1,1,(
    (#8619,#8620)
    ,(#8621,#8622
    )),.UNSPECIFIED.,.F.,.F.,.F.,(2,2),(2,2),(5.218565082287E-17,
    2.908821785486E-02),(-1.E-03,0.),.PIECEWISE_BEZIER_KNOTS.);
#8619 = CARTESIAN_POINT('',(1.068358691434,0.326703941209,1.0500001));
#8620 = CARTESIAN_POINT('',(1.068358691434,0.326703941209,1.0510001));
#8621 = CARTESIAN_POINT('',(1.078275382561,0.354049574408,1.0500001));
#8622 = CARTESIAN_POINT('',(1.078275382561,0.354049574408,1.0510001));
#8623 = ADVANCED_FACE('',(#8624),#8650,.F.);
#8624 = FACE_BOUND('',#8625,.F.);
#8625 = EDGE_LOOP('',(#8626,#8627,#8636,#8643));
#8626 = ORIENTED_EDGE('',*,*,#8606,.F.);
#8627 = ORIENTED_EDGE('',*,*,#8628,.T.);
#8628 = EDGE_CURVE('',#8607,#8629,#8631,.T.);
#8629 = VERTEX_POINT('',#8630);
#8630 = CARTESIAN_POINT('',(1.067578872996,0.323766625095,1.0510001));
#8631 = B_SPLINE_CURVE_WITH_KNOTS('',3,(#8632,#8633,#8634,#8635),
  .UNSPECIFIED.,.F.,.F.,(4,4),(12.,13.),.PIECEWISE_BEZIER_KNOTS.);
#8632 = CARTESIAN_POINT('',(1.068358691434,0.326703941209,1.0510001));
#8633 = CARTESIAN_POINT('',(1.067968782215,0.325430237762,1.0510001));
#8634 = CARTESIAN_POINT('',(1.067708842736,0.324442467741,1.0510001));
#8635 = CARTESIAN_POINT('',(1.067578872996,0.323766625095,1.0510001));
#8636 = ORIENTED_EDGE('',*,*,#8637,.T.);
#8637 = EDGE_CURVE('',#8629,#8638,#8640,.T.);
#8638 = VERTEX_POINT('',#8639);
#8639 = CARTESIAN_POINT('',(1.067578872996,0.323766625095,1.0500001));
#8640 = B_SPLINE_CURVE_WITH_KNOTS('',1,(#8641,#8642),.UNSPECIFIED.,.F.,
  .F.,(2,2),(-0.,1.E-03),.PIECEWISE_BEZIER_KNOTS.);
#8641 = CARTESIAN_POINT('',(1.067578872996,0.323766625095,1.0510001));
#8642 = CARTESIAN_POINT('',(1.067578872996,0.323766625095,1.0500001));
#8643 = ORIENTED_EDGE('',*,*,#8644,.F.);
#8644 = EDGE_CURVE('',#8600,#8638,#8645,.T.);
#8645 = B_SPLINE_CURVE_WITH_KNOTS('',3,(#8646,#8647,#8648,#8649),
  .UNSPECIFIED.,.F.,.F.,(4,4),(12.,13.),.PIECEWISE_BEZIER_KNOTS.);
#8646 = CARTESIAN_POINT('',(1.068358691434,0.326703941209,1.0500001));
#8647 = CARTESIAN_POINT('',(1.067968782215,0.325430237762,1.0500001));
#8648 = CARTESIAN_POINT('',(1.067708842736,0.324442467741,1.0500001));
#8649 = CARTESIAN_POINT('',(1.067578872996,0.323766625095,1.0500001));
#8650 = B_SPLINE_SURFACE_WITH_KNOTS('',3,1,(
    (#8651,#8652)
    ,(#8653,#8654)
    ,(#8655,#8656)
    ,(#8657,#8658
    )),.UNSPECIFIED.,.F.,.F.,.F.,(4,4),(2,2),(12.,13.),(0.,1.),
  .PIECEWISE_BEZIER_KNOTS.);
#8651 = CARTESIAN_POINT('',(1.068358691434,0.326703941209,1.0510001));
#8652 = CARTESIAN_POINT('',(1.068358691434,0.326703941209,1.0500001));
#8653 = CARTESIAN_POINT('',(1.067968782215,0.325430237762,1.0510001));
#8654 = CARTESIAN_POINT('',(1.067968782215,0.325430237762,1.0500001));
#8655 = CARTESIAN_POINT('',(1.067708842736,0.324442467741,1.0510001));
#8656 = CARTESIAN_POINT('',(1.067708842736,0.324442467741,1.0500001));
#8657 = CARTESIAN_POINT('',(1.067578872996,0.323766625095,1.0510001));
#8658 = CARTESIAN_POINT('',(1.067578872996,0.323766625095,1.0500001));
#8659 = ADVANCED_FACE('',(#8660),#8682,.F.);
#8660 = FACE_BOUND('',#8661,.T.);
#8661 = EDGE_LOOP('',(#8662,#8669,#8676,#8681));
#8662 = ORIENTED_EDGE('',*,*,#8663,.T.);
#8663 = EDGE_CURVE('',#8638,#8664,#8666,.T.);
#8664 = VERTEX_POINT('',#8665);
#8665 = CARTESIAN_POINT('',(1.067409912335,0.323766625095,1.0500001));
#8666 = B_SPLINE_CURVE_WITH_KNOTS('',1,(#8667,#8668),.UNSPECIFIED.,.F.,
  .F.,(2,2),(-1.689606612088E-04,-0.),.PIECEWISE_BEZIER_KNOTS.);
#8667 = CARTESIAN_POINT('',(1.067578872996,0.323766625095,1.0500001));
#8668 = CARTESIAN_POINT('',(1.067409912335,0.323766625095,1.0500001));
#8669 = ORIENTED_EDGE('',*,*,#8670,.F.);
#8670 = EDGE_CURVE('',#8671,#8664,#8673,.T.);
#8671 = VERTEX_POINT('',#8672);
#8672 = CARTESIAN_POINT('',(1.067409912335,0.323766625095,1.0510001));
#8673 = B_SPLINE_CURVE_WITH_KNOTS('',1,(#8674,#8675),.UNSPECIFIED.,.F.,
  .F.,(2,2),(-0.,1.E-03),.PIECEWISE_BEZIER_KNOTS.);
#8674 = CARTESIAN_POINT('',(1.067409912335,0.323766625095,1.0510001));
#8675 = CARTESIAN_POINT('',(1.067409912335,0.323766625095,1.0500001));
#8676 = ORIENTED_EDGE('',*,*,#8677,.F.);
#8677 = EDGE_CURVE('',#8629,#8671,#8678,.T.);
#8678 = B_SPLINE_CURVE_WITH_KNOTS('',1,(#8679,#8680),.UNSPECIFIED.,.F.,
  .F.,(2,2),(-1.689606612088E-04,-0.),.PIECEWISE_BEZIER_KNOTS.);
#8679 = CARTESIAN_POINT('',(1.067578872996,0.323766625095,1.0510001));
#8680 = CARTESIAN_POINT('',(1.067409912335,0.323766625095,1.0510001));
#8681 = ORIENTED_EDGE('',*,*,#8637,.T.);
#8682 = B_SPLINE_SURFACE_WITH_KNOTS('',1,1,(
    (#8683,#8684)
    ,(#8685,#8686
    )),.UNSPECIFIED.,.F.,.F.,.F.,(2,2),(2,2),(0.,1.E-03),(0.,
    1.689606612088E-04),.PIECEWISE_BEZIER_KNOTS.);
#8683 = CARTESIAN_POINT('',(1.067409912335,0.323766625095,1.0510001));
#8684 = CARTESIAN_POINT('',(1.067578872996,0.323766625095,1.0510001));
#8685 = CARTESIAN_POINT('',(1.067409912335,0.323766625095,1.0500001));
#8686 = CARTESIAN_POINT('',(1.067578872996,0.323766625095,1.0500001));
#8687 = ADVANCED_FACE('',(#8688),#8710,.F.);
#8688 = FACE_BOUND('',#8689,.T.);
#8689 = EDGE_LOOP('',(#8690,#8697,#8704,#8709));
#8690 = ORIENTED_EDGE('',*,*,#8691,.T.);
#8691 = EDGE_CURVE('',#8664,#8692,#8694,.T.);
#8692 = VERTEX_POINT('',#8693);
#8693 = CARTESIAN_POINT('',(1.066630093898,0.326755929105,1.0500001));
#8694 = B_SPLINE_CURVE_WITH_KNOTS('',1,(#8695,#8696),.UNSPECIFIED.,.F.,
  .F.,(2,2),(-3.089345441405E-03,0.),.PIECEWISE_BEZIER_KNOTS.);
#8695 = CARTESIAN_POINT('',(1.067409912335,0.323766625095,1.0500001));
#8696 = CARTESIAN_POINT('',(1.066630093898,0.326755929105,1.0500001));
#8697 = ORIENTED_EDGE('',*,*,#8698,.F.);
#8698 = EDGE_CURVE('',#8699,#8692,#8701,.T.);
#8699 = VERTEX_POINT('',#8700);
#8700 = CARTESIAN_POINT('',(1.066630093898,0.326755929105,1.0510001));
#8701 = B_SPLINE_CURVE_WITH_KNOTS('',1,(#8702,#8703),.UNSPECIFIED.,.F.,
  .F.,(2,2),(-0.,1.E-03),.PIECEWISE_BEZIER_KNOTS.);
#8702 = CARTESIAN_POINT('',(1.066630093898,0.326755929105,1.0510001));
#8703 = CARTESIAN_POINT('',(1.066630093898,0.326755929105,1.0500001));
#8704 = ORIENTED_EDGE('',*,*,#8705,.F.);
#8705 = EDGE_CURVE('',#8671,#8699,#8706,.T.);
#8706 = B_SPLINE_CURVE_WITH_KNOTS('',1,(#8707,#8708),.UNSPECIFIED.,.F.,
  .F.,(2,2),(-3.089345441405E-03,0.),.PIECEWISE_BEZIER_KNOTS.);
#8707 = CARTESIAN_POINT('',(1.067409912335,0.323766625095,1.0510001));
#8708 = CARTESIAN_POINT('',(1.066630093898,0.326755929105,1.0510001));
#8709 = ORIENTED_EDGE('',*,*,#8670,.T.);
#8710 = B_SPLINE_SURFACE_WITH_KNOTS('',1,1,(
    (#8711,#8712)
    ,(#8713,#8714
    )),.UNSPECIFIED.,.F.,.F.,.F.,(2,2),(2,2),(0.,3.089345441405E-03),(
    -1.E-03,0.),.PIECEWISE_BEZIER_KNOTS.);
#8711 = CARTESIAN_POINT('',(1.066630093898,0.326755929105,1.0500001));
#8712 = CARTESIAN_POINT('',(1.066630093898,0.326755929105,1.0510001));
#8713 = CARTESIAN_POINT('',(1.067409912335,0.323766625095,1.0500001));
#8714 = CARTESIAN_POINT('',(1.067409912335,0.323766625095,1.0510001));
#8715 = ADVANCED_FACE('',(#8716),#8738,.F.);
#8716 = FACE_BOUND('',#8717,.T.);
#8717 = EDGE_LOOP('',(#8718,#8725,#8732,#8737));
#8718 = ORIENTED_EDGE('',*,*,#8719,.T.);
#8719 = EDGE_CURVE('',#8692,#8720,#8722,.T.);
#8720 = VERTEX_POINT('',#8721);
#8721 = CARTESIAN_POINT('',(1.057142302911,0.354049574408,1.0500001));
#8722 = B_SPLINE_CURVE_WITH_KNOTS('',1,(#8723,#8724),.UNSPECIFIED.,.F.,
  .F.,(2,2),(-2.889569607655E-02,0.),.PIECEWISE_BEZIER_KNOTS.);
#8723 = CARTESIAN_POINT('',(1.066630093898,0.326755929105,1.0500001));
#8724 = CARTESIAN_POINT('',(1.057142302911,0.354049574408,1.0500001));
#8725 = ORIENTED_EDGE('',*,*,#8726,.F.);
#8726 = EDGE_CURVE('',#8727,#8720,#8729,.T.);
#8727 = VERTEX_POINT('',#8728);
#8728 = CARTESIAN_POINT('',(1.057142302911,0.354049574408,1.0510001));
#8729 = B_SPLINE_CURVE_WITH_KNOTS('',1,(#8730,#8731),.UNSPECIFIED.,.F.,
  .F.,(2,2),(-0.,1.E-03),.PIECEWISE_BEZIER_KNOTS.);
#8730 = CARTESIAN_POINT('',(1.057142302911,0.354049574408,1.0510001));
#8731 = CARTESIAN_POINT('',(1.057142302911,0.354049574408,1.0500001));
#8732 = ORIENTED_EDGE('',*,*,#8733,.F.);
#8733 = EDGE_CURVE('',#8699,#8727,#8734,.T.);
#8734 = B_SPLINE_CURVE_WITH_KNOTS('',1,(#8735,#8736),.UNSPECIFIED.,.F.,
  .F.,(2,2),(-2.889569607655E-02,0.),.PIECEWISE_BEZIER_KNOTS.);
#8735 = CARTESIAN_POINT('',(1.066630093898,0.326755929105,1.0510001));
#8736 = CARTESIAN_POINT('',(1.057142302911,0.354049574408,1.0510001));
#8737 = ORIENTED_EDGE('',*,*,#8698,.T.);
#8738 = B_SPLINE_SURFACE_WITH_KNOTS('',1,1,(
    (#8739,#8740)
    ,(#8741,#8742
    )),.UNSPECIFIED.,.F.,.F.,.F.,(2,2),(2,2),(0.,2.889569607655E-02),(
    -1.E-03,0.),.PIECEWISE_BEZIER_KNOTS.);
#8739 = CARTESIAN_POINT('',(1.057142302911,0.354049574408,1.0500001));
#8740 = CARTESIAN_POINT('',(1.057142302911,0.354049574408,1.0510001));
#8741 = CARTESIAN_POINT('',(1.066630093898,0.326755929105,1.0500001));
#8742 = CARTESIAN_POINT('',(1.066630093898,0.326755929105,1.0510001));
#8743 = ADVANCED_FACE('',(#8744),#8766,.F.);
#8744 = FACE_BOUND('',#8745,.T.);
#8745 = EDGE_LOOP('',(#8746,#8753,#8760,#8765));
#8746 = ORIENTED_EDGE('',*,*,#8747,.T.);
#8747 = EDGE_CURVE('',#8720,#8748,#8750,.T.);
#8748 = VERTEX_POINT('',#8749);
#8749 = CARTESIAN_POINT('',(1.050019961185,0.354049574408,1.0500001));
#8750 = B_SPLINE_CURVE_WITH_KNOTS('',1,(#8751,#8752),.UNSPECIFIED.,.F.,
  .F.,(2,2),(-7.122341726799E-03,-0.),.PIECEWISE_BEZIER_KNOTS.);
#8751 = CARTESIAN_POINT('',(1.057142302911,0.354049574408,1.0500001));
#8752 = CARTESIAN_POINT('',(1.050019961185,0.354049574408,1.0500001));
#8753 = ORIENTED_EDGE('',*,*,#8754,.F.);
#8754 = EDGE_CURVE('',#8755,#8748,#8757,.T.);
#8755 = VERTEX_POINT('',#8756);
#8756 = CARTESIAN_POINT('',(1.050019961185,0.354049574408,1.0510001));
#8757 = B_SPLINE_CURVE_WITH_KNOTS('',1,(#8758,#8759),.UNSPECIFIED.,.F.,
  .F.,(2,2),(-0.,1.E-03),.PIECEWISE_BEZIER_KNOTS.);
#8758 = CARTESIAN_POINT('',(1.050019961185,0.354049574408,1.0510001));
#8759 = CARTESIAN_POINT('',(1.050019961185,0.354049574408,1.0500001));
#8760 = ORIENTED_EDGE('',*,*,#8761,.F.);
#8761 = EDGE_CURVE('',#8727,#8755,#8762,.T.);
#8762 = B_SPLINE_CURVE_WITH_KNOTS('',1,(#8763,#8764),.UNSPECIFIED.,.F.,
  .F.,(2,2),(-7.122341726799E-03,-0.),.PIECEWISE_BEZIER_KNOTS.);
#8763 = CARTESIAN_POINT('',(1.057142302911,0.354049574408,1.0510001));
#8764 = CARTESIAN_POINT('',(1.050019961185,0.354049574408,1.0510001));
#8765 = ORIENTED_EDGE('',*,*,#8726,.T.);
#8766 = B_SPLINE_SURFACE_WITH_KNOTS('',1,1,(
    (#8767,#8768)
    ,(#8769,#8770
    )),.UNSPECIFIED.,.F.,.F.,.F.,(2,2),(2,2),(0.,1.E-03),(0.,
    7.122341726799E-03),.PIECEWISE_BEZIER_KNOTS.);
#8767 = CARTESIAN_POINT('',(1.050019961185,0.354049574408,1.0510001));
#8768 = CARTESIAN_POINT('',(1.057142302911,0.354049574408,1.0510001));
#8769 = CARTESIAN_POINT('',(1.050019961185,0.354049574408,1.0500001));
#8770 = CARTESIAN_POINT('',(1.057142302911,0.354049574408,1.0500001));
#8771 = ADVANCED_FACE('',(#8772),#8794,.F.);
#8772 = FACE_BOUND('',#8773,.T.);
#8773 = EDGE_LOOP('',(#8774,#8781,#8788,#8793));
#8774 = ORIENTED_EDGE('',*,*,#8775,.T.);
#8775 = EDGE_CURVE('',#8748,#8776,#8778,.T.);
#8776 = VERTEX_POINT('',#8777);
#8777 = CARTESIAN_POINT('',(1.064264644638,0.317814011025,1.0500001));
#8778 = B_SPLINE_CURVE_WITH_KNOTS('',1,(#8779,#8780),.UNSPECIFIED.,.F.,
  .F.,(2,2),(-3.893490799295E-02,0.),.PIECEWISE_BEZIER_KNOTS.);
#8779 = CARTESIAN_POINT('',(1.050019961185,0.354049574408,1.0500001));
#8780 = CARTESIAN_POINT('',(1.064264644638,0.317814011025,1.0500001));
#8781 = ORIENTED_EDGE('',*,*,#8782,.F.);
#8782 = EDGE_CURVE('',#8783,#8776,#8785,.T.);
#8783 = VERTEX_POINT('',#8784);
#8784 = CARTESIAN_POINT('',(1.064264644638,0.317814011025,1.0510001));
#8785 = B_SPLINE_CURVE_WITH_KNOTS('',1,(#8786,#8787),.UNSPECIFIED.,.F.,
  .F.,(2,2),(-0.,1.E-03),.PIECEWISE_BEZIER_KNOTS.);
#8786 = CARTESIAN_POINT('',(1.064264644638,0.317814011025,1.0510001));
#8787 = CARTESIAN_POINT('',(1.064264644638,0.317814011025,1.0500001));
#8788 = ORIENTED_EDGE('',*,*,#8789,.F.);
#8789 = EDGE_CURVE('',#8755,#8783,#8790,.T.);
#8790 = B_SPLINE_CURVE_WITH_KNOTS('',1,(#8791,#8792),.UNSPECIFIED.,.F.,
  .F.,(2,2),(-3.893490799295E-02,0.),.PIECEWISE_BEZIER_KNOTS.);
#8791 = CARTESIAN_POINT('',(1.050019961185,0.354049574408,1.0510001));
#8792 = CARTESIAN_POINT('',(1.064264644638,0.317814011025,1.0510001));
#8793 = ORIENTED_EDGE('',*,*,#8754,.T.);
#8794 = B_SPLINE_SURFACE_WITH_KNOTS('',1,1,(
    (#8795,#8796)
    ,(#8797,#8798
    )),.UNSPECIFIED.,.F.,.F.,.F.,(2,2),(2,2),(0.,3.893490799295E-02),(
    -1.E-03,0.),.PIECEWISE_BEZIER_KNOTS.);
#8795 = CARTESIAN_POINT('',(1.064264644638,0.317814011025,1.0500001));
#8796 = CARTESIAN_POINT('',(1.064264644638,0.317814011025,1.0510001));
#8797 = CARTESIAN_POINT('',(1.050019961185,0.354049574408,1.0500001));
#8798 = CARTESIAN_POINT('',(1.050019961185,0.354049574408,1.0510001));
#8799 = ADVANCED_FACE('',(#8800),#8822,.F.);
#8800 = FACE_BOUND('',#8801,.T.);
#8801 = EDGE_LOOP('',(#8802,#8809,#8816,#8821));
#8802 = ORIENTED_EDGE('',*,*,#8803,.T.);
#8803 = EDGE_CURVE('',#8776,#8804,#8806,.T.);
#8804 = VERTEX_POINT('',#8805);
#8805 = CARTESIAN_POINT('',(1.061470295238,0.311211548256,1.0500001));
#8806 = B_SPLINE_CURVE_WITH_KNOTS('',1,(#8807,#8808),.UNSPECIFIED.,.F.,
  .F.,(2,2),(-7.169442320203E-03,-8.654371998273E-17),
  .PIECEWISE_BEZIER_KNOTS.);
#8807 = CARTESIAN_POINT('',(1.064264644638,0.317814011025,1.0500001));
#8808 = CARTESIAN_POINT('',(1.061470295238,0.311211548256,1.0500001));
#8809 = ORIENTED_EDGE('',*,*,#8810,.F.);
#8810 = EDGE_CURVE('',#8811,#8804,#8813,.T.);
#8811 = VERTEX_POINT('',#8812);
#8812 = CARTESIAN_POINT('',(1.061470295238,0.311211548256,1.0510001));
#8813 = B_SPLINE_CURVE_WITH_KNOTS('',1,(#8814,#8815),.UNSPECIFIED.,.F.,
  .F.,(2,2),(-0.,1.E-03),.PIECEWISE_BEZIER_KNOTS.);
#8814 = CARTESIAN_POINT('',(1.061470295238,0.311211548256,1.0510001));
#8815 = CARTESIAN_POINT('',(1.061470295238,0.311211548256,1.0500001));
#8816 = ORIENTED_EDGE('',*,*,#8817,.F.);
#8817 = EDGE_CURVE('',#8783,#8811,#8818,.T.);
#8818 = B_SPLINE_CURVE_WITH_KNOTS('',1,(#8819,#8820),.UNSPECIFIED.,.F.,
  .F.,(2,2),(-7.169442320203E-03,-8.654371998273E-17),
  .PIECEWISE_BEZIER_KNOTS.);
#8819 = CARTESIAN_POINT('',(1.064264644638,0.317814011025,1.0510001));
#8820 = CARTESIAN_POINT('',(1.061470295238,0.311211548256,1.0510001));
#8821 = ORIENTED_EDGE('',*,*,#8782,.T.);
#8822 = B_SPLINE_SURFACE_WITH_KNOTS('',1,1,(
    (#8823,#8824)
    ,(#8825,#8826
    )),.UNSPECIFIED.,.F.,.F.,.F.,(2,2),(2,2),(5.112117412816E-17,
    7.169442320203E-03),(-1.E-03,0.),.PIECEWISE_BEZIER_KNOTS.);
#8823 = CARTESIAN_POINT('',(1.061470295238,0.311211548256,1.0500001));
#8824 = CARTESIAN_POINT('',(1.061470295238,0.311211548256,1.0510001));
#8825 = CARTESIAN_POINT('',(1.064264644638,0.317814011025,1.0500001));
#8826 = CARTESIAN_POINT('',(1.064264644638,0.317814011025,1.0510001));
#8827 = ADVANCED_FACE('',(#8828),#8854,.F.);
#8828 = FACE_BOUND('',#8829,.F.);
#8829 = EDGE_LOOP('',(#8830,#8831,#8840,#8847));
#8830 = ORIENTED_EDGE('',*,*,#8810,.F.);
#8831 = ORIENTED_EDGE('',*,*,#8832,.T.);
#8832 = EDGE_CURVE('',#8811,#8833,#8835,.T.);
#8833 = VERTEX_POINT('',#8834);
#8834 = CARTESIAN_POINT('',(1.054945814313,0.306090740518,1.0510001));
#8835 = B_SPLINE_CURVE_WITH_KNOTS('',3,(#8836,#8837,#8838,#8839),
  .UNSPECIFIED.,.F.,.F.,(4,4),(5.,6.),.PIECEWISE_BEZIER_KNOTS.);
#8836 = CARTESIAN_POINT('',(1.061470295238,0.311211548256,1.0510001));
#8837 = CARTESIAN_POINT('',(1.060027631129,0.307780347132,1.0510001));
#8838 = CARTESIAN_POINT('',(1.057857136479,0.306090740518,1.0510001));
#8839 = CARTESIAN_POINT('',(1.054945814313,0.306090740518,1.0510001));
#8840 = ORIENTED_EDGE('',*,*,#8841,.T.);
#8841 = EDGE_CURVE('',#8833,#8842,#8844,.T.);
#8842 = VERTEX_POINT('',#8843);
#8843 = CARTESIAN_POINT('',(1.054945814313,0.306090740518,1.0500001));
#8844 = B_SPLINE_CURVE_WITH_KNOTS('',1,(#8845,#8846),.UNSPECIFIED.,.F.,
  .F.,(2,2),(-0.,1.E-03),.PIECEWISE_BEZIER_KNOTS.);
#8845 = CARTESIAN_POINT('',(1.054945814313,0.306090740518,1.0510001));
#8846 = CARTESIAN_POINT('',(1.054945814313,0.306090740518,1.0500001));
#8847 = ORIENTED_EDGE('',*,*,#8848,.F.);
#8848 = EDGE_CURVE('',#8804,#8842,#8849,.T.);
#8849 = B_SPLINE_CURVE_WITH_KNOTS('',3,(#8850,#8851,#8852,#8853),
  .UNSPECIFIED.,.F.,.F.,(4,4),(5.,6.),.PIECEWISE_BEZIER_KNOTS.);
#8850 = CARTESIAN_POINT('',(1.061470295238,0.311211548256,1.0500001));
#8851 = CARTESIAN_POINT('',(1.060027631129,0.307780347132,1.0500001));
#8852 = CARTESIAN_POINT('',(1.057857136479,0.306090740518,1.0500001));
#8853 = CARTESIAN_POINT('',(1.054945814313,0.306090740518,1.0500001));
#8854 = B_SPLINE_SURFACE_WITH_KNOTS('',3,1,(
    (#8855,#8856)
    ,(#8857,#8858)
    ,(#8859,#8860)
    ,(#8861,#8862
    )),.UNSPECIFIED.,.F.,.F.,.F.,(4,4),(2,2),(5.,6.),(0.,1.),
  .PIECEWISE_BEZIER_KNOTS.);
#8855 = CARTESIAN_POINT('',(1.061470295238,0.311211548256,1.0510001));
#8856 = CARTESIAN_POINT('',(1.061470295238,0.311211548256,1.0500001));
#8857 = CARTESIAN_POINT('',(1.060027631129,0.307780347132,1.0510001));
#8858 = CARTESIAN_POINT('',(1.060027631129,0.307780347132,1.0500001));
#8859 = CARTESIAN_POINT('',(1.057857136479,0.306090740518,1.0510001));
#8860 = CARTESIAN_POINT('',(1.057857136479,0.306090740518,1.0500001));
#8861 = CARTESIAN_POINT('',(1.054945814313,0.306090740518,1.0510001));
#8862 = CARTESIAN_POINT('',(1.054945814313,0.306090740518,1.0500001));
#8863 = ADVANCED_FACE('',(#8864),#8890,.F.);
#8864 = FACE_BOUND('',#8865,.F.);
#8865 = EDGE_LOOP('',(#8866,#8867,#8876,#8883));
#8866 = ORIENTED_EDGE('',*,*,#8841,.F.);
#8867 = ORIENTED_EDGE('',*,*,#8868,.T.);
#8868 = EDGE_CURVE('',#8833,#8869,#8871,.T.);
#8869 = VERTEX_POINT('',#8870);
#8870 = CARTESIAN_POINT('',(1.051332655554,0.30681857106,1.0510001));
#8871 = B_SPLINE_CURVE_WITH_KNOTS('',3,(#8872,#8873,#8874,#8875),
  .UNSPECIFIED.,.F.,.F.,(4,4),(4.,5.),.PIECEWISE_BEZIER_KNOTS.);
#8872 = CARTESIAN_POINT('',(1.054945814313,0.306090740518,1.0510001));
#8873 = CARTESIAN_POINT('',(1.053776086657,0.306090740518,1.0510001));
#8874 = CARTESIAN_POINT('',(1.052580365054,0.306324686049,1.0510001));
#8875 = CARTESIAN_POINT('',(1.051332655554,0.30681857106,1.0510001));
#8876 = ORIENTED_EDGE('',*,*,#8877,.T.);
#8877 = EDGE_CURVE('',#8869,#8878,#8880,.T.);
#8878 = VERTEX_POINT('',#8879);
#8879 = CARTESIAN_POINT('',(1.051332655554,0.30681857106,1.0500001));
#8880 = B_SPLINE_CURVE_WITH_KNOTS('',1,(#8881,#8882),.UNSPECIFIED.,.F.,
  .F.,(2,2),(-0.,1.E-03),.PIECEWISE_BEZIER_KNOTS.);
#8881 = CARTESIAN_POINT('',(1.051332655554,0.30681857106,1.0510001));
#8882 = CARTESIAN_POINT('',(1.051332655554,0.30681857106,1.0500001));
#8883 = ORIENTED_EDGE('',*,*,#8884,.F.);
#8884 = EDGE_CURVE('',#8842,#8878,#8885,.T.);
#8885 = B_SPLINE_CURVE_WITH_KNOTS('',3,(#8886,#8887,#8888,#8889),
  .UNSPECIFIED.,.F.,.F.,(4,4),(4.,5.),.PIECEWISE_BEZIER_KNOTS.);
#8886 = CARTESIAN_POINT('',(1.054945814313,0.306090740518,1.0500001));
#8887 = CARTESIAN_POINT('',(1.053776086657,0.306090740518,1.0500001));
#8888 = CARTESIAN_POINT('',(1.052580365054,0.306324686049,1.0500001));
#8889 = CARTESIAN_POINT('',(1.051332655554,0.30681857106,1.0500001));
#8890 = B_SPLINE_SURFACE_WITH_KNOTS('',3,1,(
    (#8891,#8892)
    ,(#8893,#8894)
    ,(#8895,#8896)
    ,(#8897,#8898
    )),.UNSPECIFIED.,.F.,.F.,.F.,(4,4),(2,2),(4.,5.),(0.,1.),
  .PIECEWISE_BEZIER_KNOTS.);
#8891 = CARTESIAN_POINT('',(1.054945814313,0.306090740518,1.0510001));
#8892 = CARTESIAN_POINT('',(1.054945814313,0.306090740518,1.0500001));
#8893 = CARTESIAN_POINT('',(1.053776086657,0.306090740518,1.0510001));
#8894 = CARTESIAN_POINT('',(1.053776086657,0.306090740518,1.0500001));
#8895 = CARTESIAN_POINT('',(1.052580365054,0.306324686049,1.0510001));
#8896 = CARTESIAN_POINT('',(1.052580365054,0.306324686049,1.0500001));
#8897 = CARTESIAN_POINT('',(1.051332655554,0.30681857106,1.0510001));
#8898 = CARTESIAN_POINT('',(1.051332655554,0.30681857106,1.0500001));
#8899 = ADVANCED_FACE('',(#8900),#8922,.F.);
#8900 = FACE_BOUND('',#8901,.T.);
#8901 = EDGE_LOOP('',(#8902,#8909,#8916,#8921));
#8902 = ORIENTED_EDGE('',*,*,#8903,.T.);
#8903 = EDGE_CURVE('',#8878,#8904,#8906,.T.);
#8904 = VERTEX_POINT('',#8905);
#8905 = CARTESIAN_POINT('',(1.051332655554,0.301151890415,1.0500001));
#8906 = B_SPLINE_CURVE_WITH_KNOTS('',1,(#8907,#8908),.UNSPECIFIED.,.F.,
  .F.,(2,2),(-5.666680644054E-03,-5.551115123126E-17),
  .PIECEWISE_BEZIER_KNOTS.);
#8907 = CARTESIAN_POINT('',(1.051332655554,0.30681857106,1.0500001));
#8908 = CARTESIAN_POINT('',(1.051332655554,0.301151890415,1.0500001));
#8909 = ORIENTED_EDGE('',*,*,#8910,.F.);
#8910 = EDGE_CURVE('',#8911,#8904,#8913,.T.);
#8911 = VERTEX_POINT('',#8912);
#8912 = CARTESIAN_POINT('',(1.051332655554,0.301151890415,1.0510001));
#8913 = B_SPLINE_CURVE_WITH_KNOTS('',1,(#8914,#8915),.UNSPECIFIED.,.F.,
  .F.,(2,2),(-0.,1.E-03),.PIECEWISE_BEZIER_KNOTS.);
#8914 = CARTESIAN_POINT('',(1.051332655554,0.301151890415,1.0510001));
#8915 = CARTESIAN_POINT('',(1.051332655554,0.301151890415,1.0500001));
#8916 = ORIENTED_EDGE('',*,*,#8917,.F.);
#8917 = EDGE_CURVE('',#8869,#8911,#8918,.T.);
#8918 = B_SPLINE_CURVE_WITH_KNOTS('',1,(#8919,#8920),.UNSPECIFIED.,.F.,
  .F.,(2,2),(-5.666680644054E-03,-5.551115123126E-17),
  .PIECEWISE_BEZIER_KNOTS.);
#8919 = CARTESIAN_POINT('',(1.051332655554,0.30681857106,1.0510001));
#8920 = CARTESIAN_POINT('',(1.051332655554,0.301151890415,1.0510001));
#8921 = ORIENTED_EDGE('',*,*,#8877,.T.);
#8922 = B_SPLINE_SURFACE_WITH_KNOTS('',1,1,(
    (#8923,#8924)
    ,(#8925,#8926
    )),.UNSPECIFIED.,.F.,.F.,.F.,(2,2),(2,2),(0.,1.E-03),(
    5.551115123126E-17,5.666680644054E-03),.PIECEWISE_BEZIER_KNOTS.);
#8923 = CARTESIAN_POINT('',(1.051332655554,0.301151890415,1.0510001));
#8924 = CARTESIAN_POINT('',(1.051332655554,0.30681857106,1.0510001));
#8925 = CARTESIAN_POINT('',(1.051332655554,0.301151890415,1.0500001));
#8926 = CARTESIAN_POINT('',(1.051332655554,0.30681857106,1.0500001));
#8927 = ADVANCED_FACE('',(#8928),#8954,.F.);
#8928 = FACE_BOUND('',#8929,.F.);
#8929 = EDGE_LOOP('',(#8930,#8931,#8940,#8947));
#8930 = ORIENTED_EDGE('',*,*,#8910,.F.);
#8931 = ORIENTED_EDGE('',*,*,#8932,.T.);
#8932 = EDGE_CURVE('',#8911,#8933,#8935,.T.);
#8933 = VERTEX_POINT('',#8934);
#8934 = CARTESIAN_POINT('',(1.055439699323,0.300632011457,1.0510001));
#8935 = B_SPLINE_CURVE_WITH_KNOTS('',3,(#8936,#8937,#8938,#8939),
  .UNSPECIFIED.,.F.,.F.,(4,4),(2.,3.),.PIECEWISE_BEZIER_KNOTS.);
#8936 = CARTESIAN_POINT('',(1.051332655554,0.301151890415,1.0510001));
#8937 = CARTESIAN_POINT('',(1.052463392288,0.300813969093,1.0510001));
#8938 = CARTESIAN_POINT('',(1.053841071527,0.300632011457,1.0510001));
#8939 = CARTESIAN_POINT('',(1.055439699323,0.300632011457,1.0510001));
#8940 = ORIENTED_EDGE('',*,*,#8941,.T.);
#8941 = EDGE_CURVE('',#8933,#8942,#8944,.T.);
#8942 = VERTEX_POINT('',#8943);
#8943 = CARTESIAN_POINT('',(1.055439699323,0.300632011457,1.0500001));
#8944 = B_SPLINE_CURVE_WITH_KNOTS('',1,(#8945,#8946),.UNSPECIFIED.,.F.,
  .F.,(2,2),(-0.,1.E-03),.PIECEWISE_BEZIER_KNOTS.);
#8945 = CARTESIAN_POINT('',(1.055439699323,0.300632011457,1.0510001));
#8946 = CARTESIAN_POINT('',(1.055439699323,0.300632011457,1.0500001));
#8947 = ORIENTED_EDGE('',*,*,#8948,.F.);
#8948 = EDGE_CURVE('',#8904,#8942,#8949,.T.);
#8949 = B_SPLINE_CURVE_WITH_KNOTS('',3,(#8950,#8951,#8952,#8953),
  .UNSPECIFIED.,.F.,.F.,(4,4),(2.,3.),.PIECEWISE_BEZIER_KNOTS.);
#8950 = CARTESIAN_POINT('',(1.051332655554,0.301151890415,1.0500001));
#8951 = CARTESIAN_POINT('',(1.052463392288,0.300813969093,1.0500001));
#8952 = CARTESIAN_POINT('',(1.053841071527,0.300632011457,1.0500001));
#8953 = CARTESIAN_POINT('',(1.055439699323,0.300632011457,1.0500001));
#8954 = B_SPLINE_SURFACE_WITH_KNOTS('',3,1,(
    (#8955,#8956)
    ,(#8957,#8958)
    ,(#8959,#8960)
    ,(#8961,#8962
    )),.UNSPECIFIED.,.F.,.F.,.F.,(4,4),(2,2),(2.,3.),(0.,1.),
  .PIECEWISE_BEZIER_KNOTS.);
#8955 = CARTESIAN_POINT('',(1.051332655554,0.301151890415,1.0510001));
#8956 = CARTESIAN_POINT('',(1.051332655554,0.301151890415,1.0500001));
#8957 = CARTESIAN_POINT('',(1.052463392288,0.300813969093,1.0510001));
#8958 = CARTESIAN_POINT('',(1.052463392288,0.300813969093,1.0500001));
#8959 = CARTESIAN_POINT('',(1.053841071527,0.300632011457,1.0510001));
#8960 = CARTESIAN_POINT('',(1.053841071527,0.300632011457,1.0500001));
#8961 = CARTESIAN_POINT('',(1.055439699323,0.300632011457,1.0510001));
#8962 = CARTESIAN_POINT('',(1.055439699323,0.300632011457,1.0500001));
#8963 = ADVANCED_FACE('',(#8964),#8990,.F.);
#8964 = FACE_BOUND('',#8965,.F.);
#8965 = EDGE_LOOP('',(#8966,#8967,#8976,#8983));
#8966 = ORIENTED_EDGE('',*,*,#8941,.F.);
#8967 = ORIENTED_EDGE('',*,*,#8968,.T.);
#8968 = EDGE_CURVE('',#8933,#8969,#8971,.T.);
#8969 = VERTEX_POINT('',#8970);
#8970 = CARTESIAN_POINT('',(1.068397682356,0.312251306172,1.0510001));
#8971 = B_SPLINE_CURVE_WITH_KNOTS('',3,(#8972,#8973,#8974,#8975),
  .UNSPECIFIED.,.F.,.F.,(4,4),(1.,2.),.PIECEWISE_BEZIER_KNOTS.);
#8972 = CARTESIAN_POINT('',(1.055439699323,0.300632011457,1.0510001));
#8973 = CARTESIAN_POINT('',(1.06101540115,0.300632011457,1.0510001));
#8974 = CARTESIAN_POINT('',(1.065330396502,0.304505109696,1.0510001));
#8975 = CARTESIAN_POINT('',(1.068397682356,0.312251306172,1.0510001));
#8976 = ORIENTED_EDGE('',*,*,#8977,.T.);
#8977 = EDGE_CURVE('',#8969,#8978,#8980,.T.);
#8978 = VERTEX_POINT('',#8979);
#8979 = CARTESIAN_POINT('',(1.068397682356,0.312251306172,1.0500001));
#8980 = B_SPLINE_CURVE_WITH_KNOTS('',1,(#8981,#8982),.UNSPECIFIED.,.F.,
  .F.,(2,2),(-0.,1.E-03),.PIECEWISE_BEZIER_KNOTS.);
#8981 = CARTESIAN_POINT('',(1.068397682356,0.312251306172,1.0510001));
#8982 = CARTESIAN_POINT('',(1.068397682356,0.312251306172,1.0500001));
#8983 = ORIENTED_EDGE('',*,*,#8984,.F.);
#8984 = EDGE_CURVE('',#8942,#8978,#8985,.T.);
#8985 = B_SPLINE_CURVE_WITH_KNOTS('',3,(#8986,#8987,#8988,#8989),
  .UNSPECIFIED.,.F.,.F.,(4,4),(1.,2.),.PIECEWISE_BEZIER_KNOTS.);
#8986 = CARTESIAN_POINT('',(1.055439699323,0.300632011457,1.0500001));
#8987 = CARTESIAN_POINT('',(1.06101540115,0.300632011457,1.0500001));
#8988 = CARTESIAN_POINT('',(1.065330396502,0.304505109696,1.0500001));
#8989 = CARTESIAN_POINT('',(1.068397682356,0.312251306172,1.0500001));
#8990 = B_SPLINE_SURFACE_WITH_KNOTS('',3,1,(
    (#8991,#8992)
    ,(#8993,#8994)
    ,(#8995,#8996)
    ,(#8997,#8998
    )),.UNSPECIFIED.,.F.,.F.,.F.,(4,4),(2,2),(1.,2.),(0.,1.),
  .PIECEWISE_BEZIER_KNOTS.);
#8991 = CARTESIAN_POINT('',(1.055439699323,0.300632011457,1.0510001));
#8992 = CARTESIAN_POINT('',(1.055439699323,0.300632011457,1.0500001));
#8993 = CARTESIAN_POINT('',(1.06101540115,0.300632011457,1.0510001));
#8994 = CARTESIAN_POINT('',(1.06101540115,0.300632011457,1.0500001));
#8995 = CARTESIAN_POINT('',(1.065330396502,0.304505109696,1.0510001));
#8996 = CARTESIAN_POINT('',(1.065330396502,0.304505109696,1.0500001));
#8997 = CARTESIAN_POINT('',(1.068397682356,0.312251306172,1.0510001));
#8998 = CARTESIAN_POINT('',(1.068397682356,0.312251306172,1.0500001));
#8999 = ADVANCED_FACE('',(#9000),#9014,.F.);
#9000 = FACE_BOUND('',#9001,.T.);
#9001 = EDGE_LOOP('',(#9002,#9007,#9008,#9013));
#9002 = ORIENTED_EDGE('',*,*,#9003,.T.);
#9003 = EDGE_CURVE('',#8978,#8564,#9004,.T.);
#9004 = B_SPLINE_CURVE_WITH_KNOTS('',1,(#9005,#9006),.UNSPECIFIED.,.F.,
  .F.,(2,2),(-4.492984530516E-02,0.),.PIECEWISE_BEZIER_KNOTS.);
#9005 = CARTESIAN_POINT('',(1.068397682356,0.312251306172,1.0500001));
#9006 = CARTESIAN_POINT('',(1.084877845329,0.354049574408,1.0500001));
#9007 = ORIENTED_EDGE('',*,*,#8586,.F.);
#9008 = ORIENTED_EDGE('',*,*,#9009,.F.);
#9009 = EDGE_CURVE('',#8969,#8580,#9010,.T.);
#9010 = B_SPLINE_CURVE_WITH_KNOTS('',1,(#9011,#9012),.UNSPECIFIED.,.F.,
  .F.,(2,2),(-4.492984530516E-02,0.),.PIECEWISE_BEZIER_KNOTS.);
#9011 = CARTESIAN_POINT('',(1.068397682356,0.312251306172,1.0510001));
#9012 = CARTESIAN_POINT('',(1.084877845329,0.354049574408,1.0510001));
#9013 = ORIENTED_EDGE('',*,*,#8977,.T.);
#9014 = B_SPLINE_SURFACE_WITH_KNOTS('',1,1,(
    (#9015,#9016)
    ,(#9017,#9018
    )),.UNSPECIFIED.,.F.,.F.,.F.,(2,2),(2,2),(-0.,4.492984530516E-02),(
    -1.E-03,0.),.PIECEWISE_BEZIER_KNOTS.);
#9015 = CARTESIAN_POINT('',(1.084877845329,0.354049574408,1.0500001));
#9016 = CARTESIAN_POINT('',(1.084877845329,0.354049574408,1.0510001));
#9017 = CARTESIAN_POINT('',(1.068397682356,0.312251306172,1.0500001));
#9018 = CARTESIAN_POINT('',(1.068397682356,0.312251306172,1.0510001));
#9019 = ADVANCED_FACE('',(#9020),#9037,.T.);
#9020 = FACE_BOUND('',#9021,.T.);
#9021 = EDGE_LOOP('',(#9022,#9023,#9024,#9025,#9026,#9027,#9028,#9029,
    #9030,#9031,#9032,#9033,#9034,#9035,#9036));
#9022 = ORIENTED_EDGE('',*,*,#8579,.T.);
#9023 = ORIENTED_EDGE('',*,*,#8613,.T.);
#9024 = ORIENTED_EDGE('',*,*,#8628,.T.);
#9025 = ORIENTED_EDGE('',*,*,#8677,.T.);
#9026 = ORIENTED_EDGE('',*,*,#8705,.T.);
#9027 = ORIENTED_EDGE('',*,*,#8733,.T.);
#9028 = ORIENTED_EDGE('',*,*,#8761,.T.);
#9029 = ORIENTED_EDGE('',*,*,#8789,.T.);
#9030 = ORIENTED_EDGE('',*,*,#8817,.T.);
#9031 = ORIENTED_EDGE('',*,*,#8832,.T.);
#9032 = ORIENTED_EDGE('',*,*,#8868,.T.);
#9033 = ORIENTED_EDGE('',*,*,#8917,.T.);
#9034 = ORIENTED_EDGE('',*,*,#8932,.T.);
#9035 = ORIENTED_EDGE('',*,*,#8968,.T.);
#9036 = ORIENTED_EDGE('',*,*,#9009,.T.);
#9037 = B_SPLINE_SURFACE_WITH_KNOTS('',1,1,(
    (#9038,#9039)
    ,(#9040,#9041
    )),.UNSPECIFIED.,.F.,.F.,.F.,(2,2),(2,2),(-1.283938564478E-02,
    2.20184984997E-02),(-2.904823678779E-03,5.051273927213E-02),
  .PIECEWISE_BEZIER_KNOTS.);
#9038 = CARTESIAN_POINT('',(1.050019961185,0.300632011457,1.0510001));
#9039 = CARTESIAN_POINT('',(1.050019961185,0.354049574408,1.0510001));
#9040 = CARTESIAN_POINT('',(1.084877845329,0.300632011457,1.0510001));
#9041 = CARTESIAN_POINT('',(1.084877845329,0.354049574408,1.0510001));
#9042 = ADVANCED_FACE('',(#9043),#9060,.F.);
#9043 = FACE_BOUND('',#9044,.T.);
#9044 = EDGE_LOOP('',(#9045,#9046,#9047,#9048,#9049,#9050,#9051,#9052,
    #9053,#9054,#9055,#9056,#9057,#9058,#9059));
#9045 = ORIENTED_EDGE('',*,*,#8563,.F.);
#9046 = ORIENTED_EDGE('',*,*,#9003,.F.);
#9047 = ORIENTED_EDGE('',*,*,#8984,.F.);
#9048 = ORIENTED_EDGE('',*,*,#8948,.F.);
#9049 = ORIENTED_EDGE('',*,*,#8903,.F.);
#9050 = ORIENTED_EDGE('',*,*,#8884,.F.);
#9051 = ORIENTED_EDGE('',*,*,#8848,.F.);
#9052 = ORIENTED_EDGE('',*,*,#8803,.F.);
#9053 = ORIENTED_EDGE('',*,*,#8775,.F.);
#9054 = ORIENTED_EDGE('',*,*,#8747,.F.);
#9055 = ORIENTED_EDGE('',*,*,#8719,.F.);
#9056 = ORIENTED_EDGE('',*,*,#8691,.F.);
#9057 = ORIENTED_EDGE('',*,*,#8663,.F.);
#9058 = ORIENTED_EDGE('',*,*,#8644,.F.);
#9059 = ORIENTED_EDGE('',*,*,#8599,.F.);
#9060 = B_SPLINE_SURFACE_WITH_KNOTS('',1,1,(
    (#9061,#9062)
    ,(#9063,#9064
    )),.UNSPECIFIED.,.F.,.F.,.F.,(2,2),(2,2),(-1.283938564478E-02,
    2.20184984997E-02),(-2.904823678779E-03,5.051273927213E-02),
  .PIECEWISE_BEZIER_KNOTS.);
#9061 = CARTESIAN_POINT('',(1.050019961185,0.300632011457,1.0500001));
#9062 = CARTESIAN_POINT('',(1.050019961185,0.354049574408,1.0500001));
#9063 = CARTESIAN_POINT('',(1.084877845329,0.300632011457,1.0500001));
#9064 = CARTESIAN_POINT('',(1.084877845329,0.354049574408,1.0500001));
#9065 = MANIFOLD_SOLID_BREP('',#9066);
#9066 = CLOSED_SHELL('',(#9067,#9103,#9131,#9159,#9187,#9215,#9243,#9271
    ,#9299,#9327,#9355,#9383,#9403,#9423));
#9067 = ADVANCED_FACE('',(#9068),#9098,.F.);
#9068 = FACE_BOUND('',#9069,.T.);
#9069 = EDGE_LOOP('',(#9070,#9079,#9086,#9093));
#9070 = ORIENTED_EDGE('',*,*,#9071,.T.);
#9071 = EDGE_CURVE('',#9072,#9074,#9076,.T.);
#9072 = VERTEX_POINT('',#9073);
#9073 = CARTESIAN_POINT('',(1.119085880776,0.317736029181,1.0500001));
#9074 = VERTEX_POINT('',#9075);
#9075 = CARTESIAN_POINT('',(1.119085880776,0.323532679564,1.0500001));
#9076 = B_SPLINE_CURVE_WITH_KNOTS('',1,(#9077,#9078),.UNSPECIFIED.,.F.,
  .F.,(2,2),(-5.796650383447E-03,0.),.PIECEWISE_BEZIER_KNOTS.);
#9077 = CARTESIAN_POINT('',(1.119085880776,0.317736029181,1.0500001));
#9078 = CARTESIAN_POINT('',(1.119085880776,0.323532679564,1.0500001));
#9079 = ORIENTED_EDGE('',*,*,#9080,.F.);
#9080 = EDGE_CURVE('',#9081,#9074,#9083,.T.);
#9081 = VERTEX_POINT('',#9082);
#9082 = CARTESIAN_POINT('',(1.119085880776,0.323532679564,1.0510001));
#9083 = B_SPLINE_CURVE_WITH_KNOTS('',1,(#9084,#9085),.UNSPECIFIED.,.F.,
  .F.,(2,2),(-0.,1.E-03),.PIECEWISE_BEZIER_KNOTS.);
#9084 = CARTESIAN_POINT('',(1.119085880776,0.323532679564,1.0510001));
#9085 = CARTESIAN_POINT('',(1.119085880776,0.323532679564,1.0500001));
#9086 = ORIENTED_EDGE('',*,*,#9087,.F.);
#9087 = EDGE_CURVE('',#9088,#9081,#9090,.T.);
#9088 = VERTEX_POINT('',#9089);
#9089 = CARTESIAN_POINT('',(1.119085880776,0.317736029181,1.0510001));
#9090 = B_SPLINE_CURVE_WITH_KNOTS('',1,(#9091,#9092),.UNSPECIFIED.,.F.,
  .F.,(2,2),(-5.796650383447E-03,0.),.PIECEWISE_BEZIER_KNOTS.);
#9091 = CARTESIAN_POINT('',(1.119085880776,0.317736029181,1.0510001));
#9092 = CARTESIAN_POINT('',(1.119085880776,0.323532679564,1.0510001));
#9093 = ORIENTED_EDGE('',*,*,#9094,.T.);
#9094 = EDGE_CURVE('',#9088,#9072,#9095,.T.);
#9095 = B_SPLINE_CURVE_WITH_KNOTS('',1,(#9096,#9097),.UNSPECIFIED.,.F.,
  .F.,(2,2),(-0.,1.E-03),.PIECEWISE_BEZIER_KNOTS.);
#9096 = CARTESIAN_POINT('',(1.119085880776,0.317736029181,1.0510001));
#9097 = CARTESIAN_POINT('',(1.119085880776,0.317736029181,1.0500001));
#9098 = B_SPLINE_SURFACE_WITH_KNOTS('',1,1,(
    (#9099,#9100)
    ,(#9101,#9102)),.UNSPECIFIED.,.F.,.F.,.F.,(2,2),(2,2),(-1.E-03,0.),(
    -5.796650383447E-03,0.),.PIECEWISE_BEZIER_KNOTS.);
#9099 = CARTESIAN_POINT('',(1.119085880776,0.317736029181,1.0500001));
#9100 = CARTESIAN_POINT('',(1.119085880776,0.323532679564,1.0500001));
#9101 = CARTESIAN_POINT('',(1.119085880776,0.317736029181,1.0510001));
#9102 = CARTESIAN_POINT('',(1.119085880776,0.323532679564,1.0510001));
#9103 = ADVANCED_FACE('',(#9104),#9126,.F.);
#9104 = FACE_BOUND('',#9105,.T.);
#9105 = EDGE_LOOP('',(#9106,#9113,#9120,#9125));
#9106 = ORIENTED_EDGE('',*,*,#9107,.T.);
#9107 = EDGE_CURVE('',#9074,#9108,#9110,.T.);
#9108 = VERTEX_POINT('',#9109);
#9109 = CARTESIAN_POINT('',(1.098303719424,0.323532679564,1.0500001));
#9110 = B_SPLINE_CURVE_WITH_KNOTS('',1,(#9111,#9112),.UNSPECIFIED.,.F.,
  .F.,(2,2),(-2.078216135227E-02,-0.),.PIECEWISE_BEZIER_KNOTS.);
#9111 = CARTESIAN_POINT('',(1.119085880776,0.323532679564,1.0500001));
#9112 = CARTESIAN_POINT('',(1.098303719424,0.323532679564,1.0500001));
#9113 = ORIENTED_EDGE('',*,*,#9114,.F.);
#9114 = EDGE_CURVE('',#9115,#9108,#9117,.T.);
#9115 = VERTEX_POINT('',#9116);
#9116 = CARTESIAN_POINT('',(1.098303719424,0.323532679564,1.0510001));
#9117 = B_SPLINE_CURVE_WITH_KNOTS('',1,(#9118,#9119),.UNSPECIFIED.,.F.,
  .F.,(2,2),(-0.,1.E-03),.PIECEWISE_BEZIER_KNOTS.);
#9118 = CARTESIAN_POINT('',(1.098303719424,0.323532679564,1.0510001));
#9119 = CARTESIAN_POINT('',(1.098303719424,0.323532679564,1.0500001));
#9120 = ORIENTED_EDGE('',*,*,#9121,.F.);
#9121 = EDGE_CURVE('',#9081,#9115,#9122,.T.);
#9122 = B_SPLINE_CURVE_WITH_KNOTS('',1,(#9123,#9124),.UNSPECIFIED.,.F.,
  .F.,(2,2),(-2.078216135227E-02,-0.),.PIECEWISE_BEZIER_KNOTS.);
#9123 = CARTESIAN_POINT('',(1.119085880776,0.323532679564,1.0510001));
#9124 = CARTESIAN_POINT('',(1.098303719424,0.323532679564,1.0510001));
#9125 = ORIENTED_EDGE('',*,*,#9080,.T.);
#9126 = B_SPLINE_SURFACE_WITH_KNOTS('',1,1,(
    (#9127,#9128)
    ,(#9129,#9130
    )),.UNSPECIFIED.,.F.,.F.,.F.,(2,2),(2,2),(0.,1.E-03),(0.,
    2.078216135227E-02),.PIECEWISE_BEZIER_KNOTS.);
#9127 = CARTESIAN_POINT('',(1.098303719424,0.323532679564,1.0510001));
#9128 = CARTESIAN_POINT('',(1.119085880776,0.323532679564,1.0510001));
#9129 = CARTESIAN_POINT('',(1.098303719424,0.323532679564,1.0500001));
#9130 = CARTESIAN_POINT('',(1.119085880776,0.323532679564,1.0500001));
#9131 = ADVANCED_FACE('',(#9132),#9154,.F.);
#9132 = FACE_BOUND('',#9133,.T.);
#9133 = EDGE_LOOP('',(#9134,#9141,#9148,#9153));
#9134 = ORIENTED_EDGE('',*,*,#9135,.T.);
#9135 = EDGE_CURVE('',#9108,#9136,#9138,.T.);
#9136 = VERTEX_POINT('',#9137);
#9137 = CARTESIAN_POINT('',(1.098303719424,0.340636697288,1.0500001));
#9138 = B_SPLINE_CURVE_WITH_KNOTS('',1,(#9139,#9140),.UNSPECIFIED.,.F.,
  .F.,(2,2),(-1.710401772333E-02,0.),.PIECEWISE_BEZIER_KNOTS.);
#9139 = CARTESIAN_POINT('',(1.098303719424,0.323532679564,1.0500001));
#9140 = CARTESIAN_POINT('',(1.098303719424,0.340636697288,1.0500001));
#9141 = ORIENTED_EDGE('',*,*,#9142,.F.);
#9142 = EDGE_CURVE('',#9143,#9136,#9145,.T.);
#9143 = VERTEX_POINT('',#9144);
#9144 = CARTESIAN_POINT('',(1.098303719424,0.340636697288,1.0510001));
#9145 = B_SPLINE_CURVE_WITH_KNOTS('',1,(#9146,#9147),.UNSPECIFIED.,.F.,
  .F.,(2,2),(-0.,1.E-03),.PIECEWISE_BEZIER_KNOTS.);
#9146 = CARTESIAN_POINT('',(1.098303719424,0.340636697288,1.0510001));
#9147 = CARTESIAN_POINT('',(1.098303719424,0.340636697288,1.0500001));
#9148 = ORIENTED_EDGE('',*,*,#9149,.F.);
#9149 = EDGE_CURVE('',#9115,#9143,#9150,.T.);
#9150 = B_SPLINE_CURVE_WITH_KNOTS('',1,(#9151,#9152),.UNSPECIFIED.,.F.,
  .F.,(2,2),(-1.710401772333E-02,0.),.PIECEWISE_BEZIER_KNOTS.);
#9151 = CARTESIAN_POINT('',(1.098303719424,0.323532679564,1.0510001));
#9152 = CARTESIAN_POINT('',(1.098303719424,0.340636697288,1.0510001));
#9153 = ORIENTED_EDGE('',*,*,#9114,.T.);
#9154 = B_SPLINE_SURFACE_WITH_KNOTS('',1,1,(
    (#9155,#9156)
    ,(#9157,#9158)),.UNSPECIFIED.,.F.,.F.,.F.,(2,2),(2,2),(-1.E-03,0.),(
    -1.710401772333E-02,0.),.PIECEWISE_BEZIER_KNOTS.);
#9155 = CARTESIAN_POINT('',(1.098303719424,0.323532679564,1.0500001));
#9156 = CARTESIAN_POINT('',(1.098303719424,0.340636697288,1.0500001));
#9157 = CARTESIAN_POINT('',(1.098303719424,0.323532679564,1.0510001));
#9158 = CARTESIAN_POINT('',(1.098303719424,0.340636697288,1.0510001));
#9159 = ADVANCED_FACE('',(#9160),#9182,.F.);
#9160 = FACE_BOUND('',#9161,.T.);
#9161 = EDGE_LOOP('',(#9162,#9169,#9176,#9181));
#9162 = ORIENTED_EDGE('',*,*,#9163,.T.);
#9163 = EDGE_CURVE('',#9136,#9164,#9166,.T.);
#9164 = VERTEX_POINT('',#9165);
#9165 = CARTESIAN_POINT('',(1.116486485985,0.340636697288,1.0500001));
#9166 = B_SPLINE_CURVE_WITH_KNOTS('',1,(#9167,#9168),.UNSPECIFIED.,.F.,
  .F.,(2,2),(-1.818276656132E-02,0.),.PIECEWISE_BEZIER_KNOTS.);
#9167 = CARTESIAN_POINT('',(1.098303719424,0.340636697288,1.0500001));
#9168 = CARTESIAN_POINT('',(1.116486485985,0.340636697288,1.0500001));
#9169 = ORIENTED_EDGE('',*,*,#9170,.F.);
#9170 = EDGE_CURVE('',#9171,#9164,#9173,.T.);
#9171 = VERTEX_POINT('',#9172);
#9172 = CARTESIAN_POINT('',(1.116486485985,0.340636697288,1.0510001));
#9173 = B_SPLINE_CURVE_WITH_KNOTS('',1,(#9174,#9175),.UNSPECIFIED.,.F.,
  .F.,(2,2),(-0.,1.E-03),.PIECEWISE_BEZIER_KNOTS.);
#9174 = CARTESIAN_POINT('',(1.116486485985,0.340636697288,1.0510001));
#9175 = CARTESIAN_POINT('',(1.116486485985,0.340636697288,1.0500001));
#9176 = ORIENTED_EDGE('',*,*,#9177,.F.);
#9177 = EDGE_CURVE('',#9143,#9171,#9178,.T.);
#9178 = B_SPLINE_CURVE_WITH_KNOTS('',1,(#9179,#9180),.UNSPECIFIED.,.F.,
  .F.,(2,2),(-1.818276656132E-02,0.),.PIECEWISE_BEZIER_KNOTS.);
#9179 = CARTESIAN_POINT('',(1.098303719424,0.340636697288,1.0510001));
#9180 = CARTESIAN_POINT('',(1.116486485985,0.340636697288,1.0510001));
#9181 = ORIENTED_EDGE('',*,*,#9142,.T.);
#9182 = B_SPLINE_SURFACE_WITH_KNOTS('',1,1,(
    (#9183,#9184)
    ,(#9185,#9186)),.UNSPECIFIED.,.F.,.F.,.F.,(2,2),(2,2),(-1.E-03,0.),(
    -1.818276656132E-02,0.),.PIECEWISE_BEZIER_KNOTS.);
#9183 = CARTESIAN_POINT('',(1.098303719424,0.340636697288,1.0500001));
#9184 = CARTESIAN_POINT('',(1.116486485985,0.340636697288,1.0500001));
#9185 = CARTESIAN_POINT('',(1.098303719424,0.340636697288,1.0510001));
#9186 = CARTESIAN_POINT('',(1.116486485985,0.340636697288,1.0510001));
#9187 = ADVANCED_FACE('',(#9188),#9210,.F.);
#9188 = FACE_BOUND('',#9189,.T.);
#9189 = EDGE_LOOP('',(#9190,#9197,#9204,#9209));
#9190 = ORIENTED_EDGE('',*,*,#9191,.T.);
#9191 = EDGE_CURVE('',#9164,#9192,#9194,.T.);
#9192 = VERTEX_POINT('',#9193);
#9193 = CARTESIAN_POINT('',(1.116486485985,0.346459341619,1.0500001));
#9194 = B_SPLINE_CURVE_WITH_KNOTS('',1,(#9195,#9196),.UNSPECIFIED.,.F.,
  .F.,(2,2),(-5.822644331324E-03,0.),.PIECEWISE_BEZIER_KNOTS.);
#9195 = CARTESIAN_POINT('',(1.116486485985,0.340636697288,1.0500001));
#9196 = CARTESIAN_POINT('',(1.116486485985,0.346459341619,1.0500001));
#9197 = ORIENTED_EDGE('',*,*,#9198,.F.);
#9198 = EDGE_CURVE('',#9199,#9192,#9201,.T.);
#9199 = VERTEX_POINT('',#9200);
#9200 = CARTESIAN_POINT('',(1.116486485985,0.346459341619,1.0510001));
#9201 = B_SPLINE_CURVE_WITH_KNOTS('',1,(#9202,#9203),.UNSPECIFIED.,.F.,
  .F.,(2,2),(-0.,1.E-03),.PIECEWISE_BEZIER_KNOTS.);
#9202 = CARTESIAN_POINT('',(1.116486485985,0.346459341619,1.0510001));
#9203 = CARTESIAN_POINT('',(1.116486485985,0.346459341619,1.0500001));
#9204 = ORIENTED_EDGE('',*,*,#9205,.F.);
#9205 = EDGE_CURVE('',#9171,#9199,#9206,.T.);
#9206 = B_SPLINE_CURVE_WITH_KNOTS('',1,(#9207,#9208),.UNSPECIFIED.,.F.,
  .F.,(2,2),(-5.822644331324E-03,0.),.PIECEWISE_BEZIER_KNOTS.);
#9207 = CARTESIAN_POINT('',(1.116486485985,0.340636697288,1.0510001));
#9208 = CARTESIAN_POINT('',(1.116486485985,0.346459341619,1.0510001));
#9209 = ORIENTED_EDGE('',*,*,#9170,.T.);
#9210 = B_SPLINE_SURFACE_WITH_KNOTS('',1,1,(
    (#9211,#9212)
    ,(#9213,#9214)),.UNSPECIFIED.,.F.,.F.,.F.,(2,2),(2,2),(-1.E-03,0.),(
    -5.822644331324E-03,0.),.PIECEWISE_BEZIER_KNOTS.);
#9211 = CARTESIAN_POINT('',(1.116486485985,0.340636697288,1.0500001));
#9212 = CARTESIAN_POINT('',(1.116486485985,0.346459341619,1.0500001));
#9213 = CARTESIAN_POINT('',(1.116486485985,0.340636697288,1.0510001));
#9214 = CARTESIAN_POINT('',(1.116486485985,0.346459341619,1.0510001));
#9215 = ADVANCED_FACE('',(#9216),#9238,.F.);
#9216 = FACE_BOUND('',#9217,.T.);
#9217 = EDGE_LOOP('',(#9218,#9225,#9232,#9237));
#9218 = ORIENTED_EDGE('',*,*,#9219,.T.);
#9219 = EDGE_CURVE('',#9192,#9220,#9222,.T.);
#9220 = VERTEX_POINT('',#9221);
#9221 = CARTESIAN_POINT('',(1.098303719424,0.346459341619,1.0500001));
#9222 = B_SPLINE_CURVE_WITH_KNOTS('',1,(#9223,#9224),.UNSPECIFIED.,.F.,
  .F.,(2,2),(-1.818276656132E-02,-0.),.PIECEWISE_BEZIER_KNOTS.);
#9223 = CARTESIAN_POINT('',(1.116486485985,0.346459341619,1.0500001));
#9224 = CARTESIAN_POINT('',(1.098303719424,0.346459341619,1.0500001));
#9225 = ORIENTED_EDGE('',*,*,#9226,.F.);
#9226 = EDGE_CURVE('',#9227,#9220,#9229,.T.);
#9227 = VERTEX_POINT('',#9228);
#9228 = CARTESIAN_POINT('',(1.098303719424,0.346459341619,1.0510001));
#9229 = B_SPLINE_CURVE_WITH_KNOTS('',1,(#9230,#9231),.UNSPECIFIED.,.F.,
  .F.,(2,2),(-0.,1.E-03),.PIECEWISE_BEZIER_KNOTS.);
#9230 = CARTESIAN_POINT('',(1.098303719424,0.346459341619,1.0510001));
#9231 = CARTESIAN_POINT('',(1.098303719424,0.346459341619,1.0500001));
#9232 = ORIENTED_EDGE('',*,*,#9233,.F.);
#9233 = EDGE_CURVE('',#9199,#9227,#9234,.T.);
#9234 = B_SPLINE_CURVE_WITH_KNOTS('',1,(#9235,#9236),.UNSPECIFIED.,.F.,
  .F.,(2,2),(-1.818276656132E-02,-0.),.PIECEWISE_BEZIER_KNOTS.);
#9235 = CARTESIAN_POINT('',(1.116486485985,0.346459341619,1.0510001));
#9236 = CARTESIAN_POINT('',(1.098303719424,0.346459341619,1.0510001));
#9237 = ORIENTED_EDGE('',*,*,#9198,.T.);
#9238 = B_SPLINE_SURFACE_WITH_KNOTS('',1,1,(
    (#9239,#9240)
    ,(#9241,#9242
    )),.UNSPECIFIED.,.F.,.F.,.F.,(2,2),(2,2),(0.,1.E-03),(0.,
    1.818276656132E-02),.PIECEWISE_BEZIER_KNOTS.);
#9239 = CARTESIAN_POINT('',(1.098303719424,0.346459341619,1.0510001));
#9240 = CARTESIAN_POINT('',(1.116486485985,0.346459341619,1.0510001));
#9241 = CARTESIAN_POINT('',(1.098303719424,0.346459341619,1.0500001));
#9242 = CARTESIAN_POINT('',(1.116486485985,0.346459341619,1.0500001));
#9243 = ADVANCED_FACE('',(#9244),#9266,.F.);
#9244 = FACE_BOUND('',#9245,.T.);
#9245 = EDGE_LOOP('',(#9246,#9253,#9260,#9265));
#9246 = ORIENTED_EDGE('',*,*,#9247,.T.);
#9247 = EDGE_CURVE('',#9220,#9248,#9250,.T.);
#9248 = VERTEX_POINT('',#9249);
#9249 = CARTESIAN_POINT('',(1.098303719424,0.36273155301,1.0500001));
#9250 = B_SPLINE_CURVE_WITH_KNOTS('',1,(#9251,#9252),.UNSPECIFIED.,.F.,
  .F.,(2,2),(-1.627221139053E-02,0.),.PIECEWISE_BEZIER_KNOTS.);
#9251 = CARTESIAN_POINT('',(1.098303719424,0.346459341619,1.0500001));
#9252 = CARTESIAN_POINT('',(1.098303719424,0.36273155301,1.0500001));
#9253 = ORIENTED_EDGE('',*,*,#9254,.F.);
#9254 = EDGE_CURVE('',#9255,#9248,#9257,.T.);
#9255 = VERTEX_POINT('',#9256);
#9256 = CARTESIAN_POINT('',(1.098303719424,0.36273155301,1.0510001));
#9257 = B_SPLINE_CURVE_WITH_KNOTS('',1,(#9258,#9259),.UNSPECIFIED.,.F.,
  .F.,(2,2),(-0.,1.E-03),.PIECEWISE_BEZIER_KNOTS.);
#9258 = CARTESIAN_POINT('',(1.098303719424,0.36273155301,1.0510001));
#9259 = CARTESIAN_POINT('',(1.098303719424,0.36273155301,1.0500001));
#9260 = ORIENTED_EDGE('',*,*,#9261,.F.);
#9261 = EDGE_CURVE('',#9227,#9255,#9262,.T.);
#9262 = B_SPLINE_CURVE_WITH_KNOTS('',1,(#9263,#9264),.UNSPECIFIED.,.F.,
  .F.,(2,2),(-1.627221139053E-02,0.),.PIECEWISE_BEZIER_KNOTS.);
#9263 = CARTESIAN_POINT('',(1.098303719424,0.346459341619,1.0510001));
#9264 = CARTESIAN_POINT('',(1.098303719424,0.36273155301,1.0510001));
#9265 = ORIENTED_EDGE('',*,*,#9226,.T.);
#9266 = B_SPLINE_SURFACE_WITH_KNOTS('',1,1,(
    (#9267,#9268)
    ,(#9269,#9270)),.UNSPECIFIED.,.F.,.F.,.F.,(2,2),(2,2),(-1.E-03,0.),(
    -1.627221139053E-02,0.),.PIECEWISE_BEZIER_KNOTS.);
#9267 = CARTESIAN_POINT('',(1.098303719424,0.346459341619,1.0500001));
#9268 = CARTESIAN_POINT('',(1.098303719424,0.36273155301,1.0500001));
#9269 = CARTESIAN_POINT('',(1.098303719424,0.346459341619,1.0510001));
#9270 = CARTESIAN_POINT('',(1.098303719424,0.36273155301,1.0510001));
#9271 = ADVANCED_FACE('',(#9272),#9294,.F.);
#9272 = FACE_BOUND('',#9273,.T.);
#9273 = EDGE_LOOP('',(#9274,#9281,#9288,#9293));
#9274 = ORIENTED_EDGE('',*,*,#9275,.T.);
#9275 = EDGE_CURVE('',#9248,#9276,#9278,.T.);
#9276 = VERTEX_POINT('',#9277);
#9277 = CARTESIAN_POINT('',(1.117929150094,0.36273155301,1.0500001));
#9278 = B_SPLINE_CURVE_WITH_KNOTS('',1,(#9279,#9280),.UNSPECIFIED.,.F.,
  .F.,(2,2),(-1.96254306703E-02,0.),.PIECEWISE_BEZIER_KNOTS.);
#9279 = CARTESIAN_POINT('',(1.098303719424,0.36273155301,1.0500001));
#9280 = CARTESIAN_POINT('',(1.117929150094,0.36273155301,1.0500001));
#9281 = ORIENTED_EDGE('',*,*,#9282,.F.);
#9282 = EDGE_CURVE('',#9283,#9276,#9285,.T.);
#9283 = VERTEX_POINT('',#9284);
#9284 = CARTESIAN_POINT('',(1.117929150094,0.36273155301,1.0510001));
#9285 = B_SPLINE_CURVE_WITH_KNOTS('',1,(#9286,#9287),.UNSPECIFIED.,.F.,
  .F.,(2,2),(-0.,1.E-03),.PIECEWISE_BEZIER_KNOTS.);
#9286 = CARTESIAN_POINT('',(1.117929150094,0.36273155301,1.0510001));
#9287 = CARTESIAN_POINT('',(1.117929150094,0.36273155301,1.0500001));
#9288 = ORIENTED_EDGE('',*,*,#9289,.F.);
#9289 = EDGE_CURVE('',#9255,#9283,#9290,.T.);
#9290 = B_SPLINE_CURVE_WITH_KNOTS('',1,(#9291,#9292),.UNSPECIFIED.,.F.,
  .F.,(2,2),(-1.96254306703E-02,0.),.PIECEWISE_BEZIER_KNOTS.);
#9291 = CARTESIAN_POINT('',(1.098303719424,0.36273155301,1.0510001));
#9292 = CARTESIAN_POINT('',(1.117929150094,0.36273155301,1.0510001));
#9293 = ORIENTED_EDGE('',*,*,#9254,.T.);
#9294 = B_SPLINE_SURFACE_WITH_KNOTS('',1,1,(
    (#9295,#9296)
    ,(#9297,#9298)),.UNSPECIFIED.,.F.,.F.,.F.,(2,2),(2,2),(-1.E-03,0.),(
    -1.96254306703E-02,0.),.PIECEWISE_BEZIER_KNOTS.);
#9295 = CARTESIAN_POINT('',(1.098303719424,0.36273155301,1.0500001));
#9296 = CARTESIAN_POINT('',(1.117929150094,0.36273155301,1.0500001));
#9297 = CARTESIAN_POINT('',(1.098303719424,0.36273155301,1.0510001));
#9298 = CARTESIAN_POINT('',(1.117929150094,0.36273155301,1.0510001));
#9299 = ADVANCED_FACE('',(#9300),#9322,.F.);
#9300 = FACE_BOUND('',#9301,.T.);
#9301 = EDGE_LOOP('',(#9302,#9309,#9316,#9321));
#9302 = ORIENTED_EDGE('',*,*,#9303,.T.);
#9303 = EDGE_CURVE('',#9276,#9304,#9306,.T.);
#9304 = VERTEX_POINT('',#9305);
#9305 = CARTESIAN_POINT('',(1.117929150094,0.368580191289,1.0500001));
#9306 = B_SPLINE_CURVE_WITH_KNOTS('',1,(#9307,#9308),.UNSPECIFIED.,.F.,
  .F.,(2,2),(-5.848638279202E-03,0.),.PIECEWISE_BEZIER_KNOTS.);
#9307 = CARTESIAN_POINT('',(1.117929150094,0.36273155301,1.0500001));
#9308 = CARTESIAN_POINT('',(1.117929150094,0.368580191289,1.0500001));
#9309 = ORIENTED_EDGE('',*,*,#9310,.F.);
#9310 = EDGE_CURVE('',#9311,#9304,#9313,.T.);
#9311 = VERTEX_POINT('',#9312);
#9312 = CARTESIAN_POINT('',(1.117929150094,0.368580191289,1.0510001));
#9313 = B_SPLINE_CURVE_WITH_KNOTS('',1,(#9314,#9315),.UNSPECIFIED.,.F.,
  .F.,(2,2),(-0.,1.E-03),.PIECEWISE_BEZIER_KNOTS.);
#9314 = CARTESIAN_POINT('',(1.117929150094,0.368580191289,1.0510001));
#9315 = CARTESIAN_POINT('',(1.117929150094,0.368580191289,1.0500001));
#9316 = ORIENTED_EDGE('',*,*,#9317,.F.);
#9317 = EDGE_CURVE('',#9283,#9311,#9318,.T.);
#9318 = B_SPLINE_CURVE_WITH_KNOTS('',1,(#9319,#9320),.UNSPECIFIED.,.F.,
  .F.,(2,2),(-5.848638279202E-03,0.),.PIECEWISE_BEZIER_KNOTS.);
#9319 = CARTESIAN_POINT('',(1.117929150094,0.36273155301,1.0510001));
#9320 = CARTESIAN_POINT('',(1.117929150094,0.368580191289,1.0510001));
#9321 = ORIENTED_EDGE('',*,*,#9282,.T.);
#9322 = B_SPLINE_SURFACE_WITH_KNOTS('',1,1,(
    (#9323,#9324)
    ,(#9325,#9326)),.UNSPECIFIED.,.F.,.F.,.F.,(2,2),(2,2),(-1.E-03,0.),(
    -5.848638279202E-03,0.),.PIECEWISE_BEZIER_KNOTS.);
#9323 = CARTESIAN_POINT('',(1.117929150094,0.36273155301,1.0500001));
#9324 = CARTESIAN_POINT('',(1.117929150094,0.368580191289,1.0500001));
#9325 = CARTESIAN_POINT('',(1.117929150094,0.36273155301,1.0510001));
#9326 = CARTESIAN_POINT('',(1.117929150094,0.368580191289,1.0510001));
#9327 = ADVANCED_FACE('',(#9328),#9350,.F.);
#9328 = FACE_BOUND('',#9329,.T.);
#9329 = EDGE_LOOP('',(#9330,#9337,#9344,#9349));
#9330 = ORIENTED_EDGE('',*,*,#9331,.T.);
#9331 = EDGE_CURVE('',#9304,#9332,#9334,.T.);
#9332 = VERTEX_POINT('',#9333);
#9333 = CARTESIAN_POINT('',(1.091740247577,0.368580191289,1.0500001));
#9334 = B_SPLINE_CURVE_WITH_KNOTS('',1,(#9335,#9336),.UNSPECIFIED.,.F.,
  .F.,(2,2),(-2.618890251719E-02,-0.),.PIECEWISE_BEZIER_KNOTS.);
#9335 = CARTESIAN_POINT('',(1.117929150094,0.368580191289,1.0500001));
#9336 = CARTESIAN_POINT('',(1.091740247577,0.368580191289,1.0500001));
#9337 = ORIENTED_EDGE('',*,*,#9338,.F.);
#9338 = EDGE_CURVE('',#9339,#9332,#9341,.T.);
#9339 = VERTEX_POINT('',#9340);
#9340 = CARTESIAN_POINT('',(1.091740247577,0.368580191289,1.0510001));
#9341 = B_SPLINE_CURVE_WITH_KNOTS('',1,(#9342,#9343),.UNSPECIFIED.,.F.,
  .F.,(2,2),(-0.,1.E-03),.PIECEWISE_BEZIER_KNOTS.);
#9342 = CARTESIAN_POINT('',(1.091740247577,0.368580191289,1.0510001));
#9343 = CARTESIAN_POINT('',(1.091740247577,0.368580191289,1.0500001));
#9344 = ORIENTED_EDGE('',*,*,#9345,.F.);
#9345 = EDGE_CURVE('',#9311,#9339,#9346,.T.);
#9346 = B_SPLINE_CURVE_WITH_KNOTS('',1,(#9347,#9348),.UNSPECIFIED.,.F.,
  .F.,(2,2),(-2.618890251719E-02,-0.),.PIECEWISE_BEZIER_KNOTS.);
#9347 = CARTESIAN_POINT('',(1.117929150094,0.368580191289,1.0510001));
#9348 = CARTESIAN_POINT('',(1.091740247577,0.368580191289,1.0510001));
#9349 = ORIENTED_EDGE('',*,*,#9310,.T.);
#9350 = B_SPLINE_SURFACE_WITH_KNOTS('',1,1,(
    (#9351,#9352)
    ,(#9353,#9354
    )),.UNSPECIFIED.,.F.,.F.,.F.,(2,2),(2,2),(0.,1.E-03),(0.,
    2.618890251719E-02),.PIECEWISE_BEZIER_KNOTS.);
#9351 = CARTESIAN_POINT('',(1.091740247577,0.368580191289,1.0510001));
#9352 = CARTESIAN_POINT('',(1.117929150094,0.368580191289,1.0510001));
#9353 = CARTESIAN_POINT('',(1.091740247577,0.368580191289,1.0500001));
#9354 = CARTESIAN_POINT('',(1.117929150094,0.368580191289,1.0500001));
#9355 = ADVANCED_FACE('',(#9356),#9378,.F.);
#9356 = FACE_BOUND('',#9357,.T.);
#9357 = EDGE_LOOP('',(#9358,#9365,#9372,#9377));
#9358 = ORIENTED_EDGE('',*,*,#9359,.T.);
#9359 = EDGE_CURVE('',#9332,#9360,#9362,.T.);
#9360 = VERTEX_POINT('',#9361);
#9361 = CARTESIAN_POINT('',(1.091740247577,0.317736029181,1.0500001));
#9362 = B_SPLINE_CURVE_WITH_KNOTS('',1,(#9363,#9364),.UNSPECIFIED.,.F.,
  .F.,(2,2),(-5.084416210783E-02,-0.),.PIECEWISE_BEZIER_KNOTS.);
#9363 = CARTESIAN_POINT('',(1.091740247577,0.368580191289,1.0500001));
#9364 = CARTESIAN_POINT('',(1.091740247577,0.317736029181,1.0500001));
#9365 = ORIENTED_EDGE('',*,*,#9366,.F.);
#9366 = EDGE_CURVE('',#9367,#9360,#9369,.T.);
#9367 = VERTEX_POINT('',#9368);
#9368 = CARTESIAN_POINT('',(1.091740247577,0.317736029181,1.0510001));
#9369 = B_SPLINE_CURVE_WITH_KNOTS('',1,(#9370,#9371),.UNSPECIFIED.,.F.,
  .F.,(2,2),(-0.,1.E-03),.PIECEWISE_BEZIER_KNOTS.);
#9370 = CARTESIAN_POINT('',(1.091740247577,0.317736029181,1.0510001));
#9371 = CARTESIAN_POINT('',(1.091740247577,0.317736029181,1.0500001));
#9372 = ORIENTED_EDGE('',*,*,#9373,.F.);
#9373 = EDGE_CURVE('',#9339,#9367,#9374,.T.);
#9374 = B_SPLINE_CURVE_WITH_KNOTS('',1,(#9375,#9376),.UNSPECIFIED.,.F.,
  .F.,(2,2),(-5.084416210783E-02,-0.),.PIECEWISE_BEZIER_KNOTS.);
#9375 = CARTESIAN_POINT('',(1.091740247577,0.368580191289,1.0510001));
#9376 = CARTESIAN_POINT('',(1.091740247577,0.317736029181,1.0510001));
#9377 = ORIENTED_EDGE('',*,*,#9338,.T.);
#9378 = B_SPLINE_SURFACE_WITH_KNOTS('',1,1,(
    (#9379,#9380)
    ,(#9381,#9382
    )),.UNSPECIFIED.,.F.,.F.,.F.,(2,2),(2,2),(0.,1.E-03),(0.,
    5.084416210783E-02),.PIECEWISE_BEZIER_KNOTS.);
#9379 = CARTESIAN_POINT('',(1.091740247577,0.317736029181,1.0510001));
#9380 = CARTESIAN_POINT('',(1.091740247577,0.368580191289,1.0510001));
#9381 = CARTESIAN_POINT('',(1.091740247577,0.317736029181,1.0500001));
#9382 = CARTESIAN_POINT('',(1.091740247577,0.368580191289,1.0500001));
#9383 = ADVANCED_FACE('',(#9384),#9398,.F.);
#9384 = FACE_BOUND('',#9385,.T.);
#9385 = EDGE_LOOP('',(#9386,#9391,#9392,#9397));
#9386 = ORIENTED_EDGE('',*,*,#9387,.T.);
#9387 = EDGE_CURVE('',#9360,#9072,#9388,.T.);
#9388 = B_SPLINE_CURVE_WITH_KNOTS('',1,(#9389,#9390),.UNSPECIFIED.,.F.,
  .F.,(2,2),(-2.734563319916E-02,0.),.PIECEWISE_BEZIER_KNOTS.);
#9389 = CARTESIAN_POINT('',(1.091740247577,0.317736029181,1.0500001));
#9390 = CARTESIAN_POINT('',(1.119085880776,0.317736029181,1.0500001));
#9391 = ORIENTED_EDGE('',*,*,#9094,.F.);
#9392 = ORIENTED_EDGE('',*,*,#9393,.F.);
#9393 = EDGE_CURVE('',#9367,#9088,#9394,.T.);
#9394 = B_SPLINE_CURVE_WITH_KNOTS('',1,(#9395,#9396),.UNSPECIFIED.,.F.,
  .F.,(2,2),(-2.734563319916E-02,0.),.PIECEWISE_BEZIER_KNOTS.);
#9395 = CARTESIAN_POINT('',(1.091740247577,0.317736029181,1.0510001));
#9396 = CARTESIAN_POINT('',(1.119085880776,0.317736029181,1.0510001));
#9397 = ORIENTED_EDGE('',*,*,#9366,.T.);
#9398 = B_SPLINE_SURFACE_WITH_KNOTS('',1,1,(
    (#9399,#9400)
    ,(#9401,#9402)),.UNSPECIFIED.,.F.,.F.,.F.,(2,2),(2,2),(-1.E-03,0.),(
    -2.734563319916E-02,0.),.PIECEWISE_BEZIER_KNOTS.);
#9399 = CARTESIAN_POINT('',(1.091740247577,0.317736029181,1.0500001));
#9400 = CARTESIAN_POINT('',(1.119085880776,0.317736029181,1.0500001));
#9401 = CARTESIAN_POINT('',(1.091740247577,0.317736029181,1.0510001));
#9402 = CARTESIAN_POINT('',(1.119085880776,0.317736029181,1.0510001));
#9403 = ADVANCED_FACE('',(#9404),#9418,.F.);
#9404 = FACE_BOUND('',#9405,.T.);
#9405 = EDGE_LOOP('',(#9406,#9407,#9408,#9409,#9410,#9411,#9412,#9413,
    #9414,#9415,#9416,#9417));
#9406 = ORIENTED_EDGE('',*,*,#9087,.T.);
#9407 = ORIENTED_EDGE('',*,*,#9121,.T.);
#9408 = ORIENTED_EDGE('',*,*,#9149,.T.);
#9409 = ORIENTED_EDGE('',*,*,#9177,.T.);
#9410 = ORIENTED_EDGE('',*,*,#9205,.T.);
#9411 = ORIENTED_EDGE('',*,*,#9233,.T.);
#9412 = ORIENTED_EDGE('',*,*,#9261,.T.);
#9413 = ORIENTED_EDGE('',*,*,#9289,.T.);
#9414 = ORIENTED_EDGE('',*,*,#9317,.T.);
#9415 = ORIENTED_EDGE('',*,*,#9345,.T.);
#9416 = ORIENTED_EDGE('',*,*,#9373,.T.);
#9417 = ORIENTED_EDGE('',*,*,#9393,.T.);
#9418 = B_SPLINE_SURFACE_WITH_KNOTS('',1,1,(
    (#9419,#9420)
    ,(#9421,#9422
    )),.UNSPECIFIED.,.F.,.F.,.F.,(2,2),(2,2),(-1.119085880776,
    -1.091740247577),(0.317736029181,0.368580191289),
  .PIECEWISE_BEZIER_KNOTS.);
#9419 = CARTESIAN_POINT('',(1.119085880776,0.317736029181,1.0510001));
#9420 = CARTESIAN_POINT('',(1.119085880776,0.368580191289,1.0510001));
#9421 = CARTESIAN_POINT('',(1.091740247577,0.317736029181,1.0510001));
#9422 = CARTESIAN_POINT('',(1.091740247577,0.368580191289,1.0510001));
#9423 = ADVANCED_FACE('',(#9424),#9438,.T.);
#9424 = FACE_BOUND('',#9425,.T.);
#9425 = EDGE_LOOP('',(#9426,#9427,#9428,#9429,#9430,#9431,#9432,#9433,
    #9434,#9435,#9436,#9437));
#9426 = ORIENTED_EDGE('',*,*,#9071,.F.);
#9427 = ORIENTED_EDGE('',*,*,#9387,.F.);
#9428 = ORIENTED_EDGE('',*,*,#9359,.F.);
#9429 = ORIENTED_EDGE('',*,*,#9331,.F.);
#9430 = ORIENTED_EDGE('',*,*,#9303,.F.);
#9431 = ORIENTED_EDGE('',*,*,#9275,.F.);
#9432 = ORIENTED_EDGE('',*,*,#9247,.F.);
#9433 = ORIENTED_EDGE('',*,*,#9219,.F.);
#9434 = ORIENTED_EDGE('',*,*,#9191,.F.);
#9435 = ORIENTED_EDGE('',*,*,#9163,.F.);
#9436 = ORIENTED_EDGE('',*,*,#9135,.F.);
#9437 = ORIENTED_EDGE('',*,*,#9107,.F.);
#9438 = B_SPLINE_SURFACE_WITH_KNOTS('',1,1,(
    (#9439,#9440)
    ,(#9441,#9442
    )),.UNSPECIFIED.,.F.,.F.,.F.,(2,2),(2,2),(-1.119085880776,
    -1.091740247577),(0.317736029181,0.368580191289),
  .PIECEWISE_BEZIER_KNOTS.);
#9439 = CARTESIAN_POINT('',(1.119085880776,0.317736029181,1.0500001));
#9440 = CARTESIAN_POINT('',(1.119085880776,0.368580191289,1.0500001));
#9441 = CARTESIAN_POINT('',(1.091740247577,0.317736029181,1.0500001));
#9442 = CARTESIAN_POINT('',(1.091740247577,0.368580191289,1.0500001));
#9443 = MANIFOLD_SOLID_BREP('',#9444);
#9444 = CLOSED_SHELL('',(#9445,#9569,#9693,#9713,#9733,#9753,#9773,#9793
    ,#9809,#9821,#9841,#9857,#9873,#9893,#9913,#9933));
#9445 = ADVANCED_FACE('',(#9446,#9505),#9564,.T.);
#9446 = FACE_BOUND('',#9447,.T.);
#9447 = EDGE_LOOP('',(#9448,#9457,#9466,#9475,#9484,#9493,#9500));
#9448 = ORIENTED_EDGE('',*,*,#9449,.T.);
#9449 = EDGE_CURVE('',#9450,#9452,#9454,.T.);
#9450 = VERTEX_POINT('',#9451);
#9451 = CARTESIAN_POINT('',(1.128690644528,0.317736029181,1.0510001));
#9452 = VERTEX_POINT('',#9453);
#9453 = CARTESIAN_POINT('',(1.142675388503,0.317736029181,1.0510001));
#9454 = B_SPLINE_CURVE_WITH_KNOTS('',1,(#9455,#9456),.UNSPECIFIED.,.F.,
  .F.,(2,2),(-1.398474397447E-02,0.),.PIECEWISE_BEZIER_KNOTS.);
#9455 = CARTESIAN_POINT('',(1.128690644528,0.317736029181,1.0510001));
#9456 = CARTESIAN_POINT('',(1.142675388503,0.317736029181,1.0510001));
#9457 = ORIENTED_EDGE('',*,*,#9458,.T.);
#9458 = EDGE_CURVE('',#9452,#9459,#9461,.T.);
#9459 = VERTEX_POINT('',#9460);
#9460 = CARTESIAN_POINT('',(1.162417791938,0.324858370908,1.0510001));
#9461 = B_SPLINE_CURVE_WITH_KNOTS('',3,(#9462,#9463,#9464,#9465),
  .UNSPECIFIED.,.F.,.F.,(4,4),(5.,6.),.PIECEWISE_BEZIER_KNOTS.);
#9462 = CARTESIAN_POINT('',(1.142675388503,0.317736029181,1.0510001));
#9463 = CARTESIAN_POINT('',(1.15072051538,0.317736029181,1.0510001));
#9464 = CARTESIAN_POINT('',(1.157309981175,0.32010147844,1.0510001));
#9465 = CARTESIAN_POINT('',(1.162417791938,0.324858370908,1.0510001));
#9466 = ORIENTED_EDGE('',*,*,#9467,.T.);
#9467 = EDGE_CURVE('',#9459,#9468,#9470,.T.);
#9468 = VERTEX_POINT('',#9469);
#9469 = CARTESIAN_POINT('',(1.170086006572,0.343807958932,1.0510001));
#9470 = B_SPLINE_CURVE_WITH_KNOTS('',3,(#9471,#9472,#9473,#9474),
  .UNSPECIFIED.,.F.,.F.,(4,4),(4.,5.),.PIECEWISE_BEZIER_KNOTS.);
#9471 = CARTESIAN_POINT('',(1.162417791938,0.324858370908,1.0510001));
#9472 = CARTESIAN_POINT('',(1.167525602702,0.329615263375,1.0510001));
#9473 = CARTESIAN_POINT('',(1.170086006572,0.335931792716,1.0510001));
#9474 = CARTESIAN_POINT('',(1.170086006572,0.343807958932,1.0510001));
#9475 = ORIENTED_EDGE('',*,*,#9476,.T.);
#9476 = EDGE_CURVE('',#9468,#9477,#9479,.T.);
#9477 = VERTEX_POINT('',#9478);
#9478 = CARTESIAN_POINT('',(1.162417791938,0.361847758781,1.0510001));
#9479 = B_SPLINE_CURVE_WITH_KNOTS('',3,(#9480,#9481,#9482,#9483),
  .UNSPECIFIED.,.F.,.F.,(4,4),(3.,4.),.PIECEWISE_BEZIER_KNOTS.);
#9480 = CARTESIAN_POINT('',(1.170086006572,0.343807958932,1.0510001));
#9481 = CARTESIAN_POINT('',(1.170086006572,0.351346203826,1.0510001));
#9482 = CARTESIAN_POINT('',(1.167525602702,0.357350805792,1.0510001));
#9483 = CARTESIAN_POINT('',(1.162417791938,0.361847758781,1.0510001));
#9484 = ORIENTED_EDGE('',*,*,#9485,.T.);
#9485 = EDGE_CURVE('',#9477,#9486,#9488,.T.);
#9486 = VERTEX_POINT('',#9487);
#9487 = CARTESIAN_POINT('',(1.143195267461,0.368580191289,1.0510001));
#9488 = B_SPLINE_CURVE_WITH_KNOTS('',3,(#9489,#9490,#9491,#9492),
  .UNSPECIFIED.,.F.,.F.,(4,4),(2.,3.),.PIECEWISE_BEZIER_KNOTS.);
#9489 = CARTESIAN_POINT('',(1.162417791938,0.361847758781,1.0510001));
#9490 = CARTESIAN_POINT('',(1.157309981175,0.366344711768,1.0510001));
#9491 = CARTESIAN_POINT('',(1.150902473015,0.368580191289,1.0510001));
#9492 = CARTESIAN_POINT('',(1.143195267461,0.368580191289,1.0510001));
#9493 = ORIENTED_EDGE('',*,*,#9494,.T.);
#9494 = EDGE_CURVE('',#9486,#9495,#9497,.T.);
#9495 = VERTEX_POINT('',#9496);
#9496 = CARTESIAN_POINT('',(1.128690644528,0.368580191289,1.0510001));
#9497 = B_SPLINE_CURVE_WITH_KNOTS('',1,(#9498,#9499),.UNSPECIFIED.,.F.,
  .F.,(2,2),(-1.450462293238E-02,-0.),.PIECEWISE_BEZIER_KNOTS.);
#9498 = CARTESIAN_POINT('',(1.143195267461,0.368580191289,1.0510001));
#9499 = CARTESIAN_POINT('',(1.128690644528,0.368580191289,1.0510001));
#9500 = ORIENTED_EDGE('',*,*,#9501,.T.);
#9501 = EDGE_CURVE('',#9495,#9450,#9502,.T.);
#9502 = B_SPLINE_CURVE_WITH_KNOTS('',1,(#9503,#9504),.UNSPECIFIED.,.F.,
  .F.,(2,2),(-5.084416210783E-02,-0.),.PIECEWISE_BEZIER_KNOTS.);
#9503 = CARTESIAN_POINT('',(1.128690644528,0.368580191289,1.0510001));
#9504 = CARTESIAN_POINT('',(1.128690644528,0.317736029181,1.0510001));
#9505 = FACE_BOUND('',#9506,.T.);
#9506 = EDGE_LOOP('',(#9507,#9516,#9523,#9532,#9541,#9550,#9559));
#9507 = ORIENTED_EDGE('',*,*,#9508,.F.);
#9508 = EDGE_CURVE('',#9509,#9511,#9513,.T.);
#9509 = VERTEX_POINT('',#9510);
#9510 = CARTESIAN_POINT('',(1.135254116375,0.36273155301,1.0510001));
#9511 = VERTEX_POINT('',#9512);
#9512 = CARTESIAN_POINT('',(1.135254116375,0.323532679564,1.0510001));
#9513 = B_SPLINE_CURVE_WITH_KNOTS('',1,(#9514,#9515),.UNSPECIFIED.,.F.,
  .F.,(2,2),(0.,3.919887344518E-02),.PIECEWISE_BEZIER_KNOTS.);
#9514 = CARTESIAN_POINT('',(1.135254116375,0.36273155301,1.0510001));
#9515 = CARTESIAN_POINT('',(1.135254116375,0.323532679564,1.0510001));
#9516 = ORIENTED_EDGE('',*,*,#9517,.F.);
#9517 = EDGE_CURVE('',#9518,#9509,#9520,.T.);
#9518 = VERTEX_POINT('',#9519);
#9519 = CARTESIAN_POINT('',(1.142935327981,0.36273155301,1.0510001));
#9520 = B_SPLINE_CURVE_WITH_KNOTS('',1,(#9521,#9522),.UNSPECIFIED.,.F.,
  .F.,(2,2),(2.22044604925E-16,7.681211606702E-03),
  .PIECEWISE_BEZIER_KNOTS.);
#9521 = CARTESIAN_POINT('',(1.142935327981,0.36273155301,1.0510001));
#9522 = CARTESIAN_POINT('',(1.135254116375,0.36273155301,1.0510001));
#9523 = ORIENTED_EDGE('',*,*,#9524,.F.);
#9524 = EDGE_CURVE('',#9525,#9518,#9527,.T.);
#9525 = VERTEX_POINT('',#9526);
#9526 = CARTESIAN_POINT('',(1.157608911575,0.357948666594,1.0510001));
#9527 = B_SPLINE_CURVE_WITH_KNOTS('',3,(#9528,#9529,#9530,#9531),
  .UNSPECIFIED.,.F.,.F.,(4,4),(5.,6.),.PIECEWISE_BEZIER_KNOTS.);
#9528 = CARTESIAN_POINT('',(1.157608911575,0.357948666594,1.0510001));
#9529 = CARTESIAN_POINT('',(1.153891777025,0.361145922187,1.0510001));
#9530 = CARTESIAN_POINT('',(1.148991917844,0.36273155301,1.0510001));
#9531 = CARTESIAN_POINT('',(1.142935327981,0.36273155301,1.0510001));
#9532 = ORIENTED_EDGE('',*,*,#9533,.F.);
#9533 = EDGE_CURVE('',#9534,#9525,#9536,.T.);
#9534 = VERTEX_POINT('',#9535);
#9535 = CARTESIAN_POINT('',(1.163184613402,0.343626001297,1.0510001));
#9536 = B_SPLINE_CURVE_WITH_KNOTS('',3,(#9537,#9538,#9539,#9540),
  .UNSPECIFIED.,.F.,.F.,(4,4),(4.,5.),.PIECEWISE_BEZIER_KNOTS.);
#9537 = CARTESIAN_POINT('',(1.163184613402,0.343626001297,1.0510001));
#9538 = CARTESIAN_POINT('',(1.163184613402,0.349968524587,1.0510001));
#9539 = CARTESIAN_POINT('',(1.161326046126,0.354751411002,1.0510001));
#9540 = CARTESIAN_POINT('',(1.157608911575,0.357948666594,1.0510001));
#9541 = ORIENTED_EDGE('',*,*,#9542,.F.);
#9542 = EDGE_CURVE('',#9543,#9534,#9545,.T.);
#9543 = VERTEX_POINT('',#9544);
#9544 = CARTESIAN_POINT('',(1.157751878289,0.328835444937,1.0510001));
#9545 = B_SPLINE_CURVE_WITH_KNOTS('',3,(#9546,#9547,#9548,#9549),
  .UNSPECIFIED.,.F.,.F.,(4,4),(3.,4.),.PIECEWISE_BEZIER_KNOTS.);
#9546 = CARTESIAN_POINT('',(1.157751878289,0.328835444937,1.0510001));
#9547 = CARTESIAN_POINT('',(1.161378034022,0.332344627905,1.0510001));
#9548 = CARTESIAN_POINT('',(1.163184613402,0.337283478008,1.0510001));
#9549 = CARTESIAN_POINT('',(1.163184613402,0.343626001297,1.0510001));
#9550 = ORIENTED_EDGE('',*,*,#9551,.F.);
#9551 = EDGE_CURVE('',#9552,#9543,#9554,.T.);
#9552 = VERTEX_POINT('',#9553);
#9553 = CARTESIAN_POINT('',(1.142636397581,0.323532679564,1.0510001));
#9554 = B_SPLINE_CURVE_WITH_KNOTS('',3,(#9555,#9556,#9557,#9558),
  .UNSPECIFIED.,.F.,.F.,(4,4),(2.,3.),.PIECEWISE_BEZIER_KNOTS.);
#9555 = CARTESIAN_POINT('',(1.142636397581,0.323532679564,1.0510001));
#9556 = CARTESIAN_POINT('',(1.149095893636,0.323532679564,1.0510001));
#9557 = CARTESIAN_POINT('',(1.15413871953,0.325300268022,1.0510001));
#9558 = CARTESIAN_POINT('',(1.157751878289,0.328835444937,1.0510001));
#9559 = ORIENTED_EDGE('',*,*,#9560,.F.);
#9560 = EDGE_CURVE('',#9511,#9552,#9561,.T.);
#9561 = B_SPLINE_CURVE_WITH_KNOTS('',1,(#9562,#9563),.UNSPECIFIED.,.F.,
  .F.,(2,2),(0.,7.382281205756E-03),.PIECEWISE_BEZIER_KNOTS.);
#9562 = CARTESIAN_POINT('',(1.135254116375,0.323532679564,1.0510001));
#9563 = CARTESIAN_POINT('',(1.142636397581,0.323532679564,1.0510001));
#9564 = B_SPLINE_SURFACE_WITH_KNOTS('',1,1,(
    (#9565,#9566)
    ,(#9567,#9568
    )),.UNSPECIFIED.,.F.,.F.,.F.,(2,2),(2,2),(-2.509065821791E-02,
    1.630470382542E-02),(-4.916430322421E-02,1.679858883628E-03),
  .PIECEWISE_BEZIER_KNOTS.);
#9565 = CARTESIAN_POINT('',(1.128690644528,0.317736029181,1.0510001));
#9566 = CARTESIAN_POINT('',(1.128690644528,0.368580191289,1.0510001));
#9567 = CARTESIAN_POINT('',(1.170086006572,0.317736029181,1.0510001));
#9568 = CARTESIAN_POINT('',(1.170086006572,0.368580191289,1.0510001));
#9569 = ADVANCED_FACE('',(#9570,#9629),#9688,.F.);
#9570 = FACE_BOUND('',#9571,.T.);
#9571 = EDGE_LOOP('',(#9572,#9581,#9588,#9595,#9604,#9613,#9622));
#9572 = ORIENTED_EDGE('',*,*,#9573,.F.);
#9573 = EDGE_CURVE('',#9574,#9576,#9578,.T.);
#9574 = VERTEX_POINT('',#9575);
#9575 = CARTESIAN_POINT('',(1.128690644528,0.317736029181,1.0500001));
#9576 = VERTEX_POINT('',#9577);
#9577 = CARTESIAN_POINT('',(1.142675388503,0.317736029181,1.0500001));
#9578 = B_SPLINE_CURVE_WITH_KNOTS('',1,(#9579,#9580),.UNSPECIFIED.,.F.,
  .F.,(2,2),(-1.398474397447E-02,0.),.PIECEWISE_BEZIER_KNOTS.);
#9579 = CARTESIAN_POINT('',(1.128690644528,0.317736029181,1.0500001));
#9580 = CARTESIAN_POINT('',(1.142675388503,0.317736029181,1.0500001));
#9581 = ORIENTED_EDGE('',*,*,#9582,.F.);
#9582 = EDGE_CURVE('',#9583,#9574,#9585,.T.);
#9583 = VERTEX_POINT('',#9584);
#9584 = CARTESIAN_POINT('',(1.128690644528,0.368580191289,1.0500001));
#9585 = B_SPLINE_CURVE_WITH_KNOTS('',1,(#9586,#9587),.UNSPECIFIED.,.F.,
  .F.,(2,2),(-5.084416210783E-02,-0.),.PIECEWISE_BEZIER_KNOTS.);
#9586 = CARTESIAN_POINT('',(1.128690644528,0.368580191289,1.0500001));
#9587 = CARTESIAN_POINT('',(1.128690644528,0.317736029181,1.0500001));
#9588 = ORIENTED_EDGE('',*,*,#9589,.F.);
#9589 = EDGE_CURVE('',#9590,#9583,#9592,.T.);
#9590 = VERTEX_POINT('',#9591);
#9591 = CARTESIAN_POINT('',(1.143195267461,0.368580191289,1.0500001));
#9592 = B_SPLINE_CURVE_WITH_KNOTS('',1,(#9593,#9594),.UNSPECIFIED.,.F.,
  .F.,(2,2),(-1.450462293238E-02,-0.),.PIECEWISE_BEZIER_KNOTS.);
#9593 = CARTESIAN_POINT('',(1.143195267461,0.368580191289,1.0500001));
#9594 = CARTESIAN_POINT('',(1.128690644528,0.368580191289,1.0500001));
#9595 = ORIENTED_EDGE('',*,*,#9596,.F.);
#9596 = EDGE_CURVE('',#9597,#9590,#9599,.T.);
#9597 = VERTEX_POINT('',#9598);
#9598 = CARTESIAN_POINT('',(1.162417791938,0.361847758781,1.0500001));
#9599 = B_SPLINE_CURVE_WITH_KNOTS('',3,(#9600,#9601,#9602,#9603),
  .UNSPECIFIED.,.F.,.F.,(4,4),(2.,3.),.PIECEWISE_BEZIER_KNOTS.);
#9600 = CARTESIAN_POINT('',(1.162417791938,0.361847758781,1.0500001));
#9601 = CARTESIAN_POINT('',(1.157309981175,0.366344711768,1.0500001));
#9602 = CARTESIAN_POINT('',(1.150902473015,0.368580191289,1.0500001));
#9603 = CARTESIAN_POINT('',(1.143195267461,0.368580191289,1.0500001));
#9604 = ORIENTED_EDGE('',*,*,#9605,.F.);
#9605 = EDGE_CURVE('',#9606,#9597,#9608,.T.);
#9606 = VERTEX_POINT('',#9607);
#9607 = CARTESIAN_POINT('',(1.170086006572,0.343807958932,1.0500001));
#9608 = B_SPLINE_CURVE_WITH_KNOTS('',3,(#9609,#9610,#9611,#9612),
  .UNSPECIFIED.,.F.,.F.,(4,4),(3.,4.),.PIECEWISE_BEZIER_KNOTS.);
#9609 = CARTESIAN_POINT('',(1.170086006572,0.343807958932,1.0500001));
#9610 = CARTESIAN_POINT('',(1.170086006572,0.351346203826,1.0500001));
#9611 = CARTESIAN_POINT('',(1.167525602702,0.357350805792,1.0500001));
#9612 = CARTESIAN_POINT('',(1.162417791938,0.361847758781,1.0500001));
#9613 = ORIENTED_EDGE('',*,*,#9614,.F.);
#9614 = EDGE_CURVE('',#9615,#9606,#9617,.T.);
#9615 = VERTEX_POINT('',#9616);
#9616 = CARTESIAN_POINT('',(1.162417791938,0.324858370908,1.0500001));
#9617 = B_SPLINE_CURVE_WITH_KNOTS('',3,(#9618,#9619,#9620,#9621),
  .UNSPECIFIED.,.F.,.F.,(4,4),(4.,5.),.PIECEWISE_BEZIER_KNOTS.);
#9618 = CARTESIAN_POINT('',(1.162417791938,0.324858370908,1.0500001));
#9619 = CARTESIAN_POINT('',(1.167525602702,0.329615263375,1.0500001));
#9620 = CARTESIAN_POINT('',(1.170086006572,0.335931792716,1.0500001));
#9621 = CARTESIAN_POINT('',(1.170086006572,0.343807958932,1.0500001));
#9622 = ORIENTED_EDGE('',*,*,#9623,.F.);
#9623 = EDGE_CURVE('',#9576,#9615,#9624,.T.);
#9624 = B_SPLINE_CURVE_WITH_KNOTS('',3,(#9625,#9626,#9627,#9628),
  .UNSPECIFIED.,.F.,.F.,(4,4),(5.,6.),.PIECEWISE_BEZIER_KNOTS.);
#9625 = CARTESIAN_POINT('',(1.142675388503,0.317736029181,1.0500001));
#9626 = CARTESIAN_POINT('',(1.15072051538,0.317736029181,1.0500001));
#9627 = CARTESIAN_POINT('',(1.157309981175,0.32010147844,1.0500001));
#9628 = CARTESIAN_POINT('',(1.162417791938,0.324858370908,1.0500001));
#9629 = FACE_BOUND('',#9630,.T.);
#9630 = EDGE_LOOP('',(#9631,#9640,#9647,#9654,#9663,#9672,#9681));
#9631 = ORIENTED_EDGE('',*,*,#9632,.T.);
#9632 = EDGE_CURVE('',#9633,#9635,#9637,.T.);
#9633 = VERTEX_POINT('',#9634);
#9634 = CARTESIAN_POINT('',(1.142935327981,0.36273155301,1.0500001));
#9635 = VERTEX_POINT('',#9636);
#9636 = CARTESIAN_POINT('',(1.135254116375,0.36273155301,1.0500001));
#9637 = B_SPLINE_CURVE_WITH_KNOTS('',1,(#9638,#9639),.UNSPECIFIED.,.F.,
  .F.,(2,2),(2.22044604925E-16,7.681211606702E-03),
  .PIECEWISE_BEZIER_KNOTS.);
#9638 = CARTESIAN_POINT('',(1.142935327981,0.36273155301,1.0500001));
#9639 = CARTESIAN_POINT('',(1.135254116375,0.36273155301,1.0500001));
#9640 = ORIENTED_EDGE('',*,*,#9641,.T.);
#9641 = EDGE_CURVE('',#9635,#9642,#9644,.T.);
#9642 = VERTEX_POINT('',#9643);
#9643 = CARTESIAN_POINT('',(1.135254116375,0.323532679564,1.0500001));
#9644 = B_SPLINE_CURVE_WITH_KNOTS('',1,(#9645,#9646),.UNSPECIFIED.,.F.,
  .F.,(2,2),(0.,3.919887344518E-02),.PIECEWISE_BEZIER_KNOTS.);
#9645 = CARTESIAN_POINT('',(1.135254116375,0.36273155301,1.0500001));
#9646 = CARTESIAN_POINT('',(1.135254116375,0.323532679564,1.0500001));
#9647 = ORIENTED_EDGE('',*,*,#9648,.T.);
#9648 = EDGE_CURVE('',#9642,#9649,#9651,.T.);
#9649 = VERTEX_POINT('',#9650);
#9650 = CARTESIAN_POINT('',(1.142636397581,0.323532679564,1.0500001));
#9651 = B_SPLINE_CURVE_WITH_KNOTS('',1,(#9652,#9653),.UNSPECIFIED.,.F.,
  .F.,(2,2),(0.,7.382281205756E-03),.PIECEWISE_BEZIER_KNOTS.);
#9652 = CARTESIAN_POINT('',(1.135254116375,0.323532679564,1.0500001));
#9653 = CARTESIAN_POINT('',(1.142636397581,0.323532679564,1.0500001));
#9654 = ORIENTED_EDGE('',*,*,#9655,.T.);
#9655 = EDGE_CURVE('',#9649,#9656,#9658,.T.);
#9656 = VERTEX_POINT('',#9657);
#9657 = CARTESIAN_POINT('',(1.157751878289,0.328835444937,1.0500001));
#9658 = B_SPLINE_CURVE_WITH_KNOTS('',3,(#9659,#9660,#9661,#9662),
  .UNSPECIFIED.,.F.,.F.,(4,4),(2.,3.),.PIECEWISE_BEZIER_KNOTS.);
#9659 = CARTESIAN_POINT('',(1.142636397581,0.323532679564,1.0500001));
#9660 = CARTESIAN_POINT('',(1.149095893636,0.323532679564,1.0500001));
#9661 = CARTESIAN_POINT('',(1.15413871953,0.325300268022,1.0500001));
#9662 = CARTESIAN_POINT('',(1.157751878289,0.328835444937,1.0500001));
#9663 = ORIENTED_EDGE('',*,*,#9664,.T.);
#9664 = EDGE_CURVE('',#9656,#9665,#9667,.T.);
#9665 = VERTEX_POINT('',#9666);
#9666 = CARTESIAN_POINT('',(1.163184613402,0.343626001297,1.0500001));
#9667 = B_SPLINE_CURVE_WITH_KNOTS('',3,(#9668,#9669,#9670,#9671),
  .UNSPECIFIED.,.F.,.F.,(4,4),(3.,4.),.PIECEWISE_BEZIER_KNOTS.);
#9668 = CARTESIAN_POINT('',(1.157751878289,0.328835444937,1.0500001));
#9669 = CARTESIAN_POINT('',(1.161378034022,0.332344627905,1.0500001));
#9670 = CARTESIAN_POINT('',(1.163184613402,0.337283478008,1.0500001));
#9671 = CARTESIAN_POINT('',(1.163184613402,0.343626001297,1.0500001));
#9672 = ORIENTED_EDGE('',*,*,#9673,.T.);
#9673 = EDGE_CURVE('',#9665,#9674,#9676,.T.);
#9674 = VERTEX_POINT('',#9675);
#9675 = CARTESIAN_POINT('',(1.157608911575,0.357948666594,1.0500001));
#9676 = B_SPLINE_CURVE_WITH_KNOTS('',3,(#9677,#9678,#9679,#9680),
  .UNSPECIFIED.,.F.,.F.,(4,4),(4.,5.),.PIECEWISE_BEZIER_KNOTS.);
#9677 = CARTESIAN_POINT('',(1.163184613402,0.343626001297,1.0500001));
#9678 = CARTESIAN_POINT('',(1.163184613402,0.349968524587,1.0500001));
#9679 = CARTESIAN_POINT('',(1.161326046126,0.354751411002,1.0500001));
#9680 = CARTESIAN_POINT('',(1.157608911575,0.357948666594,1.0500001));
#9681 = ORIENTED_EDGE('',*,*,#9682,.T.);
#9682 = EDGE_CURVE('',#9674,#9633,#9683,.T.);
#9683 = B_SPLINE_CURVE_WITH_KNOTS('',3,(#9684,#9685,#9686,#9687),
  .UNSPECIFIED.,.F.,.F.,(4,4),(5.,6.),.PIECEWISE_BEZIER_KNOTS.);
#9684 = CARTESIAN_POINT('',(1.157608911575,0.357948666594,1.0500001));
#9685 = CARTESIAN_POINT('',(1.153891777025,0.361145922187,1.0500001));
#9686 = CARTESIAN_POINT('',(1.148991917844,0.36273155301,1.0500001));
#9687 = CARTESIAN_POINT('',(1.142935327981,0.36273155301,1.0500001));
#9688 = B_SPLINE_SURFACE_WITH_KNOTS('',1,1,(
    (#9689,#9690)
    ,(#9691,#9692
    )),.UNSPECIFIED.,.F.,.F.,.F.,(2,2),(2,2),(-2.509065821791E-02,
    1.630470382542E-02),(-4.916430322421E-02,1.679858883628E-03),
  .PIECEWISE_BEZIER_KNOTS.);
#9689 = CARTESIAN_POINT('',(1.128690644528,0.317736029181,1.0500001));
#9690 = CARTESIAN_POINT('',(1.128690644528,0.368580191289,1.0500001));
#9691 = CARTESIAN_POINT('',(1.170086006572,0.317736029181,1.0500001));
#9692 = CARTESIAN_POINT('',(1.170086006572,0.368580191289,1.0500001));
#9693 = ADVANCED_FACE('',(#9694),#9708,.F.);
#9694 = FACE_BOUND('',#9695,.T.);
#9695 = EDGE_LOOP('',(#9696,#9697,#9702,#9703));
#9696 = ORIENTED_EDGE('',*,*,#9573,.T.);
#9697 = ORIENTED_EDGE('',*,*,#9698,.F.);
#9698 = EDGE_CURVE('',#9452,#9576,#9699,.T.);
#9699 = B_SPLINE_CURVE_WITH_KNOTS('',1,(#9700,#9701),.UNSPECIFIED.,.F.,
  .F.,(2,2),(-0.,1.E-03),.PIECEWISE_BEZIER_KNOTS.);
#9700 = CARTESIAN_POINT('',(1.142675388503,0.317736029181,1.0510001));
#9701 = CARTESIAN_POINT('',(1.142675388503,0.317736029181,1.0500001));
#9702 = ORIENTED_EDGE('',*,*,#9449,.F.);
#9703 = ORIENTED_EDGE('',*,*,#9704,.T.);
#9704 = EDGE_CURVE('',#9450,#9574,#9705,.T.);
#9705 = B_SPLINE_CURVE_WITH_KNOTS('',1,(#9706,#9707),.UNSPECIFIED.,.F.,
  .F.,(2,2),(-0.,1.E-03),.PIECEWISE_BEZIER_KNOTS.);
#9706 = CARTESIAN_POINT('',(1.128690644528,0.317736029181,1.0510001));
#9707 = CARTESIAN_POINT('',(1.128690644528,0.317736029181,1.0500001));
#9708 = B_SPLINE_SURFACE_WITH_KNOTS('',1,1,(
    (#9709,#9710)
    ,(#9711,#9712)),.UNSPECIFIED.,.F.,.F.,.F.,(2,2),(2,2),(-1.E-03,0.),(
    -1.398474397447E-02,0.),.PIECEWISE_BEZIER_KNOTS.);
#9709 = CARTESIAN_POINT('',(1.128690644528,0.317736029181,1.0500001));
#9710 = CARTESIAN_POINT('',(1.142675388503,0.317736029181,1.0500001));
#9711 = CARTESIAN_POINT('',(1.128690644528,0.317736029181,1.0510001));
#9712 = CARTESIAN_POINT('',(1.142675388503,0.317736029181,1.0510001));
#9713 = ADVANCED_FACE('',(#9714),#9724,.F.);
#9714 = FACE_BOUND('',#9715,.F.);
#9715 = EDGE_LOOP('',(#9716,#9717,#9718,#9723));
#9716 = ORIENTED_EDGE('',*,*,#9698,.F.);
#9717 = ORIENTED_EDGE('',*,*,#9458,.T.);
#9718 = ORIENTED_EDGE('',*,*,#9719,.T.);
#9719 = EDGE_CURVE('',#9459,#9615,#9720,.T.);
#9720 = B_SPLINE_CURVE_WITH_KNOTS('',1,(#9721,#9722),.UNSPECIFIED.,.F.,
  .F.,(2,2),(-0.,1.E-03),.PIECEWISE_BEZIER_KNOTS.);
#9721 = CARTESIAN_POINT('',(1.162417791938,0.324858370908,1.0510001));
#9722 = CARTESIAN_POINT('',(1.162417791938,0.324858370908,1.0500001));
#9723 = ORIENTED_EDGE('',*,*,#9623,.F.);
#9724 = B_SPLINE_SURFACE_WITH_KNOTS('',3,1,(
    (#9725,#9726)
    ,(#9727,#9728)
    ,(#9729,#9730)
    ,(#9731,#9732
    )),.UNSPECIFIED.,.F.,.F.,.F.,(4,4),(2,2),(5.,6.),(0.,1.),
  .PIECEWISE_BEZIER_KNOTS.);
#9725 = CARTESIAN_POINT('',(1.142675388503,0.317736029181,1.0510001));
#9726 = CARTESIAN_POINT('',(1.142675388503,0.317736029181,1.0500001));
#9727 = CARTESIAN_POINT('',(1.15072051538,0.317736029181,1.0510001));
#9728 = CARTESIAN_POINT('',(1.15072051538,0.317736029181,1.0500001));
#9729 = CARTESIAN_POINT('',(1.157309981175,0.32010147844,1.0510001));
#9730 = CARTESIAN_POINT('',(1.157309981175,0.32010147844,1.0500001));
#9731 = CARTESIAN_POINT('',(1.162417791938,0.324858370908,1.0510001));
#9732 = CARTESIAN_POINT('',(1.162417791938,0.324858370908,1.0500001));
#9733 = ADVANCED_FACE('',(#9734),#9744,.F.);
#9734 = FACE_BOUND('',#9735,.F.);
#9735 = EDGE_LOOP('',(#9736,#9737,#9738,#9743));
#9736 = ORIENTED_EDGE('',*,*,#9719,.F.);
#9737 = ORIENTED_EDGE('',*,*,#9467,.T.);
#9738 = ORIENTED_EDGE('',*,*,#9739,.T.);
#9739 = EDGE_CURVE('',#9468,#9606,#9740,.T.);
#9740 = B_SPLINE_CURVE_WITH_KNOTS('',1,(#9741,#9742),.UNSPECIFIED.,.F.,
  .F.,(2,2),(-0.,1.E-03),.PIECEWISE_BEZIER_KNOTS.);
#9741 = CARTESIAN_POINT('',(1.170086006572,0.343807958932,1.0510001));
#9742 = CARTESIAN_POINT('',(1.170086006572,0.343807958932,1.0500001));
#9743 = ORIENTED_EDGE('',*,*,#9614,.F.);
#9744 = B_SPLINE_SURFACE_WITH_KNOTS('',3,1,(
    (#9745,#9746)
    ,(#9747,#9748)
    ,(#9749,#9750)
    ,(#9751,#9752
    )),.UNSPECIFIED.,.F.,.F.,.F.,(4,4),(2,2),(4.,5.),(0.,1.),
  .PIECEWISE_BEZIER_KNOTS.);
#9745 = CARTESIAN_POINT('',(1.162417791938,0.324858370908,1.0510001));
#9746 = CARTESIAN_POINT('',(1.162417791938,0.324858370908,1.0500001));
#9747 = CARTESIAN_POINT('',(1.167525602702,0.329615263375,1.0510001));
#9748 = CARTESIAN_POINT('',(1.167525602702,0.329615263375,1.0500001));
#9749 = CARTESIAN_POINT('',(1.170086006572,0.335931792716,1.0510001));
#9750 = CARTESIAN_POINT('',(1.170086006572,0.335931792716,1.0500001));
#9751 = CARTESIAN_POINT('',(1.170086006572,0.343807958932,1.0510001));
#9752 = CARTESIAN_POINT('',(1.170086006572,0.343807958932,1.0500001));
#9753 = ADVANCED_FACE('',(#9754),#9764,.F.);
#9754 = FACE_BOUND('',#9755,.F.);
#9755 = EDGE_LOOP('',(#9756,#9757,#9758,#9763));
#9756 = ORIENTED_EDGE('',*,*,#9739,.F.);
#9757 = ORIENTED_EDGE('',*,*,#9476,.T.);
#9758 = ORIENTED_EDGE('',*,*,#9759,.T.);
#9759 = EDGE_CURVE('',#9477,#9597,#9760,.T.);
#9760 = B_SPLINE_CURVE_WITH_KNOTS('',1,(#9761,#9762),.UNSPECIFIED.,.F.,
  .F.,(2,2),(-0.,1.E-03),.PIECEWISE_BEZIER_KNOTS.);
#9761 = CARTESIAN_POINT('',(1.162417791938,0.361847758781,1.0510001));
#9762 = CARTESIAN_POINT('',(1.162417791938,0.361847758781,1.0500001));
#9763 = ORIENTED_EDGE('',*,*,#9605,.F.);
#9764 = B_SPLINE_SURFACE_WITH_KNOTS('',3,1,(
    (#9765,#9766)
    ,(#9767,#9768)
    ,(#9769,#9770)
    ,(#9771,#9772
    )),.UNSPECIFIED.,.F.,.F.,.F.,(4,4),(2,2),(3.,4.),(0.,1.),
  .PIECEWISE_BEZIER_KNOTS.);
#9765 = CARTESIAN_POINT('',(1.170086006572,0.343807958932,1.0510001));
#9766 = CARTESIAN_POINT('',(1.170086006572,0.343807958932,1.0500001));
#9767 = CARTESIAN_POINT('',(1.170086006572,0.351346203826,1.0510001));
#9768 = CARTESIAN_POINT('',(1.170086006572,0.351346203826,1.0500001));
#9769 = CARTESIAN_POINT('',(1.167525602702,0.357350805792,1.0510001));
#9770 = CARTESIAN_POINT('',(1.167525602702,0.357350805792,1.0500001));
#9771 = CARTESIAN_POINT('',(1.162417791938,0.361847758781,1.0510001));
#9772 = CARTESIAN_POINT('',(1.162417791938,0.361847758781,1.0500001));
#9773 = ADVANCED_FACE('',(#9774),#9784,.F.);
#9774 = FACE_BOUND('',#9775,.F.);
#9775 = EDGE_LOOP('',(#9776,#9777,#9778,#9783));
#9776 = ORIENTED_EDGE('',*,*,#9759,.F.);
#9777 = ORIENTED_EDGE('',*,*,#9485,.T.);
#9778 = ORIENTED_EDGE('',*,*,#9779,.T.);
#9779 = EDGE_CURVE('',#9486,#9590,#9780,.T.);
#9780 = B_SPLINE_CURVE_WITH_KNOTS('',1,(#9781,#9782),.UNSPECIFIED.,.F.,
  .F.,(2,2),(-0.,1.E-03),.PIECEWISE_BEZIER_KNOTS.);
#9781 = CARTESIAN_POINT('',(1.143195267461,0.368580191289,1.0510001));
#9782 = CARTESIAN_POINT('',(1.143195267461,0.368580191289,1.0500001));
#9783 = ORIENTED_EDGE('',*,*,#9596,.F.);
#9784 = B_SPLINE_SURFACE_WITH_KNOTS('',3,1,(
    (#9785,#9786)
    ,(#9787,#9788)
    ,(#9789,#9790)
    ,(#9791,#9792
    )),.UNSPECIFIED.,.F.,.F.,.F.,(4,4),(2,2),(2.,3.),(0.,1.),
  .PIECEWISE_BEZIER_KNOTS.);
#9785 = CARTESIAN_POINT('',(1.162417791938,0.361847758781,1.0510001));
#9786 = CARTESIAN_POINT('',(1.162417791938,0.361847758781,1.0500001));
#9787 = CARTESIAN_POINT('',(1.157309981175,0.366344711768,1.0510001));
#9788 = CARTESIAN_POINT('',(1.157309981175,0.366344711768,1.0500001));
#9789 = CARTESIAN_POINT('',(1.150902473015,0.368580191289,1.0510001));
#9790 = CARTESIAN_POINT('',(1.150902473015,0.368580191289,1.0500001));
#9791 = CARTESIAN_POINT('',(1.143195267461,0.368580191289,1.0510001));
#9792 = CARTESIAN_POINT('',(1.143195267461,0.368580191289,1.0500001));
#9793 = ADVANCED_FACE('',(#9794),#9804,.F.);
#9794 = FACE_BOUND('',#9795,.T.);
#9795 = EDGE_LOOP('',(#9796,#9797,#9802,#9803));
#9796 = ORIENTED_EDGE('',*,*,#9589,.T.);
#9797 = ORIENTED_EDGE('',*,*,#9798,.F.);
#9798 = EDGE_CURVE('',#9495,#9583,#9799,.T.);
#9799 = B_SPLINE_CURVE_WITH_KNOTS('',1,(#9800,#9801),.UNSPECIFIED.,.F.,
  .F.,(2,2),(-0.,1.E-03),.PIECEWISE_BEZIER_KNOTS.);
#9800 = CARTESIAN_POINT('',(1.128690644528,0.368580191289,1.0510001));
#9801 = CARTESIAN_POINT('',(1.128690644528,0.368580191289,1.0500001));
#9802 = ORIENTED_EDGE('',*,*,#9494,.F.);
#9803 = ORIENTED_EDGE('',*,*,#9779,.T.);
#9804 = B_SPLINE_SURFACE_WITH_KNOTS('',1,1,(
    (#9805,#9806)
    ,(#9807,#9808
    )),.UNSPECIFIED.,.F.,.F.,.F.,(2,2),(2,2),(0.,1.E-03),(0.,
    1.450462293238E-02),.PIECEWISE_BEZIER_KNOTS.);
#9805 = CARTESIAN_POINT('',(1.128690644528,0.368580191289,1.0510001));
#9806 = CARTESIAN_POINT('',(1.143195267461,0.368580191289,1.0510001));
#9807 = CARTESIAN_POINT('',(1.128690644528,0.368580191289,1.0500001));
#9808 = CARTESIAN_POINT('',(1.143195267461,0.368580191289,1.0500001));
#9809 = ADVANCED_FACE('',(#9810),#9816,.F.);
#9810 = FACE_BOUND('',#9811,.T.);
#9811 = EDGE_LOOP('',(#9812,#9813,#9814,#9815));
#9812 = ORIENTED_EDGE('',*,*,#9582,.T.);
#9813 = ORIENTED_EDGE('',*,*,#9704,.F.);
#9814 = ORIENTED_EDGE('',*,*,#9501,.F.);
#9815 = ORIENTED_EDGE('',*,*,#9798,.T.);
#9816 = B_SPLINE_SURFACE_WITH_KNOTS('',1,1,(
    (#9817,#9818)
    ,(#9819,#9820
    )),.UNSPECIFIED.,.F.,.F.,.F.,(2,2),(2,2),(0.,1.E-03),(0.,
    5.084416210783E-02),.PIECEWISE_BEZIER_KNOTS.);
#9817 = CARTESIAN_POINT('',(1.128690644528,0.317736029181,1.0510001));
#9818 = CARTESIAN_POINT('',(1.128690644528,0.368580191289,1.0510001));
#9819 = CARTESIAN_POINT('',(1.128690644528,0.317736029181,1.0500001));
#9820 = CARTESIAN_POINT('',(1.128690644528,0.368580191289,1.0500001));
#9821 = ADVANCED_FACE('',(#9822),#9836,.T.);
#9822 = FACE_BOUND('',#9823,.T.);
#9823 = EDGE_LOOP('',(#9824,#9825,#9830,#9831));
#9824 = ORIENTED_EDGE('',*,*,#9632,.F.);
#9825 = ORIENTED_EDGE('',*,*,#9826,.F.);
#9826 = EDGE_CURVE('',#9518,#9633,#9827,.T.);
#9827 = B_SPLINE_CURVE_WITH_KNOTS('',1,(#9828,#9829),.UNSPECIFIED.,.F.,
  .F.,(2,2),(-0.,1.E-03),.PIECEWISE_BEZIER_KNOTS.);
#9828 = CARTESIAN_POINT('',(1.142935327981,0.36273155301,1.0510001));
#9829 = CARTESIAN_POINT('',(1.142935327981,0.36273155301,1.0500001));
#9830 = ORIENTED_EDGE('',*,*,#9517,.T.);
#9831 = ORIENTED_EDGE('',*,*,#9832,.T.);
#9832 = EDGE_CURVE('',#9509,#9635,#9833,.T.);
#9833 = B_SPLINE_CURVE_WITH_KNOTS('',1,(#9834,#9835),.UNSPECIFIED.,.F.,
  .F.,(2,2),(-0.,1.E-03),.PIECEWISE_BEZIER_KNOTS.);
#9834 = CARTESIAN_POINT('',(1.135254116375,0.36273155301,1.0510001));
#9835 = CARTESIAN_POINT('',(1.135254116375,0.36273155301,1.0500001));
#9836 = B_SPLINE_SURFACE_WITH_KNOTS('',1,1,(
    (#9837,#9838)
    ,(#9839,#9840)),.UNSPECIFIED.,.F.,.F.,.F.,(2,2),(2,2),(-0.,1.E-03),(
    -7.681211606702E-03,-2.22044604925E-16),.PIECEWISE_BEZIER_KNOTS.);
#9837 = CARTESIAN_POINT('',(1.135254116375,0.36273155301,1.0510001));
#9838 = CARTESIAN_POINT('',(1.142935327981,0.36273155301,1.0510001));
#9839 = CARTESIAN_POINT('',(1.135254116375,0.36273155301,1.0500001));
#9840 = CARTESIAN_POINT('',(1.142935327981,0.36273155301,1.0500001));
#9841 = ADVANCED_FACE('',(#9842),#9852,.T.);
#9842 = FACE_BOUND('',#9843,.T.);
#9843 = EDGE_LOOP('',(#9844,#9845,#9846,#9847));
#9844 = ORIENTED_EDGE('',*,*,#9641,.F.);
#9845 = ORIENTED_EDGE('',*,*,#9832,.F.);
#9846 = ORIENTED_EDGE('',*,*,#9508,.T.);
#9847 = ORIENTED_EDGE('',*,*,#9848,.T.);
#9848 = EDGE_CURVE('',#9511,#9642,#9849,.T.);
#9849 = B_SPLINE_CURVE_WITH_KNOTS('',1,(#9850,#9851),.UNSPECIFIED.,.F.,
  .F.,(2,2),(-0.,1.E-03),.PIECEWISE_BEZIER_KNOTS.);
#9850 = CARTESIAN_POINT('',(1.135254116375,0.323532679564,1.0510001));
#9851 = CARTESIAN_POINT('',(1.135254116375,0.323532679564,1.0500001));
#9852 = B_SPLINE_SURFACE_WITH_KNOTS('',1,1,(
    (#9853,#9854)
    ,(#9855,#9856)),.UNSPECIFIED.,.F.,.F.,.F.,(2,2),(2,2),(0.,1.E-03),(
    -3.919887344518E-02,0.),.PIECEWISE_BEZIER_KNOTS.);
#9853 = CARTESIAN_POINT('',(1.135254116375,0.323532679564,1.0510001));
#9854 = CARTESIAN_POINT('',(1.135254116375,0.36273155301,1.0510001));
#9855 = CARTESIAN_POINT('',(1.135254116375,0.323532679564,1.0500001));
#9856 = CARTESIAN_POINT('',(1.135254116375,0.36273155301,1.0500001));
#9857 = ADVANCED_FACE('',(#9858),#9868,.T.);
#9858 = FACE_BOUND('',#9859,.T.);
#9859 = EDGE_LOOP('',(#9860,#9861,#9862,#9863));
#9860 = ORIENTED_EDGE('',*,*,#9648,.F.);
#9861 = ORIENTED_EDGE('',*,*,#9848,.F.);
#9862 = ORIENTED_EDGE('',*,*,#9560,.T.);
#9863 = ORIENTED_EDGE('',*,*,#9864,.T.);
#9864 = EDGE_CURVE('',#9552,#9649,#9865,.T.);
#9865 = B_SPLINE_CURVE_WITH_KNOTS('',1,(#9866,#9867),.UNSPECIFIED.,.F.,
  .F.,(2,2),(-0.,1.E-03),.PIECEWISE_BEZIER_KNOTS.);
#9866 = CARTESIAN_POINT('',(1.142636397581,0.323532679564,1.0510001));
#9867 = CARTESIAN_POINT('',(1.142636397581,0.323532679564,1.0500001));
#9868 = B_SPLINE_SURFACE_WITH_KNOTS('',1,1,(
    (#9869,#9870)
    ,(#9871,#9872
    )),.UNSPECIFIED.,.F.,.F.,.F.,(2,2),(2,2),(-1.E-03,0.),(0.,
    7.382281205756E-03),.PIECEWISE_BEZIER_KNOTS.);
#9869 = CARTESIAN_POINT('',(1.135254116375,0.323532679564,1.0500001));
#9870 = CARTESIAN_POINT('',(1.142636397581,0.323532679564,1.0500001));
#9871 = CARTESIAN_POINT('',(1.135254116375,0.323532679564,1.0510001));
#9872 = CARTESIAN_POINT('',(1.142636397581,0.323532679564,1.0510001));
#9873 = ADVANCED_FACE('',(#9874),#9884,.T.);
#9874 = FACE_BOUND('',#9875,.T.);
#9875 = EDGE_LOOP('',(#9876,#9877,#9878,#9879));
#9876 = ORIENTED_EDGE('',*,*,#9655,.F.);
#9877 = ORIENTED_EDGE('',*,*,#9864,.F.);
#9878 = ORIENTED_EDGE('',*,*,#9551,.T.);
#9879 = ORIENTED_EDGE('',*,*,#9880,.T.);
#9880 = EDGE_CURVE('',#9543,#9656,#9881,.T.);
#9881 = B_SPLINE_CURVE_WITH_KNOTS('',1,(#9882,#9883),.UNSPECIFIED.,.F.,
  .F.,(2,2),(-0.,1.E-03),.PIECEWISE_BEZIER_KNOTS.);
#9882 = CARTESIAN_POINT('',(1.157751878289,0.328835444937,1.0510001));
#9883 = CARTESIAN_POINT('',(1.157751878289,0.328835444937,1.0500001));
#9884 = B_SPLINE_SURFACE_WITH_KNOTS('',3,1,(
    (#9885,#9886)
    ,(#9887,#9888)
    ,(#9889,#9890)
    ,(#9891,#9892
    )),.UNSPECIFIED.,.F.,.F.,.F.,(4,4),(2,2),(2.,3.),(0.,1.),
  .PIECEWISE_BEZIER_KNOTS.);
#9885 = CARTESIAN_POINT('',(1.142636397581,0.323532679564,1.0510001));
#9886 = CARTESIAN_POINT('',(1.142636397581,0.323532679564,1.0500001));
#9887 = CARTESIAN_POINT('',(1.149095893636,0.323532679564,1.0510001));
#9888 = CARTESIAN_POINT('',(1.149095893636,0.323532679564,1.0500001));
#9889 = CARTESIAN_POINT('',(1.15413871953,0.325300268022,1.0510001));
#9890 = CARTESIAN_POINT('',(1.15413871953,0.325300268022,1.0500001));
#9891 = CARTESIAN_POINT('',(1.157751878289,0.328835444937,1.0510001));
#9892 = CARTESIAN_POINT('',(1.157751878289,0.328835444937,1.0500001));
#9893 = ADVANCED_FACE('',(#9894),#9904,.T.);
#9894 = FACE_BOUND('',#9895,.T.);
#9895 = EDGE_LOOP('',(#9896,#9897,#9898,#9899));
#9896 = ORIENTED_EDGE('',*,*,#9664,.F.);
#9897 = ORIENTED_EDGE('',*,*,#9880,.F.);
#9898 = ORIENTED_EDGE('',*,*,#9542,.T.);
#9899 = ORIENTED_EDGE('',*,*,#9900,.T.);
#9900 = EDGE_CURVE('',#9534,#9665,#9901,.T.);
#9901 = B_SPLINE_CURVE_WITH_KNOTS('',1,(#9902,#9903),.UNSPECIFIED.,.F.,
  .F.,(2,2),(-0.,1.E-03),.PIECEWISE_BEZIER_KNOTS.);
#9902 = CARTESIAN_POINT('',(1.163184613402,0.343626001297,1.0510001));
#9903 = CARTESIAN_POINT('',(1.163184613402,0.343626001297,1.0500001));
#9904 = B_SPLINE_SURFACE_WITH_KNOTS('',3,1,(
    (#9905,#9906)
    ,(#9907,#9908)
    ,(#9909,#9910)
    ,(#9911,#9912
    )),.UNSPECIFIED.,.F.,.F.,.F.,(4,4),(2,2),(3.,4.),(0.,1.),
  .PIECEWISE_BEZIER_KNOTS.);
#9905 = CARTESIAN_POINT('',(1.157751878289,0.328835444937,1.0510001));
#9906 = CARTESIAN_POINT('',(1.157751878289,0.328835444937,1.0500001));
#9907 = CARTESIAN_POINT('',(1.161378034022,0.332344627905,1.0510001));
#9908 = CARTESIAN_POINT('',(1.161378034022,0.332344627905,1.0500001));
#9909 = CARTESIAN_POINT('',(1.163184613402,0.337283478008,1.0510001));
#9910 = CARTESIAN_POINT('',(1.163184613402,0.337283478008,1.0500001));
#9911 = CARTESIAN_POINT('',(1.163184613402,0.343626001297,1.0510001));
#9912 = CARTESIAN_POINT('',(1.163184613402,0.343626001297,1.0500001));
#9913 = ADVANCED_FACE('',(#9914),#9924,.T.);
#9914 = FACE_BOUND('',#9915,.T.);
#9915 = EDGE_LOOP('',(#9916,#9917,#9918,#9919));
#9916 = ORIENTED_EDGE('',*,*,#9673,.F.);
#9917 = ORIENTED_EDGE('',*,*,#9900,.F.);
#9918 = ORIENTED_EDGE('',*,*,#9533,.T.);
#9919 = ORIENTED_EDGE('',*,*,#9920,.T.);
#9920 = EDGE_CURVE('',#9525,#9674,#9921,.T.);
#9921 = B_SPLINE_CURVE_WITH_KNOTS('',1,(#9922,#9923),.UNSPECIFIED.,.F.,
  .F.,(2,2),(-0.,1.E-03),.PIECEWISE_BEZIER_KNOTS.);
#9922 = CARTESIAN_POINT('',(1.157608911575,0.357948666594,1.0510001));
#9923 = CARTESIAN_POINT('',(1.157608911575,0.357948666594,1.0500001));
#9924 = B_SPLINE_SURFACE_WITH_KNOTS('',3,1,(
    (#9925,#9926)
    ,(#9927,#9928)
    ,(#9929,#9930)
    ,(#9931,#9932
    )),.UNSPECIFIED.,.F.,.F.,.F.,(4,4),(2,2),(4.,5.),(0.,1.),
  .PIECEWISE_BEZIER_KNOTS.);
#9925 = CARTESIAN_POINT('',(1.163184613402,0.343626001297,1.0510001));
#9926 = CARTESIAN_POINT('',(1.163184613402,0.343626001297,1.0500001));
#9927 = CARTESIAN_POINT('',(1.163184613402,0.349968524587,1.0510001));
#9928 = CARTESIAN_POINT('',(1.163184613402,0.349968524587,1.0500001));
#9929 = CARTESIAN_POINT('',(1.161326046126,0.354751411002,1.0510001));
#9930 = CARTESIAN_POINT('',(1.161326046126,0.354751411002,1.0500001));
#9931 = CARTESIAN_POINT('',(1.157608911575,0.357948666594,1.0510001));
#9932 = CARTESIAN_POINT('',(1.157608911575,0.357948666594,1.0500001));
#9933 = ADVANCED_FACE('',(#9934),#9940,.T.);
#9934 = FACE_BOUND('',#9935,.T.);
#9935 = EDGE_LOOP('',(#9936,#9937,#9938,#9939));
#9936 = ORIENTED_EDGE('',*,*,#9682,.F.);
#9937 = ORIENTED_EDGE('',*,*,#9920,.F.);
#9938 = ORIENTED_EDGE('',*,*,#9524,.T.);
#9939 = ORIENTED_EDGE('',*,*,#9826,.T.);
#9940 = B_SPLINE_SURFACE_WITH_KNOTS('',3,1,(
    (#9941,#9942)
    ,(#9943,#9944)
    ,(#9945,#9946)
    ,(#9947,#9948
    )),.UNSPECIFIED.,.F.,.F.,.F.,(4,4),(2,2),(5.,6.),(0.,1.),
  .PIECEWISE_BEZIER_KNOTS.);
#9941 = CARTESIAN_POINT('',(1.157608911575,0.357948666594,1.0510001));
#9942 = CARTESIAN_POINT('',(1.157608911575,0.357948666594,1.0500001));
#9943 = CARTESIAN_POINT('',(1.153891777025,0.361145922187,1.0510001));
#9944 = CARTESIAN_POINT('',(1.153891777025,0.361145922187,1.0500001));
#9945 = CARTESIAN_POINT('',(1.148991917844,0.36273155301,1.0510001));
#9946 = CARTESIAN_POINT('',(1.148991917844,0.36273155301,1.0500001));
#9947 = CARTESIAN_POINT('',(1.142935327981,0.36273155301,1.0510001));
#9948 = CARTESIAN_POINT('',(1.142935327981,0.36273155301,1.0500001));
#9949 = MANIFOLD_SOLID_BREP('',#9950);
#9950 = CLOSED_SHELL('',(#9951,#10063,#10175,#10195,#10211,#10227,#10243
    ,#10259,#10275,#10291,#10303,#10323,#10339,#10359,#10375,#10395));
#9951 = ADVANCED_FACE('',(#9952,#10010),#10058,.F.);
#9952 = FACE_BOUND('',#9953,.T.);
#9953 = EDGE_LOOP('',(#9954,#9963,#9970,#9977,#9984,#9991,#9998,#10005)
  );
#9954 = ORIENTED_EDGE('',*,*,#9955,.T.);
#9955 = EDGE_CURVE('',#9956,#9958,#9960,.T.);
#9956 = VERTEX_POINT('',#9957);
#9957 = CARTESIAN_POINT('',(1.218655698237,0.317736029181,1.0510001));
#9958 = VERTEX_POINT('',#9959);
#9959 = CARTESIAN_POINT('',(1.199290207046,0.368580191289,1.0510001));
#9960 = B_SPLINE_CURVE_WITH_KNOTS('',1,(#9961,#9962),.UNSPECIFIED.,.F.,
  .F.,(2,2),(-5.440727037375E-02,0.),.PIECEWISE_BEZIER_KNOTS.);
#9961 = CARTESIAN_POINT('',(1.218655698237,0.317736029181,1.0510001));
#9962 = CARTESIAN_POINT('',(1.199290207046,0.368580191289,1.0510001));
#9963 = ORIENTED_EDGE('',*,*,#9964,.T.);
#9964 = EDGE_CURVE('',#9958,#9965,#9967,.T.);
#9965 = VERTEX_POINT('',#9966);
#9966 = CARTESIAN_POINT('',(1.192271841111,0.368580191289,1.0510001));
#9967 = B_SPLINE_CURVE_WITH_KNOTS('',1,(#9968,#9969),.UNSPECIFIED.,.F.,
  .F.,(2,2),(-7.018365935459E-03,-0.),.PIECEWISE_BEZIER_KNOTS.);
#9968 = CARTESIAN_POINT('',(1.199290207046,0.368580191289,1.0510001));
#9969 = CARTESIAN_POINT('',(1.192271841111,0.368580191289,1.0510001));
#9970 = ORIENTED_EDGE('',*,*,#9971,.T.);
#9971 = EDGE_CURVE('',#9965,#9972,#9974,.T.);
#9972 = VERTEX_POINT('',#9973);
#9973 = CARTESIAN_POINT('',(1.172906349919,0.317736029181,1.0510001));
#9974 = B_SPLINE_CURVE_WITH_KNOTS('',1,(#9975,#9976),.UNSPECIFIED.,.F.,
  .F.,(2,2),(-5.440727037388E-02,-0.),.PIECEWISE_BEZIER_KNOTS.);
#9975 = CARTESIAN_POINT('',(1.192271841111,0.368580191289,1.0510001));
#9976 = CARTESIAN_POINT('',(1.172906349919,0.317736029181,1.0510001));
#9977 = ORIENTED_EDGE('',*,*,#9978,.T.);
#9978 = EDGE_CURVE('',#9972,#9979,#9981,.T.);
#9979 = VERTEX_POINT('',#9980);
#9980 = CARTESIAN_POINT('',(1.180158661386,0.317736029181,1.0510001));
#9981 = B_SPLINE_CURVE_WITH_KNOTS('',1,(#9982,#9983),.UNSPECIFIED.,.F.,
  .F.,(2,2),(-7.252311466364E-03,0.),.PIECEWISE_BEZIER_KNOTS.);
#9982 = CARTESIAN_POINT('',(1.172906349919,0.317736029181,1.0510001));
#9983 = CARTESIAN_POINT('',(1.180158661386,0.317736029181,1.0510001));
#9984 = ORIENTED_EDGE('',*,*,#9985,.T.);
#9985 = EDGE_CURVE('',#9979,#9986,#9988,.T.);
#9986 = VERTEX_POINT('',#9987);
#9987 = CARTESIAN_POINT('',(1.185045523592,0.331642791311,1.0510001));
#9988 = B_SPLINE_CURVE_WITH_KNOTS('',1,(#9989,#9990),.UNSPECIFIED.,.F.,
  .F.,(2,2),(-1.474040213769E-02,0.),.PIECEWISE_BEZIER_KNOTS.);
#9989 = CARTESIAN_POINT('',(1.180158661386,0.317736029181,1.0510001));
#9990 = CARTESIAN_POINT('',(1.185045523592,0.331642791311,1.0510001));
#9991 = ORIENTED_EDGE('',*,*,#9992,.T.);
#9992 = EDGE_CURVE('',#9986,#9993,#9995,.T.);
#9993 = VERTEX_POINT('',#9994);
#9994 = CARTESIAN_POINT('',(1.206217594163,0.331642791311,1.0510001));
#9995 = B_SPLINE_CURVE_WITH_KNOTS('',1,(#9996,#9997),.UNSPECIFIED.,.F.,
  .F.,(2,2),(-2.117207057114E-02,0.),.PIECEWISE_BEZIER_KNOTS.);
#9996 = CARTESIAN_POINT('',(1.185045523592,0.331642791311,1.0510001));
#9997 = CARTESIAN_POINT('',(1.206217594163,0.331642791311,1.0510001));
#9998 = ORIENTED_EDGE('',*,*,#9999,.T.);
#9999 = EDGE_CURVE('',#9993,#10000,#10002,.T.);
#10000 = VERTEX_POINT('',#10001);
#10001 = CARTESIAN_POINT('',(1.211403386771,0.317736029181,1.0510001));
#10002 = B_SPLINE_CURVE_WITH_KNOTS('',1,(#10003,#10004),.UNSPECIFIED.,
  .F.,.F.,(2,2),(-1.4842185753E-02,0.),.PIECEWISE_BEZIER_KNOTS.);
#10003 = CARTESIAN_POINT('',(1.206217594163,0.331642791311,1.0510001));
#10004 = CARTESIAN_POINT('',(1.211403386771,0.317736029181,1.0510001));
#10005 = ORIENTED_EDGE('',*,*,#10006,.T.);
#10006 = EDGE_CURVE('',#10000,#9956,#10007,.T.);
#10007 = B_SPLINE_CURVE_WITH_KNOTS('',1,(#10008,#10009),.UNSPECIFIED.,
  .F.,.F.,(2,2),(-7.252311466017E-03,0.),.PIECEWISE_BEZIER_KNOTS.);
#10008 = CARTESIAN_POINT('',(1.211403386771,0.317736029181,1.0510001));
#10009 = CARTESIAN_POINT('',(1.218655698237,0.317736029181,1.0510001));
#10010 = FACE_BOUND('',#10011,.T.);
#10011 = EDGE_LOOP('',(#10012,#10021,#10028,#10037,#10044,#10053));
#10012 = ORIENTED_EDGE('',*,*,#10013,.F.);
#10013 = EDGE_CURVE('',#10014,#10016,#10018,.T.);
#10014 = VERTEX_POINT('',#10015);
#10015 = CARTESIAN_POINT('',(1.187125039425,0.337387453799,1.0510001));
#10016 = VERTEX_POINT('',#10017);
#10017 = CARTESIAN_POINT('',(1.204190066227,0.337387453799,1.0510001));
#10018 = B_SPLINE_CURVE_WITH_KNOTS('',1,(#10019,#10020),.UNSPECIFIED.,
  .F.,.F.,(2,2),(0.,1.706502680151E-02),.PIECEWISE_BEZIER_KNOTS.);
#10019 = CARTESIAN_POINT('',(1.187125039425,0.337387453799,1.0510001));
#10020 = CARTESIAN_POINT('',(1.204190066227,0.337387453799,1.0510001));
#10021 = ORIENTED_EDGE('',*,*,#10022,.F.);
#10022 = EDGE_CURVE('',#10023,#10014,#10025,.T.);
#10023 = VERTEX_POINT('',#10024);
#10024 = CARTESIAN_POINT('',(1.194728269188,0.358520533448,1.0510001));
#10025 = B_SPLINE_CURVE_WITH_KNOTS('',1,(#10026,#10027),.UNSPECIFIED.,
  .F.,.F.,(2,2),(1.044668560194E-16,2.245921098991E-02),
  .PIECEWISE_BEZIER_KNOTS.);
#10026 = CARTESIAN_POINT('',(1.194728269188,0.358520533448,1.0510001));
#10027 = CARTESIAN_POINT('',(1.187125039425,0.337387453799,1.0510001));
#10028 = ORIENTED_EDGE('',*,*,#10029,.F.);
#10029 = EDGE_CURVE('',#10030,#10023,#10032,.T.);
#10030 = VERTEX_POINT('',#10031);
#10031 = CARTESIAN_POINT('',(1.195560075521,0.362081704312,1.0510001));
#10032 = B_SPLINE_CURVE_WITH_KNOTS('',3,(#10033,#10034,#10035,#10036),
  .UNSPECIFIED.,.F.,.F.,(4,4),(3.,4.),.PIECEWISE_BEZIER_KNOTS.);
#10033 = CARTESIAN_POINT('',(1.195560075521,0.362081704312,1.0510001));
#10034 = CARTESIAN_POINT('',(1.195313133016,0.360548061385,1.0510001));
#10035 = CARTESIAN_POINT('',(1.195040196563,0.359352339781,1.0510001));
#10036 = CARTESIAN_POINT('',(1.194728269188,0.358520533448,1.0510001));
#10037 = ORIENTED_EDGE('',*,*,#10038,.F.);
#10038 = EDGE_CURVE('',#10039,#10030,#10041,.T.);
#10039 = VERTEX_POINT('',#10040);
#10040 = CARTESIAN_POINT('',(1.195716039209,0.362081704312,1.0510001));
#10041 = B_SPLINE_CURVE_WITH_KNOTS('',1,(#10042,#10043),.UNSPECIFIED.,
  .F.,.F.,(2,2),(0.,1.559636876165E-04),.PIECEWISE_BEZIER_KNOTS.);
#10042 = CARTESIAN_POINT('',(1.195716039209,0.362081704312,1.0510001));
#10043 = CARTESIAN_POINT('',(1.195560075521,0.362081704312,1.0510001));
#10044 = ORIENTED_EDGE('',*,*,#10045,.F.);
#10045 = EDGE_CURVE('',#10046,#10039,#10048,.T.);
#10046 = VERTEX_POINT('',#10047);
#10047 = CARTESIAN_POINT('',(1.19650885462,0.358520533448,1.0510001));
#10048 = B_SPLINE_CURVE_WITH_KNOTS('',3,(#10049,#10050,#10051,#10052),
  .UNSPECIFIED.,.F.,.F.,(4,4),(1.,2.),.PIECEWISE_BEZIER_KNOTS.);
#10049 = CARTESIAN_POINT('',(1.19650885462,0.358520533448,1.0510001));
#10050 = CARTESIAN_POINT('',(1.196261912115,0.359222370042,1.0510001));
#10051 = CARTESIAN_POINT('',(1.196001972635,0.360392097698,1.0510001));
#10052 = CARTESIAN_POINT('',(1.195716039209,0.362081704312,1.0510001));
#10053 = ORIENTED_EDGE('',*,*,#10054,.F.);
#10054 = EDGE_CURVE('',#10016,#10046,#10055,.T.);
#10055 = B_SPLINE_CURVE_WITH_KNOTS('',1,(#10056,#10057),.UNSPECIFIED.,
  .F.,.F.,(2,2),(0.,2.248573030205E-02),.PIECEWISE_BEZIER_KNOTS.);
#10056 = CARTESIAN_POINT('',(1.204190066227,0.337387453799,1.0510001));
#10057 = CARTESIAN_POINT('',(1.19650885462,0.358520533448,1.0510001));
#10058 = B_SPLINE_SURFACE_WITH_KNOTS('',1,1,(
    (#10059,#10060)
    ,(#10061,#10062
    )),.UNSPECIFIED.,.F.,.F.,.F.,(2,2),(2,2),(-1.218655698237,
    -1.172906349919),(0.317736029181,0.368580191289),
  .PIECEWISE_BEZIER_KNOTS.);
#10059 = CARTESIAN_POINT('',(1.218655698237,0.317736029181,1.0510001));
#10060 = CARTESIAN_POINT('',(1.218655698237,0.368580191289,1.0510001));
#10061 = CARTESIAN_POINT('',(1.172906349919,0.317736029181,1.0510001));
#10062 = CARTESIAN_POINT('',(1.172906349919,0.368580191289,1.0510001));
#10063 = ADVANCED_FACE('',(#10064,#10122),#10170,.T.);
#10064 = FACE_BOUND('',#10065,.T.);
#10065 = EDGE_LOOP('',(#10066,#10075,#10082,#10089,#10096,#10103,#10110,
    #10117));
#10066 = ORIENTED_EDGE('',*,*,#10067,.F.);
#10067 = EDGE_CURVE('',#10068,#10070,#10072,.T.);
#10068 = VERTEX_POINT('',#10069);
#10069 = CARTESIAN_POINT('',(1.218655698237,0.317736029181,1.0500001));
#10070 = VERTEX_POINT('',#10071);
#10071 = CARTESIAN_POINT('',(1.199290207046,0.368580191289,1.0500001));
#10072 = B_SPLINE_CURVE_WITH_KNOTS('',1,(#10073,#10074),.UNSPECIFIED.,
  .F.,.F.,(2,2),(-5.440727037375E-02,0.),.PIECEWISE_BEZIER_KNOTS.);
#10073 = CARTESIAN_POINT('',(1.218655698237,0.317736029181,1.0500001));
#10074 = CARTESIAN_POINT('',(1.199290207046,0.368580191289,1.0500001));
#10075 = ORIENTED_EDGE('',*,*,#10076,.F.);
#10076 = EDGE_CURVE('',#10077,#10068,#10079,.T.);
#10077 = VERTEX_POINT('',#10078);
#10078 = CARTESIAN_POINT('',(1.211403386771,0.317736029181,1.0500001));
#10079 = B_SPLINE_CURVE_WITH_KNOTS('',1,(#10080,#10081),.UNSPECIFIED.,
  .F.,.F.,(2,2),(-7.252311466017E-03,0.),.PIECEWISE_BEZIER_KNOTS.);
#10080 = CARTESIAN_POINT('',(1.211403386771,0.317736029181,1.0500001));
#10081 = CARTESIAN_POINT('',(1.218655698237,0.317736029181,1.0500001));
#10082 = ORIENTED_EDGE('',*,*,#10083,.F.);
#10083 = EDGE_CURVE('',#10084,#10077,#10086,.T.);
#10084 = VERTEX_POINT('',#10085);
#10085 = CARTESIAN_POINT('',(1.206217594163,0.331642791311,1.0500001));
#10086 = B_SPLINE_CURVE_WITH_KNOTS('',1,(#10087,#10088),.UNSPECIFIED.,
  .F.,.F.,(2,2),(-1.4842185753E-02,0.),.PIECEWISE_BEZIER_KNOTS.);
#10087 = CARTESIAN_POINT('',(1.206217594163,0.331642791311,1.0500001));
#10088 = CARTESIAN_POINT('',(1.211403386771,0.317736029181,1.0500001));
#10089 = ORIENTED_EDGE('',*,*,#10090,.F.);
#10090 = EDGE_CURVE('',#10091,#10084,#10093,.T.);
#10091 = VERTEX_POINT('',#10092);
#10092 = CARTESIAN_POINT('',(1.185045523592,0.331642791311,1.0500001));
#10093 = B_SPLINE_CURVE_WITH_KNOTS('',1,(#10094,#10095),.UNSPECIFIED.,
  .F.,.F.,(2,2),(-2.117207057114E-02,0.),.PIECEWISE_BEZIER_KNOTS.);
#10094 = CARTESIAN_POINT('',(1.185045523592,0.331642791311,1.0500001));
#10095 = CARTESIAN_POINT('',(1.206217594163,0.331642791311,1.0500001));
#10096 = ORIENTED_EDGE('',*,*,#10097,.F.);
#10097 = EDGE_CURVE('',#10098,#10091,#10100,.T.);
#10098 = VERTEX_POINT('',#10099);
#10099 = CARTESIAN_POINT('',(1.180158661386,0.317736029181,1.0500001));
#10100 = B_SPLINE_CURVE_WITH_KNOTS('',1,(#10101,#10102),.UNSPECIFIED.,
  .F.,.F.,(2,2),(-1.474040213769E-02,0.),.PIECEWISE_BEZIER_KNOTS.);
#10101 = CARTESIAN_POINT('',(1.180158661386,0.317736029181,1.0500001));
#10102 = CARTESIAN_POINT('',(1.185045523592,0.331642791311,1.0500001));
#10103 = ORIENTED_EDGE('',*,*,#10104,.F.);
#10104 = EDGE_CURVE('',#10105,#10098,#10107,.T.);
#10105 = VERTEX_POINT('',#10106);
#10106 = CARTESIAN_POINT('',(1.172906349919,0.317736029181,1.0500001));
#10107 = B_SPLINE_CURVE_WITH_KNOTS('',1,(#10108,#10109),.UNSPECIFIED.,
  .F.,.F.,(2,2),(-7.252311466364E-03,0.),.PIECEWISE_BEZIER_KNOTS.);
#10108 = CARTESIAN_POINT('',(1.172906349919,0.317736029181,1.0500001));
#10109 = CARTESIAN_POINT('',(1.180158661386,0.317736029181,1.0500001));
#10110 = ORIENTED_EDGE('',*,*,#10111,.F.);
#10111 = EDGE_CURVE('',#10112,#10105,#10114,.T.);
#10112 = VERTEX_POINT('',#10113);
#10113 = CARTESIAN_POINT('',(1.192271841111,0.368580191289,1.0500001));
#10114 = B_SPLINE_CURVE_WITH_KNOTS('',1,(#10115,#10116),.UNSPECIFIED.,
  .F.,.F.,(2,2),(-5.440727037388E-02,-0.),.PIECEWISE_BEZIER_KNOTS.);
#10115 = CARTESIAN_POINT('',(1.192271841111,0.368580191289,1.0500001));
#10116 = CARTESIAN_POINT('',(1.172906349919,0.317736029181,1.0500001));
#10117 = ORIENTED_EDGE('',*,*,#10118,.F.);
#10118 = EDGE_CURVE('',#10070,#10112,#10119,.T.);
#10119 = B_SPLINE_CURVE_WITH_KNOTS('',1,(#10120,#10121),.UNSPECIFIED.,
  .F.,.F.,(2,2),(-7.018365935459E-03,-0.),.PIECEWISE_BEZIER_KNOTS.);
#10120 = CARTESIAN_POINT('',(1.199290207046,0.368580191289,1.0500001));
#10121 = CARTESIAN_POINT('',(1.192271841111,0.368580191289,1.0500001));
#10122 = FACE_BOUND('',#10123,.T.);
#10123 = EDGE_LOOP('',(#10124,#10133,#10140,#10147,#10156,#10163));
#10124 = ORIENTED_EDGE('',*,*,#10125,.T.);
#10125 = EDGE_CURVE('',#10126,#10128,#10130,.T.);
#10126 = VERTEX_POINT('',#10127);
#10127 = CARTESIAN_POINT('',(1.194728269188,0.358520533448,1.0500001));
#10128 = VERTEX_POINT('',#10129);
#10129 = CARTESIAN_POINT('',(1.187125039425,0.337387453799,1.0500001));
#10130 = B_SPLINE_CURVE_WITH_KNOTS('',1,(#10131,#10132),.UNSPECIFIED.,
  .F.,.F.,(2,2),(7.516987794346E-17,2.245921098991E-02),
  .PIECEWISE_BEZIER_KNOTS.);
#10131 = CARTESIAN_POINT('',(1.194728269188,0.358520533448,1.0500001));
#10132 = CARTESIAN_POINT('',(1.187125039425,0.337387453799,1.0500001));
#10133 = ORIENTED_EDGE('',*,*,#10134,.T.);
#10134 = EDGE_CURVE('',#10128,#10135,#10137,.T.);
#10135 = VERTEX_POINT('',#10136);
#10136 = CARTESIAN_POINT('',(1.204190066227,0.337387453799,1.0500001));
#10137 = B_SPLINE_CURVE_WITH_KNOTS('',1,(#10138,#10139),.UNSPECIFIED.,
  .F.,.F.,(2,2),(2.22044604925E-16,1.706502680151E-02),
  .PIECEWISE_BEZIER_KNOTS.);
#10138 = CARTESIAN_POINT('',(1.187125039425,0.337387453799,1.0500001));
#10139 = CARTESIAN_POINT('',(1.204190066227,0.337387453799,1.0500001));
#10140 = ORIENTED_EDGE('',*,*,#10141,.T.);
#10141 = EDGE_CURVE('',#10135,#10142,#10144,.T.);
#10142 = VERTEX_POINT('',#10143);
#10143 = CARTESIAN_POINT('',(1.19650885462,0.358520533448,1.0500001));
#10144 = B_SPLINE_CURVE_WITH_KNOTS('',1,(#10145,#10146),.UNSPECIFIED.,
  .F.,.F.,(2,2),(0.,2.248573030205E-02),.PIECEWISE_BEZIER_KNOTS.);
#10145 = CARTESIAN_POINT('',(1.204190066227,0.337387453799,1.0500001));
#10146 = CARTESIAN_POINT('',(1.19650885462,0.358520533448,1.0500001));
#10147 = ORIENTED_EDGE('',*,*,#10148,.T.);
#10148 = EDGE_CURVE('',#10142,#10149,#10151,.T.);
#10149 = VERTEX_POINT('',#10150);
#10150 = CARTESIAN_POINT('',(1.195716039209,0.362081704312,1.0500001));
#10151 = B_SPLINE_CURVE_WITH_KNOTS('',3,(#10152,#10153,#10154,#10155),
  .UNSPECIFIED.,.F.,.F.,(4,4),(1.,2.),.PIECEWISE_BEZIER_KNOTS.);
#10152 = CARTESIAN_POINT('',(1.19650885462,0.358520533448,1.0500001));
#10153 = CARTESIAN_POINT('',(1.196261912115,0.359222370042,1.0500001));
#10154 = CARTESIAN_POINT('',(1.196001972635,0.360392097698,1.0500001));
#10155 = CARTESIAN_POINT('',(1.195716039209,0.362081704312,1.0500001));
#10156 = ORIENTED_EDGE('',*,*,#10157,.T.);
#10157 = EDGE_CURVE('',#10149,#10158,#10160,.T.);
#10158 = VERTEX_POINT('',#10159);
#10159 = CARTESIAN_POINT('',(1.195560075521,0.362081704312,1.0500001));
#10160 = B_SPLINE_CURVE_WITH_KNOTS('',1,(#10161,#10162),.UNSPECIFIED.,
  .F.,.F.,(2,2),(0.,1.559636876165E-04),.PIECEWISE_BEZIER_KNOTS.);
#10161 = CARTESIAN_POINT('',(1.195716039209,0.362081704312,1.0500001));
#10162 = CARTESIAN_POINT('',(1.195560075521,0.362081704312,1.0500001));
#10163 = ORIENTED_EDGE('',*,*,#10164,.T.);
#10164 = EDGE_CURVE('',#10158,#10126,#10165,.T.);
#10165 = B_SPLINE_CURVE_WITH_KNOTS('',3,(#10166,#10167,#10168,#10169),
  .UNSPECIFIED.,.F.,.F.,(4,4),(3.,4.),.PIECEWISE_BEZIER_KNOTS.);
#10166 = CARTESIAN_POINT('',(1.195560075521,0.362081704312,1.0500001));
#10167 = CARTESIAN_POINT('',(1.195313133016,0.360548061385,1.0500001));
#10168 = CARTESIAN_POINT('',(1.195040196563,0.359352339781,1.0500001));
#10169 = CARTESIAN_POINT('',(1.194728269188,0.358520533448,1.0500001));
#10170 = B_SPLINE_SURFACE_WITH_KNOTS('',1,1,(
    (#10171,#10172)
    ,(#10173,#10174
    )),.UNSPECIFIED.,.F.,.F.,.F.,(2,2),(2,2),(-1.218655698237,
    -1.172906349919),(0.317736029181,0.368580191289),
  .PIECEWISE_BEZIER_KNOTS.);
#10171 = CARTESIAN_POINT('',(1.218655698237,0.317736029181,1.0500001));
#10172 = CARTESIAN_POINT('',(1.218655698237,0.368580191289,1.0500001));
#10173 = CARTESIAN_POINT('',(1.172906349919,0.317736029181,1.0500001));
#10174 = CARTESIAN_POINT('',(1.172906349919,0.368580191289,1.0500001));
#10175 = ADVANCED_FACE('',(#10176),#10190,.F.);
#10176 = FACE_BOUND('',#10177,.T.);
#10177 = EDGE_LOOP('',(#10178,#10179,#10184,#10185));
#10178 = ORIENTED_EDGE('',*,*,#10067,.T.);
#10179 = ORIENTED_EDGE('',*,*,#10180,.F.);
#10180 = EDGE_CURVE('',#9958,#10070,#10181,.T.);
#10181 = B_SPLINE_CURVE_WITH_KNOTS('',1,(#10182,#10183),.UNSPECIFIED.,
  .F.,.F.,(2,2),(-0.,1.E-03),.PIECEWISE_BEZIER_KNOTS.);
#10182 = CARTESIAN_POINT('',(1.199290207046,0.368580191289,1.0510001));
#10183 = CARTESIAN_POINT('',(1.199290207046,0.368580191289,1.0500001));
#10184 = ORIENTED_EDGE('',*,*,#9955,.F.);
#10185 = ORIENTED_EDGE('',*,*,#10186,.T.);
#10186 = EDGE_CURVE('',#9956,#10068,#10187,.T.);
#10187 = B_SPLINE_CURVE_WITH_KNOTS('',1,(#10188,#10189),.UNSPECIFIED.,
  .F.,.F.,(2,2),(-0.,1.E-03),.PIECEWISE_BEZIER_KNOTS.);
#10188 = CARTESIAN_POINT('',(1.218655698237,0.317736029181,1.0510001));
#10189 = CARTESIAN_POINT('',(1.218655698237,0.317736029181,1.0500001));
#10190 = B_SPLINE_SURFACE_WITH_KNOTS('',1,1,(
    (#10191,#10192)
    ,(#10193,#10194
    )),.UNSPECIFIED.,.F.,.F.,.F.,(2,2),(2,2),(0.,5.440727037375E-02),(
    -1.E-03,0.),.PIECEWISE_BEZIER_KNOTS.);
#10191 = CARTESIAN_POINT('',(1.199290207046,0.368580191289,1.0500001));
#10192 = CARTESIAN_POINT('',(1.199290207046,0.368580191289,1.0510001));
#10193 = CARTESIAN_POINT('',(1.218655698237,0.317736029181,1.0500001));
#10194 = CARTESIAN_POINT('',(1.218655698237,0.317736029181,1.0510001));
#10195 = ADVANCED_FACE('',(#10196),#10206,.F.);
#10196 = FACE_BOUND('',#10197,.T.);
#10197 = EDGE_LOOP('',(#10198,#10199,#10204,#10205));
#10198 = ORIENTED_EDGE('',*,*,#10118,.T.);
#10199 = ORIENTED_EDGE('',*,*,#10200,.F.);
#10200 = EDGE_CURVE('',#9965,#10112,#10201,.T.);
#10201 = B_SPLINE_CURVE_WITH_KNOTS('',1,(#10202,#10203),.UNSPECIFIED.,
  .F.,.F.,(2,2),(-0.,1.E-03),.PIECEWISE_BEZIER_KNOTS.);
#10202 = CARTESIAN_POINT('',(1.192271841111,0.368580191289,1.0510001));
#10203 = CARTESIAN_POINT('',(1.192271841111,0.368580191289,1.0500001));
#10204 = ORIENTED_EDGE('',*,*,#9964,.F.);
#10205 = ORIENTED_EDGE('',*,*,#10180,.T.);
#10206 = B_SPLINE_SURFACE_WITH_KNOTS('',1,1,(
    (#10207,#10208)
    ,(#10209,#10210
  )),.UNSPECIFIED.,.F.,.F.,.F.,(2,2),(2,2),(0.,1.E-03),(0.,
    7.018365935459E-03),.PIECEWISE_BEZIER_KNOTS.);
#10207 = CARTESIAN_POINT('',(1.192271841111,0.368580191289,1.0510001));
#10208 = CARTESIAN_POINT('',(1.199290207046,0.368580191289,1.0510001));
#10209 = CARTESIAN_POINT('',(1.192271841111,0.368580191289,1.0500001));
#10210 = CARTESIAN_POINT('',(1.199290207046,0.368580191289,1.0500001));
#10211 = ADVANCED_FACE('',(#10212),#10222,.F.);
#10212 = FACE_BOUND('',#10213,.T.);
#10213 = EDGE_LOOP('',(#10214,#10215,#10220,#10221));
#10214 = ORIENTED_EDGE('',*,*,#10111,.T.);
#10215 = ORIENTED_EDGE('',*,*,#10216,.F.);
#10216 = EDGE_CURVE('',#9972,#10105,#10217,.T.);
#10217 = B_SPLINE_CURVE_WITH_KNOTS('',1,(#10218,#10219),.UNSPECIFIED.,
  .F.,.F.,(2,2),(-0.,1.E-03),.PIECEWISE_BEZIER_KNOTS.);
#10218 = CARTESIAN_POINT('',(1.172906349919,0.317736029181,1.0510001));
#10219 = CARTESIAN_POINT('',(1.172906349919,0.317736029181,1.0500001));
#10220 = ORIENTED_EDGE('',*,*,#9971,.F.);
#10221 = ORIENTED_EDGE('',*,*,#10200,.T.);
#10222 = B_SPLINE_SURFACE_WITH_KNOTS('',1,1,(
    (#10223,#10224)
    ,(#10225,#10226
    )),.UNSPECIFIED.,.F.,.F.,.F.,(2,2),(2,2),(0.,5.440727037388E-02),(
    -1.E-03,0.),.PIECEWISE_BEZIER_KNOTS.);
#10223 = CARTESIAN_POINT('',(1.172906349919,0.317736029181,1.0500001));
#10224 = CARTESIAN_POINT('',(1.172906349919,0.317736029181,1.0510001));
#10225 = CARTESIAN_POINT('',(1.192271841111,0.368580191289,1.0500001));
#10226 = CARTESIAN_POINT('',(1.192271841111,0.368580191289,1.0510001));
#10227 = ADVANCED_FACE('',(#10228),#10238,.F.);
#10228 = FACE_BOUND('',#10229,.T.);
#10229 = EDGE_LOOP('',(#10230,#10231,#10236,#10237));
#10230 = ORIENTED_EDGE('',*,*,#10104,.T.);
#10231 = ORIENTED_EDGE('',*,*,#10232,.F.);
#10232 = EDGE_CURVE('',#9979,#10098,#10233,.T.);
#10233 = B_SPLINE_CURVE_WITH_KNOTS('',1,(#10234,#10235),.UNSPECIFIED.,
  .F.,.F.,(2,2),(-0.,1.E-03),.PIECEWISE_BEZIER_KNOTS.);
#10234 = CARTESIAN_POINT('',(1.180158661386,0.317736029181,1.0510001));
#10235 = CARTESIAN_POINT('',(1.180158661386,0.317736029181,1.0500001));
#10236 = ORIENTED_EDGE('',*,*,#9978,.F.);
#10237 = ORIENTED_EDGE('',*,*,#10216,.T.);
#10238 = B_SPLINE_SURFACE_WITH_KNOTS('',1,1,(
    (#10239,#10240)
    ,(#10241,#10242
  )),.UNSPECIFIED.,.F.,.F.,.F.,(2,2),(2,2),(-1.E-03,0.),(
    -7.252311466364E-03,0.),.PIECEWISE_BEZIER_KNOTS.);
#10239 = CARTESIAN_POINT('',(1.172906349919,0.317736029181,1.0500001));
#10240 = CARTESIAN_POINT('',(1.180158661386,0.317736029181,1.0500001));
#10241 = CARTESIAN_POINT('',(1.172906349919,0.317736029181,1.0510001));
#10242 = CARTESIAN_POINT('',(1.180158661386,0.317736029181,1.0510001));
#10243 = ADVANCED_FACE('',(#10244),#10254,.F.);
#10244 = FACE_BOUND('',#10245,.T.);
#10245 = EDGE_LOOP('',(#10246,#10247,#10252,#10253));
#10246 = ORIENTED_EDGE('',*,*,#10097,.T.);
#10247 = ORIENTED_EDGE('',*,*,#10248,.F.);
#10248 = EDGE_CURVE('',#9986,#10091,#10249,.T.);
#10249 = B_SPLINE_CURVE_WITH_KNOTS('',1,(#10250,#10251),.UNSPECIFIED.,
  .F.,.F.,(2,2),(-0.,1.E-03),.PIECEWISE_BEZIER_KNOTS.);
#10250 = CARTESIAN_POINT('',(1.185045523592,0.331642791311,1.0510001));
#10251 = CARTESIAN_POINT('',(1.185045523592,0.331642791311,1.0500001));
#10252 = ORIENTED_EDGE('',*,*,#9985,.F.);
#10253 = ORIENTED_EDGE('',*,*,#10232,.T.);
#10254 = B_SPLINE_SURFACE_WITH_KNOTS('',1,1,(
    (#10255,#10256)
    ,(#10257,#10258
    )),.UNSPECIFIED.,.F.,.F.,.F.,(2,2),(2,2),(-0.,1.474040213769E-02),(
    -1.E-03,0.),.PIECEWISE_BEZIER_KNOTS.);
#10255 = CARTESIAN_POINT('',(1.185045523592,0.331642791311,1.0500001));
#10256 = CARTESIAN_POINT('',(1.185045523592,0.331642791311,1.0510001));
#10257 = CARTESIAN_POINT('',(1.180158661386,0.317736029181,1.0500001));
#10258 = CARTESIAN_POINT('',(1.180158661386,0.317736029181,1.0510001));
#10259 = ADVANCED_FACE('',(#10260),#10270,.F.);
#10260 = FACE_BOUND('',#10261,.T.);
#10261 = EDGE_LOOP('',(#10262,#10263,#10268,#10269));
#10262 = ORIENTED_EDGE('',*,*,#10090,.T.);
#10263 = ORIENTED_EDGE('',*,*,#10264,.F.);
#10264 = EDGE_CURVE('',#9993,#10084,#10265,.T.);
#10265 = B_SPLINE_CURVE_WITH_KNOTS('',1,(#10266,#10267),.UNSPECIFIED.,
  .F.,.F.,(2,2),(-0.,1.E-03),.PIECEWISE_BEZIER_KNOTS.);
#10266 = CARTESIAN_POINT('',(1.206217594163,0.331642791311,1.0510001));
#10267 = CARTESIAN_POINT('',(1.206217594163,0.331642791311,1.0500001));
#10268 = ORIENTED_EDGE('',*,*,#9992,.F.);
#10269 = ORIENTED_EDGE('',*,*,#10248,.T.);
#10270 = B_SPLINE_SURFACE_WITH_KNOTS('',1,1,(
    (#10271,#10272)
    ,(#10273,#10274
  )),.UNSPECIFIED.,.F.,.F.,.F.,(2,2),(2,2),(-1.E-03,0.),(
    -2.117207057114E-02,0.),.PIECEWISE_BEZIER_KNOTS.);
#10271 = CARTESIAN_POINT('',(1.185045523592,0.331642791311,1.0500001));
#10272 = CARTESIAN_POINT('',(1.206217594163,0.331642791311,1.0500001));
#10273 = CARTESIAN_POINT('',(1.185045523592,0.331642791311,1.0510001));
#10274 = CARTESIAN_POINT('',(1.206217594163,0.331642791311,1.0510001));
#10275 = ADVANCED_FACE('',(#10276),#10286,.F.);
#10276 = FACE_BOUND('',#10277,.T.);
#10277 = EDGE_LOOP('',(#10278,#10279,#10284,#10285));
#10278 = ORIENTED_EDGE('',*,*,#10083,.T.);
#10279 = ORIENTED_EDGE('',*,*,#10280,.F.);
#10280 = EDGE_CURVE('',#10000,#10077,#10281,.T.);
#10281 = B_SPLINE_CURVE_WITH_KNOTS('',1,(#10282,#10283),.UNSPECIFIED.,
  .F.,.F.,(2,2),(-0.,1.E-03),.PIECEWISE_BEZIER_KNOTS.);
#10282 = CARTESIAN_POINT('',(1.211403386771,0.317736029181,1.0510001));
#10283 = CARTESIAN_POINT('',(1.211403386771,0.317736029181,1.0500001));
#10284 = ORIENTED_EDGE('',*,*,#9999,.F.);
#10285 = ORIENTED_EDGE('',*,*,#10264,.T.);
#10286 = B_SPLINE_SURFACE_WITH_KNOTS('',1,1,(
    (#10287,#10288)
    ,(#10289,#10290
    )),.UNSPECIFIED.,.F.,.F.,.F.,(2,2),(2,2),(0.,1.4842185753E-02),(
    -1.E-03,0.),.PIECEWISE_BEZIER_KNOTS.);
#10287 = CARTESIAN_POINT('',(1.211403386771,0.317736029181,1.0500001));
#10288 = CARTESIAN_POINT('',(1.211403386771,0.317736029181,1.0510001));
#10289 = CARTESIAN_POINT('',(1.206217594163,0.331642791311,1.0500001));
#10290 = CARTESIAN_POINT('',(1.206217594163,0.331642791311,1.0510001));
#10291 = ADVANCED_FACE('',(#10292),#10298,.F.);
#10292 = FACE_BOUND('',#10293,.T.);
#10293 = EDGE_LOOP('',(#10294,#10295,#10296,#10297));
#10294 = ORIENTED_EDGE('',*,*,#10076,.T.);
#10295 = ORIENTED_EDGE('',*,*,#10186,.F.);
#10296 = ORIENTED_EDGE('',*,*,#10006,.F.);
#10297 = ORIENTED_EDGE('',*,*,#10280,.T.);
#10298 = B_SPLINE_SURFACE_WITH_KNOTS('',1,1,(
    (#10299,#10300)
    ,(#10301,#10302
  )),.UNSPECIFIED.,.F.,.F.,.F.,(2,2),(2,2),(-1.E-03,0.),(
    -7.252311466017E-03,0.),.PIECEWISE_BEZIER_KNOTS.);
#10299 = CARTESIAN_POINT('',(1.211403386771,0.317736029181,1.0500001));
#10300 = CARTESIAN_POINT('',(1.218655698237,0.317736029181,1.0500001));
#10301 = CARTESIAN_POINT('',(1.211403386771,0.317736029181,1.0510001));
#10302 = CARTESIAN_POINT('',(1.218655698237,0.317736029181,1.0510001));
#10303 = ADVANCED_FACE('',(#10304),#10318,.T.);
#10304 = FACE_BOUND('',#10305,.T.);
#10305 = EDGE_LOOP('',(#10306,#10307,#10312,#10313));
#10306 = ORIENTED_EDGE('',*,*,#10134,.F.);
#10307 = ORIENTED_EDGE('',*,*,#10308,.F.);
#10308 = EDGE_CURVE('',#10014,#10128,#10309,.T.);
#10309 = B_SPLINE_CURVE_WITH_KNOTS('',1,(#10310,#10311),.UNSPECIFIED.,
  .F.,.F.,(2,2),(-0.,1.E-03),.PIECEWISE_BEZIER_KNOTS.);
#10310 = CARTESIAN_POINT('',(1.187125039425,0.337387453799,1.0510001));
#10311 = CARTESIAN_POINT('',(1.187125039425,0.337387453799,1.0500001));
#10312 = ORIENTED_EDGE('',*,*,#10013,.T.);
#10313 = ORIENTED_EDGE('',*,*,#10314,.T.);
#10314 = EDGE_CURVE('',#10016,#10135,#10315,.T.);
#10315 = B_SPLINE_CURVE_WITH_KNOTS('',1,(#10316,#10317),.UNSPECIFIED.,
  .F.,.F.,(2,2),(-0.,1.E-03),.PIECEWISE_BEZIER_KNOTS.);
#10316 = CARTESIAN_POINT('',(1.204190066227,0.337387453799,1.0510001));
#10317 = CARTESIAN_POINT('',(1.204190066227,0.337387453799,1.0500001));
#10318 = B_SPLINE_SURFACE_WITH_KNOTS('',1,1,(
    (#10319,#10320)
    ,(#10321,#10322
  )),.UNSPECIFIED.,.F.,.F.,.F.,(2,2),(2,2),(-1.E-03,0.),(0.,
    1.706502680151E-02),.PIECEWISE_BEZIER_KNOTS.);
#10319 = CARTESIAN_POINT('',(1.187125039425,0.337387453799,1.0500001));
#10320 = CARTESIAN_POINT('',(1.204190066227,0.337387453799,1.0500001));
#10321 = CARTESIAN_POINT('',(1.187125039425,0.337387453799,1.0510001));
#10322 = CARTESIAN_POINT('',(1.204190066227,0.337387453799,1.0510001));
#10323 = ADVANCED_FACE('',(#10324),#10334,.T.);
#10324 = FACE_BOUND('',#10325,.T.);
#10325 = EDGE_LOOP('',(#10326,#10327,#10328,#10329));
#10326 = ORIENTED_EDGE('',*,*,#10141,.F.);
#10327 = ORIENTED_EDGE('',*,*,#10314,.F.);
#10328 = ORIENTED_EDGE('',*,*,#10054,.T.);
#10329 = ORIENTED_EDGE('',*,*,#10330,.T.);
#10330 = EDGE_CURVE('',#10046,#10142,#10331,.T.);
#10331 = B_SPLINE_CURVE_WITH_KNOTS('',1,(#10332,#10333),.UNSPECIFIED.,
  .F.,.F.,(2,2),(-0.,1.E-03),.PIECEWISE_BEZIER_KNOTS.);
#10332 = CARTESIAN_POINT('',(1.19650885462,0.358520533448,1.0510001));
#10333 = CARTESIAN_POINT('',(1.19650885462,0.358520533448,1.0500001));
#10334 = B_SPLINE_SURFACE_WITH_KNOTS('',1,1,(
    (#10335,#10336)
    ,(#10337,#10338
    )),.UNSPECIFIED.,.F.,.F.,.F.,(2,2),(2,2),(-2.248573030205E-02,0.),(
    -1.E-03,0.),.PIECEWISE_BEZIER_KNOTS.);
#10335 = CARTESIAN_POINT('',(1.19650885462,0.358520533448,1.0500001));
#10336 = CARTESIAN_POINT('',(1.19650885462,0.358520533448,1.0510001));
#10337 = CARTESIAN_POINT('',(1.204190066227,0.337387453799,1.0500001));
#10338 = CARTESIAN_POINT('',(1.204190066227,0.337387453799,1.0510001));
#10339 = ADVANCED_FACE('',(#10340),#10350,.T.);
#10340 = FACE_BOUND('',#10341,.T.);
#10341 = EDGE_LOOP('',(#10342,#10343,#10344,#10345));
#10342 = ORIENTED_EDGE('',*,*,#10148,.F.);
#10343 = ORIENTED_EDGE('',*,*,#10330,.F.);
#10344 = ORIENTED_EDGE('',*,*,#10045,.T.);
#10345 = ORIENTED_EDGE('',*,*,#10346,.T.);
#10346 = EDGE_CURVE('',#10039,#10149,#10347,.T.);
#10347 = B_SPLINE_CURVE_WITH_KNOTS('',1,(#10348,#10349),.UNSPECIFIED.,
  .F.,.F.,(2,2),(-0.,1.E-03),.PIECEWISE_BEZIER_KNOTS.);
#10348 = CARTESIAN_POINT('',(1.195716039209,0.362081704312,1.0510001));
#10349 = CARTESIAN_POINT('',(1.195716039209,0.362081704312,1.0500001));
#10350 = B_SPLINE_SURFACE_WITH_KNOTS('',3,1,(
    (#10351,#10352)
    ,(#10353,#10354)
    ,(#10355,#10356)
    ,(#10357,#10358
    )),.UNSPECIFIED.,.F.,.F.,.F.,(4,4),(2,2),(1.,2.),(0.,1.),
  .PIECEWISE_BEZIER_KNOTS.);
#10351 = CARTESIAN_POINT('',(1.19650885462,0.358520533448,1.0510001));
#10352 = CARTESIAN_POINT('',(1.19650885462,0.358520533448,1.0500001));
#10353 = CARTESIAN_POINT('',(1.196261912115,0.359222370042,1.0510001));
#10354 = CARTESIAN_POINT('',(1.196261912115,0.359222370042,1.0500001));
#10355 = CARTESIAN_POINT('',(1.196001972635,0.360392097698,1.0510001));
#10356 = CARTESIAN_POINT('',(1.196001972635,0.360392097698,1.0500001));
#10357 = CARTESIAN_POINT('',(1.195716039209,0.362081704312,1.0510001));
#10358 = CARTESIAN_POINT('',(1.195716039209,0.362081704312,1.0500001));
#10359 = ADVANCED_FACE('',(#10360),#10370,.T.);
#10360 = FACE_BOUND('',#10361,.T.);
#10361 = EDGE_LOOP('',(#10362,#10363,#10364,#10365));
#10362 = ORIENTED_EDGE('',*,*,#10157,.F.);
#10363 = ORIENTED_EDGE('',*,*,#10346,.F.);
#10364 = ORIENTED_EDGE('',*,*,#10038,.T.);
#10365 = ORIENTED_EDGE('',*,*,#10366,.T.);
#10366 = EDGE_CURVE('',#10030,#10158,#10367,.T.);
#10367 = B_SPLINE_CURVE_WITH_KNOTS('',1,(#10368,#10369),.UNSPECIFIED.,
  .F.,.F.,(2,2),(-0.,1.E-03),.PIECEWISE_BEZIER_KNOTS.);
#10368 = CARTESIAN_POINT('',(1.195560075521,0.362081704312,1.0510001));
#10369 = CARTESIAN_POINT('',(1.195560075521,0.362081704312,1.0500001));
#10370 = B_SPLINE_SURFACE_WITH_KNOTS('',1,1,(
    (#10371,#10372)
    ,(#10373,#10374
  )),.UNSPECIFIED.,.F.,.F.,.F.,(2,2),(2,2),(0.,1.E-03),(
    -1.559636876165E-04,0.),.PIECEWISE_BEZIER_KNOTS.);
#10371 = CARTESIAN_POINT('',(1.195560075521,0.362081704312,1.0510001));
#10372 = CARTESIAN_POINT('',(1.195716039209,0.362081704312,1.0510001));
#10373 = CARTESIAN_POINT('',(1.195560075521,0.362081704312,1.0500001));
#10374 = CARTESIAN_POINT('',(1.195716039209,0.362081704312,1.0500001));
#10375 = ADVANCED_FACE('',(#10376),#10386,.T.);
#10376 = FACE_BOUND('',#10377,.T.);
#10377 = EDGE_LOOP('',(#10378,#10379,#10380,#10381));
#10378 = ORIENTED_EDGE('',*,*,#10164,.F.);
#10379 = ORIENTED_EDGE('',*,*,#10366,.F.);
#10380 = ORIENTED_EDGE('',*,*,#10029,.T.);
#10381 = ORIENTED_EDGE('',*,*,#10382,.T.);
#10382 = EDGE_CURVE('',#10023,#10126,#10383,.T.);
#10383 = B_SPLINE_CURVE_WITH_KNOTS('',1,(#10384,#10385),.UNSPECIFIED.,
  .F.,.F.,(2,2),(1.110223024625E-16,1.E-03),.PIECEWISE_BEZIER_KNOTS.);
#10384 = CARTESIAN_POINT('',(1.194728269188,0.358520533448,1.0510001));
#10385 = CARTESIAN_POINT('',(1.194728269188,0.358520533448,1.0500001));
#10386 = B_SPLINE_SURFACE_WITH_KNOTS('',3,1,(
    (#10387,#10388)
    ,(#10389,#10390)
    ,(#10391,#10392)
    ,(#10393,#10394
    )),.UNSPECIFIED.,.F.,.F.,.F.,(4,4),(2,2),(3.,4.),(0.,1.),
  .PIECEWISE_BEZIER_KNOTS.);
#10387 = CARTESIAN_POINT('',(1.195560075521,0.362081704312,1.0510001));
#10388 = CARTESIAN_POINT('',(1.195560075521,0.362081704312,1.0500001));
#10389 = CARTESIAN_POINT('',(1.195313133016,0.360548061385,1.0510001));
#10390 = CARTESIAN_POINT('',(1.195313133016,0.360548061385,1.0500001));
#10391 = CARTESIAN_POINT('',(1.195040196563,0.359352339781,1.0510001));
#10392 = CARTESIAN_POINT('',(1.195040196563,0.359352339781,1.0500001));
#10393 = CARTESIAN_POINT('',(1.194728269188,0.358520533448,1.0510001));
#10394 = CARTESIAN_POINT('',(1.194728269188,0.358520533448,1.0500001));
#10395 = ADVANCED_FACE('',(#10396),#10402,.T.);
#10396 = FACE_BOUND('',#10397,.T.);
#10397 = EDGE_LOOP('',(#10398,#10399,#10400,#10401));
#10398 = ORIENTED_EDGE('',*,*,#10125,.F.);
#10399 = ORIENTED_EDGE('',*,*,#10382,.F.);
#10400 = ORIENTED_EDGE('',*,*,#10022,.T.);
#10401 = ORIENTED_EDGE('',*,*,#10308,.T.);
#10402 = B_SPLINE_SURFACE_WITH_KNOTS('',1,1,(
    (#10403,#10404)
    ,(#10405,#10406
    )),.UNSPECIFIED.,.F.,.F.,.F.,(2,2),(2,2),(-2.245921098991E-02,
    -5.223342800968E-17),(-1.E-03,0.),.PIECEWISE_BEZIER_KNOTS.);
#10403 = CARTESIAN_POINT('',(1.187125039425,0.337387453799,1.0500001));
#10404 = CARTESIAN_POINT('',(1.187125039425,0.337387453799,1.0510001));
#10405 = CARTESIAN_POINT('',(1.194728269188,0.358520533448,1.0500001));
#10406 = CARTESIAN_POINT('',(1.194728269188,0.358520533448,1.0510001));
#10407 = MANIFOLD_SOLID_BREP('',#10408);
#10408 = CLOSED_SHELL('',(#10409,#10729,#11049,#11073,#11093,#11113,
    #11133,#11153,#11173,#11193,#11213,#11233,#11253,#11273,#11293,
    #11309,#11325,#11341,#11357,#11377,#11397,#11417,#11437,#11457,
    #11477,#11497,#11513,#11533,#11553,#11569,#11589,#11609,#11629,
    #11645,#11665,#11681,#11711));
#10409 = ADVANCED_FACE('',(#10410,#10699),#10724,.F.);
#10410 = FACE_BOUND('',#10411,.T.);
#10411 = EDGE_LOOP('',(#10412,#10423,#10432,#10441,#10450,#10459,#10468,
    #10477,#10486,#10495,#10504,#10513,#10522,#10531,#10538,#10545,
    #10552,#10561,#10570,#10579,#10588,#10597,#10606,#10615,#10624,
    #10633,#10642,#10649,#10658,#10667,#10676,#10683,#10692));
#10412 = ORIENTED_EDGE('',*,*,#10413,.T.);
#10413 = EDGE_CURVE('',#10414,#10416,#10418,.T.);
#10414 = VERTEX_POINT('',#10415);
#10415 = CARTESIAN_POINT('',(0.909290649186,0.36816924429,1.0510001));
#10416 = VERTEX_POINT('',#10417);
#10417 = CARTESIAN_POINT('',(0.873502474988,0.415525311716,1.0510001));
#10418 = B_SPLINE_CURVE_WITH_KNOTS('',3,(#10419,#10420,#10421,#10422),
  .UNSPECIFIED.,.F.,.F.,(4,4),(35.,36.),.PIECEWISE_BEZIER_KNOTS.);
#10419 = CARTESIAN_POINT('',(0.909290649186,0.36816924429,1.0510001));
#10420 = CARTESIAN_POINT('',(0.908929157909,0.389859038059,1.0510001));
#10421 = CARTESIAN_POINT('',(0.894107781137,0.409018372206,1.0510001));
#10422 = CARTESIAN_POINT('',(0.873502474988,0.415525311716,1.0510001));
#10423 = ORIENTED_EDGE('',*,*,#10424,.T.);
#10424 = EDGE_CURVE('',#10416,#10425,#10427,.T.);
#10425 = VERTEX_POINT('',#10426);
#10426 = CARTESIAN_POINT('',(0.853981642669,0.444083558679,1.0510001));
#10427 = B_SPLINE_CURVE_WITH_KNOTS('',3,(#10428,#10429,#10430,#10431),
  .UNSPECIFIED.,.F.,.F.,(4,4),(0.,1.),.PIECEWISE_BEZIER_KNOTS.);
#10428 = CARTESIAN_POINT('',(0.873502474988,0.415525311716,1.0510001));
#10429 = CARTESIAN_POINT('',(0.869526015785,0.426370215495,1.0510001));
#10430 = CARTESIAN_POINT('',(0.862657571209,0.436130628207,1.0510001));
#10431 = CARTESIAN_POINT('',(0.853981642669,0.444083558679,1.0510001));
#10432 = ORIENTED_EDGE('',*,*,#10433,.T.);
#10433 = EDGE_CURVE('',#10425,#10434,#10436,.T.);
#10434 = VERTEX_POINT('',#10435);
#10435 = CARTESIAN_POINT('',(0.804818084386,0.462881392931,1.0510001));
#10436 = B_SPLINE_CURVE_WITH_KNOTS('',3,(#10437,#10438,#10439,#10440),
  .UNSPECIFIED.,.F.,.F.,(4,4),(1.,2.),.PIECEWISE_BEZIER_KNOTS.);
#10437 = CARTESIAN_POINT('',(0.853981642669,0.444083558679,1.0510001));
#10438 = CARTESIAN_POINT('',(0.840244767307,0.456012953957,1.0510001));
#10439 = CARTESIAN_POINT('',(0.822892924018,0.462881392931,1.0510001));
#10440 = CARTESIAN_POINT('',(0.804818084386,0.462881392931,1.0510001));
#10441 = ORIENTED_EDGE('',*,*,#10442,.T.);
#10442 = EDGE_CURVE('',#10434,#10443,#10445,.T.);
#10443 = VERTEX_POINT('',#10444);
#10444 = CARTESIAN_POINT('',(0.761438469269,0.448783017673,1.0510001));
#10445 = B_SPLINE_CURVE_WITH_KNOTS('',3,(#10446,#10447,#10448,#10449),
  .UNSPECIFIED.,.F.,.F.,(4,4),(2.,3.),.PIECEWISE_BEZIER_KNOTS.);
#10446 = CARTESIAN_POINT('',(0.804818084386,0.462881392931,1.0510001));
#10447 = CARTESIAN_POINT('',(0.788912226889,0.462881392931,1.0510001));
#10448 = CARTESIAN_POINT('',(0.774090857011,0.45782043792,1.0510001));
#10449 = CARTESIAN_POINT('',(0.761438469269,0.448783017673,1.0510001));
#10450 = ORIENTED_EDGE('',*,*,#10451,.T.);
#10451 = EDGE_CURVE('',#10443,#10452,#10454,.T.);
#10452 = VERTEX_POINT('',#10453);
#10453 = CARTESIAN_POINT('',(0.745532611771,0.432877158452,1.0510001));
#10454 = B_SPLINE_CURVE_WITH_KNOTS('',3,(#10455,#10456,#10457,#10458),
  .UNSPECIFIED.,.F.,.F.,(4,4),(3.,4.),.PIECEWISE_BEZIER_KNOTS.);
#10455 = CARTESIAN_POINT('',(0.761438469269,0.448783017673,1.0510001));
#10456 = CARTESIAN_POINT('',(0.755293021036,0.444445055127,1.0510001));
#10457 = CARTESIAN_POINT('',(0.750232067318,0.439022603238,1.0510001));
#10458 = CARTESIAN_POINT('',(0.745532611771,0.432877158452,1.0510001));
#10459 = ORIENTED_EDGE('',*,*,#10460,.T.);
#10460 = EDGE_CURVE('',#10452,#10461,#10463,.T.);
#10461 = VERTEX_POINT('',#10462);
#10462 = CARTESIAN_POINT('',(0.737218188299,0.433600151348,1.0510001));
#10463 = B_SPLINE_CURVE_WITH_KNOTS('',3,(#10464,#10465,#10466,#10467),
  .UNSPECIFIED.,.F.,.F.,(4,4),(4.,5.),.PIECEWISE_BEZIER_KNOTS.);
#10464 = CARTESIAN_POINT('',(0.745532611771,0.432877158452,1.0510001));
#10465 = CARTESIAN_POINT('',(0.742640640188,0.433238656624,1.0510001));
#10466 = CARTESIAN_POINT('',(0.740110159882,0.433600151348,1.0510001));
#10467 = CARTESIAN_POINT('',(0.737218188299,0.433600151348,1.0510001));
#10468 = ORIENTED_EDGE('',*,*,#10469,.T.);
#10469 = EDGE_CURVE('',#10461,#10470,#10472,.T.);
#10470 = VERTEX_POINT('',#10471);
#10471 = CARTESIAN_POINT('',(0.695646057145,0.416248304612,1.0510001));
#10472 = B_SPLINE_CURVE_WITH_KNOTS('',3,(#10473,#10474,#10475,#10476),
  .UNSPECIFIED.,.F.,.F.,(4,4),(5.,6.),.PIECEWISE_BEZIER_KNOTS.);
#10473 = CARTESIAN_POINT('',(0.737218188299,0.433600151348,1.0510001));
#10474 = CARTESIAN_POINT('',(0.721673825525,0.433600151348,1.0510001));
#10475 = CARTESIAN_POINT('',(0.706852459096,0.427454706563,1.0510001));
#10476 = CARTESIAN_POINT('',(0.695646057145,0.416248304612,1.0510001));
#10477 = ORIENTED_EDGE('',*,*,#10478,.T.);
#10478 = EDGE_CURVE('',#10470,#10479,#10481,.T.);
#10479 = VERTEX_POINT('',#10480);
#10480 = CARTESIAN_POINT('',(0.678655698237,0.375037675077,1.0510001));
#10481 = B_SPLINE_CURVE_WITH_KNOTS('',3,(#10482,#10483,#10484,#10485),
  .UNSPECIFIED.,.F.,.F.,(4,4),(6.,7.),.PIECEWISE_BEZIER_KNOTS.);
#10482 = CARTESIAN_POINT('',(0.695646057145,0.416248304612,1.0510001));
#10483 = CARTESIAN_POINT('',(0.684801143885,0.40540340428,1.0510001));
#10484 = CARTESIAN_POINT('',(0.678655698237,0.390582034402,1.0510001));
#10485 = CARTESIAN_POINT('',(0.678655698237,0.375037675077,1.0510001));
#10486 = ORIENTED_EDGE('',*,*,#10487,.T.);
#10487 = EDGE_CURVE('',#10479,#10488,#10490,.T.);
#10488 = VERTEX_POINT('',#10489);
#10489 = CARTESIAN_POINT('',(0.693838562839,0.335634532953,1.0510001));
#10490 = B_SPLINE_CURVE_WITH_KNOTS('',3,(#10491,#10492,#10493,#10494),
  .UNSPECIFIED.,.F.,.F.,(4,4),(7.,8.),.PIECEWISE_BEZIER_KNOTS.);
#10491 = CARTESIAN_POINT('',(0.678655698237,0.375037675077,1.0510001));
#10492 = CARTESIAN_POINT('',(0.678655698237,0.360577803371,1.0510001));
#10493 = CARTESIAN_POINT('',(0.684078150127,0.346479422942,1.0510001));
#10494 = CARTESIAN_POINT('',(0.693838562839,0.335634532953,1.0510001));
#10495 = ORIENTED_EDGE('',*,*,#10496,.T.);
#10496 = EDGE_CURVE('',#10488,#10497,#10499,.T.);
#10497 = VERTEX_POINT('',#10498);
#10498 = CARTESIAN_POINT('',(0.72275830625,0.318282689664,1.0510001));
#10499 = B_SPLINE_CURVE_WITH_KNOTS('',3,(#10500,#10501,#10502,#10503),
  .UNSPECIFIED.,.F.,.F.,(4,4),(8.,9.),.PIECEWISE_BEZIER_KNOTS.);
#10500 = CARTESIAN_POINT('',(0.693838562839,0.335634532953,1.0510001));
#10501 = CARTESIAN_POINT('',(0.701791491587,0.326958604413,1.0510001));
#10502 = CARTESIAN_POINT('',(0.711551907747,0.321174661247,1.0510001));
#10503 = CARTESIAN_POINT('',(0.72275830625,0.318282689664,1.0510001));
#10504 = ORIENTED_EDGE('',*,*,#10505,.T.);
#10505 = EDGE_CURVE('',#10497,#10506,#10508,.T.);
#10506 = VERTEX_POINT('',#10507);
#10507 = CARTESIAN_POINT('',(0.757100504999,0.293700910522,1.0510001));
#10508 = B_SPLINE_CURVE_WITH_KNOTS('',3,(#10509,#10510,#10511,#10512),
  .UNSPECIFIED.,.F.,.F.,(4,4),(9.,10.),.PIECEWISE_BEZIER_KNOTS.);
#10509 = CARTESIAN_POINT('',(0.72275830625,0.318282689664,1.0510001));
#10510 = CARTESIAN_POINT('',(0.727457765244,0.303822817958,1.0510001));
#10511 = CARTESIAN_POINT('',(0.741194640607,0.293700910522,1.0510001));
#10512 = CARTESIAN_POINT('',(0.757100504999,0.293700910522,1.0510001));
#10513 = ORIENTED_EDGE('',*,*,#10514,.T.);
#10514 = EDGE_CURVE('',#10506,#10515,#10517,.T.);
#10515 = VERTEX_POINT('',#10516);
#10516 = CARTESIAN_POINT('',(0.793250184263,0.329850589786,1.0510001));
#10517 = B_SPLINE_CURVE_WITH_KNOTS('',3,(#10518,#10519,#10520,#10521),
  .UNSPECIFIED.,.F.,.F.,(4,4),(10.,11.),.PIECEWISE_BEZIER_KNOTS.);
#10518 = CARTESIAN_POINT('',(0.757100504999,0.293700910522,1.0510001));
#10519 = CARTESIAN_POINT('',(0.776982828594,0.293700910522,1.0510001));
#10520 = CARTESIAN_POINT('',(0.793250184263,0.309968266191,1.0510001));
#10521 = CARTESIAN_POINT('',(0.793250184263,0.329850589786,1.0510001));
#10522 = ORIENTED_EDGE('',*,*,#10523,.T.);
#10523 = EDGE_CURVE('',#10515,#10524,#10526,.T.);
#10524 = VERTEX_POINT('',#10525);
#10525 = CARTESIAN_POINT('',(0.793250184263,0.333465557713,1.0510001));
#10526 = B_SPLINE_CURVE_WITH_KNOTS('',3,(#10527,#10528,#10529,#10530),
  .UNSPECIFIED.,.F.,.F.,(4,4),(11.,12.),.PIECEWISE_BEZIER_KNOTS.);
#10527 = CARTESIAN_POINT('',(0.793250184263,0.329850589786,1.0510001));
#10528 = CARTESIAN_POINT('',(0.793250184263,0.330935077406,1.0510001));
#10529 = CARTESIAN_POINT('',(0.793250184263,0.332019565026,1.0510001));
#10530 = CARTESIAN_POINT('',(0.793250184263,0.333465557713,1.0510001));
#10531 = ORIENTED_EDGE('',*,*,#10532,.T.);
#10532 = EDGE_CURVE('',#10524,#10533,#10535,.T.);
#10533 = VERTEX_POINT('',#10534);
#10534 = CARTESIAN_POINT('',(0.843859735233,0.360216318989,1.0510001));
#10535 = B_SPLINE_CURVE_WITH_KNOTS('',1,(#10536,#10537),.UNSPECIFIED.,
  .F.,.F.,(2,2),(0.,5.724447465269E-02),.PIECEWISE_BEZIER_KNOTS.);
#10536 = CARTESIAN_POINT('',(0.793250184263,0.333465557713,1.0510001));
#10537 = CARTESIAN_POINT('',(0.843859735233,0.360216318989,1.0510001));
#10538 = ORIENTED_EDGE('',*,*,#10539,.T.);
#10539 = EDGE_CURVE('',#10533,#10540,#10542,.T.);
#10540 = VERTEX_POINT('',#10541);
#10541 = CARTESIAN_POINT('',(0.832653340177,0.379375653136,1.0510001));
#10542 = B_SPLINE_CURVE_WITH_KNOTS('',1,(#10543,#10544),.UNSPECIFIED.,
  .F.,.F.,(2,2),(0.,2.219602160541E-02),.PIECEWISE_BEZIER_KNOTS.);
#10543 = CARTESIAN_POINT('',(0.843859735233,0.360216318989,1.0510001));
#10544 = CARTESIAN_POINT('',(0.832653340177,0.379375653136,1.0510001));
#10545 = ORIENTED_EDGE('',*,*,#10546,.T.);
#10546 = EDGE_CURVE('',#10540,#10547,#10549,.T.);
#10547 = VERTEX_POINT('',#10548);
#10548 = CARTESIAN_POINT('',(0.784212771342,0.354070877651,1.0510001));
#10549 = B_SPLINE_CURVE_WITH_KNOTS('',1,(#10550,#10551),.UNSPECIFIED.,
  .F.,.F.,(2,2),(0.,5.465181032148E-02),.PIECEWISE_BEZIER_KNOTS.);
#10550 = CARTESIAN_POINT('',(0.832653340177,0.379375653136,1.0510001));
#10551 = CARTESIAN_POINT('',(0.784212771342,0.354070877651,1.0510001));
#10552 = ORIENTED_EDGE('',*,*,#10553,.T.);
#10553 = EDGE_CURVE('',#10547,#10554,#10556,.T.);
#10554 = VERTEX_POINT('',#10555);
#10555 = CARTESIAN_POINT('',(0.757100511894,0.366361767222,1.0510001));
#10556 = B_SPLINE_CURVE_WITH_KNOTS('',3,(#10557,#10558,#10559,#10560),
  .UNSPECIFIED.,.F.,.F.,(4,4),(15.,16.),.PIECEWISE_BEZIER_KNOTS.);
#10557 = CARTESIAN_POINT('',(0.784212771342,0.354070877651,1.0510001));
#10558 = CARTESIAN_POINT('',(0.777705831833,0.361662311676,1.0510001));
#10559 = CARTESIAN_POINT('',(0.767945415673,0.366361767222,1.0510001));
#10560 = CARTESIAN_POINT('',(0.757100511894,0.366361767222,1.0510001));
#10561 = ORIENTED_EDGE('',*,*,#10562,.T.);
#10562 = EDGE_CURVE('',#10554,#10563,#10565,.T.);
#10563 = VERTEX_POINT('',#10564);
#10564 = CARTESIAN_POINT('',(0.723119814764,0.342502977529,1.0510001));
#10565 = B_SPLINE_CURVE_WITH_KNOTS('',3,(#10566,#10567,#10568,#10569),
  .UNSPECIFIED.,.F.,.F.,(4,4),(16.,17.),.PIECEWISE_BEZIER_KNOTS.);
#10566 = CARTESIAN_POINT('',(0.757100511894,0.366361767222,1.0510001));
#10567 = CARTESIAN_POINT('',(0.741556145673,0.366361767222,1.0510001));
#10568 = CARTESIAN_POINT('',(0.728180768483,0.356239859787,1.0510001));
#10569 = CARTESIAN_POINT('',(0.723119814764,0.342502977529,1.0510001));
#10570 = ORIENTED_EDGE('',*,*,#10571,.T.);
#10571 = EDGE_CURVE('',#10563,#10572,#10574,.T.);
#10572 = VERTEX_POINT('',#10573);
#10573 = CARTESIAN_POINT('',(0.701430007206,0.37576068521,1.0510001));
#10574 = B_SPLINE_CURVE_WITH_KNOTS('',3,(#10575,#10576,#10577,#10578),
  .UNSPECIFIED.,.F.,.F.,(4,4),(17.,18.),.PIECEWISE_BEZIER_KNOTS.);
#10575 = CARTESIAN_POINT('',(0.723119814764,0.342502977529,1.0510001));
#10576 = CARTESIAN_POINT('',(0.710467427022,0.34828692759,1.0510001));
#10577 = CARTESIAN_POINT('',(0.701430007206,0.360939315333,1.0510001));
#10578 = CARTESIAN_POINT('',(0.701430007206,0.37576068521,1.0510001));
#10579 = ORIENTED_EDGE('',*,*,#10580,.T.);
#10580 = EDGE_CURVE('',#10572,#10581,#10583,.T.);
#10581 = VERTEX_POINT('',#10582);
#10582 = CARTESIAN_POINT('',(0.73757968647,0.411910364474,1.0510001));
#10583 = B_SPLINE_CURVE_WITH_KNOTS('',3,(#10584,#10585,#10586,#10587),
  .UNSPECIFIED.,.F.,.F.,(4,4),(18.,19.),.PIECEWISE_BEZIER_KNOTS.);
#10584 = CARTESIAN_POINT('',(0.701430007206,0.37576068521,1.0510001));
#10585 = CARTESIAN_POINT('',(0.701430007206,0.395643008805,1.0510001));
#10586 = CARTESIAN_POINT('',(0.717697362875,0.411910364474,1.0510001));
#10587 = CARTESIAN_POINT('',(0.73757968647,0.411910364474,1.0510001));
#10588 = ORIENTED_EDGE('',*,*,#10589,.T.);
#10589 = EDGE_CURVE('',#10581,#10590,#10592,.T.);
#10590 = VERTEX_POINT('',#10591);
#10591 = CARTESIAN_POINT('',(0.756739013722,0.406487912584,1.0510001));
#10592 = B_SPLINE_CURVE_WITH_KNOTS('',3,(#10593,#10594,#10595,#10596),
  .UNSPECIFIED.,.F.,.F.,(4,4),(19.,20.),.PIECEWISE_BEZIER_KNOTS.);
#10593 = CARTESIAN_POINT('',(0.73757968647,0.411910364474,1.0510001));
#10594 = CARTESIAN_POINT('',(0.744448124152,0.411910364474,1.0510001));
#10595 = CARTESIAN_POINT('',(0.751316561833,0.40974138234,1.0510001));
#10596 = CARTESIAN_POINT('',(0.756739013722,0.406487912584,1.0510001));
#10597 = ORIENTED_EDGE('',*,*,#10598,.T.);
#10598 = EDGE_CURVE('',#10590,#10599,#10601,.T.);
#10599 = VERTEX_POINT('',#10600);
#10600 = CARTESIAN_POINT('',(0.805179575663,0.441191585372,1.0510001));
#10601 = B_SPLINE_CURVE_WITH_KNOTS('',3,(#10602,#10603,#10604,#10605),
  .UNSPECIFIED.,.F.,.F.,(4,4),(20.,21.),.PIECEWISE_BEZIER_KNOTS.);
#10602 = CARTESIAN_POINT('',(0.756739013722,0.406487912584,1.0510001));
#10603 = CARTESIAN_POINT('',(0.763607444509,0.426731713667,1.0510001));
#10604 = CARTESIAN_POINT('',(0.782405280484,0.441191585372,1.0510001));
#10605 = CARTESIAN_POINT('',(0.805179575663,0.441191585372,1.0510001));
#10606 = ORIENTED_EDGE('',*,*,#10607,.T.);
#10607 = EDGE_CURVE('',#10599,#10608,#10610,.T.);
#10608 = VERTEX_POINT('',#10609);
#10609 = CARTESIAN_POINT('',(0.855789126633,0.396004486292,1.0510001));
#10610 = B_SPLINE_CURVE_WITH_KNOTS('',3,(#10611,#10612,#10613,#10614),
  .UNSPECIFIED.,.F.,.F.,(4,4),(21.,22.),.PIECEWISE_BEZIER_KNOTS.);
#10611 = CARTESIAN_POINT('',(0.805179575663,0.441191585372,1.0510001));
#10612 = CARTESIAN_POINT('',(0.831207347491,0.441191585372,1.0510001));
#10613 = CARTESIAN_POINT('',(0.852897155049,0.421309261777,1.0510001));
#10614 = CARTESIAN_POINT('',(0.855789126633,0.396004486292,1.0510001));
#10615 = ORIENTED_EDGE('',*,*,#10616,.T.);
#10616 = EDGE_CURVE('',#10608,#10617,#10619,.T.);
#10617 = VERTEX_POINT('',#10618);
#10618 = CARTESIAN_POINT('',(0.858681098216,0.396004486292,1.0510001));
#10619 = B_SPLINE_CURVE_WITH_KNOTS('',3,(#10620,#10621,#10622,#10623),
  .UNSPECIFIED.,.F.,.F.,(4,4),(22.,23.),.PIECEWISE_BEZIER_KNOTS.);
#10620 = CARTESIAN_POINT('',(0.855789126633,0.396004486292,1.0510001));
#10621 = CARTESIAN_POINT('',(0.856873614252,0.396004486292,1.0510001));
#10622 = CARTESIAN_POINT('',(0.857596610596,0.396004486292,1.0510001));
#10623 = CARTESIAN_POINT('',(0.858681098216,0.396004486292,1.0510001));
#10624 = ORIENTED_EDGE('',*,*,#10625,.T.);
#10625 = EDGE_CURVE('',#10617,#10626,#10628,.T.);
#10626 = VERTEX_POINT('',#10627);
#10627 = CARTESIAN_POINT('',(0.886877845284,0.367807739224,1.0510001));
#10628 = B_SPLINE_CURVE_WITH_KNOTS('',3,(#10629,#10630,#10631,#10632),
  .UNSPECIFIED.,.F.,.F.,(4,4),(23.,24.),.PIECEWISE_BEZIER_KNOTS.);
#10629 = CARTESIAN_POINT('',(0.858681098216,0.396004486292,1.0510001));
#10630 = CARTESIAN_POINT('',(0.874225457541,0.396004486292,1.0510001));
#10631 = CARTESIAN_POINT('',(0.886877845284,0.38335209855,1.0510001));
#10632 = CARTESIAN_POINT('',(0.886877845284,0.367807739224,1.0510001));
#10633 = ORIENTED_EDGE('',*,*,#10634,.T.);
#10634 = EDGE_CURVE('',#10626,#10635,#10637,.T.);
#10635 = VERTEX_POINT('',#10636);
#10636 = CARTESIAN_POINT('',(0.860850073456,0.339610992156,1.0510001));
#10637 = B_SPLINE_CURVE_WITH_KNOTS('',3,(#10638,#10639,#10640,#10641),
  .UNSPECIFIED.,.F.,.F.,(4,4),(24.,25.),.PIECEWISE_BEZIER_KNOTS.);
#10638 = CARTESIAN_POINT('',(0.886877845284,0.367807739224,1.0510001));
#10639 = CARTESIAN_POINT('',(0.886877845284,0.352986369346,1.0510001));
#10640 = CARTESIAN_POINT('',(0.875671450228,0.340695479776,1.0510001));
#10641 = CARTESIAN_POINT('',(0.860850073456,0.339610992156,1.0510001));
#10642 = ORIENTED_EDGE('',*,*,#10643,.T.);
#10643 = EDGE_CURVE('',#10635,#10644,#10646,.T.);
#10644 = VERTEX_POINT('',#10645);
#10645 = CARTESIAN_POINT('',(0.844582717787,0.339610992156,1.0510001));
#10646 = B_SPLINE_CURVE_WITH_KNOTS('',1,(#10647,#10648),.UNSPECIFIED.,
  .F.,.F.,(2,2),(0.,1.626735566896E-02),.PIECEWISE_BEZIER_KNOTS.);
#10647 = CARTESIAN_POINT('',(0.860850073456,0.339610992156,1.0510001));
#10648 = CARTESIAN_POINT('',(0.844582717787,0.339610992156,1.0510001));
#10649 = ORIENTED_EDGE('',*,*,#10650,.T.);
#10650 = EDGE_CURVE('',#10644,#10651,#10653,.T.);
#10651 = VERTEX_POINT('',#10652);
#10652 = CARTESIAN_POINT('',(0.842413742547,0.339972483432,1.0510001));
#10653 = B_SPLINE_CURVE_WITH_KNOTS('',3,(#10654,#10655,#10656,#10657),
  .UNSPECIFIED.,.F.,.F.,(4,4),(26.,27.),.PIECEWISE_BEZIER_KNOTS.);
#10654 = CARTESIAN_POINT('',(0.844582717787,0.339610992156,1.0510001));
#10655 = CARTESIAN_POINT('',(0.843859721443,0.339610992156,1.0510001));
#10656 = CARTESIAN_POINT('',(0.8431367251,0.339972483432,1.0510001));
#10657 = CARTESIAN_POINT('',(0.842413742547,0.339972483432,1.0510001));
#10658 = ORIENTED_EDGE('',*,*,#10659,.T.);
#10659 = EDGE_CURVE('',#10651,#10660,#10662,.T.);
#10660 = VERTEX_POINT('',#10661);
#10661 = CARTESIAN_POINT('',(0.831207347491,0.328766088376,1.0510001));
#10662 = B_SPLINE_CURVE_WITH_KNOTS('',3,(#10663,#10664,#10665,#10666),
  .UNSPECIFIED.,.F.,.F.,(4,4),(27.,28.),.PIECEWISE_BEZIER_KNOTS.);
#10663 = CARTESIAN_POINT('',(0.842413742547,0.339972483432,1.0510001));
#10664 = CARTESIAN_POINT('',(0.836268294314,0.339972483432,1.0510001));
#10665 = CARTESIAN_POINT('',(0.831207347491,0.334911522819,1.0510001));
#10666 = CARTESIAN_POINT('',(0.831207347491,0.328766088376,1.0510001));
#10667 = ORIENTED_EDGE('',*,*,#10668,.T.);
#10668 = EDGE_CURVE('',#10660,#10669,#10671,.T.);
#10669 = VERTEX_POINT('',#10670);
#10670 = CARTESIAN_POINT('',(0.841690759994,0.31755969332,1.0510001));
#10671 = B_SPLINE_CURVE_WITH_KNOTS('',3,(#10672,#10673,#10674,#10675),
  .UNSPECIFIED.,.F.,.F.,(4,4),(28.,29.),.PIECEWISE_BEZIER_KNOTS.);
#10672 = CARTESIAN_POINT('',(0.831207347491,0.328766088376,1.0510001));
#10673 = CARTESIAN_POINT('',(0.831207347491,0.32298214521,1.0510001));
#10674 = CARTESIAN_POINT('',(0.835906803037,0.317921184597,1.0510001));
#10675 = CARTESIAN_POINT('',(0.841690759994,0.31755969332,1.0510001));
#10676 = ORIENTED_EDGE('',*,*,#10677,.T.);
#10677 = EDGE_CURVE('',#10669,#10678,#10680,.T.);
#10678 = VERTEX_POINT('',#10679);
#10679 = CARTESIAN_POINT('',(0.863019062486,0.31755969332,1.0510001));
#10680 = B_SPLINE_CURVE_WITH_KNOTS('',1,(#10681,#10682),.UNSPECIFIED.,
  .F.,.F.,(2,2),(0.,2.132830249204E-02),.PIECEWISE_BEZIER_KNOTS.);
#10681 = CARTESIAN_POINT('',(0.841690759994,0.31755969332,1.0510001));
#10682 = CARTESIAN_POINT('',(0.863019062486,0.31755969332,1.0510001));
#10683 = ORIENTED_EDGE('',*,*,#10684,.T.);
#10684 = EDGE_CURVE('',#10678,#10685,#10687,.T.);
#10685 = VERTEX_POINT('',#10686);
#10686 = CARTESIAN_POINT('',(0.8959152651,0.333827048989,1.0510001));
#10687 = B_SPLINE_CURVE_WITH_KNOTS('',3,(#10688,#10689,#10690,#10691),
  .UNSPECIFIED.,.F.,.F.,(4,4),(33.,34.),.PIECEWISE_BEZIER_KNOTS.);
#10688 = CARTESIAN_POINT('',(0.863019062486,0.31755969332,1.0510001));
#10689 = CARTESIAN_POINT('',(0.875671450228,0.31864418094,1.0510001));
#10690 = CARTESIAN_POINT('',(0.887239350351,0.324428137897,1.0510001));
#10691 = CARTESIAN_POINT('',(0.8959152651,0.333827048989,1.0510001));
#10692 = ORIENTED_EDGE('',*,*,#10693,.T.);
#10693 = EDGE_CURVE('',#10685,#10414,#10694,.T.);
#10694 = B_SPLINE_CURVE_WITH_KNOTS('',3,(#10695,#10696,#10697,#10698),
  .UNSPECIFIED.,.F.,.F.,(4,4),(34.,35.),.PIECEWISE_BEZIER_KNOTS.);
#10695 = CARTESIAN_POINT('',(0.8959152651,0.333827048989,1.0510001));
#10696 = CARTESIAN_POINT('',(0.904591193639,0.343225960082,1.0510001));
#10697 = CARTESIAN_POINT('',(0.909290649186,0.355516856548,1.0510001));
#10698 = CARTESIAN_POINT('',(0.909290649186,0.36816924429,1.0510001));
#10699 = FACE_BOUND('',#10700,.T.);
#10700 = EDGE_LOOP('',(#10701,#10715));
#10701 = ORIENTED_EDGE('',*,*,#10702,.F.);
#10702 = EDGE_CURVE('',#10703,#10705,#10707,.T.);
#10703 = VERTEX_POINT('',#10704);
#10704 = CARTESIAN_POINT('',(0.756739006827,0.315390690501,1.0510001));
#10705 = VERTEX_POINT('',#10706);
#10706 = CARTESIAN_POINT('',(0.756739006827,0.343587451359,1.0510001));
#10707 = B_SPLINE_CURVE_WITH_KNOTS('',3,(#10708,#10709,#10710,#10711,
    #10712,#10713,#10714),.UNSPECIFIED.,.F.,.F.,(4,3,4),(0.,1.,2.),
  .PIECEWISE_BEZIER_KNOTS.);
#10708 = CARTESIAN_POINT('',(0.756739006827,0.315390690501,1.0510001));
#10709 = CARTESIAN_POINT('',(0.764691932128,0.315390690501,1.0510001));
#10710 = CARTESIAN_POINT('',(0.770837380361,0.3218976438,1.0510001));
#10711 = CARTESIAN_POINT('',(0.770837380361,0.32948907093,1.0510001));
#10712 = CARTESIAN_POINT('',(0.770837380361,0.337442003126,1.0510001));
#10713 = CARTESIAN_POINT('',(0.764330440852,0.343587451359,1.0510001));
#10714 = CARTESIAN_POINT('',(0.756739006827,0.343587451359,1.0510001));
#10715 = ORIENTED_EDGE('',*,*,#10716,.F.);
#10716 = EDGE_CURVE('',#10705,#10703,#10717,.T.);
#10717 = B_SPLINE_CURVE_WITH_KNOTS('',3,(#10718,#10719,#10720,#10721,
    #10722,#10723),.UNSPECIFIED.,.F.,.F.,(4,2,4),(2.,3.,4.),
  .UNSPECIFIED.);
#10718 = CARTESIAN_POINT('',(0.756739006827,0.343587451359,1.0510001));
#10719 = CARTESIAN_POINT('',(0.749147572803,0.343587451359,1.0510001));
#10720 = CARTESIAN_POINT('',(0.742640633293,0.337442003126,1.0510001));
#10721 = CARTESIAN_POINT('',(0.742640633293,0.321536138733,1.0510001));
#10722 = CARTESIAN_POINT('',(0.749147572803,0.315390690501,1.0510001));
#10723 = CARTESIAN_POINT('',(0.756739006827,0.315390690501,1.0510001));
#10724 = B_SPLINE_SURFACE_WITH_KNOTS('',1,1,(
    (#10725,#10726)
    ,(#10727,#10728
    )),.UNSPECIFIED.,.F.,.F.,.F.,(2,2),(2,2),(-1.03026565219E-02,
    0.220332294427),(-0.103839937828,6.53405445808E-02),
  .PIECEWISE_BEZIER_KNOTS.);
#10725 = CARTESIAN_POINT('',(0.909290649186,0.293700910522,1.0510001));
#10726 = CARTESIAN_POINT('',(0.909290649186,0.462881392931,1.0510001));
#10727 = CARTESIAN_POINT('',(0.678655698237,0.293700910522,1.0510001));
#10728 = CARTESIAN_POINT('',(0.678655698237,0.462881392931,1.0510001));
#10729 = ADVANCED_FACE('',(#10730,#11019),#11044,.T.);
#10730 = FACE_BOUND('',#10731,.T.);
#10731 = EDGE_LOOP('',(#10732,#10743,#10752,#10761,#10768,#10777,#10786,
    #10795,#10802,#10811,#10820,#10829,#10838,#10847,#10856,#10865,
    #10874,#10883,#10892,#10899,#10906,#10913,#10922,#10931,#10940,
    #10949,#10958,#10967,#10976,#10985,#10994,#11003,#11012));
#10732 = ORIENTED_EDGE('',*,*,#10733,.F.);
#10733 = EDGE_CURVE('',#10734,#10736,#10738,.T.);
#10734 = VERTEX_POINT('',#10735);
#10735 = CARTESIAN_POINT('',(0.909290649186,0.36816924429,1.0500001));
#10736 = VERTEX_POINT('',#10737);
#10737 = CARTESIAN_POINT('',(0.873502474988,0.415525311716,1.0500001));
#10738 = B_SPLINE_CURVE_WITH_KNOTS('',3,(#10739,#10740,#10741,#10742),
  .UNSPECIFIED.,.F.,.F.,(4,4),(35.,36.),.PIECEWISE_BEZIER_KNOTS.);
#10739 = CARTESIAN_POINT('',(0.909290649186,0.36816924429,1.0500001));
#10740 = CARTESIAN_POINT('',(0.908929157909,0.389859038059,1.0500001));
#10741 = CARTESIAN_POINT('',(0.894107781137,0.409018372206,1.0500001));
#10742 = CARTESIAN_POINT('',(0.873502474988,0.415525311716,1.0500001));
#10743 = ORIENTED_EDGE('',*,*,#10744,.F.);
#10744 = EDGE_CURVE('',#10745,#10734,#10747,.T.);
#10745 = VERTEX_POINT('',#10746);
#10746 = CARTESIAN_POINT('',(0.8959152651,0.333827048989,1.0500001));
#10747 = B_SPLINE_CURVE_WITH_KNOTS('',3,(#10748,#10749,#10750,#10751),
  .UNSPECIFIED.,.F.,.F.,(4,4),(34.,35.),.PIECEWISE_BEZIER_KNOTS.);
#10748 = CARTESIAN_POINT('',(0.8959152651,0.333827048989,1.0500001));
#10749 = CARTESIAN_POINT('',(0.904591193639,0.343225960082,1.0500001));
#10750 = CARTESIAN_POINT('',(0.909290649186,0.355516856548,1.0500001));
#10751 = CARTESIAN_POINT('',(0.909290649186,0.36816924429,1.0500001));
#10752 = ORIENTED_EDGE('',*,*,#10753,.F.);
#10753 = EDGE_CURVE('',#10754,#10745,#10756,.T.);
#10754 = VERTEX_POINT('',#10755);
#10755 = CARTESIAN_POINT('',(0.863019062486,0.31755969332,1.0500001));
#10756 = B_SPLINE_CURVE_WITH_KNOTS('',3,(#10757,#10758,#10759,#10760),
  .UNSPECIFIED.,.F.,.F.,(4,4),(33.,34.),.PIECEWISE_BEZIER_KNOTS.);
#10757 = CARTESIAN_POINT('',(0.863019062486,0.31755969332,1.0500001));
#10758 = CARTESIAN_POINT('',(0.875671450228,0.31864418094,1.0500001));
#10759 = CARTESIAN_POINT('',(0.887239350351,0.324428137897,1.0500001));
#10760 = CARTESIAN_POINT('',(0.8959152651,0.333827048989,1.0500001));
#10761 = ORIENTED_EDGE('',*,*,#10762,.F.);
#10762 = EDGE_CURVE('',#10763,#10754,#10765,.T.);
#10763 = VERTEX_POINT('',#10764);
#10764 = CARTESIAN_POINT('',(0.841690759994,0.31755969332,1.0500001));
#10765 = B_SPLINE_CURVE_WITH_KNOTS('',1,(#10766,#10767),.UNSPECIFIED.,
  .F.,.F.,(2,2),(-2.024381487201E-02,1.084487620032E-03),
  .PIECEWISE_BEZIER_KNOTS.);
#10766 = CARTESIAN_POINT('',(0.841690759994,0.31755969332,1.0500001));
#10767 = CARTESIAN_POINT('',(0.863019062486,0.31755969332,1.0500001));
#10768 = ORIENTED_EDGE('',*,*,#10769,.F.);
#10769 = EDGE_CURVE('',#10770,#10763,#10772,.T.);
#10770 = VERTEX_POINT('',#10771);
#10771 = CARTESIAN_POINT('',(0.831207347491,0.328766088376,1.0500001));
#10772 = B_SPLINE_CURVE_WITH_KNOTS('',3,(#10773,#10774,#10775,#10776),
  .UNSPECIFIED.,.F.,.F.,(4,4),(28.,29.),.PIECEWISE_BEZIER_KNOTS.);
#10773 = CARTESIAN_POINT('',(0.831207347491,0.328766088376,1.0500001));
#10774 = CARTESIAN_POINT('',(0.831207347491,0.32298214521,1.0500001));
#10775 = CARTESIAN_POINT('',(0.835906803037,0.317921184597,1.0500001));
#10776 = CARTESIAN_POINT('',(0.841690759994,0.31755969332,1.0500001));
#10777 = ORIENTED_EDGE('',*,*,#10778,.F.);
#10778 = EDGE_CURVE('',#10779,#10770,#10781,.T.);
#10779 = VERTEX_POINT('',#10780);
#10780 = CARTESIAN_POINT('',(0.842413742547,0.339972483432,1.0500001));
#10781 = B_SPLINE_CURVE_WITH_KNOTS('',3,(#10782,#10783,#10784,#10785),
  .UNSPECIFIED.,.F.,.F.,(4,4),(27.,28.),.PIECEWISE_BEZIER_KNOTS.);
#10782 = CARTESIAN_POINT('',(0.842413742547,0.339972483432,1.0500001));
#10783 = CARTESIAN_POINT('',(0.836268294314,0.339972483432,1.0500001));
#10784 = CARTESIAN_POINT('',(0.831207347491,0.334911522819,1.0500001));
#10785 = CARTESIAN_POINT('',(0.831207347491,0.328766088376,1.0500001));
#10786 = ORIENTED_EDGE('',*,*,#10787,.F.);
#10787 = EDGE_CURVE('',#10788,#10779,#10790,.T.);
#10788 = VERTEX_POINT('',#10789);
#10789 = CARTESIAN_POINT('',(0.844582717787,0.339610992156,1.0500001));
#10790 = B_SPLINE_CURVE_WITH_KNOTS('',3,(#10791,#10792,#10793,#10794),
  .UNSPECIFIED.,.F.,.F.,(4,4),(26.,27.),.PIECEWISE_BEZIER_KNOTS.);
#10791 = CARTESIAN_POINT('',(0.844582717787,0.339610992156,1.0500001));
#10792 = CARTESIAN_POINT('',(0.843859721443,0.339610992156,1.0500001));
#10793 = CARTESIAN_POINT('',(0.8431367251,0.339972483432,1.0500001));
#10794 = CARTESIAN_POINT('',(0.842413742547,0.339972483432,1.0500001));
#10795 = ORIENTED_EDGE('',*,*,#10796,.F.);
#10796 = EDGE_CURVE('',#10797,#10788,#10799,.T.);
#10797 = VERTEX_POINT('',#10798);
#10798 = CARTESIAN_POINT('',(0.860850073456,0.339610992156,1.0500001));
#10799 = B_SPLINE_CURVE_WITH_KNOTS('',1,(#10800,#10801),.UNSPECIFIED.,
  .F.,.F.,(2,2),(0.,1.626735566896E-02),.PIECEWISE_BEZIER_KNOTS.);
#10800 = CARTESIAN_POINT('',(0.860850073456,0.339610992156,1.0500001));
#10801 = CARTESIAN_POINT('',(0.844582717787,0.339610992156,1.0500001));
#10802 = ORIENTED_EDGE('',*,*,#10803,.F.);
#10803 = EDGE_CURVE('',#10804,#10797,#10806,.T.);
#10804 = VERTEX_POINT('',#10805);
#10805 = CARTESIAN_POINT('',(0.886877845284,0.367807739224,1.0500001));
#10806 = B_SPLINE_CURVE_WITH_KNOTS('',3,(#10807,#10808,#10809,#10810),
  .UNSPECIFIED.,.F.,.F.,(4,4),(24.,25.),.PIECEWISE_BEZIER_KNOTS.);
#10807 = CARTESIAN_POINT('',(0.886877845284,0.367807739224,1.0500001));
#10808 = CARTESIAN_POINT('',(0.886877845284,0.352986369346,1.0500001));
#10809 = CARTESIAN_POINT('',(0.875671450228,0.340695479776,1.0500001));
#10810 = CARTESIAN_POINT('',(0.860850073456,0.339610992156,1.0500001));
#10811 = ORIENTED_EDGE('',*,*,#10812,.F.);
#10812 = EDGE_CURVE('',#10813,#10804,#10815,.T.);
#10813 = VERTEX_POINT('',#10814);
#10814 = CARTESIAN_POINT('',(0.858681098216,0.396004486292,1.0500001));
#10815 = B_SPLINE_CURVE_WITH_KNOTS('',3,(#10816,#10817,#10818,#10819),
  .UNSPECIFIED.,.F.,.F.,(4,4),(23.,24.),.PIECEWISE_BEZIER_KNOTS.);
#10816 = CARTESIAN_POINT('',(0.858681098216,0.396004486292,1.0500001));
#10817 = CARTESIAN_POINT('',(0.874225457541,0.396004486292,1.0500001));
#10818 = CARTESIAN_POINT('',(0.886877845284,0.38335209855,1.0500001));
#10819 = CARTESIAN_POINT('',(0.886877845284,0.367807739224,1.0500001));
#10820 = ORIENTED_EDGE('',*,*,#10821,.F.);
#10821 = EDGE_CURVE('',#10822,#10813,#10824,.T.);
#10822 = VERTEX_POINT('',#10823);
#10823 = CARTESIAN_POINT('',(0.855789126633,0.396004486292,1.0500001));
#10824 = B_SPLINE_CURVE_WITH_KNOTS('',3,(#10825,#10826,#10827,#10828),
  .UNSPECIFIED.,.F.,.F.,(4,4),(22.,23.),.PIECEWISE_BEZIER_KNOTS.);
#10825 = CARTESIAN_POINT('',(0.855789126633,0.396004486292,1.0500001));
#10826 = CARTESIAN_POINT('',(0.856873614252,0.396004486292,1.0500001));
#10827 = CARTESIAN_POINT('',(0.857596610596,0.396004486292,1.0500001));
#10828 = CARTESIAN_POINT('',(0.858681098216,0.396004486292,1.0500001));
#10829 = ORIENTED_EDGE('',*,*,#10830,.F.);
#10830 = EDGE_CURVE('',#10831,#10822,#10833,.T.);
#10831 = VERTEX_POINT('',#10832);
#10832 = CARTESIAN_POINT('',(0.805179575663,0.441191585372,1.0500001));
#10833 = B_SPLINE_CURVE_WITH_KNOTS('',3,(#10834,#10835,#10836,#10837),
  .UNSPECIFIED.,.F.,.F.,(4,4),(21.,22.),.PIECEWISE_BEZIER_KNOTS.);
#10834 = CARTESIAN_POINT('',(0.805179575663,0.441191585372,1.0500001));
#10835 = CARTESIAN_POINT('',(0.831207347491,0.441191585372,1.0500001));
#10836 = CARTESIAN_POINT('',(0.852897155049,0.421309261777,1.0500001));
#10837 = CARTESIAN_POINT('',(0.855789126633,0.396004486292,1.0500001));
#10838 = ORIENTED_EDGE('',*,*,#10839,.F.);
#10839 = EDGE_CURVE('',#10840,#10831,#10842,.T.);
#10840 = VERTEX_POINT('',#10841);
#10841 = CARTESIAN_POINT('',(0.756739013722,0.406487912584,1.0500001));
#10842 = B_SPLINE_CURVE_WITH_KNOTS('',3,(#10843,#10844,#10845,#10846),
  .UNSPECIFIED.,.F.,.F.,(4,4),(20.,21.),.PIECEWISE_BEZIER_KNOTS.);
#10843 = CARTESIAN_POINT('',(0.756739013722,0.406487912584,1.0500001));
#10844 = CARTESIAN_POINT('',(0.763607444509,0.426731713667,1.0500001));
#10845 = CARTESIAN_POINT('',(0.782405280484,0.441191585372,1.0500001));
#10846 = CARTESIAN_POINT('',(0.805179575663,0.441191585372,1.0500001));
#10847 = ORIENTED_EDGE('',*,*,#10848,.F.);
#10848 = EDGE_CURVE('',#10849,#10840,#10851,.T.);
#10849 = VERTEX_POINT('',#10850);
#10850 = CARTESIAN_POINT('',(0.73757968647,0.411910364474,1.0500001));
#10851 = B_SPLINE_CURVE_WITH_KNOTS('',3,(#10852,#10853,#10854,#10855),
  .UNSPECIFIED.,.F.,.F.,(4,4),(19.,20.),.PIECEWISE_BEZIER_KNOTS.);
#10852 = CARTESIAN_POINT('',(0.73757968647,0.411910364474,1.0500001));
#10853 = CARTESIAN_POINT('',(0.744448124152,0.411910364474,1.0500001));
#10854 = CARTESIAN_POINT('',(0.751316561833,0.40974138234,1.0500001));
#10855 = CARTESIAN_POINT('',(0.756739013722,0.406487912584,1.0500001));
#10856 = ORIENTED_EDGE('',*,*,#10857,.F.);
#10857 = EDGE_CURVE('',#10858,#10849,#10860,.T.);
#10858 = VERTEX_POINT('',#10859);
#10859 = CARTESIAN_POINT('',(0.701430007206,0.37576068521,1.0500001));
#10860 = B_SPLINE_CURVE_WITH_KNOTS('',3,(#10861,#10862,#10863,#10864),
  .UNSPECIFIED.,.F.,.F.,(4,4),(18.,19.),.PIECEWISE_BEZIER_KNOTS.);
#10861 = CARTESIAN_POINT('',(0.701430007206,0.37576068521,1.0500001));
#10862 = CARTESIAN_POINT('',(0.701430007206,0.395643008805,1.0500001));
#10863 = CARTESIAN_POINT('',(0.717697362875,0.411910364474,1.0500001));
#10864 = CARTESIAN_POINT('',(0.73757968647,0.411910364474,1.0500001));
#10865 = ORIENTED_EDGE('',*,*,#10866,.F.);
#10866 = EDGE_CURVE('',#10867,#10858,#10869,.T.);
#10867 = VERTEX_POINT('',#10868);
#10868 = CARTESIAN_POINT('',(0.723119814764,0.342502977529,1.0500001));
#10869 = B_SPLINE_CURVE_WITH_KNOTS('',3,(#10870,#10871,#10872,#10873),
  .UNSPECIFIED.,.F.,.F.,(4,4),(17.,18.),.PIECEWISE_BEZIER_KNOTS.);
#10870 = CARTESIAN_POINT('',(0.723119814764,0.342502977529,1.0500001));
#10871 = CARTESIAN_POINT('',(0.710467427022,0.34828692759,1.0500001));
#10872 = CARTESIAN_POINT('',(0.701430007206,0.360939315333,1.0500001));
#10873 = CARTESIAN_POINT('',(0.701430007206,0.37576068521,1.0500001));
#10874 = ORIENTED_EDGE('',*,*,#10875,.F.);
#10875 = EDGE_CURVE('',#10876,#10867,#10878,.T.);
#10876 = VERTEX_POINT('',#10877);
#10877 = CARTESIAN_POINT('',(0.757100511894,0.366361767222,1.0500001));
#10878 = B_SPLINE_CURVE_WITH_KNOTS('',3,(#10879,#10880,#10881,#10882),
  .UNSPECIFIED.,.F.,.F.,(4,4),(16.,17.),.PIECEWISE_BEZIER_KNOTS.);
#10879 = CARTESIAN_POINT('',(0.757100511894,0.366361767222,1.0500001));
#10880 = CARTESIAN_POINT('',(0.741556145673,0.366361767222,1.0500001));
#10881 = CARTESIAN_POINT('',(0.728180768483,0.356239859787,1.0500001));
#10882 = CARTESIAN_POINT('',(0.723119814764,0.342502977529,1.0500001));
#10883 = ORIENTED_EDGE('',*,*,#10884,.F.);
#10884 = EDGE_CURVE('',#10885,#10876,#10887,.T.);
#10885 = VERTEX_POINT('',#10886);
#10886 = CARTESIAN_POINT('',(0.784212771342,0.354070877651,1.0500001));
#10887 = B_SPLINE_CURVE_WITH_KNOTS('',3,(#10888,#10889,#10890,#10891),
  .UNSPECIFIED.,.F.,.F.,(4,4),(15.,16.),.PIECEWISE_BEZIER_KNOTS.);
#10888 = CARTESIAN_POINT('',(0.784212771342,0.354070877651,1.0500001));
#10889 = CARTESIAN_POINT('',(0.777705831833,0.361662311676,1.0500001));
#10890 = CARTESIAN_POINT('',(0.767945415673,0.366361767222,1.0500001));
#10891 = CARTESIAN_POINT('',(0.757100511894,0.366361767222,1.0500001));
#10892 = ORIENTED_EDGE('',*,*,#10893,.F.);
#10893 = EDGE_CURVE('',#10894,#10885,#10896,.T.);
#10894 = VERTEX_POINT('',#10895);
#10895 = CARTESIAN_POINT('',(0.832653340177,0.379375653136,1.0500001));
#10896 = B_SPLINE_CURVE_WITH_KNOTS('',1,(#10897,#10898),.UNSPECIFIED.,
  .F.,.F.,(2,2),(0.,5.465181032148E-02),.PIECEWISE_BEZIER_KNOTS.);
#10897 = CARTESIAN_POINT('',(0.832653340177,0.379375653136,1.0500001));
#10898 = CARTESIAN_POINT('',(0.784212771342,0.354070877651,1.0500001));
#10899 = ORIENTED_EDGE('',*,*,#10900,.F.);
#10900 = EDGE_CURVE('',#10901,#10894,#10903,.T.);
#10901 = VERTEX_POINT('',#10902);
#10902 = CARTESIAN_POINT('',(0.843859735233,0.360216318989,1.0500001));
#10903 = B_SPLINE_CURVE_WITH_KNOTS('',1,(#10904,#10905),.UNSPECIFIED.,
  .F.,.F.,(2,2),(0.,2.219602160541E-02),.PIECEWISE_BEZIER_KNOTS.);
#10904 = CARTESIAN_POINT('',(0.843859735233,0.360216318989,1.0500001));
#10905 = CARTESIAN_POINT('',(0.832653340177,0.379375653136,1.0500001));
#10906 = ORIENTED_EDGE('',*,*,#10907,.F.);
#10907 = EDGE_CURVE('',#10908,#10901,#10910,.T.);
#10908 = VERTEX_POINT('',#10909);
#10909 = CARTESIAN_POINT('',(0.793250184263,0.333465557713,1.0500001));
#10910 = B_SPLINE_CURVE_WITH_KNOTS('',1,(#10911,#10912),.UNSPECIFIED.,
  .F.,.F.,(2,2),(0.,5.724447465269E-02),.PIECEWISE_BEZIER_KNOTS.);
#10911 = CARTESIAN_POINT('',(0.793250184263,0.333465557713,1.0500001));
#10912 = CARTESIAN_POINT('',(0.843859735233,0.360216318989,1.0500001));
#10913 = ORIENTED_EDGE('',*,*,#10914,.F.);
#10914 = EDGE_CURVE('',#10915,#10908,#10917,.T.);
#10915 = VERTEX_POINT('',#10916);
#10916 = CARTESIAN_POINT('',(0.793250184263,0.329850589786,1.0500001));
#10917 = B_SPLINE_CURVE_WITH_KNOTS('',3,(#10918,#10919,#10920,#10921),
  .UNSPECIFIED.,.F.,.F.,(4,4),(11.,12.),.PIECEWISE_BEZIER_KNOTS.);
#10918 = CARTESIAN_POINT('',(0.793250184263,0.329850589786,1.0500001));
#10919 = CARTESIAN_POINT('',(0.793250184263,0.330935077406,1.0500001));
#10920 = CARTESIAN_POINT('',(0.793250184263,0.332019565026,1.0500001));
#10921 = CARTESIAN_POINT('',(0.793250184263,0.333465557713,1.0500001));
#10922 = ORIENTED_EDGE('',*,*,#10923,.F.);
#10923 = EDGE_CURVE('',#10924,#10915,#10926,.T.);
#10924 = VERTEX_POINT('',#10925);
#10925 = CARTESIAN_POINT('',(0.757100504999,0.293700910522,1.0500001));
#10926 = B_SPLINE_CURVE_WITH_KNOTS('',3,(#10927,#10928,#10929,#10930),
  .UNSPECIFIED.,.F.,.F.,(4,4),(10.,11.),.PIECEWISE_BEZIER_KNOTS.);
#10927 = CARTESIAN_POINT('',(0.757100504999,0.293700910522,1.0500001));
#10928 = CARTESIAN_POINT('',(0.776982828594,0.293700910522,1.0500001));
#10929 = CARTESIAN_POINT('',(0.793250184263,0.309968266191,1.0500001));
#10930 = CARTESIAN_POINT('',(0.793250184263,0.329850589786,1.0500001));
#10931 = ORIENTED_EDGE('',*,*,#10932,.F.);
#10932 = EDGE_CURVE('',#10933,#10924,#10935,.T.);
#10933 = VERTEX_POINT('',#10934);
#10934 = CARTESIAN_POINT('',(0.72275830625,0.318282689664,1.0500001));
#10935 = B_SPLINE_CURVE_WITH_KNOTS('',3,(#10936,#10937,#10938,#10939),
  .UNSPECIFIED.,.F.,.F.,(4,4),(9.,10.),.PIECEWISE_BEZIER_KNOTS.);
#10936 = CARTESIAN_POINT('',(0.72275830625,0.318282689664,1.0500001));
#10937 = CARTESIAN_POINT('',(0.727457765244,0.303822817958,1.0500001));
#10938 = CARTESIAN_POINT('',(0.741194640607,0.293700910522,1.0500001));
#10939 = CARTESIAN_POINT('',(0.757100504999,0.293700910522,1.0500001));
#10940 = ORIENTED_EDGE('',*,*,#10941,.F.);
#10941 = EDGE_CURVE('',#10942,#10933,#10944,.T.);
#10942 = VERTEX_POINT('',#10943);
#10943 = CARTESIAN_POINT('',(0.693838562839,0.335634532953,1.0500001));
#10944 = B_SPLINE_CURVE_WITH_KNOTS('',3,(#10945,#10946,#10947,#10948),
  .UNSPECIFIED.,.F.,.F.,(4,4),(8.,9.),.PIECEWISE_BEZIER_KNOTS.);
#10945 = CARTESIAN_POINT('',(0.693838562839,0.335634532953,1.0500001));
#10946 = CARTESIAN_POINT('',(0.701791491587,0.326958604413,1.0500001));
#10947 = CARTESIAN_POINT('',(0.711551907747,0.321174661247,1.0500001));
#10948 = CARTESIAN_POINT('',(0.72275830625,0.318282689664,1.0500001));
#10949 = ORIENTED_EDGE('',*,*,#10950,.F.);
#10950 = EDGE_CURVE('',#10951,#10942,#10953,.T.);
#10951 = VERTEX_POINT('',#10952);
#10952 = CARTESIAN_POINT('',(0.678655698237,0.375037675077,1.0500001));
#10953 = B_SPLINE_CURVE_WITH_KNOTS('',3,(#10954,#10955,#10956,#10957),
  .UNSPECIFIED.,.F.,.F.,(4,4),(7.,8.),.PIECEWISE_BEZIER_KNOTS.);
#10954 = CARTESIAN_POINT('',(0.678655698237,0.375037675077,1.0500001));
#10955 = CARTESIAN_POINT('',(0.678655698237,0.360577803371,1.0500001));
#10956 = CARTESIAN_POINT('',(0.684078150127,0.346479422942,1.0500001));
#10957 = CARTESIAN_POINT('',(0.693838562839,0.335634532953,1.0500001));
#10958 = ORIENTED_EDGE('',*,*,#10959,.F.);
#10959 = EDGE_CURVE('',#10960,#10951,#10962,.T.);
#10960 = VERTEX_POINT('',#10961);
#10961 = CARTESIAN_POINT('',(0.695646057145,0.416248304612,1.0500001));
#10962 = B_SPLINE_CURVE_WITH_KNOTS('',3,(#10963,#10964,#10965,#10966),
  .UNSPECIFIED.,.F.,.F.,(4,4),(6.,7.),.PIECEWISE_BEZIER_KNOTS.);
#10963 = CARTESIAN_POINT('',(0.695646057145,0.416248304612,1.0500001));
#10964 = CARTESIAN_POINT('',(0.684801143885,0.40540340428,1.0500001));
#10965 = CARTESIAN_POINT('',(0.678655698237,0.390582034402,1.0500001));
#10966 = CARTESIAN_POINT('',(0.678655698237,0.375037675077,1.0500001));
#10967 = ORIENTED_EDGE('',*,*,#10968,.F.);
#10968 = EDGE_CURVE('',#10969,#10960,#10971,.T.);
#10969 = VERTEX_POINT('',#10970);
#10970 = CARTESIAN_POINT('',(0.737218188299,0.433600151348,1.0500001));
#10971 = B_SPLINE_CURVE_WITH_KNOTS('',3,(#10972,#10973,#10974,#10975),
  .UNSPECIFIED.,.F.,.F.,(4,4),(5.,6.),.PIECEWISE_BEZIER_KNOTS.);
#10972 = CARTESIAN_POINT('',(0.737218188299,0.433600151348,1.0500001));
#10973 = CARTESIAN_POINT('',(0.721673825525,0.433600151348,1.0500001));
#10974 = CARTESIAN_POINT('',(0.706852459096,0.427454706563,1.0500001));
#10975 = CARTESIAN_POINT('',(0.695646057145,0.416248304612,1.0500001));
#10976 = ORIENTED_EDGE('',*,*,#10977,.F.);
#10977 = EDGE_CURVE('',#10978,#10969,#10980,.T.);
#10978 = VERTEX_POINT('',#10979);
#10979 = CARTESIAN_POINT('',(0.745532611771,0.432877158452,1.0500001));
#10980 = B_SPLINE_CURVE_WITH_KNOTS('',3,(#10981,#10982,#10983,#10984),
  .UNSPECIFIED.,.F.,.F.,(4,4),(4.,5.),.PIECEWISE_BEZIER_KNOTS.);
#10981 = CARTESIAN_POINT('',(0.745532611771,0.432877158452,1.0500001));
#10982 = CARTESIAN_POINT('',(0.742640640188,0.433238656624,1.0500001));
#10983 = CARTESIAN_POINT('',(0.740110159882,0.433600151348,1.0500001));
#10984 = CARTESIAN_POINT('',(0.737218188299,0.433600151348,1.0500001));
#10985 = ORIENTED_EDGE('',*,*,#10986,.F.);
#10986 = EDGE_CURVE('',#10987,#10978,#10989,.T.);
#10987 = VERTEX_POINT('',#10988);
#10988 = CARTESIAN_POINT('',(0.761438469269,0.448783017673,1.0500001));
#10989 = B_SPLINE_CURVE_WITH_KNOTS('',3,(#10990,#10991,#10992,#10993),
  .UNSPECIFIED.,.F.,.F.,(4,4),(3.,4.),.PIECEWISE_BEZIER_KNOTS.);
#10990 = CARTESIAN_POINT('',(0.761438469269,0.448783017673,1.0500001));
#10991 = CARTESIAN_POINT('',(0.755293021036,0.444445055127,1.0500001));
#10992 = CARTESIAN_POINT('',(0.750232067318,0.439022603238,1.0500001));
#10993 = CARTESIAN_POINT('',(0.745532611771,0.432877158452,1.0500001));
#10994 = ORIENTED_EDGE('',*,*,#10995,.F.);
#10995 = EDGE_CURVE('',#10996,#10987,#10998,.T.);
#10996 = VERTEX_POINT('',#10997);
#10997 = CARTESIAN_POINT('',(0.804818084386,0.462881392931,1.0500001));
#10998 = B_SPLINE_CURVE_WITH_KNOTS('',3,(#10999,#11000,#11001,#11002),
  .UNSPECIFIED.,.F.,.F.,(4,4),(2.,3.),.PIECEWISE_BEZIER_KNOTS.);
#10999 = CARTESIAN_POINT('',(0.804818084386,0.462881392931,1.0500001));
#11000 = CARTESIAN_POINT('',(0.788912226889,0.462881392931,1.0500001));
#11001 = CARTESIAN_POINT('',(0.774090857011,0.45782043792,1.0500001));
#11002 = CARTESIAN_POINT('',(0.761438469269,0.448783017673,1.0500001));
#11003 = ORIENTED_EDGE('',*,*,#11004,.F.);
#11004 = EDGE_CURVE('',#11005,#10996,#11007,.T.);
#11005 = VERTEX_POINT('',#11006);
#11006 = CARTESIAN_POINT('',(0.853981642669,0.444083558679,1.0500001));
#11007 = B_SPLINE_CURVE_WITH_KNOTS('',3,(#11008,#11009,#11010,#11011),
  .UNSPECIFIED.,.F.,.F.,(4,4),(1.,2.),.PIECEWISE_BEZIER_KNOTS.);
#11008 = CARTESIAN_POINT('',(0.853981642669,0.444083558679,1.0500001));
#11009 = CARTESIAN_POINT('',(0.840244767307,0.456012953957,1.0500001));
#11010 = CARTESIAN_POINT('',(0.822892924018,0.462881392931,1.0500001));
#11011 = CARTESIAN_POINT('',(0.804818084386,0.462881392931,1.0500001));
#11012 = ORIENTED_EDGE('',*,*,#11013,.F.);
#11013 = EDGE_CURVE('',#10736,#11005,#11014,.T.);
#11014 = B_SPLINE_CURVE_WITH_KNOTS('',3,(#11015,#11016,#11017,#11018),
  .UNSPECIFIED.,.F.,.F.,(4,4),(0.,1.),.PIECEWISE_BEZIER_KNOTS.);
#11015 = CARTESIAN_POINT('',(0.873502474988,0.415525311716,1.0500001));
#11016 = CARTESIAN_POINT('',(0.869526015785,0.426370215495,1.0500001));
#11017 = CARTESIAN_POINT('',(0.862657571209,0.436130628207,1.0500001));
#11018 = CARTESIAN_POINT('',(0.853981642669,0.444083558679,1.0500001));
#11019 = FACE_BOUND('',#11020,.T.);
#11020 = EDGE_LOOP('',(#11021,#11034));
#11021 = ORIENTED_EDGE('',*,*,#11022,.T.);
#11022 = EDGE_CURVE('',#11023,#11025,#11027,.T.);
#11023 = VERTEX_POINT('',#11024);
#11024 = CARTESIAN_POINT('',(0.756739006827,0.343587451359,1.0500001));
#11025 = VERTEX_POINT('',#11026);
#11026 = CARTESIAN_POINT('',(0.756739006827,0.315390690501,1.0500001));
#11027 = B_SPLINE_CURVE_WITH_KNOTS('',3,(#11028,#11029,#11030,#11031,
    #11032,#11033),.UNSPECIFIED.,.F.,.F.,(4,2,4),(2.,3.,4.),
  .UNSPECIFIED.);
#11028 = CARTESIAN_POINT('',(0.756739006827,0.343587451359,1.0500001));
#11029 = CARTESIAN_POINT('',(0.749147572803,0.343587451359,1.0500001));
#11030 = CARTESIAN_POINT('',(0.742640633293,0.337442003126,1.0500001));
#11031 = CARTESIAN_POINT('',(0.742640633293,0.321536138733,1.0500001));
#11032 = CARTESIAN_POINT('',(0.749147572803,0.315390690501,1.0500001));
#11033 = CARTESIAN_POINT('',(0.756739006827,0.315390690501,1.0500001));
#11034 = ORIENTED_EDGE('',*,*,#11035,.T.);
#11035 = EDGE_CURVE('',#11025,#11023,#11036,.T.);
#11036 = B_SPLINE_CURVE_WITH_KNOTS('',3,(#11037,#11038,#11039,#11040,
    #11041,#11042,#11043),.UNSPECIFIED.,.F.,.F.,(4,3,4),(0.,1.,2.),
  .PIECEWISE_BEZIER_KNOTS.);
#11037 = CARTESIAN_POINT('',(0.756739006827,0.315390690501,1.0500001));
#11038 = CARTESIAN_POINT('',(0.764691932128,0.315390690501,1.0500001));
#11039 = CARTESIAN_POINT('',(0.770837380361,0.3218976438,1.0500001));
#11040 = CARTESIAN_POINT('',(0.770837380361,0.32948907093,1.0500001));
#11041 = CARTESIAN_POINT('',(0.770837380361,0.337442003126,1.0500001));
#11042 = CARTESIAN_POINT('',(0.764330440852,0.343587451359,1.0500001));
#11043 = CARTESIAN_POINT('',(0.756739006827,0.343587451359,1.0500001));
#11044 = B_SPLINE_SURFACE_WITH_KNOTS('',1,1,(
    (#11045,#11046)
    ,(#11047,#11048
    )),.UNSPECIFIED.,.F.,.F.,.F.,(2,2),(2,2),(-1.03026565219E-02,
    0.220332294427),(-0.103839937828,6.53405445808E-02),
  .PIECEWISE_BEZIER_KNOTS.);
#11045 = CARTESIAN_POINT('',(0.909290649186,0.293700910522,1.0500001));
#11046 = CARTESIAN_POINT('',(0.909290649186,0.462881392931,1.0500001));
#11047 = CARTESIAN_POINT('',(0.678655698237,0.293700910522,1.0500001));
#11048 = CARTESIAN_POINT('',(0.678655698237,0.462881392931,1.0500001));
#11049 = ADVANCED_FACE('',(#11050),#11064,.F.);
#11050 = FACE_BOUND('',#11051,.F.);
#11051 = EDGE_LOOP('',(#11052,#11057,#11058,#11063));
#11052 = ORIENTED_EDGE('',*,*,#11053,.F.);
#11053 = EDGE_CURVE('',#10414,#10734,#11054,.T.);
#11054 = B_SPLINE_CURVE_WITH_KNOTS('',1,(#11055,#11056),.UNSPECIFIED.,
  .F.,.F.,(2,2),(-0.,1.E-03),.PIECEWISE_BEZIER_KNOTS.);
#11055 = CARTESIAN_POINT('',(0.909290649186,0.36816924429,1.0510001));
#11056 = CARTESIAN_POINT('',(0.909290649186,0.36816924429,1.0500001));
#11057 = ORIENTED_EDGE('',*,*,#10413,.T.);
#11058 = ORIENTED_EDGE('',*,*,#11059,.T.);
#11059 = EDGE_CURVE('',#10416,#10736,#11060,.T.);
#11060 = B_SPLINE_CURVE_WITH_KNOTS('',1,(#11061,#11062),.UNSPECIFIED.,
  .F.,.F.,(2,2),(-0.,1.E-03),.PIECEWISE_BEZIER_KNOTS.);
#11061 = CARTESIAN_POINT('',(0.873502474988,0.415525311716,1.0510001));
#11062 = CARTESIAN_POINT('',(0.873502474988,0.415525311716,1.0500001));
#11063 = ORIENTED_EDGE('',*,*,#10733,.F.);
#11064 = B_SPLINE_SURFACE_WITH_KNOTS('',3,1,(
    (#11065,#11066)
    ,(#11067,#11068)
    ,(#11069,#11070)
    ,(#11071,#11072
    )),.UNSPECIFIED.,.F.,.F.,.F.,(4,4),(2,2),(35.,36.),(0.,1.),
  .PIECEWISE_BEZIER_KNOTS.);
#11065 = CARTESIAN_POINT('',(0.909290649186,0.36816924429,1.0510001));
#11066 = CARTESIAN_POINT('',(0.909290649186,0.36816924429,1.0500001));
#11067 = CARTESIAN_POINT('',(0.908929157909,0.389859038059,1.0510001));
#11068 = CARTESIAN_POINT('',(0.908929157909,0.389859038059,1.0500001));
#11069 = CARTESIAN_POINT('',(0.894107781137,0.409018372206,1.0510001));
#11070 = CARTESIAN_POINT('',(0.894107781137,0.409018372206,1.0500001));
#11071 = CARTESIAN_POINT('',(0.873502474988,0.415525311716,1.0510001));
#11072 = CARTESIAN_POINT('',(0.873502474988,0.415525311716,1.0500001));
#11073 = ADVANCED_FACE('',(#11074),#11084,.F.);
#11074 = FACE_BOUND('',#11075,.F.);
#11075 = EDGE_LOOP('',(#11076,#11077,#11078,#11083));
#11076 = ORIENTED_EDGE('',*,*,#11059,.F.);
#11077 = ORIENTED_EDGE('',*,*,#10424,.T.);
#11078 = ORIENTED_EDGE('',*,*,#11079,.T.);
#11079 = EDGE_CURVE('',#10425,#11005,#11080,.T.);
#11080 = B_SPLINE_CURVE_WITH_KNOTS('',1,(#11081,#11082),.UNSPECIFIED.,
  .F.,.F.,(2,2),(-0.,1.E-03),.PIECEWISE_BEZIER_KNOTS.);
#11081 = CARTESIAN_POINT('',(0.853981642669,0.444083558679,1.0510001));
#11082 = CARTESIAN_POINT('',(0.853981642669,0.444083558679,1.0500001));
#11083 = ORIENTED_EDGE('',*,*,#11013,.F.);
#11084 = B_SPLINE_SURFACE_WITH_KNOTS('',3,1,(
    (#11085,#11086)
    ,(#11087,#11088)
    ,(#11089,#11090)
    ,(#11091,#11092
    )),.UNSPECIFIED.,.F.,.F.,.F.,(4,4),(2,2),(0.,1.),(0.,1.),
  .PIECEWISE_BEZIER_KNOTS.);
#11085 = CARTESIAN_POINT('',(0.873502474988,0.415525311716,1.0510001));
#11086 = CARTESIAN_POINT('',(0.873502474988,0.415525311716,1.0500001));
#11087 = CARTESIAN_POINT('',(0.869526015785,0.426370215495,1.0510001));
#11088 = CARTESIAN_POINT('',(0.869526015785,0.426370215495,1.0500001));
#11089 = CARTESIAN_POINT('',(0.862657571209,0.436130628207,1.0510001));
#11090 = CARTESIAN_POINT('',(0.862657571209,0.436130628207,1.0500001));
#11091 = CARTESIAN_POINT('',(0.853981642669,0.444083558679,1.0510001));
#11092 = CARTESIAN_POINT('',(0.853981642669,0.444083558679,1.0500001));
#11093 = ADVANCED_FACE('',(#11094),#11104,.F.);
#11094 = FACE_BOUND('',#11095,.F.);
#11095 = EDGE_LOOP('',(#11096,#11097,#11098,#11103));
#11096 = ORIENTED_EDGE('',*,*,#11079,.F.);
#11097 = ORIENTED_EDGE('',*,*,#10433,.T.);
#11098 = ORIENTED_EDGE('',*,*,#11099,.T.);
#11099 = EDGE_CURVE('',#10434,#10996,#11100,.T.);
#11100 = B_SPLINE_CURVE_WITH_KNOTS('',1,(#11101,#11102),.UNSPECIFIED.,
  .F.,.F.,(2,2),(-0.,1.E-03),.PIECEWISE_BEZIER_KNOTS.);
#11101 = CARTESIAN_POINT('',(0.804818084386,0.462881392931,1.0510001));
#11102 = CARTESIAN_POINT('',(0.804818084386,0.462881392931,1.0500001));
#11103 = ORIENTED_EDGE('',*,*,#11004,.F.);
#11104 = B_SPLINE_SURFACE_WITH_KNOTS('',3,1,(
    (#11105,#11106)
    ,(#11107,#11108)
    ,(#11109,#11110)
    ,(#11111,#11112
    )),.UNSPECIFIED.,.F.,.F.,.F.,(4,4),(2,2),(1.,2.),(0.,1.),
  .PIECEWISE_BEZIER_KNOTS.);
#11105 = CARTESIAN_POINT('',(0.853981642669,0.444083558679,1.0510001));
#11106 = CARTESIAN_POINT('',(0.853981642669,0.444083558679,1.0500001));
#11107 = CARTESIAN_POINT('',(0.840244767307,0.456012953957,1.0510001));
#11108 = CARTESIAN_POINT('',(0.840244767307,0.456012953957,1.0500001));
#11109 = CARTESIAN_POINT('',(0.822892924018,0.462881392931,1.0510001));
#11110 = CARTESIAN_POINT('',(0.822892924018,0.462881392931,1.0500001));
#11111 = CARTESIAN_POINT('',(0.804818084386,0.462881392931,1.0510001));
#11112 = CARTESIAN_POINT('',(0.804818084386,0.462881392931,1.0500001));
#11113 = ADVANCED_FACE('',(#11114),#11124,.F.);
#11114 = FACE_BOUND('',#11115,.F.);
#11115 = EDGE_LOOP('',(#11116,#11117,#11118,#11123));
#11116 = ORIENTED_EDGE('',*,*,#11099,.F.);
#11117 = ORIENTED_EDGE('',*,*,#10442,.T.);
#11118 = ORIENTED_EDGE('',*,*,#11119,.T.);
#11119 = EDGE_CURVE('',#10443,#10987,#11120,.T.);
#11120 = B_SPLINE_CURVE_WITH_KNOTS('',1,(#11121,#11122),.UNSPECIFIED.,
  .F.,.F.,(2,2),(-0.,1.E-03),.PIECEWISE_BEZIER_KNOTS.);
#11121 = CARTESIAN_POINT('',(0.761438469269,0.448783017673,1.0510001));
#11122 = CARTESIAN_POINT('',(0.761438469269,0.448783017673,1.0500001));
#11123 = ORIENTED_EDGE('',*,*,#10995,.F.);
#11124 = B_SPLINE_SURFACE_WITH_KNOTS('',3,1,(
    (#11125,#11126)
    ,(#11127,#11128)
    ,(#11129,#11130)
    ,(#11131,#11132
    )),.UNSPECIFIED.,.F.,.F.,.F.,(4,4),(2,2),(2.,3.),(0.,1.),
  .PIECEWISE_BEZIER_KNOTS.);
#11125 = CARTESIAN_POINT('',(0.804818084386,0.462881392931,1.0510001));
#11126 = CARTESIAN_POINT('',(0.804818084386,0.462881392931,1.0500001));
#11127 = CARTESIAN_POINT('',(0.788912226889,0.462881392931,1.0510001));
#11128 = CARTESIAN_POINT('',(0.788912226889,0.462881392931,1.0500001));
#11129 = CARTESIAN_POINT('',(0.774090857011,0.45782043792,1.0510001));
#11130 = CARTESIAN_POINT('',(0.774090857011,0.45782043792,1.0500001));
#11131 = CARTESIAN_POINT('',(0.761438469269,0.448783017673,1.0510001));
#11132 = CARTESIAN_POINT('',(0.761438469269,0.448783017673,1.0500001));
#11133 = ADVANCED_FACE('',(#11134),#11144,.F.);
#11134 = FACE_BOUND('',#11135,.F.);
#11135 = EDGE_LOOP('',(#11136,#11137,#11138,#11143));
#11136 = ORIENTED_EDGE('',*,*,#11119,.F.);
#11137 = ORIENTED_EDGE('',*,*,#10451,.T.);
#11138 = ORIENTED_EDGE('',*,*,#11139,.T.);
#11139 = EDGE_CURVE('',#10452,#10978,#11140,.T.);
#11140 = B_SPLINE_CURVE_WITH_KNOTS('',1,(#11141,#11142),.UNSPECIFIED.,
  .F.,.F.,(2,2),(-0.,1.E-03),.PIECEWISE_BEZIER_KNOTS.);
#11141 = CARTESIAN_POINT('',(0.745532611771,0.432877158452,1.0510001));
#11142 = CARTESIAN_POINT('',(0.745532611771,0.432877158452,1.0500001));
#11143 = ORIENTED_EDGE('',*,*,#10986,.F.);
#11144 = B_SPLINE_SURFACE_WITH_KNOTS('',3,1,(
    (#11145,#11146)
    ,(#11147,#11148)
    ,(#11149,#11150)
    ,(#11151,#11152
    )),.UNSPECIFIED.,.F.,.F.,.F.,(4,4),(2,2),(3.,4.),(0.,1.),
  .PIECEWISE_BEZIER_KNOTS.);
#11145 = CARTESIAN_POINT('',(0.761438469269,0.448783017673,1.0510001));
#11146 = CARTESIAN_POINT('',(0.761438469269,0.448783017673,1.0500001));
#11147 = CARTESIAN_POINT('',(0.755293021036,0.444445055127,1.0510001));
#11148 = CARTESIAN_POINT('',(0.755293021036,0.444445055127,1.0500001));
#11149 = CARTESIAN_POINT('',(0.750232067318,0.439022603238,1.0510001));
#11150 = CARTESIAN_POINT('',(0.750232067318,0.439022603238,1.0500001));
#11151 = CARTESIAN_POINT('',(0.745532611771,0.432877158452,1.0510001));
#11152 = CARTESIAN_POINT('',(0.745532611771,0.432877158452,1.0500001));
#11153 = ADVANCED_FACE('',(#11154),#11164,.F.);
#11154 = FACE_BOUND('',#11155,.F.);
#11155 = EDGE_LOOP('',(#11156,#11157,#11158,#11163));
#11156 = ORIENTED_EDGE('',*,*,#11139,.F.);
#11157 = ORIENTED_EDGE('',*,*,#10460,.T.);
#11158 = ORIENTED_EDGE('',*,*,#11159,.T.);
#11159 = EDGE_CURVE('',#10461,#10969,#11160,.T.);
#11160 = B_SPLINE_CURVE_WITH_KNOTS('',1,(#11161,#11162),.UNSPECIFIED.,
  .F.,.F.,(2,2),(-0.,1.E-03),.PIECEWISE_BEZIER_KNOTS.);
#11161 = CARTESIAN_POINT('',(0.737218188299,0.433600151348,1.0510001));
#11162 = CARTESIAN_POINT('',(0.737218188299,0.433600151348,1.0500001));
#11163 = ORIENTED_EDGE('',*,*,#10977,.F.);
#11164 = B_SPLINE_SURFACE_WITH_KNOTS('',3,1,(
    (#11165,#11166)
    ,(#11167,#11168)
    ,(#11169,#11170)
    ,(#11171,#11172
    )),.UNSPECIFIED.,.F.,.F.,.F.,(4,4),(2,2),(4.,5.),(0.,1.),
  .PIECEWISE_BEZIER_KNOTS.);
#11165 = CARTESIAN_POINT('',(0.745532611771,0.432877158452,1.0510001));
#11166 = CARTESIAN_POINT('',(0.745532611771,0.432877158452,1.0500001));
#11167 = CARTESIAN_POINT('',(0.742640640188,0.433238656624,1.0510001));
#11168 = CARTESIAN_POINT('',(0.742640640188,0.433238656624,1.0500001));
#11169 = CARTESIAN_POINT('',(0.740110159882,0.433600151348,1.0510001));
#11170 = CARTESIAN_POINT('',(0.740110159882,0.433600151348,1.0500001));
#11171 = CARTESIAN_POINT('',(0.737218188299,0.433600151348,1.0510001));
#11172 = CARTESIAN_POINT('',(0.737218188299,0.433600151348,1.0500001));
#11173 = ADVANCED_FACE('',(#11174),#11184,.F.);
#11174 = FACE_BOUND('',#11175,.F.);
#11175 = EDGE_LOOP('',(#11176,#11177,#11178,#11183));
#11176 = ORIENTED_EDGE('',*,*,#11159,.F.);
#11177 = ORIENTED_EDGE('',*,*,#10469,.T.);
#11178 = ORIENTED_EDGE('',*,*,#11179,.T.);
#11179 = EDGE_CURVE('',#10470,#10960,#11180,.T.);
#11180 = B_SPLINE_CURVE_WITH_KNOTS('',1,(#11181,#11182),.UNSPECIFIED.,
  .F.,.F.,(2,2),(-0.,1.E-03),.PIECEWISE_BEZIER_KNOTS.);
#11181 = CARTESIAN_POINT('',(0.695646057145,0.416248304612,1.0510001));
#11182 = CARTESIAN_POINT('',(0.695646057145,0.416248304612,1.0500001));
#11183 = ORIENTED_EDGE('',*,*,#10968,.F.);
#11184 = B_SPLINE_SURFACE_WITH_KNOTS('',3,1,(
    (#11185,#11186)
    ,(#11187,#11188)
    ,(#11189,#11190)
    ,(#11191,#11192
    )),.UNSPECIFIED.,.F.,.F.,.F.,(4,4),(2,2),(5.,6.),(0.,1.),
  .PIECEWISE_BEZIER_KNOTS.);
#11185 = CARTESIAN_POINT('',(0.737218188299,0.433600151348,1.0510001));
#11186 = CARTESIAN_POINT('',(0.737218188299,0.433600151348,1.0500001));
#11187 = CARTESIAN_POINT('',(0.721673825525,0.433600151348,1.0510001));
#11188 = CARTESIAN_POINT('',(0.721673825525,0.433600151348,1.0500001));
#11189 = CARTESIAN_POINT('',(0.706852459096,0.427454706563,1.0510001));
#11190 = CARTESIAN_POINT('',(0.706852459096,0.427454706563,1.0500001));
#11191 = CARTESIAN_POINT('',(0.695646057145,0.416248304612,1.0510001));
#11192 = CARTESIAN_POINT('',(0.695646057145,0.416248304612,1.0500001));
#11193 = ADVANCED_FACE('',(#11194),#11204,.F.);
#11194 = FACE_BOUND('',#11195,.F.);
#11195 = EDGE_LOOP('',(#11196,#11197,#11198,#11203));
#11196 = ORIENTED_EDGE('',*,*,#11179,.F.);
#11197 = ORIENTED_EDGE('',*,*,#10478,.T.);
#11198 = ORIENTED_EDGE('',*,*,#11199,.T.);
#11199 = EDGE_CURVE('',#10479,#10951,#11200,.T.);
#11200 = B_SPLINE_CURVE_WITH_KNOTS('',1,(#11201,#11202),.UNSPECIFIED.,
  .F.,.F.,(2,2),(-0.,1.E-03),.PIECEWISE_BEZIER_KNOTS.);
#11201 = CARTESIAN_POINT('',(0.678655698237,0.375037675077,1.0510001));
#11202 = CARTESIAN_POINT('',(0.678655698237,0.375037675077,1.0500001));
#11203 = ORIENTED_EDGE('',*,*,#10959,.F.);
#11204 = B_SPLINE_SURFACE_WITH_KNOTS('',3,1,(
    (#11205,#11206)
    ,(#11207,#11208)
    ,(#11209,#11210)
    ,(#11211,#11212
    )),.UNSPECIFIED.,.F.,.F.,.F.,(4,4),(2,2),(6.,7.),(0.,1.),
  .PIECEWISE_BEZIER_KNOTS.);
#11205 = CARTESIAN_POINT('',(0.695646057145,0.416248304612,1.0510001));
#11206 = CARTESIAN_POINT('',(0.695646057145,0.416248304612,1.0500001));
#11207 = CARTESIAN_POINT('',(0.684801143885,0.40540340428,1.0510001));
#11208 = CARTESIAN_POINT('',(0.684801143885,0.40540340428,1.0500001));
#11209 = CARTESIAN_POINT('',(0.678655698237,0.390582034402,1.0510001));
#11210 = CARTESIAN_POINT('',(0.678655698237,0.390582034402,1.0500001));
#11211 = CARTESIAN_POINT('',(0.678655698237,0.375037675077,1.0510001));
#11212 = CARTESIAN_POINT('',(0.678655698237,0.375037675077,1.0500001));
#11213 = ADVANCED_FACE('',(#11214),#11224,.F.);
#11214 = FACE_BOUND('',#11215,.F.);
#11215 = EDGE_LOOP('',(#11216,#11217,#11218,#11223));
#11216 = ORIENTED_EDGE('',*,*,#11199,.F.);
#11217 = ORIENTED_EDGE('',*,*,#10487,.T.);
#11218 = ORIENTED_EDGE('',*,*,#11219,.T.);
#11219 = EDGE_CURVE('',#10488,#10942,#11220,.T.);
#11220 = B_SPLINE_CURVE_WITH_KNOTS('',1,(#11221,#11222),.UNSPECIFIED.,
  .F.,.F.,(2,2),(-0.,1.E-03),.PIECEWISE_BEZIER_KNOTS.);
#11221 = CARTESIAN_POINT('',(0.693838562839,0.335634532953,1.0510001));
#11222 = CARTESIAN_POINT('',(0.693838562839,0.335634532953,1.0500001));
#11223 = ORIENTED_EDGE('',*,*,#10950,.F.);
#11224 = B_SPLINE_SURFACE_WITH_KNOTS('',3,1,(
    (#11225,#11226)
    ,(#11227,#11228)
    ,(#11229,#11230)
    ,(#11231,#11232
    )),.UNSPECIFIED.,.F.,.F.,.F.,(4,4),(2,2),(7.,8.),(0.,1.),
  .PIECEWISE_BEZIER_KNOTS.);
#11225 = CARTESIAN_POINT('',(0.678655698237,0.375037675077,1.0510001));
#11226 = CARTESIAN_POINT('',(0.678655698237,0.375037675077,1.0500001));
#11227 = CARTESIAN_POINT('',(0.678655698237,0.360577803371,1.0510001));
#11228 = CARTESIAN_POINT('',(0.678655698237,0.360577803371,1.0500001));
#11229 = CARTESIAN_POINT('',(0.684078150127,0.346479422942,1.0510001));
#11230 = CARTESIAN_POINT('',(0.684078150127,0.346479422942,1.0500001));
#11231 = CARTESIAN_POINT('',(0.693838562839,0.335634532953,1.0510001));
#11232 = CARTESIAN_POINT('',(0.693838562839,0.335634532953,1.0500001));
#11233 = ADVANCED_FACE('',(#11234),#11244,.F.);
#11234 = FACE_BOUND('',#11235,.F.);
#11235 = EDGE_LOOP('',(#11236,#11237,#11238,#11243));
#11236 = ORIENTED_EDGE('',*,*,#11219,.F.);
#11237 = ORIENTED_EDGE('',*,*,#10496,.T.);
#11238 = ORIENTED_EDGE('',*,*,#11239,.T.);
#11239 = EDGE_CURVE('',#10497,#10933,#11240,.T.);
#11240 = B_SPLINE_CURVE_WITH_KNOTS('',1,(#11241,#11242),.UNSPECIFIED.,
  .F.,.F.,(2,2),(-0.,1.E-03),.PIECEWISE_BEZIER_KNOTS.);
#11241 = CARTESIAN_POINT('',(0.72275830625,0.318282689664,1.0510001));
#11242 = CARTESIAN_POINT('',(0.72275830625,0.318282689664,1.0500001));
#11243 = ORIENTED_EDGE('',*,*,#10941,.F.);
#11244 = B_SPLINE_SURFACE_WITH_KNOTS('',3,1,(
    (#11245,#11246)
    ,(#11247,#11248)
    ,(#11249,#11250)
    ,(#11251,#11252
    )),.UNSPECIFIED.,.F.,.F.,.F.,(4,4),(2,2),(8.,9.),(0.,1.),
  .PIECEWISE_BEZIER_KNOTS.);
#11245 = CARTESIAN_POINT('',(0.693838562839,0.335634532953,1.0510001));
#11246 = CARTESIAN_POINT('',(0.693838562839,0.335634532953,1.0500001));
#11247 = CARTESIAN_POINT('',(0.701791491587,0.326958604413,1.0510001));
#11248 = CARTESIAN_POINT('',(0.701791491587,0.326958604413,1.0500001));
#11249 = CARTESIAN_POINT('',(0.711551907747,0.321174661247,1.0510001));
#11250 = CARTESIAN_POINT('',(0.711551907747,0.321174661247,1.0500001));
#11251 = CARTESIAN_POINT('',(0.72275830625,0.318282689664,1.0510001));
#11252 = CARTESIAN_POINT('',(0.72275830625,0.318282689664,1.0500001));
#11253 = ADVANCED_FACE('',(#11254),#11264,.F.);
#11254 = FACE_BOUND('',#11255,.F.);
#11255 = EDGE_LOOP('',(#11256,#11257,#11258,#11263));
#11256 = ORIENTED_EDGE('',*,*,#11239,.F.);
#11257 = ORIENTED_EDGE('',*,*,#10505,.T.);
#11258 = ORIENTED_EDGE('',*,*,#11259,.T.);
#11259 = EDGE_CURVE('',#10506,#10924,#11260,.T.);
#11260 = B_SPLINE_CURVE_WITH_KNOTS('',1,(#11261,#11262),.UNSPECIFIED.,
  .F.,.F.,(2,2),(-0.,1.E-03),.PIECEWISE_BEZIER_KNOTS.);
#11261 = CARTESIAN_POINT('',(0.757100504999,0.293700910522,1.0510001));
#11262 = CARTESIAN_POINT('',(0.757100504999,0.293700910522,1.0500001));
#11263 = ORIENTED_EDGE('',*,*,#10932,.F.);
#11264 = B_SPLINE_SURFACE_WITH_KNOTS('',3,1,(
    (#11265,#11266)
    ,(#11267,#11268)
    ,(#11269,#11270)
    ,(#11271,#11272
    )),.UNSPECIFIED.,.F.,.F.,.F.,(4,4),(2,2),(9.,10.),(0.,1.),
  .PIECEWISE_BEZIER_KNOTS.);
#11265 = CARTESIAN_POINT('',(0.72275830625,0.318282689664,1.0510001));
#11266 = CARTESIAN_POINT('',(0.72275830625,0.318282689664,1.0500001));
#11267 = CARTESIAN_POINT('',(0.727457765244,0.303822817958,1.0510001));
#11268 = CARTESIAN_POINT('',(0.727457765244,0.303822817958,1.0500001));
#11269 = CARTESIAN_POINT('',(0.741194640607,0.293700910522,1.0510001));
#11270 = CARTESIAN_POINT('',(0.741194640607,0.293700910522,1.0500001));
#11271 = CARTESIAN_POINT('',(0.757100504999,0.293700910522,1.0510001));
#11272 = CARTESIAN_POINT('',(0.757100504999,0.293700910522,1.0500001));
#11273 = ADVANCED_FACE('',(#11274),#11284,.F.);
#11274 = FACE_BOUND('',#11275,.F.);
#11275 = EDGE_LOOP('',(#11276,#11277,#11278,#11283));
#11276 = ORIENTED_EDGE('',*,*,#11259,.F.);
#11277 = ORIENTED_EDGE('',*,*,#10514,.T.);
#11278 = ORIENTED_EDGE('',*,*,#11279,.T.);
#11279 = EDGE_CURVE('',#10515,#10915,#11280,.T.);
#11280 = B_SPLINE_CURVE_WITH_KNOTS('',1,(#11281,#11282),.UNSPECIFIED.,
  .F.,.F.,(2,2),(-0.,1.E-03),.PIECEWISE_BEZIER_KNOTS.);
#11281 = CARTESIAN_POINT('',(0.793250184263,0.329850589786,1.0510001));
#11282 = CARTESIAN_POINT('',(0.793250184263,0.329850589786,1.0500001));
#11283 = ORIENTED_EDGE('',*,*,#10923,.F.);
#11284 = B_SPLINE_SURFACE_WITH_KNOTS('',3,1,(
    (#11285,#11286)
    ,(#11287,#11288)
    ,(#11289,#11290)
    ,(#11291,#11292
    )),.UNSPECIFIED.,.F.,.F.,.F.,(4,4),(2,2),(10.,11.),(0.,1.),
  .PIECEWISE_BEZIER_KNOTS.);
#11285 = CARTESIAN_POINT('',(0.757100504999,0.293700910522,1.0510001));
#11286 = CARTESIAN_POINT('',(0.757100504999,0.293700910522,1.0500001));
#11287 = CARTESIAN_POINT('',(0.776982828594,0.293700910522,1.0510001));
#11288 = CARTESIAN_POINT('',(0.776982828594,0.293700910522,1.0500001));
#11289 = CARTESIAN_POINT('',(0.793250184263,0.309968266191,1.0510001));
#11290 = CARTESIAN_POINT('',(0.793250184263,0.309968266191,1.0500001));
#11291 = CARTESIAN_POINT('',(0.793250184263,0.329850589786,1.0510001));
#11292 = CARTESIAN_POINT('',(0.793250184263,0.329850589786,1.0500001));
#11293 = ADVANCED_FACE('',(#11294),#11304,.F.);
#11294 = FACE_BOUND('',#11295,.T.);
#11295 = EDGE_LOOP('',(#11296,#11297,#11302,#11303));
#11296 = ORIENTED_EDGE('',*,*,#10914,.T.);
#11297 = ORIENTED_EDGE('',*,*,#11298,.F.);
#11298 = EDGE_CURVE('',#10524,#10908,#11299,.T.);
#11299 = B_SPLINE_CURVE_WITH_KNOTS('',1,(#11300,#11301),.UNSPECIFIED.,
  .F.,.F.,(2,2),(-0.,1.E-03),.PIECEWISE_BEZIER_KNOTS.);
#11300 = CARTESIAN_POINT('',(0.793250184263,0.333465557713,1.0510001));
#11301 = CARTESIAN_POINT('',(0.793250184263,0.333465557713,1.0500001));
#11302 = ORIENTED_EDGE('',*,*,#10523,.F.);
#11303 = ORIENTED_EDGE('',*,*,#11279,.T.);
#11304 = B_SPLINE_SURFACE_WITH_KNOTS('',1,1,(
    (#11305,#11306)
    ,(#11307,#11308
  )),.UNSPECIFIED.,.F.,.F.,.F.,(2,2),(2,2),(-1.E-03,0.),(0.,
    3.614967926666E-03),.PIECEWISE_BEZIER_KNOTS.);
#11305 = CARTESIAN_POINT('',(0.793250184263,0.329850589786,1.0500001));
#11306 = CARTESIAN_POINT('',(0.793250184263,0.333465557713,1.0500001));
#11307 = CARTESIAN_POINT('',(0.793250184263,0.329850589786,1.0510001));
#11308 = CARTESIAN_POINT('',(0.793250184263,0.333465557713,1.0510001));
#11309 = ADVANCED_FACE('',(#11310),#11320,.F.);
#11310 = FACE_BOUND('',#11311,.T.);
#11311 = EDGE_LOOP('',(#11312,#11313,#11318,#11319));
#11312 = ORIENTED_EDGE('',*,*,#10907,.T.);
#11313 = ORIENTED_EDGE('',*,*,#11314,.F.);
#11314 = EDGE_CURVE('',#10533,#10901,#11315,.T.);
#11315 = B_SPLINE_CURVE_WITH_KNOTS('',1,(#11316,#11317),.UNSPECIFIED.,
  .F.,.F.,(2,2),(-0.,1.E-03),.PIECEWISE_BEZIER_KNOTS.);
#11316 = CARTESIAN_POINT('',(0.843859735233,0.360216318989,1.0510001));
#11317 = CARTESIAN_POINT('',(0.843859735233,0.360216318989,1.0500001));
#11318 = ORIENTED_EDGE('',*,*,#10532,.F.);
#11319 = ORIENTED_EDGE('',*,*,#11298,.T.);
#11320 = B_SPLINE_SURFACE_WITH_KNOTS('',1,1,(
    (#11321,#11322)
    ,(#11323,#11324
    )),.UNSPECIFIED.,.F.,.F.,.F.,(2,2),(2,2),(-5.724447465269E-02,0.),(
    -1.E-03,0.),.PIECEWISE_BEZIER_KNOTS.);
#11321 = CARTESIAN_POINT('',(0.843859735233,0.360216318989,1.0500001));
#11322 = CARTESIAN_POINT('',(0.843859735233,0.360216318989,1.0510001));
#11323 = CARTESIAN_POINT('',(0.793250184263,0.333465557713,1.0500001));
#11324 = CARTESIAN_POINT('',(0.793250184263,0.333465557713,1.0510001));
#11325 = ADVANCED_FACE('',(#11326),#11336,.F.);
#11326 = FACE_BOUND('',#11327,.T.);
#11327 = EDGE_LOOP('',(#11328,#11329,#11334,#11335));
#11328 = ORIENTED_EDGE('',*,*,#10900,.T.);
#11329 = ORIENTED_EDGE('',*,*,#11330,.F.);
#11330 = EDGE_CURVE('',#10540,#10894,#11331,.T.);
#11331 = B_SPLINE_CURVE_WITH_KNOTS('',1,(#11332,#11333),.UNSPECIFIED.,
  .F.,.F.,(2,2),(-0.,1.E-03),.PIECEWISE_BEZIER_KNOTS.);
#11332 = CARTESIAN_POINT('',(0.832653340177,0.379375653136,1.0510001));
#11333 = CARTESIAN_POINT('',(0.832653340177,0.379375653136,1.0500001));
#11334 = ORIENTED_EDGE('',*,*,#10539,.F.);
#11335 = ORIENTED_EDGE('',*,*,#11314,.T.);
#11336 = B_SPLINE_SURFACE_WITH_KNOTS('',1,1,(
    (#11337,#11338)
    ,(#11339,#11340
    )),.UNSPECIFIED.,.F.,.F.,.F.,(2,2),(2,2),(-2.219602160541E-02,0.),(
    -1.E-03,0.),.PIECEWISE_BEZIER_KNOTS.);
#11337 = CARTESIAN_POINT('',(0.832653340177,0.379375653136,1.0500001));
#11338 = CARTESIAN_POINT('',(0.832653340177,0.379375653136,1.0510001));
#11339 = CARTESIAN_POINT('',(0.843859735233,0.360216318989,1.0500001));
#11340 = CARTESIAN_POINT('',(0.843859735233,0.360216318989,1.0510001));
#11341 = ADVANCED_FACE('',(#11342),#11352,.F.);
#11342 = FACE_BOUND('',#11343,.T.);
#11343 = EDGE_LOOP('',(#11344,#11345,#11350,#11351));
#11344 = ORIENTED_EDGE('',*,*,#10893,.T.);
#11345 = ORIENTED_EDGE('',*,*,#11346,.F.);
#11346 = EDGE_CURVE('',#10547,#10885,#11347,.T.);
#11347 = B_SPLINE_CURVE_WITH_KNOTS('',1,(#11348,#11349),.UNSPECIFIED.,
  .F.,.F.,(2,2),(-0.,1.E-03),.PIECEWISE_BEZIER_KNOTS.);
#11348 = CARTESIAN_POINT('',(0.784212771342,0.354070877651,1.0510001));
#11349 = CARTESIAN_POINT('',(0.784212771342,0.354070877651,1.0500001));
#11350 = ORIENTED_EDGE('',*,*,#10546,.F.);
#11351 = ORIENTED_EDGE('',*,*,#11330,.T.);
#11352 = B_SPLINE_SURFACE_WITH_KNOTS('',1,1,(
    (#11353,#11354)
    ,(#11355,#11356
    )),.UNSPECIFIED.,.F.,.F.,.F.,(2,2),(2,2),(-5.465181032148E-02,0.),(
    -1.E-03,0.),.PIECEWISE_BEZIER_KNOTS.);
#11353 = CARTESIAN_POINT('',(0.784212771342,0.354070877651,1.0500001));
#11354 = CARTESIAN_POINT('',(0.784212771342,0.354070877651,1.0510001));
#11355 = CARTESIAN_POINT('',(0.832653340177,0.379375653136,1.0500001));
#11356 = CARTESIAN_POINT('',(0.832653340177,0.379375653136,1.0510001));
#11357 = ADVANCED_FACE('',(#11358),#11368,.F.);
#11358 = FACE_BOUND('',#11359,.F.);
#11359 = EDGE_LOOP('',(#11360,#11361,#11362,#11367));
#11360 = ORIENTED_EDGE('',*,*,#11346,.F.);
#11361 = ORIENTED_EDGE('',*,*,#10553,.T.);
#11362 = ORIENTED_EDGE('',*,*,#11363,.T.);
#11363 = EDGE_CURVE('',#10554,#10876,#11364,.T.);
#11364 = B_SPLINE_CURVE_WITH_KNOTS('',1,(#11365,#11366),.UNSPECIFIED.,
  .F.,.F.,(2,2),(-0.,1.E-03),.PIECEWISE_BEZIER_KNOTS.);
#11365 = CARTESIAN_POINT('',(0.757100511894,0.366361767222,1.0510001));
#11366 = CARTESIAN_POINT('',(0.757100511894,0.366361767222,1.0500001));
#11367 = ORIENTED_EDGE('',*,*,#10884,.F.);
#11368 = B_SPLINE_SURFACE_WITH_KNOTS('',3,1,(
    (#11369,#11370)
    ,(#11371,#11372)
    ,(#11373,#11374)
    ,(#11375,#11376
    )),.UNSPECIFIED.,.F.,.F.,.F.,(4,4),(2,2),(15.,16.),(0.,1.),
  .PIECEWISE_BEZIER_KNOTS.);
#11369 = CARTESIAN_POINT('',(0.784212771342,0.354070877651,1.0510001));
#11370 = CARTESIAN_POINT('',(0.784212771342,0.354070877651,1.0500001));
#11371 = CARTESIAN_POINT('',(0.777705831833,0.361662311676,1.0510001));
#11372 = CARTESIAN_POINT('',(0.777705831833,0.361662311676,1.0500001));
#11373 = CARTESIAN_POINT('',(0.767945415673,0.366361767222,1.0510001));
#11374 = CARTESIAN_POINT('',(0.767945415673,0.366361767222,1.0500001));
#11375 = CARTESIAN_POINT('',(0.757100511894,0.366361767222,1.0510001));
#11376 = CARTESIAN_POINT('',(0.757100511894,0.366361767222,1.0500001));
#11377 = ADVANCED_FACE('',(#11378),#11388,.F.);
#11378 = FACE_BOUND('',#11379,.F.);
#11379 = EDGE_LOOP('',(#11380,#11381,#11382,#11387));
#11380 = ORIENTED_EDGE('',*,*,#11363,.F.);
#11381 = ORIENTED_EDGE('',*,*,#10562,.T.);
#11382 = ORIENTED_EDGE('',*,*,#11383,.T.);
#11383 = EDGE_CURVE('',#10563,#10867,#11384,.T.);
#11384 = B_SPLINE_CURVE_WITH_KNOTS('',1,(#11385,#11386),.UNSPECIFIED.,
  .F.,.F.,(2,2),(-0.,1.E-03),.PIECEWISE_BEZIER_KNOTS.);
#11385 = CARTESIAN_POINT('',(0.723119814764,0.342502977529,1.0510001));
#11386 = CARTESIAN_POINT('',(0.723119814764,0.342502977529,1.0500001));
#11387 = ORIENTED_EDGE('',*,*,#10875,.F.);
#11388 = B_SPLINE_SURFACE_WITH_KNOTS('',3,1,(
    (#11389,#11390)
    ,(#11391,#11392)
    ,(#11393,#11394)
    ,(#11395,#11396
    )),.UNSPECIFIED.,.F.,.F.,.F.,(4,4),(2,2),(16.,17.),(0.,1.),
  .PIECEWISE_BEZIER_KNOTS.);
#11389 = CARTESIAN_POINT('',(0.757100511894,0.366361767222,1.0510001));
#11390 = CARTESIAN_POINT('',(0.757100511894,0.366361767222,1.0500001));
#11391 = CARTESIAN_POINT('',(0.741556145673,0.366361767222,1.0510001));
#11392 = CARTESIAN_POINT('',(0.741556145673,0.366361767222,1.0500001));
#11393 = CARTESIAN_POINT('',(0.728180768483,0.356239859787,1.0510001));
#11394 = CARTESIAN_POINT('',(0.728180768483,0.356239859787,1.0500001));
#11395 = CARTESIAN_POINT('',(0.723119814764,0.342502977529,1.0510001));
#11396 = CARTESIAN_POINT('',(0.723119814764,0.342502977529,1.0500001));
#11397 = ADVANCED_FACE('',(#11398),#11408,.F.);
#11398 = FACE_BOUND('',#11399,.F.);
#11399 = EDGE_LOOP('',(#11400,#11401,#11402,#11407));
#11400 = ORIENTED_EDGE('',*,*,#11383,.F.);
#11401 = ORIENTED_EDGE('',*,*,#10571,.T.);
#11402 = ORIENTED_EDGE('',*,*,#11403,.T.);
#11403 = EDGE_CURVE('',#10572,#10858,#11404,.T.);
#11404 = B_SPLINE_CURVE_WITH_KNOTS('',1,(#11405,#11406),.UNSPECIFIED.,
  .F.,.F.,(2,2),(-0.,1.E-03),.PIECEWISE_BEZIER_KNOTS.);
#11405 = CARTESIAN_POINT('',(0.701430007206,0.37576068521,1.0510001));
#11406 = CARTESIAN_POINT('',(0.701430007206,0.37576068521,1.0500001));
#11407 = ORIENTED_EDGE('',*,*,#10866,.F.);
#11408 = B_SPLINE_SURFACE_WITH_KNOTS('',3,1,(
    (#11409,#11410)
    ,(#11411,#11412)
    ,(#11413,#11414)
    ,(#11415,#11416
    )),.UNSPECIFIED.,.F.,.F.,.F.,(4,4),(2,2),(17.,18.),(0.,1.),
  .PIECEWISE_BEZIER_KNOTS.);
#11409 = CARTESIAN_POINT('',(0.723119814764,0.342502977529,1.0510001));
#11410 = CARTESIAN_POINT('',(0.723119814764,0.342502977529,1.0500001));
#11411 = CARTESIAN_POINT('',(0.710467427022,0.34828692759,1.0510001));
#11412 = CARTESIAN_POINT('',(0.710467427022,0.34828692759,1.0500001));
#11413 = CARTESIAN_POINT('',(0.701430007206,0.360939315333,1.0510001));
#11414 = CARTESIAN_POINT('',(0.701430007206,0.360939315333,1.0500001));
#11415 = CARTESIAN_POINT('',(0.701430007206,0.37576068521,1.0510001));
#11416 = CARTESIAN_POINT('',(0.701430007206,0.37576068521,1.0500001));
#11417 = ADVANCED_FACE('',(#11418),#11428,.F.);
#11418 = FACE_BOUND('',#11419,.F.);
#11419 = EDGE_LOOP('',(#11420,#11421,#11422,#11427));
#11420 = ORIENTED_EDGE('',*,*,#11403,.F.);
#11421 = ORIENTED_EDGE('',*,*,#10580,.T.);
#11422 = ORIENTED_EDGE('',*,*,#11423,.T.);
#11423 = EDGE_CURVE('',#10581,#10849,#11424,.T.);
#11424 = B_SPLINE_CURVE_WITH_KNOTS('',1,(#11425,#11426),.UNSPECIFIED.,
  .F.,.F.,(2,2),(-0.,1.E-03),.PIECEWISE_BEZIER_KNOTS.);
#11425 = CARTESIAN_POINT('',(0.73757968647,0.411910364474,1.0510001));
#11426 = CARTESIAN_POINT('',(0.73757968647,0.411910364474,1.0500001));
#11427 = ORIENTED_EDGE('',*,*,#10857,.F.);
#11428 = B_SPLINE_SURFACE_WITH_KNOTS('',3,1,(
    (#11429,#11430)
    ,(#11431,#11432)
    ,(#11433,#11434)
    ,(#11435,#11436
    )),.UNSPECIFIED.,.F.,.F.,.F.,(4,4),(2,2),(18.,19.),(0.,1.),
  .PIECEWISE_BEZIER_KNOTS.);
#11429 = CARTESIAN_POINT('',(0.701430007206,0.37576068521,1.0510001));
#11430 = CARTESIAN_POINT('',(0.701430007206,0.37576068521,1.0500001));
#11431 = CARTESIAN_POINT('',(0.701430007206,0.395643008805,1.0510001));
#11432 = CARTESIAN_POINT('',(0.701430007206,0.395643008805,1.0500001));
#11433 = CARTESIAN_POINT('',(0.717697362875,0.411910364474,1.0510001));
#11434 = CARTESIAN_POINT('',(0.717697362875,0.411910364474,1.0500001));
#11435 = CARTESIAN_POINT('',(0.73757968647,0.411910364474,1.0510001));
#11436 = CARTESIAN_POINT('',(0.73757968647,0.411910364474,1.0500001));
#11437 = ADVANCED_FACE('',(#11438),#11448,.F.);
#11438 = FACE_BOUND('',#11439,.F.);
#11439 = EDGE_LOOP('',(#11440,#11441,#11442,#11447));
#11440 = ORIENTED_EDGE('',*,*,#11423,.F.);
#11441 = ORIENTED_EDGE('',*,*,#10589,.T.);
#11442 = ORIENTED_EDGE('',*,*,#11443,.T.);
#11443 = EDGE_CURVE('',#10590,#10840,#11444,.T.);
#11444 = B_SPLINE_CURVE_WITH_KNOTS('',1,(#11445,#11446),.UNSPECIFIED.,
  .F.,.F.,(2,2),(-0.,1.E-03),.PIECEWISE_BEZIER_KNOTS.);
#11445 = CARTESIAN_POINT('',(0.756739013722,0.406487912584,1.0510001));
#11446 = CARTESIAN_POINT('',(0.756739013722,0.406487912584,1.0500001));
#11447 = ORIENTED_EDGE('',*,*,#10848,.F.);
#11448 = B_SPLINE_SURFACE_WITH_KNOTS('',3,1,(
    (#11449,#11450)
    ,(#11451,#11452)
    ,(#11453,#11454)
    ,(#11455,#11456
    )),.UNSPECIFIED.,.F.,.F.,.F.,(4,4),(2,2),(19.,20.),(0.,1.),
  .PIECEWISE_BEZIER_KNOTS.);
#11449 = CARTESIAN_POINT('',(0.73757968647,0.411910364474,1.0510001));
#11450 = CARTESIAN_POINT('',(0.73757968647,0.411910364474,1.0500001));
#11451 = CARTESIAN_POINT('',(0.744448124152,0.411910364474,1.0510001));
#11452 = CARTESIAN_POINT('',(0.744448124152,0.411910364474,1.0500001));
#11453 = CARTESIAN_POINT('',(0.751316561833,0.40974138234,1.0510001));
#11454 = CARTESIAN_POINT('',(0.751316561833,0.40974138234,1.0500001));
#11455 = CARTESIAN_POINT('',(0.756739013722,0.406487912584,1.0510001));
#11456 = CARTESIAN_POINT('',(0.756739013722,0.406487912584,1.0500001));
#11457 = ADVANCED_FACE('',(#11458),#11468,.F.);
#11458 = FACE_BOUND('',#11459,.F.);
#11459 = EDGE_LOOP('',(#11460,#11461,#11462,#11467));
#11460 = ORIENTED_EDGE('',*,*,#11443,.F.);
#11461 = ORIENTED_EDGE('',*,*,#10598,.T.);
#11462 = ORIENTED_EDGE('',*,*,#11463,.T.);
#11463 = EDGE_CURVE('',#10599,#10831,#11464,.T.);
#11464 = B_SPLINE_CURVE_WITH_KNOTS('',1,(#11465,#11466),.UNSPECIFIED.,
  .F.,.F.,(2,2),(-0.,1.E-03),.PIECEWISE_BEZIER_KNOTS.);
#11465 = CARTESIAN_POINT('',(0.805179575663,0.441191585372,1.0510001));
#11466 = CARTESIAN_POINT('',(0.805179575663,0.441191585372,1.0500001));
#11467 = ORIENTED_EDGE('',*,*,#10839,.F.);
#11468 = B_SPLINE_SURFACE_WITH_KNOTS('',3,1,(
    (#11469,#11470)
    ,(#11471,#11472)
    ,(#11473,#11474)
    ,(#11475,#11476
    )),.UNSPECIFIED.,.F.,.F.,.F.,(4,4),(2,2),(20.,21.),(0.,1.),
  .PIECEWISE_BEZIER_KNOTS.);
#11469 = CARTESIAN_POINT('',(0.756739013722,0.406487912584,1.0510001));
#11470 = CARTESIAN_POINT('',(0.756739013722,0.406487912584,1.0500001));
#11471 = CARTESIAN_POINT('',(0.763607444509,0.426731713667,1.0510001));
#11472 = CARTESIAN_POINT('',(0.763607444509,0.426731713667,1.0500001));
#11473 = CARTESIAN_POINT('',(0.782405280484,0.441191585372,1.0510001));
#11474 = CARTESIAN_POINT('',(0.782405280484,0.441191585372,1.0500001));
#11475 = CARTESIAN_POINT('',(0.805179575663,0.441191585372,1.0510001));
#11476 = CARTESIAN_POINT('',(0.805179575663,0.441191585372,1.0500001));
#11477 = ADVANCED_FACE('',(#11478),#11488,.F.);
#11478 = FACE_BOUND('',#11479,.F.);
#11479 = EDGE_LOOP('',(#11480,#11481,#11482,#11487));
#11480 = ORIENTED_EDGE('',*,*,#11463,.F.);
#11481 = ORIENTED_EDGE('',*,*,#10607,.T.);
#11482 = ORIENTED_EDGE('',*,*,#11483,.T.);
#11483 = EDGE_CURVE('',#10608,#10822,#11484,.T.);
#11484 = B_SPLINE_CURVE_WITH_KNOTS('',1,(#11485,#11486),.UNSPECIFIED.,
  .F.,.F.,(2,2),(-0.,1.E-03),.PIECEWISE_BEZIER_KNOTS.);
#11485 = CARTESIAN_POINT('',(0.855789126633,0.396004486292,1.0510001));
#11486 = CARTESIAN_POINT('',(0.855789126633,0.396004486292,1.0500001));
#11487 = ORIENTED_EDGE('',*,*,#10830,.F.);
#11488 = B_SPLINE_SURFACE_WITH_KNOTS('',3,1,(
    (#11489,#11490)
    ,(#11491,#11492)
    ,(#11493,#11494)
    ,(#11495,#11496
    )),.UNSPECIFIED.,.F.,.F.,.F.,(4,4),(2,2),(21.,22.),(0.,1.),
  .PIECEWISE_BEZIER_KNOTS.);
#11489 = CARTESIAN_POINT('',(0.805179575663,0.441191585372,1.0510001));
#11490 = CARTESIAN_POINT('',(0.805179575663,0.441191585372,1.0500001));
#11491 = CARTESIAN_POINT('',(0.831207347491,0.441191585372,1.0510001));
#11492 = CARTESIAN_POINT('',(0.831207347491,0.441191585372,1.0500001));
#11493 = CARTESIAN_POINT('',(0.852897155049,0.421309261777,1.0510001));
#11494 = CARTESIAN_POINT('',(0.852897155049,0.421309261777,1.0500001));
#11495 = CARTESIAN_POINT('',(0.855789126633,0.396004486292,1.0510001));
#11496 = CARTESIAN_POINT('',(0.855789126633,0.396004486292,1.0500001));
#11497 = ADVANCED_FACE('',(#11498),#11508,.F.);
#11498 = FACE_BOUND('',#11499,.T.);
#11499 = EDGE_LOOP('',(#11500,#11501,#11506,#11507));
#11500 = ORIENTED_EDGE('',*,*,#10821,.T.);
#11501 = ORIENTED_EDGE('',*,*,#11502,.F.);
#11502 = EDGE_CURVE('',#10617,#10813,#11503,.T.);
#11503 = B_SPLINE_CURVE_WITH_KNOTS('',1,(#11504,#11505),.UNSPECIFIED.,
  .F.,.F.,(2,2),(-0.,1.E-03),.PIECEWISE_BEZIER_KNOTS.);
#11504 = CARTESIAN_POINT('',(0.858681098216,0.396004486292,1.0510001));
#11505 = CARTESIAN_POINT('',(0.858681098216,0.396004486292,1.0500001));
#11506 = ORIENTED_EDGE('',*,*,#10616,.F.);
#11507 = ORIENTED_EDGE('',*,*,#11483,.T.);
#11508 = B_SPLINE_SURFACE_WITH_KNOTS('',1,1,(
    (#11509,#11510)
    ,(#11511,#11512
  )),.UNSPECIFIED.,.F.,.F.,.F.,(2,2),(2,2),(-1.E-03,0.),(0.,
    2.891971583193E-03),.PIECEWISE_BEZIER_KNOTS.);
#11509 = CARTESIAN_POINT('',(0.855789126633,0.396004486292,1.0500001));
#11510 = CARTESIAN_POINT('',(0.858681098216,0.396004486292,1.0500001));
#11511 = CARTESIAN_POINT('',(0.855789126633,0.396004486292,1.0510001));
#11512 = CARTESIAN_POINT('',(0.858681098216,0.396004486292,1.0510001));
#11513 = ADVANCED_FACE('',(#11514),#11524,.F.);
#11514 = FACE_BOUND('',#11515,.F.);
#11515 = EDGE_LOOP('',(#11516,#11517,#11518,#11523));
#11516 = ORIENTED_EDGE('',*,*,#11502,.F.);
#11517 = ORIENTED_EDGE('',*,*,#10625,.T.);
#11518 = ORIENTED_EDGE('',*,*,#11519,.T.);
#11519 = EDGE_CURVE('',#10626,#10804,#11520,.T.);
#11520 = B_SPLINE_CURVE_WITH_KNOTS('',1,(#11521,#11522),.UNSPECIFIED.,
  .F.,.F.,(2,2),(-0.,1.E-03),.PIECEWISE_BEZIER_KNOTS.);
#11521 = CARTESIAN_POINT('',(0.886877845284,0.367807739224,1.0510001));
#11522 = CARTESIAN_POINT('',(0.886877845284,0.367807739224,1.0500001));
#11523 = ORIENTED_EDGE('',*,*,#10812,.F.);
#11524 = B_SPLINE_SURFACE_WITH_KNOTS('',3,1,(
    (#11525,#11526)
    ,(#11527,#11528)
    ,(#11529,#11530)
    ,(#11531,#11532
    )),.UNSPECIFIED.,.F.,.F.,.F.,(4,4),(2,2),(23.,24.),(0.,1.),
  .PIECEWISE_BEZIER_KNOTS.);
#11525 = CARTESIAN_POINT('',(0.858681098216,0.396004486292,1.0510001));
#11526 = CARTESIAN_POINT('',(0.858681098216,0.396004486292,1.0500001));
#11527 = CARTESIAN_POINT('',(0.874225457541,0.396004486292,1.0510001));
#11528 = CARTESIAN_POINT('',(0.874225457541,0.396004486292,1.0500001));
#11529 = CARTESIAN_POINT('',(0.886877845284,0.38335209855,1.0510001));
#11530 = CARTESIAN_POINT('',(0.886877845284,0.38335209855,1.0500001));
#11531 = CARTESIAN_POINT('',(0.886877845284,0.367807739224,1.0510001));
#11532 = CARTESIAN_POINT('',(0.886877845284,0.367807739224,1.0500001));
#11533 = ADVANCED_FACE('',(#11534),#11544,.F.);
#11534 = FACE_BOUND('',#11535,.F.);
#11535 = EDGE_LOOP('',(#11536,#11537,#11538,#11543));
#11536 = ORIENTED_EDGE('',*,*,#11519,.F.);
#11537 = ORIENTED_EDGE('',*,*,#10634,.T.);
#11538 = ORIENTED_EDGE('',*,*,#11539,.T.);
#11539 = EDGE_CURVE('',#10635,#10797,#11540,.T.);
#11540 = B_SPLINE_CURVE_WITH_KNOTS('',1,(#11541,#11542),.UNSPECIFIED.,
  .F.,.F.,(2,2),(-0.,1.E-03),.PIECEWISE_BEZIER_KNOTS.);
#11541 = CARTESIAN_POINT('',(0.860850073456,0.339610992156,1.0510001));
#11542 = CARTESIAN_POINT('',(0.860850073456,0.339610992156,1.0500001));
#11543 = ORIENTED_EDGE('',*,*,#10803,.F.);
#11544 = B_SPLINE_SURFACE_WITH_KNOTS('',3,1,(
    (#11545,#11546)
    ,(#11547,#11548)
    ,(#11549,#11550)
    ,(#11551,#11552
    )),.UNSPECIFIED.,.F.,.F.,.F.,(4,4),(2,2),(24.,25.),(0.,1.),
  .PIECEWISE_BEZIER_KNOTS.);
#11545 = CARTESIAN_POINT('',(0.886877845284,0.367807739224,1.0510001));
#11546 = CARTESIAN_POINT('',(0.886877845284,0.367807739224,1.0500001));
#11547 = CARTESIAN_POINT('',(0.886877845284,0.352986369346,1.0510001));
#11548 = CARTESIAN_POINT('',(0.886877845284,0.352986369346,1.0500001));
#11549 = CARTESIAN_POINT('',(0.875671450228,0.340695479776,1.0510001));
#11550 = CARTESIAN_POINT('',(0.875671450228,0.340695479776,1.0500001));
#11551 = CARTESIAN_POINT('',(0.860850073456,0.339610992156,1.0510001));
#11552 = CARTESIAN_POINT('',(0.860850073456,0.339610992156,1.0500001));
#11553 = ADVANCED_FACE('',(#11554),#11564,.F.);
#11554 = FACE_BOUND('',#11555,.T.);
#11555 = EDGE_LOOP('',(#11556,#11557,#11562,#11563));
#11556 = ORIENTED_EDGE('',*,*,#10796,.T.);
#11557 = ORIENTED_EDGE('',*,*,#11558,.F.);
#11558 = EDGE_CURVE('',#10644,#10788,#11559,.T.);
#11559 = B_SPLINE_CURVE_WITH_KNOTS('',1,(#11560,#11561),.UNSPECIFIED.,
  .F.,.F.,(2,2),(-0.,1.E-03),.PIECEWISE_BEZIER_KNOTS.);
#11560 = CARTESIAN_POINT('',(0.844582717787,0.339610992156,1.0510001));
#11561 = CARTESIAN_POINT('',(0.844582717787,0.339610992156,1.0500001));
#11562 = ORIENTED_EDGE('',*,*,#10643,.F.);
#11563 = ORIENTED_EDGE('',*,*,#11539,.T.);
#11564 = B_SPLINE_SURFACE_WITH_KNOTS('',1,1,(
    (#11565,#11566)
    ,(#11567,#11568
  )),.UNSPECIFIED.,.F.,.F.,.F.,(2,2),(2,2),(-0.,1.E-03),(
    -1.626735566896E-02,0.),.PIECEWISE_BEZIER_KNOTS.);
#11565 = CARTESIAN_POINT('',(0.844582717787,0.339610992156,1.0510001));
#11566 = CARTESIAN_POINT('',(0.860850073456,0.339610992156,1.0510001));
#11567 = CARTESIAN_POINT('',(0.844582717787,0.339610992156,1.0500001));
#11568 = CARTESIAN_POINT('',(0.860850073456,0.339610992156,1.0500001));
#11569 = ADVANCED_FACE('',(#11570),#11580,.F.);
#11570 = FACE_BOUND('',#11571,.F.);
#11571 = EDGE_LOOP('',(#11572,#11573,#11574,#11579));
#11572 = ORIENTED_EDGE('',*,*,#11558,.F.);
#11573 = ORIENTED_EDGE('',*,*,#10650,.T.);
#11574 = ORIENTED_EDGE('',*,*,#11575,.T.);
#11575 = EDGE_CURVE('',#10651,#10779,#11576,.T.);
#11576 = B_SPLINE_CURVE_WITH_KNOTS('',1,(#11577,#11578),.UNSPECIFIED.,
  .F.,.F.,(2,2),(-0.,1.E-03),.PIECEWISE_BEZIER_KNOTS.);
#11577 = CARTESIAN_POINT('',(0.842413742547,0.339972483432,1.0510001));
#11578 = CARTESIAN_POINT('',(0.842413742547,0.339972483432,1.0500001));
#11579 = ORIENTED_EDGE('',*,*,#10787,.F.);
#11580 = B_SPLINE_SURFACE_WITH_KNOTS('',3,1,(
    (#11581,#11582)
    ,(#11583,#11584)
    ,(#11585,#11586)
    ,(#11587,#11588
    )),.UNSPECIFIED.,.F.,.F.,.F.,(4,4),(2,2),(26.,27.),(0.,1.),
  .PIECEWISE_BEZIER_KNOTS.);
#11581 = CARTESIAN_POINT('',(0.844582717787,0.339610992156,1.0510001));
#11582 = CARTESIAN_POINT('',(0.844582717787,0.339610992156,1.0500001));
#11583 = CARTESIAN_POINT('',(0.843859721443,0.339610992156,1.0510001));
#11584 = CARTESIAN_POINT('',(0.843859721443,0.339610992156,1.0500001));
#11585 = CARTESIAN_POINT('',(0.8431367251,0.339972483432,1.0510001));
#11586 = CARTESIAN_POINT('',(0.8431367251,0.339972483432,1.0500001));
#11587 = CARTESIAN_POINT('',(0.842413742547,0.339972483432,1.0510001));
#11588 = CARTESIAN_POINT('',(0.842413742547,0.339972483432,1.0500001));
#11589 = ADVANCED_FACE('',(#11590),#11600,.F.);
#11590 = FACE_BOUND('',#11591,.F.);
#11591 = EDGE_LOOP('',(#11592,#11593,#11594,#11599));
#11592 = ORIENTED_EDGE('',*,*,#11575,.F.);
#11593 = ORIENTED_EDGE('',*,*,#10659,.T.);
#11594 = ORIENTED_EDGE('',*,*,#11595,.T.);
#11595 = EDGE_CURVE('',#10660,#10770,#11596,.T.);
#11596 = B_SPLINE_CURVE_WITH_KNOTS('',1,(#11597,#11598),.UNSPECIFIED.,
  .F.,.F.,(2,2),(-0.,1.E-03),.PIECEWISE_BEZIER_KNOTS.);
#11597 = CARTESIAN_POINT('',(0.831207347491,0.328766088376,1.0510001));
#11598 = CARTESIAN_POINT('',(0.831207347491,0.328766088376,1.0500001));
#11599 = ORIENTED_EDGE('',*,*,#10778,.F.);
#11600 = B_SPLINE_SURFACE_WITH_KNOTS('',3,1,(
    (#11601,#11602)
    ,(#11603,#11604)
    ,(#11605,#11606)
    ,(#11607,#11608
    )),.UNSPECIFIED.,.F.,.F.,.F.,(4,4),(2,2),(27.,28.),(0.,1.),
  .PIECEWISE_BEZIER_KNOTS.);
#11601 = CARTESIAN_POINT('',(0.842413742547,0.339972483432,1.0510001));
#11602 = CARTESIAN_POINT('',(0.842413742547,0.339972483432,1.0500001));
#11603 = CARTESIAN_POINT('',(0.836268294314,0.339972483432,1.0510001));
#11604 = CARTESIAN_POINT('',(0.836268294314,0.339972483432,1.0500001));
#11605 = CARTESIAN_POINT('',(0.831207347491,0.334911522819,1.0510001));
#11606 = CARTESIAN_POINT('',(0.831207347491,0.334911522819,1.0500001));
#11607 = CARTESIAN_POINT('',(0.831207347491,0.328766088376,1.0510001));
#11608 = CARTESIAN_POINT('',(0.831207347491,0.328766088376,1.0500001));
#11609 = ADVANCED_FACE('',(#11610),#11620,.F.);
#11610 = FACE_BOUND('',#11611,.F.);
#11611 = EDGE_LOOP('',(#11612,#11613,#11614,#11619));
#11612 = ORIENTED_EDGE('',*,*,#11595,.F.);
#11613 = ORIENTED_EDGE('',*,*,#10668,.T.);
#11614 = ORIENTED_EDGE('',*,*,#11615,.T.);
#11615 = EDGE_CURVE('',#10669,#10763,#11616,.T.);
#11616 = B_SPLINE_CURVE_WITH_KNOTS('',1,(#11617,#11618),.UNSPECIFIED.,
  .F.,.F.,(2,2),(-0.,1.E-03),.PIECEWISE_BEZIER_KNOTS.);
#11617 = CARTESIAN_POINT('',(0.841690759994,0.31755969332,1.0510001));
#11618 = CARTESIAN_POINT('',(0.841690759994,0.31755969332,1.0500001));
#11619 = ORIENTED_EDGE('',*,*,#10769,.F.);
#11620 = B_SPLINE_SURFACE_WITH_KNOTS('',3,1,(
    (#11621,#11622)
    ,(#11623,#11624)
    ,(#11625,#11626)
    ,(#11627,#11628
    )),.UNSPECIFIED.,.F.,.F.,.F.,(4,4),(2,2),(28.,29.),(0.,1.),
  .PIECEWISE_BEZIER_KNOTS.);
#11621 = CARTESIAN_POINT('',(0.831207347491,0.328766088376,1.0510001));
#11622 = CARTESIAN_POINT('',(0.831207347491,0.328766088376,1.0500001));
#11623 = CARTESIAN_POINT('',(0.831207347491,0.32298214521,1.0510001));
#11624 = CARTESIAN_POINT('',(0.831207347491,0.32298214521,1.0500001));
#11625 = CARTESIAN_POINT('',(0.835906803037,0.317921184597,1.0510001));
#11626 = CARTESIAN_POINT('',(0.835906803037,0.317921184597,1.0500001));
#11627 = CARTESIAN_POINT('',(0.841690759994,0.31755969332,1.0510001));
#11628 = CARTESIAN_POINT('',(0.841690759994,0.31755969332,1.0500001));
#11629 = ADVANCED_FACE('',(#11630),#11640,.F.);
#11630 = FACE_BOUND('',#11631,.T.);
#11631 = EDGE_LOOP('',(#11632,#11633,#11638,#11639));
#11632 = ORIENTED_EDGE('',*,*,#10762,.T.);
#11633 = ORIENTED_EDGE('',*,*,#11634,.F.);
#11634 = EDGE_CURVE('',#10678,#10754,#11635,.T.);
#11635 = B_SPLINE_CURVE_WITH_KNOTS('',1,(#11636,#11637),.UNSPECIFIED.,
  .F.,.F.,(2,2),(-0.,1.E-03),.PIECEWISE_BEZIER_KNOTS.);
#11636 = CARTESIAN_POINT('',(0.863019062486,0.31755969332,1.0510001));
#11637 = CARTESIAN_POINT('',(0.863019062486,0.31755969332,1.0500001));
#11638 = ORIENTED_EDGE('',*,*,#10677,.F.);
#11639 = ORIENTED_EDGE('',*,*,#11615,.T.);
#11640 = B_SPLINE_SURFACE_WITH_KNOTS('',1,1,(
    (#11641,#11642)
    ,(#11643,#11644
  )),.UNSPECIFIED.,.F.,.F.,.F.,(2,2),(2,2),(-1.E-03,0.),(
    -2.024381487201E-02,1.084487620032E-03),.PIECEWISE_BEZIER_KNOTS.);
#11641 = CARTESIAN_POINT('',(0.841690759994,0.31755969332,1.0500001));
#11642 = CARTESIAN_POINT('',(0.863019062486,0.31755969332,1.0500001));
#11643 = CARTESIAN_POINT('',(0.841690759994,0.31755969332,1.0510001));
#11644 = CARTESIAN_POINT('',(0.863019062486,0.31755969332,1.0510001));
#11645 = ADVANCED_FACE('',(#11646),#11656,.F.);
#11646 = FACE_BOUND('',#11647,.F.);
#11647 = EDGE_LOOP('',(#11648,#11649,#11650,#11655));
#11648 = ORIENTED_EDGE('',*,*,#11634,.F.);
#11649 = ORIENTED_EDGE('',*,*,#10684,.T.);
#11650 = ORIENTED_EDGE('',*,*,#11651,.T.);
#11651 = EDGE_CURVE('',#10685,#10745,#11652,.T.);
#11652 = B_SPLINE_CURVE_WITH_KNOTS('',1,(#11653,#11654),.UNSPECIFIED.,
  .F.,.F.,(2,2),(-0.,1.E-03),.PIECEWISE_BEZIER_KNOTS.);
#11653 = CARTESIAN_POINT('',(0.8959152651,0.333827048989,1.0510001));
#11654 = CARTESIAN_POINT('',(0.8959152651,0.333827048989,1.0500001));
#11655 = ORIENTED_EDGE('',*,*,#10753,.F.);
#11656 = B_SPLINE_SURFACE_WITH_KNOTS('',3,1,(
    (#11657,#11658)
    ,(#11659,#11660)
    ,(#11661,#11662)
    ,(#11663,#11664
    )),.UNSPECIFIED.,.F.,.F.,.F.,(4,4),(2,2),(33.,34.),(0.,1.),
  .PIECEWISE_BEZIER_KNOTS.);
#11657 = CARTESIAN_POINT('',(0.863019062486,0.31755969332,1.0510001));
#11658 = CARTESIAN_POINT('',(0.863019062486,0.31755969332,1.0500001));
#11659 = CARTESIAN_POINT('',(0.875671450228,0.31864418094,1.0510001));
#11660 = CARTESIAN_POINT('',(0.875671450228,0.31864418094,1.0500001));
#11661 = CARTESIAN_POINT('',(0.887239350351,0.324428137897,1.0510001));
#11662 = CARTESIAN_POINT('',(0.887239350351,0.324428137897,1.0500001));
#11663 = CARTESIAN_POINT('',(0.8959152651,0.333827048989,1.0510001));
#11664 = CARTESIAN_POINT('',(0.8959152651,0.333827048989,1.0500001));
#11665 = ADVANCED_FACE('',(#11666),#11672,.F.);
#11666 = FACE_BOUND('',#11667,.F.);
#11667 = EDGE_LOOP('',(#11668,#11669,#11670,#11671));
#11668 = ORIENTED_EDGE('',*,*,#11651,.F.);
#11669 = ORIENTED_EDGE('',*,*,#10693,.T.);
#11670 = ORIENTED_EDGE('',*,*,#11053,.T.);
#11671 = ORIENTED_EDGE('',*,*,#10744,.F.);
#11672 = B_SPLINE_SURFACE_WITH_KNOTS('',3,1,(
    (#11673,#11674)
    ,(#11675,#11676)
    ,(#11677,#11678)
    ,(#11679,#11680
    )),.UNSPECIFIED.,.F.,.F.,.F.,(4,4),(2,2),(34.,35.),(0.,1.),
  .PIECEWISE_BEZIER_KNOTS.);
#11673 = CARTESIAN_POINT('',(0.8959152651,0.333827048989,1.0510001));
#11674 = CARTESIAN_POINT('',(0.8959152651,0.333827048989,1.0500001));
#11675 = CARTESIAN_POINT('',(0.904591193639,0.343225960082,1.0510001));
#11676 = CARTESIAN_POINT('',(0.904591193639,0.343225960082,1.0500001));
#11677 = CARTESIAN_POINT('',(0.909290649186,0.355516856548,1.0510001));
#11678 = CARTESIAN_POINT('',(0.909290649186,0.355516856548,1.0500001));
#11679 = CARTESIAN_POINT('',(0.909290649186,0.36816924429,1.0510001));
#11680 = CARTESIAN_POINT('',(0.909290649186,0.36816924429,1.0500001));
#11681 = ADVANCED_FACE('',(#11682),#11696,.T.);
#11682 = FACE_BOUND('',#11683,.T.);
#11683 = EDGE_LOOP('',(#11684,#11685,#11690,#11691));
#11684 = ORIENTED_EDGE('',*,*,#11035,.F.);
#11685 = ORIENTED_EDGE('',*,*,#11686,.F.);
#11686 = EDGE_CURVE('',#10703,#11025,#11687,.T.);
#11687 = B_SPLINE_CURVE_WITH_KNOTS('',1,(#11688,#11689),.UNSPECIFIED.,
  .F.,.F.,(2,2),(-0.,1.E-03),.PIECEWISE_BEZIER_KNOTS.);
#11688 = CARTESIAN_POINT('',(0.756739006827,0.315390690501,1.0510001));
#11689 = CARTESIAN_POINT('',(0.756739006827,0.315390690501,1.0500001));
#11690 = ORIENTED_EDGE('',*,*,#10702,.T.);
#11691 = ORIENTED_EDGE('',*,*,#11692,.T.);
#11692 = EDGE_CURVE('',#10705,#11023,#11693,.T.);
#11693 = B_SPLINE_CURVE_WITH_KNOTS('',1,(#11694,#11695),.UNSPECIFIED.,
  .F.,.F.,(2,2),(-0.,1.E-03),.PIECEWISE_BEZIER_KNOTS.);
#11694 = CARTESIAN_POINT('',(0.756739006827,0.343587451359,1.0510001));
#11695 = CARTESIAN_POINT('',(0.756739006827,0.343587451359,1.0500001));
#11696 = B_SPLINE_SURFACE_WITH_KNOTS('',3,1,(
    (#11697,#11698)
    ,(#11699,#11700)
    ,(#11701,#11702)
    ,(#11703,#11704)
    ,(#11705,#11706)
    ,(#11707,#11708)
    ,(#11709,#11710
  )),.UNSPECIFIED.,.F.,.F.,.F.,(4,3,4),(2,2),(0.,1.,2.),(0.,1.),
  .PIECEWISE_BEZIER_KNOTS.);
#11697 = CARTESIAN_POINT('',(0.756739006827,0.315390690501,1.0510001));
#11698 = CARTESIAN_POINT('',(0.756739006827,0.315390690501,1.0500001));
#11699 = CARTESIAN_POINT('',(0.764691932128,0.315390690501,1.0510001));
#11700 = CARTESIAN_POINT('',(0.764691932128,0.315390690501,1.0500001));
#11701 = CARTESIAN_POINT('',(0.770837380361,0.3218976438,1.0510001));
#11702 = CARTESIAN_POINT('',(0.770837380361,0.3218976438,1.0500001));
#11703 = CARTESIAN_POINT('',(0.770837380361,0.32948907093,1.0510001));
#11704 = CARTESIAN_POINT('',(0.770837380361,0.32948907093,1.0500001));
#11705 = CARTESIAN_POINT('',(0.770837380361,0.337442003126,1.0510001));
#11706 = CARTESIAN_POINT('',(0.770837380361,0.337442003126,1.0500001));
#11707 = CARTESIAN_POINT('',(0.764330440852,0.343587451359,1.0510001));
#11708 = CARTESIAN_POINT('',(0.764330440852,0.343587451359,1.0500001));
#11709 = CARTESIAN_POINT('',(0.756739006827,0.343587451359,1.0510001));
#11710 = CARTESIAN_POINT('',(0.756739006827,0.343587451359,1.0500001));
#11711 = ADVANCED_FACE('',(#11712),#11718,.T.);
#11712 = FACE_BOUND('',#11713,.T.);
#11713 = EDGE_LOOP('',(#11714,#11715,#11716,#11717));
#11714 = ORIENTED_EDGE('',*,*,#11022,.F.);
#11715 = ORIENTED_EDGE('',*,*,#11692,.F.);
#11716 = ORIENTED_EDGE('',*,*,#10716,.T.);
#11717 = ORIENTED_EDGE('',*,*,#11686,.T.);
#11718 = B_SPLINE_SURFACE_WITH_KNOTS('',3,1,(
    (#11719,#11720)
    ,(#11721,#11722)
    ,(#11723,#11724)
    ,(#11725,#11726)
    ,(#11727,#11728)
    ,(#11729,#11730
  )),.UNSPECIFIED.,.F.,.F.,.F.,(4,2,4),(2,2),(2.,3.,4.),(0.,1.),
  .UNSPECIFIED.);
#11719 = CARTESIAN_POINT('',(0.756739006827,0.343587451359,1.0510001));
#11720 = CARTESIAN_POINT('',(0.756739006827,0.343587451359,1.0500001));
#11721 = CARTESIAN_POINT('',(0.749147572803,0.343587451359,1.0510001));
#11722 = CARTESIAN_POINT('',(0.749147572803,0.343587451359,1.0500001));
#11723 = CARTESIAN_POINT('',(0.742640633293,0.337442003126,1.0510001));
#11724 = CARTESIAN_POINT('',(0.742640633293,0.337442003126,1.0500001));
#11725 = CARTESIAN_POINT('',(0.742640633293,0.321536138733,1.0510001));
#11726 = CARTESIAN_POINT('',(0.742640633293,0.321536138733,1.0500001));
#11727 = CARTESIAN_POINT('',(0.749147572803,0.315390690501,1.0510001));
#11728 = CARTESIAN_POINT('',(0.749147572803,0.315390690501,1.0500001));
#11729 = CARTESIAN_POINT('',(0.756739006827,0.315390690501,1.0510001));
#11730 = CARTESIAN_POINT('',(0.756739006827,0.315390690501,1.0500001));
#11731 = ( GEOMETRIC_REPRESENTATION_CONTEXT(3) 
GLOBAL_UNCERTAINTY_ASSIGNED_CONTEXT((#11735)) 
GLOBAL_UNIT_ASSIGNED_CONTEXT((#11732,#11733,#11734)) 
REPRESENTATION_CONTEXT('Context #1',
  '3D Context with UNIT and UNCERTAINTY') );
#11732 = ( LENGTH_UNIT() NAMED_UNIT(*) SI_UNIT(.MILLI.,.METRE.) );
#11733 = ( NAMED_UNIT(*) PLANE_ANGLE_UNIT() SI_UNIT($,.RADIAN.) );
#11734 = ( NAMED_UNIT(*) SI_UNIT($,.STERADIAN.) SOLID_ANGLE_UNIT() );
#11735 = UNCERTAINTY_MEASURE_WITH_UNIT(LENGTH_MEASURE(5.E-04),#11732,
  'distance_accuracy_value','confusion accuracy');
#11736 = PRODUCT_RELATED_PRODUCT_CATEGORY('part',$,(#7));
#11737 = MECHANICAL_DESIGN_GEOMETRIC_PRESENTATION_REPRESENTATION('',(
    #11738,#11746,#11754,#11762,#11769,#11776,#11783,#11790,#11797,
    #11804,#11811,#11818,#11825,#11833,#11840,#11847,#11854,#11861,
    #11868,#11875,#11882,#11889,#11896,#11903,#11910,#11917,#11924,
    #11931,#11938,#11945,#11952,#11959,#11966,#11973,#11980,#11987,
    #11994,#12001,#12008,#12015,#12022,#12029,#12036,#12043,#12050,
    #12057,#12064,#12071,#12078,#12085,#12092,#12099,#12106,#12113,
    #12120,#12127,#12134,#12141,#12148,#12155,#12162,#12169,#12176,
    #12183,#12190,#12197,#12204,#12211,#12218,#12225,#12232,#12239,
    #12246,#12253,#12260,#12267,#12274,#12281,#12288,#12295,#12302,
    #12309,#12316,#12323,#12330,#12337,#12344,#12351,#12358,#12365,
    #12372,#12379,#12386,#12393,#12400,#12407,#12414,#12421,#12428,
    #12435,#12442,#12449,#12456,#12463,#12470,#12477,#12484,#12491,
    #12498,#12505,#12512,#12519,#12526,#12533,#12540,#12547,#12554,
    #12561,#12568,#12575,#12582,#12589,#12596,#12603,#12610,#12617,
    #12624,#12631,#12638,#12645,#12652,#12659,#12666,#12673,#12680,
    #12687,#12694,#12701,#12708,#12715,#12722,#12729,#12736,#12743,
    #12750,#12757,#12764,#12771,#12778,#12785,#12792,#12799,#12806,
    #12813,#12820,#12827,#12834,#12841,#12848,#12855,#12862,#12869,
    #12876,#12883,#12890,#12897,#12904,#12911,#12918,#12925,#12932,
    #12939,#12946,#12953,#12960,#12967,#12974,#12981,#12988,#12995,
    #13002,#13009,#13016,#13023,#13030,#13037,#13044,#13051,#13058,
    #13065,#13072,#13079,#13086,#13093,#13100,#13107,#13114,#13121,
    #13128,#13135,#13142,#13149,#13156,#13163,#13170,#13177,#13184,
    #13191,#13198,#13205,#13212,#13219,#13226,#13233,#13240,#13247,
    #13254,#13261,#13268,#13275,#13282,#13289,#13296,#13303,#13310,
    #13317,#13324,#13331,#13338,#13345,#13352,#13359,#13366,#13373,
    #13380,#13387,#13394,#13401,#13408,#13415,#13422,#13429,#13436,
    #13443,#13450,#13457,#13464,#13471,#13478,#13485,#13492,#13499,
    #13506,#13513,#13520,#13527,#13534,#13541,#13548,#13555,#13562,
    #13569,#13576,#13583,#13590,#13597,#13604,#13611,#13618,#13625,
    #13632,#13639,#13646,#13653,#13660,#13667,#13674,#13681,#13688,
    #13695,#13702,#13709,#13716,#13723,#13730,#13737,#13744,#13751,
    #13758,#13765,#13772,#13779,#13786,#13793,#13800,#13807,#13814,
    #13821,#13828,#13835,#13842,#13849,#13856,#13863,#13870,#13877,
    #13884,#13891,#13898,#13905,#13912,#13919,#13926,#13933,#13940,
    #13947,#13954,#13961,#13968,#13975,#13982,#13989,#13996,#14003,
    #14010,#14017,#14024,#14031,#14038,#14045,#14052,#14059,#14066,
    #14073,#14080,#14087,#14094,#14101,#14108,#14115,#14122,#14129,
    #14136,#14143,#14150,#14157,#14164,#14171,#14178,#14185,#14192,
    #14199,#14206,#14213,#14220,#14227,#14234,#14241,#14248,#14255,
    #14262,#14269,#14276,#14283,#14290,#14297,#14304,#14311,#14318,
    #14325,#14332,#14339,#14346,#14353,#14360,#14367,#14374,#14381,
    #14388,#14395),#11731);
#11738 = STYLED_ITEM('color',(#11739),#15);
#11739 = PRESENTATION_STYLE_ASSIGNMENT((#11740));
#11740 = SURFACE_STYLE_USAGE(.BOTH.,#11741);
#11741 = SURFACE_SIDE_STYLE('',(#11742));
#11742 = SURFACE_STYLE_FILL_AREA(#11743);
#11743 = FILL_AREA_STYLE('',(#11744));
#11744 = FILL_AREA_STYLE_COLOUR('',#11745);
#11745 = COLOUR_RGB('',0.501960785193,0.250980388104,0.);
#11746 = OVER_RIDING_STYLED_ITEM('overriding color',(#11747),#17,#11738
  );
#11747 = PRESENTATION_STYLE_ASSIGNMENT((#11748));
#11748 = SURFACE_STYLE_USAGE(.BOTH.,#11749);
#11749 = SURFACE_SIDE_STYLE('',(#11750));
#11750 = SURFACE_STYLE_FILL_AREA(#11751);
#11751 = FILL_AREA_STYLE('',(#11752));
#11752 = FILL_AREA_STYLE_COLOUR('',#11753);
#11753 = DRAUGHTING_PRE_DEFINED_COLOUR('black');
#11754 = OVER_RIDING_STYLED_ITEM('overriding color',(#11755),#65,#11738
  );
#11755 = PRESENTATION_STYLE_ASSIGNMENT((#11756));
#11756 = SURFACE_STYLE_USAGE(.BOTH.,#11757);
#11757 = SURFACE_SIDE_STYLE('',(#11758));
#11758 = SURFACE_STYLE_FILL_AREA(#11759);
#11759 = FILL_AREA_STYLE('',(#11760));
#11760 = FILL_AREA_STYLE_COLOUR('',#11761);
#11761 = COLOUR_RGB('',0.250980388104,0.250980388104,0.250980388104);
#11762 = OVER_RIDING_STYLED_ITEM('overriding color',(#11763),#536,#11738
  );
#11763 = PRESENTATION_STYLE_ASSIGNMENT((#11764));
#11764 = SURFACE_STYLE_USAGE(.BOTH.,#11765);
#11765 = SURFACE_SIDE_STYLE('',(#11766));
#11766 = SURFACE_STYLE_FILL_AREA(#11767);
#11767 = FILL_AREA_STYLE('',(#11768));
#11768 = FILL_AREA_STYLE_COLOUR('',#11761);
#11769 = OVER_RIDING_STYLED_ITEM('overriding color',(#11770),#628,#11738
  );
#11770 = PRESENTATION_STYLE_ASSIGNMENT((#11771));
#11771 = SURFACE_STYLE_USAGE(.BOTH.,#11772);
#11772 = SURFACE_SIDE_STYLE('',(#11773));
#11773 = SURFACE_STYLE_FILL_AREA(#11774);
#11774 = FILL_AREA_STYLE('',(#11775));
#11775 = FILL_AREA_STYLE_COLOUR('',#11761);
#11776 = OVER_RIDING_STYLED_ITEM('overriding color',(#11777),#696,#11738
  );
#11777 = PRESENTATION_STYLE_ASSIGNMENT((#11778));
#11778 = SURFACE_STYLE_USAGE(.BOTH.,#11779);
#11779 = SURFACE_SIDE_STYLE('',(#11780));
#11780 = SURFACE_STYLE_FILL_AREA(#11781);
#11781 = FILL_AREA_STYLE('',(#11782));
#11782 = FILL_AREA_STYLE_COLOUR('',#11761);
#11783 = OVER_RIDING_STYLED_ITEM('overriding color',(#11784),#732,#11738
  );
#11784 = PRESENTATION_STYLE_ASSIGNMENT((#11785));
#11785 = SURFACE_STYLE_USAGE(.BOTH.,#11786);
#11786 = SURFACE_SIDE_STYLE('',(#11787));
#11787 = SURFACE_STYLE_FILL_AREA(#11788);
#11788 = FILL_AREA_STYLE('',(#11789));
#11789 = FILL_AREA_STYLE_COLOUR('',#11761);
#11790 = OVER_RIDING_STYLED_ITEM('overriding color',(#11791),#768,#11738
  );
#11791 = PRESENTATION_STYLE_ASSIGNMENT((#11792));
#11792 = SURFACE_STYLE_USAGE(.BOTH.,#11793);
#11793 = SURFACE_SIDE_STYLE('',(#11794));
#11794 = SURFACE_STYLE_FILL_AREA(#11795);
#11795 = FILL_AREA_STYLE('',(#11796));
#11796 = FILL_AREA_STYLE_COLOUR('',#11761);
#11797 = OVER_RIDING_STYLED_ITEM('overriding color',(#11798),#832,#11738
  );
#11798 = PRESENTATION_STYLE_ASSIGNMENT((#11799));
#11799 = SURFACE_STYLE_USAGE(.BOTH.,#11800);
#11800 = SURFACE_SIDE_STYLE('',(#11801));
#11801 = SURFACE_STYLE_FILL_AREA(#11802);
#11802 = FILL_AREA_STYLE('',(#11803));
#11803 = FILL_AREA_STYLE_COLOUR('',#11761);
#11804 = OVER_RIDING_STYLED_ITEM('overriding color',(#11805),#860,#11738
  );
#11805 = PRESENTATION_STYLE_ASSIGNMENT((#11806));
#11806 = SURFACE_STYLE_USAGE(.BOTH.,#11807);
#11807 = SURFACE_SIDE_STYLE('',(#11808));
#11808 = SURFACE_STYLE_FILL_AREA(#11809);
#11809 = FILL_AREA_STYLE('',(#11810));
#11810 = FILL_AREA_STYLE_COLOUR('',#11761);
#11811 = OVER_RIDING_STYLED_ITEM('overriding color',(#11812),#908,#11738
  );
#11812 = PRESENTATION_STYLE_ASSIGNMENT((#11813));
#11813 = SURFACE_STYLE_USAGE(.BOTH.,#11814);
#11814 = SURFACE_SIDE_STYLE('',(#11815));
#11815 = SURFACE_STYLE_FILL_AREA(#11816);
#11816 = FILL_AREA_STYLE('',(#11817));
#11817 = FILL_AREA_STYLE_COLOUR('',#11761);
#11818 = OVER_RIDING_STYLED_ITEM('overriding color',(#11819),#936,#11738
  );
#11819 = PRESENTATION_STYLE_ASSIGNMENT((#11820));
#11820 = SURFACE_STYLE_USAGE(.BOTH.,#11821);
#11821 = SURFACE_SIDE_STYLE('',(#11822));
#11822 = SURFACE_STYLE_FILL_AREA(#11823);
#11823 = FILL_AREA_STYLE('',(#11824));
#11824 = FILL_AREA_STYLE_COLOUR('',#11761);
#11825 = OVER_RIDING_STYLED_ITEM('overriding color',(#11826),#983,#11738
  );
#11826 = PRESENTATION_STYLE_ASSIGNMENT((#11827));
#11827 = SURFACE_STYLE_USAGE(.BOTH.,#11828);
#11828 = SURFACE_SIDE_STYLE('',(#11829));
#11829 = SURFACE_STYLE_FILL_AREA(#11830);
#11830 = FILL_AREA_STYLE('',(#11831));
#11831 = FILL_AREA_STYLE_COLOUR('',#11832);
#11832 = DRAUGHTING_PRE_DEFINED_COLOUR('white');
#11833 = OVER_RIDING_STYLED_ITEM('overriding color',(#11834),#1011,
  #11738);
#11834 = PRESENTATION_STYLE_ASSIGNMENT((#11835));
#11835 = SURFACE_STYLE_USAGE(.BOTH.,#11836);
#11836 = SURFACE_SIDE_STYLE('',(#11837));
#11837 = SURFACE_STYLE_FILL_AREA(#11838);
#11838 = FILL_AREA_STYLE('',(#11839));
#11839 = FILL_AREA_STYLE_COLOUR('',#11832);
#11840 = OVER_RIDING_STYLED_ITEM('overriding color',(#11841),#1047,
  #11738);
#11841 = PRESENTATION_STYLE_ASSIGNMENT((#11842));
#11842 = SURFACE_STYLE_USAGE(.BOTH.,#11843);
#11843 = SURFACE_SIDE_STYLE('',(#11844));
#11844 = SURFACE_STYLE_FILL_AREA(#11845);
#11845 = FILL_AREA_STYLE('',(#11846));
#11846 = FILL_AREA_STYLE_COLOUR('',#11832);
#11847 = OVER_RIDING_STYLED_ITEM('overriding color',(#11848),#1075,
  #11738);
#11848 = PRESENTATION_STYLE_ASSIGNMENT((#11849));
#11849 = SURFACE_STYLE_USAGE(.BOTH.,#11850);
#11850 = SURFACE_SIDE_STYLE('',(#11851));
#11851 = SURFACE_STYLE_FILL_AREA(#11852);
#11852 = FILL_AREA_STYLE('',(#11853));
#11853 = FILL_AREA_STYLE_COLOUR('',#11832);
#11854 = OVER_RIDING_STYLED_ITEM('overriding color',(#11855),#1103,
  #11738);
#11855 = PRESENTATION_STYLE_ASSIGNMENT((#11856));
#11856 = SURFACE_STYLE_USAGE(.BOTH.,#11857);
#11857 = SURFACE_SIDE_STYLE('',(#11858));
#11858 = SURFACE_STYLE_FILL_AREA(#11859);
#11859 = FILL_AREA_STYLE('',(#11860));
#11860 = FILL_AREA_STYLE_COLOUR('',#11832);
#11861 = OVER_RIDING_STYLED_ITEM('overriding color',(#11862),#1135,
  #11738);
#11862 = PRESENTATION_STYLE_ASSIGNMENT((#11863));
#11863 = SURFACE_STYLE_USAGE(.BOTH.,#11864);
#11864 = SURFACE_SIDE_STYLE('',(#11865));
#11865 = SURFACE_STYLE_FILL_AREA(#11866);
#11866 = FILL_AREA_STYLE('',(#11867));
#11867 = FILL_AREA_STYLE_COLOUR('',#11832);
#11868 = OVER_RIDING_STYLED_ITEM('overriding color',(#11869),#1163,
  #11738);
#11869 = PRESENTATION_STYLE_ASSIGNMENT((#11870));
#11870 = SURFACE_STYLE_USAGE(.BOTH.,#11871);
#11871 = SURFACE_SIDE_STYLE('',(#11872));
#11872 = SURFACE_STYLE_FILL_AREA(#11873);
#11873 = FILL_AREA_STYLE('',(#11874));
#11874 = FILL_AREA_STYLE_COLOUR('',#11832);
#11875 = OVER_RIDING_STYLED_ITEM('overriding color',(#11876),#1187,
  #11738);
#11876 = PRESENTATION_STYLE_ASSIGNMENT((#11877));
#11877 = SURFACE_STYLE_USAGE(.BOTH.,#11878);
#11878 = SURFACE_SIDE_STYLE('',(#11879));
#11879 = SURFACE_STYLE_FILL_AREA(#11880);
#11880 = FILL_AREA_STYLE('',(#11881));
#11881 = FILL_AREA_STYLE_COLOUR('',#11832);
#11882 = OVER_RIDING_STYLED_ITEM('overriding color',(#11883),#1215,
  #11738);
#11883 = PRESENTATION_STYLE_ASSIGNMENT((#11884));
#11884 = SURFACE_STYLE_USAGE(.BOTH.,#11885);
#11885 = SURFACE_SIDE_STYLE('',(#11886));
#11886 = SURFACE_STYLE_FILL_AREA(#11887);
#11887 = FILL_AREA_STYLE('',(#11888));
#11888 = FILL_AREA_STYLE_COLOUR('',#11832);
#11889 = OVER_RIDING_STYLED_ITEM('overriding color',(#11890),#1247,
  #11738);
#11890 = PRESENTATION_STYLE_ASSIGNMENT((#11891));
#11891 = SURFACE_STYLE_USAGE(.BOTH.,#11892);
#11892 = SURFACE_SIDE_STYLE('',(#11893));
#11893 = SURFACE_STYLE_FILL_AREA(#11894);
#11894 = FILL_AREA_STYLE('',(#11895));
#11895 = FILL_AREA_STYLE_COLOUR('',#11832);
#11896 = OVER_RIDING_STYLED_ITEM('overriding color',(#11897),#1275,
  #11738);
#11897 = PRESENTATION_STYLE_ASSIGNMENT((#11898));
#11898 = SURFACE_STYLE_USAGE(.BOTH.,#11899);
#11899 = SURFACE_SIDE_STYLE('',(#11900));
#11900 = SURFACE_STYLE_FILL_AREA(#11901);
#11901 = FILL_AREA_STYLE('',(#11902));
#11902 = FILL_AREA_STYLE_COLOUR('',#11832);
#11903 = OVER_RIDING_STYLED_ITEM('overriding color',(#11904),#1299,
  #11738);
#11904 = PRESENTATION_STYLE_ASSIGNMENT((#11905));
#11905 = SURFACE_STYLE_USAGE(.BOTH.,#11906);
#11906 = SURFACE_SIDE_STYLE('',(#11907));
#11907 = SURFACE_STYLE_FILL_AREA(#11908);
#11908 = FILL_AREA_STYLE('',(#11909));
#11909 = FILL_AREA_STYLE_COLOUR('',#11832);
#11910 = OVER_RIDING_STYLED_ITEM('overriding color',(#11911),#1320,
  #11738);
#11911 = PRESENTATION_STYLE_ASSIGNMENT((#11912));
#11912 = SURFACE_STYLE_USAGE(.BOTH.,#11913);
#11913 = SURFACE_SIDE_STYLE('',(#11914));
#11914 = SURFACE_STYLE_FILL_AREA(#11915);
#11915 = FILL_AREA_STYLE('',(#11916));
#11916 = FILL_AREA_STYLE_COLOUR('',#11832);
#11917 = OVER_RIDING_STYLED_ITEM('overriding color',(#11918),#1341,
  #11738);
#11918 = PRESENTATION_STYLE_ASSIGNMENT((#11919));
#11919 = SURFACE_STYLE_USAGE(.BOTH.,#11920);
#11920 = SURFACE_SIDE_STYLE('',(#11921));
#11921 = SURFACE_STYLE_FILL_AREA(#11922);
#11922 = FILL_AREA_STYLE('',(#11923));
#11923 = FILL_AREA_STYLE_COLOUR('',#11832);
#11924 = OVER_RIDING_STYLED_ITEM('overriding color',(#11925),#1381,
  #11738);
#11925 = PRESENTATION_STYLE_ASSIGNMENT((#11926));
#11926 = SURFACE_STYLE_USAGE(.BOTH.,#11927);
#11927 = SURFACE_SIDE_STYLE('',(#11928));
#11928 = SURFACE_STYLE_FILL_AREA(#11929);
#11929 = FILL_AREA_STYLE('',(#11930));
#11930 = FILL_AREA_STYLE_COLOUR('',#11832);
#11931 = OVER_RIDING_STYLED_ITEM('overriding color',(#11932),#1401,
  #11738);
#11932 = PRESENTATION_STYLE_ASSIGNMENT((#11933));
#11933 = SURFACE_STYLE_USAGE(.BOTH.,#11934);
#11934 = SURFACE_SIDE_STYLE('',(#11935));
#11935 = SURFACE_STYLE_FILL_AREA(#11936);
#11936 = FILL_AREA_STYLE('',(#11937));
#11937 = FILL_AREA_STYLE_COLOUR('',#11832);
#11938 = OVER_RIDING_STYLED_ITEM('overriding color',(#11939),#1429,
  #11738);
#11939 = PRESENTATION_STYLE_ASSIGNMENT((#11940));
#11940 = SURFACE_STYLE_USAGE(.BOTH.,#11941);
#11941 = SURFACE_SIDE_STYLE('',(#11942));
#11942 = SURFACE_STYLE_FILL_AREA(#11943);
#11943 = FILL_AREA_STYLE('',(#11944));
#11944 = FILL_AREA_STYLE_COLOUR('',#11832);
#11945 = OVER_RIDING_STYLED_ITEM('overriding color',(#11946),#1461,
  #11738);
#11946 = PRESENTATION_STYLE_ASSIGNMENT((#11947));
#11947 = SURFACE_STYLE_USAGE(.BOTH.,#11948);
#11948 = SURFACE_SIDE_STYLE('',(#11949));
#11949 = SURFACE_STYLE_FILL_AREA(#11950);
#11950 = FILL_AREA_STYLE('',(#11951));
#11951 = FILL_AREA_STYLE_COLOUR('',#11832);
#11952 = OVER_RIDING_STYLED_ITEM('overriding color',(#11953),#1489,
  #11738);
#11953 = PRESENTATION_STYLE_ASSIGNMENT((#11954));
#11954 = SURFACE_STYLE_USAGE(.BOTH.,#11955);
#11955 = SURFACE_SIDE_STYLE('',(#11956));
#11956 = SURFACE_STYLE_FILL_AREA(#11957);
#11957 = FILL_AREA_STYLE('',(#11958));
#11958 = FILL_AREA_STYLE_COLOUR('',#11832);
#11959 = OVER_RIDING_STYLED_ITEM('overriding color',(#11960),#1521,
  #11738);
#11960 = PRESENTATION_STYLE_ASSIGNMENT((#11961));
#11961 = SURFACE_STYLE_USAGE(.BOTH.,#11962);
#11962 = SURFACE_SIDE_STYLE('',(#11963));
#11963 = SURFACE_STYLE_FILL_AREA(#11964);
#11964 = FILL_AREA_STYLE('',(#11965));
#11965 = FILL_AREA_STYLE_COLOUR('',#11832);
#11966 = OVER_RIDING_STYLED_ITEM('overriding color',(#11967),#1549,
  #11738);
#11967 = PRESENTATION_STYLE_ASSIGNMENT((#11968));
#11968 = SURFACE_STYLE_USAGE(.BOTH.,#11969);
#11969 = SURFACE_SIDE_STYLE('',(#11970));
#11970 = SURFACE_STYLE_FILL_AREA(#11971);
#11971 = FILL_AREA_STYLE('',(#11972));
#11972 = FILL_AREA_STYLE_COLOUR('',#11832);
#11973 = OVER_RIDING_STYLED_ITEM('overriding color',(#11974),#1577,
  #11738);
#11974 = PRESENTATION_STYLE_ASSIGNMENT((#11975));
#11975 = SURFACE_STYLE_USAGE(.BOTH.,#11976);
#11976 = SURFACE_SIDE_STYLE('',(#11977));
#11977 = SURFACE_STYLE_FILL_AREA(#11978);
#11978 = FILL_AREA_STYLE('',(#11979));
#11979 = FILL_AREA_STYLE_COLOUR('',#11832);
#11980 = OVER_RIDING_STYLED_ITEM('overriding color',(#11981),#1605,
  #11738);
#11981 = PRESENTATION_STYLE_ASSIGNMENT((#11982));
#11982 = SURFACE_STYLE_USAGE(.BOTH.,#11983);
#11983 = SURFACE_SIDE_STYLE('',(#11984));
#11984 = SURFACE_STYLE_FILL_AREA(#11985);
#11985 = FILL_AREA_STYLE('',(#11986));
#11986 = FILL_AREA_STYLE_COLOUR('',#11832);
#11987 = OVER_RIDING_STYLED_ITEM('overriding color',(#11988),#1637,
  #11738);
#11988 = PRESENTATION_STYLE_ASSIGNMENT((#11989));
#11989 = SURFACE_STYLE_USAGE(.BOTH.,#11990);
#11990 = SURFACE_SIDE_STYLE('',(#11991));
#11991 = SURFACE_STYLE_FILL_AREA(#11992);
#11992 = FILL_AREA_STYLE('',(#11993));
#11993 = FILL_AREA_STYLE_COLOUR('',#11832);
#11994 = OVER_RIDING_STYLED_ITEM('overriding color',(#11995),#1657,
  #11738);
#11995 = PRESENTATION_STYLE_ASSIGNMENT((#11996));
#11996 = SURFACE_STYLE_USAGE(.BOTH.,#11997);
#11997 = SURFACE_SIDE_STYLE('',(#11998));
#11998 = SURFACE_STYLE_FILL_AREA(#11999);
#11999 = FILL_AREA_STYLE('',(#12000));
#12000 = FILL_AREA_STYLE_COLOUR('',#11832);
#12001 = OVER_RIDING_STYLED_ITEM('overriding color',(#12002),#1678,
  #11738);
#12002 = PRESENTATION_STYLE_ASSIGNMENT((#12003));
#12003 = SURFACE_STYLE_USAGE(.BOTH.,#12004);
#12004 = SURFACE_SIDE_STYLE('',(#12005));
#12005 = SURFACE_STYLE_FILL_AREA(#12006);
#12006 = FILL_AREA_STYLE('',(#12007));
#12007 = FILL_AREA_STYLE_COLOUR('',#11832);
#12008 = OVER_RIDING_STYLED_ITEM('overriding color',(#12009),#1699,
  #11738);
#12009 = PRESENTATION_STYLE_ASSIGNMENT((#12010));
#12010 = SURFACE_STYLE_USAGE(.BOTH.,#12011);
#12011 = SURFACE_SIDE_STYLE('',(#12012));
#12012 = SURFACE_STYLE_FILL_AREA(#12013);
#12013 = FILL_AREA_STYLE('',(#12014));
#12014 = FILL_AREA_STYLE_COLOUR('',#11832);
#12015 = OVER_RIDING_STYLED_ITEM('overriding color',(#12016),#1739,
  #11738);
#12016 = PRESENTATION_STYLE_ASSIGNMENT((#12017));
#12017 = SURFACE_STYLE_USAGE(.BOTH.,#12018);
#12018 = SURFACE_SIDE_STYLE('',(#12019));
#12019 = SURFACE_STYLE_FILL_AREA(#12020);
#12020 = FILL_AREA_STYLE('',(#12021));
#12021 = FILL_AREA_STYLE_COLOUR('',#11832);
#12022 = OVER_RIDING_STYLED_ITEM('overriding color',(#12023),#1767,
  #11738);
#12023 = PRESENTATION_STYLE_ASSIGNMENT((#12024));
#12024 = SURFACE_STYLE_USAGE(.BOTH.,#12025);
#12025 = SURFACE_SIDE_STYLE('',(#12026));
#12026 = SURFACE_STYLE_FILL_AREA(#12027);
#12027 = FILL_AREA_STYLE('',(#12028));
#12028 = FILL_AREA_STYLE_COLOUR('',#11832);
#12029 = OVER_RIDING_STYLED_ITEM('overriding color',(#12030),#1799,
  #11738);
#12030 = PRESENTATION_STYLE_ASSIGNMENT((#12031));
#12031 = SURFACE_STYLE_USAGE(.BOTH.,#12032);
#12032 = SURFACE_SIDE_STYLE('',(#12033));
#12033 = SURFACE_STYLE_FILL_AREA(#12034);
#12034 = FILL_AREA_STYLE('',(#12035));
#12035 = FILL_AREA_STYLE_COLOUR('',#11832);
#12036 = OVER_RIDING_STYLED_ITEM('overriding color',(#12037),#1827,
  #11738);
#12037 = PRESENTATION_STYLE_ASSIGNMENT((#12038));
#12038 = SURFACE_STYLE_USAGE(.BOTH.,#12039);
#12039 = SURFACE_SIDE_STYLE('',(#12040));
#12040 = SURFACE_STYLE_FILL_AREA(#12041);
#12041 = FILL_AREA_STYLE('',(#12042));
#12042 = FILL_AREA_STYLE_COLOUR('',#11832);
#12043 = OVER_RIDING_STYLED_ITEM('overriding color',(#12044),#1855,
  #11738);
#12044 = PRESENTATION_STYLE_ASSIGNMENT((#12045));
#12045 = SURFACE_STYLE_USAGE(.BOTH.,#12046);
#12046 = SURFACE_SIDE_STYLE('',(#12047));
#12047 = SURFACE_STYLE_FILL_AREA(#12048);
#12048 = FILL_AREA_STYLE('',(#12049));
#12049 = FILL_AREA_STYLE_COLOUR('',#11832);
#12050 = OVER_RIDING_STYLED_ITEM('overriding color',(#12051),#1883,
  #11738);
#12051 = PRESENTATION_STYLE_ASSIGNMENT((#12052));
#12052 = SURFACE_STYLE_USAGE(.BOTH.,#12053);
#12053 = SURFACE_SIDE_STYLE('',(#12054));
#12054 = SURFACE_STYLE_FILL_AREA(#12055);
#12055 = FILL_AREA_STYLE('',(#12056));
#12056 = FILL_AREA_STYLE_COLOUR('',#11832);
#12057 = OVER_RIDING_STYLED_ITEM('overriding color',(#12058),#1915,
  #11738);
#12058 = PRESENTATION_STYLE_ASSIGNMENT((#12059));
#12059 = SURFACE_STYLE_USAGE(.BOTH.,#12060);
#12060 = SURFACE_SIDE_STYLE('',(#12061));
#12061 = SURFACE_STYLE_FILL_AREA(#12062);
#12062 = FILL_AREA_STYLE('',(#12063));
#12063 = FILL_AREA_STYLE_COLOUR('',#11832);
#12064 = OVER_RIDING_STYLED_ITEM('overriding color',(#12065),#1943,
  #11738);
#12065 = PRESENTATION_STYLE_ASSIGNMENT((#12066));
#12066 = SURFACE_STYLE_USAGE(.BOTH.,#12067);
#12067 = SURFACE_SIDE_STYLE('',(#12068));
#12068 = SURFACE_STYLE_FILL_AREA(#12069);
#12069 = FILL_AREA_STYLE('',(#12070));
#12070 = FILL_AREA_STYLE_COLOUR('',#11832);
#12071 = OVER_RIDING_STYLED_ITEM('overriding color',(#12072),#1975,
  #11738);
#12072 = PRESENTATION_STYLE_ASSIGNMENT((#12073));
#12073 = SURFACE_STYLE_USAGE(.BOTH.,#12074);
#12074 = SURFACE_SIDE_STYLE('',(#12075));
#12075 = SURFACE_STYLE_FILL_AREA(#12076);
#12076 = FILL_AREA_STYLE('',(#12077));
#12077 = FILL_AREA_STYLE_COLOUR('',#11832);
#12078 = OVER_RIDING_STYLED_ITEM('overriding color',(#12079),#1995,
  #11738);
#12079 = PRESENTATION_STYLE_ASSIGNMENT((#12080));
#12080 = SURFACE_STYLE_USAGE(.BOTH.,#12081);
#12081 = SURFACE_SIDE_STYLE('',(#12082));
#12082 = SURFACE_STYLE_FILL_AREA(#12083);
#12083 = FILL_AREA_STYLE('',(#12084));
#12084 = FILL_AREA_STYLE_COLOUR('',#11832);
#12085 = OVER_RIDING_STYLED_ITEM('overriding color',(#12086),#2015,
  #11738);
#12086 = PRESENTATION_STYLE_ASSIGNMENT((#12087));
#12087 = SURFACE_STYLE_USAGE(.BOTH.,#12088);
#12088 = SURFACE_SIDE_STYLE('',(#12089));
#12089 = SURFACE_STYLE_FILL_AREA(#12090);
#12090 = FILL_AREA_STYLE('',(#12091));
#12091 = FILL_AREA_STYLE_COLOUR('',#11832);
#12092 = OVER_RIDING_STYLED_ITEM('overriding color',(#12093),#2036,
  #11738);
#12093 = PRESENTATION_STYLE_ASSIGNMENT((#12094));
#12094 = SURFACE_STYLE_USAGE(.BOTH.,#12095);
#12095 = SURFACE_SIDE_STYLE('',(#12096));
#12096 = SURFACE_STYLE_FILL_AREA(#12097);
#12097 = FILL_AREA_STYLE('',(#12098));
#12098 = FILL_AREA_STYLE_COLOUR('',#11832);
#12099 = OVER_RIDING_STYLED_ITEM('overriding color',(#12100),#2057,
  #11738);
#12100 = PRESENTATION_STYLE_ASSIGNMENT((#12101));
#12101 = SURFACE_STYLE_USAGE(.BOTH.,#12102);
#12102 = SURFACE_SIDE_STYLE('',(#12103));
#12103 = SURFACE_STYLE_FILL_AREA(#12104);
#12104 = FILL_AREA_STYLE('',(#12105));
#12105 = FILL_AREA_STYLE_COLOUR('',#11753);
#12106 = OVER_RIDING_STYLED_ITEM('overriding color',(#12107),#2082,
  #11738);
#12107 = PRESENTATION_STYLE_ASSIGNMENT((#12108));
#12108 = SURFACE_STYLE_USAGE(.BOTH.,#12109);
#12109 = SURFACE_SIDE_STYLE('',(#12110));
#12110 = SURFACE_STYLE_FILL_AREA(#12111);
#12111 = FILL_AREA_STYLE('',(#12112));
#12112 = FILL_AREA_STYLE_COLOUR('',#11753);
#12113 = OVER_RIDING_STYLED_ITEM('overriding color',(#12114),#2092,
  #11738);
#12114 = PRESENTATION_STYLE_ASSIGNMENT((#12115));
#12115 = SURFACE_STYLE_USAGE(.BOTH.,#12116);
#12116 = SURFACE_SIDE_STYLE('',(#12117));
#12117 = SURFACE_STYLE_FILL_AREA(#12118);
#12118 = FILL_AREA_STYLE('',(#12119));
#12119 = FILL_AREA_STYLE_COLOUR('',#11753);
#12120 = OVER_RIDING_STYLED_ITEM('overriding color',(#12121),#2120,
  #11738);
#12121 = PRESENTATION_STYLE_ASSIGNMENT((#12122));
#12122 = SURFACE_STYLE_USAGE(.BOTH.,#12123);
#12123 = SURFACE_SIDE_STYLE('',(#12124));
#12124 = SURFACE_STYLE_FILL_AREA(#12125);
#12125 = FILL_AREA_STYLE('',(#12126));
#12126 = FILL_AREA_STYLE_COLOUR('',#11753);
#12127 = OVER_RIDING_STYLED_ITEM('overriding color',(#12128),#2142,
  #11738);
#12128 = PRESENTATION_STYLE_ASSIGNMENT((#12129));
#12129 = SURFACE_STYLE_USAGE(.BOTH.,#12130);
#12130 = SURFACE_SIDE_STYLE('',(#12131));
#12131 = SURFACE_STYLE_FILL_AREA(#12132);
#12132 = FILL_AREA_STYLE('',(#12133));
#12133 = FILL_AREA_STYLE_COLOUR('',#11753);
#12134 = OVER_RIDING_STYLED_ITEM('overriding color',(#12135),#2164,
  #11738);
#12135 = PRESENTATION_STYLE_ASSIGNMENT((#12136));
#12136 = SURFACE_STYLE_USAGE(.BOTH.,#12137);
#12137 = SURFACE_SIDE_STYLE('',(#12138));
#12138 = SURFACE_STYLE_FILL_AREA(#12139);
#12139 = FILL_AREA_STYLE('',(#12140));
#12140 = FILL_AREA_STYLE_COLOUR('',#11753);
#12141 = OVER_RIDING_STYLED_ITEM('overriding color',(#12142),#2186,
  #11738);
#12142 = PRESENTATION_STYLE_ASSIGNMENT((#12143));
#12143 = SURFACE_STYLE_USAGE(.BOTH.,#12144);
#12144 = SURFACE_SIDE_STYLE('',(#12145));
#12145 = SURFACE_STYLE_FILL_AREA(#12146);
#12146 = FILL_AREA_STYLE('',(#12147));
#12147 = FILL_AREA_STYLE_COLOUR('',#11753);
#12148 = OVER_RIDING_STYLED_ITEM('overriding color',(#12149),#2208,
  #11738);
#12149 = PRESENTATION_STYLE_ASSIGNMENT((#12150));
#12150 = SURFACE_STYLE_USAGE(.BOTH.,#12151);
#12151 = SURFACE_SIDE_STYLE('',(#12152));
#12152 = SURFACE_STYLE_FILL_AREA(#12153);
#12153 = FILL_AREA_STYLE('',(#12154));
#12154 = FILL_AREA_STYLE_COLOUR('',#11753);
#12155 = OVER_RIDING_STYLED_ITEM('overriding color',(#12156),#2230,
  #11738);
#12156 = PRESENTATION_STYLE_ASSIGNMENT((#12157));
#12157 = SURFACE_STYLE_USAGE(.BOTH.,#12158);
#12158 = SURFACE_SIDE_STYLE('',(#12159));
#12159 = SURFACE_STYLE_FILL_AREA(#12160);
#12160 = FILL_AREA_STYLE('',(#12161));
#12161 = FILL_AREA_STYLE_COLOUR('',#11753);
#12162 = OVER_RIDING_STYLED_ITEM('overriding color',(#12163),#2252,
  #11738);
#12163 = PRESENTATION_STYLE_ASSIGNMENT((#12164));
#12164 = SURFACE_STYLE_USAGE(.BOTH.,#12165);
#12165 = SURFACE_SIDE_STYLE('',(#12166));
#12166 = SURFACE_STYLE_FILL_AREA(#12167);
#12167 = FILL_AREA_STYLE('',(#12168));
#12168 = FILL_AREA_STYLE_COLOUR('',#11753);
#12169 = OVER_RIDING_STYLED_ITEM('overriding color',(#12170),#2268,
  #11738);
#12170 = PRESENTATION_STYLE_ASSIGNMENT((#12171));
#12171 = SURFACE_STYLE_USAGE(.BOTH.,#12172);
#12172 = SURFACE_SIDE_STYLE('',(#12173));
#12173 = SURFACE_STYLE_FILL_AREA(#12174);
#12174 = FILL_AREA_STYLE('',(#12175));
#12175 = FILL_AREA_STYLE_COLOUR('',#11753);
#12176 = OVER_RIDING_STYLED_ITEM('overriding color',(#12177),#2338,
  #11738);
#12177 = PRESENTATION_STYLE_ASSIGNMENT((#12178));
#12178 = SURFACE_STYLE_USAGE(.BOTH.,#12179);
#12179 = SURFACE_SIDE_STYLE('',(#12180));
#12180 = SURFACE_STYLE_FILL_AREA(#12181);
#12181 = FILL_AREA_STYLE('',(#12182));
#12182 = FILL_AREA_STYLE_COLOUR('',#11753);
#12183 = OVER_RIDING_STYLED_ITEM('overriding color',(#12184),#2366,
  #11738);
#12184 = PRESENTATION_STYLE_ASSIGNMENT((#12185));
#12185 = SURFACE_STYLE_USAGE(.BOTH.,#12186);
#12186 = SURFACE_SIDE_STYLE('',(#12187));
#12187 = SURFACE_STYLE_FILL_AREA(#12188);
#12188 = FILL_AREA_STYLE('',(#12189));
#12189 = FILL_AREA_STYLE_COLOUR('',#11753);
#12190 = OVER_RIDING_STYLED_ITEM('overriding color',(#12191),#2388,
  #11738);
#12191 = PRESENTATION_STYLE_ASSIGNMENT((#12192));
#12192 = SURFACE_STYLE_USAGE(.BOTH.,#12193);
#12193 = SURFACE_SIDE_STYLE('',(#12194));
#12194 = SURFACE_STYLE_FILL_AREA(#12195);
#12195 = FILL_AREA_STYLE('',(#12196));
#12196 = FILL_AREA_STYLE_COLOUR('',#11753);
#12197 = OVER_RIDING_STYLED_ITEM('overriding color',(#12198),#2425,
  #11738);
#12198 = PRESENTATION_STYLE_ASSIGNMENT((#12199));
#12199 = SURFACE_STYLE_USAGE(.BOTH.,#12200);
#12200 = SURFACE_SIDE_STYLE('',(#12201));
#12201 = SURFACE_STYLE_FILL_AREA(#12202);
#12202 = FILL_AREA_STYLE('',(#12203));
#12203 = FILL_AREA_STYLE_COLOUR('',#11753);
#12204 = OVER_RIDING_STYLED_ITEM('overriding color',(#12205),#2447,
  #11738);
#12205 = PRESENTATION_STYLE_ASSIGNMENT((#12206));
#12206 = SURFACE_STYLE_USAGE(.BOTH.,#12207);
#12207 = SURFACE_SIDE_STYLE('',(#12208));
#12208 = SURFACE_STYLE_FILL_AREA(#12209);
#12209 = FILL_AREA_STYLE('',(#12210));
#12210 = FILL_AREA_STYLE_COLOUR('',#11753);
#12211 = OVER_RIDING_STYLED_ITEM('overriding color',(#12212),#2484,
  #11738);
#12212 = PRESENTATION_STYLE_ASSIGNMENT((#12213));
#12213 = SURFACE_STYLE_USAGE(.BOTH.,#12214);
#12214 = SURFACE_SIDE_STYLE('',(#12215));
#12215 = SURFACE_STYLE_FILL_AREA(#12216);
#12216 = FILL_AREA_STYLE('',(#12217));
#12217 = FILL_AREA_STYLE_COLOUR('',#11753);
#12218 = OVER_RIDING_STYLED_ITEM('overriding color',(#12219),#2500,
  #11738);
#12219 = PRESENTATION_STYLE_ASSIGNMENT((#12220));
#12220 = SURFACE_STYLE_USAGE(.BOTH.,#12221);
#12221 = SURFACE_SIDE_STYLE('',(#12222));
#12222 = SURFACE_STYLE_FILL_AREA(#12223);
#12223 = FILL_AREA_STYLE('',(#12224));
#12224 = FILL_AREA_STYLE_COLOUR('',#11753);
#12225 = OVER_RIDING_STYLED_ITEM('overriding color',(#12226),#2528,
  #11738);
#12226 = PRESENTATION_STYLE_ASSIGNMENT((#12227));
#12227 = SURFACE_STYLE_USAGE(.BOTH.,#12228);
#12228 = SURFACE_SIDE_STYLE('',(#12229));
#12229 = SURFACE_STYLE_FILL_AREA(#12230);
#12230 = FILL_AREA_STYLE('',(#12231));
#12231 = FILL_AREA_STYLE_COLOUR('',#11753);
#12232 = OVER_RIDING_STYLED_ITEM('overriding color',(#12233),#2550,
  #11738);
#12233 = PRESENTATION_STYLE_ASSIGNMENT((#12234));
#12234 = SURFACE_STYLE_USAGE(.BOTH.,#12235);
#12235 = SURFACE_SIDE_STYLE('',(#12236));
#12236 = SURFACE_STYLE_FILL_AREA(#12237);
#12237 = FILL_AREA_STYLE('',(#12238));
#12238 = FILL_AREA_STYLE_COLOUR('',#11753);
#12239 = OVER_RIDING_STYLED_ITEM('overriding color',(#12240),#2572,
  #11738);
#12240 = PRESENTATION_STYLE_ASSIGNMENT((#12241));
#12241 = SURFACE_STYLE_USAGE(.BOTH.,#12242);
#12242 = SURFACE_SIDE_STYLE('',(#12243));
#12243 = SURFACE_STYLE_FILL_AREA(#12244);
#12244 = FILL_AREA_STYLE('',(#12245));
#12245 = FILL_AREA_STYLE_COLOUR('',#11753);
#12246 = OVER_RIDING_STYLED_ITEM('overriding color',(#12247),#2645,
  #11738);
#12247 = PRESENTATION_STYLE_ASSIGNMENT((#12248));
#12248 = SURFACE_STYLE_USAGE(.BOTH.,#12249);
#12249 = SURFACE_SIDE_STYLE('',(#12250));
#12250 = SURFACE_STYLE_FILL_AREA(#12251);
#12251 = FILL_AREA_STYLE('',(#12252));
#12252 = FILL_AREA_STYLE_COLOUR('',#11753);
#12253 = OVER_RIDING_STYLED_ITEM('overriding color',(#12254),#2712,
  #11738);
#12254 = PRESENTATION_STYLE_ASSIGNMENT((#12255));
#12255 = SURFACE_STYLE_USAGE(.BOTH.,#12256);
#12256 = SURFACE_SIDE_STYLE('',(#12257));
#12257 = SURFACE_STYLE_FILL_AREA(#12258);
#12258 = FILL_AREA_STYLE('',(#12259));
#12259 = FILL_AREA_STYLE_COLOUR('',#11753);
#12260 = OVER_RIDING_STYLED_ITEM('overriding color',(#12261),#2796,
  #11738);
#12261 = PRESENTATION_STYLE_ASSIGNMENT((#12262));
#12262 = SURFACE_STYLE_USAGE(.BOTH.,#12263);
#12263 = SURFACE_SIDE_STYLE('',(#12264));
#12264 = SURFACE_STYLE_FILL_AREA(#12265);
#12265 = FILL_AREA_STYLE('',(#12266));
#12266 = FILL_AREA_STYLE_COLOUR('',#11753);
#12267 = OVER_RIDING_STYLED_ITEM('overriding color',(#12268),#2824,
  #11738);
#12268 = PRESENTATION_STYLE_ASSIGNMENT((#12269));
#12269 = SURFACE_STYLE_USAGE(.BOTH.,#12270);
#12270 = SURFACE_SIDE_STYLE('',(#12271));
#12271 = SURFACE_STYLE_FILL_AREA(#12272);
#12272 = FILL_AREA_STYLE('',(#12273));
#12273 = FILL_AREA_STYLE_COLOUR('',#11753);
#12274 = OVER_RIDING_STYLED_ITEM('overriding color',(#12275),#2897,
  #11738);
#12275 = PRESENTATION_STYLE_ASSIGNMENT((#12276));
#12276 = SURFACE_STYLE_USAGE(.BOTH.,#12277);
#12277 = SURFACE_SIDE_STYLE('',(#12278));
#12278 = SURFACE_STYLE_FILL_AREA(#12279);
#12279 = FILL_AREA_STYLE('',(#12280));
#12280 = FILL_AREA_STYLE_COLOUR('',#11753);
#12281 = OVER_RIDING_STYLED_ITEM('overriding color',(#12282),#2970,
  #11738);
#12282 = PRESENTATION_STYLE_ASSIGNMENT((#12283));
#12283 = SURFACE_STYLE_USAGE(.BOTH.,#12284);
#12284 = SURFACE_SIDE_STYLE('',(#12285));
#12285 = SURFACE_STYLE_FILL_AREA(#12286);
#12286 = FILL_AREA_STYLE('',(#12287));
#12287 = FILL_AREA_STYLE_COLOUR('',#11753);
#12288 = OVER_RIDING_STYLED_ITEM('overriding color',(#12289),#2992,
  #11738);
#12289 = PRESENTATION_STYLE_ASSIGNMENT((#12290));
#12290 = SURFACE_STYLE_USAGE(.BOTH.,#12291);
#12291 = SURFACE_SIDE_STYLE('',(#12292));
#12292 = SURFACE_STYLE_FILL_AREA(#12293);
#12293 = FILL_AREA_STYLE('',(#12294));
#12294 = FILL_AREA_STYLE_COLOUR('',#11753);
#12295 = OVER_RIDING_STYLED_ITEM('overriding color',(#12296),#3008,
  #11738);
#12296 = PRESENTATION_STYLE_ASSIGNMENT((#12297));
#12297 = SURFACE_STYLE_USAGE(.BOTH.,#12298);
#12298 = SURFACE_SIDE_STYLE('',(#12299));
#12299 = SURFACE_STYLE_FILL_AREA(#12300);
#12300 = FILL_AREA_STYLE('',(#12301));
#12301 = FILL_AREA_STYLE_COLOUR('',#11753);
#12302 = OVER_RIDING_STYLED_ITEM('overriding color',(#12303),#3036,
  #11738);
#12303 = PRESENTATION_STYLE_ASSIGNMENT((#12304));
#12304 = SURFACE_STYLE_USAGE(.BOTH.,#12305);
#12305 = SURFACE_SIDE_STYLE('',(#12306));
#12306 = SURFACE_STYLE_FILL_AREA(#12307);
#12307 = FILL_AREA_STYLE('',(#12308));
#12308 = FILL_AREA_STYLE_COLOUR('',#11753);
#12309 = OVER_RIDING_STYLED_ITEM('overriding color',(#12310),#3058,
  #11738);
#12310 = PRESENTATION_STYLE_ASSIGNMENT((#12311));
#12311 = SURFACE_STYLE_USAGE(.BOTH.,#12312);
#12312 = SURFACE_SIDE_STYLE('',(#12313));
#12313 = SURFACE_STYLE_FILL_AREA(#12314);
#12314 = FILL_AREA_STYLE('',(#12315));
#12315 = FILL_AREA_STYLE_COLOUR('',#11753);
#12316 = OVER_RIDING_STYLED_ITEM('overriding color',(#12317),#3080,
  #11738);
#12317 = PRESENTATION_STYLE_ASSIGNMENT((#12318));
#12318 = SURFACE_STYLE_USAGE(.BOTH.,#12319);
#12319 = SURFACE_SIDE_STYLE('',(#12320));
#12320 = SURFACE_STYLE_FILL_AREA(#12321);
#12321 = FILL_AREA_STYLE('',(#12322));
#12322 = FILL_AREA_STYLE_COLOUR('',#11753);
#12323 = OVER_RIDING_STYLED_ITEM('overriding color',(#12324),#3102,
  #11738);
#12324 = PRESENTATION_STYLE_ASSIGNMENT((#12325));
#12325 = SURFACE_STYLE_USAGE(.BOTH.,#12326);
#12326 = SURFACE_SIDE_STYLE('',(#12327));
#12327 = SURFACE_STYLE_FILL_AREA(#12328);
#12328 = FILL_AREA_STYLE('',(#12329));
#12329 = FILL_AREA_STYLE_COLOUR('',#11753);
#12330 = OVER_RIDING_STYLED_ITEM('overriding color',(#12331),#3124,
  #11738);
#12331 = PRESENTATION_STYLE_ASSIGNMENT((#12332));
#12332 = SURFACE_STYLE_USAGE(.BOTH.,#12333);
#12333 = SURFACE_SIDE_STYLE('',(#12334));
#12334 = SURFACE_STYLE_FILL_AREA(#12335);
#12335 = FILL_AREA_STYLE('',(#12336));
#12336 = FILL_AREA_STYLE_COLOUR('',#11753);
#12337 = OVER_RIDING_STYLED_ITEM('overriding color',(#12338),#3146,
  #11738);
#12338 = PRESENTATION_STYLE_ASSIGNMENT((#12339));
#12339 = SURFACE_STYLE_USAGE(.BOTH.,#12340);
#12340 = SURFACE_SIDE_STYLE('',(#12341));
#12341 = SURFACE_STYLE_FILL_AREA(#12342);
#12342 = FILL_AREA_STYLE('',(#12343));
#12343 = FILL_AREA_STYLE_COLOUR('',#11753);
#12344 = OVER_RIDING_STYLED_ITEM('overriding color',(#12345),#3168,
  #11738);
#12345 = PRESENTATION_STYLE_ASSIGNMENT((#12346));
#12346 = SURFACE_STYLE_USAGE(.BOTH.,#12347);
#12347 = SURFACE_SIDE_STYLE('',(#12348));
#12348 = SURFACE_STYLE_FILL_AREA(#12349);
#12349 = FILL_AREA_STYLE('',(#12350));
#12350 = FILL_AREA_STYLE_COLOUR('',#11753);
#12351 = OVER_RIDING_STYLED_ITEM('overriding color',(#12352),#3190,
  #11738);
#12352 = PRESENTATION_STYLE_ASSIGNMENT((#12353));
#12353 = SURFACE_STYLE_USAGE(.BOTH.,#12354);
#12354 = SURFACE_SIDE_STYLE('',(#12355));
#12355 = SURFACE_STYLE_FILL_AREA(#12356);
#12356 = FILL_AREA_STYLE('',(#12357));
#12357 = FILL_AREA_STYLE_COLOUR('',#11753);
#12358 = OVER_RIDING_STYLED_ITEM('overriding color',(#12359),#3212,
  #11738);
#12359 = PRESENTATION_STYLE_ASSIGNMENT((#12360));
#12360 = SURFACE_STYLE_USAGE(.BOTH.,#12361);
#12361 = SURFACE_SIDE_STYLE('',(#12362));
#12362 = SURFACE_STYLE_FILL_AREA(#12363);
#12363 = FILL_AREA_STYLE('',(#12364));
#12364 = FILL_AREA_STYLE_COLOUR('',#11753);
#12365 = OVER_RIDING_STYLED_ITEM('overriding color',(#12366),#3234,
  #11738);
#12366 = PRESENTATION_STYLE_ASSIGNMENT((#12367));
#12367 = SURFACE_STYLE_USAGE(.BOTH.,#12368);
#12368 = SURFACE_SIDE_STYLE('',(#12369));
#12369 = SURFACE_STYLE_FILL_AREA(#12370);
#12370 = FILL_AREA_STYLE('',(#12371));
#12371 = FILL_AREA_STYLE_COLOUR('',#11753);
#12372 = OVER_RIDING_STYLED_ITEM('overriding color',(#12373),#3256,
  #11738);
#12373 = PRESENTATION_STYLE_ASSIGNMENT((#12374));
#12374 = SURFACE_STYLE_USAGE(.BOTH.,#12375);
#12375 = SURFACE_SIDE_STYLE('',(#12376));
#12376 = SURFACE_STYLE_FILL_AREA(#12377);
#12377 = FILL_AREA_STYLE('',(#12378));
#12378 = FILL_AREA_STYLE_COLOUR('',#11753);
#12379 = OVER_RIDING_STYLED_ITEM('overriding color',(#12380),#3272,
  #11738);
#12380 = PRESENTATION_STYLE_ASSIGNMENT((#12381));
#12381 = SURFACE_STYLE_USAGE(.BOTH.,#12382);
#12382 = SURFACE_SIDE_STYLE('',(#12383));
#12383 = SURFACE_STYLE_FILL_AREA(#12384);
#12384 = FILL_AREA_STYLE('',(#12385));
#12385 = FILL_AREA_STYLE_COLOUR('',#11753);
#12386 = OVER_RIDING_STYLED_ITEM('overriding color',(#12387),#3292,
  #11738);
#12387 = PRESENTATION_STYLE_ASSIGNMENT((#12388));
#12388 = SURFACE_STYLE_USAGE(.BOTH.,#12389);
#12389 = SURFACE_SIDE_STYLE('',(#12390));
#12390 = SURFACE_STYLE_FILL_AREA(#12391);
#12391 = FILL_AREA_STYLE('',(#12392));
#12392 = FILL_AREA_STYLE_COLOUR('',#11753);
#12393 = OVER_RIDING_STYLED_ITEM('overriding color',(#12394),#3320,
  #11738);
#12394 = PRESENTATION_STYLE_ASSIGNMENT((#12395));
#12395 = SURFACE_STYLE_USAGE(.BOTH.,#12396);
#12396 = SURFACE_SIDE_STYLE('',(#12397));
#12397 = SURFACE_STYLE_FILL_AREA(#12398);
#12398 = FILL_AREA_STYLE('',(#12399));
#12399 = FILL_AREA_STYLE_COLOUR('',#11753);
#12400 = OVER_RIDING_STYLED_ITEM('overriding color',(#12401),#3369,
  #11738);
#12401 = PRESENTATION_STYLE_ASSIGNMENT((#12402));
#12402 = SURFACE_STYLE_USAGE(.BOTH.,#12403);
#12403 = SURFACE_SIDE_STYLE('',(#12404));
#12404 = SURFACE_STYLE_FILL_AREA(#12405);
#12405 = FILL_AREA_STYLE('',(#12406));
#12406 = FILL_AREA_STYLE_COLOUR('',#11753);
#12407 = OVER_RIDING_STYLED_ITEM('overriding color',(#12408),#3442,
  #11738);
#12408 = PRESENTATION_STYLE_ASSIGNMENT((#12409));
#12409 = SURFACE_STYLE_USAGE(.BOTH.,#12410);
#12410 = SURFACE_SIDE_STYLE('',(#12411));
#12411 = SURFACE_STYLE_FILL_AREA(#12412);
#12412 = FILL_AREA_STYLE('',(#12413));
#12413 = FILL_AREA_STYLE_COLOUR('',#11753);
#12414 = OVER_RIDING_STYLED_ITEM('overriding color',(#12415),#3515,
  #11738);
#12415 = PRESENTATION_STYLE_ASSIGNMENT((#12416));
#12416 = SURFACE_STYLE_USAGE(.BOTH.,#12417);
#12417 = SURFACE_SIDE_STYLE('',(#12418));
#12418 = SURFACE_STYLE_FILL_AREA(#12419);
#12419 = FILL_AREA_STYLE('',(#12420));
#12420 = FILL_AREA_STYLE_COLOUR('',#11753);
#12421 = OVER_RIDING_STYLED_ITEM('overriding color',(#12422),#3564,
  #11738);
#12422 = PRESENTATION_STYLE_ASSIGNMENT((#12423));
#12423 = SURFACE_STYLE_USAGE(.BOTH.,#12424);
#12424 = SURFACE_SIDE_STYLE('',(#12425));
#12425 = SURFACE_STYLE_FILL_AREA(#12426);
#12426 = FILL_AREA_STYLE('',(#12427));
#12427 = FILL_AREA_STYLE_COLOUR('',#11753);
#12428 = OVER_RIDING_STYLED_ITEM('overriding color',(#12429),#3586,
  #11738);
#12429 = PRESENTATION_STYLE_ASSIGNMENT((#12430));
#12430 = SURFACE_STYLE_USAGE(.BOTH.,#12431);
#12431 = SURFACE_SIDE_STYLE('',(#12432));
#12432 = SURFACE_STYLE_FILL_AREA(#12433);
#12433 = FILL_AREA_STYLE('',(#12434));
#12434 = FILL_AREA_STYLE_COLOUR('',#11753);
#12435 = OVER_RIDING_STYLED_ITEM('overriding color',(#12436),#3635,
  #11738);
#12436 = PRESENTATION_STYLE_ASSIGNMENT((#12437));
#12437 = SURFACE_STYLE_USAGE(.BOTH.,#12438);
#12438 = SURFACE_SIDE_STYLE('',(#12439));
#12439 = SURFACE_STYLE_FILL_AREA(#12440);
#12440 = FILL_AREA_STYLE('',(#12441));
#12441 = FILL_AREA_STYLE_COLOUR('',#11753);
#12442 = OVER_RIDING_STYLED_ITEM('overriding color',(#12443),#3708,
  #11738);
#12443 = PRESENTATION_STYLE_ASSIGNMENT((#12444));
#12444 = SURFACE_STYLE_USAGE(.BOTH.,#12445);
#12445 = SURFACE_SIDE_STYLE('',(#12446));
#12446 = SURFACE_STYLE_FILL_AREA(#12447);
#12447 = FILL_AREA_STYLE('',(#12448));
#12448 = FILL_AREA_STYLE_COLOUR('',#11753);
#12449 = OVER_RIDING_STYLED_ITEM('overriding color',(#12450),#3781,
  #11738);
#12450 = PRESENTATION_STYLE_ASSIGNMENT((#12451));
#12451 = SURFACE_STYLE_USAGE(.BOTH.,#12452);
#12452 = SURFACE_SIDE_STYLE('',(#12453));
#12453 = SURFACE_STYLE_FILL_AREA(#12454);
#12454 = FILL_AREA_STYLE('',(#12455));
#12455 = FILL_AREA_STYLE_COLOUR('',#11753);
#12456 = OVER_RIDING_STYLED_ITEM('overriding color',(#12457),#3824,
  #11738);
#12457 = PRESENTATION_STYLE_ASSIGNMENT((#12458));
#12458 = SURFACE_STYLE_USAGE(.BOTH.,#12459);
#12459 = SURFACE_SIDE_STYLE('',(#12460));
#12460 = SURFACE_STYLE_FILL_AREA(#12461);
#12461 = FILL_AREA_STYLE('',(#12462));
#12462 = FILL_AREA_STYLE_COLOUR('',#11753);
#12463 = OVER_RIDING_STYLED_ITEM('overriding color',(#12464),#3842,
  #11738);
#12464 = PRESENTATION_STYLE_ASSIGNMENT((#12465));
#12465 = SURFACE_STYLE_USAGE(.BOTH.,#12466);
#12466 = SURFACE_SIDE_STYLE('',(#12467));
#12467 = SURFACE_STYLE_FILL_AREA(#12468);
#12468 = FILL_AREA_STYLE('',(#12469));
#12469 = FILL_AREA_STYLE_COLOUR('',#11753);
#12470 = OVER_RIDING_STYLED_ITEM('overriding color',(#12471),#3870,
  #11738);
#12471 = PRESENTATION_STYLE_ASSIGNMENT((#12472));
#12472 = SURFACE_STYLE_USAGE(.BOTH.,#12473);
#12473 = SURFACE_SIDE_STYLE('',(#12474));
#12474 = SURFACE_STYLE_FILL_AREA(#12475);
#12475 = FILL_AREA_STYLE('',(#12476));
#12476 = FILL_AREA_STYLE_COLOUR('',#11753);
#12477 = OVER_RIDING_STYLED_ITEM('overriding color',(#12478),#3892,
  #11738);
#12478 = PRESENTATION_STYLE_ASSIGNMENT((#12479));
#12479 = SURFACE_STYLE_USAGE(.BOTH.,#12480);
#12480 = SURFACE_SIDE_STYLE('',(#12481));
#12481 = SURFACE_STYLE_FILL_AREA(#12482);
#12482 = FILL_AREA_STYLE('',(#12483));
#12483 = FILL_AREA_STYLE_COLOUR('',#11753);
#12484 = OVER_RIDING_STYLED_ITEM('overriding color',(#12485),#3914,
  #11738);
#12485 = PRESENTATION_STYLE_ASSIGNMENT((#12486));
#12486 = SURFACE_STYLE_USAGE(.BOTH.,#12487);
#12487 = SURFACE_SIDE_STYLE('',(#12488));
#12488 = SURFACE_STYLE_FILL_AREA(#12489);
#12489 = FILL_AREA_STYLE('',(#12490));
#12490 = FILL_AREA_STYLE_COLOUR('',#11753);
#12491 = OVER_RIDING_STYLED_ITEM('overriding color',(#12492),#3936,
  #11738);
#12492 = PRESENTATION_STYLE_ASSIGNMENT((#12493));
#12493 = SURFACE_STYLE_USAGE(.BOTH.,#12494);
#12494 = SURFACE_SIDE_STYLE('',(#12495));
#12495 = SURFACE_STYLE_FILL_AREA(#12496);
#12496 = FILL_AREA_STYLE('',(#12497));
#12497 = FILL_AREA_STYLE_COLOUR('',#11753);
#12498 = OVER_RIDING_STYLED_ITEM('overriding color',(#12499),#3958,
  #11738);
#12499 = PRESENTATION_STYLE_ASSIGNMENT((#12500));
#12500 = SURFACE_STYLE_USAGE(.BOTH.,#12501);
#12501 = SURFACE_SIDE_STYLE('',(#12502));
#12502 = SURFACE_STYLE_FILL_AREA(#12503);
#12503 = FILL_AREA_STYLE('',(#12504));
#12504 = FILL_AREA_STYLE_COLOUR('',#11753);
#12505 = OVER_RIDING_STYLED_ITEM('overriding color',(#12506),#3974,
  #11738);
#12506 = PRESENTATION_STYLE_ASSIGNMENT((#12507));
#12507 = SURFACE_STYLE_USAGE(.BOTH.,#12508);
#12508 = SURFACE_SIDE_STYLE('',(#12509));
#12509 = SURFACE_STYLE_FILL_AREA(#12510);
#12510 = FILL_AREA_STYLE('',(#12511));
#12511 = FILL_AREA_STYLE_COLOUR('',#11753);
#12512 = OVER_RIDING_STYLED_ITEM('overriding color',(#12513),#3988,
  #11738);
#12513 = PRESENTATION_STYLE_ASSIGNMENT((#12514));
#12514 = SURFACE_STYLE_USAGE(.BOTH.,#12515);
#12515 = SURFACE_SIDE_STYLE('',(#12516));
#12516 = SURFACE_STYLE_FILL_AREA(#12517);
#12517 = FILL_AREA_STYLE('',(#12518));
#12518 = FILL_AREA_STYLE_COLOUR('',#11761);
#12519 = OVER_RIDING_STYLED_ITEM('overriding color',(#12520),#4002,
  #11738);
#12520 = PRESENTATION_STYLE_ASSIGNMENT((#12521));
#12521 = SURFACE_STYLE_USAGE(.BOTH.,#12522);
#12522 = SURFACE_SIDE_STYLE('',(#12523));
#12523 = SURFACE_STYLE_FILL_AREA(#12524);
#12524 = FILL_AREA_STYLE('',(#12525));
#12525 = FILL_AREA_STYLE_COLOUR('',#11761);
#12526 = OVER_RIDING_STYLED_ITEM('overriding color',(#12527),#4015,
  #11738);
#12527 = PRESENTATION_STYLE_ASSIGNMENT((#12528));
#12528 = SURFACE_STYLE_USAGE(.BOTH.,#12529);
#12529 = SURFACE_SIDE_STYLE('',(#12530));
#12530 = SURFACE_STYLE_FILL_AREA(#12531);
#12531 = FILL_AREA_STYLE('',(#12532));
#12532 = FILL_AREA_STYLE_COLOUR('',#11761);
#12533 = OVER_RIDING_STYLED_ITEM('overriding color',(#12534),#4039,
  #11738);
#12534 = PRESENTATION_STYLE_ASSIGNMENT((#12535));
#12535 = SURFACE_STYLE_USAGE(.BOTH.,#12536);
#12536 = SURFACE_SIDE_STYLE('',(#12537));
#12537 = SURFACE_STYLE_FILL_AREA(#12538);
#12538 = FILL_AREA_STYLE('',(#12539));
#12539 = FILL_AREA_STYLE_COLOUR('',#11761);
#12540 = OVER_RIDING_STYLED_ITEM('overriding color',(#12541),#4065,
  #11738);
#12541 = PRESENTATION_STYLE_ASSIGNMENT((#12542));
#12542 = SURFACE_STYLE_USAGE(.BOTH.,#12543);
#12543 = SURFACE_SIDE_STYLE('',(#12544));
#12544 = SURFACE_STYLE_FILL_AREA(#12545);
#12545 = FILL_AREA_STYLE('',(#12546));
#12546 = FILL_AREA_STYLE_COLOUR('',#11761);
#12547 = OVER_RIDING_STYLED_ITEM('overriding color',(#12548),#4091,
  #11738);
#12548 = PRESENTATION_STYLE_ASSIGNMENT((#12549));
#12549 = SURFACE_STYLE_USAGE(.BOTH.,#12550);
#12550 = SURFACE_SIDE_STYLE('',(#12551));
#12551 = SURFACE_STYLE_FILL_AREA(#12552);
#12552 = FILL_AREA_STYLE('',(#12553));
#12553 = FILL_AREA_STYLE_COLOUR('',#11761);
#12554 = OVER_RIDING_STYLED_ITEM('overriding color',(#12555),#4111,
  #11738);
#12555 = PRESENTATION_STYLE_ASSIGNMENT((#12556));
#12556 = SURFACE_STYLE_USAGE(.BOTH.,#12557);
#12557 = SURFACE_SIDE_STYLE('',(#12558));
#12558 = SURFACE_STYLE_FILL_AREA(#12559);
#12559 = FILL_AREA_STYLE('',(#12560));
#12560 = FILL_AREA_STYLE_COLOUR('',#11761);
#12561 = OVER_RIDING_STYLED_ITEM('overriding color',(#12562),#4130,
  #11738);
#12562 = PRESENTATION_STYLE_ASSIGNMENT((#12563));
#12563 = SURFACE_STYLE_USAGE(.BOTH.,#12564);
#12564 = SURFACE_SIDE_STYLE('',(#12565));
#12565 = SURFACE_STYLE_FILL_AREA(#12566);
#12566 = FILL_AREA_STYLE('',(#12567));
#12567 = FILL_AREA_STYLE_COLOUR('',#11761);
#12568 = OVER_RIDING_STYLED_ITEM('overriding color',(#12569),#4154,
  #11738);
#12569 = PRESENTATION_STYLE_ASSIGNMENT((#12570));
#12570 = SURFACE_STYLE_USAGE(.BOTH.,#12571);
#12571 = SURFACE_SIDE_STYLE('',(#12572));
#12572 = SURFACE_STYLE_FILL_AREA(#12573);
#12573 = FILL_AREA_STYLE('',(#12574));
#12574 = FILL_AREA_STYLE_COLOUR('',#11761);
#12575 = OVER_RIDING_STYLED_ITEM('overriding color',(#12576),#4173,
  #11738);
#12576 = PRESENTATION_STYLE_ASSIGNMENT((#12577));
#12577 = SURFACE_STYLE_USAGE(.BOTH.,#12578);
#12578 = SURFACE_SIDE_STYLE('',(#12579));
#12579 = SURFACE_STYLE_FILL_AREA(#12580);
#12580 = FILL_AREA_STYLE('',(#12581));
#12581 = FILL_AREA_STYLE_COLOUR('',#11761);
#12582 = OVER_RIDING_STYLED_ITEM('overriding color',(#12583),#4193,
  #11738);
#12583 = PRESENTATION_STYLE_ASSIGNMENT((#12584));
#12584 = SURFACE_STYLE_USAGE(.BOTH.,#12585);
#12585 = SURFACE_SIDE_STYLE('',(#12586));
#12586 = SURFACE_STYLE_FILL_AREA(#12587);
#12587 = FILL_AREA_STYLE('',(#12588));
#12588 = FILL_AREA_STYLE_COLOUR('',#11761);
#12589 = OVER_RIDING_STYLED_ITEM('overriding color',(#12590),#4212,
  #11738);
#12590 = PRESENTATION_STYLE_ASSIGNMENT((#12591));
#12591 = SURFACE_STYLE_USAGE(.BOTH.,#12592);
#12592 = SURFACE_SIDE_STYLE('',(#12593));
#12593 = SURFACE_STYLE_FILL_AREA(#12594);
#12594 = FILL_AREA_STYLE('',(#12595));
#12595 = FILL_AREA_STYLE_COLOUR('',#11761);
#12596 = OVER_RIDING_STYLED_ITEM('overriding color',(#12597),#4233,
  #11738);
#12597 = PRESENTATION_STYLE_ASSIGNMENT((#12598));
#12598 = SURFACE_STYLE_USAGE(.BOTH.,#12599);
#12599 = SURFACE_SIDE_STYLE('',(#12600));
#12600 = SURFACE_STYLE_FILL_AREA(#12601);
#12601 = FILL_AREA_STYLE('',(#12602));
#12602 = FILL_AREA_STYLE_COLOUR('',#11761);
#12603 = OVER_RIDING_STYLED_ITEM('overriding color',(#12604),#4254,
  #11738);
#12604 = PRESENTATION_STYLE_ASSIGNMENT((#12605));
#12605 = SURFACE_STYLE_USAGE(.BOTH.,#12606);
#12606 = SURFACE_SIDE_STYLE('',(#12607));
#12607 = SURFACE_STYLE_FILL_AREA(#12608);
#12608 = FILL_AREA_STYLE('',(#12609));
#12609 = FILL_AREA_STYLE_COLOUR('',#11761);
#12610 = OVER_RIDING_STYLED_ITEM('overriding color',(#12611),#4273,
  #11738);
#12611 = PRESENTATION_STYLE_ASSIGNMENT((#12612));
#12612 = SURFACE_STYLE_USAGE(.BOTH.,#12613);
#12613 = SURFACE_SIDE_STYLE('',(#12614));
#12614 = SURFACE_STYLE_FILL_AREA(#12615);
#12615 = FILL_AREA_STYLE('',(#12616));
#12616 = FILL_AREA_STYLE_COLOUR('',#11761);
#12617 = OVER_RIDING_STYLED_ITEM('overriding color',(#12618),#4297,
  #11738);
#12618 = PRESENTATION_STYLE_ASSIGNMENT((#12619));
#12619 = SURFACE_STYLE_USAGE(.BOTH.,#12620);
#12620 = SURFACE_SIDE_STYLE('',(#12621));
#12621 = SURFACE_STYLE_FILL_AREA(#12622);
#12622 = FILL_AREA_STYLE('',(#12623));
#12623 = FILL_AREA_STYLE_COLOUR('',#11761);
#12624 = OVER_RIDING_STYLED_ITEM('overriding color',(#12625),#4318,
  #11738);
#12625 = PRESENTATION_STYLE_ASSIGNMENT((#12626));
#12626 = SURFACE_STYLE_USAGE(.BOTH.,#12627);
#12627 = SURFACE_SIDE_STYLE('',(#12628));
#12628 = SURFACE_STYLE_FILL_AREA(#12629);
#12629 = FILL_AREA_STYLE('',(#12630));
#12630 = FILL_AREA_STYLE_COLOUR('',#11761);
#12631 = OVER_RIDING_STYLED_ITEM('overriding color',(#12632),#4338,
  #11738);
#12632 = PRESENTATION_STYLE_ASSIGNMENT((#12633));
#12633 = SURFACE_STYLE_USAGE(.BOTH.,#12634);
#12634 = SURFACE_SIDE_STYLE('',(#12635));
#12635 = SURFACE_STYLE_FILL_AREA(#12636);
#12636 = FILL_AREA_STYLE('',(#12637));
#12637 = FILL_AREA_STYLE_COLOUR('',#11761);
#12638 = OVER_RIDING_STYLED_ITEM('overriding color',(#12639),#4358,
  #11738);
#12639 = PRESENTATION_STYLE_ASSIGNMENT((#12640));
#12640 = SURFACE_STYLE_USAGE(.BOTH.,#12641);
#12641 = SURFACE_SIDE_STYLE('',(#12642));
#12642 = SURFACE_STYLE_FILL_AREA(#12643);
#12643 = FILL_AREA_STYLE('',(#12644));
#12644 = FILL_AREA_STYLE_COLOUR('',#11761);
#12645 = OVER_RIDING_STYLED_ITEM('overriding color',(#12646),#4379,
  #11738);
#12646 = PRESENTATION_STYLE_ASSIGNMENT((#12647));
#12647 = SURFACE_STYLE_USAGE(.BOTH.,#12648);
#12648 = SURFACE_SIDE_STYLE('',(#12649));
#12649 = SURFACE_STYLE_FILL_AREA(#12650);
#12650 = FILL_AREA_STYLE('',(#12651));
#12651 = FILL_AREA_STYLE_COLOUR('',#11761);
#12652 = OVER_RIDING_STYLED_ITEM('overriding color',(#12653),#4398,
  #11738);
#12653 = PRESENTATION_STYLE_ASSIGNMENT((#12654));
#12654 = SURFACE_STYLE_USAGE(.BOTH.,#12655);
#12655 = SURFACE_SIDE_STYLE('',(#12656));
#12656 = SURFACE_STYLE_FILL_AREA(#12657);
#12657 = FILL_AREA_STYLE('',(#12658));
#12658 = FILL_AREA_STYLE_COLOUR('',#11761);
#12659 = OVER_RIDING_STYLED_ITEM('overriding color',(#12660),#4417,
  #11738);
#12660 = PRESENTATION_STYLE_ASSIGNMENT((#12661));
#12661 = SURFACE_STYLE_USAGE(.BOTH.,#12662);
#12662 = SURFACE_SIDE_STYLE('',(#12663));
#12663 = SURFACE_STYLE_FILL_AREA(#12664);
#12664 = FILL_AREA_STYLE('',(#12665));
#12665 = FILL_AREA_STYLE_COLOUR('',#11761);
#12666 = OVER_RIDING_STYLED_ITEM('overriding color',(#12667),#4436,
  #11738);
#12667 = PRESENTATION_STYLE_ASSIGNMENT((#12668));
#12668 = SURFACE_STYLE_USAGE(.BOTH.,#12669);
#12669 = SURFACE_SIDE_STYLE('',(#12670));
#12670 = SURFACE_STYLE_FILL_AREA(#12671);
#12671 = FILL_AREA_STYLE('',(#12672));
#12672 = FILL_AREA_STYLE_COLOUR('',#11761);
#12673 = OVER_RIDING_STYLED_ITEM('overriding color',(#12674),#4455,
  #11738);
#12674 = PRESENTATION_STYLE_ASSIGNMENT((#12675));
#12675 = SURFACE_STYLE_USAGE(.BOTH.,#12676);
#12676 = SURFACE_SIDE_STYLE('',(#12677));
#12677 = SURFACE_STYLE_FILL_AREA(#12678);
#12678 = FILL_AREA_STYLE('',(#12679));
#12679 = FILL_AREA_STYLE_COLOUR('',#11761);
#12680 = OVER_RIDING_STYLED_ITEM('overriding color',(#12681),#4476,
  #11738);
#12681 = PRESENTATION_STYLE_ASSIGNMENT((#12682));
#12682 = SURFACE_STYLE_USAGE(.BOTH.,#12683);
#12683 = SURFACE_SIDE_STYLE('',(#12684));
#12684 = SURFACE_STYLE_FILL_AREA(#12685);
#12685 = FILL_AREA_STYLE('',(#12686));
#12686 = FILL_AREA_STYLE_COLOUR('',#11761);
#12687 = OVER_RIDING_STYLED_ITEM('overriding color',(#12688),#4497,
  #11738);
#12688 = PRESENTATION_STYLE_ASSIGNMENT((#12689));
#12689 = SURFACE_STYLE_USAGE(.BOTH.,#12690);
#12690 = SURFACE_SIDE_STYLE('',(#12691));
#12691 = SURFACE_STYLE_FILL_AREA(#12692);
#12692 = FILL_AREA_STYLE('',(#12693));
#12693 = FILL_AREA_STYLE_COLOUR('',#11761);
#12694 = STYLED_ITEM('color',(#12695),#4511);
#12695 = PRESENTATION_STYLE_ASSIGNMENT((#12696));
#12696 = SURFACE_STYLE_USAGE(.BOTH.,#12697);
#12697 = SURFACE_SIDE_STYLE('',(#12698));
#12698 = SURFACE_STYLE_FILL_AREA(#12699);
#12699 = FILL_AREA_STYLE('',(#12700));
#12700 = FILL_AREA_STYLE_COLOUR('',#11745);
#12701 = OVER_RIDING_STYLED_ITEM('overriding color',(#12702),#4513,
  #12694);
#12702 = PRESENTATION_STYLE_ASSIGNMENT((#12703));
#12703 = SURFACE_STYLE_USAGE(.BOTH.,#12704);
#12704 = SURFACE_SIDE_STYLE('',(#12705));
#12705 = SURFACE_STYLE_FILL_AREA(#12706);
#12706 = FILL_AREA_STYLE('',(#12707));
#12707 = FILL_AREA_STYLE_COLOUR('',#11832);
#12708 = OVER_RIDING_STYLED_ITEM('overriding color',(#12709),#4549,
  #12694);
#12709 = PRESENTATION_STYLE_ASSIGNMENT((#12710));
#12710 = SURFACE_STYLE_USAGE(.BOTH.,#12711);
#12711 = SURFACE_SIDE_STYLE('',(#12712));
#12712 = SURFACE_STYLE_FILL_AREA(#12713);
#12713 = FILL_AREA_STYLE('',(#12714));
#12714 = FILL_AREA_STYLE_COLOUR('',#11832);
#12715 = OVER_RIDING_STYLED_ITEM('overriding color',(#12716),#4577,
  #12694);
#12716 = PRESENTATION_STYLE_ASSIGNMENT((#12717));
#12717 = SURFACE_STYLE_USAGE(.BOTH.,#12718);
#12718 = SURFACE_SIDE_STYLE('',(#12719));
#12719 = SURFACE_STYLE_FILL_AREA(#12720);
#12720 = FILL_AREA_STYLE('',(#12721));
#12721 = FILL_AREA_STYLE_COLOUR('',#11832);
#12722 = OVER_RIDING_STYLED_ITEM('overriding color',(#12723),#4605,
  #12694);
#12723 = PRESENTATION_STYLE_ASSIGNMENT((#12724));
#12724 = SURFACE_STYLE_USAGE(.BOTH.,#12725);
#12725 = SURFACE_SIDE_STYLE('',(#12726));
#12726 = SURFACE_STYLE_FILL_AREA(#12727);
#12727 = FILL_AREA_STYLE('',(#12728));
#12728 = FILL_AREA_STYLE_COLOUR('',#11832);
#12729 = OVER_RIDING_STYLED_ITEM('overriding color',(#12730),#4633,
  #12694);
#12730 = PRESENTATION_STYLE_ASSIGNMENT((#12731));
#12731 = SURFACE_STYLE_USAGE(.BOTH.,#12732);
#12732 = SURFACE_SIDE_STYLE('',(#12733));
#12733 = SURFACE_STYLE_FILL_AREA(#12734);
#12734 = FILL_AREA_STYLE('',(#12735));
#12735 = FILL_AREA_STYLE_COLOUR('',#11832);
#12736 = OVER_RIDING_STYLED_ITEM('overriding color',(#12737),#4661,
  #12694);
#12737 = PRESENTATION_STYLE_ASSIGNMENT((#12738));
#12738 = SURFACE_STYLE_USAGE(.BOTH.,#12739);
#12739 = SURFACE_SIDE_STYLE('',(#12740));
#12740 = SURFACE_STYLE_FILL_AREA(#12741);
#12741 = FILL_AREA_STYLE('',(#12742));
#12742 = FILL_AREA_STYLE_COLOUR('',#11832);
#12743 = OVER_RIDING_STYLED_ITEM('overriding color',(#12744),#4681,
  #12694);
#12744 = PRESENTATION_STYLE_ASSIGNMENT((#12745));
#12745 = SURFACE_STYLE_USAGE(.BOTH.,#12746);
#12746 = SURFACE_SIDE_STYLE('',(#12747));
#12747 = SURFACE_STYLE_FILL_AREA(#12748);
#12748 = FILL_AREA_STYLE('',(#12749));
#12749 = FILL_AREA_STYLE_COLOUR('',#11832);
#12750 = OVER_RIDING_STYLED_ITEM('overriding color',(#12751),#4695,
  #12694);
#12751 = PRESENTATION_STYLE_ASSIGNMENT((#12752));
#12752 = SURFACE_STYLE_USAGE(.BOTH.,#12753);
#12753 = SURFACE_SIDE_STYLE('',(#12754));
#12754 = SURFACE_STYLE_FILL_AREA(#12755);
#12755 = FILL_AREA_STYLE('',(#12756));
#12756 = FILL_AREA_STYLE_COLOUR('',#11832);
#12757 = STYLED_ITEM('color',(#12758),#4709);
#12758 = PRESENTATION_STYLE_ASSIGNMENT((#12759));
#12759 = SURFACE_STYLE_USAGE(.BOTH.,#12760);
#12760 = SURFACE_SIDE_STYLE('',(#12761));
#12761 = SURFACE_STYLE_FILL_AREA(#12762);
#12762 = FILL_AREA_STYLE('',(#12763));
#12763 = FILL_AREA_STYLE_COLOUR('',#11745);
#12764 = OVER_RIDING_STYLED_ITEM('overriding color',(#12765),#4711,
  #12757);
#12765 = PRESENTATION_STYLE_ASSIGNMENT((#12766));
#12766 = SURFACE_STYLE_USAGE(.BOTH.,#12767);
#12767 = SURFACE_SIDE_STYLE('',(#12768));
#12768 = SURFACE_STYLE_FILL_AREA(#12769);
#12769 = FILL_AREA_STYLE('',(#12770));
#12770 = FILL_AREA_STYLE_COLOUR('',#11832);
#12771 = OVER_RIDING_STYLED_ITEM('overriding color',(#12772),#4755,
  #12757);
#12772 = PRESENTATION_STYLE_ASSIGNMENT((#12773));
#12773 = SURFACE_STYLE_USAGE(.BOTH.,#12774);
#12774 = SURFACE_SIDE_STYLE('',(#12775));
#12775 = SURFACE_STYLE_FILL_AREA(#12776);
#12776 = FILL_AREA_STYLE('',(#12777));
#12777 = FILL_AREA_STYLE_COLOUR('',#11832);
#12778 = OVER_RIDING_STYLED_ITEM('overriding color',(#12779),#4783,
  #12757);
#12779 = PRESENTATION_STYLE_ASSIGNMENT((#12780));
#12780 = SURFACE_STYLE_USAGE(.BOTH.,#12781);
#12781 = SURFACE_SIDE_STYLE('',(#12782));
#12782 = SURFACE_STYLE_FILL_AREA(#12783);
#12783 = FILL_AREA_STYLE('',(#12784));
#12784 = FILL_AREA_STYLE_COLOUR('',#11832);
#12785 = OVER_RIDING_STYLED_ITEM('overriding color',(#12786),#4819,
  #12757);
#12786 = PRESENTATION_STYLE_ASSIGNMENT((#12787));
#12787 = SURFACE_STYLE_USAGE(.BOTH.,#12788);
#12788 = SURFACE_SIDE_STYLE('',(#12789));
#12789 = SURFACE_STYLE_FILL_AREA(#12790);
#12790 = FILL_AREA_STYLE('',(#12791));
#12791 = FILL_AREA_STYLE_COLOUR('',#11832);
#12792 = OVER_RIDING_STYLED_ITEM('overriding color',(#12793),#4855,
  #12757);
#12793 = PRESENTATION_STYLE_ASSIGNMENT((#12794));
#12794 = SURFACE_STYLE_USAGE(.BOTH.,#12795);
#12795 = SURFACE_SIDE_STYLE('',(#12796));
#12796 = SURFACE_STYLE_FILL_AREA(#12797);
#12797 = FILL_AREA_STYLE('',(#12798));
#12798 = FILL_AREA_STYLE_COLOUR('',#11832);
#12799 = OVER_RIDING_STYLED_ITEM('overriding color',(#12800),#4891,
  #12757);
#12800 = PRESENTATION_STYLE_ASSIGNMENT((#12801));
#12801 = SURFACE_STYLE_USAGE(.BOTH.,#12802);
#12802 = SURFACE_SIDE_STYLE('',(#12803));
#12803 = SURFACE_STYLE_FILL_AREA(#12804);
#12804 = FILL_AREA_STYLE('',(#12805));
#12805 = FILL_AREA_STYLE_COLOUR('',#11832);
#12806 = OVER_RIDING_STYLED_ITEM('overriding color',(#12807),#4927,
  #12757);
#12807 = PRESENTATION_STYLE_ASSIGNMENT((#12808));
#12808 = SURFACE_STYLE_USAGE(.BOTH.,#12809);
#12809 = SURFACE_SIDE_STYLE('',(#12810));
#12810 = SURFACE_STYLE_FILL_AREA(#12811);
#12811 = FILL_AREA_STYLE('',(#12812));
#12812 = FILL_AREA_STYLE_COLOUR('',#11832);
#12813 = OVER_RIDING_STYLED_ITEM('overriding color',(#12814),#4963,
  #12757);
#12814 = PRESENTATION_STYLE_ASSIGNMENT((#12815));
#12815 = SURFACE_STYLE_USAGE(.BOTH.,#12816);
#12816 = SURFACE_SIDE_STYLE('',(#12817));
#12817 = SURFACE_STYLE_FILL_AREA(#12818);
#12818 = FILL_AREA_STYLE('',(#12819));
#12819 = FILL_AREA_STYLE_COLOUR('',#11832);
#12820 = OVER_RIDING_STYLED_ITEM('overriding color',(#12821),#4999,
  #12757);
#12821 = PRESENTATION_STYLE_ASSIGNMENT((#12822));
#12822 = SURFACE_STYLE_USAGE(.BOTH.,#12823);
#12823 = SURFACE_SIDE_STYLE('',(#12824));
#12824 = SURFACE_STYLE_FILL_AREA(#12825);
#12825 = FILL_AREA_STYLE('',(#12826));
#12826 = FILL_AREA_STYLE_COLOUR('',#11832);
#12827 = OVER_RIDING_STYLED_ITEM('overriding color',(#12828),#5027,
  #12757);
#12828 = PRESENTATION_STYLE_ASSIGNMENT((#12829));
#12829 = SURFACE_STYLE_USAGE(.BOTH.,#12830);
#12830 = SURFACE_SIDE_STYLE('',(#12831));
#12831 = SURFACE_STYLE_FILL_AREA(#12832);
#12832 = FILL_AREA_STYLE('',(#12833));
#12833 = FILL_AREA_STYLE_COLOUR('',#11832);
#12834 = OVER_RIDING_STYLED_ITEM('overriding color',(#12835),#5063,
  #12757);
#12835 = PRESENTATION_STYLE_ASSIGNMENT((#12836));
#12836 = SURFACE_STYLE_USAGE(.BOTH.,#12837);
#12837 = SURFACE_SIDE_STYLE('',(#12838));
#12838 = SURFACE_STYLE_FILL_AREA(#12839);
#12839 = FILL_AREA_STYLE('',(#12840));
#12840 = FILL_AREA_STYLE_COLOUR('',#11832);
#12841 = OVER_RIDING_STYLED_ITEM('overriding color',(#12842),#5099,
  #12757);
#12842 = PRESENTATION_STYLE_ASSIGNMENT((#12843));
#12843 = SURFACE_STYLE_USAGE(.BOTH.,#12844);
#12844 = SURFACE_SIDE_STYLE('',(#12845));
#12845 = SURFACE_STYLE_FILL_AREA(#12846);
#12846 = FILL_AREA_STYLE('',(#12847));
#12847 = FILL_AREA_STYLE_COLOUR('',#11832);
#12848 = OVER_RIDING_STYLED_ITEM('overriding color',(#12849),#5135,
  #12757);
#12849 = PRESENTATION_STYLE_ASSIGNMENT((#12850));
#12850 = SURFACE_STYLE_USAGE(.BOTH.,#12851);
#12851 = SURFACE_SIDE_STYLE('',(#12852));
#12852 = SURFACE_STYLE_FILL_AREA(#12853);
#12853 = FILL_AREA_STYLE('',(#12854));
#12854 = FILL_AREA_STYLE_COLOUR('',#11832);
#12855 = OVER_RIDING_STYLED_ITEM('overriding color',(#12856),#5171,
  #12757);
#12856 = PRESENTATION_STYLE_ASSIGNMENT((#12857));
#12857 = SURFACE_STYLE_USAGE(.BOTH.,#12858);
#12858 = SURFACE_SIDE_STYLE('',(#12859));
#12859 = SURFACE_STYLE_FILL_AREA(#12860);
#12860 = FILL_AREA_STYLE('',(#12861));
#12861 = FILL_AREA_STYLE_COLOUR('',#11832);
#12862 = OVER_RIDING_STYLED_ITEM('overriding color',(#12863),#5199,
  #12757);
#12863 = PRESENTATION_STYLE_ASSIGNMENT((#12864));
#12864 = SURFACE_STYLE_USAGE(.BOTH.,#12865);
#12865 = SURFACE_SIDE_STYLE('',(#12866));
#12866 = SURFACE_STYLE_FILL_AREA(#12867);
#12867 = FILL_AREA_STYLE('',(#12868));
#12868 = FILL_AREA_STYLE_COLOUR('',#11832);
#12869 = OVER_RIDING_STYLED_ITEM('overriding color',(#12870),#5221,
  #12757);
#12870 = PRESENTATION_STYLE_ASSIGNMENT((#12871));
#12871 = SURFACE_STYLE_USAGE(.BOTH.,#12872);
#12872 = SURFACE_SIDE_STYLE('',(#12873));
#12873 = SURFACE_STYLE_FILL_AREA(#12874);
#12874 = FILL_AREA_STYLE('',(#12875));
#12875 = FILL_AREA_STYLE_COLOUR('',#11832);
#12876 = STYLED_ITEM('color',(#12877),#5243);
#12877 = PRESENTATION_STYLE_ASSIGNMENT((#12878));
#12878 = SURFACE_STYLE_USAGE(.BOTH.,#12879);
#12879 = SURFACE_SIDE_STYLE('',(#12880));
#12880 = SURFACE_STYLE_FILL_AREA(#12881);
#12881 = FILL_AREA_STYLE('',(#12882));
#12882 = FILL_AREA_STYLE_COLOUR('',#11745);
#12883 = OVER_RIDING_STYLED_ITEM('overriding color',(#12884),#5245,
  #12876);
#12884 = PRESENTATION_STYLE_ASSIGNMENT((#12885));
#12885 = SURFACE_STYLE_USAGE(.BOTH.,#12886);
#12886 = SURFACE_SIDE_STYLE('',(#12887));
#12887 = SURFACE_STYLE_FILL_AREA(#12888);
#12888 = FILL_AREA_STYLE('',(#12889));
#12889 = FILL_AREA_STYLE_COLOUR('',#11832);
#12890 = OVER_RIDING_STYLED_ITEM('overriding color',(#12891),#5281,
  #12876);
#12891 = PRESENTATION_STYLE_ASSIGNMENT((#12892));
#12892 = SURFACE_STYLE_USAGE(.BOTH.,#12893);
#12893 = SURFACE_SIDE_STYLE('',(#12894));
#12894 = SURFACE_STYLE_FILL_AREA(#12895);
#12895 = FILL_AREA_STYLE('',(#12896));
#12896 = FILL_AREA_STYLE_COLOUR('',#11832);
#12897 = OVER_RIDING_STYLED_ITEM('overriding color',(#12898),#5309,
  #12876);
#12898 = PRESENTATION_STYLE_ASSIGNMENT((#12899));
#12899 = SURFACE_STYLE_USAGE(.BOTH.,#12900);
#12900 = SURFACE_SIDE_STYLE('',(#12901));
#12901 = SURFACE_STYLE_FILL_AREA(#12902);
#12902 = FILL_AREA_STYLE('',(#12903));
#12903 = FILL_AREA_STYLE_COLOUR('',#11832);
#12904 = OVER_RIDING_STYLED_ITEM('overriding color',(#12905),#5337,
  #12876);
#12905 = PRESENTATION_STYLE_ASSIGNMENT((#12906));
#12906 = SURFACE_STYLE_USAGE(.BOTH.,#12907);
#12907 = SURFACE_SIDE_STYLE('',(#12908));
#12908 = SURFACE_STYLE_FILL_AREA(#12909);
#12909 = FILL_AREA_STYLE('',(#12910));
#12910 = FILL_AREA_STYLE_COLOUR('',#11832);
#12911 = OVER_RIDING_STYLED_ITEM('overriding color',(#12912),#5365,
  #12876);
#12912 = PRESENTATION_STYLE_ASSIGNMENT((#12913));
#12913 = SURFACE_STYLE_USAGE(.BOTH.,#12914);
#12914 = SURFACE_SIDE_STYLE('',(#12915));
#12915 = SURFACE_STYLE_FILL_AREA(#12916);
#12916 = FILL_AREA_STYLE('',(#12917));
#12917 = FILL_AREA_STYLE_COLOUR('',#11832);
#12918 = OVER_RIDING_STYLED_ITEM('overriding color',(#12919),#5393,
  #12876);
#12919 = PRESENTATION_STYLE_ASSIGNMENT((#12920));
#12920 = SURFACE_STYLE_USAGE(.BOTH.,#12921);
#12921 = SURFACE_SIDE_STYLE('',(#12922));
#12922 = SURFACE_STYLE_FILL_AREA(#12923);
#12923 = FILL_AREA_STYLE('',(#12924));
#12924 = FILL_AREA_STYLE_COLOUR('',#11832);
#12925 = OVER_RIDING_STYLED_ITEM('overriding color',(#12926),#5421,
  #12876);
#12926 = PRESENTATION_STYLE_ASSIGNMENT((#12927));
#12927 = SURFACE_STYLE_USAGE(.BOTH.,#12928);
#12928 = SURFACE_SIDE_STYLE('',(#12929));
#12929 = SURFACE_STYLE_FILL_AREA(#12930);
#12930 = FILL_AREA_STYLE('',(#12931));
#12931 = FILL_AREA_STYLE_COLOUR('',#11832);
#12932 = OVER_RIDING_STYLED_ITEM('overriding color',(#12933),#5449,
  #12876);
#12933 = PRESENTATION_STYLE_ASSIGNMENT((#12934));
#12934 = SURFACE_STYLE_USAGE(.BOTH.,#12935);
#12935 = SURFACE_SIDE_STYLE('',(#12936));
#12936 = SURFACE_STYLE_FILL_AREA(#12937);
#12937 = FILL_AREA_STYLE('',(#12938));
#12938 = FILL_AREA_STYLE_COLOUR('',#11832);
#12939 = OVER_RIDING_STYLED_ITEM('overriding color',(#12940),#5477,
  #12876);
#12940 = PRESENTATION_STYLE_ASSIGNMENT((#12941));
#12941 = SURFACE_STYLE_USAGE(.BOTH.,#12942);
#12942 = SURFACE_SIDE_STYLE('',(#12943));
#12943 = SURFACE_STYLE_FILL_AREA(#12944);
#12944 = FILL_AREA_STYLE('',(#12945));
#12945 = FILL_AREA_STYLE_COLOUR('',#11832);
#12946 = OVER_RIDING_STYLED_ITEM('overriding color',(#12947),#5505,
  #12876);
#12947 = PRESENTATION_STYLE_ASSIGNMENT((#12948));
#12948 = SURFACE_STYLE_USAGE(.BOTH.,#12949);
#12949 = SURFACE_SIDE_STYLE('',(#12950));
#12950 = SURFACE_STYLE_FILL_AREA(#12951);
#12951 = FILL_AREA_STYLE('',(#12952));
#12952 = FILL_AREA_STYLE_COLOUR('',#11832);
#12953 = OVER_RIDING_STYLED_ITEM('overriding color',(#12954),#5533,
  #12876);
#12954 = PRESENTATION_STYLE_ASSIGNMENT((#12955));
#12955 = SURFACE_STYLE_USAGE(.BOTH.,#12956);
#12956 = SURFACE_SIDE_STYLE('',(#12957));
#12957 = SURFACE_STYLE_FILL_AREA(#12958);
#12958 = FILL_AREA_STYLE('',(#12959));
#12959 = FILL_AREA_STYLE_COLOUR('',#11832);
#12960 = OVER_RIDING_STYLED_ITEM('overriding color',(#12961),#5561,
  #12876);
#12961 = PRESENTATION_STYLE_ASSIGNMENT((#12962));
#12962 = SURFACE_STYLE_USAGE(.BOTH.,#12963);
#12963 = SURFACE_SIDE_STYLE('',(#12964));
#12964 = SURFACE_STYLE_FILL_AREA(#12965);
#12965 = FILL_AREA_STYLE('',(#12966));
#12966 = FILL_AREA_STYLE_COLOUR('',#11832);
#12967 = OVER_RIDING_STYLED_ITEM('overriding color',(#12968),#5581,
  #12876);
#12968 = PRESENTATION_STYLE_ASSIGNMENT((#12969));
#12969 = SURFACE_STYLE_USAGE(.BOTH.,#12970);
#12970 = SURFACE_SIDE_STYLE('',(#12971));
#12971 = SURFACE_STYLE_FILL_AREA(#12972);
#12972 = FILL_AREA_STYLE('',(#12973));
#12973 = FILL_AREA_STYLE_COLOUR('',#11832);
#12974 = OVER_RIDING_STYLED_ITEM('overriding color',(#12975),#5601,
  #12876);
#12975 = PRESENTATION_STYLE_ASSIGNMENT((#12976));
#12976 = SURFACE_STYLE_USAGE(.BOTH.,#12977);
#12977 = SURFACE_SIDE_STYLE('',(#12978));
#12978 = SURFACE_STYLE_FILL_AREA(#12979);
#12979 = FILL_AREA_STYLE('',(#12980));
#12980 = FILL_AREA_STYLE_COLOUR('',#11832);
#12981 = STYLED_ITEM('color',(#12982),#5621);
#12982 = PRESENTATION_STYLE_ASSIGNMENT((#12983));
#12983 = SURFACE_STYLE_USAGE(.BOTH.,#12984);
#12984 = SURFACE_SIDE_STYLE('',(#12985));
#12985 = SURFACE_STYLE_FILL_AREA(#12986);
#12986 = FILL_AREA_STYLE('',(#12987));
#12987 = FILL_AREA_STYLE_COLOUR('',#11745);
#12988 = OVER_RIDING_STYLED_ITEM('overriding color',(#12989),#5623,
  #12981);
#12989 = PRESENTATION_STYLE_ASSIGNMENT((#12990));
#12990 = SURFACE_STYLE_USAGE(.BOTH.,#12991);
#12991 = SURFACE_SIDE_STYLE('',(#12992));
#12992 = SURFACE_STYLE_FILL_AREA(#12993);
#12993 = FILL_AREA_STYLE('',(#12994));
#12994 = FILL_AREA_STYLE_COLOUR('',#11832);
#12995 = OVER_RIDING_STYLED_ITEM('overriding color',(#12996),#5747,
  #12981);
#12996 = PRESENTATION_STYLE_ASSIGNMENT((#12997));
#12997 = SURFACE_STYLE_USAGE(.BOTH.,#12998);
#12998 = SURFACE_SIDE_STYLE('',(#12999));
#12999 = SURFACE_STYLE_FILL_AREA(#13000);
#13000 = FILL_AREA_STYLE('',(#13001));
#13001 = FILL_AREA_STYLE_COLOUR('',#11832);
#13002 = OVER_RIDING_STYLED_ITEM('overriding color',(#13003),#5871,
  #12981);
#13003 = PRESENTATION_STYLE_ASSIGNMENT((#13004));
#13004 = SURFACE_STYLE_USAGE(.BOTH.,#13005);
#13005 = SURFACE_SIDE_STYLE('',(#13006));
#13006 = SURFACE_STYLE_FILL_AREA(#13007);
#13007 = FILL_AREA_STYLE('',(#13008));
#13008 = FILL_AREA_STYLE_COLOUR('',#11832);
#13009 = OVER_RIDING_STYLED_ITEM('overriding color',(#13010),#5891,
  #12981);
#13010 = PRESENTATION_STYLE_ASSIGNMENT((#13011));
#13011 = SURFACE_STYLE_USAGE(.BOTH.,#13012);
#13012 = SURFACE_SIDE_STYLE('',(#13013));
#13013 = SURFACE_STYLE_FILL_AREA(#13014);
#13014 = FILL_AREA_STYLE('',(#13015));
#13015 = FILL_AREA_STYLE_COLOUR('',#11832);
#13016 = OVER_RIDING_STYLED_ITEM('overriding color',(#13017),#5911,
  #12981);
#13017 = PRESENTATION_STYLE_ASSIGNMENT((#13018));
#13018 = SURFACE_STYLE_USAGE(.BOTH.,#13019);
#13019 = SURFACE_SIDE_STYLE('',(#13020));
#13020 = SURFACE_STYLE_FILL_AREA(#13021);
#13021 = FILL_AREA_STYLE('',(#13022));
#13022 = FILL_AREA_STYLE_COLOUR('',#11832);
#13023 = OVER_RIDING_STYLED_ITEM('overriding color',(#13024),#5931,
  #12981);
#13024 = PRESENTATION_STYLE_ASSIGNMENT((#13025));
#13025 = SURFACE_STYLE_USAGE(.BOTH.,#13026);
#13026 = SURFACE_SIDE_STYLE('',(#13027));
#13027 = SURFACE_STYLE_FILL_AREA(#13028);
#13028 = FILL_AREA_STYLE('',(#13029));
#13029 = FILL_AREA_STYLE_COLOUR('',#11832);
#13030 = OVER_RIDING_STYLED_ITEM('overriding color',(#13031),#5951,
  #12981);
#13031 = PRESENTATION_STYLE_ASSIGNMENT((#13032));
#13032 = SURFACE_STYLE_USAGE(.BOTH.,#13033);
#13033 = SURFACE_SIDE_STYLE('',(#13034));
#13034 = SURFACE_STYLE_FILL_AREA(#13035);
#13035 = FILL_AREA_STYLE('',(#13036));
#13036 = FILL_AREA_STYLE_COLOUR('',#11832);
#13037 = OVER_RIDING_STYLED_ITEM('overriding color',(#13038),#5971,
  #12981);
#13038 = PRESENTATION_STYLE_ASSIGNMENT((#13039));
#13039 = SURFACE_STYLE_USAGE(.BOTH.,#13040);
#13040 = SURFACE_SIDE_STYLE('',(#13041));
#13041 = SURFACE_STYLE_FILL_AREA(#13042);
#13042 = FILL_AREA_STYLE('',(#13043));
#13043 = FILL_AREA_STYLE_COLOUR('',#11832);
#13044 = OVER_RIDING_STYLED_ITEM('overriding color',(#13045),#5987,
  #12981);
#13045 = PRESENTATION_STYLE_ASSIGNMENT((#13046));
#13046 = SURFACE_STYLE_USAGE(.BOTH.,#13047);
#13047 = SURFACE_SIDE_STYLE('',(#13048));
#13048 = SURFACE_STYLE_FILL_AREA(#13049);
#13049 = FILL_AREA_STYLE('',(#13050));
#13050 = FILL_AREA_STYLE_COLOUR('',#11832);
#13051 = OVER_RIDING_STYLED_ITEM('overriding color',(#13052),#5999,
  #12981);
#13052 = PRESENTATION_STYLE_ASSIGNMENT((#13053));
#13053 = SURFACE_STYLE_USAGE(.BOTH.,#13054);
#13054 = SURFACE_SIDE_STYLE('',(#13055));
#13055 = SURFACE_STYLE_FILL_AREA(#13056);
#13056 = FILL_AREA_STYLE('',(#13057));
#13057 = FILL_AREA_STYLE_COLOUR('',#11832);
#13058 = OVER_RIDING_STYLED_ITEM('overriding color',(#13059),#6019,
  #12981);
#13059 = PRESENTATION_STYLE_ASSIGNMENT((#13060));
#13060 = SURFACE_STYLE_USAGE(.BOTH.,#13061);
#13061 = SURFACE_SIDE_STYLE('',(#13062));
#13062 = SURFACE_STYLE_FILL_AREA(#13063);
#13063 = FILL_AREA_STYLE('',(#13064));
#13064 = FILL_AREA_STYLE_COLOUR('',#11832);
#13065 = OVER_RIDING_STYLED_ITEM('overriding color',(#13066),#6035,
  #12981);
#13066 = PRESENTATION_STYLE_ASSIGNMENT((#13067));
#13067 = SURFACE_STYLE_USAGE(.BOTH.,#13068);
#13068 = SURFACE_SIDE_STYLE('',(#13069));
#13069 = SURFACE_STYLE_FILL_AREA(#13070);
#13070 = FILL_AREA_STYLE('',(#13071));
#13071 = FILL_AREA_STYLE_COLOUR('',#11832);
#13072 = OVER_RIDING_STYLED_ITEM('overriding color',(#13073),#6051,
  #12981);
#13073 = PRESENTATION_STYLE_ASSIGNMENT((#13074));
#13074 = SURFACE_STYLE_USAGE(.BOTH.,#13075);
#13075 = SURFACE_SIDE_STYLE('',(#13076));
#13076 = SURFACE_STYLE_FILL_AREA(#13077);
#13077 = FILL_AREA_STYLE('',(#13078));
#13078 = FILL_AREA_STYLE_COLOUR('',#11832);
#13079 = OVER_RIDING_STYLED_ITEM('overriding color',(#13080),#6071,
  #12981);
#13080 = PRESENTATION_STYLE_ASSIGNMENT((#13081));
#13081 = SURFACE_STYLE_USAGE(.BOTH.,#13082);
#13082 = SURFACE_SIDE_STYLE('',(#13083));
#13083 = SURFACE_STYLE_FILL_AREA(#13084);
#13084 = FILL_AREA_STYLE('',(#13085));
#13085 = FILL_AREA_STYLE_COLOUR('',#11832);
#13086 = OVER_RIDING_STYLED_ITEM('overriding color',(#13087),#6091,
  #12981);
#13087 = PRESENTATION_STYLE_ASSIGNMENT((#13088));
#13088 = SURFACE_STYLE_USAGE(.BOTH.,#13089);
#13089 = SURFACE_SIDE_STYLE('',(#13090));
#13090 = SURFACE_STYLE_FILL_AREA(#13091);
#13091 = FILL_AREA_STYLE('',(#13092));
#13092 = FILL_AREA_STYLE_COLOUR('',#11832);
#13093 = OVER_RIDING_STYLED_ITEM('overriding color',(#13094),#6111,
  #12981);
#13094 = PRESENTATION_STYLE_ASSIGNMENT((#13095));
#13095 = SURFACE_STYLE_USAGE(.BOTH.,#13096);
#13096 = SURFACE_SIDE_STYLE('',(#13097));
#13097 = SURFACE_STYLE_FILL_AREA(#13098);
#13098 = FILL_AREA_STYLE('',(#13099));
#13099 = FILL_AREA_STYLE_COLOUR('',#11832);
#13100 = STYLED_ITEM('color',(#13101),#6127);
#13101 = PRESENTATION_STYLE_ASSIGNMENT((#13102));
#13102 = SURFACE_STYLE_USAGE(.BOTH.,#13103);
#13103 = SURFACE_SIDE_STYLE('',(#13104));
#13104 = SURFACE_STYLE_FILL_AREA(#13105);
#13105 = FILL_AREA_STYLE('',(#13106));
#13106 = FILL_AREA_STYLE_COLOUR('',#11745);
#13107 = OVER_RIDING_STYLED_ITEM('overriding color',(#13108),#6129,
  #13100);
#13108 = PRESENTATION_STYLE_ASSIGNMENT((#13109));
#13109 = SURFACE_STYLE_USAGE(.BOTH.,#13110);
#13110 = SURFACE_SIDE_STYLE('',(#13111));
#13111 = SURFACE_STYLE_FILL_AREA(#13112);
#13112 = FILL_AREA_STYLE('',(#13113));
#13113 = FILL_AREA_STYLE_COLOUR('',#11832);
#13114 = OVER_RIDING_STYLED_ITEM('overriding color',(#13115),#6241,
  #13100);
#13115 = PRESENTATION_STYLE_ASSIGNMENT((#13116));
#13116 = SURFACE_STYLE_USAGE(.BOTH.,#13117);
#13117 = SURFACE_SIDE_STYLE('',(#13118));
#13118 = SURFACE_STYLE_FILL_AREA(#13119);
#13119 = FILL_AREA_STYLE('',(#13120));
#13120 = FILL_AREA_STYLE_COLOUR('',#11832);
#13121 = OVER_RIDING_STYLED_ITEM('overriding color',(#13122),#6353,
  #13100);
#13122 = PRESENTATION_STYLE_ASSIGNMENT((#13123));
#13123 = SURFACE_STYLE_USAGE(.BOTH.,#13124);
#13124 = SURFACE_SIDE_STYLE('',(#13125));
#13125 = SURFACE_STYLE_FILL_AREA(#13126);
#13126 = FILL_AREA_STYLE('',(#13127));
#13127 = FILL_AREA_STYLE_COLOUR('',#11832);
#13128 = OVER_RIDING_STYLED_ITEM('overriding color',(#13129),#6373,
  #13100);
#13129 = PRESENTATION_STYLE_ASSIGNMENT((#13130));
#13130 = SURFACE_STYLE_USAGE(.BOTH.,#13131);
#13131 = SURFACE_SIDE_STYLE('',(#13132));
#13132 = SURFACE_STYLE_FILL_AREA(#13133);
#13133 = FILL_AREA_STYLE('',(#13134));
#13134 = FILL_AREA_STYLE_COLOUR('',#11832);
#13135 = OVER_RIDING_STYLED_ITEM('overriding color',(#13136),#6389,
  #13100);
#13136 = PRESENTATION_STYLE_ASSIGNMENT((#13137));
#13137 = SURFACE_STYLE_USAGE(.BOTH.,#13138);
#13138 = SURFACE_SIDE_STYLE('',(#13139));
#13139 = SURFACE_STYLE_FILL_AREA(#13140);
#13140 = FILL_AREA_STYLE('',(#13141));
#13141 = FILL_AREA_STYLE_COLOUR('',#11832);
#13142 = OVER_RIDING_STYLED_ITEM('overriding color',(#13143),#6405,
  #13100);
#13143 = PRESENTATION_STYLE_ASSIGNMENT((#13144));
#13144 = SURFACE_STYLE_USAGE(.BOTH.,#13145);
#13145 = SURFACE_SIDE_STYLE('',(#13146));
#13146 = SURFACE_STYLE_FILL_AREA(#13147);
#13147 = FILL_AREA_STYLE('',(#13148));
#13148 = FILL_AREA_STYLE_COLOUR('',#11832);
#13149 = OVER_RIDING_STYLED_ITEM('overriding color',(#13150),#6421,
  #13100);
#13150 = PRESENTATION_STYLE_ASSIGNMENT((#13151));
#13151 = SURFACE_STYLE_USAGE(.BOTH.,#13152);
#13152 = SURFACE_SIDE_STYLE('',(#13153));
#13153 = SURFACE_STYLE_FILL_AREA(#13154);
#13154 = FILL_AREA_STYLE('',(#13155));
#13155 = FILL_AREA_STYLE_COLOUR('',#11832);
#13156 = OVER_RIDING_STYLED_ITEM('overriding color',(#13157),#6437,
  #13100);
#13157 = PRESENTATION_STYLE_ASSIGNMENT((#13158));
#13158 = SURFACE_STYLE_USAGE(.BOTH.,#13159);
#13159 = SURFACE_SIDE_STYLE('',(#13160));
#13160 = SURFACE_STYLE_FILL_AREA(#13161);
#13161 = FILL_AREA_STYLE('',(#13162));
#13162 = FILL_AREA_STYLE_COLOUR('',#11832);
#13163 = OVER_RIDING_STYLED_ITEM('overriding color',(#13164),#6453,
  #13100);
#13164 = PRESENTATION_STYLE_ASSIGNMENT((#13165));
#13165 = SURFACE_STYLE_USAGE(.BOTH.,#13166);
#13166 = SURFACE_SIDE_STYLE('',(#13167));
#13167 = SURFACE_STYLE_FILL_AREA(#13168);
#13168 = FILL_AREA_STYLE('',(#13169));
#13169 = FILL_AREA_STYLE_COLOUR('',#11832);
#13170 = OVER_RIDING_STYLED_ITEM('overriding color',(#13171),#6469,
  #13100);
#13171 = PRESENTATION_STYLE_ASSIGNMENT((#13172));
#13172 = SURFACE_STYLE_USAGE(.BOTH.,#13173);
#13173 = SURFACE_SIDE_STYLE('',(#13174));
#13174 = SURFACE_STYLE_FILL_AREA(#13175);
#13175 = FILL_AREA_STYLE('',(#13176));
#13176 = FILL_AREA_STYLE_COLOUR('',#11832);
#13177 = OVER_RIDING_STYLED_ITEM('overriding color',(#13178),#6481,
  #13100);
#13178 = PRESENTATION_STYLE_ASSIGNMENT((#13179));
#13179 = SURFACE_STYLE_USAGE(.BOTH.,#13180);
#13180 = SURFACE_SIDE_STYLE('',(#13181));
#13181 = SURFACE_STYLE_FILL_AREA(#13182);
#13182 = FILL_AREA_STYLE('',(#13183));
#13183 = FILL_AREA_STYLE_COLOUR('',#11832);
#13184 = OVER_RIDING_STYLED_ITEM('overriding color',(#13185),#6501,
  #13100);
#13185 = PRESENTATION_STYLE_ASSIGNMENT((#13186));
#13186 = SURFACE_STYLE_USAGE(.BOTH.,#13187);
#13187 = SURFACE_SIDE_STYLE('',(#13188));
#13188 = SURFACE_STYLE_FILL_AREA(#13189);
#13189 = FILL_AREA_STYLE('',(#13190));
#13190 = FILL_AREA_STYLE_COLOUR('',#11832);
#13191 = OVER_RIDING_STYLED_ITEM('overriding color',(#13192),#6517,
  #13100);
#13192 = PRESENTATION_STYLE_ASSIGNMENT((#13193));
#13193 = SURFACE_STYLE_USAGE(.BOTH.,#13194);
#13194 = SURFACE_SIDE_STYLE('',(#13195));
#13195 = SURFACE_STYLE_FILL_AREA(#13196);
#13196 = FILL_AREA_STYLE('',(#13197));
#13197 = FILL_AREA_STYLE_COLOUR('',#11832);
#13198 = OVER_RIDING_STYLED_ITEM('overriding color',(#13199),#6537,
  #13100);
#13199 = PRESENTATION_STYLE_ASSIGNMENT((#13200));
#13200 = SURFACE_STYLE_USAGE(.BOTH.,#13201);
#13201 = SURFACE_SIDE_STYLE('',(#13202));
#13202 = SURFACE_STYLE_FILL_AREA(#13203);
#13203 = FILL_AREA_STYLE('',(#13204));
#13204 = FILL_AREA_STYLE_COLOUR('',#11832);
#13205 = OVER_RIDING_STYLED_ITEM('overriding color',(#13206),#6553,
  #13100);
#13206 = PRESENTATION_STYLE_ASSIGNMENT((#13207));
#13207 = SURFACE_STYLE_USAGE(.BOTH.,#13208);
#13208 = SURFACE_SIDE_STYLE('',(#13209));
#13209 = SURFACE_STYLE_FILL_AREA(#13210);
#13210 = FILL_AREA_STYLE('',(#13211));
#13211 = FILL_AREA_STYLE_COLOUR('',#11832);
#13212 = OVER_RIDING_STYLED_ITEM('overriding color',(#13213),#6573,
  #13100);
#13213 = PRESENTATION_STYLE_ASSIGNMENT((#13214));
#13214 = SURFACE_STYLE_USAGE(.BOTH.,#13215);
#13215 = SURFACE_SIDE_STYLE('',(#13216));
#13216 = SURFACE_STYLE_FILL_AREA(#13217);
#13217 = FILL_AREA_STYLE('',(#13218));
#13218 = FILL_AREA_STYLE_COLOUR('',#11832);
#13219 = STYLED_ITEM('color',(#13220),#6585);
#13220 = PRESENTATION_STYLE_ASSIGNMENT((#13221));
#13221 = SURFACE_STYLE_USAGE(.BOTH.,#13222);
#13222 = SURFACE_SIDE_STYLE('',(#13223));
#13223 = SURFACE_STYLE_FILL_AREA(#13224);
#13224 = FILL_AREA_STYLE('',(#13225));
#13225 = FILL_AREA_STYLE_COLOUR('',#11745);
#13226 = OVER_RIDING_STYLED_ITEM('overriding color',(#13227),#6587,
  #13219);
#13227 = PRESENTATION_STYLE_ASSIGNMENT((#13228));
#13228 = SURFACE_STYLE_USAGE(.BOTH.,#13229);
#13229 = SURFACE_SIDE_STYLE('',(#13230));
#13230 = SURFACE_STYLE_FILL_AREA(#13231);
#13231 = FILL_AREA_STYLE('',(#13232));
#13232 = FILL_AREA_STYLE_COLOUR('',#11832);
#13233 = OVER_RIDING_STYLED_ITEM('overriding color',(#13234),#6623,
  #13219);
#13234 = PRESENTATION_STYLE_ASSIGNMENT((#13235));
#13235 = SURFACE_STYLE_USAGE(.BOTH.,#13236);
#13236 = SURFACE_SIDE_STYLE('',(#13237));
#13237 = SURFACE_STYLE_FILL_AREA(#13238);
#13238 = FILL_AREA_STYLE('',(#13239));
#13239 = FILL_AREA_STYLE_COLOUR('',#11832);
#13240 = OVER_RIDING_STYLED_ITEM('overriding color',(#13241),#6651,
  #13219);
#13241 = PRESENTATION_STYLE_ASSIGNMENT((#13242));
#13242 = SURFACE_STYLE_USAGE(.BOTH.,#13243);
#13243 = SURFACE_SIDE_STYLE('',(#13244));
#13244 = SURFACE_STYLE_FILL_AREA(#13245);
#13245 = FILL_AREA_STYLE('',(#13246));
#13246 = FILL_AREA_STYLE_COLOUR('',#11832);
#13247 = OVER_RIDING_STYLED_ITEM('overriding color',(#13248),#6679,
  #13219);
#13248 = PRESENTATION_STYLE_ASSIGNMENT((#13249));
#13249 = SURFACE_STYLE_USAGE(.BOTH.,#13250);
#13250 = SURFACE_SIDE_STYLE('',(#13251));
#13251 = SURFACE_STYLE_FILL_AREA(#13252);
#13252 = FILL_AREA_STYLE('',(#13253));
#13253 = FILL_AREA_STYLE_COLOUR('',#11832);
#13254 = OVER_RIDING_STYLED_ITEM('overriding color',(#13255),#6707,
  #13219);
#13255 = PRESENTATION_STYLE_ASSIGNMENT((#13256));
#13256 = SURFACE_STYLE_USAGE(.BOTH.,#13257);
#13257 = SURFACE_SIDE_STYLE('',(#13258));
#13258 = SURFACE_STYLE_FILL_AREA(#13259);
#13259 = FILL_AREA_STYLE('',(#13260));
#13260 = FILL_AREA_STYLE_COLOUR('',#11832);
#13261 = OVER_RIDING_STYLED_ITEM('overriding color',(#13262),#6735,
  #13219);
#13262 = PRESENTATION_STYLE_ASSIGNMENT((#13263));
#13263 = SURFACE_STYLE_USAGE(.BOTH.,#13264);
#13264 = SURFACE_SIDE_STYLE('',(#13265));
#13265 = SURFACE_STYLE_FILL_AREA(#13266);
#13266 = FILL_AREA_STYLE('',(#13267));
#13267 = FILL_AREA_STYLE_COLOUR('',#11832);
#13268 = OVER_RIDING_STYLED_ITEM('overriding color',(#13269),#6763,
  #13219);
#13269 = PRESENTATION_STYLE_ASSIGNMENT((#13270));
#13270 = SURFACE_STYLE_USAGE(.BOTH.,#13271);
#13271 = SURFACE_SIDE_STYLE('',(#13272));
#13272 = SURFACE_STYLE_FILL_AREA(#13273);
#13273 = FILL_AREA_STYLE('',(#13274));
#13274 = FILL_AREA_STYLE_COLOUR('',#11832);
#13275 = OVER_RIDING_STYLED_ITEM('overriding color',(#13276),#6791,
  #13219);
#13276 = PRESENTATION_STYLE_ASSIGNMENT((#13277));
#13277 = SURFACE_STYLE_USAGE(.BOTH.,#13278);
#13278 = SURFACE_SIDE_STYLE('',(#13279));
#13279 = SURFACE_STYLE_FILL_AREA(#13280);
#13280 = FILL_AREA_STYLE('',(#13281));
#13281 = FILL_AREA_STYLE_COLOUR('',#11832);
#13282 = OVER_RIDING_STYLED_ITEM('overriding color',(#13283),#6819,
  #13219);
#13283 = PRESENTATION_STYLE_ASSIGNMENT((#13284));
#13284 = SURFACE_STYLE_USAGE(.BOTH.,#13285);
#13285 = SURFACE_SIDE_STYLE('',(#13286));
#13286 = SURFACE_STYLE_FILL_AREA(#13287);
#13287 = FILL_AREA_STYLE('',(#13288));
#13288 = FILL_AREA_STYLE_COLOUR('',#11832);
#13289 = OVER_RIDING_STYLED_ITEM('overriding color',(#13290),#6847,
  #13219);
#13290 = PRESENTATION_STYLE_ASSIGNMENT((#13291));
#13291 = SURFACE_STYLE_USAGE(.BOTH.,#13292);
#13292 = SURFACE_SIDE_STYLE('',(#13293));
#13293 = SURFACE_STYLE_FILL_AREA(#13294);
#13294 = FILL_AREA_STYLE('',(#13295));
#13295 = FILL_AREA_STYLE_COLOUR('',#11832);
#13296 = OVER_RIDING_STYLED_ITEM('overriding color',(#13297),#6875,
  #13219);
#13297 = PRESENTATION_STYLE_ASSIGNMENT((#13298));
#13298 = SURFACE_STYLE_USAGE(.BOTH.,#13299);
#13299 = SURFACE_SIDE_STYLE('',(#13300));
#13300 = SURFACE_STYLE_FILL_AREA(#13301);
#13301 = FILL_AREA_STYLE('',(#13302));
#13302 = FILL_AREA_STYLE_COLOUR('',#11832);
#13303 = OVER_RIDING_STYLED_ITEM('overriding color',(#13304),#6903,
  #13219);
#13304 = PRESENTATION_STYLE_ASSIGNMENT((#13305));
#13305 = SURFACE_STYLE_USAGE(.BOTH.,#13306);
#13306 = SURFACE_SIDE_STYLE('',(#13307));
#13307 = SURFACE_STYLE_FILL_AREA(#13308);
#13308 = FILL_AREA_STYLE('',(#13309));
#13309 = FILL_AREA_STYLE_COLOUR('',#11832);
#13310 = OVER_RIDING_STYLED_ITEM('overriding color',(#13311),#6923,
  #13219);
#13311 = PRESENTATION_STYLE_ASSIGNMENT((#13312));
#13312 = SURFACE_STYLE_USAGE(.BOTH.,#13313);
#13313 = SURFACE_SIDE_STYLE('',(#13314));
#13314 = SURFACE_STYLE_FILL_AREA(#13315);
#13315 = FILL_AREA_STYLE('',(#13316));
#13316 = FILL_AREA_STYLE_COLOUR('',#11832);
#13317 = OVER_RIDING_STYLED_ITEM('overriding color',(#13318),#6943,
  #13219);
#13318 = PRESENTATION_STYLE_ASSIGNMENT((#13319));
#13319 = SURFACE_STYLE_USAGE(.BOTH.,#13320);
#13320 = SURFACE_SIDE_STYLE('',(#13321));
#13321 = SURFACE_STYLE_FILL_AREA(#13322);
#13322 = FILL_AREA_STYLE('',(#13323));
#13323 = FILL_AREA_STYLE_COLOUR('',#11832);
#13324 = STYLED_ITEM('color',(#13325),#6963);
#13325 = PRESENTATION_STYLE_ASSIGNMENT((#13326));
#13326 = SURFACE_STYLE_USAGE(.BOTH.,#13327);
#13327 = SURFACE_SIDE_STYLE('',(#13328));
#13328 = SURFACE_STYLE_FILL_AREA(#13329);
#13329 = FILL_AREA_STYLE('',(#13330));
#13330 = FILL_AREA_STYLE_COLOUR('',#11745);
#13331 = OVER_RIDING_STYLED_ITEM('overriding color',(#13332),#6965,
  #13324);
#13332 = PRESENTATION_STYLE_ASSIGNMENT((#13333));
#13333 = SURFACE_STYLE_USAGE(.BOTH.,#13334);
#13334 = SURFACE_SIDE_STYLE('',(#13335));
#13335 = SURFACE_STYLE_FILL_AREA(#13336);
#13336 = FILL_AREA_STYLE('',(#13337));
#13337 = FILL_AREA_STYLE_COLOUR('',#11832);
#13338 = OVER_RIDING_STYLED_ITEM('overriding color',(#13339),#7157,
  #13324);
#13339 = PRESENTATION_STYLE_ASSIGNMENT((#13340));
#13340 = SURFACE_STYLE_USAGE(.BOTH.,#13341);
#13341 = SURFACE_SIDE_STYLE('',(#13342));
#13342 = SURFACE_STYLE_FILL_AREA(#13343);
#13343 = FILL_AREA_STYLE('',(#13344));
#13344 = FILL_AREA_STYLE_COLOUR('',#11832);
#13345 = OVER_RIDING_STYLED_ITEM('overriding color',(#13346),#7349,
  #13324);
#13346 = PRESENTATION_STYLE_ASSIGNMENT((#13347));
#13347 = SURFACE_STYLE_USAGE(.BOTH.,#13348);
#13348 = SURFACE_SIDE_STYLE('',(#13349));
#13349 = SURFACE_STYLE_FILL_AREA(#13350);
#13350 = FILL_AREA_STYLE('',(#13351));
#13351 = FILL_AREA_STYLE_COLOUR('',#11832);
#13352 = OVER_RIDING_STYLED_ITEM('overriding color',(#13353),#7373,
  #13324);
#13353 = PRESENTATION_STYLE_ASSIGNMENT((#13354));
#13354 = SURFACE_STYLE_USAGE(.BOTH.,#13355);
#13355 = SURFACE_SIDE_STYLE('',(#13356));
#13356 = SURFACE_STYLE_FILL_AREA(#13357);
#13357 = FILL_AREA_STYLE('',(#13358));
#13358 = FILL_AREA_STYLE_COLOUR('',#11832);
#13359 = OVER_RIDING_STYLED_ITEM('overriding color',(#13360),#7389,
  #13324);
#13360 = PRESENTATION_STYLE_ASSIGNMENT((#13361));
#13361 = SURFACE_STYLE_USAGE(.BOTH.,#13362);
#13362 = SURFACE_SIDE_STYLE('',(#13363));
#13363 = SURFACE_STYLE_FILL_AREA(#13364);
#13364 = FILL_AREA_STYLE('',(#13365));
#13365 = FILL_AREA_STYLE_COLOUR('',#11832);
#13366 = OVER_RIDING_STYLED_ITEM('overriding color',(#13367),#7409,
  #13324);
#13367 = PRESENTATION_STYLE_ASSIGNMENT((#13368));
#13368 = SURFACE_STYLE_USAGE(.BOTH.,#13369);
#13369 = SURFACE_SIDE_STYLE('',(#13370));
#13370 = SURFACE_STYLE_FILL_AREA(#13371);
#13371 = FILL_AREA_STYLE('',(#13372));
#13372 = FILL_AREA_STYLE_COLOUR('',#11832);
#13373 = OVER_RIDING_STYLED_ITEM('overriding color',(#13374),#7429,
  #13324);
#13374 = PRESENTATION_STYLE_ASSIGNMENT((#13375));
#13375 = SURFACE_STYLE_USAGE(.BOTH.,#13376);
#13376 = SURFACE_SIDE_STYLE('',(#13377));
#13377 = SURFACE_STYLE_FILL_AREA(#13378);
#13378 = FILL_AREA_STYLE('',(#13379));
#13379 = FILL_AREA_STYLE_COLOUR('',#11832);
#13380 = OVER_RIDING_STYLED_ITEM('overriding color',(#13381),#7445,
  #13324);
#13381 = PRESENTATION_STYLE_ASSIGNMENT((#13382));
#13382 = SURFACE_STYLE_USAGE(.BOTH.,#13383);
#13383 = SURFACE_SIDE_STYLE('',(#13384));
#13384 = SURFACE_STYLE_FILL_AREA(#13385);
#13385 = FILL_AREA_STYLE('',(#13386));
#13386 = FILL_AREA_STYLE_COLOUR('',#11832);
#13387 = OVER_RIDING_STYLED_ITEM('overriding color',(#13388),#7465,
  #13324);
#13388 = PRESENTATION_STYLE_ASSIGNMENT((#13389));
#13389 = SURFACE_STYLE_USAGE(.BOTH.,#13390);
#13390 = SURFACE_SIDE_STYLE('',(#13391));
#13391 = SURFACE_STYLE_FILL_AREA(#13392);
#13392 = FILL_AREA_STYLE('',(#13393));
#13393 = FILL_AREA_STYLE_COLOUR('',#11832);
#13394 = OVER_RIDING_STYLED_ITEM('overriding color',(#13395),#7485,
  #13324);
#13395 = PRESENTATION_STYLE_ASSIGNMENT((#13396));
#13396 = SURFACE_STYLE_USAGE(.BOTH.,#13397);
#13397 = SURFACE_SIDE_STYLE('',(#13398));
#13398 = SURFACE_STYLE_FILL_AREA(#13399);
#13399 = FILL_AREA_STYLE('',(#13400));
#13400 = FILL_AREA_STYLE_COLOUR('',#11832);
#13401 = OVER_RIDING_STYLED_ITEM('overriding color',(#13402),#7505,
  #13324);
#13402 = PRESENTATION_STYLE_ASSIGNMENT((#13403));
#13403 = SURFACE_STYLE_USAGE(.BOTH.,#13404);
#13404 = SURFACE_SIDE_STYLE('',(#13405));
#13405 = SURFACE_STYLE_FILL_AREA(#13406);
#13406 = FILL_AREA_STYLE('',(#13407));
#13407 = FILL_AREA_STYLE_COLOUR('',#11832);
#13408 = OVER_RIDING_STYLED_ITEM('overriding color',(#13409),#7525,
  #13324);
#13409 = PRESENTATION_STYLE_ASSIGNMENT((#13410));
#13410 = SURFACE_STYLE_USAGE(.BOTH.,#13411);
#13411 = SURFACE_SIDE_STYLE('',(#13412));
#13412 = SURFACE_STYLE_FILL_AREA(#13413);
#13413 = FILL_AREA_STYLE('',(#13414));
#13414 = FILL_AREA_STYLE_COLOUR('',#11832);
#13415 = OVER_RIDING_STYLED_ITEM('overriding color',(#13416),#7541,
  #13324);
#13416 = PRESENTATION_STYLE_ASSIGNMENT((#13417));
#13417 = SURFACE_STYLE_USAGE(.BOTH.,#13418);
#13418 = SURFACE_SIDE_STYLE('',(#13419));
#13419 = SURFACE_STYLE_FILL_AREA(#13420);
#13420 = FILL_AREA_STYLE('',(#13421));
#13421 = FILL_AREA_STYLE_COLOUR('',#11832);
#13422 = OVER_RIDING_STYLED_ITEM('overriding color',(#13423),#7557,
  #13324);
#13423 = PRESENTATION_STYLE_ASSIGNMENT((#13424));
#13424 = SURFACE_STYLE_USAGE(.BOTH.,#13425);
#13425 = SURFACE_SIDE_STYLE('',(#13426));
#13426 = SURFACE_STYLE_FILL_AREA(#13427);
#13427 = FILL_AREA_STYLE('',(#13428));
#13428 = FILL_AREA_STYLE_COLOUR('',#11832);
#13429 = OVER_RIDING_STYLED_ITEM('overriding color',(#13430),#7573,
  #13324);
#13430 = PRESENTATION_STYLE_ASSIGNMENT((#13431));
#13431 = SURFACE_STYLE_USAGE(.BOTH.,#13432);
#13432 = SURFACE_SIDE_STYLE('',(#13433));
#13433 = SURFACE_STYLE_FILL_AREA(#13434);
#13434 = FILL_AREA_STYLE('',(#13435));
#13435 = FILL_AREA_STYLE_COLOUR('',#11832);
#13436 = OVER_RIDING_STYLED_ITEM('overriding color',(#13437),#7589,
  #13324);
#13437 = PRESENTATION_STYLE_ASSIGNMENT((#13438));
#13438 = SURFACE_STYLE_USAGE(.BOTH.,#13439);
#13439 = SURFACE_SIDE_STYLE('',(#13440));
#13440 = SURFACE_STYLE_FILL_AREA(#13441);
#13441 = FILL_AREA_STYLE('',(#13442));
#13442 = FILL_AREA_STYLE_COLOUR('',#11832);
#13443 = OVER_RIDING_STYLED_ITEM('overriding color',(#13444),#7605,
  #13324);
#13444 = PRESENTATION_STYLE_ASSIGNMENT((#13445));
#13445 = SURFACE_STYLE_USAGE(.BOTH.,#13446);
#13446 = SURFACE_SIDE_STYLE('',(#13447));
#13447 = SURFACE_STYLE_FILL_AREA(#13448);
#13448 = FILL_AREA_STYLE('',(#13449));
#13449 = FILL_AREA_STYLE_COLOUR('',#11832);
#13450 = OVER_RIDING_STYLED_ITEM('overriding color',(#13451),#7629,
  #13324);
#13451 = PRESENTATION_STYLE_ASSIGNMENT((#13452));
#13452 = SURFACE_STYLE_USAGE(.BOTH.,#13453);
#13453 = SURFACE_SIDE_STYLE('',(#13454));
#13454 = SURFACE_STYLE_FILL_AREA(#13455);
#13455 = FILL_AREA_STYLE('',(#13456));
#13456 = FILL_AREA_STYLE_COLOUR('',#11832);
#13457 = OVER_RIDING_STYLED_ITEM('overriding color',(#13458),#7649,
  #13324);
#13458 = PRESENTATION_STYLE_ASSIGNMENT((#13459));
#13459 = SURFACE_STYLE_USAGE(.BOTH.,#13460);
#13460 = SURFACE_SIDE_STYLE('',(#13461));
#13461 = SURFACE_STYLE_FILL_AREA(#13462);
#13462 = FILL_AREA_STYLE('',(#13463));
#13463 = FILL_AREA_STYLE_COLOUR('',#11832);
#13464 = OVER_RIDING_STYLED_ITEM('overriding color',(#13465),#7669,
  #13324);
#13465 = PRESENTATION_STYLE_ASSIGNMENT((#13466));
#13466 = SURFACE_STYLE_USAGE(.BOTH.,#13467);
#13467 = SURFACE_SIDE_STYLE('',(#13468));
#13468 = SURFACE_STYLE_FILL_AREA(#13469);
#13469 = FILL_AREA_STYLE('',(#13470));
#13470 = FILL_AREA_STYLE_COLOUR('',#11832);
#13471 = OVER_RIDING_STYLED_ITEM('overriding color',(#13472),#7689,
  #13324);
#13472 = PRESENTATION_STYLE_ASSIGNMENT((#13473));
#13473 = SURFACE_STYLE_USAGE(.BOTH.,#13474);
#13474 = SURFACE_SIDE_STYLE('',(#13475));
#13475 = SURFACE_STYLE_FILL_AREA(#13476);
#13476 = FILL_AREA_STYLE('',(#13477));
#13477 = FILL_AREA_STYLE_COLOUR('',#11832);
#13478 = OVER_RIDING_STYLED_ITEM('overriding color',(#13479),#7709,
  #13324);
#13479 = PRESENTATION_STYLE_ASSIGNMENT((#13480));
#13480 = SURFACE_STYLE_USAGE(.BOTH.,#13481);
#13481 = SURFACE_SIDE_STYLE('',(#13482));
#13482 = SURFACE_STYLE_FILL_AREA(#13483);
#13483 = FILL_AREA_STYLE('',(#13484));
#13484 = FILL_AREA_STYLE_COLOUR('',#11832);
#13485 = OVER_RIDING_STYLED_ITEM('overriding color',(#13486),#7729,
  #13324);
#13486 = PRESENTATION_STYLE_ASSIGNMENT((#13487));
#13487 = SURFACE_STYLE_USAGE(.BOTH.,#13488);
#13488 = SURFACE_SIDE_STYLE('',(#13489));
#13489 = SURFACE_STYLE_FILL_AREA(#13490);
#13490 = FILL_AREA_STYLE('',(#13491));
#13491 = FILL_AREA_STYLE_COLOUR('',#11832);
#13492 = OVER_RIDING_STYLED_ITEM('overriding color',(#13493),#7745,
  #13324);
#13493 = PRESENTATION_STYLE_ASSIGNMENT((#13494));
#13494 = SURFACE_STYLE_USAGE(.BOTH.,#13495);
#13495 = SURFACE_SIDE_STYLE('',(#13496));
#13496 = SURFACE_STYLE_FILL_AREA(#13497);
#13497 = FILL_AREA_STYLE('',(#13498));
#13498 = FILL_AREA_STYLE_COLOUR('',#11832);
#13499 = STYLED_ITEM('color',(#13500),#7757);
#13500 = PRESENTATION_STYLE_ASSIGNMENT((#13501));
#13501 = SURFACE_STYLE_USAGE(.BOTH.,#13502);
#13502 = SURFACE_SIDE_STYLE('',(#13503));
#13503 = SURFACE_STYLE_FILL_AREA(#13504);
#13504 = FILL_AREA_STYLE('',(#13505));
#13505 = FILL_AREA_STYLE_COLOUR('',#11745);
#13506 = OVER_RIDING_STYLED_ITEM('overriding color',(#13507),#7759,
  #13499);
#13507 = PRESENTATION_STYLE_ASSIGNMENT((#13508));
#13508 = SURFACE_STYLE_USAGE(.BOTH.,#13509);
#13509 = SURFACE_SIDE_STYLE('',(#13510));
#13510 = SURFACE_STYLE_FILL_AREA(#13511);
#13511 = FILL_AREA_STYLE('',(#13512));
#13512 = FILL_AREA_STYLE_COLOUR('',#11832);
#13513 = OVER_RIDING_STYLED_ITEM('overriding color',(#13514),#7803,
  #13499);
#13514 = PRESENTATION_STYLE_ASSIGNMENT((#13515));
#13515 = SURFACE_STYLE_USAGE(.BOTH.,#13516);
#13516 = SURFACE_SIDE_STYLE('',(#13517));
#13517 = SURFACE_STYLE_FILL_AREA(#13518);
#13518 = FILL_AREA_STYLE('',(#13519));
#13519 = FILL_AREA_STYLE_COLOUR('',#11832);
#13520 = OVER_RIDING_STYLED_ITEM('overriding color',(#13521),#7831,
  #13499);
#13521 = PRESENTATION_STYLE_ASSIGNMENT((#13522));
#13522 = SURFACE_STYLE_USAGE(.BOTH.,#13523);
#13523 = SURFACE_SIDE_STYLE('',(#13524));
#13524 = SURFACE_STYLE_FILL_AREA(#13525);
#13525 = FILL_AREA_STYLE('',(#13526));
#13526 = FILL_AREA_STYLE_COLOUR('',#11832);
#13527 = OVER_RIDING_STYLED_ITEM('overriding color',(#13528),#7867,
  #13499);
#13528 = PRESENTATION_STYLE_ASSIGNMENT((#13529));
#13529 = SURFACE_STYLE_USAGE(.BOTH.,#13530);
#13530 = SURFACE_SIDE_STYLE('',(#13531));
#13531 = SURFACE_STYLE_FILL_AREA(#13532);
#13532 = FILL_AREA_STYLE('',(#13533));
#13533 = FILL_AREA_STYLE_COLOUR('',#11832);
#13534 = OVER_RIDING_STYLED_ITEM('overriding color',(#13535),#7903,
  #13499);
#13535 = PRESENTATION_STYLE_ASSIGNMENT((#13536));
#13536 = SURFACE_STYLE_USAGE(.BOTH.,#13537);
#13537 = SURFACE_SIDE_STYLE('',(#13538));
#13538 = SURFACE_STYLE_FILL_AREA(#13539);
#13539 = FILL_AREA_STYLE('',(#13540));
#13540 = FILL_AREA_STYLE_COLOUR('',#11832);
#13541 = OVER_RIDING_STYLED_ITEM('overriding color',(#13542),#7939,
  #13499);
#13542 = PRESENTATION_STYLE_ASSIGNMENT((#13543));
#13543 = SURFACE_STYLE_USAGE(.BOTH.,#13544);
#13544 = SURFACE_SIDE_STYLE('',(#13545));
#13545 = SURFACE_STYLE_FILL_AREA(#13546);
#13546 = FILL_AREA_STYLE('',(#13547));
#13547 = FILL_AREA_STYLE_COLOUR('',#11832);
#13548 = OVER_RIDING_STYLED_ITEM('overriding color',(#13549),#7975,
  #13499);
#13549 = PRESENTATION_STYLE_ASSIGNMENT((#13550));
#13550 = SURFACE_STYLE_USAGE(.BOTH.,#13551);
#13551 = SURFACE_SIDE_STYLE('',(#13552));
#13552 = SURFACE_STYLE_FILL_AREA(#13553);
#13553 = FILL_AREA_STYLE('',(#13554));
#13554 = FILL_AREA_STYLE_COLOUR('',#11832);
#13555 = OVER_RIDING_STYLED_ITEM('overriding color',(#13556),#8011,
  #13499);
#13556 = PRESENTATION_STYLE_ASSIGNMENT((#13557));
#13557 = SURFACE_STYLE_USAGE(.BOTH.,#13558);
#13558 = SURFACE_SIDE_STYLE('',(#13559));
#13559 = SURFACE_STYLE_FILL_AREA(#13560);
#13560 = FILL_AREA_STYLE('',(#13561));
#13561 = FILL_AREA_STYLE_COLOUR('',#11832);
#13562 = OVER_RIDING_STYLED_ITEM('overriding color',(#13563),#8047,
  #13499);
#13563 = PRESENTATION_STYLE_ASSIGNMENT((#13564));
#13564 = SURFACE_STYLE_USAGE(.BOTH.,#13565);
#13565 = SURFACE_SIDE_STYLE('',(#13566));
#13566 = SURFACE_STYLE_FILL_AREA(#13567);
#13567 = FILL_AREA_STYLE('',(#13568));
#13568 = FILL_AREA_STYLE_COLOUR('',#11832);
#13569 = OVER_RIDING_STYLED_ITEM('overriding color',(#13570),#8083,
  #13499);
#13570 = PRESENTATION_STYLE_ASSIGNMENT((#13571));
#13571 = SURFACE_STYLE_USAGE(.BOTH.,#13572);
#13572 = SURFACE_SIDE_STYLE('',(#13573));
#13573 = SURFACE_STYLE_FILL_AREA(#13574);
#13574 = FILL_AREA_STYLE('',(#13575));
#13575 = FILL_AREA_STYLE_COLOUR('',#11832);
#13576 = OVER_RIDING_STYLED_ITEM('overriding color',(#13577),#8119,
  #13499);
#13577 = PRESENTATION_STYLE_ASSIGNMENT((#13578));
#13578 = SURFACE_STYLE_USAGE(.BOTH.,#13579);
#13579 = SURFACE_SIDE_STYLE('',(#13580));
#13580 = SURFACE_STYLE_FILL_AREA(#13581);
#13581 = FILL_AREA_STYLE('',(#13582));
#13582 = FILL_AREA_STYLE_COLOUR('',#11832);
#13583 = OVER_RIDING_STYLED_ITEM('overriding color',(#13584),#8155,
  #13499);
#13584 = PRESENTATION_STYLE_ASSIGNMENT((#13585));
#13585 = SURFACE_STYLE_USAGE(.BOTH.,#13586);
#13586 = SURFACE_SIDE_STYLE('',(#13587));
#13587 = SURFACE_STYLE_FILL_AREA(#13588);
#13588 = FILL_AREA_STYLE('',(#13589));
#13589 = FILL_AREA_STYLE_COLOUR('',#11832);
#13590 = OVER_RIDING_STYLED_ITEM('overriding color',(#13591),#8191,
  #13499);
#13591 = PRESENTATION_STYLE_ASSIGNMENT((#13592));
#13592 = SURFACE_STYLE_USAGE(.BOTH.,#13593);
#13593 = SURFACE_SIDE_STYLE('',(#13594));
#13594 = SURFACE_STYLE_FILL_AREA(#13595);
#13595 = FILL_AREA_STYLE('',(#13596));
#13596 = FILL_AREA_STYLE_COLOUR('',#11832);
#13597 = OVER_RIDING_STYLED_ITEM('overriding color',(#13598),#8219,
  #13499);
#13598 = PRESENTATION_STYLE_ASSIGNMENT((#13599));
#13599 = SURFACE_STYLE_USAGE(.BOTH.,#13600);
#13600 = SURFACE_SIDE_STYLE('',(#13601));
#13601 = SURFACE_STYLE_FILL_AREA(#13602);
#13602 = FILL_AREA_STYLE('',(#13603));
#13603 = FILL_AREA_STYLE_COLOUR('',#11832);
#13604 = OVER_RIDING_STYLED_ITEM('overriding color',(#13605),#8255,
  #13499);
#13605 = PRESENTATION_STYLE_ASSIGNMENT((#13606));
#13606 = SURFACE_STYLE_USAGE(.BOTH.,#13607);
#13607 = SURFACE_SIDE_STYLE('',(#13608));
#13608 = SURFACE_STYLE_FILL_AREA(#13609);
#13609 = FILL_AREA_STYLE('',(#13610));
#13610 = FILL_AREA_STYLE_COLOUR('',#11832);
#13611 = OVER_RIDING_STYLED_ITEM('overriding color',(#13612),#8291,
  #13499);
#13612 = PRESENTATION_STYLE_ASSIGNMENT((#13613));
#13613 = SURFACE_STYLE_USAGE(.BOTH.,#13614);
#13614 = SURFACE_SIDE_STYLE('',(#13615));
#13615 = SURFACE_STYLE_FILL_AREA(#13616);
#13616 = FILL_AREA_STYLE('',(#13617));
#13617 = FILL_AREA_STYLE_COLOUR('',#11832);
#13618 = OVER_RIDING_STYLED_ITEM('overriding color',(#13619),#8327,
  #13499);
#13619 = PRESENTATION_STYLE_ASSIGNMENT((#13620));
#13620 = SURFACE_STYLE_USAGE(.BOTH.,#13621);
#13621 = SURFACE_SIDE_STYLE('',(#13622));
#13622 = SURFACE_STYLE_FILL_AREA(#13623);
#13623 = FILL_AREA_STYLE('',(#13624));
#13624 = FILL_AREA_STYLE_COLOUR('',#11832);
#13625 = OVER_RIDING_STYLED_ITEM('overriding color',(#13626),#8363,
  #13499);
#13626 = PRESENTATION_STYLE_ASSIGNMENT((#13627));
#13627 = SURFACE_STYLE_USAGE(.BOTH.,#13628);
#13628 = SURFACE_SIDE_STYLE('',(#13629));
#13629 = SURFACE_STYLE_FILL_AREA(#13630);
#13630 = FILL_AREA_STYLE('',(#13631));
#13631 = FILL_AREA_STYLE_COLOUR('',#11832);
#13632 = OVER_RIDING_STYLED_ITEM('overriding color',(#13633),#8399,
  #13499);
#13633 = PRESENTATION_STYLE_ASSIGNMENT((#13634));
#13634 = SURFACE_STYLE_USAGE(.BOTH.,#13635);
#13635 = SURFACE_SIDE_STYLE('',(#13636));
#13636 = SURFACE_STYLE_FILL_AREA(#13637);
#13637 = FILL_AREA_STYLE('',(#13638));
#13638 = FILL_AREA_STYLE_COLOUR('',#11832);
#13639 = OVER_RIDING_STYLED_ITEM('overriding color',(#13640),#8435,
  #13499);
#13640 = PRESENTATION_STYLE_ASSIGNMENT((#13641));
#13641 = SURFACE_STYLE_USAGE(.BOTH.,#13642);
#13642 = SURFACE_SIDE_STYLE('',(#13643));
#13643 = SURFACE_STYLE_FILL_AREA(#13644);
#13644 = FILL_AREA_STYLE('',(#13645));
#13645 = FILL_AREA_STYLE_COLOUR('',#11832);
#13646 = OVER_RIDING_STYLED_ITEM('overriding color',(#13647),#8471,
  #13499);
#13647 = PRESENTATION_STYLE_ASSIGNMENT((#13648));
#13648 = SURFACE_STYLE_USAGE(.BOTH.,#13649);
#13649 = SURFACE_SIDE_STYLE('',(#13650));
#13650 = SURFACE_STYLE_FILL_AREA(#13651);
#13651 = FILL_AREA_STYLE('',(#13652));
#13652 = FILL_AREA_STYLE_COLOUR('',#11832);
#13653 = OVER_RIDING_STYLED_ITEM('overriding color',(#13654),#8499,
  #13499);
#13654 = PRESENTATION_STYLE_ASSIGNMENT((#13655));
#13655 = SURFACE_STYLE_USAGE(.BOTH.,#13656);
#13656 = SURFACE_SIDE_STYLE('',(#13657));
#13657 = SURFACE_STYLE_FILL_AREA(#13658);
#13658 = FILL_AREA_STYLE('',(#13659));
#13659 = FILL_AREA_STYLE_COLOUR('',#11832);
#13660 = OVER_RIDING_STYLED_ITEM('overriding color',(#13661),#8528,
  #13499);
#13661 = PRESENTATION_STYLE_ASSIGNMENT((#13662));
#13662 = SURFACE_STYLE_USAGE(.BOTH.,#13663);
#13663 = SURFACE_SIDE_STYLE('',(#13664));
#13664 = SURFACE_STYLE_FILL_AREA(#13665);
#13665 = FILL_AREA_STYLE('',(#13666));
#13666 = FILL_AREA_STYLE_COLOUR('',#11832);
#13667 = STYLED_ITEM('color',(#13668),#8557);
#13668 = PRESENTATION_STYLE_ASSIGNMENT((#13669));
#13669 = SURFACE_STYLE_USAGE(.BOTH.,#13670);
#13670 = SURFACE_SIDE_STYLE('',(#13671));
#13671 = SURFACE_STYLE_FILL_AREA(#13672);
#13672 = FILL_AREA_STYLE('',(#13673));
#13673 = FILL_AREA_STYLE_COLOUR('',#11745);
#13674 = OVER_RIDING_STYLED_ITEM('overriding color',(#13675),#8559,
  #13667);
#13675 = PRESENTATION_STYLE_ASSIGNMENT((#13676));
#13676 = SURFACE_STYLE_USAGE(.BOTH.,#13677);
#13677 = SURFACE_SIDE_STYLE('',(#13678));
#13678 = SURFACE_STYLE_FILL_AREA(#13679);
#13679 = FILL_AREA_STYLE('',(#13680));
#13680 = FILL_AREA_STYLE_COLOUR('',#11832);
#13681 = OVER_RIDING_STYLED_ITEM('overriding color',(#13682),#8595,
  #13667);
#13682 = PRESENTATION_STYLE_ASSIGNMENT((#13683));
#13683 = SURFACE_STYLE_USAGE(.BOTH.,#13684);
#13684 = SURFACE_SIDE_STYLE('',(#13685));
#13685 = SURFACE_STYLE_FILL_AREA(#13686);
#13686 = FILL_AREA_STYLE('',(#13687));
#13687 = FILL_AREA_STYLE_COLOUR('',#11832);
#13688 = OVER_RIDING_STYLED_ITEM('overriding color',(#13689),#8623,
  #13667);
#13689 = PRESENTATION_STYLE_ASSIGNMENT((#13690));
#13690 = SURFACE_STYLE_USAGE(.BOTH.,#13691);
#13691 = SURFACE_SIDE_STYLE('',(#13692));
#13692 = SURFACE_STYLE_FILL_AREA(#13693);
#13693 = FILL_AREA_STYLE('',(#13694));
#13694 = FILL_AREA_STYLE_COLOUR('',#11832);
#13695 = OVER_RIDING_STYLED_ITEM('overriding color',(#13696),#8659,
  #13667);
#13696 = PRESENTATION_STYLE_ASSIGNMENT((#13697));
#13697 = SURFACE_STYLE_USAGE(.BOTH.,#13698);
#13698 = SURFACE_SIDE_STYLE('',(#13699));
#13699 = SURFACE_STYLE_FILL_AREA(#13700);
#13700 = FILL_AREA_STYLE('',(#13701));
#13701 = FILL_AREA_STYLE_COLOUR('',#11832);
#13702 = OVER_RIDING_STYLED_ITEM('overriding color',(#13703),#8687,
  #13667);
#13703 = PRESENTATION_STYLE_ASSIGNMENT((#13704));
#13704 = SURFACE_STYLE_USAGE(.BOTH.,#13705);
#13705 = SURFACE_SIDE_STYLE('',(#13706));
#13706 = SURFACE_STYLE_FILL_AREA(#13707);
#13707 = FILL_AREA_STYLE('',(#13708));
#13708 = FILL_AREA_STYLE_COLOUR('',#11832);
#13709 = OVER_RIDING_STYLED_ITEM('overriding color',(#13710),#8715,
  #13667);
#13710 = PRESENTATION_STYLE_ASSIGNMENT((#13711));
#13711 = SURFACE_STYLE_USAGE(.BOTH.,#13712);
#13712 = SURFACE_SIDE_STYLE('',(#13713));
#13713 = SURFACE_STYLE_FILL_AREA(#13714);
#13714 = FILL_AREA_STYLE('',(#13715));
#13715 = FILL_AREA_STYLE_COLOUR('',#11832);
#13716 = OVER_RIDING_STYLED_ITEM('overriding color',(#13717),#8743,
  #13667);
#13717 = PRESENTATION_STYLE_ASSIGNMENT((#13718));
#13718 = SURFACE_STYLE_USAGE(.BOTH.,#13719);
#13719 = SURFACE_SIDE_STYLE('',(#13720));
#13720 = SURFACE_STYLE_FILL_AREA(#13721);
#13721 = FILL_AREA_STYLE('',(#13722));
#13722 = FILL_AREA_STYLE_COLOUR('',#11832);
#13723 = OVER_RIDING_STYLED_ITEM('overriding color',(#13724),#8771,
  #13667);
#13724 = PRESENTATION_STYLE_ASSIGNMENT((#13725));
#13725 = SURFACE_STYLE_USAGE(.BOTH.,#13726);
#13726 = SURFACE_SIDE_STYLE('',(#13727));
#13727 = SURFACE_STYLE_FILL_AREA(#13728);
#13728 = FILL_AREA_STYLE('',(#13729));
#13729 = FILL_AREA_STYLE_COLOUR('',#11832);
#13730 = OVER_RIDING_STYLED_ITEM('overriding color',(#13731),#8799,
  #13667);
#13731 = PRESENTATION_STYLE_ASSIGNMENT((#13732));
#13732 = SURFACE_STYLE_USAGE(.BOTH.,#13733);
#13733 = SURFACE_SIDE_STYLE('',(#13734));
#13734 = SURFACE_STYLE_FILL_AREA(#13735);
#13735 = FILL_AREA_STYLE('',(#13736));
#13736 = FILL_AREA_STYLE_COLOUR('',#11832);
#13737 = OVER_RIDING_STYLED_ITEM('overriding color',(#13738),#8827,
  #13667);
#13738 = PRESENTATION_STYLE_ASSIGNMENT((#13739));
#13739 = SURFACE_STYLE_USAGE(.BOTH.,#13740);
#13740 = SURFACE_SIDE_STYLE('',(#13741));
#13741 = SURFACE_STYLE_FILL_AREA(#13742);
#13742 = FILL_AREA_STYLE('',(#13743));
#13743 = FILL_AREA_STYLE_COLOUR('',#11832);
#13744 = OVER_RIDING_STYLED_ITEM('overriding color',(#13745),#8863,
  #13667);
#13745 = PRESENTATION_STYLE_ASSIGNMENT((#13746));
#13746 = SURFACE_STYLE_USAGE(.BOTH.,#13747);
#13747 = SURFACE_SIDE_STYLE('',(#13748));
#13748 = SURFACE_STYLE_FILL_AREA(#13749);
#13749 = FILL_AREA_STYLE('',(#13750));
#13750 = FILL_AREA_STYLE_COLOUR('',#11832);
#13751 = OVER_RIDING_STYLED_ITEM('overriding color',(#13752),#8899,
  #13667);
#13752 = PRESENTATION_STYLE_ASSIGNMENT((#13753));
#13753 = SURFACE_STYLE_USAGE(.BOTH.,#13754);
#13754 = SURFACE_SIDE_STYLE('',(#13755));
#13755 = SURFACE_STYLE_FILL_AREA(#13756);
#13756 = FILL_AREA_STYLE('',(#13757));
#13757 = FILL_AREA_STYLE_COLOUR('',#11832);
#13758 = OVER_RIDING_STYLED_ITEM('overriding color',(#13759),#8927,
  #13667);
#13759 = PRESENTATION_STYLE_ASSIGNMENT((#13760));
#13760 = SURFACE_STYLE_USAGE(.BOTH.,#13761);
#13761 = SURFACE_SIDE_STYLE('',(#13762));
#13762 = SURFACE_STYLE_FILL_AREA(#13763);
#13763 = FILL_AREA_STYLE('',(#13764));
#13764 = FILL_AREA_STYLE_COLOUR('',#11832);
#13765 = OVER_RIDING_STYLED_ITEM('overriding color',(#13766),#8963,
  #13667);
#13766 = PRESENTATION_STYLE_ASSIGNMENT((#13767));
#13767 = SURFACE_STYLE_USAGE(.BOTH.,#13768);
#13768 = SURFACE_SIDE_STYLE('',(#13769));
#13769 = SURFACE_STYLE_FILL_AREA(#13770);
#13770 = FILL_AREA_STYLE('',(#13771));
#13771 = FILL_AREA_STYLE_COLOUR('',#11832);
#13772 = OVER_RIDING_STYLED_ITEM('overriding color',(#13773),#8999,
  #13667);
#13773 = PRESENTATION_STYLE_ASSIGNMENT((#13774));
#13774 = SURFACE_STYLE_USAGE(.BOTH.,#13775);
#13775 = SURFACE_SIDE_STYLE('',(#13776));
#13776 = SURFACE_STYLE_FILL_AREA(#13777);
#13777 = FILL_AREA_STYLE('',(#13778));
#13778 = FILL_AREA_STYLE_COLOUR('',#11832);
#13779 = OVER_RIDING_STYLED_ITEM('overriding color',(#13780),#9019,
  #13667);
#13780 = PRESENTATION_STYLE_ASSIGNMENT((#13781));
#13781 = SURFACE_STYLE_USAGE(.BOTH.,#13782);
#13782 = SURFACE_SIDE_STYLE('',(#13783));
#13783 = SURFACE_STYLE_FILL_AREA(#13784);
#13784 = FILL_AREA_STYLE('',(#13785));
#13785 = FILL_AREA_STYLE_COLOUR('',#11832);
#13786 = OVER_RIDING_STYLED_ITEM('overriding color',(#13787),#9042,
  #13667);
#13787 = PRESENTATION_STYLE_ASSIGNMENT((#13788));
#13788 = SURFACE_STYLE_USAGE(.BOTH.,#13789);
#13789 = SURFACE_SIDE_STYLE('',(#13790));
#13790 = SURFACE_STYLE_FILL_AREA(#13791);
#13791 = FILL_AREA_STYLE('',(#13792));
#13792 = FILL_AREA_STYLE_COLOUR('',#11832);
#13793 = STYLED_ITEM('color',(#13794),#9065);
#13794 = PRESENTATION_STYLE_ASSIGNMENT((#13795));
#13795 = SURFACE_STYLE_USAGE(.BOTH.,#13796);
#13796 = SURFACE_SIDE_STYLE('',(#13797));
#13797 = SURFACE_STYLE_FILL_AREA(#13798);
#13798 = FILL_AREA_STYLE('',(#13799));
#13799 = FILL_AREA_STYLE_COLOUR('',#11745);
#13800 = OVER_RIDING_STYLED_ITEM('overriding color',(#13801),#9067,
  #13793);
#13801 = PRESENTATION_STYLE_ASSIGNMENT((#13802));
#13802 = SURFACE_STYLE_USAGE(.BOTH.,#13803);
#13803 = SURFACE_SIDE_STYLE('',(#13804));
#13804 = SURFACE_STYLE_FILL_AREA(#13805);
#13805 = FILL_AREA_STYLE('',(#13806));
#13806 = FILL_AREA_STYLE_COLOUR('',#11832);
#13807 = OVER_RIDING_STYLED_ITEM('overriding color',(#13808),#9103,
  #13793);
#13808 = PRESENTATION_STYLE_ASSIGNMENT((#13809));
#13809 = SURFACE_STYLE_USAGE(.BOTH.,#13810);
#13810 = SURFACE_SIDE_STYLE('',(#13811));
#13811 = SURFACE_STYLE_FILL_AREA(#13812);
#13812 = FILL_AREA_STYLE('',(#13813));
#13813 = FILL_AREA_STYLE_COLOUR('',#11832);
#13814 = OVER_RIDING_STYLED_ITEM('overriding color',(#13815),#9131,
  #13793);
#13815 = PRESENTATION_STYLE_ASSIGNMENT((#13816));
#13816 = SURFACE_STYLE_USAGE(.BOTH.,#13817);
#13817 = SURFACE_SIDE_STYLE('',(#13818));
#13818 = SURFACE_STYLE_FILL_AREA(#13819);
#13819 = FILL_AREA_STYLE('',(#13820));
#13820 = FILL_AREA_STYLE_COLOUR('',#11832);
#13821 = OVER_RIDING_STYLED_ITEM('overriding color',(#13822),#9159,
  #13793);
#13822 = PRESENTATION_STYLE_ASSIGNMENT((#13823));
#13823 = SURFACE_STYLE_USAGE(.BOTH.,#13824);
#13824 = SURFACE_SIDE_STYLE('',(#13825));
#13825 = SURFACE_STYLE_FILL_AREA(#13826);
#13826 = FILL_AREA_STYLE('',(#13827));
#13827 = FILL_AREA_STYLE_COLOUR('',#11832);
#13828 = OVER_RIDING_STYLED_ITEM('overriding color',(#13829),#9187,
  #13793);
#13829 = PRESENTATION_STYLE_ASSIGNMENT((#13830));
#13830 = SURFACE_STYLE_USAGE(.BOTH.,#13831);
#13831 = SURFACE_SIDE_STYLE('',(#13832));
#13832 = SURFACE_STYLE_FILL_AREA(#13833);
#13833 = FILL_AREA_STYLE('',(#13834));
#13834 = FILL_AREA_STYLE_COLOUR('',#11832);
#13835 = OVER_RIDING_STYLED_ITEM('overriding color',(#13836),#9215,
  #13793);
#13836 = PRESENTATION_STYLE_ASSIGNMENT((#13837));
#13837 = SURFACE_STYLE_USAGE(.BOTH.,#13838);
#13838 = SURFACE_SIDE_STYLE('',(#13839));
#13839 = SURFACE_STYLE_FILL_AREA(#13840);
#13840 = FILL_AREA_STYLE('',(#13841));
#13841 = FILL_AREA_STYLE_COLOUR('',#11832);
#13842 = OVER_RIDING_STYLED_ITEM('overriding color',(#13843),#9243,
  #13793);
#13843 = PRESENTATION_STYLE_ASSIGNMENT((#13844));
#13844 = SURFACE_STYLE_USAGE(.BOTH.,#13845);
#13845 = SURFACE_SIDE_STYLE('',(#13846));
#13846 = SURFACE_STYLE_FILL_AREA(#13847);
#13847 = FILL_AREA_STYLE('',(#13848));
#13848 = FILL_AREA_STYLE_COLOUR('',#11832);
#13849 = OVER_RIDING_STYLED_ITEM('overriding color',(#13850),#9271,
  #13793);
#13850 = PRESENTATION_STYLE_ASSIGNMENT((#13851));
#13851 = SURFACE_STYLE_USAGE(.BOTH.,#13852);
#13852 = SURFACE_SIDE_STYLE('',(#13853));
#13853 = SURFACE_STYLE_FILL_AREA(#13854);
#13854 = FILL_AREA_STYLE('',(#13855));
#13855 = FILL_AREA_STYLE_COLOUR('',#11832);
#13856 = OVER_RIDING_STYLED_ITEM('overriding color',(#13857),#9299,
  #13793);
#13857 = PRESENTATION_STYLE_ASSIGNMENT((#13858));
#13858 = SURFACE_STYLE_USAGE(.BOTH.,#13859);
#13859 = SURFACE_SIDE_STYLE('',(#13860));
#13860 = SURFACE_STYLE_FILL_AREA(#13861);
#13861 = FILL_AREA_STYLE('',(#13862));
#13862 = FILL_AREA_STYLE_COLOUR('',#11832);
#13863 = OVER_RIDING_STYLED_ITEM('overriding color',(#13864),#9327,
  #13793);
#13864 = PRESENTATION_STYLE_ASSIGNMENT((#13865));
#13865 = SURFACE_STYLE_USAGE(.BOTH.,#13866);
#13866 = SURFACE_SIDE_STYLE('',(#13867));
#13867 = SURFACE_STYLE_FILL_AREA(#13868);
#13868 = FILL_AREA_STYLE('',(#13869));
#13869 = FILL_AREA_STYLE_COLOUR('',#11832);
#13870 = OVER_RIDING_STYLED_ITEM('overriding color',(#13871),#9355,
  #13793);
#13871 = PRESENTATION_STYLE_ASSIGNMENT((#13872));
#13872 = SURFACE_STYLE_USAGE(.BOTH.,#13873);
#13873 = SURFACE_SIDE_STYLE('',(#13874));
#13874 = SURFACE_STYLE_FILL_AREA(#13875);
#13875 = FILL_AREA_STYLE('',(#13876));
#13876 = FILL_AREA_STYLE_COLOUR('',#11832);
#13877 = OVER_RIDING_STYLED_ITEM('overriding color',(#13878),#9383,
  #13793);
#13878 = PRESENTATION_STYLE_ASSIGNMENT((#13879));
#13879 = SURFACE_STYLE_USAGE(.BOTH.,#13880);
#13880 = SURFACE_SIDE_STYLE('',(#13881));
#13881 = SURFACE_STYLE_FILL_AREA(#13882);
#13882 = FILL_AREA_STYLE('',(#13883));
#13883 = FILL_AREA_STYLE_COLOUR('',#11832);
#13884 = OVER_RIDING_STYLED_ITEM('overriding color',(#13885),#9403,
  #13793);
#13885 = PRESENTATION_STYLE_ASSIGNMENT((#13886));
#13886 = SURFACE_STYLE_USAGE(.BOTH.,#13887);
#13887 = SURFACE_SIDE_STYLE('',(#13888));
#13888 = SURFACE_STYLE_FILL_AREA(#13889);
#13889 = FILL_AREA_STYLE('',(#13890));
#13890 = FILL_AREA_STYLE_COLOUR('',#11832);
#13891 = OVER_RIDING_STYLED_ITEM('overriding color',(#13892),#9423,
  #13793);
#13892 = PRESENTATION_STYLE_ASSIGNMENT((#13893));
#13893 = SURFACE_STYLE_USAGE(.BOTH.,#13894);
#13894 = SURFACE_SIDE_STYLE('',(#13895));
#13895 = SURFACE_STYLE_FILL_AREA(#13896);
#13896 = FILL_AREA_STYLE('',(#13897));
#13897 = FILL_AREA_STYLE_COLOUR('',#11832);
#13898 = STYLED_ITEM('color',(#13899),#9443);
#13899 = PRESENTATION_STYLE_ASSIGNMENT((#13900));
#13900 = SURFACE_STYLE_USAGE(.BOTH.,#13901);
#13901 = SURFACE_SIDE_STYLE('',(#13902));
#13902 = SURFACE_STYLE_FILL_AREA(#13903);
#13903 = FILL_AREA_STYLE('',(#13904));
#13904 = FILL_AREA_STYLE_COLOUR('',#11745);
#13905 = OVER_RIDING_STYLED_ITEM('overriding color',(#13906),#9445,
  #13898);
#13906 = PRESENTATION_STYLE_ASSIGNMENT((#13907));
#13907 = SURFACE_STYLE_USAGE(.BOTH.,#13908);
#13908 = SURFACE_SIDE_STYLE('',(#13909));
#13909 = SURFACE_STYLE_FILL_AREA(#13910);
#13910 = FILL_AREA_STYLE('',(#13911));
#13911 = FILL_AREA_STYLE_COLOUR('',#11832);
#13912 = OVER_RIDING_STYLED_ITEM('overriding color',(#13913),#9569,
  #13898);
#13913 = PRESENTATION_STYLE_ASSIGNMENT((#13914));
#13914 = SURFACE_STYLE_USAGE(.BOTH.,#13915);
#13915 = SURFACE_SIDE_STYLE('',(#13916));
#13916 = SURFACE_STYLE_FILL_AREA(#13917);
#13917 = FILL_AREA_STYLE('',(#13918));
#13918 = FILL_AREA_STYLE_COLOUR('',#11832);
#13919 = OVER_RIDING_STYLED_ITEM('overriding color',(#13920),#9693,
  #13898);
#13920 = PRESENTATION_STYLE_ASSIGNMENT((#13921));
#13921 = SURFACE_STYLE_USAGE(.BOTH.,#13922);
#13922 = SURFACE_SIDE_STYLE('',(#13923));
#13923 = SURFACE_STYLE_FILL_AREA(#13924);
#13924 = FILL_AREA_STYLE('',(#13925));
#13925 = FILL_AREA_STYLE_COLOUR('',#11832);
#13926 = OVER_RIDING_STYLED_ITEM('overriding color',(#13927),#9713,
  #13898);
#13927 = PRESENTATION_STYLE_ASSIGNMENT((#13928));
#13928 = SURFACE_STYLE_USAGE(.BOTH.,#13929);
#13929 = SURFACE_SIDE_STYLE('',(#13930));
#13930 = SURFACE_STYLE_FILL_AREA(#13931);
#13931 = FILL_AREA_STYLE('',(#13932));
#13932 = FILL_AREA_STYLE_COLOUR('',#11832);
#13933 = OVER_RIDING_STYLED_ITEM('overriding color',(#13934),#9733,
  #13898);
#13934 = PRESENTATION_STYLE_ASSIGNMENT((#13935));
#13935 = SURFACE_STYLE_USAGE(.BOTH.,#13936);
#13936 = SURFACE_SIDE_STYLE('',(#13937));
#13937 = SURFACE_STYLE_FILL_AREA(#13938);
#13938 = FILL_AREA_STYLE('',(#13939));
#13939 = FILL_AREA_STYLE_COLOUR('',#11832);
#13940 = OVER_RIDING_STYLED_ITEM('overriding color',(#13941),#9753,
  #13898);
#13941 = PRESENTATION_STYLE_ASSIGNMENT((#13942));
#13942 = SURFACE_STYLE_USAGE(.BOTH.,#13943);
#13943 = SURFACE_SIDE_STYLE('',(#13944));
#13944 = SURFACE_STYLE_FILL_AREA(#13945);
#13945 = FILL_AREA_STYLE('',(#13946));
#13946 = FILL_AREA_STYLE_COLOUR('',#11832);
#13947 = OVER_RIDING_STYLED_ITEM('overriding color',(#13948),#9773,
  #13898);
#13948 = PRESENTATION_STYLE_ASSIGNMENT((#13949));
#13949 = SURFACE_STYLE_USAGE(.BOTH.,#13950);
#13950 = SURFACE_SIDE_STYLE('',(#13951));
#13951 = SURFACE_STYLE_FILL_AREA(#13952);
#13952 = FILL_AREA_STYLE('',(#13953));
#13953 = FILL_AREA_STYLE_COLOUR('',#11832);
#13954 = OVER_RIDING_STYLED_ITEM('overriding color',(#13955),#9793,
  #13898);
#13955 = PRESENTATION_STYLE_ASSIGNMENT((#13956));
#13956 = SURFACE_STYLE_USAGE(.BOTH.,#13957);
#13957 = SURFACE_SIDE_STYLE('',(#13958));
#13958 = SURFACE_STYLE_FILL_AREA(#13959);
#13959 = FILL_AREA_STYLE('',(#13960));
#13960 = FILL_AREA_STYLE_COLOUR('',#11832);
#13961 = OVER_RIDING_STYLED_ITEM('overriding color',(#13962),#9809,
  #13898);
#13962 = PRESENTATION_STYLE_ASSIGNMENT((#13963));
#13963 = SURFACE_STYLE_USAGE(.BOTH.,#13964);
#13964 = SURFACE_SIDE_STYLE('',(#13965));
#13965 = SURFACE_STYLE_FILL_AREA(#13966);
#13966 = FILL_AREA_STYLE('',(#13967));
#13967 = FILL_AREA_STYLE_COLOUR('',#11832);
#13968 = OVER_RIDING_STYLED_ITEM('overriding color',(#13969),#9821,
  #13898);
#13969 = PRESENTATION_STYLE_ASSIGNMENT((#13970));
#13970 = SURFACE_STYLE_USAGE(.BOTH.,#13971);
#13971 = SURFACE_SIDE_STYLE('',(#13972));
#13972 = SURFACE_STYLE_FILL_AREA(#13973);
#13973 = FILL_AREA_STYLE('',(#13974));
#13974 = FILL_AREA_STYLE_COLOUR('',#11832);
#13975 = OVER_RIDING_STYLED_ITEM('overriding color',(#13976),#9841,
  #13898);
#13976 = PRESENTATION_STYLE_ASSIGNMENT((#13977));
#13977 = SURFACE_STYLE_USAGE(.BOTH.,#13978);
#13978 = SURFACE_SIDE_STYLE('',(#13979));
#13979 = SURFACE_STYLE_FILL_AREA(#13980);
#13980 = FILL_AREA_STYLE('',(#13981));
#13981 = FILL_AREA_STYLE_COLOUR('',#11832);
#13982 = OVER_RIDING_STYLED_ITEM('overriding color',(#13983),#9857,
  #13898);
#13983 = PRESENTATION_STYLE_ASSIGNMENT((#13984));
#13984 = SURFACE_STYLE_USAGE(.BOTH.,#13985);
#13985 = SURFACE_SIDE_STYLE('',(#13986));
#13986 = SURFACE_STYLE_FILL_AREA(#13987);
#13987 = FILL_AREA_STYLE('',(#13988));
#13988 = FILL_AREA_STYLE_COLOUR('',#11832);
#13989 = OVER_RIDING_STYLED_ITEM('overriding color',(#13990),#9873,
  #13898);
#13990 = PRESENTATION_STYLE_ASSIGNMENT((#13991));
#13991 = SURFACE_STYLE_USAGE(.BOTH.,#13992);
#13992 = SURFACE_SIDE_STYLE('',(#13993));
#13993 = SURFACE_STYLE_FILL_AREA(#13994);
#13994 = FILL_AREA_STYLE('',(#13995));
#13995 = FILL_AREA_STYLE_COLOUR('',#11832);
#13996 = OVER_RIDING_STYLED_ITEM('overriding color',(#13997),#9893,
  #13898);
#13997 = PRESENTATION_STYLE_ASSIGNMENT((#13998));
#13998 = SURFACE_STYLE_USAGE(.BOTH.,#13999);
#13999 = SURFACE_SIDE_STYLE('',(#14000));
#14000 = SURFACE_STYLE_FILL_AREA(#14001);
#14001 = FILL_AREA_STYLE('',(#14002));
#14002 = FILL_AREA_STYLE_COLOUR('',#11832);
#14003 = OVER_RIDING_STYLED_ITEM('overriding color',(#14004),#9913,
  #13898);
#14004 = PRESENTATION_STYLE_ASSIGNMENT((#14005));
#14005 = SURFACE_STYLE_USAGE(.BOTH.,#14006);
#14006 = SURFACE_SIDE_STYLE('',(#14007));
#14007 = SURFACE_STYLE_FILL_AREA(#14008);
#14008 = FILL_AREA_STYLE('',(#14009));
#14009 = FILL_AREA_STYLE_COLOUR('',#11832);
#14010 = OVER_RIDING_STYLED_ITEM('overriding color',(#14011),#9933,
  #13898);
#14011 = PRESENTATION_STYLE_ASSIGNMENT((#14012));
#14012 = SURFACE_STYLE_USAGE(.BOTH.,#14013);
#14013 = SURFACE_SIDE_STYLE('',(#14014));
#14014 = SURFACE_STYLE_FILL_AREA(#14015);
#14015 = FILL_AREA_STYLE('',(#14016));
#14016 = FILL_AREA_STYLE_COLOUR('',#11832);
#14017 = STYLED_ITEM('color',(#14018),#9949);
#14018 = PRESENTATION_STYLE_ASSIGNMENT((#14019));
#14019 = SURFACE_STYLE_USAGE(.BOTH.,#14020);
#14020 = SURFACE_SIDE_STYLE('',(#14021));
#14021 = SURFACE_STYLE_FILL_AREA(#14022);
#14022 = FILL_AREA_STYLE('',(#14023));
#14023 = FILL_AREA_STYLE_COLOUR('',#11745);
#14024 = OVER_RIDING_STYLED_ITEM('overriding color',(#14025),#9951,
  #14017);
#14025 = PRESENTATION_STYLE_ASSIGNMENT((#14026));
#14026 = SURFACE_STYLE_USAGE(.BOTH.,#14027);
#14027 = SURFACE_SIDE_STYLE('',(#14028));
#14028 = SURFACE_STYLE_FILL_AREA(#14029);
#14029 = FILL_AREA_STYLE('',(#14030));
#14030 = FILL_AREA_STYLE_COLOUR('',#11832);
#14031 = OVER_RIDING_STYLED_ITEM('overriding color',(#14032),#10063,
  #14017);
#14032 = PRESENTATION_STYLE_ASSIGNMENT((#14033));
#14033 = SURFACE_STYLE_USAGE(.BOTH.,#14034);
#14034 = SURFACE_SIDE_STYLE('',(#14035));
#14035 = SURFACE_STYLE_FILL_AREA(#14036);
#14036 = FILL_AREA_STYLE('',(#14037));
#14037 = FILL_AREA_STYLE_COLOUR('',#11832);
#14038 = OVER_RIDING_STYLED_ITEM('overriding color',(#14039),#10175,
  #14017);
#14039 = PRESENTATION_STYLE_ASSIGNMENT((#14040));
#14040 = SURFACE_STYLE_USAGE(.BOTH.,#14041);
#14041 = SURFACE_SIDE_STYLE('',(#14042));
#14042 = SURFACE_STYLE_FILL_AREA(#14043);
#14043 = FILL_AREA_STYLE('',(#14044));
#14044 = FILL_AREA_STYLE_COLOUR('',#11832);
#14045 = OVER_RIDING_STYLED_ITEM('overriding color',(#14046),#10195,
  #14017);
#14046 = PRESENTATION_STYLE_ASSIGNMENT((#14047));
#14047 = SURFACE_STYLE_USAGE(.BOTH.,#14048);
#14048 = SURFACE_SIDE_STYLE('',(#14049));
#14049 = SURFACE_STYLE_FILL_AREA(#14050);
#14050 = FILL_AREA_STYLE('',(#14051));
#14051 = FILL_AREA_STYLE_COLOUR('',#11832);
#14052 = OVER_RIDING_STYLED_ITEM('overriding color',(#14053),#10211,
  #14017);
#14053 = PRESENTATION_STYLE_ASSIGNMENT((#14054));
#14054 = SURFACE_STYLE_USAGE(.BOTH.,#14055);
#14055 = SURFACE_SIDE_STYLE('',(#14056));
#14056 = SURFACE_STYLE_FILL_AREA(#14057);
#14057 = FILL_AREA_STYLE('',(#14058));
#14058 = FILL_AREA_STYLE_COLOUR('',#11832);
#14059 = OVER_RIDING_STYLED_ITEM('overriding color',(#14060),#10227,
  #14017);
#14060 = PRESENTATION_STYLE_ASSIGNMENT((#14061));
#14061 = SURFACE_STYLE_USAGE(.BOTH.,#14062);
#14062 = SURFACE_SIDE_STYLE('',(#14063));
#14063 = SURFACE_STYLE_FILL_AREA(#14064);
#14064 = FILL_AREA_STYLE('',(#14065));
#14065 = FILL_AREA_STYLE_COLOUR('',#11832);
#14066 = OVER_RIDING_STYLED_ITEM('overriding color',(#14067),#10243,
  #14017);
#14067 = PRESENTATION_STYLE_ASSIGNMENT((#14068));
#14068 = SURFACE_STYLE_USAGE(.BOTH.,#14069);
#14069 = SURFACE_SIDE_STYLE('',(#14070));
#14070 = SURFACE_STYLE_FILL_AREA(#14071);
#14071 = FILL_AREA_STYLE('',(#14072));
#14072 = FILL_AREA_STYLE_COLOUR('',#11832);
#14073 = OVER_RIDING_STYLED_ITEM('overriding color',(#14074),#10259,
  #14017);
#14074 = PRESENTATION_STYLE_ASSIGNMENT((#14075));
#14075 = SURFACE_STYLE_USAGE(.BOTH.,#14076);
#14076 = SURFACE_SIDE_STYLE('',(#14077));
#14077 = SURFACE_STYLE_FILL_AREA(#14078);
#14078 = FILL_AREA_STYLE('',(#14079));
#14079 = FILL_AREA_STYLE_COLOUR('',#11832);
#14080 = OVER_RIDING_STYLED_ITEM('overriding color',(#14081),#10275,
  #14017);
#14081 = PRESENTATION_STYLE_ASSIGNMENT((#14082));
#14082 = SURFACE_STYLE_USAGE(.BOTH.,#14083);
#14083 = SURFACE_SIDE_STYLE('',(#14084));
#14084 = SURFACE_STYLE_FILL_AREA(#14085);
#14085 = FILL_AREA_STYLE('',(#14086));
#14086 = FILL_AREA_STYLE_COLOUR('',#11832);
#14087 = OVER_RIDING_STYLED_ITEM('overriding color',(#14088),#10291,
  #14017);
#14088 = PRESENTATION_STYLE_ASSIGNMENT((#14089));
#14089 = SURFACE_STYLE_USAGE(.BOTH.,#14090);
#14090 = SURFACE_SIDE_STYLE('',(#14091));
#14091 = SURFACE_STYLE_FILL_AREA(#14092);
#14092 = FILL_AREA_STYLE('',(#14093));
#14093 = FILL_AREA_STYLE_COLOUR('',#11832);
#14094 = OVER_RIDING_STYLED_ITEM('overriding color',(#14095),#10303,
  #14017);
#14095 = PRESENTATION_STYLE_ASSIGNMENT((#14096));
#14096 = SURFACE_STYLE_USAGE(.BOTH.,#14097);
#14097 = SURFACE_SIDE_STYLE('',(#14098));
#14098 = SURFACE_STYLE_FILL_AREA(#14099);
#14099 = FILL_AREA_STYLE('',(#14100));
#14100 = FILL_AREA_STYLE_COLOUR('',#11832);
#14101 = OVER_RIDING_STYLED_ITEM('overriding color',(#14102),#10323,
  #14017);
#14102 = PRESENTATION_STYLE_ASSIGNMENT((#14103));
#14103 = SURFACE_STYLE_USAGE(.BOTH.,#14104);
#14104 = SURFACE_SIDE_STYLE('',(#14105));
#14105 = SURFACE_STYLE_FILL_AREA(#14106);
#14106 = FILL_AREA_STYLE('',(#14107));
#14107 = FILL_AREA_STYLE_COLOUR('',#11832);
#14108 = OVER_RIDING_STYLED_ITEM('overriding color',(#14109),#10339,
  #14017);
#14109 = PRESENTATION_STYLE_ASSIGNMENT((#14110));
#14110 = SURFACE_STYLE_USAGE(.BOTH.,#14111);
#14111 = SURFACE_SIDE_STYLE('',(#14112));
#14112 = SURFACE_STYLE_FILL_AREA(#14113);
#14113 = FILL_AREA_STYLE('',(#14114));
#14114 = FILL_AREA_STYLE_COLOUR('',#11832);
#14115 = OVER_RIDING_STYLED_ITEM('overriding color',(#14116),#10359,
  #14017);
#14116 = PRESENTATION_STYLE_ASSIGNMENT((#14117));
#14117 = SURFACE_STYLE_USAGE(.BOTH.,#14118);
#14118 = SURFACE_SIDE_STYLE('',(#14119));
#14119 = SURFACE_STYLE_FILL_AREA(#14120);
#14120 = FILL_AREA_STYLE('',(#14121));
#14121 = FILL_AREA_STYLE_COLOUR('',#11832);
#14122 = OVER_RIDING_STYLED_ITEM('overriding color',(#14123),#10375,
  #14017);
#14123 = PRESENTATION_STYLE_ASSIGNMENT((#14124));
#14124 = SURFACE_STYLE_USAGE(.BOTH.,#14125);
#14125 = SURFACE_SIDE_STYLE('',(#14126));
#14126 = SURFACE_STYLE_FILL_AREA(#14127);
#14127 = FILL_AREA_STYLE('',(#14128));
#14128 = FILL_AREA_STYLE_COLOUR('',#11832);
#14129 = OVER_RIDING_STYLED_ITEM('overriding color',(#14130),#10395,
  #14017);
#14130 = PRESENTATION_STYLE_ASSIGNMENT((#14131));
#14131 = SURFACE_STYLE_USAGE(.BOTH.,#14132);
#14132 = SURFACE_SIDE_STYLE('',(#14133));
#14133 = SURFACE_STYLE_FILL_AREA(#14134);
#14134 = FILL_AREA_STYLE('',(#14135));
#14135 = FILL_AREA_STYLE_COLOUR('',#11832);
#14136 = STYLED_ITEM('color',(#14137),#10407);
#14137 = PRESENTATION_STYLE_ASSIGNMENT((#14138));
#14138 = SURFACE_STYLE_USAGE(.BOTH.,#14139);
#14139 = SURFACE_SIDE_STYLE('',(#14140));
#14140 = SURFACE_STYLE_FILL_AREA(#14141);
#14141 = FILL_AREA_STYLE('',(#14142));
#14142 = FILL_AREA_STYLE_COLOUR('',#11745);
#14143 = OVER_RIDING_STYLED_ITEM('overriding color',(#14144),#10409,
  #14136);
#14144 = PRESENTATION_STYLE_ASSIGNMENT((#14145));
#14145 = SURFACE_STYLE_USAGE(.BOTH.,#14146);
#14146 = SURFACE_SIDE_STYLE('',(#14147));
#14147 = SURFACE_STYLE_FILL_AREA(#14148);
#14148 = FILL_AREA_STYLE('',(#14149));
#14149 = FILL_AREA_STYLE_COLOUR('',#11832);
#14150 = OVER_RIDING_STYLED_ITEM('overriding color',(#14151),#10729,
  #14136);
#14151 = PRESENTATION_STYLE_ASSIGNMENT((#14152));
#14152 = SURFACE_STYLE_USAGE(.BOTH.,#14153);
#14153 = SURFACE_SIDE_STYLE('',(#14154));
#14154 = SURFACE_STYLE_FILL_AREA(#14155);
#14155 = FILL_AREA_STYLE('',(#14156));
#14156 = FILL_AREA_STYLE_COLOUR('',#11832);
#14157 = OVER_RIDING_STYLED_ITEM('overriding color',(#14158),#11049,
  #14136);
#14158 = PRESENTATION_STYLE_ASSIGNMENT((#14159));
#14159 = SURFACE_STYLE_USAGE(.BOTH.,#14160);
#14160 = SURFACE_SIDE_STYLE('',(#14161));
#14161 = SURFACE_STYLE_FILL_AREA(#14162);
#14162 = FILL_AREA_STYLE('',(#14163));
#14163 = FILL_AREA_STYLE_COLOUR('',#11832);
#14164 = OVER_RIDING_STYLED_ITEM('overriding color',(#14165),#11073,
  #14136);
#14165 = PRESENTATION_STYLE_ASSIGNMENT((#14166));
#14166 = SURFACE_STYLE_USAGE(.BOTH.,#14167);
#14167 = SURFACE_SIDE_STYLE('',(#14168));
#14168 = SURFACE_STYLE_FILL_AREA(#14169);
#14169 = FILL_AREA_STYLE('',(#14170));
#14170 = FILL_AREA_STYLE_COLOUR('',#11832);
#14171 = OVER_RIDING_STYLED_ITEM('overriding color',(#14172),#11093,
  #14136);
#14172 = PRESENTATION_STYLE_ASSIGNMENT((#14173));
#14173 = SURFACE_STYLE_USAGE(.BOTH.,#14174);
#14174 = SURFACE_SIDE_STYLE('',(#14175));
#14175 = SURFACE_STYLE_FILL_AREA(#14176);
#14176 = FILL_AREA_STYLE('',(#14177));
#14177 = FILL_AREA_STYLE_COLOUR('',#11832);
#14178 = OVER_RIDING_STYLED_ITEM('overriding color',(#14179),#11113,
  #14136);
#14179 = PRESENTATION_STYLE_ASSIGNMENT((#14180));
#14180 = SURFACE_STYLE_USAGE(.BOTH.,#14181);
#14181 = SURFACE_SIDE_STYLE('',(#14182));
#14182 = SURFACE_STYLE_FILL_AREA(#14183);
#14183 = FILL_AREA_STYLE('',(#14184));
#14184 = FILL_AREA_STYLE_COLOUR('',#11832);
#14185 = OVER_RIDING_STYLED_ITEM('overriding color',(#14186),#11133,
  #14136);
#14186 = PRESENTATION_STYLE_ASSIGNMENT((#14187));
#14187 = SURFACE_STYLE_USAGE(.BOTH.,#14188);
#14188 = SURFACE_SIDE_STYLE('',(#14189));
#14189 = SURFACE_STYLE_FILL_AREA(#14190);
#14190 = FILL_AREA_STYLE('',(#14191));
#14191 = FILL_AREA_STYLE_COLOUR('',#11832);
#14192 = OVER_RIDING_STYLED_ITEM('overriding color',(#14193),#11153,
  #14136);
#14193 = PRESENTATION_STYLE_ASSIGNMENT((#14194));
#14194 = SURFACE_STYLE_USAGE(.BOTH.,#14195);
#14195 = SURFACE_SIDE_STYLE('',(#14196));
#14196 = SURFACE_STYLE_FILL_AREA(#14197);
#14197 = FILL_AREA_STYLE('',(#14198));
#14198 = FILL_AREA_STYLE_COLOUR('',#11832);
#14199 = OVER_RIDING_STYLED_ITEM('overriding color',(#14200),#11173,
  #14136);
#14200 = PRESENTATION_STYLE_ASSIGNMENT((#14201));
#14201 = SURFACE_STYLE_USAGE(.BOTH.,#14202);
#14202 = SURFACE_SIDE_STYLE('',(#14203));
#14203 = SURFACE_STYLE_FILL_AREA(#14204);
#14204 = FILL_AREA_STYLE('',(#14205));
#14205 = FILL_AREA_STYLE_COLOUR('',#11832);
#14206 = OVER_RIDING_STYLED_ITEM('overriding color',(#14207),#11193,
  #14136);
#14207 = PRESENTATION_STYLE_ASSIGNMENT((#14208));
#14208 = SURFACE_STYLE_USAGE(.BOTH.,#14209);
#14209 = SURFACE_SIDE_STYLE('',(#14210));
#14210 = SURFACE_STYLE_FILL_AREA(#14211);
#14211 = FILL_AREA_STYLE('',(#14212));
#14212 = FILL_AREA_STYLE_COLOUR('',#11832);
#14213 = OVER_RIDING_STYLED_ITEM('overriding color',(#14214),#11213,
  #14136);
#14214 = PRESENTATION_STYLE_ASSIGNMENT((#14215));
#14215 = SURFACE_STYLE_USAGE(.BOTH.,#14216);
#14216 = SURFACE_SIDE_STYLE('',(#14217));
#14217 = SURFACE_STYLE_FILL_AREA(#14218);
#14218 = FILL_AREA_STYLE('',(#14219));
#14219 = FILL_AREA_STYLE_COLOUR('',#11832);
#14220 = OVER_RIDING_STYLED_ITEM('overriding color',(#14221),#11233,
  #14136);
#14221 = PRESENTATION_STYLE_ASSIGNMENT((#14222));
#14222 = SURFACE_STYLE_USAGE(.BOTH.,#14223);
#14223 = SURFACE_SIDE_STYLE('',(#14224));
#14224 = SURFACE_STYLE_FILL_AREA(#14225);
#14225 = FILL_AREA_STYLE('',(#14226));
#14226 = FILL_AREA_STYLE_COLOUR('',#11832);
#14227 = OVER_RIDING_STYLED_ITEM('overriding color',(#14228),#11253,
  #14136);
#14228 = PRESENTATION_STYLE_ASSIGNMENT((#14229));
#14229 = SURFACE_STYLE_USAGE(.BOTH.,#14230);
#14230 = SURFACE_SIDE_STYLE('',(#14231));
#14231 = SURFACE_STYLE_FILL_AREA(#14232);
#14232 = FILL_AREA_STYLE('',(#14233));
#14233 = FILL_AREA_STYLE_COLOUR('',#11832);
#14234 = OVER_RIDING_STYLED_ITEM('overriding color',(#14235),#11273,
  #14136);
#14235 = PRESENTATION_STYLE_ASSIGNMENT((#14236));
#14236 = SURFACE_STYLE_USAGE(.BOTH.,#14237);
#14237 = SURFACE_SIDE_STYLE('',(#14238));
#14238 = SURFACE_STYLE_FILL_AREA(#14239);
#14239 = FILL_AREA_STYLE('',(#14240));
#14240 = FILL_AREA_STYLE_COLOUR('',#11832);
#14241 = OVER_RIDING_STYLED_ITEM('overriding color',(#14242),#11293,
  #14136);
#14242 = PRESENTATION_STYLE_ASSIGNMENT((#14243));
#14243 = SURFACE_STYLE_USAGE(.BOTH.,#14244);
#14244 = SURFACE_SIDE_STYLE('',(#14245));
#14245 = SURFACE_STYLE_FILL_AREA(#14246);
#14246 = FILL_AREA_STYLE('',(#14247));
#14247 = FILL_AREA_STYLE_COLOUR('',#11832);
#14248 = OVER_RIDING_STYLED_ITEM('overriding color',(#14249),#11309,
  #14136);
#14249 = PRESENTATION_STYLE_ASSIGNMENT((#14250));
#14250 = SURFACE_STYLE_USAGE(.BOTH.,#14251);
#14251 = SURFACE_SIDE_STYLE('',(#14252));
#14252 = SURFACE_STYLE_FILL_AREA(#14253);
#14253 = FILL_AREA_STYLE('',(#14254));
#14254 = FILL_AREA_STYLE_COLOUR('',#11832);
#14255 = OVER_RIDING_STYLED_ITEM('overriding color',(#14256),#11325,
  #14136);
#14256 = PRESENTATION_STYLE_ASSIGNMENT((#14257));
#14257 = SURFACE_STYLE_USAGE(.BOTH.,#14258);
#14258 = SURFACE_SIDE_STYLE('',(#14259));
#14259 = SURFACE_STYLE_FILL_AREA(#14260);
#14260 = FILL_AREA_STYLE('',(#14261));
#14261 = FILL_AREA_STYLE_COLOUR('',#11832);
#14262 = OVER_RIDING_STYLED_ITEM('overriding color',(#14263),#11341,
  #14136);
#14263 = PRESENTATION_STYLE_ASSIGNMENT((#14264));
#14264 = SURFACE_STYLE_USAGE(.BOTH.,#14265);
#14265 = SURFACE_SIDE_STYLE('',(#14266));
#14266 = SURFACE_STYLE_FILL_AREA(#14267);
#14267 = FILL_AREA_STYLE('',(#14268));
#14268 = FILL_AREA_STYLE_COLOUR('',#11832);
#14269 = OVER_RIDING_STYLED_ITEM('overriding color',(#14270),#11357,
  #14136);
#14270 = PRESENTATION_STYLE_ASSIGNMENT((#14271));
#14271 = SURFACE_STYLE_USAGE(.BOTH.,#14272);
#14272 = SURFACE_SIDE_STYLE('',(#14273));
#14273 = SURFACE_STYLE_FILL_AREA(#14274);
#14274 = FILL_AREA_STYLE('',(#14275));
#14275 = FILL_AREA_STYLE_COLOUR('',#11832);
#14276 = OVER_RIDING_STYLED_ITEM('overriding color',(#14277),#11377,
  #14136);
#14277 = PRESENTATION_STYLE_ASSIGNMENT((#14278));
#14278 = SURFACE_STYLE_USAGE(.BOTH.,#14279);
#14279 = SURFACE_SIDE_STYLE('',(#14280));
#14280 = SURFACE_STYLE_FILL_AREA(#14281);
#14281 = FILL_AREA_STYLE('',(#14282));
#14282 = FILL_AREA_STYLE_COLOUR('',#11832);
#14283 = OVER_RIDING_STYLED_ITEM('overriding color',(#14284),#11397,
  #14136);
#14284 = PRESENTATION_STYLE_ASSIGNMENT((#14285));
#14285 = SURFACE_STYLE_USAGE(.BOTH.,#14286);
#14286 = SURFACE_SIDE_STYLE('',(#14287));
#14287 = SURFACE_STYLE_FILL_AREA(#14288);
#14288 = FILL_AREA_STYLE('',(#14289));
#14289 = FILL_AREA_STYLE_COLOUR('',#11832);
#14290 = OVER_RIDING_STYLED_ITEM('overriding color',(#14291),#11417,
  #14136);
#14291 = PRESENTATION_STYLE_ASSIGNMENT((#14292));
#14292 = SURFACE_STYLE_USAGE(.BOTH.,#14293);
#14293 = SURFACE_SIDE_STYLE('',(#14294));
#14294 = SURFACE_STYLE_FILL_AREA(#14295);
#14295 = FILL_AREA_STYLE('',(#14296));
#14296 = FILL_AREA_STYLE_COLOUR('',#11832);
#14297 = OVER_RIDING_STYLED_ITEM('overriding color',(#14298),#11437,
  #14136);
#14298 = PRESENTATION_STYLE_ASSIGNMENT((#14299));
#14299 = SURFACE_STYLE_USAGE(.BOTH.,#14300);
#14300 = SURFACE_SIDE_STYLE('',(#14301));
#14301 = SURFACE_STYLE_FILL_AREA(#14302);
#14302 = FILL_AREA_STYLE('',(#14303));
#14303 = FILL_AREA_STYLE_COLOUR('',#11832);
#14304 = OVER_RIDING_STYLED_ITEM('overriding color',(#14305),#11457,
  #14136);
#14305 = PRESENTATION_STYLE_ASSIGNMENT((#14306));
#14306 = SURFACE_STYLE_USAGE(.BOTH.,#14307);
#14307 = SURFACE_SIDE_STYLE('',(#14308));
#14308 = SURFACE_STYLE_FILL_AREA(#14309);
#14309 = FILL_AREA_STYLE('',(#14310));
#14310 = FILL_AREA_STYLE_COLOUR('',#11832);
#14311 = OVER_RIDING_STYLED_ITEM('overriding color',(#14312),#11477,
  #14136);
#14312 = PRESENTATION_STYLE_ASSIGNMENT((#14313));
#14313 = SURFACE_STYLE_USAGE(.BOTH.,#14314);
#14314 = SURFACE_SIDE_STYLE('',(#14315));
#14315 = SURFACE_STYLE_FILL_AREA(#14316);
#14316 = FILL_AREA_STYLE('',(#14317));
#14317 = FILL_AREA_STYLE_COLOUR('',#11832);
#14318 = OVER_RIDING_STYLED_ITEM('overriding color',(#14319),#11497,
  #14136);
#14319 = PRESENTATION_STYLE_ASSIGNMENT((#14320));
#14320 = SURFACE_STYLE_USAGE(.BOTH.,#14321);
#14321 = SURFACE_SIDE_STYLE('',(#14322));
#14322 = SURFACE_STYLE_FILL_AREA(#14323);
#14323 = FILL_AREA_STYLE('',(#14324));
#14324 = FILL_AREA_STYLE_COLOUR('',#11832);
#14325 = OVER_RIDING_STYLED_ITEM('overriding color',(#14326),#11513,
  #14136);
#14326 = PRESENTATION_STYLE_ASSIGNMENT((#14327));
#14327 = SURFACE_STYLE_USAGE(.BOTH.,#14328);
#14328 = SURFACE_SIDE_STYLE('',(#14329));
#14329 = SURFACE_STYLE_FILL_AREA(#14330);
#14330 = FILL_AREA_STYLE('',(#14331));
#14331 = FILL_AREA_STYLE_COLOUR('',#11832);
#14332 = OVER_RIDING_STYLED_ITEM('overriding color',(#14333),#11533,
  #14136);
#14333 = PRESENTATION_STYLE_ASSIGNMENT((#14334));
#14334 = SURFACE_STYLE_USAGE(.BOTH.,#14335);
#14335 = SURFACE_SIDE_STYLE('',(#14336));
#14336 = SURFACE_STYLE_FILL_AREA(#14337);
#14337 = FILL_AREA_STYLE('',(#14338));
#14338 = FILL_AREA_STYLE_COLOUR('',#11832);
#14339 = OVER_RIDING_STYLED_ITEM('overriding color',(#14340),#11553,
  #14136);
#14340 = PRESENTATION_STYLE_ASSIGNMENT((#14341));
#14341 = SURFACE_STYLE_USAGE(.BOTH.,#14342);
#14342 = SURFACE_SIDE_STYLE('',(#14343));
#14343 = SURFACE_STYLE_FILL_AREA(#14344);
#14344 = FILL_AREA_STYLE('',(#14345));
#14345 = FILL_AREA_STYLE_COLOUR('',#11832);
#14346 = OVER_RIDING_STYLED_ITEM('overriding color',(#14347),#11569,
  #14136);
#14347 = PRESENTATION_STYLE_ASSIGNMENT((#14348));
#14348 = SURFACE_STYLE_USAGE(.BOTH.,#14349);
#14349 = SURFACE_SIDE_STYLE('',(#14350));
#14350 = SURFACE_STYLE_FILL_AREA(#14351);
#14351 = FILL_AREA_STYLE('',(#14352));
#14352 = FILL_AREA_STYLE_COLOUR('',#11832);
#14353 = OVER_RIDING_STYLED_ITEM('overriding color',(#14354),#11589,
  #14136);
#14354 = PRESENTATION_STYLE_ASSIGNMENT((#14355));
#14355 = SURFACE_STYLE_USAGE(.BOTH.,#14356);
#14356 = SURFACE_SIDE_STYLE('',(#14357));
#14357 = SURFACE_STYLE_FILL_AREA(#14358);
#14358 = FILL_AREA_STYLE('',(#14359));
#14359 = FILL_AREA_STYLE_COLOUR('',#11832);
#14360 = OVER_RIDING_STYLED_ITEM('overriding color',(#14361),#11609,
  #14136);
#14361 = PRESENTATION_STYLE_ASSIGNMENT((#14362));
#14362 = SURFACE_STYLE_USAGE(.BOTH.,#14363);
#14363 = SURFACE_SIDE_STYLE('',(#14364));
#14364 = SURFACE_STYLE_FILL_AREA(#14365);
#14365 = FILL_AREA_STYLE('',(#14366));
#14366 = FILL_AREA_STYLE_COLOUR('',#11832);
#14367 = OVER_RIDING_STYLED_ITEM('overriding color',(#14368),#11629,
  #14136);
#14368 = PRESENTATION_STYLE_ASSIGNMENT((#14369));
#14369 = SURFACE_STYLE_USAGE(.BOTH.,#14370);
#14370 = SURFACE_SIDE_STYLE('',(#14371));
#14371 = SURFACE_STYLE_FILL_AREA(#14372);
#14372 = FILL_AREA_STYLE('',(#14373));
#14373 = FILL_AREA_STYLE_COLOUR('',#11832);
#14374 = OVER_RIDING_STYLED_ITEM('overriding color',(#14375),#11645,
  #14136);
#14375 = PRESENTATION_STYLE_ASSIGNMENT((#14376));
#14376 = SURFACE_STYLE_USAGE(.BOTH.,#14377);
#14377 = SURFACE_SIDE_STYLE('',(#14378));
#14378 = SURFACE_STYLE_FILL_AREA(#14379);
#14379 = FILL_AREA_STYLE('',(#14380));
#14380 = FILL_AREA_STYLE_COLOUR('',#11832);
#14381 = OVER_RIDING_STYLED_ITEM('overriding color',(#14382),#11665,
  #14136);
#14382 = PRESENTATION_STYLE_ASSIGNMENT((#14383));
#14383 = SURFACE_STYLE_USAGE(.BOTH.,#14384);
#14384 = SURFACE_SIDE_STYLE('',(#14385));
#14385 = SURFACE_STYLE_FILL_AREA(#14386);
#14386 = FILL_AREA_STYLE('',(#14387));
#14387 = FILL_AREA_STYLE_COLOUR('',#11832);
#14388 = OVER_RIDING_STYLED_ITEM('overriding color',(#14389),#11681,
  #14136);
#14389 = PRESENTATION_STYLE_ASSIGNMENT((#14390));
#14390 = SURFACE_STYLE_USAGE(.BOTH.,#14391);
#14391 = SURFACE_SIDE_STYLE('',(#14392));
#14392 = SURFACE_STYLE_FILL_AREA(#14393);
#14393 = FILL_AREA_STYLE('',(#14394));
#14394 = FILL_AREA_STYLE_COLOUR('',#11832);
#14395 = OVER_RIDING_STYLED_ITEM('overriding color',(#14396),#11711,
  #14136);
#14396 = PRESENTATION_STYLE_ASSIGNMENT((#14397));
#14397 = SURFACE_STYLE_USAGE(.BOTH.,#14398);
#14398 = SURFACE_SIDE_STYLE('',(#14399));
#14399 = SURFACE_STYLE_FILL_AREA(#14400);
#14400 = FILL_AREA_STYLE('',(#14401));
#14401 = FILL_AREA_STYLE_COLOUR('',#11832);
ENDSEC;
END-ISO-10303-21;
